portfolio_row_id,No,pm2.5,year,month,day,hour,DEWP,TEMP,PRES,cbwd,Iws,Is,Ir
1,40833,68,2014,8,29,8,18,21.0,1016.0,cv,0.89,0,0
2,28328,196,2013,3,26,7,-3,0.0,1017.0,cv,0.89,0,0
3,13678,51,2011,7,24,21,23,24.0,1001.0,NE,4.92,0,9
4,6569,234,2010,10,1,16,16,23.0,1016.0,cv,1.78,0,0
5,8758,19,2010,12,31,21,-21,-6.0,1031.0,NW,552.53,0,0
6,34562,8,2013,12,11,1,-19,0.0,1023.0,NW,149.3,0,0
7,30001,166,2013,6,4,0,13,22.0,1007.0,SE,1.79,0,0
8,42179,199,2014,10,24,10,10,14.0,1013.0,NW,18.79,0,0
9,34815,34,2013,12,21,14,-21,2.0,1033.0,cv,1.79,0,0
10,2986,261,2010,5,5,9,15,17.0,998.0,SE,73.76,0,0
11,37210,199,2014,3,31,9,4,16.0,1017.0,cv,1.78,0,0
12,13377,128,2011,7,12,8,22,25.0,1009.0,SE,8.05,0,0
13,18913,267,2012,2,28,0,-8,-1.0,1021.0,cv,3.56,0,0
14,6028,122,2010,9,9,3,14,18.0,1013.0,SE,13.86,0,0
15,11381,87,2011,4,20,4,2,9.0,1010.0,cv,1.78,0,0
16,2882,70,2010,5,1,1,0,13.0,1009.0,SE,0.89,0,0
17,40042,113,2014,7,27,9,18,28.0,1010.0,cv,0.89,0,0
18,32308,95,2013,9,8,3,15,17.0,1017.0,cv,3.56,0,0
19,5439,,2010,8,15,14,10,33.0,1004.0,SE,4.02,0,0
20,40820,99,2014,8,28,19,21,24.0,1013.0,SE,4.47,0,5
21,33948,70,2013,11,15,11,-12,12.0,1018.0,NW,3.58,0,0
22,12677,95,2011,6,13,4,17,19.0,1007.0,SE,1.79,0,0
23,39883,69,2014,7,20,18,22,35.0,1002.0,SE,54.54,0,0
24,30496,126,2013,6,24,15,20,29.0,1001.0,SE,22.34,0,0
25,11662,40,2011,5,1,21,0,23.0,1011.0,SE,12.07,0,0
26,41931,42,2014,10,14,2,2,4.0,1023.0,cv,0.89,0,0
27,16041,264,2011,10,31,8,10,11.0,1023.0,cv,1.78,0,0
28,26551,408,2013,1,11,6,-7,-5.0,1024.0,NW,6.26,0,0
29,36478,171,2014,2,28,21,-7,0.0,1025.0,cv,1.78,0,0
30,14815,11,2011,9,10,6,13,14.0,1025.0,NW,13.86,0,4
31,36119,243,2014,2,13,22,-10,-2.0,1031.0,NE,5.37,0,0
32,1889,37,2010,3,20,16,-17,10.0,1013.0,NW,140.39,0,0
33,2210,53,2010,4,3,1,-9,0.0,1022.0,cv,0.89,0,0
34,42006,101,2014,10,17,5,3,4.0,1017.0,NW,2.68,0,0
35,3496,58,2010,5,26,15,10,30.0,1012.0,SE,35.32,0,0
36,23960,83,2012,9,25,7,16,18.0,1018.0,SE,20.56,0,0
37,16711,148,2011,11,28,6,-2,1.0,1023.0,NW,15.65,0,0
38,4247,102,2010,6,26,22,14,25.0,1006.0,SE,26.82,0,0
39,15554,38,2011,10,11,1,10,16.0,1025.0,SE,1.79,0,0
40,16824,473,2011,12,2,23,-1,0.0,1024.0,cv,1.78,0,0
41,35317,81,2014,1,11,12,-25,1.0,1030.0,NW,5.37,0,0
42,16244,31,2011,11,8,19,3,9.0,1026.0,cv,0.89,0,0
43,31901,144,2013,8,22,4,19,21.0,1008.0,NE,0.89,0,0
44,636,154,2010,1,27,11,-9,3.0,1015.0,NW,1.79,0,0
45,1961,60,2010,3,23,16,-8,13.0,1018.0,SE,46.48,0,0
46,36361,348,2014,2,24,0,-5,2.0,1030.0,NE,0.89,0,0
47,8777,,2011,1,1,16,-18,-1.0,1034.0,NW,46.94,0,0
48,15652,16,2011,10,15,3,3,8.0,1010.0,NW,35.31,0,0
49,41732,17,2014,10,5,19,7,13.0,1025.0,NE,17.43,0,0
50,41479,103,2014,9,25,6,15,16.0,1017.0,cv,0.45,0,0
51,25242,69,2012,11,17,17,-5,7.0,1019.0,SE,5.37,0,0
52,35073,58,2014,1,1,8,-18,6.0,1013.0,NW,21.9,0,0
53,4212,159,2010,6,25,11,15,28.0,1009.0,cv,1.79,0,0
54,39387,59,2014,6,30,2,19,25.0,1006.0,cv,2.23,0,0
55,6114,115,2010,9,12,17,15,31.0,1009.0,SE,9.84,0,0
56,13463,74,2011,7,15,22,21,26.0,1006.0,SE,32.64,0,0
57,34047,23,2013,11,19,14,-19,7.0,1023.0,SE,1.79,0,0
58,20402,112,2012,4,30,1,11,12.0,1011.0,SE,32.19,0,0
59,42362,189,2014,11,1,1,8,9.0,1019.0,cv,0.89,0,0
60,30165,33,2013,6,10,20,15,22.0,1011.0,SE,15.2,0,0
61,25522,72,2012,11,29,9,-10,0.0,1026.0,cv,0.89,0,0
62,7386,39,2010,11,4,17,-2,17.0,1020.0,SE,14.3,0,0
63,5711,22,2010,8,26,22,14,24.0,1014.0,NW,9.39,0,0
64,1197,65,2010,2,19,20,-16,1.0,1015.0,cv,0.89,0,0
65,28814,79,2013,4,15,13,-3,19.0,1002.0,SE,12.96,0,0
66,31045,58,2013,7,17,12,21,31.0,1006.0,cv,2.68,0,0
67,24173,7,2012,10,4,4,7,10.0,1015.0,NW,0.89,0,0
68,30473,40,2013,6,23,16,13,31.0,1001.0,SE,6.26,0,0
69,241,23,2010,1,11,0,-17,-6.0,1035.0,NW,60.36,0,0
70,5565,132,2010,8,20,20,23,26.0,1013.0,SE,23.69,0,0
71,19423,164,2012,3,20,6,-3,-2.0,1024.0,NW,2.68,0,0
72,34343,135,2013,12,1,22,-10,2.0,1021.0,NW,1.79,0,0
73,40183,69,2014,8,2,6,24,25.0,1005.0,cv,1.78,0,0
74,39170,70,2014,6,21,1,18,20.0,1009.0,SE,20.12,0,0
75,25403,90,2012,11,24,10,-6,2.0,1022.0,cv,0.89,0,0
76,2059,61,2010,3,27,18,-8,8.0,1025.0,SE,9.39,0,0
77,3500,48,2010,5,26,19,11,27.0,1013.0,SE,52.31,0,0
78,8402,41,2010,12,17,1,-21,0.0,1012.0,NW,12.07,0,0
79,5529,93,2010,8,19,8,22,23.0,1012.0,NW,17.89,0,0
80,25943,155,2012,12,16,22,-3,-2.0,1029.0,NW,3.13,0,0
81,32254,57,2013,9,5,21,14,19.0,1016.0,SE,28.17,0,0
82,12426,60,2011,6,2,17,5,33.0,1000.0,SE,27.71,0,0
83,18121,176,2012,1,26,0,-19,-10.0,1022.0,NW,1.79,0,0
84,43776,159,2014,12,29,23,-12,-3.0,1016.0,NW,1.79,0,0
85,41786,289,2014,10,8,1,11,12.0,1020.0,cv,3.12,0,0
86,15678,29,2011,10,16,5,3,13.0,1011.0,NW,3.13,0,0
87,5448,,2010,8,15,23,17,23.0,1006.0,cv,1.78,0,0
88,8172,27,2010,12,7,11,-17,6.0,1018.0,SE,1.79,0,0
89,39045,84,2014,6,15,20,18,23.0,1005.0,SE,11.18,0,2
90,27431,241,2013,2,16,22,-4,0.0,1019.0,SE,26.83,0,0
91,2251,43,2010,4,4,18,-10,20.0,1008.0,SE,10.73,0,0
92,28925,80,2013,4,20,4,1,2.0,1022.0,cv,0.89,0,0
93,10730,13,2011,3,24,1,-20,6.0,1025.0,NW,42.91,0,0
94,27347,352,2013,2,13,10,-5,-3.0,1023.0,cv,0.89,0,0
95,36404,501,2014,2,25,19,-3,4.0,1025.0,cv,4.02,0,0
96,35258,52,2014,1,9,1,-23,-10.0,1033.0,NW,1.79,0,0
97,7500,47,2010,11,9,11,-6,5.0,1021.0,NE,1.79,0,0
98,26317,10,2013,1,1,12,-23,-3.0,1023.0,NW,38.0,0,0
99,29153,11,2013,4,29,16,-14,29.0,1008.0,NW,51.42,0,0
100,25016,38,2012,11,8,7,-3,0.0,1020.0,NW,108.65,0,0
101,38466,54,2014,5,22,17,9,34.0,1005.0,SE,43.36,0,0
102,17566,10,2012,1,2,21,-18,-3.0,1031.0,NW,95.22,0,0
103,35919,96,2014,2,5,14,-14,1.0,1027.0,SE,4.02,0,0
104,35086,70,2014,1,1,21,-14,0.0,1017.0,NE,1.79,0,0
105,6949,40,2010,10,17,12,-5,9.0,1030.0,SE,97.44,0,0
106,24146,259,2012,10,3,1,13,13.0,1012.0,NW,3.13,0,0
107,18463,33,2012,2,9,6,-20,-11.0,1026.0,NW,5.81,0,0
108,13663,355,2011,7,24,6,26,27.0,1003.0,SE,3.13,0,0
109,26168,,2012,12,26,7,-20,-17.0,1038.0,NW,4.92,0,0
110,30105,147,2013,6,8,8,18,20.0,1008.0,cv,2.23,0,1
111,7623,22,2010,11,14,14,-8,0.0,1035.0,NW,198.54,0,0
112,30456,51,2013,6,22,23,18,20.0,1007.0,cv,0.89,0,0
113,17188,28,2011,12,18,3,-16,-6.0,1035.0,NW,20.11,0,0
114,29604,150,2013,5,18,11,15,23.0,1007.0,SE,21.01,0,0
115,29686,153,2013,5,21,21,12,24.0,1004.0,SE,10.28,0,0
116,22056,163,2012,7,7,23,21,27.0,1002.0,SE,47.83,0,0
117,30368,89,2013,6,19,7,19,25.0,1003.0,NW,1.79,0,0
118,27694,259,2013,2,27,21,-5,7.0,1014.0,SE,16.55,0,0
119,7405,51,2010,11,5,12,1,18.0,1020.0,cv,0.89,0,0
120,33072,247,2013,10,9,23,11,14.0,1008.0,cv,2.67,0,0
121,18776,174,2012,2,22,7,-3,-1.0,1014.0,cv,0.89,0,0
122,8459,52,2010,12,19,10,-15,8.0,1017.0,NW,34.42,0,0
123,37777,82,2014,4,24,0,11,19.0,1012.0,SE,12.52,0,0
124,34969,30,2013,12,28,0,-20,-6.0,1027.0,NW,3.58,0,0
125,29433,106,2013,5,11,8,8,21.0,995.0,cv,1.78,0,0
126,41485,148,2014,9,25,12,17,20.0,1018.0,SE,3.58,0,0
127,13989,,2011,8,6,20,22,24.0,1007.0,SE,52.29,0,0
128,1738,93,2010,3,14,9,-2,-1.0,1022.0,NW,11.18,3,0
129,37783,107,2014,4,24,6,11,16.0,1013.0,SE,27.72,0,0
130,13060,229,2011,6,29,3,19,23.0,1003.0,cv,1.78,0,0
131,23124,,2012,8,21,11,10,27.0,1015.0,NE,6.26,0,0
132,41440,27,2014,9,23,15,17,18.0,1017.0,cv,1.78,0,17
133,5714,33,2010,8,27,1,15,22.0,1014.0,NW,19.67,0,0
134,680,11,2010,1,29,7,-21,-2.0,1024.0,NW,4.02,0,0
135,32269,69,2013,9,6,12,14,24.0,1016.0,cv,4.47,0,0
136,7200,164,2010,10,27,23,-1,1.0,1029.0,cv,0.89,0,0
137,16100,63,2011,11,2,19,5,12.0,1028.0,cv,0.89,0,0
138,16553,135,2011,11,21,16,-4,7.0,1026.0,SE,6.71,0,0
139,825,27,2010,2,4,8,-17,-10.0,1028.0,NW,8.04,0,0
140,15407,,2011,10,4,22,11,13.0,1017.0,cv,1.78,0,0
141,35554,23,2014,1,21,9,-20,-3.0,1035.0,NE,6.26,0,0
142,28490,13,2013,4,2,1,-13,4.0,1023.0,NW,3.13,0,0
143,15920,98,2011,10,26,7,2,4.0,1025.0,NE,0.89,0,0
144,22856,94,2012,8,10,7,24,24.0,1008.0,cv,0.89,0,0
145,37812,167,2014,4,25,11,11,23.0,1018.0,cv,2.68,0,0
146,14469,108,2011,8,26,20,21,24.0,1015.0,NW,40.68,0,2
147,11335,6,2011,4,18,6,-11,9.0,1017.0,NE,3.58,0,0
148,41634,100,2014,10,1,17,10,11.0,1014.0,NW,16.1,0,5
149,24043,2,2012,9,28,18,-6,20.0,1017.0,NW,219.5,0,0
150,28229,51,2013,3,22,4,-5,2.0,1015.0,NW,8.04,0,0
151,27569,10,2013,2,22,16,-25,7.0,1029.0,NW,22.79,0,0
152,40411,14,2014,8,11,18,12,33.0,1002.0,cv,0.89,0,0
153,34679,98,2013,12,15,22,-16,-5.0,1034.0,cv,1.79,0,0
154,22440,23,2012,7,23,23,21,26.0,1007.0,SE,28.61,0,0
155,37001,11,2014,3,22,16,-19,22.0,1017.0,NE,17.43,0,0
156,35851,9,2014,2,2,18,-29,4.0,1018.0,NW,104.16,0,0
157,26319,17,2013,1,1,14,-23,-4.0,1024.0,NW,54.1,0,0
158,7372,51,2010,11,4,3,-1,3.0,1022.0,NW,11.18,0,0
159,40336,46,2014,8,8,15,13,32.0,1007.0,SE,20.57,0,0
160,43011,49,2014,11,28,2,-9,3.0,1022.0,NW,7.6,0,0
161,40556,35,2014,8,17,19,18,27.0,1010.0,SE,24.15,0,0
162,30874,34,2013,7,10,9,21,24.0,1005.0,NW,21.02,0,1
163,27641,153,2013,2,25,16,-2,-1.0,1026.0,NW,6.26,1,0
164,43395,212,2014,12,14,2,-13,-7.0,1027.0,NE,0.89,0,0
165,15507,314,2011,10,9,2,15,17.0,1017.0,cv,1.78,0,0
166,34317,35,2013,11,30,20,-18,3.0,1026.0,cv,0.89,0,0
167,638,90,2010,1,27,13,-9,6.0,1013.0,NW,8.05,0,0
168,31593,28,2013,8,9,8,17,27.0,1002.0,NW,30.85,0,0
169,19594,119,2012,3,27,9,-5,15.0,1022.0,NW,26.38,0,0
170,28224,210,2013,3,21,23,-1,4.0,1011.0,NW,11.17,0,0
171,4955,251,2010,7,26,10,25,30.0,1010.0,NE,1.79,0,0
172,25711,40,2012,12,7,6,-18,-9.0,1024.0,NW,29.5,0,0
173,19551,33,2012,3,25,14,-13,14.0,1022.0,SE,6.26,0,0
174,17163,122,2011,12,17,2,-19,-12.0,1035.0,NW,3.58,0,0
175,22054,232,2012,7,7,21,24,28.0,1001.0,SE,41.57,0,1
176,23418,16,2012,9,2,17,18,23.0,1009.0,NE,1.79,0,0
177,5440,,2010,8,15,15,11,33.0,1004.0,cv,0.89,0,0
178,34455,81,2013,12,6,14,-12,10.0,1017.0,cv,0.89,0,0
179,18410,17,2012,2,7,1,-27,-9.0,1034.0,NW,252.11,0,0
180,27485,8,2013,2,19,4,-20,-7.0,1030.0,NW,4.02,0,0
181,34858,93,2013,12,23,9,-13,-2.0,1032.0,NW,27.27,0,0
182,29676,101,2013,5,21,11,7,26.0,998.0,SE,1.79,0,0
183,6930,47,2010,10,16,17,7,16.0,1018.0,SE,33.06,0,0
184,33545,12,2013,10,29,16,-9,16.0,1026.0,SE,1.79,0,0
185,8420,145,2010,12,17,19,-13,-3.0,1013.0,SE,0.89,0,0
186,5132,41,2010,8,2,19,14,28.0,1005.0,SE,13.41,0,0
187,8065,15,2010,12,3,0,-15,-3.0,1027.0,NE,4.02,0,0
188,16753,127,2011,11,30,0,-6,-2.0,1036.0,cv,1.34,0,0
189,37958,158,2014,5,1,13,15,26.0,1006.0,SE,13.86,0,0
190,23369,135,2012,8,31,16,22,32.0,1009.0,SE,24.13,0,0
191,28431,116,2013,3,30,14,-4,11.0,1021.0,SE,19.67,0,0
192,16891,332,2011,12,5,18,-1,0.0,1032.0,cv,0.89,0,0
193,30281,144,2013,6,15,16,16,31.0,1005.0,SE,3.58,0,0
194,3706,85,2010,6,4,9,13,23.0,1017.0,cv,3.56,0,0
195,40305,40,2014,8,7,8,17,25.0,1010.0,NW,12.96,0,0
196,18810,18,2012,2,23,17,-20,5.0,1024.0,SE,8.04,0,0
197,34072,20,2013,11,20,15,-13,11.0,1022.0,cv,0.89,0,0
198,13672,127,2011,7,24,15,24,30.0,1001.0,NW,8.05,0,1
199,27054,26,2013,2,1,5,-7,-2.0,1024.0,NW,14.3,0,0
200,39133,181,2014,6,19,12,18,26.0,1005.0,SE,19.21,0,0
201,20860,123,2012,5,19,3,15,21.0,1006.0,SE,1.79,0,0
202,370,108,2010,1,16,9,-14,-9.0,1034.0,NW,8.05,0,0
203,27516,129,2013,2,20,11,-11,0.0,1028.0,NW,7.6,0,0
204,1134,113,2010,2,17,5,-8,-1.0,1024.0,NW,19.22,0,0
205,887,71,2010,2,6,22,-6,-5.0,1028.0,SE,42.02,4,0
206,11829,58,2011,5,8,20,12,12.0,1007.0,NE,1.79,0,7
207,26785,161,2013,1,21,0,-4,-3.0,1030.0,NE,1.79,0,0
208,34209,21,2013,11,26,8,-13,-3.0,1019.0,NW,3.13,0,0
209,10680,24,2011,3,21,23,-24,3.0,1031.0,NW,150.64,0,0
210,35248,22,2014,1,8,15,-26,0.0,1032.0,NW,27.71,0,0
211,16916,240,2011,12,6,19,-2,-2.0,1032.0,SE,6.26,0,0
212,28069,247,2013,3,15,12,-1,8.0,1020.0,cv,0.89,0,0
213,39402,51,2014,6,30,17,15,34.0,1004.0,SE,21.01,0,0
214,29391,28,2013,5,9,14,11,20.0,1009.0,SE,38.45,0,0
215,6125,269,2010,9,13,4,17,19.0,1012.0,NW,1.78,0,0
216,2369,66,2010,4,9,16,3,9.0,1011.0,SE,42.02,0,0
217,25517,131,2012,11,29,4,-11,-6.0,1024.0,NW,1.79,0,0
218,17071,87,2011,12,13,6,-2,1.0,1026.0,SE,1.79,0,0
219,12113,180,2011,5,20,16,-3,20.0,1014.0,cv,0.89,0,0
220,18889,139,2012,2,27,0,-12,-2.0,1028.0,SE,19.23,0,0
221,22016,56,2012,7,6,7,21,22.0,1003.0,NW,5.36,0,0
222,24340,133,2012,10,11,3,5,7.0,1018.0,NE,1.78,0,0
223,30467,55,2013,6,23,10,18,27.0,1004.0,cv,0.89,0,0
224,30004,152,2013,6,4,3,14,23.0,1009.0,SE,11.18,0,0
225,27369,13,2013,2,14,8,-14,-1.0,1026.0,NE,39.78,0,0
226,8939,16,2011,1,8,10,-17,-3.0,1028.0,NW,34.87,0,0
227,12175,89,2011,5,23,6,8,14.0,1013.0,SE,8.5,0,0
228,42440,66,2014,11,4,7,0,1.0,1016.0,cv,2.68,0,0
229,31360,69,2013,7,30,15,21,34.0,996.0,SE,3.13,0,0
230,12074,6,2011,5,19,1,6,18.0,1008.0,NW,67.03,0,0
231,24257,108,2012,10,7,16,12,23.0,1021.0,SE,1.79,0,0
232,33139,59,2013,10,12,18,8,18.0,1016.0,cv,2.67,0,0
233,8708,18,2010,12,29,19,-19,-4.0,1025.0,NW,95.66,0,0
234,39669,28,2014,7,11,20,16,28.0,1000.0,cv,0.89,0,0
235,25642,95,2012,12,4,9,-10,-5.0,1023.0,cv,1.78,0,0
236,33818,6,2013,11,10,1,-27,3.0,1033.0,NW,81.34,0,0
237,31927,72,2013,8,23,6,19,22.0,1010.0,NW,18.77,0,0
238,38765,83,2014,6,4,4,16,20.0,1007.0,NE,4.46,0,0
239,20736,99,2012,5,13,23,13,17.0,1010.0,NE,7.15,0,0
240,4301,215,2010,6,29,4,19,22.0,1003.0,cv,0.45,0,0
241,16102,86,2011,11,2,21,7,11.0,1028.0,SE,0.89,0,0
242,1761,50,2010,3,15,8,-13,1.0,1023.0,NW,26.81,0,0
243,8913,44,2011,1,7,8,-19,-8.0,1035.0,NW,13.41,0,0
244,20319,76,2012,4,26,14,8,20.0,1000.0,SE,3.13,0,0
245,8067,22,2010,12,3,2,-15,-4.0,1026.0,cv,0.89,0,0
246,41135,83,2014,9,10,22,15,22.0,1014.0,cv,0.89,0,0
247,5190,35,2010,8,5,5,20,23.0,1004.0,NW,13.41,0,0
248,35006,42,2013,12,29,13,-25,6.0,1017.0,SE,5.81,0,0
249,22843,39,2012,8,9,18,20,31.0,1005.0,SE,12.96,0,0
250,3456,18,2010,5,24,23,1,20.0,1007.0,NW,10.28,0,0
251,21603,219,2012,6,19,2,17,23.0,1002.0,SE,25.48,0,0
252,23038,145,2012,8,17,21,22,26.0,1007.0,SE,45.15,0,0
253,1211,178,2010,2,20,10,-12,3.0,1014.0,SE,1.79,0,0
254,21362,82,2012,6,9,1,18,24.0,1000.0,SE,53.19,0,0
255,5832,100,2010,8,31,23,20,23.0,1012.0,SE,0.89,0,0
256,40362,44,2014,8,9,17,15,31.0,1003.0,SE,23.25,0,0
257,30204,55,2013,6,12,11,14,24.0,1008.0,SE,3.13,0,0
258,39601,55,2014,7,9,0,20,23.0,1004.0,NE,0.89,0,0
259,12754,69,2011,6,16,9,17,20.0,1007.0,cv,2.67,0,0
260,26804,114,2013,1,21,19,-6,-1.0,1029.0,NE,0.89,0,0
261,28443,106,2013,3,31,2,1,4.0,1023.0,SE,59.46,0,0
262,23403,124,2012,9,2,2,23,23.0,1006.0,cv,0.89,0,5
263,6129,114,2010,9,13,8,17,23.0,1013.0,NW,6.71,0,0
264,1365,84,2010,2,26,20,-8,2.0,1021.0,SE,17.86,0,0
265,20002,91,2012,4,13,9,2,18.0,1010.0,SE,3.58,0,0
266,42882,48,2014,11,22,17,-11,8.0,1025.0,SE,8.05,0,0
267,17207,116,2011,12,18,22,-15,-4.0,1032.0,NW,9.83,0,0
268,5096,45,2010,8,1,7,22,25.0,1009.0,cv,1.34,0,0
269,32681,11,2013,9,23,16,3,18.0,1019.0,NW,80.01,0,0
270,26973,444,2013,1,28,20,-4,-1.0,1022.0,SE,13.42,0,0
271,31657,57,2013,8,12,0,23,25.0,1004.0,SE,7.6,0,0
272,26846,395,2013,1,23,13,-6,-4.0,1017.0,SE,3.58,0,0
273,26335,17,2013,1,2,6,-28,-13.0,1036.0,NW,177.04,0,0
274,35211,204,2014,1,7,2,-7,-4.0,1024.0,cv,0.89,0,0
275,6726,408,2010,10,8,5,11,11.0,1016.0,cv,0.89,0,0
276,35253,22,2014,1,8,20,-25,-5.0,1034.0,NW,54.09,0,0
277,4082,202,2010,6,20,1,20,22.0,1006.0,NE,0.89,0,0
278,9891,328,2011,2,17,2,-6,-5.0,1022.0,NW,2.68,0,0
279,26762,91,2013,1,20,1,-12,-2.0,1032.0,SE,14.31,0,0
280,10019,347,2011,2,22,10,-4,2.0,1023.0,cv,0.89,0,0
281,35030,27,2013,12,30,13,-22,7.0,1015.0,NW,95.64,0,0
282,21733,143,2012,6,24,12,21,24.0,1003.0,SE,35.76,0,1
283,42632,4,2014,11,12,7,-18,3.0,1024.0,NW,191.79,0,0
284,9946,144,2011,2,19,9,-10,0.0,1026.0,NW,23.69,0,0
285,7071,162,2010,10,22,14,10,13.0,1019.0,NE,1.79,0,0
286,35043,107,2013,12,31,2,-18,-2.0,1012.0,cv,0.89,0,0
287,19741,52,2012,4,2,12,-7,11.0,1015.0,SE,3.58,0,0
288,27665,196,2013,2,26,16,-7,11.0,1017.0,SE,9.83,0,0
289,12183,123,2011,5,23,14,11,28.0,1012.0,SE,13.41,0,0
290,14357,145,2011,8,22,4,20,20.0,1010.0,cv,0.89,0,0
291,14644,60,2011,9,3,3,19,21.0,1011.0,cv,0.89,0,0
292,100,25,2010,1,5,3,-27,-18.0,1035.0,NW,213.65,0,0
293,33025,76,2013,10,8,0,12,16.0,1024.0,cv,2.67,0,0
294,35697,125,2014,1,27,8,-10,-6.0,1017.0,NW,10.29,0,0
295,36015,12,2014,2,9,14,-21,-1.0,1035.0,NW,116.23,0,0
296,19589,235,2012,3,27,4,-3,5.0,1019.0,NW,12.07,0,0
297,9137,39,2011,1,16,16,-20,-3.0,1034.0,NW,1.79,0,0
298,1426,25,2010,3,1,9,-5,-3.0,1026.0,SE,33.09,1,0
299,13362,125,2011,7,11,17,20,32.0,1005.0,SE,21.0,0,0
300,12119,22,2011,5,20,22,0,13.0,1015.0,SE,11.18,0,0
301,42209,402,2014,10,25,16,13,19.0,1010.0,SE,7.16,0,0
302,34313,20,2013,11,30,16,-20,9.0,1024.0,SE,1.79,0,0
303,1360,90,2010,2,26,15,-6,5.0,1020.0,SE,8.04,0,0
304,21768,73,2012,6,25,23,21,24.0,1008.0,SE,43.81,0,0
305,23158,29,2012,8,22,21,13,20.0,1015.0,SE,28.16,0,0
306,5406,,2010,8,14,5,23,24.0,998.0,NE,0.89,0,0
307,8325,22,2010,12,13,20,-22,-6.0,1032.0,NE,6.26,0,0
308,7146,8,2010,10,25,17,-11,11.0,1029.0,NW,147.97,0,0
309,2481,25,2010,4,14,8,-10,5.0,1030.0,NE,3.13,0,0
310,14871,142,2011,9,12,14,16,20.0,1015.0,SE,11.18,0,0
311,3537,127,2010,5,28,8,16,17.0,1011.0,SE,6.26,0,21
312,11757,63,2011,5,5,20,1,16.0,1003.0,SE,3.13,0,0
313,11703,16,2011,5,3,14,-2,24.0,1014.0,SE,1.79,0,0
314,15690,3,2011,10,16,17,-2,19.0,1014.0,NW,60.33,0,0
315,7903,70,2010,11,26,6,-10,-6.0,1021.0,NW,2.68,0,0
316,20375,183,2012,4,28,22,-2,13.0,1014.0,SE,37.55,0,0
317,7483,17,2010,11,8,18,-13,9.0,1025.0,NW,68.4,0,0
318,19376,17,2012,3,18,7,-5,-1.0,1027.0,NE,30.85,0,0
319,29842,122,2013,5,28,9,17,19.0,1006.0,NW,3.13,0,1
320,6501,,2010,9,28,20,3,12.0,1024.0,SE,12.07,0,0
321,25305,,2012,11,20,8,-3,2.0,1025.0,NW,12.96,0,0
322,3674,154,2010,6,3,1,15,17.0,1018.0,SE,4.47,0,0
323,14532,129,2011,8,29,11,21,27.0,1010.0,cv,2.68,0,0
324,24190,16,2012,10,4,21,4,20.0,1015.0,SE,3.13,0,0
325,29863,13,2013,5,29,6,4,20.0,1010.0,NW,59.45,0,0
326,8795,25,2011,1,2,10,-18,-4.0,1038.0,NE,16.98,0,0
327,11575,75,2011,4,28,6,4,10.0,1009.0,SE,1.79,0,0
328,31826,44,2013,8,19,1,18,23.0,1010.0,NW,6.71,0,0
329,2681,34,2010,4,22,16,5,11.0,1020.0,cv,0.89,0,3
330,43783,9,2014,12,30,6,-14,-2.0,1017.0,NW,22.8,0,0
331,34333,43,2013,12,1,12,-16,9.0,1023.0,NW,1.79,0,0
332,30826,79,2013,7,8,9,23,25.0,1003.0,NE,1.79,0,1
333,37787,122,2014,4,24,10,11,19.0,1016.0,SE,38.9,0,0
334,26642,66,2013,1,15,1,-8,-5.0,1029.0,SE,39.78,0,0
335,3362,91,2010,5,21,1,10,22.0,1007.0,SE,51.85,0,0
336,25816,111,2012,12,11,15,-12,-1.0,1031.0,SE,1.79,0,0
337,10717,16,2011,3,23,12,-18,10.0,1025.0,NW,144.39,0,0
338,23221,149,2012,8,25,12,17,27.0,1012.0,SE,1.79,0,0
339,8109,248,2010,12,4,20,-7,-1.0,1011.0,cv,1.34,0,0
340,33837,72,2013,11,10,20,-19,8.0,1026.0,NW,4.92,0,0
341,38963,27,2014,6,12,10,13,30.0,1007.0,cv,0.89,0,0
342,20150,122,2012,4,19,13,9,14.0,1012.0,SE,18.78,0,0
343,7266,24,2010,10,30,17,-2,16.0,1025.0,SE,1.79,0,0
344,39852,52,2014,7,19,11,23,34.0,1009.0,SE,6.26,0,0
345,1512,269,2010,3,4,23,-2,2.0,1018.0,NW,12.07,0,0
346,38306,84,2014,5,16,1,5,19.0,1001.0,cv,0.89,0,0
347,35373,131,2014,1,13,20,-16,-6.0,1031.0,SE,1.79,0,0
348,28278,11,2013,3,24,5,-12,-1.0,1024.0,NE,3.13,0,0
349,36054,111,2014,2,11,5,-16,-12.0,1029.0,NW,1.79,0,0
350,29287,167,2013,5,5,6,9,12.0,1017.0,cv,0.89,0,0
351,6266,45,2010,9,19,1,14,15.0,1015.0,NE,1.79,0,2
352,525,47,2010,1,22,20,-18,-4.0,1033.0,NW,153.31,0,0
353,17215,13,2011,12,19,6,-19,-5.0,1031.0,NE,3.13,0,0
354,37761,136,2014,4,23,8,12,18.0,1012.0,SE,76.0,0,0
355,37397,187,2014,4,8,4,4,10.0,1015.0,cv,0.45,0,0
356,3749,,2010,6,6,4,12,17.0,1012.0,NE,0.89,0,0
357,2894,80,2010,5,1,13,-1,31.0,1005.0,SE,4.02,0,0
358,24583,53,2012,10,21,6,5,12.0,1023.0,SE,1.79,0,0
359,11313,16,2011,4,17,8,-4,17.0,1011.0,NW,48.27,0,0
360,3838,32,2010,6,9,21,11,25.0,1014.0,SE,22.34,0,0
361,15896,35,2011,10,25,7,-4,2.0,1032.0,NW,4.92,0,0
362,22494,69,2012,7,26,5,24,25.0,1004.0,SE,7.15,0,0
363,14471,118,2011,8,26,22,21,22.0,1015.0,cv,1.78,0,0
364,32649,72,2013,9,22,8,16,19.0,1016.0,cv,0.89,0,0
365,1478,202,2010,3,3,13,-5,4.0,1023.0,SE,12.52,0,0
366,15559,90,2011,10,11,6,12,15.0,1025.0,NE,2.67,0,0
367,37401,181,2014,4,8,8,4,13.0,1016.0,cv,0.89,0,0
368,2879,45,2010,4,30,22,-3,19.0,1010.0,SE,36.22,0,0
369,26509,59,2013,1,9,12,-19,-3.0,1031.0,NW,1.79,0,0
370,29796,108,2013,5,26,11,17,23.0,1008.0,cv,1.79,0,0
371,536,24,2010,1,23,7,-18,-7.0,1031.0,NW,24.14,0,0
372,21278,5,2012,6,5,13,6,34.0,1004.0,SE,4.02,0,0
373,21818,43,2012,6,28,1,19,22.0,1011.0,SE,26.38,0,0
374,3616,39,2010,5,31,15,10,27.0,1013.0,cv,8.94,0,0
375,30702,43,2013,7,3,5,20,22.0,996.0,NE,3.57,0,0
376,10446,266,2011,3,12,5,-3,1.0,1009.0,cv,1.35,0,0
377,33686,38,2013,11,4,13,-6,17.0,1027.0,SE,1.79,0,0
378,40457,15,2014,8,13,16,18,21.0,1008.0,NW,4.92,0,0
379,21687,156,2012,6,22,14,21,27.0,1004.0,SE,21.46,0,0
380,18974,347,2012,3,1,13,-4,5.0,1024.0,cv,0.89,0,0
381,31184,59,2013,7,23,7,18,23.0,1002.0,SE,16.98,0,0
382,8386,40,2010,12,16,9,-18,-5.0,1020.0,cv,1.78,0,0
383,10276,62,2011,3,5,3,-7,5.0,1017.0,SE,47.38,0,0
384,24201,24,2012,10,5,8,10,15.0,1018.0,NW,10.28,0,0
385,33062,125,2013,10,9,13,11,18.0,1010.0,NE,3.58,0,0
386,16229,91,2011,11,8,4,4,8.0,1027.0,NW,6.71,0,0
387,3368,105,2010,5,21,7,12,20.0,1008.0,cv,2.23,0,0
388,7842,217,2010,11,23,17,-6,5.0,1018.0,cv,1.78,0,0
389,12501,59,2011,6,5,20,12,30.0,1004.0,SE,53.19,0,0
390,19846,18,2012,4,6,21,-5,7.0,1021.0,SE,24.14,0,0
391,38785,,2014,6,5,0,15,26.0,1005.0,NW,1.79,0,0
392,896,88,2010,2,7,7,-7,-6.0,1023.0,NW,1.78,0,0
393,12972,29,2011,6,25,11,15,29.0,1012.0,cv,1.79,0,0
394,12245,100,2011,5,26,4,10,19.0,1012.0,SE,17.89,0,0
395,24492,16,2012,10,17,11,-10,16.0,1020.0,NW,7.15,0,0
396,2163,49,2010,4,1,2,-14,7.0,1021.0,NW,81.34,0,0
397,13717,23,2011,7,26,12,20,32.0,1000.0,cv,0.89,0,0
398,33021,50,2013,10,7,20,7,17.0,1022.0,NW,3.58,0,0
399,13596,92,2011,7,21,11,23,25.0,1004.0,cv,0.89,0,3
400,13334,90,2011,7,10,13,20,31.0,1006.0,cv,2.68,0,0
401,10225,9,2011,3,3,0,-16,1.0,1028.0,NW,81.8,0,0
402,587,,2010,1,25,10,-22,-3.0,1036.0,NW,216.34,0,0
403,24792,9,2012,10,29,23,-11,9.0,1029.0,NW,30.84,0,0
404,25395,123,2012,11,24,2,-8,-6.0,1023.0,NW,1.79,0,0
405,15804,190,2011,10,21,11,12,17.0,1020.0,cv,2.67,0,0
406,39809,162,2014,7,17,16,22,28.0,1005.0,SE,19.23,0,0
407,5837,95,2010,9,1,4,18,20.0,1012.0,NE,4.02,0,2
408,12776,115,2011,6,17,7,18,22.0,1009.0,NW,4.92,0,0
409,23544,31,2012,9,7,23,18,19.0,1016.0,NE,0.89,0,0
410,42803,320,2014,11,19,10,-2,4.0,1025.0,cv,0.89,0,0
411,26616,301,2013,1,13,23,-9,-8.0,1025.0,cv,0.9,0,0
412,36953,7,2014,3,20,16,-17,18.0,1023.0,SE,3.13,0,0
413,32567,116,2013,9,18,22,16,20.0,1017.0,SE,5.81,0,0
414,17349,102,2011,12,24,20,-15,-5.0,1028.0,NW,1.79,0,0
415,5490,123,2010,8,17,17,16,32.0,1006.0,SE,47.39,0,0
416,39019,54,2014,6,14,18,17,31.0,1004.0,SE,9.39,0,0
417,12352,67,2011,5,30,15,4,32.0,1000.0,NW,3.13,0,0
418,3041,126,2010,5,7,16,-1,28.0,1002.0,NW,57.66,0,0
419,12235,55,2011,5,25,18,7,27.0,1010.0,SE,259.3,0,0
420,18320,63,2012,2,3,7,-24,-16.0,1026.0,NW,20.12,0,0
421,39826,113,2014,7,18,9,22,28.0,1008.0,SE,7.6,0,0
422,39522,70,2014,7,5,17,21,31.0,1005.0,SE,4.02,0,0
423,36689,133,2014,3,9,16,-12,10.0,1024.0,SE,12.52,0,0
424,40892,75,2014,8,31,19,21,22.0,1013.0,NE,1.79,0,0
425,27952,33,2013,3,10,15,-20,12.0,1024.0,SE,33.53,0,0
426,12885,101,2011,6,21,20,15,31.0,1000.0,SE,43.35,0,0
427,28486,19,2013,4,1,21,-12,10.0,1022.0,NW,12.07,0,0
428,3899,104,2010,6,12,10,16,25.0,1009.0,cv,0.89,0,0
429,21780,107,2012,6,26,11,21,26.0,1010.0,SE,8.5,0,0
430,8733,23,2010,12,30,20,-24,-8.0,1027.0,NW,326.79,0,0
431,23465,9,2012,9,4,16,6,26.0,1014.0,SE,4.02,0,0
432,12214,53,2011,5,24,21,9,22.0,1014.0,SE,149.75,0,0
433,39115,83,2014,6,18,18,18,29.0,1000.0,SE,16.09,0,0
434,8809,65,2011,1,3,0,-15,-7.0,1033.0,NE,0.89,0,0
435,36518,158,2014,3,2,13,-11,8.0,1022.0,cv,0.89,0,0
436,25434,9,2012,11,25,17,-16,6.0,1021.0,NW,51.86,0,0
437,31054,79,2013,7,17,21,18,28.0,1004.0,SE,32.63,0,0
438,6075,133,2010,9,11,2,12,18.0,1009.0,NW,12.97,0,0
439,36668,199,2014,3,8,19,-7,6.0,1021.0,cv,0.89,0,0
440,14982,5,2011,9,17,5,2,16.0,1019.0,NE,4.02,0,0
441,39862,72,2014,7,19,21,24,32.0,1008.0,SE,32.17,0,0
442,41558,101,2014,9,28,13,16,22.0,1016.0,SE,5.37,0,0
443,15456,,2011,10,6,23,6,9.0,1020.0,NE,0.89,0,0
444,43032,211,2014,11,28,23,-1,3.0,1021.0,SE,27.72,0,0
445,8233,230,2010,12,10,0,-7,-2.0,1004.0,NW,10.29,0,0
446,4147,,2010,6,22,18,16,28.0,1006.0,SE,45.15,0,0
447,20114,113,2012,4,18,1,12,18.0,1006.0,SE,67.05,0,0
448,42930,31,2014,11,24,17,-9,7.0,1026.0,SE,10.28,0,0
449,33205,9,2013,10,15,12,-12,14.0,1031.0,NW,3.58,0,0
450,26675,269,2013,1,16,10,-9,-6.0,1035.0,cv,0.89,0,0
451,34011,17,2013,11,18,2,-14,2.0,1027.0,NW,131.88,0,0
452,11250,,2011,4,14,17,-6,30.0,1000.0,NW,15.2,0,0
453,25829,205,2012,12,12,4,-7,-5.0,1031.0,SE,21.46,0,0
454,42394,7,2014,11,2,9,-9,11.0,1026.0,NW,164.05,0,0
455,31,105,2010,1,2,6,-7,-6.0,1023.0,SE,8.93,4,0
456,8970,,2011,1,9,17,-21,-3.0,1035.0,NW,335.25,0,0
457,33308,13,2013,10,19,19,-4,15.0,1026.0,NW,103.27,0,0
458,41241,15,2014,9,15,8,9,18.0,1020.0,NW,22.34,0,0
459,35868,4,2014,2,3,11,-33,0.0,1029.0,NW,63.04,0,0
460,37617,110,2014,4,17,8,7,11.0,1013.0,cv,0.89,0,5
461,16370,126,2011,11,14,1,-9,-1.0,1026.0,cv,0.89,0,0
462,10769,25,2011,3,25,16,-13,13.0,1025.0,NE,8.94,0,0
463,15969,125,2011,10,28,8,4,11.0,1026.0,NW,5.81,0,0
464,27637,118,2013,2,25,12,-3,0.0,1029.0,SE,13.42,3,0
465,36188,242,2014,2,16,19,-8,3.0,1030.0,SE,17.43,0,0
466,29127,82,2013,4,28,14,7,18.0,1008.0,cv,0.89,0,0
467,20486,60,2012,5,3,13,2,33.0,1008.0,cv,2.68,0,0
468,16628,273,2011,11,24,19,-5,-1.0,1027.0,cv,0.45,0,0
469,25637,71,2012,12,4,4,-13,-7.0,1022.0,NW,0.89,0,0
470,22280,94,2012,7,17,7,22,25.0,1011.0,SE,15.65,0,0
471,16371,145,2011,11,14,2,-9,0.0,1025.0,SE,0.89,0,0
472,12746,192,2011,6,16,1,19,21.0,1005.0,NW,4.92,0,3
473,37031,214,2014,3,23,22,-1,12.0,1020.0,SE,43.35,0,0
474,40596,93,2014,8,19,11,20,30.0,1012.0,cv,1.78,0,0
475,38166,47,2014,5,10,5,5,14.0,1016.0,cv,0.89,0,0
476,16646,206,2011,11,25,13,-5,4.0,1028.0,SE,1.79,0,0
477,15379,,2011,10,3,18,1,17.0,1023.0,SE,20.11,0,0
478,29245,61,2013,5,3,12,6,20.0,1018.0,cv,4.46,0,0
479,11762,110,2011,5,6,1,4,10.0,1004.0,cv,2.67,0,0
480,513,19,2010,1,22,8,-19,-7.0,1036.0,NW,63.92,0,0
481,21899,138,2012,7,1,10,24,28.0,1000.0,SE,15.21,0,0
482,41356,142,2014,9,20,3,17,18.0,1009.0,cv,1.78,0,0
483,25810,95,2012,12,11,9,-9,-5.0,1035.0,NW,4.92,0,0
484,37909,133,2014,4,29,12,5,23.0,1014.0,cv,1.79,0,0
485,6715,252,2010,10,7,18,15,18.0,1015.0,cv,0.89,0,0
486,5193,33,2010,8,5,8,20,25.0,1006.0,NW,22.8,0,0
487,84,25,2010,1,4,11,-23,-12.0,1031.0,NW,108.61,0,0
488,7111,234,2010,10,24,6,13,13.0,1018.0,NW,13.41,0,6
489,13726,60,2011,7,26,21,25,28.0,1000.0,SE,22.8,0,0
490,43800,16,2014,12,30,23,-22,0.0,1026.0,NW,38.88,0,0
491,22028,184,2012,7,6,19,23,25.0,1002.0,NE,5.37,0,0
492,4175,68,2010,6,23,22,13,26.0,1009.0,SE,6.26,0,0
493,6788,420,2010,10,10,19,16,16.0,1011.0,SE,1.79,0,5
494,11077,,2011,4,7,12,-13,18.0,1018.0,NW,45.15,0,0
495,43004,30,2014,11,27,19,-13,4.0,1024.0,NW,1.79,0,0
496,42281,51,2014,10,28,16,2,14.0,1025.0,SE,1.79,0,0
497,22328,116,2012,7,19,7,23,24.0,1007.0,SE,7.16,0,0
498,21944,,2012,7,3,7,20,25.0,997.0,NW,16.09,0,0
499,40950,7,2014,9,3,5,15,16.0,1011.0,NW,4.92,0,0
500,23811,46,2012,9,19,2,12,14.0,1008.0,NE,0.89,0,0
501,16781,215,2011,12,1,4,-9,-7.0,1036.0,NW,1.79,0,0
502,15544,56,2011,10,10,15,1,20.0,1024.0,SE,7.6,0,0
503,25218,17,2012,11,16,17,-5,8.0,1020.0,NW,21.45,0,0
504,12114,69,2011,5,20,17,-2,19.0,1013.0,SE,3.13,0,0
505,2469,31,2010,4,13,20,-11,5.0,1026.0,SE,1.79,0,0
506,34355,76,2013,12,2,10,-13,5.0,1019.0,NW,11.18,0,0
507,38489,46,2014,5,23,16,10,33.0,1008.0,SE,48.72,0,0
508,33416,21,2013,10,24,7,-6,2.0,1028.0,cv,1.78,0,0
509,32993,179,2013,10,6,16,14,21.0,1020.0,cv,4.46,0,0
510,443,323,2010,1,19,10,-4,0.0,1021.0,cv,0.89,0,0
511,14085,,2011,8,10,20,24,28.0,1006.0,SE,16.55,0,0
512,2360,77,2010,4,9,7,2,12.0,1011.0,NE,16.54,0,0
513,35885,6,2014,2,4,4,-32,-5.0,1030.0,NW,30.4,0,0
514,13433,132,2011,7,14,16,22,32.0,1003.0,SE,3.13,0,0
515,12378,16,2011,5,31,17,11,24.0,1003.0,NW,120.25,0,0
516,8056,19,2010,12,2,15,-18,3.0,1022.0,NW,151.54,0,0
517,12611,141,2011,6,10,10,18,28.0,1000.0,SE,1.79,0,0
518,38071,71,2014,5,6,6,0,9.0,1012.0,cv,2.67,0,0
519,1477,165,2010,3,3,12,-5,3.0,1025.0,SE,9.39,0,0
520,1817,24,2010,3,17,16,-18,7.0,1025.0,cv,1.79,0,0
521,6165,212,2010,9,14,20,18,24.0,1012.0,SE,16.99,0,0
522,13166,26,2011,7,3,13,15,33.0,1002.0,NW,4.92,0,0
523,31583,27,2013,8,8,22,19,28.0,1000.0,SE,1.79,0,0
524,8652,137,2010,12,27,11,-16,0.0,1010.0,NW,1.79,0,0
525,39928,16,2014,7,22,15,17,29.0,1006.0,NW,17.88,0,0
526,24345,82,2012,10,11,8,6,9.0,1019.0,cv,0.89,0,0
527,11884,92,2011,5,11,3,12,13.0,1006.0,SE,51.41,0,0
528,25248,157,2012,11,17,23,-3,2.0,1021.0,SE,3.58,0,0
529,23619,123,2012,9,11,2,19,21.0,1012.0,cv,1.78,0,0
530,39068,105,2014,6,16,19,20,28.0,1000.0,SE,17.43,0,0
531,38772,60,2014,6,4,11,14,28.0,1007.0,SE,6.26,0,0
532,20645,166,2012,5,10,4,10,15.0,1011.0,cv,1.78,0,0
533,2292,16,2010,4,6,11,-17,13.0,1027.0,NW,62.13,0,0
534,26681,45,2013,1,16,16,-17,0.0,1034.0,NE,8.05,0,0
535,30312,189,2013,6,16,23,19,22.0,1003.0,NE,8.05,0,1
536,3526,,2010,5,27,21,16,18.0,1015.0,NW,1.79,0,10
537,3898,98,2010,6,12,9,16,22.0,1010.0,SE,17.44,0,0
538,16433,306,2011,11,16,16,7,10.0,1026.0,SE,0.89,0,0
539,13604,78,2011,7,21,19,24,26.0,1002.0,SE,25.02,0,0
540,25201,129,2012,11,16,0,0,0.0,1025.0,SE,1.78,2,0
541,42494,4,2014,11,6,13,-14,11.0,1030.0,NE,46.05,0,0
542,18371,81,2012,2,5,10,-13,0.0,1020.0,NW,3.58,0,0
543,24705,253,2012,10,26,8,12,12.0,1020.0,SE,3.13,0,0
544,3950,68,2010,6,14,13,17,28.0,1003.0,cv,1.79,0,0
545,16669,209,2011,11,26,12,-4,6.0,1021.0,NW,29.51,0,0
546,35829,118,2014,2,1,20,-1,3.0,1013.0,SE,17.89,0,0
547,20604,109,2012,5,8,11,8,28.0,1008.0,NW,10.74,0,0
548,22742,22,2012,8,5,13,23,31.0,1011.0,SE,3.13,0,0
549,4300,201,2010,6,29,3,19,23.0,1003.0,SE,45.6,0,0
550,6396,,2010,9,24,11,12,20.0,1018.0,cv,3.58,0,0
551,31432,88,2013,8,2,15,20,31.0,1005.0,SE,3.58,0,0
552,9839,77,2011,2,14,22,-13,-7.0,1030.0,SE,1.79,0,0
553,14958,22,2011,9,16,5,17,17.0,1012.0,cv,0.89,0,0
554,14095,64,2011,8,11,6,23,23.0,1007.0,NW,1.79,0,0
555,32105,,2013,8,30,16,4,29.0,1010.0,NW,1.79,0,0
556,5930,88,2010,9,5,1,19,21.0,1012.0,SE,2.68,0,0
557,16264,23,2011,11,9,15,-5,16.0,1023.0,NW,1.79,0,0
558,26495,17,2013,1,8,22,-23,-9.0,1033.0,NW,78.22,0,0
559,25052,105,2012,11,9,19,3,6.0,1025.0,NE,0.89,0,0
560,12431,64,2011,6,2,22,10,28.0,1001.0,NE,4.02,0,0
561,817,103,2010,2,4,0,-21,-7.0,1028.0,NW,1.79,0,0
562,18628,12,2012,2,16,3,-20,-4.0,1030.0,NW,33.08,0,0
563,39501,194,2014,7,4,20,22,27.0,1005.0,SE,22.79,0,0
564,41730,6,2014,10,5,17,2,19.0,1024.0,NE,13.85,0,0
565,11069,,2011,4,7,4,5,9.0,1016.0,NW,1.79,0,0
566,39583,163,2014,7,8,6,21,25.0,1001.0,NW,0.89,0,0
567,18757,123,2012,2,21,12,-12,3.0,1020.0,cv,2.68,0,0
568,16436,380,2011,11,16,19,7,10.0,1027.0,cv,2.67,0,0
569,35890,9,2014,2,4,9,-32,-3.0,1032.0,NW,56.78,0,0
570,11667,26,2011,5,2,2,-3,17.0,1012.0,NW,15.2,0,0
571,33827,14,2013,11,10,10,-30,5.0,1032.0,NW,152.42,0,0
572,17001,15,2011,12,10,8,-15,-2.0,1031.0,NW,140.36,0,0
573,29795,114,2013,5,26,10,18,23.0,1008.0,SE,5.37,0,0
574,27388,15,2013,2,15,3,-18,-4.0,1030.0,NW,23.23,0,0
575,10654,,2011,3,20,21,-5,4.0,1018.0,SE,60.35,0,0
576,868,45,2010,2,6,3,-11,-8.0,1033.0,SE,20.57,0,0
577,1631,27,2010,3,9,22,-13,-5.0,1029.0,cv,1.78,0,0
578,30659,143,2013,7,1,10,22,25.0,1000.0,SE,4.92,0,0
579,6649,85,2010,10,5,0,9,12.0,1016.0,cv,0.89,0,0
580,2947,142,2010,5,3,18,6,22.0,1006.0,NE,1.79,0,0
581,40611,68,2014,8,20,2,19,23.0,1010.0,SE,44.25,0,0
582,13644,336,2011,7,23,11,26,29.0,1003.0,cv,0.89,0,0
583,40491,34,2014,8,15,2,18,19.0,1006.0,NE,0.89,0,0
584,32032,67,2013,8,27,15,20,26.0,1006.0,SE,1.79,0,0
585,12169,73,2011,5,23,0,4,19.0,1011.0,SE,89.41,0,0
586,26109,,2012,12,23,20,-21,-12.0,1032.0,cv,1.78,0,0
587,816,114,2010,2,3,23,-21,-7.0,1028.0,cv,0.45,0,0
588,4170,48,2010,6,23,17,11,30.0,1007.0,SE,26.36,0,0
589,40508,30,2014,8,15,19,18,23.0,1005.0,cv,0.89,0,0
590,5795,95,2010,8,30,10,19,27.0,1009.0,NE,6.71,0,0
591,3893,105,2010,6,12,4,16,20.0,1009.0,SE,8.05,0,0
592,27876,289,2013,3,7,11,-2,13.0,1010.0,SE,1.79,0,0
593,30969,127,2013,7,14,8,22,25.0,1009.0,SE,57.69,0,0
594,42557,101,2014,11,9,4,-4,-2.0,1027.0,NW,3.58,0,0
595,29265,124,2013,5,4,8,10,16.0,1018.0,SE,3.58,0,0
596,22199,42,2012,7,13,22,20,26.0,1004.0,cv,1.78,0,0
597,5789,103,2010,8,30,4,18,20.0,1008.0,NE,1.79,0,0
598,25718,50,2012,12,7,13,-21,-1.0,1022.0,cv,1.78,0,0
599,21367,197,2012,6,9,6,19,22.0,1000.0,SE,1.79,0,0
600,40140,176,2014,7,31,11,22,28.0,1008.0,SE,10.74,0,0
601,21477,60,2012,6,13,20,17,20.0,1000.0,NE,4.92,0,1
602,24485,5,2012,10,17,4,0,2.0,1022.0,cv,3.56,0,0
603,6340,,2010,9,22,3,8,9.0,1025.0,NW,12.97,0,0
604,1685,29,2010,3,12,4,-13,5.0,1012.0,NW,57.67,0,0
605,14678,63,2011,9,4,13,16,28.0,1013.0,cv,4.92,0,0
606,32193,79,2013,9,3,8,15,21.0,1017.0,NE,1.79,0,0
607,32705,9,2013,9,24,16,-3,22.0,1019.0,NW,35.75,0,0
608,28455,251,2013,3,31,14,3,6.0,1017.0,SE,86.3,0,0
609,27621,404,2013,2,24,20,-7,1.0,1026.0,cv,1.78,0,0
610,4009,33,2010,6,17,0,18,20.0,1001.0,NE,4.02,0,3
611,18675,12,2012,2,18,2,-22,-7.0,1035.0,cv,0.89,0,0
612,24150,235,2012,10,3,5,12,14.0,1012.0,NW,1.79,0,0
613,42474,6,2014,11,5,17,-8,19.0,1016.0,NW,41.12,0,0
614,38165,46,2014,5,10,4,5,15.0,1016.0,SE,8.05,0,0
615,6297,109,2010,9,20,8,15,18.0,1012.0,NW,3.58,0,0
616,3271,51,2010,5,17,6,13,14.0,1011.0,cv,1.78,0,6
617,43578,14,2014,12,21,17,-17,2.0,1024.0,NW,437.16,0,0
618,27762,59,2013,3,2,17,-19,4.0,1029.0,SE,8.95,0,0
619,26183,,2012,12,26,22,-16,-12.0,1033.0,cv,0.89,0,0
620,29106,70,2013,4,27,17,2,23.0,1009.0,SE,36.2,0,0
621,3111,58,2010,5,10,14,-5,22.0,1004.0,NW,61.23,0,0
622,10107,39,2011,2,26,2,-9,0.0,1030.0,SE,46.05,0,0
623,12060,215,2011,5,18,11,16,25.0,998.0,SE,3.13,0,0
624,7888,54,2010,11,25,15,-14,7.0,1022.0,SE,12.07,0,0
625,782,25,2010,2,2,13,-20,-1.0,1028.0,NE,18.33,0,0
626,30121,172,2013,6,9,0,19,20.0,1007.0,NE,0.89,0,0
627,19946,38,2012,4,11,1,-1,13.0,1014.0,NW,7.15,0,0
628,42589,38,2014,11,10,12,-8,14.0,1022.0,cv,1.78,0,0
629,23501,58,2012,9,6,4,13,14.0,1017.0,NE,2.68,0,0
630,31227,36,2013,7,25,2,19,24.0,1000.0,NW,3.13,0,0
631,12109,11,2011,5,20,12,-4,18.0,1016.0,NW,88.07,0,0
632,41122,112,2014,9,10,9,16,23.0,1015.0,cv,2.67,0,0
633,17321,16,2011,12,23,16,-16,3.0,1025.0,NW,38.0,0,0
634,7750,192,2010,11,19,21,1,5.0,1012.0,cv,0.89,0,0
635,12634,91,2011,6,11,9,18,24.0,1005.0,cv,3.57,0,0
636,13718,30,2011,7,26,13,21,32.0,1000.0,NE,1.79,0,0
637,19816,13,2012,4,5,15,-12,19.0,1013.0,NW,118.9,0,0
638,35108,195,2014,1,2,19,-9,1.0,1016.0,cv,8.47,0,0
639,34226,5,2013,11,27,1,-25,-3.0,1025.0,NW,120.24,0,0
640,32170,44,2013,9,2,9,13,23.0,1017.0,cv,2.67,0,0
641,17761,17,2012,1,11,0,-18,-5.0,1040.0,NE,7.15,0,0
642,30127,153,2013,6,9,6,19,20.0,1007.0,cv,2.23,0,0
643,27775,134,2013,3,3,6,-11,-6.0,1022.0,NW,5.35,0,0
644,23620,133,2012,9,11,3,19,21.0,1012.0,SE,1.79,0,0
645,26240,16,2012,12,29,7,-19,-6.0,1031.0,NW,42.46,0,0
646,40656,26,2014,8,21,23,17,24.0,1008.0,NW,4.92,0,0
647,9154,36,2011,1,17,9,-21,-8.0,1037.0,NW,37.54,0,0
648,39682,10,2014,7,12,9,12,28.0,1004.0,NE,29.04,0,0
649,31770,140,2013,8,16,17,26,30.0,996.0,cv,0.89,0,0
650,36335,327,2014,2,22,22,-3,3.0,1031.0,SE,8.94,0,0
651,5903,142,2010,9,3,22,19,22.0,1012.0,cv,3.12,0,0
652,10182,9,2011,3,1,5,-13,-4.0,1028.0,NW,9.84,0,0
653,38595,19,2014,5,28,2,6,19.0,1001.0,NE,3.13,0,0
654,2423,86,2010,4,11,22,2,7.0,1015.0,NW,1.79,0,0
655,15995,215,2011,10,29,10,8,10.0,1023.0,cv,3.12,0,0
656,3333,28,2010,5,19,20,-1,29.0,999.0,SE,4.02,0,0
657,38040,98,2014,5,4,23,-9,14.0,1019.0,SE,3.13,0,0
658,2819,14,2010,4,28,10,-11,11.0,1014.0,NW,292.82,0,0
659,38643,96,2014,5,30,2,14,25.0,1003.0,NE,1.79,0,0
660,13267,21,2011,7,7,18,12,28.0,996.0,SE,4.02,0,0
661,3989,139,2010,6,16,4,20,23.0,1000.0,NW,1.78,0,0
662,7413,154,2010,11,5,20,4,8.0,1018.0,cv,0.89,0,0
663,29778,86,2013,5,25,17,11,29.0,1007.0,SE,19.22,0,0
664,22869,97,2012,8,10,20,22,27.0,1006.0,SE,19.68,0,0
665,17565,8,2012,1,2,20,-18,-3.0,1031.0,NW,85.39,0,0
666,8772,,2011,1,1,11,-18,-4.0,1036.0,NW,26.83,0,0
667,32109,34,2013,8,30,20,12,20.0,1011.0,SE,6.71,0,0
668,4637,107,2010,7,13,4,20,22.0,1009.0,SE,5.37,0,2
669,37648,158,2014,4,18,15,11,20.0,1018.0,SE,12.52,0,0
670,31925,114,2013,8,23,4,19,23.0,1009.0,NW,10.73,0,0
671,3434,78,2010,5,24,1,11,17.0,1000.0,cv,1.78,0,0
672,36829,109,2014,3,15,12,-12,15.0,1011.0,SE,1.79,0,0
673,40947,9,2014,9,3,2,16,17.0,1011.0,NW,6.26,0,0
674,30016,113,2013,6,4,15,17,18.0,1012.0,NE,1.79,0,0
675,43773,112,2014,12,29,20,-12,1.0,1014.0,cv,2.67,0,0
676,25493,14,2012,11,28,4,-16,1.0,1017.0,NW,82.27,0,0
677,9391,16,2011,1,27,6,-19,-8.0,1043.0,NW,34.43,0,0
678,1465,109,2010,3,3,0,-6,3.0,1024.0,NW,1.79,0,0
679,41661,79,2014,10,2,20,13,14.0,1014.0,cv,0.89,0,0
680,40883,105,2014,8,31,10,21,23.0,1013.0,NE,3.13,0,0
681,18824,103,2012,2,24,7,-9,-4.0,1024.0,NE,0.89,0,0
682,7169,11,2010,10,26,16,-15,7.0,1037.0,cv,3.57,0,0
683,12377,12,2011,5,31,16,11,25.0,1002.0,NW,110.42,0,1
684,25563,37,2012,12,1,2,-15,-7.0,1036.0,cv,1.34,0,0
685,36577,14,2014,3,5,0,-22,-2.0,1030.0,NW,110.42,0,0
686,14879,85,2011,9,12,22,17,18.0,1014.0,SE,30.41,0,0
687,35241,19,2014,1,8,8,-20,-5.0,1035.0,NE,4.02,0,0
688,3259,70,2010,5,16,18,13,17.0,1013.0,SE,88.51,0,3
689,16227,157,2011,11,8,2,4,8.0,1027.0,NW,1.79,0,0
690,16461,166,2011,11,17,20,6,6.0,1017.0,NW,17.44,0,0
691,32865,131,2013,10,1,8,16,18.0,1016.0,NW,4.92,0,3
692,36814,52,2014,3,14,21,-17,11.0,1014.0,SE,39.33,0,0
693,210,37,2010,1,9,17,-15,-4.0,1030.0,NW,1.79,0,0
694,20199,202,2012,4,21,14,11,14.0,1010.0,NE,1.79,0,0
695,3891,160,2010,6,12,2,17,20.0,1009.0,SE,4.47,0,0
696,11976,46,2011,5,14,23,2,23.0,1004.0,SE,65.27,0,0
697,36536,225,2014,3,3,7,-5,-3.0,1022.0,SE,1.79,0,0
698,5030,204,2010,7,29,13,27,33.0,996.0,SE,11.18,0,0
699,8685,39,2010,12,28,20,-18,-6.0,1021.0,SE,2.68,0,0
700,3986,139,2010,6,16,1,20,23.0,1000.0,NE,1.79,0,0
701,27934,10,2013,3,9,21,-21,5.0,1025.0,NW,134.1,0,0
702,10097,53,2011,2,25,16,-10,6.0,1030.0,SE,11.63,0,0
703,37309,41,2014,4,4,12,-6,20.0,1011.0,SE,3.58,0,0
704,4687,167,2010,7,15,6,21,24.0,1007.0,cv,0.89,0,0
705,13614,118,2011,7,22,5,22,23.0,1003.0,SE,52.3,0,0
706,15355,22,2011,10,2,18,0,14.0,1029.0,SE,3.58,0,0
707,36462,48,2014,2,28,5,-6,-2.0,1028.0,cv,0.89,0,0
708,2298,12,2010,4,6,17,-17,15.0,1024.0,NW,22.79,0,0
709,28348,135,2013,3,27,3,3,5.0,1008.0,SE,20.57,0,0
710,1679,219,2010,3,11,22,-6,4.0,1005.0,NW,10.73,0,0
711,36721,224,2014,3,11,0,-5,2.0,1019.0,cv,1.34,0,0
712,29065,95,2013,4,26,0,-7,11.0,1013.0,cv,0.89,0,0
713,13325,80,2011,7,10,4,19,24.0,1006.0,cv,0.89,0,0
714,37802,136,2014,4,25,1,9,16.0,1016.0,cv,0.89,0,0
715,6667,80,2010,10,5,18,13,20.0,1012.0,SE,13.86,0,0
716,4414,67,2010,7,3,21,18,30.0,999.0,SE,25.03,0,0
717,18834,142,2012,2,24,17,-12,5.0,1022.0,NW,1.79,0,0
718,33180,14,2013,10,14,11,-6,14.0,1027.0,NE,32.18,0,0
719,8994,50,2011,1,10,17,-20,-1.0,1024.0,cv,4.02,0,0
720,27229,26,2013,2,8,12,-22,-5.0,1037.0,SE,3.58,0,0
721,19751,11,2012,4,2,22,-14,10.0,1020.0,NW,10.73,0,0
722,33583,121,2013,10,31,6,-1,2.0,1027.0,NW,6.26,0,0
723,31100,103,2013,7,19,19,22,29.0,1001.0,SE,16.99,0,0
724,42284,47,2014,10,28,19,2,14.0,1025.0,SE,11.18,0,0
725,8584,26,2010,12,24,15,-25,-4.0,1034.0,NE,1.79,0,0
726,35573,175,2014,1,22,4,-18,-9.0,1025.0,NW,4.47,0,0
727,22699,51,2012,8,3,18,24,29.0,1005.0,SE,17.89,0,0
728,22007,122,2012,7,5,22,20,22.0,1004.0,NW,4.02,0,1
729,9619,178,2011,2,5,18,-9,-1.0,1014.0,NW,1.79,0,0
730,16290,54,2011,11,10,17,-4,13.0,1017.0,SE,8.94,0,0
731,20219,144,2012,4,22,10,10,16.0,1005.0,cv,0.89,0,0
732,27323,83,2013,2,12,10,-7,-1.0,1028.0,cv,0.89,0,0
733,19893,27,2012,4,8,20,-12,18.0,1013.0,SE,7.15,0,0
734,42098,34,2014,10,21,1,7,13.0,1024.0,SE,14.31,0,0
735,2158,85,2010,3,31,21,-8,11.0,1017.0,NW,39.33,0,0
736,6961,81,2010,10,18,0,1,8.0,1029.0,SE,0.89,0,0
737,13373,105,2011,7,12,4,22,24.0,1009.0,SE,1.79,0,0
738,18399,22,2012,2,6,14,-25,-2.0,1027.0,NW,124.27,0,0
739,36438,17,2014,2,27,5,-16,3.0,1028.0,NW,54.1,0,0
740,25292,67,2012,11,19,19,-8,6.0,1024.0,cv,4.92,0,0
741,28286,15,2013,3,24,13,-18,8.0,1022.0,NW,6.26,0,0
742,33566,70,2013,10,30,13,-3,14.0,1027.0,SE,1.79,0,0
743,32220,67,2013,9,4,11,17,22.0,1017.0,SE,1.79,0,0
744,32042,37,2013,8,28,1,18,23.0,1003.0,SE,40.22,0,0
745,10577,96,2011,3,17,16,-10,17.0,1014.0,SE,15.19,0,0
746,4861,206,2010,7,22,12,24,31.0,1009.0,cv,1.79,0,0
747,988,12,2010,2,11,3,-22,-4.0,1035.0,NE,82.69,0,0
748,38825,6,2014,6,6,16,16,18.0,1004.0,NE,4.92,0,5
749,36108,206,2014,2,13,11,-11,-2.0,1037.0,SE,61.69,0,0
750,5893,52,2010,9,3,12,17,23.0,1014.0,NW,23.69,0,1
751,17649,179,2012,1,6,8,-14,-10.0,1037.0,NE,0.89,0,0
752,43451,15,2014,12,16,10,-19,-2.0,1032.0,NW,231.55,0,0
753,40415,27,2014,8,11,22,14,29.0,1005.0,SE,3.13,0,0
754,23909,131,2012,9,23,4,15,15.0,1013.0,cv,0.89,0,0
755,17766,24,2012,1,11,5,-18,-10.0,1040.0,cv,0.89,0,0
756,12259,,2011,5,26,18,14,17.0,1012.0,SE,4.02,0,0
757,21837,178,2012,6,28,20,21,22.0,1008.0,NE,4.91,0,3
758,9546,19,2011,2,2,17,-17,5.0,1020.0,NW,65.71,0,0
759,27373,9,2013,2,14,12,-22,1.0,1027.0,NE,61.24,0,0
760,33497,243,2013,10,27,16,2,15.0,1016.0,SE,6.71,0,0
761,16043,268,2011,10,31,10,11,13.0,1023.0,SE,1.79,0,0
762,38475,84,2014,5,23,2,12,24.0,1010.0,SE,72.42,0,0
763,4972,220,2010,7,27,3,24,27.0,1006.0,SE,10.73,0,0
764,5999,64,2010,9,7,22,17,21.0,1015.0,cv,1.78,0,0
765,2594,385,2010,4,19,1,8,14.0,1011.0,NE,0.89,0,0
766,17848,,2012,1,14,15,-17,5.0,1024.0,NE,4.92,0,0
767,17830,73,2012,1,13,21,-13,-5.0,1026.0,cv,0.89,0,0
768,10289,92,2011,3,5,16,-5,13.0,1014.0,SE,11.17,0,0
769,18791,16,2012,2,22,22,-14,3.0,1022.0,NW,16.98,0,0
770,39113,,2014,6,18,16,16,31.0,1000.0,SE,7.15,0,0
771,3959,137,2010,6,14,22,21,25.0,1003.0,SE,29.95,0,0
772,26269,16,2012,12,30,12,-19,-2.0,1025.0,NW,74.2,0,0
773,19867,87,2012,4,7,18,-2,20.0,1010.0,SE,26.82,0,0
774,40521,37,2014,8,16,8,19,24.0,1009.0,NE,1.79,0,0
775,5766,191,2010,8,29,5,20,21.0,1008.0,NE,0.89,0,0
776,8026,233,2010,12,1,9,-1,0.0,1015.0,cv,1.78,0,0
777,36830,110,2014,3,15,13,-12,17.0,1010.0,cv,1.79,0,0
778,1598,29,2010,3,8,13,-6,-2.0,1040.0,cv,0.45,0,0
779,13830,87,2011,7,31,5,23,23.0,1003.0,NE,3.56,0,0
780,37142,83,2014,3,28,13,5,22.0,1007.0,NE,8.04,0,0
781,1334,248,2010,2,25,13,-2,8.0,1017.0,SE,21.46,0,0
782,39664,16,2014,7,11,15,12,34.0,999.0,NW,4.02,0,0
783,43360,10,2014,12,12,15,-21,3.0,1026.0,NW,126.05,0,0
784,26856,398,2013,1,23,23,-9,-3.0,1021.0,NW,6.71,0,0
785,13462,94,2011,7,15,21,21,26.0,1004.0,SE,30.85,0,0
786,40805,108,2014,8,28,4,18,22.0,1014.0,NE,0.89,0,0
787,30753,23,2013,7,5,8,19,28.0,998.0,NW,27.71,0,0
788,36501,48,2014,3,1,20,-20,8.0,1021.0,SE,12.06,0,0
789,7327,,2010,11,2,6,-6,0.0,1031.0,NE,3.13,0,0
790,16288,45,2011,11,10,15,-5,16.0,1017.0,SE,1.79,0,0
791,7480,8,2010,11,8,15,-12,11.0,1025.0,NW,47.39,0,0
792,33780,109,2013,11,8,11,-5,10.0,1021.0,cv,0.89,0,0
793,22430,25,2012,7,23,13,22,32.0,1005.0,SE,1.79,0,0
794,2563,140,2010,4,17,18,5,11.0,1018.0,SE,105.05,0,0
795,26450,236,2013,1,7,1,-16,-12.0,1026.0,NW,1.79,0,0
796,43797,26,2014,12,30,20,-11,5.0,1022.0,NW,12.96,0,0
797,42025,211,2014,10,18,0,8,10.0,1017.0,NW,0.89,0,0
798,18962,293,2012,3,1,1,-5,-2.0,1022.0,cv,0.89,0,0
799,27916,119,2013,3,9,3,-4,3.0,1000.0,cv,0.89,0,0
800,36727,259,2014,3,11,6,-4,0.0,1017.0,NE,0.89,0,0
801,36421,551,2014,2,26,12,0,7.0,1021.0,cv,1.78,0,0
802,39157,19,2014,6,20,12,17,27.0,1007.0,NW,16.99,0,0
803,7583,112,2010,11,12,22,-14,7.0,1023.0,NW,42.92,0,0
804,40013,136,2014,7,26,4,18,23.0,1007.0,NE,1.79,0,0
805,27687,32,2013,2,27,14,-17,16.0,1016.0,NW,13.86,0,0
806,3017,16,2010,5,6,16,0,28.0,1004.0,NW,80.89,0,0
807,29227,95,2013,5,2,18,4,21.0,1009.0,SE,29.05,0,0
808,30116,191,2013,6,8,19,19,21.0,1006.0,NW,4.92,0,0
809,43728,363,2014,12,27,23,-9,-5.0,1025.0,cv,6.24,0,0
810,38993,48,2014,6,13,16,16,32.0,1005.0,SE,10.73,0,0
811,2336,75,2010,4,8,7,0,9.0,1011.0,SE,119.35,0,0
812,22423,12,2012,7,23,6,19,22.0,1005.0,NW,1.79,0,0
813,40378,25,2014,8,10,9,19,25.0,1004.0,SE,1.79,0,0
814,10712,20,2011,3,23,7,-17,4.0,1027.0,NW,122.04,0,0
815,21380,29,2012,6,9,19,19,21.0,998.0,cv,0.89,0,0
816,26730,372,2013,1,18,17,-11,-2.0,1024.0,SE,0.89,0,0
817,19830,36,2012,4,6,5,-5,7.0,1017.0,cv,0.45,0,0
818,41899,6,2014,10,12,18,-4,16.0,1030.0,NW,23.7,0,0
819,21631,,2012,6,20,6,19,21.0,1003.0,cv,1.34,0,0
820,35519,24,2014,1,19,22,-22,2.0,1026.0,NW,38.89,0,0
821,25786,102,2012,12,10,9,-13,-3.0,1030.0,NW,6.26,0,0
822,42045,296,2014,10,18,20,11,14.0,1015.0,SE,0.89,0,0
823,41368,89,2014,9,20,15,16,27.0,1008.0,cv,1.79,0,0
824,42114,41,2014,10,21,17,-3,13.0,1023.0,SE,8.94,0,0
825,39989,149,2014,7,25,4,19,20.0,1006.0,cv,0.89,0,0
826,18296,9,2012,2,2,7,-25,-11.0,1041.0,NW,43.8,0,0
827,37040,262,2014,3,24,7,0,5.0,1016.0,NE,0.89,0,0
828,24790,9,2012,10,29,21,-7,7.0,1029.0,NW,17.88,0,0
829,18869,139,2012,2,26,4,-16,-7.0,1030.0,NW,8.94,0,0
830,37255,124,2014,4,2,6,3,9.0,1011.0,NE,1.79,0,0
831,42591,56,2014,11,10,14,-6,15.0,1020.0,SE,4.92,0,0
832,37829,25,2014,4,26,4,8,11.0,1019.0,NW,12.97,0,7
833,30114,187,2013,6,8,17,19,22.0,1006.0,cv,2.67,0,0
834,36116,236,2014,2,13,19,-11,-2.0,1032.0,cv,0.89,0,0
835,13694,41,2011,7,25,13,24,25.0,999.0,NW,3.13,0,2
836,2814,11,2010,4,28,5,-10,6.0,1011.0,NW,254.37,0,0
837,8502,367,2010,12,21,5,-10,-5.0,1013.0,NW,1.79,0,0
838,3696,86,2010,6,3,23,13,20.0,1017.0,SE,24.14,0,0
839,23646,6,2012,9,12,5,11,18.0,1009.0,NW,16.99,0,0
840,43369,12,2014,12,13,0,-16,-7.0,1029.0,cv,2.67,0,0
841,42210,423,2014,10,25,17,13,17.0,1010.0,SE,8.05,0,0
842,7597,11,2010,11,13,12,-14,3.0,1027.0,NW,142.62,0,0
843,13973,,2011,8,6,4,22,23.0,1006.0,SE,0.89,0,0
844,4818,36,2010,7,20,17,21,29.0,1003.0,SE,17.88,0,0
845,25662,9,2012,12,5,5,-17,-2.0,1022.0,NW,19.22,0,0
846,10122,108,2011,2,26,17,-4,-1.0,1023.0,NE,1.79,0,0
847,36992,97,2014,3,22,7,-8,5.0,1016.0,NW,10.28,0,0
848,33557,135,2013,10,30,4,-2,2.0,1029.0,NW,4.92,0,0
849,21791,47,2012,6,26,22,21,24.0,1012.0,SE,23.25,0,0
850,38485,85,2014,5,23,12,12,34.0,1010.0,SE,22.35,0,0
851,21715,190,2012,6,23,18,22,26.0,1001.0,cv,1.78,0,0
852,20630,99,2012,5,9,13,6,28.0,1013.0,SE,11.63,0,0
853,36669,206,2014,3,8,20,-8,2.0,1022.0,NE,1.79,0,0
854,38704,37,2014,6,1,15,18,27.0,1006.0,SE,4.92,0,0
855,26406,30,2013,1,5,5,-21,-12.0,1028.0,NW,12.97,0,0
856,15277,26,2011,9,29,12,0,21.0,1019.0,NW,74.21,0,0
857,23686,14,2012,9,13,21,8,20.0,1014.0,NW,3.13,0,0
858,30369,94,2013,6,19,8,19,27.0,1003.0,NW,4.92,0,0
859,16551,115,2011,11,21,14,-4,7.0,1027.0,SE,1.79,0,0
860,37580,34,2014,4,15,19,-5,18.0,1018.0,SE,54.53,0,0
861,32496,40,2013,9,15,23,12,19.0,1013.0,SE,5.37,0,0
862,6707,381,2010,10,7,10,15,18.0,1017.0,cv,0.89,0,0
863,7289,22,2010,10,31,16,-4,19.0,1022.0,NW,4.02,0,0
864,40692,134,2014,8,23,11,21,29.0,1006.0,cv,5.35,0,0
865,14708,38,2011,9,5,19,15,24.0,1012.0,SE,35.76,0,0
866,22091,110,2012,7,9,10,24,25.0,1003.0,cv,3.56,0,0
867,7816,28,2010,11,22,15,-13,10.0,1020.0,cv,2.68,0,0
868,10004,498,2011,2,21,19,-4,2.0,1023.0,NW,1.79,0,0
869,14995,21,2011,9,17,18,2,19.0,1019.0,cv,0.89,0,0
870,402,191,2010,1,17,17,-10,-3.0,1026.0,SE,1.78,0,0
871,39884,59,2014,7,20,19,23,34.0,1002.0,SE,58.56,0,0
872,33841,14,2013,11,11,0,-12,1.0,1030.0,NW,1.79,0,0
873,33166,59,2013,10,13,21,10,14.0,1019.0,cv,1.78,0,0
874,30532,158,2013,6,26,3,19,21.0,998.0,NE,1.79,0,0
875,21645,175,2012,6,20,20,19,27.0,1002.0,SE,26.37,0,0
876,30230,130,2013,6,13,13,17,29.0,1008.0,SE,11.18,0,0
877,20225,160,2012,4,22,16,12,22.0,1001.0,SE,6.26,0,0
878,32812,284,2013,9,29,3,12,15.0,1014.0,NW,7.6,0,0
879,34482,450,2013,12,7,17,-4,2.0,1019.0,cv,1.78,0,0
880,39138,87,2014,6,19,17,19,25.0,1004.0,SE,39.32,0,0
881,30726,35,2013,7,4,5,20,23.0,994.0,NW,8.94,0,0
882,23180,69,2012,8,23,19,15,26.0,1013.0,SE,25.93,0,0
883,7507,78,2010,11,9,18,-4,3.0,1018.0,NE,0.89,0,0
884,34932,16,2013,12,26,11,-23,-1.0,1036.0,NW,237.82,0,0
885,22609,38,2012,7,31,0,22,22.0,1006.0,NW,6.71,0,7
886,35389,168,2014,1,14,12,-23,1.0,1035.0,cv,1.78,0,0
887,3276,82,2010,5,17,11,14,17.0,1011.0,SE,7.16,0,0
888,11036,143,2011,4,5,19,-5,15.0,1018.0,SE,65.72,0,0
889,30789,65,2013,7,6,20,19,31.0,1000.0,SE,46.5,0,0
890,20720,186,2012,5,13,7,14,15.0,1009.0,SE,67.03,0,0
891,19691,18,2012,3,31,10,-17,8.0,1022.0,NE,20.56,0,0
892,701,36,2010,1,30,4,-16,-1.0,1020.0,NW,4.02,0,0
893,36738,209,2014,3,11,17,-6,13.0,1015.0,cv,0.89,0,0
894,1357,81,2010,2,26,12,-6,4.0,1021.0,cv,1.78,0,0
895,41405,81,2014,9,22,4,16,20.0,1019.0,SE,3.58,0,0
896,8969,,2011,1,9,16,-22,-3.0,1035.0,NW,328.1,0,0
897,35286,85,2014,1,10,5,-23,-13.0,1031.0,NW,7.16,0,0
898,31716,65,2013,8,14,11,23,31.0,1004.0,SE,3.58,0,0
899,8409,71,2010,12,17,8,-15,-8.0,1014.0,NW,2.68,0,0
900,16015,293,2011,10,30,6,4,4.0,1021.0,cv,0.45,0,0
901,16501,16,2011,11,19,12,-12,7.0,1024.0,NW,88.98,0,0
902,43052,343,2014,11,29,19,3,4.0,1020.0,NW,1.79,0,0
903,4528,21,2010,7,8,15,11,36.0,1003.0,cv,4.92,0,0
904,27782,110,2013,3,3,13,-16,12.0,1018.0,NW,3.13,0,0
905,42044,272,2014,10,18,19,12,15.0,1015.0,NE,1.78,0,0
906,4083,227,2010,6,20,2,20,22.0,1006.0,NW,1.79,0,0
907,18056,223,2012,1,23,7,-22,-15.0,1030.0,cv,0.45,0,0
908,11470,13,2011,4,23,21,-3,15.0,1014.0,NW,38.0,0,0
909,14352,,2011,8,21,23,20,23.0,1010.0,cv,0.89,0,0
910,2635,80,2010,4,20,18,1,17.0,1019.0,SE,7.15,0,0
911,41511,146,2014,9,26,14,17,23.0,1008.0,cv,1.79,0,0
912,21701,173,2012,6,23,4,20,21.0,1002.0,NW,1.79,0,0
913,23475,30,2012,9,5,2,12,13.0,1017.0,cv,0.89,0,0
914,14570,205,2011,8,31,1,22,23.0,1007.0,SE,2.67,0,0
915,2129,,2010,3,30,16,7,9.0,1015.0,cv,2.68,0,6
916,27784,19,2013,3,3,15,-18,16.0,1016.0,NW,12.97,0,0
917,32912,36,2013,10,3,7,7,9.0,1019.0,cv,2.23,0,0
918,31704,36,2013,8,13,23,15,26.0,999.0,SE,11.18,0,1
919,6387,,2010,9,24,2,11,13.0,1019.0,NW,3.58,0,0
920,20085,56,2012,4,16,20,-2,17.0,1014.0,SE,34.87,0,0
921,7704,504,2010,11,17,23,-2,0.0,1022.0,cv,0.89,0,0
922,3063,119,2010,5,8,14,7,25.0,1006.0,SE,13.86,0,0
923,21483,12,2012,6,14,2,13,19.0,1003.0,NE,37.1,0,0
924,18769,141,2012,2,22,0,-6,-4.0,1018.0,NE,0.89,0,0
925,29240,51,2013,5,3,7,10,14.0,1018.0,NW,1.79,0,0
926,12300,140,2011,5,28,11,16,28.0,1010.0,SE,12.97,0,0
927,19261,170,2012,3,13,12,-12,10.0,1019.0,cv,3.13,0,0
928,21226,239,2012,6,3,9,19,22.0,1006.0,SE,1.79,0,1
929,13958,144,2011,8,5,13,23,30.0,1006.0,SE,10.29,0,0
930,6137,150,2010,9,13,16,16,33.0,1010.0,SE,4.92,0,0
931,38827,7,2014,6,6,18,16,18.0,1005.0,NE,3.13,0,7
932,42407,7,2014,11,2,22,-5,5.0,1022.0,cv,0.89,0,0
933,36812,32,2014,3,14,19,-18,12.0,1014.0,SE,30.39,0,0
934,28341,223,2013,3,26,20,1,8.0,1010.0,SE,1.79,0,0
935,41760,77,2014,10,6,23,7,11.0,1021.0,SE,0.89,0,0
936,1225,261,2010,2,21,0,-7,-2.0,1011.0,cv,2.23,0,0
937,5865,46,2010,9,2,8,18,23.0,1016.0,NW,3.13,0,0
938,33725,263,2013,11,6,4,-1,2.0,1017.0,NW,4.92,0,0
939,26935,284,2013,1,27,6,-11,-10.0,1029.0,NE,2.68,0,0
940,11735,93,2011,5,4,22,9,13.0,1006.0,SE,5.81,0,0
941,12280,,2011,5,27,15,15,28.0,1009.0,SE,11.17,0,0
942,24121,97,2012,10,2,0,11,12.0,1016.0,cv,0.89,0,0
943,22222,31,2012,7,14,21,18,25.0,1004.0,SE,12.52,0,0
944,31788,39,2013,8,17,11,12,34.0,1001.0,NW,47.84,0,0
945,22680,55,2012,8,2,23,23,25.0,1009.0,SE,4.47,0,0
946,43069,23,2014,11,30,12,-17,8.0,1022.0,NW,57.67,0,0
947,25431,14,2012,11,25,14,-15,7.0,1019.0,NW,34.87,0,0
948,31820,20,2013,8,18,19,14,30.0,1007.0,SE,4.02,0,0
949,19389,80,2012,3,18,20,-3,3.0,1027.0,NW,4.02,0,0
950,26709,107,2013,1,17,20,-13,-1.0,1035.0,SE,16.99,0,0
951,9563,47,2011,2,3,10,-18,0.0,1023.0,NE,4.02,0,0
952,1388,105,2010,2,27,19,-5,0.0,1017.0,SE,16.55,0,0
953,42008,99,2014,10,17,7,4,6.0,1017.0,cv,0.89,0,0
954,30749,24,2013,7,5,4,18,21.0,996.0,NW,16.09,0,0
955,8389,63,2010,12,16,12,-24,1.0,1016.0,NW,7.6,0,0
956,24968,54,2012,11,6,7,-1,1.0,1023.0,cv,1.78,0,0
957,22367,206,2012,7,20,22,25,28.0,1004.0,SE,33.54,0,0
958,5748,20,2010,8,28,11,17,28.0,1011.0,NW,29.05,0,0
959,18490,29,2012,2,10,9,-20,-2.0,1033.0,SE,1.79,0,0
960,15513,284,2011,10,9,8,15,17.0,1019.0,cv,0.89,0,0
961,27416,86,2013,2,16,7,-11,-5.0,1024.0,SE,1.79,0,0
962,11341,12,2011,4,18,12,-10,18.0,1017.0,NW,15.2,0,0
963,19196,10,2012,3,10,19,-23,-1.0,1030.0,NW,126.5,0,0
964,38790,90,2014,6,5,5,16,20.0,1006.0,NE,0.89,0,0
965,11928,29,2011,5,12,23,-2,20.0,1010.0,NW,281.62,0,0
966,25616,12,2012,12,3,7,-14,-2.0,1021.0,NW,24.59,0,0
967,20185,129,2012,4,21,0,12,12.0,1017.0,cv,0.89,0,6
968,38374,115,2014,5,18,21,13,27.0,1006.0,SE,44.7,0,0
969,17392,92,2011,12,26,15,-14,0.0,1034.0,SE,3.58,0,0
970,36441,12,2014,2,27,8,-15,3.0,1031.0,NW,67.96,0,0
971,24417,9,2012,10,14,8,7,14.0,1020.0,cv,50.73,0,0
972,8024,245,2010,12,1,7,-1,0.0,1015.0,NE,0.89,0,0
973,15462,,2011,10,7,5,5,7.0,1020.0,cv,0.89,0,0
974,40971,38,2014,9,4,2,16,17.0,1006.0,NE,3.57,0,0
975,22065,186,2012,7,8,8,23,26.0,1002.0,NE,1.79,0,0
976,43293,356,2014,12,9,20,-7,-1.0,1030.0,NW,6.71,0,0
977,29772,53,2013,5,25,11,10,28.0,1011.0,SE,1.79,0,0
978,25212,252,2012,11,16,11,1,2.0,1022.0,NW,1.79,0,0
979,41276,64,2014,9,16,19,13,18.0,1018.0,SE,1.79,0,0
980,33343,99,2013,10,21,6,2,5.0,1023.0,cv,0.45,0,0
981,8750,21,2010,12,31,13,-21,-4.0,1028.0,NW,479.23,0,0
982,13459,88,2011,7,15,18,21,28.0,1004.0,SE,21.91,0,0
983,27997,167,2013,3,12,12,3,4.0,1012.0,NW,0.89,0,9
984,11009,124,2011,4,4,16,-11,21.0,1021.0,SE,21.0,0,0
985,24419,18,2012,10,14,10,7,14.0,1020.0,cv,52.51,0,0
986,10791,39,2011,3,26,14,-13,15.0,1024.0,NW,3.13,0,0
987,22083,101,2012,7,9,2,23,24.0,1002.0,SE,34.43,0,5
988,31302,103,2013,7,28,5,21,23.0,1000.0,NW,6.26,0,0
989,17059,82,2011,12,12,18,-9,1.0,1029.0,SE,11.18,0,0
990,21703,187,2012,6,23,6,20,22.0,1003.0,SE,1.79,0,0
991,34680,163,2013,12,15,23,-16,-4.0,1034.0,NE,0.89,0,0
992,3469,39,2010,5,25,12,6,29.0,1012.0,cv,3.13,0,0
993,32658,111,2013,9,22,17,16,22.0,1014.0,SE,0.89,0,0
994,14218,17,2011,8,16,9,22,27.0,1004.0,NW,21.45,0,0
995,36433,31,2014,2,27,0,-9,7.0,1025.0,NW,14.31,0,0
996,12434,68,2011,6,3,1,11,24.0,1001.0,NW,13.86,0,0
997,31418,80,2013,8,2,1,20,22.0,1005.0,cv,3.57,0,0
998,25367,6,2012,11,22,22,-20,2.0,1032.0,NW,71.08,0,0
999,32737,47,2013,9,26,0,6,10.0,1018.0,cv,0.89,0,0
1000,6393,,2010,9,24,8,13,15.0,1019.0,NW,1.79,0,0
1001,23810,32,2012,9,19,1,12,15.0,1008.0,cv,0.89,0,0
1002,19715,78,2012,4,1,10,-7,9.0,1019.0,SE,8.05,0,0
1003,42160,143,2014,10,23,15,8,16.0,1012.0,SE,1.79,0,0
1004,7629,12,2010,11,14,20,-8,0.0,1035.0,NW,209.28,0,0
1005,11291,,2011,4,16,10,-3,16.0,1018.0,cv,2.68,0,0
1006,30306,199,2013,6,16,17,20,22.0,1001.0,NW,6.26,0,0
1007,30102,134,2013,6,8,5,19,20.0,1007.0,NW,0.89,0,0
1008,20328,176,2012,4,26,23,9,14.0,997.0,cv,0.89,0,0
1009,8997,88,2011,1,10,20,-19,-3.0,1023.0,SE,11.18,0,0
1010,37048,242,2014,3,24,15,0,21.0,1011.0,cv,13.4,0,0
1011,16632,333,2011,11,24,23,-7,-4.0,1029.0,NW,4.47,0,0
1012,35271,10,2014,1,9,14,-33,1.0,1029.0,NW,54.09,0,0
1013,27729,12,2013,3,1,8,-22,-2.0,1033.0,NE,4.02,0,0
1014,34925,16,2013,12,26,4,-22,-5.0,1034.0,NW,180.6,0,0
1015,34509,11,2013,12,8,20,-16,5.0,1023.0,NW,60.8,0,0
1016,26981,448,2013,1,29,4,-8,-7.0,1024.0,cv,1.79,0,0
1017,38353,34,2014,5,18,0,6,20.0,1011.0,SE,54.08,0,0
1018,40496,102,2014,8,15,7,19,21.0,1008.0,cv,1.78,0,0
1019,16183,49,2011,11,6,6,3,7.0,1028.0,NW,0.89,0,0
1020,14148,137,2011,8,13,11,25,29.0,1000.0,SE,26.84,0,0
1021,36223,60,2014,2,18,6,-13,-4.0,1034.0,SE,5.37,0,0
1022,15001,49,2011,9,18,0,6,11.0,1024.0,NW,4.92,0,0
1023,8607,26,2010,12,25,14,-22,-4.0,1025.0,NE,4.02,0,0
1024,22796,68,2012,8,7,19,25,29.0,1005.0,SE,21.0,0,0
1025,2440,29,2010,4,12,15,-14,9.0,1018.0,NW,84.49,0,0
1026,39015,46,2014,6,14,14,17,31.0,1005.0,cv,6.26,0,0
1027,20343,21,2012,4,27,14,-10,23.0,1001.0,NW,79.57,0,0
1028,11833,76,2011,5,9,0,12,13.0,1006.0,cv,0.89,0,0
1029,16128,123,2011,11,3,23,8,11.0,1024.0,cv,0.45,0,0
1030,41955,149,2014,10,15,2,5,6.0,1014.0,NW,0.89,0,0
1031,28039,84,2013,3,14,6,-4,-1.0,1030.0,cv,0.89,0,0
1032,12524,114,2011,6,6,19,18,26.0,998.0,cv,0.89,0,0
1033,18919,264,2012,2,28,6,-8,-5.0,1021.0,cv,0.89,0,0
1034,43023,70,2014,11,28,14,-5,10.0,1019.0,SE,3.13,0,0
1035,7896,168,2010,11,25,23,-10,-3.0,1024.0,NW,1.79,0,0
1036,26035,276,2012,12,20,18,-7,-3.0,1028.0,SE,1.79,0,0
1037,25813,107,2012,12,11,12,-10,-1.0,1034.0,NW,11.63,0,0
1038,38347,48,2014,5,17,18,5,27.0,1009.0,SE,39.77,0,0
1039,33222,38,2013,10,16,5,-3,3.0,1027.0,NW,7.15,0,0
1040,822,33,2010,2,4,5,-19,-12.0,1028.0,cv,0.89,0,0
1041,7686,220,2010,11,17,5,-4,-3.0,1023.0,cv,1.78,0,0
1042,11745,147,2011,5,5,8,12,13.0,1001.0,cv,0.89,0,0
1043,39444,50,2014,7,2,11,21,24.0,1004.0,SE,1.79,0,0
1044,34280,27,2013,11,29,7,-14,-4.0,1022.0,NW,13.86,0,0
1045,18492,36,2012,2,10,11,-22,2.0,1032.0,cv,0.89,0,0
1046,9695,148,2011,2,8,22,-12,-3.0,1022.0,cv,1.78,0,0
1047,25081,10,2012,11,11,0,-6,4.0,1016.0,NW,63.92,0,0
1048,20875,136,2012,5,19,18,19,29.0,1008.0,NE,4.92,0,0
1049,14216,21,2011,8,16,7,21,24.0,1003.0,NW,14.3,0,0
1050,28057,182,2013,3,15,0,-3,2.0,1024.0,cv,0.89,0,0
1051,5679,75,2010,8,25,14,19,29.0,1014.0,SE,1.79,0,0
1052,1955,63,2010,3,23,10,-7,10.0,1024.0,SE,8.94,0,0
1053,131,34,2010,1,6,10,-25,-12.0,1035.0,NE,50.06,0,0
1054,28937,69,2013,4,20,16,-2,16.0,1017.0,SE,9.84,0,0
1055,5757,55,2010,8,28,20,18,24.0,1009.0,SE,14.76,0,0
1056,40843,87,2014,8,29,18,19,26.0,1015.0,SE,2.68,0,0
1057,21752,98,2012,6,25,7,21,21.0,1006.0,cv,0.89,0,0
1058,30030,78,2013,6,5,5,17,18.0,1011.0,SE,3.13,0,8
1059,31698,89,2013,8,13,17,23,31.0,1003.0,SE,14.75,0,0
1060,2943,146,2010,5,3,14,6,24.0,1007.0,SE,15.2,0,0
1061,24535,47,2012,10,19,6,4,4.0,1019.0,NW,5.35,0,0
1062,29688,112,2013,5,21,23,5,21.0,1006.0,SE,15.2,0,0
1063,30438,61,2013,6,22,5,17,22.0,1008.0,SE,3.58,0,1
1064,28677,14,2013,4,9,20,-13,9.0,1022.0,NW,33.08,0,0
1065,33759,38,2013,11,7,14,-15,14.0,1019.0,SE,13.86,0,0
1066,40339,49,2014,8,8,18,15,30.0,1006.0,SE,34.43,0,0
1067,3887,94,2010,6,11,22,16,22.0,1010.0,SE,21.46,0,0
1068,41671,109,2014,10,3,6,12,14.0,1017.0,NW,0.89,0,0
1069,8197,27,2010,12,8,12,-12,6.0,1016.0,NW,11.63,0,0
1070,702,37,2010,1,30,5,-16,-4.0,1019.0,NW,8.94,0,0
1071,22936,14,2012,8,13,15,14,29.0,1008.0,SE,3.58,0,0
1072,33230,40,2013,10,16,13,-9,20.0,1024.0,cv,4.02,0,0
1073,33277,218,2013,10,18,12,4,15.0,1025.0,SE,1.79,0,0
1074,24639,60,2012,10,23,14,-1,20.0,1013.0,SE,3.13,0,0
1075,14295,48,2011,8,19,14,20,30.0,1012.0,SE,12.96,0,0
1076,22102,72,2012,7,9,21,23,25.0,1002.0,SE,33.08,0,0
1077,14499,102,2011,8,28,2,18,18.0,1011.0,cv,0.89,0,0
1078,25495,9,2012,11,28,6,-17,0.0,1019.0,NW,99.25,0,0
1079,31261,59,2013,7,26,12,19,23.0,1004.0,SE,8.05,0,2
1080,42680,49,2014,11,14,7,-9,-2.0,1026.0,NW,17.89,0,0
1081,2143,,2010,3,31,6,5,7.0,1014.0,cv,1.34,0,0
1082,15501,325,2011,10,8,20,15,17.0,1017.0,SE,1.78,0,0
1083,9651,110,2011,2,7,2,-9,-2.0,1019.0,cv,0.89,0,0
1084,24165,16,2012,10,3,20,7,14.0,1013.0,NW,1.79,0,0
1085,30361,86,2013,6,19,0,18,24.0,1001.0,SE,6.71,0,0
1086,37418,136,2014,4,9,1,5,17.0,1010.0,SE,45.15,0,0
1087,39154,35,2014,6,20,9,18,20.0,1008.0,NW,8.94,0,0
1088,42562,38,2014,11,9,9,-3,8.0,1028.0,NW,19.67,0,0
1089,10687,15,2011,3,22,6,-19,-1.0,1032.0,SE,3.13,0,0
1090,12886,116,2011,6,21,21,16,30.0,1000.0,SE,46.48,0,0
1091,21527,,2012,6,15,22,10,24.0,1006.0,NW,22.8,0,0
1092,26055,29,2012,12,21,14,-12,1.0,1028.0,NW,15.2,0,0
1093,33886,54,2013,11,12,21,-7,8.0,1025.0,SE,6.26,0,0
1094,9274,91,2011,1,22,9,-17,-8.0,1029.0,NW,18.33,0,0
1095,27039,172,2013,1,31,14,-1,-1.0,1022.0,cv,0.89,2,0
1096,10658,,2011,3,21,1,-6,1.0,1022.0,NW,0.89,0,0
1097,16046,214,2011,10,31,13,11,14.0,1022.0,SE,9.84,0,0
1098,9399,13,2011,1,27,14,-21,-2.0,1040.0,NE,3.13,0,0
1099,4500,57,2010,7,7,11,16,29.0,1004.0,SE,12.52,0,0
1100,3854,47,2010,6,10,13,15,22.0,1013.0,NW,29.06,0,0
1101,31151,48,2013,7,21,22,20,24.0,1005.0,SE,21.45,0,0
1102,19539,11,2012,3,25,2,-10,2.0,1024.0,NE,1.79,0,0
1103,7665,94,2010,11,16,8,-4,-1.0,1023.0,NW,273.72,0,0
1104,29817,63,2013,5,27,8,16,17.0,1010.0,NW,3.58,0,2
1105,435,332,2010,1,19,2,-5,-1.0,1024.0,NW,6.71,0,0
1106,18040,23,2012,1,22,15,-26,-3.0,1031.0,NW,22.8,0,0
1107,1823,66,2010,3,17,22,-7,-1.0,1026.0,NE,0.89,0,0
1108,42380,15,2014,11,1,19,-6,14.0,1019.0,NW,61.24,0,0
1109,26650,80,2013,1,15,9,-7,-6.0,1027.0,SE,60.35,4,0
1110,30482,75,2013,6,24,1,18,24.0,1003.0,SE,36.65,0,0
1111,31651,47,2013,8,11,18,22,25.0,1004.0,NW,4.92,0,4
1112,13790,43,2011,7,29,13,23,25.0,1007.0,NW,4.92,0,5
1113,21902,129,2012,7,1,13,24,33.0,998.0,SE,24.6,0,0
1114,34739,18,2013,12,18,10,-20,-3.0,1035.0,NW,14.3,0,0
1115,10166,12,2011,2,28,13,-12,5.0,1026.0,NW,39.79,0,0
1116,40671,56,2014,8,22,14,19,28.0,1007.0,SE,4.92,0,0
1117,43147,15,2014,12,3,18,-22,-1.0,1026.0,NW,95.66,0,0
1118,32433,50,2013,9,13,8,16,19.0,1007.0,SE,15.21,0,0
1119,1403,80,2010,2,28,10,-11,3.0,1023.0,NE,12.96,0,0
1120,25895,232,2012,12,14,22,0,0.0,1023.0,cv,1.34,0,0
1121,38542,18,2014,5,25,21,0,25.0,1005.0,SE,3.13,0,0
1122,13967,119,2011,8,5,22,22,26.0,1007.0,SE,40.24,0,0
1123,26875,10,2013,1,24,18,-16,-1.0,1023.0,NW,81.35,0,0
1124,18515,121,2012,2,11,10,-17,-1.0,1029.0,NW,9.84,0,0
1125,38400,167,2014,5,19,23,16,21.0,1003.0,cv,1.78,0,0
1126,12490,133,2011,6,5,9,13,27.0,1009.0,cv,1.78,0,0
1127,38172,63,2014,5,10,11,7,17.0,1017.0,SE,12.97,0,0
1128,33444,31,2013,10,25,11,-5,16.0,1028.0,NW,121.6,0,0
1129,28564,108,2013,4,5,3,5,6.0,1017.0,NW,56.32,0,12
1130,17581,16,2012,1,3,12,-19,-1.0,1031.0,NW,211.45,0,0
1131,22306,76,2012,7,18,9,22,26.0,1010.0,SE,95.23,0,0
1132,35959,119,2014,2,7,6,-10,-3.0,1029.0,SE,26.38,1,0
1133,29553,68,2013,5,16,8,10,20.0,1019.0,cv,4.46,0,0
1134,35297,48,2014,1,10,16,-29,5.0,1029.0,NW,4.92,0,0
1135,156,42,2010,1,7,11,-20,-10.0,1036.0,NW,16.09,0,0
1136,19954,10,2012,4,11,9,-8,13.0,1020.0,NW,29.5,0,0
1137,16328,30,2011,11,12,7,-2,5.0,1018.0,cv,0.89,0,0
1138,17142,8,2011,12,16,5,-23,-8.0,1040.0,NW,192.67,0,0
1139,8070,13,2010,12,3,5,-14,-5.0,1025.0,NW,8.05,0,0
1140,9602,53,2011,2,5,1,-11,-6.0,1025.0,cv,0.45,0,0
1141,21043,31,2012,5,26,18,3,32.0,1001.0,SE,40.24,0,0
1142,20984,48,2012,5,24,7,5,20.0,1012.0,NW,10.28,0,0
1143,31688,77,2013,8,13,7,22,26.0,1006.0,SE,16.54,0,0
1144,43063,235,2014,11,30,6,2,3.0,1021.0,NW,11.63,0,0
1145,34566,11,2013,12,11,5,-18,-4.0,1022.0,SE,1.79,0,0
1146,23980,19,2012,9,26,3,13,15.0,1019.0,NE,3.13,0,0
1147,2708,20,2010,4,23,19,-10,18.0,1018.0,NW,31.29,0,0
1148,29248,73,2013,5,3,15,5,22.0,1016.0,cv,1.79,0,0
1149,18642,16,2012,2,16,17,-20,0.0,1028.0,NW,102.37,0,0
1150,9760,8,2011,2,11,15,-16,-1.0,1030.0,NW,80.47,0,0
1151,9365,21,2011,1,26,4,-21,-11.0,1039.0,NW,12.08,0,0
1152,17490,201,2011,12,30,17,-9,-4.0,1031.0,SE,0.89,0,0
1153,17548,88,2012,1,2,3,-10,-4.0,1029.0,SE,15.65,0,0
1154,29213,57,2013,5,2,4,3,14.0,1013.0,SE,49.62,0,0
1155,38918,77,2014,6,10,13,16,25.0,1008.0,SE,9.83,0,0
1156,35523,7,2014,1,20,2,-21,-1.0,1027.0,NW,69.72,0,0
1157,1171,41,2010,2,18,18,-21,3.0,1021.0,cv,4.02,0,0
1158,15124,137,2011,9,23,3,9,12.0,1017.0,NW,2.68,0,0
1159,4309,172,2010,6,29,12,18,31.0,1003.0,SE,3.13,0,0
1160,42173,179,2014,10,24,4,8,8.0,1012.0,NW,5.37,0,0
1161,1043,23,2010,2,13,10,-18,-5.0,1031.0,cv,1.78,0,0
1162,43750,293,2014,12,28,21,-13,1.0,1017.0,cv,1.78,0,0
1163,37402,193,2014,4,8,9,4,16.0,1016.0,cv,1.78,0,0
1164,31341,60,2013,7,29,20,22,28.0,999.0,SE,6.26,0,0
1165,41335,106,2014,9,19,6,11,13.0,1014.0,NE,3.57,0,0
1166,40929,21,2014,9,2,8,19,20.0,1010.0,SE,1.79,0,8
1167,36131,205,2014,2,14,10,-7,-2.0,1028.0,cv,0.89,0,0
1168,9244,36,2011,1,21,3,-22,-10.0,1029.0,NW,10.73,0,0
1169,38328,105,2014,5,16,23,6,20.0,1013.0,SE,25.93,0,0
1170,36434,15,2014,2,27,1,-11,5.0,1026.0,NW,22.36,0,0
1171,37516,142,2014,4,13,3,2,10.0,1017.0,cv,1.78,0,0
1172,1731,65,2010,3,14,2,-9,2.0,1024.0,SE,6.71,0,0
1173,30060,129,2013,6,6,11,18,19.0,1011.0,SE,1.79,0,6
1174,9112,17,2011,1,15,15,-24,-4.0,1038.0,NW,314.71,0,0
1175,12915,152,2011,6,23,2,23,23.0,997.0,SE,5.37,0,1
1176,14170,41,2011,8,14,9,25,27.0,1003.0,cv,0.89,0,0
1177,5522,106,2010,8,19,1,20,22.0,1011.0,cv,0.89,0,12
1178,6692,372,2010,10,6,19,15,17.0,1013.0,NE,0.89,0,0
1179,4989,130,2010,7,27,20,23,31.0,1002.0,SE,47.39,0,0
1180,4891,102,2010,7,23,18,22,33.0,1007.0,SE,28.61,0,0
1181,29095,82,2013,4,27,6,2,9.0,1010.0,cv,0.89,0,0
1182,33741,12,2013,11,6,20,-15,13.0,1020.0,NW,98.36,0,0
1183,39433,27,2014,7,2,0,20,21.0,1005.0,cv,1.78,0,6
1184,17589,11,2012,1,3,20,-20,-4.0,1034.0,NW,307.56,0,0
1185,4425,119,2010,7,4,8,20,29.0,1001.0,NW,1.79,0,0
1186,30226,112,2013,6,13,9,16,24.0,1009.0,cv,1.79,0,0
1187,40776,39,2014,8,26,23,13,22.0,1013.0,NE,1.79,0,0
1188,18235,155,2012,1,30,18,-10,-7.0,1027.0,NE,0.89,0,0
1189,5324,154,2010,8,10,19,21,27.0,1005.0,SE,23.25,0,0
1190,41849,261,2014,10,10,16,15,22.0,1020.0,SE,9.84,0,0
1191,6870,5,2010,10,14,5,0,11.0,1020.0,NW,8.05,0,0
1192,94,33,2010,1,4,21,-24,-13.0,1034.0,NW,187.27,0,0
1193,7099,271,2010,10,23,18,13,14.0,1017.0,NE,1.78,0,0
1194,1539,12,2010,3,6,2,-21,-3.0,1034.0,NE,44.7,0,0
1195,9746,100,2011,2,11,1,-5,-4.0,1028.0,cv,0.89,0,0
1196,38099,105,2014,5,7,10,3,22.0,1006.0,NW,13.86,0,0
1197,36885,21,2014,3,17,20,-11,17.0,1016.0,NW,101.02,0,0
1198,17395,183,2011,12,26,18,-13,-5.0,1034.0,NE,0.89,0,0
1199,10321,,2011,3,7,0,-15,3.0,1027.0,NW,30.85,0,0
1200,27162,99,2013,2,5,17,-5,-2.0,1022.0,SE,4.92,0,0
1201,30736,13,2013,7,4,15,15,36.0,991.0,NE,3.58,0,0
1202,35796,81,2014,1,31,11,-7,2.0,1020.0,NW,17.43,0,0
1203,38482,105,2014,5,23,9,15,29.0,1011.0,SE,3.58,0,0
1204,15764,254,2011,10,19,19,12,13.0,1021.0,cv,0.89,0,0
1205,17678,175,2012,1,7,13,-5,-5.0,1037.0,cv,0.89,14,0
1206,15192,301,2011,9,25,23,16,17.0,1018.0,SE,4.45,0,0
1207,11292,,2011,4,16,11,-5,19.0,1017.0,SE,4.92,0,0
1208,13055,113,2011,6,28,22,19,27.0,1004.0,SE,28.61,0,0
1209,8608,21,2010,12,25,15,-22,-3.0,1024.0,NE,7.15,0,0
1210,37165,23,2014,3,29,12,-1,21.0,1014.0,NW,4.92,0,0
1211,14609,12,2011,9,1,16,12,28.0,1010.0,SE,15.19,0,0
1212,2513,194,2010,4,15,16,2,9.0,1018.0,cv,0.89,0,0
1213,37285,14,2014,4,3,12,-24,20.0,1023.0,NW,50.96,0,0
1214,39733,21,2014,7,14,12,14,34.0,1002.0,cv,3.58,0,0
1215,18853,14,2012,2,25,12,-21,1.0,1032.0,NW,72.4,0,0
1216,24627,48,2012,10,23,2,4,4.0,1018.0,cv,2.23,0,0
1217,42690,25,2014,11,14,17,-13,9.0,1026.0,SE,4.92,0,0
1218,25476,204,2012,11,27,11,-6,2.0,1013.0,cv,3.56,0,0
1219,26755,85,2013,1,19,18,-8,-1.0,1031.0,NE,0.89,0,0
1220,43767,27,2014,12,29,14,-14,11.0,1011.0,NW,17.43,0,0
1221,24072,48,2012,9,29,23,8,11.0,1018.0,cv,0.89,0,0
1222,22654,16,2012,8,1,21,20,22.0,1007.0,NW,17.88,0,0
1223,5550,126,2010,8,20,5,22,23.0,1015.0,NW,1.79,0,0
1224,4453,13,2010,7,5,12,7,39.0,1000.0,NW,3.13,0,0
1225,2264,180,2010,4,5,7,1,7.0,1013.0,cv,0.89,0,0
1226,31247,53,2013,7,25,22,18,28.0,1003.0,SE,35.76,0,0
1227,33172,100,2013,10,14,3,10,13.0,1020.0,NW,1.79,0,0
1228,17377,77,2011,12,26,0,-13,-8.0,1037.0,NE,1.79,0,0
1229,5240,105,2010,8,7,7,18,22.0,1013.0,cv,0.89,0,0
1230,17014,85,2011,12,10,21,-10,0.0,1026.0,SE,14.76,0,0
1231,32498,26,2013,9,16,1,13,17.0,1013.0,cv,0.89,0,0
1232,29856,113,2013,5,28,23,9,21.0,1007.0,NW,10.73,0,0
1233,7886,54,2010,11,25,13,-14,6.0,1024.0,SE,3.13,0,0
1234,43669,16,2014,12,25,12,-13,7.0,1033.0,NW,7.15,0,0
1235,5037,277,2010,7,29,20,28,30.0,996.0,SE,3.58,0,2
1236,22245,38,2012,7,15,20,16,28.0,1005.0,SE,10.29,0,0
1237,19471,306,2012,3,22,6,2,5.0,1022.0,NW,1.79,0,0
1238,34028,20,2013,11,18,19,-19,5.0,1026.0,NW,263.33,0,0
1239,4991,139,2010,7,27,22,23,30.0,1002.0,SE,55.44,0,0
1240,13578,61,2011,7,20,17,22,26.0,1002.0,SE,16.54,0,0
1241,19611,16,2012,3,28,2,-8,15.0,1024.0,NE,13.85,0,0
1242,23309,153,2012,8,29,4,22,23.0,1002.0,NW,3.58,0,0
1243,29867,12,2013,5,29,10,1,26.0,1011.0,NW,84.93,0,0
1244,13448,52,2011,7,15,7,21,22.0,1007.0,SE,3.58,0,0
1245,15278,19,2011,9,29,13,1,22.0,1018.0,NW,80.02,0,0
1246,19887,23,2012,4,8,14,-14,24.0,1014.0,NW,76.89,0,0
1247,31917,117,2013,8,22,20,20,26.0,1009.0,NW,1.79,0,0
1248,36594,32,2014,3,5,17,-23,8.0,1024.0,SE,36.65,0,0
1249,526,39,2010,1,22,21,-17,-4.0,1032.0,NW,159.12,0,0
1250,34878,426,2013,12,24,5,-14,-8.0,1035.0,cv,0.45,0,0
1251,12440,25,2011,6,3,7,3,24.0,1006.0,NE,28.16,0,0
1252,12341,58,2011,5,30,4,15,19.0,1004.0,NE,1.79,0,0
1253,41472,101,2014,9,24,23,16,17.0,1017.0,cv,0.89,0,0
1254,36494,17,2014,3,1,13,-23,10.0,1023.0,NW,39.78,0,0
1255,3584,29,2010,5,30,7,11,23.0,1006.0,NW,3.13,0,0
1256,9355,11,2011,1,25,18,-22,-4.0,1036.0,NW,99.25,0,0
1257,43617,82,2014,12,23,8,-12,-6.0,1021.0,NW,12.52,0,0
1258,30884,25,2013,7,10,19,21,24.0,1005.0,NW,32.18,0,0
1259,6529,,2010,9,30,0,9,10.0,1019.0,SE,0.89,0,0
1260,26100,,2012,12,23,11,-25,-10.0,1039.0,NW,192.66,0,0
1261,35288,47,2014,1,10,7,-23,-13.0,1031.0,NW,13.42,0,0
1262,22341,124,2012,7,19,20,23,28.0,1004.0,cv,0.89,0,0
1263,21327,61,2012,6,7,14,13,31.0,998.0,SE,8.94,0,0
1264,13265,16,2011,7,7,16,10,30.0,996.0,SE,3.13,0,0
1265,11923,32,2011,5,12,18,-2,23.0,1008.0,NW,254.79,0,0
1266,32419,178,2013,9,12,18,18,24.0,1008.0,cv,0.89,0,0
1267,41445,56,2014,9,23,20,17,17.0,1016.0,SE,1.79,0,22
1268,29293,156,2013,5,5,12,12,25.0,1017.0,cv,3.56,0,0
1269,19295,59,2012,3,14,22,-9,3.0,1028.0,SE,38.88,0,0
1270,10305,19,2011,3,6,8,-10,5.0,1026.0,NW,63.48,0,0
1271,11407,140,2011,4,21,6,5,17.0,1010.0,SE,1.79,0,0
1272,34255,10,2013,11,28,6,-27,-3.0,1028.0,NW,365.2,0,0
1273,28548,87,2013,4,4,11,-5,11.0,1015.0,cv,2.67,0,0
1274,6435,,2010,9,26,2,13,14.0,1017.0,NW,1.79,0,0
1275,40007,69,2014,7,25,22,15,27.0,1006.0,SE,35.32,0,0
1276,27074,10,2013,2,2,1,-17,-5.0,1034.0,NE,32.19,0,0
1277,13650,206,2011,7,23,17,28,32.0,1001.0,cv,0.89,0,0
1278,14751,116,2011,9,7,14,13,29.0,1004.0,SE,15.2,0,0
1279,41712,77,2014,10,4,23,12,13.0,1023.0,SE,12.97,0,0
1280,23172,105,2012,8,23,11,16,26.0,1015.0,cv,1.78,0,0
1281,18811,18,2012,2,23,18,-19,2.0,1024.0,SE,11.17,0,0
1282,8667,18,2010,12,28,2,-21,-6.0,1017.0,NW,123.38,0,0
1283,3790,142,2010,6,7,21,14,25.0,1013.0,SE,44.7,0,0
1284,36186,211,2014,2,16,17,-11,5.0,1029.0,SE,9.39,0,0
1285,8301,139,2010,12,12,20,-8,-2.0,1022.0,cv,1.34,0,0
1286,29980,169,2013,6,3,3,17,18.0,1003.0,cv,1.34,0,0
1287,34404,71,2013,12,4,11,-12,11.0,1020.0,NE,3.13,0,0
1288,23240,185,2012,8,26,7,18,20.0,1012.0,cv,4.45,0,0
1289,18266,14,2012,2,1,1,-28,-10.0,1034.0,NW,5.81,0,0
1290,20305,45,2012,4,26,0,2,9.0,1008.0,cv,3.56,0,0
1291,2658,26,2010,4,21,17,2,13.0,1020.0,NW,11.62,0,0
1292,23275,56,2012,8,27,18,22,27.0,1008.0,SE,20.57,0,0
1293,43698,234,2014,12,26,17,-9,-1.0,1030.0,cv,4.9,0,0
1294,24771,41,2012,10,29,2,4,9.0,1024.0,SE,3.58,0,0
1295,18290,30,2012,2,2,1,-24,-9.0,1041.0,NW,11.17,0,0
1296,632,140,2010,1,27,7,-11,-4.0,1015.0,NW,18.79,0,0
1297,25350,318,2012,11,22,5,-1,1.0,1019.0,NE,0.89,0,0
1298,16136,90,2011,11,4,7,9,11.0,1023.0,NE,0.89,0,0
1299,27575,38,2013,2,22,22,-14,-3.0,1029.0,cv,2.67,0,0
1300,37520,149,2014,4,13,7,4,9.0,1018.0,NE,0.89,0,0
1301,34994,64,2013,12,29,1,-24,0.0,1023.0,NW,5.81,0,0
1302,18294,7,2012,2,2,5,-25,-10.0,1041.0,NW,30.84,0,0
1303,28673,11,2013,4,9,16,-10,11.0,1019.0,NW,4.02,0,0
1304,31305,62,2013,7,28,8,21,28.0,1001.0,NE,1.79,0,0
1305,40052,98,2014,7,27,19,18,32.0,1004.0,SE,38.45,0,0
1306,41189,64,2014,9,13,4,18,19.0,1015.0,cv,0.89,0,0
1307,9605,63,2011,2,5,4,-11,-7.0,1023.0,cv,0.89,0,0
1308,15131,76,2011,9,23,10,11,22.0,1018.0,SE,1.79,0,0
1309,43426,17,2014,12,15,9,-16,2.0,1027.0,NW,28.6,0,0
1310,15359,53,2011,10,2,22,-1,15.0,1030.0,SE,12.97,0,0
1311,40026,76,2014,7,26,17,16,35.0,1007.0,SE,19.66,0,0
1312,2721,90,2010,4,24,8,0,13.0,1019.0,SE,1.79,0,0
1313,3150,33,2010,5,12,5,6,10.0,1019.0,SE,0.89,0,0
1314,27912,89,2013,3,8,23,-4,4.0,1005.0,SE,59.02,0,0
1315,20674,137,2012,5,11,9,14,20.0,1013.0,cv,0.89,0,1
1316,42388,8,2014,11,2,3,-12,9.0,1022.0,NW,120.69,0,0
1317,28076,302,2013,3,15,19,1,9.0,1018.0,SE,2.68,0,0
1318,35982,133,2014,2,8,5,-7,-4.0,1024.0,cv,1.78,0,0
1319,36092,237,2014,2,12,19,-15,1.0,1033.0,SE,13.41,0,0
1320,14355,120,2011,8,22,2,21,22.0,1010.0,SE,4.92,0,0
1321,5931,92,2010,9,5,2,19,21.0,1012.0,cv,0.89,0,0
1322,42659,40,2014,11,13,10,-11,8.0,1026.0,SE,4.92,0,0
1323,15533,71,2011,10,10,4,12,15.0,1024.0,NE,0.89,0,0
1324,8565,46,2010,12,23,20,-24,-10.0,1038.0,cv,1.34,0,0
1325,42182,281,2014,10,24,13,12,17.0,1010.0,cv,2.67,0,0
1326,9430,14,2011,1,28,21,-21,-7.0,1036.0,NW,76.89,0,0
1327,11660,33,2011,5,1,19,-1,23.0,1010.0,SE,3.13,0,0
1328,17206,99,2011,12,18,21,-17,-2.0,1032.0,NW,5.81,0,0
1329,30209,83,2013,6,12,16,15,26.0,1006.0,SE,20.56,0,0
1330,8267,47,2010,12,11,10,-15,-1.0,1023.0,SE,8.94,0,0
1331,25148,11,2012,11,13,19,-18,3.0,1019.0,NW,249.87,0,0
1332,2917,59,2010,5,2,12,-1,30.0,1002.0,cv,0.89,0,0
1333,38283,68,2014,5,15,2,5,11.0,1001.0,NE,1.79,0,0
1334,31547,37,2013,8,7,10,22,29.0,1002.0,NW,6.26,0,0
1335,980,11,2010,2,10,19,-22,-1.0,1032.0,NE,38.88,0,0
1336,1281,134,2010,2,23,8,-6,-4.0,1010.0,cv,0.89,0,0
1337,34231,6,2013,11,27,6,-26,-4.0,1026.0,NW,164.05,0,0
1338,34592,23,2013,12,12,7,-19,-1.0,1020.0,NW,8.94,0,0
1339,34273,46,2013,11,29,0,-18,4.0,1024.0,NW,485.46,0,0
1340,41527,43,2014,9,27,6,11,12.0,1016.0,NW,4.92,0,0
1341,30166,34,2013,6,10,21,15,20.0,1011.0,SE,16.99,0,0
1342,17723,96,2012,1,9,10,-11,-2.0,1033.0,NE,1.79,0,0
1343,28773,8,2013,4,13,20,-9,17.0,1007.0,NW,75.54,0,0
1344,40190,112,2014,8,2,13,24,33.0,1002.0,cv,5.35,0,0
1345,9188,21,2011,1,18,19,-21,-4.0,1032.0,NW,84.93,0,0
1346,10797,16,2011,3,26,20,-12,11.0,1025.0,NW,12.07,0,0
1347,8839,67,2011,1,4,6,-15,-10.0,1028.0,NW,9.39,0,0
1348,20814,50,2012,5,17,5,6,16.0,1005.0,SE,11.18,0,0
1349,32063,112,2013,8,28,22,20,23.0,998.0,cv,1.78,0,0
1350,23878,71,2012,9,21,21,13,24.0,1011.0,SE,33.98,0,0
1351,4725,139,2010,7,16,20,23,28.0,1004.0,SE,23.69,0,0
1352,39438,65,2014,7,2,5,20,21.0,1003.0,NW,0.89,0,2
1353,28403,117,2013,3,29,10,-8,9.0,1023.0,NE,4.02,0,0
1354,41339,136,2014,9,19,10,15,20.0,1014.0,SE,5.37,0,0
1355,13141,144,2011,7,2,12,23,27.0,1001.0,cv,0.89,0,0
1356,30420,84,2013,6,21,11,16,31.0,1010.0,SE,3.13,0,0
1357,30228,121,2013,6,13,11,16,26.0,1009.0,SE,4.92,0,0
1358,10031,401,2011,2,22,22,-6,-1.0,1018.0,cv,2.23,0,0
1359,5016,188,2010,7,28,23,25,29.0,997.0,SE,32.63,0,0
1360,20541,46,2012,5,5,20,5,26.0,1006.0,SE,22.35,0,0
1361,15673,16,2011,10,16,0,3,18.0,1010.0,SE,4.02,0,0
1362,5809,116,2010,8,31,0,19,25.0,1009.0,NW,4.02,0,1
1363,21147,60,2012,5,31,2,6,15.0,1018.0,NE,0.89,0,0
1364,3181,60,2010,5,13,12,7,24.0,1018.0,cv,4.47,0,0
1365,33436,41,2013,10,25,3,-2,6.0,1028.0,NW,90.3,0,0
1366,28317,150,2013,3,25,20,-8,7.0,1019.0,SE,16.99,0,0
1367,1284,150,2010,2,23,11,-7,2.0,1008.0,cv,0.89,0,0
1368,10456,225,2011,3,12,15,-3,17.0,1007.0,SE,9.84,0,0
1369,28981,201,2013,4,22,12,7,15.0,1015.0,SE,7.15,0,0
1370,22335,115,2012,7,19,14,23,30.0,1005.0,SE,19.69,0,0
1371,28178,62,2013,3,20,1,-1,-1.0,1023.0,SE,10.73,6,0
1372,38907,67,2014,6,10,2,14,19.0,1008.0,cv,0.89,0,0
1373,28627,97,2013,4,7,18,-1,12.0,1003.0,SE,101.03,0,0
1374,10498,21,2011,3,14,9,-16,6.0,1031.0,NW,46.04,0,0
1375,22718,17,2012,8,4,13,22,32.0,1007.0,NE,16.99,0,0
1376,19167,82,2012,3,9,14,-12,5.0,1025.0,SE,12.97,0,0
1377,6124,261,2010,9,13,3,17,19.0,1012.0,NW,0.89,0,0
1378,9603,46,2011,2,5,2,-11,-6.0,1024.0,cv,1.34,0,0
1379,39258,48,2014,6,24,17,16,30.0,1002.0,SE,24.12,0,0
1380,5082,18,2010,7,31,17,18,31.0,1001.0,NE,47.37,0,0
1381,4777,147,2010,7,19,0,23,28.0,1005.0,SE,38.89,0,0
1382,8356,13,2010,12,15,3,-28,-11.0,1037.0,NW,155.99,0,0
1383,14928,172,2011,9,14,23,17,18.0,1010.0,cv,1.78,0,0
1384,466,45,2010,1,20,9,-10,0.0,1030.0,NW,55.89,0,0
1385,6927,50,2010,10,16,14,8,18.0,1018.0,SE,21.89,0,0
1386,18610,92,2012,2,15,9,-10,-5.0,1031.0,NE,0.89,0,0
1387,4384,12,2010,7,2,15,13,37.0,999.0,SE,3.13,0,0
1388,32864,134,2013,10,1,7,16,18.0,1016.0,NW,3.13,0,2
1389,25004,39,2012,11,7,19,-6,11.0,1019.0,NW,74.22,0,0
1390,1382,88,2010,2,27,13,-4,-1.0,1019.0,SE,1.79,0,0
1391,3550,193,2010,5,28,21,16,18.0,1008.0,SE,1.79,0,0
1392,23692,14,2012,9,14,3,10,11.0,1015.0,NW,12.07,0,0
1393,2039,142,2010,3,26,22,-9,6.0,1019.0,NW,4.02,0,0
1394,6828,31,2010,10,12,11,5,16.0,1023.0,NW,7.16,0,0
1395,17234,191,2011,12,20,1,-15,-7.0,1032.0,NW,1.79,0,0
1396,34380,56,2013,12,3,11,-14,11.0,1024.0,NW,1.79,0,0
1397,14972,25,2011,9,16,19,9,18.0,1016.0,NW,8.94,0,0
1398,34406,68,2013,12,4,13,-13,12.0,1018.0,NE,8.05,0,0
1399,2748,134,2010,4,25,11,7,18.0,1015.0,SE,131.88,0,0
1400,36380,387,2014,2,24,19,-5,4.0,1026.0,SE,1.79,0,0
1401,12953,25,2011,6,24,16,15,28.0,1008.0,SE,4.02,0,0
1402,32662,134,2013,9,22,21,17,20.0,1014.0,NE,0.89,0,0
1403,36703,78,2014,3,10,6,-8,-3.0,1027.0,NE,0.89,0,0
1404,10691,13,2011,3,22,10,-20,7.0,1030.0,NW,16.09,0,0
1405,17668,40,2012,1,7,3,-10,-4.0,1040.0,SE,42.94,4,0
1406,6354,,2010,9,22,17,0,22.0,1019.0,SE,4.92,0,0
1407,30206,60,2013,6,12,13,14,26.0,1007.0,SE,10.28,0,0
1408,32355,106,2013,9,10,2,16,19.0,1011.0,cv,0.89,0,0
1409,22975,73,2012,8,15,6,17,17.0,1006.0,cv,0.45,0,0
1410,29891,54,2013,5,30,10,8,27.0,1008.0,SE,1.79,0,0
1411,18678,10,2012,2,18,5,-23,-9.0,1035.0,NW,8.05,0,0
1412,16289,59,2011,11,10,16,-5,14.0,1017.0,SE,4.92,0,0
1413,21873,100,2012,6,30,8,22,25.0,1004.0,NW,4.92,0,0
1414,5093,46,2010,8,1,4,22,24.0,1006.0,SE,10.73,0,0
1415,12900,204,2011,6,22,11,20,26.0,999.0,SE,11.18,0,0
1416,40502,17,2014,8,15,13,14,32.0,1006.0,cv,1.78,0,0
1417,30673,41,2013,7,2,0,21,23.0,994.0,NW,4.92,0,5
1418,10927,18,2011,4,1,6,-6,11.0,1023.0,NE,52.75,0,0
1419,2931,43,2010,5,3,2,-1,15.0,1007.0,cv,2.23,0,0
1420,27568,14,2013,2,22,15,-25,7.0,1029.0,NW,16.98,0,0
1421,17274,13,2011,12,21,17,-22,1.0,1031.0,NW,91.63,0,0
1422,2359,63,2010,4,9,6,1,13.0,1011.0,NE,10.73,0,0
1423,14814,22,2011,9,10,5,13,15.0,1024.0,NW,9.84,0,3
1424,4234,209,2010,6,26,9,17,25.0,1008.0,SE,1.79,0,0
1425,11750,150,2011,5,5,13,10,21.0,1001.0,NW,3.13,0,0
1426,886,99,2010,2,6,21,-6,-5.0,1028.0,SE,38.89,3,0
1427,8375,54,2010,12,15,22,-24,-4.0,1027.0,NW,5.81,0,0
1428,14478,111,2011,8,27,5,19,20.0,1014.0,cv,1.78,0,0
1429,29521,67,2013,5,15,0,7,19.0,1012.0,cv,0.89,0,0
1430,11000,241,2011,4,4,7,-6,6.0,1025.0,NW,5.35,0,0
1431,7975,154,2010,11,29,6,-8,-4.0,1020.0,NW,4.47,0,0
1432,11451,,2011,4,23,2,6,9.0,1014.0,SE,14.31,0,0
1433,32555,126,2013,9,18,10,19,22.0,1021.0,SE,1.79,0,0
1434,40673,76,2014,8,22,16,19,28.0,1006.0,SE,3.13,0,0
1435,34687,73,2013,12,16,6,-16,-8.0,1031.0,NW,6.26,0,0
1436,33785,175,2013,11,8,16,-4,13.0,1018.0,SE,0.89,0,0
1437,37561,56,2014,4,15,0,8,17.0,1016.0,cv,0.89,0,0
1438,7472,9,2010,11,8,7,-7,7.0,1024.0,NW,178.81,0,0
1439,7320,,2010,11,1,23,-8,6.0,1032.0,NE,12.06,0,0
1440,34032,16,2013,11,18,23,-18,2.0,1028.0,NE,19.67,0,0
1441,35693,111,2014,1,27,4,-10,-7.0,1018.0,NW,1.79,0,0
1442,33339,90,2013,10,21,2,2,5.0,1024.0,cv,4.01,0,0
1443,9456,9,2011,1,29,23,-23,-7.0,1036.0,NW,77.34,0,0
1444,39408,57,2014,6,30,23,15,28.0,1005.0,SE,43.8,0,0
1445,40371,22,2014,8,10,2,18,20.0,1005.0,NE,1.79,0,0
1446,43576,15,2014,12,21,15,-18,2.0,1025.0,NW,425.09,0,0
1447,17040,48,2011,12,11,23,-8,0.0,1027.0,NW,1.79,0,0
1448,18521,40,2012,2,11,16,-23,5.0,1026.0,NE,8.94,0,0
1449,26093,9,2012,12,23,4,-26,-11.0,1039.0,NW,137.68,0,0
1450,33209,17,2013,10,15,16,-14,17.0,1027.0,cv,1.79,0,0
1451,37999,64,2014,5,3,6,5,8.0,1014.0,cv,0.89,0,0
1452,29458,29,2013,5,12,9,-6,23.0,1000.0,NW,4.92,0,0
1453,32005,13,2013,8,26,12,12,33.0,1006.0,SE,3.13,0,0
1454,20272,37,2012,4,24,15,14,15.0,1006.0,NW,33.52,0,10
1455,25931,71,2012,12,16,10,-4,-2.0,1029.0,SE,37.09,3,0
1456,41691,81,2014,10,4,2,14,15.0,1017.0,SE,9.84,0,5
1457,32973,342,2013,10,5,20,13,16.0,1022.0,NE,0.89,0,0
1458,2412,67,2010,4,11,11,2,6.0,1019.0,SE,96.99,0,6
1459,43110,11,2014,12,2,5,-22,-8.0,1030.0,NE,14.3,0,0
1460,29562,85,2013,5,16,17,9,25.0,1014.0,SE,21.01,0,0
1461,16000,226,2011,10,29,15,9,16.0,1020.0,SE,11.63,0,0
1462,37673,55,2014,4,19,16,4,14.0,1019.0,SE,34.43,0,2
1463,11123,,2011,4,9,10,-2,17.0,1014.0,cv,1.78,0,0
1464,19512,16,2012,3,23,23,-8,2.0,1017.0,cv,3.56,0,0
1465,42493,7,2014,11,6,12,-12,10.0,1031.0,NE,41.13,0,0
1466,12482,40,2011,6,5,1,12,19.0,1007.0,cv,0.89,0,0
1467,548,,2010,1,23,19,-17,0.0,1024.0,NW,100.16,0,0
1468,19235,46,2012,3,12,10,-18,4.0,1029.0,NW,1.79,0,0
1469,39630,39,2014,7,10,5,18,21.0,1001.0,NW,2.68,0,0
1470,32451,146,2013,9,14,2,18,20.0,1006.0,NE,1.79,0,0
1471,6499,,2010,9,28,18,0,15.0,1023.0,SE,9.39,0,0
1472,40940,9,2014,9,2,19,18,20.0,1011.0,NW,3.13,0,0
1473,18189,129,2012,1,28,20,-10,-7.0,1031.0,cv,6.24,0,0
1474,39593,13,2014,7,8,16,14,32.0,1002.0,NE,3.13,0,0
1475,35948,118,2014,2,6,19,-14,-1.0,1030.0,cv,1.34,0,0
1476,35929,139,2014,2,6,0,-12,-4.0,1029.0,NE,2.68,0,0
1477,27355,292,2013,2,13,18,-7,2.0,1020.0,SE,20.12,0,0
1478,36550,241,2014,3,3,21,-6,3.0,1022.0,NW,17.44,0,0
1479,17144,10,2011,12,16,7,-22,-8.0,1041.0,NW,207.87,0,0
1480,31599,42,2013,8,9,14,17,35.0,1000.0,SE,4.92,0,0
1481,33535,17,2013,10,29,6,0,3.0,1027.0,cv,1.78,0,0
1482,37940,94,2014,4,30,19,9,25.0,1006.0,SE,29.95,0,0
1483,13758,190,2011,7,28,5,24,25.0,1004.0,SE,48.27,0,0
1484,15681,20,2011,10,16,8,2,17.0,1014.0,NW,3.13,0,0
1485,15367,28,2011,10,3,6,1,3.0,1030.0,NW,15.65,0,0
1486,23002,96,2012,8,16,9,22,26.0,1012.0,NE,1.79,0,0
1487,4192,49,2010,6,24,15,12,32.0,1006.0,SE,18.33,0,0
1488,34141,145,2013,11,23,12,-8,12.0,1019.0,NE,6.26,0,0
1489,27844,207,2013,3,6,3,-6,2.0,1013.0,NW,9.84,0,0
1490,10515,9,2011,3,15,2,-17,3.0,1030.0,NW,189.55,0,0
1491,9783,34,2011,2,12,14,-17,-2.0,1031.0,SE,3.13,0,0
1492,27064,21,2013,2,1,15,-15,3.0,1030.0,NW,9.83,0,0
1493,5827,95,2010,8,31,18,20,26.0,1010.0,NE,1.79,0,0
1494,37164,18,2014,3,29,11,-1,20.0,1015.0,cv,3.13,0,0
1495,39616,10,2014,7,9,15,12,31.0,1003.0,cv,0.89,0,0
1496,42227,10,2014,10,26,10,-8,15.0,1027.0,NE,28.16,0,0
1497,23502,62,2012,9,6,5,13,14.0,1017.0,NE,3.57,0,0
1498,7019,82,2010,10,20,10,6,9.0,1029.0,NE,1.79,0,0
1499,24175,11,2012,10,4,6,7,8.0,1016.0,NW,1.79,0,0
1500,30854,59,2013,7,9,13,22,24.0,1004.0,NE,2.68,0,2
1501,32784,250,2013,9,27,23,11,16.0,1011.0,SE,3.13,0,0
1502,39148,59,2014,6,20,3,18,20.0,1007.0,cv,0.89,0,3
1503,10666,,2011,3,21,9,-21,3.0,1029.0,NW,40.68,0,0
1504,37862,78,2014,4,27,13,0,23.0,1020.0,NE,21.9,0,0
1505,9415,23,2011,1,28,6,-21,-10.0,1039.0,NW,32.19,0,0
1506,20538,286,2012,5,5,17,-1,29.0,1006.0,SE,7.6,0,0
1507,1739,90,2010,3,14,10,-2,-1.0,1021.0,NW,14.31,4,0
1508,17074,93,2011,12,13,9,-1,1.0,1025.0,SE,7.16,0,0
1509,5470,92,2010,8,16,21,16,29.0,1007.0,SE,33.96,0,0
1510,31898,97,2013,8,22,1,19,21.0,1007.0,SE,35.32,0,0
1511,35859,10,2014,2,3,2,-29,0.0,1024.0,NE,30.4,0,0
1512,19858,56,2012,4,7,9,-9,10.0,1019.0,cv,0.89,0,0
1513,4039,41,2010,6,18,6,17,19.0,1003.0,NW,1.79,0,0
1514,21918,38,2012,7,2,5,14,21.0,1000.0,NW,6.26,0,0
1515,4674,102,2010,7,14,17,21,27.0,1009.0,SE,11.18,0,0
1516,16171,23,2011,11,5,18,5,11.0,1027.0,NW,2.68,0,0
1517,19130,13,2012,3,8,1,-16,-2.0,1029.0,NW,136.79,0,0
1518,8653,119,2010,12,27,12,-12,4.0,1009.0,NW,7.6,0,0
1519,39468,274,2014,7,3,11,22,27.0,1001.0,SE,10.74,0,0
1520,31536,177,2013,8,6,23,26,30.0,1000.0,SE,3.13,0,0
1521,18437,11,2012,2,8,4,-25,-9.0,1029.0,NW,129.63,0,0
1522,25435,17,2012,11,25,18,-16,6.0,1021.0,NW,57.67,0,0
1523,29536,48,2013,5,15,15,5,27.0,1014.0,SE,8.94,0,0
1524,40951,6,2014,9,3,6,15,16.0,1011.0,NW,8.05,0,0
1525,30902,41,2013,7,11,13,20,28.0,1006.0,NW,1.79,0,0
1526,43810,8,2014,12,31,9,-22,-3.0,1034.0,NW,155.99,0,0
1527,17592,16,2012,1,3,23,-20,-6.0,1035.0,NW,339.75,0,0
1528,13700,40,2011,7,25,19,25,28.0,998.0,SE,3.58,0,0
1529,41183,63,2014,9,12,22,16,22.0,1015.0,SE,15.66,0,0
1530,27721,9,2013,3,1,0,-21,0.0,1028.0,NW,148.85,0,0
1531,27221,13,2013,2,8,4,-23,-13.0,1040.0,NW,4.92,0,0
1532,26609,326,2013,1,13,16,-6,0.0,1023.0,SE,6.71,0,0
1533,11971,40,2011,5,14,18,0,27.0,1004.0,SE,29.07,0,0
1534,38581,13,2014,5,27,12,3,32.0,995.0,NW,67.49,0,0
1535,28336,210,2013,3,26,15,-3,13.0,1011.0,SE,24.59,0,0
1536,10474,318,2011,3,13,9,-2,9.0,1011.0,NW,10.73,0,0
1537,6572,266,2010,10,1,19,17,20.0,1016.0,cv,1.34,0,0
1538,16441,127,2011,11,17,0,2,8.0,1027.0,SE,11.63,0,0
1539,4184,109,2010,6,24,7,15,23.0,1010.0,cv,1.34,0,0
1540,31982,33,2013,8,25,13,14,33.0,1006.0,SE,3.58,0,0
1541,5291,246,2010,8,9,10,23,27.0,1004.0,SE,5.37,0,0
1542,35082,26,2014,1,1,17,-16,10.0,1015.0,NW,81.81,0,0
1543,5646,211,2010,8,24,5,20,22.0,1013.0,SE,0.89,0,0
1544,12685,98,2011,6,13,12,17,29.0,1007.0,SE,6.26,0,0
1545,28035,77,2013,3,14,2,-4,-1.0,1031.0,SE,24.14,0,0
1546,22214,14,2012,7,14,13,16,31.0,1004.0,NE,6.26,0,0
1547,38486,61,2014,5,23,13,10,34.0,1010.0,SE,29.5,0,0
1548,34305,22,2013,11,30,8,-14,3.0,1023.0,NW,30.84,0,0
1549,35052,41,2013,12,31,11,-19,7.0,1013.0,NW,46.03,0,0
1550,17898,,2012,1,16,17,-7,-2.0,1020.0,SE,0.89,0,0
1551,18580,306,2012,2,14,3,-10,-6.0,1023.0,NW,7.15,0,0
1552,8852,68,2011,1,4,19,-16,0.0,1027.0,NW,36.21,0,0
1553,16077,44,2011,11,1,20,9,12.0,1025.0,NW,20.11,0,0
1554,26542,486,2013,1,10,21,-8,-7.0,1027.0,SE,15.65,0,0
1555,38822,9,2014,6,6,13,18,19.0,1005.0,NW,16.99,0,2
1556,40114,159,2014,7,30,9,22,24.0,1006.0,NE,1.79,0,0
1557,7854,181,2010,11,24,5,-6,0.0,1020.0,cv,0.89,0,0
1558,22870,97,2012,8,10,21,19,27.0,1006.0,SE,22.81,0,0
1559,9114,15,2011,1,15,17,-23,-4.0,1037.0,NW,329.91,0,0
1560,8483,352,2010,12,20,10,-10,3.0,1019.0,cv,3.12,0,0
1561,37838,47,2014,4,26,13,1,22.0,1020.0,cv,1.79,0,0
1562,31528,130,2013,8,6,15,24,32.0,998.0,SE,4.92,0,0
1563,3515,71,2010,5,27,10,15,23.0,1015.0,NW,9.84,0,2
1564,27194,7,2013,2,7,1,-26,-11.0,1036.0,NW,128.72,0,0
1565,6331,,2010,9,21,18,10,17.0,1023.0,SE,3.13,0,0
1566,1887,51,2010,3,20,14,-19,10.0,1012.0,NW,114.01,0,0
1567,36587,13,2014,3,5,10,-23,4.0,1030.0,cv,3.57,0,0
1568,10380,19,2011,3,9,11,-16,8.0,1030.0,NW,6.71,0,0
1569,28860,32,2013,4,17,11,-4,13.0,1010.0,SE,27.27,0,0
1570,18681,17,2012,2,18,8,-20,-7.0,1035.0,NW,21.01,0,0
1571,5968,95,2010,9,6,15,20,30.0,1009.0,SE,3.58,0,0
1572,41181,57,2014,9,12,20,17,22.0,1015.0,SE,12.08,0,0
1573,29518,42,2013,5,14,21,0,27.0,1010.0,NW,4.02,0,0
1574,35473,38,2014,1,18,0,-22,1.0,1032.0,NW,54.52,0,0
1575,9078,17,2011,1,14,5,-19,-6.0,1031.0,NW,45.15,0,0
1576,40921,36,2014,9,2,0,19,20.0,1011.0,cv,0.89,0,0
1577,22436,56,2012,7,23,19,21,28.0,1005.0,SE,18.78,0,0
1578,1177,159,2010,2,19,0,-15,-5.0,1020.0,cv,1.78,0,0
1579,39358,21,2014,6,28,21,15,29.0,1005.0,cv,2.68,0,0
1580,16926,281,2011,12,7,5,0,0.0,1031.0,NE,0.89,3,0
1581,36338,279,2014,2,23,1,-5,2.0,1032.0,SE,14.31,0,0
1582,18666,13,2012,2,17,17,-22,-1.0,1031.0,NW,286.57,0,0
1583,37505,89,2014,4,12,16,-5,21.0,1013.0,SE,18.32,0,0
1584,24878,170,2012,11,2,13,5,13.0,1019.0,SE,3.13,0,0
1585,41007,90,2014,9,5,14,19,29.0,1009.0,SE,14.31,0,0
1586,1484,187,2010,3,3,19,-5,3.0,1020.0,SE,1.79,0,0
1587,43117,52,2014,12,2,12,-19,-1.0,1028.0,cv,2.68,0,0
1588,1315,353,2010,2,24,18,0,8.0,1005.0,SE,4.92,0,0
1589,11107,,2011,4,8,18,-10,18.0,1014.0,SE,56.31,0,0
1590,25938,94,2012,12,16,17,-4,-2.0,1027.0,cv,0.89,0,0
1591,29034,8,2013,4,24,17,-6,20.0,1007.0,NW,49.61,0,0
1592,19658,10,2012,3,30,1,-11,10.0,1021.0,NW,162.27,0,0
1593,41664,132,2014,10,2,23,12,14.0,1016.0,SE,5.37,0,0
1594,30571,56,2013,6,27,18,18,32.0,996.0,SE,3.13,0,0
1595,22514,63,2012,7,27,1,24,25.0,1005.0,SE,6.26,0,0
1596,23028,146,2012,8,17,11,23,27.0,1008.0,SE,8.5,0,0
1597,6888,30,2010,10,14,23,-2,15.0,1021.0,NW,104.15,0,0
1598,4912,71,2010,7,24,15,22,35.0,1010.0,SE,14.3,0,0
1599,27881,230,2013,3,7,16,-4,19.0,1003.0,cv,1.79,0,0
1600,5731,30,2010,8,27,18,14,27.0,1011.0,SE,3.58,0,0
1601,43002,16,2014,11,27,17,-16,6.0,1023.0,NE,21.9,0,0
1602,20023,76,2012,4,14,6,4,10.0,1008.0,cv,0.45,0,0
1603,4118,91,2010,6,21,13,17,30.0,1003.0,cv,1.78,0,0
1604,26582,458,2013,1,12,13,-9,-2.0,1021.0,SE,3.58,0,0
1605,14796,3,2011,9,9,11,8,22.0,1021.0,NE,4.92,0,0
1606,17947,450,2012,1,18,18,-7,-3.0,1026.0,SE,1.78,0,0
1607,22236,29,2012,7,15,11,19,31.0,1006.0,NW,8.94,0,0
1608,8229,257,2010,12,9,20,-8,2.0,1007.0,NW,3.13,0,0
1609,37793,121,2014,4,24,16,12,25.0,1012.0,SE,14.3,0,0
1610,30147,32,2013,6,10,2,15,16.0,1013.0,cv,4.45,0,1
1611,27862,257,2013,3,6,21,-3,5.0,1014.0,cv,8.91,0,0
1612,39363,43,2014,6,29,2,17,23.0,1006.0,cv,1.78,0,0
1613,8068,16,2010,12,3,3,-14,-5.0,1026.0,NW,3.13,0,0
1614,39304,66,2014,6,26,15,19,33.0,1001.0,cv,1.79,0,0
1615,8170,68,2010,12,7,9,-14,2.0,1019.0,SE,7.6,0,0
1616,39773,85,2014,7,16,4,21,24.0,1003.0,cv,0.89,0,0
1617,9358,23,2011,1,25,21,-22,-7.0,1038.0,cv,0.89,0,0
1618,41250,11,2014,9,15,17,0,27.0,1016.0,SE,4.02,0,0
1619,21724,238,2012,6,24,3,21,23.0,1001.0,SE,4.92,0,0
1620,608,,2010,1,26,7,-17,-10.0,1027.0,NW,8.5,0,0
1621,14377,130,2011,8,23,0,21,22.0,1012.0,NE,1.79,0,0
1622,41791,217,2014,10,8,6,10,12.0,1019.0,NE,0.89,0,0
1623,30770,38,2013,7,6,1,20,26.0,1000.0,SE,31.3,0,0
1624,3594,29,2010,5,30,17,11,24.0,1008.0,NE,12.96,0,0
1625,21553,35,2012,6,17,0,16,20.0,1004.0,cv,0.89,0,0
1626,12625,96,2011,6,11,0,18,21.0,1004.0,SE,7.15,0,0
1627,40356,80,2014,8,9,11,19,28.0,1007.0,cv,3.58,0,0
1628,5408,,2010,8,14,7,23,25.0,999.0,cv,0.89,0,0
1629,7439,463,2010,11,6,22,6,7.0,1015.0,NW,0.89,0,0
1630,3162,41,2010,5,12,17,5,23.0,1015.0,SE,17.89,0,0
1631,7246,49,2010,10,29,21,-2,14.0,1027.0,SE,19.21,0,0
1632,1156,41,2010,2,18,3,-18,-9.0,1026.0,cv,0.89,0,0
1633,13637,288,2011,7,23,4,25,26.0,1002.0,NE,0.89,0,0
1634,694,25,2010,1,29,21,-20,3.0,1020.0,NW,97.89,0,0
1635,38200,17,2014,5,11,15,10,13.0,1003.0,NW,23.7,0,18
1636,16210,27,2011,11,7,9,1,10.0,1030.0,NW,25.04,0,0
1637,5886,101,2010,9,3,5,20,22.0,1014.0,cv,0.45,0,0
1638,17491,211,2011,12,30,18,-8,-4.0,1031.0,cv,0.89,0,0
1639,29329,161,2013,5,7,0,14,18.0,1015.0,SE,1.79,0,0
1640,23373,160,2012,8,31,20,23,27.0,1010.0,SE,36.2,0,0
1641,1431,70,2010,3,1,14,-5,-1.0,1021.0,SE,46.06,0,0
1642,36296,328,2014,2,21,7,-6,-4.0,1029.0,cv,0.89,0,0
1643,2704,10,2010,4,23,15,-12,21.0,1018.0,NW,12.96,0,0
1644,8468,64,2010,12,19,19,-13,8.0,1018.0,cv,3.13,0,0
1645,35723,23,2014,1,28,10,-22,1.0,1031.0,SE,1.79,0,0
1646,27683,188,2013,2,27,10,-5,8.0,1020.0,NW,17.88,0,0
1647,29112,97,2013,4,27,23,4,15.0,1013.0,SE,56.32,0,0
1648,2942,141,2010,5,3,13,6,23.0,1008.0,SE,12.07,0,0
1649,38751,28,2014,6,3,14,12,31.0,1006.0,SE,8.05,0,0
1650,36978,28,2014,3,21,17,-16,21.0,1016.0,SE,14.75,0,0
1651,29154,12,2013,4,29,17,-15,28.0,1008.0,NW,62.6,0,0
1652,8867,19,2011,1,5,10,-21,-6.0,1032.0,NW,164.04,0,0
1653,23872,97,2012,9,21,15,10,27.0,1010.0,SE,12.96,0,0
1654,37478,43,2014,4,11,13,-5,17.0,1019.0,NW,1.79,0,0
1655,9304,18,2011,1,23,15,-20,-2.0,1030.0,NW,199.4,0,0
1656,19808,8,2012,4,5,7,-13,10.0,1018.0,NW,56.77,0,0
1657,38042,82,2014,5,5,1,-5,8.0,1018.0,cv,1.34,0,0
1658,14324,45,2011,8,20,19,20,27.0,1011.0,SE,24.14,0,0
1659,1140,18,2010,2,17,11,-23,-1.0,1028.0,NW,74.65,0,0
1660,28902,65,2013,4,19,5,-4,6.0,1025.0,SE,20.57,0,0
1661,40791,48,2014,8,27,14,11,34.0,1012.0,SE,4.02,0,0
1662,26326,16,2013,1,1,21,-27,-10.0,1031.0,NW,111.33,0,0
1663,37223,143,2014,3,31,22,7,14.0,1015.0,SE,13.86,0,0
1664,16215,37,2011,11,7,14,-1,15.0,1026.0,cv,1.78,0,0
1665,32652,85,2013,9,22,11,15,22.0,1016.0,NE,1.79,0,0
1666,29,138,2010,1,2,4,-7,-5.0,1022.0,SE,6.25,2,0
1667,29483,78,2013,5,13,10,4,23.0,1003.0,cv,0.89,0,0
1668,9212,18,2011,1,19,19,-23,-6.0,1032.0,NW,62.12,0,0
1669,32717,14,2013,9,25,4,-7,15.0,1022.0,NW,4.92,0,0
1670,9217,17,2011,1,20,0,-22,-8.0,1033.0,NW,1.79,0,0
1671,24332,19,2012,10,10,19,-1,18.0,1018.0,SE,4.02,0,0
1672,3183,41,2010,5,13,14,5,25.0,1016.0,SE,8.94,0,0
1673,28464,246,2013,3,31,23,3,7.0,1015.0,NW,14.31,0,0
1674,35031,25,2013,12,30,14,-21,7.0,1015.0,NW,104.58,0,0
1675,28269,11,2013,3,23,20,-13,6.0,1018.0,NW,57.66,0,0
1676,17602,19,2012,1,4,9,-19,-4.0,1037.0,NW,9.84,0,0
1677,33584,118,2013,10,31,7,-1,2.0,1028.0,NW,10.28,0,0
1678,36168,375,2014,2,15,23,-8,-4.0,1025.0,NW,1.79,0,0
1679,6173,374,2010,9,15,4,18,21.0,1012.0,NE,1.78,0,0
1680,9432,15,2011,1,28,23,-21,-6.0,1037.0,NW,86.73,0,0
1681,40248,4,2014,8,4,23,18,21.0,1006.0,NW,8.5,0,0
1682,28491,20,2013,4,2,2,-12,4.0,1023.0,cv,0.89,0,0
1683,6796,5,2010,10,11,3,11,13.0,1013.0,NW,32.63,0,0
1684,19336,360,2012,3,16,15,3,11.0,1010.0,SE,3.58,0,0
1685,42789,136,2014,11,18,20,-5,3.0,1028.0,cv,1.78,0,0
1686,36381,363,2014,2,24,20,-5,3.0,1027.0,SE,3.58,0,0
1687,14260,7,2011,8,18,3,19,23.0,1009.0,NW,0.89,0,0
1688,2100,218,2010,3,29,11,-3,11.0,1025.0,SE,11.18,0,0
1689,28505,113,2013,4,2,16,-5,18.0,1013.0,SE,23.69,0,0
1690,38708,53,2014,6,1,19,16,21.0,1009.0,SE,21.46,0,2
1691,38119,126,2014,5,8,6,9,11.0,1016.0,NE,1.78,0,0
1692,43229,63,2014,12,7,4,-9,-2.0,1025.0,cv,0.89,0,0
1693,27324,38,2013,2,12,11,-14,3.0,1027.0,cv,1.78,0,0
1694,15071,39,2011,9,20,22,8,13.0,1017.0,cv,0.45,0,0
1695,29660,43,2013,5,20,19,-2,26.0,997.0,SE,74.66,0,0
1696,25110,13,2012,11,12,5,-13,2.0,1019.0,NW,299.92,0,0
1697,24247,95,2012,10,7,6,8,9.0,1024.0,NW,5.81,0,0
1698,40834,71,2014,8,29,9,18,23.0,1016.0,cv,1.78,0,0
1699,41473,111,2014,9,25,0,15,17.0,1017.0,SE,1.79,0,0
1700,27659,172,2013,2,26,10,-4,2.0,1022.0,NW,46.95,0,0
1701,31008,54,2013,7,15,23,23,25.0,996.0,SE,7.16,0,0
1702,19171,68,2012,3,9,18,-15,4.0,1022.0,SE,29.95,0,0
1703,3733,,2010,6,5,12,13,28.0,1013.0,cv,1.79,0,0
1704,33820,4,2013,11,10,3,-30,1.0,1034.0,NW,102.35,0,0
1705,42103,31,2014,10,21,6,1,12.0,1024.0,SE,21.9,0,0
1706,15449,,2011,10,6,16,-1,22.0,1017.0,SE,6.26,0,0
1707,20227,201,2012,4,22,18,13,20.0,1001.0,SE,11.18,0,0
1708,40991,49,2014,9,4,22,17,24.0,1006.0,SE,1.79,0,0
1709,31127,128,2013,7,20,22,22,27.0,1004.0,SE,1.79,0,0
1710,2468,17,2010,4,13,19,-16,8.0,1026.0,NE,1.79,0,0
1711,3055,140,2010,5,8,6,8,12.0,1009.0,cv,1.78,0,0
1712,42958,266,2014,11,25,21,1,4.0,1017.0,SE,3.58,0,0
1713,31501,35,2013,8,5,12,19,30.0,998.0,SE,1.79,0,0
1714,22076,119,2012,7,8,19,24,27.0,1002.0,SE,17.88,0,0
1715,8538,13,2010,12,22,17,-19,2.0,1020.0,NW,73.77,0,0
1716,1469,178,2010,3,3,4,-8,-1.0,1024.0,SE,8.94,0,0
1717,36613,13,2014,3,6,12,-30,6.0,1031.0,NW,4.92,0,0
1718,27855,259,2013,3,6,14,-6,12.0,1011.0,cv,1.78,0,0
1719,40511,28,2014,8,15,22,19,22.0,1007.0,SE,1.79,0,0
1720,3194,65,2010,5,14,1,7,15.0,1017.0,NE,1.79,0,0
1721,35593,324,2014,1,23,0,-16,-3.0,1021.0,SE,3.58,0,0
1722,34277,21,2013,11,29,4,-16,-4.0,1023.0,NW,6.26,0,0
1723,21149,80,2012,5,31,4,10,12.0,1019.0,cv,0.89,0,0
1724,32985,260,2013,10,6,8,12,14.0,1024.0,cv,0.89,0,0
1725,20038,51,2012,4,14,21,0,24.0,1003.0,SE,66.6,0,0
1726,41396,85,2014,9,21,19,17,21.0,1017.0,SE,20.13,0,0
1727,4043,74,2010,6,18,10,17,23.0,1005.0,NE,1.79,0,0
1728,11606,165,2011,4,29,13,10,20.0,996.0,SE,12.97,0,0
1729,20290,11,2012,4,25,9,-4,17.0,1009.0,NW,113.09,0,0
1730,5995,54,2010,9,7,18,17,24.0,1014.0,SE,4.47,0,0
1731,20692,139,2012,5,12,3,13,16.0,1011.0,SE,1.79,0,5
1732,1822,67,2010,3,17,21,-11,1.0,1026.0,cv,0.45,0,0
1733,42822,334,2014,11,20,5,-1,0.0,1016.0,cv,0.89,0,0
1734,37918,105,2014,4,29,21,8,22.0,1010.0,SE,33.08,0,0
1735,15356,23,2011,10,2,19,0,14.0,1029.0,SE,5.37,0,0
1736,29089,45,2013,4,27,0,-1,16.0,1009.0,SE,48.73,0,0
1737,2987,283,2010,5,5,10,16,18.0,997.0,SE,76.89,0,0
1738,17205,107,2011,12,18,20,-16,-3.0,1032.0,NW,2.68,0,0
1739,27475,52,2013,2,18,18,-18,2.0,1026.0,NW,4.02,0,0
1740,29541,53,2013,5,15,20,8,22.0,1015.0,SE,29.95,0,0
1741,38268,20,2014,5,14,11,-1,22.0,1007.0,NW,196.25,0,0
1742,27583,73,2013,2,23,6,-14,-9.0,1028.0,NW,6.26,0,0
1743,7655,139,2010,11,15,22,-4,-1.0,1023.0,NW,255.82,0,0
1744,33797,164,2013,11,9,4,-1,6.0,1022.0,cv,0.89,0,0
1745,10946,30,2011,4,2,1,2,4.0,1032.0,NW,4.02,0,0
1746,9426,12,2011,1,28,17,-22,-2.0,1034.0,NW,61.25,0,0
1747,35009,68,2013,12,29,16,-25,6.0,1016.0,SE,19.67,0,0
1748,29582,117,2013,5,17,13,13,22.0,1012.0,SE,1.79,0,0
1749,42869,8,2014,11,22,4,-7,-1.0,1027.0,NW,4.92,0,0
1750,27492,14,2013,2,19,11,-24,-1.0,1032.0,NW,1.79,0,0
1751,41534,6,2014,9,27,13,8,25.0,1016.0,cv,3.58,0,0
1752,26025,244,2012,12,20,8,-10,-8.0,1031.0,cv,1.34,0,0
1753,366,200,2010,1,16,5,-14,-10.0,1034.0,NW,1.79,0,0
1754,6539,,2010,9,30,10,9,17.0,1019.0,cv,0.89,0,0
1755,17038,59,2011,12,11,21,-10,6.0,1027.0,NW,65.27,0,0
1756,30945,130,2013,7,13,8,23,27.0,1007.0,cv,0.89,0,0
1757,18508,114,2012,2,11,3,-19,-7.0,1026.0,SE,50.53,0,0
1758,22184,25,2012,7,13,7,22,24.0,1004.0,NW,1.79,0,0
1759,14375,,2011,8,22,22,20,24.0,1012.0,cv,4.91,0,0
1760,28944,91,2013,4,20,23,0,8.0,1020.0,cv,0.89,0,0
1761,41790,222,2014,10,8,5,10,11.0,1020.0,NW,3.57,0,0
1762,27320,138,2013,2,12,7,-10,-9.0,1027.0,SE,0.89,0,0
1763,23835,134,2012,9,20,2,14,16.0,1013.0,cv,0.89,0,0
1764,23858,174,2012,9,21,1,15,18.0,1013.0,cv,0.89,0,0
1765,38169,47,2014,5,10,8,6,16.0,1017.0,SE,1.79,0,0
1766,21485,13,2012,6,14,4,13,17.0,1003.0,NW,6.26,0,0
1767,16002,216,2011,10,29,17,8,13.0,1019.0,SE,18.34,0,0
1768,28760,111,2013,4,13,7,4,9.0,1002.0,NW,3.58,0,0
1769,40945,10,2014,9,3,0,16,18.0,1012.0,cv,0.45,0,0
1770,21812,36,2012,6,27,19,18,25.0,1011.0,SE,16.54,0,0
1771,26136,,2012,12,24,23,-24,-10.0,1034.0,NW,42.91,0,0
1772,24650,154,2012,10,24,1,6,7.0,1013.0,cv,1.34,0,0
1773,38228,52,2014,5,12,19,10,27.0,999.0,SE,50.07,0,0
1774,40354,124,2014,8,9,9,20,26.0,1007.0,SE,5.37,0,0
1775,38126,58,2014,5,8,13,5,22.0,1013.0,SE,8.04,0,0
1776,26374,36,2013,1,3,21,-21,-11.0,1040.0,NW,5.37,0,0
1777,42020,127,2014,10,17,19,8,13.0,1015.0,SE,1.79,0,0
1778,30199,61,2013,6,12,6,14,15.0,1008.0,NE,0.89,0,0
1779,31287,104,2013,7,27,14,23,25.0,1000.0,cv,0.89,0,0
1780,41856,322,2014,10,10,23,14,15.0,1021.0,cv,1.78,0,0
1781,30433,42,2013,6,22,0,16,24.0,1009.0,SE,56.33,0,0
1782,10762,31,2011,3,25,9,-15,9.0,1030.0,NW,24.13,0,0
1783,7984,98,2010,11,29,15,-1,4.0,1017.0,cv,0.89,0,0
1784,25656,39,2012,12,4,23,-14,-4.0,1022.0,cv,0.89,0,0
1785,29858,40,2013,5,29,1,-2,22.0,1008.0,NW,23.69,0,0
1786,8477,233,2010,12,20,4,-11,-5.0,1018.0,cv,1.78,0,0
1787,43085,13,2014,12,1,4,-21,-5.0,1030.0,NW,220.4,0,0
1788,34407,47,2013,12,4,14,-13,14.0,1018.0,NE,11.18,0,0
1789,42297,102,2014,10,29,8,5,8.0,1025.0,NW,7.15,0,0
1790,43377,33,2014,12,13,8,-15,-9.0,1029.0,NE,3.13,0,0
1791,5276,124,2010,8,8,19,22,27.0,1002.0,SE,20.57,0,0
1792,10369,,2011,3,9,0,-16,4.0,1028.0,NW,29.07,0,0
1793,12722,71,2011,6,15,1,20,22.0,1002.0,SE,1.79,0,0
1794,155,40,2010,1,7,10,-22,-11.0,1036.0,NW,12.96,0,0
1795,43651,12,2014,12,24,18,-14,3.0,1032.0,NW,45.14,0,0
1796,4373,45,2010,7,2,4,19,21.0,1000.0,NW,23.24,0,0
1797,41455,9,2014,9,24,6,16,17.0,1016.0,cv,0.89,0,0
1798,43129,123,2014,12,3,0,-18,-7.0,1025.0,NW,4.92,0,0
1799,22563,,2012,7,29,2,22,23.0,998.0,NE,1.79,0,0
1800,29021,154,2013,4,24,4,5,6.0,1012.0,NW,4.47,0,0
1801,4467,24,2010,7,6,2,8,28.0,1000.0,NW,7.15,0,0
1802,18954,203,2012,2,29,17,-5,8.0,1019.0,SE,9.84,0,0
1803,12876,149,2011,6,21,11,19,33.0,1003.0,cv,4.02,0,0
1804,42094,239,2014,10,20,21,13,15.0,1022.0,SE,4.47,0,0
1805,5607,18,2010,8,22,14,15,28.0,1013.0,SE,3.13,0,0
1806,33016,15,2013,10,7,15,-1,25.0,1022.0,NE,21.0,0,0
1807,18618,118,2012,2,15,17,-10,2.0,1025.0,cv,1.79,0,0
1808,11441,28,2011,4,22,16,3,15.0,1014.0,NW,5.81,0,0
1809,3366,90,2010,5,21,5,12,18.0,1007.0,cv,0.45,0,0
1810,9873,258,2011,2,16,8,-9,-7.0,1023.0,NE,0.89,0,0
1811,37063,250,2014,3,25,6,0,6.0,1011.0,NW,6.7,0,0
1812,24188,16,2012,10,4,19,2,21.0,1014.0,NW,4.02,0,0
1813,12031,107,2011,5,17,6,10,16.0,1002.0,cv,0.89,0,0
1814,4447,78,2010,7,5,6,20,24.0,1002.0,NW,9.83,0,0
1815,31999,57,2013,8,26,6,17,20.0,1006.0,NW,7.15,0,0
1816,27692,273,2013,2,27,19,-7,11.0,1014.0,SE,11.63,0,0
1817,37574,106,2014,4,15,13,1,21.0,1020.0,SE,27.71,0,0
1818,25345,404,2012,11,22,0,0,0.0,1020.0,cv,1.34,0,0
1819,13006,75,2011,6,26,21,17,26.0,999.0,cv,0.89,0,0
1820,4565,73,2010,7,10,4,20,21.0,1005.0,SE,3.58,0,14
1821,9458,22,2011,1,30,1,-22,-6.0,1036.0,NW,88.07,0,0
1822,16942,11,2011,12,7,21,-15,-1.0,1036.0,NW,105.95,0,0
1823,8350,15,2010,12,14,21,-24,-7.0,1036.0,NW,112.19,0,0
1824,13807,39,2011,7,30,6,20,21.0,1002.0,NE,4.02,0,22
1825,36544,308,2014,3,3,15,-8,3.0,1020.0,NE,3.58,0,0
1826,34817,89,2013,12,21,16,-21,2.0,1033.0,SE,1.79,0,0
1827,43580,32,2014,12,21,19,-19,1.0,1024.0,SE,4.92,0,0
1828,43153,11,2014,12,4,0,-23,-3.0,1029.0,NW,125.61,0,0
1829,28776,12,2013,4,13,23,-14,13.0,1011.0,NE,7.15,0,0
1830,26273,16,2012,12,30,16,-20,-1.0,1024.0,NW,106.4,0,0
1831,4702,286,2010,7,15,21,22,24.0,1005.0,SE,12.97,0,0
1832,40550,36,2014,8,17,13,17,30.0,1010.0,SE,3.13,0,0
1833,41387,64,2014,9,21,10,14,21.0,1019.0,cv,1.78,0,0
1834,8919,48,2011,1,7,14,-18,1.0,1028.0,cv,2.68,0,0
1835,6535,,2010,9,30,6,8,8.0,1019.0,cv,0.45,0,0
1836,36879,49,2014,3,17,14,-10,20.0,1010.0,NW,44.26,0,0
1837,32518,70,2013,9,16,21,16,20.0,1011.0,cv,0.89,0,0
1838,8342,16,2010,12,14,13,-23,-4.0,1033.0,NW,52.29,0,0
1839,2645,30,2010,4,21,4,-1,12.0,1022.0,NW,0.89,0,0
1840,15875,16,2011,10,24,10,-6,13.0,1029.0,NW,20.57,0,0
1841,9923,48,2011,2,18,10,-14,2.0,1029.0,NW,16.54,0,0
1842,31908,115,2013,8,22,11,20,25.0,1010.0,NW,1.79,0,1
1843,10958,178,2011,4,2,13,-12,13.0,1029.0,cv,8.5,0,0
1844,17562,13,2012,1,2,17,-17,0.0,1028.0,NW,52.31,0,0
1845,5523,89,2010,8,19,2,21,22.0,1010.0,NW,1.79,0,13
1846,20462,91,2012,5,2,13,6,30.0,1007.0,NW,3.13,0,0
1847,22263,71,2012,7,16,14,17,34.0,1007.0,cv,3.58,0,0
1848,22010,46,2012,7,6,1,20,21.0,1003.0,cv,0.89,0,0
1849,19964,43,2012,4,11,19,-13,18.0,1010.0,SE,4.92,0,0
1850,26482,170,2013,1,8,9,-11,-7.0,1033.0,cv,0.89,0,0
1851,37881,86,2014,4,28,8,9,17.0,1022.0,NW,11.17,0,0
1852,23200,59,2012,8,24,15,10,30.0,1012.0,SE,15.19,0,0
1853,28147,25,2013,3,18,18,-18,9.0,1006.0,SE,16.99,0,0
1854,15865,7,2011,10,24,0,1,3.0,1028.0,NE,0.89,0,0
1855,8,,2010,1,1,7,-19,-9.0,1017.0,NW,21.02,0,0
1856,24816,8,2012,10,30,23,-12,10.0,1022.0,NW,27.71,0,0
1857,40478,42,2014,8,14,13,17,29.0,1007.0,SE,4.92,0,0
1858,25877,184,2012,12,14,4,-2,-2.0,1025.0,NW,66.63,8,0
1859,40471,35,2014,8,14,6,16,17.0,1009.0,cv,1.34,0,0
1860,1392,123,2010,2,27,23,-5,-1.0,1020.0,SE,0.89,0,0
1861,43590,105,2014,12,22,5,-14,-9.0,1024.0,NW,3.13,0,0
1862,2172,,2010,4,1,11,-18,11.0,1021.0,NW,128.72,0,0
1863,17198,38,2011,12,18,13,-20,2.0,1032.0,cv,0.89,0,0
1864,21094,,2012,5,28,21,14,28.0,1011.0,SE,43.37,0,0
1865,29696,85,2013,5,22,7,11,19.0,1010.0,cv,0.45,0,0
1866,26145,,2012,12,25,8,-25,-11.0,1039.0,NE,12.07,0,0
1867,8442,269,2010,12,18,17,-12,2.0,1011.0,SE,1.79,0,0
1868,8279,122,2010,12,11,22,-12,-4.0,1018.0,SE,54.55,0,0
1869,42563,38,2014,11,9,10,-7,11.0,1027.0,NW,22.8,0,0
1870,40141,180,2014,7,31,12,22,29.0,1007.0,SE,13.87,0,0
1871,17083,247,2011,12,13,18,-2,-1.0,1022.0,cv,1.78,0,0
1872,43172,8,2014,12,4,19,-22,-4.0,1027.0,NW,84.94,0,0
1873,14104,,2011,8,11,15,23,33.0,1004.0,SE,9.84,0,0
1874,26084,23,2012,12,22,19,-21,-6.0,1038.0,NW,52.75,0,0
1875,25922,284,2012,12,16,1,-1,1.0,1028.0,SE,3.13,0,0
1876,40238,7,2014,8,4,13,19,22.0,1006.0,NE,33.53,0,2
1877,41968,9,2014,10,15,15,-8,23.0,1014.0,NW,58.55,0,0
1878,30429,48,2013,6,21,20,16,26.0,1008.0,SE,46.94,0,0
1879,41596,22,2014,9,30,3,3,11.0,1029.0,SE,24.6,0,0
1880,25205,159,2012,11,16,4,0,0.0,1023.0,NW,3.58,0,0
1881,38492,59,2014,5,23,19,12,30.0,1009.0,SE,59.9,0,0
1882,1726,64,2010,3,13,21,-10,3.0,1025.0,SE,56.75,0,0
1883,6134,141,2010,9,13,13,17,32.0,1011.0,cv,5.35,0,0
1884,40889,79,2014,8,31,16,20,26.0,1012.0,SE,13.86,0,0
1885,20249,272,2012,4,23,16,16,24.0,1001.0,SE,3.58,0,0
1886,21779,108,2012,6,26,10,20,24.0,1011.0,SE,6.71,0,0
1887,23157,17,2012,8,22,20,10,22.0,1015.0,SE,26.37,0,0
1888,6328,,2010,9,21,15,10,18.0,1022.0,NE,9.39,0,0
1889,7109,260,2010,10,24,4,13,13.0,1018.0,NW,9.83,0,4
1890,7296,92,2010,10,31,23,2,6.0,1024.0,NW,6.71,0,0
1891,4721,188,2010,7,16,16,23,31.0,1003.0,SE,14.75,0,0
1892,21908,,2012,7,1,19,25,32.0,996.0,NE,1.79,0,0
1893,2062,54,2010,3,27,21,-8,4.0,1027.0,SE,20.57,0,0
1894,43468,17,2014,12,17,3,-16,-8.0,1029.0,SE,1.78,0,0
1895,22585,,2012,7,30,0,22,25.0,1001.0,NW,1.79,0,0
1896,25596,292,2012,12,2,11,-5,-4.0,1021.0,NW,1.79,0,0
1897,32984,197,2013,10,6,7,12,14.0,1024.0,SE,0.89,0,0
1898,38222,23,2014,5,12,13,6,29.0,1000.0,SE,8.05,0,0
1899,28738,53,2013,4,12,9,-8,12.0,1016.0,cv,1.78,0,0
1900,383,269,2010,1,16,22,-13,-11.0,1032.0,NW,0.89,0,0
1901,18054,284,2012,1,23,5,-23,-15.0,1031.0,NW,1.79,0,0
1902,3859,46,2010,6,10,18,15,23.0,1012.0,SE,14.31,0,0
1903,3531,100,2010,5,28,2,16,17.0,1013.0,cv,0.89,0,15
1904,3086,27,2010,5,9,13,-3,21.0,1007.0,NW,93.0,0,0
1905,39042,156,2014,6,15,17,19,31.0,1002.0,SE,21.02,0,0
1906,37073,189,2014,3,25,16,0,23.0,1007.0,SE,7.15,0,0
1907,40197,113,2014,8,2,20,24,30.0,1001.0,cv,0.89,0,0
1908,7650,68,2010,11,15,17,-4,-1.0,1023.0,NW,246.87,0,0
1909,12034,147,2011,5,17,9,12,21.0,1000.0,SE,6.71,0,0
1910,23159,35,2012,8,22,22,15,19.0,1016.0,cv,0.89,0,0
1911,16511,22,2011,11,19,22,-11,0.0,1028.0,NW,144.41,0,0
1912,1317,309,2010,2,24,20,3,7.0,1007.0,SE,1.79,0,0
1913,28604,14,2013,4,6,19,-10,9.0,1011.0,SE,12.52,0,0
1914,34861,47,2013,12,23,12,-17,4.0,1032.0,NE,13.86,0,0
1915,3356,40,2010,5,20,19,-1,30.0,1005.0,SE,33.52,0,0
1916,1282,136,2010,2,23,9,-5,-1.0,1010.0,cv,1.78,0,0
1917,8317,17,2010,12,13,12,-24,-5.0,1030.0,NE,95.2,0,0
1918,33873,45,2013,11,12,8,-6,4.0,1026.0,NW,13.86,0,0
1919,6835,45,2010,10,12,18,6,15.0,1019.0,SE,12.52,0,0
1920,3739,,2010,6,5,18,11,29.0,1009.0,SE,16.98,0,0
1921,19437,94,2012,3,20,20,-1,7.0,1023.0,SE,26.37,0,0
1922,41589,14,2014,9,29,20,6,15.0,1025.0,SE,4.92,0,0
1923,41209,74,2014,9,14,0,17,19.0,1014.0,cv,2.67,0,0
1924,41419,107,2014,9,22,18,18,20.0,1017.0,NW,3.58,0,0
1925,41632,77,2014,10,1,15,10,11.0,1015.0,NW,9.84,0,3
1926,24039,2,2012,9,28,14,-8,24.0,1017.0,NW,181.5,0,0
1927,28672,14,2013,4,9,15,-11,11.0,1020.0,NE,1.79,0,0
1928,39527,157,2014,7,5,22,22,27.0,1006.0,SE,15.64,0,0
1929,33715,221,2013,11,5,18,2,8.0,1019.0,cv,1.78,0,0
1930,10768,13,2011,3,25,15,-13,14.0,1025.0,NE,4.02,0,0
1931,12268,,2011,5,27,3,13,14.0,1013.0,NW,0.89,0,0
1932,41697,54,2014,10,4,8,13,14.0,1019.0,SE,26.38,0,1
1933,11256,,2011,4,14,23,1,24.0,1001.0,NW,3.13,0,0
1934,42800,165,2014,11,19,7,-3,-1.0,1025.0,NW,0.89,0,0
1935,30721,45,2013,7,4,0,19,29.0,995.0,NW,3.13,0,0
1936,8159,46,2010,12,6,22,-16,1.0,1027.0,SE,12.96,0,0
1937,35110,232,2014,1,2,21,-8,0.0,1017.0,SE,0.89,0,0
1938,34783,29,2013,12,20,6,-18,-9.0,1033.0,NW,12.52,0,0
1939,11174,12,2011,4,11,13,-14,20.0,1020.0,SE,1.79,0,0
1940,26638,217,2013,1,14,21,-6,-3.0,1029.0,SE,26.82,1,0
1941,15987,316,2011,10,29,2,4,4.0,1023.0,NW,1.78,0,0
1942,27873,331,2013,3,7,8,-1,2.0,1012.0,SE,0.89,0,0
1943,23766,40,2012,9,17,5,11,13.0,1017.0,NW,12.07,0,0
1944,36601,12,2014,3,6,0,-29,3.0,1029.0,NW,16.99,0,0
1945,39035,101,2014,6,15,10,18,29.0,1005.0,SE,1.79,0,0
1946,142,132,2010,1,6,21,-21,-14.0,1034.0,NW,3.58,0,0
1947,26462,102,2013,1,7,13,-15,-1.0,1025.0,cv,1.79,0,0
1948,26871,17,2013,1,24,14,-18,5.0,1021.0,NW,58.55,0,0
1949,25950,20,2012,12,17,5,-11,-3.0,1032.0,NW,16.09,0,0
1950,27110,201,2013,2,3,13,-2,-2.0,1019.0,cv,0.89,8,0
1951,37512,155,2014,4,12,23,0,13.0,1017.0,SE,14.31,0,0
1952,26117,,2012,12,24,4,-21,-18.0,1028.0,cv,1.78,0,0
1953,18079,8,2012,1,24,6,-22,-7.0,1029.0,NW,29.06,0,0
1954,43412,129,2014,12,14,19,-13,0.0,1025.0,SE,8.95,0,0
1955,25543,17,2012,11,30,6,-19,-4.0,1029.0,NE,30.85,0,0
1956,10337,16,2011,3,7,16,-17,10.0,1020.0,NW,81.36,0,0
1957,12725,124,2011,6,15,4,19,21.0,1002.0,SE,0.89,0,0
1958,35385,170,2014,1,14,8,-18,-11.0,1035.0,NW,1.79,0,0
1959,14844,37,2011,9,11,11,14,20.0,1020.0,cv,1.79,0,0
1960,17424,356,2011,12,27,23,-9,-6.0,1030.0,cv,0.89,0,0
1961,24644,83,2012,10,23,19,7,11.0,1013.0,cv,0.89,0,0
1962,28907,41,2013,4,19,10,-1,8.0,1026.0,SE,33.09,0,0
1963,32367,9,2013,9,10,14,1,29.0,1011.0,NW,24.15,0,0
1964,42608,9,2014,11,11,7,-7,11.0,1018.0,NW,12.97,0,0
1965,33199,8,2013,10,15,6,-5,2.0,1033.0,cv,0.89,0,0
1966,17662,51,2012,1,6,21,-12,-4.0,1040.0,SE,30.86,0,0
1967,34799,68,2013,12,20,22,-17,-2.0,1036.0,NE,4.02,0,0
1968,12998,19,2011,6,26,13,14,30.0,1003.0,NE,12.07,0,0
1969,40243,7,2014,8,4,18,18,22.0,1006.0,NW,7.15,0,0
1970,6611,13,2010,10,3,10,0,18.0,1017.0,NW,184.17,0,0
1971,5508,230,2010,8,18,11,23,27.0,1011.0,cv,0.89,0,0
1972,27750,10,2013,3,2,5,-16,-3.0,1036.0,NW,4.92,0,0
1973,19174,67,2012,3,9,21,-14,2.0,1023.0,SE,39.78,0,0
1974,28755,65,2013,4,13,2,2,15.0,1004.0,SE,3.13,0,0
1975,19836,37,2012,4,6,11,-8,19.0,1018.0,NW,5.81,0,0
1976,36001,9,2014,2,9,0,-21,-7.0,1036.0,NW,55.43,0,0
1977,12063,226,2011,5,18,14,18,27.0,997.0,SE,3.13,0,0
1978,35786,469,2014,1,31,1,-7,-1.0,1021.0,SE,41.58,0,0
1979,40460,24,2014,8,13,19,18,21.0,1008.0,SE,0.89,0,0
1980,17354,103,2011,12,25,1,-14,-8.0,1029.0,NW,0.89,0,0
1981,15725,102,2011,10,18,4,6,7.0,1025.0,cv,3.56,0,0
1982,4496,46,2010,7,7,7,15,27.0,1004.0,SE,1.79,0,0
1983,8691,35,2010,12,29,2,-16,-7.0,1020.0,NW,5.81,0,0
1984,24513,34,2012,10,18,8,4,7.0,1019.0,NW,8.49,0,0
1985,38377,100,2014,5,19,0,13,24.0,1006.0,SE,53.2,0,0
1986,35230,24,2014,1,7,21,-20,0.0,1031.0,NW,16.09,0,0
1987,36395,369,2014,2,25,10,-4,3.0,1027.0,cv,0.89,0,0
1988,39940,21,2014,7,23,3,16,26.0,1005.0,NW,26.37,0,0
1989,21088,144,2012,5,28,15,16,32.0,1010.0,SE,17.88,0,0
1990,2841,20,2010,4,29,8,-6,13.0,1013.0,NW,28.17,0,0
1991,5638,149,2010,8,23,21,21,24.0,1014.0,SE,16.1,0,0
1992,35724,15,2014,1,28,11,-16,2.0,1031.0,SE,4.92,0,0
1993,11980,58,2011,5,15,3,6,13.0,1006.0,cv,0.89,0,0
1994,932,196,2010,2,8,19,-4,0.0,1020.0,SE,0.89,0,0
1995,37480,41,2014,4,11,15,-6,18.0,1017.0,SE,3.13,0,0
1996,26622,447,2013,1,14,5,-11,-9.0,1024.0,NW,11.63,0,0
1997,21460,29,2012,6,13,3,13,20.0,1000.0,cv,0.89,0,0
1998,35863,7,2014,2,3,6,-35,-3.0,1028.0,NW,22.8,0,0
1999,43151,6,2014,12,3,22,-21,-3.0,1028.0,NW,112.65,0,0
2000,3242,105,2010,5,16,1,11,20.0,1014.0,SE,30.84,0,0
2001,21153,82,2012,5,31,8,9,20.0,1020.0,cv,0.89,0,0
2002,2551,128,2010,4,17,6,2,5.0,1024.0,SE,68.39,0,0
2003,8093,129,2010,12,4,4,-10,-5.0,1013.0,NW,14.76,0,0
2004,16368,78,2011,11,13,23,-6,1.0,1026.0,SE,3.57,0,0
2005,21329,91,2012,6,7,16,16,32.0,998.0,SE,17.88,0,0
2006,16649,193,2011,11,25,16,-5,3.0,1026.0,cv,1.78,0,0
2007,38320,49,2014,5,16,15,1,29.0,1007.0,NE,4.92,0,0
2008,39591,15,2014,7,8,14,16,32.0,1002.0,NE,4.02,0,0
2009,3,,2010,1,1,2,-21,-11.0,1019.0,NW,6.71,0,0
2010,27454,8,2013,2,17,21,-18,1.0,1025.0,NW,8.94,0,0
2011,39546,158,2014,7,6,17,24,30.0,1003.0,SE,66.17,0,0
2012,12975,18,2011,6,25,14,13,30.0,1011.0,cv,2.68,0,0
2013,15937,,2011,10,27,0,6,8.0,1024.0,NE,0.89,0,0
2014,35141,77,2014,1,4,4,-9,-5.0,1025.0,cv,0.45,0,0
2015,2334,69,2010,4,8,5,-1,9.0,1011.0,SE,113.09,0,0
2016,892,65,2010,2,7,3,-7,-5.0,1025.0,cv,1.78,9,0
2017,4132,121,2010,6,22,3,19,25.0,1001.0,SE,1.79,0,0
2018,18472,37,2012,2,9,15,-21,2.0,1024.0,SE,8.94,0,0
2019,33352,87,2013,10,21,15,-3,19.0,1021.0,SE,12.96,0,0
2020,39048,113,2014,6,15,23,19,23.0,1004.0,NW,3.13,0,0
2021,20031,29,2012,4,14,14,-6,30.0,1004.0,SE,20.11,0,0
2022,2375,75,2010,4,9,22,2,8.0,1015.0,NE,0.89,0,0
2023,784,32,2010,2,2,15,-22,0.0,1027.0,cv,2.68,0,0
2024,40961,11,2014,9,3,16,11,30.0,1006.0,SE,4.92,0,0
2025,29637,34,2013,5,19,20,-9,22.0,1002.0,NW,88.07,0,0
2026,4463,32,2010,7,5,22,12,29.0,998.0,cv,0.45,0,0
2027,16297,135,2011,11,11,0,-1,2.0,1017.0,NW,1.79,0,0
2028,42159,133,2014,10,23,14,8,16.0,1013.0,cv,3.56,0,0
2029,25952,20,2012,12,17,7,-13,-4.0,1033.0,NW,29.95,0,0
2030,29983,189,2013,6,3,6,17,19.0,1004.0,NW,6.71,0,0
2031,802,120,2010,2,3,9,-18,-8.0,1030.0,NW,1.79,0,0
2032,38721,25,2014,6,2,8,14,21.0,1013.0,NW,3.13,0,0
2033,42981,379,2014,11,26,20,1,4.0,1019.0,SE,5.35,0,0
2034,37399,174,2014,4,8,6,4,8.0,1015.0,SE,0.89,0,0
2035,40455,17,2014,8,13,14,18,20.0,1008.0,NE,1.79,0,11
2036,28964,137,2013,4,21,19,3,16.0,1015.0,SE,46.94,0,0
2037,6887,21,2010,10,14,22,0,11.0,1021.0,NW,100.13,0,0
2038,3625,189,2010,6,1,0,14,18.0,1017.0,SE,16.1,0,0
2039,30928,67,2013,7,12,15,23,32.0,1004.0,SE,3.13,0,0
2040,34378,73,2013,12,3,9,-10,7.0,1024.0,NW,3.13,0,0
2041,9163,20,2011,1,17,18,-20,-4.0,1033.0,NW,104.15,0,0
2042,27103,135,2013,2,3,6,-4,-3.0,1023.0,SE,4.92,1,0
2043,36017,10,2014,2,9,16,-22,-1.0,1034.0,cv,0.89,0,0
2044,39504,156,2014,7,4,23,22,25.0,1007.0,NE,1.79,0,0
2045,7720,307,2010,11,18,15,2,9.0,1018.0,SE,6.71,0,0
2046,12708,195,2011,6,14,11,16,31.0,1003.0,SE,3.13,0,0
2047,27506,73,2013,2,20,1,-11,-5.0,1028.0,SE,42.93,0,0
2048,38052,52,2014,5,5,11,-11,16.0,1020.0,cv,1.79,0,0
2049,40841,85,2014,8,29,16,18,27.0,1015.0,cv,1.78,0,0
2050,27069,27,2013,2,1,20,-16,-2.0,1033.0,NE,13.41,0,0
2051,6677,151,2010,10,6,4,11,12.0,1013.0,NW,1.79,0,0
2052,41290,18,2014,9,17,9,11,19.0,1021.0,cv,2.68,0,0
2053,35207,185,2014,1,6,22,-6,-1.0,1025.0,NE,0.89,0,0
2054,35826,109,2014,2,1,17,-1,4.0,1014.0,SE,8.5,0,0
2055,34400,151,2013,12,4,7,-9,-3.0,1020.0,NW,1.79,0,0
2056,3047,38,2010,5,7,22,0,19.0,1006.0,NW,85.38,0,0
2057,20493,19,2012,5,3,20,8,26.0,1006.0,SE,15.2,0,0
2058,42911,186,2014,11,23,22,-1,0.0,1027.0,NE,1.79,0,0
2059,33603,311,2013,11,1,2,2,4.0,1028.0,cv,0.45,0,0
2060,10743,15,2011,3,24,14,-17,12.0,1025.0,NW,150.65,0,0
2061,21115,18,2012,5,29,18,14,20.0,1012.0,NW,22.79,0,4
2062,9134,37,2011,1,16,13,-21,-3.0,1035.0,cv,0.89,0,0
2063,17811,50,2012,1,13,2,-14,-7.0,1028.0,NW,18.78,0,0
2064,43430,9,2014,12,15,13,-19,4.0,1027.0,NW,69.73,0,0
2065,34329,125,2013,12,1,8,-13,-2.0,1025.0,NW,3.13,0,0
2066,8427,319,2010,12,18,2,-13,-6.0,1013.0,NE,0.89,0,0
2067,25699,95,2012,12,6,18,-15,-6.0,1021.0,SE,6.7,0,0
2068,508,18,2010,1,22,3,-21,-6.0,1037.0,NW,35.31,0,0
2069,1548,26,2010,3,6,11,-22,-1.0,1035.0,NW,1.79,0,0
2070,29982,182,2013,6,3,5,16,17.0,1003.0,NW,3.58,0,0
2071,42536,74,2014,11,8,7,-4,0.0,1029.0,NW,7.6,0,0
2072,1189,96,2010,2,19,12,-16,7.0,1017.0,cv,1.78,0,0
2073,43076,27,2014,11,30,19,-29,1.0,1026.0,NW,129.21,0,0
2074,13437,94,2011,7,14,20,22,27.0,1005.0,SE,3.58,0,0
2075,26009,215,2012,12,19,16,-9,-4.0,1028.0,cv,4.9,0,0
2076,2994,7,2010,5,5,17,6,24.0,997.0,NW,59.01,0,0
2077,20499,123,2012,5,4,2,11,16.0,1007.0,NW,0.89,0,0
2078,34324,46,2013,12,1,3,-13,-4.0,1025.0,cv,0.89,0,0
2079,4658,139,2010,7,14,1,21,24.0,1010.0,cv,0.89,0,0
2080,97,30,2010,1,5,0,-26,-17.0,1035.0,NW,201.58,0,0
2081,21623,117,2012,6,19,22,19,24.0,1001.0,SE,32.64,0,3
2082,3601,77,2010,5,31,0,15,18.0,1013.0,SE,8.94,0,1
2083,2226,136,2010,4,3,17,-4,15.0,1011.0,SE,38.9,0,0
2084,14172,110,2011,8,14,11,26,28.0,1002.0,SE,3.58,0,0
2085,25264,156,2012,11,18,15,-2,8.0,1016.0,cv,5.34,0,0
2086,39186,57,2014,6,21,17,16,27.0,1006.0,SE,12.97,0,0
2087,35827,120,2014,2,1,18,-1,4.0,1014.0,SE,11.63,0,0
2088,38383,70,2014,5,19,6,16,17.0,1007.0,cv,2.68,0,1
2089,42257,33,2014,10,27,16,-5,14.0,1030.0,SE,17.43,0,0
2090,24316,9,2012,10,10,3,0,13.0,1021.0,NW,159.14,0,0
2091,39995,49,2014,7,25,10,18,31.0,1006.0,NW,19.22,0,0
2092,38868,59,2014,6,8,11,14,27.0,1002.0,cv,1.79,0,0
2093,28788,34,2013,4,14,11,-13,14.0,1013.0,cv,0.89,0,0
2094,26860,18,2013,1,24,3,-14,-2.0,1023.0,NW,33.97,0,0
2095,22387,95,2012,7,21,18,24,24.0,1000.0,NE,21.45,0,9
2096,20386,205,2012,4,29,9,0,15.0,1014.0,NW,8.5,0,0
2097,4434,56,2010,7,4,17,17,37.0,998.0,SE,10.73,0,0
2098,41331,78,2014,9,19,2,11,14.0,1015.0,NE,0.89,0,0
2099,4506,65,2010,7,7,17,18,30.0,1004.0,cv,1.79,0,0
2100,15420,,2011,10,5,11,12,19.0,1014.0,SE,1.79,0,0
2101,11945,24,2011,5,13,16,-5,26.0,1008.0,NW,112.2,0,0
2102,17540,55,2012,1,1,19,-14,-4.0,1032.0,cv,2.68,0,0
2103,14610,23,2011,9,1,17,12,28.0,1009.0,SE,19.21,0,0
2104,31412,62,2013,8,1,19,20,25.0,1003.0,NE,3.58,0,0
2105,33,120,2010,1,2,8,-8,-6.0,1024.0,SE,12.51,0,0
2106,28652,16,2013,4,8,19,-17,10.0,1014.0,NW,178.37,0,0
2107,7615,27,2010,11,14,6,-8,0.0,1035.0,NW,184.22,0,0
2108,301,26,2010,1,13,12,-21,-8.0,1031.0,NW,270.89,0,0
2109,2070,67,2010,3,28,5,-6,-2.0,1028.0,NE,0.89,0,0
2110,12267,,2011,5,27,2,13,14.0,1013.0,cv,0.45,0,0
2111,13999,,2011,8,7,6,23,24.0,1008.0,NE,0.89,0,0
2112,23709,25,2012,9,14,20,8,18.0,1017.0,SE,4.02,0,0
2113,2985,216,2010,5,5,8,15,16.0,997.0,SE,71.97,0,0
2114,38103,112,2014,5,7,14,-6,27.0,1006.0,NW,43.36,0,0
2115,37226,161,2014,4,1,1,7,10.0,1015.0,cv,1.78,0,0
2116,16280,34,2011,11,10,7,-3,2.0,1022.0,NW,16.1,0,0
2117,9890,327,2011,2,17,1,-6,-5.0,1022.0,NW,1.79,0,0
2118,189,226,2010,1,8,20,-17,-12.0,1026.0,cv,1.79,0,0
2119,3205,147,2010,5,14,12,9,21.0,1015.0,SE,22.36,0,0
2120,33598,211,2013,10,31,21,3,6.0,1028.0,SE,0.89,0,0
2121,20737,96,2012,5,14,0,12,17.0,1010.0,NE,11.17,0,0
2122,2789,18,2010,4,27,4,-13,4.0,1011.0,NW,98.36,0,0
2123,38237,47,2014,5,13,4,10,13.0,1000.0,cv,0.45,0,0
2124,23688,12,2012,9,13,23,11,14.0,1015.0,NE,1.79,0,0
2125,25685,47,2012,12,6,4,-18,-9.0,1023.0,SE,1.79,0,0
2126,17155,19,2011,12,16,18,-21,-5.0,1036.0,cv,1.34,0,0
2127,3880,95,2010,6,11,15,15,25.0,1010.0,SE,4.92,0,0
2128,39748,29,2014,7,15,3,15,26.0,1004.0,SE,23.25,0,0
2129,16481,43,2011,11,18,16,6,13.0,1013.0,SE,6.71,0,0
2130,35484,43,2014,1,18,11,-20,4.0,1035.0,NE,4.02,0,0
2131,25519,37,2012,11,29,6,-10,-7.0,1024.0,cv,0.89,0,0
2132,30941,112,2013,7,13,4,22,24.0,1006.0,SE,0.89,0,0
2133,28710,15,2013,4,11,5,-10,2.0,1019.0,NW,224.85,0,0
2134,2008,20,2010,3,25,15,-19,8.0,1023.0,NW,9.83,0,0
2135,41052,198,2014,9,7,11,20,26.0,1008.0,SE,3.58,0,0
2136,7375,53,2010,11,4,6,-2,3.0,1022.0,NW,17.89,0,0
2137,22452,76,2012,7,24,11,22,27.0,1009.0,cv,0.89,0,0
2138,11115,,2011,4,9,2,-3,10.0,1013.0,cv,0.89,0,0
2139,41020,152,2014,9,6,3,20,22.0,1012.0,SE,3.58,0,0
2140,12609,173,2011,6,10,8,17,25.0,1001.0,cv,2.68,0,0
2141,35179,46,2014,1,5,18,-15,1.0,1025.0,SE,6.71,0,0
2142,23469,15,2012,9,4,20,11,19.0,1015.0,SE,14.75,0,0
2143,32408,164,2013,9,12,7,15,18.0,1014.0,cv,0.89,0,0
2144,6327,,2010,9,21,14,10,17.0,1022.0,NE,6.26,0,0
2145,26933,293,2013,1,27,4,-11,-9.0,1029.0,NW,0.89,0,0
2146,29824,80,2013,5,27,15,15,23.0,1005.0,cv,1.79,0,0
2147,12247,112,2011,5,26,6,11,18.0,1013.0,SE,22.81,0,0
2148,40156,135,2014,8,1,3,22,25.0,1006.0,cv,0.89,0,0
2149,18899,216,2012,2,27,10,-6,-1.0,1027.0,SE,9.83,0,0
2150,10956,68,2011,4,2,11,-6,11.0,1031.0,cv,3.58,0,0
2151,11616,168,2011,4,29,23,12,13.0,1000.0,cv,0.89,0,0
2152,9614,109,2011,2,5,13,-9,1.0,1016.0,SE,6.26,0,0
2153,19995,84,2012,4,13,2,1,10.0,1009.0,NE,0.89,0,0
2154,8815,167,2011,1,3,6,-15,-9.0,1032.0,NE,0.89,0,0
2155,16652,256,2011,11,25,19,-4,1.0,1025.0,cv,1.78,0,0
2156,41079,6,2014,9,8,14,5,29.0,1009.0,NW,1.79,0,0
2157,9841,102,2011,2,15,0,-13,-9.0,1030.0,SE,3.57,0,0
2158,32511,56,2013,9,16,14,12,26.0,1010.0,SE,7.15,0,0
2159,43179,9,2014,12,5,2,-22,-7.0,1028.0,NW,41.57,0,0
2160,13492,69,2011,7,17,3,21,22.0,1004.0,NW,1.79,0,0
2161,41779,189,2014,10,7,18,11,16.0,1018.0,cv,0.89,0,0
2162,6011,58,2010,9,8,10,13,24.0,1017.0,SE,4.02,0,0
2163,24994,87,2012,11,7,9,1,7.0,1020.0,NW,11.63,0,0
2164,35552,18,2014,1,21,7,-22,-5.0,1035.0,NW,328.55,0,0
2165,42189,346,2014,10,24,20,11,12.0,1011.0,NE,0.89,0,0
2166,32044,40,2013,8,28,3,18,23.0,1002.0,SE,48.27,0,0
2167,32837,228,2013,9,30,4,15,17.0,1019.0,SE,1.79,0,0
2168,15499,258,2011,10,8,18,14,19.0,1016.0,cv,2.68,0,0
2169,38882,35,2014,6,9,1,14,16.0,1003.0,cv,0.89,0,0
2170,13636,290,2011,7,23,3,25,26.0,1002.0,cv,2.67,0,0
2171,23857,166,2012,9,21,0,15,19.0,1013.0,SE,1.79,0,0
2172,26133,,2012,12,24,20,-24,-8.0,1031.0,NW,25.03,0,0
2173,19648,30,2012,3,29,15,-9,23.0,1011.0,NW,49.17,0,0
2174,43457,8,2014,12,16,16,-20,-1.0,1030.0,NW,286.08,0,0
2175,29028,73,2013,4,24,11,2,21.0,1010.0,cv,3.13,0,0
2176,31433,89,2013,8,2,16,22,30.0,1004.0,SE,6.71,0,0
2177,37313,13,2014,4,4,16,-17,25.0,1009.0,NW,7.15,0,0
2178,34026,8,2013,11,18,17,-20,5.0,1025.0,NW,249.47,0,0
2179,38639,63,2014,5,29,22,10,29.0,1001.0,SE,1.79,0,0
2180,39398,104,2014,6,30,13,17,34.0,1005.0,SE,3.13,0,0
2181,34435,32,2013,12,5,18,-15,3.0,1023.0,cv,0.89,0,0
2182,10112,52,2011,2,26,7,-3,-3.0,1028.0,SE,3.58,4,0
2183,3444,31,2010,5,24,11,7,26.0,1005.0,NW,30.85,0,0
2184,34693,117,2013,12,16,12,-18,1.0,1031.0,cv,3.12,0,0
2185,32128,14,2013,8,31,15,2,31.0,1010.0,cv,1.79,0,0
2186,35279,66,2014,1,9,22,-24,-6.0,1031.0,cv,0.89,0,0
2187,36350,279,2014,2,23,13,-6,2.0,1030.0,cv,2.67,0,0
2188,16700,277,2011,11,27,19,-1,2.0,1020.0,SE,0.89,0,0
2189,6995,60,2010,10,19,10,7,8.0,1028.0,cv,1.78,0,0
2190,22717,18,2012,8,4,12,20,31.0,1008.0,NE,15.2,0,0
2191,26968,409,2013,1,28,15,-5,3.0,1019.0,SE,1.79,0,0
2192,2080,100,2010,3,28,15,-6,16.0,1024.0,SE,8.94,0,0
2193,21210,63,2012,6,2,17,10,28.0,1007.0,SE,40.24,0,0
2194,28993,152,2013,4,23,0,7,13.0,1012.0,SE,8.94,0,0
2195,25291,51,2012,11,19,18,-9,7.0,1024.0,cv,3.13,0,0
2196,40706,20,2014,8,24,1,18,22.0,1006.0,NE,1.79,0,2
2197,19811,13,2012,4,5,10,-15,14.0,1017.0,NW,68.84,0,0
2198,15976,106,2011,10,28,15,3,17.0,1023.0,SE,1.79,0,0
2199,35770,20,2014,1,30,9,-23,4.0,1020.0,cv,0.89,0,0
2200,21702,181,2012,6,23,5,20,21.0,1002.0,cv,0.89,0,0
2201,20898,,2012,5,20,17,15,23.0,1014.0,SE,30.85,0,0
2202,16048,202,2011,10,31,15,12,15.0,1022.0,cv,1.78,0,0
2203,25143,12,2012,11,13,14,-18,6.0,1017.0,NW,210.97,0,0
2204,237,66,2010,1,10,20,-15,-6.0,1033.0,NW,30.4,0,0
2205,30479,68,2013,6,23,22,17,27.0,1003.0,SE,28.6,0,0
2206,16545,91,2011,11,21,8,-4,-1.0,1031.0,cv,0.89,0,0
2207,20189,147,2012,4,21,4,11,12.0,1013.0,SE,5.36,0,0
2208,18544,106,2012,2,12,15,-9,0.0,1023.0,cv,0.89,0,0
2209,42863,38,2014,11,21,22,-11,4.0,1025.0,NW,6.71,0,0
2210,908,147,2010,2,7,19,-7,-5.0,1021.0,SE,0.89,0,0
2211,13136,166,2011,7,2,7,23,24.0,1001.0,SE,1.79,0,4
2212,33980,7,2013,11,16,19,-15,7.0,1024.0,NW,170.75,0,0
2213,14715,51,2011,9,6,2,16,19.0,1012.0,cv,0.89,0,0
2214,2755,15,2010,4,25,18,8,10.0,1014.0,NW,25.92,0,2
2215,7785,139,2010,11,21,8,-7,10.0,1012.0,NW,29.96,0,0
2216,42463,147,2014,11,5,6,-1,3.0,1016.0,NW,4.92,0,0
2217,4931,199,2010,7,25,10,25,31.0,1011.0,SE,1.79,0,0
2218,31622,117,2013,8,10,13,24,33.0,1004.0,SE,3.58,0,0
2219,35367,82,2014,1,13,14,-22,2.0,1029.0,cv,4.45,0,0
2220,35198,146,2014,1,6,13,-5,0.0,1025.0,SE,22.8,0,0
2221,16670,193,2011,11,26,13,-4,6.0,1020.0,NW,31.3,0,0
2222,11870,28,2011,5,10,13,4,26.0,1008.0,SE,5.81,0,0
2223,12724,128,2011,6,15,3,19,21.0,1001.0,cv,1.78,0,0
2224,23193,124,2012,8,24,8,18,21.0,1015.0,cv,0.89,0,0
2225,39454,114,2014,7,2,21,21,24.0,1003.0,SE,10.29,0,0
2226,19313,114,2012,3,15,16,-6,9.0,1020.0,SE,15.65,0,0
2227,4051,95,2010,6,18,18,19,25.0,1002.0,SE,12.07,0,0
2228,23580,138,2012,9,9,11,20,25.0,1015.0,cv,2.67,0,0
2229,1280,130,2010,2,23,7,-8,-6.0,1010.0,NW,3.58,0,0
2230,28044,112,2013,3,14,11,-4,4.0,1029.0,SE,1.79,0,0
2231,6804,5,2010,10,11,11,6,17.0,1018.0,NE,16.99,0,0
2232,26090,10,2012,12,23,1,-24,-10.0,1039.0,NW,117.57,0,0
2233,14303,51,2011,8,19,22,19,22.0,1012.0,SE,37.99,0,0
2234,14215,17,2011,8,16,6,21,23.0,1003.0,NW,11.17,0,0
2235,39046,61,2014,6,15,21,18,21.0,1004.0,SE,15.2,0,3
2236,42013,87,2014,10,17,12,4,20.0,1016.0,cv,2.68,0,0
2237,41321,34,2014,9,18,16,6,28.0,1017.0,SE,8.05,0,0
2238,34125,323,2013,11,22,20,-8,7.0,1022.0,SE,13.86,0,0
2239,2895,69,2010,5,1,14,0,31.0,1005.0,SE,9.83,0,0
2240,24288,398,2012,10,8,23,14,16.0,1015.0,SE,1.79,0,0
2241,31208,72,2013,7,24,7,20,25.0,1000.0,NW,11.61,0,0
2242,33491,155,2013,10,27,10,1,10.0,1019.0,SE,1.79,0,0
2243,20745,31,2012,5,14,8,0,19.0,1009.0,NW,1.79,0,0
2244,39846,77,2014,7,19,5,23,27.0,1008.0,SE,11.62,0,0
2245,26261,11,2012,12,30,4,-20,-5.0,1027.0,NW,32.18,0,0
2246,1982,29,2010,3,24,13,-16,11.0,1022.0,NE,24.14,0,0
2247,38739,64,2014,6,3,2,13,19.0,1008.0,NW,20.56,0,0
2248,34110,128,2013,11,22,5,-8,-2.0,1026.0,NW,10.29,0,0
2249,7031,86,2010,10,20,22,7,9.0,1026.0,cv,0.45,0,0
2250,1621,19,2010,3,9,12,-15,-2.0,1035.0,NW,119.78,0,0
2251,41648,74,2014,10,2,7,9,10.0,1013.0,NW,18.79,0,0
2252,6445,,2010,9,26,12,2,23.0,1019.0,NW,8.05,0,0
2253,20588,146,2012,5,7,19,5,24.0,1003.0,cv,0.89,0,0
2254,8009,237,2010,11,30,16,0,2.0,1016.0,SE,0.89,0,0
2255,13155,195,2011,7,3,2,23,24.0,1001.0,cv,0.89,0,0
2256,23144,21,2012,8,22,7,11,19.0,1018.0,NW,7.15,0,0
2257,1056,267,2010,2,13,23,-13,-6.0,1028.0,cv,2.67,0,0
2258,1231,206,2010,2,21,6,-8,-5.0,1011.0,NW,7.6,0,0
2259,32697,9,2013,9,24,8,3,14.0,1024.0,NW,7.15,0,0
2260,10114,71,2011,2,26,9,-3,-3.0,1027.0,SE,7.16,6,0
2261,20955,85,2012,5,23,2,3,21.0,1010.0,NE,4.92,0,0
2262,12380,24,2011,5,31,19,9,24.0,1003.0,NW,137.24,0,0
2263,12023,40,2011,5,16,22,3,22.0,1007.0,SE,52.74,0,0
2264,9592,32,2011,2,4,15,-12,8.0,1021.0,cv,0.89,0,0
2265,23989,27,2012,9,26,12,13,23.0,1020.0,NE,3.13,0,0
2266,22302,51,2012,7,18,5,21,23.0,1010.0,SE,86.73,0,0
2267,39864,66,2014,7,19,23,24,31.0,1008.0,SE,35.75,0,0
2268,36865,149,2014,3,17,0,-5,8.0,1012.0,SE,0.89,0,0
2269,41800,320,2014,10,8,15,13,20.0,1017.0,SE,4.92,0,0
2270,20734,164,2012,5,13,21,13,18.0,1007.0,NW,5.81,0,0
2271,39375,59,2014,6,29,14,16,33.0,1005.0,SE,9.39,0,0
2272,3722,,2010,6,5,1,12,19.0,1014.0,SE,37.09,0,0
2273,25499,23,2012,11,28,10,-18,2.0,1024.0,NW,122.04,0,0
2274,33673,9,2013,11,4,0,-3,4.0,1029.0,cv,0.89,0,0
2275,972,16,2010,2,10,11,-24,-2.0,1032.0,NE,77.33,0,0
2276,6598,13,2010,10,2,21,8,16.0,1015.0,NW,113.1,0,0
2277,17330,10,2011,12,24,1,-16,-1.0,1028.0,NW,25.92,0,0
2278,10133,115,2011,2,27,4,-3,-1.0,1026.0,NW,8.05,0,0
2279,35567,112,2014,1,21,22,-18,-4.0,1028.0,cv,0.89,0,0
2280,11563,47,2011,4,27,18,1,18.0,1009.0,SE,21.0,0,0
2281,15557,41,2011,10,11,4,12,15.0,1025.0,NE,0.89,0,0
2282,31263,56,2013,7,26,14,20,25.0,1003.0,NW,4.92,0,0
2283,7265,15,2010,10,30,16,-2,19.0,1025.0,cv,3.57,0,0
2284,24556,245,2012,10,20,3,5,5.0,1016.0,NW,4.47,0,0
2285,3054,78,2010,5,8,5,7,13.0,1008.0,cv,0.89,0,0
2286,27968,94,2013,3,11,7,-6,-1.0,1023.0,cv,1.78,0,0
2287,20743,71,2012,5,14,6,9,11.0,1009.0,cv,4.01,0,0
2288,30699,30,2013,7,3,2,20,25.0,995.0,cv,0.89,0,0
2289,13384,112,2011,7,12,15,21,30.0,1008.0,SE,8.05,0,0
2290,15918,114,2011,10,26,5,2,4.0,1024.0,cv,2.24,0,0
2291,34164,46,2013,11,24,11,-10,9.0,1016.0,NW,21.9,0,0
2292,9379,93,2011,1,26,18,-19,-5.0,1038.0,NE,2.68,0,0
2293,11245,27,2011,4,14,12,-6,28.0,1004.0,NW,27.72,0,0
2294,17316,70,2011,12,23,11,-14,3.0,1026.0,NW,8.05,0,0
2295,35416,48,2014,1,15,15,-22,5.0,1029.0,cv,5.36,0,0
2296,7504,62,2010,11,9,15,-8,8.0,1017.0,cv,1.78,0,0
2297,37340,30,2014,4,5,19,-12,17.0,1019.0,SE,15.2,0,0
2298,17357,64,2011,12,25,4,-14,-9.0,1030.0,NW,3.58,0,0
2299,13855,,2011,8,1,6,24,24.0,1004.0,NE,1.79,0,0
2300,43536,11,2014,12,19,23,-18,-2.0,1031.0,NW,176.57,0,0
2301,861,67,2010,2,5,20,-13,-5.0,1031.0,SE,8.94,0,0
2302,26901,130,2013,1,25,20,-12,-7.0,1023.0,SE,1.78,0,0
2303,1952,60,2010,3,23,7,-7,1.0,1023.0,cv,0.89,0,0
2304,1077,36,2010,2,14,20,-23,-5.0,1035.0,NW,1.79,0,0
2305,17806,156,2012,1,12,21,-14,-5.0,1026.0,NW,1.79,0,0
2306,12929,179,2011,6,23,16,21,25.0,998.0,SE,45.14,0,1
2307,37293,18,2014,4,3,20,-21,12.0,1022.0,SE,3.58,0,0
2308,41040,151,2014,9,6,23,19,24.0,1009.0,SE,33.98,0,0
2309,9776,12,2011,2,12,7,-20,-10.0,1035.0,NW,7.15,0,0
2310,30474,59,2013,6,23,17,14,31.0,1000.0,SE,9.39,0,0
2311,29504,28,2013,5,14,7,-3,23.0,1007.0,NW,40.23,0,0
2312,17704,152,2012,1,8,15,-9,1.0,1031.0,cv,4.46,0,0
2313,24082,17,2012,9,30,9,5,18.0,1020.0,NW,17.44,0,0
2314,20752,33,2012,5,14,15,-7,27.0,1005.0,NW,18.77,0,0
2315,28809,71,2013,4,15,8,-2,11.0,1006.0,SE,1.79,0,0
2316,16585,6,2011,11,23,0,-15,0.0,1029.0,NW,146.62,0,0
2317,28540,61,2013,4,4,3,-4,8.0,1015.0,SE,76.45,0,0
2318,36497,10,2014,3,1,16,-27,12.0,1020.0,NW,7.15,0,0
2319,7471,7,2010,11,8,6,-4,7.0,1023.0,NW,171.66,0,0
2320,37578,38,2014,4,15,17,-2,20.0,1018.0,SE,48.27,0,0
2321,10252,45,2011,3,4,3,-10,-3.0,1025.0,cv,2.23,0,0
2322,23504,72,2012,9,6,7,14,16.0,1018.0,cv,0.45,0,0
2323,27890,397,2013,3,8,1,-2,4.0,1004.0,NW,2.68,0,0
2324,40989,38,2014,9,4,20,19,23.0,1004.0,SE,29.95,0,0
2325,6160,128,2010,9,14,15,14,32.0,1012.0,SE,5.37,0,0
2326,35598,321,2014,1,23,5,-16,-8.0,1019.0,cv,0.45,0,0
2327,3769,,2010,6,7,0,16,23.0,1012.0,SE,43.35,0,0
2328,31420,90,2013,8,2,3,20,21.0,1004.0,NW,1.79,0,0
2329,6997,79,2010,10,19,12,7,10.0,1027.0,SE,1.79,0,0
2330,21385,47,2012,6,10,0,18,19.0,1000.0,cv,0.89,0,0
2331,25213,263,2012,11,16,12,2,5.0,1021.0,cv,0.89,0,0
2332,40799,94,2014,8,27,22,16,26.0,1013.0,SE,3.58,0,0
2333,32914,48,2013,10,3,9,6,16.0,1021.0,cv,1.79,0,0
2334,38974,44,2014,6,12,21,17,28.0,1006.0,NW,4.02,0,0
2335,11131,100,2011,4,9,18,-7,23.0,1008.0,SE,26.37,0,0
2336,20208,147,2012,4,21,23,10,14.0,1007.0,SE,16.1,0,0
2337,42786,63,2014,11,18,17,-8,10.0,1027.0,cv,0.89,0,0
2338,31685,69,2013,8,13,4,22,25.0,1006.0,SE,12.07,0,0
2339,28134,15,2013,3,18,5,-9,10.0,1003.0,NW,34.86,0,0
2340,27225,19,2013,2,8,8,-22,-10.0,1039.0,NW,13.42,0,0
2341,37533,136,2014,4,13,20,5,19.0,1016.0,SE,33.96,0,0
2342,9364,35,2011,1,26,3,-21,-11.0,1039.0,NW,10.29,0,0
2343,28754,57,2013,4,13,1,1,11.0,1005.0,cv,0.89,0,0
2344,25114,22,2012,11,12,9,-12,4.0,1020.0,NE,1.79,0,0
2345,22533,105,2012,7,27,20,25,27.0,1006.0,cv,0.89,0,0
2346,31223,40,2013,7,24,22,18,27.0,1000.0,NW,1.79,0,0
2347,16064,256,2011,11,1,7,11,12.0,1022.0,cv,1.78,0,0
2348,13100,150,2011,6,30,19,23,28.0,1002.0,SE,1.79,0,0
2349,7873,16,2010,11,25,0,-13,-4.0,1029.0,NW,4.92,0,0
2350,25333,164,2012,11,21,12,-3,8.0,1018.0,cv,1.78,0,0
2351,11388,166,2011,4,20,11,5,19.0,1010.0,SE,1.79,0,0
2352,25889,204,2012,12,14,16,0,1.0,1023.0,NW,111.78,0,0
2353,4724,161,2010,7,16,19,23,29.0,1003.0,SE,22.8,0,0
2354,10983,167,2011,4,3,14,-13,18.0,1024.0,NW,4.02,0,0
2355,11481,17,2011,4,24,8,-2,15.0,1014.0,NW,115.78,0,0
2356,10906,204,2011,3,31,9,1,12.0,1017.0,cv,1.78,0,0
2357,2552,152,2010,4,17,7,2,5.0,1024.0,SE,71.52,0,0
2358,41617,78,2014,10,1,0,6,11.0,1021.0,SE,3.58,0,0
2359,36389,485,2014,2,25,4,-5,-2.0,1027.0,NW,0.89,0,0
2360,6964,86,2010,10,18,3,1,8.0,1028.0,SE,0.89,0,0
2361,4087,95,2010,6,20,6,19,24.0,1008.0,NW,12.97,0,0
2362,40326,51,2014,8,8,5,18,21.0,1010.0,cv,2.67,0,0
2363,35865,6,2014,2,3,8,-33,-3.0,1029.0,NW,38.89,0,0
2364,30559,64,2013,6,27,6,19,22.0,998.0,cv,0.89,0,0
2365,29133,16,2013,4,28,20,-9,20.0,1011.0,NW,22.79,0,0
2366,41994,59,2014,10,16,17,-4,20.0,1018.0,SE,44.25,0,0
2367,3606,91,2010,5,31,5,14,17.0,1015.0,SE,17.89,0,0
2368,25607,268,2012,12,2,22,-6,-4.0,1018.0,cv,0.89,0,0
2369,42095,143,2014,10,20,22,10,15.0,1023.0,SE,7.6,0,0
2370,3927,151,2010,6,13,14,19,28.0,1004.0,SE,42.92,0,0
2371,38836,19,2014,6,7,3,12,15.0,1005.0,NW,1.79,0,0
2372,31878,120,2013,8,21,5,22,24.0,1008.0,NE,0.89,0,0
2373,24179,13,2012,10,4,10,4,21.0,1017.0,NW,4.02,0,0
2374,35594,344,2014,1,23,1,-16,-6.0,1021.0,NW,1.79,0,0
2375,33783,159,2013,11,8,14,-4,14.0,1019.0,SE,3.13,0,0
2376,21049,54,2012,5,27,0,8,22.0,1003.0,SE,69.75,0,0
2377,37503,78,2014,4,12,14,-6,21.0,1015.0,SE,11.17,0,0
2378,2438,40,2010,4,12,13,-15,11.0,1018.0,NW,57.67,0,0
2379,31571,33,2013,8,8,10,20,29.0,1001.0,cv,0.89,0,0
2380,33556,128,2013,10,30,3,-2,2.0,1029.0,NW,1.79,0,0
2381,9436,7,2011,1,29,3,-25,-9.0,1037.0,NW,108.19,0,0
2382,30251,115,2013,6,14,10,14,27.0,1009.0,SE,43.81,0,0
2383,22964,27,2012,8,14,19,14,21.0,1006.0,SE,44.7,0,0
2384,31534,168,2013,8,6,21,26,29.0,1000.0,SE,23.25,0,0
2385,42598,153,2014,11,10,21,0,5.0,1019.0,cv,0.89,0,0
2386,33350,110,2013,10,21,13,-1,18.0,1022.0,SE,4.92,0,0
2387,32125,12,2013,8,31,12,6,29.0,1012.0,NW,9.39,0,0
2388,24448,102,2012,10,15,15,7,14.0,1020.0,cv,78.32,0,0
2389,32101,9,2013,8,30,12,5,26.0,1012.0,NW,31.74,0,0
2390,27925,42,2013,3,9,12,-16,15.0,1007.0,NW,33.08,0,0
2391,27647,148,2013,2,25,22,-4,-1.0,1025.0,NW,18.78,0,0
2392,28520,184,2013,4,3,7,1,4.0,1011.0,NW,1.79,0,0
2393,36363,339,2014,2,24,2,-5,2.0,1029.0,cv,0.45,0,0
2394,26243,17,2012,12,29,10,-19,-4.0,1032.0,NW,64.81,0,0
2395,10842,35,2011,3,28,17,-11,14.0,1025.0,SE,1.79,0,0
2396,42305,126,2014,10,29,16,4,15.0,1023.0,SE,1.79,0,0
2397,16905,211,2011,12,6,8,0,0.0,1032.0,NW,14.31,2,0
2398,7586,16,2010,11,13,1,-14,7.0,1023.0,NW,67.96,0,0
2399,16861,65,2011,12,4,12,-5,1.0,1028.0,cv,3.56,0,0
2400,30091,141,2013,6,7,18,19,21.0,1008.0,NE,2.68,0,0
2401,23238,174,2012,8,26,5,18,20.0,1011.0,cv,2.67,0,0
2402,42260,60,2014,10,27,19,-6,11.0,1030.0,SE,27.71,0,0
2403,9035,61,2011,1,12,10,-19,-6.0,1026.0,NW,3.58,0,0
2404,39597,16,2014,7,8,20,18,28.0,1003.0,SE,2.67,0,0
2405,18487,11,2012,2,10,6,-22,-6.0,1031.0,NW,59.47,0,0
2406,30200,76,2013,6,12,7,14,17.0,1009.0,cv,0.89,0,0
2407,27197,6,2013,2,7,4,-25,-14.0,1037.0,NW,4.02,0,0
2408,33578,187,2013,10,31,1,2,5.0,1027.0,cv,0.45,0,0
2409,884,100,2010,2,6,19,-9,-3.0,1029.0,SE,35.31,1,0
2410,15609,36,2011,10,13,8,12,14.0,1012.0,NW,12.07,0,4
2411,41736,34,2014,10,5,23,4,13.0,1027.0,cv,0.89,0,0
2412,21622,139,2012,6,19,21,20,25.0,1001.0,SE,30.85,0,2
2413,3842,38,2010,6,10,1,12,22.0,1013.0,SE,2.68,0,0
2414,6570,259,2010,10,1,17,16,22.0,1015.0,SE,0.89,0,0
2415,5938,170,2010,9,5,9,19,23.0,1013.0,cv,5.34,0,0
2416,32014,71,2013,8,26,21,20,26.0,1007.0,SE,41.58,0,0
2417,12037,149,2011,5,17,12,14,24.0,998.0,SE,16.1,0,0
2418,15955,137,2011,10,27,18,6,11.0,1022.0,cv,1.79,0,0
2419,7850,238,2010,11,24,1,-6,-1.0,1019.0,NW,11.63,0,0
2420,35530,11,2014,1,20,9,-21,-1.0,1029.0,NW,147.06,0,0
2421,18884,42,2012,2,26,19,-17,1.0,1027.0,SE,6.71,0,0
2422,393,183,2010,1,17,8,-13,-10.0,1030.0,NW,14.76,0,0
2423,24735,105,2012,10,27,14,2,22.0,1014.0,NW,21.91,0,0
2424,38532,113,2014,5,25,11,3,27.0,1007.0,NW,27.28,0,0
2425,41417,124,2014,9,22,16,17,21.0,1016.0,NE,11.63,0,0
2426,29237,44,2013,5,3,4,9,12.0,1016.0,cv,0.89,0,0
2427,12215,59,2011,5,24,22,10,23.0,1015.0,SE,153.77,0,0
2428,31023,10,2013,7,16,14,13,32.0,1000.0,NW,41.12,0,0
2429,22349,187,2012,7,20,4,24,25.0,1005.0,SE,14.76,0,0
2430,3257,56,2010,5,16,16,12,20.0,1013.0,SE,78.68,0,1
2431,27088,63,2013,2,2,15,-15,4.0,1029.0,SE,1.79,0,0
2432,9835,39,2011,2,14,18,-14,-2.0,1030.0,SE,9.84,0,0
2433,43599,67,2014,12,22,14,-14,9.0,1022.0,SE,3.13,0,0
2434,6923,63,2010,10,16,10,5,16.0,1019.0,SE,4.02,0,0
2435,2849,17,2010,4,29,16,-8,19.0,1012.0,NW,117.11,0,0
2436,32293,39,2013,9,7,12,9,27.0,1017.0,NE,6.26,0,0
2437,34977,17,2013,12,28,8,-20,-4.0,1028.0,NW,52.74,0,0
2438,13734,48,2011,7,27,5,22,23.0,1001.0,NW,5.81,0,0
2439,38575,40,2014,5,27,6,10,21.0,994.0,cv,0.89,0,0
2440,39081,24,2014,6,17,8,18,20.0,1003.0,NW,3.13,0,0
2441,13095,47,2011,6,30,14,21,28.0,1002.0,NE,1.79,0,0
2442,18983,267,2012,3,1,22,1,2.0,1025.0,SE,1.79,0,1
2443,36901,52,2014,3,18,12,-7,15.0,1024.0,SE,13.86,0,0
2444,41453,35,2014,9,24,4,16,16.0,1016.0,NE,7.16,0,6
2445,5433,,2010,8,15,8,12,28.0,1005.0,NW,36.2,0,0
2446,11636,201,2011,4,30,19,-1,17.0,1004.0,NW,98.34,0,0
2447,17952,446,2012,1,18,23,-6,-3.0,1027.0,cv,1.78,0,0
2448,26801,72,2013,1,21,16,-7,3.0,1028.0,SE,0.89,0,0
2449,25732,9,2012,12,8,3,-27,-9.0,1029.0,NW,100.11,0,0
2450,982,16,2010,2,10,21,-21,-2.0,1033.0,NE,50.5,0,0
2451,24499,29,2012,10,17,18,-7,15.0,1016.0,SE,8.94,0,0
2452,24886,214,2012,11,2,21,6,7.0,1021.0,cv,0.89,0,0
2453,10271,59,2011,3,4,22,-9,5.0,1020.0,SE,25.48,0,0
2454,38321,45,2014,5,16,16,2,29.0,1006.0,SE,3.13,0,0
2455,14134,154,2011,8,12,21,25,27.0,1003.0,SE,29.51,0,0
2456,13922,77,2011,8,4,1,21,23.0,1004.0,SE,51.86,0,0
2457,34672,38,2013,12,15,15,-24,5.0,1032.0,cv,4.46,0,0
2458,19087,12,2012,3,6,6,-16,1.0,1014.0,NW,61.24,0,0
2459,36521,137,2014,3,2,16,-13,11.0,1020.0,SE,10.28,0,0
2460,27477,46,2013,2,18,20,-18,0.0,1028.0,NW,12.96,0,0
2461,7223,41,2010,10,28,22,1,8.0,1028.0,cv,0.89,0,0
2462,33287,273,2013,10,18,22,7,11.0,1024.0,NE,0.89,0,0
2463,21657,193,2012,6,21,8,19,25.0,1005.0,cv,1.78,0,0
2464,41369,95,2014,9,20,16,14,27.0,1008.0,cv,2.68,0,0
2465,39440,58,2014,7,2,7,20,21.0,1004.0,SE,2.68,0,0
2466,32997,206,2013,10,6,20,14,16.0,1021.0,cv,1.34,0,0
2467,32946,170,2013,10,4,17,13,20.0,1012.0,SE,13.42,0,0
2468,32397,90,2013,9,11,20,15,24.0,1013.0,SE,33.54,0,0
2469,31387,88,2013,7,31,18,22,31.0,997.0,SE,23.25,0,0
2470,28549,89,2013,4,4,12,-5,11.0,1014.0,cv,3.56,0,0
2471,494,24,2010,1,21,13,-21,-5.0,1035.0,NE,3.13,0,0
2472,31413,59,2013,8,1,20,20,23.0,1004.0,SE,0.89,0,0
2473,24416,21,2012,10,14,7,7,14.0,1020.0,cv,49.84,0,0
2474,21377,104,2012,6,9,16,14,33.0,994.0,SE,22.35,0,0
2475,8390,58,2010,12,16,13,-24,2.0,1014.0,NW,14.75,0,0
2476,26816,40,2013,1,22,7,-14,-13.0,1031.0,cv,1.78,0,0
2477,36067,188,2014,2,11,18,-15,-1.0,1026.0,SE,13.85,0,0
2478,20872,163,2012,5,19,15,19,30.0,1007.0,SE,29.97,0,0
2479,42342,206,2014,10,31,5,9,11.0,1021.0,NW,0.89,0,0
2480,29012,215,2013,4,23,19,7,12.0,1012.0,NE,1.79,0,0
2481,12180,200,2011,5,23,11,12,23.0,1014.0,SE,3.13,0,0
2482,32378,98,2013,9,11,1,12,16.0,1014.0,cv,1.78,0,0
2483,19699,27,2012,3,31,18,-13,12.0,1018.0,SE,17.88,0,0
2484,7880,45,2010,11,25,7,-11,-7.0,1028.0,NE,1.79,0,0
2485,40915,157,2014,9,1,18,22,23.0,1011.0,NE,0.89,0,0
2486,3455,28,2010,5,24,22,3,20.0,1007.0,NW,7.15,0,0
2487,29787,108,2013,5,26,2,17,19.0,1009.0,cv,1.78,0,0
2488,1138,22,2010,2,17,9,-22,-2.0,1028.0,NW,54.53,0,0
2489,38818,99,2014,6,6,9,18,26.0,1004.0,SE,6.71,0,0
2490,42538,78,2014,11,8,9,-2,5.0,1030.0,NW,13.86,0,0
2491,31803,13,2013,8,18,2,14,24.0,1006.0,NE,1.79,0,0
2492,5829,89,2010,8,31,20,20,23.0,1011.0,SE,0.89,0,0
2493,40816,80,2014,8,28,15,16,28.0,1013.0,cv,3.57,0,1
2494,8573,28,2010,12,24,4,-26,-12.0,1041.0,NW,11.17,0,0
2495,17621,150,2012,1,5,4,-19,-14.0,1030.0,NW,3.13,0,0
2496,16996,17,2011,12,10,3,-16,-4.0,1032.0,NW,121.59,0,0
2497,8472,144,2010,12,19,23,-14,3.0,1018.0,cv,0.89,0,0
2498,25007,43,2012,11,7,22,-7,10.0,1019.0,NW,86.29,0,0
2499,36697,55,2014,3,10,0,-6,0.0,1029.0,SE,40.7,0,0
2500,29421,38,2013,5,10,20,-3,27.0,999.0,SE,5.81,0,0
2501,7872,23,2010,11,24,23,-13,-3.0,1029.0,NW,3.13,0,0
2502,16364,58,2011,11,13,19,-4,2.0,1026.0,cv,0.89,0,0
2503,40076,77,2014,7,28,19,20,33.0,1002.0,SE,47.82,0,0
2504,9151,34,2011,1,17,6,-22,-11.0,1036.0,NW,27.26,0,0
2505,40350,132,2014,8,9,5,18,21.0,1007.0,cv,1.34,0,0
2506,7042,115,2010,10,21,9,8,10.0,1024.0,NE,1.78,0,0
2507,41914,7,2014,10,13,9,-5,12.0,1031.0,NW,9.83,0,0
2508,33010,113,2013,10,7,9,13,19.0,1023.0,NW,19.23,0,0
2509,19794,10,2012,4,4,17,-16,19.0,1010.0,NW,104.6,0,0
2510,13143,140,2011,7,2,14,24,28.0,1000.0,SE,3.58,0,0
2511,26063,15,2012,12,21,22,-17,-6.0,1035.0,NW,54.53,0,0
2512,16575,55,2011,11,22,14,-8,11.0,1018.0,NW,19.22,0,0
2513,25884,240,2012,12,14,11,-1,0.0,1024.0,NW,98.37,15,0
2514,110,39,2010,1,5,13,-24,-11.0,1032.0,NE,41.14,0,0
2515,13369,112,2011,7,12,0,20,26.0,1009.0,SE,44.69,0,0
2516,37155,65,2014,3,29,2,6,9.0,1011.0,NW,4.92,0,0
2517,28167,69,2013,3,19,14,0,5.0,1013.0,NE,3.13,0,0
2518,42163,170,2014,10,23,18,9,13.0,1012.0,cv,0.45,0,0
2519,23345,195,2012,8,30,16,21,33.0,1008.0,SE,14.75,0,0
2520,4640,58,2010,7,13,7,21,23.0,1009.0,NW,3.13,0,0
2521,24905,156,2012,11,3,16,9,10.0,1015.0,NW,8.05,0,5
2522,20761,43,2012,5,15,0,-6,17.0,1008.0,NW,73.73,0,0
2523,18841,9,2012,2,25,0,-15,-2.0,1029.0,NW,17.89,0,0
2524,8786,31,2011,1,2,1,-17,-7.0,1037.0,NE,4.02,0,0
2525,30460,90,2013,6,23,3,18,20.0,1006.0,SE,3.56,0,0
2526,21253,141,2012,6,4,12,18,28.0,1005.0,cv,3.13,0,0
2527,31983,31,2013,8,25,14,13,35.0,1005.0,SE,5.37,0,0
2528,42218,379,2014,10,26,1,13,13.0,1015.0,NW,3.58,0,0
2529,33822,3,2013,11,10,5,-28,0.0,1033.0,NW,116.21,0,0
2530,32971,255,2013,10,5,18,13,19.0,1020.0,cv,0.89,0,0
2531,36271,180,2014,2,20,6,-5,-2.0,1031.0,SE,0.89,0,0
2532,20625,166,2012,5,9,8,6,20.0,1015.0,cv,1.78,0,0
2533,17500,144,2011,12,31,3,-11,-8.0,1030.0,NW,15.2,0,0
2534,2175,31,2010,4,1,14,-18,12.0,1019.0,NW,159.12,0,0
2535,628,213,2010,1,27,3,-11,-4.0,1016.0,NW,10.29,0,0
2536,32076,9,2013,8,29,11,8,29.0,1001.0,NW,53.64,0,0
2537,28068,216,2013,3,15,11,-2,6.0,1021.0,SE,1.79,0,0
2538,39587,115,2014,7,8,10,20,30.0,1003.0,NW,4.92,0,0
2539,17004,27,2011,12,10,11,-15,3.0,1030.0,NW,155.56,0,0
2540,37038,262,2014,3,24,5,-1,4.0,1016.0,NE,0.89,0,0
2541,14348,72,2011,8,21,19,19,27.0,1009.0,SE,28.61,0,0
2542,32422,204,2013,9,12,21,18,22.0,1009.0,SE,6.71,0,0
2543,39386,67,2014,6,30,1,19,25.0,1006.0,cv,1.78,0,0
2544,19582,238,2012,3,26,21,-2,8.0,1017.0,cv,1.78,0,0
2545,11620,186,2011,4,30,3,12,13.0,1000.0,SE,3.58,0,0
2546,8149,15,2010,12,6,12,-19,3.0,1033.0,NW,222.57,0,0
2547,9557,25,2011,2,3,4,-17,-8.0,1024.0,NW,122.93,0,0
2548,33215,59,2013,10,15,22,-1,6.0,1027.0,cv,0.89,0,0
2549,32011,121,2013,8,26,18,20,29.0,1004.0,SE,26.82,0,0
2550,12583,184,2011,6,9,6,19,21.0,1005.0,NE,0.89,0,0
2551,42028,197,2014,10,18,3,6,9.0,1017.0,NW,1.79,0,0
2552,22671,17,2012,8,2,14,21,30.0,1007.0,SE,1.79,0,0
2553,27726,8,2013,3,1,5,-24,-2.0,1031.0,NW,217.24,0,0
2554,13153,202,2011,7,3,0,23,24.0,1001.0,SE,2.68,0,0
2555,4896,105,2010,7,23,23,23,30.0,1009.0,SE,44.26,0,0
2556,22800,89,2012,8,7,23,25,27.0,1006.0,SE,1.79,0,0
2557,2958,129,2010,5,4,5,9,14.0,1005.0,NW,0.89,0,0
2558,39078,20,2014,6,17,5,17,19.0,1003.0,cv,2.68,0,3
2559,4433,66,2010,7,4,16,18,37.0,998.0,SE,5.81,0,0
2560,37129,145,2014,3,28,0,2,13.0,1008.0,cv,0.89,0,0
2561,37963,130,2014,5,1,18,4,22.0,1006.0,NW,16.09,0,1
2562,6671,152,2010,10,5,22,13,16.0,1013.0,SE,1.79,0,0
2563,21092,104,2012,5,28,19,11,31.0,1010.0,SE,38.45,0,0
2564,13749,90,2011,7,27,20,24,27.0,1002.0,SE,32.18,0,0
2565,24610,14,2012,10,22,9,4,14.0,1017.0,NW,1.79,0,0
2566,35727,64,2014,1,28,14,-12,5.0,1028.0,SE,20.56,0,0
2567,38930,101,2014,6,11,1,17,19.0,1010.0,NE,0.89,0,0
2568,35507,143,2014,1,19,10,-6,-2.0,1026.0,NW,1.79,0,0
2569,12912,136,2011,6,22,23,22,24.0,998.0,cv,0.89,0,1
2570,21223,248,2012,6,3,6,19,20.0,1007.0,SE,1.79,0,0
2571,7937,12,2010,11,27,16,-20,3.0,1024.0,NW,166.3,0,0
2572,10110,30,2011,2,26,5,-3,-3.0,1029.0,cv,0.89,2,0
2573,3586,19,2010,5,30,9,10,25.0,1007.0,NW,12.07,0,0
2574,6243,19,2010,9,18,2,12,14.0,1014.0,cv,0.89,0,30
2575,20459,124,2012,5,2,10,11,23.0,1009.0,NW,3.58,0,0
2576,24895,196,2012,11,3,6,7,8.0,1019.0,cv,0.45,0,0
2577,27479,22,2013,2,18,22,-18,-2.0,1029.0,NW,23.69,0,0
2578,33646,320,2013,11,2,21,4,8.0,1021.0,cv,0.89,0,0
2579,28012,10,2013,3,13,3,-8,-1.0,1025.0,NW,13.41,0,0
2580,37006,61,2014,3,22,21,-11,16.0,1022.0,SE,9.83,0,0
2581,39541,180,2014,7,6,12,23,29.0,1005.0,SE,50.08,0,0
2582,3470,28,2010,5,25,13,6,30.0,1011.0,NW,3.13,0,0
2583,38504,83,2014,5,24,7,17,19.0,1008.0,SE,12.97,0,6
2584,36267,152,2014,2,20,2,-7,-4.0,1030.0,SE,33.53,0,0
2585,11175,10,2011,4,11,14,-14,21.0,1019.0,cv,1.79,0,0
2586,21850,75,2012,6,29,9,20,21.0,1005.0,SE,1.79,0,12
2587,20629,146,2012,5,9,12,8,27.0,1014.0,SE,6.71,0,0
2588,20104,235,2012,4,17,15,5,26.0,1005.0,SE,17.88,0,0
2589,37250,99,2014,4,2,1,4,14.0,1010.0,cv,1.78,0,0
2590,13863,,2011,8,1,14,27,33.0,1004.0,SE,10.29,0,0
2591,11669,18,2011,5,2,4,-1,11.0,1012.0,cv,0.89,0,0
2592,43657,20,2014,12,25,0,-14,2.0,1033.0,NW,75.55,0,0
2593,7059,164,2010,10,22,2,9,11.0,1021.0,cv,0.45,0,0
2594,15217,159,2011,9,27,0,13,16.0,1017.0,SE,38.45,0,0
2595,32232,67,2013,9,4,23,16,18.0,1015.0,NW,4.92,0,4
2596,25759,,2012,12,9,6,-24,-10.0,1027.0,NW,301.27,0,0
2597,35272,10,2014,1,9,15,-35,1.0,1029.0,NW,61.24,0,0
2598,14339,92,2011,8,21,10,22,28.0,1011.0,cv,0.89,0,0
2599,39982,35,2014,7,24,21,19,26.0,1007.0,SE,13.42,0,0
2600,15722,78,2011,10,18,1,7,9.0,1025.0,cv,0.89,0,0
2601,16431,224,2011,11,16,14,6,11.0,1026.0,SE,3.58,0,0
2602,35167,151,2014,1,5,6,-9,-6.0,1023.0,NW,26.82,0,0
2603,39779,148,2014,7,16,10,21,27.0,1005.0,cv,1.78,0,0
2604,18286,52,2012,2,1,21,-23,-8.0,1038.0,NE,6.7,0,0
2605,19283,24,2012,3,14,10,-18,8.0,1027.0,NE,37.55,0,0
2606,22154,20,2012,7,12,1,21,22.0,996.0,NE,0.89,0,0
2607,35371,119,2014,1,13,18,-20,-2.0,1030.0,cv,0.89,0,0
2608,12303,119,2011,5,28,14,12,33.0,1008.0,SE,26.83,0,0
2609,31595,29,2013,8,9,10,16,30.0,1001.0,NE,1.79,0,0
2610,39724,46,2014,7,14,3,17,21.0,1002.0,NW,2.68,0,0
2611,24902,207,2012,11,3,13,9,10.0,1017.0,cv,0.89,0,2
2612,2860,32,2010,4,30,3,-5,12.0,1017.0,NW,182.39,0,0
2613,37884,101,2014,4,28,11,5,23.0,1020.0,cv,0.89,0,0
2614,40163,152,2014,8,1,10,23,28.0,1007.0,SE,8.5,0,0
2615,3673,190,2010,6,3,0,15,17.0,1018.0,SE,3.58,0,0
2616,42788,106,2014,11,18,19,-5,5.0,1027.0,cv,0.89,0,0
2617,16617,96,2011,11,24,8,-8,-5.0,1028.0,NE,1.78,0,0
2618,14311,96,2011,8,20,6,19,20.0,1013.0,NE,5.37,0,0
2619,20092,80,2012,4,17,3,2,12.0,1012.0,SE,62.12,0,0
2620,16971,17,2011,12,9,2,-17,-7.0,1041.0,NW,131.85,0,0
2621,35710,11,2014,1,27,21,-28,5.0,1025.0,NW,36.21,0,0
2622,30149,31,2013,6,10,4,15,16.0,1013.0,cv,0.89,0,0
2623,37258,163,2014,4,2,9,4,17.0,1014.0,NE,6.26,0,0
2624,16108,46,2011,11,3,3,7,11.0,1028.0,SE,0.89,0,0
2625,19509,10,2012,3,23,20,-9,5.0,1017.0,cv,0.89,0,0
2626,34433,13,2013,12,5,16,-18,8.0,1023.0,SE,1.79,0,0
2627,3293,89,2010,5,18,4,14,15.0,1004.0,NW,3.13,0,1
2628,24086,9,2012,9,30,13,1,26.0,1017.0,cv,1.78,0,0
2629,13481,84,2011,7,16,16,21,31.0,1003.0,SE,12.52,0,0
2630,40650,113,2014,8,21,17,20,32.0,1005.0,SE,18.33,0,0
2631,9679,168,2011,2,8,6,-11,-7.0,1012.0,NW,12.07,0,0
2632,5307,263,2010,8,10,2,24,26.0,1006.0,cv,0.89,0,0
2633,41880,7,2014,10,11,23,5,17.0,1027.0,NW,49.61,0,0
2634,4479,9,2010,7,6,14,7,40.0,999.0,SE,3.13,0,0
2635,10562,125,2011,3,17,1,-9,2.0,1021.0,SE,1.79,0,0
2636,18609,95,2012,2,15,8,-11,-9.0,1031.0,cv,0.89,0,0
2637,32434,,2013,9,13,9,16,19.0,1007.0,SE,18.34,0,0
2638,11308,41,2011,4,17,3,-1,18.0,1007.0,NW,11.62,0,0
2639,16218,49,2011,11,7,17,1,13.0,1026.0,SE,4.92,0,0
2640,43183,14,2014,12,5,6,-21,-9.0,1029.0,NW,3.13,0,0
2641,43352,7,2014,12,12,7,-19,-2.0,1029.0,NW,68.39,0,0
2642,18004,11,2012,1,21,3,-25,-10.0,1039.0,NE,152.87,0,0
2643,38230,65,2014,5,12,21,12,25.0,1000.0,SE,60.8,0,0
2644,35219,182,2014,1,7,10,-8,1.0,1028.0,NW,24.13,0,0
2645,37507,109,2014,4,12,18,-4,20.0,1014.0,cv,0.89,0,0
2646,21079,146,2012,5,28,6,14,20.0,1013.0,NE,1.79,0,0
2647,33951,69,2013,11,15,14,-13,16.0,1014.0,SE,3.58,0,0
2648,4597,154,2010,7,11,12,21,23.0,1005.0,SE,51.88,0,1
2649,7797,18,2010,11,21,20,-13,2.0,1020.0,NW,153.78,0,0
2650,16339,50,2011,11,12,18,-11,14.0,1018.0,NW,78.66,0,0
2651,42316,214,2014,10,30,3,6,11.0,1023.0,cv,0.89,0,0
2652,8513,474,2010,12,21,16,-5,4.0,1011.0,SE,2.68,0,0
2653,5437,,2010,8,15,12,9,34.0,1005.0,NW,57.21,0,0
2654,38908,62,2014,6,10,3,14,19.0,1009.0,SE,1.79,0,0
2655,26669,46,2013,1,16,4,-14,-4.0,1029.0,NE,16.09,0,0
2656,10103,62,2011,2,25,22,-11,2.0,1030.0,SE,33.08,0,0
2657,9162,17,2011,1,17,17,-20,-3.0,1033.0,NW,96.1,0,0
2658,29746,131,2013,5,24,9,12,27.0,1012.0,NE,6.26,0,0
2659,26154,,2012,12,25,17,-22,-8.0,1038.0,NE,2.68,0,0
2660,22219,19,2012,7,14,18,16,29.0,1002.0,SE,6.71,0,0
2661,3023,35,2010,5,6,22,2,22.0,1005.0,SE,13.86,0,0
2662,5921,78,2010,9,4,16,16,28.0,1011.0,SE,6.26,0,0
2663,14278,49,2011,8,18,21,20,24.0,1012.0,SE,33.98,0,0
2664,14983,8,2011,9,17,6,3,15.0,1019.0,NE,7.15,0,0
2665,3831,,2010,6,9,14,10,30.0,1013.0,cv,3.13,0,0
2666,24447,97,2012,10,15,14,7,14.0,1020.0,cv,77.43,0,0
2667,10750,4,2011,3,24,21,-19,8.0,1028.0,NW,207.88,0,0
2668,36916,72,2014,3,19,3,-8,5.0,1021.0,SE,76.89,0,0
2669,41222,10,2014,9,14,13,4,22.0,1019.0,NE,21.01,0,0
2670,9830,22,2011,2,14,13,-17,-1.0,1032.0,cv,1.78,0,0
2671,19124,14,2012,3,7,19,-16,6.0,1023.0,NW,92.53,0,0
2672,41825,385,2014,10,9,16,15,22.0,1018.0,cv,0.89,0,0
2673,31944,39,2013,8,23,23,18,22.0,1009.0,SE,0.89,0,0
2674,30180,69,2013,6,11,11,16,24.0,1008.0,SE,6.26,0,0
2675,14337,118,2011,8,21,8,22,24.0,1012.0,cv,1.78,0,0
2676,19399,97,2012,3,19,6,-2,-1.0,1027.0,NE,0.89,0,0
2677,16579,7,2011,11,22,18,-12,4.0,1025.0,NW,64.37,0,0
2678,12059,209,2011,5,18,10,15,24.0,999.0,cv,0.89,0,0
2679,10207,29,2011,3,2,6,-15,-4.0,1026.0,cv,2.67,0,0
2680,20658,164,2012,5,10,17,15,28.0,1009.0,SE,17.44,0,0
2681,9846,113,2011,2,15,5,-14,-12.0,1029.0,SE,0.89,0,0
2682,30743,28,2013,7,4,22,18,24.0,996.0,NE,1.79,0,0
2683,21491,5,2012,6,14,10,14,23.0,1004.0,NE,3.13,0,0
2684,36328,360,2014,2,22,15,-4,6.0,1029.0,SE,4.92,0,0
2685,10733,8,2011,3,24,4,-21,4.0,1025.0,NW,68.84,0,0
2686,28504,119,2013,4,2,15,-4,18.0,1014.0,SE,17.88,0,0
2687,30608,63,2013,6,29,7,20,22.0,1004.0,cv,0.89,0,1
2688,14981,21,2011,9,17,4,6,15.0,1019.0,NW,3.13,0,0
2689,3226,203,2010,5,15,9,13,20.0,1014.0,NW,13.42,0,0
2690,28053,126,2013,3,14,20,-4,5.0,1024.0,SE,25.93,0,0
2691,16477,60,2011,11,18,12,1,16.0,1014.0,NE,3.13,0,0
2692,26854,399,2013,1,23,21,-8,-8.0,1020.0,cv,1.34,0,0
2693,41468,39,2014,9,24,19,16,21.0,1015.0,SE,11.17,0,0
2694,4594,155,2010,7,11,9,20,23.0,1005.0,SE,46.51,0,0
2695,8188,46,2010,12,8,3,-11,0.0,1013.0,NW,4.92,0,0
2696,31136,86,2013,7,21,7,21,24.0,1005.0,NE,0.89,0,0
2697,21536,25,2012,6,16,7,14,23.0,1007.0,NW,44.27,0,0
2698,28904,60,2013,4,19,7,-4,7.0,1026.0,SE,24.15,0,0
2699,29270,82,2013,5,4,13,5,24.0,1016.0,SE,19.22,0,0
2700,40445,18,2014,8,13,4,18,21.0,1007.0,NE,4.02,0,1
2701,4666,120,2010,7,14,9,22,25.0,1011.0,cv,1.78,0,0
2702,29618,46,2013,5,19,1,13,17.0,1004.0,SE,4.92,0,0
2703,34309,15,2013,11,30,12,-17,10.0,1024.0,NW,12.96,0,0
2704,43701,244,2014,12,26,20,-8,-3.0,1031.0,NW,1.79,0,0
2705,29336,217,2013,5,7,7,14,18.0,1016.0,cv,0.89,0,0
2706,18549,134,2012,2,12,20,-9,-4.0,1024.0,NE,0.89,0,0
2707,31035,49,2013,7,17,2,18,21.0,1005.0,cv,2.67,0,0
2708,19436,82,2012,3,20,19,-3,6.0,1023.0,SE,23.24,0,0
2709,17790,148,2012,1,12,5,-16,-12.0,1028.0,NW,1.78,0,0
2710,34132,387,2013,11,23,3,-5,-1.0,1021.0,NW,2.68,0,0
2711,2040,97,2010,3,26,23,-10,4.0,1019.0,NW,7.15,0,0
2712,8960,,2011,1,9,7,-23,-9.0,1039.0,NW,256.13,0,0
2713,21810,46,2012,6,27,17,18,27.0,1011.0,SE,9.39,0,0
2714,9442,9,2011,1,29,9,-24,-9.0,1038.0,NE,3.13,0,0
2715,5155,195,2010,8,3,18,21,28.0,1001.0,SE,7.16,0,0
2716,14980,10,2011,9,17,3,11,15.0,1018.0,NE,3.13,0,0
2717,21716,189,2012,6,23,19,22,26.0,1001.0,SE,1.79,0,0
2718,26994,436,2013,1,29,17,-4,-3.0,1025.0,SE,11.63,8,0
2719,14360,81,2011,8,22,7,20,21.0,1011.0,NW,1.79,0,0
2720,42735,21,2014,11,16,14,-6,12.0,1024.0,NW,29.95,0,0
2721,30128,110,2013,6,9,7,19,20.0,1008.0,NW,1.79,0,0
2722,32671,18,2013,9,23,6,10,16.0,1015.0,NW,21.9,0,7
2723,28616,90,2013,4,7,7,-3,4.0,1011.0,SE,49.62,0,0
2724,24563,215,2012,10,20,10,7,15.0,1018.0,NW,21.02,0,0
2725,5056,240,2010,7,30,15,26,29.0,999.0,SE,3.58,0,0
2726,40505,34,2014,8,15,16,14,32.0,1005.0,SE,8.05,0,0
2727,30082,117,2013,6,7,9,18,20.0,1009.0,cv,0.89,0,1
2728,24092,25,2012,9,30,19,6,19.0,1015.0,SE,7.16,0,0
2729,34885,235,2013,12,24,12,-10,0.0,1035.0,cv,1.78,0,0
2730,1108,70,2010,2,16,3,-20,-12.0,1034.0,NW,12.07,0,0
2731,28792,38,2013,4,14,15,-5,16.0,1008.0,SE,16.98,0,0
2732,37589,69,2014,4,16,4,-1,13.0,1016.0,cv,2.23,0,0
2733,13075,243,2011,6,29,18,22,28.0,1002.0,SE,37.11,0,0
2734,33698,178,2013,11,5,1,-1,6.0,1024.0,NE,2.68,0,0
2735,16647,227,2011,11,25,14,-5,4.0,1027.0,SE,3.58,0,0
2736,42415,20,2014,11,3,6,-3,0.0,1022.0,cv,0.89,0,0
2737,14743,228,2011,9,7,6,19,20.0,1006.0,SE,53.22,0,0
2738,39916,10,2014,7,22,3,16,27.0,1005.0,NE,1.79,0,0
2739,18276,14,2012,2,1,11,-26,-6.0,1037.0,NW,23.25,0,0
2740,37719,24,2014,4,21,14,-2,25.0,1015.0,SE,4.92,0,0
2741,8847,84,2011,1,4,14,-14,2.0,1025.0,NW,3.13,0,0
2742,29368,148,2013,5,8,15,13,23.0,1013.0,SE,29.5,0,0
2743,268,26,2010,1,12,3,-24,-18.0,1030.0,NE,1.79,0,0
2744,5459,,2010,8,16,10,15,31.0,1008.0,cv,0.89,0,0
2745,43048,380,2014,11,29,15,1,4.0,1019.0,cv,0.89,0,0
2746,34163,46,2013,11,24,10,-10,9.0,1017.0,NW,18.77,0,0
2747,14989,11,2011,9,17,12,-1,20.0,1020.0,NE,8.94,0,0
2748,17902,,2012,1,16,21,-7,-2.0,1022.0,cv,1.34,0,0
2749,43591,117,2014,12,22,6,-13,-6.0,1024.0,SE,3.13,0,0
2750,3423,104,2010,5,23,14,4,34.0,998.0,NW,4.02,0,0
2751,25820,146,2012,12,11,19,-11,-4.0,1032.0,SE,7.15,0,0
2752,4509,79,2010,7,7,20,19,28.0,1005.0,NE,1.79,0,0
2753,29998,103,2013,6,3,21,16,24.0,1006.0,cv,1.78,0,0
2754,39720,45,2014,7,13,23,18,23.0,1002.0,cv,2.67,0,0
2755,13114,82,2011,7,1,9,23,24.0,1004.0,SE,8.05,0,2
2756,17776,46,2012,1,11,15,-16,-1.0,1033.0,SE,12.96,0,0
2757,41879,6,2014,10,11,22,5,17.0,1026.0,NW,42.46,0,0
2758,22173,,2012,7,12,20,19,27.0,999.0,NE,4.02,0,0
2759,36618,12,2014,3,6,17,-30,8.0,1027.0,NW,23.69,0,0
2760,41951,114,2014,10,14,22,6,10.0,1015.0,cv,4.02,0,0
2761,8517,607,2010,12,21,20,-6,-2.0,1012.0,cv,3.56,0,0
2762,29016,236,2013,4,23,23,7,8.0,1013.0,cv,1.78,0,0
2763,14742,230,2011,9,7,5,19,20.0,1005.0,SE,51.43,0,0
2764,8897,13,2011,1,6,16,-18,-2.0,1037.0,NW,392.47,0,0
2765,2087,72,2010,3,28,22,-8,8.0,1025.0,SE,34.43,0,0
2766,35017,,2013,12,30,0,-23,3.0,1017.0,NW,4.92,0,0
2767,34193,14,2013,11,25,16,-21,7.0,1017.0,NW,162.73,0,0
2768,36735,214,2014,3,11,14,-5,12.0,1015.0,SE,1.79,0,0
2769,5327,172,2010,8,10,22,23,26.0,1006.0,SE,29.96,0,0
2770,21098,89,2012,5,29,1,15,25.0,1011.0,SE,5.37,0,0
2771,32432,50,2013,9,13,7,16,19.0,1007.0,SE,13.42,0,0
2772,5577,53,2010,8,21,8,21,22.0,1012.0,NW,1.79,0,3
2773,22355,212,2012,7,20,10,24,28.0,1005.0,NE,1.79,0,0
2774,36761,13,2014,3,12,16,-25,10.0,1023.0,NE,3.13,0,0
2775,4426,103,2010,7,4,9,20,30.0,1001.0,NW,5.81,0,0
2776,26510,69,2013,1,9,13,-19,-1.0,1029.0,cv,0.89,0,0
2777,39091,38,2014,6,17,18,18,20.0,1001.0,SE,19.68,0,3
2778,11343,11,2011,4,18,14,-11,21.0,1016.0,NW,5.81,0,0
2779,24151,24,2012,10,3,6,12,13.0,1012.0,NW,4.92,0,0
2780,2887,86,2010,5,1,6,2,8.0,1009.0,NW,3.57,0,0
2781,20687,137,2012,5,11,22,16,18.0,1011.0,cv,0.89,0,0
2782,20143,77,2012,4,19,6,11,12.0,1011.0,cv,2.67,0,0
2783,23888,169,2012,9,22,7,17,18.0,1012.0,NE,0.89,0,0
2784,18388,278,2012,2,6,3,-12,-6.0,1020.0,NW,2.68,0,0
2785,41310,99,2014,9,18,5,11,12.0,1021.0,NW,7.15,0,0
2786,22204,57,2012,7,14,3,21,22.0,1004.0,NW,1.79,0,0
2787,17528,19,2012,1,1,7,-15,-5.0,1035.0,NE,17.88,0,0
2788,10223,20,2011,3,2,22,-16,3.0,1026.0,NW,66.16,0,0
2789,31224,48,2013,7,24,23,18,26.0,1000.0,cv,0.89,0,0
2790,12952,23,2011,6,24,15,15,27.0,1009.0,NW,3.13,0,0
2791,38122,95,2014,5,8,9,10,18.0,1016.0,NE,1.79,0,0
2792,26867,29,2013,1,24,10,-17,3.0,1023.0,NW,21.01,0,0
2793,34762,23,2013,12,19,9,-19,-6.0,1032.0,NE,8.04,0,0
2794,39012,23,2014,6,14,11,17,28.0,1007.0,cv,1.79,0,0
2795,4988,140,2010,7,27,19,23,32.0,1002.0,SE,45.6,0,0
2796,10051,396,2011,2,23,18,-3,6.0,1013.0,NW,1.79,0,0
2797,32268,70,2013,9,6,11,14,23.0,1017.0,cv,2.68,0,0
2798,15416,,2011,10,5,7,9,9.0,1015.0,cv,0.89,0,0
2799,43658,22,2014,12,25,1,-14,1.0,1033.0,NW,79.57,0,0
2800,10350,14,2011,3,8,5,-15,2.0,1022.0,NW,158.7,0,0
2801,21478,40,2012,6,13,21,16,20.0,1001.0,NE,10.73,0,3
2802,25168,26,2012,11,14,15,-14,7.0,1024.0,NE,3.13,0,0
2803,38920,79,2014,6,10,15,18,23.0,1008.0,cv,1.79,0,0
2804,19894,31,2012,4,8,21,-9,17.0,1013.0,SE,8.94,0,0
2805,11184,50,2011,4,11,23,-9,15.0,1017.0,SE,43.36,0,0
2806,41125,74,2014,9,10,12,16,27.0,1014.0,SE,3.58,0,0
2807,43265,,2014,12,8,16,-13,3.0,1033.0,cv,1.79,0,0
2808,42471,11,2014,11,5,14,-9,20.0,1016.0,NW,22.8,0,0
2809,16398,183,2011,11,15,5,-3,-1.0,1027.0,cv,1.34,0,0
2810,39210,41,2014,6,22,17,17,28.0,1007.0,NE,4.92,0,0
2811,42072,161,2014,10,19,23,13,16.0,1016.0,SE,7.6,0,0
2812,41092,45,2014,9,9,3,13,15.0,1009.0,NW,0.89,0,0
2813,11452,,2011,4,23,3,6,8.0,1013.0,SE,15.2,0,0
2814,3874,71,2010,6,11,9,15,21.0,1013.0,cv,0.89,0,0
2815,26984,460,2013,1,29,7,-6,-5.0,1025.0,cv,0.89,0,0
2816,28254,52,2013,3,23,5,-3,0.0,1014.0,SE,82.69,0,0
2817,41808,406,2014,10,8,23,13,13.0,1019.0,cv,1.34,0,0
2818,36088,114,2014,2,12,15,-20,4.0,1031.0,cv,1.79,0,0
2819,43627,234,2014,12,23,18,-14,2.0,1020.0,cv,0.89,0,0
2820,42078,189,2014,10,20,5,11,11.0,1016.0,cv,0.89,0,0
2821,30379,21,2013,6,19,18,10,33.0,1001.0,SE,3.58,0,0
2822,5186,36,2010,8,5,1,20,23.0,1003.0,NE,6.71,0,0
2823,16705,362,2011,11,28,0,-2,1.0,1022.0,NW,2.68,0,0
2824,41543,59,2014,9,27,22,14,16.0,1017.0,NE,2.68,0,0
2825,29749,39,2013,5,24,12,9,30.0,1012.0,NE,21.01,0,0
2826,16231,56,2011,11,8,6,2,9.0,1027.0,NW,11.63,0,0
2827,20046,106,2012,4,15,5,8,14.0,1005.0,SE,1.79,0,0
2828,20421,227,2012,4,30,20,12,17.0,1010.0,NE,1.78,0,0
2829,4395,54,2010,7,3,2,20,24.0,1000.0,cv,1.78,0,0
2830,34263,23,2013,11,28,14,-30,6.0,1024.0,NW,430.02,0,0
2831,33280,231,2013,10,18,15,3,18.0,1023.0,SE,9.84,0,0
2832,41188,62,2014,9,13,3,18,19.0,1015.0,NE,1.78,0,0
2833,39227,19,2014,6,23,10,15,28.0,1009.0,NW,38.44,0,0
2834,41230,34,2014,9,14,21,11,17.0,1019.0,SE,0.89,0,0
2835,39061,191,2014,6,16,12,20,26.0,1003.0,SE,4.92,0,1
2836,13994,,2011,8,7,1,23,24.0,1007.0,SE,62.12,0,0
2837,32118,30,2013,8,31,5,10,14.0,1012.0,NW,8.05,0,0
2838,21762,147,2012,6,25,17,20,26.0,1006.0,SE,25.48,0,0
2839,30214,113,2013,6,12,21,15,22.0,1007.0,SE,35.76,0,0
2840,27460,10,2013,2,18,3,-15,-3.0,1027.0,NE,18.33,0,0
2841,36375,342,2014,2,24,14,-5,7.0,1026.0,cv,1.78,0,0
2842,35506,137,2014,1,19,9,-7,-2.0,1026.0,cv,2.67,0,0
2843,32998,211,2013,10,6,21,13,16.0,1021.0,NE,0.89,0,0
2844,29932,130,2013,6,1,3,15,19.0,1004.0,NE,0.89,0,0
2845,36520,141,2014,3,2,15,-12,10.0,1020.0,SE,7.15,0,0
2846,18239,152,2012,1,30,22,-8,-5.0,1026.0,NE,5.35,0,0
2847,21263,47,2012,6,4,22,14,27.0,1003.0,SE,42.47,0,0
2848,29673,99,2013,5,21,8,10,21.0,998.0,SE,1.79,0,0
2849,38984,103,2014,6,13,7,19,24.0,1008.0,NW,1.79,0,0
2850,15547,62,2011,10,10,18,6,17.0,1025.0,SE,14.31,0,0
2851,11860,16,2011,5,10,3,9,15.0,1008.0,cv,0.89,0,0
2852,8551,11,2010,12,23,6,-24,-5.0,1033.0,NW,37.1,0,0
2853,2180,17,2010,4,1,19,-19,10.0,1018.0,NW,208.29,0,0
2854,21417,52,2012,6,11,8,10,22.0,1000.0,NE,1.79,0,0
2855,28921,67,2013,4,20,0,1,5.0,1023.0,SE,51.84,0,0
2856,18698,105,2012,2,19,1,-19,-7.0,1028.0,NW,6.71,0,0
2857,25132,8,2012,11,13,3,-17,3.0,1017.0,NW,114.41,0,0
2858,33560,37,2013,10,30,7,-2,1.0,1029.0,cv,0.89,0,0
2859,28156,36,2013,3,19,3,-2,-1.0,1012.0,NE,7.15,1,0
2860,20345,29,2012,4,27,16,-12,23.0,1001.0,NW,105.49,0,0
2861,24833,13,2012,10,31,16,-15,16.0,1017.0,NW,27.71,0,0
2862,38252,30,2014,5,13,19,-2,28.0,998.0,NW,51.86,0,0
2863,17825,66,2012,1,13,16,-13,4.0,1026.0,SE,7.15,0,0
2864,18802,15,2012,2,23,9,-15,-1.0,1029.0,NE,25.49,0,0
2865,28288,12,2013,3,24,15,-19,9.0,1019.0,cv,2.68,0,0
2866,35913,114,2014,2,5,8,-22,-11.0,1030.0,NE,1.78,0,0
2867,2782,11,2010,4,26,21,-9,8.0,1013.0,NW,42.48,0,0
2868,7241,20,2010,10,29,16,-3,19.0,1025.0,NW,32.64,0,0
2869,26660,166,2013,1,15,19,-8,-6.0,1025.0,cv,0.89,0,0
2870,32382,24,2013,9,11,5,10,14.0,1015.0,NE,2.68,0,0
2871,21862,83,2012,6,29,21,21,23.0,1004.0,cv,0.89,0,0
2872,33696,129,2013,11,4,23,-1,8.0,1025.0,SE,1.79,0,0
2873,9213,24,2011,1,19,20,-23,-9.0,1032.0,NW,65.25,0,0
2874,28727,41,2013,4,11,22,-11,9.0,1017.0,SE,1.79,0,0
2875,29224,96,2013,5,2,15,2,24.0,1010.0,SE,15.2,0,0
2876,26649,71,2013,1,15,8,-8,-6.0,1027.0,SE,58.56,3,0
2877,7403,53,2010,11,5,10,1,12.0,1022.0,NW,16.1,0,0
2878,21337,17,2012,6,8,0,13,24.0,1000.0,NE,3.13,0,0
2879,12695,116,2011,6,13,22,19,26.0,1005.0,SE,24.14,0,0
2880,12089,15,2011,5,19,16,5,24.0,1008.0,SE,8.04,0,0
2881,13912,46,2011,8,3,15,21,31.0,1003.0,SE,16.99,0,0
2882,10230,8,2011,3,3,5,-14,-2.0,1028.0,NW,110.86,0,0
2883,29555,56,2013,5,16,10,9,23.0,1019.0,cv,7.14,0,0
2884,25540,42,2012,11,30,3,-14,-2.0,1026.0,NE,12.07,0,0
2885,22943,46,2012,8,13,22,19,22.0,1009.0,SE,3.58,0,0
2886,30581,292,2013,6,28,4,22,24.0,1000.0,NE,0.89,0,0
2887,25702,144,2012,12,6,21,-15,-9.0,1022.0,NW,0.89,0,0
2888,27992,145,2013,3,12,7,1,3.0,1012.0,cv,0.89,0,4
2889,2065,41,2010,3,28,0,-8,2.0,1028.0,SE,30.4,0,0
2890,12224,66,2011,5,25,7,12,20.0,1014.0,SE,185.07,0,0
2891,33310,15,2013,10,19,21,-4,13.0,1027.0,NW,116.23,0,0
2892,27157,82,2013,2,5,12,-4,-2.0,1024.0,cv,0.89,0,0
2893,8525,365,2010,12,22,4,-9,-4.0,1014.0,NW,8.94,0,0
2894,33331,28,2013,10,20,18,1,13.0,1023.0,SE,4.47,0,0
2895,30125,142,2013,6,9,4,19,20.0,1006.0,cv,0.89,0,0
2896,39271,89,2014,6,25,6,18,23.0,1002.0,cv,1.78,0,0
2897,36410,532,2014,2,26,1,-4,1.0,1025.0,NE,0.89,0,0
2898,12236,,2011,5,25,19,7,26.0,1011.0,SE,265.11,0,0
2899,9039,79,2011,1,12,14,-21,0.0,1022.0,SE,4.02,0,0
2900,9527,49,2011,2,1,22,-22,3.0,1021.0,NW,54.08,0,0
2901,24758,16,2012,10,28,13,-5,15.0,1026.0,SE,3.13,0,0
2902,33250,113,2013,10,17,9,4,10.0,1028.0,cv,1.78,0,0
2903,10893,,2011,3,30,20,-4,15.0,1017.0,cv,0.89,0,0
2904,732,11,2010,1,31,11,-19,4.0,1026.0,NW,138.54,0,0
2905,2457,19,2010,4,13,8,-17,6.0,1028.0,NW,199.38,0,0
2906,38726,31,2014,6,2,13,12,24.0,1012.0,NE,1.79,0,0
2907,4960,269,2010,7,26,15,24,32.0,1008.0,SE,9.84,0,0
2908,40057,93,2014,7,28,0,20,27.0,1005.0,SE,50.08,0,0
2909,8767,,2011,1,1,6,-20,-12.0,1034.0,NW,3.13,0,0
2910,28243,82,2013,3,22,18,-5,9.0,1016.0,SE,42.91,0,0
2911,5618,61,2010,8,23,1,18,20.0,1014.0,cv,1.78,0,0
2912,9921,51,2011,2,18,8,-10,-4.0,1029.0,NW,9.39,0,0
2913,26566,292,2013,1,11,21,-9,-6.0,1025.0,cv,2.68,0,0
2914,2765,20,2010,4,26,4,-5,7.0,1016.0,NW,19.67,0,0
2915,28714,18,2013,4,11,9,-14,11.0,1021.0,NW,255.69,0,0
2916,19148,17,2012,3,8,19,-21,2.0,1028.0,NW,1.79,0,0
2917,6412,,2010,9,25,3,9,12.0,1017.0,SE,40.67,0,0
2918,33760,31,2013,11,7,15,-14,14.0,1019.0,SE,19.67,0,0
2919,35664,59,2014,1,25,23,-7,-1.0,1034.0,SE,10.28,0,0
2920,40829,74,2014,8,29,4,18,19.0,1015.0,NE,1.79,0,0
2921,6022,125,2010,9,8,21,15,22.0,1014.0,SE,1.79,0,0
2922,6778,397,2010,10,10,9,14,15.0,1012.0,SE,0.89,0,0
2923,31343,70,2013,7,29,22,21,28.0,999.0,SE,12.07,0,0
2924,13096,52,2011,6,30,15,23,29.0,1002.0,SE,1.79,0,0
2925,21246,141,2012,6,4,5,17,17.0,1006.0,NW,0.89,0,0
2926,13011,49,2011,6,27,2,15,21.0,998.0,NW,15.2,0,0
2927,504,38,2010,1,21,23,-18,-9.0,1035.0,NW,3.58,0,0
2928,30070,162,2013,6,6,21,19,20.0,1009.0,NW,9.84,0,0
2929,13859,,2011,8,1,10,26,28.0,1005.0,SE,1.79,0,0
2930,42573,77,2014,11,9,20,0,5.0,1024.0,cv,1.78,0,0
2931,3647,,2010,6,1,22,16,21.0,1014.0,cv,0.89,0,0
2932,34112,54,2013,11,22,7,-7,0.0,1027.0,NW,16.1,0,0
2933,17777,65,2012,1,11,16,-16,-2.0,1033.0,SE,17.88,0,0
2934,27719,6,2013,2,28,22,-22,1.0,1027.0,NW,122.92,0,0
2935,33158,57,2013,10,13,13,9,15.0,1018.0,SE,0.89,0,0
2936,19889,22,2012,4,8,16,-14,24.0,1012.0,NW,90.75,0,0
2937,9947,138,2011,2,19,10,-11,3.0,1025.0,NW,27.71,0,0
2938,789,66,2010,2,2,20,-19,-6.0,1029.0,cv,0.89,0,0
2939,20112,108,2012,4,17,23,11,20.0,1006.0,SE,59.01,0,0
2940,21197,141,2012,6,2,4,16,16.0,1011.0,cv,0.45,0,0
2941,37570,112,2014,4,15,9,9,20.0,1021.0,SE,5.81,0,0
2942,14141,86,2011,8,13,4,24,25.0,1001.0,SE,11.63,0,0
2943,18382,201,2012,2,5,21,-11,-3.0,1018.0,cv,0.45,0,0
2944,34423,25,2013,12,5,6,-11,2.0,1024.0,NW,4.92,0,0
2945,27111,202,2013,2,3,14,-3,-2.0,1018.0,SE,1.79,9,0
2946,26866,20,2013,1,24,9,-16,1.0,1023.0,NW,12.07,0,0
2947,17317,63,2011,12,23,12,-15,3.0,1025.0,NW,12.07,0,0
2948,20566,79,2012,5,6,21,8,22.0,1004.0,SE,39.33,0,0
2949,15095,50,2011,9,21,22,10,13.0,1014.0,cv,1.78,0,0
2950,3636,107,2010,6,1,11,14,23.0,1016.0,SE,1.79,0,0
2951,34361,93,2013,12,2,16,-16,11.0,1017.0,SE,1.79,0,0
2952,1545,27,2010,3,6,8,-22,-5.0,1035.0,NE,76.89,0,0
2953,31082,107,2013,7,19,1,20,24.0,1003.0,cv,0.89,0,0
2954,4701,235,2010,7,15,20,22,24.0,1005.0,SE,11.18,0,0
2955,17387,49,2011,12,26,10,-13,-3.0,1038.0,NE,1.79,0,0
2956,33159,61,2013,10,13,14,9,15.0,1018.0,cv,0.89,0,0
2957,13877,,2011,8,2,4,24,25.0,1006.0,SE,8.94,0,0
2958,18377,113,2012,2,5,16,-14,4.0,1016.0,SE,4.92,0,0
2959,43223,95,2014,12,6,22,-12,-1.0,1026.0,NE,0.89,0,0
2960,30879,44,2013,7,10,14,21,25.0,1005.0,NW,11.18,0,6
2961,38209,40,2014,5,12,0,10,12.0,1001.0,cv,0.89,0,0
2962,25809,148,2012,12,11,8,-11,-9.0,1034.0,NW,1.79,0,0
2963,5012,184,2010,7,28,19,24,32.0,997.0,SE,22.79,0,0
2964,18622,145,2012,2,15,21,-9,-2.0,1028.0,NW,3.13,0,0
2965,31431,81,2013,8,2,14,21,30.0,1006.0,SE,1.79,0,0
2966,14048,214,2011,8,9,7,25,26.0,1002.0,SE,1.79,0,0
2967,33096,16,2013,10,10,23,-3,13.0,1015.0,NW,114.43,0,0
2968,4293,184,2010,6,28,20,20,28.0,1002.0,SE,31.73,0,0
2969,12763,144,2011,6,16,18,17,23.0,1006.0,SE,16.99,0,0
2970,28546,92,2013,4,4,9,-5,10.0,1015.0,cv,0.89,0,0
2971,36695,91,2014,3,9,22,-6,2.0,1028.0,SE,37.12,0,0
2972,38148,79,2014,5,9,11,7,17.0,1016.0,SE,17.88,0,0
2973,28054,136,2013,3,14,21,-4,3.0,1024.0,SE,26.82,0,0
2974,22453,71,2012,7,24,12,22,28.0,1009.0,cv,1.78,0,0
2975,16682,326,2011,11,27,1,-4,-1.0,1021.0,NW,5.37,0,0
2976,20397,176,2012,4,29,20,2,16.0,1010.0,SE,22.8,0,0
2977,11018,154,2011,4,5,1,-7,10.0,1024.0,SE,57.2,0,0
2978,7786,31,2010,11,21,9,-14,9.0,1014.0,NW,39.79,0,0
2979,37623,102,2014,4,17,14,7,17.0,1012.0,cv,1.79,0,0
2980,39577,196,2014,7,8,0,21,27.0,1001.0,cv,0.89,0,0
2981,39656,41,2014,7,11,7,15,28.0,1000.0,NW,8.94,0,0
2982,8929,120,2011,1,8,0,-14,-7.0,1025.0,SE,0.89,0,0
2983,22984,16,2012,8,15,15,19,32.0,1006.0,NW,1.79,0,0
2984,4871,170,2010,7,22,22,25,28.0,1008.0,SE,27.28,0,0
2985,5749,24,2010,8,28,12,16,30.0,1010.0,NW,30.84,0,0
2986,10529,21,2011,3,15,16,-19,10.0,1022.0,NW,295.92,0,0
2987,26310,15,2013,1,1,5,-15,-12.0,1019.0,NW,3.13,0,0
2988,5588,26,2010,8,21,19,18,20.0,1011.0,NW,8.05,0,0
2989,38333,76,2014,5,17,4,7,15.0,1013.0,NE,0.89,0,0
2990,34959,18,2013,12,27,14,-24,1.0,1028.0,NW,425.12,0,0
2991,5511,283,2010,8,18,14,23,28.0,1010.0,SE,6.71,0,3
2992,33697,158,2013,11,5,0,-1,6.0,1025.0,NE,1.79,0,0
2993,2416,57,2010,4,11,15,1,7.0,1016.0,cv,1.78,0,0
2994,34397,185,2013,12,4,4,-9,-3.0,1020.0,cv,0.9,0,0
2995,35835,159,2014,2,2,2,-1,2.0,1012.0,SE,36.22,0,0
2996,13825,61,2011,7,31,0,23,25.0,1002.0,cv,0.89,0,0
2997,30812,130,2013,7,7,19,24,31.0,998.0,SE,31.28,0,0
2998,13518,69,2011,7,18,5,20,21.0,1006.0,NW,9.84,0,0
2999,18542,111,2012,2,12,13,-8,0.0,1025.0,SE,1.79,0,0
3000,36481,168,2014,3,1,0,-7,-1.0,1025.0,NW,5.37,0,0
3001,11862,24,2011,5,10,5,5,12.0,1009.0,NW,1.79,0,0
3002,31650,55,2013,8,11,17,24,27.0,1004.0,cv,0.89,0,3
3003,96,31,2010,1,4,23,-26,-15.0,1035.0,NW,198.45,0,0
3004,5516,152,2010,8,18,19,23,25.0,1010.0,SE,14.76,0,4
3005,32774,166,2013,9,27,13,7,22.0,1010.0,SE,6.71,0,0
3006,7959,148,2010,11,28,14,-15,5.0,1019.0,cv,2.67,0,0
3007,35153,219,2014,1,4,16,-7,2.0,1020.0,NW,1.79,0,0
3008,12428,92,2011,6,2,19,8,32.0,1000.0,SE,38.44,0,0
3009,17841,39,2012,1,14,8,-15,-8.0,1027.0,NW,6.71,0,0
3010,20056,28,2012,4,15,15,6,26.0,1007.0,SE,4.92,0,0
3011,25408,141,2012,11,24,15,-9,6.0,1018.0,SE,3.13,0,0
3012,1558,76,2010,3,6,21,-9,-3.0,1034.0,SE,12.07,0,0
3013,723,26,2010,1,31,2,-16,-3.0,1022.0,NW,93.85,0,0
3014,4097,10,2010,6,20,16,10,35.0,1006.0,cv,3.58,0,0
3015,43817,8,2014,12,31,16,-23,0.0,1032.0,NW,214.09,0,0
3016,18891,153,2012,2,27,2,-11,-3.0,1028.0,SE,22.81,0,0
3017,21891,90,2012,7,1,2,22,24.0,1001.0,SE,39.33,0,0
3018,31166,,2013,7,22,13,19,30.0,1004.0,SE,7.16,0,0
3019,11051,,2011,4,6,10,2,14.0,1017.0,SE,9.83,0,0
3020,3896,90,2010,6,12,7,16,20.0,1010.0,SE,13.86,0,0
3021,16752,155,2011,11,29,23,-7,0.0,1036.0,cv,0.45,0,0
3022,21217,159,2012,6,3,0,16,22.0,1007.0,SE,60.37,0,0
3023,36994,89,2014,3,22,9,-13,14.0,1017.0,cv,1.79,0,0
3024,38566,27,2014,5,26,21,-2,33.0,995.0,SE,4.02,0,0
3025,10594,,2011,3,18,9,-4,8.0,1013.0,cv,0.89,0,0
3026,28924,74,2013,4,20,3,1,3.0,1023.0,SE,57.21,0,0
3027,8327,21,2010,12,13,22,-23,-6.0,1033.0,NE,15.2,0,0
3028,13972,,2011,8,6,3,22,23.0,1006.0,cv,0.89,0,0
3029,9491,27,2011,1,31,10,-19,1.0,1030.0,NW,15.2,0,0
3030,8511,439,2010,12,21,14,-5,6.0,1011.0,cv,1.78,0,0
3031,24939,17,2012,11,5,2,-3,5.0,1018.0,NW,289.25,0,0
3032,12760,140,2011,6,16,15,18,24.0,1005.0,SE,11.18,0,0
3033,3269,41,2010,5,17,4,13,14.0,1011.0,SE,3.58,0,4
3034,7927,12,2010,11,27,6,-20,1.0,1021.0,NW,94.77,0,0
3035,23607,134,2012,9,10,14,18,28.0,1013.0,cv,3.13,0,0
3036,42332,208,2014,10,30,19,8,12.0,1022.0,cv,2.68,0,0
3037,41357,141,2014,9,20,4,17,18.0,1009.0,cv,2.23,0,0
3038,848,101,2010,2,5,7,-12,-7.0,1030.0,cv,1.78,0,0
3039,36021,15,2014,2,9,20,-20,-4.0,1036.0,NW,16.09,0,0
3040,5329,182,2010,8,11,0,23,25.0,1007.0,cv,0.89,0,0
3041,43604,87,2014,12,22,19,-12,2.0,1022.0,cv,0.89,0,0
3042,2654,51,2010,4,21,13,3,13.0,1022.0,NW,42.9,0,0
3043,32246,13,2013,9,5,13,11,26.0,1013.0,cv,3.58,0,0
3044,15594,186,2011,10,12,17,12,22.0,1014.0,SE,3.13,0,0
3045,31690,76,2013,8,13,9,23,28.0,1005.0,cv,1.78,0,0
3046,4185,120,2010,6,24,8,15,23.0,1010.0,cv,2.23,0,0
3047,22937,15,2012,8,13,16,14,29.0,1008.0,SE,6.71,0,0
3048,32769,113,2013,9,27,8,10,13.0,1013.0,SE,1.79,0,0
3049,14098,83,2011,8,11,9,24,29.0,1007.0,SE,1.79,0,0
3050,5738,94,2010,8,28,1,17,21.0,1012.0,SE,0.89,0,0
3051,37191,11,2014,3,30,14,-11,26.0,1014.0,cv,6.71,0,0
3052,1408,13,2010,2,28,15,-14,3.0,1022.0,NW,7.15,0,0
3053,43677,52,2014,12,25,20,-11,-2.0,1032.0,SE,1.79,0,0
3054,9711,96,2011,2,9,14,-8,3.0,1026.0,SE,10.73,0,0
3055,23376,188,2012,8,31,23,23,27.0,1011.0,SE,4.92,0,0
3056,7528,121,2010,11,10,15,-4,11.0,1015.0,SE,4.92,0,0
3057,36329,350,2014,2,22,16,-4,6.0,1029.0,SE,8.05,0,0
3058,18086,13,2012,1,24,13,-23,-2.0,1027.0,NW,59.44,0,0
3059,42782,61,2014,11,18,13,-8,12.0,1029.0,cv,4.47,0,0
3060,9649,93,2011,2,7,0,-10,0.0,1020.0,SE,12.97,0,0
3061,25266,152,2012,11,18,17,-6,11.0,1017.0,NW,8.94,0,0
3062,34951,9,2013,12,27,6,-22,-4.0,1033.0,NW,379.08,0,0
3063,38159,59,2014,5,9,22,5,17.0,1015.0,SE,66.17,0,0
3064,5719,35,2010,8,27,6,16,19.0,1013.0,NW,34.87,0,0
3065,9510,37,2011,2,1,5,-17,-4.0,1024.0,NW,101.91,0,0
3066,38110,24,2014,5,7,21,-3,18.0,1011.0,SE,1.79,0,0
3067,36972,24,2014,3,21,11,-14,18.0,1022.0,SE,3.13,0,0
3068,90,30,2010,1,4,17,-20,-11.0,1032.0,NW,159.56,0,0
3069,15775,263,2011,10,20,6,12,12.0,1021.0,cv,1.78,0,0
3070,29832,94,2013,5,27,23,16,20.0,1005.0,SE,10.73,0,0
3071,27065,15,2013,2,1,16,-15,2.0,1030.0,NW,14.75,0,0
3072,9836,40,2011,2,14,19,-14,-2.0,1030.0,SE,11.63,0,0
3073,14246,67,2011,8,17,13,23,26.0,1007.0,NE,1.79,0,1
3074,7466,15,2010,11,8,1,-7,5.0,1022.0,NW,150.65,0,0
3075,10532,18,2011,3,15,19,-19,7.0,1023.0,NW,321.84,0,0
3076,31896,90,2013,8,21,23,18,21.0,1007.0,SE,32.64,0,0
3077,12505,75,2011,6,6,0,14,25.0,1004.0,SE,3.58,0,0
3078,41005,109,2014,9,5,12,19,27.0,1011.0,SE,9.39,0,0
3079,1088,16,2010,2,15,7,-22,-10.0,1037.0,NW,4.02,0,0
3080,3565,92,2010,5,29,12,16,28.0,1005.0,cv,2.67,0,0
3081,34244,10,2013,11,27,19,-29,-2.0,1028.0,NW,288.32,0,0
3082,26276,19,2012,12,30,19,-20,-5.0,1024.0,NW,118.47,0,0
3083,20081,40,2012,4,16,16,-10,21.0,1013.0,SE,12.52,0,0
3084,38358,68,2014,5,18,5,8,13.0,1010.0,NE,0.89,0,0
3085,20183,82,2012,4,20,22,12,12.0,1018.0,SE,1.79,0,4
3086,9832,46,2011,2,14,15,-19,1.0,1031.0,SE,1.79,0,0
3087,41962,62,2014,10,15,9,5,13.0,1014.0,NE,1.79,0,0
3088,25738,16,2012,12,8,9,-27,-8.0,1029.0,NW,147.95,0,0
3089,35661,45,2014,1,25,20,-22,-2.0,1031.0,NW,4.02,0,0
3090,3046,30,2010,5,7,21,2,19.0,1006.0,NW,80.46,0,0
3091,2785,13,2010,4,27,0,-12,6.0,1013.0,NW,71.08,0,0
3092,14631,37,2011,9,2,14,16,30.0,1008.0,cv,6.71,0,0
3093,42616,16,2014,11,11,15,-7,12.0,1018.0,NW,80.92,0,0
3094,26872,13,2013,1,24,15,-17,5.0,1021.0,NW,64.36,0,0
3095,19952,8,2012,4,11,7,-11,10.0,1020.0,NW,18.77,0,0
3096,15624,39,2011,10,13,23,8,14.0,1011.0,NE,0.89,0,0
3097,30078,148,2013,6,7,5,19,21.0,1007.0,SE,1.79,0,0
3098,22878,114,2012,8,11,5,22,23.0,1006.0,SE,1.79,0,0
3099,24479,8,2012,10,16,22,-5,7.0,1024.0,NW,108.65,0,0
3100,35201,148,2014,1,6,16,-5,0.0,1024.0,SE,29.51,0,0
3101,6480,,2010,9,27,23,-4,16.0,1022.0,NW,118.94,0,0
3102,22383,299,2012,7,21,14,25,27.0,1001.0,NE,7.15,0,4
3103,21605,164,2012,6,19,4,17,22.0,1002.0,SE,30.4,0,0
3104,5689,122,2010,8,26,0,19,21.0,1015.0,NE,1.79,0,0
3105,12759,124,2011,6,16,14,18,23.0,1005.0,SE,8.05,0,0
3106,12284,96,2011,5,27,19,15,26.0,1009.0,SE,28.15,0,0
3107,36672,218,2014,3,8,23,-6,0.0,1024.0,NE,0.89,0,0
3108,1237,35,2010,2,21,12,-13,12.0,1014.0,NW,31.3,0,0
3109,35561,48,2014,1,21,16,-24,3.0,1029.0,SE,8.94,0,0
3110,22180,17,2012,7,13,3,20,23.0,1002.0,NW,1.79,0,0
3111,28157,25,2013,3,19,4,-3,0.0,1012.0,NE,8.94,0,0
3112,23754,37,2012,9,16,17,8,25.0,1018.0,SE,10.28,0,0
3113,36453,31,2014,2,27,20,-18,3.0,1028.0,SE,5.37,0,0
3114,16962,14,2011,12,8,17,-18,-3.0,1039.0,NW,69.72,0,0
3115,21012,48,2012,5,25,11,4,27.0,1010.0,SE,8.5,0,0
3116,6947,39,2010,10,17,10,-4,8.0,1030.0,SE,92.52,0,0
3117,20509,145,2012,5,4,12,15,30.0,1007.0,SE,1.79,0,0
3118,28432,110,2013,3,30,15,-2,10.0,1021.0,SE,24.59,0,0
3119,17458,40,2011,12,29,9,-11,-6.0,1040.0,SE,14.76,2,0
3120,33036,67,2013,10,8,11,8,20.0,1022.0,SE,3.13,0,0
3121,41107,41,2014,9,9,18,14,27.0,1009.0,SE,11.18,0,0
3122,33138,84,2013,10,12,17,5,20.0,1016.0,cv,1.78,0,0
3123,25149,18,2012,11,13,20,-20,3.0,1020.0,NW,261.05,0,0
3124,3283,,2010,5,17,18,13,19.0,1008.0,cv,0.89,0,0
3125,14749,287,2011,9,7,12,21,26.0,1005.0,SE,4.92,0,0
3126,26079,32,2012,12,22,14,-15,-2.0,1033.0,NW,8.94,0,0
3127,17241,31,2011,12,20,8,-15,-6.0,1031.0,NW,23.25,0,0
3128,20013,20,2012,4,13,20,0,19.0,1005.0,SE,57.23,0,0
3129,39367,26,2014,6,29,6,17,24.0,1007.0,NW,1.79,0,0
3130,31421,79,2013,8,2,4,20,22.0,1005.0,cv,0.89,0,0
3131,11623,194,2011,4,30,6,12,13.0,999.0,SE,11.63,0,0
3132,19694,20,2012,3,31,13,-17,11.0,1020.0,cv,1.79,0,0
3133,6872,7,2010,10,14,7,1,8.0,1021.0,NW,12.97,0,0
3134,26535,111,2013,1,10,14,-11,-3.0,1027.0,SE,3.58,0,0
3135,20044,80,2012,4,15,3,6,16.0,1004.0,SE,86.73,0,0
3136,38039,46,2014,5,4,22,-8,14.0,1019.0,cv,1.79,0,0
3137,13630,291,2011,7,22,21,25,27.0,1003.0,SE,1.79,0,0
3138,6433,,2010,9,26,0,13,14.0,1017.0,cv,0.89,0,0
3139,32405,132,2013,9,12,4,14,17.0,1013.0,SE,46.06,0,0
3140,30288,146,2013,6,15,23,15,25.0,1006.0,SE,18.79,0,0
3141,25378,27,2012,11,23,9,-14,1.0,1029.0,NW,3.13,0,0
3142,8728,28,2010,12,30,15,-22,-4.0,1023.0,NW,266.89,0,0
3143,21244,140,2012,6,4,3,16,16.0,1005.0,cv,1.78,0,0
3144,41182,58,2014,9,12,21,17,21.0,1015.0,SE,13.87,0,0
3145,33568,111,2013,10,30,15,-2,15.0,1026.0,SE,6.71,0,0
3146,26839,417,2013,1,23,6,-6,-5.0,1020.0,cv,2.67,0,0
3147,41172,74,2014,9,12,11,17,22.0,1016.0,cv,0.89,0,0
3148,18646,15,2012,2,16,21,-20,-5.0,1030.0,NW,125.17,0,0
3149,21014,72,2012,5,25,13,5,28.0,1009.0,SE,15.65,0,0
3150,28982,214,2013,4,22,13,7,15.0,1014.0,SE,11.17,0,0
3151,26610,325,2013,1,13,17,-5,-3.0,1023.0,SE,7.6,0,0
3152,28951,126,2013,4,21,6,2,4.0,1020.0,NE,0.89,0,0
3153,38737,57,2014,6,3,0,13,22.0,1009.0,NW,16.54,0,0
3154,31544,45,2013,8,7,7,21,24.0,1002.0,cv,1.78,0,1
3155,11177,12,2011,4,11,16,-14,22.0,1017.0,SE,4.92,0,0
3156,767,64,2010,2,1,22,-10,-5.0,1027.0,SE,39.34,0,0
3157,5272,114,2010,8,8,15,20,32.0,1003.0,SE,8.5,0,0
3158,529,49,2010,1,23,0,-17,-4.0,1033.0,NW,172.08,0,0
3159,32630,56,2013,9,21,13,12,28.0,1015.0,SE,6.26,0,0
3160,35246,23,2014,1,8,13,-27,1.0,1033.0,NW,16.09,0,0
3161,12717,141,2011,6,14,20,16,27.0,1002.0,SE,4.02,0,3
3162,30320,14,2013,6,17,7,17,22.0,1003.0,NW,6.71,0,0
3163,8331,17,2010,12,14,2,-22,-10.0,1034.0,NW,3.13,0,0
3164,11911,63,2011,5,12,6,-10,14.0,1010.0,NW,145.27,0,0
3165,18173,69,2012,1,28,4,-12,-6.0,1030.0,SE,5.37,0,0
3166,15133,106,2011,9,23,12,10,24.0,1017.0,SE,3.13,0,0
3167,15290,20,2011,9,30,1,0,14.0,1024.0,NE,7.15,0,0
3168,32167,41,2013,9,2,6,12,16.0,1016.0,NW,1.79,0,0
3169,18038,20,2012,1,22,13,-24,-4.0,1034.0,NW,8.94,0,0
3170,25680,29,2012,12,5,23,-17,-10.0,1025.0,SE,0.89,0,0
3171,41602,15,2014,9,30,9,2,12.0,1029.0,cv,1.78,0,0
3172,2388,19,2010,4,10,11,-13,13.0,1019.0,NW,4.02,0,0
3173,21582,126,2012,6,18,5,16,24.0,1001.0,NE,3.13,0,0
3174,6710,355,2010,10,7,13,13,22.0,1015.0,SE,1.79,0,0
3175,34812,42,2013,12,21,11,-20,0.0,1037.0,NW,1.79,0,0
3176,25586,129,2012,12,2,1,-7,-6.0,1024.0,cv,1.78,0,0
3177,11226,145,2011,4,13,17,6,23.0,1009.0,SE,23.24,0,0
3178,5148,166,2010,8,3,11,19,26.0,1003.0,NW,4.92,0,0
3179,2095,147,2010,3,29,6,-4,3.0,1025.0,cv,1.78,0,0
3180,9288,16,2011,1,22,23,-22,-6.0,1032.0,NW,81.37,0,0
3181,6219,112,2010,9,17,2,16,18.0,1010.0,SE,137.7,0,6
3182,24073,21,2012,9,30,0,6,12.0,1018.0,NW,3.13,0,0
3183,9911,404,2011,2,17,22,-7,-1.0,1027.0,cv,0.89,0,0
3184,17286,12,2011,12,22,5,-17,-5.0,1034.0,NW,23.24,0,0
3185,21771,138,2012,6,26,2,20,23.0,1008.0,SE,54.98,0,0
3186,20636,82,2012,5,9,19,8,23.0,1011.0,SE,39.8,0,0
3187,29564,65,2013,5,16,19,8,24.0,1013.0,SE,27.27,0,0
3188,41627,77,2014,10,1,10,8,14.0,1017.0,SE,1.79,0,0
3189,10735,8,2011,3,24,6,-20,3.0,1027.0,NW,86.72,0,0
3190,17117,22,2011,12,15,4,-18,-7.0,1036.0,cv,0.89,0,0
3191,4311,153,2010,6,29,14,18,32.0,1002.0,SE,9.39,0,0
3192,20892,,2012,5,20,11,16,20.0,1015.0,SE,4.92,0,1
3193,23785,59,2012,9,18,0,13,15.0,1010.0,SE,0.89,0,0
3194,20392,142,2012,4,29,15,-2,21.0,1010.0,SE,10.28,0,0
3195,17576,17,2012,1,3,7,-19,-6.0,1032.0,NW,172.55,0,0
3196,38360,84,2014,5,18,7,8,18.0,1011.0,NE,0.89,0,0
3197,21806,58,2012,6,27,13,18,28.0,1012.0,SE,3.13,0,0
3198,12413,45,2011,6,2,4,12,19.0,1007.0,SE,9.83,0,0
3199,869,47,2010,2,6,4,-11,-7.0,1032.0,SE,23.7,0,0
3200,10154,31,2011,2,28,1,-9,-3.0,1028.0,NW,4.92,0,0
3201,35732,70,2014,1,28,19,-13,0.0,1025.0,SE,40.68,0,0
3202,11290,,2011,4,16,9,-3,14.0,1018.0,cv,1.79,0,0
3203,34,132,2010,1,2,9,-7,-5.0,1025.0,SE,14.3,0,0
3204,13206,79,2011,7,5,5,17,26.0,1001.0,SE,49.61,0,0
3205,32947,180,2013,10,4,18,13,19.0,1012.0,SE,14.31,0,0
3206,12861,173,2011,6,20,20,16,30.0,1002.0,SE,27.72,0,0
3207,16619,96,2011,11,24,10,-8,-1.0,1028.0,cv,1.78,0,0
3208,40321,48,2014,8,8,0,17,25.0,1009.0,SE,34.42,0,0
3209,79,20,2010,1,4,6,-21,-12.0,1027.0,NW,64.81,0,0
3210,32012,98,2013,8,26,19,19,28.0,1005.0,SE,31.74,0,0
3211,2392,22,2010,4,10,15,-13,16.0,1015.0,SE,7.15,0,0
3212,40878,97,2014,8,31,5,20,21.0,1013.0,NW,1.79,0,0
3213,39740,38,2014,7,14,19,18,32.0,1001.0,SE,20.56,0,0
3214,41103,54,2014,9,9,14,14,28.0,1009.0,cv,1.79,0,0
3215,32642,43,2013,9,22,1,13,19.0,1015.0,SE,4.92,0,0
3216,5515,140,2010,8,18,18,24,27.0,1010.0,SE,12.97,0,3
3217,43558,8,2014,12,20,21,-19,-2.0,1031.0,NW,294.13,0,0
3218,6559,156,2010,10,1,6,10,11.0,1019.0,NE,1.79,0,0
3219,17366,65,2011,12,25,13,-15,4.0,1031.0,cv,0.89,0,0
3220,5164,202,2010,8,4,3,21,25.0,1001.0,NE,4.46,0,0
3221,31829,29,2013,8,19,4,16,21.0,1010.0,NW,16.99,0,0
3222,4392,41,2010,7,2,23,19,26.0,1000.0,cv,1.78,0,0
3223,17843,,2012,1,14,10,-16,1.0,1028.0,NE,9.83,0,0
3224,33624,205,2013,11,1,23,3,7.0,1024.0,cv,1.78,0,0
3225,39233,16,2014,6,23,16,13,31.0,1006.0,SE,8.05,0,0
3226,783,28,2010,2,2,14,-20,0.0,1027.0,cv,1.79,0,0
3227,17239,35,2011,12,20,6,-16,-10.0,1030.0,NW,14.31,0,0
3228,27449,12,2013,2,17,16,-23,4.0,1020.0,NW,37.55,0,0
3229,23468,19,2012,9,4,19,10,21.0,1015.0,SE,12.96,0,0
3230,13819,48,2011,7,30,18,23,30.0,999.0,SE,6.71,0,0
3231,39618,14,2014,7,9,17,16,30.0,1003.0,cv,0.89,0,0
3232,38275,19,2014,5,14,18,-2,22.0,1003.0,SE,1.79,0,0
3233,30049,175,2013,6,6,0,17,19.0,1013.0,cv,0.89,0,0
3234,23357,207,2012,8,31,4,23,25.0,1010.0,SE,10.72,0,0
3235,41261,49,2014,9,16,4,10,14.0,1018.0,NW,1.79,0,0
3236,10820,17,2011,3,27,19,-14,13.0,1021.0,SE,7.6,0,0
3237,21071,158,2012,5,27,22,13,23.0,1011.0,SE,60.35,0,0
3238,2464,11,2010,4,13,15,-20,11.0,1026.0,NW,272.24,0,0
3239,33254,178,2013,10,17,13,1,17.0,1026.0,SE,10.73,0,0
3240,17313,87,2011,12,23,8,-14,-8.0,1027.0,cv,0.89,0,0
3241,19798,11,2012,4,4,21,-16,12.0,1014.0,NE,4.02,0,0
3242,24317,7,2012,10,10,4,-1,12.0,1021.0,cv,0.89,0,0
3243,15595,149,2011,10,12,18,12,20.0,1014.0,SE,4.92,0,0
3244,21467,152,2012,6,13,10,14,23.0,1000.0,SE,3.13,0,0
3245,29400,65,2013,5,9,23,12,14.0,1008.0,cv,0.89,0,0
3246,8989,,2011,1,10,12,-20,-2.0,1028.0,NW,8.05,0,0
3247,18737,135,2012,2,20,16,-17,8.0,1019.0,SE,5.37,0,0
3248,2340,107,2010,4,8,11,1,14.0,1009.0,SE,134.55,0,0
3249,13626,211,2011,7,22,17,25,28.0,1001.0,SE,9.84,0,0
3250,37430,60,2014,4,9,13,-9,30.0,1008.0,NW,12.07,0,0
3251,9177,24,2011,1,18,8,-23,-13.0,1035.0,NW,24.14,0,0
3252,17688,191,2012,1,7,23,-6,-5.0,1036.0,cv,1.78,0,0
3253,35215,203,2014,1,7,6,-8,-5.0,1024.0,NW,8.94,0,0
3254,26776,114,2013,1,20,15,-4,-1.0,1029.0,cv,1.78,0,0
3255,31044,60,2013,7,17,11,20,29.0,1006.0,cv,0.89,0,0
3256,21407,20,2012,6,10,22,7,24.0,999.0,SE,12.06,0,0
3257,43358,18,2014,12,12,13,-21,2.0,1026.0,NW,112.19,0,0
3258,37657,83,2014,4,19,0,3,13.0,1023.0,SE,46.49,0,0
3259,38620,42,2014,5,29,3,12,21.0,997.0,cv,2.67,0,0
3260,24120,108,2012,10,1,23,12,14.0,1016.0,NE,0.89,0,0
3261,17409,122,2011,12,27,8,-11,-7.0,1032.0,NW,14.32,0,0
3262,228,70,2010,1,10,11,-15,-7.0,1033.0,NW,3.13,0,0
3263,38591,17,2014,5,27,22,4,21.0,1001.0,cv,1.34,0,0
3264,39111,,2014,6,18,14,16,30.0,1001.0,cv,5.81,0,0
3265,32532,94,2013,9,17,11,17,21.0,1015.0,cv,1.78,0,2
3266,6440,,2010,9,26,7,11,12.0,1019.0,NE,1.79,0,0
3267,37396,180,2014,4,8,3,3,10.0,1015.0,NE,0.89,0,0
3268,26101,,2012,12,23,12,-25,-8.0,1038.0,NW,199.81,0,0
3269,32474,17,2013,9,15,1,9,15.0,1012.0,NW,11.18,0,0
3270,27671,370,2013,2,26,22,-3,1.0,1019.0,SE,23.25,0,0
3271,42014,82,2014,10,17,13,3,22.0,1015.0,cv,4.47,0,0
3272,24883,190,2012,11,2,18,6,8.0,1019.0,NE,0.89,0,0
3273,1102,73,2010,2,15,21,-20,-9.0,1034.0,NE,0.89,0,0
3274,27834,222,2013,3,5,17,-8,12.0,1013.0,NE,1.79,0,0
3275,21180,55,2012,6,1,11,12,20.0,1014.0,NE,5.37,0,0
3276,13669,375,2011,7,24,12,27,31.0,1002.0,SE,1.79,0,0
3277,21842,,2012,6,29,1,21,21.0,1007.0,cv,0.89,0,4
3278,10010,489,2011,2,22,1,-5,-3.0,1024.0,cv,0.89,0,0
3279,30746,25,2013,7,5,1,18,22.0,996.0,NW,4.92,0,0
3280,33901,189,2013,11,13,12,-1,8.0,1021.0,cv,0.89,0,0
3281,39267,62,2014,6,25,2,17,24.0,1003.0,SE,43.35,0,0
3282,6071,181,2010,9,10,22,13,21.0,1008.0,NW,1.79,0,0
3283,1974,70,2010,3,24,5,-6,4.0,1020.0,NE,1.79,0,0
3284,43234,79,2014,12,7,9,-3,0.0,1026.0,SE,5.37,0,0
3285,30275,108,2013,6,15,10,15,25.0,1008.0,SE,9.84,0,0
3286,38262,29,2014,5,14,5,-1,18.0,1006.0,NW,136.78,0,0
3287,22696,42,2012,8,3,15,24,30.0,1006.0,SE,11.18,0,0
3288,26773,100,2013,1,20,12,-3,-1.0,1031.0,NW,1.79,8,0
3289,23074,,2012,8,19,9,19,27.0,1008.0,NE,3.13,0,0
3290,25144,12,2012,11,13,15,-18,6.0,1017.0,NW,219.02,0,0
3291,34243,8,2013,11,27,18,-29,-1.0,1028.0,NW,281.17,0,0
3292,19320,176,2012,3,15,23,2,4.0,1019.0,SE,8.05,0,1
3293,35401,123,2014,1,15,0,-13,-7.0,1033.0,cv,5.35,0,0
3294,40582,74,2014,8,18,21,18,25.0,1012.0,SE,33.08,0,0
3295,40112,142,2014,7,30,7,22,23.0,1005.0,NE,3.13,0,2
3296,3304,60,2010,5,18,15,8,25.0,998.0,SE,12.07,0,0
3297,32660,137,2013,9,22,19,17,21.0,1014.0,SE,0.89,0,0
3298,23994,9,2012,9,26,17,12,24.0,1018.0,SE,0.89,0,0
3299,43329,11,2014,12,11,8,-16,-6.0,1034.0,NW,173.89,0,0
3300,33853,14,2013,11,11,12,-16,12.0,1028.0,NW,14.3,0,0
3301,5215,13,2010,8,6,6,14,18.0,1016.0,NW,148.42,0,0
3302,20068,9,2012,4,16,3,1,10.0,1019.0,NW,1.79,0,0
3303,1450,164,2010,3,2,9,-4,0.0,1022.0,NW,4.92,0,0
3304,2596,382,2010,4,19,3,9,14.0,1011.0,NW,1.79,0,0
3305,9903,53,2011,2,17,14,-8,7.0,1025.0,cv,1.79,0,0
3306,24491,23,2012,10,17,10,-9,14.0,1021.0,SE,4.92,0,0
3307,10579,90,2011,3,17,18,-10,14.0,1013.0,cv,0.89,0,0
3308,5172,202,2010,8,4,11,22,26.0,1004.0,NW,4.02,0,1
3309,24586,53,2012,10,21,9,5,12.0,1023.0,cv,1.79,0,0
3310,39419,105,2014,7,1,10,18,30.0,1006.0,SE,6.71,0,0
3311,8635,55,2010,12,26,18,-17,0.0,1013.0,SE,11.17,0,0
3312,13020,36,2011,6,27,11,12,30.0,999.0,NW,4.02,0,0
3313,34898,297,2013,12,25,1,-11,-7.0,1030.0,NW,3.58,0,0
3314,14486,71,2011,8,27,13,18,27.0,1013.0,SE,9.84,0,0
3315,14556,174,2011,8,30,11,23,28.0,1009.0,cv,3.56,0,0
3316,30827,80,2013,7,8,10,23,25.0,1003.0,NW,1.79,0,0
3317,33536,20,2013,10,29,7,1,4.0,1028.0,cv,2.67,0,0
3318,16221,71,2011,11,7,20,3,9.0,1027.0,cv,0.89,0,0
3319,31969,70,2013,8,25,0,18,22.0,1008.0,NE,1.79,0,0
3320,41449,50,2014,9,24,0,16,17.0,1017.0,cv,0.89,0,2
3321,473,28,2010,1,20,16,-14,-1.0,1033.0,NW,5.81,0,0
3322,27831,187,2013,3,5,14,-10,13.0,1014.0,cv,7.13,0,0
3323,7371,86,2010,11,4,2,0,3.0,1023.0,NW,8.05,0,0
3324,20180,110,2012,4,20,19,12,12.0,1017.0,SE,48.27,0,1
3325,17287,12,2011,12,22,6,-17,-5.0,1034.0,NW,26.37,0,0
3326,36817,72,2014,3,15,0,-13,8.0,1012.0,SE,46.93,0,0
3327,36308,340,2014,2,21,19,-6,1.0,1028.0,cv,0.89,0,0
3328,10328,16,2011,3,7,7,-16,2.0,1026.0,NW,8.94,0,0
3329,18504,82,2012,2,10,23,-19,-2.0,1026.0,SE,43.37,0,0
3330,20782,22,2012,5,15,21,0,22.0,1003.0,NW,108.19,0,0
3331,13010,74,2011,6,27,1,14,25.0,998.0,NW,12.07,0,0
3332,18426,13,2012,2,7,17,-24,-3.0,1028.0,NW,66.15,0,0
3333,18433,11,2012,2,8,0,-24,-7.0,1030.0,NW,105.94,0,0
3334,1438,89,2010,3,1,21,-5,-2.0,1019.0,SE,73.33,0,0
3335,39882,60,2014,7,20,17,22,35.0,1001.0,SE,48.73,0,0
3336,32239,12,2013,9,5,6,15,17.0,1014.0,NW,30.4,0,0
3337,5899,90,2010,9,3,18,19,25.0,1012.0,NE,1.79,0,0
3338,4161,,2010,6,23,8,8,24.0,1011.0,cv,2.67,0,0
3339,42287,59,2014,10,28,22,5,10.0,1025.0,SE,1.78,0,0
3340,3439,47,2010,5,24,6,8,20.0,1001.0,NE,4.02,0,0
3341,8914,24,2011,1,7,9,-18,-5.0,1034.0,NW,17.43,0,0
3342,3380,65,2010,5,21,19,10,25.0,1006.0,SE,27.72,0,0
3343,33912,252,2013,11,13,23,-1,5.0,1019.0,NW,4.92,0,0
3344,38507,91,2014,5,24,10,18,20.0,1008.0,SE,19.68,0,0
3345,8256,19,2010,12,10,23,-17,-3.0,1022.0,NW,179.71,0,0
3346,43043,287,2014,11,29,10,0,2.0,1022.0,cv,0.89,0,0
3347,22967,42,2012,8,14,22,16,20.0,1006.0,SE,51.41,0,0
3348,2498,81,2010,4,15,1,-1,6.0,1023.0,SE,53.2,0,0
3349,23441,11,2012,9,3,16,7,25.0,1012.0,NW,42.01,0,0
3350,8199,16,2010,12,8,14,-12,7.0,1015.0,NW,3.13,0,0
3351,29192,83,2013,5,1,7,2,13.0,1018.0,cv,0.89,0,0
3352,19655,10,2012,3,29,22,-11,13.0,1018.0,NW,124.27,0,0
3353,31228,30,2013,7,25,3,18,23.0,1000.0,NW,7.15,0,0
3354,25954,16,2012,12,17,9,-15,-3.0,1036.0,NW,49.18,0,0
3355,40301,89,2014,8,7,4,19,21.0,1009.0,NE,0.89,0,0
3356,11997,45,2011,5,15,20,1,20.0,1013.0,SE,21.02,0,0
3357,3813,,2010,6,8,20,10,27.0,1013.0,SE,22.36,0,0
3358,23907,129,2012,9,23,2,15,17.0,1012.0,cv,0.89,0,0
3359,34373,87,2013,12,3,4,-11,-3.0,1021.0,NW,17.43,0,0
3360,9062,79,2011,1,13,13,-21,3.0,1020.0,NW,5.81,0,0
3361,20863,150,2012,5,19,6,16,20.0,1007.0,SE,8.5,0,0
3362,258,13,2010,1,11,17,-20,-5.0,1033.0,NW,76.89,0,0
3363,41762,94,2014,10,7,1,7,11.0,1020.0,SE,4.47,0,0
3364,41651,61,2014,10,2,10,11,17.0,1013.0,NW,1.79,0,0
3365,4926,201,2010,7,25,5,22,25.0,1011.0,SE,52.3,0,0
3366,41693,78,2014,10,4,4,14,15.0,1017.0,SE,17.89,0,7
3367,43518,198,2014,12,19,5,-8,-6.0,1022.0,NW,10.28,0,0
3368,28444,109,2013,3,31,3,1,4.0,1023.0,SE,61.25,0,0
3369,10713,30,2011,3,23,8,-18,6.0,1027.0,NW,127.85,0,0
3370,38254,36,2014,5,13,21,-4,24.0,1001.0,NW,64.82,0,0
3371,9043,55,2011,1,12,18,-20,-3.0,1022.0,SE,15.2,0,0
3372,32310,47,2013,9,8,5,14,17.0,1017.0,NW,1.79,0,0
3373,24349,185,2012,10,11,12,4,19.0,1016.0,SE,9.84,0,0
3374,11889,111,2011,5,11,8,14,18.0,1007.0,cv,1.78,0,0
3375,4610,60,2010,7,12,1,19,21.0,1005.0,SE,6.71,0,0
3376,26142,,2012,12,25,5,-25,-11.0,1036.0,NW,85.37,0,0
3377,18814,57,2012,2,23,21,-14,-2.0,1025.0,SE,18.77,0,0
3378,4442,117,2010,7,5,1,20,26.0,1001.0,cv,1.78,0,0
3379,17570,16,2012,1,3,1,-19,-5.0,1032.0,NW,134.56,0,0
3380,8377,20,2010,12,16,0,-24,-4.0,1026.0,NW,19.67,0,0
3381,23871,183,2012,9,21,14,16,26.0,1010.0,SE,8.04,0,0
3382,6776,385,2010,10,10,7,13,13.0,1011.0,cv,0.89,0,0
3383,35376,299,2014,1,13,23,-19,-8.0,1032.0,NE,1.79,0,0
3384,36654,136,2014,3,8,5,-6,0.0,1025.0,SE,14.32,0,0
3385,32009,38,2013,8,26,16,16,32.0,1004.0,SE,17.88,0,0
3386,21370,192,2012,6,9,9,20,25.0,999.0,SE,1.79,0,0
3387,8097,133,2010,12,4,8,-9,-5.0,1013.0,cv,0.89,0,0
3388,28477,29,2013,4,1,12,0,15.0,1016.0,NW,31.74,0,0
3389,11344,13,2011,4,18,15,-9,21.0,1015.0,NE,3.13,0,0
3390,1260,56,2010,2,22,11,-9,2.0,1022.0,SE,26.38,0,0
3391,25869,206,2012,12,13,20,-5,-1.0,1026.0,NW,39.81,0,0
3392,42673,43,2014,11,14,0,-8,0.0,1024.0,NW,4.92,0,0
3393,16170,26,2011,11,5,17,4,11.0,1027.0,NW,0.89,0,0
3394,19814,22,2012,4,5,13,-12,19.0,1015.0,NW,99.24,0,0
3395,32423,213,2013,9,12,22,19,22.0,1009.0,SE,8.5,0,0
3396,31116,31,2013,7,20,11,16,32.0,1004.0,NE,3.13,0,0
3397,31064,145,2013,7,18,7,22,25.0,1005.0,SE,3.13,0,0
3398,38711,60,2014,6,1,22,16,20.0,1012.0,NE,3.13,0,0
3399,2919,65,2010,5,2,14,-5,32.0,1002.0,NW,4.02,0,0
3400,6644,27,2010,10,4,19,10,17.0,1016.0,cv,0.89,0,0
3401,21945,29,2012,7,3,8,19,29.0,997.0,NW,17.88,0,0
3402,6193,203,2010,9,16,0,21,26.0,1010.0,SE,55.88,0,0
3403,17064,71,2011,12,12,23,-4,0.0,1030.0,SE,24.15,0,0
3404,21729,162,2012,6,24,8,21,23.0,1002.0,SE,22.8,0,0
3405,1141,18,2010,2,17,12,-25,0.0,1028.0,NW,86.72,0,0
3406,11746,148,2011,5,5,9,12,14.0,1001.0,cv,1.78,0,0
3407,29241,51,2013,5,3,8,8,16.0,1018.0,NW,3.58,0,0
3408,20800,30,2012,5,16,15,0,28.0,1002.0,NW,117.99,0,0
3409,3932,198,2010,6,13,19,16,22.0,1005.0,NW,9.83,0,2
3410,12323,112,2011,5,29,10,17,26.0,1009.0,cv,1.79,0,0
3411,19011,79,2012,3,3,2,-4,-1.0,1029.0,SE,2.68,0,0
3412,13044,149,2011,6,28,11,20,28.0,1003.0,NE,1.79,0,0
3413,42112,35,2014,10,21,15,-4,15.0,1023.0,SE,4.02,0,0
3414,17509,98,2011,12,31,12,-13,3.0,1028.0,NE,8.94,0,0
3415,12863,181,2011,6,20,22,18,27.0,1003.0,SE,30.4,0,0
3416,38120,136,2014,5,8,7,11,13.0,1016.0,cv,0.89,0,0
3417,20606,81,2012,5,8,13,7,31.0,1007.0,cv,1.79,0,0
3418,9902,75,2011,2,17,13,-8,6.0,1025.0,NW,4.92,0,0
3419,11243,159,2011,4,14,10,3,24.0,1006.0,NW,13.86,0,0
3420,10034,373,2011,2,23,1,-5,-3.0,1018.0,NE,1.79,0,0
3421,10213,18,2011,3,2,12,-16,5.0,1026.0,NW,5.81,0,0
3422,35123,36,2014,1,3,10,-16,7.0,1025.0,NW,14.3,0,0
3423,21756,80,2012,6,25,11,20,25.0,1006.0,SE,4.92,0,0
3424,34170,78,2013,11,24,17,-14,7.0,1012.0,cv,0.89,0,0
3425,474,22,2010,1,20,17,-15,-2.0,1033.0,NW,12.96,0,0
3426,14746,264,2011,9,7,9,20,23.0,1006.0,cv,0.89,0,0
3427,30908,53,2013,7,11,19,20,26.0,1005.0,cv,0.89,0,0
3428,8878,17,2011,1,5,21,-19,-5.0,1035.0,NW,259.7,0,0
3429,39631,31,2014,7,10,6,19,22.0,1001.0,NW,4.47,0,0
3430,8648,121,2010,12,27,7,-16,-11.0,1011.0,NE,1.79,0,0
3431,1668,224,2010,3,11,11,-10,5.0,1011.0,SE,3.13,0,0
3432,8101,120,2010,12,4,12,-11,5.0,1012.0,NE,1.79,0,0
3433,25193,145,2012,11,15,16,-9,7.0,1025.0,SE,3.13,0,0
3434,35624,233,2014,1,24,7,-12,-3.0,1016.0,cv,0.89,0,0
3435,18770,153,2012,2,22,1,-5,-3.0,1018.0,NE,2.68,0,0
3436,866,51,2010,2,6,1,-11,-8.0,1033.0,SE,16.99,0,0
3437,3249,178,2010,5,16,8,13,19.0,1015.0,SE,51.85,0,0
3438,27918,129,2013,3,9,5,-3,2.0,997.0,cv,2.67,0,0
3439,10857,116,2011,3,29,8,-3,6.0,1028.0,NW,3.13,0,0
3440,31556,23,2013,8,7,19,19,23.0,1001.0,NW,39.33,0,0
3441,289,15,2010,1,13,0,-24,-12.0,1034.0,NW,169.86,0,0
3442,5928,125,2010,9,4,23,18,21.0,1012.0,cv,1.78,0,0
3443,10330,17,2011,3,7,9,-14,5.0,1027.0,NW,24.14,0,0
3444,27961,81,2013,3,11,0,-11,3.0,1025.0,SE,62.15,0,0
3445,34152,218,2013,11,23,23,-4,4.0,1020.0,cv,4.01,0,0
3446,30305,198,2013,6,16,16,20,22.0,1002.0,NW,3.13,0,0
3447,26208,,2012,12,27,23,-14,-11.0,1027.0,NW,0.89,0,0
3448,41130,36,2014,9,10,17,14,28.0,1013.0,SE,21.9,0,0
3449,34101,166,2013,11,21,20,-7,4.0,1026.0,cv,0.89,0,0
3450,36192,216,2014,2,16,23,-7,1.0,1033.0,SE,25.93,0,0
3451,16969,7,2011,12,9,0,-18,-7.0,1042.0,NW,123.81,0,0
3452,19204,7,2012,3,11,3,-21,-4.0,1035.0,NW,190.43,0,0
3453,8184,67,2010,12,7,23,-12,-3.0,1012.0,NW,1.79,0,0
3454,12087,14,2011,5,19,14,3,26.0,1010.0,cv,3.58,0,0
3455,38272,14,2014,5,14,15,-1,22.0,1005.0,NW,223.51,0,0
3456,16857,222,2011,12,4,8,-6,-5.0,1029.0,NW,1.79,0,0
3457,3316,34,2010,5,19,3,8,14.0,1001.0,SE,6.26,0,0
3458,38331,80,2014,5,17,2,5,18.0,1013.0,SE,1.79,0,0
3459,22566,,2012,7,29,5,21,22.0,999.0,NW,8.05,0,0
3460,4950,211,2010,7,26,5,24,26.0,1008.0,SE,1.79,0,0
3461,2989,260,2010,5,5,12,16,22.0,997.0,cv,3.13,0,0
3462,14788,48,2011,9,9,3,15,16.0,1017.0,NW,1.79,0,0
3463,9309,16,2011,1,23,20,-20,-4.0,1033.0,NW,236.94,0,0
3464,26149,,2012,12,25,12,-26,-7.0,1040.0,NE,26.38,0,0
3465,10378,34,2011,3,9,9,-15,5.0,1031.0,NW,1.79,0,0
3466,17780,71,2012,1,11,19,-16,-4.0,1032.0,SE,28.16,0,0
3467,7969,443,2010,11,29,0,-9,-5.0,1021.0,cv,2.67,0,0
3468,17687,164,2012,1,7,22,-6,-4.0,1036.0,cv,0.89,0,0
3469,1433,65,2010,3,1,16,-5,-1.0,1020.0,SE,53.21,0,0
3470,26848,359,2013,1,23,15,-5,-3.0,1016.0,SE,7.16,0,0
3471,1705,79,2010,3,13,0,-5,0.0,1026.0,SE,12.06,0,0
3472,15369,40,2011,10,3,8,2,11.0,1030.0,NW,23.69,0,0
3473,3656,,2010,6,2,7,15,18.0,1016.0,cv,0.89,0,0
3474,13067,275,2011,6,29,10,22,26.0,1005.0,SE,6.71,0,0
3475,18854,21,2012,2,25,13,-21,3.0,1031.0,NW,76.42,0,0
3476,5536,123,2010,8,19,15,22,27.0,1012.0,SE,3.58,0,0
3477,34308,20,2013,11,30,11,-17,10.0,1025.0,NW,9.83,0,0
3478,38073,93,2014,5,6,8,2,15.0,1011.0,NW,4.92,0,0
3479,1866,234,2010,3,19,17,2,7.0,1001.0,cv,1.78,0,0
3480,4285,152,2010,6,28,12,18,30.0,1002.0,SE,3.13,0,0
3481,37125,107,2014,3,27,20,3,13.0,1009.0,NW,8.05,0,0
3482,41717,64,2014,10,5,4,11,11.0,1023.0,SE,1.78,0,0
3483,29379,54,2013,5,9,2,11,18.0,1011.0,SE,3.58,0,0
3484,15352,11,2011,10,2,15,-3,19.0,1029.0,cv,1.79,0,0
3485,15593,,2011,10,12,16,15,21.0,1015.0,cv,0.89,0,0
3486,12148,47,2011,5,22,3,6,11.0,1013.0,SE,1.79,0,0
3487,9080,15,2011,1,14,7,-20,-8.0,1033.0,NW,56.77,0,0
3488,10932,18,2011,4,1,11,-13,11.0,1028.0,NE,91.65,0,0
3489,11124,105,2011,4,9,11,-3,19.0,1013.0,SE,1.79,0,0
3490,23491,25,2012,9,5,18,9,25.0,1016.0,SE,30.39,0,0
3491,21831,128,2012,6,28,14,20,22.0,1009.0,cv,0.89,0,1
3492,19895,47,2012,4,8,22,-9,17.0,1013.0,SE,12.07,0,0
3493,3771,,2010,6,7,2,17,21.0,1012.0,SE,48.27,0,0
3494,37538,249,2014,4,14,1,7,14.0,1017.0,SE,45.14,0,0
3495,25979,24,2012,12,18,10,-18,-4.0,1038.0,NW,7.15,0,0
3496,16880,370,2011,12,5,7,-3,-2.0,1032.0,NE,1.79,0,0
3497,32460,83,2013,9,14,11,17,27.0,1008.0,NW,1.79,0,0
3498,26073,31,2012,12,22,8,-18,-8.0,1036.0,NE,25.92,0,0
3499,17199,40,2011,12,18,14,-20,3.0,1031.0,cv,1.78,0,0
3500,12646,43,2011,6,11,21,16,21.0,1005.0,cv,1.78,0,0
3501,2202,12,2010,4,2,17,-22,11.0,1020.0,NW,101.46,0,0
3502,19354,175,2012,3,17,9,2,2.0,1013.0,SE,9.84,0,0
3503,31488,28,2013,8,4,23,19,22.0,1000.0,SE,6.26,0,1
3504,40240,6,2014,8,4,15,19,21.0,1006.0,NE,3.13,0,4
3505,7792,8,2010,11,21,15,-13,9.0,1017.0,NW,114.88,0,0
3506,26014,256,2012,12,19,21,-11,-9.0,1031.0,NW,6.26,0,0
3507,4413,37,2010,7,3,20,17,33.0,998.0,SE,23.24,0,0
3508,1235,109,2010,2,21,10,-8,6.0,1014.0,NW,22.36,0,0
3509,42092,253,2014,10,20,19,13,15.0,1021.0,SE,0.89,0,0
3510,31971,101,2013,8,25,2,17,20.0,1008.0,NW,1.79,0,0
3511,42041,215,2014,10,18,16,8,23.0,1015.0,SE,6.26,0,0
3512,37756,98,2014,4,23,3,10,17.0,1010.0,SE,64.37,0,0
3513,13824,58,2011,7,30,23,23,26.0,1002.0,SE,25.03,0,0
3514,28202,114,2013,3,21,1,-3,2.0,1018.0,SE,38.44,0,0
3515,6806,7,2010,10,11,13,6,18.0,1018.0,NE,4.02,0,0
3516,29823,75,2013,5,27,14,16,23.0,1006.0,SE,1.79,0,0
3517,13259,11,2011,7,7,10,11,26.0,998.0,NW,16.09,0,0
3518,34709,198,2013,12,17,4,-12,-1.0,1031.0,NW,10.29,0,0
3519,14906,146,2011,9,14,1,18,19.0,1011.0,cv,0.89,0,0
3520,18204,19,2012,1,29,11,-21,-2.0,1036.0,NE,8.05,0,0
3521,43051,343,2014,11,29,18,2,4.0,1020.0,NE,0.89,0,1
3522,32670,69,2013,9,23,5,13,17.0,1014.0,NW,14.75,0,6
3523,29281,104,2013,5,5,0,8,17.0,1016.0,SE,61.23,0,0
3524,41524,9,2014,9,27,3,13,14.0,1014.0,NW,4.92,0,0
3525,33387,51,2013,10,23,2,2,7.0,1022.0,NE,4.02,0,0
3526,40626,,2014,8,20,17,18,32.0,1006.0,SE,30.41,0,0
3527,34464,294,2013,12,6,23,-6,-2.0,1020.0,SE,0.89,0,0
3528,23817,27,2012,9,19,8,12,17.0,1010.0,NW,3.13,0,0
3529,3745,,2010,6,6,0,12,21.0,1011.0,SE,33.97,0,0
3530,36332,341,2014,2,22,19,-4,2.0,1030.0,SE,0.89,0,0
3531,30399,30,2013,6,20,14,15,31.0,1007.0,SE,1.79,0,0
3532,18430,12,2012,2,7,21,-24,-8.0,1030.0,NW,88.06,0,0
3533,42875,37,2014,11,22,10,-10,8.0,1029.0,NW,21.91,0,0
3534,5510,309,2010,8,18,13,23,28.0,1011.0,SE,3.58,0,2
3535,3528,,2010,5,27,23,16,18.0,1014.0,cv,1.78,0,12
3536,4197,64,2010,6,24,20,11,29.0,1006.0,SE,10.28,0,0
3537,9301,13,2011,1,23,12,-21,-4.0,1032.0,NW,172.12,0,0
3538,36784,18,2014,3,13,15,-23,12.0,1018.0,SE,8.05,0,0
3539,42500,33,2014,11,6,19,-7,5.0,1031.0,cv,1.78,0,0
3540,34043,22,2013,11,19,10,-18,3.0,1027.0,NE,12.96,0,0
3541,16848,195,2011,12,3,23,-5,-3.0,1027.0,SE,0.89,0,0
3542,28793,39,2013,4,14,16,-6,17.0,1007.0,SE,22.79,0,0
3543,4831,99,2010,7,21,6,21,22.0,1006.0,NE,1.79,0,0
3544,3464,24,2010,5,25,7,4,21.0,1013.0,NE,3.13,0,0
3545,20268,40,2012,4,24,11,16,17.0,1006.0,NW,9.83,0,6
3546,43807,8,2014,12,31,6,-23,-4.0,1032.0,NW,130.07,0,0
3547,39976,62,2014,7,24,15,20,29.0,1006.0,cv,1.78,0,0
3548,12883,91,2011,6,21,18,15,33.0,1000.0,SE,37.54,0,0
3549,22296,80,2012,7,17,23,21,25.0,1010.0,SE,71.97,0,0
3550,26026,187,2012,12,20,9,-9,-6.0,1032.0,SE,0.89,0,0
3551,24361,177,2012,10,12,0,6,11.0,1014.0,cv,0.89,0,0
3552,2185,27,2010,4,2,0,-7,2.0,1018.0,SE,0.89,0,0
3553,7008,91,2010,10,19,23,6,9.0,1029.0,SE,6.26,0,0
3554,25721,97,2012,12,7,16,-19,0.0,1022.0,NW,16.09,0,0
3555,11350,43,2011,4,18,21,-5,14.0,1017.0,SE,4.47,0,0
3556,12126,52,2011,5,21,5,1,11.0,1015.0,NW,8.05,0,0
3557,32589,128,2013,9,19,20,18,21.0,1012.0,cv,0.89,0,0
3558,17514,192,2011,12,31,17,-14,-1.0,1028.0,cv,1.34,0,0
3559,4677,150,2010,7,14,20,22,25.0,1009.0,cv,0.89,0,0
3560,25268,13,2012,11,18,19,-9,8.0,1020.0,NW,29.06,0,0
3561,12111,7,2011,5,20,14,-4,18.0,1015.0,NE,3.13,0,0
3562,25896,221,2012,12,14,23,0,0.0,1023.0,SE,0.89,0,0
3563,40539,72,2014,8,17,2,21,25.0,1008.0,SE,8.05,0,0
3564,35195,149,2014,1,6,10,-5,-1.0,1028.0,SE,11.63,2,0
3565,21572,93,2012,6,17,19,11,36.0,999.0,SE,32.64,0,0
3566,9814,115,2011,2,13,21,-8,-4.0,1032.0,NW,3.13,0,0
3567,38080,111,2014,5,6,15,5,21.0,1005.0,SE,7.15,0,0
3568,28798,48,2013,4,14,21,-4,13.0,1005.0,SE,42.91,0,0
3569,19996,80,2012,4,13,3,1,10.0,1009.0,cv,0.89,0,0
3570,4559,74,2010,7,9,22,20,21.0,1006.0,SE,4.02,0,6
3571,9870,281,2011,2,16,5,-10,-8.0,1023.0,cv,0.45,0,0
3572,9688,26,2011,2,8,15,-12,8.0,1016.0,NE,31.3,0,0
3573,29311,318,2013,5,6,6,14,15.0,1015.0,cv,1.34,0,0
3574,10909,,2011,3,31,12,2,18.0,1015.0,SE,1.79,0,0
3575,9226,26,2011,1,20,9,-21,-8.0,1033.0,NE,4.92,0,0
3576,39561,80,2014,7,7,8,22,26.0,1005.0,SE,9.84,0,0
3577,34857,124,2013,12,23,8,-15,-6.0,1031.0,NW,24.14,0,0
3578,43107,13,2014,12,2,2,-21,-7.0,1032.0,NE,3.13,0,0
3579,25885,231,2012,12,14,12,-1,0.0,1024.0,NW,102.39,16,0
3580,28952,136,2013,4,21,7,3,6.0,1021.0,NE,1.78,0,0
3581,39677,12,2014,7,12,4,11,26.0,1003.0,NE,9.83,0,0
3582,4187,104,2010,6,24,10,13,27.0,1009.0,SE,1.79,0,0
3583,25966,20,2012,12,17,21,-17,-5.0,1037.0,NW,135.9,0,0
3584,15852,26,2011,10,23,11,7,11.0,1021.0,NE,8.94,0,6
3585,12539,231,2011,6,7,10,17,30.0,997.0,SE,3.58,0,0
3586,8326,27,2010,12,13,21,-22,-6.0,1032.0,NE,10.28,0,0
3587,13014,49,2011,6,27,5,18,20.0,999.0,NE,0.89,0,0
3588,17676,83,2012,1,7,11,-6,-5.0,1039.0,NE,1.79,12,0
3589,897,90,2010,2,7,8,-6,-5.0,1024.0,NE,1.79,0,0
3590,24824,28,2012,10,31,7,-2,1.0,1023.0,cv,1.78,0,0
3591,21109,99,2012,5,29,12,11,27.0,1010.0,SE,44.26,0,0
3592,17997,22,2012,1,20,20,-22,-5.0,1037.0,NE,105.5,0,0
3593,19606,72,2012,3,27,21,-4,13.0,1021.0,cv,0.89,0,0
3594,32898,13,2013,10,2,17,-2,21.0,1018.0,SE,7.15,0,0
3595,37684,128,2014,4,20,3,5,7.0,1018.0,cv,0.89,0,0
3596,2311,75,2010,4,7,6,-7,1.0,1024.0,NW,1.79,0,0
3597,4651,114,2010,7,13,18,21,26.0,1009.0,NW,19.67,0,0
3598,12084,7,2011,5,19,11,1,22.0,1012.0,NE,11.17,0,0
3599,35452,250,2014,1,17,3,-7,-2.0,1031.0,SE,18.78,1,0
3600,5323,168,2010,8,10,18,21,29.0,1005.0,SE,19.23,0,0
3601,3347,67,2010,5,20,10,9,28.0,1006.0,cv,0.89,0,0
3602,32261,72,2013,9,6,4,15,18.0,1016.0,SE,0.89,0,0
3603,37825,27,2014,4,26,0,11,13.0,1019.0,NW,53.2,0,3
3604,29339,251,2013,5,7,10,16,24.0,1017.0,cv,3.56,0,0
3605,16495,7,2011,11,19,6,-7,3.0,1021.0,NW,23.25,0,0
3606,2254,87,2010,4,4,21,-7,15.0,1009.0,SE,19.67,0,0
3607,3192,64,2010,5,13,23,7,17.0,1017.0,SE,39.78,0,0
3608,10848,56,2011,3,28,23,-3,6.0,1028.0,SE,24.14,0,0
3609,43386,72,2014,12,13,17,-18,3.0,1026.0,SE,9.83,0,0
3610,20246,279,2012,4,23,13,15,21.0,1003.0,SE,9.84,0,0
3611,32743,30,2013,9,26,6,4,8.0,1018.0,cv,0.89,0,0
3612,4720,195,2010,7,16,15,24,31.0,1003.0,SE,10.73,0,0
3613,9036,86,2011,1,12,11,-20,-4.0,1026.0,NW,5.37,0,0
3614,181,198,2010,1,8,12,-16,-9.0,1028.0,SE,3.13,0,0
3615,31857,120,2013,8,20,8,20,26.0,1011.0,SE,1.79,0,0
3616,9278,48,2011,1,22,13,-16,-1.0,1027.0,NW,11.18,0,0
3617,9099,15,2011,1,15,2,-27,-10.0,1041.0,NW,203.39,0,0
3618,37842,48,2014,4,26,17,9,20.0,1018.0,SE,7.6,0,0
3619,11950,40,2011,5,13,21,-6,22.0,1012.0,NW,156.9,0,0
3620,42533,76,2014,11,8,4,-2,0.0,1029.0,NW,0.89,0,0
3621,39699,30,2014,7,13,2,15,25.0,1002.0,NE,3.13,0,0
3622,11542,63,2011,4,26,21,4,9.0,1008.0,cv,0.89,0,0
3623,9848,125,2011,2,15,7,-15,-12.0,1029.0,NE,0.89,0,0
3624,9969,113,2011,2,20,8,-8,-5.0,1028.0,NW,0.89,0,0
3625,38445,136,2014,5,21,20,16,27.0,1004.0,SE,22.8,0,0
3626,22109,52,2012,7,10,4,23,24.0,999.0,NW,1.79,0,0
3627,1936,226,2010,3,22,15,-14,14.0,1014.0,NW,57.65,0,0
3628,26288,65,2012,12,31,7,-18,-14.0,1020.0,NW,10.29,0,0
3629,42688,21,2014,11,14,15,-13,13.0,1026.0,NE,1.79,0,0
3630,31366,99,2013,7,30,21,22,29.0,997.0,SE,24.14,0,0
3631,29300,211,2013,5,5,19,13,25.0,1014.0,SE,22.34,0,0
3632,41810,368,2014,10,9,1,12,13.0,1019.0,cv,0.45,0,0
3633,43263,117,2014,12,8,14,-14,4.0,1033.0,cv,6.26,0,0
3634,41571,97,2014,9,29,2,15,15.0,1014.0,cv,0.89,0,0
3635,37103,399,2014,3,26,22,7,14.0,1011.0,cv,1.34,0,0
3636,16873,365,2011,12,5,0,-4,-4.0,1032.0,cv,0.89,0,0
3637,24458,95,2012,10,16,1,10,12.0,1019.0,cv,0.89,0,2
3638,8995,70,2011,1,10,18,-20,-3.0,1024.0,SE,3.13,0,0
3639,32211,144,2013,9,4,2,17,21.0,1016.0,SE,22.81,0,0
3640,35172,128,2014,1,5,11,-12,5.0,1026.0,NW,46.05,0,0
3641,19192,20,2012,3,10,15,-23,5.0,1026.0,NW,83.59,0,0
3642,27653,152,2013,2,26,4,-7,-6.0,1021.0,NW,29.96,0,0
3643,29559,124,2013,5,16,14,8,26.0,1016.0,SE,8.05,0,0
3644,36298,305,2014,2,21,9,-3,0.0,1029.0,NW,4.92,0,0
3645,36213,66,2014,2,17,20,-15,1.0,1035.0,SE,33.09,0,0
3646,22055,167,2012,7,7,22,22,27.0,1001.0,SE,44.7,0,2
3647,9529,84,2011,2,2,0,-20,-2.0,1021.0,NW,61.23,0,0
3648,24598,37,2012,10,21,21,9,10.0,1018.0,NE,3.13,0,0
3649,42124,52,2014,10,22,3,4,7.0,1024.0,NE,0.89,0,0
3650,19299,68,2012,3,15,2,-8,-1.0,1028.0,SE,49.61,0,0
3651,11440,36,2011,4,22,15,4,14.0,1014.0,SE,16.1,0,0
3652,14041,,2011,8,9,0,25,27.0,1001.0,SE,20.13,0,0
3653,14710,55,2011,9,5,21,15,22.0,1013.0,SE,39.34,0,0
3654,35162,183,2014,1,5,1,-10,-6.0,1022.0,NW,6.71,0,0
3655,35259,30,2014,1,9,2,-23,-9.0,1033.0,NW,3.58,0,0
3656,17126,12,2011,12,15,13,-19,0.0,1034.0,NW,46.5,0,0
3657,8011,247,2010,11,30,18,0,2.0,1017.0,SE,1.79,0,0
3658,9241,124,2011,1,21,0,-21,-8.0,1029.0,NW,1.79,0,0
3659,31842,17,2013,8,19,17,12,33.0,1008.0,SE,1.79,0,0
3660,12782,85,2011,6,17,13,19,29.0,1008.0,SE,1.79,0,0
3661,13484,92,2011,7,16,19,21,29.0,1002.0,SE,22.8,0,0
3662,19339,315,2012,3,16,18,4,9.0,1010.0,SE,12.97,0,0
3663,18644,16,2012,2,16,19,-20,-3.0,1029.0,NW,115.33,0,0
3664,1529,16,2010,3,5,16,-24,3.0,1028.0,cv,1.79,0,0
3665,6573,237,2010,10,1,20,17,21.0,1016.0,SE,1.79,0,0
3666,15716,43,2011,10,17,19,4,11.0,1023.0,cv,0.89,0,0
3667,9414,20,2011,1,28,5,-21,-10.0,1040.0,NW,28.17,0,0
3668,32035,50,2013,8,27,18,20,26.0,1006.0,SE,12.96,0,0
3669,16663,222,2011,11,26,6,-4,-2.0,1022.0,NW,12.52,0,0
3670,22483,75,2012,7,25,18,24,28.0,1005.0,SE,3.13,0,0
3671,6352,,2010,9,22,15,-3,22.0,1020.0,SE,4.92,0,0
3672,16182,78,2011,11,6,5,7,8.0,1028.0,NE,2.68,0,0
3673,1344,55,2010,2,25,23,-6,2.0,1020.0,SE,63.48,0,0
3674,21424,16,2012,6,11,15,2,33.0,994.0,SE,15.64,0,0
3675,3772,,2010,6,7,3,16,20.0,1012.0,cv,0.89,0,0
3676,9708,212,2011,2,9,11,-5,-1.0,1028.0,SE,1.79,0,0
3677,36294,335,2014,2,21,5,-7,-5.0,1029.0,SE,0.89,0,0
3678,1404,37,2010,2,28,11,-15,3.0,1023.0,NE,21.01,0,0
3679,3245,121,2010,5,16,4,11,18.0,1014.0,SE,38.89,0,0
3680,30233,109,2013,6,13,16,15,30.0,1007.0,SE,25.93,0,0
3681,35044,129,2013,12,31,3,-16,-5.0,1012.0,NW,1.79,0,0
3682,26052,29,2012,12,21,11,-8,0.0,1029.0,NW,29.49,0,0
3683,17774,57,2012,1,11,13,-16,-1.0,1035.0,SE,4.02,0,0
3684,20111,116,2012,4,17,22,11,20.0,1006.0,SE,54.09,0,0
3685,18100,66,2012,1,25,3,-22,-13.0,1026.0,cv,0.45,0,0
3686,29314,271,2013,5,6,9,16,23.0,1015.0,cv,1.78,0,0
3687,40519,46,2014,8,16,6,17,20.0,1008.0,NW,7.16,0,0
3688,36270,174,2014,2,20,5,-6,-3.0,1030.0,cv,0.89,0,0
3689,21063,133,2012,5,27,14,15,31.0,1006.0,SE,28.61,0,0
3690,13137,165,2011,7,2,8,24,25.0,1001.0,cv,0.89,0,5
3691,4400,50,2010,7,3,7,21,27.0,1002.0,cv,1.78,0,0
3692,38939,13,2014,6,11,10,14,26.0,1012.0,NW,3.13,0,0
3693,12331,139,2011,5,29,18,18,28.0,1006.0,cv,1.79,0,0
3694,38139,65,2014,5,9,2,6,17.0,1015.0,cv,0.89,0,0
3695,15430,,2011,10,5,21,10,15.0,1015.0,NW,3.13,0,0
3696,39991,116,2014,7,25,6,19,20.0,1007.0,NW,4.92,0,0
3697,16508,10,2011,11,19,19,-11,4.0,1026.0,NW,132.34,0,0
3698,22218,15,2012,7,14,17,16,29.0,1002.0,SE,4.92,0,0
3699,35774,16,2014,1,30,13,-27,7.0,1018.0,SE,3.13,0,0
3700,4695,196,2010,7,15,14,22,24.0,1006.0,SE,10.74,0,3
3701,42551,92,2014,11,8,22,-1,2.0,1027.0,SE,0.89,0,0
3702,34480,392,2013,12,7,15,-3,6.0,1018.0,SE,8.5,0,0
3703,5262,62,2010,8,8,5,19,21.0,1005.0,cv,2.23,0,0
3704,5923,88,2010,9,4,18,16,26.0,1011.0,SE,11.18,0,0
3705,11550,43,2011,4,27,5,2,6.0,1010.0,NW,12.97,0,0
3706,41433,63,2014,9,23,8,17,18.0,1018.0,NW,15.65,0,10
3707,4409,68,2010,7,3,16,16,38.0,998.0,SE,13.41,0,0
3708,28326,187,2013,3,26,5,-4,0.0,1016.0,cv,0.9,0,0
3709,27749,9,2013,3,2,4,-15,-5.0,1036.0,NW,1.79,0,0
3710,28639,29,2013,4,8,6,-22,8.0,1011.0,NW,34.41,0,0
3711,22901,,2012,8,12,4,20,20.0,1005.0,NW,41.58,0,15
3712,26541,421,2013,1,10,20,-9,-7.0,1027.0,SE,12.52,0,0
3713,8122,35,2010,12,5,9,-7,5.0,1018.0,NW,31.74,0,0
3714,5684,81,2010,8,25,19,18,25.0,1014.0,SE,11.18,0,0
3715,22791,63,2012,8,7,14,24,31.0,1006.0,SE,4.02,0,0
3716,25623,16,2012,12,3,14,-19,2.0,1021.0,NW,73.31,0,0
3717,119,66,2010,1,5,22,-22,-13.0,1034.0,NW,20.57,0,0
3718,9712,68,2011,2,9,15,-9,2.0,1025.0,SE,13.86,0,0
3719,34503,184,2013,12,8,14,-9,11.0,1018.0,NW,4.92,0,0
3720,27345,307,2013,2,13,8,-7,-6.0,1023.0,NE,0.89,0,0
3721,41196,60,2014,9,13,11,14,25.0,1015.0,SE,6.71,0,0
3722,29505,17,2013,5,14,8,-1,24.0,1008.0,NW,47.38,0,0
3723,2217,133,2010,4,3,8,-9,4.0,1022.0,SE,1.79,0,0
3724,30813,142,2013,7,7,20,25,30.0,999.0,SE,32.17,0,0
3725,17556,169,2012,1,2,11,-8,-1.0,1028.0,cv,1.78,0,0
3726,28025,15,2013,3,13,16,-18,8.0,1028.0,cv,3.57,0,0
3727,2306,55,2010,4,7,1,-9,6.0,1025.0,cv,0.45,0,0
3728,6260,48,2010,9,18,19,13,16.0,1015.0,cv,0.89,0,0
3729,5375,96,2010,8,12,22,24,27.0,1002.0,cv,0.89,0,0
3730,22771,47,2012,8,6,18,23,30.0,1007.0,SE,21.46,0,0
3731,21774,134,2012,6,26,5,20,22.0,1009.0,cv,1.78,0,1
3732,9093,13,2011,1,14,20,-25,-7.0,1038.0,NW,149.3,0,0
3733,5336,92,2010,8,11,7,22,25.0,1006.0,SE,12.53,0,0
3734,15486,138,2011,10,8,5,10,11.0,1019.0,NW,9.39,0,0
3735,29359,119,2013,5,8,6,10,18.0,1014.0,SE,4.92,0,0
3736,5821,102,2010,8,31,12,20,24.0,1010.0,SE,9.84,0,0
3737,7036,98,2010,10,21,3,8,9.0,1024.0,NW,0.89,0,0
3738,40617,112,2014,8,20,8,19,25.0,1010.0,cv,0.89,0,0
3739,12825,199,2011,6,19,8,20,23.0,1009.0,cv,1.78,0,0
3740,43687,133,2014,12,26,6,-11,-7.0,1032.0,NW,2.67,0,0
3741,17326,15,2011,12,23,21,-16,1.0,1027.0,NW,7.15,0,0
3742,41494,157,2014,9,25,21,17,19.0,1014.0,SE,1.79,0,0
3743,21758,95,2012,6,25,13,21,26.0,1006.0,SE,12.07,0,0
3744,33148,51,2013,10,13,3,6,16.0,1018.0,SE,4.02,0,0
3745,27414,78,2013,2,16,5,-11,-6.0,1024.0,SE,1.78,0,0
3746,39987,118,2014,7,25,2,19,21.0,1007.0,NE,0.89,0,0
3747,22550,108,2012,7,28,13,26,30.0,1001.0,SE,31.75,0,0
3748,23374,169,2012,8,31,21,23,26.0,1011.0,cv,0.89,0,0
3749,30552,254,2013,6,26,23,20,24.0,997.0,NE,3.13,0,0
3750,21659,165,2012,6,21,10,18,28.0,1005.0,SE,4.92,0,0
3751,16169,35,2011,11,5,16,3,12.0,1026.0,NE,7.15,0,0
3752,1400,119,2010,2,28,7,-5,-1.0,1020.0,NW,9.83,0,0
3753,1467,92,2010,3,3,2,-5,-2.0,1025.0,cv,0.89,0,0
3754,42873,29,2014,11,22,8,-8,1.0,1028.0,NW,14.76,0,0
3755,16548,89,2011,11,21,11,-6,5.0,1030.0,cv,0.89,0,0
3756,2165,31,2010,4,1,4,-16,6.0,1021.0,NW,89.38,0,0
3757,9929,140,2011,2,18,16,-10,7.0,1024.0,SE,9.39,0,0
3758,7989,173,2010,11,29,20,-3,-2.0,1019.0,cv,5.34,0,0
3759,42265,50,2014,10,28,0,1,5.0,1030.0,SE,1.79,0,0
3760,31281,88,2013,7,27,8,22,24.0,1001.0,cv,0.89,0,2
3761,12673,52,2011,6,13,0,16,23.0,1006.0,SE,3.13,0,0
3762,27133,21,2013,2,4,12,-13,-2.0,1032.0,NE,7.15,0,0
3763,39687,,2014,7,12,14,10,33.0,1001.0,SE,3.13,0,0
3764,15494,150,2011,10,8,13,13,21.0,1017.0,cv,0.89,0,0
3765,39941,23,2014,7,23,4,17,24.0,1005.0,cv,0.45,0,0
3766,42169,227,2014,10,24,0,8,9.0,1012.0,NW,0.89,0,0
3767,9875,285,2011,2,16,10,-8,-3.0,1024.0,cv,1.78,0,0
3768,12707,187,2011,6,14,10,16,30.0,1004.0,cv,1.79,0,0
3769,13656,300,2011,7,23,23,27,29.0,1003.0,SE,9.84,0,0
3770,21112,76,2012,5,29,15,13,21.0,1010.0,NW,5.81,0,1
3771,26426,49,2013,1,6,1,-18,-8.0,1030.0,NE,4.92,0,0
3772,5784,95,2010,8,29,23,19,22.0,1007.0,NE,0.89,0,0
3773,15394,,2011,10,4,9,7,13.0,1022.0,NE,1.79,0,0
3774,4070,87,2010,6,19,13,17,31.0,1003.0,SE,3.58,0,0
3775,18208,31,2012,1,29,15,-23,0.0,1032.0,cv,1.79,0,0
3776,30997,66,2013,7,15,12,24,25.0,998.0,SE,32.63,0,16
3777,2098,198,2010,3,29,9,-2,9.0,1025.0,SE,4.92,0,0
3778,8840,67,2011,1,4,7,-15,-11.0,1028.0,cv,0.89,0,0
3779,8192,28,2010,12,8,7,-10,0.0,1016.0,NE,1.79,0,0
3780,36745,10,2014,3,12,0,-11,8.0,1024.0,NW,11.62,0,0
3781,32895,9,2013,10,2,14,-4,23.0,1020.0,cv,1.79,0,0
3782,29077,80,2013,4,26,12,-1,22.0,1010.0,SE,3.13,0,0
3783,40495,71,2014,8,15,6,17,19.0,1007.0,cv,0.89,0,0
3784,35962,105,2014,2,7,9,-7,-5.0,1029.0,SE,33.98,4,0
3785,42701,152,2014,11,15,4,-5,1.0,1029.0,NW,0.89,0,0
3786,315,174,2010,1,14,2,-20,-15.0,1025.0,NW,0.89,0,0
3787,23932,52,2012,9,24,3,14,16.0,1017.0,cv,0.45,0,0
3788,12575,33,2011,6,8,22,19,24.0,1001.0,SE,31.73,0,0
3789,14059,102,2011,8,9,18,21,27.0,1004.0,NW,9.83,0,2
3790,38749,25,2014,6,3,12,12,30.0,1008.0,SE,1.79,0,0
3791,33829,5,2013,11,10,12,-30,8.0,1028.0,NW,167.62,0,0
3792,23622,115,2012,9,11,5,19,20.0,1011.0,cv,0.89,0,0
3793,15432,,2011,10,5,23,-1,17.0,1016.0,NW,3.13,0,0
3794,25073,48,2012,11,10,16,3,5.0,1020.0,NW,22.8,0,9
3795,2208,49,2010,4,2,23,-10,3.0,1022.0,SE,5.36,0,0
3796,20711,124,2012,5,12,22,14,17.0,1011.0,SE,36.64,0,0
3797,26572,425,2013,1,12,3,-12,-11.0,1025.0,SE,0.89,0,0
3798,159,52,2010,1,7,14,-20,-7.0,1033.0,NW,22.8,0,0
3799,33439,36,2013,10,25,6,-2,7.0,1029.0,NW,97.01,0,0
3800,33835,46,2013,11,10,18,-22,9.0,1025.0,SE,4.92,0,0
3801,31940,19,2013,8,23,19,17,27.0,1007.0,cv,1.78,0,0
3802,30388,108,2013,6,20,3,18,25.0,1004.0,NE,0.89,0,0
3803,36788,32,2014,3,13,19,-20,11.0,1017.0,SE,29.51,0,0
3804,33392,16,2013,10,23,7,-3,3.0,1023.0,NW,3.13,0,0
3805,14787,54,2011,9,9,2,17,17.0,1017.0,cv,0.89,0,0
3806,38171,51,2014,5,10,10,7,17.0,1017.0,SE,9.84,0,0
3807,12007,55,2011,5,16,6,5,10.0,1016.0,NW,3.13,0,0
3808,17345,22,2011,12,24,16,-17,3.0,1026.0,NW,35.76,0,0
3809,36407,545,2014,2,25,22,-4,1.0,1026.0,cv,0.89,0,0
3810,13625,203,2011,7,22,16,25,28.0,1001.0,SE,6.71,0,0
3811,23304,145,2012,8,28,23,23,25.0,1000.0,SE,3.13,0,0
3812,42737,19,2014,11,16,16,-5,11.0,1025.0,NW,46.05,0,0
3813,4828,109,2010,7,21,3,21,23.0,1006.0,SE,37.98,0,0
3814,15887,45,2011,10,24,22,-6,8.0,1031.0,cv,0.89,0,0
3815,22879,116,2012,8,11,6,22,23.0,1006.0,SE,3.58,0,0
3816,37691,52,2014,4,20,10,2,16.0,1018.0,NW,16.99,0,0
3817,15336,24,2011,10,1,23,-3,13.0,1029.0,NE,10.73,0,0
3818,40312,43,2014,8,7,15,15,33.0,1008.0,SE,6.26,0,0
3819,37767,168,2014,4,23,14,13,24.0,1009.0,SE,98.35,0,0
3820,12578,86,2011,6,9,1,19,21.0,1003.0,SE,38.44,0,0
3821,3511,80,2010,5,27,6,13,21.0,1015.0,cv,0.89,0,0
3822,24626,34,2012,10,23,1,4,5.0,1019.0,cv,1.78,0,0
3823,2983,198,2010,5,5,6,14,16.0,997.0,SE,67.05,0,0
3824,35790,150,2014,1,31,5,-9,-4.0,1020.0,NE,0.89,0,0
3825,3093,82,2010,5,9,20,-7,18.0,1009.0,NW,37.11,0,0
3826,15089,18,2011,9,21,16,4,26.0,1012.0,SE,1.79,0,0
3827,4225,190,2010,6,26,0,17,24.0,1007.0,cv,0.89,0,0
3828,37371,63,2014,4,7,2,-2,11.0,1014.0,SE,2.68,0,0
3829,23201,52,2012,8,24,16,11,29.0,1012.0,SE,19.21,0,0
3830,1666,183,2010,3,11,9,-9,1.0,1013.0,SE,0.89,0,0
3831,42880,26,2014,11,22,15,-13,11.0,1025.0,SE,3.13,0,0
3832,11475,8,2011,4,24,2,-2,12.0,1014.0,NW,80.46,0,0
3833,6743,459,2010,10,8,22,13,14.0,1013.0,cv,1.78,0,0
3834,5609,15,2010,8,22,16,14,29.0,1012.0,SE,10.28,0,0
3835,42570,39,2014,11,9,17,-4,15.0,1023.0,SE,11.18,0,0
3836,29514,19,2013,5,14,17,1,30.0,1007.0,cv,7.15,0,0
3837,20322,53,2012,4,26,17,2,23.0,998.0,SE,16.99,0,0
3838,14378,,2011,8,23,1,21,23.0,1012.0,cv,0.89,0,0
3839,35741,84,2014,1,29,4,-10,-6.0,1019.0,cv,1.34,0,0
3840,24170,10,2012,10,4,1,8,11.0,1015.0,cv,2.23,0,0
3841,26018,244,2012,12,20,1,-12,-10.0,1031.0,NW,14.76,0,0
3842,18722,81,2012,2,20,1,-19,-7.0,1021.0,NE,1.79,0,0
3843,40451,55,2014,8,13,10,18,20.0,1009.0,NE,3.13,0,7
3844,26191,,2012,12,27,6,-18,-15.0,1029.0,NW,18.34,0,0
3845,39077,13,2014,6,17,4,17,19.0,1003.0,cv,1.79,0,2
3846,7920,56,2010,11,26,23,-19,8.0,1014.0,NW,13.86,0,0
3847,2218,138,2010,4,3,9,-9,8.0,1021.0,SE,4.92,0,0
3848,31056,53,2013,7,17,23,21,26.0,1005.0,SE,40.67,0,0
3849,26538,395,2013,1,10,17,-9,-5.0,1026.0,SE,8.95,0,0
3850,17545,114,2012,1,2,0,-10,-3.0,1030.0,SE,10.28,0,0
3851,2829,16,2010,4,28,20,-8,12.0,1013.0,NW,410.84,0,0
3852,16625,251,2011,11,24,16,-7,1.0,1025.0,SE,0.89,0,0
3853,38258,38,2014,5,14,1,-5,19.0,1004.0,NW,98.78,0,0
3854,2647,27,2010,4,21,6,0,12.0,1023.0,NE,1.79,0,0
3855,38280,27,2014,5,14,23,2,13.0,1003.0,cv,0.89,0,0
3856,2928,24,2010,5,2,23,-9,22.0,1006.0,NE,1.79,0,0
3857,34996,77,2013,12,29,3,-24,0.0,1022.0,NW,16.98,0,0
3858,35673,24,2014,1,26,8,-12,-6.0,1034.0,SE,12.08,0,0
3859,275,15,2010,1,12,10,-25,-11.0,1031.0,NW,26.81,0,0
3860,39644,24,2014,7,10,19,13,34.0,997.0,SE,31.3,0,0
3861,30249,94,2013,6,14,8,13,24.0,1010.0,SE,37.55,0,0
3862,32327,137,2013,9,8,22,16,22.0,1015.0,NW,4.92,0,1
3863,41892,6,2014,10,12,11,-1,17.0,1033.0,NE,10.28,0,0
3864,21172,63,2012,6,1,3,15,17.0,1014.0,cv,0.89,0,2
3865,33219,71,2013,10,16,2,0,4.0,1027.0,NE,0.89,0,0
3866,4913,77,2010,7,24,16,21,34.0,1009.0,SE,19.22,0,0
3867,43533,10,2014,12,19,20,-18,-1.0,1029.0,NW,150.65,0,0
3868,35971,109,2014,2,7,18,-7,-3.0,1025.0,SE,51.43,13,0
3869,27652,148,2013,2,26,3,-6,-5.0,1022.0,NW,28.17,0,0
3870,32277,111,2013,9,6,20,15,21.0,1015.0,SE,21.9,0,0
3871,21785,149,2012,6,26,16,21,28.0,1009.0,SE,7.15,0,0
3872,2981,202,2010,5,5,4,15,16.0,996.0,SE,63.47,0,0
3873,15758,157,2011,10,19,13,12,18.0,1021.0,SE,6.26,0,0
3874,24942,14,2012,11,5,5,-4,4.0,1018.0,NW,316.96,0,0
3875,16921,340,2011,12,7,0,-1,-1.0,1032.0,cv,1.78,0,0
3876,27996,164,2013,3,12,11,2,4.0,1012.0,cv,0.89,0,8
3877,31122,17,2013,7,20,17,12,31.0,1002.0,SE,1.79,0,0
3878,13687,31,2011,7,25,6,23,24.0,999.0,SE,0.89,0,0
3879,32266,66,2013,9,6,9,14,21.0,1017.0,SE,3.58,0,0
3880,2,,2010,1,1,1,-21,-12.0,1020.0,NW,4.92,0,0
3881,8654,62,2010,12,27,13,-14,6.0,1009.0,NW,17.43,0,0
3882,9686,43,2011,2,8,13,-11,7.0,1016.0,NE,21.46,0,0
3883,37327,36,2014,4,5,6,-6,5.0,1024.0,cv,3.56,0,0
3884,514,22,2010,1,22,9,-20,-5.0,1036.0,NW,67.94,0,0
3885,11773,34,2011,5,6,12,-5,24.0,1003.0,NW,29.95,0,0
3886,42274,92,2014,10,28,9,1,8.0,1029.0,cv,0.89,0,0
3887,19324,181,2012,3,16,3,3,3.0,1016.0,SE,20.57,0,0
3888,33861,76,2013,11,11,20,-9,4.0,1025.0,cv,0.89,0,0
3889,16160,15,2011,11,5,7,5,11.0,1027.0,NW,54.09,0,3
3890,6747,287,2010,10,9,2,11,12.0,1013.0,SE,4.46,0,0
3891,27737,8,2013,3,1,16,-25,6.0,1032.0,NW,3.13,0,0
3892,10061,397,2011,2,24,4,-5,-3.0,1018.0,NW,32.18,0,0
3893,25795,97,2012,12,10,18,-13,-6.0,1030.0,NE,1.78,0,0
3894,27910,101,2013,3,8,21,-3,5.0,1006.0,SE,52.76,0,0
3895,19563,118,2012,3,26,2,-5,3.0,1020.0,cv,0.89,0,0
3896,1697,16,2010,3,12,16,-19,8.0,1019.0,SE,3.13,0,0
3897,18452,20,2012,2,8,19,-21,-3.0,1025.0,NW,3.13,0,0
3898,41564,57,2014,9,28,19,15,20.0,1014.0,SE,22.36,0,0
3899,27923,141,2013,3,9,10,-3,13.0,1002.0,NE,3.13,0,0
3900,22647,13,2012,8,1,14,20,22.0,1007.0,NW,4.92,0,10
3901,9637,25,2011,2,6,12,-10,8.0,1022.0,NW,7.15,0,0
3902,11062,,2011,4,6,21,4,12.0,1015.0,SE,55.88,0,0
3903,7231,72,2010,10,29,6,0,2.0,1028.0,cv,0.89,0,0
3904,2569,206,2010,4,18,0,5,10.0,1018.0,cv,0.89,0,0
3905,8461,40,2010,12,19,12,-12,9.0,1016.0,NW,50.51,0,0
3906,2454,16,2010,4,13,5,-15,2.0,1027.0,NW,187.31,0,0
3907,14964,21,2011,9,16,11,13,23.0,1015.0,NE,9.84,0,0
3908,18385,254,2012,2,6,0,-11,-4.0,1019.0,NE,0.89,0,0
3909,28945,105,2013,4,21,0,1,8.0,1021.0,SE,1.79,0,0
3910,25528,41,2012,11,29,15,-19,5.0,1022.0,cv,0.89,0,0
3911,42682,41,2014,11,14,9,-10,6.0,1028.0,NE,1.79,0,0
3912,13374,104,2011,7,12,5,22,24.0,1009.0,cv,0.89,0,0
3913,29851,44,2013,5,28,18,15,24.0,1004.0,SE,17.88,0,0
3914,16044,269,2011,10,31,11,11,13.0,1023.0,SE,4.92,0,0
3915,20030,49,2012,4,14,13,-5,28.0,1005.0,SE,14.3,0,0
3916,10179,9,2011,3,1,2,-12,-4.0,1028.0,NW,3.13,0,0
3917,26937,310,2013,1,27,8,-9,-8.0,1030.0,SE,3.58,0,0
3918,1509,256,2010,3,4,20,-2,3.0,1015.0,NW,1.79,0,0
3919,13387,99,2011,7,12,18,20,30.0,1006.0,SE,17.44,0,0
3920,3090,56,2010,5,9,17,-9,21.0,1007.0,NW,16.99,0,0
3921,41960,84,2014,10,15,7,5,7.0,1013.0,cv,0.89,0,0
3922,23401,109,2012,9,2,0,22,23.0,1007.0,NW,4.92,0,3
3923,206,49,2010,1,9,13,-16,-5.0,1029.0,NE,28.16,0,0
3924,16197,97,2011,11,6,20,3,8.0,1028.0,cv,0.89,0,0
3925,41761,91,2014,10,7,0,7,11.0,1021.0,SE,2.68,0,0
3926,38710,51,2014,6,1,21,17,19.0,1011.0,NW,7.15,0,0
3927,42833,315,2014,11,20,16,0,8.0,1016.0,SE,8.94,0,0
3928,1851,248,2010,3,19,2,0,3.0,1008.0,cv,3.56,0,0
3929,17707,181,2012,1,8,18,-9,-4.0,1031.0,SE,0.89,0,0
3930,40170,106,2014,8,1,17,22,32.0,1005.0,SE,11.18,0,0
3931,27240,115,2013,2,8,23,-14,-8.0,1030.0,SE,3.58,0,0
3932,38368,137,2014,5,18,15,10,30.0,1006.0,SE,14.75,0,0
3933,37477,40,2014,4,11,12,-4,16.0,1020.0,SE,1.79,0,0
3934,11671,15,2011,5,2,6,2,10.0,1012.0,NW,1.79,0,0
3935,8141,10,2010,12,6,4,-16,0.0,1033.0,NW,147.93,0,0
3936,41729,8,2014,10,5,16,2,20.0,1024.0,NE,9.83,0,0
3937,29937,124,2013,6,1,8,14,25.0,1007.0,NE,3.13,0,0
3938,17492,218,2011,12,30,19,-9,-4.0,1031.0,SE,0.89,0,0
3939,11953,44,2011,5,14,0,-6,21.0,1012.0,NW,168.97,0,0
3940,31500,35,2013,8,5,11,18,28.0,999.0,cv,3.58,0,0
3941,11489,23,2011,4,24,16,-6,22.0,1006.0,NW,8.94,0,0
3942,21898,145,2012,7,1,9,24,27.0,1000.0,SE,13.42,0,0
3943,24374,132,2012,10,12,13,6,11.0,1014.0,cv,12.46,0,0
3944,10617,,2011,3,19,8,-6,3.0,1021.0,cv,1.34,0,0
3945,6647,41,2010,10,4,22,11,13.0,1017.0,SE,0.89,0,0
3946,14092,119,2011,8,11,3,23,24.0,1007.0,cv,0.89,0,0
3947,11031,227,2011,4,5,14,-7,18.0,1022.0,SE,38.45,0,0
3948,34819,128,2013,12,21,18,-16,-1.0,1033.0,SE,6.71,0,0
3949,33171,86,2013,10,14,2,10,14.0,1020.0,NE,1.79,0,2
3950,3940,80,2010,6,14,3,17,18.0,1004.0,NW,1.79,0,0
3951,11678,16,2011,5,2,13,-7,26.0,1010.0,NW,59.01,0,0
3952,5183,37,2010,8,4,22,20,24.0,1004.0,NW,47.83,0,0
3953,5087,30,2010,7,31,22,19,26.0,1005.0,SE,1.79,0,0
3954,17397,268,2011,12,26,20,-9,-3.0,1034.0,NE,3.57,0,0
3955,11425,74,2011,4,22,0,6,7.0,1019.0,cv,0.89,0,0
3956,3481,47,2010,5,26,0,10,20.0,1011.0,SE,1.79,0,0
3957,33594,149,2013,10,31,17,1,12.0,1026.0,SE,5.81,0,0
3958,17082,238,2011,12,13,17,-2,0.0,1022.0,cv,0.89,0,0
3959,26224,219,2012,12,28,15,-11,-5.0,1025.0,NW,43.36,0,0
3960,18694,59,2012,2,18,21,-19,-3.0,1028.0,cv,0.89,0,0
3961,15102,42,2011,9,22,5,6,10.0,1015.0,NW,15.2,0,0
3962,33771,188,2013,11,8,2,-4,2.0,1021.0,cv,1.34,0,0
3963,26045,303,2012,12,21,4,-8,-7.0,1026.0,NW,5.36,0,0
3964,27303,93,2013,2,11,14,-10,-2.0,1032.0,SE,3.58,0,0
3965,31000,59,2013,7,15,15,24,26.0,997.0,SE,42.02,0,19
3966,37907,136,2014,4,29,10,5,21.0,1015.0,cv,3.56,0,0
3967,6768,440,2010,10,9,23,13,14.0,1010.0,NE,2.67,0,0
3968,30616,122,2013,6,29,15,22,25.0,1004.0,NE,1.79,0,0
3969,1027,19,2010,2,12,18,-22,-3.0,1031.0,NE,5.37,0,0
3970,7687,177,2010,11,17,6,-5,-4.0,1023.0,NW,1.79,0,0
3971,28569,106,2013,4,5,8,6,7.0,1017.0,NW,6.71,0,0
3972,9888,279,2011,2,16,23,-5,-2.0,1023.0,cv,0.45,0,0
3973,18911,278,2012,2,27,22,-10,1.0,1022.0,cv,1.78,0,0
3974,38437,81,2014,5,21,12,13,27.0,1006.0,cv,4.47,0,0
3975,1837,179,2010,3,18,12,-3,2.0,1021.0,SE,1.79,0,0
3976,43799,8,2014,12,30,22,-21,2.0,1025.0,NW,31.73,0,0
3977,35715,19,2014,1,28,2,-21,-3.0,1029.0,NW,7.15,0,0
3978,1391,112,2010,2,27,22,-5,0.0,1019.0,cv,0.45,0,0
3979,39147,86,2014,6,20,2,17,20.0,1007.0,SE,8.05,0,2
3980,5655,127,2010,8,24,14,21,29.0,1013.0,SE,13.86,0,0
3981,11742,123,2011,5,5,5,10,11.0,1001.0,SE,1.79,0,0
3982,29466,24,2013,5,12,17,-5,28.0,999.0,SE,8.94,0,0
3983,37509,119,2014,4,12,20,-2,17.0,1015.0,SE,6.26,0,0
3984,30304,200,2013,6,16,15,20,22.0,1002.0,NE,3.58,0,0
3985,40303,85,2014,8,7,6,18,21.0,1010.0,NW,7.15,0,0
3986,1516,19,2010,3,5,3,-17,1.0,1022.0,NW,35.76,0,0
3987,27304,103,2013,2,11,15,-10,-1.0,1031.0,SE,5.37,0,0
3988,25343,338,2012,11,21,22,-1,1.0,1020.0,NE,1.78,0,0
3989,34865,33,2013,12,23,16,-19,5.0,1031.0,NE,25.93,0,0
3990,4920,145,2010,7,24,23,24,28.0,1011.0,SE,37.55,0,0
3991,12167,49,2011,5,22,22,3,20.0,1010.0,SE,82.7,0,0
3992,16079,32,2011,11,1,22,7,9.0,1026.0,NW,28.15,0,0
3993,27055,15,2013,2,1,6,-7,-2.0,1025.0,NE,3.13,0,0
3994,21892,104,2012,7,1,3,22,24.0,1001.0,cv,0.89,0,0
3995,14383,,2011,8,23,6,19,20.0,1013.0,NW,5.81,0,0
3996,29754,76,2013,5,24,17,16,22.0,1012.0,SE,8.94,0,0
3997,35994,7,2014,2,8,17,-17,0.0,1028.0,NW,15.2,0,0
3998,2926,31,2010,5,2,21,-8,24.0,1005.0,SE,3.13,0,0
3999,38655,100,2014,5,30,14,14,35.0,1005.0,SE,23.69,0,0
4000,7716,346,2010,11,18,11,0,7.0,1020.0,NW,14.76,0,0
4001,42175,178,2014,10,24,6,7,8.0,1012.0,NW,8.95,0,0
4002,30021,86,2013,6,4,20,17,19.0,1012.0,NE,1.79,0,0
4003,34462,170,2013,12,6,21,-5,1.0,1019.0,cv,0.45,0,0
4004,41386,63,2014,9,21,9,14,20.0,1018.0,cv,0.89,0,0
4005,4142,,2010,6,22,13,16,29.0,1006.0,SE,20.56,0,0
4006,7470,7,2010,11,8,5,-5,7.0,1022.0,NW,164.51,0,0
4007,18949,,2012,2,29,12,-6,5.0,1021.0,SE,1.79,0,0
4008,32088,14,2013,8,29,23,11,22.0,1008.0,NE,5.81,0,0
4009,25128,6,2012,11,12,23,-11,5.0,1017.0,NW,83.57,0,0
4010,2871,20,2010,4,30,14,-7,24.0,1012.0,NW,241.85,0,0
4011,7440,481,2010,11,6,23,6,7.0,1015.0,NW,2.68,0,0
4012,21497,7,2012,6,14,16,11,27.0,1003.0,SE,3.13,0,0
4013,37400,171,2014,4,8,7,4,9.0,1016.0,NE,0.89,0,0
4014,21412,33,2012,6,11,3,8,16.0,999.0,cv,0.89,0,0
4015,36750,10,2014,3,12,5,-12,5.0,1025.0,NW,11.17,0,0
4016,42193,381,2014,10,25,0,10,11.0,1012.0,cv,0.9,0,0
4017,3524,,2010,5,27,19,16,18.0,1015.0,NE,1.79,0,8
4018,24801,29,2012,10,30,8,-3,5.0,1027.0,SE,1.79,0,0
4019,40623,69,2014,8,20,14,17,33.0,1007.0,SE,14.76,0,0
4020,20177,90,2012,4,20,16,11,12.0,1017.0,SE,37.54,0,0
4021,26148,,2012,12,25,11,-26,-7.0,1040.0,NE,23.25,0,0
4022,21106,96,2012,5,29,9,14,25.0,1011.0,SE,30.41,0,0
4023,42064,183,2014,10,19,15,12,20.0,1013.0,SE,16.99,0,0
4024,16224,94,2011,11,7,23,3,8.0,1028.0,cv,0.45,0,0
4025,19170,73,2012,3,9,17,-14,6.0,1022.0,SE,25.93,0,0
4026,14073,,2011,8,10,8,22,26.0,1009.0,cv,1.79,0,0
4027,37529,147,2014,4,13,16,2,24.0,1015.0,SE,21.89,0,0
4028,37506,91,2014,4,12,17,-5,21.0,1014.0,SE,22.34,0,0
4029,32226,68,2013,9,4,17,16,21.0,1015.0,SE,6.71,0,0
4030,36120,251,2014,2,13,23,-10,-3.0,1031.0,NE,6.26,0,0
4031,20220,160,2012,4,22,11,10,18.0,1004.0,cv,1.78,0,0
4032,3860,77,2010,6,10,19,15,22.0,1012.0,SE,18.33,0,0
4033,36532,188,2014,3,3,3,-4,0.0,1023.0,SE,1.79,0,0
4034,17818,52,2012,1,13,9,-13,-2.0,1030.0,NW,39.79,0,0
4035,6996,81,2010,10,19,11,7,9.0,1028.0,cv,2.67,0,0
4036,633,147,2010,1,27,8,-11,-3.0,1015.0,NE,3.13,0,0
4037,19692,14,2012,3,31,11,-17,9.0,1021.0,NE,25.48,0,0
4038,33155,44,2013,10,13,10,8,15.0,1020.0,NE,10.73,0,0
4039,20458,119,2012,5,2,9,11,21.0,1010.0,NW,1.79,0,0
4040,39325,11,2014,6,27,12,11,32.0,1007.0,cv,4.02,0,0
4041,10480,25,2011,3,13,15,-6,18.0,1012.0,NW,48.72,0,0
4042,7891,105,2010,11,25,18,-11,1.0,1023.0,NE,1.79,0,0
4043,16055,248,2011,10,31,22,12,13.0,1023.0,cv,3.57,0,0
4044,41789,232,2014,10,8,4,11,12.0,1019.0,NW,2.68,0,0
4045,30215,101,2013,6,12,22,15,22.0,1008.0,SE,38.89,0,0
4046,37318,14,2014,4,4,21,-18,14.0,1018.0,NE,28.16,0,0
4047,37827,27,2014,4,26,2,9,11.0,1019.0,NW,3.13,0,5
4048,26371,25,2013,1,3,18,-20,-9.0,1041.0,NE,1.79,0,0
4049,41929,61,2014,10,14,0,3,5.0,1023.0,cv,4.01,0,0
4050,8533,23,2010,12,22,12,-14,7.0,1019.0,NW,53.65,0,0
4051,36229,82,2014,2,18,12,-12,1.0,1033.0,SE,22.36,0,0
4052,18671,18,2012,2,17,22,-20,-4.0,1034.0,NW,322.34,0,0
4053,40260,25,2014,8,5,11,19,28.0,1008.0,cv,1.78,0,0
4054,11585,,2011,4,28,16,5,22.0,1002.0,SE,12.52,0,0
4055,36280,273,2014,2,20,15,-6,1.0,1030.0,SE,20.12,0,0
4056,14791,5,2011,9,9,6,13,14.0,1019.0,NW,12.07,0,0
4057,20956,52,2012,5,23,3,0,20.0,1011.0,NE,9.84,0,0
4058,43269,,2014,12,8,20,-11,-4.0,1036.0,SE,2.67,0,0
4059,33217,67,2013,10,16,0,-1,4.0,1027.0,cv,2.67,0,0
4060,13900,,2011,8,3,3,20,21.0,1008.0,SE,72.86,0,0
4061,11251,,2011,4,14,18,-5,30.0,1000.0,NW,19.22,0,0
4062,18747,73,2012,2,21,2,-12,-4.0,1023.0,cv,2.23,0,0
4063,7389,63,2010,11,4,20,2,8.0,1021.0,cv,0.89,0,0
4064,9740,90,2011,2,10,19,-5,-3.0,1028.0,cv,0.89,0,0
4065,13123,91,2011,7,1,18,23,26.0,1001.0,cv,0.89,0,0
4066,21693,98,2012,6,22,20,20,25.0,1003.0,SE,43.8,0,0
4067,3243,98,2010,5,16,2,10,18.0,1014.0,SE,33.97,0,0
4068,41146,94,2014,9,11,9,15,22.0,1015.0,SE,1.79,0,0
4069,10148,29,2011,2,27,19,-8,0.0,1026.0,NE,66.14,0,0
4070,7610,26,2010,11,14,1,-8,0.0,1035.0,NW,175.27,0,0
4071,29156,74,2013,4,29,19,-15,26.0,1009.0,NW,80.48,0,0
4072,24118,104,2012,10,1,21,12,14.0,1016.0,NE,0.89,0,0
4073,27173,229,2013,2,6,4,-11,-10.0,1023.0,NW,6.71,0,0
4074,30370,67,2013,6,19,9,19,30.0,1003.0,NW,6.71,0,0
4075,20760,37,2012,5,14,23,-4,15.0,1008.0,NW,69.71,0,0
4076,394,161,2010,1,17,9,-13,-8.0,1030.0,NW,17.89,0,0
4077,22806,116,2012,8,8,5,25,26.0,1005.0,SE,13.87,0,0
4078,30154,47,2013,6,10,9,16,19.0,1014.0,NW,1.79,0,0
4079,14247,48,2011,8,17,14,22,27.0,1007.0,NW,3.13,0,0
4080,20883,,2012,5,20,2,16,19.0,1013.0,cv,0.89,0,0
4081,1583,114,2010,3,7,22,-10,-1.0,1036.0,cv,2.67,0,0
4082,21437,44,2012,6,12,4,9,19.0,996.0,NE,4.92,0,0
4083,4,,2010,1,1,3,-21,-14.0,1019.0,NW,9.84,0,0
4084,11037,184,2011,4,5,20,-4,15.0,1019.0,SE,67.51,0,0
4085,9280,46,2011,1,22,15,-16,1.0,1026.0,NW,24.14,0,0
4086,32955,379,2013,10,5,2,12,13.0,1016.0,NE,3.57,0,0
4087,41838,348,2014,10,10,5,12,12.0,1022.0,cv,0.45,0,0
4088,17670,51,2012,1,7,5,-10,-5.0,1039.0,SE,46.52,6,0
4089,39101,76,2014,6,18,4,18,19.0,1003.0,cv,2.23,0,0
4090,24889,228,2012,11,3,0,7,8.0,1021.0,cv,1.34,0,0
4091,14196,143,2011,8,15,11,24,25.0,1002.0,NE,1.79,0,2
4092,10984,138,2011,4,3,15,-14,18.0,1022.0,NW,7.15,0,0
4093,36218,28,2014,2,18,1,-12,-3.0,1036.0,SE,49.17,0,0
4094,31022,11,2013,7,16,13,12,32.0,1000.0,NW,36.2,0,0
4095,687,12,2010,1,29,14,-25,6.0,1020.0,NW,57.22,0,0
4096,10826,40,2011,3,28,1,-9,7.0,1026.0,SE,18.78,0,0
4097,567,,2010,1,24,14,-18,5.0,1017.0,NW,22.79,0,0
4098,23347,176,2012,8,30,18,22,31.0,1008.0,SE,20.56,0,0
4099,401,177,2010,1,17,16,-10,-1.0,1026.0,SE,0.89,0,0
4100,39755,50,2014,7,15,10,18,29.0,1004.0,SE,3.13,0,0
4101,19461,355,2012,3,21,20,2,7.0,1017.0,NW,3.13,0,0
4102,43307,65,2014,12,10,10,-9,3.0,1027.0,NW,4.02,0,0
4103,20308,35,2012,4,26,3,1,7.0,1007.0,SE,1.79,0,0
4104,19543,16,2012,3,25,6,-12,3.0,1025.0,cv,1.78,0,0
4105,947,176,2010,2,9,10,-15,2.0,1025.0,NW,8.04,0,0
4106,23906,137,2012,9,23,1,16,17.0,1012.0,SE,1.79,0,0
4107,16241,17,2011,11,8,16,1,15.0,1026.0,NW,1.79,0,0
4108,28570,107,2013,4,5,9,7,9.0,1017.0,NW,8.5,0,0
4109,10761,25,2011,3,25,8,-15,7.0,1030.0,NW,16.98,0,0
4110,34600,13,2013,12,12,15,-32,0.0,1023.0,NW,97.0,0,0
4111,13451,66,2011,7,15,10,21,26.0,1007.0,cv,0.89,0,0
4112,28340,220,2013,3,26,19,0,9.0,1009.0,cv,0.89,0,0
4113,24932,30,2012,11,4,19,0,5.0,1015.0,NW,226.67,0,1
4114,29438,27,2013,5,11,13,-5,33.0,993.0,NW,17.88,0,0
4115,7726,470,2010,11,18,21,3,5.0,1019.0,cv,2.67,0,0
4116,4952,215,2010,7,26,7,24,27.0,1009.0,cv,1.78,0,0
4117,21743,144,2012,6,24,22,21,22.0,1004.0,SE,3.58,0,2
4118,2886,97,2010,5,1,5,2,8.0,1008.0,NW,1.78,0,0
4119,20436,192,2012,5,1,11,14,22.0,1014.0,SE,8.5,0,0
4120,14634,59,2011,9,2,17,17,28.0,1008.0,SE,8.04,0,0
4121,30236,103,2013,6,13,19,15,28.0,1006.0,SE,34.87,0,0
4122,4786,232,2010,7,19,9,24,27.0,1007.0,SE,59.02,0,0
4123,25115,18,2012,11,12,10,-13,6.0,1019.0,NW,4.02,0,0
4124,24439,98,2012,10,15,6,7,14.0,1020.0,cv,70.31,0,0
4125,31809,10,2013,8,18,8,14,28.0,1009.0,NE,4.02,0,0
4126,14830,31,2011,9,10,21,14,14.0,1022.0,NE,1.79,0,0
4127,13283,26,2011,7,8,10,14,29.0,998.0,SE,4.92,0,0
4128,27143,29,2013,2,4,22,-11,-3.0,1028.0,SE,12.51,0,0
4129,31487,21,2013,8,4,22,19,21.0,1000.0,SE,3.13,0,0
4130,9326,49,2011,1,24,13,-19,-1.0,1032.0,cv,0.89,0,0
4131,36187,169,2014,2,16,18,-8,4.0,1030.0,SE,13.41,0,0
4132,37587,51,2014,4,16,2,0,13.0,1017.0,cv,0.89,0,0
4133,36612,10,2014,3,6,11,-28,4.0,1032.0,cv,1.79,0,0
4134,38651,88,2014,5,30,10,12,32.0,1007.0,SE,5.81,0,0
4135,18616,134,2012,2,15,15,-10,2.0,1025.0,SE,4.02,0,0
4136,35166,155,2014,1,5,5,-10,-7.0,1023.0,NW,22.8,0,0
4137,21243,135,2012,6,4,2,16,16.0,1005.0,cv,0.89,0,0
4138,37097,246,2014,3,26,16,6,24.0,1007.0,SE,5.81,0,0
4139,8154,12,2010,12,6,17,-20,4.0,1029.0,NW,260.57,0,0
4140,28002,152,2013,3,12,17,4,7.0,1014.0,NW,3.13,0,0
4141,37367,58,2014,4,6,22,-5,19.0,1014.0,SE,60.78,0,0
4142,29049,9,2013,4,25,8,-8,16.0,1014.0,NW,76.88,0,0
4143,21322,44,2012,6,7,9,15,26.0,1001.0,cv,1.78,0,0
4144,25095,15,2012,11,11,14,-12,6.0,1013.0,NW,203.37,0,0
4145,11283,,2011,4,16,2,-2,9.0,1019.0,cv,1.78,0,0
4146,30671,69,2013,7,1,22,22,24.0,996.0,SE,5.37,0,3
4147,13253,48,2011,7,7,4,19,20.0,996.0,NW,7.15,0,3
4148,21679,86,2012,6,22,6,20,21.0,1004.0,SE,2.68,0,0
4149,20713,130,2012,5,13,0,14,16.0,1011.0,SE,45.58,0,0
4150,9481,21,2011,1,31,0,-18,-3.0,1032.0,NW,4.92,0,0
4151,42483,4,2014,11,6,2,-8,7.0,1026.0,NW,9.83,0,0
4152,39544,153,2014,7,6,15,24,30.0,1004.0,SE,58.13,0,0
4153,1758,132,2010,3,15,5,-10,2.0,1020.0,NW,11.17,0,0
4154,10466,377,2011,3,13,1,-2,4.0,1009.0,cv,0.89,0,0
4155,37941,91,2014,4,30,20,10,22.0,1007.0,SE,33.08,0,0
4156,27295,41,2013,2,11,6,-17,-8.0,1034.0,NW,3.58,0,0
4157,32945,168,2013,10,4,16,12,21.0,1012.0,SE,11.63,0,0
4158,28392,109,2013,3,28,23,-3,5.0,1022.0,SE,11.18,0,0
4159,10235,26,2011,3,3,10,-16,4.0,1029.0,NW,137.68,0,0
4160,9013,21,2011,1,11,12,-20,-2.0,1024.0,NW,56.78,0,0
4161,42519,38,2014,11,7,14,-6,9.0,1031.0,cv,5.34,0,0
4162,10294,130,2011,3,5,21,-4,4.0,1018.0,NW,1.79,0,0
4163,12561,20,2011,6,8,8,18,23.0,999.0,NW,3.13,0,0
4164,15036,15,2011,9,19,11,6,20.0,1025.0,NW,36.21,0,0
4165,11732,63,2011,5,4,19,11,14.0,1007.0,cv,0.89,0,0
4166,22820,29,2012,8,8,19,24,28.0,1005.0,NE,0.89,0,0
4167,26185,,2012,12,27,0,-17,-14.0,1032.0,NW,4.92,0,0
4168,34077,89,2013,11,20,20,-11,8.0,1024.0,SE,3.13,0,0
4169,32078,9,2013,8,29,13,5,29.0,1002.0,NW,77.78,0,0
4170,10459,272,2011,3,12,18,-3,13.0,1007.0,SE,15.65,0,0
4171,17475,64,2011,12,30,2,-9,-4.0,1037.0,cv,0.89,0,0
4172,3568,16,2010,5,29,15,7,30.0,1002.0,NW,17.88,0,0
4173,12617,71,2011,6,10,16,13,35.0,996.0,SE,25.92,0,0
4174,17261,21,2011,12,21,4,-15,-5.0,1028.0,NW,4.02,0,0
4175,22292,79,2012,7,17,19,20,29.0,1008.0,SE,58.56,0,0
4176,30402,68,2013,6,20,17,16,30.0,1007.0,SE,9.84,0,0
4177,19236,47,2012,3,12,11,-20,6.0,1028.0,NE,1.79,0,0
4178,24979,109,2012,11,6,18,0,9.0,1020.0,SE,1.79,0,0
4179,22521,80,2012,7,27,8,24,26.0,1006.0,cv,0.89,0,0
4180,7208,82,2010,10,28,7,-2,0.0,1029.0,NW,7.15,0,0
4181,6777,383,2010,10,10,8,13,14.0,1012.0,NE,0.89,0,0
4182,23874,92,2012,9,21,17,15,24.0,1010.0,SE,21.01,0,0
4183,1946,16,2010,3,23,1,-9,5.0,1022.0,NE,1.79,0,0
4184,14947,102,2011,9,15,18,19,24.0,1009.0,SE,8.5,0,0
4185,17802,160,2012,1,12,17,-14,0.0,1023.0,cv,0.45,0,0
4186,5010,183,2010,7,28,17,23,35.0,996.0,SE,16.98,0,0
4187,4768,122,2010,7,18,15,23,34.0,1005.0,SE,11.18,0,0
4188,13662,383,2011,7,24,5,26,27.0,1003.0,cv,0.89,0,0
4189,15993,146,2011,10,29,8,6,6.0,1024.0,cv,1.78,0,0
4190,32160,55,2013,9,1,23,15,21.0,1015.0,NE,1.79,0,0
4191,13050,152,2011,6,28,17,18,32.0,1001.0,SE,12.96,0,0
4192,43647,14,2014,12,24,14,-15,5.0,1032.0,NW,17.88,0,0
4193,29952,48,2013,6,1,23,10,21.0,1008.0,cv,0.45,0,0
4194,39000,30,2014,6,13,23,17,20.0,1008.0,NE,1.79,0,0
4195,36924,77,2014,3,19,11,-8,9.0,1022.0,NW,3.13,0,0
4196,31457,27,2013,8,3,16,16,32.0,1002.0,SE,15.65,0,0
4197,10989,,2011,4,3,20,-10,15.0,1022.0,SE,17.88,0,0
4198,40965,15,2014,9,3,20,13,26.0,1006.0,SE,24.59,0,0
4199,2531,254,2010,4,16,10,4,10.0,1019.0,NE,3.13,0,0
4200,940,253,2010,2,9,3,-5,-3.0,1022.0,NW,0.89,0,0
4201,27462,11,2013,2,18,5,-15,-4.0,1028.0,NW,5.81,0,0
4202,8052,33,2010,12,2,11,-14,5.0,1019.0,NW,97.45,0,0
4203,13551,68,2011,7,19,14,22,29.0,1002.0,cv,0.89,0,0
4204,19593,152,2012,3,27,8,-3,11.0,1022.0,NW,23.25,0,0
4205,18856,18,2012,2,25,15,-21,2.0,1029.0,NW,81.34,0,0
4206,16945,12,2011,12,8,0,-17,-4.0,1038.0,NW,133.66,0,0
4207,19119,,2012,3,7,14,-17,10.0,1020.0,NW,51.41,0,0
4208,35292,61,2014,1,10,11,-23,-2.0,1032.0,cv,1.78,0,0
4209,8080,58,2010,12,3,15,-13,4.0,1019.0,cv,1.79,0,0
4210,20043,84,2012,4,15,2,6,17.0,1004.0,SE,84.94,0,0
4211,38553,18,2014,5,26,8,4,26.0,1003.0,cv,6.24,0,0
4212,14904,120,2011,9,13,23,18,20.0,1012.0,cv,2.67,0,0
4213,23266,73,2012,8,27,9,22,24.0,1010.0,SE,5.37,0,0
4214,31423,63,2013,8,2,6,19,21.0,1005.0,cv,0.45,0,0
4215,18787,241,2012,2,22,18,-4,2.0,1014.0,NW,6.71,0,0
4216,25968,23,2012,12,17,23,-18,-5.0,1038.0,NW,151.1,0,0
4217,36474,84,2014,2,28,17,-9,6.0,1023.0,SE,1.79,0,0
4218,33068,197,2013,10,9,19,11,15.0,1009.0,NE,1.79,0,0
4219,42113,33,2014,10,21,16,-3,15.0,1023.0,SE,7.15,0,0
4220,31091,134,2013,7,19,10,22,27.0,1002.0,cv,0.89,0,0
4221,20407,122,2012,4,30,6,10,10.0,1010.0,cv,0.45,0,0
4222,32634,37,2013,9,21,17,11,27.0,1014.0,SE,17.88,0,0
4223,34640,43,2013,12,14,7,-21,-10.0,1029.0,NW,7.15,0,0
4224,7181,80,2010,10,27,4,-4,-2.0,1033.0,NE,0.89,0,0
4225,30020,77,2013,6,4,19,17,20.0,1012.0,NW,3.13,0,0
4226,32990,171,2013,10,6,13,14,20.0,1022.0,cv,1.79,0,0
4227,36819,69,2014,3,15,2,-12,2.0,1012.0,NE,0.89,0,0
4228,22174,,2012,7,12,21,20,27.0,1001.0,NE,5.81,0,0
4229,26405,78,2013,1,5,4,-21,-14.0,1028.0,NW,8.05,0,0
4230,15598,239,2011,10,12,21,13,16.0,1015.0,SE,1.79,0,0
4231,36531,193,2014,3,3,2,-5,-1.0,1024.0,cv,1.78,0,0
4232,41938,17,2014,10,14,9,0,11.0,1022.0,NW,6.71,0,0
4233,38831,10,2014,6,6,22,14,17.0,1005.0,NW,1.79,0,0
4234,17533,22,2012,1,1,12,-18,0.0,1034.0,NE,42.46,0,0
4235,2880,54,2010,4,30,23,-3,18.0,1010.0,SE,39.35,0,0
4236,38921,59,2014,6,10,16,17,24.0,1008.0,SE,3.13,0,0
4237,41747,22,2014,10,6,10,3,16.0,1027.0,NE,3.13,0,0
4238,16038,257,2011,10,31,5,10,11.0,1023.0,cv,1.78,0,0
4239,35644,60,2014,1,25,3,-17,-1.0,1023.0,cv,1.78,0,0
4240,34194,11,2013,11,25,17,-21,6.0,1017.0,NW,169.88,0,0
4241,42991,20,2014,11,27,6,-15,6.0,1024.0,NE,18.78,0,0
4242,33792,173,2013,11,8,23,0,7.0,1021.0,cv,3.13,0,0
4243,4028,40,2010,6,17,19,17,21.0,1002.0,SE,1.79,0,1
4244,14431,111,2011,8,25,6,20,21.0,1014.0,SE,7.16,0,0
4245,32772,159,2013,9,27,11,9,20.0,1012.0,SE,1.79,0,0
4246,20919,164,2012,5,21,14,16,25.0,1014.0,SE,5.37,0,0
4247,10209,33,2011,3,2,8,-12,-3.0,1028.0,NW,1.79,0,0
4248,42595,79,2014,11,10,18,-2,9.0,1019.0,cv,1.34,0,0
4249,9738,79,2011,2,10,17,-4,-3.0,1027.0,SE,87.19,19,0
4250,26528,114,2013,1,10,7,-17,-13.0,1028.0,NW,13.86,0,0
4251,25271,8,2012,11,18,22,-11,5.0,1022.0,NW,48.73,0,0
4252,3857,35,2010,6,10,16,14,24.0,1012.0,SE,6.26,0,0
4253,43636,11,2014,12,24,3,-14,-5.0,1028.0,NW,11.17,0,0
4254,25328,293,2012,11,21,7,-4,-3.0,1020.0,NE,0.89,0,0
4255,42811,346,2014,11,19,18,0,3.0,1020.0,cv,1.78,0,0
4256,9088,20,2011,1,14,15,-21,-1.0,1032.0,NW,105.94,0,0
4257,22365,189,2012,7,20,20,25,29.0,1004.0,SE,29.96,0,0
4258,12750,80,2011,6,16,5,17,18.0,1006.0,cv,1.78,0,0
4259,21982,89,2012,7,4,21,17,27.0,1002.0,SE,30.84,0,0
4260,6723,458,2010,10,8,2,11,12.0,1016.0,NE,0.89,0,0
4261,18576,352,2012,2,13,23,-9,-3.0,1023.0,cv,2.67,0,0
4262,18955,214,2012,2,29,18,-5,6.0,1019.0,NE,0.89,0,0
4263,31869,109,2013,8,20,20,22,25.0,1008.0,NW,4.92,0,3
4264,28801,59,2013,4,15,0,-3,11.0,1006.0,SE,52.3,0,0
4265,37694,22,2014,4,20,13,-2,20.0,1016.0,SE,3.13,0,0
4266,7003,79,2010,10,19,18,8,10.0,1027.0,SE,0.89,0,0
4267,14129,161,2011,8,12,16,24,32.0,1001.0,SE,14.31,0,0
4268,43068,24,2014,11,30,11,-11,8.0,1022.0,NW,47.84,0,0
4269,40177,78,2014,8,2,0,24,26.0,1005.0,SE,1.78,0,0
4270,28681,10,2013,4,10,0,-11,6.0,1022.0,NW,56.77,0,0
4271,31505,54,2013,8,5,16,19,32.0,997.0,SE,3.58,0,0
4272,11619,172,2011,4,30,2,12,12.0,999.0,SE,1.79,0,0
4273,15754,99,2011,10,19,9,9,12.0,1023.0,NW,12.07,0,0
4274,18418,13,2012,2,7,9,-25,-8.0,1034.0,NW,7.15,0,0
4275,10035,396,2011,2,23,2,-5,-3.0,1017.0,NE,2.68,0,0
4276,38668,90,2014,5,31,3,14,21.0,1008.0,cv,1.78,0,0
4277,419,161,2010,1,18,10,-10,-5.0,1028.0,NW,11.62,0,0
4278,18746,75,2012,2,21,1,-12,-2.0,1023.0,cv,1.34,0,0
4279,40046,120,2014,7,27,13,17,34.0,1008.0,SE,8.05,0,0
4280,11996,50,2011,5,15,19,1,22.0,1012.0,SE,17.89,0,0
4281,40399,12,2014,8,11,6,18,21.0,1005.0,NW,21.91,0,0
4282,1015,9,2010,2,12,6,-22,-9.0,1038.0,NW,11.17,0,0
4283,27302,77,2013,2,11,13,-11,-2.0,1033.0,SE,1.79,0,0
4284,9051,244,2011,1,13,2,-20,-11.0,1022.0,NW,1.79,0,0
4285,19633,47,2012,3,29,0,-3,11.0,1017.0,cv,0.89,0,0
4286,18732,110,2012,2,20,11,-19,3.0,1022.0,cv,4.47,0,0
4287,30478,60,2013,6,23,21,17,27.0,1002.0,SE,24.58,0,0
4288,34752,214,2013,12,18,23,-18,-7.0,1030.0,NW,1.79,0,0
4289,27209,9,2013,2,7,16,-23,-4.0,1036.0,NE,8.05,0,0
4290,43070,36,2014,11,30,13,-21,7.0,1022.0,NW,67.5,0,0
4291,43384,41,2014,12,13,15,-19,5.0,1027.0,SE,4.02,0,0
4292,14748,277,2011,9,7,11,21,25.0,1006.0,SE,1.79,0,0
4293,38694,49,2014,6,1,5,17,21.0,1008.0,NW,4.92,0,0
4294,24456,99,2012,10,15,23,7,13.0,1020.0,cv,85.44,0,0
4295,18806,15,2012,2,23,13,-19,5.0,1026.0,NW,1.79,0,0
4296,14669,160,2011,9,4,4,18,19.0,1014.0,cv,0.89,0,0
4297,30558,58,2013,6,27,5,19,23.0,998.0,NW,5.81,0,0
4298,37217,127,2014,3,31,16,1,22.0,1013.0,NW,4.02,0,0
4299,18977,203,2012,3,1,16,0,3.0,1023.0,cv,1.78,0,2
4300,37303,37,2014,4,4,6,-5,4.0,1015.0,NE,1.79,0,0
4301,42303,107,2014,10,29,14,4,16.0,1023.0,cv,4.46,0,0
4302,37271,72,2014,4,2,22,1,14.0,1022.0,SE,36.65,0,0
4303,35799,117,2014,1,31,14,-6,3.0,1018.0,cv,0.89,0,0
4304,673,19,2010,1,29,0,-22,-1.0,1027.0,NW,12.07,0,0
4305,28042,92,2013,3,14,9,-4,1.0,1031.0,SE,1.79,0,0
4306,13147,155,2011,7,2,18,24,28.0,999.0,cv,2.67,0,0
4307,29702,83,2013,5,22,13,3,28.0,1011.0,SE,17.43,0,0
4308,29622,66,2013,5,19,5,13,16.0,1001.0,SE,19.22,0,0
4309,31089,166,2013,7,19,8,21,26.0,1003.0,cv,8.02,0,0
4310,11076,,2011,4,7,11,-11,17.0,1019.0,NW,37.1,0,0
4311,10753,8,2011,3,25,0,-19,7.0,1029.0,NW,222.63,0,0
4312,29195,30,2013,5,1,10,0,19.0,1017.0,NW,1.79,0,0
4313,41159,104,2014,9,11,22,19,20.0,1014.0,NW,3.13,0,0
4314,29744,201,2013,5,24,7,16,22.0,1011.0,NW,6.26,0,0
4315,27981,164,2013,3,11,20,-3,9.0,1016.0,SE,37.56,0,0
4316,12618,80,2011,6,10,17,12,33.0,997.0,SE,31.73,0,0
4317,27037,177,2013,1,31,12,-1,-1.0,1024.0,NE,2.68,0,5
4318,35428,651,2014,1,16,3,-8,-3.0,1027.0,cv,2.67,0,0
4319,43758,188,2014,12,29,5,-12,-7.0,1014.0,cv,8.46,0,0
4320,5669,69,2010,8,25,4,16,18.0,1015.0,cv,0.89,0,0
4321,28629,97,2013,4,7,20,-2,11.0,1006.0,SE,105.95,0,0
4322,6951,47,2010,10,17,14,-4,9.0,1028.0,SE,101.02,0,0
4323,35864,5,2014,2,3,7,-33,-4.0,1028.0,NW,29.95,0,0
4324,5701,42,2010,8,26,12,16,29.0,1015.0,NW,4.02,0,0
4325,24303,11,2012,10,9,14,2,23.0,1013.0,NW,53.19,0,0
4326,12140,30,2011,5,21,19,-1,22.0,1011.0,SE,8.05,0,0
4327,22342,138,2012,7,19,21,23,28.0,1005.0,SE,1.79,0,0
4328,34860,66,2013,12,23,11,-16,4.0,1032.0,NE,8.94,0,0
4329,26499,22,2013,1,9,2,-22,-9.0,1033.0,NW,7.15,0,0
4330,5382,88,2010,8,13,5,24,26.0,1000.0,SE,15.21,0,0
4331,34628,144,2013,12,13,19,-21,-3.0,1024.0,NE,4.92,0,0
4332,36712,111,2014,3,10,15,-9,9.0,1021.0,cv,3.58,0,0
4333,42791,189,2014,11,18,22,-5,2.0,1028.0,cv,0.89,0,0
4334,6922,34,2010,10,16,9,2,15.0,1018.0,NE,4.02,0,0
4335,38179,71,2014,5,10,18,8,19.0,1014.0,SE,1.79,0,0
4336,5184,43,2010,8,4,23,20,24.0,1004.0,NE,3.13,0,0
4337,24359,176,2012,10,11,22,7,12.0,1013.0,cv,0.89,0,0
4338,29037,18,2013,4,24,20,-2,17.0,1011.0,NE,8.05,0,0
4339,30863,55,2013,7,9,22,22,23.0,1004.0,cv,3.56,0,0
4340,35461,115,2014,1,17,12,-10,1.0,1032.0,SE,1.79,0,0
4341,11908,77,2011,5,12,3,-14,16.0,1010.0,NW,133.2,0,0
4342,18449,17,2012,2,8,16,-24,2.0,1023.0,NW,56.76,0,0
4343,23445,8,2012,9,3,20,7,20.0,1014.0,NW,63.02,0,0
4344,41194,96,2014,9,13,9,18,22.0,1016.0,SE,1.79,0,0
4345,4046,81,2010,6,18,13,17,27.0,1003.0,cv,2.67,0,0
4346,36405,507,2014,2,25,20,-5,3.0,1025.0,NW,1.79,0,0
4347,5438,,2010,8,15,13,9,35.0,1004.0,cv,4.02,0,0
4348,8990,,2011,1,10,13,-20,0.0,1026.0,NW,13.86,0,0
4349,40616,115,2014,8,20,7,19,23.0,1010.0,NE,0.89,0,0
4350,15219,219,2011,9,27,2,13,15.0,1017.0,SE,41.13,0,0
4351,41936,25,2014,10,14,7,0,4.0,1022.0,NW,1.79,0,0
4352,2862,36,2010,4,30,5,-5,11.0,1016.0,NW,191.33,0,0
4353,16952,16,2011,12,8,7,-17,-7.0,1040.0,NE,3.13,0,0
4354,38225,30,2014,5,12,16,7,29.0,999.0,SE,31.3,0,0
4355,5993,48,2010,9,7,16,15,26.0,1014.0,SE,1.79,0,0
4356,14769,21,2011,9,8,8,15,18.0,1012.0,NW,6.26,0,1
4357,40840,81,2014,8,29,15,18,26.0,1015.0,cv,0.89,0,0
4358,68,53,2010,1,3,19,-11,-9.0,1022.0,cv,1.78,25,0
4359,41636,97,2014,10,1,19,11,11.0,1014.0,cv,0.89,0,7
4360,33181,13,2013,10,14,12,-5,14.0,1028.0,NE,39.33,0,0
4361,10728,15,2011,3,23,23,-18,8.0,1024.0,NW,27.71,0,0
4362,37585,39,2014,4,16,0,-1,14.0,1018.0,SE,0.89,0,0
4363,35702,149,2014,1,27,13,-12,5.0,1016.0,NW,25.94,0,0
4364,10685,8,2011,3,22,4,-23,1.0,1031.0,NW,186.84,0,0
4365,28004,159,2013,3,12,19,2,5.0,1017.0,NW,9.39,0,0
4366,7382,34,2010,11,4,13,-3,19.0,1021.0,cv,3.58,0,0
4367,92,26,2010,1,4,19,-21,-12.0,1033.0,NW,171.18,0,0
4368,31594,22,2013,8,9,9,16,29.0,1002.0,NW,33.98,0,0
4369,30250,105,2013,6,14,9,13,26.0,1009.0,SE,40.68,0,0
4370,42136,86,2014,10,22,15,6,13.0,1021.0,SE,9.84,0,0
4371,34104,226,2013,11,21,23,-6,0.0,1027.0,NE,0.89,0,0
4372,33985,11,2013,11,17,0,-14,3.0,1024.0,NW,196.24,0,0
4373,25965,17,2012,12,17,20,-18,-4.0,1036.0,NW,130.98,0,0
4374,33781,128,2013,11,8,12,-3,12.0,1020.0,SE,1.79,0,0
4375,6634,14,2010,10,4,9,5,17.0,1020.0,NE,4.92,0,0
4376,36137,307,2014,2,14,16,-9,3.0,1023.0,cv,0.89,0,0
4377,12417,98,2011,6,2,8,13,23.0,1007.0,SE,1.79,0,0
4378,9784,49,2011,2,12,15,-17,-2.0,1030.0,SE,4.92,0,0
4379,3010,19,2010,5,6,9,2,19.0,1009.0,NW,32.62,0,0
4380,31424,61,2013,8,2,7,20,23.0,1006.0,NW,4.02,0,0
4381,37740,36,2014,4,22,11,0,24.0,1015.0,cv,1.79,0,0
4382,18278,12,2012,2,1,13,-25,-6.0,1035.0,NE,8.04,0,0
4383,29639,22,2013,5,19,22,-9,20.0,1004.0,NW,105.05,0,0
4384,5412,,2010,8,14,11,13,33.0,999.0,NW,5.81,0,0
4385,21680,87,2012,6,22,7,20,22.0,1005.0,cv,0.89,0,0
4386,7911,127,2010,11,26,14,-12,4.0,1012.0,cv,0.89,0,0
4387,1455,37,2010,3,2,14,-12,7.0,1021.0,NW,44.27,0,0
4388,35926,90,2014,2,5,21,-12,-3.0,1028.0,SE,14.29,0,0
4389,19063,183,2012,3,5,6,-7,-5.0,1015.0,NW,1.79,0,0
4390,41018,157,2014,9,6,1,20,22.0,1012.0,cv,0.89,0,0
4391,37120,90,2014,3,27,15,0,15.0,1011.0,SE,25.02,0,0
4392,25890,195,2012,12,14,17,0,1.0,1023.0,NW,113.57,0,0
4393,22375,185,2012,7,21,6,25,26.0,1004.0,SE,49.2,0,0
4394,36575,9,2014,3,4,22,-25,0.0,1030.0,NW,99.69,0,0
4395,23693,26,2012,9,14,4,9,10.0,1016.0,NW,15.2,0,0
4396,13486,84,2011,7,16,21,19,25.0,1004.0,NW,8.94,0,0
4397,19540,13,2012,3,25,3,-11,4.0,1024.0,NE,3.58,0,0
4398,28962,142,2013,4,21,17,0,18.0,1014.0,SE,37.1,0,0
4399,43006,34,2014,11,27,21,-10,5.0,1024.0,NW,5.37,0,0
4400,26197,,2012,12,27,12,-14,-6.0,1029.0,NW,34.44,0,0
4401,17824,69,2012,1,13,15,-14,4.0,1026.0,SE,4.02,0,0
4402,9856,248,2011,2,15,15,-9,1.0,1025.0,SE,1.79,0,0
4403,34770,30,2013,12,19,17,-21,-2.0,1030.0,SE,0.89,0,0
4404,17652,150,2012,1,6,11,-14,-3.0,1039.0,SE,8.05,0,0
4405,13228,193,2011,7,6,3,21,23.0,998.0,SE,0.89,0,0
4406,28092,239,2013,3,16,11,-1,14.0,1026.0,cv,0.89,0,0
4407,22785,74,2012,8,7,8,25,28.0,1008.0,cv,2.67,0,0
4408,20957,19,2012,5,23,4,-2,20.0,1011.0,NE,14.76,0,0
4409,22066,185,2012,7,8,9,24,26.0,1003.0,NW,1.79,0,0
4410,43567,9,2014,12,21,6,-20,-5.0,1030.0,NW,365.2,0,0
4411,18640,18,2012,2,16,15,-22,2.0,1028.0,NW,88.07,0,0
4412,12939,22,2011,6,24,2,17,18.0,1005.0,NE,13.41,0,2
4413,27954,42,2013,3,10,17,-18,11.0,1024.0,SE,45.15,0,0
4414,130,29,2010,1,6,9,-25,-13.0,1035.0,NE,44.25,0,0
4415,21434,75,2012,6,12,1,12,17.0,995.0,NE,1.79,0,0
4416,43,170,2010,1,2,18,-8,-5.0,1027.0,SE,42.46,0,0
4417,9490,23,2011,1,31,9,-18,-2.0,1031.0,NW,10.28,0,0
4418,37924,94,2014,4,30,3,9,14.0,1010.0,cv,0.89,0,0
4419,1825,71,2010,3,18,0,-5,-1.0,1027.0,SE,9.84,0,0
4420,4591,130,2010,7,11,6,20,22.0,1005.0,SE,41.14,0,0
4421,15571,155,2011,10,11,18,12,19.0,1021.0,SE,16.99,0,0
4422,1930,315,2010,3,22,9,-2,6.0,1012.0,NW,3.13,0,0
4423,11617,178,2011,4,30,0,12,13.0,1000.0,cv,1.78,0,0
4424,16672,200,2011,11,26,15,-5,7.0,1019.0,NW,34.88,0,0
4425,27530,67,2013,2,21,1,-15,-6.0,1030.0,SE,1.79,0,0
4426,19247,96,2012,3,12,22,-14,0.0,1024.0,cv,0.89,0,0
4427,18493,23,2012,2,10,12,-21,2.0,1030.0,cv,2.68,0,0
4428,30190,72,2013,6,11,21,12,21.0,1008.0,SE,12.96,0,0
4429,4248,91,2010,6,26,23,14,24.0,1006.0,SE,28.61,0,0
4430,43549,,2014,12,20,12,-18,0.0,1030.0,NW,244.97,0,0
4431,40893,93,2014,8,31,20,21,22.0,1013.0,NW,0.89,0,0
4432,18930,101,2012,2,28,17,-9,7.0,1019.0,SE,28.16,0,0
4433,1722,61,2010,3,13,17,-10,7.0,1023.0,SE,37.98,0,0
4434,10302,12,2011,3,6,5,-10,6.0,1022.0,NW,40.23,0,0
4435,22085,95,2012,7,9,4,23,24.0,1002.0,cv,0.89,0,8
4436,24363,143,2012,10,12,2,6,11.0,1014.0,cv,2.67,0,0
4437,19975,57,2012,4,12,6,-12,13.0,1010.0,NW,24.58,0,0
4438,33043,69,2013,10,8,18,8,18.0,1015.0,SE,23.24,0,0
4439,22834,46,2012,8,9,9,24,29.0,1008.0,cv,1.78,0,0
4440,3198,99,2010,5,14,5,6,14.0,1016.0,SE,5.81,0,0
4441,27821,129,2013,3,5,4,-9,-1.0,1020.0,SE,2.68,0,0
4442,42597,147,2014,11,10,20,1,9.0,1019.0,SE,5.81,0,0
4443,21759,101,2012,6,25,14,21,26.0,1005.0,SE,16.09,0,0
4444,41641,82,2014,10,2,0,11,11.0,1014.0,NW,4.92,0,0
4445,2224,128,2010,4,3,15,-7,15.0,1013.0,SE,29.06,0,0
4446,20613,69,2012,5,8,20,6,24.0,1009.0,SE,15.2,0,0
4447,17272,14,2011,12,21,15,-23,3.0,1029.0,NW,65.71,0,0
4448,29074,83,2013,4,26,9,-4,16.0,1012.0,SE,1.79,0,0
4449,41727,10,2014,10,5,14,5,21.0,1024.0,NW,39.78,0,0
4450,1185,114,2010,2,19,8,-13,-6.0,1018.0,NE,0.89,0,0
4451,33038,60,2013,10,8,13,6,21.0,1019.0,SE,10.28,0,0
4452,42046,315,2014,10,18,21,11,13.0,1016.0,SE,1.78,0,0
4453,37046,277,2014,3,24,13,0,19.0,1013.0,cv,6.25,0,0
4454,21533,31,2012,6,16,4,13,16.0,1006.0,NW,37.56,0,0
4455,7829,222,2010,11,23,4,-8,-2.0,1021.0,cv,3.56,0,0
4456,11930,22,2011,5,13,1,-2,19.0,1010.0,NW,291.46,0,0
4457,1463,139,2010,3,2,22,-6,3.0,1024.0,SE,3.13,0,0
4458,23867,226,2012,9,21,10,18,22.0,1013.0,cv,2.67,0,0
4459,29364,123,2013,5,8,11,10,22.0,1015.0,SE,13.41,0,0
4460,25832,172,2012,12,12,7,-5,-4.0,1030.0,SE,26.83,0,0
4461,31806,18,2013,8,18,5,15,23.0,1008.0,cv,0.45,0,0
4462,22596,,2012,7,30,11,20,28.0,1005.0,SE,6.26,0,0
4463,27963,103,2013,3,11,2,-10,1.0,1024.0,cv,0.89,0,0
4464,9808,86,2011,2,13,15,-9,-2.0,1029.0,cv,0.89,0,0
4465,35268,20,2014,1,9,11,-28,-2.0,1034.0,NW,37.55,0,0
4466,4397,94,2010,7,3,4,21,23.0,1000.0,cv,0.89,0,0
4467,4507,68,2010,7,7,18,18,29.0,1005.0,SE,1.79,0,0
4468,39140,71,2014,6,19,19,18,24.0,1005.0,SE,45.58,0,0
4469,40366,55,2014,8,9,21,18,27.0,1005.0,SE,36.66,0,0
4470,18943,190,2012,2,29,6,-8,-6.0,1021.0,NW,0.89,0,0
4471,2467,13,2010,4,13,18,-18,9.0,1025.0,NW,288.34,0,0
4472,35431,618,2014,1,16,6,-7,-4.0,1027.0,NW,0.89,0,0
4473,7227,76,2010,10,29,2,1,3.0,1028.0,NW,5.37,0,0
4474,10396,79,2011,3,10,3,-11,-1.0,1024.0,NE,0.89,0,0
4475,4752,176,2010,7,17,23,22,28.0,1007.0,SE,29.51,0,0
4476,19953,10,2012,4,11,8,-10,12.0,1021.0,NW,24.58,0,0
4477,41540,32,2014,9,27,19,13,18.0,1016.0,cv,1.78,0,0
4478,12519,100,2011,6,6,14,18,26.0,999.0,SE,1.79,0,2
4479,30432,29,2013,6,21,23,14,24.0,1009.0,SE,54.54,0,0
4480,2399,53,2010,4,10,22,-6,8.0,1019.0,SE,51.85,0,0
4481,25187,112,2012,11,15,10,-5,3.0,1029.0,cv,1.78,0,0
4482,19972,33,2012,4,12,3,-11,14.0,1010.0,NW,14.3,0,0
4483,7978,124,2010,11,29,9,-4,1.0,1020.0,cv,0.89,0,0
4484,16478,59,2011,11,18,13,1,15.0,1014.0,NE,6.26,0,0
4485,22882,124,2012,8,11,9,22,25.0,1006.0,SE,3.58,0,0
4486,33704,135,2013,11,5,7,1,7.0,1022.0,cv,1.78,0,0
4487,25062,130,2012,11,10,5,4,6.0,1024.0,NE,0.89,0,0
4488,16194,46,2011,11,6,17,1,12.0,1026.0,cv,2.67,0,0
4489,2443,14,2010,4,12,18,-12,8.0,1020.0,NW,118.47,0,0
4490,2896,52,2010,5,1,15,-1,32.0,1004.0,SE,15.64,0,0
4491,8445,296,2010,12,18,20,-10,-4.0,1013.0,NE,2.68,0,0
4492,35449,351,2014,1,17,0,-4,-1.0,1031.0,SE,7.6,0,0
4493,36024,18,2014,2,9,23,-21,-9.0,1037.0,NW,26.82,0,0
4494,18348,19,2012,2,4,11,-22,0.0,1028.0,NE,26.37,0,0
4495,10817,21,2011,3,27,16,-13,18.0,1020.0,SE,3.13,0,0
4496,31471,103,2013,8,4,6,21,23.0,1001.0,cv,2.67,0,0
4497,29531,99,2013,5,15,10,6,25.0,1018.0,SE,9.84,0,0
4498,240,22,2010,1,10,23,-17,-5.0,1035.0,NW,52.31,0,0
4499,20204,185,2012,4,21,19,11,15.0,1007.0,SE,5.37,0,0
4500,5973,224,2010,9,6,20,22,25.0,1010.0,SE,8.93,0,0
4501,29646,20,2013,5,20,5,1,10.0,1003.0,SE,1.79,0,0
4502,17985,15,2012,1,20,8,-19,-3.0,1036.0,NE,38.45,0,0
4503,13930,119,2011,8,4,9,22,27.0,1005.0,cv,1.79,0,0
4504,6808,7,2010,10,11,15,5,19.0,1018.0,NE,11.17,0,0
4505,24685,164,2012,10,25,12,7,19.0,1018.0,SE,3.58,0,0
4506,13390,117,2011,7,12,21,21,27.0,1006.0,cv,0.89,0,0
4507,7781,355,2010,11,21,4,0,2.0,1008.0,NW,6.71,0,0
4508,9401,13,2011,1,27,16,-21,-3.0,1040.0,NE,9.39,0,0
4509,4289,159,2010,6,28,16,19,31.0,1001.0,SE,18.32,0,0
4510,14116,105,2011,8,12,3,24,25.0,1004.0,SE,0.89,0,0
4511,37879,73,2014,4,28,6,8,10.0,1022.0,NW,3.13,0,0
4512,20451,72,2012,5,2,2,9,15.0,1009.0,SE,3.58,0,0
4513,25090,11,2012,11,11,9,-11,4.0,1012.0,NW,141.24,0,0
4514,34064,75,2013,11,20,7,-11,-3.0,1023.0,NW,19.67,0,0
4515,38623,62,2014,5,29,6,14,21.0,997.0,cv,4.9,0,0
4516,3807,,2010,6,8,14,11,32.0,1013.0,SE,4.92,0,0
4517,32461,58,2013,9,14,12,16,28.0,1008.0,cv,1.79,0,0
4518,29776,76,2013,5,25,15,10,30.0,1008.0,SE,11.17,0,0
4519,28101,280,2013,3,16,20,3,10.0,1020.0,SE,29.05,0,0
4520,10864,49,2011,3,29,15,-10,21.0,1022.0,SE,4.02,0,0
4521,20152,139,2012,4,19,15,9,15.0,1012.0,SE,23.7,0,0
4522,16347,7,2011,11,13,2,-13,6.0,1023.0,NW,22.8,0,0
4523,8030,261,2010,12,1,13,-1,1.0,1012.0,cv,0.89,0,0
4524,2068,56,2010,3,28,3,-7,-1.0,1028.0,cv,0.89,0,0
4525,22658,16,2012,8,2,1,19,20.0,1007.0,NW,4.92,0,0
4526,10943,33,2011,4,1,22,3,5.0,1032.0,SE,4.02,0,5
4527,35845,15,2014,2,2,12,-20,10.0,1014.0,NW,49.17,0,0
4528,41545,77,2014,9,28,0,13,16.0,1017.0,SE,0.89,0,0
4529,39582,156,2014,7,8,5,22,24.0,1000.0,cv,1.78,0,0
4530,41458,22,2014,9,24,9,16,20.0,1018.0,NW,8.05,0,0
4531,30550,119,2013,6,26,21,22,28.0,997.0,SE,43.37,0,0
4532,5895,46,2010,9,3,14,19,25.0,1013.0,NE,1.79,0,0
4533,31162,99,2013,7,22,9,21,28.0,1005.0,cv,0.89,0,0
4534,7819,69,2010,11,22,18,-12,4.0,1021.0,SE,6.71,0,0
4535,28084,342,2013,3,16,3,0,4.0,1022.0,NW,13.86,0,0
4536,19880,35,2012,4,8,7,-14,15.0,1017.0,NW,33.53,0,0
4537,41909,7,2014,10,13,4,-4,5.0,1030.0,NW,51.87,0,0
4538,5385,96,2010,8,13,8,24,26.0,1002.0,SE,0.89,0,0
4539,7996,236,2010,11,30,3,-4,-3.0,1019.0,NW,12.97,0,0
4540,30525,166,2013,6,25,20,21,22.0,998.0,SE,4.02,0,3
4541,5901,103,2010,9,3,20,20,23.0,1013.0,cv,1.34,0,0
4542,37483,59,2014,4,11,18,-6,16.0,1016.0,SE,9.84,0,0
4543,41285,10,2014,9,17,4,12,14.0,1019.0,cv,0.45,0,0
4544,13329,79,2011,7,10,8,19,26.0,1008.0,SE,9.84,0,0
4545,35056,19,2013,12,31,15,-18,9.0,1012.0,NW,83.14,0,0
4546,40682,120,2014,8,23,1,21,24.0,1006.0,SE,3.57,0,0
4547,36260,34,2014,2,19,19,-15,1.0,1028.0,SE,12.96,0,0
4548,28794,45,2013,4,14,17,-6,16.0,1006.0,SE,27.71,0,0
4549,12951,20,2011,6,24,14,14,28.0,1009.0,cv,6.71,0,0
4550,16656,343,2011,11,25,23,-4,-2.0,1025.0,NE,0.89,0,0
4551,21037,75,2012,5,26,12,12,30.0,1005.0,SE,7.16,0,0
4552,22163,55,2012,7,12,10,22,29.0,998.0,SE,1.79,0,0
4553,22659,13,2012,8,2,2,19,20.0,1007.0,NW,8.05,0,0
4554,8248,25,2010,12,10,15,-18,4.0,1013.0,NW,103.72,0,0
4555,13298,22,2011,7,9,1,15,22.0,1003.0,SE,1.79,0,0
4556,32686,23,2013,9,23,21,8,11.0,1022.0,NW,1.79,0,0
4557,2090,100,2010,3,29,1,-6,6.0,1025.0,SE,38.9,0,0
4558,4699,220,2010,7,15,18,22,24.0,1005.0,SE,6.26,0,0
4559,19296,55,2012,3,14,23,-9,2.0,1028.0,SE,42.9,0,0
4560,29061,19,2013,4,25,20,-13,14.0,1012.0,NW,173.87,0,0
4561,35407,103,2014,1,15,6,-19,-10.0,1032.0,cv,1.78,0,0
4562,42128,90,2014,10,22,7,3,8.0,1024.0,cv,3.12,0,0
4563,9111,17,2011,1,15,14,-25,-4.0,1038.0,NW,306.66,0,0
4564,22505,30,2012,7,26,16,24,26.0,1004.0,SE,29.05,0,0
4565,10005,492,2011,2,21,20,-4,1.0,1023.0,cv,0.89,0,0
4566,13875,,2011,8,2,2,25,26.0,1006.0,SE,6.26,0,0
4567,25105,10,2012,11,12,0,-12,3.0,1019.0,NW,276.68,0,0
4568,38289,89,2014,5,15,8,4,18.0,1002.0,NW,11.18,0,0
4569,30322,20,2013,6,17,9,16,26.0,1003.0,NE,8.04,0,0
4570,36341,245,2014,2,23,4,-6,1.0,1031.0,SE,19.68,0,0
4571,15692,10,2011,10,16,19,-1,15.0,1015.0,NW,71.06,0,0
4572,42317,272,2014,10,30,4,7,10.0,1022.0,NE,1.79,0,0
4573,32776,229,2013,9,27,15,9,23.0,1009.0,SE,12.97,0,0
4574,40298,142,2014,8,7,1,19,22.0,1009.0,NE,0.89,0,0
4575,42586,47,2014,11,10,9,-5,8.0,1024.0,NW,14.32,0,0
4576,12306,106,2011,5,28,17,14,31.0,1005.0,SE,46.5,0,0
4577,26476,326,2013,1,8,3,-14,-9.0,1029.0,NE,3.57,0,0
4578,41341,118,2014,9,19,12,14,24.0,1012.0,cv,4.92,0,0
4579,40341,59,2014,8,8,20,16,27.0,1007.0,SE,39.35,0,0
4580,1046,49,2010,2,13,13,-20,1.0,1028.0,SE,1.79,0,0
4581,20230,247,2012,4,22,21,14,18.0,1003.0,SE,16.09,0,0
4582,42749,11,2014,11,17,4,-9,5.0,1030.0,NW,120.69,0,0
4583,25569,78,2012,12,1,8,-15,-6.0,1033.0,cv,0.89,0,0
4584,7651,77,2010,11,15,18,-4,-1.0,1023.0,NW,248.66,0,0
4585,29846,,2013,5,28,13,15,22.0,1005.0,NW,13.86,0,0
4586,15240,178,2011,9,27,23,14,17.0,1015.0,cv,0.89,0,0
4587,9871,267,2011,2,16,6,-12,-10.0,1023.0,NE,0.89,0,0
4588,28291,21,2013,3,24,18,-15,8.0,1018.0,SE,11.17,0,0
4589,15778,278,2011,10,20,9,12,13.0,1022.0,cv,0.89,0,0
4590,19300,54,2012,3,15,3,-8,-2.0,1027.0,cv,0.89,0,0
4591,18708,80,2012,2,19,11,-20,2.0,1026.0,NW,1.79,0,0
4592,36262,89,2014,2,19,21,-12,-2.0,1029.0,SE,20.11,0,0
4593,9066,60,2011,1,13,17,-19,2.0,1022.0,SE,4.02,0,0
4594,15425,,2011,10,5,16,10,24.0,1009.0,SE,25.48,0,0
4595,23493,37,2012,9,5,20,12,20.0,1017.0,SE,38.44,0,0
4596,16437,336,2011,11,16,20,6,9.0,1028.0,SE,3.13,0,0
4597,27208,10,2013,2,7,15,-23,-5.0,1037.0,NE,6.26,0,0
4598,21255,154,2012,6,4,14,17,30.0,1003.0,SE,8.94,0,0
4599,38029,46,2014,5,4,12,-14,19.0,1016.0,NW,230.66,0,0
4600,2870,16,2010,4,30,13,-8,23.0,1014.0,NW,234.7,0,0
4601,19425,159,2012,3,20,8,0,1.0,1026.0,NW,9.83,0,0
4602,19910,160,2012,4,9,13,1,24.0,1012.0,SE,17.89,0,0
4603,35029,25,2013,12,30,12,-22,6.0,1016.0,NW,85.81,0,0
4604,26718,213,2013,1,18,5,-13,-11.0,1029.0,cv,0.45,0,0
4605,28697,10,2013,4,10,16,-13,13.0,1016.0,NW,175.23,0,0
4606,41157,124,2014,9,11,20,19,21.0,1013.0,NW,8.05,0,0
4607,27235,106,2013,2,8,18,-15,-5.0,1032.0,SE,13.41,0,0
4608,23715,70,2012,9,15,2,12,13.0,1019.0,cv,0.89,0,0
4609,36353,336,2014,2,23,16,-6,3.0,1029.0,cv,5.34,0,0
4610,43190,9,2014,12,5,13,-23,3.0,1026.0,NW,36.2,0,0
4611,9798,68,2011,2,13,5,-8,-7.0,1029.0,NE,1.79,8,0
4612,16072,339,2011,11,1,15,13,14.0,1022.0,NE,1.79,0,0
4613,41208,79,2014,9,13,23,16,18.0,1014.0,cv,1.78,0,0
4614,3614,69,2010,5,31,13,9,27.0,1014.0,cv,4.92,0,0
4615,29390,35,2013,5,9,13,12,18.0,1010.0,SE,35.32,0,0
4616,19392,68,2012,3,18,23,-3,3.0,1028.0,cv,0.89,0,0
4617,6142,180,2010,9,13,21,17,24.0,1012.0,SE,21.89,0,0
4618,30268,100,2013,6,15,3,12,21.0,1007.0,SE,3.13,0,0
4619,32732,19,2013,9,25,19,-2,20.0,1017.0,SE,28.61,0,0
4620,27161,96,2013,2,5,16,-4,-1.0,1022.0,SE,1.79,0,0
4621,15578,212,2011,10,12,1,12,14.0,1021.0,NE,0.89,0,0
4622,38891,,2014,6,9,10,13,25.0,1005.0,cv,1.78,0,0
4623,40549,37,2014,8,17,12,17,30.0,1010.0,cv,1.79,0,0
4624,32372,17,2013,9,10,19,11,22.0,1011.0,cv,0.45,0,0
4625,8500,397,2010,12,21,3,-10,-3.0,1014.0,cv,0.89,0,0
4626,12122,34,2011,5,21,1,2,12.0,1014.0,SE,17.89,0,0
4627,9721,31,2011,2,10,0,-5,-4.0,1028.0,SE,47.38,2,0
4628,6809,10,2010,10,11,16,6,19.0,1019.0,NE,15.19,0,0
4629,7549,10,2010,11,11,12,-2,9.0,1010.0,NW,54.96,0,0
4630,20936,,2012,5,22,7,17,20.0,1011.0,SE,8.05,0,0
4631,17110,14,2011,12,14,21,-18,-3.0,1037.0,NW,188.22,0,0
4632,21807,63,2012,6,27,14,18,28.0,1011.0,cv,1.79,0,0
4633,11122,,2011,4,9,9,-3,15.0,1014.0,cv,0.89,0,0
4634,16897,226,2011,12,6,0,-1,0.0,1032.0,NW,1.79,3,0
4635,42369,29,2014,11,1,8,6,8.0,1020.0,cv,1.78,0,0
4636,25142,11,2012,11,13,13,-18,6.0,1017.0,NW,202.03,0,0
4637,37245,65,2014,4,1,20,-2,19.0,1009.0,SE,28.6,0,0
4638,43404,58,2014,12,14,11,-18,4.0,1027.0,NW,4.92,0,0
4639,41236,28,2014,9,15,3,10,13.0,1019.0,NW,4.02,0,0
4640,27384,197,2013,2,14,23,-16,-1.0,1030.0,NW,7.15,0,0
4641,27861,257,2013,3,6,20,-3,5.0,1013.0,cv,8.02,0,0
4642,6319,,2010,9,21,6,11,13.0,1018.0,NE,67.5,0,0
4643,6062,24,2010,9,10,13,8,29.0,1007.0,NW,28.61,0,0
4644,40419,29,2014,8,12,2,14,22.0,1005.0,NW,1.79,0,0
4645,15073,57,2011,9,21,0,9,12.0,1017.0,cv,2.23,0,0
4646,36506,133,2014,3,2,1,-6,1.0,1022.0,SE,30.39,0,0
4647,38091,127,2014,5,7,2,8,12.0,1003.0,cv,2.23,0,0
4648,10520,13,2011,3,15,7,-19,1.0,1030.0,NW,233.8,0,0
4649,16401,188,2011,11,15,8,-3,0.0,1029.0,NW,3.58,0,0
4650,23753,43,2012,9,16,16,7,26.0,1018.0,SE,6.26,0,0
4651,32447,113,2013,9,13,22,18,20.0,1006.0,NW,1.79,0,0
4652,7291,76,2010,10,31,18,0,11.0,1023.0,cv,0.89,0,0
4653,15148,152,2011,9,24,3,13,13.0,1014.0,NW,0.89,0,0
4654,1217,150,2010,2,20,16,-8,9.0,1011.0,cv,0.89,0,0
4655,42918,150,2014,11,24,5,-5,-3.0,1028.0,NW,16.55,0,0
4656,42592,59,2014,11,10,15,-6,15.0,1019.0,SE,8.05,0,0
4657,21077,125,2012,5,28,4,12,16.0,1012.0,cv,0.45,0,0
4658,26991,476,2013,1,29,14,-4,-3.0,1024.0,SE,3.58,5,0
4659,6033,216,2010,9,9,8,15,19.0,1013.0,cv,0.89,0,0
4660,30833,80,2013,7,8,16,23,27.0,1001.0,SE,8.05,0,0
4661,43049,393,2014,11,29,16,2,4.0,1019.0,NE,0.89,0,0
4662,24204,23,2012,10,5,11,5,23.0,1018.0,NW,18.33,0,0
4663,32457,104,2013,9,14,8,19,22.0,1008.0,NW,8.5,0,0
4664,15524,435,2011,10,9,19,16,19.0,1019.0,SE,14.31,0,0
4665,32073,14,2013,8,29,8,8,26.0,1000.0,NW,25.93,0,0
4666,39571,192,2014,7,7,18,23,31.0,1000.0,SE,43.83,0,0
4667,36811,30,2014,3,14,18,-20,15.0,1014.0,SE,26.37,0,0
4668,11547,46,2011,4,27,2,3,6.0,1009.0,NW,4.92,0,0
4669,24546,219,2012,10,19,17,6,16.0,1014.0,SE,5.81,0,0
4670,9293,12,2011,1,23,4,-22,-8.0,1032.0,NW,114.0,0,0
4671,31133,65,2013,7,21,4,21,24.0,1004.0,cv,0.89,0,0
4672,16829,96,2011,12,3,4,-5,-5.0,1024.0,NW,12.07,0,0
4673,39165,61,2014,6,20,20,18,23.0,1007.0,SE,12.97,0,0
4674,17796,130,2012,1,12,11,-14,-2.0,1026.0,NW,15.19,0,0
4675,1454,37,2010,3,2,13,-11,6.0,1022.0,NW,36.22,0,0
4676,25796,104,2012,12,10,19,-12,-5.0,1031.0,NE,2.67,0,0
4677,34002,9,2013,11,17,17,-19,8.0,1025.0,NW,84.04,0,0
4678,25437,17,2012,11,25,20,-15,2.0,1023.0,cv,0.89,0,0
4679,976,8,2010,2,10,15,-22,0.0,1030.0,NE,11.62,0,0
4680,42635,6,2014,11,12,10,-22,6.0,1027.0,NW,227.11,0,0
4681,36059,64,2014,2,11,10,-15,-5.0,1030.0,NW,10.74,0,0
4682,41041,162,2014,9,7,0,19,24.0,1009.0,SE,35.77,0,0
4683,23643,68,2012,9,12,2,17,18.0,1009.0,cv,1.34,0,0
4684,40430,21,2014,8,12,13,12,33.0,1006.0,SE,9.39,0,0
4685,1070,21,2010,2,14,13,-24,-2.0,1033.0,NE,4.92,0,0
4686,3446,42,2010,5,24,13,7,29.0,1005.0,NW,46.05,0,0
4687,40406,6,2014,8,11,13,11,34.0,1004.0,cv,1.79,0,0
4688,37921,103,2014,4,30,0,9,18.0,1011.0,SE,38.45,0,0
4689,11794,23,2011,5,7,9,5,21.0,1009.0,NW,8.04,0,0
4690,37259,119,2014,4,2,10,-1,20.0,1014.0,NE,11.18,0,0
4691,11178,13,2011,4,11,17,-13,21.0,1016.0,SE,10.73,0,0
4692,12153,115,2011,5,22,8,6,18.0,1014.0,cv,0.89,0,0
4693,13693,48,2011,7,25,12,24,25.0,999.0,SE,1.79,0,1
4694,26929,229,2013,1,27,0,-8,-5.0,1030.0,SE,1.79,0,0
4695,25735,10,2012,12,8,6,-27,-10.0,1029.0,NW,125.15,0,0
4696,13323,57,2011,7,10,2,18,24.0,1006.0,SE,3.58,0,0
4697,39959,42,2014,7,23,22,19,26.0,1003.0,cv,0.89,0,0
4698,4213,166,2010,6,25,12,15,29.0,1008.0,cv,3.58,0,0
4699,13816,37,2011,7,30,15,22,31.0,1000.0,cv,3.57,0,0
4700,28740,53,2013,4,12,11,-12,16.0,1015.0,NW,3.58,0,0
4701,38469,56,2014,5,22,20,10,28.0,1006.0,SE,56.32,0,0
4702,29591,,2013,5,17,22,15,20.0,1010.0,SE,29.95,0,0
4703,27358,293,2013,2,13,21,-5,-2.0,1022.0,SE,25.49,0,0
4704,37986,32,2014,5,2,17,0,21.0,1016.0,NW,216.35,0,0
4705,32090,8,2013,8,30,1,8,21.0,1010.0,NE,16.54,0,0
4706,3092,59,2010,5,9,19,-9,19.0,1008.0,NW,32.19,0,0
4707,14363,94,2011,8,22,10,20,27.0,1012.0,cv,0.89,0,0
4708,6897,37,2010,10,15,8,-2,13.0,1019.0,NW,136.34,0,0
4709,35405,196,2014,1,15,4,-17,-10.0,1033.0,NW,6.26,0,0
4710,18326,52,2012,2,3,13,-23,3.0,1022.0,NW,4.02,0,0
4711,14817,11,2011,9,10,8,13,14.0,1025.0,NW,21.01,0,6
4712,2402,40,2010,4,11,1,-4,7.0,1018.0,SE,63.91,0,0
4713,9758,13,2011,2,11,13,-15,-1.0,1030.0,NW,58.11,0,0
4714,40217,102,2014,8,3,16,24,33.0,1000.0,NW,12.96,0,0
4715,10563,138,2011,3,17,2,-7,2.0,1021.0,SE,4.92,0,0
4716,13257,12,2011,7,7,8,18,23.0,998.0,NW,4.02,0,0
4717,25497,10,2012,11,28,8,-17,1.0,1022.0,NW,109.08,0,0
4718,37179,66,2014,3,30,2,1,9.0,1015.0,NW,1.79,0,0
4719,23513,86,2012,9,6,16,15,22.0,1015.0,SE,11.18,0,0
4720,31776,150,2013,8,16,23,25,28.0,998.0,cv,2.67,0,0
4721,33389,27,2013,10,23,4,0,6.0,1022.0,NW,9.84,0,0
4722,15517,378,2011,10,9,12,13,24.0,1018.0,NE,3.13,0,0
4723,24484,4,2012,10,17,3,0,2.0,1023.0,cv,2.67,0,0
4724,20901,,2012,5,20,20,14,19.0,1014.0,cv,0.45,0,0
4725,3931,157,2010,6,13,18,19,27.0,1002.0,SE,53.65,0,0
4726,2719,70,2010,4,24,6,0,8.0,1019.0,SE,37.56,0,0
4727,17093,13,2011,12,14,4,-16,-3.0,1031.0,NW,57.23,0,0
4728,23387,207,2012,9,1,10,24,28.0,1011.0,SE,5.37,0,0
4729,16770,40,2011,11,30,17,-14,2.0,1037.0,SE,0.89,0,0
4730,9258,67,2011,1,21,17,-20,1.0,1026.0,NW,8.05,0,0
4731,19823,27,2012,4,5,22,-11,13.0,1017.0,NW,181.94,0,0
4732,42208,376,2014,10,25,15,13,19.0,1010.0,SE,5.37,0,0
4733,904,125,2010,2,7,15,-6,-2.0,1020.0,SE,1.79,0,0
4734,17300,40,2011,12,22,19,-17,-5.0,1029.0,NW,1.79,0,0
4735,15951,237,2011,10,27,14,5,17.0,1021.0,SE,9.84,0,0
4736,2515,200,2010,4,15,18,2,8.0,1018.0,NE,1.79,0,0
4737,9298,14,2011,1,23,9,-21,-7.0,1034.0,NW,147.08,0,0
4738,17399,302,2011,12,26,22,-10,-6.0,1035.0,NE,5.35,0,0
4739,40446,19,2014,8,13,5,18,20.0,1008.0,SE,0.89,0,2
4740,25552,9,2012,11,30,15,-24,-1.0,1032.0,NE,77.78,0,0
4741,13255,44,2011,7,7,6,18,20.0,997.0,NW,16.09,0,0
4742,15214,129,2011,9,26,21,14,16.0,1017.0,SE,33.08,0,0
4743,22593,,2012,7,30,8,20,27.0,1004.0,NE,11.18,0,0
4744,7185,92,2010,10,27,8,-2,1.0,1033.0,NE,0.89,0,0
4745,10243,9,2011,3,3,18,-15,8.0,1024.0,NW,189.97,0,0
4746,38020,50,2014,5,4,3,-7,10.0,1018.0,NW,149.31,0,0
4747,31941,23,2013,8,23,20,17,25.0,1008.0,cv,2.67,0,0
4748,7112,212,2010,10,24,7,13,13.0,1018.0,NE,1.79,0,7
4749,26492,18,2013,1,8,19,-21,-8.0,1032.0,NW,67.05,0,0
4750,43809,8,2014,12,31,8,-22,-5.0,1034.0,NW,150.18,0,0
4751,24041,1,2012,9,28,16,-9,23.0,1016.0,NW,204.75,0,0
4752,9710,151,2011,2,9,13,-6,3.0,1026.0,SE,7.6,0,0
4753,34052,80,2013,11,19,19,-17,5.0,1023.0,SE,3.57,0,0
4754,38066,56,2014,5,6,1,0,11.0,1014.0,SE,4.92,0,0
4755,17596,11,2012,1,4,3,-20,-9.0,1036.0,NW,360.76,0,0
4756,34060,130,2013,11,20,3,-12,-3.0,1023.0,NW,5.37,0,0
4757,10273,69,2011,3,5,0,-8,6.0,1018.0,SE,34.42,0,0
4758,28280,18,2013,3,24,7,-13,1.0,1025.0,NW,1.79,0,0
4759,23555,39,2012,9,8,10,17,25.0,1016.0,NW,1.79,0,0
4760,40612,88,2014,8,20,3,19,22.0,1010.0,SE,46.04,0,0
4761,37788,125,2014,4,24,11,11,20.0,1016.0,cv,0.89,0,0
4762,24298,128,2012,10,9,9,14,19.0,1013.0,NW,7.15,0,0
4763,24398,8,2012,10,13,13,6,11.0,1014.0,cv,33.82,0,0
4764,18400,23,2012,2,6,15,-26,-2.0,1028.0,NW,137.23,0,0
4765,3980,118,2010,6,15,19,18,30.0,999.0,cv,0.89,0,0
4766,35964,107,2014,2,7,11,-7,-4.0,1029.0,SE,37.56,6,0
4767,19974,46,2012,4,12,5,-12,14.0,1009.0,NW,21.45,0,0
4768,24467,19,2012,10,16,10,8,12.0,1018.0,NW,19.22,0,8
4769,30349,28,2013,6,18,12,12,33.0,997.0,SE,12.07,0,0
4770,25174,81,2012,11,14,21,-5,-1.0,1027.0,cv,4.01,0,0
4771,43133,11,2014,12,3,4,-22,-4.0,1026.0,NW,4.02,0,0
4772,40100,92,2014,7,29,19,20,31.0,1001.0,SE,141.24,0,0
4773,40670,41,2014,8,22,13,19,27.0,1007.0,SE,1.79,0,0
4774,11024,254,2011,4,5,7,-1,5.0,1024.0,SE,0.89,0,0
4775,2576,183,2010,4,18,7,7,9.0,1015.0,cv,0.45,0,0
4776,30039,184,2013,6,5,14,17,19.0,1012.0,SE,16.1,0,0
4777,854,72,2010,2,5,13,-13,-1.0,1030.0,SE,6.71,0,0
4778,23559,48,2012,9,8,14,17,27.0,1013.0,cv,5.36,0,0
4779,38935,51,2014,6,11,6,16,19.0,1011.0,NW,8.94,0,0
4780,12363,14,2011,5,31,2,5,22.0,1002.0,NW,7.15,0,0
4781,39197,23,2014,6,22,4,17,18.0,1009.0,NW,0.89,0,0
4782,38709,59,2014,6,1,20,17,20.0,1011.0,NW,4.02,0,3
4783,32540,108,2013,9,17,19,17,19.0,1016.0,SE,1.79,0,0
4784,21204,158,2012,6,2,11,16,23.0,1011.0,SE,12.52,0,0
4785,25412,204,2012,11,24,19,-6,0.0,1019.0,SE,11.63,0,0
4786,9666,108,2011,2,7,17,-12,3.0,1012.0,SE,20.11,0,0
4787,7833,232,2010,11,23,8,-5,-1.0,1021.0,NE,0.89,0,0
4788,37544,247,2014,4,14,7,7,12.0,1018.0,cv,0.89,0,0
4789,3559,230,2010,5,29,6,15,17.0,1007.0,cv,1.78,0,0
4790,33674,24,2013,11,4,1,-2,4.0,1029.0,cv,1.78,0,0
4791,11505,122,2011,4,25,8,3,13.0,1004.0,cv,0.89,0,0
4792,18704,87,2012,2,19,7,-20,-11.0,1026.0,NW,6.71,0,0
4793,28469,250,2013,4,1,4,3,7.0,1014.0,SE,1.79,0,0
4794,1846,226,2010,3,18,21,-2,2.0,1013.0,NE,0.89,0,0
4795,40439,38,2014,8,12,22,16,28.0,1006.0,NW,3.13,0,0
4796,9119,29,2011,1,15,22,-25,-10.0,1038.0,NE,3.13,0,0
4797,11788,27,2011,5,7,3,5,12.0,1006.0,NW,7.15,0,0
4798,6699,468,2010,10,7,2,13,13.0,1015.0,NE,0.89,0,0
4799,32931,58,2013,10,4,2,11,14.0,1015.0,cv,0.45,0,0
4800,34957,23,2013,12,27,12,-21,0.0,1030.0,NW,415.28,0,0
4801,9233,47,2011,1,20,16,-22,-1.0,1028.0,SE,1.79,0,0
4802,2696,65,2010,4,23,7,4,7.0,1022.0,NW,11.63,0,0
4803,30795,47,2013,7,7,2,21,23.0,1002.0,NW,8.94,0,0
4804,12391,17,2011,6,1,6,10,21.0,1007.0,NW,188.66,0,0
4805,21040,27,2012,5,26,15,6,33.0,1002.0,SE,20.13,0,0
4806,36828,91,2014,3,15,11,-13,12.0,1011.0,cv,3.12,0,0
4807,28706,27,2013,4,11,1,-12,7.0,1019.0,NW,214.12,0,0
4808,23483,22,2012,9,5,10,12,23.0,1018.0,cv,1.78,0,0
4809,32647,69,2013,9,22,6,15,19.0,1016.0,NW,0.89,0,0
4810,3848,46,2010,6,10,7,16,20.0,1015.0,NW,8.05,0,4
4811,10338,22,2011,3,7,17,-18,10.0,1020.0,NW,90.3,0,0
4812,22642,18,2012,8,1,9,20,20.0,1008.0,NE,4.92,0,5
4813,13111,226,2011,7,1,6,23,24.0,1003.0,SE,0.89,0,0
4814,40187,87,2014,8,2,10,25,29.0,1004.0,cv,1.78,0,0
4815,26088,12,2012,12,22,23,-25,-10.0,1040.0,NW,96.56,0,0
4816,36731,269,2014,3,11,10,-6,8.0,1017.0,NW,11.18,0,0
4817,21638,92,2012,6,20,13,18,29.0,1003.0,cv,1.79,0,0
4818,39761,57,2014,7,15,16,17,32.0,1002.0,SE,29.06,0,0
4819,8745,18,2010,12,31,8,-23,-9.0,1029.0,NW,424.25,0,0
4820,6362,,2010,9,23,1,7,9.0,1020.0,NW,1.79,0,0
4821,12980,26,2011,6,25,19,14,28.0,1009.0,SE,1.79,0,0
4822,5620,56,2010,8,23,3,17,19.0,1014.0,NE,0.89,0,0
4823,29519,51,2013,5,14,22,7,21.0,1011.0,NE,1.79,0,0
4824,3006,13,2010,5,6,5,0,13.0,1008.0,NW,8.04,0,0
4825,19139,21,2012,3,8,10,-20,0.0,1032.0,NW,4.92,0,0
4826,18763,162,2012,2,21,18,-11,1.0,1018.0,SE,13.42,0,0
4827,19189,21,2012,3,10,12,-18,7.0,1025.0,NW,47.38,0,0
4828,10818,13,2011,3,27,17,-13,16.0,1020.0,SE,4.92,0,0
4829,16258,23,2011,11,9,9,-3,12.0,1028.0,NE,3.13,0,0
4830,28523,126,2013,4,3,10,-1,17.0,1012.0,SE,4.02,0,0
4831,42817,393,2014,11,20,0,0,1.0,1019.0,NW,0.89,0,0
4832,10137,59,2011,2,27,8,-2,-1.0,1029.0,NE,7.15,3,0
4833,1821,51,2010,3,17,20,-12,2.0,1026.0,SE,0.89,0,0
4834,22894,,2012,8,11,21,19,22.0,1007.0,NW,13.86,0,8
4835,40697,108,2014,8,23,16,19,31.0,1003.0,SE,6.26,0,0
4836,17498,196,2011,12,31,1,-9,-7.0,1030.0,NW,10.28,0,0
4837,41213,78,2014,9,14,4,17,19.0,1014.0,NE,1.79,0,0
4838,27744,12,2013,3,1,23,-19,0.0,1036.0,NE,14.76,0,0
4839,36854,75,2014,3,16,13,-12,16.0,1016.0,SE,4.02,0,0
4840,33022,55,2013,10,7,21,10,18.0,1023.0,SE,3.13,0,0
4841,26157,,2012,12,25,20,-19,-10.0,1039.0,cv,0.45,0,0
4842,4716,290,2010,7,16,11,23,28.0,1005.0,cv,0.89,0,0
4843,12442,9,2011,6,3,9,2,24.0,1006.0,NW,16.09,0,0
4844,5891,56,2010,9,3,10,18,22.0,1015.0,NW,16.54,0,5
4845,41029,138,2014,9,6,12,20,27.0,1012.0,SE,1.79,0,0
4846,6428,,2010,9,25,19,13,17.0,1015.0,cv,0.89,0,0
4847,8610,89,2010,12,25,17,-21,-6.0,1024.0,SE,1.79,0,0
4848,40467,22,2014,8,14,2,16,18.0,1009.0,NE,1.79,0,0
4849,41044,145,2014,9,7,3,20,22.0,1008.0,SE,40.24,0,0
4850,14262,2,2011,8,18,5,19,20.0,1010.0,cv,1.78,0,0
4851,28996,134,2013,4,23,3,6,10.0,1011.0,SE,17.88,0,0
4852,27829,192,2013,3,5,12,-9,11.0,1017.0,cv,4.45,0,0
4853,31870,110,2013,8,20,21,21,25.0,1009.0,NW,6.71,0,0
4854,7293,98,2010,10,31,20,2,8.0,1023.0,cv,2.67,0,0
4855,15317,59,2011,10,1,4,6,9.0,1024.0,NW,3.58,0,0
4856,33735,26,2013,11,6,14,-17,18.0,1015.0,NW,34.87,0,0
4857,3535,111,2010,5,28,6,16,17.0,1011.0,cv,0.89,0,19
4858,22713,30,2012,8,4,8,22,28.0,1007.0,NW,8.94,0,0
4859,18361,118,2012,2,5,0,-19,-5.0,1023.0,SE,4.47,0,0
4860,31845,27,2013,8,19,20,18,28.0,1009.0,cv,0.89,0,0
4861,27079,19,2013,2,2,6,-16,-10.0,1034.0,NW,11.18,0,0
4862,37501,114,2014,4,12,12,-4,20.0,1016.0,SE,3.13,0,0
4863,12948,22,2011,6,24,11,17,25.0,1009.0,NE,3.13,0,0
4864,40964,11,2014,9,3,19,13,27.0,1006.0,SE,19.67,0,0
4865,8104,121,2010,12,4,15,-10,7.0,1009.0,cv,1.78,0,0
4866,7554,12,2010,11,11,17,-2,9.0,1010.0,NW,104.11,0,0
4867,2582,215,2010,4,18,13,6,18.0,1011.0,SE,1.79,0,0
4868,32087,16,2013,8,29,22,12,20.0,1008.0,NW,149.76,0,0
4869,30644,146,2013,6,30,19,24,27.0,1002.0,SE,4.92,0,0
4870,27838,263,2013,3,5,21,-6,4.0,1014.0,NW,0.89,0,0
4871,11755,39,2011,5,5,18,-7,22.0,1001.0,NW,44.7,0,0
4872,36912,30,2014,3,18,23,-12,7.0,1022.0,SE,68.39,0,0
4873,22394,23,2012,7,22,1,23,23.0,997.0,NE,6.26,0,20
4874,18709,73,2012,2,19,12,-21,5.0,1025.0,NW,3.58,0,0
4875,22689,77,2012,8,3,8,24,25.0,1009.0,NW,1.79,0,0
4876,23739,79,2012,9,16,2,12,13.0,1022.0,NE,3.57,0,0
4877,14959,26,2011,9,16,6,17,18.0,1013.0,cv,1.78,0,0
4878,39914,6,2014,7,22,1,16,27.0,1005.0,NW,10.73,0,0
4879,10016,457,2011,2,22,7,-6,-4.0,1022.0,NW,8.04,0,0
4880,5260,44,2010,8,8,3,19,21.0,1005.0,cv,0.45,0,7
4881,15842,414,2011,10,23,1,12,13.0,1016.0,NE,1.79,0,0
4882,14212,9,2011,8,16,3,22,23.0,1003.0,cv,0.89,0,0
4883,10544,24,2011,3,16,7,-11,-2.0,1026.0,SE,1.79,0,0
4884,22033,184,2012,7,7,0,23,24.0,1002.0,cv,2.67,0,0
4885,4717,283,2010,7,16,12,23,29.0,1004.0,SE,1.79,0,0
4886,35876,6,2014,2,3,19,-34,-5.0,1028.0,NW,122.06,0,0
4887,39347,16,2014,6,28,10,13,33.0,1006.0,NW,36.65,0,0
4888,30069,166,2013,6,6,20,19,20.0,1009.0,NW,8.05,0,0
4889,36867,144,2014,3,17,2,-4,4.0,1011.0,NW,1.79,0,0
4890,34631,68,2013,12,13,22,-20,-6.0,1025.0,NW,1.79,0,0
4891,1932,761,2010,3,22,11,-10,12.0,1013.0,NW,18.33,0,0
4892,8175,41,2010,12,7,14,-17,7.0,1013.0,SE,8.04,0,0
4893,9087,18,2011,1,14,14,-20,-2.0,1032.0,NW,98.79,0,0
4894,6933,49,2010,10,16,20,6,13.0,1022.0,SE,44.24,0,0
4895,24799,17,2012,10,30,6,-4,1.0,1027.0,cv,2.23,0,0
4896,22203,61,2012,7,14,2,21,23.0,1004.0,cv,0.45,0,0
4897,13920,70,2011,8,3,23,20,25.0,1004.0,SE,46.94,0,0
4898,7864,12,2010,11,24,15,-17,6.0,1025.0,NW,82.26,0,0
4899,13928,110,2011,8,4,7,22,24.0,1005.0,SE,1.78,0,0
4900,6718,365,2010,10,7,21,14,15.0,1016.0,SE,1.78,0,0
4901,12709,205,2011,6,14,12,17,31.0,1003.0,SE,7.15,0,0
4902,24872,144,2012,11,2,7,2,4.0,1021.0,NW,6.26,0,0
4903,30894,30,2013,7,11,5,21,22.0,1006.0,NW,51.41,0,0
4904,8953,,2011,1,9,0,-22,-6.0,1037.0,NW,184.16,0,0
4905,22373,198,2012,7,21,4,25,26.0,1003.0,SE,44.28,0,0
4906,9306,20,2011,1,23,17,-21,-2.0,1031.0,NW,213.7,0,0
4907,3445,24,2010,5,24,12,7,26.0,1005.0,NW,38.9,0,0
4908,27798,7,2013,3,4,5,-12,1.0,1023.0,NE,1.79,0,0
4909,858,80,2010,2,5,17,-12,-2.0,1030.0,SE,5.37,0,0
4910,34896,267,2013,12,24,23,-9,-5.0,1031.0,cv,0.45,0,0
4911,28478,39,2013,4,1,13,-2,15.0,1016.0,NE,8.94,0,0
4912,35983,132,2014,2,8,6,-6,-4.0,1024.0,NE,1.79,0,0
4913,32344,69,2013,9,9,15,14,25.0,1011.0,SE,14.76,0,0
4914,10731,13,2011,3,24,2,-21,6.0,1025.0,NW,52.74,0,0
4915,22021,133,2012,7,6,12,22,26.0,1002.0,cv,1.78,0,0
4916,22047,110,2012,7,7,14,24,31.0,1001.0,SE,16.1,0,0
4917,37195,18,2014,3,30,18,-11,24.0,1014.0,SE,8.94,0,0
4918,6624,7,2010,10,3,23,4,14.0,1018.0,NW,278.5,0,0
4919,34238,12,2013,11,27,13,-28,-1.0,1027.0,NW,239.15,0,0
4920,40874,107,2014,8,31,1,20,21.0,1013.0,cv,0.89,0,3
4921,28865,72,2013,4,17,16,-4,16.0,1007.0,SE,44.7,0,0
4922,6200,181,2010,9,16,7,21,23.0,1011.0,SE,68.85,0,1
4923,6300,119,2010,9,20,11,15,19.0,1013.0,NW,8.95,0,0
4924,18903,212,2012,2,27,14,-10,6.0,1022.0,SE,3.13,0,0
4925,16912,201,2011,12,6,15,0,3.0,1030.0,cv,2.67,0,0
4926,37150,183,2014,3,28,21,7,15.0,1010.0,SE,23.24,0,0
4927,37087,311,2014,3,26,6,5,9.0,1011.0,cv,3.56,0,0
4928,7620,44,2010,11,14,11,-8,0.0,1035.0,NW,193.17,0,0
4929,19416,106,2012,3,19,23,-2,3.0,1024.0,SE,8.05,0,0
4930,38944,18,2014,6,11,15,12,30.0,1008.0,cv,1.79,0,0
4931,19394,64,2012,3,19,1,-2,1.0,1028.0,NE,1.79,0,0
4932,29747,90,2013,5,24,10,10,28.0,1012.0,NE,11.18,0,0
4933,10064,136,2011,2,24,7,-7,-2.0,1020.0,NW,43.35,0,0
4934,1044,37,2010,2,13,11,-18,-3.0,1030.0,SE,1.79,0,0
4935,16538,191,2011,11,21,1,-5,-3.0,1031.0,cv,1.79,0,0
4936,24585,56,2012,10,21,8,4,12.0,1023.0,cv,1.34,0,0
4937,33777,121,2013,11,8,8,-3,1.0,1022.0,NE,0.89,0,0
4938,18228,127,2012,1,30,11,-11,-6.0,1032.0,SE,3.58,7,0
4939,32089,14,2013,8,30,0,10,21.0,1010.0,NE,11.62,0,0
4940,41705,100,2014,10,4,16,14,16.0,1019.0,cv,0.89,0,1
4941,20777,16,2012,5,15,16,-5,27.0,1002.0,NW,78.24,0,0
4942,15168,177,2011,9,24,23,14,16.0,1015.0,cv,0.89,0,0
4943,27397,27,2013,2,15,12,-21,3.0,1029.0,cv,3.57,0,0
4944,43047,369,2014,11,29,14,1,4.0,1020.0,SE,0.89,0,0
4945,6673,206,2010,10,6,0,11,13.0,1014.0,NE,0.89,0,0
4946,17624,102,2012,1,5,7,-17,-13.0,1030.0,NW,8.5,0,0
4947,15189,255,2011,9,25,20,16,19.0,1017.0,SE,1.78,0,0
4948,34525,9,2013,12,9,12,-20,6.0,1024.0,NW,189.98,0,0
4949,2056,48,2010,3,27,15,-9,11.0,1025.0,cv,3.13,0,0
4950,40534,80,2014,8,16,21,19,24.0,1007.0,SE,0.89,0,0
4951,3731,,2010,6,5,10,14,24.0,1014.0,cv,2.67,0,0
4952,24507,90,2012,10,18,2,2,3.0,1017.0,NW,1.79,0,0
4953,37169,23,2014,3,29,16,-3,23.0,1011.0,NE,1.79,0,0
4954,15863,16,2011,10,23,22,-1,5.0,1028.0,NW,1.79,0,0
4955,33023,86,2013,10,7,22,11,16.0,1024.0,cv,0.89,0,0
4956,23456,17,2012,9,4,7,11,16.0,1016.0,NW,12.07,0,0
4957,27165,128,2013,2,5,20,-6,-4.0,1024.0,SE,11.63,0,0
4958,23066,,2012,8,19,1,21,21.0,1006.0,NW,4.92,0,0
4959,18375,116,2012,2,5,14,-14,3.0,1017.0,cv,1.79,0,0
4960,25196,122,2012,11,15,19,-8,7.0,1026.0,SE,3.58,0,0
4961,34675,67,2013,12,15,18,-20,0.0,1033.0,cv,1.78,0,0
4962,9779,21,2011,2,12,10,-19,-6.0,1034.0,NW,3.13,0,0
4963,20264,179,2012,4,24,7,13,17.0,1004.0,cv,0.89,0,2
4964,9933,240,2011,2,18,20,-7,3.0,1025.0,SE,20.57,0,0
4965,9284,23,2011,1,22,19,-19,-2.0,1029.0,NW,52.31,0,0
4966,9438,2,2011,1,29,5,-25,-11.0,1036.0,NW,117.13,0,0
4967,10786,178,2011,3,26,9,-8,7.0,1027.0,SE,3.58,0,0
4968,43643,17,2014,12,24,10,-14,1.0,1034.0,NE,6.71,0,0
4969,31763,96,2013,8,16,10,25,28.0,997.0,cv,0.89,0,0
4970,27874,327,2013,3,7,9,-2,7.0,1013.0,cv,0.89,0,0
4971,19744,55,2012,4,2,15,-6,11.0,1014.0,SE,14.75,0,0
4972,3483,104,2010,5,26,2,11,20.0,1011.0,cv,1.78,0,0
4973,42214,453,2014,10,25,21,12,13.0,1012.0,cv,0.89,0,0
4974,19194,20,2012,3,10,17,-24,3.0,1028.0,NW,107.73,0,0
4975,18730,94,2012,2,20,9,-16,-1.0,1022.0,cv,0.89,0,0
4976,9927,101,2011,2,18,14,-13,8.0,1025.0,SE,3.13,0,0
4977,13701,63,2011,7,25,20,25,26.0,999.0,SE,4.47,0,0
4978,7168,12,2010,10,26,15,-15,8.0,1037.0,cv,2.68,0,0
4979,4807,49,2010,7,20,6,19,22.0,1003.0,NW,9.83,0,0
4980,11139,39,2011,4,10,2,-2,12.0,1019.0,NE,44.26,0,0
4981,248,20,2010,1,11,7,-22,-13.0,1036.0,NW,5.81,0,0
4982,39708,13,2014,7,13,11,13,34.0,1003.0,NW,6.26,0,0
4983,42216,396,2014,10,25,23,13,13.0,1014.0,cv,2.67,0,0
4984,39692,17,2014,7,12,19,12,31.0,1000.0,SE,18.33,0,0
4985,33809,32,2013,11,9,16,-7,14.0,1023.0,NW,1.79,0,0
4986,24174,11,2012,10,4,5,7,9.0,1016.0,cv,0.89,0,0
4987,26870,16,2013,1,24,13,-18,4.0,1022.0,NW,49.61,0,0
4988,4188,106,2010,6,24,11,13,28.0,1009.0,SE,4.92,0,0
4989,28415,58,2013,3,29,22,-5,4.0,1022.0,SE,11.17,0,0
4990,22089,127,2012,7,9,8,24,25.0,1003.0,cv,1.78,0,0
4991,1868,224,2010,3,19,19,2,6.0,1001.0,SE,1.79,0,0
4992,16570,194,2011,11,22,9,0,4.0,1021.0,cv,0.89,0,0
4993,4202,169,2010,6,25,1,15,22.0,1008.0,SE,3.58,0,0
4994,29852,48,2013,5,28,19,15,23.0,1004.0,SE,21.01,0,0
4995,30611,85,2013,6,29,10,20,22.0,1005.0,NE,1.79,0,0
4996,28307,126,2013,3,25,10,-7,4.0,1024.0,cv,1.79,0,0
4997,33151,34,2013,10,13,6,7,15.0,1018.0,NE,5.37,0,0
4998,28137,9,2013,3,18,8,-16,7.0,1008.0,NW,71.07,0,0
4999,6475,,2010,9,27,18,-4,20.0,1017.0,NW,86.3,0,0
5000,17782,120,2012,1,11,21,-15,-4.0,1032.0,SE,34.42,0,0
