encounter_id,race,gender,age,admission_type_id,admission_type,discharge_disposition_id,discharge_disposition,admission_source_id,admission_source,time_in_hospital,medical_specialty,num_lab_procedures,num_procedures,num_medications,number_outpatient,number_emergency,number_inpatient,number_diagnoses,max_glu_serum,A1Cresult,insulin,change,diabetesMed,readmitted,readmitted_30d
421194,Caucasian,Female,[70-80),2,Urgent,1,Discharged to home,1,Physician Referral,13,,48,2,18,0,0,1,8,,,Steady,Ch,Yes,>30,0
449142,Caucasian,Male,[50-60),1,Emergency,1,Discharged to home,7,Emergency Room,3,Family/GeneralPractice,59,0,11,0,0,0,6,,,Steady,Ch,Yes,>30,0
464994,Caucasian,Female,[40-50),3,Elective,1,Discharged to home,2,Clinic Referral,2,,10,3,8,0,0,0,5,,,Steady,No,Yes,NO,0
669954,AfricanAmerican,Female,[80-90),2,Urgent,6,Discharged/transferred to home with home health service,4,Transfer from a hospital,7,,58,1,21,0,0,0,9,,,Down,Ch,Yes,NO,0
1136472,Caucasian,Female,[40-50),3,Elective,1,Discharged to home,2,Clinic Referral,4,,69,5,25,0,0,0,6,,,Down,Ch,Yes,>30,0
2429610,Caucasian,Female,[50-60),1,Emergency,1,Discharged to home,7,Emergency Room,7,Nephrology,55,1,16,0,0,1,7,,,Up,Ch,Yes,>30,0
2552952,Caucasian,Female,[70-80),1,Emergency,3,Discharged/transferred to SNF,7,Emergency Room,11,InternalMedicine,44,0,19,0,1,6,8,,,Up,Ch,Yes,>30,0
2567256,AfricanAmerican,Male,[40-50),6,NULL,25,Not Mapped,1,Physician Referral,13,Psychiatry,58,0,3,0,0,0,6,,>8,No,No,No,NO,0
2798190,AfricanAmerican,Female,[80-90),6,NULL,25,Not Mapped,7,Emergency Room,6,Nephrology,47,6,14,0,0,0,9,,>8,Up,Ch,Yes,>30,0
2869680,Caucasian,Male,[70-80),6,NULL,25,Not Mapped,7,Emergency Room,5,Family/GeneralPractice,71,1,15,0,0,0,7,,,No,No,Yes,NO,0
2881794,Caucasian,Male,[70-80),2,Urgent,6,Discharged/transferred to home with home health service,4,Transfer from a hospital,5,,51,1,10,0,0,0,9,,,Up,Ch,Yes,<30,1
3005748,Caucasian,Male,[50-60),6,NULL,25,Not Mapped,7,Emergency Room,2,Family/GeneralPractice,71,0,11,0,0,0,6,,>8,Steady,Ch,Yes,>30,0
3184194,Caucasian,Male,[80-90),6,NULL,25,Not Mapped,7,Emergency Room,13,InternalMedicine,57,1,19,0,0,0,7,,,No,No,Yes,NO,0
3242274,Caucasian,Male,[70-80),6,NULL,25,Not Mapped,7,Emergency Room,5,Family/GeneralPractice,55,0,13,0,0,0,8,,,No,Ch,Yes,NO,0
3247932,Caucasian,Female,[70-80),6,NULL,25,Not Mapped,7,Emergency Room,7,Endocrinology,70,2,20,0,0,0,9,,,Steady,Ch,Yes,>30,0
3252690,AfricanAmerican,Female,[50-60),6,NULL,25,Not Mapped,7,Emergency Room,5,Surgery-General,42,2,10,0,0,0,4,,,No,No,No,>30,0
3487032,Caucasian,Male,[60-70),6,NULL,25,Not Mapped,1,Physician Referral,4,Urology,11,2,16,0,0,0,5,,,No,No,Yes,NO,0
3673536,AfricanAmerican,Male,[70-80),6,NULL,25,Not Mapped,1,Physician Referral,3,Family/GeneralPractice,72,0,9,0,0,0,9,,,Steady,No,Yes,NO,0
3677814,AfricanAmerican,Female,[30-40),6,NULL,25,Not Mapped,7,Emergency Room,5,InternalMedicine,43,2,5,0,0,0,9,,Norm,No,No,No,>30,0
3706656,Caucasian,Female,[20-30),2,Urgent,11,Expired,6,Transfer from another health care facility,7,,62,0,25,0,0,1,7,,,No,No,No,NO,0
3712704,Caucasian,Female,[40-50),6,NULL,25,Not Mapped,7,Emergency Room,2,Endocrinology,58,1,13,0,0,0,9,,>8,Down,Ch,Yes,>30,0
3783156,Caucasian,Male,[40-50),6,NULL,25,Not Mapped,7,Emergency Room,3,Surgery-General,47,0,12,0,0,0,4,,,No,No,Yes,>30,0
3787566,Caucasian,Male,[70-80),6,NULL,25,Not Mapped,1,Physician Referral,1,Orthopedics-Reconstructive,10,1,11,0,0,0,7,,,No,No,No,>30,0
3923562,Caucasian,Female,[80-90),1,Emergency,1,Discharged to home,7,Emergency Room,6,Cardiology,53,0,15,0,0,0,8,,Norm,Steady,Ch,Yes,<30,1
3988380,Caucasian,Female,[70-80),6,NULL,25,Not Mapped,7,Emergency Room,2,Family/GeneralPractice,30,0,7,0,0,0,9,,,Down,Ch,Yes,NO,0
4174734,,Female,[60-70),6,NULL,25,Not Mapped,1,Physician Referral,4,Pediatrics,25,1,16,0,0,0,3,,,Down,Ch,Yes,<30,1
4226292,Caucasian,Female,[80-90),6,NULL,1,Discharged to home,1,Physician Referral,8,,1,2,11,0,0,1,5,,,Down,Ch,Yes,>30,0
4248912,Caucasian,Male,[50-60),6,NULL,25,Not Mapped,1,Physician Referral,3,InternalMedicine,53,1,20,0,0,0,9,,,No,No,Yes,>30,0
4440984,Caucasian,Male,[70-80),6,NULL,25,Not Mapped,1,Physician Referral,2,Cardiology,61,5,10,0,0,0,7,,,No,No,No,NO,0
4470960,AfricanAmerican,Male,[50-60),6,NULL,25,Not Mapped,7,Emergency Room,10,Surgery-General,32,0,6,0,0,0,4,,,Steady,No,Yes,>30,0
4493466,AfricanAmerican,Female,[70-80),6,NULL,25,Not Mapped,7,Emergency Room,2,Pulmonology,57,1,12,0,0,0,4,,>8,Steady,Ch,Yes,NO,0
4497834,Caucasian,Female,[30-40),6,NULL,25,Not Mapped,7,Emergency Room,2,Gastroenterology,30,1,12,0,0,0,3,,,Steady,No,Yes,<30,1
4526874,AfricanAmerican,Female,[10-20),6,NULL,25,Not Mapped,1,Physician Referral,2,ObstetricsandGynecology,22,1,14,0,0,0,4,,,No,No,No,NO,0
4731546,AfricanAmerican,Female,[30-40),1,Emergency,1,Discharged to home,7,Emergency Room,6,,73,0,17,0,0,0,4,,,Up,Ch,Yes,>30,0
4840590,Caucasian,Male,[70-80),2,Urgent,1,Discharged to home,20,Not Mapped,3,,11,1,18,0,0,1,8,,,No,No,No,>30,0
4860744,Caucasian,Male,[70-80),2,Urgent,1,Discharged to home,2,Clinic Referral,1,,36,1,25,0,0,0,5,,,Steady,Ch,Yes,>30,0
5116878,Caucasian,Male,[60-70),2,Urgent,1,Discharged to home,2,Clinic Referral,2,,19,0,10,0,0,0,9,,,Steady,No,Yes,NO,0
5283786,Caucasian,Female,[50-60),6,NULL,25,Not Mapped,7,Emergency Room,2,Cardiology,36,0,12,0,0,1,6,,,No,No,Yes,<30,1
5657328,Caucasian,Male,[70-80),6,NULL,6,Discharged/transferred to home with home health service,1,Physician Referral,6,,28,2,16,1,0,1,5,>200,,Up,Ch,Yes,NO,0
5960106,Caucasian,Female,[70-80),2,Urgent,1,Discharged to home,20,Not Mapped,2,,42,3,12,0,0,0,7,,,Steady,Ch,Yes,NO,0
6395592,AfricanAmerican,Female,[80-90),1,Emergency,1,Discharged to home,7,Emergency Room,1,,52,1,8,0,0,1,7,,,Steady,No,Yes,>30,0
6657678,Caucasian,Male,[70-80),6,NULL,1,Discharged to home,7,Emergency Room,4,,61,3,19,0,0,1,5,>200,,No,No,No,>30,0
6820692,AfricanAmerican,Male,[40-50),6,NULL,25,Not Mapped,7,Emergency Room,5,InternalMedicine,47,0,7,0,0,1,4,,,Down,Ch,Yes,>30,0
6893976,AfricanAmerican,Male,[70-80),6,NULL,25,Not Mapped,1,Physician Referral,5,Family/GeneralPractice,70,0,9,0,0,0,9,,,Steady,No,Yes,NO,0
6899208,Caucasian,Female,[50-60),6,NULL,25,Not Mapped,1,Physician Referral,4,Gastroenterology,44,6,15,0,0,0,4,,,Steady,No,Yes,NO,0
6992808,AfricanAmerican,Male,[60-70),6,NULL,25,Not Mapped,7,Emergency Room,1,InternalMedicine,76,1,6,0,0,0,5,,>8,Steady,No,Yes,>30,0
7046418,Caucasian,Female,[60-70),6,NULL,25,Not Mapped,1,Physician Referral,4,InternalMedicine,45,0,15,0,0,0,9,,>7,Down,Ch,Yes,>30,0
7205370,Asian,Male,[50-60),3,Elective,1,Discharged to home,1,Physician Referral,8,Cardiology,49,1,23,0,0,0,9,,>7,Down,Ch,Yes,NO,0
7733208,Caucasian,Female,[60-70),1,Emergency,1,Discharged to home,7,Emergency Room,2,Cardiology,51,3,11,0,0,0,4,,Norm,No,No,No,NO,0
7734444,Caucasian,Female,[60-70),1,Emergency,3,Discharged/transferred to SNF,7,Emergency Room,2,InternalMedicine,39,0,18,0,0,0,6,,,Steady,Ch,Yes,NO,0
7957170,AfricanAmerican,Female,[60-70),1,Emergency,1,Discharged to home,7,Emergency Room,3,Nephrology,46,1,5,0,0,0,9,,,No,No,No,>30,0
8042082,Caucasian,Male,[50-60),6,NULL,1,Discharged to home,17,NULL,2,Cardiology,68,3,15,0,0,0,6,,,Steady,No,Yes,>30,0
8216922,Caucasian,Female,[80-90),6,NULL,25,Not Mapped,7,Emergency Room,6,InternalMedicine,50,1,8,0,0,0,9,,,Steady,No,Yes,<30,1
8231298,Caucasian,Female,[50-60),1,Emergency,1,Discharged to home,7,Emergency Room,7,Family/GeneralPractice,53,2,14,0,0,0,9,,>8,Down,Ch,Yes,NO,0
8282100,Caucasian,Male,[40-50),1,Emergency,1,Discharged to home,7,Emergency Room,1,Neurology,63,0,4,0,0,0,7,,>7,No,Ch,Yes,NO,0
8373792,Caucasian,Female,[80-90),2,Urgent,3,Discharged/transferred to SNF,1,Physician Referral,11,InternalMedicine,69,0,21,0,0,0,9,,,Steady,Ch,Yes,>30,0
8396652,Caucasian,Female,[70-80),1,Emergency,1,Discharged to home,7,Emergency Room,4,InternalMedicine,46,1,8,0,0,0,5,,>7,No,No,Yes,NO,0
8563584,Caucasian,Male,[70-80),2,Urgent,1,Discharged to home,2,Clinic Referral,1,,27,2,12,0,0,1,4,,,Steady,Ch,Yes,NO,0
8593734,Caucasian,Female,[60-70),1,Emergency,1,Discharged to home,1,Physician Referral,4,InternalMedicine,56,0,6,0,0,0,9,,>8,Steady,Ch,Yes,>30,0
8607732,Caucasian,Female,[20-30),6,NULL,1,Discharged to home,1,Physician Referral,2,ObstetricsandGynecology,20,3,11,1,0,0,4,,,Steady,No,Yes,NO,0
8712228,Caucasian,Male,[40-50),2,Urgent,1,Discharged to home,1,Physician Referral,4,InternalMedicine,62,3,23,0,0,0,7,,Norm,Down,Ch,Yes,>30,0
8860944,Caucasian,Female,[60-70),1,Emergency,1,Discharged to home,7,Emergency Room,4,InternalMedicine,60,1,16,0,0,1,9,,,Steady,No,Yes,>30,0
8874366,Caucasian,Female,[70-80),6,NULL,4,Discharged/transferred to ICF,7,Emergency Room,4,Cardiology,35,0,15,0,0,0,7,,,Down,Ch,Yes,<30,1
9066492,Caucasian,Female,[50-60),1,Emergency,1,Discharged to home,7,Emergency Room,4,Nephrology,62,1,8,0,0,0,8,,,No,No,No,NO,0
9077526,Caucasian,Male,[30-40),1,Emergency,7,Left AMA,7,Emergency Room,3,Psychiatry,46,1,11,0,0,0,5,,>8,Steady,No,Yes,>30,0
9150762,Caucasian,Female,[50-60),2,Urgent,1,Discharged to home,1,Physician Referral,7,InternalMedicine,42,1,20,0,0,1,7,,,Down,Ch,Yes,>30,0
9327402,AfricanAmerican,Male,[40-50),6,NULL,1,Discharged to home,17,NULL,3,Family/GeneralPractice,17,1,8,0,0,0,7,,,No,No,No,>30,0
9554862,Caucasian,Male,[70-80),6,NULL,1,Discharged to home,7,Emergency Room,13,Surgery-General,64,0,7,0,0,0,5,Norm,,No,No,No,NO,0
9582996,Caucasian,Male,[80-90),1,Emergency,1,Discharged to home,7,Emergency Room,5,InternalMedicine,49,2,16,0,0,2,9,,,No,No,Yes,NO,0
9621486,AfricanAmerican,Male,[60-70),1,Emergency,1,Discharged to home,7,Emergency Room,1,Family/GeneralPractice,46,0,7,0,0,0,3,,>8,Steady,Ch,Yes,NO,0
9794124,Caucasian,Female,[70-80),6,NULL,1,Discharged to home,1,Physician Referral,10,Psychiatry,48,3,16,0,0,1,6,,>8,No,No,No,>30,0
9804066,Caucasian,Male,[60-70),1,Emergency,3,Discharged/transferred to SNF,7,Emergency Room,6,,69,0,17,0,0,3,8,,,No,No,No,<30,1
9810510,Caucasian,Female,[80-90),1,Emergency,3,Discharged/transferred to SNF,7,Emergency Room,5,,61,0,18,0,0,0,4,,,Steady,No,Yes,<30,1
9825654,Caucasian,Male,[40-50),1,Emergency,2,Discharged/transferred to another short term hospital,7,Emergency Room,6,Psychiatry,51,0,6,0,0,0,5,,>8,Steady,No,Yes,<30,1
9876972,Caucasian,Female,[50-60),2,Urgent,1,Discharged to home,1,Physician Referral,9,Hematology/Oncology,80,1,14,0,0,0,6,,,Down,Ch,Yes,NO,0
9939354,Caucasian,Male,[60-70),1,Emergency,1,Discharged to home,7,Emergency Room,4,,45,6,25,0,1,1,9,,,Down,Ch,Yes,>30,0
10126866,Caucasian,Female,[80-90),2,Urgent,3,Discharged/transferred to SNF,20,Not Mapped,4,,46,3,17,0,0,0,9,,,Steady,Ch,Yes,>30,0
10128276,Caucasian,Male,[70-80),1,Emergency,1,Discharged to home,7,Emergency Room,2,,62,1,9,0,0,0,5,,,Steady,Ch,Yes,<30,1
10310262,Caucasian,Male,[50-60),1,Emergency,1,Discharged to home,7,Emergency Room,13,InternalMedicine,54,1,19,0,0,0,9,,>8,Down,Ch,Yes,<30,1
10377720,Caucasian,Male,[70-80),1,Emergency,3,Discharged/transferred to SNF,7,Emergency Room,4,Orthopedics-Reconstructive,75,1,21,0,0,0,8,,,No,No,Yes,NO,0
10741938,AfricanAmerican,Female,[40-50),2,Urgent,1,Discharged to home,4,Transfer from a hospital,6,,36,1,12,5,0,1,9,,,Down,Ch,Yes,>30,0
10757838,AfricanAmerican,Male,[40-50),1,Emergency,1,Discharged to home,7,Emergency Room,9,Nephrology,42,1,25,0,0,3,9,,,Up,Ch,Yes,<30,1
11129820,AfricanAmerican,Male,[20-30),1,Emergency,1,Discharged to home,1,Physician Referral,2,InternalMedicine,56,0,8,0,0,0,4,,>8,Steady,No,Yes,NO,0
11173470,AfricanAmerican,Female,[10-20),1,Emergency,1,Discharged to home,7,Emergency Room,3,Pediatrics-Endocrinology,51,0,3,0,0,0,1,,>8,Steady,No,Yes,NO,0
11303886,Caucasian,Male,[30-40),1,Emergency,1,Discharged to home,7,Emergency Room,4,Cardiology,28,0,15,0,0,0,2,,,Steady,No,Yes,NO,0
11328714,Caucasian,Female,[70-80),6,NULL,1,Discharged to home,17,NULL,14,,60,2,18,1,0,1,9,,,No,No,Yes,>30,0
11339412,Caucasian,Male,[60-70),2,Urgent,1,Discharged to home,1,Physician Referral,13,Cardiology,44,1,13,0,0,2,9,,>8,Up,Ch,Yes,NO,0
11407698,Caucasian,Male,[60-70),3,Elective,1,Discharged to home,1,Physician Referral,5,Surgery-General,31,1,10,0,0,0,4,,,No,No,No,NO,0
11484564,Caucasian,Male,[60-70),2,Urgent,1,Discharged to home,1,Physician Referral,2,Cardiology,10,2,9,0,0,0,4,,,No,No,No,NO,0
11665698,Caucasian,Female,[60-70),1,Emergency,1,Discharged to home,7,Emergency Room,9,Cardiology,52,6,26,0,0,0,6,,,Down,Ch,Yes,>30,0
11797506,Caucasian,Male,[40-50),1,Emergency,7,Left AMA,7,Emergency Room,4,Cardiology,70,0,10,0,0,0,8,,>7,Steady,No,Yes,NO,0
11941710,Caucasian,Female,[70-80),3,Elective,1,Discharged to home,1,Physician Referral,2,Surgery-General,52,1,17,0,0,0,4,,,No,No,Yes,NO,0
12023508,AfricanAmerican,Female,[50-60),1,Emergency,1,Discharged to home,7,Emergency Room,3,Family/GeneralPractice,58,0,10,0,0,0,6,,,Steady,Ch,Yes,NO,0
12127998,AfricanAmerican,Female,[50-60),1,Emergency,1,Discharged to home,7,Emergency Room,4,,52,5,20,0,0,0,6,,,Steady,Ch,Yes,>30,0
12151440,Caucasian,Female,[70-80),2,Urgent,1,Discharged to home,1,Physician Referral,4,Gastroenterology,63,0,14,0,0,2,9,,Norm,No,No,Yes,>30,0
12448770,Caucasian,Female,[70-80),6,NULL,1,Discharged to home,17,NULL,2,Cardiology,35,5,17,0,0,0,8,,,No,Ch,Yes,NO,0
12555738,AfricanAmerican,Male,[30-40),1,Emergency,1,Discharged to home,1,Physician Referral,1,Family/GeneralPractice,34,0,6,0,0,0,4,,,No,No,Yes,NO,0
12573588,Caucasian,Male,[50-60),2,Urgent,1,Discharged to home,1,Physician Referral,10,Psychiatry-Child/Adolescent,24,0,11,0,0,2,8,,Norm,Up,Ch,Yes,>30,0
12578112,Caucasian,Male,[30-40),1,Emergency,1,Discharged to home,7,Emergency Room,10,InternalMedicine,58,1,13,0,0,0,8,,,Steady,No,Yes,<30,1
12831804,Caucasian,Male,[50-60),6,NULL,1,Discharged to home,17,NULL,3,Family/GeneralPractice,72,0,12,0,0,0,8,,,Steady,No,Yes,<30,1
12831834,Caucasian,Female,[50-60),2,Urgent,2,Discharged/transferred to another short term hospital,1,Physician Referral,4,Psychiatry,53,0,29,0,0,0,9,,>8,No,Ch,Yes,NO,0
13041552,Caucasian,Female,[60-70),1,Emergency,1,Discharged to home,7,Emergency Room,7,Family/GeneralPractice,62,2,17,0,0,0,8,,>8,No,No,No,<30,1
13166040,Caucasian,Female,[90-100),1,Emergency,2,Discharged/transferred to another short term hospital,7,Emergency Room,4,Orthopedics-Reconstructive,44,1,13,0,0,0,6,,,No,No,No,NO,0
13257528,Caucasian,Female,[40-50),6,NULL,1,Discharged to home,7,Emergency Room,4,InternalMedicine,58,0,12,0,0,0,5,>300,,No,No,No,>30,0
13433244,Caucasian,Female,[70-80),1,Emergency,3,Discharged/transferred to SNF,7,Emergency Room,3,Family/GeneralPractice,65,0,7,0,0,3,8,,>8,Steady,No,Yes,NO,0
13641960,Caucasian,Male,[60-70),2,Urgent,1,Discharged to home,1,Physician Referral,1,Surgery-General,10,1,14,0,0,1,5,,,No,No,No,NO,0
13670784,Caucasian,Female,[80-90),1,Emergency,1,Discharged to home,7,Emergency Room,3,InternalMedicine,59,1,23,0,0,1,7,,,No,No,No,>30,0
13853292,Caucasian,Male,[60-70),1,Emergency,6,Discharged/transferred to home with home health service,7,Emergency Room,9,InternalMedicine,92,2,21,0,0,1,9,,,Steady,No,Yes,NO,0
13916286,AfricanAmerican,Male,[70-80),1,Emergency,3,Discharged/transferred to SNF,7,Emergency Room,8,Family/GeneralPractice,59,0,13,0,0,1,8,,>8,Steady,Ch,Yes,NO,0
14058954,Caucasian,Female,[60-70),1,Emergency,1,Discharged to home,7,Emergency Room,5,Family/GeneralPractice,41,2,15,0,0,0,8,,>7,No,No,Yes,<30,1
14067864,Caucasian,Female,[60-70),1,Emergency,1,Discharged to home,7,Emergency Room,9,InternalMedicine,71,0,15,0,0,1,5,,,Down,Ch,Yes,<30,1
14176182,Caucasian,Female,[60-70),3,Elective,1,Discharged to home,1,Physician Referral,2,Gynecology,47,4,11,0,0,0,9,,,No,No,No,NO,0
14252202,AfricanAmerican,Male,[60-70),1,Emergency,1,Discharged to home,7,Emergency Room,3,,47,5,11,0,0,0,5,,,Down,Ch,Yes,NO,0
14323146,AfricanAmerican,Female,[60-70),6,NULL,1,Discharged to home,1,Physician Referral,3,InternalMedicine,31,1,10,0,0,0,5,Norm,,Steady,Ch,Yes,>30,0
14590104,Caucasian,Female,[30-40),6,NULL,1,Discharged to home,7,Emergency Room,4,Pulmonology,76,0,20,0,0,0,6,,,No,No,No,>30,0
14590230,AfricanAmerican,Female,[50-60),1,Emergency,1,Discharged to home,7,Emergency Room,6,InternalMedicine,51,3,15,0,0,2,9,,,Steady,Ch,Yes,<30,1
14741052,Caucasian,Female,[60-70),3,Elective,1,Discharged to home,1,Physician Referral,2,InternalMedicine,78,0,6,0,0,0,9,,,Steady,No,Yes,NO,0
15133050,Caucasian,Female,[70-80),6,NULL,1,Discharged to home,7,Emergency Room,8,,50,0,15,0,0,0,5,,>8,No,Ch,Yes,<30,1
15143406,Caucasian,Female,[60-70),2,Urgent,1,Discharged to home,1,Physician Referral,2,Cardiology,34,2,14,0,0,0,6,,,Steady,No,Yes,NO,0
15451854,Caucasian,Female,[10-20),2,Urgent,1,Discharged to home,7,Emergency Room,2,Pediatrics,49,0,7,0,0,1,4,,>8,Steady,No,Yes,>30,0
15537372,Caucasian,Female,[70-80),6,NULL,1,Discharged to home,7,Emergency Room,13,InternalMedicine,63,1,13,0,0,1,5,>200,,Steady,No,Yes,>30,0
15779280,Caucasian,Male,[60-70),2,Urgent,1,Discharged to home,2,Clinic Referral,3,,25,1,13,0,0,2,9,,,Steady,Ch,Yes,NO,0
15795438,Caucasian,Female,[80-90),1,Emergency,1,Discharged to home,7,Emergency Room,3,,70,1,10,0,0,0,8,,,No,No,Yes,NO,0
16100208,Caucasian,Female,[40-50),1,Emergency,1,Discharged to home,7,Emergency Room,4,Pediatrics-Neurology,29,0,12,0,0,0,6,,>7,No,No,Yes,NO,0
16173198,,Female,[60-70),2,Urgent,1,Discharged to home,4,Transfer from a hospital,1,,56,3,14,0,0,0,5,,,Steady,No,Yes,NO,0
16184940,Caucasian,Male,[70-80),1,Emergency,6,Discharged/transferred to home with home health service,7,Emergency Room,2,Family/GeneralPractice,64,0,9,0,0,1,6,,>8,Down,Ch,Yes,NO,0
16186680,Caucasian,Female,[80-90),1,Emergency,1,Discharged to home,7,Emergency Room,7,InternalMedicine,57,2,13,0,0,1,9,,>7,No,No,No,>30,0
16203084,Caucasian,Male,[70-80),6,NULL,1,Discharged to home,17,NULL,3,InternalMedicine,72,0,12,0,0,0,6,,,Steady,No,Yes,>30,0
16203864,Caucasian,Female,[90-100),6,NULL,1,Discharged to home,7,Emergency Room,4,InternalMedicine,76,0,11,0,0,0,5,>300,,Steady,Ch,Yes,>30,0
16523640,Caucasian,Female,[50-60),6,NULL,1,Discharged to home,7,Emergency Room,5,,35,1,9,0,0,0,2,,>8,No,No,Yes,NO,0
16701066,Caucasian,Male,[70-80),2,Urgent,1,Discharged to home,20,Not Mapped,3,,38,2,10,0,0,0,9,,,Steady,No,Yes,>30,0
17024976,Caucasian,Female,[70-80),6,NULL,1,Discharged to home,17,NULL,6,,11,1,11,0,0,1,7,,,No,No,No,NO,0
17067144,Caucasian,Male,[40-50),6,NULL,1,Discharged to home,1,Physician Referral,1,Surgery-PlasticwithinHeadandNeck,28,3,15,0,0,0,5,,,No,No,Yes,>30,0
17073510,Caucasian,Female,[80-90),1,Emergency,3,Discharged/transferred to SNF,7,Emergency Room,6,InternalMedicine,58,0,14,0,0,0,9,,,Down,Ch,Yes,>30,0
17150220,Caucasian,Male,[80-90),1,Emergency,1,Discharged to home,7,Emergency Room,4,InternalMedicine,63,0,12,0,0,1,9,,,Steady,No,Yes,<30,1
17270148,Caucasian,Female,[60-70),3,Elective,1,Discharged to home,1,Physician Referral,4,Surgery-General,54,2,17,0,0,1,9,,,Steady,Ch,Yes,<30,1
17308284,Caucasian,Male,[70-80),6,NULL,1,Discharged to home,17,NULL,3,Surgery-General,47,1,7,0,0,0,4,,,Steady,Ch,Yes,NO,0
17326752,Caucasian,Male,[80-90),2,Urgent,1,Discharged to home,20,Not Mapped,1,,40,0,14,0,0,0,9,,,Steady,Ch,Yes,>30,0
17391594,Caucasian,Male,[70-80),1,Emergency,1,Discharged to home,7,Emergency Room,1,,36,1,10,0,0,1,9,,,Steady,Ch,Yes,NO,0
17702070,Caucasian,Female,[50-60),1,Emergency,1,Discharged to home,7,Emergency Room,1,Family/GeneralPractice,39,0,5,0,0,0,5,,>8,Steady,Ch,Yes,NO,0
17846328,Caucasian,Female,[40-50),1,Emergency,1,Discharged to home,7,Emergency Room,2,Psychiatry,72,1,3,0,0,0,7,,,No,No,No,NO,0
17959044,Caucasian,Female,[50-60),2,Urgent,1,Discharged to home,20,Not Mapped,4,,47,1,12,0,0,0,9,,,Steady,Ch,Yes,>30,0
18282204,Caucasian,Male,[70-80),2,Urgent,1,Discharged to home,1,Physician Referral,3,Surgery-General,23,3,15,0,0,0,8,,,No,No,Yes,>30,0
18322308,Caucasian,Male,[60-70),3,Elective,1,Discharged to home,1,Physician Referral,1,Surgery-Neuro,31,2,8,0,0,0,2,,,No,No,No,>30,0
18473148,Caucasian,Male,[50-60),3,Elective,1,Discharged to home,1,Physician Referral,1,Cardiology,39,5,4,0,0,0,3,,,No,No,No,>30,0
18502398,Caucasian,Female,[50-60),3,Elective,1,Discharged to home,1,Physician Referral,2,Cardiology,34,1,15,0,0,0,3,,,No,No,Yes,NO,0
18655626,Caucasian,Female,[10-20),1,Emergency,7,Left AMA,7,Emergency Room,6,Cardiology,77,0,17,0,0,0,6,,>8,Steady,No,Yes,NO,0
18841524,Caucasian,Female,[90-100),1,Emergency,3,Discharged/transferred to SNF,7,Emergency Room,11,Family/GeneralPractice,66,0,15,0,0,0,8,,,Steady,Ch,Yes,NO,0
18843456,AfricanAmerican,Female,[50-60),1,Emergency,1,Discharged to home,7,Emergency Room,1,,49,1,14,5,1,4,8,,,Steady,No,Yes,>30,0
18957864,AfricanAmerican,Female,[70-80),2,Urgent,1,Discharged to home,1,Physician Referral,4,InternalMedicine,40,0,16,0,0,0,4,,>7,Steady,Ch,Yes,NO,0
19080528,Caucasian,Female,[80-90),6,NULL,6,Discharged/transferred to home with home health service,17,NULL,3,,67,0,13,0,0,0,7,,,Steady,No,Yes,>30,0
19193592,Caucasian,Female,[60-70),2,Urgent,1,Discharged to home,1,Physician Referral,2,Orthopedics-Reconstructive,32,2,14,0,0,0,9,,,Down,Ch,Yes,>30,0
19253706,Caucasian,Male,[70-80),3,Elective,1,Discharged to home,2,Clinic Referral,2,,53,0,13,0,0,0,9,,,Down,Ch,Yes,NO,0
19353606,Caucasian,Female,[50-60),1,Emergency,1,Discharged to home,7,Emergency Room,1,Cardiology,37,6,13,0,0,1,5,,,No,No,Yes,NO,0
19383984,Caucasian,Female,[40-50),6,NULL,1,Discharged to home,1,Physician Referral,5,,73,0,11,1,0,0,5,,>8,Down,Ch,Yes,>30,0
19385352,Caucasian,Female,[90-100),1,Emergency,1,Discharged to home,7,Emergency Room,1,InternalMedicine,32,1,10,0,0,4,5,,,Steady,No,Yes,<30,1
19407516,Caucasian,Male,[60-70),1,Emergency,1,Discharged to home,7,Emergency Room,10,Nephrology,78,4,25,0,0,0,9,,>8,Down,Ch,Yes,>30,0
19419390,Caucasian,Female,[60-70),6,NULL,1,Discharged to home,7,Emergency Room,1,InternalMedicine,43,0,8,0,0,0,3,>200,,No,No,Yes,>30,0
19489758,Caucasian,Male,[70-80),1,Emergency,1,Discharged to home,7,Emergency Room,2,,60,5,11,0,0,0,8,,,No,No,No,NO,0
19588704,Caucasian,Male,[50-60),1,Emergency,1,Discharged to home,7,Emergency Room,2,Family/GeneralPractice,57,0,7,0,0,0,4,,,No,Ch,Yes,>30,0
19718994,Caucasian,Female,[80-90),6,NULL,11,Expired,17,NULL,2,InternalMedicine,56,0,18,0,0,0,7,,,No,No,Yes,NO,0
19851912,Caucasian,Male,[80-90),1,Emergency,1,Discharged to home,7,Emergency Room,5,Family/GeneralPractice,45,0,11,0,0,0,6,,,No,No,Yes,NO,0
19885452,Caucasian,Female,[40-50),1,Emergency,1,Discharged to home,7,Emergency Room,3,InternalMedicine,66,0,7,0,0,1,3,,,No,No,Yes,NO,0
20088012,,Female,[70-80),1,Emergency,1,Discharged to home,7,Emergency Room,4,Gastroenterology,48,1,8,0,0,0,5,,,Steady,No,Yes,NO,0
20140416,AfricanAmerican,Female,[30-40),1,Emergency,1,Discharged to home,7,Emergency Room,6,InternalMedicine,43,2,20,0,0,2,5,,,No,No,No,NO,0
20172468,Caucasian,Male,[80-90),5,Not Available,3,Discharged/transferred to SNF,17,NULL,6,,17,2,13,0,0,0,7,Norm,,No,No,Yes,NO,0
20302278,Caucasian,Male,[70-80),1,Emergency,1,Discharged to home,7,Emergency Room,4,InternalMedicine,55,0,10,0,0,4,6,,,Steady,No,Yes,<30,1
20304354,AfricanAmerican,Female,[30-40),1,Emergency,1,Discharged to home,7,Emergency Room,2,Pulmonology,36,0,15,0,0,1,7,,>8,Steady,No,Yes,>30,0
20720268,Caucasian,Female,[70-80),6,NULL,5,Discharged/transferred to another type of inpatient care institution,17,NULL,5,Family/GeneralPractice,81,0,13,0,0,0,9,,,No,No,No,<30,1
20881446,Caucasian,Male,[50-60),1,Emergency,1,Discharged to home,7,Emergency Room,2,InternalMedicine,35,0,4,0,0,1,4,,>8,Steady,No,Yes,>30,0
20884452,Caucasian,Male,[50-60),3,Elective,1,Discharged to home,1,Physician Referral,4,Surgery-Cardiovascular/Thoracic,49,2,11,0,0,2,4,,,No,No,No,>30,0
21036354,Hispanic,Male,[50-60),3,Elective,1,Discharged to home,1,Physician Referral,2,Cardiology,31,5,11,0,0,0,5,,,Up,Ch,Yes,NO,0
21104238,Caucasian,Female,[70-80),1,Emergency,1,Discharged to home,7,Emergency Room,3,Cardiology,48,3,12,0,0,1,6,,,Steady,Ch,Yes,NO,0
21407448,Caucasian,Female,[90-100),1,Emergency,3,Discharged/transferred to SNF,7,Emergency Room,4,InternalMedicine,56,2,22,0,0,0,9,,,Steady,No,Yes,NO,0
21570294,Caucasian,Female,[70-80),5,Not Available,1,Discharged to home,17,NULL,4,Family/GeneralPractice,18,0,20,0,0,0,8,>200,,Steady,No,Yes,>30,0
21711786,Caucasian,Male,[80-90),1,Emergency,1,Discharged to home,7,Emergency Room,3,InternalMedicine,47,5,15,0,0,0,6,,,No,No,Yes,NO,0
21712662,Hispanic,Male,[30-40),1,Emergency,1,Discharged to home,7,Emergency Room,7,,60,1,12,0,0,0,6,,,Steady,No,Yes,<30,1
21936402,Caucasian,Male,[50-60),1,Emergency,7,Left AMA,7,Emergency Room,10,InternalMedicine,69,3,23,0,0,2,9,,,No,No,No,>30,0
22060836,Caucasian,Female,[70-80),5,Not Available,1,Discharged to home,17,NULL,2,Hematology/Oncology,25,0,16,0,0,0,7,Norm,,No,No,Yes,>30,0
22436538,Caucasian,Male,[80-90),2,Urgent,3,Discharged/transferred to SNF,1,Physician Referral,3,Surgery-General,42,2,8,0,0,2,9,,>7,No,No,Yes,NO,0
22449504,Caucasian,Female,[30-40),3,Elective,6,Discharged/transferred to home with home health service,2,Clinic Referral,14,,31,2,29,0,0,1,9,,,Up,Ch,Yes,>30,0
22547316,Caucasian,Male,[60-70),5,Not Available,6,Discharged/transferred to home with home health service,17,NULL,2,Surgery-General,2,1,15,2,0,0,8,,,Down,Ch,Yes,<30,1
22624626,Other,Female,[70-80),1,Emergency,7,Left AMA,7,Emergency Room,4,,56,0,8,0,0,0,7,,,No,No,No,<30,1
22698732,Caucasian,Female,[60-70),6,NULL,1,Discharged to home,1,Physician Referral,4,InternalMedicine,35,1,9,0,0,1,2,Norm,,Up,Ch,Yes,>30,0
22710498,Caucasian,Female,[60-70),1,Emergency,5,Discharged/transferred to another type of inpatient care institution,7,Emergency Room,7,Pediatrics,46,2,23,0,0,0,8,,,No,No,Yes,<30,1
22729812,Caucasian,Male,[50-60),6,NULL,1,Discharged to home,17,NULL,5,Family/GeneralPractice,55,0,25,0,0,0,8,,,No,Ch,Yes,>30,0
22769598,Caucasian,Male,[50-60),6,NULL,1,Discharged to home,7,Emergency Room,1,InternalMedicine,62,0,8,0,0,0,7,,,Steady,No,Yes,<30,1
23040582,AfricanAmerican,Female,[40-50),1,Emergency,1,Discharged to home,7,Emergency Room,5,,63,0,18,0,1,4,4,,,Steady,No,Yes,>30,0
23062122,AfricanAmerican,Male,[50-60),1,Emergency,1,Discharged to home,7,Emergency Room,5,Pulmonology,51,0,16,0,0,0,7,,,No,No,No,>30,0
23202696,AfricanAmerican,Male,[40-50),1,Emergency,1,Discharged to home,7,Emergency Room,7,Pulmonology,62,2,23,0,0,6,9,,,Down,Ch,Yes,>30,0
23304216,AfricanAmerican,Female,[60-70),2,Urgent,1,Discharged to home,2,Clinic Referral,8,,4,0,8,0,0,0,5,,,No,No,Yes,>30,0
23313126,AfricanAmerican,Male,[50-60),1,Emergency,6,Discharged/transferred to home with home health service,7,Emergency Room,4,,33,2,13,0,0,1,9,,,No,No,Yes,>30,0
23321910,Caucasian,Male,[40-50),3,Elective,1,Discharged to home,1,Physician Referral,12,Psychiatry,60,0,11,0,0,2,7,,,No,Ch,Yes,>30,0
23450574,Hispanic,Male,[30-40),1,Emergency,1,Discharged to home,7,Emergency Room,4,,53,1,10,0,0,0,2,,,No,No,Yes,NO,0
23654016,AfricanAmerican,Male,[40-50),1,Emergency,7,Left AMA,7,Emergency Room,1,InternalMedicine,51,0,12,0,0,0,4,,,Down,Ch,Yes,NO,0
23752410,Caucasian,Female,[70-80),1,Emergency,1,Discharged to home,7,Emergency Room,3,InternalMedicine,56,0,12,0,0,0,9,,,No,No,No,NO,0
23846586,Caucasian,Female,[80-90),3,Elective,1,Discharged to home,1,Physician Referral,13,,41,0,9,0,0,0,8,,,Steady,No,Yes,NO,0
23851308,Caucasian,Male,[70-80),3,Elective,6,Discharged/transferred to home with home health service,1,Physician Referral,13,,57,1,17,0,0,0,6,,,No,No,No,<30,1
23885088,Caucasian,Female,[40-50),2,Urgent,1,Discharged to home,4,Transfer from a hospital,6,Cardiology,17,3,12,0,0,0,5,,Norm,No,No,No,NO,0
24069246,Caucasian,Male,[50-60),1,Emergency,6,Discharged/transferred to home with home health service,7,Emergency Room,5,,53,1,15,0,0,0,9,,,No,No,Yes,NO,0
24102912,Caucasian,Female,[50-60),1,Emergency,6,Discharged/transferred to home with home health service,7,Emergency Room,6,InternalMedicine,32,1,11,0,0,0,6,,,Steady,No,Yes,>30,0
24178818,Caucasian,Female,[60-70),1,Emergency,3,Discharged/transferred to SNF,7,Emergency Room,10,Family/GeneralPractice,70,0,13,0,0,0,9,,,No,No,No,NO,0
24183306,Caucasian,Female,[50-60),1,Emergency,6,Discharged/transferred to home with home health service,7,Emergency Room,4,Family/GeneralPractice,47,0,18,0,0,0,9,,,No,Ch,Yes,>30,0
24216690,Caucasian,Male,[40-50),6,NULL,1,Discharged to home,1,Physician Referral,6,Surgery-General,36,3,21,0,0,0,4,,,No,No,No,NO,0
24489882,Caucasian,Female,[60-70),3,Elective,1,Discharged to home,1,Physician Referral,1,,1,1,13,0,0,0,4,,,No,No,No,NO,0
24623538,AfricanAmerican,Male,[60-70),3,Elective,6,Discharged/transferred to home with home health service,1,Physician Referral,4,Urology,25,2,26,0,0,0,5,,,No,No,Yes,NO,0
24695562,Caucasian,Female,[50-60),3,Elective,5,Discharged/transferred to another type of inpatient care institution,1,Physician Referral,9,,61,5,30,0,0,0,9,,,No,No,Yes,<30,1
24741150,Caucasian,Male,[60-70),6,NULL,1,Discharged to home,7,Emergency Room,1,Cardiology,39,0,12,0,0,0,6,,,No,No,Yes,>30,0
24790536,AfricanAmerican,Female,[30-40),3,Elective,1,Discharged to home,1,Physician Referral,4,ObstetricsandGynecology,57,2,21,0,0,0,9,,,Steady,No,Yes,NO,0
24897390,Caucasian,Male,[90-100),1,Emergency,4,Discharged/transferred to ICF,7,Emergency Room,5,Emergency/Trauma,46,0,7,0,0,0,6,,,No,No,No,NO,0
24899208,Caucasian,Female,[70-80),5,Not Available,6,Discharged/transferred to home with home health service,17,NULL,2,Family/GeneralPractice,24,0,13,0,0,0,5,>300,,Steady,Ch,Yes,NO,0
24906216,AfricanAmerican,Male,[10-20),2,Urgent,1,Discharged to home,1,Physician Referral,2,Pediatrics-Endocrinology,15,0,4,0,0,0,2,,>8,Steady,No,Yes,NO,0
25014474,Caucasian,Male,[60-70),1,Emergency,3,Discharged/transferred to SNF,7,Emergency Room,9,,63,2,20,0,0,1,9,,,No,No,No,<30,1
25222794,Caucasian,Male,[50-60),3,Elective,6,Discharged/transferred to home with home health service,1,Physician Referral,6,Orthopedics,2,2,15,0,0,0,8,,,No,No,No,>30,0
25231830,AfricanAmerican,Female,[50-60),1,Emergency,6,Discharged/transferred to home with home health service,7,Emergency Room,3,,37,0,15,0,0,0,8,,Norm,No,No,No,<30,1
25295622,Caucasian,Female,[0-10),1,Emergency,1,Discharged to home,7,Emergency Room,3,Pediatrics-CriticalCare,66,0,11,0,0,0,1,,>8,Steady,No,Yes,NO,0
25675824,Caucasian,Female,[70-80),1,Emergency,1,Discharged to home,7,Emergency Room,4,,42,0,5,0,0,1,6,,,No,No,No,NO,0
25720758,Caucasian,Male,[60-70),6,NULL,1,Discharged to home,7,Emergency Room,4,Cardiology,73,1,20,0,0,1,7,,,Steady,Ch,Yes,>30,0
25733610,Caucasian,Male,[80-90),1,Emergency,3,Discharged/transferred to SNF,7,Emergency Room,4,InternalMedicine,43,1,8,0,0,1,7,,,No,No,No,NO,0
26167386,Caucasian,Female,[80-90),2,Urgent,3,Discharged/transferred to SNF,7,Emergency Room,1,Family/GeneralPractice,53,0,12,0,0,0,5,,>7,Up,Ch,Yes,<30,1
26228190,Caucasian,Female,[40-50),1,Emergency,6,Discharged/transferred to home with home health service,7,Emergency Room,13,Nephrology,68,4,24,0,0,2,9,,,No,No,No,<30,1
26284446,AfricanAmerican,Female,[60-70),1,Emergency,1,Discharged to home,7,Emergency Room,13,,44,0,10,0,0,0,9,,,Steady,No,Yes,NO,0
26301528,Caucasian,Female,[60-70),5,Not Available,1,Discharged to home,17,NULL,6,,27,2,24,0,1,0,8,>200,,No,No,Yes,<30,1
26333724,Caucasian,Male,[70-80),2,Urgent,11,Expired,1,Physician Referral,11,Surgery-Cardiovascular/Thoracic,87,6,35,0,0,0,9,,Norm,Up,Ch,Yes,NO,0
26458512,Caucasian,Female,[50-60),6,NULL,6,Discharged/transferred to home with home health service,17,NULL,13,InternalMedicine,50,4,38,0,0,0,9,,,No,No,Yes,>30,0
26509740,Caucasian,Female,[10-20),1,Emergency,1,Discharged to home,7,Emergency Room,3,Pediatrics,78,1,7,0,0,0,5,,>8,Up,Ch,Yes,>30,0
26615226,AfricanAmerican,Male,[60-70),3,Elective,1,Discharged to home,1,Physician Referral,5,,53,4,30,0,0,0,5,,,Steady,No,Yes,NO,0
26657004,Caucasian,Male,[60-70),6,NULL,2,Discharged/transferred to another short term hospital,1,Physician Referral,7,Cardiology,48,0,17,0,0,1,7,,,Steady,No,Yes,NO,0
26841144,Caucasian,Male,[50-60),2,Urgent,1,Discharged to home,4,Transfer from a hospital,6,,30,3,9,0,0,0,6,,,No,No,Yes,<30,1
26892984,Caucasian,Male,[80-90),1,Emergency,1,Discharged to home,7,Emergency Room,2,InternalMedicine,43,0,7,0,0,0,6,,,No,No,No,NO,0
26944716,AfricanAmerican,Female,[50-60),6,NULL,1,Discharged to home,17,NULL,2,InternalMedicine,51,2,20,0,0,0,4,,>8,No,No,Yes,NO,0
26974110,AfricanAmerican,Female,[70-80),5,Not Available,3,Discharged/transferred to SNF,17,NULL,7,Hematology/Oncology,22,0,17,0,0,1,8,Norm,,No,No,Yes,>30,0
27019374,Caucasian,Male,[60-70),5,Not Available,1,Discharged to home,17,NULL,2,,17,0,9,1,0,0,7,Norm,,No,No,No,>30,0
27026562,Caucasian,Male,[80-90),1,Emergency,1,Discharged to home,7,Emergency Room,4,,40,0,12,0,0,0,5,,,No,No,No,>30,0
27190806,Caucasian,Male,[60-70),2,Urgent,3,Discharged/transferred to SNF,2,Clinic Referral,10,Orthopedics,25,5,27,0,0,0,6,,,No,No,Yes,NO,0
27205980,Caucasian,Female,[50-60),3,Elective,6,Discharged/transferred to home with home health service,3,HMO Referral,6,,44,4,43,0,0,1,6,,,No,Ch,Yes,>30,0
27299076,Caucasian,Male,[50-60),1,Emergency,1,Discharged to home,7,Emergency Room,4,,25,2,15,0,0,0,9,,,No,No,No,>30,0
27315318,Caucasian,Male,[70-80),2,Urgent,1,Discharged to home,1,Physician Referral,3,InternalMedicine,56,0,10,0,0,0,9,,,No,No,Yes,<30,1
27328134,Caucasian,Female,[30-40),1,Emergency,1,Discharged to home,7,Emergency Room,3,,66,3,10,0,0,0,8,,,Steady,No,Yes,NO,0
27404298,Caucasian,Female,[80-90),1,Emergency,6,Discharged/transferred to home with home health service,7,Emergency Room,2,,40,0,9,0,0,0,8,,,No,No,No,NO,0
27499560,Caucasian,Female,[50-60),3,Elective,6,Discharged/transferred to home with home health service,1,Physician Referral,4,Family/GeneralPractice,45,0,18,0,0,1,9,,,No,Ch,Yes,<30,1
27514470,AfricanAmerican,Female,[60-70),3,Elective,1,Discharged to home,4,Transfer from a hospital,4,PhysicalMedicineandRehabilitation,40,0,19,0,1,1,9,,,No,No,No,<30,1
27662190,Caucasian,Female,[40-50),2,Urgent,1,Discharged to home,1,Physician Referral,3,InternalMedicine,50,3,11,0,0,0,6,,>7,No,Ch,Yes,NO,0
27736392,Caucasian,Male,[10-20),2,Urgent,1,Discharged to home,7,Emergency Room,3,Emergency/Trauma,2,0,6,0,0,0,1,,>8,Steady,No,Yes,NO,0
27748098,Caucasian,Male,[70-80),1,Emergency,1,Discharged to home,7,Emergency Room,1,,39,0,5,0,0,0,7,,,No,No,No,NO,0
27761088,Caucasian,Male,[70-80),1,Emergency,6,Discharged/transferred to home with home health service,7,Emergency Room,12,,48,0,18,0,0,3,9,,,Up,Ch,Yes,>30,0
27834450,Other,Male,[50-60),3,Elective,1,Discharged to home,1,Physician Referral,1,Cardiology,11,5,8,0,0,0,9,,,No,No,No,>30,0
28055178,Caucasian,Female,[70-80),3,Elective,1,Discharged to home,1,Physician Referral,4,Otolaryngology,6,1,13,0,0,0,4,,,No,No,Yes,NO,0
28175706,Asian,Female,[60-70),6,NULL,1,Discharged to home,7,Emergency Room,4,,56,1,16,0,0,0,5,>200,,Steady,No,Yes,>30,0
28297122,Caucasian,Female,[70-80),3,Elective,2,Discharged/transferred to another short term hospital,4,Transfer from a hospital,6,Family/GeneralPractice,30,3,16,0,0,0,8,,,Steady,Ch,Yes,<30,1
28300950,AfricanAmerican,Male,[70-80),1,Emergency,6,Discharged/transferred to home with home health service,7,Emergency Room,4,Neurology,60,1,13,0,0,0,9,,,Steady,No,Yes,NO,0
28309062,Caucasian,Female,[30-40),6,NULL,1,Discharged to home,1,Physician Referral,4,,31,0,9,0,0,0,4,,,No,No,Yes,NO,0
28391178,Caucasian,Female,[50-60),3,Elective,2,Discharged/transferred to another short term hospital,4,Transfer from a hospital,12,,58,2,26,0,0,2,8,,,No,No,No,NO,0
28434240,AfricanAmerican,Female,[60-70),1,Emergency,1,Discharged to home,7,Emergency Room,7,,61,3,23,0,0,3,9,,,Down,Ch,Yes,<30,1
28445940,AfricanAmerican,Female,[60-70),1,Emergency,1,Discharged to home,7,Emergency Room,3,InternalMedicine,41,0,9,0,0,0,4,,Norm,No,No,Yes,NO,0
28448934,Caucasian,Female,[80-90),5,Not Available,3,Discharged/transferred to SNF,17,NULL,5,,18,1,14,0,0,0,8,>300,,Steady,No,Yes,NO,0
28464840,Caucasian,Female,[70-80),6,NULL,1,Discharged to home,7,Emergency Room,6,Family/GeneralPractice,64,0,19,0,0,2,7,,,No,Ch,Yes,NO,0
28480896,Caucasian,Female,[30-40),3,Elective,1,Discharged to home,1,Physician Referral,2,ObstetricsandGynecology,54,1,10,0,0,0,5,,,No,No,No,NO,0
28694544,Caucasian,Male,[60-70),1,Emergency,1,Discharged to home,7,Emergency Room,2,Cardiology,69,1,16,0,0,0,7,,,Down,Ch,Yes,>30,0
28745964,AfricanAmerican,Female,[70-80),3,Elective,3,Discharged/transferred to SNF,2,Clinic Referral,6,,56,1,38,0,0,0,9,,,Steady,Ch,Yes,NO,0
28771206,Caucasian,Male,[30-40),3,Elective,1,Discharged to home,1,Physician Referral,10,,46,3,15,0,0,1,6,,,No,No,No,>30,0
28850202,,Female,[80-90),1,Emergency,5,Discharged/transferred to another type of inpatient care institution,7,Emergency Room,7,InternalMedicine,56,0,18,0,0,0,9,,,No,No,No,>30,0
28893144,Caucasian,Male,[70-80),1,Emergency,6,Discharged/transferred to home with home health service,17,NULL,6,Cardiology,26,1,13,0,0,1,8,>200,,No,Ch,Yes,NO,0
29108034,Caucasian,Female,[40-50),2,Urgent,1,Discharged to home,17,NULL,5,Orthopedics-Reconstructive,25,0,7,0,0,0,5,Norm,,No,No,Yes,NO,0
29123250,Caucasian,Female,[40-50),1,Emergency,1,Discharged to home,7,Emergency Room,1,Family/GeneralPractice,34,0,6,0,0,0,5,,,No,No,No,NO,0
29146830,Caucasian,Female,[80-90),1,Emergency,5,Discharged/transferred to another type of inpatient care institution,7,Emergency Room,13,Emergency/Trauma,65,1,14,0,0,0,9,,,Steady,No,Yes,NO,0
29186646,Caucasian,Female,[60-70),1,Emergency,1,Discharged to home,7,Emergency Room,1,Pulmonology,45,0,10,0,0,0,5,,,Steady,No,Yes,NO,0
29416524,AfricanAmerican,Female,[70-80),1,Emergency,1,Discharged to home,7,Emergency Room,3,,30,0,7,0,0,0,4,,,No,No,No,>30,0
29498508,Caucasian,Male,[70-80),3,Elective,1,Discharged to home,1,Physician Referral,9,,43,3,34,0,0,0,6,,,No,No,Yes,NO,0
29768856,Caucasian,Female,[80-90),1,Emergency,1,Discharged to home,7,Emergency Room,4,InternalMedicine,47,0,17,0,0,0,5,,,No,No,No,NO,0
29894160,Caucasian,Male,[70-80),1,Emergency,1,Discharged to home,17,NULL,2,Family/GeneralPractice,1,0,12,0,2,1,6,,,No,No,Yes,>30,0
30167226,Caucasian,Male,[70-80),2,Urgent,1,Discharged to home,1,Physician Referral,1,Cardiology,41,1,6,0,0,1,6,,,No,No,No,NO,0
30314232,AfricanAmerican,Male,[50-60),6,NULL,1,Discharged to home,7,Emergency Room,5,Surgery-General,57,1,12,0,0,0,3,Norm,,No,No,No,NO,0
30390828,AfricanAmerican,Male,[70-80),1,Emergency,1,Discharged to home,7,Emergency Room,2,,24,2,6,0,0,0,5,,,No,No,Yes,>30,0
30413088,Caucasian,Female,[50-60),1,Emergency,1,Discharged to home,7,Emergency Room,1,Cardiology,40,0,13,0,0,1,6,,,Down,Ch,Yes,>30,0
30419976,AfricanAmerican,Male,[50-60),1,Emergency,1,Discharged to home,7,Emergency Room,3,,73,4,13,0,0,0,8,,,No,No,No,NO,0
30439344,Caucasian,Female,[60-70),6,NULL,1,Discharged to home,7,Emergency Room,8,InternalMedicine,57,2,13,0,0,1,3,>200,,No,No,No,>30,0
30480642,Caucasian,Male,[70-80),1,Emergency,1,Discharged to home,7,Emergency Room,3,,38,0,7,0,0,0,7,,,No,No,Yes,>30,0
30546708,AfricanAmerican,Male,[60-70),1,Emergency,5,Discharged/transferred to another type of inpatient care institution,7,Emergency Room,14,,66,3,30,0,0,0,5,,,Steady,No,Yes,>30,0
30569268,AfricanAmerican,Male,[50-60),1,Emergency,1,Discharged to home,7,Emergency Room,11,,72,5,11,0,0,0,9,,>8,Steady,No,Yes,>30,0
30815688,Caucasian,Male,[70-80),2,Urgent,1,Discharged to home,4,Transfer from a hospital,8,,64,4,26,0,0,0,7,,,No,Ch,Yes,NO,0
30855366,Caucasian,Male,[60-70),1,Emergency,1,Discharged to home,7,Emergency Room,6,InternalMedicine,47,0,12,0,0,0,7,,,Steady,No,Yes,NO,0
30870354,Caucasian,Male,[70-80),1,Emergency,1,Discharged to home,7,Emergency Room,4,InternalMedicine,75,0,16,0,0,0,9,,>8,Steady,Ch,Yes,NO,0
30944034,Caucasian,Male,[50-60),1,Emergency,1,Discharged to home,7,Emergency Room,2,Cardiology,47,6,14,0,0,1,8,,>8,No,No,No,NO,0
30975018,Caucasian,Male,[50-60),1,Emergency,6,Discharged/transferred to home with home health service,7,Emergency Room,10,,57,1,13,0,0,0,7,,,No,Ch,Yes,NO,0
31117374,Caucasian,Female,[50-60),1,Emergency,1,Discharged to home,7,Emergency Room,4,Pulmonology,42,0,14,0,0,1,5,,,Steady,Ch,Yes,NO,0
31153296,Caucasian,Male,[30-40),2,Urgent,6,Discharged/transferred to home with home health service,17,NULL,6,Surgery-General,25,2,14,0,0,0,8,Norm,,Down,Ch,Yes,>30,0
31218132,Caucasian,Male,[80-90),1,Emergency,3,Discharged/transferred to SNF,7,Emergency Room,7,Family/GeneralPractice,49,1,15,0,0,0,6,,,Steady,No,Yes,NO,0
31268520,Caucasian,Male,[70-80),1,Emergency,2,Discharged/transferred to another short term hospital,7,Emergency Room,11,Pulmonology,36,2,15,0,0,0,9,,>7,Steady,Ch,Yes,NO,0
31390686,Caucasian,Female,[70-80),1,Emergency,1,Discharged to home,7,Emergency Room,2,Cardiology,53,4,14,0,0,0,8,,,No,No,No,NO,0
31451646,AfricanAmerican,Female,[80-90),1,Emergency,6,Discharged/transferred to home with home health service,7,Emergency Room,3,,36,0,13,0,0,0,9,,,No,No,No,>30,0
31556100,Caucasian,Female,[60-70),1,Emergency,1,Discharged to home,7,Emergency Room,2,Nephrology,40,1,13,0,0,1,9,,,Down,Ch,Yes,>30,0
31567332,Caucasian,Male,[70-80),1,Emergency,1,Discharged to home,7,Emergency Room,4,,50,0,6,0,0,0,3,,,No,No,Yes,NO,0
31584780,Caucasian,Female,[50-60),1,Emergency,1,Discharged to home,7,Emergency Room,3,InternalMedicine,32,0,8,0,0,0,9,,,No,No,Yes,>30,0
31588080,Hispanic,Female,[60-70),6,NULL,2,Discharged/transferred to another short term hospital,7,Emergency Room,12,InternalMedicine,86,1,20,0,0,1,5,>300,,No,No,No,NO,0
31589736,Caucasian,Male,[60-70),1,Emergency,1,Discharged to home,7,Emergency Room,4,InternalMedicine,65,0,13,0,0,0,6,,>7,No,No,No,NO,0
31712472,Caucasian,Female,[80-90),5,Not Available,6,Discharged/transferred to home with home health service,17,NULL,5,,19,1,7,0,0,0,8,Norm,,Down,Ch,Yes,NO,0
31793634,Caucasian,Male,[60-70),2,Urgent,3,Discharged/transferred to SNF,1,Physician Referral,11,Surgery-General,52,4,23,0,0,0,9,,>7,No,Ch,Yes,>30,0
31957662,AfricanAmerican,Female,[60-70),6,NULL,2,Discharged/transferred to another short term hospital,17,NULL,3,,58,0,18,0,0,1,7,,,No,No,No,<30,1
31980318,AfricanAmerican,Female,[70-80),1,Emergency,1,Discharged to home,7,Emergency Room,6,InternalMedicine,34,0,6,0,0,0,9,,,Steady,No,Yes,>30,0
31982244,Caucasian,Female,[70-80),1,Emergency,3,Discharged/transferred to SNF,7,Emergency Room,4,InternalMedicine,44,1,11,0,0,2,9,,,Steady,Ch,Yes,>30,0
31993794,Caucasian,Female,[60-70),1,Emergency,1,Discharged to home,7,Emergency Room,4,,42,3,19,0,0,0,9,,,Down,Ch,Yes,NO,0
32000226,Caucasian,Female,[60-70),5,Not Available,3,Discharged/transferred to SNF,17,NULL,7,Family/GeneralPractice,19,0,10,0,0,0,8,>300,,Steady,Ch,Yes,NO,0
32004990,Caucasian,Male,[40-50),1,Emergency,1,Discharged to home,7,Emergency Room,4,InternalMedicine,48,1,12,0,0,0,4,,,Steady,No,Yes,NO,0
32013516,Caucasian,Male,[70-80),1,Emergency,1,Discharged to home,17,NULL,4,Surgery-General,22,0,11,0,0,0,3,Norm,,No,No,Yes,NO,0
32023716,Caucasian,Male,[80-90),1,Emergency,1,Discharged to home,7,Emergency Room,4,Family/GeneralPractice,53,4,11,0,0,0,7,,,Up,Ch,Yes,NO,0
32028828,Caucasian,Female,[70-80),3,Elective,5,Discharged/transferred to another type of inpatient care institution,4,Transfer from a hospital,6,,60,6,43,0,0,0,4,,,No,No,No,NO,0
32028960,Caucasian,Male,[60-70),2,Urgent,6,Discharged/transferred to home with home health service,4,Transfer from a hospital,12,,57,6,47,0,0,0,6,,,No,Ch,Yes,NO,0
32029146,Caucasian,Female,[80-90),6,NULL,3,Discharged/transferred to SNF,7,Emergency Room,8,Pulmonology,48,0,22,1,0,0,6,,,No,No,No,>30,0
32040216,Caucasian,Male,[60-70),3,Elective,1,Discharged to home,1,Physician Referral,5,Surgery-Cardiovascular/Thoracic,48,3,12,0,0,0,7,,>8,No,No,No,NO,0
32186706,Caucasian,Female,[70-80),1,Emergency,6,Discharged/transferred to home with home health service,4,Transfer from a hospital,7,,47,4,30,0,0,1,7,,,No,No,Yes,NO,0
32192580,Caucasian,Male,[70-80),3,Elective,1,Discharged to home,1,Physician Referral,7,,28,1,34,0,0,0,5,,,No,Ch,Yes,>30,0
32201508,AfricanAmerican,Female,[50-60),1,Emergency,1,Discharged to home,7,Emergency Room,13,Psychiatry,28,0,8,0,0,2,7,,>7,No,No,Yes,>30,0
32297556,AfricanAmerican,Male,[80-90),1,Emergency,1,Discharged to home,7,Emergency Room,3,Orthopedics-Reconstructive,51,2,11,0,0,0,9,,>7,Steady,No,Yes,>30,0
32326944,AfricanAmerican,Female,[80-90),3,Elective,6,Discharged/transferred to home with home health service,2,Clinic Referral,7,,35,2,37,0,2,0,4,,,Down,Ch,Yes,<30,1
32344368,Caucasian,Female,[60-70),2,Urgent,1,Discharged to home,4,Transfer from a hospital,13,,72,2,13,0,0,0,6,,,No,No,Yes,NO,0
32403228,Caucasian,Male,[50-60),2,Urgent,1,Discharged to home,1,Physician Referral,1,Cardiology,47,5,10,0,0,0,4,,Norm,No,No,No,NO,0
32425932,AfricanAmerican,Male,[50-60),1,Emergency,1,Discharged to home,7,Emergency Room,5,InternalMedicine,79,1,8,0,0,1,9,,>7,Steady,No,Yes,<30,1
32430300,Caucasian,Male,[40-50),1,Emergency,6,Discharged/transferred to home with home health service,7,Emergency Room,3,,57,0,6,0,0,1,6,,>8,Steady,No,Yes,<30,1
32552598,Caucasian,Male,[70-80),2,Urgent,1,Discharged to home,1,Physician Referral,3,Surgery-Cardiovascular/Thoracic,34,3,21,0,0,0,8,,,Down,Ch,Yes,NO,0
32579646,AfricanAmerican,Female,[20-30),1,Emergency,1,Discharged to home,7,Emergency Room,4,,49,0,11,0,0,0,5,,,No,No,No,<30,1
32631852,Caucasian,Female,[60-70),1,Emergency,7,Left AMA,7,Emergency Room,2,InternalMedicine,70,1,10,0,0,0,7,,,Steady,No,Yes,NO,0
32644158,Caucasian,Male,[50-60),5,Not Available,1,Discharged to home,17,NULL,2,Family/GeneralPractice,22,0,9,0,0,0,5,>300,,Steady,No,Yes,<30,1
32720310,Caucasian,Male,[80-90),1,Emergency,1,Discharged to home,7,Emergency Room,7,,42,2,20,0,0,1,4,,,No,No,Yes,>30,0
32735664,Caucasian,Female,[60-70),1,Emergency,1,Discharged to home,7,Emergency Room,5,,52,0,15,0,0,0,9,,>8,No,No,No,NO,0
32753976,Caucasian,Male,[70-80),1,Emergency,14,Hospice / medical facility,7,Emergency Room,11,Family/GeneralPractice,46,0,18,0,0,0,8,,,Down,Ch,Yes,<30,1
32862450,Caucasian,Female,[30-40),1,Emergency,6,Discharged/transferred to home with home health service,7,Emergency Room,4,Family/GeneralPractice,34,2,14,0,0,0,6,,,No,No,No,NO,0
32918838,Caucasian,Female,[80-90),5,Not Available,3,Discharged/transferred to SNF,17,NULL,3,Orthopedics-Reconstructive,25,3,20,0,0,0,5,Norm,,No,No,Yes,>30,0
32980998,Caucasian,Female,[80-90),1,Emergency,6,Discharged/transferred to home with home health service,7,Emergency Room,8,,48,3,18,0,0,0,9,,,No,No,Yes,>30,0
32997024,Caucasian,Male,[50-60),1,Emergency,1,Discharged to home,7,Emergency Room,1,Family/GeneralPractice,44,0,4,0,0,0,4,,,No,No,Yes,NO,0
32997414,Caucasian,Female,[70-80),2,Urgent,5,Discharged/transferred to another type of inpatient care institution,1,Physician Referral,6,Family/GeneralPractice,75,2,17,0,0,0,9,,>8,Up,Ch,Yes,<30,1
33020172,Caucasian,Male,[50-60),2,Urgent,1,Discharged to home,1,Physician Referral,10,Nephrology,63,0,21,0,0,0,9,,>7,No,No,No,<30,1
33032220,Caucasian,Female,[70-80),1,Emergency,3,Discharged/transferred to SNF,5,Transfer from a Skilled Nursing Facility (SNF),9,,52,1,21,0,0,0,9,,>8,No,No,Yes,NO,0
33039570,Caucasian,Male,[70-80),1,Emergency,3,Discharged/transferred to SNF,7,Emergency Room,13,InternalMedicine,67,1,15,0,0,0,9,,,Steady,No,Yes,>30,0
33278466,AfricanAmerican,Female,[30-40),1,Emergency,6,Discharged/transferred to home with home health service,7,Emergency Room,7,Surgery-General,36,2,18,0,0,3,5,,,Down,Ch,Yes,NO,0
33402594,,Male,[80-90),1,Emergency,14,Hospice / medical facility,7,Emergency Room,2,InternalMedicine,62,0,9,0,0,0,9,,,No,No,No,NO,0
33461196,Caucasian,Female,[60-70),3,Elective,1,Discharged to home,1,Physician Referral,6,,42,1,6,0,0,0,3,,,No,Ch,Yes,NO,0
33503832,Caucasian,Male,[70-80),1,Emergency,1,Discharged to home,7,Emergency Room,9,Cardiology,75,4,43,0,0,0,9,,,Up,Ch,Yes,NO,0
33503946,Caucasian,Male,[70-80),2,Urgent,1,Discharged to home,1,Physician Referral,11,Cardiology,65,4,19,0,0,2,9,,>8,Steady,No,Yes,>30,0
33528318,AfricanAmerican,Male,[70-80),1,Emergency,1,Discharged to home,7,Emergency Room,5,,51,4,10,0,0,2,7,,Norm,No,No,Yes,>30,0
33568614,Caucasian,Female,[80-90),5,Not Available,3,Discharged/transferred to SNF,17,NULL,4,Family/GeneralPractice,16,0,7,0,0,2,7,>200,,Down,Ch,Yes,NO,0
33580158,AfricanAmerican,Male,[40-50),1,Emergency,1,Discharged to home,7,Emergency Room,2,InternalMedicine,39,1,16,0,0,1,8,,,No,No,No,>30,0
33726900,Caucasian,Female,[70-80),6,NULL,1,Discharged to home,17,NULL,9,Family/GeneralPractice,75,5,21,0,0,0,8,,>8,No,No,Yes,>30,0
33734814,AfricanAmerican,Female,[70-80),1,Emergency,6,Discharged/transferred to home with home health service,7,Emergency Room,8,,66,1,20,0,0,0,9,,,Steady,No,Yes,NO,0
33889218,Caucasian,Female,[50-60),3,Elective,3,Discharged/transferred to SNF,1,Physician Referral,1,Surgery-General,34,1,12,0,0,1,9,,>7,No,No,No,>30,0
33946530,AfricanAmerican,Male,[60-70),2,Urgent,1,Discharged to home,1,Physician Referral,4,,33,1,12,0,0,0,5,,,No,No,Yes,NO,0
33978768,AfricanAmerican,Female,[70-80),1,Emergency,6,Discharged/transferred to home with home health service,7,Emergency Room,5,Family/GeneralPractice,42,0,12,0,0,0,9,,,No,No,Yes,>30,0
33989412,Caucasian,Male,[80-90),6,NULL,1,Discharged to home,17,NULL,7,,69,0,18,1,0,0,7,,,Steady,No,Yes,>30,0
33996402,Caucasian,Female,[50-60),3,Elective,1,Discharged to home,1,Physician Referral,4,,44,4,28,0,0,0,6,,,No,No,Yes,>30,0
34208838,Caucasian,Male,[80-90),1,Emergency,11,Expired,7,Emergency Room,3,,40,0,11,0,0,3,5,,,Up,Ch,Yes,NO,0
34278258,Caucasian,Male,[60-70),6,NULL,1,Discharged to home,17,NULL,2,InternalMedicine,47,0,23,0,0,0,7,,>8,Steady,No,Yes,>30,0
34278456,AfricanAmerican,Female,[60-70),3,Elective,1,Discharged to home,2,Clinic Referral,8,,38,4,39,0,0,0,6,,,Up,Ch,Yes,<30,1
34283394,Caucasian,Female,[20-30),3,Elective,1,Discharged to home,1,Physician Referral,1,,28,4,12,0,0,0,6,,,Steady,No,Yes,>30,0
34397004,Caucasian,Male,[50-60),3,Elective,1,Discharged to home,1,Physician Referral,1,Cardiology,47,4,6,0,0,0,5,,,No,No,No,>30,0
34420482,Caucasian,Male,[50-60),3,Elective,1,Discharged to home,1,Physician Referral,3,Urology,40,2,19,0,0,0,3,,,No,No,Yes,NO,0
34420860,Caucasian,Male,[50-60),3,Elective,1,Discharged to home,1,Physician Referral,7,,50,3,19,0,0,0,9,,,No,No,No,NO,0
34465452,Caucasian,Female,[60-70),5,Not Available,1,Discharged to home,17,NULL,5,ObstetricsandGynecology,12,1,15,0,0,0,8,,,No,Ch,Yes,NO,0
34605702,Caucasian,Female,[80-90),3,Elective,6,Discharged/transferred to home with home health service,4,Transfer from a hospital,12,PhysicalMedicineandRehabilitation,50,0,16,0,0,1,9,,,Steady,Ch,Yes,NO,0
34636932,AfricanAmerican,Male,[70-80),1,Emergency,1,Discharged to home,7,Emergency Room,6,,35,0,12,0,0,0,4,,,No,No,Yes,>30,0
34652700,Caucasian,Female,[70-80),3,Elective,6,Discharged/transferred to home with home health service,4,Transfer from a hospital,8,,32,3,16,0,0,0,6,,>7,No,No,No,NO,0
34815240,,Female,[70-80),1,Emergency,1,Discharged to home,17,NULL,4,,20,1,15,0,0,0,8,>200,,Steady,Ch,Yes,>30,0
34820406,AfricanAmerican,Female,[50-60),1,Emergency,6,Discharged/transferred to home with home health service,7,Emergency Room,8,,71,4,24,0,0,0,9,,,No,No,Yes,>30,0
34823658,Caucasian,Male,[70-80),3,Elective,5,Discharged/transferred to another type of inpatient care institution,6,Transfer from another health care facility,3,,1,0,8,0,0,1,7,,,No,No,Yes,NO,0
34835262,Caucasian,Male,[60-70),1,Emergency,2,Discharged/transferred to another short term hospital,7,Emergency Room,12,,86,3,22,1,0,1,9,,,Steady,No,Yes,>30,0
34902336,Caucasian,Male,[0-10),1,Emergency,1,Discharged to home,7,Emergency Room,3,Pediatrics-Endocrinology,47,0,5,0,0,0,1,,>8,Steady,No,Yes,NO,0
34904568,Caucasian,Female,[80-90),1,Emergency,1,Discharged to home,17,NULL,4,Cardiology,15,0,11,0,0,0,6,>200,,No,No,No,NO,0
34933062,Caucasian,Male,[70-80),1,Emergency,1,Discharged to home,7,Emergency Room,1,Family/GeneralPractice,53,0,12,0,0,0,9,,,No,No,Yes,>30,0
34954128,Caucasian,Female,[70-80),1,Emergency,1,Discharged to home,7,Emergency Room,5,,50,2,11,0,0,0,8,,>8,No,Ch,Yes,NO,0
35025630,Caucasian,Male,[50-60),3,Elective,1,Discharged to home,2,Clinic Referral,2,,38,3,16,0,0,0,5,,,Down,Ch,Yes,NO,0
35040582,AfricanAmerican,Female,[70-80),3,Elective,1,Discharged to home,1,Physician Referral,5,Surgery-Cardiovascular/Thoracic,64,3,22,0,0,1,7,,,Down,Ch,Yes,>30,0
35044770,Caucasian,Female,[70-80),3,Elective,6,Discharged/transferred to home with home health service,1,Physician Referral,7,,25,1,34,0,0,0,7,,,No,No,Yes,NO,0
35045094,Caucasian,Female,[20-30),1,Emergency,1,Discharged to home,7,Emergency Room,4,,51,0,14,0,0,1,9,,,Down,Ch,Yes,<30,1
35111460,Caucasian,Male,[80-90),1,Emergency,1,Discharged to home,7,Emergency Room,5,,27,1,5,0,0,0,4,,,No,No,No,NO,0
35153916,Caucasian,Female,[40-50),1,Emergency,1,Discharged to home,7,Emergency Room,2,,20,0,12,0,0,0,7,,,No,No,No,NO,0
35162982,Caucasian,Male,[70-80),1,Emergency,1,Discharged to home,7,Emergency Room,6,Cardiology,40,0,15,0,0,0,8,,,No,No,Yes,>30,0
35170116,AfricanAmerican,Female,[70-80),1,Emergency,1,Discharged to home,7,Emergency Room,5,InternalMedicine,41,0,16,0,0,1,8,,>8,No,No,No,<30,1
35228358,Other,Female,[60-70),3,Elective,1,Discharged to home,1,Physician Referral,5,,40,1,17,0,0,0,9,,,No,No,Yes,>30,0
35340666,AfricanAmerican,Female,[50-60),1,Emergency,5,Discharged/transferred to another type of inpatient care institution,7,Emergency Room,5,,57,2,10,0,0,0,9,,,Up,Ch,Yes,<30,1
35380968,Caucasian,Female,[50-60),6,NULL,6,Discharged/transferred to home with home health service,4,Transfer from a hospital,3,Pulmonology,1,1,7,0,0,1,6,,,No,No,No,NO,0
35398794,Caucasian,Female,[80-90),6,NULL,1,Discharged to home,1,Physician Referral,2,InternalMedicine,59,0,10,0,0,0,5,,,No,No,Yes,<30,1
35594928,Caucasian,Male,[70-80),1,Emergency,1,Discharged to home,7,Emergency Room,7,,44,6,15,0,0,1,9,,,No,No,No,<30,1
35655420,Caucasian,Male,[50-60),2,Urgent,6,Discharged/transferred to home with home health service,2,Clinic Referral,11,,57,6,48,0,0,0,8,,>7,No,No,Yes,<30,1
35832774,Caucasian,Female,[10-20),1,Emergency,1,Discharged to home,7,Emergency Room,3,Pediatrics-CriticalCare,53,0,5,0,0,2,1,,>8,Steady,No,Yes,>30,0
36056496,Hispanic,Female,[60-70),1,Emergency,6,Discharged/transferred to home with home health service,7,Emergency Room,5,,51,0,16,0,0,0,5,,>8,No,No,Yes,>30,0
36091764,AfricanAmerican,Male,[70-80),1,Emergency,1,Discharged to home,7,Emergency Room,6,,25,0,8,0,0,0,8,,,No,No,Yes,NO,0
36098202,Caucasian,Female,[60-70),1,Emergency,1,Discharged to home,7,Emergency Room,2,InternalMedicine,18,0,9,0,0,0,8,,,No,No,Yes,NO,0
36104478,Caucasian,Female,[50-60),3,Elective,1,Discharged to home,1,Physician Referral,10,,53,1,23,0,0,1,9,,,Steady,Ch,Yes,NO,0
36225744,Caucasian,Female,[50-60),5,Not Available,1,Discharged to home,17,NULL,1,Family/GeneralPractice,20,0,11,0,1,1,5,>300,,Down,Ch,Yes,>30,0
36360930,Caucasian,Male,[70-80),1,Emergency,5,Discharged/transferred to another type of inpatient care institution,7,Emergency Room,3,Family/GeneralPractice,54,0,7,0,0,0,8,,,No,No,No,NO,0
36370146,,Male,[50-60),3,Elective,5,Discharged/transferred to another type of inpatient care institution,1,Physician Referral,1,Urology,20,1,9,0,0,1,4,,,No,No,No,NO,0
36441438,Caucasian,Male,[60-70),3,Elective,1,Discharged to home,2,Clinic Referral,7,,66,1,35,0,0,0,8,,,Steady,Ch,Yes,<30,1
36524988,Caucasian,Female,[70-80),1,Emergency,3,Discharged/transferred to SNF,4,Transfer from a hospital,12,,84,5,39,0,0,0,9,,,Steady,Ch,Yes,NO,0
36557736,AfricanAmerican,Female,[60-70),1,Emergency,1,Discharged to home,2,Clinic Referral,1,,42,1,9,1,0,1,8,,,No,No,No,<30,1
36575376,Caucasian,Female,[70-80),5,Not Available,6,Discharged/transferred to home with home health service,17,NULL,1,,21,0,11,0,0,0,8,Norm,,Down,Ch,Yes,NO,0
36575808,Caucasian,Male,[70-80),6,NULL,6,Discharged/transferred to home with home health service,17,NULL,6,Cardiology,50,2,23,1,0,2,7,,,No,No,No,>30,0
36735528,Caucasian,Male,[90-100),1,Emergency,1,Discharged to home,7,Emergency Room,1,,47,0,5,0,0,0,6,,,No,No,Yes,NO,0
36749370,AfricanAmerican,Male,[60-70),3,Elective,6,Discharged/transferred to home with home health service,3,HMO Referral,3,Urology,25,1,17,0,0,0,2,,,No,Ch,Yes,NO,0
36924942,Caucasian,Female,[70-80),1,Emergency,5,Discharged/transferred to another type of inpatient care institution,7,Emergency Room,8,,42,0,21,0,0,1,9,,,No,No,Yes,>30,0
36925584,Caucasian,Female,[80-90),1,Emergency,3,Discharged/transferred to SNF,5,Transfer from a Skilled Nursing Facility (SNF),6,,23,2,11,0,0,1,6,,,No,No,No,NO,0
36974334,Caucasian,Female,[50-60),2,Urgent,18,NULL,1,Physician Referral,8,,45,0,16,0,0,0,4,,,Steady,Ch,Yes,NO,0
36988722,AfricanAmerican,Female,[30-40),1,Emergency,1,Discharged to home,7,Emergency Room,2,InternalMedicine,43,0,8,0,0,7,3,,,Steady,No,Yes,>30,0
36997344,AfricanAmerican,Female,[20-30),1,Emergency,1,Discharged to home,7,Emergency Room,2,Family/GeneralPractice,51,0,7,0,0,0,3,,>8,No,No,Yes,NO,0
37118796,Caucasian,Male,[60-70),3,Elective,1,Discharged to home,1,Physician Referral,4,,9,1,19,0,0,0,7,,,Down,Ch,Yes,>30,0
37191096,Caucasian,Female,[80-90),3,Elective,1,Discharged to home,1,Physician Referral,4,,36,1,12,0,0,1,7,,>8,Steady,No,Yes,NO,0
37268736,Caucasian,Female,[80-90),6,NULL,3,Discharged/transferred to SNF,17,NULL,4,,50,0,16,1,0,1,6,,,No,No,No,>30,0
37271340,Caucasian,Male,[70-80),2,Urgent,1,Discharged to home,1,Physician Referral,7,InternalMedicine,72,5,26,0,0,0,6,,,No,No,Yes,NO,0
37332570,Caucasian,Female,[30-40),1,Emergency,18,NULL,7,Emergency Room,9,,76,4,33,0,0,2,9,,,No,No,No,<30,1
37356492,Caucasian,Male,[70-80),1,Emergency,1,Discharged to home,7,Emergency Room,2,Pulmonology,47,0,7,0,0,0,7,,,No,No,No,NO,0
37468776,Caucasian,Male,[50-60),1,Emergency,1,Discharged to home,7,Emergency Room,5,Cardiology,74,1,15,0,0,1,8,,,No,Ch,Yes,>30,0
37530108,Caucasian,Male,[50-60),5,Not Available,11,Expired,17,NULL,1,Family/GeneralPractice,18,1,15,1,0,0,4,>300,,Steady,No,Yes,NO,0
37547100,Caucasian,Male,[60-70),6,NULL,1,Discharged to home,17,NULL,5,Family/GeneralPractice,64,0,9,0,0,0,7,,,No,No,Yes,NO,0
37558854,Caucasian,Male,[40-50),1,Emergency,1,Discharged to home,17,NULL,1,Family/GeneralPractice,12,0,12,2,7,6,8,,,No,Ch,Yes,<30,1
37582044,Caucasian,Male,[50-60),1,Emergency,1,Discharged to home,7,Emergency Room,3,InternalMedicine,58,0,8,0,0,0,8,,,No,Ch,Yes,NO,0
37648860,Caucasian,Male,[60-70),2,Urgent,1,Discharged to home,1,Physician Referral,6,Cardiology,32,6,18,0,0,0,9,,,No,No,Yes,NO,0
37697130,AfricanAmerican,Male,[70-80),1,Emergency,1,Discharged to home,7,Emergency Room,2,,59,0,11,0,0,2,6,,,No,No,Yes,>30,0
37901130,Caucasian,Male,[80-90),5,Not Available,3,Discharged/transferred to SNF,17,NULL,4,Family/GeneralPractice,18,2,14,0,0,0,8,>300,,No,No,No,NO,0
37938288,Caucasian,Male,[70-80),5,Not Available,3,Discharged/transferred to SNF,17,NULL,11,Family/GeneralPractice,26,1,27,0,1,0,8,>300,,Down,Ch,Yes,NO,0
38169996,Caucasian,Female,[60-70),2,Urgent,18,NULL,1,Physician Referral,3,,53,0,13,0,0,1,7,,,No,Ch,Yes,NO,0
38216754,Caucasian,Male,[70-80),1,Emergency,1,Discharged to home,7,Emergency Room,3,Family/GeneralPractice,58,0,8,0,0,1,9,,,No,No,No,>30,0
38245794,Caucasian,Male,[60-70),6,NULL,1,Discharged to home,7,Emergency Room,2,InternalMedicine,44,0,4,0,0,0,5,Norm,,No,No,No,>30,0
38334366,AfricanAmerican,Female,[60-70),1,Emergency,18,NULL,7,Emergency Room,1,,30,0,2,0,0,0,4,,>8,No,No,No,NO,0
38339334,AfricanAmerican,Male,[60-70),6,NULL,1,Discharged to home,1,Physician Referral,8,Oncology,57,0,12,0,1,6,5,,,No,No,Yes,>30,0
38353338,Caucasian,Female,[70-80),2,Urgent,1,Discharged to home,4,Transfer from a hospital,3,,34,3,13,0,0,0,6,,,Steady,Ch,Yes,NO,0
38458878,AfricanAmerican,Female,[40-50),1,Emergency,18,NULL,7,Emergency Room,2,Family/GeneralPractice,59,0,13,0,0,0,6,,,Steady,No,Yes,>30,0
38461710,AfricanAmerican,Female,[60-70),1,Emergency,1,Discharged to home,7,Emergency Room,2,Family/GeneralPractice,48,2,16,0,0,4,8,,,Steady,No,Yes,>30,0
38491584,Caucasian,Female,[80-90),6,NULL,1,Discharged to home,17,NULL,3,Cardiology,69,3,19,0,0,2,7,,,No,Ch,Yes,NO,0
38593770,Caucasian,Male,[80-90),1,Emergency,18,NULL,7,Emergency Room,9,,50,5,23,0,0,0,6,,>8,Down,Ch,Yes,<30,1
38619054,Caucasian,Female,[70-80),1,Emergency,18,NULL,7,Emergency Room,6,,43,0,15,0,0,0,9,,,No,No,No,NO,0
38722548,Caucasian,Male,[80-90),3,Elective,18,NULL,4,Transfer from a hospital,8,,30,6,12,0,0,0,7,,,No,No,No,NO,0
38845560,Caucasian,Male,[50-60),3,Elective,18,NULL,1,Physician Referral,1,,20,4,13,0,0,0,4,,,No,No,Yes,NO,0
38953836,Caucasian,Female,[80-90),1,Emergency,1,Discharged to home,7,Emergency Room,11,Family/GeneralPractice,58,0,26,0,0,0,6,,,Steady,Ch,Yes,<30,1
38959182,Caucasian,Female,[30-40),3,Elective,1,Discharged to home,1,Physician Referral,3,ObstetricsandGynecology,23,3,19,0,0,0,6,,,No,No,No,NO,0
39011184,Caucasian,Female,[60-70),2,Urgent,1,Discharged to home,1,Physician Referral,2,Family/GeneralPractice,31,0,8,0,0,1,9,,,No,No,Yes,NO,0
39023388,Caucasian,Male,[50-60),3,Elective,1,Discharged to home,2,Clinic Referral,3,,61,4,36,0,0,0,9,,,Steady,Ch,Yes,NO,0
39048276,AfricanAmerican,Female,[80-90),5,Not Available,1,Discharged to home,17,NULL,4,Family/GeneralPractice,24,0,16,0,2,0,8,Norm,,No,Ch,Yes,NO,0
39088908,Caucasian,Female,[60-70),1,Emergency,1,Discharged to home,7,Emergency Room,9,Cardiology,67,6,29,0,0,0,7,,,Up,Ch,Yes,NO,0
39199464,Caucasian,Female,[70-80),1,Emergency,1,Discharged to home,7,Emergency Room,2,Family/GeneralPractice,77,0,17,0,0,0,8,,>7,No,No,Yes,NO,0
39465372,Caucasian,Female,[70-80),1,Emergency,18,NULL,7,Emergency Room,13,,66,3,29,0,0,0,9,,>7,No,No,No,<30,1
39593814,Caucasian,Female,[80-90),1,Emergency,3,Discharged/transferred to SNF,7,Emergency Room,3,Family/GeneralPractice,36,0,7,0,0,3,6,,,No,No,Yes,NO,0
39613974,,Male,[70-80),6,NULL,1,Discharged to home,17,NULL,4,InternalMedicine,43,1,19,0,0,0,7,,,No,No,Yes,>30,0
39625062,AfricanAmerican,Female,[70-80),1,Emergency,18,NULL,7,Emergency Room,2,,29,1,7,0,0,0,4,,,No,No,No,NO,0
39632274,Caucasian,Male,[80-90),5,Not Available,6,Discharged/transferred to home with home health service,17,NULL,6,Surgery-General,24,1,9,1,0,0,7,Norm,,No,No,No,>30,0
39741690,Caucasian,Male,[60-70),1,Emergency,18,NULL,7,Emergency Room,2,,54,0,16,0,0,0,9,,,No,No,Yes,NO,0
39822546,Caucasian,Male,[70-80),6,NULL,1,Discharged to home,7,Emergency Room,3,InternalMedicine,66,0,9,0,0,0,5,Norm,,No,No,No,>30,0
39886872,Caucasian,Male,[60-70),2,Urgent,18,NULL,2,Clinic Referral,3,,33,3,19,0,0,0,4,,,No,No,No,NO,0
39982368,Caucasian,Female,[50-60),2,Urgent,6,Discharged/transferred to home with home health service,2,Clinic Referral,6,,46,2,21,0,0,1,9,,,Steady,Ch,Yes,NO,0
39982416,AfricanAmerican,Male,[50-60),1,Emergency,1,Discharged to home,7,Emergency Room,1,InternalMedicine,34,0,5,0,0,0,5,,,No,No,Yes,NO,0
39986376,Caucasian,Female,[40-50),1,Emergency,1,Discharged to home,17,NULL,2,,27,0,11,0,1,0,7,>200,,Steady,No,Yes,NO,0
40045134,Asian,Male,[50-60),1,Emergency,18,NULL,7,Emergency Room,2,InternalMedicine,44,1,13,0,0,2,6,,,No,No,No,>30,0
40138344,Caucasian,Male,[90-100),1,Emergency,18,NULL,7,Emergency Room,6,Family/GeneralPractice,54,1,8,0,0,0,9,,,No,Ch,Yes,<30,1
40167048,Caucasian,Female,[30-40),1,Emergency,1,Discharged to home,7,Emergency Room,3,InternalMedicine,31,0,15,0,0,0,7,,,No,Ch,Yes,<30,1
40264734,Caucasian,Female,[60-70),2,Urgent,1,Discharged to home,1,Physician Referral,4,InternalMedicine,56,1,20,0,0,0,9,,,No,No,No,NO,0
40276788,Caucasian,Female,[40-50),3,Elective,1,Discharged to home,1,Physician Referral,8,Surgery-General,60,2,15,0,0,2,6,,,Steady,No,Yes,>30,0
40323126,Caucasian,Female,[80-90),1,Emergency,6,Discharged/transferred to home with home health service,7,Emergency Room,3,,69,0,12,0,0,0,6,,,No,Ch,Yes,>30,0
40327332,Caucasian,Female,[60-70),3,Elective,18,NULL,4,Transfer from a hospital,3,,20,6,12,0,0,0,7,,,No,No,Yes,>30,0
40517988,Caucasian,Male,[50-60),2,Urgent,1,Discharged to home,1,Physician Referral,8,,75,0,12,0,0,0,9,,,Steady,No,Yes,>30,0
40740912,Caucasian,Female,[80-90),5,Not Available,3,Discharged/transferred to SNF,17,NULL,9,Surgery-General,24,1,25,0,0,1,8,>200,,No,No,No,NO,0
40894350,Caucasian,Male,[60-70),1,Emergency,18,NULL,7,Emergency Room,3,,34,1,5,0,0,0,4,,,No,Ch,Yes,NO,0
41079666,Caucasian,Female,[90-100),6,NULL,11,Expired,5,Transfer from a Skilled Nursing Facility (SNF),2,Psychiatry,38,0,10,0,0,0,3,,,No,No,No,NO,0
41245962,Caucasian,Male,[60-70),3,Elective,6,Discharged/transferred to home with home health service,2,Clinic Referral,11,,70,5,25,0,0,1,9,,,Down,Ch,Yes,>30,0
41349024,Caucasian,Female,[0-10),3,Elective,1,Discharged to home,1,Physician Referral,6,Anesthesiology-Pediatric,65,1,21,0,0,0,8,,>8,Steady,No,Yes,NO,0
41375748,Caucasian,Male,[70-80),1,Emergency,18,NULL,7,Emergency Room,2,,36,0,12,0,0,0,9,,,No,Ch,Yes,NO,0
41378664,Caucasian,Male,[70-80),6,NULL,1,Discharged to home,17,NULL,5,Cardiology,72,3,17,1,0,0,7,,>8,Up,Ch,Yes,>30,0
41410746,Caucasian,Female,[20-30),1,Emergency,1,Discharged to home,7,Emergency Room,2,InternalMedicine,47,0,5,0,0,1,4,,>8,Steady,No,Yes,NO,0
41430336,Caucasian,Male,[50-60),3,Elective,1,Discharged to home,1,Physician Referral,4,Hematology/Oncology,40,1,14,0,0,1,5,,,No,No,No,NO,0
41502888,Caucasian,Male,[70-80),1,Emergency,1,Discharged to home,7,Emergency Room,2,InternalMedicine,68,1,8,0,0,0,8,,,No,No,No,NO,0
41535024,Hispanic,Male,[60-70),2,Urgent,18,NULL,2,Clinic Referral,2,,27,1,11,1,0,2,9,,,No,No,No,>30,0
41537532,AfricanAmerican,Female,[70-80),1,Emergency,18,NULL,7,Emergency Room,3,,24,1,7,0,0,0,9,,,No,Ch,Yes,>30,0
41544654,Caucasian,Female,[50-60),6,NULL,6,Discharged/transferred to home with home health service,17,NULL,1,Surgery-General,41,2,9,0,0,0,5,,,No,No,No,NO,0
41559126,Caucasian,Male,[70-80),1,Emergency,3,Discharged/transferred to SNF,7,Emergency Room,2,InternalMedicine,52,0,14,0,0,0,9,,,Steady,No,Yes,>30,0
41754042,Caucasian,Male,[60-70),2,Urgent,1,Discharged to home,1,Physician Referral,9,Cardiology,83,6,31,0,0,0,9,,>8,Down,Ch,Yes,>30,0
41773410,Caucasian,Male,[40-50),3,Elective,18,NULL,1,Physician Referral,1,,1,4,8,0,0,0,3,,,No,Ch,Yes,NO,0
41914002,Caucasian,Female,[80-90),1,Emergency,18,NULL,7,Emergency Room,6,,43,1,16,0,0,2,8,,,Steady,No,Yes,>30,0
41998806,AfricanAmerican,Male,[50-60),1,Emergency,1,Discharged to home,7,Emergency Room,3,InternalMedicine,62,0,10,0,0,0,5,,,Steady,Ch,Yes,NO,0
42033534,AfricanAmerican,Female,[40-50),1,Emergency,1,Discharged to home,7,Emergency Room,2,InternalMedicine,48,1,14,0,0,0,8,,,Steady,No,Yes,<30,1
42073620,Caucasian,Female,[40-50),2,Urgent,1,Discharged to home,17,NULL,7,Family/GeneralPractice,26,1,21,1,0,0,6,Norm,,Steady,No,Yes,>30,0
42342648,AfricanAmerican,Male,[70-80),2,Urgent,18,NULL,1,Physician Referral,5,,25,1,4,0,0,0,8,,,No,No,No,NO,0
42432912,Caucasian,Male,[70-80),1,Emergency,1,Discharged to home,7,Emergency Room,8,InternalMedicine,68,0,13,0,0,0,8,,,Steady,Ch,Yes,<30,1
42470472,AfricanAmerican,Female,[70-80),1,Emergency,1,Discharged to home,7,Emergency Room,6,,61,4,15,4,1,0,9,,,Steady,Ch,Yes,NO,0
42605280,Caucasian,Female,[10-20),2,Urgent,1,Discharged to home,4,Transfer from a hospital,1,,42,0,7,0,0,0,4,,,Steady,No,Yes,NO,0
42645030,Caucasian,Male,[70-80),3,Elective,1,Discharged to home,1,Physician Referral,1,Cardiology,34,5,4,0,0,0,6,,,No,No,No,NO,0
42709974,Caucasian,Male,[40-50),1,Emergency,1,Discharged to home,7,Emergency Room,2,,57,3,20,0,0,0,6,,>8,Steady,Ch,Yes,NO,0
42712728,Caucasian,Male,[60-70),3,Elective,18,NULL,1,Physician Referral,4,,44,4,20,0,0,0,4,,,Steady,Ch,Yes,NO,0
42938748,Caucasian,Male,[70-80),1,Emergency,1,Discharged to home,7,Emergency Room,6,,58,0,17,0,1,0,6,,,Steady,Ch,Yes,>30,0
42938976,Caucasian,Male,[70-80),1,Emergency,2,Discharged/transferred to another short term hospital,1,Physician Referral,3,InternalMedicine,1,3,8,0,0,0,4,,,Steady,No,Yes,NO,0
43033788,AfricanAmerican,Female,[50-60),1,Emergency,1,Discharged to home,7,Emergency Room,2,Psychiatry,42,0,9,0,0,2,6,,,Steady,No,Yes,>30,0
43060458,AfricanAmerican,Female,[50-60),3,Elective,18,NULL,1,Physician Referral,4,Surgery-Neuro,1,3,22,0,0,0,6,,,No,Ch,Yes,NO,0
43075512,AfricanAmerican,Female,[30-40),3,Elective,1,Discharged to home,1,Physician Referral,4,ObstetricsandGynecology,34,2,21,0,0,0,9,,,Down,Ch,Yes,NO,0
43180860,AfricanAmerican,Male,[60-70),1,Emergency,7,Left AMA,7,Emergency Room,10,Family/GeneralPractice,85,2,20,0,0,0,9,,,Steady,No,Yes,NO,0
43192416,Caucasian,Male,[70-80),1,Emergency,1,Discharged to home,7,Emergency Room,5,,48,6,40,0,0,0,7,,,Steady,No,Yes,<30,1
43199646,Caucasian,Female,[50-60),1,Emergency,18,NULL,7,Emergency Room,5,,87,1,8,0,0,3,7,,,No,No,No,>30,0
43236360,Caucasian,Male,[70-80),1,Emergency,1,Discharged to home,7,Emergency Room,9,InternalMedicine,63,0,21,0,0,0,9,,>8,Down,Ch,Yes,NO,0
43309488,Caucasian,Female,[70-80),1,Emergency,18,NULL,7,Emergency Room,4,,55,5,18,0,0,0,4,,,No,No,No,NO,0
43382340,AfricanAmerican,Male,[70-80),1,Emergency,3,Discharged/transferred to SNF,7,Emergency Room,7,Cardiology,42,2,11,0,0,1,9,,,No,No,No,NO,0
43467342,Caucasian,Female,[40-50),1,Emergency,18,NULL,7,Emergency Room,2,,43,0,11,0,0,0,8,,>8,No,No,No,NO,0
43483146,Caucasian,Male,[60-70),6,NULL,6,Discharged/transferred to home with home health service,17,NULL,2,Orthopedics-Reconstructive,45,1,16,1,1,2,4,,,No,No,Yes,NO,0
43500888,AfricanAmerican,Female,[20-30),1,Emergency,1,Discharged to home,7,Emergency Room,1,,61,0,10,15,8,7,9,,,Down,Ch,Yes,NO,0
43585362,AfricanAmerican,Male,[60-70),2,Urgent,18,NULL,2,Clinic Referral,2,,22,0,11,3,0,3,9,,,Steady,No,Yes,<30,1
43618854,Caucasian,Male,[70-80),3,Elective,18,NULL,3,HMO Referral,5,,48,5,34,0,0,0,3,,,No,No,Yes,NO,0
43742778,Caucasian,Female,[40-50),5,Not Available,1,Discharged to home,17,NULL,1,Nephrology,24,0,18,0,0,0,8,Norm,,Up,Ch,Yes,NO,0
43758678,AfricanAmerican,Female,[60-70),1,Emergency,18,NULL,5,Transfer from a Skilled Nursing Facility (SNF),5,Pediatrics,48,0,11,0,0,0,9,,,No,No,No,NO,0
43759056,AfricanAmerican,Male,[50-60),1,Emergency,1,Discharged to home,7,Emergency Room,5,Pulmonology,53,2,15,0,0,0,3,,,No,No,Yes,NO,0
43846752,Caucasian,Female,[70-80),1,Emergency,18,NULL,7,Emergency Room,2,,43,0,7,0,0,0,7,,,No,No,No,>30,0
43900524,AfricanAmerican,Female,[20-30),3,Elective,1,Discharged to home,1,Physician Referral,4,ObstetricsandGynecology,56,2,22,0,0,0,6,,Norm,Steady,No,Yes,>30,0
43900800,Caucasian,Female,[70-80),1,Emergency,11,Expired,4,Transfer from a hospital,11,,60,4,38,0,0,1,9,,,Down,Ch,Yes,NO,0
43981608,Caucasian,Male,[60-70),1,Emergency,18,NULL,7,Emergency Room,3,,60,0,11,0,0,0,9,,,No,No,No,NO,0
44013960,AfricanAmerican,Male,[60-70),1,Emergency,1,Discharged to home,7,Emergency Room,1,,63,1,7,0,1,0,9,,,Down,Ch,Yes,>30,0
44440248,Caucasian,Male,[70-80),5,Not Available,1,Discharged to home,17,NULL,4,Cardiology,27,0,16,0,0,0,8,Norm,,No,No,Yes,>30,0
44711592,Caucasian,Female,[30-40),5,Not Available,1,Discharged to home,17,NULL,13,Psychiatry,7,0,12,1,0,0,5,,,No,No,Yes,>30,0
44729616,Caucasian,Male,[80-90),3,Elective,1,Discharged to home,1,Physician Referral,3,Surgery-Neuro,41,2,15,0,0,0,6,,,Steady,No,Yes,NO,0
44829894,AfricanAmerican,Male,[60-70),1,Emergency,18,NULL,7,Emergency Room,5,,63,0,11,0,0,0,9,,>8,No,Ch,Yes,>30,0
44841864,AfricanAmerican,Male,[40-50),1,Emergency,1,Discharged to home,7,Emergency Room,1,InternalMedicine,60,0,7,0,0,0,2,,>8,Down,Ch,Yes,NO,0
44944854,,Female,[50-60),3,Elective,18,NULL,4,Transfer from a hospital,7,Surgery-Neuro,32,3,20,0,0,0,4,,,No,No,Yes,NO,0
44961744,AfricanAmerican,Male,[70-80),1,Emergency,1,Discharged to home,7,Emergency Room,6,Surgery-General,48,5,29,0,0,0,8,,,Up,Ch,Yes,NO,0
44963256,Caucasian,Male,[50-60),2,Urgent,1,Discharged to home,1,Physician Referral,11,Cardiology,59,3,23,0,0,0,9,,,No,No,No,NO,0
44964000,Caucasian,Female,[60-70),5,Not Available,6,Discharged/transferred to home with home health service,17,NULL,3,,22,1,20,0,0,0,8,Norm,,No,No,No,NO,0
44966328,Caucasian,Female,[80-90),1,Emergency,1,Discharged to home,7,Emergency Room,2,Cardiology,35,0,13,0,0,1,7,,,No,No,No,NO,0
44982426,Caucasian,Female,[70-80),1,Emergency,1,Discharged to home,7,Emergency Room,2,,61,2,12,1,0,0,7,,,Steady,No,Yes,>30,0
44989062,Caucasian,Male,[40-50),3,Elective,1,Discharged to home,1,Physician Referral,5,Surgery-Cardiovascular/Thoracic,50,3,23,0,0,1,4,,,Steady,Ch,Yes,NO,0
45214308,AfricanAmerican,Female,[80-90),1,Emergency,1,Discharged to home,7,Emergency Room,3,InternalMedicine,61,0,11,0,0,0,9,,,No,No,No,NO,0
45322890,Caucasian,Male,[70-80),3,Elective,18,NULL,3,HMO Referral,9,,42,3,21,0,0,2,9,,,No,No,No,<30,1
45331176,Caucasian,Female,[60-70),6,NULL,6,Discharged/transferred to home with home health service,17,NULL,9,,3,0,18,0,0,0,7,,,Down,Ch,Yes,>30,0
45345192,Caucasian,Female,[60-70),3,Elective,18,NULL,3,HMO Referral,1,,30,1,26,0,0,0,5,,,No,No,No,NO,0
45438276,AfricanAmerican,Female,[50-60),2,Urgent,1,Discharged to home,1,Physician Referral,2,Surgery-General,51,1,13,0,0,0,8,,,Steady,No,Yes,>30,0
45440796,AfricanAmerican,Female,[40-50),1,Emergency,1,Discharged to home,7,Emergency Room,2,InternalMedicine,39,1,10,0,0,0,5,,,Steady,Ch,Yes,NO,0
45543180,AfricanAmerican,Male,[60-70),1,Emergency,18,NULL,7,Emergency Room,5,,58,0,15,0,0,1,9,,,No,No,No,NO,0
45591012,Caucasian,Female,[60-70),1,Emergency,6,Discharged/transferred to home with home health service,7,Emergency Room,13,InternalMedicine,55,3,31,0,0,0,8,,,No,No,No,NO,0
45621366,Caucasian,Male,[60-70),1,Emergency,1,Discharged to home,7,Emergency Room,1,InternalMedicine,3,0,14,0,0,1,9,,,No,No,Yes,NO,0
45812214,AfricanAmerican,Male,[50-60),1,Emergency,18,NULL,7,Emergency Room,5,,49,1,15,0,0,3,9,,>8,Up,Ch,Yes,>30,0
45950682,Caucasian,Female,[60-70),3,Elective,18,NULL,4,Transfer from a hospital,9,,49,0,19,0,0,1,9,,,Steady,No,Yes,<30,1
45969630,Caucasian,Male,[80-90),1,Emergency,18,NULL,7,Emergency Room,7,,44,0,18,0,0,0,9,,>7,No,No,No,>30,0
45998658,Caucasian,Female,[70-80),5,Not Available,3,Discharged/transferred to SNF,17,NULL,6,,24,2,15,0,0,1,8,>200,,Down,Ch,Yes,NO,0
46070604,Caucasian,Female,[80-90),2,Urgent,18,NULL,1,Physician Referral,6,,41,3,15,0,0,0,9,,,No,No,Yes,>30,0
46220088,AfricanAmerican,Male,[70-80),1,Emergency,6,Discharged/transferred to home with home health service,7,Emergency Room,4,Cardiology,55,0,5,0,0,0,7,,,Steady,Ch,Yes,>30,0
46242192,Caucasian,Female,[70-80),1,Emergency,1,Discharged to home,7,Emergency Room,5,InternalMedicine,54,2,14,0,0,0,9,,,No,No,No,NO,0
46250184,,Male,[80-90),1,Emergency,1,Discharged to home,7,Emergency Room,3,Cardiology,46,0,13,0,0,0,8,,,No,No,Yes,>30,0
46322322,Caucasian,Female,[80-90),2,Urgent,18,NULL,1,Physician Referral,9,,45,2,25,0,0,2,9,,>7,No,No,Yes,NO,0
46330620,Caucasian,Male,[60-70),1,Emergency,18,NULL,7,Emergency Room,10,,61,0,15,0,0,1,8,,,No,Ch,Yes,NO,0
46348458,Caucasian,Male,[70-80),1,Emergency,3,Discharged/transferred to SNF,7,Emergency Room,10,InternalMedicine,47,4,8,0,0,1,8,,,No,No,No,NO,0
46350714,Caucasian,Male,[70-80),1,Emergency,6,Discharged/transferred to home with home health service,7,Emergency Room,4,InternalMedicine,59,0,4,0,0,0,7,,>7,No,Ch,Yes,NO,0
46351074,AfricanAmerican,Female,[70-80),1,Emergency,18,NULL,7,Emergency Room,9,,28,1,12,0,0,1,6,,,No,No,Yes,>30,0
46591620,AfricanAmerican,Male,[30-40),1,Emergency,1,Discharged to home,7,Emergency Room,4,Surgery-General,35,1,6,0,0,3,9,,>8,Steady,No,Yes,>30,0
46781394,,Female,[30-40),1,Emergency,1,Discharged to home,7,Emergency Room,1,InternalMedicine,59,0,2,0,0,0,5,,,No,No,No,NO,0
46790256,AfricanAmerican,Female,[70-80),1,Emergency,18,NULL,7,Emergency Room,5,,59,0,15,0,0,0,9,,,No,No,Yes,NO,0
46802256,AfricanAmerican,Male,[30-40),1,Emergency,18,NULL,7,Emergency Room,3,,51,0,11,0,0,0,6,,>8,No,No,No,>30,0
46826706,Caucasian,Female,[60-70),1,Emergency,18,NULL,7,Emergency Room,5,,48,0,14,0,0,2,9,,>7,Steady,Ch,Yes,>30,0
46838178,Caucasian,Male,[60-70),1,Emergency,1,Discharged to home,7,Emergency Room,3,Family/GeneralPractice,32,0,5,0,0,1,5,,>7,No,Ch,Yes,>30,0
46839192,Caucasian,Female,[50-60),1,Emergency,18,NULL,7,Emergency Room,2,,37,0,11,0,0,0,8,,,No,Ch,Yes,NO,0
46856370,Caucasian,Male,[40-50),1,Emergency,18,NULL,7,Emergency Room,1,,35,0,15,0,0,2,5,,,No,No,No,>30,0
46863666,AfricanAmerican,Female,[50-60),1,Emergency,1,Discharged to home,7,Emergency Room,2,Surgery-General,43,2,13,0,0,0,4,,,Steady,No,Yes,NO,0
46893528,Caucasian,Male,[50-60),3,Elective,18,NULL,1,Physician Referral,2,Urology,12,1,18,0,0,0,5,,,No,Ch,Yes,NO,0
46990968,Caucasian,Male,[40-50),3,Elective,18,NULL,1,Physician Referral,7,,47,4,35,0,0,1,4,,,Steady,Ch,Yes,NO,0
46992030,Caucasian,Female,[60-70),3,Elective,1,Discharged to home,1,Physician Referral,2,Surgery-Cardiovascular/Thoracic,49,1,17,0,0,0,5,,,Steady,Ch,Yes,>30,0
47038860,Caucasian,Male,[40-50),1,Emergency,1,Discharged to home,7,Emergency Room,3,Family/GeneralPractice,54,0,8,0,0,0,6,,,Down,Ch,Yes,NO,0
47455614,Hispanic,Female,[60-70),1,Emergency,1,Discharged to home,7,Emergency Room,4,InternalMedicine,53,2,19,0,0,1,9,,>8,Down,Ch,Yes,<30,1
47485578,AfricanAmerican,Female,[60-70),1,Emergency,1,Discharged to home,7,Emergency Room,8,InternalMedicine,50,1,16,0,0,2,9,,,No,No,No,NO,0
47541828,AfricanAmerican,Female,[90-100),1,Emergency,18,NULL,7,Emergency Room,1,Family/GeneralPractice,38,1,6,0,0,0,6,,,No,No,No,>30,0
47634582,Other,Male,[10-20),1,Emergency,1,Discharged to home,7,Emergency Room,4,Pediatrics-Endocrinology,60,0,5,0,0,0,1,,>8,Steady,Ch,Yes,NO,0
47748546,Caucasian,Female,[40-50),1,Emergency,1,Discharged to home,7,Emergency Room,2,InternalMedicine,53,0,11,0,0,1,9,,,No,No,No,>30,0
47831334,Caucasian,Male,[70-80),3,Elective,5,Discharged/transferred to another type of inpatient care institution,1,Physician Referral,3,Orthopedics-Reconstructive,32,3,17,0,0,0,8,,,No,No,No,NO,0
47891790,Caucasian,Female,[70-80),3,Elective,18,NULL,1,Physician Referral,5,,54,6,42,0,0,0,8,,,Steady,Ch,Yes,NO,0
47895234,Caucasian,Female,[60-70),3,Elective,5,Discharged/transferred to another type of inpatient care institution,1,Physician Referral,4,Orthopedics-Reconstructive,58,1,24,0,0,0,4,,,No,No,No,NO,0
47943966,Caucasian,Male,[60-70),2,Urgent,1,Discharged to home,1,Physician Referral,9,InternalMedicine,54,1,11,0,0,0,6,,,No,Ch,Yes,NO,0
47965110,Caucasian,Male,[60-70),1,Emergency,3,Discharged/transferred to SNF,7,Emergency Room,13,InternalMedicine,51,4,26,0,0,1,9,,,No,No,Yes,>30,0
47995332,Caucasian,Female,[70-80),5,Not Available,3,Discharged/transferred to SNF,17,NULL,8,Psychiatry,24,0,16,0,2,1,7,Norm,,Down,Ch,Yes,NO,0
47998068,Other,Female,[60-70),2,Urgent,1,Discharged to home,1,Physician Referral,2,Cardiology,37,2,7,0,0,0,3,,,Steady,No,Yes,NO,0
48065178,Caucasian,Male,[70-80),1,Emergency,1,Discharged to home,7,Emergency Room,2,Cardiology,34,5,16,0,0,0,6,,,No,No,Yes,>30,0
48090906,Other,Male,[70-80),1,Emergency,1,Discharged to home,7,Emergency Room,11,Cardiology,56,1,17,0,0,0,5,,,Steady,Ch,Yes,<30,1
48102060,Caucasian,Female,[70-80),1,Emergency,1,Discharged to home,7,Emergency Room,5,InternalMedicine,33,2,22,0,0,0,9,,,Steady,No,Yes,<30,1
48149124,Caucasian,Male,[70-80),1,Emergency,1,Discharged to home,7,Emergency Room,2,Family/GeneralPractice,36,0,11,0,0,4,8,,,Steady,Ch,Yes,>30,0
48202854,Caucasian,Male,[80-90),2,Urgent,18,NULL,7,Emergency Room,3,,55,0,7,0,0,0,8,,,No,Ch,Yes,>30,0
48253464,Caucasian,Female,[60-70),2,Urgent,1,Discharged to home,1,Physician Referral,3,Pulmonology,39,0,10,0,0,0,7,,,No,No,No,NO,0
48330876,Caucasian,Male,[60-70),3,Elective,1,Discharged to home,2,Clinic Referral,6,,44,5,30,0,0,0,7,,,Steady,Ch,Yes,NO,0
48352680,Caucasian,Female,[60-70),2,Urgent,18,NULL,4,Transfer from a hospital,8,,55,3,32,0,0,0,9,,,Up,Ch,Yes,NO,0
48365106,Hispanic,Female,[70-80),1,Emergency,5,Discharged/transferred to another type of inpatient care institution,7,Emergency Room,4,InternalMedicine,56,0,11,0,0,0,7,,,No,Ch,Yes,>30,0
48399342,Caucasian,Male,[50-60),2,Urgent,1,Discharged to home,1,Physician Referral,2,Family/GeneralPractice,50,2,17,0,0,2,8,,>7,Steady,Ch,Yes,NO,0
48407112,Hispanic,Male,[40-50),1,Emergency,18,NULL,7,Emergency Room,4,,55,0,19,0,0,1,5,,,Steady,Ch,Yes,>30,0
48474840,Caucasian,Male,[70-80),1,Emergency,6,Discharged/transferred to home with home health service,7,Emergency Room,9,InternalMedicine,73,2,17,0,0,0,9,,,No,No,No,NO,0
48499194,Hispanic,Male,[40-50),6,NULL,1,Discharged to home,1,Physician Referral,12,Surgery-General,65,1,10,0,0,0,6,,,No,No,Yes,NO,0
48502758,Caucasian,Male,[60-70),1,Emergency,18,NULL,7,Emergency Room,6,,55,0,13,0,0,0,7,,>8,No,Ch,Yes,>30,0
48738840,Caucasian,Female,[80-90),1,Emergency,3,Discharged/transferred to SNF,7,Emergency Room,13,Emergency/Trauma,46,4,17,0,0,0,9,,,No,No,Yes,<30,1
48744360,AfricanAmerican,Female,[40-50),1,Emergency,18,NULL,7,Emergency Room,4,,45,3,11,0,0,3,9,,,No,No,No,>30,0
48776778,Caucasian,Female,[70-80),1,Emergency,1,Discharged to home,7,Emergency Room,4,InternalMedicine,64,0,6,0,0,1,3,,,No,No,No,NO,0
48781440,Caucasian,Male,[80-90),1,Emergency,1,Discharged to home,7,Emergency Room,2,,50,2,13,5,0,0,6,,,Steady,Ch,Yes,NO,0
48792252,Caucasian,Male,[70-80),5,Not Available,3,Discharged/transferred to SNF,17,NULL,6,,22,1,16,1,0,1,7,>200,,No,No,Yes,NO,0
48858486,Caucasian,Male,[80-90),1,Emergency,18,NULL,7,Emergency Room,4,,57,0,14,0,0,1,7,,,No,No,Yes,>30,0
48886122,Caucasian,Male,[60-70),3,Elective,1,Discharged to home,2,Clinic Referral,1,,45,1,4,0,0,0,3,,,Steady,No,Yes,NO,0
48907710,Caucasian,Male,[80-90),6,NULL,11,Expired,17,NULL,2,Cardiology,72,5,9,0,0,0,7,,,No,No,No,NO,0
49097772,Caucasian,Male,[80-90),3,Elective,1,Discharged to home,1,Physician Referral,9,InternalMedicine,60,6,30,0,0,0,6,,Norm,Up,Ch,Yes,>30,0
49268982,Caucasian,Female,[60-70),2,Urgent,1,Discharged to home,4,Transfer from a hospital,3,Cardiology,38,3,14,0,0,0,5,,,No,No,No,NO,0
49276758,Caucasian,Female,[60-70),1,Emergency,4,Discharged/transferred to ICF,7,Emergency Room,8,InternalMedicine,64,0,18,0,0,1,9,,,Steady,No,Yes,NO,0
49374042,Caucasian,Male,[70-80),2,Urgent,18,NULL,4,Transfer from a hospital,2,,12,0,9,0,0,0,7,,>7,Steady,No,Yes,NO,0
49389720,Hispanic,Female,[40-50),1,Emergency,1,Discharged to home,7,Emergency Room,3,InternalMedicine,59,0,24,0,0,0,9,,,Steady,Ch,Yes,>30,0
49401912,AfricanAmerican,Male,[60-70),1,Emergency,18,NULL,7,Emergency Room,5,,74,0,17,0,0,1,4,,,No,No,No,NO,0
49435572,Hispanic,Male,[50-60),5,Not Available,5,Discharged/transferred to another type of inpatient care institution,17,NULL,9,,25,1,33,0,1,0,8,>200,,Steady,Ch,Yes,NO,0
49436502,Caucasian,Male,[60-70),6,NULL,1,Discharged to home,17,NULL,1,Cardiology,35,0,10,0,0,0,8,,,No,No,Yes,NO,0
49544292,Caucasian,Female,[50-60),2,Urgent,1,Discharged to home,1,Physician Referral,6,,84,0,17,0,0,1,9,,>8,Steady,No,Yes,>30,0
49692204,Caucasian,Male,[40-50),5,Not Available,1,Discharged to home,17,NULL,3,Family/GeneralPractice,25,0,14,1,0,0,8,>300,,Down,Ch,Yes,NO,0
49755774,Caucasian,Male,[70-80),3,Elective,1,Discharged to home,1,Physician Referral,4,,17,1,25,0,1,0,9,,,No,No,Yes,>30,0
49795602,Caucasian,Female,[30-40),1,Emergency,1,Discharged to home,7,Emergency Room,7,,66,1,31,0,0,0,7,,,Up,Ch,Yes,NO,0
49811358,Caucasian,Female,[70-80),1,Emergency,3,Discharged/transferred to SNF,7,Emergency Room,1,Emergency/Trauma,50,0,15,0,0,1,9,,,No,No,No,NO,0
49895508,Caucasian,Male,[70-80),1,Emergency,1,Discharged to home,7,Emergency Room,9,InternalMedicine,72,4,35,0,0,0,8,,,Down,Ch,Yes,>30,0
49911648,Caucasian,Female,[60-70),3,Elective,5,Discharged/transferred to another type of inpatient care institution,1,Physician Referral,4,,28,1,15,0,0,0,8,,,No,No,No,<30,1
50011002,AfricanAmerican,Male,[40-50),1,Emergency,3,Discharged/transferred to SNF,7,Emergency Room,9,Nephrology,62,3,24,0,0,2,9,,,No,No,No,<30,1
50089968,Caucasian,Male,[40-50),2,Urgent,1,Discharged to home,1,Physician Referral,3,Surgery-General,41,0,4,0,0,1,8,,Norm,No,No,No,<30,1
50154174,Hispanic,Female,[70-80),1,Emergency,3,Discharged/transferred to SNF,7,Emergency Room,4,InternalMedicine,59,0,17,0,0,0,5,,Norm,Down,Ch,Yes,>30,0
50281614,Caucasian,Female,[80-90),1,Emergency,18,NULL,7,Emergency Room,1,,45,0,2,0,0,0,4,,,No,Ch,Yes,<30,1
50353314,Caucasian,Female,[80-90),3,Elective,5,Discharged/transferred to another type of inpatient care institution,1,Physician Referral,5,,16,1,19,1,0,0,3,,,Steady,No,Yes,<30,1
50399502,AfricanAmerican,Female,[70-80),1,Emergency,1,Discharged to home,7,Emergency Room,1,InternalMedicine,35,0,8,0,0,0,4,,>8,No,No,Yes,>30,0
50436450,AfricanAmerican,Male,[30-40),1,Emergency,1,Discharged to home,7,Emergency Room,1,InternalMedicine,43,0,8,0,0,2,5,,,No,No,No,<30,1
50525262,Caucasian,Female,[70-80),1,Emergency,18,NULL,7,Emergency Room,4,,56,0,8,0,0,0,5,,,No,Ch,Yes,NO,0
50558106,Caucasian,Female,[40-50),3,Elective,18,NULL,4,Transfer from a hospital,6,PhysicalMedicineandRehabilitation,48,0,14,0,0,1,9,,,Down,Ch,Yes,NO,0
50568420,Caucasian,Female,[50-60),1,Emergency,1,Discharged to home,7,Emergency Room,3,InternalMedicine,44,2,19,0,0,4,9,,,Steady,Ch,Yes,>30,0
50571306,AfricanAmerican,Female,[70-80),1,Emergency,18,NULL,5,Transfer from a Skilled Nursing Facility (SNF),13,,52,2,19,0,0,0,9,,,No,No,Yes,>30,0
50573172,Caucasian,Male,[80-90),3,Elective,6,Discharged/transferred to home with home health service,1,Physician Referral,7,InternalMedicine,9,2,18,0,0,0,8,,,No,No,No,NO,0
50585868,Caucasian,Female,[20-30),6,NULL,6,Discharged/transferred to home with home health service,17,NULL,2,,54,0,8,0,0,1,4,,,Steady,No,Yes,>30,0
50599584,AfricanAmerican,Female,[40-50),3,Elective,18,NULL,1,Physician Referral,6,ObstetricsandGynecology,46,6,24,0,0,1,8,,,Steady,No,Yes,>30,0
50599740,AfricanAmerican,Female,[60-70),3,Elective,18,NULL,1,Physician Referral,8,,36,3,30,0,0,2,5,,,No,Ch,Yes,NO,0
50712228,Caucasian,Male,[60-70),2,Urgent,3,Discharged/transferred to SNF,1,Physician Referral,11,Pulmonology,60,5,32,0,0,0,9,,,No,No,No,NO,0
50713962,Caucasian,Female,[50-60),1,Emergency,1,Discharged to home,7,Emergency Room,5,InternalMedicine,55,2,13,0,0,0,9,,>8,No,Ch,Yes,NO,0
50728266,Hispanic,Male,[30-40),3,Elective,18,NULL,1,Physician Referral,1,Urology,30,1,10,0,0,0,6,,,Steady,Ch,Yes,NO,0
50756208,Caucasian,Male,[80-90),5,Not Available,1,Discharged to home,17,NULL,2,,22,0,14,2,5,2,6,>200,,Steady,No,Yes,>30,0
50763444,Caucasian,Male,[70-80),2,Urgent,1,Discharged to home,17,NULL,3,,16,1,7,1,0,0,6,Norm,,No,No,Yes,NO,0
50849394,Caucasian,Female,[70-80),3,Elective,18,NULL,1,Physician Referral,3,Orthopedics,22,1,15,0,0,0,5,,,No,No,Yes,NO,0
50905428,Caucasian,Female,[20-30),1,Emergency,18,NULL,7,Emergency Room,2,,55,0,17,0,0,0,9,,,Steady,No,Yes,<30,1
50932812,AfricanAmerican,Male,[50-60),2,Urgent,3,Discharged/transferred to SNF,1,Physician Referral,2,InternalMedicine,43,1,11,0,0,0,8,,,Steady,Ch,Yes,<30,1
50949522,Caucasian,Female,[60-70),1,Emergency,18,NULL,3,HMO Referral,3,,46,2,8,0,0,0,8,,,No,No,Yes,>30,0
50963838,Caucasian,Female,[20-30),1,Emergency,1,Discharged to home,7,Emergency Room,2,Emergency/Trauma,48,1,8,0,0,0,4,,,Steady,No,Yes,NO,0
51032436,Caucasian,Male,[80-90),1,Emergency,1,Discharged to home,17,NULL,2,,17,1,10,4,0,0,7,Norm,,No,No,No,<30,1
51079380,Caucasian,Female,[60-70),3,Elective,18,NULL,1,Physician Referral,4,Surgery-Neuro,22,2,26,0,0,0,9,,,No,No,No,NO,0
51167142,Caucasian,Male,[90-100),1,Emergency,3,Discharged/transferred to SNF,7,Emergency Room,7,InternalMedicine,50,0,15,0,0,0,6,,,Up,Ch,Yes,NO,0
51213996,Caucasian,Male,[50-60),1,Emergency,1,Discharged to home,7,Emergency Room,3,Cardiology,60,4,13,0,0,0,7,,>8,Steady,No,Yes,NO,0
51224628,AfricanAmerican,Female,[70-80),1,Emergency,1,Discharged to home,7,Emergency Room,13,Family/GeneralPractice,58,5,26,0,0,0,9,,Norm,Steady,No,Yes,>30,0
51243930,Caucasian,Male,[60-70),1,Emergency,18,NULL,7,Emergency Room,4,,50,0,16,0,0,0,9,,,No,No,Yes,<30,1
51261576,Caucasian,Male,[50-60),5,Not Available,3,Discharged/transferred to SNF,17,NULL,8,Surgery-General,12,1,14,0,0,0,8,,,No,No,No,>30,0
51339618,Caucasian,Male,[70-80),1,Emergency,2,Discharged/transferred to another short term hospital,7,Emergency Room,2,,67,0,20,0,1,3,9,,,Steady,No,Yes,>30,0
51377580,Caucasian,Male,[50-60),3,Elective,18,NULL,1,Physician Referral,3,,45,6,40,0,0,0,3,,,Steady,Ch,Yes,NO,0
51438030,Caucasian,Male,[80-90),3,Elective,6,Discharged/transferred to home with home health service,1,Physician Referral,8,,63,3,10,1,0,1,9,,,No,No,No,>30,0
51580110,Caucasian,Male,[80-90),1,Emergency,1,Discharged to home,17,NULL,3,Family/GeneralPractice,22,0,4,0,0,0,4,>300,,Steady,No,Yes,NO,0
51589152,Caucasian,Male,[80-90),6,NULL,1,Discharged to home,17,NULL,3,Orthopedics-Reconstructive,50,2,17,0,0,0,6,,,No,No,Yes,NO,0
51604626,Caucasian,Male,[40-50),2,Urgent,1,Discharged to home,1,Physician Referral,1,InternalMedicine,32,0,3,0,0,0,3,,>8,No,No,No,>30,0
51640056,Caucasian,Male,[50-60),1,Emergency,3,Discharged/transferred to SNF,7,Emergency Room,6,Family/GeneralPractice,66,2,19,0,0,1,6,,Norm,Steady,No,Yes,<30,1
51688518,Caucasian,Male,[70-80),2,Urgent,1,Discharged to home,1,Physician Referral,1,Cardiology,32,1,9,0,0,0,6,,,No,Ch,Yes,<30,1
51724710,Caucasian,Male,[30-40),1,Emergency,1,Discharged to home,7,Emergency Room,6,InternalMedicine,70,0,7,0,0,0,5,,,No,No,No,NO,0
51734778,Caucasian,Male,[80-90),1,Emergency,18,NULL,7,Emergency Room,6,,36,0,12,0,0,2,8,,,No,No,No,NO,0
51864162,Caucasian,Male,[70-80),1,Emergency,11,Expired,7,Emergency Room,1,,65,4,13,0,0,0,8,,,Steady,No,Yes,NO,0
51883632,Caucasian,Male,[60-70),1,Emergency,1,Discharged to home,7,Emergency Room,3,Emergency/Trauma,46,0,8,0,0,0,7,,,Steady,No,Yes,NO,0
52014780,Caucasian,Female,[80-90),5,Not Available,13,Hospice / home,17,NULL,3,Family/GeneralPractice,22,0,6,0,1,0,4,Norm,,No,No,No,NO,0
52015818,,Male,[60-70),2,Urgent,1,Discharged to home,4,Transfer from a hospital,7,,78,6,35,0,0,0,9,,,Down,Ch,Yes,NO,0
52175022,Caucasian,Male,[50-60),3,Elective,6,Discharged/transferred to home with home health service,1,Physician Referral,9,Radiology,43,6,9,0,0,1,9,,Norm,Down,Ch,Yes,>30,0
52241988,Caucasian,Female,[80-90),3,Elective,18,NULL,4,Transfer from a hospital,5,,19,4,6,0,0,0,5,,,No,No,No,NO,0
52247304,AfricanAmerican,Female,[90-100),1,Emergency,6,Discharged/transferred to home with home health service,7,Emergency Room,9,InternalMedicine,63,1,18,0,0,0,9,,Norm,Steady,Ch,Yes,NO,0
52253196,Caucasian,Male,[50-60),3,Elective,18,NULL,1,Physician Referral,1,Urology,1,1,19,0,0,0,3,,,No,Ch,Yes,>30,0
52355118,Caucasian,Male,[70-80),3,Elective,18,NULL,4,Transfer from a hospital,8,,25,3,20,0,0,0,7,,,No,Ch,Yes,<30,1
52369356,AfricanAmerican,Male,[40-50),1,Emergency,1,Discharged to home,7,Emergency Room,2,InternalMedicine,38,0,10,0,0,1,6,,,Steady,Ch,Yes,>30,0
52491720,AfricanAmerican,Male,[70-80),1,Emergency,1,Discharged to home,7,Emergency Room,1,Family/GeneralPractice,33,0,5,0,0,0,6,,,No,No,No,NO,0
52596840,AfricanAmerican,Female,[40-50),1,Emergency,1,Discharged to home,7,Emergency Room,3,InternalMedicine,71,0,10,0,0,0,5,,>8,Down,Ch,Yes,NO,0
52695030,Caucasian,Male,[50-60),1,Emergency,1,Discharged to home,7,Emergency Room,1,InternalMedicine,44,0,2,0,0,0,4,,,Steady,No,Yes,>30,0
52736322,Caucasian,Male,[70-80),1,Emergency,18,NULL,7,Emergency Room,2,,53,0,18,0,0,0,9,,,No,No,No,>30,0
52775904,Caucasian,Female,[20-30),1,Emergency,1,Discharged to home,7,Emergency Room,3,Psychiatry,38,0,11,0,0,2,7,,,No,Ch,Yes,>30,0
52908084,Caucasian,Male,[60-70),1,Emergency,1,Discharged to home,7,Emergency Room,1,Family/GeneralPractice,45,0,8,0,0,0,7,,,No,No,Yes,NO,0
52908240,Caucasian,Male,[50-60),1,Emergency,1,Discharged to home,7,Emergency Room,1,InternalMedicine,53,0,15,0,0,3,4,,,No,No,No,NO,0
53040618,AfricanAmerican,Female,[60-70),1,Emergency,1,Discharged to home,7,Emergency Room,6,InternalMedicine,81,5,16,0,0,0,9,,,Steady,No,Yes,>30,0
53043516,Caucasian,Male,[60-70),1,Emergency,1,Discharged to home,7,Emergency Room,3,Surgery-Colon&Rectal,36,0,7,0,0,0,7,,Norm,No,No,No,NO,0
53051154,AfricanAmerican,Female,[50-60),2,Urgent,18,NULL,2,Clinic Referral,5,,51,6,29,0,0,0,7,,,No,No,No,>30,0
53051478,Caucasian,Male,[70-80),1,Emergency,18,NULL,7,Emergency Room,2,,44,3,12,0,0,0,5,,,No,No,Yes,NO,0
53093892,Caucasian,Male,[60-70),1,Emergency,1,Discharged to home,7,Emergency Room,6,,58,0,19,0,0,0,9,,,Steady,Ch,Yes,<30,1
53119194,Caucasian,Female,[70-80),1,Emergency,1,Discharged to home,7,Emergency Room,3,InternalMedicine,60,0,12,0,0,6,9,,,No,No,Yes,>30,0
53213508,AfricanAmerican,Male,[50-60),1,Emergency,18,NULL,7,Emergency Room,3,Pediatrics,44,3,13,0,0,0,5,,,No,No,Yes,>30,0
53312706,Caucasian,Female,[80-90),3,Elective,1,Discharged to home,1,Physician Referral,8,Cardiology,37,5,24,0,0,1,9,,,Steady,Ch,Yes,<30,1
53402070,Caucasian,Male,[80-90),3,Elective,2,Discharged/transferred to another short term hospital,4,Transfer from a hospital,4,InternalMedicine,32,2,12,0,0,3,8,,,Steady,Ch,Yes,<30,1
53410512,Caucasian,Male,[50-60),1,Emergency,1,Discharged to home,7,Emergency Room,2,InternalMedicine,59,0,9,0,0,0,7,,>7,Steady,Ch,Yes,NO,0
53422212,Caucasian,Male,[70-80),1,Emergency,18,NULL,7,Emergency Room,3,,39,0,16,0,0,0,6,,,No,No,Yes,NO,0
53474466,Caucasian,Female,[50-60),1,Emergency,1,Discharged to home,7,Emergency Room,7,InternalMedicine,63,1,20,0,0,5,9,,>8,Steady,No,Yes,>30,0
53568414,AfricanAmerican,Female,[40-50),2,Urgent,18,NULL,1,Physician Referral,8,,43,4,15,0,0,0,9,,,No,No,No,>30,0
53649930,Caucasian,Male,[70-80),3,Elective,18,NULL,1,Physician Referral,5,,45,3,41,0,0,0,5,,,No,No,No,NO,0
53737530,Caucasian,Male,[60-70),6,NULL,6,Discharged/transferred to home with home health service,17,NULL,8,,45,1,13,0,0,2,7,,,No,Ch,Yes,>30,0
53755626,Caucasian,Male,[80-90),6,NULL,5,Discharged/transferred to another type of inpatient care institution,7,Emergency Room,14,InternalMedicine,77,3,21,0,0,0,5,Norm,Norm,No,No,Yes,>30,0
53853738,Hispanic,Male,[60-70),1,Emergency,1,Discharged to home,4,Transfer from a hospital,6,Surgery-Neuro,10,0,13,0,0,0,4,,,Steady,Ch,Yes,NO,0
53982234,Caucasian,Female,[30-40),3,Elective,1,Discharged to home,1,Physician Referral,2,ObstetricsandGynecology,46,1,6,0,0,0,6,,,No,No,No,NO,0
54007710,Caucasian,Male,[70-80),2,Urgent,18,NULL,4,Transfer from a hospital,4,,15,4,13,0,0,0,9,,,No,No,Yes,NO,0
54252060,Hispanic,Male,[70-80),1,Emergency,18,NULL,7,Emergency Room,7,Family/GeneralPractice,55,0,18,0,0,0,9,,,Down,Ch,Yes,>30,0
54260868,Caucasian,Male,[60-70),1,Emergency,1,Discharged to home,7,Emergency Room,4,Family/GeneralPractice,66,2,15,0,0,5,9,,,Steady,No,Yes,NO,0
54266808,AfricanAmerican,Female,[60-70),1,Emergency,18,NULL,7,Emergency Room,1,Family/GeneralPractice,34,0,9,0,0,0,6,,,No,No,Yes,NO,0
54399828,Caucasian,Female,[70-80),3,Elective,18,NULL,1,Physician Referral,1,,19,1,18,0,0,0,3,,,No,No,No,NO,0
54441198,Caucasian,Female,[70-80),1,Emergency,18,NULL,7,Emergency Room,4,,43,0,12,0,0,1,9,,,No,No,No,>30,0
54484602,Caucasian,Female,[70-80),1,Emergency,1,Discharged to home,7,Emergency Room,2,Emergency/Trauma,66,0,7,0,0,1,9,,,No,No,No,NO,0
54507534,Caucasian,Male,[50-60),1,Emergency,18,NULL,7,Emergency Room,3,Urology,44,0,12,0,0,0,2,,,No,Ch,Yes,NO,0
54589182,Caucasian,Female,[70-80),1,Emergency,18,NULL,7,Emergency Room,8,,45,2,14,0,0,3,9,,,No,No,No,NO,0
54592092,AfricanAmerican,Male,[40-50),1,Emergency,11,Expired,7,Emergency Room,1,Family/GeneralPractice,72,2,21,0,0,0,9,,>8,Steady,No,Yes,NO,0
54664236,Caucasian,Female,[60-70),1,Emergency,1,Discharged to home,7,Emergency Room,2,InternalMedicine,50,3,9,0,0,0,5,,>8,No,No,No,NO,0
54684816,Caucasian,Female,[80-90),1,Emergency,1,Discharged to home,7,Emergency Room,1,Emergency/Trauma,36,1,5,0,0,0,8,,,No,No,No,NO,0
54760974,Caucasian,Female,[80-90),5,Not Available,3,Discharged/transferred to SNF,17,NULL,5,Orthopedics-Reconstructive,25,1,20,0,0,0,8,>200,,Steady,Ch,Yes,NO,0
54808530,Caucasian,Male,[70-80),1,Emergency,1,Discharged to home,7,Emergency Room,4,InternalMedicine,37,3,14,0,0,0,5,,,No,Ch,Yes,NO,0
54818832,Other,Female,[80-90),5,Not Available,3,Discharged/transferred to SNF,17,NULL,7,InternalMedicine,25,0,25,0,0,0,8,>200,,Down,Ch,Yes,>30,0
55048680,Caucasian,Male,[70-80),3,Elective,18,NULL,1,Physician Referral,7,,49,5,40,0,0,1,8,,,Steady,Ch,Yes,NO,0
55052808,Caucasian,Male,[70-80),3,Elective,1,Discharged to home,1,Physician Referral,3,,46,4,35,0,0,0,9,,,Up,Ch,Yes,>30,0
55156182,Caucasian,Female,[60-70),6,NULL,1,Discharged to home,17,NULL,4,Pulmonology,83,0,27,0,2,1,7,,,No,No,No,>30,0
55159800,Caucasian,Male,[80-90),1,Emergency,1,Discharged to home,7,Emergency Room,4,InternalMedicine,46,0,8,0,0,0,5,,,Up,Ch,Yes,NO,0
55161498,AfricanAmerican,Female,[70-80),2,Urgent,1,Discharged to home,4,Transfer from a hospital,2,,48,0,14,0,0,0,9,,,Steady,No,Yes,NO,0
55166214,Caucasian,Female,[70-80),5,Not Available,6,Discharged/transferred to home with home health service,17,NULL,1,,23,1,14,0,0,2,8,Norm,,Steady,No,Yes,>30,0
55230636,AfricanAmerican,Female,[60-70),1,Emergency,18,NULL,7,Emergency Room,4,Family/GeneralPractice,42,1,13,0,0,1,6,,,No,Ch,Yes,>30,0
55254564,Caucasian,Male,[60-70),2,Urgent,1,Discharged to home,2,Clinic Referral,2,,36,3,12,0,0,0,9,,,Down,Ch,Yes,NO,0
55273806,AfricanAmerican,Female,[60-70),1,Emergency,18,NULL,7,Emergency Room,6,Surgery-Neuro,48,0,13,0,0,2,8,,,No,Ch,Yes,>30,0
55281732,Caucasian,Female,[70-80),1,Emergency,1,Discharged to home,7,Emergency Room,3,,57,1,14,0,0,0,9,,,Steady,No,Yes,NO,0
55315524,Caucasian,Female,[70-80),1,Emergency,18,NULL,7,Emergency Room,5,,43,3,17,0,0,0,4,,,No,No,Yes,>30,0
55330434,Caucasian,Female,[60-70),5,Not Available,1,Discharged to home,17,NULL,6,Surgery-General,16,3,16,3,0,0,7,Norm,,Steady,Ch,Yes,>30,0
55352082,Caucasian,Male,[50-60),1,Emergency,6,Discharged/transferred to home with home health service,1,Physician Referral,3,,38,2,15,0,0,0,4,,>8,Down,Ch,Yes,NO,0
55356750,Caucasian,Female,[70-80),2,Urgent,1,Discharged to home,1,Physician Referral,3,,43,0,17,0,0,1,8,,,No,Ch,Yes,NO,0
55374876,Caucasian,Female,[70-80),2,Urgent,18,NULL,4,Transfer from a hospital,4,,24,6,10,0,0,0,6,,,No,No,No,NO,0
55417488,AfricanAmerican,Male,[70-80),1,Emergency,6,Discharged/transferred to home with home health service,7,Emergency Room,2,Emergency/Trauma,40,0,6,0,0,2,9,,Norm,No,No,No,<30,1
55419408,Caucasian,Male,[70-80),1,Emergency,18,NULL,7,Emergency Room,2,,40,3,9,0,0,0,7,,,Steady,No,Yes,NO,0
55473096,AfricanAmerican,Female,[70-80),1,Emergency,18,NULL,7,Emergency Room,7,Family/GeneralPractice,42,1,16,0,0,1,6,,,No,No,No,>30,0
55519296,Caucasian,Male,[80-90),1,Emergency,1,Discharged to home,7,Emergency Room,3,Surgery-General,55,1,11,0,0,0,4,,,Steady,Ch,Yes,NO,0
55526748,AfricanAmerican,Female,[50-60),1,Emergency,1,Discharged to home,7,Emergency Room,3,Family/GeneralPractice,33,1,19,0,0,0,8,,,Down,Ch,Yes,>30,0
55608012,Caucasian,Female,[90-100),2,Urgent,18,NULL,5,Transfer from a Skilled Nursing Facility (SNF),6,,1,0,11,0,0,1,9,,,No,No,No,NO,0
55618020,AfricanAmerican,Female,[80-90),1,Emergency,1,Discharged to home,7,Emergency Room,2,InternalMedicine,48,2,8,0,0,0,6,,Norm,No,No,No,NO,0
55712784,Caucasian,Male,[50-60),1,Emergency,18,NULL,7,Emergency Room,11,,44,1,13,0,0,5,5,,,No,No,No,>30,0
55727856,Caucasian,Female,[70-80),1,Emergency,1,Discharged to home,7,Emergency Room,11,InternalMedicine,66,3,17,0,0,1,8,,,Steady,No,Yes,>30,0
55866522,AfricanAmerican,Male,[70-80),1,Emergency,18,NULL,7,Emergency Room,3,,35,0,12,0,0,1,8,,,No,No,Yes,>30,0
55867050,Caucasian,Female,[60-70),1,Emergency,1,Discharged to home,7,Emergency Room,1,InternalMedicine,55,0,8,0,0,0,4,,>7,No,Ch,Yes,NO,0
55874982,Caucasian,Female,[80-90),1,Emergency,6,Discharged/transferred to home with home health service,17,NULL,3,,25,0,17,0,0,0,6,>300,,Down,Ch,Yes,>30,0
55884468,AfricanAmerican,Female,[60-70),1,Emergency,18,NULL,7,Emergency Room,5,,52,0,9,0,0,0,4,,,No,No,No,NO,0
55890222,Caucasian,Female,[70-80),3,Elective,18,NULL,1,Physician Referral,5,Orthopedics,43,1,20,0,0,0,5,,,No,No,Yes,<30,1
55890312,Caucasian,Male,[70-80),3,Elective,18,NULL,1,Physician Referral,5,Orthopedics,23,2,32,0,0,0,4,,,No,No,Yes,>30,0
55948794,AfricanAmerican,Male,[50-60),1,Emergency,18,NULL,7,Emergency Room,3,Family/GeneralPractice,46,2,6,0,0,0,5,,>8,No,No,Yes,>30,0
55977030,Caucasian,Male,[10-20),2,Urgent,1,Discharged to home,1,Physician Referral,11,Pediatrics-Pulmonology,41,0,13,1,0,4,5,,>7,Steady,No,Yes,>30,0
56044200,Caucasian,Female,[70-80),1,Emergency,18,NULL,7,Emergency Room,7,,63,1,26,0,0,0,6,,,No,No,Yes,<30,1
56200626,Caucasian,Female,[50-60),3,Elective,18,NULL,4,Transfer from a hospital,7,,54,1,29,0,0,0,9,,>7,Down,Ch,Yes,<30,1
56224902,Caucasian,Female,[10-20),8,Not Mapped,1,Discharged to home,2,Clinic Referral,1,,48,1,16,1,0,5,6,,,Steady,No,Yes,<30,1
56333532,Caucasian,Male,[70-80),2,Urgent,1,Discharged to home,1,Physician Referral,6,InternalMedicine,36,1,11,0,0,0,9,,,No,Ch,Yes,NO,0
56341230,AfricanAmerican,Male,[50-60),3,Elective,5,Discharged/transferred to another type of inpatient care institution,2,Clinic Referral,6,,51,3,38,0,0,0,9,,,Up,Ch,Yes,NO,0
56352798,Caucasian,Female,[90-100),1,Emergency,3,Discharged/transferred to SNF,7,Emergency Room,1,Family/GeneralPractice,55,0,10,0,0,1,7,,,Steady,No,Yes,NO,0
56473176,Caucasian,Male,[70-80),1,Emergency,18,NULL,7,Emergency Room,7,,56,6,22,0,0,0,8,,,No,No,No,<30,1
56509266,AfricanAmerican,Female,[40-50),1,Emergency,6,Discharged/transferred to home with home health service,7,Emergency Room,4,,67,0,11,2,4,3,9,,,Steady,Ch,Yes,>30,0
56509734,Caucasian,Female,[60-70),5,Not Available,1,Discharged to home,17,NULL,3,Family/GeneralPractice,16,0,14,2,0,1,8,Norm,,No,No,No,>30,0
56545758,Caucasian,Female,[80-90),3,Elective,1,Discharged to home,1,Physician Referral,3,,49,1,29,0,0,0,9,,,No,No,Yes,>30,0
56614836,Caucasian,Female,[60-70),2,Urgent,1,Discharged to home,1,Physician Referral,8,Family/GeneralPractice,51,1,16,0,0,0,9,,>8,Down,Ch,Yes,NO,0
56621160,Caucasian,Female,[60-70),1,Emergency,1,Discharged to home,7,Emergency Room,3,,69,2,17,0,0,0,9,,,Steady,Ch,Yes,NO,0
56747766,Hispanic,Female,[50-60),1,Emergency,18,NULL,7,Emergency Room,6,,60,0,15,0,0,2,9,,,No,No,No,>30,0
56756748,Caucasian,Female,[50-60),3,Elective,18,NULL,1,Physician Referral,4,Orthopedics,25,5,29,0,0,0,6,,,No,No,Yes,>30,0
56950398,AfricanAmerican,Female,[40-50),5,Not Available,16,Discharged/transferred/referred another institution for outpatient services,17,NULL,3,Psychiatry,1,0,11,0,1,0,4,,,No,No,Yes,>30,0
57109206,Caucasian,Female,[80-90),1,Emergency,5,Discharged/transferred to another type of inpatient care institution,7,Emergency Room,13,,46,2,32,0,0,1,8,,,Down,Ch,Yes,<30,1
57119142,Caucasian,Female,[60-70),1,Emergency,1,Discharged to home,7,Emergency Room,3,Cardiology,59,0,9,0,0,0,8,,,No,No,No,>30,0
57264492,Caucasian,Male,[70-80),3,Elective,18,NULL,1,Physician Referral,4,,45,3,36,0,0,0,6,,,No,No,No,NO,0
57265020,Caucasian,Male,[70-80),1,Emergency,18,NULL,7,Emergency Room,4,,64,0,9,0,0,0,5,,,No,No,Yes,NO,0
57373572,Caucasian,Female,[80-90),1,Emergency,4,Discharged/transferred to ICF,7,Emergency Room,9,InternalMedicine,71,0,13,0,0,2,9,,,Steady,No,Yes,>30,0
57383988,Caucasian,Female,[40-50),3,Elective,18,NULL,3,HMO Referral,5,,63,3,44,0,0,0,9,,Norm,Up,Ch,Yes,>30,0
57482544,Caucasian,Male,[50-60),1,Emergency,1,Discharged to home,7,Emergency Room,1,,42,1,9,0,0,0,9,,,Down,Ch,Yes,NO,0
57536496,Caucasian,Male,[50-60),1,Emergency,1,Discharged to home,7,Emergency Room,2,Cardiology,44,2,12,0,0,0,5,,,Steady,Ch,Yes,NO,0
57721896,Caucasian,Male,[50-60),1,Emergency,1,Discharged to home,7,Emergency Room,4,InternalMedicine,59,0,10,0,0,0,3,,>8,Steady,Ch,Yes,NO,0
57723624,Caucasian,Male,[80-90),1,Emergency,5,Discharged/transferred to another type of inpatient care institution,7,Emergency Room,6,,41,0,19,0,0,2,8,,,No,No,Yes,<30,1
57728052,Caucasian,Male,[80-90),1,Emergency,11,Expired,7,Emergency Room,5,InternalMedicine,45,0,13,0,0,0,8,,,Steady,No,Yes,NO,0
57761382,Caucasian,Female,[30-40),3,Elective,18,NULL,1,Physician Referral,12,,59,5,57,0,0,0,9,,>8,Up,Ch,Yes,>30,0
57864942,Caucasian,Male,[70-80),2,Urgent,18,NULL,4,Transfer from a hospital,12,,73,0,28,0,0,0,9,,,No,No,Yes,>30,0
57868836,Caucasian,Female,[40-50),1,Emergency,18,NULL,7,Emergency Room,7,,61,0,14,0,0,1,9,,>7,Up,Ch,Yes,>30,0
57878070,Caucasian,Male,[40-50),1,Emergency,1,Discharged to home,7,Emergency Room,2,InternalMedicine,63,0,19,0,0,4,9,,,Down,Ch,Yes,<30,1
57902460,Caucasian,Male,[70-80),1,Emergency,18,NULL,7,Emergency Room,2,,43,0,12,0,0,0,8,,,No,No,Yes,NO,0
58039632,Caucasian,Male,[70-80),3,Elective,18,NULL,1,Physician Referral,2,Urology,1,1,4,0,0,0,3,,,No,No,No,NO,0
58091574,AfricanAmerican,Female,[80-90),5,Not Available,3,Discharged/transferred to SNF,17,NULL,5,Family/GeneralPractice,23,0,9,0,1,1,3,>300,,Down,Ch,Yes,NO,0
58236240,Caucasian,Male,[50-60),2,Urgent,18,NULL,4,Transfer from a hospital,4,,24,6,16,0,0,0,7,,,No,Ch,Yes,NO,0
58286172,AfricanAmerican,Female,[70-80),1,Emergency,18,NULL,7,Emergency Room,1,Otolaryngology,19,3,7,0,0,0,4,,,No,No,No,<30,1
58342866,Caucasian,Male,[60-70),1,Emergency,3,Discharged/transferred to SNF,7,Emergency Room,6,Family/GeneralPractice,57,0,19,0,0,1,9,,,Steady,Ch,Yes,<30,1
58343988,Caucasian,Male,[50-60),1,Emergency,1,Discharged to home,7,Emergency Room,2,Family/GeneralPractice,42,1,14,0,0,1,8,,,No,No,Yes,>30,0
58401654,Caucasian,Female,[70-80),1,Emergency,6,Discharged/transferred to home with home health service,7,Emergency Room,3,Family/GeneralPractice,44,1,15,0,0,0,9,,,No,No,No,NO,0
58403382,Caucasian,Male,[70-80),3,Elective,1,Discharged to home,1,Physician Referral,4,Surgery-General,67,5,24,0,0,0,9,,,Up,Ch,Yes,>30,0
58452174,AfricanAmerican,Male,[60-70),6,NULL,1,Discharged to home,17,NULL,2,Cardiology,52,2,15,1,0,1,9,,,No,Ch,Yes,NO,0
58458972,Caucasian,Male,[70-80),6,NULL,1,Discharged to home,17,NULL,2,InternalMedicine,73,1,7,0,0,0,3,,,No,No,No,>30,0
58517634,AfricanAmerican,Female,[70-80),6,NULL,5,Discharged/transferred to another type of inpatient care institution,17,NULL,9,,41,2,29,0,1,0,7,,,No,No,Yes,>30,0
58525056,Caucasian,Male,[70-80),3,Elective,18,NULL,1,Physician Referral,2,,10,4,9,0,0,0,9,,,Steady,Ch,Yes,NO,0
58625826,Asian,Male,[50-60),3,Elective,18,NULL,4,Transfer from a hospital,11,PhysicalMedicineandRehabilitation,39,3,15,0,0,4,9,,,No,No,No,NO,0
58668342,Caucasian,Female,[60-70),1,Emergency,18,NULL,7,Emergency Room,2,,42,3,10,0,0,1,8,,,No,Ch,Yes,NO,0
58803342,Caucasian,Female,[70-80),3,Elective,1,Discharged to home,1,Physician Referral,1,,27,2,12,0,0,0,6,,,No,No,No,NO,0
58835964,Caucasian,Female,[50-60),1,Emergency,1,Discharged to home,7,Emergency Room,2,Family/GeneralPractice,45,1,16,0,0,3,8,,,No,No,Yes,>30,0
58903746,AfricanAmerican,Male,[50-60),2,Urgent,18,NULL,2,Clinic Referral,6,,33,1,10,1,0,3,9,,,No,No,Yes,>30,0
58953558,Caucasian,Female,[60-70),1,Emergency,1,Discharged to home,7,Emergency Room,4,InternalMedicine,37,3,10,0,0,0,6,,,No,No,Yes,NO,0
58999200,Caucasian,Male,[40-50),1,Emergency,1,Discharged to home,7,Emergency Room,2,,81,3,11,0,0,0,8,,Norm,Down,Ch,Yes,NO,0
59011098,Caucasian,Female,[70-80),1,Emergency,6,Discharged/transferred to home with home health service,7,Emergency Room,9,,88,0,29,0,0,0,9,,>8,Up,Ch,Yes,NO,0
59269944,Caucasian,Male,[50-60),5,Not Available,1,Discharged to home,17,NULL,2,Urology,13,3,15,1,0,0,8,,,No,No,No,>30,0
59413548,Hispanic,Female,[50-60),5,Not Available,1,Discharged to home,17,NULL,4,Family/GeneralPractice,26,0,16,0,1,1,6,>200,,Steady,Ch,Yes,>30,0
59516592,Caucasian,Male,[80-90),1,Emergency,18,NULL,7,Emergency Room,3,,31,0,5,0,0,2,7,,,No,No,Yes,NO,0
59518782,AfricanAmerican,Female,[80-90),1,Emergency,18,NULL,7,Emergency Room,14,,54,6,29,0,0,1,6,,,No,No,No,NO,0
59523846,Caucasian,Female,[70-80),5,Not Available,1,Discharged to home,17,NULL,2,,19,0,12,6,0,1,5,Norm,,No,No,Yes,>30,0
59561496,Caucasian,Female,[50-60),5,Not Available,1,Discharged to home,17,NULL,6,,26,1,23,0,0,0,4,Norm,,Steady,No,Yes,NO,0
59652222,AfricanAmerican,Female,[10-20),2,Urgent,6,Discharged/transferred to home with home health service,4,Transfer from a hospital,4,Anesthesiology-Pediatric,32,0,8,0,0,0,4,,>8,Steady,No,Yes,NO,0
59652816,AfricanAmerican,Male,[80-90),1,Emergency,1,Discharged to home,7,Emergency Room,2,Cardiology,52,0,8,0,0,0,2,,Norm,No,No,No,>30,0
59659632,Caucasian,Male,[60-70),3,Elective,18,NULL,1,Physician Referral,2,Surgery-Neuro,11,3,30,0,0,0,6,,,No,No,Yes,>30,0
59683344,Caucasian,Female,[50-60),2,Urgent,1,Discharged to home,7,Emergency Room,4,,73,1,17,0,1,1,9,,,Steady,Ch,Yes,<30,1
59731806,Caucasian,Male,[70-80),3,Elective,18,NULL,4,Transfer from a hospital,7,,57,3,13,0,0,0,8,,,No,No,No,NO,0
59745798,AfricanAmerican,Female,[20-30),2,Urgent,1,Discharged to home,1,Physician Referral,2,InternalMedicine,31,0,4,0,0,0,2,,,Up,Ch,Yes,NO,0
59750010,Caucasian,Male,[60-70),2,Urgent,18,NULL,4,Transfer from a hospital,4,,25,1,11,0,0,1,9,,,No,Ch,Yes,<30,1
60002196,Caucasian,Male,[70-80),1,Emergency,18,NULL,7,Emergency Room,4,,39,0,7,0,0,0,9,,,No,No,No,>30,0
60023466,Caucasian,Female,[60-70),1,Emergency,1,Discharged to home,7,Emergency Room,3,,65,0,17,2,0,8,8,,,Down,Ch,Yes,NO,0
60030804,Caucasian,Male,[60-70),1,Emergency,18,NULL,7,Emergency Room,3,,70,0,13,0,0,0,4,,>8,No,No,Yes,NO,0
60030882,Caucasian,Female,[70-80),1,Emergency,18,NULL,7,Emergency Room,4,,56,0,9,0,0,0,9,,,No,No,No,NO,0
60070980,Caucasian,Male,[60-70),1,Emergency,1,Discharged to home,7,Emergency Room,3,InternalMedicine,37,1,13,0,0,0,6,,,Steady,Ch,Yes,NO,0
60250512,Caucasian,Male,[50-60),3,Elective,18,NULL,1,Physician Referral,10,,52,2,29,2,0,4,6,,Norm,Steady,No,Yes,>30,0
60274278,AfricanAmerican,Female,[50-60),3,Elective,18,NULL,1,Physician Referral,3,Orthopedics,20,1,12,0,0,0,3,,,No,No,Yes,NO,0
60306066,Caucasian,Female,[50-60),3,Elective,18,NULL,4,Transfer from a hospital,4,,25,5,22,0,0,0,9,,,No,Ch,Yes,NO,0
60326148,Caucasian,Female,[70-80),6,NULL,5,Discharged/transferred to another type of inpatient care institution,17,NULL,6,,67,0,16,1,2,1,8,,>8,Steady,Ch,Yes,<30,1
60355236,Caucasian,Male,[80-90),1,Emergency,18,NULL,7,Emergency Room,7,,45,0,17,0,0,0,7,,,No,Ch,Yes,NO,0
60449550,Caucasian,Female,[70-80),1,Emergency,6,Discharged/transferred to home with home health service,17,NULL,11,,20,0,21,3,1,1,4,>300,,Down,Ch,Yes,>30,0
60516540,AfricanAmerican,Female,[50-60),1,Emergency,18,NULL,7,Emergency Room,5,,42,0,9,0,0,0,9,,>8,No,No,No,NO,0
60520134,Caucasian,Male,[30-40),3,Elective,18,NULL,4,Transfer from a hospital,11,PhysicalMedicineandRehabilitation,51,0,14,0,0,0,9,,>7,Up,Ch,Yes,>30,0
60548406,Caucasian,Female,[70-80),1,Emergency,6,Discharged/transferred to home with home health service,17,NULL,8,Hematology/Oncology,25,1,17,0,0,0,3,Norm,,No,No,Yes,>30,0
60567270,AfricanAmerican,Female,[70-80),1,Emergency,18,NULL,5,Transfer from a Skilled Nursing Facility (SNF),10,,60,0,23,0,0,0,9,,,No,No,No,NO,0
60707772,Caucasian,Female,[60-70),2,Urgent,4,Discharged/transferred to ICF,7,Emergency Room,7,Family/GeneralPractice,50,0,27,0,0,0,8,,Norm,No,No,Yes,>30,0
60753216,AfricanAmerican,Female,[30-40),1,Emergency,1,Discharged to home,7,Emergency Room,2,InternalMedicine,66,0,11,0,0,0,8,,,Steady,No,Yes,>30,0
60756000,Caucasian,Female,[80-90),3,Elective,6,Discharged/transferred to home with home health service,5,Transfer from a Skilled Nursing Facility (SNF),8,InternalMedicine,31,3,5,0,0,1,7,,Norm,No,No,No,NO,0
60758634,Caucasian,Female,[90-100),1,Emergency,1,Discharged to home,7,Emergency Room,3,InternalMedicine,44,0,12,0,0,1,5,,,No,No,No,NO,0
60759558,Caucasian,Female,[70-80),1,Emergency,18,NULL,7,Emergency Room,4,,46,3,15,0,0,0,5,,,No,Ch,Yes,NO,0
60899418,Caucasian,Female,[50-60),3,Elective,1,Discharged to home,1,Physician Referral,2,,28,1,16,0,0,0,8,,,No,Ch,Yes,>30,0
61064616,Caucasian,Male,[60-70),1,Emergency,2,Discharged/transferred to another short term hospital,7,Emergency Room,5,Family/GeneralPractice,38,0,17,0,0,0,8,,,Steady,No,Yes,<30,1
61079328,Caucasian,Female,[80-90),5,Not Available,3,Discharged/transferred to SNF,17,NULL,2,,24,0,15,0,0,1,9,>200,,Up,Ch,Yes,<30,1
61168476,Caucasian,Female,[70-80),1,Emergency,18,NULL,7,Emergency Room,2,,24,0,8,0,0,2,4,,,No,No,Yes,NO,0
61183026,Caucasian,Female,[60-70),3,Elective,1,Discharged to home,1,Physician Referral,2,,6,3,25,0,0,2,9,,,Steady,Ch,Yes,NO,0
61325976,Caucasian,Female,[70-80),2,Urgent,5,Discharged/transferred to another type of inpatient care institution,1,Physician Referral,5,Orthopedics-Reconstructive,31,2,16,0,0,0,8,,,Steady,No,Yes,NO,0
61370316,Caucasian,Female,[60-70),1,Emergency,18,NULL,7,Emergency Room,5,Family/GeneralPractice,54,0,19,0,0,0,9,,,No,No,Yes,NO,0
61423218,Caucasian,Female,[30-40),2,Urgent,1,Discharged to home,1,Physician Referral,1,Psychiatry,22,0,9,0,0,1,5,,>8,Steady,No,Yes,NO,0
61427460,Caucasian,Male,[60-70),1,Emergency,18,NULL,7,Emergency Room,3,InternalMedicine,56,3,25,0,0,3,6,,,No,No,No,<30,1
61448130,Caucasian,Male,[80-90),5,Not Available,14,Hospice / medical facility,17,NULL,4,Cardiology,24,0,20,0,0,0,9,Norm,,No,No,No,NO,0
61511064,Caucasian,Female,[70-80),1,Emergency,1,Discharged to home,7,Emergency Room,7,Family/GeneralPractice,55,3,21,0,0,1,9,,,Steady,No,Yes,NO,0
61522764,Caucasian,Male,[60-70),6,NULL,1,Discharged to home,17,NULL,1,Family/GeneralPractice,52,0,3,0,0,0,6,,,No,No,No,>30,0
61551600,Caucasian,Female,[90-100),5,Not Available,3,Discharged/transferred to SNF,17,NULL,3,Family/GeneralPractice,17,0,6,0,0,0,7,Norm,,No,No,No,NO,0
61574766,Caucasian,Male,[70-80),1,Emergency,1,Discharged to home,7,Emergency Room,1,InternalMedicine,58,0,8,0,0,0,6,,,No,No,No,NO,0
61605966,Caucasian,Male,[70-80),5,Not Available,6,Discharged/transferred to home with home health service,17,NULL,4,Surgery-General,17,1,18,1,1,0,6,>300,,No,No,Yes,NO,0
61624926,Caucasian,Male,[70-80),1,Emergency,3,Discharged/transferred to SNF,7,Emergency Room,3,Emergency/Trauma,40,0,21,0,0,1,9,,>8,Down,Ch,Yes,NO,0
61678656,Caucasian,Male,[70-80),5,Not Available,3,Discharged/transferred to SNF,17,NULL,3,,24,0,21,0,0,0,6,>200,,Steady,No,Yes,>30,0
61754724,Caucasian,Female,[50-60),2,Urgent,18,NULL,6,Transfer from another health care facility,8,,61,0,17,0,0,6,7,,,Steady,No,Yes,<30,1
61769046,AfricanAmerican,Male,[70-80),3,Elective,3,Discharged/transferred to SNF,1,Physician Referral,7,Surgery-Cardiovascular/Thoracic,72,4,34,0,0,2,5,,,Steady,No,Yes,<30,1
61818420,Caucasian,Female,[40-50),1,Emergency,1,Discharged to home,7,Emergency Room,2,Emergency/Trauma,50,3,15,0,0,1,9,,>8,Down,Ch,Yes,>30,0
61850904,Caucasian,Male,[40-50),3,Elective,18,NULL,4,Transfer from a hospital,9,PhysicalMedicineandRehabilitation,45,0,19,0,0,4,9,,,Up,Ch,Yes,>30,0
61854822,AfricanAmerican,Female,[60-70),1,Emergency,6,Discharged/transferred to home with home health service,7,Emergency Room,7,,45,3,16,0,0,1,9,,,Steady,No,Yes,>30,0
61973814,Caucasian,Female,[70-80),6,NULL,1,Discharged to home,17,NULL,2,Cardiology,49,0,18,0,0,0,7,,,No,Ch,Yes,NO,0
61973850,Caucasian,Female,[80-90),5,Not Available,3,Discharged/transferred to SNF,17,NULL,11,Family/GeneralPractice,26,0,41,0,0,0,8,Norm,,Up,Ch,Yes,<30,1
61989780,Caucasian,Female,[80-90),2,Urgent,1,Discharged to home,1,Physician Referral,1,Cardiology,62,0,5,0,0,0,6,,,No,No,No,>30,0
62045256,Caucasian,Female,[70-80),2,Urgent,18,NULL,4,Transfer from a hospital,4,,25,3,7,0,0,0,6,,,No,No,No,NO,0
62048634,Caucasian,Female,[40-50),1,Emergency,1,Discharged to home,7,Emergency Room,7,Family/GeneralPractice,74,2,21,0,0,1,6,,,No,No,Yes,NO,0
62056446,Caucasian,Male,[60-70),1,Emergency,1,Discharged to home,7,Emergency Room,3,Emergency/Trauma,50,3,13,0,0,0,6,,,Steady,Ch,Yes,>30,0
62064648,Other,Male,[40-50),6,NULL,1,Discharged to home,17,NULL,5,InternalMedicine,81,0,12,0,0,2,8,,,No,No,Yes,NO,0
62151258,AfricanAmerican,Male,[50-60),1,Emergency,1,Discharged to home,7,Emergency Room,7,Emergency/Trauma,78,1,22,0,0,0,9,,,Down,Ch,Yes,NO,0
62169708,Caucasian,Male,[80-90),3,Elective,18,NULL,3,HMO Referral,3,Orthopedics,44,1,8,0,0,0,5,,,No,Ch,Yes,NO,0
62299344,Caucasian,Male,[80-90),1,Emergency,2,Discharged/transferred to another short term hospital,7,Emergency Room,6,,74,0,15,0,0,0,3,,,Steady,Ch,Yes,<30,1
62394168,Caucasian,Female,[80-90),1,Emergency,17,Discharged/transferred/referred to this institution for outpatient services,17,NULL,14,Psychiatry,25,1,17,0,0,1,9,>200,,Steady,Ch,Yes,NO,0
62493720,Caucasian,Male,[50-60),3,Elective,1,Discharged to home,1,Physician Referral,4,Surgery-Neuro,45,4,17,0,0,1,4,,,Steady,Ch,Yes,NO,0
62551026,AfricanAmerican,Female,[50-60),1,Emergency,6,Discharged/transferred to home with home health service,7,Emergency Room,7,InternalMedicine,83,1,15,0,0,0,8,,>7,No,No,No,NO,0
62569362,Caucasian,Female,[80-90),6,NULL,1,Discharged to home,17,NULL,3,Family/GeneralPractice,44,0,15,0,0,1,8,,,No,No,Yes,>30,0
62576568,Caucasian,Female,[90-100),1,Emergency,18,NULL,4,Transfer from a hospital,3,,42,0,10,0,0,1,6,,,No,No,No,>30,0
62598084,AfricanAmerican,Female,[60-70),1,Emergency,18,NULL,5,Transfer from a Skilled Nursing Facility (SNF),4,,49,1,14,0,0,0,9,,,No,No,No,NO,0
62635176,Caucasian,Female,[60-70),1,Emergency,1,Discharged to home,7,Emergency Room,3,InternalMedicine,51,0,13,0,0,0,9,,,No,No,No,NO,0
62644362,Caucasian,Male,[70-80),5,Not Available,6,Discharged/transferred to home with home health service,17,NULL,11,Nephrology,17,6,28,1,3,3,9,>200,,No,No,No,<30,1
62700144,AfricanAmerican,Female,[60-70),1,Emergency,1,Discharged to home,7,Emergency Room,1,Family/GeneralPractice,35,0,6,0,0,0,3,,,Steady,No,Yes,NO,0
62737524,Caucasian,Male,[70-80),3,Elective,1,Discharged to home,1,Physician Referral,2,,35,4,11,0,0,0,9,,,No,No,Yes,>30,0
62789934,Other,Male,[40-50),2,Urgent,18,NULL,4,Transfer from a hospital,4,,20,6,13,0,0,0,4,,,No,No,No,NO,0
62818272,Caucasian,Male,[70-80),5,Not Available,2,Discharged/transferred to another short term hospital,17,NULL,5,,26,1,26,1,0,0,9,>200,,Down,Ch,Yes,>30,0
63034392,Caucasian,Male,[80-90),2,Urgent,3,Discharged/transferred to SNF,5,Transfer from a Skilled Nursing Facility (SNF),10,InternalMedicine,47,6,18,0,0,0,9,,,Steady,No,Yes,>30,0
63127980,Caucasian,Male,[50-60),3,Elective,18,NULL,1,Physician Referral,3,,33,5,19,0,0,1,8,,,No,Ch,Yes,NO,0
63132822,AfricanAmerican,Male,[60-70),1,Emergency,1,Discharged to home,7,Emergency Room,7,,51,5,13,0,0,2,5,,,No,Ch,Yes,<30,1
63138726,Caucasian,Male,[60-70),6,NULL,23,Discharged/transferred to a long term care hospital.,1,Physician Referral,7,Surgery-Thoracic,49,2,18,0,0,2,6,,,No,No,Yes,>30,0
63206940,Caucasian,Male,[60-70),1,Emergency,1,Discharged to home,7,Emergency Room,3,InternalMedicine,57,0,13,0,0,0,6,,,No,Ch,Yes,>30,0
63215448,AfricanAmerican,Female,[60-70),1,Emergency,18,NULL,7,Emergency Room,10,Family/GeneralPractice,61,2,21,0,0,0,9,,,No,No,Yes,<30,1
63305838,Caucasian,Male,[50-60),6,NULL,1,Discharged to home,7,Emergency Room,6,,79,0,9,0,0,0,3,Norm,>8,No,No,Yes,NO,0
63308208,Caucasian,Female,[30-40),1,Emergency,7,Left AMA,7,Emergency Room,2,Psychiatry,44,0,12,0,0,1,8,,,No,No,Yes,NO,0
63329124,Caucasian,Male,[50-60),3,Elective,18,NULL,1,Physician Referral,3,Orthopedics,20,1,22,0,0,0,5,,,No,Ch,Yes,NO,0
63421044,AfricanAmerican,Female,[50-60),1,Emergency,1,Discharged to home,7,Emergency Room,3,InternalMedicine,54,0,17,0,0,3,7,,,Up,Ch,Yes,>30,0
63468696,Caucasian,Male,[80-90),3,Elective,18,NULL,4,Transfer from a hospital,14,PhysicalMedicineandRehabilitation,44,0,12,0,0,0,9,,,No,No,No,NO,0
63503712,Caucasian,Female,[40-50),2,Urgent,6,Discharged/transferred to home with home health service,1,Physician Referral,11,InternalMedicine,56,2,38,0,0,2,8,,Norm,Steady,Ch,Yes,>30,0
63511314,Caucasian,Male,[60-70),2,Urgent,18,NULL,4,Transfer from a hospital,13,,64,3,50,0,0,0,9,,Norm,No,No,Yes,NO,0
63572646,AfricanAmerican,Female,[40-50),6,NULL,1,Discharged to home,1,Physician Referral,2,InternalMedicine,29,1,13,0,0,0,3,Norm,,Steady,No,Yes,NO,0
63635244,Caucasian,Male,[60-70),2,Urgent,18,NULL,4,Transfer from a hospital,3,,43,0,5,0,0,0,5,,>7,No,Ch,Yes,NO,0
63635520,Caucasian,Male,[60-70),1,Emergency,1,Discharged to home,7,Emergency Room,2,InternalMedicine,65,0,5,0,0,0,9,,,No,No,No,NO,0
63645834,Caucasian,Male,[50-60),1,Emergency,18,NULL,7,Emergency Room,1,,40,1,8,0,0,0,6,,,No,No,No,NO,0
63662382,Caucasian,Female,[70-80),2,Urgent,18,NULL,1,Physician Referral,4,,32,6,18,0,0,0,5,,,No,Ch,Yes,NO,0
63745932,Caucasian,Female,[80-90),2,Urgent,18,NULL,5,Transfer from a Skilled Nursing Facility (SNF),9,,43,2,18,0,0,1,9,,,No,No,No,NO,0
63839568,Caucasian,Female,[70-80),2,Urgent,1,Discharged to home,1,Physician Referral,7,InternalMedicine,34,0,9,0,0,1,4,,,Steady,No,Yes,NO,0
63842838,Caucasian,Female,[50-60),1,Emergency,18,NULL,7,Emergency Room,5,,49,3,14,0,0,1,8,,,No,No,No,NO,0
63894504,AfricanAmerican,Female,[80-90),3,Elective,1,Discharged to home,1,Physician Referral,1,,5,1,13,0,0,0,9,,,No,No,No,NO,0
64005240,Caucasian,Female,[70-80),2,Urgent,18,NULL,2,Clinic Referral,6,,63,1,22,0,0,0,9,,,No,No,No,NO,0
64017924,Caucasian,Male,[40-50),1,Emergency,1,Discharged to home,7,Emergency Room,5,InternalMedicine,51,2,11,0,0,0,5,,>7,No,No,No,NO,0
64059204,Caucasian,Male,[60-70),3,Elective,22,Discharged/transferred to another rehab fac including rehab units of a hospital .,1,Physician Referral,5,Surgery-General,50,1,18,0,0,1,5,,,Down,Ch,Yes,NO,0
64149360,Caucasian,Male,[80-90),1,Emergency,18,NULL,7,Emergency Room,3,Family/GeneralPractice,69,0,22,1,0,1,9,,,No,No,No,NO,0
64180236,AfricanAmerican,Female,[50-60),1,Emergency,1,Discharged to home,7,Emergency Room,1,InternalMedicine,47,0,18,0,0,2,9,,,Steady,Ch,Yes,<30,1
64182318,Caucasian,Male,[60-70),3,Elective,1,Discharged to home,1,Physician Referral,1,,18,2,16,0,0,0,9,,,No,No,No,>30,0
64240566,Caucasian,Male,[50-60),2,Urgent,6,Discharged/transferred to home with home health service,1,Physician Referral,8,Nephrology,50,3,11,0,0,1,9,,>8,Down,Ch,Yes,>30,0
64414614,Caucasian,Male,[70-80),1,Emergency,18,NULL,7,Emergency Room,6,Family/GeneralPractice,45,0,16,0,0,0,9,,,No,No,No,>30,0
64416726,Caucasian,Female,[60-70),1,Emergency,4,Discharged/transferred to ICF,7,Emergency Room,13,Cardiology,81,2,28,6,1,1,9,,,Up,Ch,Yes,<30,1
64461390,AfricanAmerican,Female,[50-60),1,Emergency,18,NULL,7,Emergency Room,5,,41,0,22,0,0,2,9,,,No,No,Yes,NO,0
64504746,AfricanAmerican,Female,[70-80),1,Emergency,1,Discharged to home,7,Emergency Room,2,Emergency/Trauma,39,3,10,0,0,0,7,,,No,No,No,>30,0
64519608,Asian,Female,[70-80),5,Not Available,6,Discharged/transferred to home with home health service,17,NULL,7,,23,1,19,0,0,0,6,Norm,,Steady,Ch,Yes,NO,0
64543188,Caucasian,Female,[10-20),3,Elective,1,Discharged to home,1,Physician Referral,4,Pediatrics,42,0,13,0,0,0,4,,>8,Up,Ch,Yes,>30,0
64598892,Caucasian,Male,[40-50),1,Emergency,1,Discharged to home,7,Emergency Room,4,Nephrology,68,1,25,1,0,1,9,,,No,No,Yes,NO,0
64670760,Caucasian,Male,[60-70),1,Emergency,1,Discharged to home,7,Emergency Room,3,InternalMedicine,56,0,7,0,0,2,9,,>7,No,No,Yes,NO,0
64723374,Caucasian,Male,[80-90),3,Elective,1,Discharged to home,4,Transfer from a hospital,4,,29,0,15,4,0,1,7,,,No,Ch,Yes,>30,0
64733256,Caucasian,Female,[60-70),6,NULL,1,Discharged to home,17,NULL,3,,45,3,23,2,0,1,8,,,No,No,Yes,<30,1
64932486,Caucasian,Female,[70-80),1,Emergency,1,Discharged to home,7,Emergency Room,4,InternalMedicine,67,0,12,0,0,0,9,,,No,Ch,Yes,NO,0
64938792,Caucasian,Female,[60-70),3,Elective,1,Discharged to home,1,Physician Referral,3,Surgery-General,56,1,18,0,0,1,6,,,No,No,Yes,>30,0
64989372,Caucasian,Female,[80-90),1,Emergency,18,NULL,7,Emergency Room,6,Family/GeneralPractice,32,0,8,0,0,0,9,,,No,No,Yes,NO,0
65000598,Other,Female,[60-70),2,Urgent,18,NULL,1,Physician Referral,4,,37,0,16,2,0,3,6,,,No,No,No,<30,1
65100930,Caucasian,Female,[70-80),5,Not Available,3,Discharged/transferred to SNF,17,NULL,3,,18,1,15,1,0,0,9,>200,,Steady,No,Yes,NO,0
65150928,Caucasian,Female,[60-70),1,Emergency,18,NULL,7,Emergency Room,5,,59,1,23,0,0,0,9,,,Steady,Ch,Yes,<30,1
65217852,Caucasian,Female,[70-80),1,Emergency,1,Discharged to home,7,Emergency Room,8,,43,0,14,0,0,1,7,,,No,No,Yes,>30,0
65300208,AfricanAmerican,Female,[70-80),1,Emergency,18,NULL,7,Emergency Room,7,Family/GeneralPractice,45,6,14,0,0,0,7,,Norm,No,No,Yes,NO,0
65307618,AfricanAmerican,Male,[70-80),2,Urgent,18,NULL,1,Physician Referral,7,,43,3,20,0,1,1,9,,,No,No,No,>30,0
65415816,Caucasian,Male,[50-60),1,Emergency,18,NULL,7,Emergency Room,8,,80,2,27,1,0,2,9,,,No,No,No,<30,1
65416500,Caucasian,Female,[40-50),1,Emergency,1,Discharged to home,7,Emergency Room,1,Nephrology,61,0,19,0,0,0,9,,,Steady,No,Yes,NO,0
65634978,AfricanAmerican,Male,[60-70),2,Urgent,18,NULL,4,Transfer from a hospital,6,,29,5,19,0,0,0,7,,,Steady,No,Yes,NO,0
65641026,Caucasian,Male,[70-80),2,Urgent,18,NULL,4,Transfer from a hospital,2,,38,0,8,0,0,1,9,,,No,Ch,Yes,>30,0
65723946,Caucasian,Male,[80-90),1,Emergency,6,Discharged/transferred to home with home health service,1,Physician Referral,2,Cardiology,26,2,9,0,0,0,5,,,No,No,Yes,>30,0
65780862,AfricanAmerican,Female,[30-40),1,Emergency,18,NULL,7,Emergency Room,9,Family/GeneralPractice,47,5,20,0,0,1,9,,,No,Ch,Yes,NO,0
65952966,Caucasian,Female,[80-90),5,Not Available,6,Discharged/transferred to home with home health service,17,NULL,2,Surgery-General,15,2,14,0,0,0,8,,,No,No,No,NO,0
65954436,Caucasian,Female,[60-70),1,Emergency,11,Expired,7,Emergency Room,4,Cardiology,75,6,24,0,0,0,9,,,Steady,No,Yes,NO,0
65954544,Caucasian,Male,[70-80),2,Urgent,18,NULL,4,Transfer from a hospital,10,,78,5,26,0,0,0,7,,>7,Steady,Ch,Yes,NO,0
66030696,Caucasian,Female,[90-100),2,Urgent,3,Discharged/transferred to SNF,17,NULL,5,Pulmonology,8,0,5,2,0,0,6,,,No,Ch,Yes,NO,0
66256416,Caucasian,Male,[80-90),1,Emergency,3,Discharged/transferred to SNF,7,Emergency Room,11,Gastroenterology,49,5,25,0,0,0,8,,,Steady,No,Yes,NO,0
66281844,AfricanAmerican,Female,[50-60),1,Emergency,1,Discharged to home,7,Emergency Room,4,InternalMedicine,35,1,4,0,0,0,6,,,Steady,Ch,Yes,NO,0
66352416,AfricanAmerican,Female,[40-50),1,Emergency,1,Discharged to home,7,Emergency Room,12,InternalMedicine,72,5,30,0,0,0,9,,,Steady,Ch,Yes,NO,0
66361644,Caucasian,Male,[60-70),6,NULL,1,Discharged to home,17,NULL,6,Cardiology,53,1,16,0,0,0,7,,,Down,Ch,Yes,NO,0
66393336,Caucasian,Female,[70-80),3,Elective,5,Discharged/transferred to another type of inpatient care institution,1,Physician Referral,3,Orthopedics-Reconstructive,53,1,19,0,0,0,7,,,Steady,Ch,Yes,>30,0
66428934,Caucasian,Female,[80-90),2,Urgent,18,NULL,1,Physician Referral,7,,20,1,11,0,0,0,4,,,No,No,Yes,>30,0
66436446,Caucasian,Female,[70-80),3,Elective,1,Discharged to home,1,Physician Referral,2,,11,3,12,0,0,0,8,,,No,No,No,NO,0
66444984,AfricanAmerican,Female,[80-90),1,Emergency,18,NULL,7,Emergency Room,6,,39,0,8,0,0,2,7,,,No,No,No,NO,0
66478854,Caucasian,Male,[30-40),1,Emergency,18,NULL,7,Emergency Room,3,,59,1,6,0,0,1,3,,,No,No,No,<30,1
66489312,Caucasian,Male,[60-70),1,Emergency,1,Discharged to home,7,Emergency Room,2,InternalMedicine,48,3,10,0,0,0,8,,>7,No,No,Yes,NO,0
66510618,AfricanAmerican,Female,[60-70),1,Emergency,18,NULL,7,Emergency Room,7,,77,2,22,0,0,0,9,,>8,No,Ch,Yes,NO,0
66550746,AfricanAmerican,Male,[40-50),1,Emergency,18,NULL,7,Emergency Room,12,,31,2,14,0,0,2,9,,,No,No,No,NO,0
66690660,Caucasian,Male,[60-70),5,Not Available,6,Discharged/transferred to home with home health service,17,NULL,3,Family/GeneralPractice,25,0,15,7,2,2,9,Norm,,Up,Ch,Yes,>30,0
66707550,AfricanAmerican,Female,[40-50),2,Urgent,1,Discharged to home,1,Physician Referral,4,ObstetricsandGynecology,55,0,5,0,0,2,7,,,Steady,No,Yes,>30,0
66727632,Caucasian,Female,[80-90),1,Emergency,3,Discharged/transferred to SNF,7,Emergency Room,8,InternalMedicine,63,3,19,0,0,4,9,,,No,No,No,<30,1
66826362,Caucasian,Female,[50-60),2,Urgent,1,Discharged to home,1,Physician Referral,7,Surgery-General,41,2,12,0,0,2,7,,,Steady,No,Yes,<30,1
66848532,AfricanAmerican,Female,[20-30),3,Elective,1,Discharged to home,1,Physician Referral,3,ObstetricsandGynecology,47,2,16,0,0,0,5,,,No,No,No,NO,0
66908370,AfricanAmerican,Male,[60-70),3,Elective,18,NULL,1,Physician Referral,5,,24,1,28,0,0,1,8,,,No,No,No,>30,0
66908796,Caucasian,Male,[70-80),3,Elective,18,NULL,1,Physician Referral,4,,45,4,33,0,0,0,7,,,No,Ch,Yes,NO,0
67177596,Caucasian,Female,[80-90),1,Emergency,1,Discharged to home,17,NULL,1,,25,0,9,0,1,1,6,Norm,,No,No,No,>30,0
67177800,Caucasian,Male,[70-80),1,Emergency,3,Discharged/transferred to SNF,7,Emergency Room,7,Family/GeneralPractice,38,1,18,0,0,2,6,,,Steady,No,Yes,NO,0
67198344,Caucasian,Female,[40-50),1,Emergency,1,Discharged to home,7,Emergency Room,2,Family/GeneralPractice,42,0,14,0,0,0,8,,>8,Steady,Ch,Yes,NO,0
67201890,AfricanAmerican,Female,[60-70),6,NULL,5,Discharged/transferred to another type of inpatient care institution,17,NULL,6,InternalMedicine,58,3,19,0,0,3,8,,,No,No,No,<30,1
67208844,Hispanic,Female,[70-80),1,Emergency,22,Discharged/transferred to another rehab fac including rehab units of a hospital .,6,Transfer from another health care facility,10,,64,0,30,0,0,0,9,,,No,Ch,Yes,NO,0
67218504,Caucasian,Male,[70-80),2,Urgent,6,Discharged/transferred to home with home health service,7,Emergency Room,3,,38,1,18,1,0,1,9,,,No,No,No,<30,1
67242318,AfricanAmerican,Female,[50-60),5,Not Available,6,Discharged/transferred to home with home health service,17,NULL,2,Family/GeneralPractice,25,0,13,5,0,0,7,>300,,Down,Ch,Yes,NO,0
67331736,Hispanic,Female,[50-60),1,Emergency,1,Discharged to home,7,Emergency Room,1,InternalMedicine,40,0,4,0,0,0,9,,,No,No,No,NO,0
67332000,Caucasian,Male,[70-80),5,Not Available,3,Discharged/transferred to SNF,17,NULL,2,,19,0,9,0,0,1,9,Norm,,No,No,No,NO,0
67377192,Hispanic,Female,[70-80),1,Emergency,1,Discharged to home,7,Emergency Room,1,InternalMedicine,46,0,9,0,0,1,6,,,No,Ch,Yes,>30,0
67387266,Caucasian,Male,[60-70),2,Urgent,18,NULL,1,Physician Referral,3,,31,0,14,0,0,1,2,,,Steady,Ch,Yes,NO,0
67521756,Caucasian,Male,[40-50),1,Emergency,1,Discharged to home,7,Emergency Room,5,InternalMedicine,31,0,15,0,0,0,4,,,Down,Ch,Yes,NO,0
67535214,Caucasian,Male,[60-70),3,Elective,18,NULL,1,Physician Referral,1,,25,1,26,0,0,0,5,,,No,Ch,Yes,NO,0
67687524,Caucasian,Male,[70-80),1,Emergency,4,Discharged/transferred to ICF,7,Emergency Room,4,InternalMedicine,83,1,18,0,0,0,9,,,Steady,Ch,Yes,NO,0
67734120,Caucasian,Female,[70-80),1,Emergency,3,Discharged/transferred to SNF,7,Emergency Room,3,,55,0,11,0,0,0,6,,,Down,Ch,Yes,>30,0
68071596,Caucasian,Male,[40-50),1,Emergency,1,Discharged to home,7,Emergency Room,5,InternalMedicine,41,0,11,0,0,0,5,,,No,No,Yes,NO,0
68182548,Caucasian,Female,[60-70),1,Emergency,1,Discharged to home,7,Emergency Room,5,,58,1,16,0,2,2,2,,,Down,Ch,Yes,>30,0
68184246,Caucasian,Female,[80-90),3,Elective,6,Discharged/transferred to home with home health service,4,Transfer from a hospital,8,Cardiology,26,2,19,0,0,1,8,,Norm,Steady,Ch,Yes,>30,0
68236722,AfricanAmerican,Female,[30-40),1,Emergency,1,Discharged to home,7,Emergency Room,2,Family/GeneralPractice,31,0,10,0,0,0,4,,,Down,Ch,Yes,NO,0
68365764,Caucasian,Male,[60-70),2,Urgent,1,Discharged to home,1,Physician Referral,3,Pediatrics,52,6,18,0,0,0,6,,,No,No,Yes,>30,0
68449254,Caucasian,Female,[50-60),1,Emergency,1,Discharged to home,7,Emergency Room,2,Otolaryngology,38,1,14,0,0,0,2,,,Down,Ch,Yes,NO,0
68458704,Caucasian,Female,[70-80),1,Emergency,6,Discharged/transferred to home with home health service,7,Emergency Room,7,Cardiology,32,0,8,0,0,0,8,,,No,No,No,NO,0
68540958,AfricanAmerican,Female,[70-80),2,Urgent,1,Discharged to home,2,Clinic Referral,2,Cardiology,10,4,11,0,0,1,9,,,Steady,Ch,Yes,NO,0
68558052,AfricanAmerican,Female,[50-60),1,Emergency,1,Discharged to home,7,Emergency Room,8,Cardiology,52,5,18,0,0,0,6,,,Steady,No,Yes,NO,0
68647746,Caucasian,Male,[40-50),3,Elective,22,Discharged/transferred to another rehab fac including rehab units of a hospital .,6,Transfer from another health care facility,1,,31,3,14,0,0,1,6,,,Steady,No,Yes,<30,1
68672136,Caucasian,Male,[50-60),3,Elective,18,NULL,1,Physician Referral,6,,29,5,22,0,0,0,7,,,No,No,Yes,NO,0
68759856,Caucasian,Male,[50-60),1,Emergency,18,NULL,7,Emergency Room,4,,46,1,9,0,0,10,7,,,Steady,No,Yes,>30,0
68856840,Caucasian,Female,[60-70),2,Urgent,6,Discharged/transferred to home with home health service,1,Physician Referral,8,Cardiology,72,6,31,0,0,0,4,,Norm,No,No,Yes,NO,0
68876412,AfricanAmerican,Female,[60-70),1,Emergency,18,NULL,7,Emergency Room,3,,41,3,16,0,0,1,5,,,No,No,Yes,NO,0
69020382,Caucasian,Female,[70-80),3,Elective,1,Discharged to home,1,Physician Referral,5,Surgery-General,31,2,18,0,0,0,9,,,Steady,No,Yes,<30,1
69021222,Caucasian,Male,[80-90),3,Elective,1,Discharged to home,1,Physician Referral,2,Surgery-Cardiovascular/Thoracic,48,1,15,0,0,1,8,,,No,No,Yes,>30,0
69161838,Caucasian,Male,[70-80),1,Emergency,1,Discharged to home,7,Emergency Room,2,,66,6,18,2,0,2,9,,,No,Ch,Yes,>30,0
69208242,AfricanAmerican,Male,[60-70),5,Not Available,1,Discharged to home,17,NULL,3,InternalMedicine,20,0,8,2,0,0,8,Norm,,No,No,No,NO,0
69265818,Caucasian,Male,[70-80),3,Elective,1,Discharged to home,1,Physician Referral,5,,43,0,7,0,0,0,7,,,Up,Ch,Yes,>30,0
69294954,Caucasian,Female,[30-40),1,Emergency,1,Discharged to home,7,Emergency Room,9,,45,4,34,0,0,2,6,,,No,No,Yes,NO,0
69297738,Caucasian,Male,[80-90),6,NULL,1,Discharged to home,17,NULL,3,Family/GeneralPractice,73,0,7,0,0,0,6,,,No,No,No,>30,0
69327834,Caucasian,Male,[40-50),5,Not Available,1,Discharged to home,17,NULL,4,Psychiatry,23,0,9,0,0,0,5,Norm,,No,No,No,NO,0
69347118,Caucasian,Male,[70-80),1,Emergency,1,Discharged to home,7,Emergency Room,3,InternalMedicine,68,2,14,0,0,0,7,,,No,No,Yes,>30,0
69424896,Caucasian,Female,[40-50),2,Urgent,1,Discharged to home,17,NULL,2,Family/GeneralPractice,23,0,9,1,0,0,9,Norm,,No,No,No,<30,1
69478338,AfricanAmerican,Female,[50-60),1,Emergency,1,Discharged to home,7,Emergency Room,3,,55,2,17,0,0,1,9,,,No,No,No,NO,0
69654192,Caucasian,Male,[50-60),1,Emergency,6,Discharged/transferred to home with home health service,7,Emergency Room,6,Surgery-Cardiovascular/Thoracic,81,6,34,0,0,0,9,,,Steady,No,Yes,NO,0
69791484,Asian,Female,[40-50),1,Emergency,1,Discharged to home,1,Physician Referral,2,InternalMedicine,28,1,12,0,0,0,8,,,No,No,No,NO,0
69833580,Caucasian,Female,[50-60),1,Emergency,5,Discharged/transferred to another type of inpatient care institution,7,Emergency Room,5,,40,0,6,0,0,0,7,,>7,No,No,No,NO,0
69860484,Caucasian,Male,[50-60),1,Emergency,1,Discharged to home,7,Emergency Room,3,InternalMedicine,38,3,8,0,0,0,5,,,No,No,Yes,NO,0
69864336,Caucasian,Male,[60-70),2,Urgent,3,Discharged/transferred to SNF,5,Transfer from a Skilled Nursing Facility (SNF),10,Orthopedics,33,4,21,0,0,2,9,,,No,No,No,>30,0
69870870,AfricanAmerican,Female,[80-90),3,Elective,22,Discharged/transferred to another rehab fac including rehab units of a hospital .,1,Physician Referral,4,,30,1,19,0,0,2,5,,,No,No,No,<30,1
69870966,Caucasian,Male,[70-80),1,Emergency,13,Hospice / home,7,Emergency Room,11,InternalMedicine,37,0,22,0,0,0,9,,,Steady,Ch,Yes,NO,0
69888660,Caucasian,Male,[80-90),1,Emergency,6,Discharged/transferred to home with home health service,7,Emergency Room,4,,73,1,13,0,0,1,9,,Norm,No,No,No,>30,0
69912024,AfricanAmerican,Female,[70-80),1,Emergency,3,Discharged/transferred to SNF,5,Transfer from a Skilled Nursing Facility (SNF),3,Family/GeneralPractice,39,0,10,0,0,2,7,,,No,No,No,NO,0
69918720,Caucasian,Male,[70-80),5,Not Available,3,Discharged/transferred to SNF,17,NULL,1,,23,0,5,2,1,0,7,Norm,,No,No,No,>30,0
70019010,Caucasian,Male,[50-60),6,NULL,11,Expired,7,Emergency Room,4,InternalMedicine,85,3,13,0,0,0,6,>300,,Steady,No,Yes,NO,0
70028526,Caucasian,Female,[50-60),3,Elective,23,Discharged/transferred to a long term care hospital.,1,Physician Referral,7,Surgery-General,73,2,27,0,0,2,9,,>7,Steady,No,Yes,>30,0
70156224,Caucasian,Female,[70-80),1,Emergency,1,Discharged to home,7,Emergency Room,4,InternalMedicine,54,1,27,0,0,2,9,,,Steady,Ch,Yes,NO,0
70236768,Caucasian,Male,[80-90),5,Not Available,1,Discharged to home,17,NULL,2,,25,0,19,1,0,0,9,Norm,,No,No,Yes,NO,0
70280100,Caucasian,Female,[80-90),1,Emergency,3,Discharged/transferred to SNF,7,Emergency Room,4,,53,0,10,0,0,0,9,,,No,No,Yes,NO,0
70328070,Caucasian,Female,[80-90),1,Emergency,6,Discharged/transferred to home with home health service,7,Emergency Room,7,Family/GeneralPractice,54,2,14,0,0,0,8,,,Steady,No,Yes,<30,1
70356708,Caucasian,Male,[50-60),3,Elective,1,Discharged to home,1,Physician Referral,1,Surgery-Vascular,37,1,6,0,0,0,3,,,Steady,No,Yes,NO,0
70429332,AfricanAmerican,Female,[60-70),1,Emergency,6,Discharged/transferred to home with home health service,7,Emergency Room,14,Family/GeneralPractice,77,3,27,0,0,3,9,,Norm,No,No,No,NO,0
70468668,Caucasian,Male,[50-60),1,Emergency,1,Discharged to home,7,Emergency Room,5,Family/GeneralPractice,31,2,14,0,0,1,9,,,Steady,No,Yes,NO,0
70494432,Caucasian,Male,[70-80),3,Elective,1,Discharged to home,4,Transfer from a hospital,5,,51,6,15,0,0,0,9,,Norm,No,No,No,NO,0
70635480,Caucasian,Female,[80-90),3,Elective,1,Discharged to home,1,Physician Referral,5,,50,5,22,0,0,0,9,,,Steady,Ch,Yes,>30,0
70660848,AfricanAmerican,Female,[50-60),3,Elective,1,Discharged to home,1,Physician Referral,2,Psychiatry,1,0,6,0,0,0,7,,,No,No,No,NO,0
70713066,Caucasian,Female,[90-100),1,Emergency,3,Discharged/transferred to SNF,7,Emergency Room,1,Family/GeneralPractice,35,0,11,0,0,0,8,,,No,No,Yes,NO,0
70808268,Caucasian,Male,[40-50),1,Emergency,1,Discharged to home,7,Emergency Room,3,Emergency/Trauma,34,3,17,0,0,0,9,,,Steady,No,Yes,NO,0
70810734,Asian,Male,[90-100),1,Emergency,6,Discharged/transferred to home with home health service,1,Physician Referral,8,,51,0,11,0,0,0,9,,,No,No,No,NO,0
70811262,Caucasian,Female,[30-40),1,Emergency,1,Discharged to home,7,Emergency Room,1,Emergency/Trauma,52,0,10,0,0,1,3,,,Steady,No,Yes,>30,0
71039004,AfricanAmerican,Male,[60-70),1,Emergency,1,Discharged to home,7,Emergency Room,3,InternalMedicine,39,1,20,0,0,1,9,,,Steady,Ch,Yes,>30,0
71067306,Caucasian,Male,[70-80),3,Elective,1,Discharged to home,1,Physician Referral,2,,32,1,24,0,0,0,7,,,No,Ch,Yes,NO,0
71135736,Caucasian,Female,[90-100),5,Not Available,14,Hospice / medical facility,17,NULL,2,Hematology/Oncology,22,0,12,2,0,1,9,>300,,No,Ch,Yes,NO,0
71310192,AfricanAmerican,Male,[60-70),1,Emergency,3,Discharged/transferred to SNF,7,Emergency Room,8,Family/GeneralPractice,67,3,18,0,0,0,3,,>8,No,No,Yes,>30,0
71331252,Caucasian,Female,[40-50),1,Emergency,1,Discharged to home,7,Emergency Room,4,Pediatrics,33,0,17,0,0,0,4,,,No,No,Yes,NO,0
71553582,Caucasian,Female,[70-80),1,Emergency,3,Discharged/transferred to SNF,7,Emergency Room,4,InternalMedicine,48,1,12,0,0,0,9,,,No,No,Yes,NO,0
71587710,AfricanAmerican,Female,[60-70),1,Emergency,1,Discharged to home,7,Emergency Room,3,,42,0,8,0,0,0,6,,,No,No,No,NO,0
71591838,Caucasian,Female,[80-90),5,Not Available,3,Discharged/transferred to SNF,17,NULL,4,Surgery-General,23,0,12,0,0,0,9,>200,,Steady,No,Yes,>30,0
71612988,Caucasian,Male,[70-80),3,Elective,8,Discharged/transferred to home under care of Home IV provider,1,Physician Referral,10,,48,5,19,0,0,1,6,,,No,No,No,>30,0
71616858,Caucasian,Male,[50-60),5,Not Available,3,Discharged/transferred to SNF,17,NULL,10,Surgery-General,25,2,19,1,3,1,9,>300,,Up,Ch,Yes,<30,1
71699934,Caucasian,Female,[40-50),1,Emergency,6,Discharged/transferred to home with home health service,7,Emergency Room,4,,52,1,21,0,0,0,8,,,Up,Ch,Yes,>30,0
71712096,Hispanic,Male,[40-50),1,Emergency,7,Left AMA,7,Emergency Room,1,InternalMedicine,67,0,9,0,0,0,3,,,No,No,Yes,NO,0
71836332,,Male,[50-60),3,Elective,1,Discharged to home,1,Physician Referral,2,Surgery-General,35,2,6,0,0,0,4,,,No,No,No,NO,0
71844618,Caucasian,Male,[70-80),3,Elective,6,Discharged/transferred to home with home health service,2,Clinic Referral,3,Surgery-General,13,5,14,0,0,2,8,,,Steady,No,Yes,<30,1
71860524,Caucasian,Female,[70-80),2,Urgent,1,Discharged to home,1,Physician Referral,4,InternalMedicine,49,0,12,0,0,0,8,,,No,No,Yes,NO,0
71885652,Caucasian,Female,[70-80),6,NULL,2,Discharged/transferred to another short term hospital,7,Emergency Room,7,InternalMedicine,42,3,6,0,0,2,6,Norm,,No,No,Yes,>30,0
71907252,Caucasian,Male,[70-80),1,Emergency,3,Discharged/transferred to SNF,7,Emergency Room,13,InternalMedicine,95,1,16,0,0,0,9,,>7,Steady,Ch,Yes,>30,0
72098832,AfricanAmerican,Male,[40-50),1,Emergency,1,Discharged to home,7,Emergency Room,3,Family/GeneralPractice,46,3,15,0,0,0,6,,,Steady,Ch,Yes,NO,0
72142284,Caucasian,Male,[80-90),5,Not Available,6,Discharged/transferred to home with home health service,17,NULL,5,,24,1,21,1,8,0,9,>200,,Steady,Ch,Yes,NO,0
72160944,Caucasian,Female,[60-70),3,Elective,1,Discharged to home,1,Physician Referral,2,,35,2,11,0,0,0,5,,,No,No,No,NO,0
72181920,Caucasian,Male,[70-80),3,Elective,1,Discharged to home,1,Physician Referral,4,Orthopedics,23,2,16,0,0,3,6,,,No,Ch,Yes,NO,0
72212208,Caucasian,Female,[60-70),2,Urgent,1,Discharged to home,1,Physician Referral,2,Cardiology,52,0,19,1,0,4,2,,>8,Down,Ch,Yes,>30,0
72227184,Caucasian,Female,[80-90),1,Emergency,3,Discharged/transferred to SNF,17,NULL,7,,25,0,16,0,1,0,9,>200,,Down,Ch,Yes,NO,0
72229992,AfricanAmerican,Male,[60-70),1,Emergency,22,Discharged/transferred to another rehab fac including rehab units of a hospital .,7,Emergency Room,10,,40,1,19,0,0,0,9,,>8,Steady,No,Yes,<30,1
72335436,Caucasian,Female,[50-60),1,Emergency,1,Discharged to home,7,Emergency Room,14,Psychiatry,45,0,11,0,0,0,4,,,No,No,No,NO,0
72448302,AfricanAmerican,Female,[30-40),1,Emergency,1,Discharged to home,7,Emergency Room,4,Nephrology,62,2,12,0,0,2,9,,,Steady,No,Yes,>30,0
72707016,,Male,[60-70),3,Elective,1,Discharged to home,1,Physician Referral,2,,37,6,23,0,0,0,7,,,No,No,No,NO,0
72721848,Caucasian,Female,[60-70),1,Emergency,1,Discharged to home,7,Emergency Room,8,Surgery-General,60,2,20,0,0,0,8,,Norm,No,No,No,NO,0
72742368,Caucasian,Female,[60-70),1,Emergency,1,Discharged to home,7,Emergency Room,3,InternalMedicine,66,0,17,0,0,4,4,,>8,Down,Ch,Yes,>30,0
72745530,Caucasian,Male,[30-40),2,Urgent,1,Discharged to home,6,Transfer from another health care facility,1,,20,0,2,0,0,0,2,,,No,No,No,NO,0
72748662,AfricanAmerican,Female,[70-80),1,Emergency,6,Discharged/transferred to home with home health service,7,Emergency Room,6,,70,2,23,0,0,0,9,,>8,No,No,Yes,>30,0
72765654,AfricanAmerican,Female,[60-70),5,Not Available,1,Discharged to home,17,NULL,1,,25,0,16,2,0,0,6,Norm,,No,Ch,Yes,>30,0
72768222,Caucasian,Male,[30-40),3,Elective,1,Discharged to home,1,Physician Referral,1,Orthopedics,20,3,16,0,0,0,3,,,No,No,No,NO,0
72956448,Caucasian,Female,[70-80),6,NULL,3,Discharged/transferred to SNF,7,Emergency Room,9,InternalMedicine,54,1,37,0,1,3,6,,,No,No,Yes,<30,1
73031526,Caucasian,Female,[40-50),1,Emergency,1,Discharged to home,7,Emergency Room,4,Emergency/Trauma,57,0,10,0,0,0,8,,,Steady,Ch,Yes,NO,0
73057914,Caucasian,Female,[20-30),5,Not Available,17,Discharged/transferred/referred to this institution for outpatient services,17,NULL,4,,25,0,10,0,1,0,5,>300,,Up,Ch,Yes,>30,0
73166712,AfricanAmerican,Female,[50-60),1,Emergency,1,Discharged to home,7,Emergency Room,1,Family/GeneralPractice,36,1,3,1,1,1,3,,,No,No,Yes,>30,0
73199622,AfricanAmerican,Female,[30-40),1,Emergency,1,Discharged to home,7,Emergency Room,4,InternalMedicine,65,0,18,0,0,2,6,,,Steady,No,Yes,NO,0
73206816,Caucasian,Female,[80-90),1,Emergency,6,Discharged/transferred to home with home health service,7,Emergency Room,3,,52,3,10,0,0,0,9,,,No,No,Yes,NO,0
73228128,Caucasian,Female,[70-80),3,Elective,6,Discharged/transferred to home with home health service,1,Physician Referral,12,,62,4,39,0,0,0,9,,,No,No,No,NO,0
73468026,Caucasian,Male,[70-80),3,Elective,1,Discharged to home,1,Physician Referral,6,,39,1,8,2,0,0,9,,,No,No,No,>30,0
73472244,AfricanAmerican,Male,[60-70),1,Emergency,6,Discharged/transferred to home with home health service,7,Emergency Room,12,,74,2,28,0,0,0,9,,,Up,Ch,Yes,>30,0
73528926,Caucasian,Female,[80-90),1,Emergency,3,Discharged/transferred to SNF,7,Emergency Room,6,,62,0,15,0,0,0,6,,,No,No,No,NO,0
73543926,Caucasian,Female,[60-70),3,Elective,22,Discharged/transferred to another rehab fac including rehab units of a hospital .,1,Physician Referral,5,Orthopedics-Reconstructive,60,1,39,0,0,0,9,,,No,Ch,Yes,NO,0
73627602,Caucasian,Female,[60-70),2,Urgent,1,Discharged to home,1,Physician Referral,3,,72,2,16,0,0,1,6,,,No,No,Yes,>30,0
73653018,Caucasian,Male,[50-60),3,Elective,1,Discharged to home,1,Physician Referral,4,Surgery-Cardiovascular/Thoracic,65,4,32,0,0,4,5,,,Up,Ch,Yes,NO,0
73731762,Caucasian,Female,[70-80),3,Elective,6,Discharged/transferred to home with home health service,4,Transfer from a hospital,6,,50,0,16,2,0,1,7,,,No,No,No,NO,0
73754580,AfricanAmerican,Female,[20-30),1,Emergency,1,Discharged to home,7,Emergency Room,5,InternalMedicine,49,0,4,0,0,0,6,,,No,No,No,NO,0
73768044,AfricanAmerican,Female,[80-90),1,Emergency,6,Discharged/transferred to home with home health service,7,Emergency Room,4,,42,0,6,0,0,0,5,,,No,Ch,Yes,NO,0
73794294,Asian,Male,[70-80),2,Urgent,1,Discharged to home,1,Physician Referral,9,InternalMedicine,53,3,19,0,0,0,8,,>7,No,No,Yes,NO,0
73892754,Caucasian,Male,[70-80),6,NULL,1,Discharged to home,17,NULL,2,Nephrology,42,0,8,0,0,1,8,,,No,No,Yes,>30,0
73904418,Caucasian,Female,[80-90),3,Elective,1,Discharged to home,1,Physician Referral,7,Cardiology,32,3,21,0,0,0,9,,,Steady,Ch,Yes,NO,0
73908564,AfricanAmerican,Female,[70-80),1,Emergency,1,Discharged to home,7,Emergency Room,5,Nephrology,48,1,11,0,0,1,9,,,No,No,No,NO,0
73919340,Caucasian,Male,[40-50),3,Elective,1,Discharged to home,1,Physician Referral,1,Surgery-Neuro,1,1,15,0,0,0,4,,,No,No,Yes,NO,0
74020632,Caucasian,Female,[50-60),1,Emergency,1,Discharged to home,7,Emergency Room,2,InternalMedicine,33,0,12,0,0,0,9,,,No,No,Yes,NO,0
74025180,Caucasian,Male,[40-50),1,Emergency,1,Discharged to home,7,Emergency Room,1,Cardiology,61,3,10,0,1,0,9,,,Steady,No,Yes,>30,0
74030010,Caucasian,Male,[70-80),3,Elective,3,Discharged/transferred to SNF,1,Physician Referral,3,Orthopedics,19,1,25,0,0,0,7,,,No,No,No,NO,0
74108028,Caucasian,Male,[50-60),2,Urgent,6,Discharged/transferred to home with home health service,1,Physician Referral,12,InternalMedicine,64,4,23,0,0,0,9,,>7,Steady,Ch,Yes,NO,0
74145546,AfricanAmerican,Female,[50-60),5,Not Available,1,Discharged to home,17,NULL,5,,1,1,15,1,0,0,4,,,Down,Ch,Yes,NO,0
74190672,Caucasian,Female,[70-80),3,Elective,1,Discharged to home,1,Physician Referral,1,,23,6,15,0,0,0,9,,,Steady,No,Yes,NO,0
74222532,Caucasian,Female,[10-20),3,Elective,1,Discharged to home,1,Physician Referral,9,Pediatrics-Pulmonology,45,0,13,0,0,0,4,,>7,No,No,No,>30,0
74251464,AfricanAmerican,Female,[40-50),1,Emergency,1,Discharged to home,7,Emergency Room,5,Emergency/Trauma,73,1,20,0,0,5,9,,,Down,Ch,Yes,>30,0
74325612,Caucasian,Male,[60-70),1,Emergency,6,Discharged/transferred to home with home health service,7,Emergency Room,3,Family/GeneralPractice,41,0,12,0,0,0,9,,,No,No,No,NO,0
74485692,Caucasian,Male,[40-50),2,Urgent,1,Discharged to home,4,Transfer from a hospital,2,,24,4,10,0,0,0,5,,,No,No,No,NO,0
74634288,Caucasian,Female,[50-60),1,Emergency,1,Discharged to home,7,Emergency Room,1,InternalMedicine,59,0,10,0,0,0,9,,,Steady,No,Yes,>30,0
74638914,Caucasian,Female,[50-60),1,Emergency,1,Discharged to home,7,Emergency Room,4,InternalMedicine,41,1,9,0,0,1,4,,>7,No,No,No,>30,0
74643624,AfricanAmerican,Female,[30-40),1,Emergency,1,Discharged to home,7,Emergency Room,2,InternalMedicine,64,0,10,0,0,0,3,,>8,Steady,Ch,Yes,NO,0
74674962,Caucasian,Female,[80-90),1,Emergency,3,Discharged/transferred to SNF,7,Emergency Room,7,Family/GeneralPractice,55,2,18,0,0,0,9,,,No,No,Yes,NO,0
74741286,Caucasian,Male,[70-80),6,NULL,1,Discharged to home,17,NULL,1,Cardiology,58,1,17,0,0,0,4,,,No,Ch,Yes,NO,0
74741760,Caucasian,Male,[50-60),3,Elective,1,Discharged to home,4,Transfer from a hospital,6,,25,6,16,0,0,0,4,,,No,No,Yes,NO,0
74832516,Caucasian,Male,[70-80),6,NULL,25,Not Mapped,17,NULL,5,,25,0,15,1,0,0,6,Norm,,Steady,Ch,Yes,>30,0
74858976,Caucasian,Male,[60-70),1,Emergency,1,Discharged to home,7,Emergency Room,1,InternalMedicine,59,0,12,0,0,0,6,,,Steady,Ch,Yes,NO,0
74907828,AfricanAmerican,Female,[60-70),1,Emergency,7,Left AMA,7,Emergency Room,2,,42,0,9,0,0,0,3,,,No,No,Yes,NO,0
74910690,AfricanAmerican,Male,[70-80),2,Urgent,1,Discharged to home,1,Physician Referral,7,Cardiology,84,3,17,0,0,0,9,,>8,Steady,Ch,Yes,>30,0
74949204,Caucasian,Female,[70-80),6,NULL,1,Discharged to home,17,NULL,8,Family/GeneralPractice,60,3,24,0,0,0,9,,,No,No,No,>30,0
75110706,AfricanAmerican,Male,[50-60),1,Emergency,1,Discharged to home,7,Emergency Room,11,,67,1,23,0,0,0,6,,,No,Ch,Yes,NO,0
75191742,Caucasian,Male,[80-90),6,NULL,25,Not Mapped,17,NULL,2,Cardiology,25,0,13,2,0,0,9,>200,,No,No,No,NO,0
75207606,Caucasian,Female,[70-80),3,Elective,1,Discharged to home,1,Physician Referral,2,ObstetricsandGynecology,42,0,12,0,0,0,5,,,No,No,Yes,NO,0
75251832,AfricanAmerican,Female,[60-70),3,Elective,1,Discharged to home,1,Physician Referral,1,Cardiology,50,5,11,0,0,0,5,,,No,Ch,Yes,NO,0
75262506,Caucasian,Female,[70-80),3,Elective,5,Discharged/transferred to another type of inpatient care institution,1,Physician Referral,3,Orthopedics-Reconstructive,20,1,22,0,0,0,5,,,No,No,Yes,NO,0
75263118,Caucasian,Male,[70-80),1,Emergency,3,Discharged/transferred to SNF,7,Emergency Room,7,InternalMedicine,62,0,15,0,0,0,9,,,No,Ch,Yes,>30,0
75263178,Other,Male,[80-90),1,Emergency,1,Discharged to home,1,Physician Referral,3,InternalMedicine,37,1,10,0,0,0,8,,,No,No,No,NO,0
75324606,Caucasian,Male,[60-70),3,Elective,1,Discharged to home,4,Transfer from a hospital,14,,44,6,34,0,0,1,9,,,No,No,No,NO,0
75327630,Caucasian,Male,[80-90),1,Emergency,1,Discharged to home,7,Emergency Room,3,InternalMedicine,35,0,12,0,0,0,9,,,No,No,No,NO,0
75361914,Caucasian,Female,[50-60),1,Emergency,1,Discharged to home,7,Emergency Room,9,InternalMedicine,50,6,20,0,0,1,9,,,No,No,Yes,<30,1
75456078,Caucasian,Male,[50-60),2,Urgent,22,Discharged/transferred to another rehab fac including rehab units of a hospital .,4,Transfer from a hospital,4,,24,3,18,0,0,0,6,,,No,No,No,NO,0
75459996,Caucasian,Male,[40-50),6,NULL,25,Not Mapped,17,NULL,1,,21,0,11,0,0,1,9,Norm,,Steady,No,Yes,<30,1
75569784,Caucasian,Female,[50-60),1,Emergency,1,Discharged to home,7,Emergency Room,2,Pediatrics,21,0,7,0,0,0,4,,,No,Ch,Yes,NO,0
75593676,Caucasian,Male,[70-80),6,NULL,1,Discharged to home,17,NULL,13,Family/GeneralPractice,101,4,37,1,0,2,8,,,Steady,No,Yes,<30,1
75615858,Caucasian,Male,[40-50),3,Elective,1,Discharged to home,1,Physician Referral,2,Surgery-General,54,1,13,0,0,1,8,,,Steady,No,Yes,NO,0
75658614,Caucasian,Male,[50-60),6,NULL,25,Not Mapped,17,NULL,1,Family/GeneralPractice,23,0,23,1,3,3,9,>300,,No,No,Yes,<30,1
75767022,AfricanAmerican,Female,[20-30),1,Emergency,6,Discharged/transferred to home with home health service,7,Emergency Room,6,,64,0,13,0,0,1,9,,>8,No,Ch,Yes,>30,0
75777120,Caucasian,Female,[60-70),2,Urgent,1,Discharged to home,1,Physician Referral,8,InternalMedicine,63,0,11,0,0,0,8,,,No,No,No,NO,0
75786042,AfricanAmerican,Male,[60-70),3,Elective,6,Discharged/transferred to home with home health service,4,Transfer from a hospital,10,PhysicalMedicineandRehabilitation,36,1,16,0,0,2,9,,,No,Ch,Yes,<30,1
75808452,Caucasian,Female,[40-50),1,Emergency,1,Discharged to home,7,Emergency Room,10,InternalMedicine,59,1,15,1,0,0,7,,Norm,No,No,No,>30,0
75914940,AfricanAmerican,Female,[50-60),1,Emergency,1,Discharged to home,7,Emergency Room,1,InternalMedicine,44,0,6,0,0,1,6,,,No,No,Yes,NO,0
76026744,Caucasian,Female,[60-70),3,Elective,1,Discharged to home,1,Physician Referral,5,Surgery-Cardiovascular/Thoracic,57,3,20,0,0,2,9,,,Steady,Ch,Yes,>30,0
76112346,Caucasian,Male,[50-60),6,NULL,6,Discharged/transferred to home with home health service,17,NULL,7,Orthopedics-Reconstructive,45,2,26,0,0,2,6,,,Steady,Ch,Yes,>30,0
76121340,AfricanAmerican,Female,[70-80),1,Emergency,1,Discharged to home,7,Emergency Room,4,,48,3,12,0,0,1,5,,>7,No,No,Yes,>30,0
76121448,AfricanAmerican,Female,[50-60),1,Emergency,11,Expired,7,Emergency Room,1,Family/GeneralPractice,26,2,13,0,0,1,8,,,No,No,No,NO,0
76141866,AfricanAmerican,Female,[60-70),1,Emergency,6,Discharged/transferred to home with home health service,7,Emergency Room,4,,43,0,9,0,0,0,4,,,No,Ch,Yes,NO,0
76142280,Caucasian,Male,[60-70),6,NULL,25,Not Mapped,17,NULL,2,,16,1,15,3,0,0,9,Norm,,Up,Ch,Yes,NO,0
76147932,AfricanAmerican,Male,[40-50),1,Emergency,6,Discharged/transferred to home with home health service,7,Emergency Room,3,Family/GeneralPractice,46,2,15,0,0,11,6,,,Steady,No,Yes,<30,1
76176294,Caucasian,Male,[80-90),1,Emergency,3,Discharged/transferred to SNF,5,Transfer from a Skilled Nursing Facility (SNF),12,,69,1,23,0,0,1,8,,,No,No,Yes,NO,0
76389144,AfricanAmerican,Female,[80-90),1,Emergency,1,Discharged to home,7,Emergency Room,2,InternalMedicine,51,0,10,0,0,0,9,,,No,No,No,NO,0
76501776,Caucasian,Male,[70-80),6,NULL,25,Not Mapped,17,NULL,5,,25,0,21,7,0,0,6,Norm,,Down,Ch,Yes,>30,0
76521960,Caucasian,Female,[70-80),2,Urgent,1,Discharged to home,1,Physician Referral,4,,64,6,14,0,0,0,8,,,No,No,Yes,>30,0
76540308,Caucasian,Male,[70-80),3,Elective,1,Discharged to home,1,Physician Referral,2,Urology,27,2,12,0,0,0,7,,,No,No,Yes,NO,0
76696140,Caucasian,Female,[60-70),1,Emergency,1,Discharged to home,7,Emergency Room,3,InternalMedicine,31,0,21,0,0,0,8,,,Steady,Ch,Yes,NO,0
76700082,Caucasian,Female,[80-90),6,NULL,25,Not Mapped,17,NULL,3,Family/GeneralPractice,15,0,18,0,0,0,9,,,No,No,No,>30,0
76723152,Caucasian,Male,[60-70),3,Elective,1,Discharged to home,1,Physician Referral,4,,75,1,17,0,0,1,7,,,Steady,Ch,Yes,>30,0
76727634,AfricanAmerican,Male,[40-50),1,Emergency,1,Discharged to home,7,Emergency Room,5,,51,0,22,0,0,0,8,,>8,No,Ch,Yes,>30,0
76738410,Caucasian,Female,[80-90),3,Elective,6,Discharged/transferred to home with home health service,4,Transfer from a hospital,8,,36,0,19,0,0,2,9,,,Down,Ch,Yes,>30,0
76754226,,Female,[70-80),3,Elective,1,Discharged to home,1,Physician Referral,2,ObstetricsandGynecology,21,4,16,0,0,0,4,,,No,Ch,Yes,NO,0
76754484,Caucasian,Male,[80-90),6,NULL,25,Not Mapped,17,NULL,3,Family/GeneralPractice,25,1,19,2,0,1,9,>200,,Steady,Ch,Yes,<30,1
76754916,Caucasian,Female,[60-70),3,Elective,1,Discharged to home,1,Physician Referral,7,,26,1,14,0,0,0,6,,,No,Ch,Yes,NO,0
76755594,Caucasian,Female,[80-90),6,NULL,25,Not Mapped,17,NULL,5,InternalMedicine,25,0,18,1,0,0,9,>300,,Up,Ch,Yes,>30,0
76850592,Caucasian,Female,[80-90),2,Urgent,6,Discharged/transferred to home with home health service,4,Transfer from a hospital,4,,56,1,12,0,0,0,9,,,No,No,No,NO,0
76856922,Hispanic,Female,[30-40),1,Emergency,1,Discharged to home,7,Emergency Room,3,InternalMedicine,51,0,9,0,0,0,4,,,Steady,No,Yes,NO,0
76867164,Caucasian,Male,[70-80),3,Elective,1,Discharged to home,1,Physician Referral,1,,39,6,11,1,0,0,7,,,No,No,No,>30,0
76949004,Caucasian,Male,[70-80),1,Emergency,4,Discharged/transferred to ICF,7,Emergency Room,9,Nephrology,66,3,28,0,0,3,9,,>8,Down,Ch,Yes,NO,0
77074920,Caucasian,Female,[70-80),3,Elective,1,Discharged to home,1,Physician Referral,2,Surgery-Neuro,1,1,28,0,0,0,4,,,No,Ch,Yes,NO,0
77258172,Caucasian,Male,[70-80),1,Emergency,1,Discharged to home,7,Emergency Room,1,,34,0,9,0,0,5,7,,,No,No,No,<30,1
77264784,AfricanAmerican,Male,[80-90),1,Emergency,1,Discharged to home,7,Emergency Room,2,,42,0,10,0,0,0,3,,Norm,No,No,No,NO,0
77296806,Caucasian,Male,[30-40),6,NULL,25,Not Mapped,17,NULL,2,,17,0,9,2,0,1,4,>200,,Down,Ch,Yes,NO,0
77314110,Caucasian,Female,[80-90),1,Emergency,1,Discharged to home,7,Emergency Room,4,,50,3,13,0,0,3,7,,>7,No,No,Yes,>30,0
77323380,AfricanAmerican,Female,[60-70),1,Emergency,1,Discharged to home,7,Emergency Room,12,,64,1,25,0,1,3,9,,,No,No,No,<30,1
77371464,Caucasian,Male,[50-60),1,Emergency,1,Discharged to home,7,Emergency Room,2,InternalMedicine,48,2,8,0,0,1,8,,>8,No,No,No,NO,0
77379384,Hispanic,Female,[50-60),2,Urgent,5,Discharged/transferred to another type of inpatient care institution,1,Physician Referral,4,InternalMedicine,43,1,14,0,1,0,9,,,No,No,No,>30,0
77380440,Caucasian,Male,[70-80),3,Elective,6,Discharged/transferred to home with home health service,1,Physician Referral,5,Surgery-General,65,1,16,4,0,0,9,,,No,No,Yes,>30,0
77416146,Caucasian,Female,[50-60),3,Elective,1,Discharged to home,1,Physician Referral,4,,43,2,17,0,0,0,8,,>8,No,No,Yes,NO,0
77449944,Caucasian,Male,[80-90),1,Emergency,1,Discharged to home,7,Emergency Room,8,,48,2,17,0,0,1,8,,,No,No,No,>30,0
77512140,Caucasian,Female,[40-50),2,Urgent,1,Discharged to home,7,Emergency Room,4,Family/GeneralPractice,61,0,22,0,0,4,9,,,Up,Ch,Yes,>30,0
77550492,Caucasian,Female,[60-70),3,Elective,3,Discharged/transferred to SNF,1,Physician Referral,6,Surgery-General,23,1,23,0,0,0,4,,,No,No,No,<30,1
77562894,Caucasian,Female,[80-90),1,Emergency,3,Discharged/transferred to SNF,7,Emergency Room,13,InternalMedicine,67,0,27,0,0,2,9,,,Steady,No,Yes,>30,0
77644722,Caucasian,Male,[70-80),3,Elective,4,Discharged/transferred to ICF,1,Physician Referral,3,Pulmonology,34,0,20,0,0,2,8,,,No,No,Yes,>30,0
77741286,Caucasian,Male,[60-70),2,Urgent,1,Discharged to home,7,Emergency Room,6,InternalMedicine,71,0,13,0,0,0,6,,>8,No,No,No,>30,0
77749896,Caucasian,Female,[60-70),2,Urgent,1,Discharged to home,1,Physician Referral,8,Surgery-Cardiovascular/Thoracic,74,6,41,0,0,0,9,,>8,Steady,Ch,Yes,NO,0
77786376,Caucasian,Male,[60-70),3,Elective,1,Discharged to home,1,Physician Referral,10,,52,4,16,0,0,1,8,,,No,No,No,NO,0
77948718,Caucasian,Male,[60-70),3,Elective,6,Discharged/transferred to home with home health service,1,Physician Referral,8,,52,3,35,0,0,0,5,,,No,No,No,NO,0
77998740,Caucasian,Male,[80-90),1,Emergency,2,Discharged/transferred to another short term hospital,7,Emergency Room,4,Cardiology,37,0,14,0,0,0,9,,,No,No,Yes,>30,0
78375054,Caucasian,Male,[40-50),2,Urgent,1,Discharged to home,1,Physician Referral,3,InternalMedicine,31,0,15,0,0,0,9,,,Steady,Ch,Yes,NO,0
78394020,Caucasian,Female,[60-70),3,Elective,1,Discharged to home,1,Physician Referral,4,Orthopedics,25,1,28,0,0,2,2,,,Steady,Ch,Yes,NO,0
78473346,Caucasian,Female,[40-50),2,Urgent,1,Discharged to home,1,Physician Referral,4,,37,1,12,0,0,0,9,,,No,No,No,<30,1
78476052,Caucasian,Female,[80-90),1,Emergency,3,Discharged/transferred to SNF,7,Emergency Room,7,InternalMedicine,48,2,15,0,0,1,7,,Norm,No,No,No,NO,0
78486636,Caucasian,Male,[10-20),1,Emergency,1,Discharged to home,7,Emergency Room,2,Pediatrics-Endocrinology,47,0,3,0,0,0,1,,>8,Steady,No,Yes,NO,0
78522426,Caucasian,Male,[50-60),1,Emergency,1,Discharged to home,7,Emergency Room,4,Emergency/Trauma,65,0,15,0,0,3,9,,,Down,Ch,Yes,NO,0
78541440,Caucasian,Male,[70-80),1,Emergency,1,Discharged to home,7,Emergency Room,5,,38,3,14,0,0,0,4,,>7,No,Ch,Yes,NO,0
78562602,Caucasian,Female,[90-100),6,NULL,25,Not Mapped,17,NULL,3,Gastroenterology,23,0,3,0,0,1,7,Norm,,No,No,No,>30,0
78746220,Hispanic,Female,[40-50),2,Urgent,1,Discharged to home,1,Physician Referral,6,InternalMedicine,24,1,14,1,0,2,9,,,No,No,No,>30,0
78757518,Caucasian,Male,[50-60),3,Elective,1,Discharged to home,1,Physician Referral,3,Nephrology,54,0,14,0,0,2,9,,,No,No,No,NO,0
79000758,Caucasian,Male,[50-60),1,Emergency,22,Discharged/transferred to another rehab fac including rehab units of a hospital .,7,Emergency Room,5,InternalMedicine,51,0,7,0,0,0,5,,,Steady,No,Yes,>30,0
79087968,Caucasian,Female,[80-90),1,Emergency,3,Discharged/transferred to SNF,7,Emergency Room,7,Cardiology,52,2,24,0,0,0,7,,,Steady,No,Yes,NO,0
79110420,Caucasian,Male,[60-70),3,Elective,1,Discharged to home,1,Physician Referral,4,Surgery-General,36,3,8,0,0,1,9,,>7,No,No,Yes,NO,0
79114536,Caucasian,Female,[50-60),6,NULL,1,Discharged to home,17,NULL,13,,56,2,20,1,2,6,9,,,No,No,No,NO,0
79117530,,Male,[70-80),1,Emergency,1,Discharged to home,7,Emergency Room,3,InternalMedicine,41,0,14,0,0,0,5,,,No,No,Yes,>30,0
79156662,Caucasian,Female,[40-50),1,Emergency,8,Discharged/transferred to home under care of Home IV provider,7,Emergency Room,5,,51,0,23,0,0,0,6,,,No,Ch,Yes,NO,0
79282176,Caucasian,Male,[60-70),3,Elective,1,Discharged to home,1,Physician Referral,4,,50,6,31,0,0,0,9,,,Steady,No,Yes,>30,0
79362234,Caucasian,Female,[50-60),2,Urgent,1,Discharged to home,1,Physician Referral,6,Cardiology,81,4,36,0,0,0,8,,>8,Steady,No,Yes,NO,0
79494648,AfricanAmerican,Female,[50-60),1,Emergency,6,Discharged/transferred to home with home health service,3,HMO Referral,6,,59,0,23,0,0,4,7,,Norm,No,Ch,Yes,NO,0
79726842,,Female,[70-80),3,Elective,1,Discharged to home,1,Physician Referral,1,,1,1,12,0,0,0,4,,,No,No,No,NO,0
79890504,Caucasian,Female,[70-80),3,Elective,6,Discharged/transferred to home with home health service,4,Transfer from a hospital,10,PhysicalMedicineandRehabilitation,56,0,10,0,0,1,9,,,No,No,No,NO,0
79892268,AfricanAmerican,Female,[60-70),1,Emergency,1,Discharged to home,7,Emergency Room,7,,80,2,18,0,0,0,9,,,No,No,No,NO,0
79942020,Caucasian,Female,[50-60),6,NULL,1,Discharged to home,17,NULL,2,Cardiology,34,3,13,0,0,0,4,,,No,No,No,NO,0
80031456,Caucasian,Male,[40-50),6,NULL,25,Not Mapped,17,NULL,9,Urology,26,3,30,0,0,0,8,>300,,Up,Ch,Yes,NO,0
80095836,Caucasian,Female,[80-90),6,NULL,25,Not Mapped,17,NULL,3,Surgery-General,23,0,8,0,1,3,4,Norm,,No,No,No,>30,0
80231610,AfricanAmerican,Female,[50-60),1,Emergency,1,Discharged to home,7,Emergency Room,4,,48,5,31,0,0,0,5,,,Steady,No,Yes,NO,0
80271318,Caucasian,Male,[80-90),6,NULL,25,Not Mapped,17,NULL,8,Surgery-General,23,2,20,3,3,3,9,>200,,Steady,No,Yes,>30,0
80274396,Caucasian,Male,[70-80),1,Emergency,1,Discharged to home,7,Emergency Room,2,InternalMedicine,34,1,10,0,0,0,6,,,Steady,Ch,Yes,NO,0
80502426,Caucasian,Female,[70-80),1,Emergency,1,Discharged to home,7,Emergency Room,5,InternalMedicine,59,0,9,0,0,0,9,,Norm,No,Ch,Yes,NO,0
80688552,AfricanAmerican,Female,[40-50),3,Elective,1,Discharged to home,1,Physician Referral,4,Orthopedics-Reconstructive,30,1,19,0,0,0,5,,>8,Up,Ch,Yes,NO,0
80767068,Caucasian,Female,[40-50),1,Emergency,1,Discharged to home,7,Emergency Room,3,,52,0,13,0,0,0,6,,>8,No,Ch,Yes,NO,0
80773932,AfricanAmerican,Female,[60-70),1,Emergency,1,Discharged to home,7,Emergency Room,7,,43,5,19,0,0,1,9,,,Steady,No,Yes,NO,0
80788464,Caucasian,Male,[80-90),6,NULL,25,Not Mapped,17,NULL,1,,25,0,9,3,0,0,9,>200,,No,Ch,Yes,NO,0
80809836,Hispanic,Male,[40-50),3,Elective,1,Discharged to home,1,Physician Referral,2,Orthopedics,1,1,14,0,0,0,3,,,No,Ch,Yes,NO,0
80862888,Caucasian,Male,[30-40),2,Urgent,1,Discharged to home,1,Physician Referral,2,,12,0,11,0,0,0,6,,,Steady,Ch,Yes,<30,1
81006354,Caucasian,Male,[60-70),3,Elective,1,Discharged to home,1,Physician Referral,3,Cardiology,41,3,13,0,0,0,3,,,No,No,No,>30,0
81165456,AfricanAmerican,Female,[60-70),3,Elective,1,Discharged to home,1,Physician Referral,5,,41,1,12,0,0,2,7,,,No,Ch,Yes,NO,0
81172236,Caucasian,Female,[60-70),1,Emergency,3,Discharged/transferred to SNF,7,Emergency Room,7,,46,2,20,0,0,2,8,,,No,No,No,>30,0
81179772,Caucasian,Male,[40-50),1,Emergency,6,Discharged/transferred to home with home health service,7,Emergency Room,2,,43,0,13,0,0,1,9,,,Steady,Ch,Yes,>30,0
81191376,Caucasian,Male,[60-70),6,NULL,1,Discharged to home,7,Emergency Room,5,InternalMedicine,78,0,19,0,0,0,6,Norm,,No,No,No,NO,0
81216234,AfricanAmerican,Male,[50-60),2,Urgent,5,Discharged/transferred to another type of inpatient care institution,1,Physician Referral,4,Family/GeneralPractice,63,1,13,0,0,2,7,,,Steady,No,Yes,>30,0
81270732,Caucasian,Male,[50-60),2,Urgent,8,Discharged/transferred to home under care of Home IV provider,2,Clinic Referral,11,,57,6,26,0,0,0,9,,>7,Steady,No,Yes,>30,0
81297954,Caucasian,Male,[50-60),1,Emergency,1,Discharged to home,7,Emergency Room,5,,43,5,21,0,0,2,9,,,Steady,Ch,Yes,NO,0
81342930,Caucasian,Female,[80-90),1,Emergency,1,Discharged to home,7,Emergency Room,2,InternalMedicine,59,0,9,0,0,0,9,,,No,No,Yes,NO,0
81359220,Caucasian,Female,[60-70),3,Elective,1,Discharged to home,1,Physician Referral,3,,20,6,18,0,0,0,9,,,No,No,No,NO,0
81362880,Caucasian,Female,[50-60),3,Elective,1,Discharged to home,1,Physician Referral,2,,33,6,17,0,0,0,4,,,No,No,No,NO,0
81425628,Caucasian,Female,[60-70),1,Emergency,1,Discharged to home,7,Emergency Room,6,,47,0,22,0,0,0,9,,,Steady,No,Yes,>30,0
81433986,Caucasian,Male,[80-90),6,NULL,25,Not Mapped,17,NULL,3,,24,0,15,0,1,1,8,Norm,,Down,Ch,Yes,>30,0
81550656,Caucasian,Female,[60-70),6,NULL,25,Not Mapped,17,NULL,2,,17,0,11,0,0,0,4,Norm,,Down,Ch,Yes,NO,0
81623304,Caucasian,Male,[70-80),1,Emergency,6,Discharged/transferred to home with home health service,7,Emergency Room,2,Family/GeneralPractice,51,0,11,0,0,0,9,,,No,No,No,>30,0
81685722,Caucasian,Male,[50-60),6,NULL,25,Not Mapped,17,NULL,1,,26,0,7,0,0,0,6,Norm,,Steady,No,Yes,NO,0
81706506,Caucasian,Female,[80-90),1,Emergency,3,Discharged/transferred to SNF,7,Emergency Room,8,Cardiology,59,0,26,0,0,0,9,,,No,No,No,NO,0
81756024,Caucasian,Female,[50-60),3,Elective,1,Discharged to home,1,Physician Referral,10,Psychiatry,62,0,11,0,0,0,9,,,No,No,Yes,>30,0
81846990,Caucasian,Female,[70-80),6,NULL,25,Not Mapped,17,NULL,2,,23,0,12,3,0,0,6,Norm,,Steady,Ch,Yes,NO,0
81858306,Hispanic,Male,[40-50),1,Emergency,1,Discharged to home,7,Emergency Room,2,Family/GeneralPractice,39,0,7,0,0,3,6,,,No,No,No,>30,0
81998838,Caucasian,Male,[60-70),2,Urgent,1,Discharged to home,1,Physician Referral,3,InternalMedicine,38,0,10,4,0,2,5,,,Steady,No,Yes,>30,0
82032690,Caucasian,Female,[70-80),5,Not Available,1,Discharged to home,17,NULL,4,,20,2,23,0,0,0,9,>200,,No,No,Yes,<30,1
82133298,AfricanAmerican,Female,[40-50),1,Emergency,6,Discharged/transferred to home with home health service,7,Emergency Room,5,,43,0,24,1,0,13,9,,,No,No,Yes,<30,1
82192110,Caucasian,Male,[50-60),1,Emergency,6,Discharged/transferred to home with home health service,7,Emergency Room,3,,47,2,14,0,0,0,6,,,Steady,Ch,Yes,NO,0
82213782,Caucasian,Female,[60-70),1,Emergency,1,Discharged to home,7,Emergency Room,3,,46,1,19,0,0,1,9,,>8,Steady,No,Yes,NO,0
82243224,AfricanAmerican,Male,[30-40),1,Emergency,1,Discharged to home,7,Emergency Room,3,,54,0,12,0,0,3,3,,,Up,Ch,Yes,>30,0
82253196,Caucasian,Male,[90-100),1,Emergency,6,Discharged/transferred to home with home health service,7,Emergency Room,4,Family/GeneralPractice,74,0,12,0,0,1,9,,,No,No,No,<30,1
82297554,AfricanAmerican,Male,[50-60),1,Emergency,6,Discharged/transferred to home with home health service,7,Emergency Room,9,,65,3,13,0,0,2,9,,,No,No,Yes,>30,0
82303758,Caucasian,Female,[60-70),6,NULL,3,Discharged/transferred to SNF,1,Physician Referral,5,InternalMedicine,41,3,16,0,0,0,6,Norm,,No,No,Yes,>30,0
82358556,Caucasian,Female,[70-80),1,Emergency,3,Discharged/transferred to SNF,5,Transfer from a Skilled Nursing Facility (SNF),7,,75,2,22,1,0,0,9,,,No,No,No,>30,0
82447476,Caucasian,Female,[60-70),2,Urgent,6,Discharged/transferred to home with home health service,7,Emergency Room,2,,57,1,10,0,0,1,9,,,Up,Ch,Yes,>30,0
82449348,Caucasian,Female,[80-90),3,Elective,3,Discharged/transferred to SNF,1,Physician Referral,8,Orthopedics,35,2,31,0,0,0,7,,,No,No,No,NO,0
82490976,Caucasian,Female,[50-60),1,Emergency,4,Discharged/transferred to ICF,7,Emergency Room,2,,48,0,16,0,0,2,7,,,Steady,No,Yes,>30,0
82496730,Caucasian,Male,[70-80),1,Emergency,1,Discharged to home,7,Emergency Room,3,InternalMedicine,60,0,12,3,0,0,9,,,No,No,Yes,>30,0
82501152,Caucasian,Male,[60-70),5,Not Available,1,Discharged to home,17,NULL,2,,16,0,12,0,0,0,9,>200,,Up,Ch,Yes,>30,0
82547634,Caucasian,Female,[60-70),5,Not Available,2,Discharged/transferred to another short term hospital,17,NULL,1,Cardiology,18,0,7,4,0,0,4,Norm,,No,No,Yes,<30,1
82552206,Caucasian,Male,[80-90),6,NULL,1,Discharged to home,7,Emergency Room,5,InternalMedicine,58,0,14,1,0,0,3,,,No,No,Yes,>30,0
82553100,Hispanic,Female,[30-40),3,Elective,1,Discharged to home,2,Clinic Referral,3,Orthopedics,47,0,10,0,0,0,4,,>8,Steady,No,Yes,NO,0
82604118,Caucasian,Male,[50-60),1,Emergency,1,Discharged to home,7,Emergency Room,1,InternalMedicine,44,0,15,1,0,1,8,,,Down,Ch,Yes,>30,0
82604226,Caucasian,Female,[50-60),1,Emergency,1,Discharged to home,7,Emergency Room,6,Nephrology,71,4,17,0,0,1,8,,,Down,Ch,Yes,NO,0
82674768,Caucasian,Male,[60-70),1,Emergency,22,Discharged/transferred to another rehab fac including rehab units of a hospital .,7,Emergency Room,14,Family/GeneralPractice,78,6,23,0,0,0,9,,,Steady,No,Yes,>30,0
82675188,Caucasian,Male,[50-60),6,NULL,1,Discharged to home,17,NULL,4,InternalMedicine,84,0,7,0,0,0,9,,,No,No,Yes,<30,1
82680582,AfricanAmerican,Female,[70-80),5,Not Available,6,Discharged/transferred to home with home health service,17,NULL,4,,26,0,17,3,0,0,8,>200,,Up,Ch,Yes,>30,0
82710918,Caucasian,Female,[40-50),1,Emergency,1,Discharged to home,6,Transfer from another health care facility,3,InternalMedicine,57,0,19,0,0,0,5,,Norm,Steady,Ch,Yes,>30,0
82714146,AfricanAmerican,Male,[10-20),1,Emergency,1,Discharged to home,7,Emergency Room,2,Pediatrics,40,0,5,0,0,11,2,,,Up,Ch,Yes,<30,1
82734240,Caucasian,Female,[70-80),1,Emergency,1,Discharged to home,7,Emergency Room,5,InternalMedicine,51,2,14,0,0,1,9,,,Steady,No,Yes,NO,0
82741614,Caucasian,Male,[80-90),3,Elective,6,Discharged/transferred to home with home health service,1,Physician Referral,8,,47,6,44,0,0,0,9,,,Steady,Ch,Yes,NO,0
82818258,Caucasian,Male,[70-80),2,Urgent,1,Discharged to home,1,Physician Referral,3,,69,1,3,0,0,0,4,,,No,No,No,>30,0
82836252,Caucasian,Female,[50-60),1,Emergency,2,Discharged/transferred to another short term hospital,7,Emergency Room,3,InternalMedicine,54,0,10,0,0,0,9,,,Steady,Ch,Yes,>30,0
82898484,Caucasian,Female,[70-80),3,Elective,6,Discharged/transferred to home with home health service,1,Physician Referral,4,Surgery-General,20,1,14,0,0,0,7,,,No,No,No,>30,0
83047158,Caucasian,Male,[60-70),1,Emergency,1,Discharged to home,6,Transfer from another health care facility,14,InternalMedicine,74,2,30,0,0,0,5,,,Steady,Ch,Yes,>30,0
83104566,Caucasian,Female,[50-60),1,Emergency,1,Discharged to home,7,Emergency Room,5,,47,0,11,0,0,0,5,,,No,Ch,Yes,>30,0
83142330,Caucasian,Male,[40-50),1,Emergency,1,Discharged to home,7,Emergency Room,14,Psychiatry,50,1,23,0,0,0,9,,,Steady,Ch,Yes,NO,0
83156082,Caucasian,Female,[70-80),1,Emergency,3,Discharged/transferred to SNF,7,Emergency Room,6,InternalMedicine,55,2,28,0,0,0,9,,,Steady,Ch,Yes,NO,0
83169360,Caucasian,Female,[50-60),3,Elective,1,Discharged to home,1,Physician Referral,3,,38,3,15,0,0,0,5,,,No,Ch,Yes,NO,0
83230728,Caucasian,Male,[80-90),1,Emergency,3,Discharged/transferred to SNF,7,Emergency Room,7,,57,0,14,0,0,0,9,,,No,No,No,<30,1
83276196,Caucasian,Female,[70-80),1,Emergency,6,Discharged/transferred to home with home health service,7,Emergency Room,9,,61,0,10,2,0,0,9,,,No,Ch,Yes,NO,0
83295708,Caucasian,Male,[90-100),1,Emergency,3,Discharged/transferred to SNF,7,Emergency Room,4,InternalMedicine,67,0,5,1,0,1,9,,,No,No,No,>30,0
83305272,Caucasian,Male,[50-60),1,Emergency,5,Discharged/transferred to another type of inpatient care institution,6,Transfer from another health care facility,8,Psychiatry,37,0,7,0,0,0,3,,,No,No,Yes,>30,0
83351478,Caucasian,Female,[80-90),1,Emergency,3,Discharged/transferred to SNF,7,Emergency Room,4,InternalMedicine,69,2,12,0,0,0,9,,,No,No,No,>30,0
83412330,Caucasian,Male,[50-60),1,Emergency,1,Discharged to home,7,Emergency Room,2,Cardiology,42,4,21,0,0,0,3,,,Steady,Ch,Yes,<30,1
83470836,Caucasian,Female,[40-50),2,Urgent,1,Discharged to home,1,Physician Referral,3,,27,0,6,0,0,3,4,,,No,No,No,>30,0
83515704,Caucasian,Male,[60-70),1,Emergency,22,Discharged/transferred to another rehab fac including rehab units of a hospital .,7,Emergency Room,13,Nephrology,80,2,30,0,0,2,9,,,Steady,No,Yes,NO,0
83733618,Caucasian,Male,[60-70),6,NULL,1,Discharged to home,1,Physician Referral,3,Urology,49,2,10,3,0,0,3,,,No,No,Yes,NO,0
83751048,Caucasian,Male,[70-80),1,Emergency,1,Discharged to home,7,Emergency Room,2,,42,0,10,0,0,0,4,,,No,No,Yes,>30,0
83795514,Caucasian,Female,[40-50),2,Urgent,1,Discharged to home,4,Transfer from a hospital,7,,63,1,16,1,0,2,7,,,No,No,No,>30,0
83801526,Caucasian,Female,[70-80),2,Urgent,1,Discharged to home,1,Physician Referral,2,Surgery-Cardiovascular/Thoracic,45,2,10,0,0,0,5,,,No,No,Yes,NO,0
83879490,AfricanAmerican,Male,[50-60),1,Emergency,1,Discharged to home,7,Emergency Room,3,,64,0,14,0,0,0,5,,,Steady,Ch,Yes,NO,0
83914146,Caucasian,Female,[70-80),3,Elective,1,Discharged to home,1,Physician Referral,7,InternalMedicine,21,1,24,7,1,1,9,,,Steady,Ch,Yes,<30,1
83917266,Caucasian,Male,[60-70),1,Emergency,1,Discharged to home,7,Emergency Room,5,InternalMedicine,37,2,8,0,0,0,8,,,Up,Ch,Yes,>30,0
83946288,Caucasian,Male,[50-60),6,NULL,1,Discharged to home,7,Emergency Room,2,InternalMedicine,46,1,8,0,0,0,6,Norm,,No,No,Yes,>30,0
83982654,Caucasian,Female,[50-60),3,Elective,1,Discharged to home,1,Physician Referral,5,,29,1,19,0,0,1,8,,,Down,Ch,Yes,NO,0
84081516,Caucasian,Female,[80-90),3,Elective,1,Discharged to home,3,HMO Referral,2,,46,4,22,0,0,0,6,,,No,Ch,Yes,NO,0
84083658,AfricanAmerican,Female,[60-70),1,Emergency,1,Discharged to home,7,Emergency Room,9,Family/GeneralPractice,61,1,17,0,0,1,9,,,No,No,No,>30,0
84147558,,Female,[50-60),2,Urgent,1,Discharged to home,1,Physician Referral,8,InternalMedicine,43,5,20,0,0,0,9,,,No,No,No,>30,0
84198498,Caucasian,Male,[50-60),6,NULL,1,Discharged to home,17,NULL,2,Family/GeneralPractice,78,0,13,0,0,0,9,,>8,No,No,No,>30,0
84225210,Caucasian,Female,[30-40),2,Urgent,1,Discharged to home,4,Transfer from a hospital,7,Gastroenterology,41,2,24,0,0,0,5,,,Steady,Ch,Yes,NO,0
84255684,Caucasian,Male,[70-80),2,Urgent,6,Discharged/transferred to home with home health service,1,Physician Referral,7,Surgery-Cardiovascular/Thoracic,47,0,18,0,0,0,9,,,No,Ch,Yes,NO,0
84264576,Caucasian,Female,[80-90),1,Emergency,3,Discharged/transferred to SNF,1,Physician Referral,3,,30,0,18,0,0,1,9,,,No,No,Yes,<30,1
84309726,Caucasian,Male,[50-60),3,Elective,6,Discharged/transferred to home with home health service,1,Physician Referral,6,Orthopedics-Reconstructive,48,1,25,0,0,0,7,,,No,No,Yes,NO,0
84405852,Caucasian,Female,[60-70),2,Urgent,1,Discharged to home,1,Physician Referral,3,Gastroenterology,35,1,4,0,0,0,5,,,No,No,No,>30,0
84407610,Caucasian,Male,[50-60),1,Emergency,1,Discharged to home,7,Emergency Room,1,Pediatrics,41,0,11,0,0,0,7,,,No,Ch,Yes,NO,0
84444042,Caucasian,Female,[40-50),1,Emergency,1,Discharged to home,7,Emergency Room,1,Surgery-General,62,1,9,0,0,0,3,,,No,No,No,NO,0
84452652,Caucasian,Female,[20-30),1,Emergency,1,Discharged to home,7,Emergency Room,2,InternalMedicine,52,0,10,0,0,6,4,,,Steady,No,Yes,NO,0
84511554,Caucasian,Female,[70-80),6,NULL,3,Discharged/transferred to SNF,7,Emergency Room,7,InternalMedicine,47,0,9,0,0,0,5,>200,,No,No,Yes,<30,1
84516504,Caucasian,Female,[50-60),3,Elective,3,Discharged/transferred to SNF,1,Physician Referral,4,Orthopedics,23,2,29,0,0,2,7,,,No,No,Yes,<30,1
84523932,AfricanAmerican,Female,[70-80),1,Emergency,1,Discharged to home,7,Emergency Room,3,,44,3,18,0,0,0,5,,,No,Ch,Yes,NO,0
84597276,Caucasian,Female,[50-60),2,Urgent,1,Discharged to home,1,Physician Referral,8,InternalMedicine,44,4,22,0,0,0,5,,,Steady,No,Yes,NO,0
84609954,Caucasian,Male,[70-80),1,Emergency,1,Discharged to home,7,Emergency Room,5,InternalMedicine,42,2,14,0,0,0,7,,,Steady,Ch,Yes,NO,0
84629892,Caucasian,Male,[60-70),6,NULL,1,Discharged to home,17,NULL,2,Cardiology,68,4,21,0,0,1,9,,,No,No,Yes,>30,0
84750636,AfricanAmerican,Male,[40-50),1,Emergency,4,Discharged/transferred to ICF,4,Transfer from a hospital,12,,72,2,26,0,0,0,9,,,No,Ch,Yes,NO,0
84844320,Caucasian,Male,[80-90),5,Not Available,3,Discharged/transferred to SNF,17,NULL,5,,22,1,15,0,1,0,9,>300,,Up,Ch,Yes,NO,0
84875940,Caucasian,Female,[90-100),2,Urgent,1,Discharged to home,1,Physician Referral,1,Surgery-General,10,1,3,0,0,0,5,,,No,Ch,Yes,>30,0
84927924,Caucasian,Female,[50-60),1,Emergency,1,Discharged to home,7,Emergency Room,3,InternalMedicine,48,0,12,0,0,4,5,,>7,No,No,No,>30,0
84964866,Caucasian,Female,[80-90),3,Elective,5,Discharged/transferred to another type of inpatient care institution,1,Physician Referral,4,Orthopedics-Reconstructive,44,2,20,0,0,0,9,,,No,Ch,Yes,NO,0
84981870,Caucasian,Female,[60-70),3,Elective,1,Discharged to home,1,Physician Referral,4,,37,4,15,0,0,2,9,,,No,No,No,NO,0
85047918,Caucasian,Female,[70-80),1,Emergency,4,Discharged/transferred to ICF,7,Emergency Room,2,InternalMedicine,58,0,17,0,0,0,9,,,No,No,No,>30,0
85075254,Caucasian,Male,[30-40),3,Elective,1,Discharged to home,2,Clinic Referral,5,,32,5,23,0,0,0,5,,,No,No,No,NO,0
85082808,Caucasian,Male,[60-70),1,Emergency,1,Discharged to home,7,Emergency Room,4,Emergency/Trauma,47,0,20,0,0,0,4,,,Up,Ch,Yes,NO,0
85136448,Caucasian,Male,[40-50),1,Emergency,1,Discharged to home,7,Emergency Room,6,InternalMedicine,66,4,21,0,0,0,9,,,Steady,No,Yes,NO,0
85175280,AfricanAmerican,Male,[30-40),1,Emergency,1,Discharged to home,7,Emergency Room,5,,72,0,13,0,0,1,9,,,Up,Ch,Yes,>30,0
85237542,Caucasian,Male,[50-60),8,Not Mapped,1,Discharged to home,1,Physician Referral,1,Surgery-Vascular,59,2,10,1,0,2,7,,,Steady,No,Yes,<30,1
85315290,AfricanAmerican,Male,[50-60),2,Urgent,1,Discharged to home,1,Physician Referral,1,,44,1,9,0,0,0,5,,,No,No,Yes,NO,0
85328622,Caucasian,Female,[60-70),1,Emergency,1,Discharged to home,7,Emergency Room,1,Orthopedics-Reconstructive,46,0,5,0,0,0,6,,,Steady,Ch,Yes,NO,0
85453650,Caucasian,Female,[70-80),6,NULL,1,Discharged to home,17,NULL,5,Family/GeneralPractice,61,0,19,0,0,0,9,,,No,Ch,Yes,>30,0
85454706,Caucasian,Female,[90-100),2,Urgent,3,Discharged/transferred to SNF,1,Physician Referral,5,InternalMedicine,61,0,6,0,0,0,5,,,No,No,No,>30,0
85465200,AfricanAmerican,Male,[40-50),1,Emergency,1,Discharged to home,7,Emergency Room,3,Family/GeneralPractice,31,0,4,0,0,1,6,,,No,No,Yes,NO,0
85467258,Hispanic,Female,[70-80),1,Emergency,1,Discharged to home,7,Emergency Room,2,InternalMedicine,43,0,8,0,0,0,6,,,No,Ch,Yes,>30,0
85494522,AfricanAmerican,Male,[50-60),6,NULL,1,Discharged to home,17,NULL,2,InternalMedicine,60,0,16,0,0,1,7,,,No,Ch,Yes,>30,0
85512972,AfricanAmerican,Male,[50-60),1,Emergency,1,Discharged to home,7,Emergency Room,13,,65,3,31,0,0,1,9,,Norm,Down,Ch,Yes,>30,0
85521048,AfricanAmerican,Female,[80-90),1,Emergency,1,Discharged to home,6,Transfer from another health care facility,3,InternalMedicine,65,0,12,0,0,0,5,,>8,Steady,Ch,Yes,NO,0
85529058,Caucasian,Male,[80-90),1,Emergency,6,Discharged/transferred to home with home health service,7,Emergency Room,4,InternalMedicine,66,1,15,0,0,0,9,,,No,Ch,Yes,NO,0
85573056,Caucasian,Male,[50-60),2,Urgent,1,Discharged to home,1,Physician Referral,1,Surgery-General,30,1,12,0,0,0,5,,,Steady,No,Yes,NO,0
85627050,Caucasian,Female,[40-50),2,Urgent,1,Discharged to home,1,Physician Referral,3,Orthopedics-Reconstructive,46,3,15,0,0,0,5,,,No,Ch,Yes,NO,0
85643172,AfricanAmerican,Male,[30-40),1,Emergency,1,Discharged to home,7,Emergency Room,2,,52,1,17,1,0,5,8,,>8,Down,Ch,Yes,NO,0
85716924,Caucasian,Female,[80-90),1,Emergency,3,Discharged/transferred to SNF,7,Emergency Room,11,Pulmonology,66,0,23,0,0,0,9,,>7,Steady,Ch,Yes,NO,0
85856790,AfricanAmerican,Male,[50-60),2,Urgent,1,Discharged to home,1,Physician Referral,1,Surgery-General,22,2,12,0,0,3,8,,,Steady,No,Yes,NO,0
85860792,Caucasian,Female,[60-70),2,Urgent,1,Discharged to home,1,Physician Referral,4,Surgery-General,32,1,12,0,0,0,5,,>8,Steady,Ch,Yes,>30,0
85880238,Caucasian,Female,[60-70),2,Urgent,3,Discharged/transferred to SNF,2,Clinic Referral,8,,53,1,12,0,0,2,6,,,No,No,No,NO,0
85948764,Caucasian,Female,[70-80),1,Emergency,3,Discharged/transferred to SNF,7,Emergency Room,13,,54,1,17,0,0,1,9,,,No,No,Yes,NO,0
85983192,Caucasian,Female,[80-90),1,Emergency,3,Discharged/transferred to SNF,6,Transfer from another health care facility,5,InternalMedicine,54,1,9,0,0,0,5,,,No,No,No,NO,0
86016024,Caucasian,Male,[50-60),1,Emergency,1,Discharged to home,7,Emergency Room,12,Family/GeneralPractice,59,6,21,0,0,1,9,,,Up,Ch,Yes,>30,0
86089308,Caucasian,Female,[70-80),1,Emergency,1,Discharged to home,7,Emergency Room,4,,63,0,14,4,0,0,6,,,No,Ch,Yes,NO,0
86130816,Caucasian,Female,[70-80),3,Elective,6,Discharged/transferred to home with home health service,1,Physician Referral,9,,63,6,46,0,0,1,9,,,Steady,No,Yes,NO,0
86169462,Caucasian,Male,[30-40),1,Emergency,1,Discharged to home,7,Emergency Room,4,,45,1,20,0,0,1,9,,,No,No,No,NO,0
86201862,AfricanAmerican,Male,[40-50),2,Urgent,1,Discharged to home,1,Physician Referral,4,InternalMedicine,18,0,6,0,0,0,4,,,Steady,No,Yes,NO,0
86202786,Caucasian,Female,[40-50),2,Urgent,1,Discharged to home,1,Physician Referral,1,Anesthesiology,1,1,6,0,0,0,5,,,No,No,No,>30,0
86250024,Caucasian,Female,[40-50),1,Emergency,1,Discharged to home,6,Transfer from another health care facility,2,InternalMedicine,44,1,9,0,0,0,4,,,No,No,Yes,>30,0
86392302,Caucasian,Female,[50-60),1,Emergency,1,Discharged to home,7,Emergency Room,2,InternalMedicine,46,0,15,0,0,0,5,,,Up,Ch,Yes,NO,0
86501076,Caucasian,Female,[70-80),1,Emergency,6,Discharged/transferred to home with home health service,7,Emergency Room,13,,63,4,26,0,0,0,9,,,No,Ch,Yes,>30,0
86504490,Caucasian,Male,[60-70),5,Not Available,7,Left AMA,17,NULL,1,,23,0,11,0,2,0,6,>300,,No,No,No,NO,0
86544654,Caucasian,Female,[30-40),1,Emergency,1,Discharged to home,6,Transfer from another health care facility,2,InternalMedicine,54,0,6,0,0,0,3,,,Down,Ch,Yes,NO,0
86628684,Caucasian,Female,[70-80),1,Emergency,3,Discharged/transferred to SNF,17,NULL,4,,20,0,21,0,0,0,7,>200,,Steady,Ch,Yes,NO,0
86701470,Caucasian,Female,[70-80),6,NULL,1,Discharged to home,7,Emergency Room,8,InternalMedicine,41,0,10,0,0,0,6,>200,,No,No,No,>30,0
86747808,Caucasian,Female,[60-70),1,Emergency,1,Discharged to home,6,Transfer from another health care facility,7,InternalMedicine,77,2,13,0,0,0,5,,Norm,Steady,No,Yes,NO,0
86846814,Caucasian,Male,[50-60),1,Emergency,1,Discharged to home,7,Emergency Room,14,,83,2,35,0,0,0,9,,>8,No,No,No,NO,0
86879940,Caucasian,Male,[50-60),1,Emergency,1,Discharged to home,6,Transfer from another health care facility,1,Orthopedics,30,3,2,0,0,0,5,,,No,No,No,NO,0
86889018,AfricanAmerican,Female,[70-80),1,Emergency,1,Discharged to home,7,Emergency Room,5,,54,1,12,0,0,0,9,,,No,No,No,<30,1
86961282,Caucasian,Female,[80-90),1,Emergency,3,Discharged/transferred to SNF,6,Transfer from another health care facility,8,Family/GeneralPractice,60,0,10,0,0,0,5,,,Steady,No,Yes,NO,0
86983620,Caucasian,Female,[60-70),5,Not Available,1,Discharged to home,17,NULL,2,Family/GeneralPractice,19,0,10,1,0,0,7,Norm,,No,No,Yes,NO,0
86994984,Caucasian,Male,[60-70),6,NULL,1,Discharged to home,17,NULL,1,Cardiology,45,5,14,0,0,0,9,,>8,No,No,No,>30,0
87010044,Caucasian,Male,[70-80),3,Elective,6,Discharged/transferred to home with home health service,4,Transfer from a hospital,14,PhysicalMedicineandRehabilitation,44,0,12,0,0,0,9,,,Steady,No,Yes,NO,0
87025866,Caucasian,Female,[80-90),6,NULL,6,Discharged/transferred to home with home health service,1,Physician Referral,8,InternalMedicine,43,2,13,0,0,0,6,Norm,>8,Up,Ch,Yes,>30,0
87097566,Caucasian,Female,[80-90),5,Not Available,3,Discharged/transferred to SNF,17,NULL,12,,18,1,25,0,1,0,9,Norm,,Steady,No,Yes,NO,0
87285804,Caucasian,Male,[60-70),2,Urgent,1,Discharged to home,1,Physician Referral,4,Gastroenterology,39,4,8,0,0,0,5,,,Steady,No,Yes,NO,0
87377352,Caucasian,Female,[70-80),3,Elective,2,Discharged/transferred to another short term hospital,1,Physician Referral,6,InternalMedicine,57,2,11,2,1,4,4,,,Down,Ch,Yes,<30,1
87519924,Caucasian,Male,[60-70),3,Elective,3,Discharged/transferred to SNF,17,NULL,3,Orthopedics-Reconstructive,22,2,24,0,0,2,5,Norm,,Steady,Ch,Yes,NO,0
87637776,,Male,[70-80),1,Emergency,6,Discharged/transferred to home with home health service,7,Emergency Room,9,Cardiology,83,6,48,5,0,0,9,,,No,Ch,Yes,>30,0
87637842,Caucasian,Male,[50-60),5,Not Available,1,Discharged to home,17,NULL,2,,9,0,11,0,0,0,9,Norm,,Up,Ch,Yes,NO,0
87642984,Caucasian,Male,[80-90),1,Emergency,6,Discharged/transferred to home with home health service,7,Emergency Room,5,Surgery-General,42,0,15,0,0,0,9,,,No,No,Yes,NO,0
87744006,AfricanAmerican,Male,[50-60),1,Emergency,1,Discharged to home,7,Emergency Room,4,,57,0,15,0,0,1,9,,,No,No,No,NO,0
87853344,Caucasian,Female,[50-60),2,Urgent,1,Discharged to home,4,Transfer from a hospital,3,,44,3,13,0,0,2,9,,,Steady,Ch,Yes,NO,0
87867486,Caucasian,Male,[40-50),1,Emergency,1,Discharged to home,7,Emergency Room,9,InternalMedicine,87,3,31,0,0,0,8,,,Down,Ch,Yes,NO,0
87880080,AfricanAmerican,Male,[50-60),1,Emergency,1,Discharged to home,7,Emergency Room,1,InternalMedicine,34,0,10,0,0,1,7,,,Steady,Ch,Yes,NO,0
87906594,,Female,[40-50),5,Not Available,1,Discharged to home,17,NULL,5,,15,2,21,1,0,0,5,>200,,Down,Ch,Yes,NO,0
87911862,AfricanAmerican,Female,[80-90),1,Emergency,1,Discharged to home,7,Emergency Room,2,Family/GeneralPractice,25,1,11,0,0,1,9,,,No,No,Yes,<30,1
87921546,Caucasian,Male,[80-90),6,NULL,3,Discharged/transferred to SNF,7,Emergency Room,7,InternalMedicine,42,0,6,0,0,1,5,>200,,No,No,No,<30,1
87925182,Caucasian,Female,[80-90),1,Emergency,6,Discharged/transferred to home with home health service,7,Emergency Room,8,,1,1,13,0,0,0,9,,,No,No,No,NO,0
87965424,Caucasian,Male,[40-50),2,Urgent,1,Discharged to home,7,Emergency Room,1,InternalMedicine,65,0,9,0,0,1,2,,>8,Down,Ch,Yes,>30,0
87968292,Caucasian,Female,[60-70),2,Urgent,3,Discharged/transferred to SNF,4,Transfer from a hospital,7,,1,2,13,0,0,0,7,,,No,No,Yes,NO,0
88061682,Caucasian,Female,[50-60),2,Urgent,1,Discharged to home,1,Physician Referral,7,Surgery-Cardiovascular/Thoracic,40,3,18,0,0,1,5,,,Steady,No,Yes,NO,0
88085064,AfricanAmerican,Female,[60-70),1,Emergency,1,Discharged to home,7,Emergency Room,5,,47,1,9,0,0,0,5,,,Steady,No,Yes,>30,0
88138908,Caucasian,Female,[70-80),1,Emergency,1,Discharged to home,6,Transfer from another health care facility,7,InternalMedicine,48,2,18,0,0,0,5,,>8,No,No,Yes,NO,0
88184370,Caucasian,Female,[70-80),1,Emergency,1,Discharged to home,6,Transfer from another health care facility,12,Pulmonology,43,0,26,0,0,0,5,,,Up,Ch,Yes,>30,0
88185984,Caucasian,Female,[50-60),6,NULL,1,Discharged to home,7,Emergency Room,5,,38,0,7,0,0,0,5,Norm,>7,No,No,Yes,NO,0
88213752,Caucasian,Female,[70-80),1,Emergency,1,Discharged to home,6,Transfer from another health care facility,4,InternalMedicine,57,3,9,0,0,1,5,,,Steady,Ch,Yes,>30,0
88338264,,Male,[50-60),2,Urgent,1,Discharged to home,1,Physician Referral,1,,56,0,8,0,0,0,4,,,No,No,No,<30,1
88418370,Caucasian,Female,[60-70),3,Elective,22,Discharged/transferred to another rehab fac including rehab units of a hospital .,1,Physician Referral,3,Orthopedics,1,1,21,0,0,0,8,,,No,Ch,Yes,NO,0
88421730,Caucasian,Male,[60-70),2,Urgent,1,Discharged to home,4,Transfer from a hospital,4,Surgery-Neuro,46,1,13,0,0,0,5,,,No,Ch,Yes,NO,0
88470894,Caucasian,Male,[50-60),2,Urgent,1,Discharged to home,1,Physician Referral,4,Surgery-Cardiovascular/Thoracic,51,3,16,0,0,1,5,,,Steady,Ch,Yes,NO,0
88481508,Caucasian,Female,[50-60),1,Emergency,1,Discharged to home,7,Emergency Room,8,InternalMedicine,48,3,23,0,0,0,5,,,No,Ch,Yes,>30,0
88487850,Caucasian,Male,[70-80),2,Urgent,1,Discharged to home,1,Physician Referral,1,Family/GeneralPractice,46,0,6,0,0,0,5,,,No,No,No,>30,0
88640574,Caucasian,Female,[40-50),1,Emergency,2,Discharged/transferred to another short term hospital,7,Emergency Room,13,Family/GeneralPractice,58,2,27,0,0,0,6,,,No,Ch,Yes,NO,0
88687818,Caucasian,Female,[40-50),1,Emergency,1,Discharged to home,7,Emergency Room,2,Family/GeneralPractice,1,0,16,0,0,1,9,,,No,Ch,Yes,NO,0
88738794,Caucasian,Female,[80-90),2,Urgent,3,Discharged/transferred to SNF,1,Physician Referral,5,InternalMedicine,40,0,14,0,0,0,5,,,Steady,No,Yes,NO,0
88750704,Caucasian,Female,[50-60),5,Not Available,1,Discharged to home,17,NULL,2,,17,0,19,0,0,0,5,>200,,No,Ch,Yes,NO,0
88986678,Caucasian,Male,[80-90),1,Emergency,11,Expired,5,Transfer from a Skilled Nursing Facility (SNF),6,Family/GeneralPractice,73,0,16,0,0,0,9,,,Steady,No,Yes,NO,0
89017044,Caucasian,Male,[60-70),5,Not Available,6,Discharged/transferred to home with home health service,17,NULL,6,InternalMedicine,15,1,10,0,0,1,9,Norm,,Steady,No,Yes,>30,0
89035560,AfricanAmerican,Male,[60-70),1,Emergency,1,Discharged to home,6,Transfer from another health care facility,8,InternalMedicine,79,2,27,0,0,0,5,,,Steady,Ch,Yes,NO,0
89038344,,Male,[60-70),1,Emergency,1,Discharged to home,6,Transfer from another health care facility,4,Nephrology,58,0,8,0,0,0,5,,,No,No,No,>30,0
89074542,Caucasian,Female,[50-60),2,Urgent,1,Discharged to home,1,Physician Referral,1,Surgery-General,3,1,6,0,0,0,3,,,Steady,Ch,Yes,NO,0
89110278,Caucasian,Female,[70-80),2,Urgent,1,Discharged to home,1,Physician Referral,4,Family/GeneralPractice,36,1,5,0,0,0,5,,,No,No,No,>30,0
89236914,,Male,[70-80),2,Urgent,1,Discharged to home,4,Transfer from a hospital,3,Family/GeneralPractice,28,0,16,0,0,1,5,,,Steady,Ch,Yes,NO,0
89479368,Caucasian,Male,[50-60),3,Elective,1,Discharged to home,1,Physician Referral,5,Urology,31,2,18,0,0,0,5,,,Steady,Ch,Yes,NO,0
89620044,Caucasian,Male,[50-60),1,Emergency,1,Discharged to home,7,Emergency Room,1,,46,0,13,0,0,0,3,,>8,No,Ch,Yes,NO,0
89646522,Hispanic,Female,[70-80),1,Emergency,6,Discharged/transferred to home with home health service,17,NULL,3,Family/GeneralPractice,9,0,13,1,0,0,4,Norm,,No,Ch,Yes,>30,0
89686434,Caucasian,Male,[50-60),5,Not Available,1,Discharged to home,17,NULL,3,,1,3,17,1,0,0,5,,,Down,Ch,Yes,NO,0
89757870,AfricanAmerican,Female,[70-80),1,Emergency,1,Discharged to home,6,Transfer from another health care facility,4,Nephrology,42,1,8,0,0,2,5,,,Steady,Ch,Yes,NO,0
89952576,Caucasian,Male,[90-100),1,Emergency,3,Discharged/transferred to SNF,17,NULL,3,,18,0,16,0,0,1,9,Norm,,No,No,No,>30,0
89967912,Caucasian,Female,[70-80),5,Not Available,6,Discharged/transferred to home with home health service,17,NULL,1,,19,0,12,0,0,0,6,Norm,,Steady,No,Yes,NO,0
90117228,Caucasian,Male,[30-40),3,Elective,1,Discharged to home,1,Physician Referral,13,InternalMedicine,61,1,14,0,0,1,7,,,No,Ch,Yes,>30,0
90248796,Caucasian,Male,[40-50),1,Emergency,1,Discharged to home,17,NULL,1,Family/GeneralPractice,9,0,11,1,0,2,9,Norm,,Down,Ch,Yes,>30,0
90270978,AfricanAmerican,Female,[30-40),1,Emergency,6,Discharged/transferred to home with home health service,7,Emergency Room,4,PhysicianNotFound,1,0,9,0,0,1,4,,,No,No,No,>30,0
90271800,AfricanAmerican,Female,[70-80),2,Urgent,4,Discharged/transferred to ICF,6,Transfer from another health care facility,4,InternalMedicine,57,0,9,0,0,0,5,,,Steady,Ch,Yes,NO,0
90316914,Caucasian,Female,[70-80),2,Urgent,1,Discharged to home,4,Transfer from a hospital,8,PhysicalMedicineandRehabilitation,9,0,15,0,0,1,5,,,Steady,Ch,Yes,NO,0
90320268,Caucasian,Female,[70-80),6,NULL,2,Discharged/transferred to another short term hospital,17,NULL,3,PhysicalMedicineandRehabilitation,59,2,19,0,0,1,8,,,Down,Ch,Yes,<30,1
90478272,Caucasian,Female,[70-80),3,Elective,6,Discharged/transferred to home with home health service,1,Physician Referral,2,Orthopedics,20,1,13,2,0,0,3,,,No,Ch,Yes,NO,0
90537696,Caucasian,Female,[60-70),2,Urgent,1,Discharged to home,1,Physician Referral,7,Surgery-General,32,3,13,0,0,1,5,,,Steady,No,Yes,NO,0
90571566,Caucasian,Male,[60-70),1,Emergency,1,Discharged to home,7,Emergency Room,5,,69,0,19,2,0,0,9,,,Steady,Ch,Yes,>30,0
90671322,AfricanAmerican,Male,[80-90),2,Urgent,3,Discharged/transferred to SNF,1,Physician Referral,3,InternalMedicine,31,0,9,0,0,0,5,,,No,No,No,NO,0
90710628,Caucasian,Female,[70-80),1,Emergency,1,Discharged to home,7,Emergency Room,3,Cardiology,70,5,20,5,0,0,9,,,No,No,Yes,NO,0
90814848,Caucasian,Male,[80-90),1,Emergency,1,Discharged to home,6,Transfer from another health care facility,3,InternalMedicine,62,2,15,0,0,0,5,,,Steady,Ch,Yes,NO,0
90918042,AfricanAmerican,Female,[80-90),2,Urgent,4,Discharged/transferred to ICF,1,Physician Referral,2,InternalMedicine,61,1,9,0,0,0,5,,,Steady,Ch,Yes,NO,0
91001454,Caucasian,Female,[70-80),3,Elective,1,Discharged to home,1,Physician Referral,5,,56,6,43,0,0,0,9,,,Steady,No,Yes,>30,0
91111242,Caucasian,Female,[70-80),5,Not Available,1,Discharged to home,17,NULL,2,Family/GeneralPractice,10,0,17,1,0,1,9,>300,,Steady,Ch,Yes,NO,0
91135530,Caucasian,Female,[80-90),1,Emergency,6,Discharged/transferred to home with home health service,7,Emergency Room,4,InternalMedicine,38,0,17,0,0,0,4,,,No,No,Yes,NO,0
91395960,AfricanAmerican,Male,[50-60),2,Urgent,1,Discharged to home,1,Physician Referral,2,Family/GeneralPractice,47,0,9,0,0,0,5,,,Steady,Ch,Yes,NO,0
91504008,Caucasian,Male,[70-80),1,Emergency,1,Discharged to home,7,Emergency Room,3,InternalMedicine,70,0,16,1,0,0,8,,,Steady,Ch,Yes,NO,0
91568532,Caucasian,Male,[80-90),5,Not Available,3,Discharged/transferred to SNF,17,NULL,5,Surgery-General,17,2,16,0,0,0,8,Norm,,No,No,No,>30,0
91580754,AfricanAmerican,Female,[50-60),2,Urgent,3,Discharged/transferred to SNF,1,Physician Referral,6,,57,2,23,0,0,2,9,,,Down,Ch,Yes,>30,0
91584234,Caucasian,Female,[60-70),1,Emergency,1,Discharged to home,7,Emergency Room,2,,73,3,15,0,0,0,5,,,Up,Ch,Yes,>30,0
91667430,Caucasian,Male,[50-60),2,Urgent,2,Discharged/transferred to another short term hospital,17,NULL,1,Cardiology,16,3,19,4,0,0,7,>200,,Up,Ch,Yes,NO,0
91705632,Caucasian,Female,[70-80),2,Urgent,1,Discharged to home,1,Physician Referral,4,InternalMedicine,34,2,14,0,0,0,5,,,No,No,No,>30,0
91711248,Caucasian,Male,[80-90),5,Not Available,6,Discharged/transferred to home with home health service,17,NULL,3,Family/GeneralPractice,15,0,18,3,0,0,9,Norm,,No,No,No,>30,0
91737660,Caucasian,Female,[50-60),5,Not Available,3,Discharged/transferred to SNF,17,NULL,3,Orthopedics-Reconstructive,6,2,25,2,0,0,8,,,No,No,Yes,NO,0
91813932,AfricanAmerican,Male,[50-60),1,Emergency,3,Discharged/transferred to SNF,6,Transfer from another health care facility,7,InternalMedicine,62,0,15,0,0,0,5,,,Steady,Ch,Yes,NO,0
91885920,Caucasian,Male,[50-60),1,Emergency,1,Discharged to home,6,Transfer from another health care facility,2,,45,1,8,0,0,0,3,,,Down,Ch,Yes,NO,0
91932864,Caucasian,Male,[70-80),5,Not Available,6,Discharged/transferred to home with home health service,17,NULL,1,,9,1,20,0,0,0,9,>200,,Steady,Ch,Yes,NO,0
91949454,AfricanAmerican,Male,[60-70),2,Urgent,1,Discharged to home,1,Physician Referral,8,Surgery-Cardiovascular/Thoracic,38,3,18,0,0,0,5,,,No,No,No,<30,1
91972686,Caucasian,Female,[80-90),2,Urgent,6,Discharged/transferred to home with home health service,17,NULL,1,Family/GeneralPractice,9,1,4,4,0,0,9,Norm,,Steady,No,Yes,>30,0
92024940,Caucasian,Female,[80-90),3,Elective,1,Discharged to home,1,Physician Referral,7,,56,1,26,2,0,0,9,,,No,Ch,Yes,<30,1
92225436,AfricanAmerican,Female,[70-80),1,Emergency,1,Discharged to home,6,Transfer from another health care facility,4,InternalMedicine,56,0,11,0,0,0,5,,,Steady,Ch,Yes,NO,0
92306514,Caucasian,Male,[30-40),2,Urgent,1,Discharged to home,1,Physician Referral,2,Gastroenterology,38,2,5,0,0,0,3,,,No,No,No,>30,0
92320716,Caucasian,Female,[60-70),1,Emergency,1,Discharged to home,6,Transfer from another health care facility,3,Family/GeneralPractice,47,1,11,0,0,0,5,,,Steady,No,Yes,NO,0
92323002,,Male,[80-90),2,Urgent,4,Discharged/transferred to ICF,6,Transfer from another health care facility,3,Family/GeneralPractice,59,0,9,0,0,0,5,,,No,No,Yes,NO,0
92371092,Caucasian,Female,[60-70),6,NULL,1,Discharged to home,17,NULL,3,Orthopedics-Reconstructive,25,1,18,0,0,0,5,,,No,No,No,NO,0
92446182,AfricanAmerican,Female,[70-80),1,Emergency,1,Discharged to home,6,Transfer from another health care facility,4,InternalMedicine,69,0,20,0,0,1,5,,,Steady,No,Yes,>30,0
92544276,Caucasian,Male,[70-80),1,Emergency,1,Discharged to home,6,Transfer from another health care facility,13,InternalMedicine,71,5,31,0,0,0,5,,,Steady,Ch,Yes,NO,0
92682744,Caucasian,Female,[40-50),2,Urgent,1,Discharged to home,1,Physician Referral,1,,21,3,9,0,0,0,5,,,No,No,Yes,NO,0
92694942,Caucasian,Male,[60-70),5,Not Available,6,Discharged/transferred to home with home health service,17,NULL,11,Family/GeneralPractice,17,3,31,0,0,0,9,>200,,No,No,No,NO,0
92743992,Caucasian,Male,[80-90),3,Elective,2,Discharged/transferred to another short term hospital,17,NULL,3,Orthopedics-Reconstructive,17,2,28,2,0,0,8,>200,,Steady,No,Yes,NO,0
92753496,Caucasian,Male,[60-70),6,NULL,1,Discharged to home,17,NULL,1,Orthopedics-Reconstructive,43,1,16,0,0,0,4,,,Down,Ch,Yes,NO,0
92778036,AfricanAmerican,Female,[30-40),5,Not Available,1,Discharged to home,17,NULL,3,,15,2,14,1,0,0,3,>300,,Up,Ch,Yes,NO,0
92789124,AfricanAmerican,Male,[70-80),1,Emergency,1,Discharged to home,6,Transfer from another health care facility,5,Family/GeneralPractice,70,0,7,0,0,0,5,,,Steady,Ch,Yes,NO,0
92802126,AfricanAmerican,Female,[40-50),1,Emergency,1,Discharged to home,7,Emergency Room,1,,46,0,10,0,1,1,2,,,Steady,Ch,Yes,NO,0
92923296,Caucasian,Male,[90-100),1,Emergency,5,Discharged/transferred to another type of inpatient care institution,7,Emergency Room,11,InternalMedicine,60,0,17,0,0,0,8,,,No,No,Yes,>30,0
92981922,,Female,[50-60),1,Emergency,1,Discharged to home,6,Transfer from another health care facility,1,InternalMedicine,65,0,9,0,0,0,5,,,Steady,Ch,Yes,NO,0
92988492,,Male,[70-80),2,Urgent,1,Discharged to home,9,Not Available,3,Family/GeneralPractice,42,0,10,0,0,0,5,,,No,Ch,Yes,NO,0
93013212,,Male,[60-70),2,Urgent,5,Discharged/transferred to another type of inpatient care institution,4,Transfer from a hospital,3,Neurology,40,2,14,0,0,1,5,,>7,Steady,Ch,Yes,<30,1
93041856,Caucasian,Female,[80-90),5,Not Available,3,Discharged/transferred to SNF,17,NULL,10,,18,0,21,0,0,0,9,Norm,,Down,Ch,Yes,NO,0
93241920,Caucasian,Female,[60-70),1,Emergency,1,Discharged to home,6,Transfer from another health care facility,3,,36,0,11,0,0,0,5,,Norm,No,No,No,>30,0
93310956,Caucasian,Female,[50-60),2,Urgent,2,Discharged/transferred to another short term hospital,7,Emergency Room,4,Family/GeneralPractice,70,0,15,0,0,0,9,,>8,Down,Ch,Yes,NO,0
93333540,Caucasian,Male,[60-70),6,NULL,1,Discharged to home,17,NULL,1,Cardiology,78,4,19,0,0,0,5,,,No,No,Yes,>30,0
93493032,AfricanAmerican,Female,[40-50),1,Emergency,1,Discharged to home,7,Emergency Room,12,,61,0,22,0,0,0,9,,,No,Ch,Yes,NO,0
93565332,Caucasian,Female,[60-70),1,Emergency,1,Discharged to home,7,Emergency Room,4,InternalMedicine,56,0,15,1,0,2,5,,,Steady,No,Yes,NO,0
93603930,Caucasian,Female,[60-70),2,Urgent,1,Discharged to home,1,Physician Referral,1,Surgery-General,8,3,6,0,0,0,5,,,Steady,Ch,Yes,NO,0
93636216,Caucasian,Female,[50-60),1,Emergency,1,Discharged to home,6,Transfer from another health care facility,6,Family/GeneralPractice,63,1,11,0,0,1,5,,,Steady,Ch,Yes,NO,0
93636696,Caucasian,Female,[80-90),1,Emergency,1,Discharged to home,7,Emergency Room,2,,66,5,19,0,0,0,7,,,No,No,No,NO,0
93707178,Caucasian,Male,[40-50),2,Urgent,1,Discharged to home,17,NULL,1,Surgery-General,15,1,12,0,1,0,3,>200,,Down,Ch,Yes,NO,0
93760866,Caucasian,Male,[60-70),6,NULL,1,Discharged to home,17,NULL,1,Cardiology,38,4,13,0,0,0,5,,,No,No,Yes,>30,0
93763092,Caucasian,Female,[70-80),3,Elective,1,Discharged to home,6,Transfer from another health care facility,3,Surgery-General,21,1,13,0,0,1,8,,,No,No,No,>30,0
93797964,AfricanAmerican,Male,[80-90),2,Urgent,1,Discharged to home,1,Physician Referral,6,InternalMedicine,68,1,6,0,0,0,5,,Norm,No,No,No,NO,0
93817434,Caucasian,Male,[60-70),1,Emergency,1,Discharged to home,6,Transfer from another health care facility,2,InternalMedicine,53,1,8,0,0,0,5,,,No,No,Yes,NO,0
93825528,Caucasian,Female,[60-70),6,NULL,1,Discharged to home,17,NULL,6,InternalMedicine,69,1,17,0,0,0,8,,,Steady,Ch,Yes,NO,0
94023390,Caucasian,Female,[70-80),1,Emergency,1,Discharged to home,6,Transfer from another health care facility,5,InternalMedicine,43,1,28,0,0,0,5,,,Steady,Ch,Yes,NO,0
94023624,Caucasian,Female,[70-80),1,Emergency,1,Discharged to home,7,Emergency Room,1,InternalMedicine,33,0,4,0,0,0,6,,,No,No,No,NO,0
94027338,Caucasian,Male,[50-60),1,Emergency,1,Discharged to home,6,Transfer from another health care facility,1,Family/GeneralPractice,42,0,9,0,0,0,4,,,No,Ch,Yes,>30,0
94085028,Caucasian,Female,[60-70),2,Urgent,6,Discharged/transferred to home with home health service,17,NULL,10,Hematology/Oncology,15,1,22,0,0,1,9,Norm,,No,No,Yes,NO,0
94110516,Caucasian,Female,[60-70),2,Urgent,1,Discharged to home,7,Emergency Room,1,,52,2,4,0,0,0,8,,,No,No,No,>30,0
94151646,Caucasian,Male,[50-60),2,Urgent,1,Discharged to home,4,Transfer from a hospital,4,,34,0,12,0,0,4,6,,,No,No,No,NO,0
94354164,AfricanAmerican,Male,[50-60),2,Urgent,1,Discharged to home,1,Physician Referral,1,Cardiology,43,2,7,0,0,0,5,,,No,Ch,Yes,<30,1
94443810,Caucasian,Male,[60-70),5,Not Available,22,Discharged/transferred to another rehab fac including rehab units of a hospital .,17,NULL,4,,17,0,11,0,0,0,9,>300,,Up,Ch,Yes,NO,0
94463250,AfricanAmerican,Female,[70-80),1,Emergency,2,Discharged/transferred to another short term hospital,6,Transfer from another health care facility,1,InternalMedicine,36,0,13,0,0,0,5,,,Steady,Ch,Yes,NO,0
94473378,Caucasian,Male,[50-60),1,Emergency,1,Discharged to home,7,Emergency Room,5,,54,0,18,0,0,0,9,,,Down,Ch,Yes,>30,0
94485066,Caucasian,Male,[70-80),1,Emergency,1,Discharged to home,17,NULL,4,Family/GeneralPractice,18,0,23,0,0,0,9,>200,,Down,Ch,Yes,NO,0
94574154,Caucasian,Female,[80-90),1,Emergency,3,Discharged/transferred to SNF,6,Transfer from another health care facility,3,Family/GeneralPractice,70,0,8,0,0,0,5,,,Steady,No,Yes,NO,0
94625976,Caucasian,Male,[80-90),2,Urgent,1,Discharged to home,1,Physician Referral,1,Family/GeneralPractice,12,0,3,0,0,4,9,,,No,No,No,<30,1
94686084,Caucasian,Male,[80-90),3,Elective,1,Discharged to home,1,Physician Referral,1,Surgery-General,10,3,11,2,0,0,5,,,No,No,No,>30,0
94703388,Caucasian,Male,[50-60),2,Urgent,1,Discharged to home,1,Physician Referral,2,,51,4,7,0,0,0,5,,>8,Steady,Ch,Yes,NO,0
94749948,Caucasian,Female,[60-70),3,Elective,1,Discharged to home,1,Physician Referral,1,Cardiology,51,2,10,0,0,0,9,,,No,No,No,NO,0
94804500,Caucasian,Male,[60-70),1,Emergency,6,Discharged/transferred to home with home health service,7,Emergency Room,6,InternalMedicine,81,0,22,0,0,1,9,,,Steady,Ch,Yes,>30,0
94820490,AfricanAmerican,Male,[50-60),1,Emergency,1,Discharged to home,6,Transfer from another health care facility,5,Family/GeneralPractice,65,0,18,0,0,0,5,,>8,Steady,Ch,Yes,NO,0
94929408,Caucasian,Female,[50-60),2,Urgent,1,Discharged to home,4,Transfer from a hospital,10,Pulmonology,50,0,17,0,0,0,5,,>8,Steady,Ch,Yes,NO,0
95082342,Caucasian,Female,[80-90),6,NULL,3,Discharged/transferred to SNF,7,Emergency Room,9,InternalMedicine,57,1,25,0,0,1,6,Norm,,No,No,Yes,NO,0
95124240,,Male,[70-80),2,Urgent,1,Discharged to home,9,Not Available,1,InternalMedicine,56,0,11,0,0,0,5,,,Steady,Ch,Yes,NO,0
95145342,Other,Female,[60-70),1,Emergency,5,Discharged/transferred to another type of inpatient care institution,7,Emergency Room,5,InternalMedicine,33,1,15,0,0,0,9,,,No,No,No,NO,0
95233314,AfricanAmerican,Male,[40-50),1,Emergency,1,Discharged to home,6,Transfer from another health care facility,4,Family/GeneralPractice,55,0,8,0,0,0,5,,>8,Steady,Ch,Yes,NO,0
95238264,,Male,[40-50),2,Urgent,1,Discharged to home,4,Transfer from a hospital,11,Family/GeneralPractice,24,0,14,0,0,3,5,,,No,Ch,Yes,NO,0
95275458,AfricanAmerican,Female,[30-40),1,Emergency,1,Discharged to home,6,Transfer from another health care facility,6,InternalMedicine,49,0,17,0,0,1,5,,,Steady,No,Yes,>30,0
95314542,Caucasian,Male,[60-70),2,Urgent,1,Discharged to home,1,Physician Referral,7,InternalMedicine,43,0,16,0,0,0,5,,>7,Steady,Ch,Yes,NO,0
95398788,AfricanAmerican,Male,[60-70),1,Emergency,1,Discharged to home,7,Emergency Room,6,Nephrology,42,1,18,0,0,0,4,,,Down,Ch,Yes,<30,1
95405916,Caucasian,Female,[60-70),2,Urgent,1,Discharged to home,1,Physician Referral,1,Surgery-General,1,1,9,0,0,0,5,,,Steady,Ch,Yes,NO,0
95426490,,Male,[70-80),2,Urgent,1,Discharged to home,4,Transfer from a hospital,3,Cardiology,21,2,9,0,0,0,5,,,No,No,No,NO,0
95485944,Caucasian,Male,[60-70),2,Urgent,1,Discharged to home,1,Physician Referral,9,Neurology,38,2,33,0,0,0,9,,,No,No,No,NO,0
95509404,AfricanAmerican,Male,[60-70),1,Emergency,1,Discharged to home,6,Transfer from another health care facility,4,InternalMedicine,34,0,7,0,0,1,5,,,Steady,Ch,Yes,>30,0
95522154,Caucasian,Female,[90-100),1,Emergency,1,Discharged to home,6,Transfer from another health care facility,4,InternalMedicine,46,0,9,0,0,0,5,,,No,No,Yes,NO,0
95616348,Caucasian,Female,[90-100),1,Emergency,3,Discharged/transferred to SNF,7,Emergency Room,7,Family/GeneralPractice,54,1,21,0,0,0,9,,,Steady,Ch,Yes,>30,0
95724780,AfricanAmerican,Female,[70-80),2,Urgent,1,Discharged to home,4,Transfer from a hospital,11,PhysicalMedicineandRehabilitation,13,0,12,0,0,0,5,,,No,No,Yes,NO,0
95732610,,Male,[50-60),1,Emergency,1,Discharged to home,6,Transfer from another health care facility,1,Family/GeneralPractice,37,2,8,0,0,0,5,,,Steady,No,Yes,NO,0
95857500,Caucasian,Male,[70-80),1,Emergency,11,Expired,7,Emergency Room,2,Osteopath,37,1,19,0,0,2,9,,,Up,Ch,Yes,NO,0
95896668,AfricanAmerican,Female,[20-30),2,Urgent,1,Discharged to home,1,Physician Referral,2,ObstetricsandGynecology,30,0,2,0,0,1,5,,>7,Steady,No,Yes,<30,1
96009054,AfricanAmerican,Female,[60-70),1,Emergency,1,Discharged to home,7,Emergency Room,5,Nephrology,43,1,14,0,1,0,5,,,Steady,No,Yes,>30,0
96094140,Hispanic,Female,[30-40),3,Elective,1,Discharged to home,1,Physician Referral,6,Surgery-General,46,3,27,1,0,0,9,,,No,Ch,Yes,>30,0
96166728,Other,Male,[60-70),5,Not Available,1,Discharged to home,17,NULL,1,,11,0,9,0,0,0,3,Norm,,No,No,No,NO,0
96192756,Caucasian,Male,[40-50),1,Emergency,1,Discharged to home,7,Emergency Room,4,Nephrology,43,3,25,0,0,0,8,,,Down,Ch,Yes,NO,0
96192870,Other,Male,[40-50),3,Elective,1,Discharged to home,4,Transfer from a hospital,4,,46,3,12,0,0,0,5,,,No,No,No,NO,0
96254952,Caucasian,Male,[50-60),2,Urgent,1,Discharged to home,1,Physician Referral,2,InternalMedicine,36,2,11,0,0,1,5,,>8,Steady,No,Yes,>30,0
96277854,Caucasian,Male,[40-50),5,Not Available,1,Discharged to home,17,NULL,2,Family/GeneralPractice,18,0,8,2,1,0,9,>200,,Down,Ch,Yes,NO,0
96412206,AfricanAmerican,Female,[70-80),1,Emergency,6,Discharged/transferred to home with home health service,7,Emergency Room,2,Nephrology,38,0,12,0,0,1,7,,,No,No,No,>30,0
96418596,Caucasian,Female,[80-90),2,Urgent,3,Discharged/transferred to SNF,4,Transfer from a hospital,8,,52,3,10,0,0,0,8,,,Steady,Ch,Yes,NO,0
96452970,AfricanAmerican,Male,[40-50),1,Emergency,1,Discharged to home,6,Transfer from another health care facility,3,,36,2,5,0,0,3,5,,,Steady,No,Yes,NO,0
96489912,AfricanAmerican,Male,[40-50),5,Not Available,1,Discharged to home,17,NULL,6,Psychiatry,15,0,6,1,3,0,6,>200,,Down,Ch,Yes,>30,0
96604188,Hispanic,Male,[30-40),2,Urgent,1,Discharged to home,4,Transfer from a hospital,7,,54,1,14,0,0,0,7,,,Down,Ch,Yes,NO,0
96621510,Caucasian,Male,[80-90),5,Not Available,1,Discharged to home,17,NULL,7,,18,1,17,1,0,0,7,>200,,Up,Ch,Yes,>30,0
96628074,AfricanAmerican,Female,[40-50),1,Emergency,1,Discharged to home,7,Emergency Room,4,Family/GeneralPractice,43,1,18,0,1,1,6,,,Steady,Ch,Yes,>30,0
96638766,Caucasian,Male,[80-90),5,Not Available,3,Discharged/transferred to SNF,17,NULL,5,InternalMedicine,16,0,16,2,0,0,9,>300,,Down,Ch,Yes,NO,0
96673914,AfricanAmerican,Female,[40-50),1,Emergency,1,Discharged to home,7,Emergency Room,1,Cardiology,42,0,7,0,0,0,6,,,No,Ch,Yes,NO,0
96693606,Caucasian,Female,[70-80),1,Emergency,3,Discharged/transferred to SNF,7,Emergency Room,2,Family/GeneralPractice,43,0,5,0,0,0,6,,,No,No,No,<30,1
96716358,AfricanAmerican,Male,[70-80),5,Not Available,6,Discharged/transferred to home with home health service,17,NULL,2,Family/GeneralPractice,18,0,10,0,1,0,9,>200,,Steady,Ch,Yes,NO,0
96759720,AfricanAmerican,Male,[70-80),3,Elective,22,Discharged/transferred to another rehab fac including rehab units of a hospital .,1,Physician Referral,8,InternalMedicine,39,3,22,0,0,0,9,,,No,No,No,>30,0
96821100,AfricanAmerican,Male,[70-80),3,Elective,3,Discharged/transferred to SNF,1,Physician Referral,6,Surgery-Thoracic,69,5,25,0,0,0,8,,,Down,Ch,Yes,NO,0
96862056,Other,Male,[70-80),1,Emergency,1,Discharged to home,7,Emergency Room,4,,72,1,10,1,1,1,8,,,No,No,Yes,NO,0
96872184,AfricanAmerican,Female,[70-80),1,Emergency,3,Discharged/transferred to SNF,5,Transfer from a Skilled Nursing Facility (SNF),12,Family/GeneralPractice,35,2,21,0,0,1,7,,,Down,Ch,Yes,>30,0
96939360,AfricanAmerican,Female,[60-70),1,Emergency,3,Discharged/transferred to SNF,5,Transfer from a Skilled Nursing Facility (SNF),5,InternalMedicine,44,0,16,0,0,0,5,,,Down,Ch,Yes,>30,0
97036056,Caucasian,Female,[90-100),1,Emergency,3,Discharged/transferred to SNF,6,Transfer from another health care facility,3,Family/GeneralPractice,48,0,10,0,0,0,5,,,No,No,No,NO,0
97041354,Caucasian,Female,[80-90),1,Emergency,3,Discharged/transferred to SNF,17,NULL,11,,18,0,28,2,0,0,9,>200,,Down,Ch,Yes,<30,1
97050930,Caucasian,Female,[80-90),6,NULL,3,Discharged/transferred to SNF,7,Emergency Room,9,InternalMedicine,80,0,16,0,0,0,6,>300,>8,Up,Ch,Yes,<30,1
97059966,Caucasian,Female,[80-90),5,Not Available,1,Discharged to home,17,NULL,3,,17,0,15,4,0,0,8,>300,,Steady,No,Yes,NO,0
97062894,AfricanAmerican,Female,[60-70),1,Emergency,11,Expired,7,Emergency Room,9,Nephrology,36,2,22,0,1,0,9,,,Steady,No,Yes,NO,0
97135860,,Male,[40-50),2,Urgent,1,Discharged to home,1,Physician Referral,3,,37,0,5,0,0,1,2,,,No,No,Yes,NO,0
97158732,AfricanAmerican,Female,[70-80),1,Emergency,1,Discharged to home,6,Transfer from another health care facility,3,InternalMedicine,41,0,6,0,0,0,5,,,Steady,No,Yes,NO,0
97190538,AfricanAmerican,Male,[70-80),3,Elective,1,Discharged to home,1,Physician Referral,1,Surgery-Vascular,38,1,17,0,0,0,5,,,No,No,No,NO,0
97210932,Caucasian,Female,[70-80),1,Emergency,1,Discharged to home,7,Emergency Room,1,,42,3,8,0,0,0,6,,,Steady,Ch,Yes,>30,0
97221252,Caucasian,Female,[50-60),2,Urgent,6,Discharged/transferred to home with home health service,17,NULL,7,,15,2,18,1,1,0,8,>200,,Down,Ch,Yes,NO,0
97243044,AfricanAmerican,Male,[60-70),3,Elective,1,Discharged to home,1,Physician Referral,1,,38,1,22,1,0,0,5,,,No,No,No,NO,0
97258668,Caucasian,Female,[60-70),2,Urgent,1,Discharged to home,1,Physician Referral,7,Oncology,43,3,9,0,0,0,5,,,Steady,Ch,Yes,NO,0
97295424,AfricanAmerican,Male,[50-60),1,Emergency,1,Discharged to home,7,Emergency Room,2,,43,0,7,0,0,0,6,,,Steady,No,Yes,NO,0
97365126,Caucasian,Female,[80-90),1,Emergency,4,Discharged/transferred to ICF,6,Transfer from another health care facility,4,InternalMedicine,59,0,6,0,0,2,5,,,Steady,No,Yes,NO,0
97425606,Caucasian,Female,[50-60),2,Urgent,1,Discharged to home,4,Transfer from a hospital,1,Cardiology,26,3,18,0,0,0,7,,,No,No,No,NO,0
97478400,Caucasian,Female,[50-60),1,Emergency,1,Discharged to home,6,Transfer from another health care facility,2,InternalMedicine,58,0,11,0,0,0,5,,,No,No,Yes,NO,0
97509540,Caucasian,Female,[70-80),2,Urgent,1,Discharged to home,1,Physician Referral,1,Cardiology,33,5,9,0,0,1,5,,,No,No,No,NO,0
97534320,Caucasian,Male,[50-60),1,Emergency,11,Expired,7,Emergency Room,7,Pulmonology,49,1,19,0,0,2,6,,,No,No,Yes,NO,0
97564134,AfricanAmerican,Female,[60-70),1,Emergency,22,Discharged/transferred to another rehab fac including rehab units of a hospital .,7,Emergency Room,7,Surgery-Cardiovascular/Thoracic,51,3,67,0,0,0,7,,,Down,Ch,Yes,>30,0
97782690,,Female,[50-60),1,Emergency,1,Discharged to home,6,Transfer from another health care facility,2,Nephrology,59,0,3,0,0,0,5,,Norm,No,No,No,NO,0
97788888,Caucasian,Female,[70-80),1,Emergency,2,Discharged/transferred to another short term hospital,7,Emergency Room,7,,79,0,34,0,0,0,9,,>8,Down,Ch,Yes,NO,0
97796244,Caucasian,Female,[70-80),2,Urgent,6,Discharged/transferred to home with home health service,1,Physician Referral,4,,43,3,34,0,0,0,9,,,No,No,Yes,NO,0
97830468,Caucasian,Female,[60-70),3,Elective,2,Discharged/transferred to another short term hospital,1,Physician Referral,1,,26,1,13,0,1,0,8,,,No,No,No,<30,1
97849872,Caucasian,Female,[80-90),1,Emergency,3,Discharged/transferred to SNF,6,Transfer from another health care facility,7,InternalMedicine,61,1,14,0,0,0,5,,,No,No,Yes,>30,0
97852512,AfricanAmerican,Female,[50-60),1,Emergency,1,Discharged to home,7,Emergency Room,4,Family/GeneralPractice,37,1,18,0,0,0,4,,,No,No,Yes,NO,0
97855734,Caucasian,Male,[80-90),3,Elective,1,Discharged to home,1,Physician Referral,1,InternalMedicine,18,1,7,0,0,0,9,,,Steady,No,Yes,>30,0
97885326,AfricanAmerican,Female,[30-40),1,Emergency,1,Discharged to home,6,Transfer from another health care facility,3,Family/GeneralPractice,75,0,13,0,0,0,5,,>8,Up,Ch,Yes,NO,0
97903212,Caucasian,Female,[70-80),1,Emergency,3,Discharged/transferred to SNF,6,Transfer from another health care facility,9,InternalMedicine,36,0,24,0,0,2,5,,,No,Ch,Yes,>30,0
97909284,Caucasian,Male,[70-80),6,NULL,6,Discharged/transferred to home with home health service,17,NULL,1,Pulmonology,79,0,17,0,0,1,9,,,No,No,No,NO,0
97988244,Caucasian,Female,[40-50),1,Emergency,1,Discharged to home,6,Transfer from another health care facility,7,Surgery-General,33,1,12,0,0,0,3,,,Steady,Ch,Yes,NO,0
98073840,AfricanAmerican,Male,[90-100),1,Emergency,1,Discharged to home,7,Emergency Room,7,Nephrology,39,1,20,0,0,1,6,,,No,No,No,NO,0
98150550,Caucasian,Female,[80-90),3,Elective,4,Discharged/transferred to ICF,1,Physician Referral,4,,34,1,20,0,0,0,1,,,No,No,No,NO,0
98166636,AfricanAmerican,Male,[40-50),1,Emergency,1,Discharged to home,7,Emergency Room,1,InternalMedicine,38,1,9,0,0,0,6,,,Steady,No,Yes,NO,0
98493774,Caucasian,Female,[50-60),2,Urgent,1,Discharged to home,1,Physician Referral,6,InternalMedicine,41,0,15,0,0,0,5,,Norm,No,No,No,<30,1
98503398,Caucasian,Male,[40-50),2,Urgent,1,Discharged to home,9,Not Available,6,Family/GeneralPractice,75,5,19,0,0,0,5,,,Steady,No,Yes,NO,0
98512524,AfricanAmerican,Female,[70-80),6,NULL,1,Discharged to home,7,Emergency Room,6,Surgery-General,43,0,7,0,0,3,5,Norm,,Down,Ch,Yes,<30,1
98550756,Caucasian,Male,[70-80),1,Emergency,11,Expired,7,Emergency Room,10,Nephrology,37,2,38,0,0,0,7,,,Steady,No,Yes,NO,0
98590842,Caucasian,Male,[60-70),1,Emergency,2,Discharged/transferred to another short term hospital,7,Emergency Room,2,Pulmonology,69,0,10,2,0,0,9,,>8,Down,Ch,Yes,NO,0
98734140,AfricanAmerican,Female,[40-50),2,Urgent,1,Discharged to home,4,Transfer from a hospital,6,Psychiatry,4,0,20,0,0,1,5,,>8,Steady,Ch,Yes,>30,0
98762406,Caucasian,Female,[50-60),2,Urgent,1,Discharged to home,4,Transfer from a hospital,3,Nephrology,40,1,11,0,0,1,5,,,No,No,No,NO,0
98828190,Caucasian,Male,[70-80),3,Elective,1,Discharged to home,1,Physician Referral,1,Cardiology,31,3,20,0,0,0,7,,,No,No,Yes,NO,0
98883258,Caucasian,Male,[80-90),6,NULL,1,Discharged to home,1,Physician Referral,8,InternalMedicine,35,2,15,0,0,1,6,>300,,No,No,Yes,>30,0
98884866,Caucasian,Female,[70-80),1,Emergency,1,Discharged to home,7,Emergency Room,2,Cardiology,45,0,17,0,0,0,4,,,No,Ch,Yes,NO,0
98976708,Caucasian,Male,[80-90),1,Emergency,3,Discharged/transferred to SNF,6,Transfer from another health care facility,3,InternalMedicine,60,0,15,0,0,0,5,,,No,No,No,NO,0
99004416,AfricanAmerican,Female,[80-90),1,Emergency,6,Discharged/transferred to home with home health service,7,Emergency Room,3,InternalMedicine,44,0,11,0,0,1,8,,,Steady,No,Yes,NO,0
99015084,AfricanAmerican,Female,[70-80),6,NULL,1,Discharged to home,17,NULL,3,,45,0,20,1,0,4,9,,,Steady,Ch,Yes,>30,0
99159624,Caucasian,Female,[80-90),1,Emergency,3,Discharged/transferred to SNF,6,Transfer from another health care facility,5,InternalMedicine,40,2,8,0,0,0,5,,,No,No,No,NO,0
99251874,Caucasian,Female,[70-80),1,Emergency,1,Discharged to home,6,Transfer from another health care facility,2,InternalMedicine,41,0,5,0,0,0,5,,,No,No,No,NO,0
99306324,Caucasian,Female,[70-80),2,Urgent,1,Discharged to home,1,Physician Referral,14,InternalMedicine,73,3,39,0,0,0,9,,,Steady,No,Yes,<30,1
99329178,AfricanAmerican,Female,[90-100),1,Emergency,4,Discharged/transferred to ICF,6,Transfer from another health care facility,3,InternalMedicine,60,0,14,0,0,0,5,,,Steady,No,Yes,NO,0
99331386,Caucasian,Male,[50-60),2,Urgent,1,Discharged to home,1,Physician Referral,9,Surgery-General,41,0,21,0,0,1,5,,,Steady,No,Yes,>30,0
99357264,Caucasian,Female,[50-60),6,NULL,1,Discharged to home,17,NULL,2,Family/GeneralPractice,80,0,14,0,0,0,7,,>7,No,Ch,Yes,NO,0
99402426,Caucasian,Female,[70-80),1,Emergency,1,Discharged to home,7,Emergency Room,3,Cardiology,45,3,17,4,0,0,9,,,No,Ch,Yes,>30,0
99607590,Caucasian,Male,[60-70),6,NULL,1,Discharged to home,17,NULL,2,Family/GeneralPractice,62,0,15,0,0,1,4,,,Steady,Ch,Yes,>30,0
99608532,AfricanAmerican,Female,[40-50),1,Emergency,1,Discharged to home,7,Emergency Room,2,Nephrology,45,0,22,2,1,2,4,,,Steady,No,Yes,>30,0
99633552,Caucasian,Female,[70-80),5,Not Available,1,Discharged to home,17,NULL,3,Surgery-General,6,2,18,4,0,0,8,,,Steady,Ch,Yes,NO,0
99704760,,Male,[50-60),2,Urgent,1,Discharged to home,1,Physician Referral,5,Surgery-Cardiovascular/Thoracic,43,5,25,0,0,1,5,,,Steady,Ch,Yes,NO,0
99714828,AfricanAmerican,Male,[50-60),1,Emergency,1,Discharged to home,7,Emergency Room,9,InternalMedicine,49,3,34,0,0,0,9,,,No,No,Yes,NO,0
99746604,Caucasian,Female,[80-90),5,Not Available,3,Discharged/transferred to SNF,17,NULL,2,,11,0,16,0,0,1,9,Norm,,No,No,No,NO,0
99796476,Caucasian,Female,[60-70),3,Elective,1,Discharged to home,1,Physician Referral,2,Oncology,6,1,25,2,0,1,7,,,No,No,Yes,>30,0
99924978,Caucasian,Female,[70-80),2,Urgent,1,Discharged to home,1,Physician Referral,2,Pulmonology,39,3,6,0,0,0,3,,,No,No,No,<30,1
100019304,Caucasian,Female,[40-50),1,Emergency,6,Discharged/transferred to home with home health service,7,Emergency Room,4,Cardiology,71,0,9,0,0,0,9,,,No,No,No,>30,0
100221048,Caucasian,Female,[80-90),2,Urgent,3,Discharged/transferred to SNF,17,NULL,13,,15,6,31,0,1,2,9,Norm,,Steady,Ch,Yes,NO,0
100221216,Caucasian,Female,[50-60),2,Urgent,1,Discharged to home,7,Emergency Room,3,,60,0,19,0,1,1,9,,,Down,Ch,Yes,>30,0
100227252,Caucasian,Female,[70-80),5,Not Available,22,Discharged/transferred to another rehab fac including rehab units of a hospital .,17,NULL,9,Family/GeneralPractice,17,1,34,2,0,0,9,Norm,,Steady,Ch,Yes,NO,0
100435026,Caucasian,Female,[80-90),1,Emergency,3,Discharged/transferred to SNF,7,Emergency Room,10,Endocrinology,58,0,14,0,0,0,5,,,Steady,Ch,Yes,NO,0
100450128,Caucasian,Female,[60-70),5,Not Available,1,Discharged to home,17,NULL,4,Surgery-General,16,0,10,3,0,0,4,Norm,,Steady,No,Yes,<30,1
100475892,Hispanic,Female,[70-80),1,Emergency,1,Discharged to home,7,Emergency Room,6,InternalMedicine,50,0,13,0,0,0,9,,,No,No,No,NO,0
100519776,AfricanAmerican,Female,[30-40),1,Emergency,3,Discharged/transferred to SNF,7,Emergency Room,3,Nephrology,31,1,22,0,1,3,7,,,Steady,No,Yes,<30,1
100563930,AfricanAmerican,Male,[50-60),2,Urgent,1,Discharged to home,1,Physician Referral,6,InternalMedicine,46,0,10,0,0,0,5,,,No,No,Yes,NO,0
100571730,AfricanAmerican,Female,[50-60),1,Emergency,1,Discharged to home,6,Transfer from another health care facility,4,,33,1,5,0,0,0,3,,,Steady,No,Yes,NO,0
100810674,Caucasian,Male,[50-60),1,Emergency,1,Discharged to home,6,Transfer from another health care facility,7,Family/GeneralPractice,47,0,19,0,0,1,5,,,No,No,Yes,NO,0
101004846,,Male,[40-50),1,Emergency,1,Discharged to home,7,Emergency Room,5,,79,6,40,4,0,0,7,,,Steady,Ch,Yes,NO,0
101157918,AfricanAmerican,Female,[40-50),1,Emergency,2,Discharged/transferred to another short term hospital,7,Emergency Room,2,Cardiology,43,0,10,0,0,0,7,,>8,Up,Ch,Yes,>30,0
101161056,Caucasian,Female,[80-90),3,Elective,1,Discharged to home,1,Physician Referral,10,InternalMedicine,44,0,13,0,0,0,6,,,No,No,No,NO,0
101324154,AfricanAmerican,Female,[60-70),5,Not Available,6,Discharged/transferred to home with home health service,17,NULL,5,,17,0,17,0,0,0,9,>300,,Up,Ch,Yes,NO,0
101371728,Caucasian,Male,[40-50),1,Emergency,2,Discharged/transferred to another short term hospital,7,Emergency Room,3,,72,3,14,0,0,0,6,,>8,Down,Ch,Yes,NO,0
101455692,Caucasian,Male,[20-30),1,Emergency,1,Discharged to home,6,Transfer from another health care facility,2,InternalMedicine,62,0,8,0,0,0,5,,,Steady,No,Yes,NO,0
101545314,AfricanAmerican,Female,[30-40),3,Elective,1,Discharged to home,1,Physician Referral,2,Surgery-General,40,1,29,0,0,0,3,,,No,No,No,NO,0
101549130,Caucasian,Male,[70-80),5,Not Available,1,Discharged to home,17,NULL,4,Cardiology,18,2,19,1,0,0,7,>200,,Down,Ch,Yes,NO,0
101572470,AfricanAmerican,Female,[70-80),2,Urgent,1,Discharged to home,1,Physician Referral,7,InternalMedicine,56,0,9,0,0,0,5,,>7,Steady,No,Yes,NO,0
101609406,,Female,[40-50),2,Urgent,1,Discharged to home,9,Not Available,2,InternalMedicine,43,0,10,0,0,0,4,,,Steady,No,Yes,NO,0
101752140,Caucasian,Female,[50-60),1,Emergency,1,Discharged to home,7,Emergency Room,6,,59,1,17,0,0,1,8,,,Down,Ch,Yes,>30,0
101870766,Caucasian,Female,[80-90),2,Urgent,1,Discharged to home,1,Physician Referral,2,Surgery-General,38,0,12,0,0,1,9,,,No,No,Yes,<30,1
101871594,AfricanAmerican,Female,[90-100),1,Emergency,3,Discharged/transferred to SNF,6,Transfer from another health care facility,2,Family/GeneralPractice,36,0,9,0,0,0,5,,,No,No,Yes,NO,0
101901198,Caucasian,Female,[60-70),2,Urgent,4,Discharged/transferred to ICF,1,Physician Referral,3,Surgery-General,27,1,10,0,0,0,5,,,Steady,Ch,Yes,NO,0
101909586,AfricanAmerican,Male,[70-80),1,Emergency,6,Discharged/transferred to home with home health service,7,Emergency Room,3,InternalMedicine,46,1,20,0,0,0,8,,,Steady,Ch,Yes,>30,0
101932764,Caucasian,Male,[70-80),1,Emergency,1,Discharged to home,6,Transfer from another health care facility,2,InternalMedicine,42,0,13,0,0,0,4,,,Steady,No,Yes,NO,0
101961486,Caucasian,Female,[60-70),2,Urgent,1,Discharged to home,1,Physician Referral,4,Surgery-Neuro,47,1,18,0,0,0,5,,Norm,Steady,Ch,Yes,NO,0
102022062,Caucasian,Male,[40-50),1,Emergency,1,Discharged to home,6,Transfer from another health care facility,2,,55,0,9,0,0,1,5,,,No,No,No,NO,0
102136824,,Male,[30-40),2,Urgent,1,Discharged to home,1,Physician Referral,1,Surgery-Neuro,1,1,3,0,0,0,2,,,Steady,No,Yes,NO,0
102222168,,Male,[70-80),1,Emergency,1,Discharged to home,6,Transfer from another health care facility,3,,54,0,11,0,0,1,5,,,Steady,Ch,Yes,NO,0
102262776,Caucasian,Male,[70-80),1,Emergency,6,Discharged/transferred to home with home health service,7,Emergency Room,5,Cardiology,61,0,17,0,0,0,9,,,Steady,Ch,Yes,NO,0
102354978,Caucasian,Male,[60-70),6,NULL,1,Discharged to home,17,NULL,1,Cardiology,49,6,13,0,0,0,5,,,No,No,No,<30,1
102412134,AfricanAmerican,Female,[70-80),1,Emergency,1,Discharged to home,6,Transfer from another health care facility,7,InternalMedicine,58,0,7,0,0,0,5,,,No,Ch,Yes,NO,0
102491214,AfricanAmerican,Female,[40-50),3,Elective,1,Discharged to home,1,Physician Referral,9,InternalMedicine,41,0,10,0,0,0,8,,,No,No,No,NO,0
102497094,Caucasian,Male,[70-80),2,Urgent,1,Discharged to home,1,Physician Referral,1,Surgery-General,42,1,3,0,0,1,3,,,No,No,No,NO,0
102557340,Caucasian,Female,[50-60),2,Urgent,1,Discharged to home,1,Physician Referral,5,InternalMedicine,60,3,5,0,0,0,5,,,Steady,No,Yes,NO,0
102563982,Caucasian,Female,[70-80),2,Urgent,1,Discharged to home,1,Physician Referral,8,InternalMedicine,39,5,16,0,0,1,5,,,No,No,No,NO,0
102627162,Caucasian,Male,[50-60),3,Elective,1,Discharged to home,1,Physician Referral,7,Surgery-General,26,1,21,0,0,0,7,,,Steady,No,Yes,>30,0
102649374,,Male,[80-90),1,Emergency,1,Discharged to home,6,Transfer from another health care facility,3,InternalMedicine,56,0,11,0,0,0,5,,,No,No,Yes,NO,0
102679272,Caucasian,Female,[70-80),1,Emergency,1,Discharged to home,7,Emergency Room,5,InternalMedicine,49,0,5,1,0,0,6,,,Up,Ch,Yes,>30,0
102688128,AfricanAmerican,Male,[40-50),1,Emergency,11,Expired,5,Transfer from a Skilled Nursing Facility (SNF),3,InternalMedicine,43,3,10,0,0,1,8,,,No,No,No,NO,0
102695286,Caucasian,Male,[70-80),1,Emergency,1,Discharged to home,7,Emergency Room,1,Cardiology,36,0,6,0,0,0,3,,,No,No,Yes,NO,0
102698766,Caucasian,Male,[70-80),3,Elective,22,Discharged/transferred to another rehab fac including rehab units of a hospital .,1,Physician Referral,11,InternalMedicine,42,0,28,0,0,1,4,,,Steady,Ch,Yes,>30,0
102796548,AfricanAmerican,Female,[30-40),1,Emergency,1,Discharged to home,6,Transfer from another health care facility,1,Family/GeneralPractice,43,0,8,0,0,0,4,,,No,No,No,NO,0
102832206,AfricanAmerican,Female,[60-70),2,Urgent,1,Discharged to home,1,Physician Referral,7,Surgery-General,34,1,23,0,0,3,5,,,Steady,Ch,Yes,<30,1
102832230,AfricanAmerican,Female,[50-60),1,Emergency,1,Discharged to home,6,Transfer from another health care facility,8,InternalMedicine,62,0,18,0,0,0,5,,>8,Steady,Ch,Yes,NO,0
102872700,AfricanAmerican,Female,[40-50),1,Emergency,1,Discharged to home,7,Emergency Room,1,Family/GeneralPractice,38,1,13,0,1,0,4,,,No,No,Yes,NO,0
102882846,AfricanAmerican,Male,[60-70),2,Urgent,1,Discharged to home,1,Physician Referral,2,Cardiology,39,1,20,0,0,0,7,,,No,No,Yes,>30,0
102912432,Caucasian,Female,[50-60),1,Emergency,1,Discharged to home,7,Emergency Room,4,InternalMedicine,55,0,8,0,0,0,5,,,No,No,No,NO,0
103000212,Caucasian,Female,[60-70),3,Elective,1,Discharged to home,1,Physician Referral,5,Surgeon,38,0,9,5,0,3,5,,,No,Ch,Yes,NO,0
103041732,AfricanAmerican,Female,[60-70),3,Elective,1,Discharged to home,1,Physician Referral,1,Surgery-Vascular,38,1,23,0,0,0,3,,,No,No,No,>30,0
103078800,,Female,[90-100),2,Urgent,1,Discharged to home,6,Transfer from another health care facility,6,InternalMedicine,59,1,15,0,0,0,5,,,Steady,No,Yes,NO,0
103116204,Caucasian,Female,[50-60),1,Emergency,1,Discharged to home,17,NULL,2,Cardiology,1,3,13,0,0,0,3,,,No,Ch,Yes,NO,0
103117254,Caucasian,Female,[70-80),1,Emergency,1,Discharged to home,17,NULL,4,,16,0,17,0,0,0,8,Norm,,No,Ch,Yes,NO,0
103119252,Caucasian,Male,[40-50),1,Emergency,1,Discharged to home,6,Transfer from another health care facility,3,Radiology,59,0,4,0,0,0,2,,,No,No,No,NO,0
103226904,Caucasian,Male,[50-60),1,Emergency,6,Discharged/transferred to home with home health service,7,Emergency Room,13,Surgery-Neuro,45,0,25,0,0,0,4,,,Down,Ch,Yes,NO,0
103263474,Caucasian,Male,[70-80),5,Not Available,1,Discharged to home,17,NULL,1,Surgery-General,9,1,13,0,0,1,3,>200,,Steady,No,Yes,<30,1
103357212,Caucasian,Female,[80-90),2,Urgent,5,Discharged/transferred to another type of inpatient care institution,1,Physician Referral,3,Orthopedics-Reconstructive,43,1,14,0,0,0,5,,,No,Ch,Yes,NO,0
103521306,Caucasian,Female,[80-90),1,Emergency,3,Discharged/transferred to SNF,6,Transfer from another health care facility,4,InternalMedicine,46,2,17,0,0,0,5,,,Steady,No,Yes,NO,0
103613232,,Female,[70-80),2,Urgent,1,Discharged to home,1,Physician Referral,4,InternalMedicine,54,0,14,0,0,1,5,,,Steady,Ch,Yes,NO,0
103654080,Caucasian,Male,[60-70),5,Not Available,1,Discharged to home,17,NULL,4,,18,0,12,0,0,0,4,>300,,Up,Ch,Yes,NO,0
103677672,,Male,[70-80),1,Emergency,1,Discharged to home,6,Transfer from another health care facility,3,InternalMedicine,52,0,9,0,0,1,5,,,Steady,No,Yes,NO,0
103721244,Caucasian,Female,[70-80),2,Urgent,1,Discharged to home,7,Emergency Room,2,InternalMedicine,67,0,21,0,0,3,9,,,Steady,Ch,Yes,NO,0
103728642,Caucasian,Female,[70-80),6,NULL,22,Discharged/transferred to another rehab fac including rehab units of a hospital .,17,NULL,7,Orthopedics-Reconstructive,73,2,28,0,0,1,9,,,No,No,Yes,>30,0
103744566,Caucasian,Male,[70-80),1,Emergency,6,Discharged/transferred to home with home health service,7,Emergency Room,6,,56,3,9,0,0,2,9,,,No,Ch,Yes,NO,0
103820118,AfricanAmerican,Male,[50-60),2,Urgent,1,Discharged to home,1,Physician Referral,2,Pulmonology,42,0,7,0,0,0,5,,>8,Steady,No,Yes,NO,0
103859940,Caucasian,Female,[60-70),1,Emergency,1,Discharged to home,7,Emergency Room,4,Cardiology,69,3,10,1,0,0,9,,,No,Ch,Yes,NO,0
103906374,Caucasian,Male,[40-50),1,Emergency,2,Discharged/transferred to another short term hospital,6,Transfer from another health care facility,4,Cardiology,41,4,6,0,0,1,5,,,No,No,Yes,NO,0
103950456,AfricanAmerican,Female,[60-70),3,Elective,1,Discharged to home,1,Physician Referral,3,Surgery-General,48,2,41,0,0,0,8,,,Down,Ch,Yes,NO,0
103997436,AfricanAmerican,Female,[70-80),2,Urgent,1,Discharged to home,1,Physician Referral,11,InternalMedicine,54,1,18,0,0,3,5,,,Steady,No,Yes,>30,0
104028942,Caucasian,Male,[80-90),1,Emergency,1,Discharged to home,7,Emergency Room,3,InternalMedicine,43,1,20,1,0,0,9,,,No,Ch,Yes,NO,0
104030574,Caucasian,Male,[50-60),5,Not Available,3,Discharged/transferred to SNF,17,NULL,9,Family/GeneralPractice,17,0,19,0,1,1,9,Norm,,Down,Ch,Yes,NO,0
104040768,Caucasian,Male,[70-80),3,Elective,1,Discharged to home,1,Physician Referral,7,,62,6,44,0,0,1,9,,,Up,Ch,Yes,>30,0
104110734,Caucasian,Male,[70-80),1,Emergency,1,Discharged to home,7,Emergency Room,5,InternalMedicine,34,1,9,0,0,0,6,,>7,No,No,Yes,>30,0
104309874,Caucasian,Female,[70-80),3,Elective,1,Discharged to home,1,Physician Referral,2,InternalMedicine,41,0,14,0,0,0,6,,,Up,Ch,Yes,NO,0
104432610,Caucasian,Female,[80-90),5,Not Available,3,Discharged/transferred to SNF,17,NULL,2,,10,0,14,0,1,6,9,Norm,,No,Ch,Yes,NO,0
104471268,Caucasian,Male,[60-70),3,Elective,1,Discharged to home,1,Physician Referral,3,,39,1,28,0,0,0,9,,,No,No,No,NO,0
104514222,AfricanAmerican,Female,[70-80),2,Urgent,1,Discharged to home,4,Transfer from a hospital,4,InternalMedicine,9,0,14,0,0,2,5,,,No,No,No,NO,0
104648322,AfricanAmerican,Male,[70-80),3,Elective,23,Discharged/transferred to a long term care hospital.,1,Physician Referral,12,InternalMedicine,45,2,27,1,0,0,6,,,Steady,No,Yes,NO,0
104670828,Caucasian,Male,[70-80),6,NULL,3,Discharged/transferred to SNF,7,Emergency Room,9,InternalMedicine,82,0,21,0,0,0,6,>200,Norm,No,No,No,>30,0
104694084,Caucasian,Male,[60-70),1,Emergency,1,Discharged to home,6,Transfer from another health care facility,6,Cardiology,81,5,20,0,0,0,5,,>8,Steady,Ch,Yes,NO,0
104704854,Caucasian,Female,[30-40),1,Emergency,1,Discharged to home,6,Transfer from another health care facility,8,InternalMedicine,71,0,19,0,0,0,5,,,Steady,No,Yes,NO,0
104725596,,Male,[80-90),3,Elective,1,Discharged to home,1,Physician Referral,4,Cardiology,32,2,23,0,0,0,5,,,No,No,Yes,NO,0
104751348,Caucasian,Male,[90-100),2,Urgent,1,Discharged to home,7,Emergency Room,3,,45,0,19,0,0,0,5,,,Steady,Ch,Yes,<30,1
104775648,,Female,[50-60),2,Urgent,3,Discharged/transferred to SNF,4,Transfer from a hospital,9,,70,1,29,1,0,0,9,,,No,Ch,Yes,<30,1
104850300,Caucasian,Male,[70-80),2,Urgent,1,Discharged to home,1,Physician Referral,3,Endocrinology,35,0,15,0,0,2,5,,,Steady,Ch,Yes,NO,0
104994114,Caucasian,Female,[40-50),6,NULL,1,Discharged to home,17,NULL,4,Cardiology,65,1,21,0,0,0,3,,,No,No,No,<30,1
105072150,Caucasian,Male,[70-80),2,Urgent,1,Discharged to home,7,Emergency Room,2,InternalMedicine,70,0,13,2,0,0,9,,>7,Steady,Ch,Yes,>30,0
105074160,AfricanAmerican,Female,[80-90),2,Urgent,5,Discharged/transferred to another type of inpatient care institution,1,Physician Referral,5,InternalMedicine,38,0,6,0,0,1,5,,,No,No,Yes,<30,1
105138240,Caucasian,Male,[70-80),5,Not Available,1,Discharged to home,17,NULL,2,Family/GeneralPractice,17,2,12,4,2,0,7,>300,,Up,Ch,Yes,>30,0
105173100,Caucasian,Male,[70-80),6,NULL,1,Discharged to home,17,NULL,3,Family/GeneralPractice,68,0,12,0,0,0,9,,,No,No,No,NO,0
105198258,Caucasian,Female,[50-60),3,Elective,1,Discharged to home,1,Physician Referral,4,Surgery-General,43,3,22,0,0,1,4,,,No,No,No,>30,0
105223416,AfricanAmerican,Female,[70-80),2,Urgent,4,Discharged/transferred to ICF,4,Transfer from a hospital,13,Surgery-General,33,0,16,0,0,2,5,,,Steady,No,Yes,>30,0
105255894,Caucasian,Male,[70-80),2,Urgent,3,Discharged/transferred to SNF,1,Physician Referral,6,Nephrology,54,3,25,0,0,1,5,,,No,No,No,<30,1
105276822,Caucasian,Female,[50-60),1,Emergency,1,Discharged to home,7,Emergency Room,2,InternalMedicine,41,0,16,0,0,0,4,,,No,No,No,<30,1
105336666,,Female,[20-30),2,Urgent,1,Discharged to home,1,Physician Referral,4,ObstetricsandGynecology,50,0,1,0,0,0,5,,,Steady,No,Yes,>30,0
105342126,AfricanAmerican,Male,[70-80),1,Emergency,1,Discharged to home,6,Transfer from another health care facility,7,InternalMedicine,56,0,15,0,0,0,5,,Norm,Steady,Ch,Yes,NO,0
105370968,Caucasian,Female,[30-40),3,Elective,1,Discharged to home,1,Physician Referral,6,Surgery-General,49,3,25,0,0,0,9,,,No,No,Yes,NO,0
105629418,Caucasian,Male,[50-60),1,Emergency,1,Discharged to home,7,Emergency Room,7,Cardiology,40,5,21,0,0,0,8,,,Steady,Ch,Yes,NO,0
105634890,AfricanAmerican,Female,[60-70),1,Emergency,1,Discharged to home,7,Emergency Room,2,Surgery-General,35,0,8,1,0,1,3,,,No,No,No,NO,0
105645288,Caucasian,Male,[50-60),5,Not Available,1,Discharged to home,17,NULL,3,Family/GeneralPractice,15,0,13,1,2,0,6,Norm,,No,Ch,Yes,NO,0
105653628,AfricanAmerican,Female,[50-60),3,Elective,1,Discharged to home,1,Physician Referral,1,Cardiology,29,2,15,0,0,0,3,,,No,No,No,NO,0
105697752,Caucasian,Female,[80-90),2,Urgent,1,Discharged to home,1,Physician Referral,2,Pulmonology,49,0,18,0,0,0,4,,,Down,Ch,Yes,NO,0
105711570,AfricanAmerican,Female,[70-80),1,Emergency,3,Discharged/transferred to SNF,7,Emergency Room,4,Family/GeneralPractice,47,0,8,0,0,0,6,,,Steady,Ch,Yes,>30,0
105850878,Caucasian,Male,[80-90),5,Not Available,3,Discharged/transferred to SNF,17,NULL,6,Family/GeneralPractice,14,0,22,1,0,0,9,Norm,,No,No,No,NO,0
105855540,Caucasian,Male,[80-90),1,Emergency,11,Expired,1,Physician Referral,3,InternalMedicine,35,0,13,0,0,0,9,,,No,No,No,NO,0
105874278,Caucasian,Female,[70-80),3,Elective,1,Discharged to home,1,Physician Referral,1,Otolaryngology,38,3,23,0,0,0,5,,,Steady,Ch,Yes,NO,0
105884196,Caucasian,Female,[20-30),2,Urgent,1,Discharged to home,1,Physician Referral,3,ObstetricsandGynecology,3,1,1,0,0,0,5,,,No,No,No,NO,0
105932274,AfricanAmerican,Female,[80-90),1,Emergency,1,Discharged to home,7,Emergency Room,3,InternalMedicine,38,3,7,0,0,0,9,,,Steady,Ch,Yes,NO,0
105946344,Caucasian,Female,[70-80),1,Emergency,1,Discharged to home,7,Emergency Room,5,,88,0,23,0,0,0,9,,,Up,Ch,Yes,NO,0
106011672,AfricanAmerican,Female,[60-70),1,Emergency,2,Discharged/transferred to another short term hospital,17,NULL,6,Cardiology,11,1,17,0,0,0,9,>200,,No,No,No,NO,0
106030254,Caucasian,Female,[80-90),1,Emergency,1,Discharged to home,6,Transfer from another health care facility,6,InternalMedicine,51,0,11,0,0,0,5,,,No,No,No,NO,0
106061052,AfricanAmerican,Female,[40-50),1,Emergency,1,Discharged to home,6,Transfer from another health care facility,3,Family/GeneralPractice,50,0,9,0,0,0,5,,,No,No,No,NO,0
106075932,AfricanAmerican,Female,[90-100),1,Emergency,1,Discharged to home,6,Transfer from another health care facility,5,Radiology,48,2,10,0,0,4,5,,,Steady,No,Yes,>30,0
106076364,Caucasian,Male,[60-70),1,Emergency,1,Discharged to home,7,Emergency Room,6,Cardiology,69,3,13,2,0,0,9,,,No,No,No,>30,0
106159128,AfricanAmerican,Female,[20-30),1,Emergency,1,Discharged to home,7,Emergency Room,3,,51,0,11,0,0,1,6,,,No,No,No,NO,0
106167246,Caucasian,Female,[80-90),1,Emergency,4,Discharged/transferred to ICF,6,Transfer from another health care facility,3,,53,0,22,0,0,1,5,,>8,No,No,No,NO,0
106169490,Caucasian,Female,[70-80),1,Emergency,1,Discharged to home,7,Emergency Room,6,Cardiology,36,0,17,0,0,1,4,,,Up,Ch,Yes,>30,0
106169610,AfricanAmerican,Female,[50-60),1,Emergency,1,Discharged to home,7,Emergency Room,3,InternalMedicine,38,0,14,0,1,0,4,,,No,No,No,>30,0
106346574,AfricanAmerican,Male,[80-90),2,Urgent,1,Discharged to home,4,Transfer from a hospital,7,Surgery-Cardiovascular/Thoracic,29,0,11,0,0,0,5,,,Steady,No,Yes,NO,0
106361268,,Male,[70-80),1,Emergency,1,Discharged to home,6,Transfer from another health care facility,2,InternalMedicine,44,1,3,0,0,2,4,,,Steady,No,Yes,<30,1
106393626,AfricanAmerican,Female,[80-90),3,Elective,3,Discharged/transferred to SNF,1,Physician Referral,3,Nephrology,29,2,9,2,0,0,5,,,No,No,No,>30,0
106411638,AfricanAmerican,Male,[70-80),1,Emergency,11,Expired,7,Emergency Room,8,InternalMedicine,49,0,20,0,0,0,4,,,Down,Ch,Yes,NO,0
106435236,AfricanAmerican,Female,[30-40),1,Emergency,1,Discharged to home,7,Emergency Room,2,InternalMedicine,37,3,8,0,0,0,6,,>8,Up,Ch,Yes,NO,0
106435314,Caucasian,Female,[60-70),1,Emergency,2,Discharged/transferred to another short term hospital,7,Emergency Room,2,,57,0,10,0,3,1,9,,,Steady,Ch,Yes,<30,1
106435722,Caucasian,Female,[60-70),1,Emergency,1,Discharged to home,6,Transfer from another health care facility,6,InternalMedicine,52,0,8,0,0,0,5,,Norm,Steady,No,Yes,NO,0
106516932,Caucasian,Male,[80-90),1,Emergency,1,Discharged to home,7,Emergency Room,4,InternalMedicine,41,1,8,0,0,2,8,,,No,No,No,NO,0
106518996,Caucasian,Male,[70-80),5,Not Available,6,Discharged/transferred to home with home health service,17,NULL,2,Family/GeneralPractice,16,2,8,1,1,3,8,Norm,,No,No,Yes,<30,1
106521828,Caucasian,Male,[50-60),3,Elective,1,Discharged to home,1,Physician Referral,1,Emergency/Trauma,31,0,5,0,0,0,1,,,Steady,Ch,Yes,NO,0
106522746,AfricanAmerican,Female,[30-40),1,Emergency,1,Discharged to home,7,Emergency Room,3,Family/GeneralPractice,38,0,11,0,0,0,3,,,Down,Ch,Yes,NO,0
106538286,AfricanAmerican,Male,[60-70),1,Emergency,1,Discharged to home,7,Emergency Room,2,Family/GeneralPractice,47,0,3,0,0,0,6,,,No,No,No,NO,0
106706106,AfricanAmerican,Female,[50-60),3,Elective,6,Discharged/transferred to home with home health service,1,Physician Referral,6,Surgery-General,43,2,29,0,0,0,5,,,Steady,Ch,Yes,>30,0
106739688,Caucasian,Female,[60-70),1,Emergency,1,Discharged to home,7,Emergency Room,2,InternalMedicine,34,0,9,0,1,0,8,,,No,No,Yes,NO,0
106838874,Caucasian,Male,[40-50),6,NULL,1,Discharged to home,17,NULL,8,Surgery-General,99,6,40,1,0,0,9,,>8,Up,Ch,Yes,<30,1
106877262,Caucasian,Female,[60-70),2,Urgent,1,Discharged to home,1,Physician Referral,3,,40,0,12,0,0,1,9,,,Steady,No,Yes,>30,0
106898742,Caucasian,Female,[80-90),2,Urgent,3,Discharged/transferred to SNF,1,Physician Referral,4,Pulmonology,53,1,10,0,0,0,5,,>7,Steady,No,Yes,NO,0
106940400,Caucasian,Male,[70-80),5,Not Available,22,Discharged/transferred to another rehab fac including rehab units of a hospital .,17,NULL,11,,16,0,31,0,0,0,9,>200,,Steady,Ch,Yes,NO,0
106961358,AfricanAmerican,Male,[20-30),1,Emergency,1,Discharged to home,6,Transfer from another health care facility,3,Family/GeneralPractice,65,0,11,0,0,1,5,,,Steady,No,Yes,>30,0
106962066,,Female,[70-80),2,Urgent,2,Discharged/transferred to another short term hospital,9,Not Available,2,InternalMedicine,60,0,6,0,0,0,5,,,Steady,No,Yes,NO,0
106990020,,Female,[70-80),2,Urgent,1,Discharged to home,9,Not Available,2,InternalMedicine,57,0,7,0,0,2,5,,,No,No,No,>30,0
107187636,AfricanAmerican,Male,[60-70),1,Emergency,1,Discharged to home,6,Transfer from another health care facility,1,Family/GeneralPractice,59,0,6,0,0,0,5,,,Steady,Ch,Yes,NO,0
107266680,Caucasian,Male,[60-70),6,NULL,1,Discharged to home,17,NULL,2,Orthopedics-Reconstructive,24,1,20,0,0,0,9,,,No,No,Yes,NO,0
107273574,Caucasian,Female,[80-90),2,Urgent,1,Discharged to home,1,Physician Referral,1,Surgery-General,16,5,9,0,0,0,4,,,Steady,No,Yes,NO,0
107282016,Caucasian,Female,[70-80),2,Urgent,1,Discharged to home,4,Transfer from a hospital,13,PhysicalMedicineandRehabilitation,64,1,20,0,0,0,5,,,Steady,Ch,Yes,NO,0
107294136,Caucasian,Male,[50-60),2,Urgent,1,Discharged to home,7,Emergency Room,2,Emergency/Trauma,56,0,9,0,0,0,7,,,Steady,No,Yes,>30,0
107311974,AfricanAmerican,Female,[50-60),1,Emergency,1,Discharged to home,6,Transfer from another health care facility,3,InternalMedicine,42,0,16,0,0,3,5,,,Steady,No,Yes,NO,0
107375580,AfricanAmerican,Female,[50-60),1,Emergency,1,Discharged to home,6,Transfer from another health care facility,14,InternalMedicine,51,0,29,0,0,3,5,,>8,Up,Ch,Yes,NO,0
107379936,Caucasian,Female,[80-90),1,Emergency,3,Discharged/transferred to SNF,5,Transfer from a Skilled Nursing Facility (SNF),3,Nephrology,44,0,7,0,0,2,7,,,No,No,No,NO,0
107385414,Caucasian,Male,[80-90),2,Urgent,1,Discharged to home,1,Physician Referral,6,Gastroenterology,42,3,6,0,0,0,2,,,Steady,No,Yes,NO,0
107386242,Caucasian,Female,[50-60),2,Urgent,1,Discharged to home,7,Emergency Room,8,Emergency/Trauma,55,3,42,0,0,0,9,,,Down,Ch,Yes,>30,0
107408646,AfricanAmerican,Female,[50-60),2,Urgent,1,Discharged to home,9,Not Available,4,InternalMedicine,42,0,16,0,0,0,5,,,Steady,Ch,Yes,NO,0
107410830,Caucasian,Male,[40-50),2,Urgent,1,Discharged to home,7,Emergency Room,4,Emergency/Trauma,34,3,9,0,0,0,8,,,Up,Ch,Yes,NO,0
107414874,AfricanAmerican,Female,[60-70),1,Emergency,1,Discharged to home,7,Emergency Room,7,,36,4,19,0,5,0,9,,,Up,Ch,Yes,>30,0
107432310,Caucasian,Female,[40-50),5,Not Available,6,Discharged/transferred to home with home health service,17,NULL,7,,12,5,23,0,0,0,8,>300,,Steady,No,Yes,<30,1
107479860,Caucasian,Female,[70-80),2,Urgent,1,Discharged to home,1,Physician Referral,11,InternalMedicine,51,3,17,0,0,0,7,,,Steady,Ch,Yes,NO,0
107494200,AfricanAmerican,Female,[70-80),2,Urgent,3,Discharged/transferred to SNF,1,Physician Referral,1,InternalMedicine,24,0,4,0,0,0,8,,,No,No,No,NO,0
107503644,Caucasian,Male,[70-80),1,Emergency,11,Expired,7,Emergency Room,3,InternalMedicine,81,4,39,0,0,4,9,,>7,No,No,Yes,NO,0
107533698,Hispanic,Female,[70-80),1,Emergency,1,Discharged to home,7,Emergency Room,3,Cardiology,35,1,14,0,1,1,9,,,Steady,No,Yes,>30,0
107647746,AfricanAmerican,Female,[70-80),1,Emergency,1,Discharged to home,6,Transfer from another health care facility,4,,59,0,9,0,0,0,5,,,No,No,No,NO,0
107681952,Caucasian,Male,[50-60),1,Emergency,1,Discharged to home,6,Transfer from another health care facility,4,InternalMedicine,55,0,9,0,0,0,5,,>8,No,No,No,NO,0
107859786,Caucasian,Male,[50-60),1,Emergency,1,Discharged to home,7,Emergency Room,3,Family/GeneralPractice,68,0,14,0,0,0,8,,>8,Steady,Ch,Yes,NO,0
107907330,Caucasian,Male,[80-90),5,Not Available,13,Hospice / home,17,NULL,10,Surgery-General,17,2,29,0,0,3,9,>200,,Down,Ch,Yes,NO,0
107923872,Caucasian,Female,[60-70),2,Urgent,3,Discharged/transferred to SNF,17,NULL,3,Orthopedics-Reconstructive,16,1,18,4,0,0,9,Norm,,Steady,Ch,Yes,NO,0
108052488,AfricanAmerican,Female,[90-100),3,Elective,1,Discharged to home,1,Physician Referral,1,Cardiology,29,2,11,0,0,0,5,,,No,No,No,NO,0
108062232,AfricanAmerican,Female,[50-60),1,Emergency,1,Discharged to home,7,Emergency Room,9,Surgery-General,42,4,30,0,0,0,6,,,Up,Ch,Yes,NO,0
108119934,Caucasian,Male,[50-60),2,Urgent,1,Discharged to home,1,Physician Referral,2,Family/GeneralPractice,41,1,7,0,0,0,5,,,Down,Ch,Yes,NO,0
108154008,AfricanAmerican,Male,[60-70),1,Emergency,1,Discharged to home,6,Transfer from another health care facility,5,Family/GeneralPractice,64,5,19,0,0,0,5,,,Steady,Ch,Yes,NO,0
108182094,AfricanAmerican,Male,[70-80),1,Emergency,1,Discharged to home,6,Transfer from another health care facility,4,InternalMedicine,43,0,9,0,0,0,5,,,Steady,No,Yes,NO,0
108243372,Caucasian,Female,[40-50),3,Elective,1,Discharged to home,1,Physician Referral,1,Cardiology,33,6,19,0,0,0,4,,,No,Ch,Yes,>30,0
108270996,Caucasian,Female,[20-30),6,NULL,1,Discharged to home,7,Emergency Room,6,Emergency/Trauma,71,0,13,0,0,0,5,,>8,Up,Ch,Yes,>30,0
108272964,AfricanAmerican,Female,[60-70),2,Urgent,1,Discharged to home,1,Physician Referral,3,Nephrology,3,1,16,0,0,0,5,,,No,No,No,NO,0
108321786,Caucasian,Female,[80-90),5,Not Available,6,Discharged/transferred to home with home health service,17,NULL,2,,18,0,15,0,1,0,9,>300,,Steady,No,Yes,NO,0
108366276,Caucasian,Female,[40-50),3,Elective,1,Discharged to home,1,Physician Referral,7,Psychiatry,62,3,13,0,0,0,6,,>8,No,No,Yes,NO,0
108386688,Caucasian,Female,[70-80),1,Emergency,1,Discharged to home,6,Transfer from another health care facility,1,,42,0,5,0,0,0,5,,>7,No,No,No,NO,0
108419796,Caucasian,Female,[70-80),2,Urgent,1,Discharged to home,1,Physician Referral,1,Cardiology,39,3,5,0,0,0,5,,,No,No,Yes,NO,0
108451332,Caucasian,Male,[70-80),1,Emergency,22,Discharged/transferred to another rehab fac including rehab units of a hospital .,7,Emergency Room,6,InternalMedicine,37,0,16,11,0,4,9,,,Steady,No,Yes,NO,0
108494178,Caucasian,Male,[70-80),8,Not Mapped,1,Discharged to home,1,Physician Referral,1,Urology,1,1,15,1,0,0,5,,,Steady,No,Yes,NO,0
108527118,Caucasian,Male,[40-50),1,Emergency,1,Discharged to home,6,Transfer from another health care facility,2,Cardiology,41,3,14,0,0,0,5,,,Steady,Ch,Yes,NO,0
108665022,Caucasian,Female,[80-90),2,Urgent,1,Discharged to home,1,Physician Referral,5,InternalMedicine,35,0,8,0,0,0,5,,,Steady,No,Yes,NO,0
108701592,AfricanAmerican,Female,[90-100),2,Urgent,6,Discharged/transferred to home with home health service,1,Physician Referral,3,InternalMedicine,54,3,7,0,0,0,4,,,No,No,No,NO,0
108732936,Caucasian,Female,[50-60),1,Emergency,1,Discharged to home,7,Emergency Room,9,Osteopath,60,0,16,2,1,2,6,,,Steady,No,Yes,<30,1
108810414,Caucasian,Male,[80-90),1,Emergency,3,Discharged/transferred to SNF,7,Emergency Room,9,Cardiology,76,0,26,1,0,3,9,,,No,Ch,Yes,<30,1
108819192,Caucasian,Female,[70-80),1,Emergency,1,Discharged to home,7,Emergency Room,4,InternalMedicine,46,2,19,0,0,1,9,,,Steady,No,Yes,NO,0
109140816,AfricanAmerican,Female,[70-80),2,Urgent,1,Discharged to home,1,Physician Referral,5,Orthopedics-Reconstructive,18,1,11,0,0,0,3,,,No,No,No,NO,0
109174566,Caucasian,Male,[90-100),1,Emergency,6,Discharged/transferred to home with home health service,7,Emergency Room,3,InternalMedicine,45,0,15,0,0,0,8,,,Steady,Ch,Yes,NO,0
109273998,Other,Male,[70-80),1,Emergency,1,Discharged to home,7,Emergency Room,5,InternalMedicine,49,1,15,0,0,0,9,,,No,No,Yes,<30,1
109314600,AfricanAmerican,Female,[30-40),2,Urgent,1,Discharged to home,1,Physician Referral,8,ObstetricsandGynecology,23,0,4,0,0,1,5,,>8,Steady,No,Yes,NO,0
109392402,AfricanAmerican,Female,[50-60),1,Emergency,1,Discharged to home,7,Emergency Room,4,InternalMedicine,51,1,16,0,0,0,5,,,Down,Ch,Yes,NO,0
109393698,Caucasian,Male,[60-70),3,Elective,1,Discharged to home,1,Physician Referral,2,Cardiology,10,6,31,1,0,0,9,,,No,Ch,Yes,NO,0
109428522,Caucasian,Male,[60-70),3,Elective,1,Discharged to home,1,Physician Referral,1,InternalMedicine,38,0,9,0,1,1,5,,,No,No,Yes,>30,0
109433874,Caucasian,Male,[70-80),5,Not Available,1,Discharged to home,17,NULL,1,Cardiology,12,0,11,2,1,4,9,>200,,No,Ch,Yes,NO,0
109438578,Caucasian,Female,[60-70),1,Emergency,1,Discharged to home,7,Emergency Room,5,,67,1,21,0,0,0,9,,,No,No,No,>30,0
109448424,Caucasian,Male,[70-80),2,Urgent,1,Discharged to home,7,Emergency Room,1,Emergency/Trauma,37,0,10,0,0,0,5,,,No,No,Yes,>30,0
109514400,Caucasian,Female,[60-70),2,Urgent,1,Discharged to home,7,Emergency Room,4,Emergency/Trauma,31,0,17,0,0,0,9,,,Down,Ch,Yes,>30,0
109592316,Caucasian,Male,[60-70),3,Elective,1,Discharged to home,1,Physician Referral,2,Nephrology,27,1,11,0,0,0,7,,,Steady,No,Yes,NO,0
109596990,Caucasian,Female,[60-70),2,Urgent,2,Discharged/transferred to another short term hospital,1,Physician Referral,1,InternalMedicine,43,0,11,0,0,0,5,,Norm,Down,Ch,Yes,NO,0
109599792,Caucasian,Male,[70-80),1,Emergency,1,Discharged to home,7,Emergency Room,4,InternalMedicine,41,0,16,1,0,0,8,,>7,No,Ch,Yes,>30,0
109634856,AfricanAmerican,Female,[70-80),1,Emergency,1,Discharged to home,6,Transfer from another health care facility,9,Pulmonology,50,2,18,0,0,0,5,,,Steady,No,Yes,<30,1
109683480,Caucasian,Male,[50-60),2,Urgent,1,Discharged to home,1,Physician Referral,10,InternalMedicine,47,5,16,0,0,0,4,,>8,Steady,Ch,Yes,NO,0
109728786,AfricanAmerican,Male,[20-30),2,Urgent,1,Discharged to home,1,Physician Referral,8,,42,3,34,1,0,1,8,,>7,Steady,No,Yes,<30,1
109777770,Caucasian,Female,[30-40),1,Emergency,1,Discharged to home,7,Emergency Room,6,Family/GeneralPractice,37,0,27,0,0,0,9,,,Down,Ch,Yes,NO,0
109830306,Hispanic,Female,[60-70),3,Elective,1,Discharged to home,1,Physician Referral,6,Emergency/Trauma,74,0,21,0,0,0,9,,,Down,Ch,Yes,>30,0
109974006,Caucasian,Female,[70-80),6,NULL,1,Discharged to home,1,Physician Referral,5,,31,3,10,0,0,0,6,Norm,,No,No,Yes,>30,0
109993446,Caucasian,Female,[60-70),2,Urgent,2,Discharged/transferred to another short term hospital,1,Physician Referral,7,,60,1,11,0,0,1,9,,,Steady,Ch,Yes,>30,0
110034732,AfricanAmerican,Male,[70-80),3,Elective,23,Discharged/transferred to a long term care hospital.,1,Physician Referral,12,Family/GeneralPractice,50,3,12,0,0,0,9,,,Steady,No,Yes,NO,0
110046462,Caucasian,Male,[50-60),1,Emergency,1,Discharged to home,6,Transfer from another health care facility,6,InternalMedicine,47,3,12,0,0,0,4,,>8,No,Ch,Yes,NO,0
110115672,Caucasian,Male,[70-80),1,Emergency,3,Discharged/transferred to SNF,7,Emergency Room,9,InternalMedicine,37,1,13,0,0,0,9,,,Steady,No,Yes,NO,0
110221638,Caucasian,Male,[50-60),3,Elective,1,Discharged to home,1,Physician Referral,1,Otolaryngology,38,1,21,0,0,0,4,,,No,No,Yes,NO,0
110251662,Caucasian,Female,[80-90),2,Urgent,6,Discharged/transferred to home with home health service,17,NULL,2,Family/GeneralPractice,10,3,13,1,0,0,9,Norm,,Down,Ch,Yes,NO,0
110336616,AfricanAmerican,Male,[20-30),1,Emergency,1,Discharged to home,7,Emergency Room,7,Surgery-General,45,3,25,1,0,2,5,,,Steady,No,Yes,NO,0
110561130,AfricanAmerican,Male,[50-60),1,Emergency,1,Discharged to home,6,Transfer from another health care facility,7,Nephrology,52,0,22,0,0,1,5,,,Steady,No,Yes,NO,0
110582724,Caucasian,Female,[70-80),1,Emergency,1,Discharged to home,17,NULL,3,,13,0,11,1,0,0,4,Norm,,No,Ch,Yes,NO,0
110599602,AfricanAmerican,Male,[80-90),1,Emergency,3,Discharged/transferred to SNF,6,Transfer from another health care facility,2,Family/GeneralPractice,60,0,8,0,0,1,5,,,Steady,No,Yes,NO,0
110674662,Caucasian,Female,[70-80),2,Urgent,1,Discharged to home,1,Physician Referral,3,ObstetricsandGynecology,28,2,9,0,0,0,4,,,Steady,Ch,Yes,NO,0
110772564,AfricanAmerican,Female,[80-90),1,Emergency,3,Discharged/transferred to SNF,7,Emergency Room,9,InternalMedicine,39,1,30,0,0,0,3,,,Steady,Ch,Yes,>30,0
110855688,Caucasian,Female,[60-70),6,NULL,1,Discharged to home,17,NULL,2,Family/GeneralPractice,44,1,7,0,0,0,9,,,No,Ch,Yes,>30,0
110986938,Caucasian,Female,[70-80),2,Urgent,1,Discharged to home,1,Physician Referral,5,ObstetricsandGynecology,47,3,20,0,0,0,5,,,Steady,No,Yes,NO,0
110986944,Caucasian,Female,[70-80),2,Urgent,23,Discharged/transferred to a long term care hospital.,1,Physician Referral,4,InternalMedicine,35,0,13,1,0,1,4,,,Up,Ch,Yes,>30,0
111039240,Caucasian,Male,[60-70),1,Emergency,3,Discharged/transferred to SNF,7,Emergency Room,1,,30,0,12,0,0,1,7,,,Steady,No,Yes,>30,0
111060588,AfricanAmerican,Female,[70-80),2,Urgent,1,Discharged to home,4,Transfer from a hospital,4,InternalMedicine,1,0,13,0,0,2,5,,,No,No,Yes,NO,0
111079344,Caucasian,Female,[50-60),1,Emergency,1,Discharged to home,1,Physician Referral,4,Cardiology,43,6,17,0,0,0,9,,,No,No,No,>30,0
111101088,Caucasian,Female,[90-100),1,Emergency,11,Expired,7,Emergency Room,3,Orthopedics-Reconstructive,38,1,22,0,0,0,4,,,Up,Ch,Yes,NO,0
111133344,Caucasian,Male,[80-90),1,Emergency,1,Discharged to home,17,NULL,1,,4,0,11,0,0,0,8,,,No,No,No,NO,0
111135678,Caucasian,Female,[70-80),1,Emergency,1,Discharged to home,6,Transfer from another health care facility,4,InternalMedicine,49,0,13,0,0,0,5,,,No,No,Yes,<30,1
111135852,,Female,[80-90),1,Emergency,3,Discharged/transferred to SNF,7,Emergency Room,6,Endocrinology,23,0,13,0,0,0,9,,,No,No,No,<30,1
111345192,Caucasian,Female,[50-60),5,Not Available,11,Expired,17,NULL,6,Surgery-General,18,6,33,3,2,1,9,>200,,Up,Ch,Yes,NO,0
111360894,Caucasian,Male,[60-70),3,Elective,1,Discharged to home,1,Physician Referral,5,InternalMedicine,48,4,24,0,0,1,9,,,No,No,Yes,<30,1
111475050,AfricanAmerican,Female,[40-50),1,Emergency,1,Discharged to home,7,Emergency Room,11,,56,0,25,0,0,1,6,,>8,Down,Ch,Yes,<30,1
111478236,Caucasian,Female,[60-70),5,Not Available,1,Discharged to home,17,NULL,5,,17,1,14,4,0,1,7,Norm,,No,No,No,NO,0
111480564,Caucasian,Female,[80-90),1,Emergency,1,Discharged to home,6,Transfer from another health care facility,3,InternalMedicine,39,4,5,0,0,0,5,,,No,No,No,NO,0
111597966,Caucasian,Female,[60-70),1,Emergency,1,Discharged to home,7,Emergency Room,9,InternalMedicine,48,0,41,0,0,1,9,,,No,Ch,Yes,>30,0
111692280,AfricanAmerican,Female,[50-60),1,Emergency,1,Discharged to home,6,Transfer from another health care facility,5,InternalMedicine,66,0,8,0,0,1,5,,,Steady,No,Yes,NO,0
111719004,Caucasian,Female,[60-70),1,Emergency,1,Discharged to home,6,Transfer from another health care facility,6,InternalMedicine,49,0,16,0,0,0,5,,,Steady,Ch,Yes,NO,0
111736050,Hispanic,Female,[70-80),1,Emergency,1,Discharged to home,17,NULL,5,,18,0,20,2,2,2,9,Norm,,Steady,Ch,Yes,>30,0
111863730,Caucasian,Male,[10-20),1,Emergency,1,Discharged to home,7,Emergency Room,1,InternalMedicine,39,2,11,0,0,0,5,,,Up,Ch,Yes,NO,0
111880686,AfricanAmerican,Female,[70-80),3,Elective,6,Discharged/transferred to home with home health service,1,Physician Referral,4,Surgery-General,38,6,31,2,1,1,9,,,Down,Ch,Yes,>30,0
111976536,Caucasian,Male,[80-90),6,NULL,2,Discharged/transferred to another short term hospital,7,Emergency Room,3,,57,0,9,0,0,0,6,>200,,Steady,No,Yes,NO,0
112056318,Caucasian,Female,[80-90),1,Emergency,1,Discharged to home,7,Emergency Room,4,InternalMedicine,43,0,14,0,0,0,8,,,Up,Ch,Yes,NO,0
112141098,Caucasian,Female,[70-80),1,Emergency,22,Discharged/transferred to another rehab fac including rehab units of a hospital .,7,Emergency Room,6,InternalMedicine,43,0,13,0,1,0,7,,,Down,Ch,Yes,>30,0
112229196,Caucasian,Female,[70-80),2,Urgent,1,Discharged to home,1,Physician Referral,7,,44,0,12,0,0,0,9,,,No,No,No,NO,0
112232526,Other,Male,[50-60),6,NULL,6,Discharged/transferred to home with home health service,7,Emergency Room,6,,59,0,21,0,0,5,6,Norm,,No,No,No,<30,1
112363302,Caucasian,Male,[70-80),1,Emergency,1,Discharged to home,7,Emergency Room,3,InternalMedicine,39,0,9,0,0,0,4,,,No,No,No,<30,1
112425402,Caucasian,Female,[40-50),2,Urgent,6,Discharged/transferred to home with home health service,7,Emergency Room,6,Emergency/Trauma,17,1,12,1,0,0,9,,,No,No,Yes,>30,0
112425678,Caucasian,Female,[80-90),1,Emergency,3,Discharged/transferred to SNF,7,Emergency Room,5,Family/GeneralPractice,61,0,8,0,0,0,9,,,No,No,No,NO,0
112455732,Caucasian,Female,[80-90),5,Not Available,3,Discharged/transferred to SNF,17,NULL,3,Orthopedics-Reconstructive,16,2,23,4,1,0,9,Norm,,Steady,Ch,Yes,>30,0
112650642,AfricanAmerican,Male,[60-70),2,Urgent,1,Discharged to home,1,Physician Referral,2,InternalMedicine,37,0,7,3,0,0,4,,,Steady,No,Yes,>30,0
112672614,Caucasian,Male,[80-90),2,Urgent,22,Discharged/transferred to another rehab fac including rehab units of a hospital .,1,Physician Referral,13,InternalMedicine,44,2,32,0,0,2,9,,,No,No,No,>30,0
112673916,Caucasian,Female,[50-60),1,Emergency,3,Discharged/transferred to SNF,7,Emergency Room,9,,65,4,28,0,0,0,9,,,Down,Ch,Yes,<30,1
112696158,Caucasian,Male,[70-80),2,Urgent,3,Discharged/transferred to SNF,1,Physician Referral,14,Nephrology,36,6,40,0,0,2,8,,,Up,Ch,Yes,NO,0
112784784,Caucasian,Male,[80-90),2,Urgent,3,Discharged/transferred to SNF,5,Transfer from a Skilled Nursing Facility (SNF),6,,59,0,17,0,0,3,9,,,Steady,Ch,Yes,NO,0
112922454,Caucasian,Female,[80-90),1,Emergency,6,Discharged/transferred to home with home health service,7,Emergency Room,11,Family/GeneralPractice,63,6,35,0,0,3,9,,,No,No,No,>30,0
112959498,AfricanAmerican,Female,[80-90),1,Emergency,3,Discharged/transferred to SNF,5,Transfer from a Skilled Nursing Facility (SNF),4,InternalMedicine,47,3,21,0,0,2,8,,,Steady,No,Yes,>30,0
112977000,Caucasian,Male,[20-30),1,Emergency,1,Discharged to home,7,Emergency Room,3,Psychiatry,46,0,6,0,0,0,6,,,No,No,Yes,NO,0
113006040,Caucasian,Male,[50-60),1,Emergency,1,Discharged to home,7,Emergency Room,2,Cardiology,48,0,27,0,0,4,5,,>7,Steady,Ch,Yes,>30,0
113014164,Caucasian,Female,[40-50),1,Emergency,1,Discharged to home,7,Emergency Room,1,Pulmonology,43,0,11,0,0,0,7,,,No,No,No,NO,0
113135112,AfricanAmerican,Male,[60-70),2,Urgent,1,Discharged to home,1,Physician Referral,8,Surgery-Cardiovascular/Thoracic,81,2,28,0,0,0,5,,Norm,Steady,Ch,Yes,NO,0
113220366,Hispanic,Female,[40-50),2,Urgent,1,Discharged to home,7,Emergency Room,1,Emergency/Trauma,53,0,1,0,0,0,4,,,No,No,Yes,NO,0
113952582,Caucasian,Male,[80-90),1,Emergency,3,Discharged/transferred to SNF,7,Emergency Room,10,InternalMedicine,37,1,19,0,0,0,9,,,No,No,No,NO,0
114374634,AfricanAmerican,Male,[30-40),1,Emergency,1,Discharged to home,7,Emergency Room,3,Cardiology,43,0,25,0,2,1,7,,,Up,Ch,Yes,<30,1
114378222,Caucasian,Male,[60-70),2,Urgent,1,Discharged to home,7,Emergency Room,8,Emergency/Trauma,3,3,11,0,0,0,9,,,Up,Ch,Yes,>30,0
114456156,Caucasian,Male,[50-60),1,Emergency,2,Discharged/transferred to another short term hospital,6,Transfer from another health care facility,1,Family/GeneralPractice,48,4,6,0,0,0,5,,,No,No,No,NO,0
114616992,Caucasian,Male,[60-70),3,Elective,1,Discharged to home,1,Physician Referral,1,Cardiology,4,6,13,2,0,0,5,,,No,No,Yes,NO,0
114664452,Caucasian,Male,[70-80),2,Urgent,1,Discharged to home,7,Emergency Room,1,,37,1,5,0,0,0,6,,,Steady,Ch,Yes,>30,0
114732684,Caucasian,Female,[40-50),3,Elective,1,Discharged to home,1,Physician Referral,3,Family/GeneralPractice,31,0,10,1,0,1,5,,,Up,Ch,Yes,>30,0
114795318,AfricanAmerican,Female,[80-90),1,Emergency,6,Discharged/transferred to home with home health service,7,Emergency Room,4,InternalMedicine,43,0,24,0,0,0,6,,,Steady,Ch,Yes,NO,0
114852138,Caucasian,Female,[60-70),1,Emergency,1,Discharged to home,7,Emergency Room,10,InternalMedicine,52,6,37,0,0,0,9,,,Steady,Ch,Yes,>30,0
115136370,Caucasian,Female,[70-80),1,Emergency,4,Discharged/transferred to ICF,7,Emergency Room,5,,52,0,23,2,3,2,9,,,Steady,Ch,Yes,>30,0
115252314,Caucasian,Male,[70-80),6,NULL,1,Discharged to home,7,Emergency Room,2,InternalMedicine,51,0,11,0,0,3,6,>200,,Steady,No,Yes,<30,1
115466364,Caucasian,Female,[50-60),6,NULL,1,Discharged to home,7,Emergency Room,3,,38,0,11,0,0,10,4,>300,,No,No,No,>30,0
115581912,Caucasian,Female,[20-30),1,Emergency,1,Discharged to home,7,Emergency Room,2,InternalMedicine,42,0,18,0,1,4,3,,,Down,Ch,Yes,>30,0
115692774,Caucasian,Male,[50-60),2,Urgent,1,Discharged to home,7,Emergency Room,5,Emergency/Trauma,38,1,6,0,0,0,9,,,No,Ch,Yes,NO,0
115769742,Other,Female,[40-50),2,Urgent,1,Discharged to home,7,Emergency Room,3,Emergency/Trauma,49,0,24,0,0,0,9,,,Up,Ch,Yes,>30,0
115790940,AfricanAmerican,Male,[60-70),3,Elective,1,Discharged to home,1,Physician Referral,1,Nephrology,26,3,17,1,0,1,7,,,No,No,Yes,>30,0
115951962,Caucasian,Male,[80-90),6,NULL,1,Discharged to home,1,Physician Referral,5,InternalMedicine,53,1,18,0,0,1,6,Norm,,No,No,No,>30,0
115986852,Caucasian,Female,[90-100),6,NULL,3,Discharged/transferred to SNF,7,Emergency Room,3,InternalMedicine,68,1,6,0,0,0,6,Norm,,No,No,No,NO,0
116142636,Caucasian,Female,[60-70),3,Elective,1,Discharged to home,1,Physician Referral,2,Cardiology,29,2,15,0,0,0,9,,,Down,Ch,Yes,NO,0
116194656,Caucasian,Female,[80-90),1,Emergency,23,Discharged/transferred to a long term care hospital.,7,Emergency Room,3,,71,0,8,2,0,0,7,,,No,No,Yes,>30,0
116217990,Caucasian,Female,[30-40),1,Emergency,2,Discharged/transferred to another short term hospital,7,Emergency Room,2,,92,1,21,0,0,0,9,,,Steady,No,Yes,>30,0
116256858,Caucasian,Female,[30-40),2,Urgent,1,Discharged to home,1,Physician Referral,4,,18,3,12,2,0,0,9,,,No,No,No,NO,0
116319720,AfricanAmerican,Female,[70-80),3,Elective,1,Discharged to home,1,Physician Referral,4,Nephrology,41,5,26,0,0,0,4,,,Down,Ch,Yes,>30,0
116335296,AfricanAmerican,Male,[80-90),6,NULL,1,Discharged to home,17,NULL,3,,48,3,14,0,1,0,5,,>8,No,No,No,>30,0
116546316,Hispanic,Male,[60-70),6,NULL,1,Discharged to home,17,NULL,5,,62,3,14,0,0,0,9,,,Steady,No,Yes,>30,0
116584254,AfricanAmerican,Female,[60-70),1,Emergency,11,Expired,7,Emergency Room,6,InternalMedicine,48,0,13,0,0,0,8,,,Steady,No,Yes,NO,0
116645970,AfricanAmerican,Male,[50-60),1,Emergency,1,Discharged to home,7,Emergency Room,3,Family/GeneralPractice,44,1,15,1,0,1,7,,,Steady,No,Yes,<30,1
116650974,AfricanAmerican,Female,[40-50),2,Urgent,1,Discharged to home,7,Emergency Room,3,Emergency/Trauma,33,0,7,0,0,2,4,,,No,No,No,<30,1
116674698,AfricanAmerican,Female,[50-60),1,Emergency,1,Discharged to home,7,Emergency Room,4,InternalMedicine,46,0,15,0,0,0,9,,Norm,No,No,Yes,>30,0
116917638,Caucasian,Female,[60-70),6,NULL,1,Discharged to home,17,NULL,6,,57,3,24,0,0,0,9,,Norm,No,No,No,NO,0
116954022,AfricanAmerican,Female,[50-60),1,Emergency,1,Discharged to home,7,Emergency Room,2,Family/GeneralPractice,36,1,6,0,2,5,7,,,No,No,No,>30,0
117007428,AfricanAmerican,Female,[70-80),1,Emergency,1,Discharged to home,7,Emergency Room,1,Cardiology,48,0,12,0,0,0,5,,,Up,Ch,Yes,>30,0
117021942,Caucasian,Female,[80-90),2,Urgent,1,Discharged to home,4,Transfer from a hospital,8,InternalMedicine,29,2,21,0,0,1,8,,,Up,Ch,Yes,>30,0
117024006,Caucasian,Male,[60-70),1,Emergency,1,Discharged to home,7,Emergency Room,3,Family/GeneralPractice,55,6,13,0,0,0,6,,,No,No,No,NO,0
117074478,Caucasian,Male,[60-70),1,Emergency,2,Discharged/transferred to another short term hospital,7,Emergency Room,1,,40,1,6,0,0,0,7,,,Steady,No,Yes,>30,0
117184398,Caucasian,Male,[50-60),3,Elective,1,Discharged to home,1,Physician Referral,5,Surgery-General,31,1,20,0,0,0,7,,,No,No,No,NO,0
117250170,Caucasian,Male,[50-60),3,Elective,1,Discharged to home,1,Physician Referral,8,,32,5,23,0,0,0,4,,,Steady,Ch,Yes,NO,0
117284304,Caucasian,Male,[60-70),6,NULL,1,Discharged to home,7,Emergency Room,4,InternalMedicine,68,0,18,0,0,1,6,Norm,,No,No,No,<30,1
117307170,AfricanAmerican,Male,[50-60),3,Elective,1,Discharged to home,1,Physician Referral,1,Cardiology,32,6,7,0,0,0,5,,,No,No,No,NO,0
117399240,AfricanAmerican,Male,[60-70),3,Elective,1,Discharged to home,7,Emergency Room,3,Emergency/Trauma,1,1,13,0,0,0,5,,,No,No,Yes,>30,0
117417798,AfricanAmerican,Male,[70-80),3,Elective,1,Discharged to home,1,Physician Referral,5,Surgery-Cardiovascular/Thoracic,38,4,40,0,0,1,9,,,Steady,Ch,Yes,<30,1
117471774,AfricanAmerican,Male,[50-60),6,NULL,1,Discharged to home,7,Emergency Room,12,,61,0,16,0,0,1,6,>200,,No,No,No,>30,0
117561588,Caucasian,Male,[40-50),1,Emergency,1,Discharged to home,7,Emergency Room,2,Emergency/Trauma,8,0,15,0,0,0,9,,,Down,Ch,Yes,>30,0
117567054,Caucasian,Male,[50-60),6,NULL,1,Discharged to home,7,Emergency Room,2,InternalMedicine,42,1,3,0,0,0,3,>200,,No,No,No,NO,0
117630036,Caucasian,Female,[80-90),1,Emergency,3,Discharged/transferred to SNF,7,Emergency Room,8,InternalMedicine,67,2,37,5,1,1,9,,,Steady,Ch,Yes,NO,0
117643104,Caucasian,Male,[50-60),3,Elective,1,Discharged to home,4,Transfer from a hospital,1,Cardiology,2,4,22,0,0,0,9,,,No,No,Yes,>30,0
117704946,Caucasian,Female,[50-60),3,Elective,6,Discharged/transferred to home with home health service,1,Physician Referral,2,Orthopedics-Reconstructive,41,2,35,0,1,1,9,,,Down,Ch,Yes,>30,0
117787116,AfricanAmerican,Female,[60-70),1,Emergency,1,Discharged to home,7,Emergency Room,4,Oncology,47,0,6,1,1,1,9,,,Steady,No,Yes,>30,0
117877500,Caucasian,Female,[40-50),1,Emergency,1,Discharged to home,7,Emergency Room,3,Family/GeneralPractice,46,0,14,0,0,1,5,,>7,No,No,No,>30,0
117945756,Caucasian,Female,[60-70),1,Emergency,6,Discharged/transferred to home with home health service,7,Emergency Room,7,,43,0,18,0,0,4,8,,,Steady,No,Yes,>30,0
117976530,Caucasian,Female,[80-90),1,Emergency,1,Discharged to home,7,Emergency Room,1,,48,0,10,0,0,0,6,,,Down,Ch,Yes,>30,0
117984804,Caucasian,Female,[50-60),1,Emergency,6,Discharged/transferred to home with home health service,7,Emergency Room,6,,42,3,25,0,1,2,7,,,No,No,Yes,NO,0
118089912,Caucasian,Female,[50-60),1,Emergency,1,Discharged to home,7,Emergency Room,8,InternalMedicine,97,1,26,1,0,6,8,,,No,No,No,<30,1
118153164,AfricanAmerican,Female,[60-70),1,Emergency,6,Discharged/transferred to home with home health service,7,Emergency Room,4,Family/GeneralPractice,38,3,20,0,0,2,9,,,No,No,No,>30,0
118180206,Caucasian,Female,[80-90),2,Urgent,3,Discharged/transferred to SNF,7,Emergency Room,9,Family/GeneralPractice,78,0,16,0,0,0,9,,Norm,No,No,No,NO,0
118310148,AfricanAmerican,Male,[60-70),1,Emergency,1,Discharged to home,7,Emergency Room,2,InternalMedicine,45,0,16,0,0,0,5,,,Up,Ch,Yes,NO,0
118417710,Caucasian,Female,[90-100),2,Urgent,3,Discharged/transferred to SNF,5,Transfer from a Skilled Nursing Facility (SNF),6,,65,3,19,0,0,0,9,,,Steady,Ch,Yes,NO,0
118517352,Caucasian,Male,[70-80),6,NULL,6,Discharged/transferred to home with home health service,17,NULL,6,Family/GeneralPractice,60,4,11,10,0,1,9,,>8,No,No,No,>30,0
118598406,Hispanic,Female,[60-70),6,NULL,1,Discharged to home,7,Emergency Room,6,InternalMedicine,76,0,17,0,0,0,6,>200,Norm,No,No,No,<30,1
118661466,Caucasian,Male,[80-90),1,Emergency,22,Discharged/transferred to another rehab fac including rehab units of a hospital .,7,Emergency Room,9,Family/GeneralPractice,71,0,16,0,0,0,9,,Norm,Steady,No,Yes,NO,0
118697748,Caucasian,Female,[50-60),1,Emergency,1,Discharged to home,7,Emergency Room,1,Family/GeneralPractice,46,1,3,0,0,0,6,,,No,No,No,NO,0
118745868,Caucasian,Male,[80-90),1,Emergency,1,Discharged to home,7,Emergency Room,2,InternalMedicine,55,2,14,7,1,4,8,,,Steady,No,Yes,>30,0
118811706,AfricanAmerican,Female,[60-70),2,Urgent,1,Discharged to home,1,Physician Referral,2,,3,1,24,0,0,0,6,,,Down,Ch,Yes,NO,0
118816032,Caucasian,Male,[70-80),6,NULL,1,Discharged to home,17,NULL,6,,76,6,44,0,0,0,9,,,Down,Ch,Yes,NO,0
118820730,Caucasian,Male,[80-90),1,Emergency,6,Discharged/transferred to home with home health service,7,Emergency Room,7,Cardiology,43,0,12,0,0,0,9,,,Steady,Ch,Yes,NO,0
118834428,AfricanAmerican,Female,[40-50),1,Emergency,1,Discharged to home,7,Emergency Room,3,InternalMedicine,45,2,21,1,1,1,7,,,Up,Ch,Yes,<30,1
119005476,Caucasian,Male,[60-70),1,Emergency,3,Discharged/transferred to SNF,5,Transfer from a Skilled Nursing Facility (SNF),9,InternalMedicine,50,2,23,0,0,1,9,,,Steady,No,Yes,NO,0
119178984,AfricanAmerican,Male,[70-80),3,Elective,3,Discharged/transferred to SNF,5,Transfer from a Skilled Nursing Facility (SNF),13,InternalMedicine,41,3,21,0,0,1,9,,,Steady,No,Yes,>30,0
119216964,Asian,Female,[60-70),6,NULL,1,Discharged to home,7,Emergency Room,2,InternalMedicine,55,0,4,0,0,0,3,,>8,Steady,No,Yes,NO,0
119292558,AfricanAmerican,Female,[80-90),1,Emergency,1,Discharged to home,7,Emergency Room,7,InternalMedicine,47,5,28,0,0,0,9,,,Steady,Ch,Yes,NO,0
119314602,Other,Female,[70-80),1,Emergency,1,Discharged to home,7,Emergency Room,4,InternalMedicine,59,2,19,4,0,0,8,,>8,No,No,Yes,NO,0
119455074,Caucasian,Female,[80-90),1,Emergency,1,Discharged to home,7,Emergency Room,2,Cardiology,70,0,9,3,0,0,9,,,No,Ch,Yes,NO,0
119607762,Caucasian,Female,[70-80),1,Emergency,3,Discharged/transferred to SNF,5,Transfer from a Skilled Nursing Facility (SNF),5,,69,6,8,0,1,6,9,,,Steady,No,Yes,NO,0
119617944,Caucasian,Female,[70-80),1,Emergency,1,Discharged to home,7,Emergency Room,7,Pulmonology,61,3,18,0,0,0,9,,>7,No,No,No,>30,0
119709216,AfricanAmerican,Female,[50-60),1,Emergency,6,Discharged/transferred to home with home health service,7,Emergency Room,3,,62,1,6,0,0,0,6,,,No,No,Yes,NO,0
119725932,Caucasian,Female,[90-100),2,Urgent,3,Discharged/transferred to SNF,7,Emergency Room,5,Emergency/Trauma,1,0,9,0,0,0,9,,,Up,Ch,Yes,>30,0
119737092,AfricanAmerican,Male,[80-90),1,Emergency,1,Discharged to home,7,Emergency Room,2,InternalMedicine,51,0,15,1,0,0,5,,,No,Ch,Yes,NO,0
119796504,AfricanAmerican,Female,[70-80),1,Emergency,1,Discharged to home,7,Emergency Room,2,InternalMedicine,42,0,2,0,0,1,9,,,Down,Ch,Yes,>30,0
119827806,AfricanAmerican,Male,[60-70),1,Emergency,1,Discharged to home,7,Emergency Room,7,,47,1,19,0,0,0,8,,>8,Up,Ch,Yes,>30,0
119832888,Hispanic,Male,[40-50),2,Urgent,1,Discharged to home,7,Emergency Room,3,Emergency/Trauma,1,2,11,0,1,1,6,,,Steady,Ch,Yes,NO,0
119918844,Caucasian,Male,[80-90),1,Emergency,1,Discharged to home,7,Emergency Room,9,Cardiology,80,6,20,0,1,0,9,,>8,Down,Ch,Yes,NO,0
120142902,AfricanAmerican,Male,[50-60),3,Elective,1,Discharged to home,1,Physician Referral,3,Emergency/Trauma,31,0,10,0,0,0,7,,,Up,Ch,Yes,>30,0
120231990,Caucasian,Male,[50-60),2,Urgent,1,Discharged to home,7,Emergency Room,1,Emergency/Trauma,1,0,6,0,0,0,8,,,Steady,No,Yes,>30,0
120235446,Caucasian,Male,[80-90),2,Urgent,1,Discharged to home,7,Emergency Room,8,Emergency/Trauma,31,1,14,0,0,0,7,,,Up,Ch,Yes,>30,0
120278892,Caucasian,Female,[90-100),3,Elective,22,Discharged/transferred to another rehab fac including rehab units of a hospital .,1,Physician Referral,10,Surgery-General,43,1,32,1,0,0,4,,,Up,Ch,Yes,NO,0
120451782,Caucasian,Female,[70-80),1,Emergency,1,Discharged to home,7,Emergency Room,5,Emergency/Trauma,18,2,7,0,0,0,7,,,No,No,Yes,>30,0
120489816,Caucasian,Male,[70-80),1,Emergency,1,Discharged to home,7,Emergency Room,2,InternalMedicine,43,3,14,0,0,0,5,,,Up,Ch,Yes,NO,0
120569616,Caucasian,Male,[60-70),2,Urgent,6,Discharged/transferred to home with home health service,7,Emergency Room,3,,57,0,16,0,0,3,9,,,Up,Ch,Yes,>30,0
120613764,Hispanic,Male,[60-70),1,Emergency,1,Discharged to home,7,Emergency Room,2,InternalMedicine,49,2,7,0,0,1,8,,,Steady,Ch,Yes,NO,0
120642480,AfricanAmerican,Female,[70-80),3,Elective,3,Discharged/transferred to SNF,1,Physician Referral,7,InternalMedicine,42,1,29,0,1,0,9,,,Up,Ch,Yes,NO,0
120647502,Caucasian,Female,[60-70),2,Urgent,1,Discharged to home,7,Emergency Room,1,Family/GeneralPractice,4,0,9,0,0,0,5,,>7,Steady,Ch,Yes,>30,0
120650580,Caucasian,Female,[30-40),2,Urgent,1,Discharged to home,7,Emergency Room,4,Emergency/Trauma,1,0,10,0,0,0,5,,,No,No,No,NO,0
120703944,Caucasian,Female,[70-80),1,Emergency,3,Discharged/transferred to SNF,7,Emergency Room,8,,51,0,15,0,0,0,9,,,No,No,No,NO,0
120717480,AfricanAmerican,Female,[60-70),3,Elective,6,Discharged/transferred to home with home health service,1,Physician Referral,3,Nephrology,29,4,25,0,1,1,4,,,Steady,No,Yes,NO,0
120960582,AfricanAmerican,Male,[70-80),1,Emergency,3,Discharged/transferred to SNF,7,Emergency Room,11,Nephrology,49,2,28,3,0,1,9,,,Down,Ch,Yes,NO,0
120988422,AfricanAmerican,Male,[50-60),1,Emergency,23,Discharged/transferred to a long term care hospital.,7,Emergency Room,8,InternalMedicine,48,3,21,0,0,0,7,,,Steady,No,Yes,NO,0
121091112,Caucasian,Female,[70-80),1,Emergency,3,Discharged/transferred to SNF,5,Transfer from a Skilled Nursing Facility (SNF),3,Family/GeneralPractice,43,4,27,0,1,0,9,,,No,No,No,NO,0
121222950,AfricanAmerican,Female,[40-50),2,Urgent,1,Discharged to home,4,Transfer from a hospital,1,Cardiology,26,4,16,0,0,0,4,,,Down,Ch,Yes,NO,0
121379502,Caucasian,Female,[60-70),1,Emergency,1,Discharged to home,7,Emergency Room,3,Cardiology,50,0,8,1,0,0,9,,,Steady,No,Yes,NO,0
121484154,Caucasian,Female,[60-70),2,Urgent,6,Discharged/transferred to home with home health service,7,Emergency Room,5,InternalMedicine,48,0,15,1,0,0,6,,Norm,No,No,No,>30,0
121515102,Caucasian,Female,[60-70),3,Elective,1,Discharged to home,1,Physician Referral,2,Cardiology,38,1,26,0,0,0,4,,,Up,Ch,Yes,>30,0
121586178,Other,Female,[30-40),6,NULL,1,Discharged to home,7,Emergency Room,4,,59,1,20,0,0,1,6,Norm,>8,No,No,No,NO,0
121674216,AfricanAmerican,Female,[70-80),1,Emergency,1,Discharged to home,7,Emergency Room,4,InternalMedicine,44,0,19,0,0,1,6,,,No,No,Yes,>30,0
121733484,Caucasian,Male,[60-70),2,Urgent,1,Discharged to home,7,Emergency Room,2,Emergency/Trauma,1,1,15,0,0,0,9,,,Steady,Ch,Yes,>30,0
121820256,Caucasian,Female,[60-70),1,Emergency,1,Discharged to home,7,Emergency Room,1,,1,0,3,0,0,0,6,,,No,No,No,NO,0
121820892,Caucasian,Male,[80-90),1,Emergency,6,Discharged/transferred to home with home health service,7,Emergency Room,8,InternalMedicine,56,0,5,0,0,0,4,,,No,No,Yes,NO,0
121843734,AfricanAmerican,Female,[70-80),1,Emergency,3,Discharged/transferred to SNF,7,Emergency Room,5,InternalMedicine,39,0,16,0,1,0,7,,,Down,Ch,Yes,<30,1
121854792,Caucasian,Female,[80-90),1,Emergency,1,Discharged to home,7,Emergency Room,3,,32,0,5,1,0,0,6,,,No,No,Yes,>30,0
121948722,Caucasian,Male,[30-40),1,Emergency,1,Discharged to home,7,Emergency Room,3,,49,4,19,0,0,0,4,,,No,Ch,Yes,>30,0
121985538,Caucasian,Female,[70-80),3,Elective,1,Discharged to home,1,Physician Referral,6,,37,0,14,0,0,0,6,,,No,No,No,NO,0
121992084,Caucasian,Male,[70-80),3,Elective,1,Discharged to home,1,Physician Referral,4,Cardiology,30,1,17,0,0,0,7,,,No,Ch,Yes,NO,0
122132538,Caucasian,Female,[90-100),2,Urgent,6,Discharged/transferred to home with home health service,7,Emergency Room,4,Emergency/Trauma,3,0,8,0,0,0,5,,,No,No,Yes,>30,0
122183130,Caucasian,Female,[50-60),3,Elective,1,Discharged to home,7,Emergency Room,3,Emergency/Trauma,28,0,15,1,0,0,9,,,Steady,Ch,Yes,>30,0
122191782,Caucasian,Male,[70-80),3,Elective,1,Discharged to home,1,Physician Referral,1,,17,6,14,0,0,0,7,,,Steady,No,Yes,<30,1
122197932,Caucasian,Male,[70-80),2,Urgent,2,Discharged/transferred to another short term hospital,7,Emergency Room,8,Surgery-General,31,3,18,0,1,0,9,,,No,No,Yes,NO,0
122198928,Caucasian,Male,[70-80),3,Elective,6,Discharged/transferred to home with home health service,1,Physician Referral,7,,38,0,10,0,0,0,9,,,No,No,No,NO,0
122419188,Caucasian,Male,[40-50),1,Emergency,1,Discharged to home,7,Emergency Room,10,,66,4,35,0,0,0,9,,,Steady,No,Yes,<30,1
122465910,Caucasian,Male,[70-80),3,Elective,1,Discharged to home,7,Emergency Room,2,,54,4,18,0,0,0,5,,,No,No,Yes,>30,0
122502282,Caucasian,Female,[80-90),3,Elective,6,Discharged/transferred to home with home health service,4,Transfer from a hospital,11,InternalMedicine,31,2,12,2,0,1,2,,,Steady,Ch,Yes,>30,0
122536938,Caucasian,Male,[50-60),1,Emergency,11,Expired,7,Emergency Room,2,,70,2,9,0,0,0,9,,,No,No,No,NO,0
122541804,AfricanAmerican,Female,[70-80),3,Elective,1,Discharged to home,1,Physician Referral,6,InternalMedicine,32,6,21,0,0,0,6,,,Steady,Ch,Yes,>30,0
122705532,Caucasian,Male,[70-80),3,Elective,22,Discharged/transferred to another rehab fac including rehab units of a hospital .,1,Physician Referral,3,Orthopedics,33,2,9,0,0,0,7,,,No,No,No,>30,0
122770560,Caucasian,Female,[60-70),3,Elective,1,Discharged to home,1,Physician Referral,4,,39,0,11,0,0,0,4,,,No,Ch,Yes,>30,0
122785050,Caucasian,Female,[80-90),1,Emergency,3,Discharged/transferred to SNF,7,Emergency Room,4,InternalMedicine,69,0,14,0,1,0,7,,,Steady,Ch,Yes,NO,0
122931978,Caucasian,Female,[70-80),1,Emergency,3,Discharged/transferred to SNF,7,Emergency Room,4,,36,0,16,0,1,0,9,,,No,Ch,Yes,NO,0
122996124,Caucasian,Female,[80-90),2,Urgent,4,Discharged/transferred to ICF,7,Emergency Room,4,Emergency/Trauma,1,0,11,0,0,0,9,,,Up,Ch,Yes,>30,0
123040680,AfricanAmerican,Female,[70-80),3,Elective,22,Discharged/transferred to another rehab fac including rehab units of a hospital .,1,Physician Referral,5,Surgery-Cardiovascular/Thoracic,47,1,53,0,0,2,6,,,Up,Ch,Yes,>30,0
123114276,Caucasian,Female,[70-80),1,Emergency,1,Discharged to home,7,Emergency Room,2,Nephrology,30,4,20,0,0,1,6,,,Down,Ch,Yes,<30,1
123132468,Other,Male,[40-50),2,Urgent,1,Discharged to home,7,Emergency Room,4,Emergency/Trauma,15,3,11,0,0,0,5,,,No,Ch,Yes,NO,0
123215304,Caucasian,Male,[70-80),1,Emergency,6,Discharged/transferred to home with home health service,7,Emergency Room,10,Nephrology,53,3,37,0,0,0,7,,,Up,Ch,Yes,>30,0
123368544,Caucasian,Male,[60-70),3,Elective,1,Discharged to home,1,Physician Referral,1,,17,4,11,0,0,0,5,,,No,No,Yes,NO,0
123417462,Caucasian,Male,[50-60),1,Emergency,1,Discharged to home,7,Emergency Room,12,,57,3,23,0,0,0,7,,>8,No,No,No,NO,0
123531714,Caucasian,Female,[60-70),2,Urgent,1,Discharged to home,7,Emergency Room,3,Emergency/Trauma,1,0,18,0,0,0,6,,,No,Ch,Yes,>30,0
123687468,Caucasian,Male,[70-80),3,Elective,1,Discharged to home,1,Physician Referral,5,Family/GeneralPractice,36,0,17,2,0,0,7,,,Steady,Ch,Yes,>30,0
123709998,Hispanic,Male,[30-40),1,Emergency,1,Discharged to home,7,Emergency Room,3,Emergency/Trauma,1,0,2,0,0,0,3,,,Down,Ch,Yes,NO,0
123782064,Caucasian,Female,[80-90),3,Elective,4,Discharged/transferred to ICF,7,Emergency Room,4,Family/GeneralPractice,25,0,6,0,0,0,9,,,No,No,No,>30,0
123815058,Caucasian,Female,[50-60),3,Elective,1,Discharged to home,1,Physician Referral,4,Gastroenterology,27,1,16,0,0,0,9,,,No,No,No,NO,0
123828882,Caucasian,Female,[70-80),6,NULL,1,Discharged to home,7,Emergency Room,5,,58,3,11,0,0,3,6,>300,>8,No,No,No,NO,0
123869394,Caucasian,Male,[80-90),3,Elective,1,Discharged to home,1,Physician Referral,2,,28,3,15,0,0,0,4,,,Down,Ch,Yes,<30,1
123878988,Caucasian,Female,[40-50),3,Elective,11,Expired,1,Physician Referral,2,InternalMedicine,42,3,21,0,0,0,9,,,Steady,No,Yes,NO,0
124002978,Caucasian,Female,[70-80),1,Emergency,1,Discharged to home,7,Emergency Room,4,InternalMedicine,43,2,25,0,1,0,7,,,Steady,Ch,Yes,>30,0
124003494,Caucasian,Male,[80-90),2,Urgent,1,Discharged to home,7,Emergency Room,3,Emergency/Trauma,4,0,16,0,0,0,9,,,No,Ch,Yes,NO,0
124016178,Other,Female,[60-70),2,Urgent,1,Discharged to home,7,Emergency Room,3,Emergency/Trauma,11,1,5,0,0,0,9,,,Up,Ch,Yes,>30,0
124180872,Caucasian,Male,[60-70),3,Elective,1,Discharged to home,1,Physician Referral,3,Orthopedics,36,1,16,0,0,0,7,,,Down,Ch,Yes,>30,0
124263480,Caucasian,Male,[50-60),6,NULL,1,Discharged to home,7,Emergency Room,10,InternalMedicine,82,1,20,0,0,0,6,>200,,No,No,No,NO,0
124277148,Caucasian,Female,[80-90),1,Emergency,3,Discharged/transferred to SNF,5,Transfer from a Skilled Nursing Facility (SNF),13,Nephrology,38,1,30,0,1,1,9,,,Up,Ch,Yes,>30,0
124290558,AfricanAmerican,Female,[70-80),1,Emergency,1,Discharged to home,7,Emergency Room,5,InternalMedicine,51,1,27,0,0,0,8,,,Steady,Ch,Yes,>30,0
124331088,Caucasian,Male,[80-90),3,Elective,3,Discharged/transferred to SNF,1,Physician Referral,7,,3,5,15,1,0,2,8,,,No,No,Yes,>30,0
124350462,Caucasian,Male,[70-80),1,Emergency,3,Discharged/transferred to SNF,7,Emergency Room,10,,75,4,28,1,0,2,9,,,No,No,No,>30,0
124455126,Hispanic,Female,[20-30),2,Urgent,1,Discharged to home,7,Emergency Room,3,Emergency/Trauma,1,1,9,0,0,0,5,,,Up,Ch,Yes,NO,0
124460796,Caucasian,Female,[70-80),3,Elective,6,Discharged/transferred to home with home health service,1,Physician Referral,6,InternalMedicine,57,1,15,0,1,0,8,,,No,Ch,Yes,>30,0
124488024,AfricanAmerican,Female,[30-40),3,Elective,1,Discharged to home,4,Transfer from a hospital,3,InternalMedicine,26,0,6,0,0,0,6,,,No,No,No,>30,0
124764222,Caucasian,Male,[50-60),1,Emergency,3,Discharged/transferred to SNF,7,Emergency Room,2,InternalMedicine,36,0,5,0,3,3,5,,,Steady,No,Yes,>30,0
124798254,AfricanAmerican,Male,[70-80),1,Emergency,11,Expired,7,Emergency Room,1,Nephrology,47,3,18,0,3,0,9,,,Down,Ch,Yes,NO,0
124851888,AfricanAmerican,Male,[40-50),1,Emergency,1,Discharged to home,7,Emergency Room,10,Nephrology,38,2,24,1,0,1,9,,,No,No,No,NO,0
124892544,Caucasian,Male,[60-70),1,Emergency,1,Discharged to home,7,Emergency Room,4,InternalMedicine,54,0,23,1,0,0,9,,,No,Ch,Yes,>30,0
124952106,Caucasian,Male,[70-80),1,Emergency,1,Discharged to home,7,Emergency Room,1,,4,0,11,0,0,0,7,,,Steady,No,Yes,>30,0
125040390,AfricanAmerican,Female,[80-90),3,Elective,1,Discharged to home,1,Physician Referral,2,Cardiology,35,6,18,0,0,1,5,,,No,No,No,NO,0
125074218,Caucasian,Male,[60-70),3,Elective,1,Discharged to home,1,Physician Referral,2,,42,0,6,0,0,1,3,,,No,No,Yes,NO,0
125171154,Caucasian,Female,[30-40),2,Urgent,1,Discharged to home,7,Emergency Room,5,InternalMedicine,63,1,18,0,0,3,8,,,Steady,No,Yes,<30,1
125172552,AfricanAmerican,Female,[70-80),1,Emergency,1,Discharged to home,7,Emergency Room,3,InternalMedicine,44,0,17,0,0,3,9,,,Down,Ch,Yes,NO,0
125201226,Caucasian,Female,[60-70),1,Emergency,2,Discharged/transferred to another short term hospital,7,Emergency Room,2,Neurology,42,0,10,1,0,0,7,,,No,Ch,Yes,>30,0
125309904,Caucasian,Male,[70-80),1,Emergency,3,Discharged/transferred to SNF,7,Emergency Room,6,Surgery-General,1,0,14,0,0,0,7,,,No,No,Yes,NO,0
125377038,Caucasian,Male,[80-90),2,Urgent,1,Discharged to home,7,Emergency Room,1,InternalMedicine,45,0,9,0,0,0,8,,,No,No,Yes,>30,0
125525730,Caucasian,Female,[70-80),1,Emergency,6,Discharged/transferred to home with home health service,7,Emergency Room,9,,84,1,15,1,1,0,9,,Norm,Steady,Ch,Yes,>30,0
125527134,AfricanAmerican,Female,[70-80),3,Elective,1,Discharged to home,1,Physician Referral,3,InternalMedicine,56,0,13,1,0,0,9,,,Down,Ch,Yes,NO,0
125532714,Caucasian,Female,[60-70),1,Emergency,1,Discharged to home,7,Emergency Room,9,,76,4,36,0,0,0,9,,,Down,Ch,Yes,NO,0
125629332,Caucasian,Female,[30-40),2,Urgent,1,Discharged to home,1,Physician Referral,3,InternalMedicine,67,0,11,0,0,1,9,,>8,No,No,No,>30,0
125647362,Caucasian,Female,[70-80),3,Elective,2,Discharged/transferred to another short term hospital,7,Emergency Room,1,Emergency/Trauma,1,0,6,0,0,0,6,,,No,No,No,NO,0
125648112,Caucasian,Male,[60-70),3,Elective,1,Discharged to home,7,Emergency Room,3,Emergency/Trauma,39,1,9,0,0,1,9,,>7,Down,Ch,Yes,>30,0
125714142,Caucasian,Male,[80-90),1,Emergency,3,Discharged/transferred to SNF,7,Emergency Room,8,,56,0,16,1,0,2,7,,,Steady,No,Yes,NO,0
125737176,Caucasian,Male,[50-60),3,Elective,1,Discharged to home,1,Physician Referral,5,,53,2,20,0,0,0,6,,>7,Steady,No,Yes,NO,0
125739624,Asian,Male,[50-60),1,Emergency,1,Discharged to home,7,Emergency Room,1,Cardiology,43,0,2,0,0,0,3,,,Steady,No,Yes,NO,0
125822232,Caucasian,Male,[50-60),6,NULL,1,Discharged to home,17,NULL,3,Cardiology,65,6,16,0,0,0,9,,Norm,No,No,No,>30,0
125826822,Caucasian,Female,[70-80),3,Elective,1,Discharged to home,7,Emergency Room,6,Family/GeneralPractice,1,2,14,0,0,0,9,,,No,No,Yes,>30,0
125827872,Caucasian,Female,[80-90),3,Elective,3,Discharged/transferred to SNF,1,Physician Referral,7,InternalMedicine,39,0,12,0,0,0,9,,,Steady,No,Yes,NO,0
125837460,Caucasian,Female,[90-100),1,Emergency,3,Discharged/transferred to SNF,7,Emergency Room,4,InternalMedicine,39,2,19,0,0,0,9,,,Steady,No,Yes,NO,0
125852874,Caucasian,Female,[80-90),2,Urgent,3,Discharged/transferred to SNF,7,Emergency Room,4,Family/GeneralPractice,65,0,12,0,0,1,9,,,Steady,Ch,Yes,NO,0
125873820,Caucasian,Female,[30-40),1,Emergency,4,Discharged/transferred to ICF,7,Emergency Room,5,,10,3,12,0,0,0,9,,,Down,Ch,Yes,>30,0
125874780,AfricanAmerican,Male,[70-80),1,Emergency,1,Discharged to home,7,Emergency Room,4,,9,0,10,0,0,0,7,,,Steady,Ch,Yes,NO,0
125886822,Caucasian,Male,[70-80),3,Elective,22,Discharged/transferred to another rehab fac including rehab units of a hospital .,1,Physician Referral,3,Orthopedics,40,2,13,0,0,1,9,,>7,Steady,No,Yes,NO,0
125930982,Caucasian,Male,[30-40),3,Elective,1,Discharged to home,1,Physician Referral,2,Pulmonology,32,0,10,0,9,6,1,,,Down,Ch,Yes,<30,1
125973744,Caucasian,Female,[70-80),3,Elective,1,Discharged to home,7,Emergency Room,2,Emergency/Trauma,9,0,9,0,0,0,5,,,Steady,Ch,Yes,>30,0
126005256,AfricanAmerican,Female,[70-80),1,Emergency,11,Expired,7,Emergency Room,4,InternalMedicine,43,1,11,0,0,0,7,,,Steady,No,Yes,NO,0
126062322,Caucasian,Male,[70-80),2,Urgent,1,Discharged to home,7,Emergency Room,1,Emergency/Trauma,29,2,3,0,0,0,4,,,No,No,No,>30,0
126254244,Caucasian,Female,[60-70),3,Elective,1,Discharged to home,1,Physician Referral,2,,41,2,24,0,0,0,4,,,Down,Ch,Yes,<30,1
126270552,Caucasian,Male,[70-80),1,Emergency,6,Discharged/transferred to home with home health service,7,Emergency Room,7,Nephrology,38,3,21,2,1,3,9,,,No,No,No,>30,0
126366948,AfricanAmerican,Female,[70-80),1,Emergency,2,Discharged/transferred to another short term hospital,7,Emergency Room,3,Surgery-General,37,3,17,0,0,0,9,,,Steady,Ch,Yes,NO,0
126373986,AfricanAmerican,Male,[70-80),1,Emergency,11,Expired,7,Emergency Room,2,Nephrology,53,2,16,4,3,3,9,,,Steady,No,Yes,NO,0
126393336,Caucasian,Female,[80-90),1,Emergency,5,Discharged/transferred to another type of inpatient care institution,6,Transfer from another health care facility,2,,63,0,10,0,1,2,9,,,No,No,No,NO,0
126407898,AfricanAmerican,Female,[70-80),1,Emergency,1,Discharged to home,7,Emergency Room,4,Cardiology,43,6,38,2,1,2,6,,,Down,Ch,Yes,<30,1
126544596,AfricanAmerican,Male,[50-60),2,Urgent,6,Discharged/transferred to home with home health service,4,Transfer from a hospital,4,Surgery-Thoracic,46,3,35,0,0,0,5,,,Down,Ch,Yes,NO,0
126600660,Caucasian,Female,[70-80),3,Elective,1,Discharged to home,1,Physician Referral,7,Cardiology,36,0,14,0,0,0,5,,,No,No,Yes,>30,0
126618192,AfricanAmerican,Female,[30-40),1,Emergency,1,Discharged to home,7,Emergency Room,2,,44,0,9,1,2,0,8,,,No,No,Yes,NO,0
126687150,Caucasian,Female,[40-50),2,Urgent,1,Discharged to home,1,Physician Referral,6,Gastroenterology,4,3,9,0,0,0,4,,,Steady,Ch,Yes,>30,0
126743178,Caucasian,Female,[60-70),3,Elective,1,Discharged to home,1,Physician Referral,1,Cardiology,32,5,12,0,0,0,4,,,Up,Ch,Yes,>30,0
126774828,Caucasian,Male,[70-80),3,Elective,1,Discharged to home,1,Physician Referral,10,Cardiology,58,2,33,0,0,0,8,,,Up,Ch,Yes,NO,0
126821676,AfricanAmerican,Female,[50-60),1,Emergency,1,Discharged to home,7,Emergency Room,3,Nephrology,38,1,18,0,0,2,5,,,Up,Ch,Yes,>30,0
126893076,Caucasian,Male,[80-90),1,Emergency,1,Discharged to home,7,Emergency Room,4,,44,0,7,0,0,0,5,,,Steady,No,Yes,>30,0
126944424,Caucasian,Female,[50-60),1,Emergency,6,Discharged/transferred to home with home health service,7,Emergency Room,2,,61,0,16,1,0,2,9,,,No,No,No,>30,0
127078308,Caucasian,Female,[70-80),3,Elective,2,Discharged/transferred to another short term hospital,1,Physician Referral,2,,56,6,21,0,0,2,9,,,Up,Ch,Yes,NO,0
127233546,Caucasian,Male,[70-80),6,NULL,3,Discharged/transferred to SNF,1,Physician Referral,4,Orthopedics-Reconstructive,64,3,26,0,0,0,6,,,Steady,Ch,Yes,<30,1
127311090,Hispanic,Male,[60-70),2,Urgent,1,Discharged to home,7,Emergency Room,1,Emergency/Trauma,1,0,5,0,0,0,9,,,No,No,No,>30,0
127367904,Caucasian,Female,[80-90),3,Elective,1,Discharged to home,1,Physician Referral,6,,58,2,21,0,0,0,9,,,No,No,Yes,>30,0
127444116,Caucasian,Female,[60-70),1,Emergency,1,Discharged to home,7,Emergency Room,1,,56,0,16,0,0,0,6,,,Down,Ch,Yes,>30,0
127455378,Caucasian,Female,[50-60),1,Emergency,1,Discharged to home,7,Emergency Room,10,Cardiology,67,2,20,0,0,1,9,,,Steady,Ch,Yes,>30,0
127456104,Caucasian,Male,[40-50),2,Urgent,1,Discharged to home,1,Physician Referral,3,Cardiology,34,3,6,0,0,0,7,,,No,No,No,>30,0
127494132,,Male,[50-60),1,Emergency,6,Discharged/transferred to home with home health service,7,Emergency Room,7,Pulmonology,56,2,20,0,0,0,9,,>8,No,Ch,Yes,NO,0
127590480,Caucasian,Male,[70-80),3,Elective,1,Discharged to home,1,Physician Referral,3,,57,0,17,0,0,0,9,,,Steady,No,Yes,>30,0
127754064,Caucasian,Female,[50-60),6,NULL,1,Discharged to home,17,NULL,2,Cardiology,74,4,12,1,0,0,9,,,No,No,Yes,>30,0
127757550,Caucasian,Female,[90-100),6,NULL,3,Discharged/transferred to SNF,7,Emergency Room,4,InternalMedicine,61,0,10,0,0,1,6,,,No,No,Yes,NO,0
127762476,,Female,[70-80),3,Elective,1,Discharged to home,1,Physician Referral,4,Neurology,1,2,11,0,0,0,4,,,No,No,Yes,NO,0
127771854,Caucasian,Female,[50-60),3,Elective,1,Discharged to home,1,Physician Referral,1,Cardiology,54,6,8,0,0,0,4,,,No,No,No,NO,0
127862142,Caucasian,Male,[80-90),8,Not Mapped,1,Discharged to home,1,Physician Referral,1,Surgery-General,2,1,6,1,0,0,5,,,Steady,Ch,Yes,NO,0
127909482,Caucasian,Female,[80-90),2,Urgent,1,Discharged to home,1,Physician Referral,4,InternalMedicine,44,0,21,0,0,2,6,,,No,No,No,<30,1
127952424,Caucasian,Female,[60-70),1,Emergency,1,Discharged to home,7,Emergency Room,2,,40,0,15,0,0,0,9,,,Up,Ch,Yes,NO,0
127959852,AfricanAmerican,Female,[70-80),1,Emergency,1,Discharged to home,7,Emergency Room,4,,21,1,11,0,0,0,5,,,Steady,Ch,Yes,NO,0
127988232,Caucasian,Female,[80-90),3,Elective,1,Discharged to home,1,Physician Referral,1,Surgery-Vascular,1,1,15,0,0,0,5,,,Up,Ch,Yes,NO,0
128001414,Caucasian,Female,[30-40),2,Urgent,1,Discharged to home,1,Physician Referral,4,Family/GeneralPractice,36,0,12,0,0,0,7,,,Steady,No,Yes,NO,0
128064768,Caucasian,Female,[60-70),3,Elective,1,Discharged to home,7,Emergency Room,1,Emergency/Trauma,11,0,12,0,0,0,8,,,No,No,Yes,>30,0
128070312,Caucasian,Male,[60-70),1,Emergency,3,Discharged/transferred to SNF,7,Emergency Room,7,Family/GeneralPractice,30,1,20,0,0,3,9,,>8,Down,Ch,Yes,<30,1
128181162,Caucasian,Female,[70-80),1,Emergency,1,Discharged to home,7,Emergency Room,1,,1,0,5,0,0,0,7,,,No,No,No,NO,0
128248518,AfricanAmerican,Male,[70-80),2,Urgent,6,Discharged/transferred to home with home health service,1,Physician Referral,12,Pulmonology,31,0,16,0,0,0,9,,,Steady,No,Yes,>30,0
128265354,Caucasian,Female,[80-90),6,NULL,1,Discharged to home,7,Emergency Room,8,,49,2,16,1,0,2,6,Norm,,No,No,No,>30,0
128282634,AfricanAmerican,Female,[20-30),3,Elective,1,Discharged to home,7,Emergency Room,4,Emergency/Trauma,1,1,9,0,3,0,3,,,Down,Ch,Yes,>30,0
128329128,AfricanAmerican,Female,[80-90),1,Emergency,1,Discharged to home,5,Transfer from a Skilled Nursing Facility (SNF),8,InternalMedicine,37,0,14,0,1,2,5,,,Steady,Ch,Yes,NO,0
128401374,Caucasian,Male,[80-90),2,Urgent,1,Discharged to home,7,Emergency Room,5,Emergency/Trauma,46,0,8,0,0,0,9,,,No,No,Yes,<30,1
128439768,Caucasian,Male,[70-80),1,Emergency,6,Discharged/transferred to home with home health service,7,Emergency Room,14,Cardiology,79,6,44,1,0,1,9,,,Steady,Ch,Yes,>30,0
128460708,Caucasian,Female,[80-90),1,Emergency,6,Discharged/transferred to home with home health service,7,Emergency Room,3,,30,0,9,0,0,0,6,,,No,No,No,NO,0
128466054,Caucasian,Male,[70-80),1,Emergency,1,Discharged to home,7,Emergency Room,3,,71,0,18,0,0,0,9,,,Steady,Ch,Yes,>30,0
128566242,Caucasian,Male,[60-70),1,Emergency,1,Discharged to home,7,Emergency Room,1,,33,5,9,0,0,0,6,,,Steady,No,Yes,>30,0
128584284,Caucasian,Female,[70-80),3,Elective,1,Discharged to home,1,Physician Referral,1,Cardiology,8,4,15,3,0,2,6,,,Up,Ch,Yes,NO,0
128586492,AfricanAmerican,Male,[50-60),3,Elective,1,Discharged to home,1,Physician Referral,3,Urology,21,2,7,0,0,0,3,,,Steady,No,Yes,NO,0
128586732,Caucasian,Male,[60-70),3,Elective,3,Discharged/transferred to SNF,1,Physician Referral,8,Neurology,1,3,10,1,0,0,9,,,Up,Ch,Yes,>30,0
128604384,Caucasian,Female,[80-90),2,Urgent,3,Discharged/transferred to SNF,7,Emergency Room,3,Surgery-General,1,1,16,0,4,0,8,,,No,Ch,Yes,<30,1
128767548,Caucasian,Male,[30-40),2,Urgent,1,Discharged to home,7,Emergency Room,13,Emergency/Trauma,1,3,14,0,11,8,7,,,Down,Ch,Yes,<30,1
128788170,Caucasian,Male,[60-70),3,Elective,1,Discharged to home,1,Physician Referral,1,Surgery-Vascular,13,0,3,0,0,0,9,,,No,No,Yes,>30,0
128884260,Caucasian,Female,[80-90),1,Emergency,1,Discharged to home,7,Emergency Room,3,InternalMedicine,46,0,6,0,0,0,8,,,No,No,Yes,>30,0
128965740,Caucasian,Female,[80-90),2,Urgent,3,Discharged/transferred to SNF,7,Emergency Room,10,Emergency/Trauma,1,0,13,0,4,1,9,,,No,Ch,Yes,<30,1
128988204,AfricanAmerican,Female,[80-90),1,Emergency,3,Discharged/transferred to SNF,7,Emergency Room,4,InternalMedicine,38,0,3,0,0,1,5,,,Steady,No,Yes,>30,0
129014928,Caucasian,Female,[70-80),1,Emergency,1,Discharged to home,7,Emergency Room,4,,28,2,8,0,0,0,9,,,Steady,No,Yes,NO,0
129055458,AfricanAmerican,Female,[80-90),1,Emergency,11,Expired,7,Emergency Room,3,InternalMedicine,44,0,18,0,1,2,7,,,Steady,No,Yes,NO,0
129218496,Caucasian,Female,[70-80),1,Emergency,1,Discharged to home,7,Emergency Room,3,Surgery-Vascular,40,2,9,0,0,0,3,,,No,No,No,NO,0
129242352,Caucasian,Female,[70-80),2,Urgent,1,Discharged to home,7,Emergency Room,4,,30,4,18,0,0,1,9,,,Steady,Ch,Yes,>30,0
129263442,Caucasian,Male,[60-70),3,Elective,1,Discharged to home,1,Physician Referral,1,Cardiology,58,4,10,0,0,0,5,,,No,No,No,NO,0
129301152,Caucasian,Male,[40-50),3,Elective,1,Discharged to home,1,Physician Referral,1,,36,5,14,0,0,0,9,,,Steady,Ch,Yes,>30,0
129446838,Caucasian,Male,[60-70),3,Elective,11,Expired,1,Physician Referral,3,Hematology,1,1,15,0,0,0,6,,,Steady,Ch,Yes,NO,0
129548952,Caucasian,Female,[80-90),2,Urgent,3,Discharged/transferred to SNF,1,Physician Referral,12,PhysicalMedicineandRehabilitation,1,1,21,0,0,0,9,,,Down,Ch,Yes,>30,0
129586992,Caucasian,Male,[60-70),1,Emergency,3,Discharged/transferred to SNF,7,Emergency Room,6,,47,1,15,0,0,3,6,,,Steady,Ch,Yes,<30,1
129622674,Caucasian,Female,[60-70),3,Elective,1,Discharged to home,1,Physician Referral,3,,24,4,26,0,1,0,9,,>8,Steady,No,Yes,<30,1
129706776,Caucasian,Male,[80-90),2,Urgent,3,Discharged/transferred to SNF,7,Emergency Room,8,Emergency/Trauma,1,0,7,0,0,0,9,,,Down,Ch,Yes,<30,1
129732798,AfricanAmerican,Male,[50-60),3,Elective,6,Discharged/transferred to home with home health service,1,Physician Referral,6,Orthopedics-Reconstructive,27,3,22,1,0,1,5,,,Steady,Ch,Yes,NO,0
129823902,AfricanAmerican,Female,[50-60),1,Emergency,1,Discharged to home,7,Emergency Room,1,,4,0,8,0,0,0,8,,,No,Ch,Yes,NO,0
129884376,Caucasian,Female,[80-90),6,NULL,5,Discharged/transferred to another type of inpatient care institution,7,Emergency Room,2,InternalMedicine,48,0,11,2,0,0,6,,,Up,Ch,Yes,<30,1
129917988,Caucasian,Male,[70-80),1,Emergency,22,Discharged/transferred to another rehab fac including rehab units of a hospital .,7,Emergency Room,6,InternalMedicine,48,0,16,0,0,0,7,,,Steady,Ch,Yes,NO,0
129947916,Caucasian,Male,[50-60),3,Elective,22,Discharged/transferred to another rehab fac including rehab units of a hospital .,1,Physician Referral,6,Neurology,34,6,18,0,0,0,9,,,Up,Ch,Yes,NO,0
129999870,AfricanAmerican,Male,[70-80),3,Elective,13,Hospice / home,1,Physician Referral,8,InternalMedicine,49,1,12,0,0,0,9,,Norm,Steady,Ch,Yes,NO,0
130006278,AfricanAmerican,Female,[80-90),1,Emergency,6,Discharged/transferred to home with home health service,7,Emergency Room,7,,29,3,8,0,0,0,9,,,No,No,No,>30,0
130071270,AfricanAmerican,Male,[70-80),2,Urgent,1,Discharged to home,7,Emergency Room,3,,47,1,14,0,0,0,9,,,Up,Ch,Yes,NO,0
130077522,Caucasian,Male,[60-70),3,Elective,1,Discharged to home,1,Physician Referral,1,,4,3,11,0,0,0,6,,,No,No,Yes,NO,0
130207644,Caucasian,Male,[40-50),6,NULL,1,Discharged to home,7,Emergency Room,1,Endocrinology,36,0,7,0,0,0,4,,>8,Steady,Ch,Yes,NO,0
130306974,AfricanAmerican,Female,[40-50),1,Emergency,1,Discharged to home,7,Emergency Room,3,Oncology,44,0,16,0,0,0,7,,,Steady,No,Yes,<30,1
130381014,Caucasian,Female,[50-60),1,Emergency,1,Discharged to home,7,Emergency Room,2,InternalMedicine,49,0,13,3,0,0,9,,>8,Steady,No,Yes,>30,0
130409694,Caucasian,Male,[40-50),2,Urgent,1,Discharged to home,7,Emergency Room,8,Family/GeneralPractice,84,3,23,0,0,0,9,,>8,Steady,No,Yes,>30,0
130532508,Caucasian,Male,[70-80),3,Elective,1,Discharged to home,7,Emergency Room,3,Emergency/Trauma,28,1,11,0,0,0,9,,,No,Ch,Yes,NO,0
130535706,Caucasian,Female,[50-60),1,Emergency,1,Discharged to home,7,Emergency Room,6,,71,3,12,0,0,0,7,,,Steady,No,Yes,NO,0
130575558,Caucasian,Male,[50-60),1,Emergency,1,Discharged to home,7,Emergency Room,1,InternalMedicine,9,0,12,0,0,0,9,,,No,No,No,<30,1
130673442,AfricanAmerican,Female,[70-80),1,Emergency,1,Discharged to home,7,Emergency Room,5,Cardiology,44,6,27,0,0,0,7,,,Down,Ch,Yes,NO,0
130775046,AfricanAmerican,Male,[50-60),3,Elective,1,Discharged to home,1,Physician Referral,3,Oncology,29,0,9,0,0,1,9,,,No,No,No,NO,0
130819548,Caucasian,Male,[80-90),2,Urgent,6,Discharged/transferred to home with home health service,4,Transfer from a hospital,12,PhysicalMedicineandRehabilitation,10,2,12,0,0,0,9,,,No,Ch,Yes,NO,0
131021256,Caucasian,Male,[80-90),1,Emergency,1,Discharged to home,7,Emergency Room,6,,43,0,7,2,0,1,7,,,No,No,Yes,>30,0
131032512,Caucasian,Male,[70-80),2,Urgent,11,Expired,1,Physician Referral,3,Family/GeneralPractice,45,3,18,0,0,1,7,,,Steady,No,Yes,NO,0
131035176,Caucasian,Female,[50-60),1,Emergency,1,Discharged to home,7,Emergency Room,6,Psychiatry,66,1,13,0,0,0,3,,,No,No,No,NO,0
131071122,AfricanAmerican,Female,[40-50),1,Emergency,3,Discharged/transferred to SNF,5,Transfer from a Skilled Nursing Facility (SNF),6,InternalMedicine,46,0,26,0,0,1,9,,,Up,Ch,Yes,>30,0
131077992,AfricanAmerican,Female,[70-80),1,Emergency,1,Discharged to home,7,Emergency Room,3,,33,1,10,0,0,0,9,,,No,No,No,NO,0
131219454,Caucasian,Female,[70-80),3,Elective,1,Discharged to home,1,Physician Referral,1,,17,6,17,0,0,1,9,,,No,No,Yes,>30,0
131225886,Caucasian,Male,[80-90),3,Elective,1,Discharged to home,1,Physician Referral,2,Oncology,37,1,10,0,0,1,9,,,No,No,Yes,>30,0
131228220,Caucasian,Male,[80-90),1,Emergency,1,Discharged to home,7,Emergency Room,4,,21,1,9,0,0,0,9,,,Steady,No,Yes,NO,0
131257998,Caucasian,Male,[70-80),1,Emergency,11,Expired,7,Emergency Room,1,Cardiology,43,2,8,0,0,1,4,,,No,No,No,NO,0
131336370,Caucasian,Female,[80-90),3,Elective,1,Discharged to home,1,Physician Referral,7,InternalMedicine,19,2,18,0,0,0,9,,,Steady,Ch,Yes,>30,0
131405022,AfricanAmerican,Male,[60-70),1,Emergency,1,Discharged to home,7,Emergency Room,8,Endocrinology,60,0,15,0,1,6,6,,,Down,Ch,Yes,>30,0
131450988,Caucasian,Male,[50-60),1,Emergency,11,Expired,5,Transfer from a Skilled Nursing Facility (SNF),1,InternalMedicine,41,0,10,0,3,5,7,,,No,No,No,NO,0
131659212,AfricanAmerican,Male,[50-60),1,Emergency,1,Discharged to home,7,Emergency Room,4,InternalMedicine,38,1,19,0,1,3,9,,,Up,Ch,Yes,>30,0
131714358,Caucasian,Female,[60-70),3,Elective,1,Discharged to home,1,Physician Referral,7,Otolaryngology,45,4,33,0,0,0,9,,,Steady,Ch,Yes,>30,0
131723946,AfricanAmerican,Female,[70-80),3,Elective,1,Discharged to home,1,Physician Referral,1,Cardiology,29,6,13,1,0,0,5,,,No,No,No,NO,0
131849274,AfricanAmerican,Female,[40-50),2,Urgent,1,Discharged to home,1,Physician Referral,2,InternalMedicine,9,0,15,0,0,0,4,,,Steady,Ch,Yes,NO,0
131850102,AfricanAmerican,Male,[60-70),1,Emergency,1,Discharged to home,7,Emergency Room,2,InternalMedicine,52,0,12,0,0,0,4,,,Steady,No,Yes,>30,0
131857914,Caucasian,Female,[50-60),1,Emergency,1,Discharged to home,7,Emergency Room,1,Orthopedics,38,2,18,0,0,0,5,,,Steady,Ch,Yes,NO,0
131957670,Caucasian,Male,[70-80),1,Emergency,1,Discharged to home,1,Physician Referral,4,Radiologist,50,3,15,0,0,0,9,,>8,No,No,No,>30,0
131987892,AfricanAmerican,Male,[60-70),2,Urgent,1,Discharged to home,1,Physician Referral,2,Cardiology,11,0,9,0,0,0,9,,,Steady,No,Yes,>30,0
132013422,Caucasian,Male,[40-50),1,Emergency,1,Discharged to home,7,Emergency Room,3,,45,0,6,0,0,0,4,,,No,No,No,>30,0
132015276,Caucasian,Female,[70-80),1,Emergency,1,Discharged to home,7,Emergency Room,2,Emergency/Trauma,1,0,10,0,0,2,9,,,Down,Ch,Yes,NO,0
132031134,AfricanAmerican,Female,[50-60),3,Elective,6,Discharged/transferred to home with home health service,1,Physician Referral,3,Surgery-Vascular,27,2,21,1,0,0,9,,,Down,Ch,Yes,NO,0
132049914,AfricanAmerican,Female,[40-50),3,Elective,1,Discharged to home,1,Physician Referral,3,Surgery-General,21,3,12,0,0,0,9,,,No,No,No,>30,0
132253644,Caucasian,Male,[50-60),1,Emergency,1,Discharged to home,7,Emergency Room,2,,8,1,3,0,0,0,5,,,Steady,Ch,Yes,>30,0
132270282,Caucasian,Male,[50-60),1,Emergency,1,Discharged to home,1,Physician Referral,1,Pediatrics,9,0,4,0,0,0,6,,,No,No,No,NO,0
132278688,AfricanAmerican,Female,[50-60),2,Urgent,1,Discharged to home,1,Physician Referral,8,Gastroenterology,22,1,14,0,0,0,7,,,No,No,No,NO,0
132299262,Caucasian,Female,[60-70),3,Elective,6,Discharged/transferred to home with home health service,1,Physician Referral,4,Orthopedics-Reconstructive,36,2,19,0,0,0,9,,,Down,Ch,Yes,NO,0
132363852,Caucasian,Male,[40-50),2,Urgent,6,Discharged/transferred to home with home health service,1,Physician Referral,5,PhysicalMedicineandRehabilitation,2,1,15,0,0,0,9,,,Steady,Ch,Yes,NO,0
132365556,Caucasian,Female,[80-90),6,NULL,3,Discharged/transferred to SNF,7,Emergency Room,7,Orthopedics-Reconstructive,65,2,27,0,0,0,6,,>8,Steady,Ch,Yes,NO,0
132379272,AfricanAmerican,Female,[50-60),2,Urgent,6,Discharged/transferred to home with home health service,1,Physician Referral,6,Nephrology,32,2,13,0,0,0,8,,,No,No,No,>30,0
132534624,Hispanic,Female,[60-70),6,NULL,6,Discharged/transferred to home with home health service,4,Transfer from a hospital,11,Orthopedics-Reconstructive,25,2,19,1,0,1,6,,,Up,Ch,Yes,NO,0
132546438,Caucasian,Female,[70-80),2,Urgent,1,Discharged to home,1,Physician Referral,11,Family/GeneralPractice,10,0,17,0,0,0,6,,,No,No,Yes,>30,0
132567138,Caucasian,Female,[70-80),2,Urgent,5,Discharged/transferred to another type of inpatient care institution,7,Emergency Room,9,Surgery-General,33,0,7,0,0,0,8,,,No,No,No,NO,0
132572544,Caucasian,Female,[80-90),1,Emergency,3,Discharged/transferred to SNF,7,Emergency Room,10,Emergency/Trauma,1,0,11,0,0,1,5,,,Up,Ch,Yes,>30,0
132613200,Caucasian,Female,[60-70),1,Emergency,1,Discharged to home,7,Emergency Room,3,,10,0,7,0,0,1,5,,,No,No,No,NO,0
132844404,Caucasian,Male,[90-100),1,Emergency,15,Discharged/transferred within this institution to Medicare approved swing bed,7,Emergency Room,7,Emergency/Trauma,16,0,17,0,0,0,9,,,Steady,Ch,Yes,<30,1
132856104,Caucasian,Male,[50-60),1,Emergency,6,Discharged/transferred to home with home health service,7,Emergency Room,7,,28,0,17,0,0,0,9,,,Steady,No,Yes,<30,1
132900048,Caucasian,Male,[70-80),1,Emergency,1,Discharged to home,7,Emergency Room,2,,35,0,10,0,0,0,9,,,Steady,No,Yes,>30,0
132901152,Caucasian,Female,[80-90),1,Emergency,1,Discharged to home,7,Emergency Room,5,InternalMedicine,49,0,21,0,0,1,7,,,Up,Ch,Yes,NO,0
132914118,Caucasian,Female,[80-90),3,Elective,6,Discharged/transferred to home with home health service,1,Physician Referral,3,Surgery-General,1,1,16,2,0,0,4,,,No,Ch,Yes,NO,0
133117200,AfricanAmerican,Male,[70-80),1,Emergency,1,Discharged to home,7,Emergency Room,2,InternalMedicine,38,1,14,0,0,0,8,,,Steady,Ch,Yes,NO,0
133118874,AfricanAmerican,Female,[50-60),2,Urgent,1,Discharged to home,1,Physician Referral,6,InternalMedicine,51,2,28,0,0,1,6,,>7,Up,Ch,Yes,>30,0
133237296,Caucasian,Female,[70-80),2,Urgent,6,Discharged/transferred to home with home health service,1,Physician Referral,11,Gastroenterology,51,3,16,0,0,0,8,,,Steady,No,Yes,>30,0
133272522,AfricanAmerican,Female,[80-90),1,Emergency,1,Discharged to home,7,Emergency Room,3,Cardiology,63,0,14,0,0,2,9,,,Down,Ch,Yes,>30,0
133282080,AfricanAmerican,Male,[30-40),1,Emergency,1,Discharged to home,7,Emergency Room,2,Nephrology,38,2,17,1,0,0,5,,,No,No,No,NO,0
133524168,Caucasian,Female,[70-80),3,Elective,6,Discharged/transferred to home with home health service,1,Physician Referral,3,Surgery-General,43,1,13,3,0,0,6,,,No,No,No,>30,0
133585236,Asian,Female,[60-70),2,Urgent,1,Discharged to home,7,Emergency Room,9,Emergency/Trauma,26,4,14,0,0,3,7,,,No,No,Yes,>30,0
133628562,Caucasian,Female,[70-80),1,Emergency,1,Discharged to home,7,Emergency Room,2,Emergency/Trauma,1,0,8,0,0,6,6,,,Steady,No,Yes,<30,1
133808238,Caucasian,Female,[80-90),3,Elective,1,Discharged to home,7,Emergency Room,3,Emergency/Trauma,1,0,5,1,0,1,9,,,Steady,Ch,Yes,>30,0
133875858,Caucasian,Female,[70-80),1,Emergency,1,Discharged to home,7,Emergency Room,11,InternalMedicine,44,0,29,0,0,1,9,,,No,Ch,Yes,NO,0
133882116,Caucasian,Male,[60-70),1,Emergency,1,Discharged to home,7,Emergency Room,4,,9,0,12,0,0,0,9,,,No,No,No,<30,1
133932282,Caucasian,Female,[70-80),1,Emergency,13,Hospice / home,7,Emergency Room,4,,47,0,20,0,0,0,9,,,Down,Ch,Yes,NO,0
133948500,AfricanAmerican,Male,[60-70),1,Emergency,3,Discharged/transferred to SNF,5,Transfer from a Skilled Nursing Facility (SNF),7,InternalMedicine,50,1,22,0,1,1,8,,,Up,Ch,Yes,NO,0
133980312,AfricanAmerican,Male,[70-80),3,Elective,1,Discharged to home,1,Physician Referral,6,Family/GeneralPractice,35,2,3,0,0,0,9,,,No,No,Yes,>30,0
134007426,AfricanAmerican,Female,[50-60),1,Emergency,1,Discharged to home,7,Emergency Room,2,,35,0,10,0,0,1,6,,,Steady,No,Yes,>30,0
134058954,Caucasian,Male,[70-80),1,Emergency,6,Discharged/transferred to home with home health service,7,Emergency Room,4,,62,0,14,0,0,0,9,,Norm,Steady,Ch,Yes,NO,0
134064300,Caucasian,Female,[40-50),2,Urgent,3,Discharged/transferred to SNF,7,Emergency Room,11,Emergency/Trauma,1,6,14,0,0,0,9,,,Up,Ch,Yes,>30,0
134180502,AfricanAmerican,Male,[60-70),1,Emergency,1,Discharged to home,7,Emergency Room,4,Emergency/Trauma,25,4,12,0,0,0,9,,,Up,Ch,Yes,>30,0
134218326,Caucasian,Male,[60-70),1,Emergency,1,Discharged to home,7,Emergency Room,2,,52,3,15,0,0,1,8,,,Steady,No,Yes,NO,0
134222286,Caucasian,Male,[80-90),1,Emergency,1,Discharged to home,7,Emergency Room,1,,31,0,8,0,0,0,7,,,No,No,Yes,>30,0
134346684,Caucasian,Male,[60-70),1,Emergency,1,Discharged to home,7,Emergency Room,3,,33,5,7,0,0,0,9,,,No,No,No,NO,0
134457912,AfricanAmerican,Female,[80-90),1,Emergency,1,Discharged to home,7,Emergency Room,12,,46,0,22,0,1,2,7,,>7,Up,Ch,Yes,>30,0
134678370,Caucasian,Female,[60-70),3,Elective,22,Discharged/transferred to another rehab fac including rehab units of a hospital .,1,Physician Referral,10,,13,0,13,0,0,0,9,,,No,No,Yes,NO,0
134717766,Caucasian,Male,[60-70),2,Urgent,1,Discharged to home,1,Physician Referral,1,Cardiology,10,3,10,0,0,0,9,,,Down,Ch,Yes,>30,0
134760426,Caucasian,Female,[80-90),1,Emergency,14,Hospice / medical facility,5,Transfer from a Skilled Nursing Facility (SNF),9,InternalMedicine,39,0,27,0,0,0,7,,,Down,Ch,Yes,NO,0
134771400,Caucasian,Female,[70-80),1,Emergency,1,Discharged to home,7,Emergency Room,1,InternalMedicine,45,0,4,0,0,0,9,,,No,No,No,NO,0
134804982,Caucasian,Male,[50-60),1,Emergency,23,Discharged/transferred to a long term care hospital.,7,Emergency Room,4,,34,3,19,0,0,1,9,,,No,No,No,>30,0
134813694,Caucasian,Male,[30-40),1,Emergency,1,Discharged to home,7,Emergency Room,7,Surgery-Cardiovascular/Thoracic,61,6,58,0,0,0,4,,,Down,Ch,Yes,NO,0
134898720,Caucasian,Male,[50-60),3,Elective,1,Discharged to home,1,Physician Referral,7,Surgery-Cardiovascular/Thoracic,62,6,56,1,0,0,5,,,Down,Ch,Yes,NO,0
134920632,Caucasian,Male,[80-90),2,Urgent,2,Discharged/transferred to another short term hospital,7,Emergency Room,8,Emergency/Trauma,31,3,15,0,0,0,9,,,No,Ch,Yes,>30,0
134947302,AfricanAmerican,Female,[70-80),6,NULL,1,Discharged to home,7,Emergency Room,3,InternalMedicine,54,0,10,0,0,0,6,>200,,No,No,No,NO,0
134971254,AfricanAmerican,Female,[80-90),1,Emergency,1,Discharged to home,7,Emergency Room,1,InternalMedicine,62,0,5,0,1,1,5,,,Steady,No,Yes,<30,1
134974362,AfricanAmerican,Female,[80-90),1,Emergency,13,Hospice / home,2,Clinic Referral,14,Emergency/Trauma,1,5,6,0,0,0,7,,,No,No,No,NO,0
135072540,AfricanAmerican,Male,[50-60),1,Emergency,1,Discharged to home,7,Emergency Room,3,,53,2,15,0,0,0,9,,,Steady,No,Yes,>30,0
135096540,Caucasian,Male,[50-60),1,Emergency,1,Discharged to home,7,Emergency Room,2,,58,0,17,0,0,0,9,,,Steady,Ch,Yes,<30,1
135118776,Caucasian,Female,[70-80),1,Emergency,3,Discharged/transferred to SNF,7,Emergency Room,2,,3,0,9,0,0,0,9,,,No,No,No,NO,0
135248442,Caucasian,Female,[60-70),1,Emergency,1,Discharged to home,7,Emergency Room,7,,35,5,21,0,0,0,8,,,No,No,Yes,>30,0
135312300,Caucasian,Male,[60-70),3,Elective,1,Discharged to home,1,Physician Referral,2,Family/GeneralPractice,14,0,4,0,0,0,8,,,No,No,No,NO,0
135341988,AfricanAmerican,Female,[70-80),1,Emergency,6,Discharged/transferred to home with home health service,7,Emergency Room,5,,2,0,8,0,0,0,6,,,Steady,No,Yes,NO,0
135365976,Caucasian,Female,[80-90),2,Urgent,2,Discharged/transferred to another short term hospital,7,Emergency Room,5,Emergency/Trauma,34,3,9,0,0,0,9,,,No,No,Yes,>30,0
135371832,Caucasian,Male,[60-70),6,NULL,23,Discharged/transferred to a long term care hospital.,5,Transfer from a Skilled Nursing Facility (SNF),1,Family/GeneralPractice,1,0,16,0,1,0,6,,,Down,Ch,Yes,NO,0
135494784,Caucasian,Female,[30-40),1,Emergency,1,Discharged to home,7,Emergency Room,3,,34,1,13,1,0,0,9,,,No,No,No,>30,0
135552504,Caucasian,Male,[60-70),1,Emergency,1,Discharged to home,7,Emergency Room,3,InternalMedicine,49,0,20,0,0,0,4,,,Up,Ch,Yes,NO,0
135568920,Caucasian,Male,[30-40),1,Emergency,1,Discharged to home,7,Emergency Room,2,,1,0,9,0,0,0,7,,,Steady,Ch,Yes,<30,1
135576348,Caucasian,Male,[80-90),1,Emergency,2,Discharged/transferred to another short term hospital,7,Emergency Room,4,Emergency/Trauma,1,2,8,0,0,0,9,,,No,Ch,Yes,NO,0
135805404,AfricanAmerican,Female,[50-60),3,Elective,1,Discharged to home,1,Physician Referral,4,Surgery-Vascular,21,3,11,0,0,1,9,,,No,No,No,<30,1
135853002,AfricanAmerican,Male,[60-70),2,Urgent,3,Discharged/transferred to SNF,1,Physician Referral,4,,48,4,8,0,0,2,9,,,Steady,No,Yes,>30,0
135873786,Caucasian,Female,[70-80),1,Emergency,1,Discharged to home,7,Emergency Room,11,Cardiology,42,0,22,0,0,0,9,,>8,Down,Ch,Yes,>30,0
135927570,Caucasian,Male,[50-60),3,Elective,1,Discharged to home,4,Transfer from a hospital,5,Surgery-Cardiovascular/Thoracic,61,6,59,0,0,0,3,,,Up,Ch,Yes,NO,0
136104222,Caucasian,Female,[50-60),1,Emergency,1,Discharged to home,7,Emergency Room,3,,10,0,9,0,0,0,9,,,No,Ch,Yes,NO,0
136218096,Caucasian,Male,[50-60),2,Urgent,1,Discharged to home,7,Emergency Room,1,Emergency/Trauma,2,0,6,0,0,0,9,,,No,No,Yes,NO,0
136412148,Caucasian,Female,[70-80),8,Not Mapped,6,Discharged/transferred to home with home health service,1,Physician Referral,2,Surgery-General,26,2,15,0,0,0,5,,,No,No,Yes,NO,0
136424832,AfricanAmerican,Male,[60-70),1,Emergency,1,Discharged to home,7,Emergency Room,3,InternalMedicine,38,0,13,1,0,0,5,,,No,Ch,Yes,NO,0
136433076,Caucasian,Male,[70-80),2,Urgent,1,Discharged to home,7,Emergency Room,1,Emergency/Trauma,9,1,6,0,0,0,6,,,No,Ch,Yes,>30,0
136522044,AfricanAmerican,Male,[50-60),1,Emergency,1,Discharged to home,7,Emergency Room,5,,11,0,15,0,0,1,9,,,No,No,Yes,>30,0
136546146,AfricanAmerican,Male,[40-50),1,Emergency,1,Discharged to home,7,Emergency Room,6,Nephrology,46,2,17,0,0,2,9,,,No,No,No,<30,1
136716708,Caucasian,Male,[80-90),1,Emergency,3,Discharged/transferred to SNF,7,Emergency Room,5,Cardiology,30,2,14,0,0,2,9,,,Down,Ch,Yes,>30,0
136750932,AfricanAmerican,Female,[70-80),2,Urgent,1,Discharged to home,1,Physician Referral,1,Surgery-Vascular,2,1,11,1,0,0,6,,,Down,Ch,Yes,<30,1
136768920,Caucasian,Female,[60-70),3,Elective,1,Discharged to home,1,Physician Referral,1,Oncology,33,0,9,0,0,1,2,,,Down,Ch,Yes,NO,0
136875828,Caucasian,Female,[40-50),2,Urgent,1,Discharged to home,7,Emergency Room,6,Emergency/Trauma,4,1,19,1,0,8,9,,>8,Up,Ch,Yes,>30,0
136950630,Caucasian,Female,[80-90),1,Emergency,22,Discharged/transferred to another rehab fac including rehab units of a hospital .,7,Emergency Room,5,,33,0,13,0,0,0,9,,,Down,Ch,Yes,<30,1
136979262,Caucasian,Male,[40-50),1,Emergency,1,Discharged to home,7,Emergency Room,5,Family/GeneralPractice,76,1,18,0,7,6,9,,>8,Up,Ch,Yes,>30,0
137017080,AfricanAmerican,Female,[50-60),1,Emergency,1,Discharged to home,7,Emergency Room,3,InternalMedicine,54,0,17,0,7,1,5,,Norm,Up,Ch,Yes,>30,0
137038446,Caucasian,Female,[80-90),6,NULL,23,Discharged/transferred to a long term care hospital.,17,NULL,3,Family/GeneralPractice,72,1,23,0,0,0,9,,,No,No,Yes,>30,0
137065578,Caucasian,Female,[70-80),1,Emergency,1,Discharged to home,7,Emergency Room,2,,2,0,18,0,0,1,9,,,Steady,Ch,Yes,>30,0
137082666,AfricanAmerican,Female,[60-70),3,Elective,22,Discharged/transferred to another rehab fac including rehab units of a hospital .,1,Physician Referral,4,Orthopedics,2,1,12,0,0,0,9,,,No,No,No,>30,0
137209620,Caucasian,Male,[80-90),1,Emergency,2,Discharged/transferred to another short term hospital,7,Emergency Room,2,Family/GeneralPractice,49,1,15,0,0,0,9,,,No,No,No,>30,0
137213958,AfricanAmerican,Male,[50-60),2,Urgent,4,Discharged/transferred to ICF,1,Physician Referral,2,InternalMedicine,3,0,9,0,1,3,9,,,No,No,No,>30,0
137218860,AfricanAmerican,Male,[60-70),1,Emergency,11,Expired,7,Emergency Room,13,Nephrology,53,6,31,0,0,2,7,,,Steady,No,Yes,NO,0
137347602,Caucasian,Female,[60-70),1,Emergency,1,Discharged to home,7,Emergency Room,2,,48,1,7,0,0,0,6,,>7,Steady,No,Yes,>30,0
137360028,AfricanAmerican,Male,[70-80),2,Urgent,22,Discharged/transferred to another rehab fac including rehab units of a hospital .,1,Physician Referral,3,InternalMedicine,47,1,10,0,0,0,9,,,Steady,Ch,Yes,>30,0
137477634,Caucasian,Female,[70-80),3,Elective,1,Discharged to home,7,Emergency Room,9,Emergency/Trauma,14,1,13,0,1,0,9,,,Steady,Ch,Yes,>30,0
137494506,Caucasian,Female,[60-70),2,Urgent,1,Discharged to home,7,Emergency Room,1,Emergency/Trauma,27,0,9,0,0,0,4,,,No,Ch,Yes,NO,0
137518110,Caucasian,Male,[70-80),1,Emergency,1,Discharged to home,7,Emergency Room,3,,19,0,11,1,0,1,3,,,No,No,Yes,>30,0
137533710,AfricanAmerican,Male,[70-80),1,Emergency,1,Discharged to home,7,Emergency Room,6,,31,3,10,0,1,1,9,,,Steady,Ch,Yes,NO,0
137581368,Caucasian,Female,[90-100),2,Urgent,3,Discharged/transferred to SNF,7,Emergency Room,5,InternalMedicine,74,1,8,0,0,0,7,,Norm,No,No,No,<30,1
137668926,Asian,Female,[70-80),2,Urgent,1,Discharged to home,7,Emergency Room,4,Emergency/Trauma,31,0,8,0,0,0,9,,,No,No,Yes,>30,0
137678898,AfricanAmerican,Female,[70-80),2,Urgent,6,Discharged/transferred to home with home health service,1,Physician Referral,8,Orthopedics-Reconstructive,36,1,19,0,0,0,9,,,No,No,No,NO,0
137771496,AfricanAmerican,Male,[50-60),1,Emergency,1,Discharged to home,7,Emergency Room,6,InternalMedicine,43,1,13,0,0,0,9,,,No,No,No,NO,0
137773674,Caucasian,Male,[50-60),3,Elective,1,Discharged to home,1,Physician Referral,4,Cardiology,38,6,15,0,0,0,7,,,No,No,Yes,<30,1
137827692,Caucasian,Male,[70-80),1,Emergency,1,Discharged to home,7,Emergency Room,5,,26,1,13,1,0,1,9,,,Steady,No,Yes,>30,0
137827710,Caucasian,Female,[50-60),1,Emergency,28,Discharged/transferred/referred to a psychiatric hospital of psychiatric distinct part unit of a hospital,7,Emergency Room,3,,38,0,11,0,0,0,9,,,No,No,No,<30,1
137846658,Caucasian,Male,[60-70),2,Urgent,1,Discharged to home,1,Physician Referral,7,Surgery-Cardiovascular/Thoracic,57,6,63,0,0,0,4,,,Up,Ch,Yes,>30,0
137873046,Caucasian,Male,[60-70),1,Emergency,1,Discharged to home,7,Emergency Room,2,,44,0,10,0,0,1,8,,,No,No,Yes,<30,1
137878848,Caucasian,Female,[80-90),1,Emergency,3,Discharged/transferred to SNF,7,Emergency Room,10,,44,1,29,0,0,0,9,,,No,No,Yes,NO,0
138003858,Caucasian,Female,[50-60),3,Elective,1,Discharged to home,1,Physician Referral,1,Family/GeneralPractice,19,0,9,0,0,1,5,,,No,No,Yes,>30,0
138052974,AfricanAmerican,Male,[50-60),1,Emergency,1,Discharged to home,7,Emergency Room,5,,38,0,16,0,0,0,9,,,No,No,Yes,>30,0
138175392,Caucasian,Female,[80-90),2,Urgent,3,Discharged/transferred to SNF,4,Transfer from a hospital,10,Gastroenterology,19,3,19,0,0,0,9,,,Steady,No,Yes,NO,0
138180846,Caucasian,Female,[80-90),6,NULL,1,Discharged to home,2,Clinic Referral,8,InternalMedicine,54,2,10,2,0,3,6,Norm,,Steady,No,Yes,NO,0
138247302,AfricanAmerican,Female,[50-60),2,Urgent,1,Discharged to home,1,Physician Referral,5,Oncology,39,0,15,0,0,0,7,,,No,Ch,Yes,NO,0
138254286,AfricanAmerican,Male,[60-70),1,Emergency,3,Discharged/transferred to SNF,7,Emergency Room,3,,8,0,12,0,0,1,7,,,Steady,No,Yes,NO,0
138365496,Caucasian,Female,[80-90),1,Emergency,1,Discharged to home,7,Emergency Room,2,,36,0,3,0,0,0,9,,,No,No,No,NO,0
138388512,Caucasian,Male,[60-70),2,Urgent,1,Discharged to home,7,Emergency Room,2,Emergency/Trauma,33,0,7,0,0,0,9,,,Steady,Ch,Yes,NO,0
138465582,AfricanAmerican,Male,[20-30),1,Emergency,23,Discharged/transferred to a long term care hospital.,7,Emergency Room,11,InternalMedicine,39,2,22,0,0,0,6,,,Up,Ch,Yes,NO,0
138498924,Caucasian,Female,[70-80),3,Elective,3,Discharged/transferred to SNF,7,Emergency Room,5,Emergency/Trauma,11,1,9,0,0,0,9,,,No,No,No,NO,0
138569250,Caucasian,Female,[70-80),1,Emergency,1,Discharged to home,7,Emergency Room,4,,1,0,9,0,0,0,8,,,Steady,No,Yes,<30,1
138669006,Caucasian,Female,[50-60),2,Urgent,6,Discharged/transferred to home with home health service,1,Physician Referral,6,InternalMedicine,37,0,23,2,0,0,9,,,No,No,No,NO,0
138702714,Caucasian,Male,[80-90),2,Urgent,8,Discharged/transferred to home under care of Home IV provider,7,Emergency Room,8,Emergency/Trauma,1,0,6,0,0,0,9,,,No,No,Yes,>30,0
138708414,Caucasian,Male,[80-90),1,Emergency,1,Discharged to home,7,Emergency Room,2,,11,5,12,0,0,0,9,,,No,No,Yes,>30,0
138773394,AfricanAmerican,Female,[70-80),2,Urgent,3,Discharged/transferred to SNF,7,Emergency Room,10,Emergency/Trauma,25,0,18,0,0,0,9,,,Steady,Ch,Yes,NO,0
138775578,Caucasian,Female,[70-80),2,Urgent,3,Discharged/transferred to SNF,7,Emergency Room,7,Emergency/Trauma,9,0,11,0,0,0,9,,,Up,Ch,Yes,<30,1
138777522,AfricanAmerican,Female,[60-70),1,Emergency,1,Discharged to home,7,Emergency Room,4,Nephrology,35,1,19,0,0,1,7,,,Steady,Ch,Yes,>30,0
138904842,Caucasian,Male,[70-80),3,Elective,1,Discharged to home,1,Physician Referral,1,,16,1,8,0,0,1,6,,,No,No,No,>30,0
138928680,AfricanAmerican,Female,[60-70),1,Emergency,1,Discharged to home,7,Emergency Room,11,Surgery-Cardiovascular/Thoracic,65,6,65,0,0,0,8,,,Down,Ch,Yes,NO,0
138934458,Caucasian,Female,[60-70),1,Emergency,1,Discharged to home,7,Emergency Room,3,,25,0,15,0,0,0,9,,,Steady,Ch,Yes,>30,0
138994350,AfricanAmerican,Male,[60-70),1,Emergency,13,Hospice / home,7,Emergency Room,3,,60,0,15,0,0,0,9,,,No,No,No,NO,0
139074990,Caucasian,Female,[40-50),1,Emergency,1,Discharged to home,7,Emergency Room,1,,25,0,14,0,0,0,9,,,Steady,Ch,Yes,NO,0
139115184,AfricanAmerican,Female,[50-60),1,Emergency,1,Discharged to home,7,Emergency Room,2,,45,0,15,0,0,0,9,,,No,No,Yes,>30,0
139232832,Caucasian,Female,[60-70),2,Urgent,22,Discharged/transferred to another rehab fac including rehab units of a hospital .,1,Physician Referral,7,InternalMedicine,21,0,11,2,1,0,9,,,No,No,No,>30,0
139499682,Caucasian,Male,[70-80),1,Emergency,6,Discharged/transferred to home with home health service,7,Emergency Room,4,,30,0,21,0,0,0,8,,,Steady,No,Yes,>30,0
139581552,Caucasian,Male,[60-70),1,Emergency,1,Discharged to home,7,Emergency Room,3,Surgery-Vascular,1,1,12,0,0,1,9,,,No,Ch,Yes,>30,0
139644114,Caucasian,Male,[40-50),1,Emergency,1,Discharged to home,7,Emergency Room,2,Cardiology,72,3,15,2,0,1,9,,,No,Ch,Yes,NO,0
139647684,Caucasian,Male,[40-50),2,Urgent,1,Discharged to home,7,Emergency Room,2,Emergency/Trauma,35,1,4,0,0,0,9,,,No,No,Yes,NO,0
139888446,Asian,Male,[50-60),2,Urgent,1,Discharged to home,7,Emergency Room,6,Emergency/Trauma,2,5,16,0,0,2,9,,,Steady,Ch,Yes,>30,0
139940148,Caucasian,Male,[50-60),3,Elective,1,Discharged to home,1,Physician Referral,2,Cardiology,10,4,14,0,0,0,6,,,Down,Ch,Yes,NO,0
140068698,Caucasian,Male,[60-70),3,Elective,1,Discharged to home,1,Physician Referral,2,Cardiology,31,3,11,0,0,1,9,,,No,No,No,NO,0
140202054,Caucasian,Female,[50-60),2,Urgent,1,Discharged to home,1,Physician Referral,5,Cardiology,30,5,14,0,0,0,6,,,No,Ch,Yes,NO,0
140216484,AfricanAmerican,Female,[80-90),2,Urgent,6,Discharged/transferred to home with home health service,1,Physician Referral,2,Family/GeneralPractice,31,0,14,0,0,0,9,,,Steady,Ch,Yes,<30,1
140225190,Caucasian,Male,[60-70),3,Elective,6,Discharged/transferred to home with home health service,1,Physician Referral,13,,53,1,24,0,0,0,9,,,Steady,No,Yes,<30,1
140228640,AfricanAmerican,Female,[70-80),1,Emergency,6,Discharged/transferred to home with home health service,7,Emergency Room,3,,21,0,8,0,0,2,8,,,Steady,No,Yes,>30,0
140408334,Caucasian,Male,[50-60),1,Emergency,1,Discharged to home,7,Emergency Room,3,,1,4,10,0,0,0,7,,,No,Ch,Yes,NO,0
140434470,Caucasian,Male,[60-70),1,Emergency,1,Discharged to home,7,Emergency Room,1,InternalMedicine,50,0,2,0,0,0,5,,,No,No,No,NO,0
140530920,Caucasian,Male,[60-70),1,Emergency,1,Discharged to home,7,Emergency Room,9,,81,3,24,0,0,1,9,,,No,No,Yes,>30,0
140585466,,Male,[80-90),1,Emergency,11,Expired,7,Emergency Room,3,,48,4,19,0,0,0,9,,,Down,Ch,Yes,NO,0
140720808,Caucasian,Female,[70-80),3,Elective,1,Discharged to home,1,Physician Referral,2,Family/GeneralPractice,18,0,16,0,0,1,8,,,No,No,No,NO,0
140726742,Hispanic,Female,[50-60),1,Emergency,1,Discharged to home,7,Emergency Room,6,Pulmonology,63,0,20,0,0,0,3,,>7,Steady,Ch,Yes,NO,0
140753718,Caucasian,Female,[50-60),1,Emergency,1,Discharged to home,7,Emergency Room,3,,63,0,18,1,2,1,9,,Norm,Steady,No,Yes,NO,0
140795634,Caucasian,Male,[60-70),3,Elective,1,Discharged to home,1,Physician Referral,4,InternalMedicine,42,1,23,0,0,3,9,,,Steady,No,Yes,>30,0
140815656,Caucasian,Male,[70-80),3,Elective,1,Discharged to home,1,Physician Referral,3,Surgery-General,37,1,16,0,0,0,8,,,No,No,No,NO,0
140836008,Caucasian,Male,[50-60),1,Emergency,1,Discharged to home,7,Emergency Room,8,,2,3,22,0,0,0,9,,,Steady,No,Yes,>30,0
140866302,Caucasian,Female,[60-70),2,Urgent,1,Discharged to home,1,Physician Referral,10,Urology,21,5,19,0,0,1,9,,,No,No,No,NO,0
140881488,Caucasian,Male,[70-80),5,Not Available,1,Discharged to home,1,Physician Referral,5,,42,1,14,0,0,0,4,,,Steady,Ch,Yes,NO,0
140922570,Hispanic,Female,[50-60),3,Elective,1,Discharged to home,1,Physician Referral,1,Family/GeneralPractice,36,1,11,0,0,0,3,,,No,No,Yes,NO,0
140940894,AfricanAmerican,Female,[30-40),2,Urgent,1,Discharged to home,4,Transfer from a hospital,2,Nephrology,45,0,7,0,0,0,6,,,Steady,No,Yes,NO,0
140966520,Caucasian,Male,[60-70),1,Emergency,1,Discharged to home,7,Emergency Room,2,Cardiology,43,5,9,0,0,0,4,,,No,No,No,NO,0
141045804,Caucasian,Male,[60-70),3,Elective,1,Discharged to home,1,Physician Referral,7,,29,4,1,0,0,0,7,,,No,No,No,NO,0
141096024,Caucasian,Male,[70-80),3,Elective,1,Discharged to home,1,Physician Referral,8,Surgery-General,35,1,7,1,0,0,7,,,No,No,No,NO,0
141154344,Caucasian,Male,[50-60),1,Emergency,1,Discharged to home,7,Emergency Room,2,,10,0,12,0,0,0,8,,,No,Ch,Yes,NO,0
141176766,AfricanAmerican,Female,[50-60),1,Emergency,1,Discharged to home,7,Emergency Room,2,InternalMedicine,37,1,8,0,0,0,9,,,Up,Ch,Yes,>30,0
141177084,AfricanAmerican,Female,[40-50),1,Emergency,1,Discharged to home,7,Emergency Room,3,InternalMedicine,50,3,15,0,1,0,3,,>8,Up,Ch,Yes,NO,0
141202692,Caucasian,Male,[80-90),1,Emergency,22,Discharged/transferred to another rehab fac including rehab units of a hospital .,7,Emergency Room,7,,62,0,15,0,0,0,9,,,No,No,Yes,<30,1
141333846,AfricanAmerican,Male,[60-70),3,Elective,6,Discharged/transferred to home with home health service,1,Physician Referral,4,,27,1,23,0,0,0,8,,,No,No,No,>30,0
141389892,AfricanAmerican,Male,[60-70),3,Elective,2,Discharged/transferred to another short term hospital,1,Physician Referral,1,,41,0,4,0,0,0,5,,,Steady,Ch,Yes,<30,1
141467400,Caucasian,Male,[70-80),3,Elective,1,Discharged to home,1,Physician Referral,1,Radiologist,41,5,20,0,0,0,7,,,No,Ch,Yes,<30,1
141540240,Caucasian,Female,[60-70),1,Emergency,1,Discharged to home,7,Emergency Room,1,,3,0,8,0,1,1,6,,,Steady,No,Yes,>30,0
141659184,AfricanAmerican,Female,[50-60),1,Emergency,1,Discharged to home,7,Emergency Room,4,,49,0,10,0,0,0,5,,,No,No,No,>30,0
141696030,,Female,[70-80),3,Elective,2,Discharged/transferred to another short term hospital,5,Transfer from a Skilled Nursing Facility (SNF),8,,7,2,16,0,0,0,9,,,No,No,Yes,<30,1
141696930,Caucasian,Male,[80-90),1,Emergency,6,Discharged/transferred to home with home health service,7,Emergency Room,6,Cardiology,69,2,12,0,0,0,7,,,No,No,No,NO,0
141709134,AfricanAmerican,Female,[60-70),1,Emergency,11,Expired,7,Emergency Room,1,Family/GeneralPractice,54,3,24,0,0,0,9,,,Steady,No,Yes,NO,0
141791646,Caucasian,Male,[70-80),3,Elective,1,Discharged to home,1,Physician Referral,1,,32,0,11,2,0,1,8,,,Down,Ch,Yes,>30,0
141806436,Caucasian,Female,[70-80),3,Elective,6,Discharged/transferred to home with home health service,1,Physician Referral,13,,14,1,13,0,0,0,8,,,Steady,No,Yes,NO,0
141843978,Caucasian,Male,[50-60),5,Not Available,1,Discharged to home,1,Physician Referral,6,,37,0,14,0,0,1,7,,,No,No,No,>30,0
141848640,Caucasian,Male,[50-60),2,Urgent,1,Discharged to home,1,Physician Referral,6,Cardiology,30,3,15,0,0,1,9,,,No,No,Yes,NO,0
141924336,AfricanAmerican,Male,[50-60),1,Emergency,1,Discharged to home,7,Emergency Room,1,,39,0,9,0,0,1,9,,,No,No,Yes,>30,0
141946014,AfricanAmerican,Female,[60-70),1,Emergency,1,Discharged to home,7,Emergency Room,4,Nephrology,44,4,13,0,0,0,6,,,No,No,No,<30,1
141959970,AfricanAmerican,Female,[50-60),8,Not Mapped,1,Discharged to home,1,Physician Referral,1,Orthopedics-Reconstructive,29,1,10,0,0,0,5,,,No,No,No,NO,0
141968712,AfricanAmerican,Male,[60-70),1,Emergency,1,Discharged to home,7,Emergency Room,5,Family/GeneralPractice,53,0,12,0,1,0,8,,Norm,No,No,Yes,>30,0
142055022,Caucasian,Female,[70-80),3,Elective,3,Discharged/transferred to SNF,7,Emergency Room,8,Emergency/Trauma,17,2,3,0,0,0,9,,,No,No,No,NO,0
142075848,AfricanAmerican,Female,[60-70),1,Emergency,1,Discharged to home,7,Emergency Room,2,InternalMedicine,49,1,13,0,0,1,9,,,No,Ch,Yes,>30,0
142077540,Caucasian,Female,[60-70),3,Elective,6,Discharged/transferred to home with home health service,1,Physician Referral,7,Surgery-Cardiovascular,30,3,14,1,0,0,9,,,No,Ch,Yes,NO,0
142231554,AfricanAmerican,Female,[40-50),2,Urgent,1,Discharged to home,7,Emergency Room,3,Emergency/Trauma,31,0,5,0,0,0,4,,,Down,Ch,Yes,>30,0
142235742,Caucasian,Female,[50-60),2,Urgent,1,Discharged to home,7,Emergency Room,2,Emergency/Trauma,1,1,7,0,0,0,8,,,Up,Ch,Yes,>30,0
142241154,AfricanAmerican,Female,[50-60),3,Elective,1,Discharged to home,1,Physician Referral,7,InternalMedicine,29,1,18,0,1,0,7,,,Down,Ch,Yes,>30,0
142314852,Caucasian,Female,[70-80),2,Urgent,1,Discharged to home,1,Physician Referral,3,Family/GeneralPractice,48,1,19,0,0,1,9,,,Up,Ch,Yes,<30,1
142402776,Caucasian,Male,[40-50),1,Emergency,1,Discharged to home,7,Emergency Room,6,,30,0,12,0,0,0,8,,,Steady,Ch,Yes,NO,0
142475670,Caucasian,Female,[60-70),1,Emergency,1,Discharged to home,1,Physician Referral,3,,1,2,19,2,0,0,9,,,Steady,Ch,Yes,NO,0
142696854,Caucasian,Male,[60-70),3,Elective,1,Discharged to home,1,Physician Referral,1,Radiologist,6,2,6,0,0,1,9,,,Steady,No,Yes,>30,0
142718904,Caucasian,Male,[70-80),5,Not Available,1,Discharged to home,1,Physician Referral,3,,42,0,5,0,0,0,7,,,No,No,No,>30,0
142728900,AfricanAmerican,Female,[40-50),3,Elective,1,Discharged to home,1,Physician Referral,1,Cardiology,29,4,12,0,0,1,7,,,Steady,No,Yes,>30,0
142828128,Caucasian,Female,[80-90),2,Urgent,3,Discharged/transferred to SNF,7,Emergency Room,3,Emergency/Trauma,25,2,7,0,0,0,5,,,No,No,No,>30,0
142928268,Caucasian,Male,[90-100),2,Urgent,3,Discharged/transferred to SNF,7,Emergency Room,9,Emergency/Trauma,18,5,8,0,0,1,8,,,No,No,No,NO,0
143227788,AfricanAmerican,Female,[80-90),1,Emergency,3,Discharged/transferred to SNF,7,Emergency Room,13,Family/GeneralPractice,46,0,21,0,0,5,9,,,Steady,Ch,Yes,NO,0
143371602,Caucasian,Female,[60-70),1,Emergency,1,Discharged to home,7,Emergency Room,8,,58,0,26,0,0,0,9,,,Down,Ch,Yes,<30,1
143429676,Caucasian,Female,[70-80),1,Emergency,22,Discharged/transferred to another rehab fac including rehab units of a hospital .,7,Emergency Room,5,Family/GeneralPractice,43,3,16,0,0,2,9,,,No,No,Yes,>30,0
143436702,Caucasian,Male,[70-80),3,Elective,6,Discharged/transferred to home with home health service,1,Physician Referral,4,Surgery-Vascular,1,5,18,7,0,1,9,,,Down,Ch,Yes,>30,0
143465538,Caucasian,Male,[60-70),1,Emergency,11,Expired,7,Emergency Room,3,,70,3,27,0,0,0,9,,,Steady,No,Yes,NO,0
143533224,Caucasian,Male,[60-70),2,Urgent,1,Discharged to home,7,Emergency Room,6,Emergency/Trauma,1,3,16,0,0,0,9,,,No,Ch,Yes,NO,0
143536146,Caucasian,Female,[90-100),1,Emergency,3,Discharged/transferred to SNF,7,Emergency Room,7,InternalMedicine,43,0,19,0,0,0,4,,,No,No,No,NO,0
143646450,AfricanAmerican,Male,[30-40),1,Emergency,1,Discharged to home,7,Emergency Room,4,,1,1,19,0,0,1,9,,,Steady,No,Yes,>30,0
143663856,AfricanAmerican,Male,[60-70),1,Emergency,1,Discharged to home,7,Emergency Room,3,,67,0,17,1,0,0,9,,,No,No,No,>30,0
143725044,AfricanAmerican,Male,[50-60),1,Emergency,1,Discharged to home,7,Emergency Room,2,Nephrology,50,1,13,1,0,0,7,,,No,No,No,>30,0
143967798,AfricanAmerican,Male,[60-70),1,Emergency,3,Discharged/transferred to SNF,7,Emergency Room,5,,43,3,11,0,0,0,5,,,No,No,No,>30,0
143970570,Caucasian,Female,[60-70),3,Elective,1,Discharged to home,1,Physician Referral,3,,29,1,11,0,0,1,8,,,No,No,Yes,NO,0
144025734,Caucasian,Male,[40-50),1,Emergency,6,Discharged/transferred to home with home health service,7,Emergency Room,7,,3,0,11,0,0,1,9,,,Steady,Ch,Yes,>30,0
144046752,AfricanAmerican,Female,[30-40),1,Emergency,1,Discharged to home,7,Emergency Room,1,,37,0,10,0,1,3,8,,,Steady,No,Yes,>30,0
144113430,Caucasian,Female,[80-90),3,Elective,6,Discharged/transferred to home with home health service,1,Physician Referral,12,Cardiology,10,0,15,0,0,2,9,,,Down,Ch,Yes,>30,0
144144300,Caucasian,Female,[80-90),2,Urgent,4,Discharged/transferred to ICF,7,Emergency Room,1,Emergency/Trauma,1,0,17,0,0,1,9,,,Steady,Ch,Yes,>30,0
144144540,AfricanAmerican,Female,[80-90),3,Elective,6,Discharged/transferred to home with home health service,1,Physician Referral,1,InternalMedicine,15,0,12,0,0,1,9,,,Steady,No,Yes,>30,0
144169140,Caucasian,Male,[30-40),1,Emergency,2,Discharged/transferred to another short term hospital,7,Emergency Room,1,Cardiology,70,0,10,0,0,0,9,,Norm,No,No,Yes,>30,0
144211638,Caucasian,Male,[60-70),5,Not Available,23,Discharged/transferred to a long term care hospital.,1,Physician Referral,5,,33,1,21,0,0,0,9,,Norm,Up,Ch,Yes,>30,0
144247188,Caucasian,Female,[50-60),2,Urgent,1,Discharged to home,7,Emergency Room,1,Emergency/Trauma,8,0,5,0,0,0,5,,,No,No,Yes,>30,0
144253542,Caucasian,Male,[40-50),1,Emergency,1,Discharged to home,7,Emergency Room,1,,3,0,8,0,0,0,7,,,No,No,No,NO,0
144305916,AfricanAmerican,Male,[40-50),1,Emergency,1,Discharged to home,7,Emergency Room,1,,4,0,7,0,0,1,5,,,No,No,Yes,NO,0
144411744,AfricanAmerican,Male,[60-70),1,Emergency,1,Discharged to home,7,Emergency Room,2,,2,2,5,0,0,0,9,,,Steady,No,Yes,>30,0
144451926,AfricanAmerican,Male,[40-50),1,Emergency,1,Discharged to home,7,Emergency Room,3,,34,0,10,0,0,2,4,,,Steady,Ch,Yes,>30,0
144470328,Caucasian,Male,[60-70),2,Urgent,1,Discharged to home,7,Emergency Room,8,Emergency/Trauma,9,3,14,0,3,3,9,,,No,No,No,NO,0
144471384,AfricanAmerican,Male,[70-80),1,Emergency,6,Discharged/transferred to home with home health service,7,Emergency Room,5,,32,1,16,0,0,0,9,,,No,No,No,>30,0
144509712,Caucasian,Male,[30-40),2,Urgent,1,Discharged to home,7,Emergency Room,2,Emergency/Trauma,1,0,9,0,1,2,8,,,Up,Ch,Yes,NO,0
144563976,Caucasian,Female,[60-70),2,Urgent,1,Discharged to home,1,Physician Referral,8,InternalMedicine,7,0,7,0,0,0,9,,,Up,Ch,Yes,NO,0
144777306,Caucasian,Male,[60-70),8,Not Mapped,6,Discharged/transferred to home with home health service,4,Transfer from a hospital,1,Cardiology,8,2,17,0,0,0,5,,,Down,Ch,Yes,NO,0
144850314,Caucasian,Female,[70-80),2,Urgent,1,Discharged to home,1,Physician Referral,9,PhysicalMedicineandRehabilitation,41,2,16,0,0,1,4,,,No,No,Yes,<30,1
145021722,Caucasian,Male,[50-60),1,Emergency,1,Discharged to home,7,Emergency Room,6,,44,1,12,0,0,0,7,,,No,Ch,Yes,>30,0
145037046,AfricanAmerican,Male,[70-80),2,Urgent,11,Expired,1,Physician Referral,5,Surgery-Vascular,35,2,10,1,0,0,9,,,No,No,No,NO,0
145055352,Caucasian,Male,[80-90),1,Emergency,1,Discharged to home,7,Emergency Room,6,,75,0,8,0,1,0,9,,,No,No,No,NO,0
145056228,AfricanAmerican,Female,[50-60),2,Urgent,1,Discharged to home,1,Physician Referral,11,Family/GeneralPractice,6,1,9,1,1,3,5,,,Steady,No,Yes,<30,1
145149876,Caucasian,Male,[50-60),1,Emergency,1,Discharged to home,7,Emergency Room,6,Surgery-Cardiovascular/Thoracic,59,6,60,0,0,0,8,,,No,No,No,NO,0
145172238,AfricanAmerican,Male,[50-60),2,Urgent,1,Discharged to home,1,Physician Referral,1,Gastroenterology,6,0,6,0,0,0,7,,,No,Ch,Yes,>30,0
145238202,Caucasian,Male,[80-90),5,Not Available,1,Discharged to home,1,Physician Referral,1,,37,0,12,0,0,0,9,,>7,No,Ch,Yes,NO,0
145244202,Caucasian,Male,[70-80),2,Urgent,1,Discharged to home,7,Emergency Room,3,Family/GeneralPractice,31,0,10,0,2,0,9,,,No,No,No,<30,1
145247166,Caucasian,Male,[50-60),5,Not Available,1,Discharged to home,1,Physician Referral,4,,31,0,15,1,0,0,8,,,No,Ch,Yes,>30,0
145247322,Caucasian,Male,[50-60),1,Emergency,1,Discharged to home,7,Emergency Room,2,Cardiology,68,6,16,0,0,0,9,,,No,No,No,<30,1
145535958,Caucasian,Female,[80-90),1,Emergency,1,Discharged to home,7,Emergency Room,2,,36,0,3,0,0,0,6,,,No,No,No,<30,1
145605558,Caucasian,Male,[70-80),5,Not Available,3,Discharged/transferred to SNF,1,Physician Referral,4,,43,0,21,1,0,0,9,,,Up,Ch,Yes,>30,0
145652736,Caucasian,Female,[60-70),2,Urgent,3,Discharged/transferred to SNF,7,Emergency Room,5,Emergency/Trauma,25,3,19,0,0,2,9,,,Down,Ch,Yes,>30,0
145667004,AfricanAmerican,Male,[60-70),2,Urgent,1,Discharged to home,7,Emergency Room,2,Emergency/Trauma,52,0,9,0,0,2,8,,>8,Steady,No,Yes,>30,0
145667856,Caucasian,Female,[70-80),3,Elective,1,Discharged to home,1,Physician Referral,1,ObstetricsandGynecology,19,3,16,0,0,0,5,,,Steady,No,Yes,NO,0
145684986,AfricanAmerican,Male,[40-50),1,Emergency,1,Discharged to home,1,Physician Referral,2,,3,0,10,0,0,1,8,,,Steady,Ch,Yes,>30,0
145719462,Caucasian,Female,[70-80),3,Elective,2,Discharged/transferred to another short term hospital,1,Physician Referral,1,Cardiology,33,3,8,0,0,0,5,,,No,No,No,NO,0
145776924,AfricanAmerican,Male,[50-60),3,Elective,1,Discharged to home,1,Physician Referral,2,Cardiology,29,0,9,0,3,0,4,,,No,No,Yes,NO,0
145798980,Caucasian,Male,[20-30),3,Elective,6,Discharged/transferred to home with home health service,1,Physician Referral,7,Urology,36,2,29,0,0,0,7,,>8,Up,Ch,Yes,NO,0
145915692,Caucasian,Male,[60-70),1,Emergency,6,Discharged/transferred to home with home health service,7,Emergency Room,4,,34,0,21,0,1,1,9,,,No,No,No,>30,0
145938756,Caucasian,Female,[70-80),1,Emergency,1,Discharged to home,7,Emergency Room,9,,11,0,13,0,0,2,9,,,Steady,Ch,Yes,NO,0
145948404,Caucasian,Female,[60-70),2,Urgent,1,Discharged to home,7,Emergency Room,5,Emergency/Trauma,69,0,20,0,0,0,8,,,Down,Ch,Yes,NO,0
145961190,AfricanAmerican,Male,[50-60),1,Emergency,1,Discharged to home,7,Emergency Room,2,,34,1,19,0,0,0,9,,,No,No,No,NO,0
145990716,Hispanic,Female,[30-40),5,Not Available,1,Discharged to home,1,Physician Referral,3,,16,3,10,0,0,0,4,,,Steady,No,Yes,NO,0
146018166,Caucasian,Male,[50-60),3,Elective,1,Discharged to home,1,Physician Referral,2,OutreachServices,1,0,4,0,0,0,7,,,Steady,Ch,Yes,NO,0
146091900,AfricanAmerican,Male,[60-70),2,Urgent,6,Discharged/transferred to home with home health service,1,Physician Referral,2,Family/GeneralPractice,35,1,12,0,0,0,3,,,No,No,No,NO,0
146105760,Caucasian,Female,[60-70),1,Emergency,1,Discharged to home,7,Emergency Room,8,,3,3,18,0,0,0,9,,,Down,Ch,Yes,NO,0
146125260,Caucasian,Female,[80-90),2,Urgent,6,Discharged/transferred to home with home health service,1,Physician Referral,8,InternalMedicine,32,1,22,0,0,1,9,,,No,No,No,>30,0
146153196,Caucasian,Male,[80-90),1,Emergency,3,Discharged/transferred to SNF,7,Emergency Room,9,,3,0,15,2,0,2,9,,,Steady,No,Yes,<30,1
146228748,Caucasian,Female,[60-70),2,Urgent,3,Discharged/transferred to SNF,7,Emergency Room,3,Surgery-General,1,1,11,0,0,1,9,,,No,No,Yes,NO,0
146263224,AfricanAmerican,Male,[70-80),1,Emergency,6,Discharged/transferred to home with home health service,7,Emergency Room,4,,55,2,7,0,0,1,8,,,No,No,No,>30,0
146277966,AfricanAmerican,Female,[50-60),1,Emergency,1,Discharged to home,7,Emergency Room,2,InternalMedicine,43,0,8,0,0,0,5,,,Up,Ch,Yes,NO,0
146402640,Caucasian,Female,[80-90),1,Emergency,3,Discharged/transferred to SNF,7,Emergency Room,4,,37,0,11,0,0,0,7,,,No,Ch,Yes,>30,0
146450088,Caucasian,Male,[80-90),1,Emergency,6,Discharged/transferred to home with home health service,7,Emergency Room,9,,80,1,10,0,0,0,9,,,Steady,No,Yes,>30,0
146458896,AfricanAmerican,Female,[70-80),1,Emergency,2,Discharged/transferred to another short term hospital,7,Emergency Room,2,,12,3,13,0,0,0,9,,,No,No,Yes,>30,0
146516952,AfricanAmerican,Female,[70-80),3,Elective,1,Discharged to home,1,Physician Referral,1,Cardiology,38,2,16,0,0,0,4,,,No,Ch,Yes,NO,0
146531568,Caucasian,Female,[60-70),2,Urgent,1,Discharged to home,1,Physician Referral,2,Cardiology,33,3,14,0,0,1,9,,,No,No,Yes,>30,0
146545212,Caucasian,Male,[80-90),2,Urgent,1,Discharged to home,1,Physician Referral,6,Cardiology,41,0,15,4,0,0,9,,,Steady,Ch,Yes,>30,0
146581626,Caucasian,Female,[70-80),1,Emergency,6,Discharged/transferred to home with home health service,7,Emergency Room,3,,39,0,13,0,0,0,9,,,No,No,Yes,>30,0
146671026,AfricanAmerican,Male,[50-60),2,Urgent,1,Discharged to home,7,Emergency Room,3,Emergency/Trauma,42,4,17,0,0,0,8,,,Steady,Ch,Yes,NO,0
146671056,Caucasian,Female,[70-80),1,Emergency,1,Discharged to home,7,Emergency Room,6,,52,1,35,0,0,0,9,,,Steady,Ch,Yes,NO,0
146678316,Caucasian,Male,[50-60),5,Not Available,1,Discharged to home,1,Physician Referral,4,,29,3,18,0,0,0,7,,,Steady,Ch,Yes,NO,0
146689008,Caucasian,Male,[60-70),2,Urgent,1,Discharged to home,7,Emergency Room,1,Emergency/Trauma,61,0,11,0,0,2,9,,,Up,Ch,Yes,NO,0
146717592,Caucasian,Male,[70-80),1,Emergency,1,Discharged to home,7,Emergency Room,5,,28,1,14,0,0,0,9,,,No,No,No,>30,0
146739342,AfricanAmerican,Female,[60-70),1,Emergency,1,Discharged to home,7,Emergency Room,7,,1,2,9,1,0,0,9,,,No,No,No,>30,0
146749644,Caucasian,Male,[80-90),1,Emergency,1,Discharged to home,7,Emergency Room,4,Gastroenterology,40,0,12,0,0,0,9,,,No,Ch,Yes,>30,0
146763336,Caucasian,Female,[70-80),3,Elective,6,Discharged/transferred to home with home health service,1,Physician Referral,2,Orthopedics,1,1,17,0,0,0,7,,,No,No,Yes,>30,0
146764008,Caucasian,Male,[70-80),6,NULL,1,Discharged to home,7,Emergency Room,2,InternalMedicine,45,1,9,0,0,0,6,>200,,No,No,Yes,>30,0
146802258,Caucasian,Female,[60-70),8,Not Mapped,1,Discharged to home,1,Physician Referral,2,Orthopedics-Reconstructive,2,3,20,0,0,0,5,,,Steady,Ch,Yes,NO,0
146803278,AfricanAmerican,Male,[20-30),1,Emergency,1,Discharged to home,7,Emergency Room,8,InternalMedicine,52,2,26,0,1,0,9,,,Up,Ch,Yes,>30,0
146839986,Caucasian,Female,[40-50),2,Urgent,6,Discharged/transferred to home with home health service,1,Physician Referral,7,,69,2,21,0,0,1,9,,,Steady,Ch,Yes,NO,0
146850918,Caucasian,Female,[60-70),1,Emergency,6,Discharged/transferred to home with home health service,7,Emergency Room,3,,39,0,14,0,0,0,9,,,No,No,Yes,>30,0
146875338,Caucasian,Female,[60-70),3,Elective,1,Discharged to home,1,Physician Referral,1,,21,2,27,1,0,0,9,,,Steady,Ch,Yes,>30,0
146880426,Caucasian,Female,[40-50),3,Elective,1,Discharged to home,2,Clinic Referral,3,Gynecology,25,3,18,0,0,1,7,,,Down,Ch,Yes,>30,0
146909964,Caucasian,Female,[90-100),1,Emergency,3,Discharged/transferred to SNF,7,Emergency Room,3,,51,0,8,0,0,0,9,,,No,No,Yes,NO,0
146913552,AfricanAmerican,Male,[60-70),3,Elective,3,Discharged/transferred to SNF,1,Physician Referral,9,Urology,30,1,30,0,0,0,8,,,Up,Ch,Yes,<30,1
146935944,Caucasian,Male,[80-90),1,Emergency,3,Discharged/transferred to SNF,7,Emergency Room,13,,50,3,22,0,0,0,9,,,No,No,Yes,NO,0
146941266,Caucasian,Male,[60-70),2,Urgent,1,Discharged to home,1,Physician Referral,3,Family/GeneralPractice,2,0,20,1,0,1,8,,,Steady,Ch,Yes,>30,0
147001620,Caucasian,Male,[80-90),3,Elective,6,Discharged/transferred to home with home health service,1,Physician Referral,7,,52,4,35,0,0,0,9,,,Down,Ch,Yes,>30,0
147038652,Caucasian,Female,[80-90),1,Emergency,6,Discharged/transferred to home with home health service,7,Emergency Room,7,,63,1,23,0,0,0,9,,,Steady,Ch,Yes,>30,0
147039096,Caucasian,Female,[60-70),3,Elective,3,Discharged/transferred to SNF,1,Physician Referral,3,,62,3,25,0,0,0,9,,,No,No,Yes,<30,1
147091482,AfricanAmerican,Female,[50-60),2,Urgent,2,Discharged/transferred to another short term hospital,1,Physician Referral,2,InternalMedicine,42,0,16,1,0,2,9,,,Up,Ch,Yes,>30,0
147107856,Hispanic,Female,[50-60),2,Urgent,1,Discharged to home,7,Emergency Room,2,Emergency/Trauma,60,0,2,0,0,0,4,,Norm,No,No,No,NO,0
147216510,Caucasian,Male,[50-60),3,Elective,1,Discharged to home,1,Physician Referral,2,Orthopedics-Reconstructive,26,3,31,0,0,0,5,,,Steady,Ch,Yes,NO,0
147229242,AfricanAmerican,Male,[60-70),1,Emergency,1,Discharged to home,7,Emergency Room,2,InternalMedicine,47,0,11,0,0,0,7,,,Steady,No,Yes,NO,0
147271476,AfricanAmerican,Female,[70-80),1,Emergency,6,Discharged/transferred to home with home health service,7,Emergency Room,6,InternalMedicine,44,0,19,0,2,0,8,,,Steady,Ch,Yes,NO,0
147301782,Caucasian,Male,[40-50),1,Emergency,1,Discharged to home,1,Physician Referral,1,,52,0,10,0,0,0,9,,,Steady,Ch,Yes,NO,0
147310296,Caucasian,Female,[90-100),5,Not Available,3,Discharged/transferred to SNF,1,Physician Referral,3,,59,1,12,1,0,0,5,,,No,No,Yes,>30,0
147322140,AfricanAmerican,Female,[80-90),2,Urgent,3,Discharged/transferred to SNF,7,Emergency Room,9,Emergency/Trauma,33,5,16,0,0,0,9,,,Steady,No,Yes,>30,0
147325014,Caucasian,Male,[70-80),1,Emergency,3,Discharged/transferred to SNF,1,Physician Referral,4,,49,0,21,0,0,1,9,,>7,Up,Ch,Yes,NO,0
147328776,AfricanAmerican,Female,[70-80),1,Emergency,1,Discharged to home,7,Emergency Room,3,Oncology,45,0,11,0,0,0,9,,,No,No,Yes,NO,0
147340170,AfricanAmerican,Male,[40-50),1,Emergency,1,Discharged to home,1,Physician Referral,4,,48,0,17,0,0,2,7,,,Steady,No,Yes,<30,1
147399402,Caucasian,Female,[70-80),1,Emergency,6,Discharged/transferred to home with home health service,1,Physician Referral,3,Radiologist,9,0,14,0,0,1,9,,,Down,Ch,Yes,>30,0
147411438,Caucasian,Male,[70-80),1,Emergency,2,Discharged/transferred to another short term hospital,7,Emergency Room,3,,57,2,20,0,1,1,9,,,No,No,No,<30,1
147500334,Caucasian,Male,[80-90),5,Not Available,1,Discharged to home,1,Physician Referral,2,,50,0,8,0,0,0,9,,,No,No,No,>30,0
147578394,Other,Male,[40-50),2,Urgent,1,Discharged to home,7,Emergency Room,2,Surgery-General,8,3,5,0,1,0,8,,,No,No,Yes,NO,0
147623166,Caucasian,Male,[40-50),6,NULL,1,Discharged to home,7,Emergency Room,5,,44,0,10,0,0,6,6,>300,,Up,Ch,Yes,<30,1
147727998,Caucasian,Male,[60-70),1,Emergency,1,Discharged to home,7,Emergency Room,2,,24,4,9,0,0,0,6,,,No,Ch,Yes,NO,0
147728226,Caucasian,Male,[70-80),5,Not Available,6,Discharged/transferred to home with home health service,1,Physician Referral,3,,46,1,16,0,0,1,9,,,No,No,No,NO,0
147782484,Caucasian,Male,[50-60),2,Urgent,1,Discharged to home,1,Physician Referral,2,InternalMedicine,40,3,20,0,0,0,5,,,No,No,No,NO,0
147844080,Caucasian,Female,[80-90),2,Urgent,3,Discharged/transferred to SNF,7,Emergency Room,6,Surgery-General,25,0,1,0,0,0,9,,,No,No,No,NO,0
147897294,Caucasian,Male,[80-90),5,Not Available,3,Discharged/transferred to SNF,1,Physician Referral,7,,34,0,12,0,0,0,9,,,No,No,No,NO,0
147931806,Caucasian,Male,[20-30),1,Emergency,4,Discharged/transferred to ICF,7,Emergency Room,1,InternalMedicine,34,0,3,0,0,0,2,,,Steady,No,Yes,NO,0
148030656,Caucasian,Female,[40-50),3,Elective,22,Discharged/transferred to another rehab fac including rehab units of a hospital .,1,Physician Referral,4,Radiologist,10,1,25,0,0,0,7,,,No,No,Yes,>30,0
148115334,Caucasian,Female,[70-80),2,Urgent,1,Discharged to home,1,Physician Referral,1,Cardiology,12,0,11,0,0,0,9,,,No,Ch,Yes,NO,0
148131288,Caucasian,Male,[70-80),1,Emergency,22,Discharged/transferred to another rehab fac including rehab units of a hospital .,7,Emergency Room,10,,68,1,18,0,0,2,9,,,Down,Ch,Yes,<30,1
148146096,Caucasian,Male,[50-60),1,Emergency,1,Discharged to home,7,Emergency Room,2,Emergency/Trauma,6,3,5,0,0,0,6,,,No,Ch,Yes,NO,0
148172910,Caucasian,Female,[50-60),5,Not Available,1,Discharged to home,1,Physician Referral,3,,9,2,18,1,0,0,5,,,Up,Ch,Yes,NO,0
148247064,Caucasian,Male,[60-70),6,NULL,1,Discharged to home,17,NULL,3,Pulmonology,41,1,29,0,0,1,9,,,No,No,Yes,>30,0
148375626,Caucasian,Male,[60-70),1,Emergency,14,Hospice / medical facility,7,Emergency Room,3,Orthopedics,76,3,33,0,0,0,9,,,Steady,No,Yes,NO,0
148378362,Caucasian,Female,[70-80),1,Emergency,3,Discharged/transferred to SNF,7,Emergency Room,3,Cardiology,52,0,22,0,0,1,8,,,Up,Ch,Yes,<30,1
148439796,Caucasian,Male,[50-60),1,Emergency,1,Discharged to home,7,Emergency Room,6,,1,0,9,0,0,0,9,,,No,Ch,Yes,NO,0
148462926,AfricanAmerican,Female,[90-100),1,Emergency,4,Discharged/transferred to ICF,7,Emergency Room,4,,39,0,14,0,0,3,9,,,Steady,No,Yes,NO,0
148465446,AfricanAmerican,Male,[40-50),2,Urgent,1,Discharged to home,1,Physician Referral,11,Family/GeneralPractice,47,0,16,0,0,0,7,,,Down,Ch,Yes,>30,0
148484100,Caucasian,Male,[70-80),2,Urgent,1,Discharged to home,1,Physician Referral,5,InternalMedicine,45,0,13,0,0,0,9,,,Steady,Ch,Yes,>30,0
148502484,Caucasian,Female,[90-100),1,Emergency,1,Discharged to home,7,Emergency Room,5,,48,0,11,0,0,1,7,,,No,Ch,Yes,>30,0
148517676,AfricanAmerican,Female,[20-30),1,Emergency,1,Discharged to home,7,Emergency Room,1,InternalMedicine,28,0,5,0,0,0,4,,,Up,Ch,Yes,NO,0
148526172,Caucasian,Male,[60-70),2,Urgent,1,Discharged to home,1,Physician Referral,5,,41,3,5,0,0,0,9,,,No,No,No,NO,0
148527642,Caucasian,Female,[60-70),1,Emergency,1,Discharged to home,7,Emergency Room,9,,40,2,8,0,0,0,9,,,No,No,No,>30,0
148536888,Caucasian,Male,[80-90),2,Urgent,3,Discharged/transferred to SNF,7,Emergency Room,2,InternalMedicine,62,1,7,0,0,3,9,,,No,No,No,NO,0
148585944,AfricanAmerican,Female,[70-80),3,Elective,6,Discharged/transferred to home with home health service,1,Physician Referral,8,Cardiology,56,5,38,0,0,0,9,,,No,No,No,<30,1
148628022,Caucasian,Female,[80-90),5,Not Available,1,Discharged to home,1,Physician Referral,1,,38,0,9,0,0,1,9,,Norm,No,No,No,NO,0
148720416,Caucasian,Female,[80-90),1,Emergency,3,Discharged/transferred to SNF,7,Emergency Room,5,,43,1,21,1,0,2,8,,,Steady,Ch,Yes,>30,0
148721214,AfricanAmerican,Female,[70-80),1,Emergency,1,Discharged to home,7,Emergency Room,4,,40,1,12,0,0,0,9,,,No,No,Yes,>30,0
148783482,Caucasian,Male,[70-80),3,Elective,13,Hospice / home,1,Physician Referral,3,Surgery-General,42,3,16,1,0,0,9,,,No,No,Yes,NO,0
148850898,Caucasian,Male,[80-90),3,Elective,3,Discharged/transferred to SNF,1,Physician Referral,3,,58,0,13,1,0,1,5,,,Down,Ch,Yes,>30,0
148882062,Asian,Female,[70-80),1,Emergency,1,Discharged to home,7,Emergency Room,1,Family/GeneralPractice,32,0,3,1,0,0,7,,,No,No,Yes,NO,0
148942476,Caucasian,Female,[60-70),8,Not Mapped,1,Discharged to home,1,Physician Referral,3,ObstetricsandGynecology,33,3,15,0,0,0,5,,,No,No,Yes,NO,0
148965630,Caucasian,Male,[80-90),5,Not Available,6,Discharged/transferred to home with home health service,1,Physician Referral,9,,48,1,14,0,0,0,7,,,Up,Ch,Yes,<30,1
149033808,AfricanAmerican,Male,[60-70),1,Emergency,1,Discharged to home,7,Emergency Room,6,,60,0,7,0,0,0,7,,,No,No,No,NO,0
149073978,Caucasian,Male,[70-80),3,Elective,1,Discharged to home,1,Physician Referral,5,InternalMedicine,27,2,9,0,0,1,9,,,No,No,Yes,>30,0
149115324,AfricanAmerican,Female,[80-90),1,Emergency,1,Discharged to home,7,Emergency Room,3,,59,0,7,0,0,0,9,,,Steady,No,Yes,>30,0
149116656,Other,Female,[30-40),3,Elective,1,Discharged to home,7,Emergency Room,6,Surgery-General,24,0,5,0,0,0,3,,,Up,Ch,Yes,NO,0
149269866,Caucasian,Male,[60-70),5,Not Available,2,Discharged/transferred to another short term hospital,1,Physician Referral,3,,47,0,20,0,0,0,9,,,No,Ch,Yes,NO,0
149273700,Caucasian,Male,[40-50),1,Emergency,5,Discharged/transferred to another type of inpatient care institution,6,Transfer from another health care facility,6,,64,0,5,0,0,0,8,,,No,No,No,>30,0
149285844,AfricanAmerican,Female,[50-60),3,Elective,11,Expired,1,Physician Referral,3,Surgery-General,40,3,26,0,0,0,6,,,No,No,No,NO,0
149335320,Caucasian,Male,[70-80),5,Not Available,6,Discharged/transferred to home with home health service,1,Physician Referral,1,,43,0,10,2,0,1,8,,Norm,No,No,No,>30,0
149341128,Caucasian,Male,[70-80),2,Urgent,1,Discharged to home,1,Physician Referral,2,InternalMedicine,35,0,5,0,0,0,9,,,Steady,Ch,Yes,NO,0
149385954,Caucasian,Male,[50-60),5,Not Available,1,Discharged to home,1,Physician Referral,7,,2,0,9,0,0,1,7,,,No,No,Yes,>30,0
149451924,AfricanAmerican,Male,[60-70),1,Emergency,1,Discharged to home,7,Emergency Room,1,InternalMedicine,75,0,12,0,0,0,9,,>8,Steady,No,Yes,>30,0
149465808,Caucasian,Male,[70-80),3,Elective,1,Discharged to home,1,Physician Referral,1,Radiologist,34,3,10,0,0,1,4,,,No,No,Yes,NO,0
149480796,Caucasian,Male,[70-80),3,Elective,3,Discharged/transferred to SNF,1,Physician Referral,12,,53,0,22,0,0,0,7,,,Down,Ch,Yes,>30,0
149490396,AfricanAmerican,Male,[80-90),1,Emergency,1,Discharged to home,7,Emergency Room,7,,49,0,11,0,0,0,9,,,Steady,No,Yes,NO,0
149503644,Caucasian,Male,[80-90),1,Emergency,1,Discharged to home,7,Emergency Room,3,,53,1,12,0,0,0,9,,,No,No,No,<30,1
149508786,Caucasian,Male,[60-70),3,Elective,1,Discharged to home,1,Physician Referral,1,,8,2,7,0,1,0,9,,,No,No,Yes,>30,0
149552430,Caucasian,Female,[70-80),2,Urgent,1,Discharged to home,1,Physician Referral,6,Cardiology,54,3,23,0,0,1,9,,,Steady,Ch,Yes,>30,0
149592072,AfricanAmerican,Female,[70-80),1,Emergency,1,Discharged to home,7,Emergency Room,7,,62,3,28,0,0,0,9,,,No,No,No,<30,1
149612262,Caucasian,Female,[70-80),5,Not Available,6,Discharged/transferred to home with home health service,1,Physician Referral,9,,51,2,25,0,0,0,6,,>8,Steady,Ch,Yes,>30,0
149658228,Caucasian,Male,[80-90),3,Elective,1,Discharged to home,1,Physician Referral,1,Cardiology,37,2,22,0,0,1,6,,,No,No,Yes,>30,0
149663454,Caucasian,Female,[70-80),2,Urgent,1,Discharged to home,7,Emergency Room,5,Emergency/Trauma,26,1,12,0,0,2,3,,,No,No,Yes,>30,0
149671548,Caucasian,Male,[80-90),2,Urgent,6,Discharged/transferred to home with home health service,1,Physician Referral,12,PhysicalMedicineandRehabilitation,37,2,11,0,0,3,9,,,No,No,Yes,>30,0
149704572,Caucasian,Male,[70-80),1,Emergency,6,Discharged/transferred to home with home health service,7,Emergency Room,9,,81,3,24,0,0,0,9,,,No,No,No,>30,0
149715120,Caucasian,Female,[80-90),2,Urgent,1,Discharged to home,1,Physician Referral,13,Nephrology,55,1,27,0,0,0,9,,,Steady,Ch,Yes,<30,1
149776674,Caucasian,Female,[80-90),1,Emergency,13,Hospice / home,1,Physician Referral,10,,67,2,27,0,0,0,9,,,Steady,Ch,Yes,NO,0
149800962,Caucasian,Male,[70-80),3,Elective,22,Discharged/transferred to another rehab fac including rehab units of a hospital .,1,Physician Referral,3,Orthopedics-Reconstructive,32,1,14,0,0,0,9,,,No,No,Yes,NO,0
149849226,Caucasian,Male,[20-30),1,Emergency,11,Expired,7,Emergency Room,2,,23,0,8,0,0,0,4,,,Steady,No,Yes,NO,0
149852238,Caucasian,Female,[70-80),1,Emergency,22,Discharged/transferred to another rehab fac including rehab units of a hospital .,7,Emergency Room,3,,12,0,11,0,0,0,6,,,No,Ch,Yes,<30,1
150010596,Caucasian,Male,[60-70),1,Emergency,22,Discharged/transferred to another rehab fac including rehab units of a hospital .,7,Emergency Room,3,,50,0,12,0,0,0,9,,,No,No,Yes,<30,1
150104364,Caucasian,Female,[50-60),2,Urgent,3,Discharged/transferred to SNF,6,Transfer from another health care facility,6,,61,2,22,0,0,0,9,,,No,No,No,NO,0
150156042,AfricanAmerican,Female,[50-60),1,Emergency,6,Discharged/transferred to home with home health service,7,Emergency Room,11,,45,0,35,1,0,0,9,,,Steady,No,Yes,NO,0
150275760,Caucasian,Male,[60-70),3,Elective,1,Discharged to home,1,Physician Referral,7,Nephrology,52,3,22,0,0,0,2,,,No,No,No,NO,0
150307272,Caucasian,Male,[80-90),2,Urgent,22,Discharged/transferred to another rehab fac including rehab units of a hospital .,1,Physician Referral,12,InternalMedicine,43,3,26,2,0,3,9,,,Down,Ch,Yes,<30,1
150318966,Caucasian,Male,[50-60),6,NULL,1,Discharged to home,17,NULL,5,Orthopedics-Reconstructive,50,3,22,0,0,0,5,,,No,No,Yes,NO,0
150383664,Caucasian,Male,[70-80),5,Not Available,3,Discharged/transferred to SNF,1,Physician Referral,4,,42,0,16,1,1,0,9,,,Steady,No,Yes,>30,0
150385032,Caucasian,Male,[40-50),1,Emergency,1,Discharged to home,7,Emergency Room,3,,43,0,10,0,0,0,2,,,No,No,No,NO,0
150385512,Caucasian,Male,[40-50),2,Urgent,1,Discharged to home,1,Physician Referral,4,Family/GeneralPractice,9,1,11,0,1,0,8,,,Steady,No,Yes,NO,0
150386502,AfricanAmerican,Female,[70-80),1,Emergency,3,Discharged/transferred to SNF,5,Transfer from a Skilled Nursing Facility (SNF),4,Family/GeneralPractice,41,0,15,1,1,1,8,,,Up,Ch,Yes,>30,0
150399810,Caucasian,Female,[80-90),1,Emergency,1,Discharged to home,7,Emergency Room,4,,35,0,14,0,0,1,9,,,Steady,Ch,Yes,>30,0
150401742,Asian,Female,[70-80),2,Urgent,1,Discharged to home,7,Emergency Room,2,Emergency/Trauma,13,0,7,0,0,0,9,,,No,No,Yes,NO,0
150403194,AfricanAmerican,Female,[70-80),1,Emergency,1,Discharged to home,7,Emergency Room,2,InternalMedicine,39,0,12,0,0,1,6,,,Up,Ch,Yes,NO,0
150412194,AfricanAmerican,Male,[70-80),1,Emergency,6,Discharged/transferred to home with home health service,7,Emergency Room,6,,47,0,16,0,0,1,9,,,No,No,No,>30,0
150466980,Caucasian,Male,[40-50),2,Urgent,23,Discharged/transferred to a long term care hospital.,1,Physician Referral,3,Family/GeneralPractice,1,0,12,0,1,1,5,,,No,Ch,Yes,>30,0
150545220,Caucasian,Female,[60-70),1,Emergency,1,Discharged to home,1,Physician Referral,1,,16,2,6,1,0,0,8,,,Up,Ch,Yes,>30,0
150561960,AfricanAmerican,Male,[70-80),1,Emergency,1,Discharged to home,7,Emergency Room,2,InternalMedicine,53,2,6,0,0,0,5,,,Steady,No,Yes,>30,0
150708840,Caucasian,Female,[90-100),3,Elective,3,Discharged/transferred to SNF,1,Physician Referral,5,InternalMedicine,55,0,17,0,0,1,9,,,Down,Ch,Yes,>30,0
150713208,Caucasian,Male,[70-80),2,Urgent,1,Discharged to home,1,Physician Referral,1,Oncology,42,0,7,1,0,0,6,,,No,No,No,NO,0
150727524,Caucasian,Female,[70-80),2,Urgent,1,Discharged to home,7,Emergency Room,7,Emergency/Trauma,59,0,22,4,0,1,9,,,Down,Ch,Yes,NO,0
150856656,Caucasian,Male,[60-70),2,Urgent,1,Discharged to home,7,Emergency Room,3,Emergency/Trauma,66,0,13,0,0,0,9,,,No,Ch,Yes,NO,0
150958992,Caucasian,Male,[80-90),1,Emergency,1,Discharged to home,7,Emergency Room,1,,55,0,12,0,0,0,9,,Norm,Down,Ch,Yes,>30,0
150964014,Caucasian,Male,[80-90),1,Emergency,3,Discharged/transferred to SNF,7,Emergency Room,5,,56,0,10,1,1,0,9,,,No,No,No,NO,0
151001394,AfricanAmerican,Female,[50-60),1,Emergency,4,Discharged/transferred to ICF,1,Physician Referral,12,,57,1,14,0,0,6,9,,,Steady,No,Yes,NO,0
151002678,Caucasian,Male,[70-80),2,Urgent,1,Discharged to home,7,Emergency Room,4,Emergency/Trauma,38,2,9,0,0,0,9,,,No,No,No,>30,0
151010928,Caucasian,Female,[40-50),1,Emergency,1,Discharged to home,7,Emergency Room,3,,55,0,13,0,0,0,9,,,Up,Ch,Yes,NO,0
151023594,Caucasian,Female,[50-60),2,Urgent,4,Discharged/transferred to ICF,1,Physician Referral,1,Cardiology,4,0,14,0,0,0,9,,,Down,Ch,Yes,NO,0
151031700,Caucasian,Female,[40-50),3,Elective,1,Discharged to home,7,Emergency Room,14,Cardiology,74,6,64,0,0,0,9,,,Up,Ch,Yes,<30,1
151137900,Caucasian,Female,[50-60),1,Emergency,6,Discharged/transferred to home with home health service,7,Emergency Room,7,,71,0,16,0,0,0,9,,,No,No,No,>30,0
151225860,Caucasian,Female,[60-70),1,Emergency,1,Discharged to home,7,Emergency Room,5,,61,5,23,0,0,0,9,,Norm,No,No,No,<30,1
151247022,Caucasian,Female,[50-60),1,Emergency,1,Discharged to home,7,Emergency Room,5,,47,0,16,0,0,0,8,,,No,No,No,>30,0
151405854,AfricanAmerican,Female,[50-60),1,Emergency,1,Discharged to home,7,Emergency Room,7,,72,1,22,0,0,0,9,,,Steady,No,Yes,NO,0
151410474,AfricanAmerican,Female,[40-50),1,Emergency,1,Discharged to home,7,Emergency Room,1,,27,0,3,0,0,0,6,,,Steady,No,Yes,NO,0
151413042,AfricanAmerican,Female,[70-80),3,Elective,22,Discharged/transferred to another rehab fac including rehab units of a hospital .,1,Physician Referral,4,Orthopedics-Reconstructive,32,2,24,0,0,0,9,,,Steady,No,Yes,NO,0
151557198,Caucasian,Male,[60-70),2,Urgent,1,Discharged to home,1,Physician Referral,5,InternalMedicine,36,0,17,0,0,4,9,,,No,No,No,<30,1
151633572,AfricanAmerican,Male,[60-70),1,Emergency,4,Discharged/transferred to ICF,7,Emergency Room,5,,53,0,12,0,0,1,9,,,No,No,No,NO,0
151687512,AfricanAmerican,Female,[40-50),1,Emergency,1,Discharged to home,7,Emergency Room,2,InternalMedicine,42,1,3,0,0,0,6,,,Steady,Ch,Yes,>30,0
151690620,Caucasian,Female,[70-80),3,Elective,1,Discharged to home,1,Physician Referral,1,Emergency/Trauma,44,0,16,0,0,1,8,,,Steady,Ch,Yes,NO,0
151743006,AfricanAmerican,Female,[80-90),1,Emergency,1,Discharged to home,7,Emergency Room,8,Nephrology,41,3,21,0,0,0,9,,,No,No,No,NO,0
151763196,Caucasian,Male,[70-80),1,Emergency,11,Expired,7,Emergency Room,4,,51,2,11,0,1,1,9,,,Steady,No,Yes,NO,0
151789356,Caucasian,Male,[70-80),1,Emergency,11,Expired,7,Emergency Room,1,,38,0,6,1,0,2,6,,,No,No,No,NO,0
151801752,Other,Female,[90-100),3,Elective,4,Discharged/transferred to ICF,1,Physician Referral,3,InternalMedicine,46,0,6,1,0,0,9,,,No,Ch,Yes,>30,0
151858008,Caucasian,Female,[50-60),1,Emergency,1,Discharged to home,7,Emergency Room,1,Family/GeneralPractice,49,6,22,2,0,1,6,,>8,Steady,Ch,Yes,<30,1
151977810,Caucasian,Male,[50-60),3,Elective,1,Discharged to home,1,Physician Referral,2,Family/GeneralPractice,34,2,4,0,0,0,7,,,No,No,No,NO,0
152029470,Caucasian,Female,[70-80),1,Emergency,6,Discharged/transferred to home with home health service,7,Emergency Room,2,,46,0,18,0,0,0,6,,,No,No,Yes,>30,0
152264196,Caucasian,Female,[40-50),5,Not Available,1,Discharged to home,1,Physician Referral,3,,16,0,15,0,2,1,6,,,No,No,Yes,>30,0
152275038,AfricanAmerican,Female,[50-60),1,Emergency,1,Discharged to home,7,Emergency Room,3,,30,1,7,0,0,0,8,,,No,No,No,NO,0
152284284,AfricanAmerican,Female,[80-90),1,Emergency,1,Discharged to home,7,Emergency Room,5,,62,0,10,0,0,0,9,,,No,No,No,NO,0
152297220,Other,Male,[50-60),3,Elective,1,Discharged to home,1,Physician Referral,2,Cardiology,49,4,15,0,0,0,3,,,No,No,Yes,NO,0
152299986,Caucasian,Male,[50-60),1,Emergency,5,Discharged/transferred to another type of inpatient care institution,7,Emergency Room,9,Emergency/Trauma,77,0,14,0,0,0,9,,,Up,Ch,Yes,NO,0
152301756,AfricanAmerican,Male,[70-80),1,Emergency,1,Discharged to home,7,Emergency Room,2,,54,0,11,0,1,0,9,,,No,No,Yes,>30,0
152306238,AfricanAmerican,Female,[40-50),1,Emergency,1,Discharged to home,7,Emergency Room,1,,4,0,2,7,0,0,7,,,No,No,No,>30,0
152307852,AfricanAmerican,Male,[70-80),1,Emergency,3,Discharged/transferred to SNF,7,Emergency Room,10,,49,2,9,0,0,0,9,,,No,Ch,Yes,NO,0
152322324,Caucasian,Male,[80-90),1,Emergency,6,Discharged/transferred to home with home health service,7,Emergency Room,5,,21,1,14,0,0,1,6,,,Steady,No,Yes,NO,0
152352894,AfricanAmerican,Female,[30-40),5,Not Available,1,Discharged to home,1,Physician Referral,3,,9,3,20,1,0,0,5,,,Steady,No,Yes,NO,0
152367858,Caucasian,Male,[80-90),3,Elective,6,Discharged/transferred to home with home health service,1,Physician Referral,8,Cardiology,60,5,38,0,0,0,9,,,No,Ch,Yes,>30,0
152435862,Caucasian,Female,[80-90),1,Emergency,6,Discharged/transferred to home with home health service,1,Physician Referral,6,,52,0,10,0,0,0,7,,,No,No,No,>30,0
152455836,Hispanic,Male,[60-70),3,Elective,1,Discharged to home,1,Physician Referral,1,Orthopedics,38,1,14,0,0,0,9,,,No,No,Yes,NO,0
152495004,AfricanAmerican,Female,[50-60),3,Elective,1,Discharged to home,1,Physician Referral,1,Radiologist,33,4,11,0,0,0,6,,,Steady,Ch,Yes,NO,0
152540706,Caucasian,Female,[70-80),1,Emergency,1,Discharged to home,7,Emergency Room,7,,39,0,13,0,0,0,6,,>7,No,Ch,Yes,>30,0
152552814,Caucasian,Male,[30-40),1,Emergency,6,Discharged/transferred to home with home health service,7,Emergency Room,7,,36,2,18,0,0,1,9,,,Steady,Ch,Yes,>30,0
152556714,Caucasian,Female,[70-80),2,Urgent,1,Discharged to home,7,Emergency Room,2,Emergency/Trauma,43,0,8,0,0,1,9,,,Steady,No,Yes,>30,0
152566956,Caucasian,Female,[70-80),6,NULL,3,Discharged/transferred to SNF,17,NULL,5,Cardiology,67,6,23,0,0,0,9,,>8,Steady,No,Yes,NO,0
152655456,Caucasian,Male,[80-90),2,Urgent,3,Discharged/transferred to SNF,1,Physician Referral,8,,56,1,17,0,0,0,9,,,No,No,Yes,<30,1
152677788,AfricanAmerican,Female,[50-60),1,Emergency,1,Discharged to home,7,Emergency Room,2,,39,1,19,2,0,0,9,,,Down,Ch,Yes,>30,0
152687736,Caucasian,Male,[70-80),3,Elective,3,Discharged/transferred to SNF,1,Physician Referral,8,Orthopedics,28,1,20,0,0,0,8,,,No,No,No,NO,0
152758434,Caucasian,Male,[60-70),1,Emergency,1,Discharged to home,7,Emergency Room,2,,61,0,14,0,0,0,9,,,No,No,No,>30,0
152775474,Caucasian,Male,[70-80),2,Urgent,1,Discharged to home,7,Emergency Room,1,Emergency/Trauma,8,1,14,0,0,1,8,,,No,No,Yes,>30,0
152779350,Caucasian,Female,[60-70),2,Urgent,3,Discharged/transferred to SNF,7,Emergency Room,12,Emergency/Trauma,65,2,18,0,0,0,9,,,Down,Ch,Yes,NO,0
152786322,Caucasian,Female,[80-90),1,Emergency,1,Discharged to home,5,Transfer from a Skilled Nursing Facility (SNF),1,InternalMedicine,56,0,6,0,2,0,9,,,No,No,No,NO,0
152943000,Caucasian,Male,[60-70),5,Not Available,6,Discharged/transferred to home with home health service,1,Physician Referral,10,,85,4,35,0,0,0,9,,,Down,Ch,Yes,<30,1
152945718,AfricanAmerican,Female,[70-80),1,Emergency,6,Discharged/transferred to home with home health service,7,Emergency Room,6,,53,1,16,0,0,1,9,,,Up,Ch,Yes,<30,1
152961234,Caucasian,Female,[80-90),1,Emergency,6,Discharged/transferred to home with home health service,7,Emergency Room,12,,75,1,19,0,1,0,9,,,No,No,No,>30,0
153021804,Caucasian,Male,[40-50),1,Emergency,6,Discharged/transferred to home with home health service,7,Emergency Room,10,,55,0,26,0,0,0,9,,,No,No,No,>30,0
153052770,Caucasian,Female,[40-50),3,Elective,7,Left AMA,1,Physician Referral,2,Surgery-Vascular,43,4,18,0,0,0,9,,,Down,Ch,Yes,<30,1
153103944,Caucasian,Male,[60-70),3,Elective,1,Discharged to home,1,Physician Referral,2,Gastroenterology,9,2,8,0,0,1,9,,,No,No,Yes,>30,0
153126402,AfricanAmerican,Male,[40-50),3,Elective,2,Discharged/transferred to another short term hospital,1,Physician Referral,7,Family/GeneralPractice,38,1,23,1,0,0,9,,,No,No,Yes,NO,0
153181926,Caucasian,Male,[60-70),6,NULL,1,Discharged to home,17,NULL,3,Cardiology,67,6,20,0,0,1,9,,,No,No,Yes,>30,0
153298608,Caucasian,Male,[50-60),1,Emergency,1,Discharged to home,7,Emergency Room,7,,10,0,5,0,0,0,9,,,Steady,No,Yes,>30,0
153309174,Caucasian,Female,[80-90),3,Elective,6,Discharged/transferred to home with home health service,1,Physician Referral,6,,36,1,25,0,0,0,7,,,Steady,No,Yes,>30,0
153326154,Caucasian,Male,[40-50),1,Emergency,6,Discharged/transferred to home with home health service,7,Emergency Room,2,,51,0,6,0,0,0,9,,,No,No,No,<30,1
153488904,AfricanAmerican,Female,[70-80),2,Urgent,1,Discharged to home,1,Physician Referral,3,InternalMedicine,9,0,11,1,0,1,4,,,Steady,No,Yes,>30,0
153491400,Caucasian,Female,[90-100),2,Urgent,3,Discharged/transferred to SNF,7,Emergency Room,6,Emergency/Trauma,40,2,14,0,0,0,9,,,No,No,No,NO,0
153499530,Caucasian,Female,[80-90),2,Urgent,1,Discharged to home,1,Physician Referral,1,,14,0,12,0,2,1,9,,,Steady,No,Yes,>30,0
153547266,AfricanAmerican,Male,[70-80),1,Emergency,1,Discharged to home,7,Emergency Room,9,,4,2,15,0,0,1,9,,,No,No,Yes,>30,0
153560574,AfricanAmerican,Male,[50-60),1,Emergency,1,Discharged to home,1,Physician Referral,2,,45,0,18,0,0,1,7,,,Steady,No,Yes,NO,0
153681264,Caucasian,Female,[70-80),1,Emergency,1,Discharged to home,7,Emergency Room,3,,38,4,22,0,0,0,7,,,Steady,Ch,Yes,NO,0
153684660,Caucasian,Female,[50-60),3,Elective,6,Discharged/transferred to home with home health service,4,Transfer from a hospital,4,,45,0,20,14,0,2,7,,,No,No,Yes,>30,0
153688770,Caucasian,Female,[80-90),2,Urgent,3,Discharged/transferred to SNF,7,Emergency Room,4,Emergency/Trauma,65,1,9,0,0,0,9,,,Up,Ch,Yes,NO,0
153706932,AfricanAmerican,Male,[70-80),1,Emergency,1,Discharged to home,7,Emergency Room,3,,57,0,10,0,0,3,7,,,Down,Ch,Yes,>30,0
153734148,Caucasian,Female,[40-50),3,Elective,3,Discharged/transferred to SNF,1,Physician Referral,10,Podiatry,40,5,34,9,0,3,9,,,Up,Ch,Yes,>30,0
153754896,Caucasian,Male,[70-80),3,Elective,3,Discharged/transferred to SNF,1,Physician Referral,3,,28,2,6,0,0,0,7,,,No,No,Yes,>30,0
153760728,Caucasian,Female,[60-70),1,Emergency,1,Discharged to home,7,Emergency Room,10,,56,2,22,0,0,0,9,,Norm,Steady,Ch,Yes,>30,0
153775722,AfricanAmerican,Female,[60-70),2,Urgent,6,Discharged/transferred to home with home health service,1,Physician Referral,8,InternalMedicine,47,1,23,0,2,2,5,,,Steady,Ch,Yes,>30,0
153809208,Caucasian,Male,[70-80),2,Urgent,1,Discharged to home,7,Emergency Room,2,Emergency/Trauma,36,0,12,0,0,0,9,,,No,Ch,Yes,>30,0
153813054,Caucasian,Female,[30-40),1,Emergency,1,Discharged to home,7,Emergency Room,4,,60,0,14,0,1,4,7,,,Steady,No,Yes,>30,0
153816684,Caucasian,Male,[50-60),1,Emergency,6,Discharged/transferred to home with home health service,7,Emergency Room,5,,81,3,16,0,1,5,9,,,Steady,No,Yes,<30,1
153892998,Caucasian,Female,[70-80),2,Urgent,2,Discharged/transferred to another short term hospital,7,Emergency Room,2,Surgery-General,39,3,13,0,0,1,7,,,Up,Ch,Yes,>30,0
153897300,Caucasian,Female,[70-80),5,Not Available,3,Discharged/transferred to SNF,1,Physician Referral,5,,56,0,20,9,1,0,9,,,Up,Ch,Yes,NO,0
153939096,Caucasian,Female,[70-80),5,Not Available,1,Discharged to home,1,Physician Referral,1,,41,0,16,0,0,0,9,,,No,No,No,>30,0
153947352,Caucasian,Female,[70-80),3,Elective,1,Discharged to home,1,Physician Referral,1,Radiologist,44,6,13,0,0,0,4,,,No,No,No,>30,0
153988860,Caucasian,Male,[20-30),1,Emergency,7,Left AMA,7,Emergency Room,1,,75,0,8,0,2,0,1,,>8,No,No,No,>30,0
154000380,Caucasian,Male,[70-80),3,Elective,11,Expired,1,Physician Referral,1,Nephrology,56,5,25,0,0,0,9,,,Steady,No,Yes,NO,0
154024554,Caucasian,Male,[60-70),3,Elective,1,Discharged to home,1,Physician Referral,2,Orthopedics,25,1,16,0,0,0,8,,,Steady,No,Yes,>30,0
154038306,Caucasian,Male,[20-30),1,Emergency,1,Discharged to home,7,Emergency Room,2,,10,0,3,0,0,0,4,,,Down,Ch,Yes,NO,0
154091280,Caucasian,Female,[60-70),1,Emergency,1,Discharged to home,1,Physician Referral,6,,45,0,12,0,0,0,7,,>7,No,No,No,>30,0
154118844,Caucasian,Female,[30-40),2,Urgent,1,Discharged to home,1,Physician Referral,2,,71,0,4,0,1,0,3,,,No,No,Yes,NO,0
154185738,Caucasian,Female,[70-80),5,Not Available,23,Discharged/transferred to a long term care hospital.,1,Physician Referral,5,,45,0,10,2,0,0,8,,,Steady,Ch,Yes,>30,0
154236570,Caucasian,Female,[50-60),3,Elective,6,Discharged/transferred to home with home health service,1,Physician Referral,8,Family/GeneralPractice,72,6,64,0,0,0,9,,,Up,Ch,Yes,>30,0
154272774,Caucasian,Female,[60-70),3,Elective,22,Discharged/transferred to another rehab fac including rehab units of a hospital .,1,Physician Referral,8,Family/GeneralPractice,45,1,12,3,2,3,9,,,Down,Ch,Yes,>30,0
154368540,Caucasian,Male,[50-60),2,Urgent,1,Discharged to home,1,Physician Referral,2,Surgery-Vascular,25,1,18,2,0,0,8,,,Down,Ch,Yes,>30,0
154384356,Caucasian,Female,[90-100),1,Emergency,11,Expired,7,Emergency Room,2,,36,4,8,1,0,0,9,,,No,No,No,NO,0
154398804,AfricanAmerican,Male,[40-50),1,Emergency,11,Expired,7,Emergency Room,1,Family/GeneralPractice,35,4,22,0,1,0,9,,,Steady,Ch,Yes,NO,0
154404762,Caucasian,Female,[50-60),3,Elective,1,Discharged to home,1,Physician Referral,7,,52,0,23,1,0,0,6,,Norm,No,No,No,>30,0
154524720,AfricanAmerican,Female,[20-30),1,Emergency,6,Discharged/transferred to home with home health service,7,Emergency Room,5,,54,0,14,1,5,5,9,,,No,No,No,<30,1
154534350,Caucasian,Male,[60-70),1,Emergency,6,Discharged/transferred to home with home health service,7,Emergency Room,4,,52,2,23,1,0,0,9,,,No,Ch,Yes,NO,0
154541820,Caucasian,Female,[60-70),5,Not Available,6,Discharged/transferred to home with home health service,1,Physician Referral,4,Orthopedics,50,1,22,0,0,0,9,,,Up,Ch,Yes,>30,0
154645524,Caucasian,Male,[60-70),3,Elective,1,Discharged to home,1,Physician Referral,1,Surgery-Vascular,38,1,23,0,0,0,6,,,Steady,No,Yes,NO,0
154694214,Caucasian,Female,[70-80),3,Elective,22,Discharged/transferred to another rehab fac including rehab units of a hospital .,1,Physician Referral,4,,50,0,17,2,1,3,5,,,Down,Ch,Yes,>30,0
154696110,Other,Female,[60-70),2,Urgent,2,Discharged/transferred to another short term hospital,7,Emergency Room,10,Emergency/Trauma,59,3,31,0,0,0,9,,>8,Down,Ch,Yes,NO,0
154747674,AfricanAmerican,Male,[60-70),1,Emergency,1,Discharged to home,7,Emergency Room,4,,35,0,9,0,0,0,9,,,No,No,Yes,>30,0
154749510,Hispanic,Male,[50-60),1,Emergency,1,Discharged to home,7,Emergency Room,4,InternalMedicine,40,2,9,0,0,0,8,,,Steady,No,Yes,NO,0
154760358,Hispanic,Female,[50-60),1,Emergency,1,Discharged to home,7,Emergency Room,2,,51,0,5,0,0,0,5,,,Steady,No,Yes,NO,0
154773750,Caucasian,Female,[60-70),1,Emergency,6,Discharged/transferred to home with home health service,7,Emergency Room,3,InternalMedicine,35,0,14,0,0,1,8,,,No,Ch,Yes,NO,0
154843080,Caucasian,Male,[70-80),3,Elective,1,Discharged to home,1,Physician Referral,2,Radiologist,41,0,13,3,0,2,4,,,Steady,No,Yes,>30,0
154911108,Caucasian,Male,[70-80),3,Elective,1,Discharged to home,1,Physician Referral,4,Urology,33,1,14,1,2,0,5,,,Steady,No,Yes,NO,0
154944828,Caucasian,Female,[80-90),3,Elective,1,Discharged to home,1,Physician Referral,1,Cardiology,29,2,23,1,0,0,8,,,Up,Ch,Yes,NO,0
154960410,Caucasian,Female,[30-40),1,Emergency,1,Discharged to home,7,Emergency Room,2,,57,0,8,0,0,0,5,,,Up,Ch,Yes,>30,0
155013570,Caucasian,Male,[70-80),2,Urgent,3,Discharged/transferred to SNF,7,Emergency Room,6,Emergency/Trauma,59,0,15,0,1,6,9,,,Up,Ch,Yes,>30,0
155017848,Caucasian,Female,[60-70),3,Elective,22,Discharged/transferred to another rehab fac including rehab units of a hospital .,1,Physician Referral,4,,38,2,36,0,0,0,9,,,No,Ch,Yes,>30,0
155021622,AfricanAmerican,Female,[70-80),3,Elective,1,Discharged to home,1,Physician Referral,2,,40,1,21,0,0,0,8,,Norm,No,Ch,Yes,NO,0
155101038,Caucasian,Female,[90-100),2,Urgent,3,Discharged/transferred to SNF,1,Physician Referral,8,Orthopedics-Reconstructive,41,1,13,0,0,0,9,,,No,No,Yes,<30,1
155113518,Caucasian,Male,[50-60),1,Emergency,22,Discharged/transferred to another rehab fac including rehab units of a hospital .,7,Emergency Room,8,,43,1,14,0,0,0,9,,,Steady,No,Yes,NO,0
155122542,AfricanAmerican,Male,[60-70),1,Emergency,1,Discharged to home,7,Emergency Room,1,InternalMedicine,35,1,16,0,1,7,3,,,Steady,Ch,Yes,>30,0
155122998,Caucasian,Male,[50-60),1,Emergency,7,Left AMA,7,Emergency Room,6,,48,0,20,0,0,1,9,,,No,No,No,>30,0
155123634,Caucasian,Male,[60-70),1,Emergency,1,Discharged to home,7,Emergency Room,3,,54,1,18,0,0,0,6,,,No,Ch,Yes,NO,0
155124984,Caucasian,Male,[70-80),3,Elective,1,Discharged to home,1,Physician Referral,1,Surgery-Cardiovascular,30,3,12,0,0,0,9,,,Down,Ch,Yes,NO,0
155226240,Caucasian,Female,[70-80),1,Emergency,6,Discharged/transferred to home with home health service,2,Clinic Referral,8,,45,0,26,0,0,0,9,,,Steady,Ch,Yes,NO,0
155312436,AfricanAmerican,Female,[60-70),1,Emergency,3,Discharged/transferred to SNF,7,Emergency Room,5,,11,2,15,0,0,0,9,,,No,No,Yes,>30,0
155365272,Caucasian,Female,[70-80),1,Emergency,2,Discharged/transferred to another short term hospital,1,Physician Referral,2,,45,0,18,0,0,0,9,,,Steady,No,Yes,>30,0
155386596,Caucasian,Female,[70-80),1,Emergency,22,Discharged/transferred to another rehab fac including rehab units of a hospital .,7,Emergency Room,6,,45,0,32,2,1,1,9,,,Steady,Ch,Yes,NO,0
155387664,Caucasian,Female,[60-70),1,Emergency,1,Discharged to home,7,Emergency Room,11,,55,0,28,1,0,4,9,,,No,No,Yes,<30,1
155410338,Caucasian,Female,[70-80),3,Elective,1,Discharged to home,1,Physician Referral,9,Surgery-General,35,1,18,0,0,0,9,,,Steady,Ch,Yes,>30,0
155451246,Caucasian,Male,[80-90),1,Emergency,3,Discharged/transferred to SNF,7,Emergency Room,3,,52,1,15,0,0,0,7,,,Up,Ch,Yes,>30,0
155464026,Caucasian,Female,[80-90),3,Elective,3,Discharged/transferred to SNF,1,Physician Referral,11,Orthopedics-Reconstructive,41,3,45,0,0,1,9,,,Down,Ch,Yes,<30,1
155472666,Caucasian,Female,[60-70),1,Emergency,3,Discharged/transferred to SNF,7,Emergency Room,2,,59,0,14,0,0,6,9,,,No,No,No,>30,0
155520960,Caucasian,Female,[70-80),3,Elective,6,Discharged/transferred to home with home health service,1,Physician Referral,6,Orthopedics-Reconstructive,39,2,37,0,0,1,9,,Norm,Up,Ch,Yes,NO,0
155524770,AfricanAmerican,Female,[70-80),1,Emergency,1,Discharged to home,7,Emergency Room,5,,65,1,23,0,0,0,9,,,Steady,Ch,Yes,NO,0
155574702,Caucasian,Male,[50-60),1,Emergency,7,Left AMA,7,Emergency Room,1,Cardiology,51,0,12,0,0,2,9,,,No,No,Yes,>30,0
155587926,Caucasian,Male,[40-50),3,Elective,1,Discharged to home,1,Physician Referral,1,Surgery-Neuro,35,4,22,0,0,0,4,,,No,No,No,NO,0
155634690,Caucasian,Male,[70-80),1,Emergency,1,Discharged to home,2,Clinic Referral,3,,56,0,26,0,0,0,9,,,Steady,No,Yes,NO,0
155649162,Caucasian,Male,[60-70),2,Urgent,1,Discharged to home,1,Physician Referral,5,Podiatry,25,3,15,8,0,1,9,,,Down,Ch,Yes,NO,0
155666910,Caucasian,Male,[40-50),2,Urgent,2,Discharged/transferred to another short term hospital,1,Physician Referral,1,Radiologist,45,0,13,0,0,0,5,,,No,No,No,NO,0
155670612,Caucasian,Male,[40-50),1,Emergency,3,Discharged/transferred to SNF,7,Emergency Room,2,,31,2,5,0,1,0,9,,,No,No,No,>30,0
155750268,Caucasian,Female,[60-70),2,Urgent,1,Discharged to home,7,Emergency Room,2,Emergency/Trauma,58,0,15,0,0,1,9,,,Up,Ch,Yes,>30,0
155773656,Caucasian,Female,[90-100),2,Urgent,1,Discharged to home,7,Emergency Room,1,Emergency/Trauma,56,0,9,0,0,0,6,,,Up,Ch,Yes,>30,0
155867874,AfricanAmerican,Male,[40-50),1,Emergency,1,Discharged to home,1,Physician Referral,7,,67,0,11,0,0,2,8,,,Down,Ch,Yes,>30,0
155880402,Caucasian,Female,[80-90),2,Urgent,1,Discharged to home,1,Physician Referral,4,,50,1,12,0,0,1,9,,,Up,Ch,Yes,<30,1
155918106,Caucasian,Female,[80-90),1,Emergency,1,Discharged to home,7,Emergency Room,1,,42,0,2,0,0,0,6,,,No,No,No,NO,0
155929416,Caucasian,Female,[60-70),1,Emergency,1,Discharged to home,7,Emergency Room,5,,39,6,19,0,0,0,9,,,Down,Ch,Yes,>30,0
155933880,AfricanAmerican,Female,[70-80),1,Emergency,1,Discharged to home,7,Emergency Room,6,,59,5,20,0,0,0,9,,,No,No,No,>30,0
155937054,Caucasian,Female,[50-60),1,Emergency,1,Discharged to home,2,Clinic Referral,2,,30,0,8,0,0,0,5,,,No,No,No,NO,0
155947758,Other,Female,[30-40),1,Emergency,1,Discharged to home,7,Emergency Room,5,,44,1,10,0,0,1,4,,,Steady,No,Yes,>30,0
155953362,Caucasian,Female,[60-70),1,Emergency,4,Discharged/transferred to ICF,7,Emergency Room,2,,31,0,11,0,0,0,9,,,No,No,No,NO,0
155955972,AfricanAmerican,Female,[70-80),1,Emergency,3,Discharged/transferred to SNF,7,Emergency Room,5,,16,0,18,0,0,0,9,,,No,Ch,Yes,<30,1
156009192,AfricanAmerican,Female,[80-90),2,Urgent,6,Discharged/transferred to home with home health service,4,Transfer from a hospital,8,Surgery-General,44,2,31,0,0,0,9,,,Down,Ch,Yes,NO,0
156009864,Caucasian,Male,[50-60),1,Emergency,11,Expired,7,Emergency Room,1,,60,2,15,0,0,2,9,,,Steady,No,Yes,NO,0
156018594,AfricanAmerican,Female,[70-80),1,Emergency,6,Discharged/transferred to home with home health service,1,Physician Referral,10,,34,1,14,0,0,2,9,,,Steady,No,Yes,NO,0
156039162,Caucasian,Male,[70-80),1,Emergency,1,Discharged to home,7,Emergency Room,1,Family/GeneralPractice,50,0,5,0,0,0,8,,,Steady,Ch,Yes,>30,0
156089772,Caucasian,Male,[50-60),2,Urgent,28,Discharged/transferred/referred to a psychiatric hospital of psychiatric distinct part unit of a hospital,1,Physician Referral,6,InternalMedicine,42,0,20,0,0,1,9,,,Steady,No,Yes,<30,1
156109674,Caucasian,Male,[70-80),2,Urgent,1,Discharged to home,1,Physician Referral,4,,44,0,14,0,0,0,8,,>7,No,Ch,Yes,NO,0
156129228,AfricanAmerican,Male,[60-70),1,Emergency,1,Discharged to home,7,Emergency Room,4,,19,0,8,4,0,0,6,,,No,Ch,Yes,>30,0
156142020,Caucasian,Male,[60-70),1,Emergency,1,Discharged to home,2,Clinic Referral,5,,52,0,11,0,0,0,9,,,No,No,Yes,NO,0
156148212,Caucasian,Male,[80-90),1,Emergency,1,Discharged to home,7,Emergency Room,2,,57,0,8,0,0,0,9,,,No,No,Yes,<30,1
156184824,AfricanAmerican,Female,[50-60),3,Elective,1,Discharged to home,1,Physician Referral,1,,21,2,20,0,0,0,4,,,No,No,No,NO,0
156262932,Caucasian,Male,[50-60),1,Emergency,1,Discharged to home,7,Emergency Room,9,Emergency/Trauma,75,2,26,0,0,1,9,,,Up,Ch,Yes,>30,0
156268140,Caucasian,Male,[60-70),1,Emergency,2,Discharged/transferred to another short term hospital,7,Emergency Room,2,,34,3,12,0,0,0,9,,Norm,No,No,No,>30,0
156275394,AfricanAmerican,Male,[60-70),3,Elective,1,Discharged to home,1,Physician Referral,2,Orthopedics,27,3,18,0,0,1,5,,,Up,Ch,Yes,NO,0
156351696,Caucasian,Female,[40-50),1,Emergency,1,Discharged to home,7,Emergency Room,3,Emergency/Trauma,31,1,29,0,0,0,7,,,No,Ch,Yes,NO,0
156385290,Caucasian,Male,[60-70),3,Elective,6,Discharged/transferred to home with home health service,1,Physician Referral,5,Surgery-Cardiovascular,56,3,40,4,0,0,9,,,Steady,Ch,Yes,NO,0
156443142,Caucasian,Male,[70-80),2,Urgent,1,Discharged to home,1,Physician Referral,7,,48,0,9,0,0,0,9,,,No,Ch,Yes,>30,0
156462096,Caucasian,Male,[80-90),2,Urgent,3,Discharged/transferred to SNF,7,Emergency Room,4,Surgery-General,44,0,9,0,1,1,8,,,No,Ch,Yes,NO,0
156515136,Caucasian,Male,[50-60),1,Emergency,1,Discharged to home,7,Emergency Room,3,,40,0,16,0,0,0,8,,,Steady,Ch,Yes,>30,0
156544170,Caucasian,Female,[80-90),2,Urgent,3,Discharged/transferred to SNF,7,Emergency Room,6,Emergency/Trauma,51,0,10,0,0,1,9,,,No,No,Yes,>30,0
156544194,Caucasian,Female,[40-50),1,Emergency,3,Discharged/transferred to SNF,7,Emergency Room,3,,68,1,13,0,0,2,9,,>7,No,No,No,>30,0
156661410,Caucasian,Female,[80-90),5,Not Available,3,Discharged/transferred to SNF,1,Physician Referral,2,,54,0,8,2,0,1,9,,,No,No,No,>30,0
156680970,AfricanAmerican,Female,[70-80),1,Emergency,23,Discharged/transferred to a long term care hospital.,7,Emergency Room,11,,77,1,26,1,0,0,9,,,No,No,No,NO,0
156782700,AfricanAmerican,Female,[40-50),2,Urgent,1,Discharged to home,1,Physician Referral,6,Psychiatry,43,0,7,0,0,2,3,,,No,No,No,>30,0
156936846,AfricanAmerican,Female,[70-80),3,Elective,1,Discharged to home,1,Physician Referral,1,Surgery-Vascular,48,1,20,0,1,1,7,,,Steady,Ch,Yes,NO,0
156965220,Caucasian,Female,[60-70),5,Not Available,3,Discharged/transferred to SNF,1,Physician Referral,2,Surgeon,11,3,15,0,0,0,5,,,No,No,No,NO,0
156978462,Caucasian,Female,[70-80),2,Urgent,6,Discharged/transferred to home with home health service,4,Transfer from a hospital,8,PhysicalMedicineandRehabilitation,32,2,10,0,0,1,9,,,No,No,Yes,NO,0
157024212,Caucasian,Female,[80-90),1,Emergency,3,Discharged/transferred to SNF,7,Emergency Room,3,,47,0,13,0,0,1,9,,,Up,Ch,Yes,>30,0
157036566,Caucasian,Male,[60-70),1,Emergency,6,Discharged/transferred to home with home health service,1,Physician Referral,5,,62,1,17,0,1,0,9,,>7,No,Ch,Yes,>30,0
157102380,Caucasian,Female,[20-30),1,Emergency,1,Discharged to home,7,Emergency Room,4,,64,1,18,1,1,2,8,,,Down,Ch,Yes,<30,1
157102578,Caucasian,Male,[60-70),1,Emergency,1,Discharged to home,7,Emergency Room,3,InternalMedicine,78,3,19,0,6,4,9,,>7,Down,Ch,Yes,>30,0
157104210,Caucasian,Male,[80-90),1,Emergency,1,Discharged to home,7,Emergency Room,3,,51,0,13,0,0,0,6,,,No,No,Yes,>30,0
157116228,Caucasian,Female,[70-80),5,Not Available,28,Discharged/transferred/referred to a psychiatric hospital of psychiatric distinct part unit of a hospital,7,Emergency Room,3,,54,0,17,1,0,0,7,,,Up,Ch,Yes,<30,1
157116924,AfricanAmerican,Male,[80-90),1,Emergency,1,Discharged to home,7,Emergency Room,5,,49,0,7,0,0,1,9,,,Steady,Ch,Yes,>30,0
157144038,Caucasian,Male,[60-70),1,Emergency,1,Discharged to home,7,Emergency Room,4,,47,0,5,0,0,1,9,,,No,No,Yes,>30,0
157200096,Caucasian,Male,[80-90),1,Emergency,1,Discharged to home,7,Emergency Room,1,,30,0,5,0,0,0,9,,,No,No,No,NO,0
157237458,AfricanAmerican,Male,[40-50),1,Emergency,1,Discharged to home,7,Emergency Room,8,InternalMedicine,87,2,25,0,0,0,9,,Norm,Up,Ch,Yes,NO,0
157288920,Caucasian,Male,[80-90),1,Emergency,6,Discharged/transferred to home with home health service,1,Physician Referral,2,,46,0,18,4,0,1,9,,Norm,No,No,Yes,NO,0
157289820,AfricanAmerican,Female,[80-90),1,Emergency,3,Discharged/transferred to SNF,7,Emergency Room,5,,45,0,4,0,0,0,6,,,No,No,No,NO,0
157294890,Caucasian,Male,[50-60),2,Urgent,1,Discharged to home,7,Emergency Room,7,Emergency/Trauma,73,0,20,0,0,2,9,,>8,Down,Ch,Yes,>30,0
157300464,AfricanAmerican,Female,[50-60),3,Elective,1,Discharged to home,1,Physician Referral,4,Urology,35,1,26,0,0,0,9,,,No,No,No,NO,0
157407102,Caucasian,Female,[80-90),3,Elective,3,Discharged/transferred to SNF,1,Physician Referral,6,Surgery-Cardiovascular/Thoracic,55,4,49,0,0,0,8,,,Up,Ch,Yes,NO,0
157411056,Caucasian,Male,[70-80),3,Elective,6,Discharged/transferred to home with home health service,1,Physician Referral,12,Orthopedics-Reconstructive,58,3,54,0,0,1,9,,,Steady,Ch,Yes,NO,0
157453020,Caucasian,Male,[60-70),2,Urgent,1,Discharged to home,1,Physician Referral,4,Family/GeneralPractice,60,2,16,2,0,2,9,,,Steady,No,Yes,NO,0
157463082,Caucasian,Female,[80-90),2,Urgent,1,Discharged to home,1,Physician Referral,2,,36,3,15,1,0,0,9,,,Steady,No,Yes,>30,0
157480482,Caucasian,Female,[50-60),2,Urgent,1,Discharged to home,1,Physician Referral,2,Cardiology,33,3,11,1,0,1,6,,,Steady,No,Yes,NO,0
157504284,AfricanAmerican,Female,[70-80),2,Urgent,1,Discharged to home,1,Physician Referral,2,InternalMedicine,29,0,8,0,0,0,3,,,No,Ch,Yes,>30,0
157569528,AfricanAmerican,Female,[70-80),1,Emergency,1,Discharged to home,7,Emergency Room,1,,35,0,12,0,0,0,9,,>8,No,No,No,NO,0
157590486,Caucasian,Female,[40-50),2,Urgent,6,Discharged/transferred to home with home health service,1,Physician Referral,4,,39,2,12,7,5,0,9,,,Steady,No,Yes,>30,0
157669128,Caucasian,Female,[80-90),1,Emergency,6,Discharged/transferred to home with home health service,7,Emergency Room,3,,6,0,14,1,0,0,9,,,No,No,No,>30,0
157718964,Caucasian,Male,[80-90),1,Emergency,6,Discharged/transferred to home with home health service,7,Emergency Room,5,,69,0,27,0,0,0,9,,,Up,Ch,Yes,>30,0
157736730,Caucasian,Male,[60-70),1,Emergency,2,Discharged/transferred to another short term hospital,7,Emergency Room,2,,42,0,14,0,0,1,9,,,No,No,No,>30,0
157746138,Caucasian,Male,[80-90),1,Emergency,1,Discharged to home,1,Physician Referral,3,,60,0,12,0,1,0,9,,,Steady,Ch,Yes,NO,0
157771632,AfricanAmerican,Female,[50-60),1,Emergency,3,Discharged/transferred to SNF,7,Emergency Room,2,,44,0,7,0,0,0,9,,,No,No,No,NO,0
157789848,Caucasian,Female,[80-90),1,Emergency,4,Discharged/transferred to ICF,2,Clinic Referral,1,,21,0,3,0,0,0,9,,,No,No,No,NO,0
157877616,Caucasian,Female,[80-90),2,Urgent,1,Discharged to home,1,Physician Referral,4,InternalMedicine,45,0,15,2,0,0,8,,,Steady,Ch,Yes,NO,0
157914726,AfricanAmerican,Female,[70-80),3,Elective,1,Discharged to home,1,Physician Referral,7,Surgery-General,37,1,23,0,0,0,4,,,Steady,Ch,Yes,>30,0
157930284,Caucasian,Male,[40-50),2,Urgent,1,Discharged to home,7,Emergency Room,2,,52,5,19,0,0,0,9,,>8,Steady,Ch,Yes,NO,0
157976910,AfricanAmerican,Female,[70-80),3,Elective,1,Discharged to home,1,Physician Referral,10,Surgery-Vascular,27,6,30,0,0,0,5,,,No,No,No,NO,0
157985742,Caucasian,Female,[50-60),1,Emergency,6,Discharged/transferred to home with home health service,7,Emergency Room,3,,38,1,16,0,1,0,7,,,Steady,No,Yes,>30,0
157988112,Caucasian,Male,[40-50),1,Emergency,1,Discharged to home,1,Physician Referral,7,,64,0,21,0,0,1,9,,,Steady,No,Yes,>30,0
158105640,Caucasian,Female,[70-80),1,Emergency,1,Discharged to home,7,Emergency Room,4,,44,0,8,0,1,1,9,,,No,No,No,>30,0
158165124,Caucasian,Female,[70-80),3,Elective,3,Discharged/transferred to SNF,1,Physician Referral,6,,47,2,31,0,1,0,9,,,Steady,No,Yes,NO,0
158180790,Caucasian,Male,[50-60),5,Not Available,1,Discharged to home,1,Physician Referral,6,,58,1,18,0,0,6,7,,,Steady,No,Yes,<30,1
158190996,AfricanAmerican,Male,[70-80),1,Emergency,1,Discharged to home,7,Emergency Room,5,,32,0,16,0,0,0,6,,,No,No,Yes,>30,0
158199564,Caucasian,Male,[70-80),2,Urgent,2,Discharged/transferred to another short term hospital,7,Emergency Room,5,Emergency/Trauma,39,1,7,0,1,0,9,,,Steady,No,Yes,<30,1
158221530,Caucasian,Male,[50-60),1,Emergency,1,Discharged to home,2,Clinic Referral,8,,72,4,25,0,0,0,9,,,Down,Ch,Yes,NO,0
158286690,AfricanAmerican,Female,[30-40),1,Emergency,1,Discharged to home,2,Clinic Referral,4,,59,0,15,0,0,0,9,,,Steady,No,Yes,NO,0
158305926,Caucasian,Female,[60-70),1,Emergency,1,Discharged to home,7,Emergency Room,4,,63,0,13,0,0,0,9,,,No,No,No,NO,0
158349954,Other,Female,[60-70),2,Urgent,1,Discharged to home,7,Emergency Room,8,Emergency/Trauma,64,5,15,0,0,0,8,,,No,No,No,NO,0
158355306,Caucasian,Female,[30-40),3,Elective,1,Discharged to home,1,Physician Referral,6,Family/GeneralPractice,52,2,22,4,0,1,9,,,Down,Ch,Yes,NO,0
158360250,AfricanAmerican,Male,[70-80),1,Emergency,1,Discharged to home,7,Emergency Room,3,,46,0,10,0,0,0,8,,,No,No,No,>30,0
158377872,Other,Male,[50-60),5,Not Available,1,Discharged to home,1,Physician Referral,1,,37,1,12,0,0,0,5,,>7,No,No,Yes,NO,0
158395398,Caucasian,Male,[60-70),3,Elective,1,Discharged to home,1,Physician Referral,4,Surgery-General,11,1,16,0,0,0,7,,,No,Ch,Yes,NO,0
158445816,AfricanAmerican,Female,[90-100),1,Emergency,11,Expired,7,Emergency Room,10,,77,3,19,0,0,0,9,,,Steady,No,Yes,NO,0
158458242,Caucasian,Female,[80-90),1,Emergency,1,Discharged to home,7,Emergency Room,4,,37,1,11,0,0,0,7,,,No,No,No,NO,0
158465748,Caucasian,Female,[70-80),1,Emergency,6,Discharged/transferred to home with home health service,7,Emergency Room,2,InternalMedicine,36,0,8,2,0,0,7,,,No,No,No,>30,0
158498718,Caucasian,Female,[40-50),1,Emergency,1,Discharged to home,7,Emergency Room,4,,63,0,8,0,0,0,7,,>8,Steady,No,Yes,>30,0
158583000,AfricanAmerican,Male,[60-70),3,Elective,1,Discharged to home,1,Physician Referral,1,Nephrology,26,0,15,0,0,0,9,,,Steady,No,Yes,NO,0
158590308,Caucasian,Male,[70-80),2,Urgent,1,Discharged to home,1,Physician Referral,3,,54,1,15,1,0,4,9,,,Steady,No,Yes,NO,0
158606268,AfricanAmerican,Male,[70-80),1,Emergency,1,Discharged to home,7,Emergency Room,2,Nephrology,35,5,24,0,0,0,9,,,No,No,No,>30,0
158653578,AfricanAmerican,Female,[50-60),1,Emergency,3,Discharged/transferred to SNF,7,Emergency Room,6,,51,0,8,13,1,0,5,,,Up,Ch,Yes,>30,0
158664000,AfricanAmerican,Male,[50-60),1,Emergency,1,Discharged to home,7,Emergency Room,1,Nephrology,36,1,19,1,0,5,6,,,No,No,Yes,>30,0
158683212,AfricanAmerican,Male,[60-70),1,Emergency,3,Discharged/transferred to SNF,7,Emergency Room,9,,58,3,23,0,2,1,9,,,Up,Ch,Yes,>30,0
158729856,Caucasian,Female,[70-80),3,Elective,3,Discharged/transferred to SNF,1,Physician Referral,6,,51,1,16,0,0,1,9,,>7,No,No,No,NO,0
158776836,AfricanAmerican,Male,[60-70),3,Elective,1,Discharged to home,1,Physician Referral,9,Family/GeneralPractice,39,3,26,0,0,0,5,,,Steady,Ch,Yes,NO,0
158838444,AfricanAmerican,Male,[70-80),1,Emergency,3,Discharged/transferred to SNF,7,Emergency Room,11,InternalMedicine,43,1,19,0,0,1,8,,,Up,Ch,Yes,>30,0
158894568,Hispanic,Male,[60-70),3,Elective,1,Discharged to home,1,Physician Referral,3,Neurology,1,1,12,1,1,0,9,,,Down,Ch,Yes,>30,0
158918856,Caucasian,Female,[80-90),1,Emergency,4,Discharged/transferred to ICF,7,Emergency Room,2,,38,0,11,1,0,2,8,,,No,No,Yes,<30,1
158924952,AfricanAmerican,Female,[50-60),1,Emergency,1,Discharged to home,7,Emergency Room,2,,45,0,8,0,0,0,9,,,No,No,No,>30,0
158934780,Caucasian,Female,[50-60),2,Urgent,1,Discharged to home,7,Emergency Room,4,,42,2,16,0,0,0,9,,,Steady,Ch,Yes,>30,0
158936022,Caucasian,Male,[80-90),1,Emergency,6,Discharged/transferred to home with home health service,7,Emergency Room,6,,70,0,13,0,0,0,9,,,No,No,Yes,>30,0
158942490,AfricanAmerican,Female,[80-90),1,Emergency,22,Discharged/transferred to another rehab fac including rehab units of a hospital .,7,Emergency Room,3,,58,0,13,0,0,0,9,,,Steady,No,Yes,>30,0
159004416,Caucasian,Male,[60-70),3,Elective,1,Discharged to home,1,Physician Referral,3,Surgery-General,30,1,20,0,0,0,4,,,No,No,No,NO,0
159059592,Caucasian,Male,[50-60),2,Urgent,1,Discharged to home,4,Transfer from a hospital,2,Radiologist,42,6,41,0,0,0,9,,,Down,Ch,Yes,>30,0
159104400,Caucasian,Male,[50-60),2,Urgent,1,Discharged to home,7,Emergency Room,2,Emergency/Trauma,47,1,15,0,0,0,9,,>8,Down,Ch,Yes,NO,0
159141108,Caucasian,Female,[60-70),3,Elective,1,Discharged to home,1,Physician Referral,2,,9,6,19,0,0,0,6,,,Steady,Ch,Yes,NO,0
159235140,Caucasian,Male,[70-80),2,Urgent,6,Discharged/transferred to home with home health service,4,Transfer from a hospital,13,InternalMedicine,2,1,9,1,0,3,7,,,No,No,No,>30,0
159237228,Caucasian,Male,[70-80),1,Emergency,1,Discharged to home,7,Emergency Room,2,,33,6,11,0,0,0,7,,,Down,Ch,Yes,>30,0
159248394,Caucasian,Male,[70-80),2,Urgent,6,Discharged/transferred to home with home health service,1,Physician Referral,6,Family/GeneralPractice,56,2,18,0,0,0,6,,,No,No,No,<30,1
159277884,Caucasian,Female,[60-70),3,Elective,1,Discharged to home,1,Physician Referral,2,Orthopedics-Reconstructive,38,1,28,0,0,0,9,,,Steady,Ch,Yes,NO,0
159284520,Caucasian,Male,[70-80),3,Elective,6,Discharged/transferred to home with home health service,1,Physician Referral,5,Surgery-General,28,1,25,0,0,0,9,,,Up,Ch,Yes,<30,1
159323718,Caucasian,Female,[60-70),1,Emergency,6,Discharged/transferred to home with home health service,7,Emergency Room,2,Neurology,43,0,13,0,0,1,3,,,Steady,Ch,Yes,NO,0
159379980,Caucasian,Female,[70-80),2,Urgent,6,Discharged/transferred to home with home health service,1,Physician Referral,5,Family/GeneralPractice,28,0,11,0,1,1,6,,,No,No,Yes,NO,0
159380244,Caucasian,Female,[30-40),2,Urgent,1,Discharged to home,1,Physician Referral,7,Family/GeneralPractice,38,1,22,1,1,1,8,,,Steady,No,Yes,>30,0
159470610,Caucasian,Male,[40-50),2,Urgent,4,Discharged/transferred to ICF,1,Physician Referral,8,Family/GeneralPractice,2,0,7,0,0,1,6,,,No,No,No,NO,0
159495666,AfricanAmerican,Male,[10-20),1,Emergency,1,Discharged to home,7,Emergency Room,2,,38,0,3,1,1,1,3,,,Steady,No,Yes,NO,0
159631500,Caucasian,Male,[70-80),1,Emergency,1,Discharged to home,7,Emergency Room,9,,64,0,23,0,0,0,9,,,Up,Ch,Yes,NO,0
159651858,Caucasian,Female,[80-90),1,Emergency,3,Discharged/transferred to SNF,7,Emergency Room,9,InternalMedicine,57,1,22,0,0,1,9,,,Steady,No,Yes,NO,0
159651954,Caucasian,Male,[70-80),1,Emergency,11,Expired,7,Emergency Room,1,,45,1,14,0,0,3,7,,,No,No,No,NO,0
159695472,AfricanAmerican,Female,[70-80),1,Emergency,1,Discharged to home,7,Emergency Room,6,,55,2,27,0,1,0,9,,,Steady,No,Yes,>30,0
159739818,AfricanAmerican,Female,[20-30),3,Elective,1,Discharged to home,1,Physician Referral,2,ObstetricsandGynecology,15,1,9,0,0,0,7,,>8,Up,Ch,Yes,NO,0
159779436,Caucasian,Female,[80-90),1,Emergency,13,Hospice / home,7,Emergency Room,2,InternalMedicine,40,0,13,0,1,2,9,,,Steady,No,Yes,NO,0
159844494,Caucasian,Male,[50-60),2,Urgent,1,Discharged to home,1,Physician Referral,6,Surgery-Vascular,62,5,37,0,0,0,9,,,No,Ch,Yes,>30,0
159983136,Caucasian,Male,[50-60),3,Elective,6,Discharged/transferred to home with home health service,1,Physician Referral,4,Surgery-Cardiovascular,53,2,28,0,0,0,6,,,No,No,Yes,NO,0
160027962,AfricanAmerican,Female,[40-50),1,Emergency,5,Discharged/transferred to another type of inpatient care institution,7,Emergency Room,3,,37,1,12,0,0,0,9,,,Down,Ch,Yes,NO,0
160066224,Caucasian,Female,[40-50),1,Emergency,1,Discharged to home,7,Emergency Room,2,,75,0,8,0,0,1,9,,,No,No,No,>30,0
160103010,Caucasian,Female,[60-70),3,Elective,1,Discharged to home,1,Physician Referral,5,Urology,42,3,19,0,0,0,4,,,Down,Ch,Yes,<30,1
160146084,Caucasian,Male,[70-80),2,Urgent,1,Discharged to home,1,Physician Referral,4,,67,6,18,0,0,0,9,,,No,No,No,>30,0
160204038,Caucasian,Female,[60-70),2,Urgent,1,Discharged to home,1,Physician Referral,3,Psychiatry,25,0,6,0,0,0,7,,,No,No,No,NO,0
160292160,Caucasian,Female,[80-90),2,Urgent,1,Discharged to home,7,Emergency Room,5,Emergency/Trauma,41,2,5,0,0,0,6,,,No,Ch,Yes,NO,0
160347378,Caucasian,Female,[60-70),1,Emergency,1,Discharged to home,7,Emergency Room,1,,37,0,9,0,0,0,9,,,No,No,No,NO,0
160432482,Caucasian,Male,[70-80),3,Elective,22,Discharged/transferred to another rehab fac including rehab units of a hospital .,1,Physician Referral,7,,71,2,21,0,0,0,9,,,No,No,No,>30,0
160470306,Caucasian,Female,[20-30),1,Emergency,1,Discharged to home,7,Emergency Room,2,Emergency/Trauma,49,0,5,0,3,1,6,,,Steady,No,Yes,NO,0
160491156,Caucasian,Male,[70-80),5,Not Available,1,Discharged to home,1,Physician Referral,2,,45,0,14,1,0,0,9,,Norm,Steady,Ch,Yes,NO,0
160563972,AfricanAmerican,Female,[80-90),1,Emergency,1,Discharged to home,7,Emergency Room,11,InternalMedicine,54,1,13,0,0,2,9,,,Steady,No,Yes,>30,0
160588686,Caucasian,Male,[60-70),2,Urgent,14,Hospice / medical facility,1,Physician Referral,14,Gastroenterology,46,1,12,0,0,4,6,,,Steady,No,Yes,<30,1
160602594,Caucasian,Female,[50-60),2,Urgent,1,Discharged to home,7,Emergency Room,8,Family/GeneralPractice,37,0,9,0,2,2,4,,Norm,No,No,Yes,NO,0
160610472,Caucasian,Male,[70-80),1,Emergency,1,Discharged to home,7,Emergency Room,4,,85,5,25,0,0,1,9,,>8,Down,Ch,Yes,>30,0
160614228,Caucasian,Male,[70-80),3,Elective,3,Discharged/transferred to SNF,1,Physician Referral,3,Orthopedics,28,2,14,0,0,2,4,,,No,No,Yes,>30,0
160660992,Caucasian,Female,[70-80),3,Elective,1,Discharged to home,1,Physician Referral,1,Surgery-General,28,3,12,0,0,0,7,,,No,No,Yes,>30,0
160663254,Caucasian,Male,[80-90),2,Urgent,1,Discharged to home,7,Emergency Room,4,Emergency/Trauma,53,2,15,0,0,0,7,,>7,Down,Ch,Yes,NO,0
160694628,Caucasian,Male,[70-80),2,Urgent,3,Discharged/transferred to SNF,1,Physician Referral,8,Gastroenterology,58,1,23,0,0,0,8,,,Steady,Ch,Yes,<30,1
160704792,Caucasian,Male,[40-50),1,Emergency,1,Discharged to home,7,Emergency Room,1,,66,0,5,0,0,1,9,,,Up,Ch,Yes,NO,0
160789536,Caucasian,Female,[70-80),1,Emergency,1,Discharged to home,7,Emergency Room,6,Family/GeneralPractice,52,0,21,0,0,1,8,,,Steady,Ch,Yes,<30,1
160814910,AfricanAmerican,Female,[20-30),3,Elective,1,Discharged to home,1,Physician Referral,4,ObstetricsandGynecology,27,2,19,0,0,0,9,,,Up,Ch,Yes,NO,0
160834524,Caucasian,Male,[80-90),1,Emergency,3,Discharged/transferred to SNF,7,Emergency Room,6,,52,0,11,0,0,0,9,,,No,No,Yes,<30,1
160839006,AfricanAmerican,Female,[20-30),1,Emergency,1,Discharged to home,7,Emergency Room,12,,63,1,35,0,6,6,9,,,Up,Ch,Yes,>30,0
161212704,AfricanAmerican,Female,[40-50),1,Emergency,6,Discharged/transferred to home with home health service,7,Emergency Room,10,,61,0,14,0,0,0,8,,,No,No,Yes,NO,0
161276424,Caucasian,Male,[40-50),1,Emergency,6,Discharged/transferred to home with home health service,7,Emergency Room,2,,30,1,15,0,0,0,2,,,Up,Ch,Yes,>30,0
161333346,AfricanAmerican,Male,[50-60),3,Elective,1,Discharged to home,1,Physician Referral,2,Family/GeneralPractice,38,0,11,0,2,1,5,,,Steady,No,Yes,<30,1
161350758,Caucasian,Female,[30-40),1,Emergency,1,Discharged to home,7,Emergency Room,8,Surgery-General,72,2,25,0,0,2,9,,,Steady,No,Yes,NO,0
161383650,AfricanAmerican,Male,[60-70),1,Emergency,22,Discharged/transferred to another rehab fac including rehab units of a hospital .,7,Emergency Room,13,Surgery-General,40,2,27,0,2,3,4,,,No,No,Yes,NO,0
161394588,Caucasian,Female,[80-90),5,Not Available,3,Discharged/transferred to SNF,1,Physician Referral,6,,72,0,18,2,0,0,9,,>7,No,No,Yes,NO,0
161402166,Caucasian,Female,[60-70),1,Emergency,11,Expired,7,Emergency Room,3,,68,2,21,0,0,0,9,,,Down,Ch,Yes,NO,0
161462772,Caucasian,Male,[80-90),1,Emergency,1,Discharged to home,7,Emergency Room,4,,58,0,9,0,0,0,9,,,No,No,No,NO,0
161495070,Caucasian,Male,[80-90),2,Urgent,3,Discharged/transferred to SNF,7,Emergency Room,12,Emergency/Trauma,58,6,29,0,0,2,9,,,Down,Ch,Yes,>30,0
161649264,Caucasian,Female,[50-60),2,Urgent,1,Discharged to home,1,Physician Referral,6,Psychiatry,37,0,15,0,0,0,6,,Norm,Steady,Ch,Yes,NO,0
161672136,AfricanAmerican,Female,[60-70),1,Emergency,1,Discharged to home,7,Emergency Room,2,,63,1,13,0,1,0,9,,,No,No,No,>30,0
161736306,Caucasian,Male,[70-80),3,Elective,1,Discharged to home,1,Physician Referral,1,Radiologist,36,6,17,0,0,0,9,,,No,No,No,>30,0
161750622,Caucasian,Male,[70-80),1,Emergency,1,Discharged to home,7,Emergency Room,3,,45,6,28,0,0,0,4,,,Steady,Ch,Yes,>30,0
161750922,Caucasian,Male,[80-90),3,Elective,1,Discharged to home,1,Physician Referral,1,Radiologist,25,6,22,0,0,0,6,,,No,No,No,>30,0
161768946,Caucasian,Male,[60-70),2,Urgent,1,Discharged to home,1,Physician Referral,4,,47,5,13,0,1,0,9,,,No,No,Yes,<30,1
161788704,Caucasian,Female,[70-80),5,Not Available,6,Discharged/transferred to home with home health service,1,Physician Referral,4,,36,0,18,8,0,0,9,,,Up,Ch,Yes,NO,0
161956284,Caucasian,Female,[50-60),3,Elective,6,Discharged/transferred to home with home health service,1,Physician Referral,2,Nephrology,33,2,18,7,0,0,8,,,No,Ch,Yes,>30,0
161966790,Caucasian,Female,[80-90),2,Urgent,3,Discharged/transferred to SNF,7,Emergency Room,3,Emergency/Trauma,35,0,10,0,1,0,5,,>8,Down,Ch,Yes,>30,0
162056280,AfricanAmerican,Male,[70-80),2,Urgent,13,Hospice / home,1,Physician Referral,4,Nephrology,51,0,16,0,0,0,9,,,Steady,No,Yes,NO,0
162064734,AfricanAmerican,Male,[70-80),1,Emergency,6,Discharged/transferred to home with home health service,7,Emergency Room,3,,57,1,18,0,1,3,9,,,Steady,No,Yes,>30,0
162144606,AfricanAmerican,Female,[50-60),3,Elective,1,Discharged to home,1,Physician Referral,3,Family/GeneralPractice,26,0,12,0,0,0,9,,,Down,Ch,Yes,NO,0
162177636,Caucasian,Male,[50-60),2,Urgent,1,Discharged to home,7,Emergency Room,1,Emergency/Trauma,22,0,7,0,0,0,4,,>7,No,No,Yes,NO,0
162217500,Caucasian,Male,[70-80),2,Urgent,3,Discharged/transferred to SNF,7,Emergency Room,5,Emergency/Trauma,59,0,24,0,0,0,9,,,Up,Ch,Yes,>30,0
162347952,AfricanAmerican,Female,[60-70),2,Urgent,6,Discharged/transferred to home with home health service,1,Physician Referral,4,Oncology,36,3,21,1,0,6,9,,,Steady,No,Yes,NO,0
162365208,Caucasian,Female,[70-80),1,Emergency,1,Discharged to home,7,Emergency Room,3,,63,3,15,3,1,3,9,,,Steady,No,Yes,>30,0
162377322,Caucasian,Female,[70-80),1,Emergency,6,Discharged/transferred to home with home health service,7,Emergency Room,4,,52,2,27,0,0,0,9,,,No,No,No,>30,0
162380778,Caucasian,Female,[20-30),1,Emergency,1,Discharged to home,7,Emergency Room,1,,46,0,4,1,0,1,3,,Norm,No,No,No,NO,0
162382554,AfricanAmerican,Male,[60-70),1,Emergency,1,Discharged to home,7,Emergency Room,2,InternalMedicine,43,1,11,0,1,1,9,,,Steady,Ch,Yes,>30,0
162494976,Caucasian,Female,[50-60),6,NULL,1,Discharged to home,17,NULL,4,Family/GeneralPractice,80,6,14,0,1,0,9,,,Steady,No,Yes,>30,0
162642942,AfricanAmerican,Male,[40-50),1,Emergency,7,Left AMA,7,Emergency Room,5,,62,0,23,0,0,3,9,,,Down,Ch,Yes,NO,0
162648510,Caucasian,Male,[70-80),2,Urgent,1,Discharged to home,1,Physician Referral,4,InternalMedicine,52,0,18,0,0,3,9,,,No,No,No,>30,0
162667578,AfricanAmerican,Female,[60-70),1,Emergency,1,Discharged to home,7,Emergency Room,6,Family/GeneralPractice,40,4,24,1,1,0,9,,,No,No,No,NO,0
162693174,Caucasian,Male,[60-70),3,Elective,1,Discharged to home,1,Physician Referral,5,Surgery-Cardiovascular/Thoracic,43,1,34,0,0,0,9,,,Up,Ch,Yes,NO,0
162785862,Caucasian,Male,[60-70),1,Emergency,11,Expired,1,Physician Referral,2,,54,0,12,0,0,0,4,,,No,No,No,NO,0
162820524,AfricanAmerican,Female,[50-60),2,Urgent,1,Discharged to home,1,Physician Referral,2,Oncology,38,1,11,1,0,2,8,,,Down,Ch,Yes,>30,0
162867168,Caucasian,Female,[50-60),2,Urgent,1,Discharged to home,1,Physician Referral,6,Orthopedics,52,4,22,0,1,0,8,,,Steady,No,Yes,NO,0
162874416,Caucasian,Female,[80-90),1,Emergency,6,Discharged/transferred to home with home health service,7,Emergency Room,3,,45,0,15,0,0,0,9,,,Steady,Ch,Yes,<30,1
162875856,Caucasian,Female,[70-80),6,NULL,6,Discharged/transferred to home with home health service,17,NULL,3,Orthopedics-Reconstructive,23,2,27,0,0,0,9,,,No,Ch,Yes,NO,0
162909114,AfricanAmerican,Female,[70-80),1,Emergency,1,Discharged to home,7,Emergency Room,2,,39,0,7,0,0,3,5,,,Steady,No,Yes,>30,0
162922656,Caucasian,Male,[60-70),1,Emergency,2,Discharged/transferred to another short term hospital,7,Emergency Room,1,,51,0,11,0,0,0,8,,,No,No,No,>30,0
163000038,Caucasian,Female,[10-20),1,Emergency,1,Discharged to home,7,Emergency Room,5,,65,3,17,0,0,0,9,,,No,No,No,NO,0
163008000,Caucasian,Male,[50-60),1,Emergency,1,Discharged to home,7,Emergency Room,2,,43,3,19,1,0,0,8,,,No,Ch,Yes,>30,0
163008882,Caucasian,Female,[70-80),5,Not Available,3,Discharged/transferred to SNF,1,Physician Referral,2,,65,0,17,2,1,1,9,,Norm,Up,Ch,Yes,<30,1
163012440,Caucasian,Female,[70-80),5,Not Available,3,Discharged/transferred to SNF,1,Physician Referral,3,,41,0,21,6,0,0,9,,,No,No,No,NO,0
163017654,Caucasian,Female,[70-80),1,Emergency,1,Discharged to home,7,Emergency Room,2,,38,5,16,0,0,0,4,,,No,Ch,Yes,>30,0
163041336,Caucasian,Female,[40-50),5,Not Available,6,Discharged/transferred to home with home health service,1,Physician Referral,5,,28,6,28,3,0,0,7,,,Up,Ch,Yes,NO,0
163074924,Caucasian,Female,[50-60),1,Emergency,1,Discharged to home,7,Emergency Room,2,,39,1,14,0,0,0,6,,Norm,Up,Ch,Yes,>30,0
163111914,Caucasian,Female,[70-80),1,Emergency,1,Discharged to home,7,Emergency Room,7,InternalMedicine,30,0,18,0,0,0,7,,,No,No,Yes,NO,0
163121886,Caucasian,Male,[60-70),2,Urgent,22,Discharged/transferred to another rehab fac including rehab units of a hospital .,1,Physician Referral,7,Surgery-Vascular,27,1,28,0,0,0,9,,,Up,Ch,Yes,NO,0
163159098,AfricanAmerican,Male,[40-50),1,Emergency,1,Discharged to home,7,Emergency Room,2,,50,0,8,0,0,0,9,,,No,No,Yes,>30,0
163237134,Caucasian,Male,[50-60),3,Elective,1,Discharged to home,1,Physician Referral,5,Surgery-General,38,0,11,1,0,1,5,,,Up,Ch,Yes,NO,0
163245120,Caucasian,Male,[60-70),3,Elective,1,Discharged to home,1,Physician Referral,5,Family/GeneralPractice,66,0,5,0,0,0,9,,,Up,Ch,Yes,NO,0
163306482,Caucasian,Female,[80-90),1,Emergency,6,Discharged/transferred to home with home health service,7,Emergency Room,4,,33,1,16,0,0,0,8,,,Down,Ch,Yes,NO,0
163307658,AfricanAmerican,Female,[80-90),1,Emergency,4,Discharged/transferred to ICF,7,Emergency Room,5,,71,1,15,0,0,0,9,,Norm,No,No,No,NO,0
163364838,Caucasian,Female,[70-80),3,Elective,6,Discharged/transferred to home with home health service,1,Physician Referral,9,Surgery-General,63,0,21,0,0,0,9,,,No,No,No,<30,1
163381464,Caucasian,Female,[80-90),1,Emergency,3,Discharged/transferred to SNF,7,Emergency Room,5,,58,0,6,0,0,0,9,,,No,No,No,>30,0
163401114,Caucasian,Male,[80-90),2,Urgent,1,Discharged to home,7,Emergency Room,1,,50,0,8,0,0,0,9,,Norm,No,No,No,NO,0
163421610,Caucasian,Female,[80-90),1,Emergency,1,Discharged to home,7,Emergency Room,8,,72,0,19,0,0,0,9,,>7,No,No,No,<30,1
163480188,Caucasian,Female,[60-70),1,Emergency,1,Discharged to home,7,Emergency Room,1,,3,0,4,0,0,0,4,,,No,No,No,NO,0
163485102,AfricanAmerican,Female,[50-60),1,Emergency,1,Discharged to home,7,Emergency Room,2,InternalMedicine,41,0,12,0,3,0,4,,,No,No,Yes,NO,0
163508190,Caucasian,Female,[60-70),3,Elective,3,Discharged/transferred to SNF,1,Physician Referral,6,Radiologist,7,4,23,0,0,0,9,,,No,Ch,Yes,NO,0
163511430,Caucasian,Male,[50-60),3,Elective,1,Discharged to home,1,Physician Referral,1,Radiologist,19,6,17,0,0,0,6,,,No,No,No,NO,0
163546866,Caucasian,Male,[50-60),1,Emergency,1,Discharged to home,7,Emergency Room,5,,74,1,21,0,0,0,9,,,Steady,No,Yes,NO,0
163557060,AfricanAmerican,Male,[60-70),2,Urgent,1,Discharged to home,1,Physician Referral,2,Cardiology,33,0,11,0,0,0,8,,,No,No,No,>30,0
163558296,Caucasian,Female,[80-90),5,Not Available,3,Discharged/transferred to SNF,1,Physician Referral,3,,60,1,12,1,0,1,7,,,No,No,No,<30,1
163568640,Caucasian,Male,[70-80),1,Emergency,1,Discharged to home,7,Emergency Room,2,InternalMedicine,67,0,9,4,2,0,9,,>7,No,No,No,NO,0
163585638,Caucasian,Female,[70-80),1,Emergency,1,Discharged to home,1,Physician Referral,3,,42,2,9,0,0,0,6,,,No,No,No,NO,0
163594110,AfricanAmerican,Female,[60-70),1,Emergency,3,Discharged/transferred to SNF,7,Emergency Room,3,Nephrology,44,1,14,0,1,4,6,,,Steady,Ch,Yes,NO,0
163599066,Caucasian,Female,[50-60),1,Emergency,1,Discharged to home,7,Emergency Room,2,,34,2,19,0,0,0,9,,,Down,Ch,Yes,NO,0
163611792,Caucasian,Female,[70-80),1,Emergency,3,Discharged/transferred to SNF,7,Emergency Room,3,,43,0,21,2,0,0,9,,,No,Ch,Yes,<30,1
163685616,Caucasian,Female,[60-70),3,Elective,1,Discharged to home,1,Physician Referral,2,Pulmonology,29,1,10,0,0,0,4,,,Up,Ch,Yes,>30,0
163706616,Caucasian,Male,[70-80),1,Emergency,1,Discharged to home,7,Emergency Room,3,,55,0,10,2,0,2,6,,,No,Ch,Yes,>30,0
163749984,AfricanAmerican,Female,[50-60),1,Emergency,3,Discharged/transferred to SNF,7,Emergency Room,8,,68,1,11,0,0,0,9,Norm,,Steady,No,Yes,<30,1
163766106,Caucasian,Female,[80-90),1,Emergency,22,Discharged/transferred to another rehab fac including rehab units of a hospital .,1,Physician Referral,4,,42,2,16,0,0,0,9,,,Up,Ch,Yes,>30,0
163768398,AfricanAmerican,Female,[60-70),3,Elective,6,Discharged/transferred to home with home health service,1,Physician Referral,2,Surgery-Vascular,1,1,7,3,0,1,6,,,Down,Ch,Yes,NO,0
163814634,Caucasian,Female,[70-80),1,Emergency,6,Discharged/transferred to home with home health service,1,Physician Referral,4,,74,0,22,2,1,1,9,,Norm,No,Ch,Yes,>30,0
163826958,Caucasian,Female,[50-60),2,Urgent,1,Discharged to home,1,Physician Referral,2,Family/GeneralPractice,42,0,13,1,2,0,9,,Norm,Steady,Ch,Yes,>30,0
163835400,Caucasian,Male,[50-60),1,Emergency,1,Discharged to home,7,Emergency Room,7,,63,1,28,3,0,2,9,,,Down,Ch,Yes,>30,0
163838430,Caucasian,Male,[70-80),3,Elective,1,Discharged to home,1,Physician Referral,7,Cardiology,52,6,39,0,1,1,9,,,Up,Ch,Yes,>30,0
163877076,AfricanAmerican,Female,[60-70),3,Elective,6,Discharged/transferred to home with home health service,1,Physician Referral,4,,40,0,12,0,0,1,9,,,Up,Ch,Yes,>30,0
163880802,Caucasian,Female,[80-90),5,Not Available,6,Discharged/transferred to home with home health service,1,Physician Referral,2,,24,0,10,2,0,0,9,,,No,No,No,NO,0
163883070,AfricanAmerican,Male,[50-60),3,Elective,3,Discharged/transferred to SNF,1,Physician Referral,2,Surgery-Cardiovascular/Thoracic,27,2,22,0,0,0,7,,,Up,Ch,Yes,NO,0
163889184,Caucasian,Female,[80-90),1,Emergency,6,Discharged/transferred to home with home health service,7,Emergency Room,4,,50,0,11,0,2,1,9,,Norm,Steady,No,Yes,>30,0
163894128,Caucasian,Male,[90-100),5,Not Available,3,Discharged/transferred to SNF,1,Physician Referral,3,,27,0,7,0,0,0,8,,,No,No,No,NO,0
163936284,Caucasian,Male,[60-70),3,Elective,1,Discharged to home,1,Physician Referral,4,Surgery-General,45,2,26,0,0,2,9,,,No,Ch,Yes,>30,0
163996788,Caucasian,Female,[80-90),2,Urgent,6,Discharged/transferred to home with home health service,1,Physician Referral,3,,50,0,10,0,0,0,7,,,Steady,Ch,Yes,NO,0
164034198,Caucasian,Male,[40-50),1,Emergency,1,Discharged to home,7,Emergency Room,4,Emergency/Trauma,35,4,13,0,0,0,6,,>7,Down,Ch,Yes,>30,0
164036904,Caucasian,Female,[60-70),3,Elective,1,Discharged to home,1,Physician Referral,4,,60,6,44,0,0,0,9,,>8,Up,Ch,Yes,NO,0
164149368,Caucasian,Female,[70-80),3,Elective,1,Discharged to home,1,Physician Referral,8,,37,1,19,0,0,0,9,,,Steady,No,Yes,NO,0
164298660,AfricanAmerican,Male,[60-70),5,Not Available,1,Discharged to home,1,Physician Referral,3,,27,3,21,0,0,1,9,,,Down,Ch,Yes,>30,0
164304468,AfricanAmerican,Male,[50-60),1,Emergency,1,Discharged to home,7,Emergency Room,10,,60,5,31,0,0,0,9,,,No,No,No,<30,1
164322180,Caucasian,Female,[0-10),2,Urgent,1,Discharged to home,7,Emergency Room,5,Cardiology-Pediatric,60,0,9,0,0,0,8,,Norm,Up,Ch,Yes,>30,0
164347386,Asian,Female,[50-60),2,Urgent,1,Discharged to home,1,Physician Referral,2,Family/GeneralPractice,1,2,17,0,0,0,4,,,Steady,No,Yes,NO,0
164398188,AfricanAmerican,Female,[60-70),3,Elective,22,Discharged/transferred to another rehab fac including rehab units of a hospital .,1,Physician Referral,4,,28,2,29,0,0,0,8,,,Down,Ch,Yes,NO,0
164437464,Caucasian,Female,[50-60),1,Emergency,2,Discharged/transferred to another short term hospital,7,Emergency Room,7,,79,0,11,2,0,0,9,,,No,No,Yes,<30,1
164486880,AfricanAmerican,Male,[70-80),3,Elective,3,Discharged/transferred to SNF,1,Physician Referral,2,Surgery-General,39,3,22,1,0,0,9,,,Steady,Ch,Yes,<30,1
164558538,Caucasian,Male,[50-60),1,Emergency,1,Discharged to home,7,Emergency Room,4,,38,5,16,1,0,0,7,,,No,No,Yes,>30,0
164579394,Caucasian,Female,[70-80),2,Urgent,1,Discharged to home,4,Transfer from a hospital,2,,29,5,24,0,0,0,9,,,Down,Ch,Yes,NO,0
164697630,Caucasian,Female,[80-90),1,Emergency,1,Discharged to home,7,Emergency Room,2,Surgery-General,67,3,23,0,0,0,7,,,No,Ch,Yes,>30,0
164724732,Caucasian,Female,[50-60),1,Emergency,1,Discharged to home,7,Emergency Room,3,,45,0,16,0,0,1,9,,>8,Steady,Ch,Yes,>30,0
164855478,AfricanAmerican,Female,[20-30),1,Emergency,1,Discharged to home,7,Emergency Room,5,,41,0,3,0,0,0,9,,,No,No,No,NO,0
164912172,Caucasian,Female,[70-80),1,Emergency,23,Discharged/transferred to a long term care hospital.,1,Physician Referral,5,,44,0,15,0,0,0,9,,,Steady,Ch,Yes,NO,0
164912406,Caucasian,Male,[70-80),1,Emergency,1,Discharged to home,7,Emergency Room,1,,34,1,20,0,0,0,8,,,No,No,Yes,NO,0
164944212,Caucasian,Female,[50-60),2,Urgent,1,Discharged to home,1,Physician Referral,14,,33,0,9,2,0,0,4,,,No,No,Yes,>30,0
164950020,Caucasian,Male,[40-50),1,Emergency,1,Discharged to home,7,Emergency Room,3,,36,1,6,0,1,0,9,,,No,No,No,>30,0
164982060,Caucasian,Male,[60-70),3,Elective,1,Discharged to home,1,Physician Referral,1,Neurology,41,0,1,0,0,0,6,,,No,No,No,NO,0
164990286,AfricanAmerican,Male,[50-60),1,Emergency,24,Discharged/transferred to a nursing facility certified under Medicaid but not certified under Medicare.,7,Emergency Room,5,InternalMedicine,41,0,22,0,2,3,9,,,Up,Ch,Yes,<30,1
164991168,AfricanAmerican,Female,[40-50),1,Emergency,22,Discharged/transferred to another rehab fac including rehab units of a hospital .,7,Emergency Room,4,,52,3,29,0,0,0,9,,Norm,No,No,Yes,NO,0
164994486,Caucasian,Male,[60-70),1,Emergency,1,Discharged to home,7,Emergency Room,3,,33,0,13,1,0,3,6,,,Up,Ch,Yes,>30,0
165008838,AfricanAmerican,Female,[80-90),1,Emergency,3,Discharged/transferred to SNF,7,Emergency Room,5,InternalMedicine,47,1,20,1,0,0,8,,,No,Ch,Yes,>30,0
165009384,AfricanAmerican,Male,[70-80),1,Emergency,6,Discharged/transferred to home with home health service,7,Emergency Room,7,,51,1,25,1,0,1,9,,,No,No,No,>30,0
165023610,Caucasian,Female,[60-70),3,Elective,6,Discharged/transferred to home with home health service,1,Physician Referral,3,Orthopedics,35,1,20,0,0,0,4,,,Steady,Ch,Yes,NO,0
165088374,Caucasian,Male,[40-50),5,Not Available,1,Discharged to home,1,Physician Referral,1,,4,0,9,1,0,0,9,,,Steady,No,Yes,NO,0
165123318,AfricanAmerican,Male,[70-80),1,Emergency,22,Discharged/transferred to another rehab fac including rehab units of a hospital .,1,Physician Referral,4,,34,1,27,0,0,0,8,,,Steady,No,Yes,NO,0
165130668,Caucasian,Male,[60-70),2,Urgent,1,Discharged to home,7,Emergency Room,2,Emergency/Trauma,27,3,5,0,0,1,9,,,No,No,No,>30,0
165178188,AfricanAmerican,Female,[70-80),3,Elective,22,Discharged/transferred to another rehab fac including rehab units of a hospital .,1,Physician Referral,1,Orthopedics-Reconstructive,28,2,24,0,1,1,6,,,Down,Ch,Yes,NO,0
165197088,AfricanAmerican,Female,[70-80),1,Emergency,22,Discharged/transferred to another rehab fac including rehab units of a hospital .,7,Emergency Room,2,Family/GeneralPractice,49,0,7,0,0,0,3,,,Down,Ch,Yes,NO,0
165204840,Caucasian,Male,[60-70),3,Elective,1,Discharged to home,1,Physician Referral,4,Radiologist,43,0,8,0,0,0,5,,,Steady,No,Yes,NO,0
165250854,Caucasian,Female,[60-70),1,Emergency,1,Discharged to home,7,Emergency Room,3,Cardiology,47,3,22,0,0,0,9,,,Up,Ch,Yes,NO,0
165256392,Caucasian,Female,[70-80),5,Not Available,3,Discharged/transferred to SNF,1,Physician Referral,5,,62,0,24,0,0,0,8,,Norm,Up,Ch,Yes,>30,0
165280002,Caucasian,Male,[60-70),2,Urgent,1,Discharged to home,7,Emergency Room,7,Emergency/Trauma,61,1,9,0,0,1,8,,,No,No,No,NO,0
165289770,AfricanAmerican,Male,[60-70),1,Emergency,1,Discharged to home,7,Emergency Room,3,,47,4,23,0,0,0,9,,,Steady,Ch,Yes,<30,1
165397674,AfricanAmerican,Female,[80-90),1,Emergency,6,Discharged/transferred to home with home health service,7,Emergency Room,10,,46,1,21,0,2,3,9,,,Steady,Ch,Yes,>30,0
165416556,AfricanAmerican,Male,[50-60),1,Emergency,1,Discharged to home,7,Emergency Room,3,Cardiology,43,5,19,0,0,1,6,,,Steady,No,Yes,<30,1
165472206,Caucasian,Male,[40-50),2,Urgent,1,Discharged to home,1,Physician Referral,1,Family/GeneralPractice,42,1,13,0,0,0,9,,,No,Ch,Yes,>30,0
165487788,Caucasian,Male,[80-90),1,Emergency,1,Discharged to home,7,Emergency Room,2,,60,0,12,1,0,0,9,,,No,No,Yes,>30,0
165532914,Caucasian,Female,[40-50),1,Emergency,6,Discharged/transferred to home with home health service,7,Emergency Room,4,,45,0,18,0,0,0,8,,Norm,No,No,No,NO,0
165590052,Caucasian,Female,[80-90),1,Emergency,1,Discharged to home,7,Emergency Room,3,InternalMedicine,38,0,12,0,0,1,8,,,Steady,No,Yes,NO,0
165592326,AfricanAmerican,Female,[80-90),1,Emergency,1,Discharged to home,7,Emergency Room,7,,55,0,19,1,0,0,9,,,No,Ch,Yes,>30,0
165630960,AfricanAmerican,Female,[40-50),1,Emergency,1,Discharged to home,7,Emergency Room,7,,78,1,24,3,1,3,9,,Norm,Steady,No,Yes,NO,0
165650562,AfricanAmerican,Female,[50-60),3,Elective,1,Discharged to home,4,Transfer from a hospital,1,,39,0,4,0,0,0,9,,,No,No,No,NO,0
165666228,Caucasian,Male,[50-60),1,Emergency,1,Discharged to home,7,Emergency Room,7,,54,1,14,0,0,0,9,,,No,No,No,NO,0
165670350,Caucasian,Male,[80-90),1,Emergency,3,Discharged/transferred to SNF,7,Emergency Room,10,,56,1,21,0,0,3,9,,,No,No,No,>30,0
165673512,AfricanAmerican,Male,[50-60),1,Emergency,1,Discharged to home,7,Emergency Room,4,InternalMedicine,38,0,16,1,3,1,9,,,Down,Ch,Yes,<30,1
165681588,AfricanAmerican,Male,[50-60),1,Emergency,1,Discharged to home,7,Emergency Room,6,,62,2,21,0,0,0,9,,,Down,Ch,Yes,NO,0
165683490,Caucasian,Female,[60-70),1,Emergency,6,Discharged/transferred to home with home health service,7,Emergency Room,5,,55,0,19,0,0,5,9,,,Down,Ch,Yes,<30,1
165695982,Caucasian,Female,[20-30),2,Urgent,1,Discharged to home,7,Emergency Room,1,Emergency/Trauma,50,0,6,0,0,3,5,,,Down,Ch,Yes,NO,0
165850638,Caucasian,Male,[60-70),2,Urgent,1,Discharged to home,1,Physician Referral,1,Radiologist,31,6,9,0,0,0,9,,,No,No,No,NO,0
165884586,AfricanAmerican,Male,[60-70),1,Emergency,1,Discharged to home,7,Emergency Room,4,,57,2,13,1,0,0,9,,,No,No,No,>30,0
165918180,Caucasian,Male,[80-90),6,NULL,6,Discharged/transferred to home with home health service,7,Emergency Room,3,InternalMedicine,65,1,11,0,0,1,6,>200,,No,No,No,>30,0
165934524,Caucasian,Female,[50-60),1,Emergency,1,Discharged to home,7,Emergency Room,2,Family/GeneralPractice,37,0,10,0,0,0,5,,,Steady,No,Yes,NO,0
165953724,Caucasian,Male,[60-70),1,Emergency,6,Discharged/transferred to home with home health service,7,Emergency Room,5,,56,2,25,1,0,0,7,,,No,No,No,NO,0
165974034,Caucasian,Female,[80-90),2,Urgent,11,Expired,1,Physician Referral,2,Family/GeneralPractice,30,0,18,2,0,0,9,,,No,No,No,NO,0
166112604,Caucasian,Female,[80-90),1,Emergency,1,Discharged to home,7,Emergency Room,6,,51,0,21,0,0,0,9,,,Steady,Ch,Yes,NO,0
166205256,,Female,[20-30),2,Urgent,1,Discharged to home,1,Physician Referral,2,,54,0,1,0,0,0,9,,>8,No,No,No,NO,0
166229088,AfricanAmerican,Male,[20-30),1,Emergency,23,Discharged/transferred to a long term care hospital.,7,Emergency Room,6,Surgery-Cardiovascular/Thoracic,30,1,27,0,2,2,4,,,Down,Ch,Yes,>30,0
166237944,Caucasian,Male,[80-90),1,Emergency,6,Discharged/transferred to home with home health service,7,Emergency Room,5,,44,5,33,0,1,0,9,,Norm,No,No,Yes,>30,0
166253976,Caucasian,Male,[60-70),1,Emergency,4,Discharged/transferred to ICF,1,Physician Referral,4,,48,0,19,0,0,1,9,,Norm,Steady,No,Yes,>30,0
166326810,AfricanAmerican,Male,[70-80),1,Emergency,1,Discharged to home,7,Emergency Room,10,,67,3,29,0,0,1,9,,,Steady,No,Yes,NO,0
166419390,Caucasian,Male,[60-70),1,Emergency,6,Discharged/transferred to home with home health service,7,Emergency Room,10,,90,3,41,5,2,2,9,,,Down,Ch,Yes,>30,0
166447824,Caucasian,Female,[90-100),2,Urgent,6,Discharged/transferred to home with home health service,7,Emergency Room,2,Emergency/Trauma,57,0,20,0,0,0,9,,Norm,Steady,Ch,Yes,<30,1
166549482,Caucasian,Male,[60-70),2,Urgent,2,Discharged/transferred to another short term hospital,7,Emergency Room,1,Emergency/Trauma,68,0,12,0,2,1,9,,,No,No,No,>30,0
166572726,Hispanic,Female,[70-80),2,Urgent,3,Discharged/transferred to SNF,7,Emergency Room,7,Emergency/Trauma,72,0,30,0,0,4,9,,,Up,Ch,Yes,>30,0
166624368,Caucasian,Male,[50-60),3,Elective,1,Discharged to home,1,Physician Referral,1,Cardiology,36,1,15,0,0,2,6,,,Down,Ch,Yes,NO,0
166649934,Caucasian,Female,[60-70),2,Urgent,1,Discharged to home,1,Physician Referral,4,Gastroenterology,27,0,18,0,0,0,8,,,No,No,No,NO,0
166691454,Caucasian,Male,[70-80),1,Emergency,11,Expired,7,Emergency Room,1,Nephrology,50,2,17,0,0,0,5,,,No,No,No,NO,0
166800288,AfricanAmerican,Female,[50-60),1,Emergency,2,Discharged/transferred to another short term hospital,7,Emergency Room,4,Emergency/Trauma,40,0,18,1,0,0,9,,,Steady,No,Yes,>30,0
166849254,Caucasian,Female,[70-80),1,Emergency,1,Discharged to home,1,Physician Referral,6,,59,1,19,2,0,0,9,,Norm,Steady,No,Yes,>30,0
166854990,Caucasian,Male,[50-60),1,Emergency,6,Discharged/transferred to home with home health service,7,Emergency Room,3,InternalMedicine,10,0,9,0,0,0,8,,,No,No,No,NO,0
166879320,AfricanAmerican,Male,[70-80),1,Emergency,22,Discharged/transferred to another rehab fac including rehab units of a hospital .,7,Emergency Room,11,InternalMedicine,53,0,38,1,0,0,9,,,Down,Ch,Yes,>30,0
166880790,Caucasian,Male,[50-60),1,Emergency,1,Discharged to home,7,Emergency Room,4,Gastroenterology,58,0,17,0,0,0,9,,Norm,Steady,No,Yes,NO,0
166881270,Caucasian,Male,[70-80),1,Emergency,1,Discharged to home,10,Transfer from critial access hospital,3,,56,0,17,0,0,0,9,,Norm,Down,Ch,Yes,NO,0
166887504,Caucasian,Female,[90-100),1,Emergency,1,Discharged to home,7,Emergency Room,4,,55,0,14,0,0,0,9,,,No,No,Yes,>30,0
166899468,Caucasian,Female,[60-70),1,Emergency,1,Discharged to home,7,Emergency Room,2,,49,0,16,1,1,2,8,,,Down,Ch,Yes,>30,0
166900404,Caucasian,Male,[70-80),3,Elective,1,Discharged to home,1,Physician Referral,1,Surgery-Vascular,30,3,28,0,0,0,9,,,No,No,No,NO,0
166903284,AfricanAmerican,Female,[60-70),5,Not Available,6,Discharged/transferred to home with home health service,1,Physician Referral,3,,7,3,17,1,0,0,7,,,No,No,No,NO,0
166928046,Caucasian,Female,[80-90),1,Emergency,11,Expired,7,Emergency Room,12,InternalMedicine,56,4,40,0,0,0,9,,>7,Down,Ch,Yes,NO,0
166971078,AfricanAmerican,Male,[60-70),1,Emergency,1,Discharged to home,7,Emergency Room,2,,43,0,8,0,0,0,5,,,No,No,Yes,NO,0
166972116,AfricanAmerican,Female,[50-60),1,Emergency,1,Discharged to home,7,Emergency Room,2,,43,0,21,0,0,0,9,,,Steady,Ch,Yes,NO,0
167075244,Caucasian,Female,[80-90),2,Urgent,1,Discharged to home,7,Emergency Room,1,Emergency/Trauma,48,0,8,0,0,0,9,,,No,No,Yes,>30,0
167126466,Caucasian,Male,[60-70),1,Emergency,13,Hospice / home,7,Emergency Room,2,,47,1,17,0,0,2,9,,,Steady,Ch,Yes,>30,0
167140590,Caucasian,Female,[80-90),2,Urgent,3,Discharged/transferred to SNF,7,Emergency Room,5,Emergency/Trauma,66,1,11,0,0,0,9,,,Down,Ch,Yes,NO,0
167142528,Caucasian,Female,[60-70),5,Not Available,6,Discharged/transferred to home with home health service,1,Physician Referral,4,,41,0,10,3,0,1,8,,,Up,Ch,Yes,>30,0
167149548,Caucasian,Male,[70-80),2,Urgent,1,Discharged to home,1,Physician Referral,1,Oncology,31,3,13,4,0,0,9,,,No,No,Yes,>30,0
167211402,Caucasian,Male,[50-60),1,Emergency,1,Discharged to home,7,Emergency Room,2,,38,0,14,0,0,4,7,,,No,No,Yes,>30,0
167228070,Caucasian,Female,[60-70),1,Emergency,6,Discharged/transferred to home with home health service,7,Emergency Room,5,,66,0,35,0,0,7,9,,,Down,Ch,Yes,<30,1
167247294,Caucasian,Male,[50-60),2,Urgent,6,Discharged/transferred to home with home health service,1,Physician Referral,5,Surgery-Vascular,46,1,14,0,0,0,9,,>8,Down,Ch,Yes,NO,0
167257056,AfricanAmerican,Female,[50-60),2,Urgent,1,Discharged to home,1,Physician Referral,3,Surgery-General,44,1,15,0,0,0,3,,,No,No,No,NO,0
167290854,Caucasian,Male,[80-90),5,Not Available,6,Discharged/transferred to home with home health service,1,Physician Referral,3,,48,0,8,1,1,0,9,,,No,No,No,NO,0
167295144,AfricanAmerican,Male,[50-60),1,Emergency,1,Discharged to home,7,Emergency Room,6,InternalMedicine,48,2,23,0,1,0,9,,,No,Ch,Yes,NO,0
167316150,Caucasian,Female,[50-60),3,Elective,1,Discharged to home,1,Physician Referral,2,,33,2,20,1,0,0,5,,,No,Ch,Yes,NO,0
167361462,AfricanAmerican,Female,[50-60),1,Emergency,23,Discharged/transferred to a long term care hospital.,7,Emergency Room,12,Surgery-Cardiovascular/Thoracic,64,6,67,0,1,2,9,,,Up,Ch,Yes,NO,0
167387262,Caucasian,Female,[80-90),2,Urgent,1,Discharged to home,1,Physician Referral,2,InternalMedicine,79,0,17,0,0,0,9,,>7,Down,Ch,Yes,>30,0
167428782,Caucasian,Male,[80-90),1,Emergency,1,Discharged to home,7,Emergency Room,12,,56,4,21,0,0,0,7,,,Up,Ch,Yes,>30,0
167429274,Caucasian,Female,[70-80),2,Urgent,1,Discharged to home,7,Emergency Room,11,Emergency/Trauma,83,0,37,0,0,0,9,,>8,Up,Ch,Yes,NO,0
167544354,Caucasian,Male,[50-60),2,Urgent,1,Discharged to home,1,Physician Referral,7,Pulmonology,75,1,19,1,0,0,9,,,No,Ch,Yes,NO,0
167596122,Caucasian,Male,[70-80),1,Emergency,6,Discharged/transferred to home with home health service,7,Emergency Room,5,,40,0,24,8,1,2,9,,,No,No,Yes,NO,0
167604042,AfricanAmerican,Male,[40-50),1,Emergency,1,Discharged to home,7,Emergency Room,4,InternalMedicine,38,1,21,0,0,0,9,,,No,Ch,Yes,NO,0
167605182,Caucasian,Female,[50-60),1,Emergency,1,Discharged to home,7,Emergency Room,2,InternalMedicine,49,0,5,0,0,1,4,,,Steady,Ch,Yes,<30,1
167607150,Caucasian,Female,[60-70),1,Emergency,6,Discharged/transferred to home with home health service,7,Emergency Room,11,,76,6,62,0,0,0,8,,,Up,Ch,Yes,NO,0
167611476,Caucasian,Female,[80-90),1,Emergency,1,Discharged to home,1,Physician Referral,5,,47,0,12,0,0,0,9,,,Steady,No,Yes,<30,1
167630964,Caucasian,Female,[70-80),2,Urgent,3,Discharged/transferred to SNF,7,Emergency Room,4,,21,1,21,0,0,0,9,,,Steady,Ch,Yes,NO,0
167654682,AfricanAmerican,Female,[10-20),1,Emergency,7,Left AMA,7,Emergency Room,1,,30,0,5,0,0,3,5,,,Up,Ch,Yes,>30,0
167656374,Caucasian,Female,[20-30),3,Elective,1,Discharged to home,1,Physician Referral,2,,20,1,11,1,0,0,5,,,No,No,No,NO,0
167700156,Caucasian,Male,[60-70),3,Elective,22,Discharged/transferred to another rehab fac including rehab units of a hospital .,1,Physician Referral,3,Family/GeneralPractice,41,0,8,0,0,2,5,,,No,No,Yes,>30,0
167718306,Caucasian,Male,[70-80),1,Emergency,1,Discharged to home,7,Emergency Room,2,,52,3,24,0,0,0,9,,>7,Down,Ch,Yes,>30,0
167729418,Caucasian,Female,[80-90),1,Emergency,3,Discharged/transferred to SNF,7,Emergency Room,4,,68,0,5,0,0,0,9,,,No,No,No,NO,0
167774268,AfricanAmerican,Female,[70-80),2,Urgent,1,Discharged to home,2,Clinic Referral,4,Family/GeneralPractice,65,0,13,0,0,0,7,,Norm,No,Ch,Yes,NO,0
167784642,Caucasian,Male,[80-90),2,Urgent,24,Discharged/transferred to a nursing facility certified under Medicaid but not certified under Medicare.,7,Emergency Room,4,Psychiatry,20,0,9,0,0,0,9,,,No,No,Yes,NO,0
167789364,Caucasian,Female,[70-80),1,Emergency,1,Discharged to home,7,Emergency Room,2,Family/GeneralPractice,46,1,10,0,0,0,7,,Norm,No,No,Yes,>30,0
167815620,AfricanAmerican,Male,[50-60),3,Elective,1,Discharged to home,1,Physician Referral,7,Surgery-Vascular,45,2,30,0,0,1,9,,,Steady,No,Yes,>30,0
167943624,Caucasian,Female,[60-70),2,Urgent,1,Discharged to home,7,Emergency Room,2,Emergency/Trauma,65,0,8,0,0,1,8,,,No,Ch,Yes,>30,0
167955030,AfricanAmerican,Male,[30-40),1,Emergency,1,Discharged to home,7,Emergency Room,2,Family/GeneralPractice,76,0,4,0,0,0,6,,>8,Steady,Ch,Yes,NO,0
167982426,Caucasian,Male,[40-50),2,Urgent,1,Discharged to home,7,Emergency Room,1,Emergency/Trauma,1,1,7,0,2,0,3,,,Down,Ch,Yes,<30,1
168084486,Caucasian,Male,[70-80),3,Elective,23,Discharged/transferred to a long term care hospital.,1,Physician Referral,6,Urology,58,3,24,0,0,1,8,,,Steady,Ch,Yes,>30,0
168185838,Caucasian,Female,[80-90),1,Emergency,1,Discharged to home,7,Emergency Room,6,,68,0,26,0,0,0,5,,,Steady,Ch,Yes,NO,0
168216636,AfricanAmerican,Male,[50-60),1,Emergency,1,Discharged to home,7,Emergency Room,4,InternalMedicine,91,0,22,0,0,1,9,,Norm,Steady,No,Yes,>30,0
168216876,Caucasian,Male,[40-50),1,Emergency,1,Discharged to home,7,Emergency Room,3,,43,6,15,0,0,0,8,,>7,No,No,No,>30,0
168397146,Caucasian,Female,[30-40),1,Emergency,6,Discharged/transferred to home with home health service,7,Emergency Room,11,,67,4,15,0,0,2,9,,,No,No,No,NO,0
168414078,Caucasian,Female,[80-90),1,Emergency,28,Discharged/transferred/referred to a psychiatric hospital of psychiatric distinct part unit of a hospital,7,Emergency Room,3,,35,0,2,0,0,4,5,,,No,No,No,<30,1
168462522,Caucasian,Male,[50-60),1,Emergency,1,Discharged to home,7,Emergency Room,5,,13,1,16,1,0,2,9,,,No,No,No,>30,0
168464778,AfricanAmerican,Female,[30-40),1,Emergency,1,Discharged to home,7,Emergency Room,5,,47,1,14,0,0,0,9,,,No,No,No,NO,0
168464970,Caucasian,Male,[70-80),1,Emergency,1,Discharged to home,7,Emergency Room,2,Radiologist,26,2,7,0,0,0,9,,,No,No,Yes,>30,0
168470166,Caucasian,Female,[70-80),1,Emergency,1,Discharged to home,7,Emergency Room,2,,46,6,18,1,0,0,5,,,No,Ch,Yes,NO,0
168482304,Caucasian,Female,[50-60),1,Emergency,3,Discharged/transferred to SNF,7,Emergency Room,4,InternalMedicine,45,1,29,0,2,1,9,,,No,No,No,<30,1
168546510,AfricanAmerican,Female,[60-70),1,Emergency,1,Discharged to home,7,Emergency Room,1,,8,0,7,0,0,0,9,,,Down,Ch,Yes,>30,0
168576420,Caucasian,Female,[80-90),2,Urgent,1,Discharged to home,7,Emergency Room,9,Emergency/Trauma,76,0,27,0,0,2,9,,,Up,Ch,Yes,>30,0
168621618,Caucasian,Female,[70-80),1,Emergency,1,Discharged to home,1,Physician Referral,7,,37,3,17,2,0,1,9,,,Steady,Ch,Yes,>30,0
168694122,Caucasian,Male,[50-60),3,Elective,22,Discharged/transferred to another rehab fac including rehab units of a hospital .,1,Physician Referral,6,,33,0,18,0,0,3,7,,,Up,Ch,Yes,<30,1
168701808,AfricanAmerican,Female,[40-50),3,Elective,1,Discharged to home,1,Physician Referral,2,Radiologist,3,4,15,0,0,0,4,,,Steady,Ch,Yes,<30,1
168708132,Caucasian,Male,[70-80),1,Emergency,6,Discharged/transferred to home with home health service,1,Physician Referral,3,,35,2,13,2,0,0,8,,,Steady,Ch,Yes,>30,0
168722988,AfricanAmerican,Male,[40-50),2,Urgent,1,Discharged to home,1,Physician Referral,2,InternalMedicine,38,0,7,0,0,1,6,,,Steady,No,Yes,NO,0
168733392,AfricanAmerican,Female,[70-80),2,Urgent,22,Discharged/transferred to another rehab fac including rehab units of a hospital .,1,Physician Referral,10,Family/GeneralPractice,57,2,22,0,0,1,9,,,Steady,Ch,Yes,NO,0
168766872,Caucasian,Female,[70-80),1,Emergency,1,Discharged to home,7,Emergency Room,2,,40,0,8,0,0,0,9,,,No,No,No,>30,0
168853326,Caucasian,Female,[50-60),1,Emergency,1,Discharged to home,7,Emergency Room,2,,3,0,8,0,0,0,9,,,Steady,No,Yes,NO,0
168859392,Caucasian,Female,[40-50),2,Urgent,1,Discharged to home,7,Emergency Room,7,Emergency/Trauma,56,2,14,0,0,0,7,,,No,No,No,>30,0
168863838,AfricanAmerican,Male,[60-70),2,Urgent,1,Discharged to home,1,Physician Referral,7,InternalMedicine,45,4,23,1,0,1,9,,,No,Ch,Yes,NO,0
168875706,Caucasian,Male,[50-60),2,Urgent,22,Discharged/transferred to another rehab fac including rehab units of a hospital .,1,Physician Referral,8,InternalMedicine,33,3,17,1,0,1,9,,,No,No,No,NO,0
168897462,AfricanAmerican,Female,[70-80),1,Emergency,1,Discharged to home,7,Emergency Room,3,Family/GeneralPractice,41,2,17,0,0,0,7,,,Steady,Ch,Yes,<30,1
168942774,Caucasian,Female,[80-90),2,Urgent,1,Discharged to home,1,Physician Referral,2,,32,0,5,0,0,0,7,,,No,No,Yes,NO,0
168982362,Caucasian,Male,[70-80),2,Urgent,1,Discharged to home,1,Physician Referral,1,Radiologist,29,6,9,0,0,0,5,,,No,No,No,NO,0
169003170,AfricanAmerican,Female,[40-50),1,Emergency,1,Discharged to home,7,Emergency Room,1,InternalMedicine,35,0,11,0,1,0,7,,,Up,Ch,Yes,NO,0
169233216,Caucasian,Female,[80-90),1,Emergency,1,Discharged to home,7,Emergency Room,2,InternalMedicine,43,0,17,0,0,3,9,,,Up,Ch,Yes,>30,0
169261128,Caucasian,Male,[40-50),3,Elective,1,Discharged to home,1,Physician Referral,4,,43,0,15,0,0,2,8,,,Down,Ch,Yes,NO,0
169280202,Caucasian,Female,[80-90),1,Emergency,3,Discharged/transferred to SNF,7,Emergency Room,10,Family/GeneralPractice,46,0,23,0,0,0,9,,,Down,Ch,Yes,NO,0
169324170,AfricanAmerican,Female,[70-80),1,Emergency,1,Discharged to home,2,Clinic Referral,2,,3,1,11,3,0,1,9,,,Steady,No,Yes,>30,0
169399608,Caucasian,Male,[70-80),3,Elective,1,Discharged to home,1,Physician Referral,2,Cardiology,29,2,13,0,0,2,5,,,No,No,No,NO,0
169405782,Caucasian,Female,[50-60),1,Emergency,1,Discharged to home,7,Emergency Room,1,,39,0,9,0,1,1,6,,,Up,Ch,Yes,>30,0
169414158,Caucasian,Female,[60-70),2,Urgent,23,Discharged/transferred to a long term care hospital.,1,Physician Referral,2,,41,0,20,0,0,1,9,,,Up,Ch,Yes,>30,0
169423158,Caucasian,Female,[80-90),2,Urgent,1,Discharged to home,7,Emergency Room,3,InternalMedicine,56,0,12,0,0,3,9,,,Steady,Ch,Yes,NO,0
169429416,Caucasian,Male,[30-40),5,Not Available,1,Discharged to home,1,Physician Referral,1,,39,1,13,1,0,0,9,,>8,Up,Ch,Yes,>30,0
169485312,AfricanAmerican,Female,[50-60),3,Elective,1,Discharged to home,1,Physician Referral,1,Surgery-Vascular,38,2,15,0,0,0,6,,,No,No,No,NO,0
169547184,Caucasian,Male,[70-80),1,Emergency,2,Discharged/transferred to another short term hospital,7,Emergency Room,2,InternalMedicine,38,2,9,0,0,0,7,,,Steady,No,Yes,NO,0
169718856,Hispanic,Female,[30-40),1,Emergency,1,Discharged to home,7,Emergency Room,3,,52,1,16,0,0,0,9,,,No,No,No,>30,0
169763892,AfricanAmerican,Male,[60-70),1,Emergency,1,Discharged to home,7,Emergency Room,7,,60,2,13,2,0,0,9,,,Down,Ch,Yes,NO,0
169882974,Caucasian,Male,[70-80),1,Emergency,1,Discharged to home,7,Emergency Room,7,,37,0,16,0,0,1,9,,,Down,Ch,Yes,<30,1
169912044,Caucasian,Male,[80-90),3,Elective,3,Discharged/transferred to SNF,1,Physician Referral,5,,33,2,16,0,0,0,8,,,Up,Ch,Yes,NO,0
169997664,Caucasian,Female,[80-90),1,Emergency,1,Discharged to home,7,Emergency Room,5,,60,0,18,0,0,0,9,,,No,No,Yes,NO,0
170040684,Caucasian,Male,[60-70),3,Elective,6,Discharged/transferred to home with home health service,1,Physician Referral,6,InternalMedicine,44,2,14,2,0,0,9,,,No,Ch,Yes,NO,0
170085018,Caucasian,Male,[80-90),2,Urgent,1,Discharged to home,7,Emergency Room,1,Emergency/Trauma,25,0,10,0,0,0,6,,,No,Ch,Yes,>30,0
170100744,AfricanAmerican,Female,[70-80),1,Emergency,1,Discharged to home,7,Emergency Room,4,,61,2,11,0,0,0,9,,Norm,Steady,Ch,Yes,>30,0
170112762,AfricanAmerican,Female,[70-80),1,Emergency,23,Discharged/transferred to a long term care hospital.,7,Emergency Room,13,InternalMedicine,46,1,27,0,0,0,8,,Norm,Steady,Ch,Yes,NO,0
170121702,Caucasian,Male,[80-90),1,Emergency,11,Expired,7,Emergency Room,5,,46,0,18,1,0,0,9,,,No,No,No,NO,0
170158416,AfricanAmerican,Female,[40-50),1,Emergency,1,Discharged to home,7,Emergency Room,3,,57,0,10,0,0,1,9,,,Steady,No,Yes,NO,0
170213466,Caucasian,Female,[50-60),3,Elective,3,Discharged/transferred to SNF,1,Physician Referral,3,Orthopedics,28,1,24,0,0,0,8,,,Down,Ch,Yes,NO,0
170214822,Caucasian,Male,[30-40),2,Urgent,1,Discharged to home,1,Physician Referral,5,,47,1,22,0,0,1,9,,,Steady,Ch,Yes,>30,0
170316438,Caucasian,Male,[70-80),1,Emergency,1,Discharged to home,7,Emergency Room,5,,61,3,21,2,0,1,9,,,Steady,No,Yes,NO,0
170396088,AfricanAmerican,Female,[70-80),1,Emergency,11,Expired,7,Emergency Room,1,,57,3,12,0,0,3,9,,,Up,Ch,Yes,NO,0
170492106,AfricanAmerican,Female,[80-90),1,Emergency,3,Discharged/transferred to SNF,7,Emergency Room,5,,68,0,18,0,0,4,9,,,Steady,Ch,Yes,NO,0
170586156,Caucasian,Male,[80-90),3,Elective,1,Discharged to home,1,Physician Referral,1,Cardiology,40,6,11,1,0,0,6,,,No,No,No,>30,0
170610258,Caucasian,Male,[70-80),3,Elective,1,Discharged to home,1,Physician Referral,2,Surgery-Vascular,17,2,33,0,0,0,4,,,No,No,Yes,NO,0
170649570,AfricanAmerican,Female,[80-90),1,Emergency,1,Discharged to home,7,Emergency Room,9,InternalMedicine,36,0,24,0,0,0,8,,,No,No,No,NO,0
170677080,Caucasian,Female,[70-80),1,Emergency,1,Discharged to home,7,Emergency Room,3,,59,2,8,0,0,0,9,,,No,No,No,NO,0
170679522,AfricanAmerican,Female,[70-80),1,Emergency,3,Discharged/transferred to SNF,7,Emergency Room,7,,65,0,19,0,0,0,9,,,No,No,No,>30,0
170796666,Caucasian,Female,[50-60),1,Emergency,6,Discharged/transferred to home with home health service,7,Emergency Room,4,,48,0,12,0,0,0,9,,>7,No,No,No,>30,0
170822238,Caucasian,Female,[50-60),2,Urgent,1,Discharged to home,1,Physician Referral,2,,39,0,8,0,0,0,2,,,Steady,Ch,Yes,NO,0
170843946,Caucasian,Male,[60-70),1,Emergency,1,Discharged to home,7,Emergency Room,2,,57,0,9,0,0,0,9,,,Down,Ch,Yes,NO,0
170970660,Caucasian,Male,[90-100),3,Elective,1,Discharged to home,1,Physician Referral,5,Orthopedics,42,1,9,0,0,0,9,,,Down,Ch,Yes,>30,0
170975640,Caucasian,Male,[60-70),3,Elective,1,Discharged to home,1,Physician Referral,4,,31,0,18,0,0,0,9,,,Steady,No,Yes,>30,0
170976834,Caucasian,Female,[40-50),2,Urgent,6,Discharged/transferred to home with home health service,7,Emergency Room,7,,55,1,38,1,1,0,6,,Norm,Down,Ch,Yes,NO,0
170992482,Caucasian,Male,[70-80),2,Urgent,1,Discharged to home,1,Physician Referral,6,Cardiology,60,0,9,1,0,0,9,,,No,No,No,NO,0
171070494,AfricanAmerican,Female,[60-70),1,Emergency,1,Discharged to home,7,Emergency Room,3,,10,0,10,0,0,0,8,,,No,No,No,NO,0
171074076,AfricanAmerican,Male,[60-70),1,Emergency,22,Discharged/transferred to another rehab fac including rehab units of a hospital .,7,Emergency Room,4,,45,0,12,0,0,0,8,,Norm,No,Ch,Yes,<30,1
171128406,AfricanAmerican,Female,[70-80),1,Emergency,6,Discharged/transferred to home with home health service,7,Emergency Room,3,,43,0,14,1,0,3,5,,,Up,Ch,Yes,NO,0
171141606,Caucasian,Male,[70-80),1,Emergency,1,Discharged to home,7,Emergency Room,1,Cardiology,44,1,10,0,0,0,9,,,Up,Ch,Yes,NO,0
171175956,AfricanAmerican,Female,[80-90),3,Elective,3,Discharged/transferred to SNF,1,Physician Referral,5,,59,1,21,2,0,0,7,,,Up,Ch,Yes,NO,0
171206166,Caucasian,Male,[50-60),3,Elective,6,Discharged/transferred to home with home health service,1,Physician Referral,8,Nephrology,81,0,20,0,0,0,9,,,Up,Ch,Yes,<30,1
171210732,Caucasian,Male,[50-60),2,Urgent,6,Discharged/transferred to home with home health service,1,Physician Referral,10,Surgery-Vascular,30,2,6,0,0,2,4,,,No,No,No,NO,0
171242616,Caucasian,Female,[70-80),1,Emergency,11,Expired,7,Emergency Room,1,,10,2,12,0,0,0,6,,,No,No,No,NO,0
171278190,Caucasian,Female,[70-80),1,Emergency,6,Discharged/transferred to home with home health service,7,Emergency Room,3,,54,0,13,2,0,0,9,,,No,No,Yes,>30,0
171286404,AfricanAmerican,Female,[50-60),1,Emergency,1,Discharged to home,7,Emergency Room,2,,63,0,17,0,0,4,9,,,Steady,No,Yes,>30,0
171391356,Caucasian,Female,[70-80),5,Not Available,6,Discharged/transferred to home with home health service,1,Physician Referral,1,,8,1,9,0,0,0,9,,>8,Steady,No,Yes,NO,0
171402300,AfricanAmerican,Male,[70-80),1,Emergency,6,Discharged/transferred to home with home health service,7,Emergency Room,3,InternalMedicine,43,0,5,0,0,1,8,,,No,No,Yes,NO,0
171453006,AfricanAmerican,Female,[60-70),1,Emergency,3,Discharged/transferred to SNF,7,Emergency Room,6,,91,4,31,0,0,0,9,,Norm,Steady,No,Yes,NO,0
171513918,Caucasian,Male,[70-80),1,Emergency,1,Discharged to home,7,Emergency Room,3,,57,2,10,0,1,0,6,,,No,No,No,>30,0
171519252,Caucasian,Male,[70-80),1,Emergency,1,Discharged to home,7,Emergency Room,2,InternalMedicine,53,1,4,0,0,0,7,,,No,No,No,>30,0
171581010,,Male,[60-70),1,Emergency,3,Discharged/transferred to SNF,7,Emergency Room,7,,40,0,32,0,0,0,9,,Norm,Steady,Ch,Yes,>30,0
171624492,AfricanAmerican,Female,[50-60),3,Elective,1,Discharged to home,1,Physician Referral,2,Neurology,1,1,12,0,0,1,3,,,No,No,No,>30,0
171686232,Caucasian,Female,[80-90),2,Urgent,4,Discharged/transferred to ICF,1,Physician Referral,14,Psychiatry,48,0,24,1,0,5,9,,,Steady,No,Yes,<30,1
171742542,Caucasian,Female,[50-60),1,Emergency,3,Discharged/transferred to SNF,7,Emergency Room,7,,79,0,20,0,0,0,7,,,Up,Ch,Yes,>30,0
171788706,AfricanAmerican,Male,[70-80),1,Emergency,11,Expired,7,Emergency Room,1,InternalMedicine,49,1,11,0,0,1,9,,,No,No,No,NO,0
171832842,Caucasian,Female,[70-80),2,Urgent,6,Discharged/transferred to home with home health service,1,Physician Referral,3,,36,0,14,0,0,1,9,,,Down,Ch,Yes,NO,0
171853968,AfricanAmerican,Male,[70-80),1,Emergency,1,Discharged to home,7,Emergency Room,1,,30,1,7,1,0,0,9,,,No,No,No,>30,0
171911814,Caucasian,Female,[70-80),1,Emergency,22,Discharged/transferred to another rehab fac including rehab units of a hospital .,7,Emergency Room,13,,41,0,22,0,0,0,9,,,Steady,Ch,Yes,NO,0
171919152,Caucasian,Female,[50-60),1,Emergency,1,Discharged to home,7,Emergency Room,1,Family/GeneralPractice,46,0,12,0,0,0,4,,,Steady,Ch,Yes,NO,0
171950640,Caucasian,Female,[80-90),2,Urgent,3,Discharged/transferred to SNF,7,Emergency Room,6,Emergency/Trauma,58,0,18,0,0,0,9,,,Down,Ch,Yes,<30,1
171959592,Caucasian,Female,[60-70),1,Emergency,1,Discharged to home,7,Emergency Room,4,InternalMedicine,47,1,22,0,0,0,9,,,Steady,Ch,Yes,NO,0
171979320,Caucasian,Male,[60-70),3,Elective,11,Expired,4,Transfer from a hospital,2,,56,0,21,0,0,0,8,,,Down,Ch,Yes,NO,0
172084500,Caucasian,Female,[30-40),1,Emergency,7,Left AMA,7,Emergency Room,2,,30,0,9,0,0,0,6,,,Steady,No,Yes,>30,0
172092354,AfricanAmerican,Female,[60-70),1,Emergency,3,Discharged/transferred to SNF,7,Emergency Room,10,,60,2,26,0,0,0,9,,,No,No,Yes,>30,0
172119354,AfricanAmerican,Female,[70-80),1,Emergency,2,Discharged/transferred to another short term hospital,7,Emergency Room,1,InternalMedicine,44,0,3,0,0,1,5,,,No,No,No,NO,0
172252110,Caucasian,Female,[80-90),3,Elective,6,Discharged/transferred to home with home health service,1,Physician Referral,8,Oncology,39,3,24,0,0,1,8,,,No,No,Yes,NO,0
172273272,Caucasian,Male,[80-90),2,Urgent,6,Discharged/transferred to home with home health service,1,Physician Referral,11,Psychiatry,53,0,15,1,0,0,9,,Norm,Steady,Ch,Yes,>30,0
172295574,Caucasian,Male,[50-60),1,Emergency,1,Discharged to home,1,Physician Referral,3,,51,0,18,0,2,1,9,,>7,No,No,Yes,NO,0
172334946,Caucasian,Male,[70-80),3,Elective,1,Discharged to home,1,Physician Referral,3,,49,3,31,0,0,1,5,,,No,Ch,Yes,>30,0
172340424,Caucasian,Male,[30-40),5,Not Available,1,Discharged to home,1,Physician Referral,4,,48,1,22,1,0,0,8,,>7,Up,Ch,Yes,NO,0
172345098,AfricanAmerican,Female,[30-40),1,Emergency,1,Discharged to home,7,Emergency Room,4,,48,0,23,0,2,1,7,,Norm,No,No,No,>30,0
172387842,Caucasian,Male,[70-80),3,Elective,1,Discharged to home,1,Physician Referral,3,Cardiology,47,2,14,0,0,0,9,,,No,Ch,Yes,NO,0
172399032,Caucasian,Male,[30-40),1,Emergency,1,Discharged to home,7,Emergency Room,1,,30,0,17,0,1,0,3,,,Up,Ch,Yes,<30,1
172410324,Caucasian,Male,[40-50),1,Emergency,1,Discharged to home,1,Physician Referral,9,,76,5,36,0,1,0,9,,,Up,Ch,Yes,NO,0
172626198,Hispanic,Male,[10-20),1,Emergency,1,Discharged to home,7,Emergency Room,12,,50,5,25,0,0,0,9,,Norm,Up,Ch,Yes,NO,0
172681566,Caucasian,Female,[90-100),5,Not Available,6,Discharged/transferred to home with home health service,1,Physician Referral,1,,13,1,18,6,0,3,8,,,Up,Ch,Yes,NO,0
172699134,Caucasian,Male,[80-90),2,Urgent,1,Discharged to home,1,Physician Referral,3,Oncology,40,1,16,0,0,0,9,,,No,No,Yes,NO,0
172783548,Caucasian,Female,[80-90),1,Emergency,3,Discharged/transferred to SNF,7,Emergency Room,11,,66,1,21,0,0,2,9,,,Steady,No,Yes,NO,0
172785252,Caucasian,Female,[90-100),5,Not Available,3,Discharged/transferred to SNF,1,Physician Referral,4,,69,0,13,1,0,0,9,,,No,No,No,NO,0
172823802,Caucasian,Female,[40-50),1,Emergency,1,Discharged to home,7,Emergency Room,1,InternalMedicine,51,2,11,0,1,2,9,,>8,Steady,No,Yes,>30,0
172854120,AfricanAmerican,Female,[70-80),1,Emergency,3,Discharged/transferred to SNF,7,Emergency Room,3,,38,1,8,0,1,1,7,,,Steady,No,Yes,<30,1
172857126,Caucasian,Male,[80-90),3,Elective,3,Discharged/transferred to SNF,1,Physician Referral,7,,57,6,21,0,0,0,7,,,Steady,Ch,Yes,>30,0
172912668,Caucasian,Male,[80-90),1,Emergency,6,Discharged/transferred to home with home health service,7,Emergency Room,7,,47,0,14,0,1,1,9,,,No,No,No,<30,1
172984116,AfricanAmerican,Male,[80-90),3,Elective,3,Discharged/transferred to SNF,1,Physician Referral,7,InternalMedicine,44,0,24,0,0,0,4,,,Steady,Ch,Yes,NO,0
173005098,Caucasian,Female,[70-80),5,Not Available,6,Discharged/transferred to home with home health service,1,Physician Referral,4,,73,1,25,1,1,1,9,,>8,Up,Ch,Yes,>30,0
173179158,Caucasian,Female,[70-80),1,Emergency,1,Discharged to home,7,Emergency Room,5,,73,1,16,0,1,2,9,,,No,Ch,Yes,NO,0
173353560,AfricanAmerican,Male,[70-80),1,Emergency,15,Discharged/transferred within this institution to Medicare approved swing bed,1,Physician Referral,5,Emergency/Trauma,48,3,16,0,0,3,9,,,Steady,No,Yes,>30,0
173471706,Caucasian,Female,[70-80),1,Emergency,1,Discharged to home,7,Emergency Room,2,,57,0,10,0,0,0,6,,Norm,Steady,No,Yes,NO,0
173491350,AfricanAmerican,Male,[40-50),1,Emergency,1,Discharged to home,7,Emergency Room,5,,52,0,19,1,0,2,9,,Norm,No,No,No,>30,0
173530650,AfricanAmerican,Female,[70-80),1,Emergency,1,Discharged to home,7,Emergency Room,3,,48,0,10,0,0,0,6,,,Steady,Ch,Yes,NO,0
173562564,Caucasian,Male,[60-70),1,Emergency,1,Discharged to home,7,Emergency Room,2,,2,0,11,0,0,0,6,,,Steady,Ch,Yes,>30,0
173733822,Caucasian,Male,[40-50),1,Emergency,1,Discharged to home,1,Physician Referral,2,,40,0,18,0,1,0,9,,>8,Down,Ch,Yes,>30,0
173738586,AfricanAmerican,Female,[60-70),1,Emergency,1,Discharged to home,7,Emergency Room,14,Oncology,48,1,25,0,0,1,6,,,Steady,Ch,Yes,<30,1
173753040,Caucasian,Male,[50-60),2,Urgent,1,Discharged to home,1,Physician Referral,1,,30,4,20,0,0,1,9,,,Steady,Ch,Yes,NO,0
173792364,Caucasian,Female,[70-80),1,Emergency,1,Discharged to home,7,Emergency Room,3,,52,1,11,0,0,0,9,,,No,No,No,NO,0
173792952,Caucasian,Female,[50-60),1,Emergency,6,Discharged/transferred to home with home health service,7,Emergency Room,6,Surgery-Cardiovascular/Thoracic,43,2,35,0,0,1,6,,,Steady,No,Yes,NO,0
173892090,Caucasian,Male,[60-70),1,Emergency,1,Discharged to home,7,Emergency Room,8,,39,0,14,0,0,2,9,,,Up,Ch,Yes,NO,0
173901696,Caucasian,Female,[80-90),1,Emergency,3,Discharged/transferred to SNF,1,Physician Referral,5,,68,1,24,0,0,0,9,,>8,Up,Ch,Yes,NO,0
173921376,Caucasian,Male,[80-90),1,Emergency,3,Discharged/transferred to SNF,7,Emergency Room,3,Cardiology,69,0,17,0,0,0,9,,,Steady,Ch,Yes,<30,1
173935914,Caucasian,Male,[50-60),2,Urgent,4,Discharged/transferred to ICF,1,Physician Referral,11,InternalMedicine,48,2,17,0,0,1,9,,,Steady,Ch,Yes,NO,0
173976210,Caucasian,Female,[50-60),1,Emergency,3,Discharged/transferred to SNF,7,Emergency Room,3,,47,3,27,0,0,0,9,,Norm,Steady,No,Yes,<30,1
173999844,Caucasian,Male,[40-50),1,Emergency,3,Discharged/transferred to SNF,7,Emergency Room,14,InternalMedicine,51,1,40,0,1,1,9,,,Down,Ch,Yes,NO,0
174058080,AfricanAmerican,Female,[60-70),1,Emergency,1,Discharged to home,7,Emergency Room,2,InternalMedicine,43,0,8,0,0,1,3,,,No,No,No,NO,0
174076620,Caucasian,Male,[80-90),1,Emergency,1,Discharged to home,7,Emergency Room,1,,10,0,9,0,0,1,9,,,No,Ch,Yes,>30,0
174090486,Caucasian,Female,[60-70),1,Emergency,1,Discharged to home,7,Emergency Room,6,,55,1,21,0,0,0,7,,,Steady,No,Yes,>30,0
174163344,AfricanAmerican,Female,[50-60),1,Emergency,3,Discharged/transferred to SNF,4,Transfer from a hospital,9,,58,1,25,0,0,0,9,,Norm,Steady,No,Yes,NO,0
174288144,Caucasian,Male,[60-70),1,Emergency,1,Discharged to home,7,Emergency Room,5,,57,1,18,0,0,0,9,,,Steady,Ch,Yes,>30,0
174300630,Caucasian,Male,[20-30),1,Emergency,1,Discharged to home,7,Emergency Room,2,,44,0,6,0,0,0,3,,>8,Down,Ch,Yes,>30,0
174338478,Caucasian,Male,[70-80),3,Elective,1,Discharged to home,1,Physician Referral,1,Surgery-Cardiovascular,39,2,15,0,0,0,9,,,Steady,No,Yes,NO,0
174398160,Caucasian,Female,[60-70),1,Emergency,1,Discharged to home,7,Emergency Room,1,InternalMedicine,40,1,9,0,0,2,6,,,Steady,No,Yes,NO,0
174453234,Caucasian,Female,[70-80),3,Elective,3,Discharged/transferred to SNF,7,Emergency Room,4,Emergency/Trauma,27,2,16,0,0,1,6,,,No,No,Yes,<30,1
174466470,Caucasian,Male,[50-60),1,Emergency,1,Discharged to home,7,Emergency Room,3,,57,1,13,0,0,0,9,,,Steady,No,Yes,NO,0
174605262,AfricanAmerican,Female,[60-70),2,Urgent,2,Discharged/transferred to another short term hospital,1,Physician Referral,9,Psychiatry,40,1,16,0,0,0,9,,,No,No,No,<30,1
174611940,Caucasian,Female,[70-80),2,Urgent,2,Discharged/transferred to another short term hospital,7,Emergency Room,10,Emergency/Trauma,78,4,28,0,0,1,9,,Norm,Up,Ch,Yes,>30,0
174669960,Caucasian,Female,[50-60),3,Elective,1,Discharged to home,1,Physician Referral,4,Psychology,34,0,17,0,0,2,4,,,No,Ch,Yes,NO,0
174670002,Caucasian,Male,[70-80),1,Emergency,22,Discharged/transferred to another rehab fac including rehab units of a hospital .,7,Emergency Room,3,Orthopedics-Reconstructive,44,2,19,0,0,0,9,,,Up,Ch,Yes,NO,0
174699570,,Female,[70-80),1,Emergency,3,Discharged/transferred to SNF,7,Emergency Room,6,,40,6,15,0,0,0,9,,,Down,Ch,Yes,NO,0
174791736,Caucasian,Male,[60-70),2,Urgent,1,Discharged to home,1,Physician Referral,2,,21,1,9,0,0,0,6,,,No,No,Yes,NO,0
174880278,Caucasian,Female,[40-50),2,Urgent,1,Discharged to home,1,Physician Referral,5,Family/GeneralPractice,1,0,13,0,0,0,9,,,No,No,Yes,NO,0
174887952,AfricanAmerican,Female,[70-80),6,NULL,6,Discharged/transferred to home with home health service,7,Emergency Room,10,,40,3,22,0,0,0,6,Norm,,No,No,No,<30,1
174943392,Caucasian,Male,[30-40),3,Elective,1,Discharged to home,1,Physician Referral,3,,1,1,8,0,2,1,4,,,No,No,No,>30,0
175035498,Caucasian,Male,[70-80),5,Not Available,3,Discharged/transferred to SNF,1,Physician Referral,6,,57,3,14,0,0,3,9,,,Steady,Ch,Yes,<30,1
175075968,Caucasian,Female,[70-80),1,Emergency,1,Discharged to home,7,Emergency Room,3,,43,4,16,2,1,0,9,,,Steady,No,Yes,>30,0
175198560,Caucasian,Female,[50-60),1,Emergency,1,Discharged to home,7,Emergency Room,6,,39,0,17,0,0,0,7,,,No,No,Yes,>30,0
175248936,AfricanAmerican,Male,[30-40),6,NULL,1,Discharged to home,17,NULL,9,InternalMedicine,100,6,25,0,0,0,9,,>8,Steady,No,Yes,NO,0
175249674,AfricanAmerican,Male,[60-70),1,Emergency,1,Discharged to home,7,Emergency Room,2,,53,1,15,1,0,3,9,,,Steady,No,Yes,>30,0
175285116,Caucasian,Male,[60-70),1,Emergency,1,Discharged to home,7,Emergency Room,1,Urology,29,1,9,0,0,0,5,,,No,No,No,NO,0
175416570,Caucasian,Female,[80-90),5,Not Available,3,Discharged/transferred to SNF,1,Physician Referral,3,,39,0,16,2,1,1,9,,,No,No,Yes,NO,0
175573836,Caucasian,Female,[80-90),5,Not Available,3,Discharged/transferred to SNF,1,Physician Referral,6,,70,2,25,1,0,0,9,,>7,Steady,Ch,Yes,>30,0
175617702,Caucasian,Male,[70-80),3,Elective,1,Discharged to home,1,Physician Referral,13,Radiologist,10,0,9,0,0,1,5,,,No,Ch,Yes,>30,0
175649856,AfricanAmerican,Female,[60-70),2,Urgent,11,Expired,7,Emergency Room,6,Nephrology,56,3,7,0,1,1,9,,,No,No,No,NO,0
175651902,Caucasian,Female,[80-90),3,Elective,3,Discharged/transferred to SNF,7,Emergency Room,9,Emergency/Trauma,60,0,14,0,0,1,9,,,Down,Ch,Yes,NO,0
175653414,Caucasian,Male,[70-80),3,Elective,7,Left AMA,7,Emergency Room,1,Surgery-General,37,0,9,0,0,0,9,,,No,No,No,>30,0
175780248,Caucasian,Male,[70-80),3,Elective,6,Discharged/transferred to home with home health service,1,Physician Referral,3,Cardiology,27,2,11,1,0,1,6,,,No,No,Yes,NO,0
175782576,Caucasian,Male,[40-50),1,Emergency,1,Discharged to home,7,Emergency Room,2,,8,0,16,0,0,0,6,,,Steady,Ch,Yes,>30,0
175800942,Caucasian,Male,[40-50),5,Not Available,6,Discharged/transferred to home with home health service,1,Physician Referral,3,,53,0,20,0,0,0,9,,,No,Ch,Yes,>30,0
175819872,Caucasian,Female,[90-100),1,Emergency,3,Discharged/transferred to SNF,7,Emergency Room,8,InternalMedicine,41,1,25,0,5,3,9,,Norm,Steady,No,Yes,>30,0
175828296,Caucasian,Female,[60-70),1,Emergency,1,Discharged to home,7,Emergency Room,2,Family/GeneralPractice,55,0,10,0,1,0,8,,,Down,Ch,Yes,>30,0
175881522,Caucasian,Male,[80-90),1,Emergency,1,Discharged to home,7,Emergency Room,1,,11,0,13,0,0,2,9,,,No,No,Yes,>30,0
175981158,Caucasian,Female,[50-60),2,Urgent,2,Discharged/transferred to another short term hospital,7,Emergency Room,2,Emergency/Trauma,29,3,9,0,0,0,7,,,No,Ch,Yes,<30,1
175981614,Caucasian,Female,[70-80),6,NULL,6,Discharged/transferred to home with home health service,1,Physician Referral,8,Surgery-General,39,1,16,0,0,3,5,Norm,,Up,Ch,Yes,>30,0
176126466,Caucasian,Male,[60-70),1,Emergency,1,Discharged to home,7,Emergency Room,6,,40,0,20,1,0,0,9,,,No,Ch,Yes,>30,0
176127462,Other,Female,[70-80),2,Urgent,3,Discharged/transferred to SNF,7,Emergency Room,7,Emergency/Trauma,42,2,11,1,1,0,9,,,No,No,Yes,>30,0
176149182,Caucasian,Male,[80-90),2,Urgent,1,Discharged to home,1,Physician Referral,9,,36,0,18,1,0,1,9,,,No,No,No,NO,0
176336052,Caucasian,Female,[80-90),1,Emergency,1,Discharged to home,7,Emergency Room,5,,1,3,11,0,0,2,9,,,Steady,Ch,Yes,NO,0
176414832,Caucasian,Male,[80-90),1,Emergency,6,Discharged/transferred to home with home health service,7,Emergency Room,6,Emergency/Trauma,1,0,2,0,2,5,9,,,No,No,No,>30,0
176505606,Caucasian,Male,[70-80),1,Emergency,6,Discharged/transferred to home with home health service,7,Emergency Room,10,,91,1,18,0,0,0,9,,>7,Up,Ch,Yes,NO,0
176542812,Caucasian,Male,[60-70),1,Emergency,1,Discharged to home,7,Emergency Room,3,,50,1,9,0,0,0,8,,Norm,No,No,No,NO,0
176560314,Caucasian,Female,[80-90),1,Emergency,11,Expired,7,Emergency Room,3,,64,2,23,0,0,3,9,,,Steady,No,Yes,NO,0
176610624,Caucasian,Male,[60-70),2,Urgent,1,Discharged to home,7,Emergency Room,3,,38,1,19,2,1,0,9,,,Steady,No,Yes,NO,0
176649102,,Male,[60-70),2,Urgent,1,Discharged to home,4,Transfer from a hospital,3,Nephrology,32,2,19,0,0,0,9,,,No,No,No,NO,0
176851542,Caucasian,Female,[60-70),1,Emergency,6,Discharged/transferred to home with home health service,1,Physician Referral,3,,57,0,11,0,0,0,7,,>8,No,Ch,Yes,>30,0
176861958,AfricanAmerican,Female,[60-70),1,Emergency,1,Discharged to home,7,Emergency Room,2,,10,0,10,0,0,1,7,,,No,No,Yes,NO,0
176867418,Caucasian,Female,[50-60),3,Elective,6,Discharged/transferred to home with home health service,1,Physician Referral,7,Surgery-General,30,4,26,1,0,0,6,,,No,Ch,Yes,>30,0
176911332,Caucasian,Male,[50-60),5,Not Available,1,Discharged to home,1,Physician Referral,4,,49,3,15,1,0,0,9,,,Steady,Ch,Yes,>30,0
176980926,Caucasian,Female,[60-70),1,Emergency,6,Discharged/transferred to home with home health service,7,Emergency Room,5,,53,0,18,0,0,1,5,,,Up,Ch,Yes,>30,0
177000588,Caucasian,Male,[80-90),1,Emergency,1,Discharged to home,7,Emergency Room,2,Emergency/Trauma,47,1,7,0,0,0,6,,,No,No,No,NO,0
177009696,AfricanAmerican,Female,[50-60),3,Elective,1,Discharged to home,1,Physician Referral,1,Cardiology,33,3,14,0,0,0,9,,,No,No,Yes,NO,0
177028506,Caucasian,Female,[60-70),2,Urgent,6,Discharged/transferred to home with home health service,7,Emergency Room,5,InternalMedicine,46,0,16,0,0,0,8,,,No,Ch,Yes,NO,0
177074622,Caucasian,Male,[90-100),1,Emergency,6,Discharged/transferred to home with home health service,7,Emergency Room,1,,31,0,12,0,0,1,9,,,No,No,No,>30,0
177224070,Caucasian,Male,[60-70),1,Emergency,1,Discharged to home,7,Emergency Room,2,InternalMedicine,59,6,20,0,0,0,9,,>8,Up,Ch,Yes,NO,0
177225696,Caucasian,Female,[50-60),1,Emergency,1,Discharged to home,7,Emergency Room,2,,10,0,16,1,0,0,4,,,Down,Ch,Yes,<30,1
177284418,Other,Female,[80-90),1,Emergency,3,Discharged/transferred to SNF,7,Emergency Room,5,,31,4,21,0,0,0,9,,,Steady,No,Yes,>30,0
177388518,Caucasian,Female,[70-80),2,Urgent,3,Discharged/transferred to SNF,7,Emergency Room,4,Emergency/Trauma,40,0,19,0,0,1,9,,,Down,Ch,Yes,>30,0
177392832,AfricanAmerican,Male,[40-50),1,Emergency,1,Discharged to home,7,Emergency Room,2,,43,0,7,0,0,0,5,,Norm,Steady,Ch,Yes,NO,0
177401316,Caucasian,Male,[60-70),1,Emergency,1,Discharged to home,7,Emergency Room,1,Emergency/Trauma,1,0,9,0,0,0,4,,,No,Ch,Yes,>30,0
177454326,Caucasian,Female,[80-90),2,Urgent,6,Discharged/transferred to home with home health service,7,Emergency Room,4,Emergency/Trauma,52,1,11,0,0,0,7,,,No,No,Yes,NO,0
177609504,AfricanAmerican,Female,[60-70),2,Urgent,1,Discharged to home,1,Physician Referral,10,Cardiology,30,0,26,0,0,0,5,,,Steady,Ch,Yes,NO,0
177656634,Caucasian,Female,[80-90),1,Emergency,6,Discharged/transferred to home with home health service,7,Emergency Room,2,,38,0,14,0,0,0,9,,,Steady,No,Yes,>30,0
177800100,Caucasian,Female,[80-90),3,Elective,1,Discharged to home,2,Clinic Referral,3,,4,0,9,0,0,0,7,,,No,No,No,NO,0
177863172,AfricanAmerican,Male,[20-30),1,Emergency,1,Discharged to home,7,Emergency Room,2,InternalMedicine,44,0,6,0,0,0,3,,>8,Up,Ch,Yes,NO,0
177867762,AfricanAmerican,Female,[50-60),1,Emergency,28,Discharged/transferred/referred to a psychiatric hospital of psychiatric distinct part unit of a hospital,7,Emergency Room,6,InternalMedicine,39,1,15,1,1,1,9,,,No,No,No,NO,0
177883206,Caucasian,Male,[70-80),5,Not Available,3,Discharged/transferred to SNF,1,Physician Referral,5,,53,3,26,2,0,0,8,,,Down,Ch,Yes,<30,1
177892812,Caucasian,Female,[80-90),6,NULL,1,Discharged to home,17,NULL,5,Cardiology,57,0,22,0,0,0,9,,,No,No,No,NO,0
177898344,Caucasian,Female,[70-80),1,Emergency,3,Discharged/transferred to SNF,7,Emergency Room,3,,2,0,14,0,0,0,8,,,Steady,Ch,Yes,NO,0
178002342,Caucasian,Female,[80-90),1,Emergency,3,Discharged/transferred to SNF,7,Emergency Room,13,,51,0,13,0,0,0,7,,,No,No,No,<30,1
178032024,Caucasian,Female,[60-70),1,Emergency,6,Discharged/transferred to home with home health service,7,Emergency Room,6,InternalMedicine,48,0,32,0,0,1,9,,,Up,Ch,Yes,NO,0
178106214,Caucasian,Female,[70-80),3,Elective,1,Discharged to home,1,Physician Referral,1,Cardiology,29,6,14,1,0,0,6,,,No,Ch,Yes,NO,0
178157910,Caucasian,Female,[80-90),1,Emergency,1,Discharged to home,1,Physician Referral,3,,5,0,7,0,0,1,9,,,Up,Ch,Yes,NO,0
178163514,Caucasian,Male,[40-50),1,Emergency,1,Discharged to home,7,Emergency Room,5,,38,0,7,0,0,0,8,,,No,Ch,Yes,NO,0
178186932,Hispanic,Male,[60-70),1,Emergency,1,Discharged to home,7,Emergency Room,1,Emergency/Trauma,3,0,12,0,0,0,4,,,No,Ch,Yes,>30,0
178189404,Caucasian,Female,[40-50),1,Emergency,1,Discharged to home,7,Emergency Room,4,,48,0,20,3,0,0,8,,,Up,Ch,Yes,>30,0
178253562,Other,Female,[70-80),3,Elective,6,Discharged/transferred to home with home health service,1,Physician Referral,12,Cardiology,56,5,24,0,0,0,9,,,Up,Ch,Yes,NO,0
178292880,Caucasian,Male,[60-70),2,Urgent,1,Discharged to home,7,Emergency Room,4,Emergency/Trauma,42,0,14,1,0,1,7,,,No,No,Yes,NO,0
178307490,Caucasian,Male,[40-50),1,Emergency,1,Discharged to home,7,Emergency Room,3,,29,1,21,0,0,1,9,,,Steady,Ch,Yes,>30,0
178307604,Caucasian,Male,[80-90),1,Emergency,3,Discharged/transferred to SNF,1,Physician Referral,6,,50,1,23,3,0,0,9,,>7,Steady,Ch,Yes,NO,0
178317960,Caucasian,Male,[60-70),1,Emergency,1,Discharged to home,7,Emergency Room,6,InternalMedicine,60,1,16,0,0,0,9,,>8,Steady,Ch,Yes,>30,0
178339752,Caucasian,Female,[60-70),3,Elective,1,Discharged to home,1,Physician Referral,13,Family/GeneralPractice,56,0,3,0,0,0,4,,Norm,No,No,No,NO,0
178656960,Caucasian,Female,[60-70),1,Emergency,3,Discharged/transferred to SNF,7,Emergency Room,4,Family/GeneralPractice,72,0,27,0,2,0,9,,,Down,Ch,Yes,>30,0
178667994,Caucasian,Male,[60-70),1,Emergency,1,Discharged to home,7,Emergency Room,13,Psychiatry,51,1,11,0,0,1,6,,,Steady,Ch,Yes,NO,0
178791114,Caucasian,Male,[60-70),3,Elective,1,Discharged to home,1,Physician Referral,1,Radiologist,40,6,17,0,0,0,7,,,No,No,Yes,>30,0
178804572,Caucasian,Male,[60-70),2,Urgent,1,Discharged to home,4,Transfer from a hospital,2,,59,4,10,0,0,0,9,,Norm,Steady,No,Yes,>30,0
178862298,Caucasian,Female,[60-70),1,Emergency,6,Discharged/transferred to home with home health service,7,Emergency Room,9,InternalMedicine,58,2,23,0,0,0,9,,,Up,Ch,Yes,<30,1
178956252,Caucasian,Female,[70-80),3,Elective,1,Discharged to home,1,Physician Referral,5,,29,1,16,0,0,0,6,,,Steady,Ch,Yes,NO,0
178956966,Caucasian,Female,[30-40),2,Urgent,3,Discharged/transferred to SNF,1,Physician Referral,11,,56,2,23,0,0,2,9,,>8,Down,Ch,Yes,>30,0
179076798,Caucasian,Male,[60-70),1,Emergency,1,Discharged to home,7,Emergency Room,4,,67,1,17,3,1,0,9,>300,,Steady,No,Yes,>30,0
179182644,Caucasian,Female,[70-80),1,Emergency,1,Discharged to home,7,Emergency Room,1,,11,0,11,0,0,0,6,,,No,No,No,NO,0
179192316,AfricanAmerican,Female,[20-30),1,Emergency,1,Discharged to home,7,Emergency Room,4,,53,1,17,1,1,1,6,,Norm,Down,Ch,Yes,>30,0
179207970,AfricanAmerican,Female,[80-90),1,Emergency,3,Discharged/transferred to SNF,7,Emergency Room,3,,41,2,21,0,0,0,9,,,Steady,No,Yes,<30,1
179208846,Caucasian,Male,[70-80),1,Emergency,1,Discharged to home,7,Emergency Room,5,Emergency/Trauma,79,2,22,7,1,1,9,,,Up,Ch,Yes,NO,0
179211738,Caucasian,Female,[50-60),1,Emergency,6,Discharged/transferred to home with home health service,7,Emergency Room,4,,33,1,22,0,0,1,9,,,Steady,No,Yes,>30,0
179378520,Caucasian,Male,[70-80),1,Emergency,1,Discharged to home,7,Emergency Room,3,,72,3,15,0,0,2,9,,>7,No,No,No,>30,0
179479770,Caucasian,Male,[70-80),1,Emergency,1,Discharged to home,7,Emergency Room,8,,49,0,16,9,1,1,9,>300,,No,No,Yes,<30,1
179515752,Caucasian,Female,[80-90),6,NULL,3,Discharged/transferred to SNF,17,NULL,7,,66,2,19,0,0,0,9,,>8,No,No,No,>30,0
179565582,Caucasian,Male,[40-50),1,Emergency,1,Discharged to home,7,Emergency Room,8,,46,6,35,0,0,0,8,,,Down,Ch,Yes,<30,1
179632572,Caucasian,Male,[70-80),2,Urgent,1,Discharged to home,1,Physician Referral,11,Psychology,53,5,8,0,0,5,8,,,No,No,No,>30,0
179694540,Caucasian,Female,[70-80),1,Emergency,1,Discharged to home,7,Emergency Room,1,InternalMedicine,29,0,9,0,0,0,7,,,No,No,No,<30,1
179724618,AfricanAmerican,Male,[50-60),3,Elective,1,Discharged to home,1,Physician Referral,1,Cardiology,46,0,12,2,0,1,6,,,Up,Ch,Yes,NO,0
179797110,AfricanAmerican,Female,[60-70),1,Emergency,1,Discharged to home,7,Emergency Room,3,InternalMedicine,43,1,16,0,0,0,6,,,Steady,Ch,Yes,NO,0
179951556,AfricanAmerican,Female,[50-60),1,Emergency,1,Discharged to home,1,Physician Referral,2,,43,4,13,1,0,0,8,,,Steady,Ch,Yes,NO,0
180004260,Caucasian,Male,[80-90),1,Emergency,11,Expired,7,Emergency Room,3,,58,0,6,1,0,3,9,,,No,No,No,NO,0
180033234,AfricanAmerican,Female,[50-60),1,Emergency,1,Discharged to home,7,Emergency Room,2,Emergency/Trauma,46,2,12,0,0,0,7,,>7,No,No,No,>30,0
180036054,Caucasian,Male,[80-90),1,Emergency,1,Discharged to home,7,Emergency Room,4,,61,0,16,0,0,1,7,,Norm,No,Ch,Yes,>30,0
180126012,AfricanAmerican,Male,[30-40),2,Urgent,1,Discharged to home,1,Physician Referral,5,Psychiatry,62,0,11,0,0,3,9,,,Down,Ch,Yes,<30,1
180187254,Caucasian,Female,[10-20),1,Emergency,1,Discharged to home,7,Emergency Room,3,,60,0,9,0,0,0,1,,Norm,Up,Ch,Yes,>30,0
180256938,Caucasian,Male,[70-80),1,Emergency,1,Discharged to home,7,Emergency Room,8,,70,0,29,0,0,0,8,,>7,Down,Ch,Yes,>30,0
180278112,Caucasian,Female,[80-90),3,Elective,1,Discharged to home,1,Physician Referral,1,InternalMedicine,37,2,7,0,0,0,5,,,No,No,No,NO,0
180342348,Caucasian,Female,[50-60),5,Not Available,6,Discharged/transferred to home with home health service,1,Physician Referral,3,,1,5,14,0,0,0,9,,,Steady,No,Yes,NO,0
180358266,Caucasian,Male,[60-70),2,Urgent,1,Discharged to home,7,Emergency Room,1,Emergency/Trauma,59,0,4,0,1,1,9,,>8,Steady,No,Yes,>30,0
180404346,AfricanAmerican,Female,[70-80),3,Elective,1,Discharged to home,1,Physician Referral,3,,9,2,19,0,0,0,7,,,No,No,No,NO,0
180438066,Caucasian,Female,[70-80),3,Elective,1,Discharged to home,1,Physician Referral,2,,30,1,9,0,0,0,9,,,No,No,No,>30,0
180452628,Caucasian,Female,[90-100),1,Emergency,2,Discharged/transferred to another short term hospital,3,HMO Referral,12,Psychiatry,64,0,22,0,0,1,7,,Norm,No,No,No,<30,1
180643134,Caucasian,Male,[60-70),2,Urgent,1,Discharged to home,1,Physician Referral,2,,37,0,17,0,0,0,8,,,No,No,Yes,<30,1
180689538,Caucasian,Female,[50-60),1,Emergency,1,Discharged to home,7,Emergency Room,1,,8,0,10,0,0,0,9,,,Down,Ch,Yes,NO,0
180773406,AfricanAmerican,Female,[30-40),3,Elective,1,Discharged to home,1,Physician Referral,4,Perinatology,29,1,25,1,0,0,9,,,No,No,Yes,NO,0
180815388,Caucasian,Male,[60-70),3,Elective,1,Discharged to home,1,Physician Referral,2,Orthopedics,1,3,9,0,0,0,8,,,No,Ch,Yes,NO,0
180944664,Caucasian,Female,[60-70),1,Emergency,3,Discharged/transferred to SNF,7,Emergency Room,9,,54,0,14,0,0,0,9,,,Steady,Ch,Yes,NO,0
180980190,Caucasian,Female,[70-80),1,Emergency,6,Discharged/transferred to home with home health service,7,Emergency Room,11,,54,1,26,0,1,0,9,,>8,No,Ch,Yes,<30,1
181032426,Caucasian,Female,[60-70),6,NULL,1,Discharged to home,17,NULL,2,Orthopedics-Reconstructive,25,2,25,0,0,0,7,,,No,Ch,Yes,NO,0
181062516,AfricanAmerican,Female,[40-50),1,Emergency,1,Discharged to home,7,Emergency Room,5,,46,0,15,1,2,6,7,,,No,No,No,>30,0
181111686,Caucasian,Female,[80-90),2,Urgent,1,Discharged to home,7,Emergency Room,4,Emergency/Trauma,52,1,12,0,0,0,9,,,Steady,No,Yes,>30,0
181245096,AfricanAmerican,Male,[60-70),1,Emergency,1,Discharged to home,7,Emergency Room,4,,51,1,10,0,1,2,9,,,No,No,No,>30,0
181436268,Caucasian,Female,[60-70),1,Emergency,11,Expired,7,Emergency Room,2,,60,4,11,1,0,0,9,,,No,No,No,NO,0
181452282,Caucasian,Male,[60-70),1,Emergency,6,Discharged/transferred to home with home health service,7,Emergency Room,2,,68,0,10,0,0,1,6,,,No,No,Yes,NO,0
181732950,AfricanAmerican,Male,[70-80),1,Emergency,1,Discharged to home,7,Emergency Room,13,InternalMedicine,64,0,22,0,0,0,7,,Norm,Down,Ch,Yes,>30,0
181747776,Caucasian,Female,[60-70),1,Emergency,2,Discharged/transferred to another short term hospital,7,Emergency Room,3,,66,2,17,0,0,0,9,,,No,No,No,NO,0
181751838,Caucasian,Female,[50-60),3,Elective,1,Discharged to home,1,Physician Referral,4,InternalMedicine,43,0,10,0,0,0,8,,,No,No,Yes,NO,0
181784676,Caucasian,Female,[70-80),1,Emergency,6,Discharged/transferred to home with home health service,7,Emergency Room,4,,43,3,19,0,1,1,9,,,No,No,No,NO,0
181857216,Caucasian,Male,[70-80),1,Emergency,1,Discharged to home,7,Emergency Room,3,,62,0,11,0,0,1,9,,,Steady,No,Yes,NO,0
181867236,Caucasian,Female,[60-70),5,Not Available,3,Discharged/transferred to SNF,1,Physician Referral,4,,39,2,16,10,1,1,9,,,Steady,Ch,Yes,NO,0
181902450,Caucasian,Male,[80-90),1,Emergency,1,Discharged to home,7,Emergency Room,8,,74,4,23,0,0,2,9,,,Steady,No,Yes,>30,0
182075142,Caucasian,Female,[70-80),5,Not Available,1,Discharged to home,1,Physician Referral,1,,33,0,8,1,0,0,6,,,Steady,No,Yes,>30,0
182100054,AfricanAmerican,Female,[30-40),1,Emergency,1,Discharged to home,7,Emergency Room,2,,51,3,20,0,0,0,7,,Norm,No,Ch,Yes,NO,0
182171322,AfricanAmerican,Female,[80-90),2,Urgent,6,Discharged/transferred to home with home health service,1,Physician Referral,6,InternalMedicine,5,3,16,1,1,2,7,,,Steady,Ch,Yes,NO,0
182196624,Caucasian,Female,[50-60),1,Emergency,1,Discharged to home,7,Emergency Room,4,InternalMedicine,81,1,24,0,1,1,9,,,Down,Ch,Yes,NO,0
182206542,Caucasian,Male,[50-60),6,NULL,6,Discharged/transferred to home with home health service,17,NULL,6,Cardiology,76,4,49,0,0,2,9,,>8,Up,Ch,Yes,>30,0
182239830,Caucasian,Male,[80-90),1,Emergency,1,Discharged to home,7,Emergency Room,4,,55,0,19,0,0,1,6,,,Steady,Ch,Yes,>30,0
182290158,Caucasian,Male,[40-50),2,Urgent,22,Discharged/transferred to another rehab fac including rehab units of a hospital .,7,Emergency Room,7,Emergency/Trauma,72,6,31,1,0,0,9,,,Up,Ch,Yes,>30,0
182399856,AfricanAmerican,Female,[30-40),6,NULL,1,Discharged to home,17,NULL,5,Family/GeneralPractice,48,6,26,0,3,4,9,,,Up,Ch,Yes,<30,1
182510742,Caucasian,Female,[60-70),3,Elective,6,Discharged/transferred to home with home health service,1,Physician Referral,6,,57,0,8,1,0,3,7,,,Down,Ch,Yes,NO,0
182739006,Caucasian,Female,[60-70),1,Emergency,1,Discharged to home,7,Emergency Room,13,Cardiology,46,2,23,1,0,0,9,,,Up,Ch,Yes,NO,0
182744340,Caucasian,Male,[80-90),2,Urgent,1,Discharged to home,7,Emergency Room,5,Emergency/Trauma,65,6,20,0,1,0,9,,,Up,Ch,Yes,>30,0
182776272,Caucasian,Female,[80-90),1,Emergency,1,Discharged to home,7,Emergency Room,2,,10,0,12,0,0,1,9,,,No,No,No,>30,0
182855262,Caucasian,Male,[60-70),3,Elective,1,Discharged to home,1,Physician Referral,2,Family/GeneralPractice,1,1,17,0,0,0,7,,,Steady,Ch,Yes,<30,1
182982306,AfricanAmerican,Female,[50-60),1,Emergency,1,Discharged to home,7,Emergency Room,2,,53,0,16,1,3,2,9,,,Down,Ch,Yes,>30,0
183001188,Other,Female,[80-90),2,Urgent,1,Discharged to home,7,Emergency Room,2,Emergency/Trauma,58,0,8,3,0,0,8,,,Steady,No,Yes,>30,0
183203694,Caucasian,Female,[60-70),2,Urgent,1,Discharged to home,7,Emergency Room,3,,54,1,18,0,0,1,9,,,Steady,No,Yes,<30,1
183302334,Caucasian,Female,[80-90),1,Emergency,3,Discharged/transferred to SNF,5,Transfer from a Skilled Nursing Facility (SNF),3,,63,1,19,2,0,0,9,,,Steady,No,Yes,<30,1
183382692,Caucasian,Male,[60-70),1,Emergency,1,Discharged to home,7,Emergency Room,10,,43,0,13,3,0,1,9,,,No,No,Yes,>30,0
183494160,Caucasian,Female,[70-80),1,Emergency,2,Discharged/transferred to another short term hospital,7,Emergency Room,6,Family/GeneralPractice,50,0,24,0,0,1,6,,,Up,Ch,Yes,<30,1
183720336,Caucasian,Female,[80-90),1,Emergency,1,Discharged to home,7,Emergency Room,10,Cardiology,83,1,17,0,0,0,9,,,No,No,No,NO,0
183725682,Caucasian,Female,[50-60),3,Elective,1,Discharged to home,1,Physician Referral,3,Cardiology,41,6,20,0,0,0,8,,,No,No,No,NO,0
183728658,Hispanic,Female,[50-60),5,Not Available,1,Discharged to home,1,Physician Referral,5,,53,1,18,4,0,1,3,,,Steady,No,Yes,>30,0
183751236,Caucasian,Female,[90-100),1,Emergency,3,Discharged/transferred to SNF,7,Emergency Room,3,,39,0,22,0,0,0,9,,,Steady,Ch,Yes,>30,0
183755664,Caucasian,Male,[60-70),1,Emergency,1,Discharged to home,7,Emergency Room,5,,72,0,8,0,0,0,9,,Norm,Down,Ch,Yes,NO,0
183757698,Caucasian,Female,[50-60),1,Emergency,3,Discharged/transferred to SNF,7,Emergency Room,11,InternalMedicine,28,2,34,1,2,1,9,,,Steady,Ch,Yes,NO,0
183857124,AfricanAmerican,Female,[60-70),5,Not Available,3,Discharged/transferred to SNF,1,Physician Referral,5,,59,3,35,4,0,0,9,,,Up,Ch,Yes,NO,0
183861708,Caucasian,Female,[70-80),3,Elective,1,Discharged to home,1,Physician Referral,2,,6,0,5,1,0,0,6,,,Steady,No,Yes,NO,0
183949074,AfricanAmerican,Female,[60-70),1,Emergency,1,Discharged to home,7,Emergency Room,3,InternalMedicine,60,0,19,0,0,0,7,,>7,Down,Ch,Yes,<30,1
184100580,AfricanAmerican,Male,[70-80),1,Emergency,1,Discharged to home,7,Emergency Room,5,InternalMedicine,43,2,16,0,5,2,7,,,Steady,Ch,Yes,NO,0
184138368,Caucasian,Female,[50-60),1,Emergency,1,Discharged to home,7,Emergency Room,2,Oncology,40,0,14,0,3,0,9,,,No,No,No,<30,1
184169172,Caucasian,Female,[80-90),1,Emergency,1,Discharged to home,7,Emergency Room,3,,19,1,4,0,0,0,5,,,No,No,No,NO,0
184171860,AfricanAmerican,Female,[10-20),1,Emergency,1,Discharged to home,7,Emergency Room,2,,59,0,6,0,1,0,7,,,Steady,No,Yes,NO,0
184183482,Caucasian,Male,[50-60),2,Urgent,1,Discharged to home,1,Physician Referral,2,,39,1,10,1,1,0,7,,,No,Ch,Yes,>30,0
184236246,Caucasian,Male,[70-80),1,Emergency,1,Discharged to home,7,Emergency Room,5,,67,4,17,0,0,0,9,,,No,No,Yes,NO,0
184454586,Caucasian,Female,[90-100),1,Emergency,6,Discharged/transferred to home with home health service,7,Emergency Room,4,,63,0,13,0,0,1,8,,,No,No,Yes,>30,0
184515324,AfricanAmerican,Female,[70-80),1,Emergency,6,Discharged/transferred to home with home health service,7,Emergency Room,4,Family/GeneralPractice,56,0,21,0,0,1,4,,,Up,Ch,Yes,NO,0
184585848,Caucasian,Female,[50-60),1,Emergency,6,Discharged/transferred to home with home health service,7,Emergency Room,12,,57,4,38,0,1,1,9,,Norm,No,Ch,Yes,>30,0
184590342,Caucasian,Female,[70-80),5,Not Available,6,Discharged/transferred to home with home health service,1,Physician Referral,3,,61,0,21,1,0,1,8,,,Steady,Ch,Yes,>30,0
184596450,AfricanAmerican,Male,[60-70),1,Emergency,3,Discharged/transferred to SNF,7,Emergency Room,11,,65,1,22,0,0,1,9,,,No,No,Yes,<30,1
184626972,AfricanAmerican,Male,[50-60),1,Emergency,1,Discharged to home,7,Emergency Room,5,,83,0,19,0,0,0,9,>300,>8,Down,Ch,Yes,NO,0
184632942,AfricanAmerican,Male,[80-90),1,Emergency,3,Discharged/transferred to SNF,7,Emergency Room,5,Family/GeneralPractice,31,0,29,0,1,0,9,,,Down,Ch,Yes,NO,0
184647030,Caucasian,Female,[80-90),2,Urgent,22,Discharged/transferred to another rehab fac including rehab units of a hospital .,7,Emergency Room,5,Emergency/Trauma,36,1,10,0,0,0,5,,,Up,Ch,Yes,NO,0
184683792,Caucasian,Female,[60-70),5,Not Available,1,Discharged to home,1,Physician Referral,3,,7,3,15,2,0,0,3,,,Down,Ch,Yes,>30,0
184690248,Caucasian,Female,[50-60),5,Not Available,6,Discharged/transferred to home with home health service,1,Physician Referral,4,Orthopedics,50,2,22,1,0,0,6,,,No,No,No,NO,0
184724904,Caucasian,Male,[70-80),5,Not Available,6,Discharged/transferred to home with home health service,1,Physician Referral,2,,37,0,12,3,0,0,8,,,Steady,Ch,Yes,>30,0
184770522,Caucasian,Female,[50-60),1,Emergency,1,Discharged to home,7,Emergency Room,7,,45,0,19,0,1,4,9,,,No,Ch,Yes,>30,0
184814892,Hispanic,Female,[60-70),3,Elective,1,Discharged to home,1,Physician Referral,5,Urology,18,1,14,0,0,0,7,,,Steady,Ch,Yes,NO,0
184821960,Caucasian,Female,[40-50),5,Not Available,3,Discharged/transferred to SNF,1,Physician Referral,1,,44,0,19,14,0,2,8,,,Up,Ch,Yes,>30,0
184836858,Hispanic,Female,[50-60),1,Emergency,1,Discharged to home,7,Emergency Room,4,,70,0,7,0,0,0,7,,>8,Up,Ch,Yes,NO,0
184846902,Caucasian,Male,[60-70),3,Elective,6,Discharged/transferred to home with home health service,1,Physician Referral,9,Cardiology,72,6,56,0,0,0,9,,,Down,Ch,Yes,>30,0
184983594,AfricanAmerican,Female,[60-70),1,Emergency,1,Discharged to home,7,Emergency Room,2,InternalMedicine,49,0,27,0,5,1,9,,,Down,Ch,Yes,NO,0
185061024,AfricanAmerican,Male,[70-80),1,Emergency,1,Discharged to home,7,Emergency Room,2,InternalMedicine,44,1,15,0,0,0,8,,,No,No,No,NO,0
185270436,Hispanic,Female,[70-80),6,NULL,6,Discharged/transferred to home with home health service,17,NULL,6,,41,4,16,0,0,1,9,,,No,Ch,Yes,>30,0
185415522,Caucasian,Female,[80-90),1,Emergency,1,Discharged to home,7,Emergency Room,1,,29,0,16,0,0,0,8,,,Down,Ch,Yes,NO,0
185501592,Caucasian,Female,[30-40),1,Emergency,1,Discharged to home,7,Emergency Room,4,,78,6,23,1,1,0,7,,>8,No,Ch,Yes,NO,0
185587374,Caucasian,Male,[70-80),5,Not Available,1,Discharged to home,7,Emergency Room,2,,40,1,10,0,0,0,9,,,Up,Ch,Yes,NO,0
185690118,Hispanic,Male,[70-80),1,Emergency,3,Discharged/transferred to SNF,7,Emergency Room,11,Family/GeneralPractice,89,2,22,0,0,2,9,,,Down,Ch,Yes,>30,0
185740662,AfricanAmerican,Female,[60-70),1,Emergency,1,Discharged to home,7,Emergency Room,3,Nephrology,34,4,24,1,0,0,9,,,No,No,No,NO,0
185818656,Caucasian,Female,[40-50),5,Not Available,1,Discharged to home,1,Physician Referral,1,,60,0,9,0,0,0,4,,>8,Up,Ch,Yes,>30,0
185827986,Other,Male,[40-50),1,Emergency,1,Discharged to home,7,Emergency Room,8,,84,0,24,0,0,0,9,,>7,Down,Ch,Yes,NO,0
185986350,Caucasian,Male,[60-70),2,Urgent,1,Discharged to home,1,Physician Referral,3,,37,2,8,0,0,0,8,,,Steady,No,Yes,NO,0
185997060,Caucasian,Female,[60-70),3,Elective,6,Discharged/transferred to home with home health service,1,Physician Referral,5,Orthopedics-Reconstructive,38,1,35,0,0,0,3,,,Steady,Ch,Yes,NO,0
186026898,Caucasian,Female,[60-70),1,Emergency,2,Discharged/transferred to another short term hospital,7,Emergency Room,8,Family/GeneralPractice,40,4,18,0,1,2,8,,,Down,Ch,Yes,<30,1
186075150,Caucasian,Female,[50-60),5,Not Available,1,Discharged to home,1,Physician Referral,1,,34,1,5,0,0,0,4,,,No,No,No,<30,1
186094608,Caucasian,Male,[70-80),1,Emergency,6,Discharged/transferred to home with home health service,7,Emergency Room,5,,55,0,24,0,0,1,9,,>8,Steady,Ch,Yes,>30,0
186393132,Caucasian,Female,[70-80),3,Elective,1,Discharged to home,1,Physician Referral,3,,36,6,21,0,0,0,9,,,Steady,Ch,Yes,>30,0
186464340,Hispanic,Female,[50-60),5,Not Available,1,Discharged to home,1,Physician Referral,10,,34,0,18,2,1,0,6,,,No,No,Yes,>30,0
186562446,Caucasian,Male,[80-90),1,Emergency,6,Discharged/transferred to home with home health service,7,Emergency Room,5,,64,1,26,0,0,2,9,,,No,Ch,Yes,NO,0
186580428,Caucasian,Female,[70-80),1,Emergency,3,Discharged/transferred to SNF,7,Emergency Room,9,,80,0,28,0,0,1,8,,>8,Down,Ch,Yes,NO,0
186585666,Caucasian,Male,[70-80),3,Elective,1,Discharged to home,1,Physician Referral,4,Family/GeneralPractice,30,1,20,0,0,1,7,,,Down,Ch,Yes,NO,0
186611652,Caucasian,Male,[80-90),3,Elective,1,Discharged to home,1,Physician Referral,10,Nephrology,49,3,32,4,0,0,9,,Norm,No,No,No,>30,0
186697368,Caucasian,Female,[90-100),2,Urgent,4,Discharged/transferred to ICF,7,Emergency Room,10,Surgery-General,52,6,21,0,1,3,9,,,Steady,Ch,Yes,NO,0
186706968,Caucasian,Female,[90-100),1,Emergency,3,Discharged/transferred to SNF,7,Emergency Room,4,,61,0,13,0,0,0,9,,,Up,Ch,Yes,>30,0
186762138,Caucasian,Male,[40-50),1,Emergency,1,Discharged to home,7,Emergency Room,2,,64,0,12,0,0,1,7,,,Up,Ch,Yes,>30,0
186807810,Caucasian,Male,[60-70),1,Emergency,6,Discharged/transferred to home with home health service,7,Emergency Room,9,,44,1,30,0,4,0,9,,,Steady,No,Yes,NO,0
186957900,Caucasian,Male,[90-100),1,Emergency,1,Discharged to home,7,Emergency Room,7,Family/GeneralPractice,41,2,13,0,2,1,4,,,Steady,Ch,Yes,NO,0
187191228,Caucasian,Male,[30-40),1,Emergency,1,Discharged to home,7,Emergency Room,2,,57,1,10,0,0,0,6,,>8,No,No,Yes,>30,0
187313094,Caucasian,Female,[80-90),2,Urgent,3,Discharged/transferred to SNF,1,Physician Referral,9,Family/GeneralPractice,82,3,18,0,0,0,9,,Norm,No,No,No,NO,0
187374822,Caucasian,Male,[40-50),2,Urgent,6,Discharged/transferred to home with home health service,1,Physician Referral,5,Surgery-General,28,2,12,0,0,1,5,,,Down,Ch,Yes,NO,0
187380942,Caucasian,Female,[50-60),1,Emergency,1,Discharged to home,1,Physician Referral,3,,55,0,15,0,0,0,9,,,Steady,Ch,Yes,NO,0
187535484,Caucasian,Male,[50-60),3,Elective,6,Discharged/transferred to home with home health service,1,Physician Referral,3,InternalMedicine,53,2,12,0,0,0,8,,>8,Down,Ch,Yes,NO,0
187598190,Caucasian,Female,[70-80),3,Elective,11,Expired,7,Emergency Room,3,Emergency/Trauma,55,0,6,0,0,0,7,,,No,No,No,NO,0
187599702,Caucasian,Male,[50-60),2,Urgent,2,Discharged/transferred to another short term hospital,7,Emergency Room,10,Surgery-General,91,6,44,0,0,0,9,,>8,Down,Ch,Yes,>30,0
187642596,AfricanAmerican,Male,[60-70),1,Emergency,1,Discharged to home,7,Emergency Room,2,,19,0,9,0,0,0,5,,,No,No,Yes,NO,0
187696260,AfricanAmerican,Female,[40-50),3,Elective,6,Discharged/transferred to home with home health service,1,Physician Referral,4,,55,3,17,0,0,1,5,,,Down,Ch,Yes,>30,0
187713330,Caucasian,Female,[70-80),2,Urgent,3,Discharged/transferred to SNF,1,Physician Referral,4,,40,3,30,1,0,0,9,,,Steady,Ch,Yes,>30,0
187723134,Caucasian,Male,[80-90),1,Emergency,6,Discharged/transferred to home with home health service,7,Emergency Room,2,,47,0,14,0,0,0,9,,,No,Ch,Yes,NO,0
187762092,AfricanAmerican,Female,[50-60),1,Emergency,6,Discharged/transferred to home with home health service,7,Emergency Room,3,,60,0,19,1,3,3,9,,,Down,Ch,Yes,>30,0
187800174,Caucasian,Male,[70-80),1,Emergency,13,Hospice / home,7,Emergency Room,2,,57,0,16,0,0,0,9,,,Steady,Ch,Yes,NO,0
187957560,Caucasian,Male,[70-80),2,Urgent,1,Discharged to home,1,Physician Referral,3,,62,0,10,2,0,0,9,,>8,No,No,Yes,>30,0
188043162,Caucasian,Female,[70-80),2,Urgent,1,Discharged to home,1,Physician Referral,3,,3,0,7,3,0,0,5,,,No,No,Yes,NO,0
188583534,Caucasian,Female,[70-80),1,Emergency,3,Discharged/transferred to SNF,7,Emergency Room,5,,60,1,13,0,0,0,9,,,Up,Ch,Yes,NO,0
188639040,Caucasian,Female,[60-70),1,Emergency,3,Discharged/transferred to SNF,7,Emergency Room,7,,46,0,15,0,0,1,9,,>8,Up,Ch,Yes,<30,1
188690244,Caucasian,Male,[80-90),5,Not Available,1,Discharged to home,1,Physician Referral,3,,39,2,15,4,0,0,9,,>7,Steady,Ch,Yes,NO,0
188694450,Caucasian,Female,[80-90),1,Emergency,3,Discharged/transferred to SNF,7,Emergency Room,3,Family/GeneralPractice,35,0,8,0,0,4,8,,,Down,Ch,Yes,<30,1
188725338,Caucasian,Male,[70-80),5,Not Available,1,Discharged to home,1,Physician Referral,2,,36,0,19,6,0,0,7,,,Up,Ch,Yes,>30,0
188815434,,Male,[70-80),2,Urgent,1,Discharged to home,4,Transfer from a hospital,2,Cardiology,38,5,13,0,0,0,8,,>7,Steady,No,Yes,>30,0
188877378,Caucasian,Female,[40-50),2,Urgent,1,Discharged to home,1,Physician Referral,8,,37,1,17,5,0,5,9,,,Down,Ch,Yes,>30,0
188879628,Caucasian,Female,[80-90),1,Emergency,1,Discharged to home,7,Emergency Room,1,,50,0,2,0,0,0,5,,,No,No,No,>30,0
188997462,Other,Male,[60-70),3,Elective,11,Expired,1,Physician Referral,3,,45,0,17,0,0,0,9,,,Down,Ch,Yes,NO,0
189228024,Caucasian,Male,[70-80),5,Not Available,3,Discharged/transferred to SNF,1,Physician Referral,4,,56,3,27,2,0,0,9,,,Up,Ch,Yes,>30,0
189380994,Caucasian,Female,[80-90),3,Elective,1,Discharged to home,7,Emergency Room,2,Emergency/Trauma,45,2,14,0,0,2,9,,,Down,Ch,Yes,NO,0
189390720,Caucasian,Male,[60-70),1,Emergency,7,Left AMA,7,Emergency Room,1,,42,0,12,0,1,0,9,,,Down,Ch,Yes,>30,0
189577770,Caucasian,Male,[80-90),1,Emergency,3,Discharged/transferred to SNF,7,Emergency Room,4,,54,0,28,0,0,0,9,,,Steady,Ch,Yes,NO,0
189595026,Caucasian,Male,[80-90),1,Emergency,3,Discharged/transferred to SNF,7,Emergency Room,14,,75,3,32,2,0,0,9,,,No,No,Yes,NO,0
189612462,Caucasian,Female,[30-40),1,Emergency,1,Discharged to home,1,Physician Referral,3,,56,0,13,0,0,0,6,,,No,No,No,>30,0
189707466,Caucasian,Female,[50-60),1,Emergency,1,Discharged to home,7,Emergency Room,2,,46,6,25,0,0,0,7,,>8,Up,Ch,Yes,>30,0
189722820,Caucasian,Male,[60-70),3,Elective,6,Discharged/transferred to home with home health service,4,Transfer from a hospital,4,,28,2,13,0,1,0,9,,,Steady,Ch,Yes,>30,0
189768246,Caucasian,Female,[50-60),1,Emergency,1,Discharged to home,7,Emergency Room,2,,64,0,9,0,0,1,5,,,No,Ch,Yes,>30,0
189894150,Caucasian,Female,[80-90),2,Urgent,6,Discharged/transferred to home with home health service,7,Emergency Room,2,Emergency/Trauma,56,0,6,0,0,2,9,,,No,No,Yes,NO,0
189915282,Caucasian,Female,[70-80),6,NULL,1,Discharged to home,17,NULL,8,,64,0,30,0,0,1,9,,,Steady,No,Yes,NO,0
189949686,Caucasian,Male,[80-90),5,Not Available,3,Discharged/transferred to SNF,1,Physician Referral,14,,68,1,31,1,0,0,9,,>7,Steady,Ch,Yes,>30,0
190087428,Caucasian,Male,[30-40),1,Emergency,6,Discharged/transferred to home with home health service,1,Physician Referral,3,,70,0,13,0,1,3,9,,,Up,Ch,Yes,>30,0
190224732,Caucasian,Female,[40-50),1,Emergency,1,Discharged to home,7,Emergency Room,2,,53,0,10,0,1,2,4,,>8,Down,Ch,Yes,>30,0
190263102,AfricanAmerican,Female,[70-80),1,Emergency,1,Discharged to home,7,Emergency Room,3,,63,0,16,0,0,0,8,,>8,Up,Ch,Yes,>30,0
190412454,Caucasian,Male,[50-60),1,Emergency,1,Discharged to home,1,Physician Referral,13,Surgery-General,74,6,52,0,0,0,9,,,Up,Ch,Yes,>30,0
190421418,Caucasian,Female,[60-70),1,Emergency,1,Discharged to home,7,Emergency Room,5,,46,3,24,0,0,0,7,,,Up,Ch,Yes,NO,0
190458654,Caucasian,Male,[80-90),1,Emergency,6,Discharged/transferred to home with home health service,7,Emergency Room,3,,58,0,17,0,0,0,9,,,Steady,Ch,Yes,>30,0
190477440,Caucasian,Female,[90-100),2,Urgent,1,Discharged to home,7,Emergency Room,3,Emergency/Trauma,43,0,10,0,0,0,4,,,Steady,Ch,Yes,>30,0
190491876,Caucasian,Male,[60-70),2,Urgent,3,Discharged/transferred to SNF,1,Physician Referral,4,Radiologist,67,1,26,0,1,0,9,,,Steady,No,Yes,NO,0
190497138,Caucasian,Female,[50-60),1,Emergency,2,Discharged/transferred to another short term hospital,7,Emergency Room,2,,57,0,7,0,0,0,8,,,No,No,No,NO,0
190538292,Other,Male,[40-50),3,Elective,1,Discharged to home,1,Physician Referral,2,InternalMedicine,50,0,12,0,0,0,5,,,Down,Ch,Yes,>30,0
190611948,Caucasian,Female,[60-70),1,Emergency,1,Discharged to home,7,Emergency Room,2,,50,0,20,2,0,1,9,,>8,No,Ch,Yes,NO,0
190792608,AfricanAmerican,Male,[70-80),1,Emergency,1,Discharged to home,7,Emergency Room,2,,46,0,9,0,0,0,5,,,No,Ch,Yes,NO,0
190858332,Caucasian,Male,[50-60),1,Emergency,1,Discharged to home,7,Emergency Room,2,,53,0,9,0,1,0,3,,,No,No,Yes,NO,0
190916076,AfricanAmerican,Male,[40-50),1,Emergency,1,Discharged to home,7,Emergency Room,2,Family/GeneralPractice,43,0,10,0,0,0,7,,,Down,Ch,Yes,NO,0
190958184,Caucasian,Male,[60-70),1,Emergency,1,Discharged to home,7,Emergency Room,2,,59,0,14,0,0,1,9,,,Down,Ch,Yes,<30,1
190970700,Caucasian,Male,[50-60),2,Urgent,2,Discharged/transferred to another short term hospital,7,Emergency Room,2,Emergency/Trauma,33,3,10,0,0,0,6,,,Steady,No,Yes,>30,0
190977942,Caucasian,Female,[70-80),2,Urgent,1,Discharged to home,7,Emergency Room,2,Surgery-General,71,0,16,0,0,0,9,,Norm,No,Ch,Yes,>30,0
191029188,Caucasian,Female,[70-80),3,Elective,1,Discharged to home,1,Physician Referral,1,Otolaryngology,30,1,15,0,0,0,6,,,Steady,Ch,Yes,NO,0
191336208,Caucasian,Male,[60-70),2,Urgent,3,Discharged/transferred to SNF,7,Emergency Room,14,Emergency/Trauma,76,5,33,0,0,0,9,,>8,Up,Ch,Yes,<30,1
191404218,Caucasian,Male,[60-70),1,Emergency,6,Discharged/transferred to home with home health service,7,Emergency Room,9,,54,3,21,0,0,0,9,,>8,No,Ch,Yes,>30,0
191512350,Caucasian,Female,[70-80),1,Emergency,1,Discharged to home,7,Emergency Room,2,,54,0,8,0,0,0,6,,,Up,Ch,Yes,NO,0
191681388,Other,Female,[60-70),3,Elective,1,Discharged to home,7,Emergency Room,4,Emergency/Trauma,38,2,18,0,0,0,9,,,Up,Ch,Yes,NO,0
191766714,AfricanAmerican,Female,[60-70),1,Emergency,1,Discharged to home,7,Emergency Room,6,,58,0,24,1,0,4,9,,,Up,Ch,Yes,<30,1
191820990,Caucasian,Female,[70-80),3,Elective,1,Discharged to home,1,Physician Referral,2,,39,2,11,0,0,0,5,,,No,No,No,NO,0
192059520,Caucasian,Female,[60-70),3,Elective,1,Discharged to home,1,Physician Referral,12,,42,0,17,0,0,0,7,,>7,Steady,No,Yes,NO,0
192103542,Caucasian,Female,[80-90),1,Emergency,6,Discharged/transferred to home with home health service,7,Emergency Room,8,,65,3,32,0,1,1,9,,Norm,Steady,Ch,Yes,NO,0
192124236,Caucasian,Male,[60-70),3,Elective,1,Discharged to home,1,Physician Referral,2,Nephrology,43,1,25,0,0,0,8,,,Down,Ch,Yes,<30,1
192272904,Caucasian,Female,[80-90),1,Emergency,1,Discharged to home,7,Emergency Room,5,,44,0,20,0,0,1,9,,,Steady,No,Yes,<30,1
192311166,Caucasian,Female,[70-80),5,Not Available,6,Discharged/transferred to home with home health service,1,Physician Referral,9,,60,4,24,1,0,0,9,,>8,Up,Ch,Yes,>30,0
192562878,Caucasian,Female,[40-50),3,Elective,1,Discharged to home,1,Physician Referral,3,Nephrology,50,0,17,0,0,0,8,,,Up,Ch,Yes,NO,0
192589272,Caucasian,Female,[60-70),2,Urgent,1,Discharged to home,7,Emergency Room,3,Emergency/Trauma,50,1,8,0,0,1,9,,,Down,Ch,Yes,>30,0
192714348,Caucasian,Female,[40-50),3,Elective,1,Discharged to home,1,Physician Referral,2,,22,1,13,0,0,0,9,,,Steady,Ch,Yes,NO,0
192802152,Caucasian,Male,[50-60),1,Emergency,1,Discharged to home,7,Emergency Room,4,,61,2,25,1,0,1,9,,>8,No,Ch,Yes,<30,1
192838860,Hispanic,Male,[30-40),1,Emergency,1,Discharged to home,7,Emergency Room,2,Emergency/Trauma,1,0,8,0,1,0,6,,,No,Ch,Yes,NO,0
192928494,Caucasian,Female,[80-90),2,Urgent,3,Discharged/transferred to SNF,1,Physician Referral,8,,52,0,20,0,0,0,8,,,Steady,Ch,Yes,>30,0
193060086,Caucasian,Male,[80-90),3,Elective,22,Discharged/transferred to another rehab fac including rehab units of a hospital .,1,Physician Referral,2,,39,2,31,2,2,2,9,,,No,No,Yes,>30,0
193530360,Caucasian,Male,[70-80),1,Emergency,3,Discharged/transferred to SNF,7,Emergency Room,5,,30,0,14,3,1,0,9,,,No,Ch,Yes,>30,0
193556688,Caucasian,Male,[50-60),2,Urgent,1,Discharged to home,7,Emergency Room,2,Family/GeneralPractice,48,0,16,0,0,1,9,,>8,Up,Ch,Yes,>30,0
193611786,Caucasian,Male,[90-100),1,Emergency,6,Discharged/transferred to home with home health service,7,Emergency Room,1,,31,0,6,0,0,1,3,,>7,Down,Ch,Yes,NO,0
193611810,Caucasian,Female,[10-20),5,Not Available,1,Discharged to home,1,Physician Referral,4,,72,1,15,0,0,0,4,,>8,Up,Ch,Yes,>30,0
193751148,Caucasian,Male,[50-60),2,Urgent,1,Discharged to home,1,Physician Referral,2,,55,0,11,4,0,2,9,,,No,No,Yes,<30,1
193828596,Caucasian,Female,[90-100),2,Urgent,3,Discharged/transferred to SNF,7,Emergency Room,8,,56,1,13,0,0,0,9,,,Up,Ch,Yes,NO,0
193941288,Caucasian,Male,[60-70),5,Not Available,1,Discharged to home,1,Physician Referral,2,,45,0,19,5,0,1,9,,,Up,Ch,Yes,>30,0
194079528,Caucasian,Female,[60-70),5,Not Available,6,Discharged/transferred to home with home health service,1,Physician Referral,2,,1,1,14,0,0,0,7,,,No,No,Yes,NO,0
194227176,AfricanAmerican,Male,[60-70),1,Emergency,1,Discharged to home,7,Emergency Room,3,InternalMedicine,46,0,13,0,0,0,9,,>8,Up,Ch,Yes,NO,0
194263992,Caucasian,Female,[50-60),5,Not Available,3,Discharged/transferred to SNF,1,Physician Referral,2,,1,1,13,5,0,1,7,,,Steady,No,Yes,<30,1
194340492,Caucasian,Male,[70-80),2,Urgent,1,Discharged to home,1,Physician Referral,3,,33,2,16,3,0,0,9,,,No,No,No,NO,0
194510334,Caucasian,Female,[70-80),1,Emergency,3,Discharged/transferred to SNF,7,Emergency Room,6,,53,0,8,0,0,0,9,,,No,Ch,Yes,NO,0
194539926,Caucasian,Male,[60-70),1,Emergency,6,Discharged/transferred to home with home health service,7,Emergency Room,2,,56,0,8,0,0,0,6,,>8,Steady,Ch,Yes,<30,1
194550456,AfricanAmerican,Female,[80-90),1,Emergency,6,Discharged/transferred to home with home health service,7,Emergency Room,3,,54,0,14,0,0,2,9,,,Steady,Ch,Yes,>30,0
194630778,Caucasian,Female,[90-100),1,Emergency,3,Discharged/transferred to SNF,7,Emergency Room,3,InternalMedicine,58,0,16,0,0,0,9,,,Down,Ch,Yes,NO,0
194634186,AfricanAmerican,Female,[80-90),1,Emergency,1,Discharged to home,7,Emergency Room,4,InternalMedicine,45,0,10,0,1,0,8,,,No,No,No,NO,0
194639568,Caucasian,Male,[70-80),1,Emergency,1,Discharged to home,7,Emergency Room,6,,53,0,15,0,0,0,9,,,Steady,Ch,Yes,>30,0
194643126,Asian,Male,[70-80),1,Emergency,3,Discharged/transferred to SNF,7,Emergency Room,5,,45,1,12,0,0,2,9,,,Steady,Ch,Yes,NO,0
194662104,Other,Female,[60-70),2,Urgent,1,Discharged to home,7,Emergency Room,4,Emergency/Trauma,78,0,18,0,0,0,6,,>8,Down,Ch,Yes,>30,0
194771454,Caucasian,Male,[70-80),2,Urgent,1,Discharged to home,7,Emergency Room,3,Emergency/Trauma,57,5,28,0,0,0,9,,,Up,Ch,Yes,NO,0
194778342,Caucasian,Female,[50-60),2,Urgent,1,Discharged to home,7,Emergency Room,1,Emergency/Trauma,37,2,8,0,1,0,8,,,Down,Ch,Yes,NO,0
194806356,Caucasian,Female,[70-80),3,Elective,3,Discharged/transferred to SNF,1,Physician Referral,4,Orthopedics,13,2,21,0,0,0,5,,,No,Ch,Yes,NO,0
194976030,Caucasian,Female,[80-90),2,Urgent,1,Discharged to home,7,Emergency Room,3,Emergency/Trauma,58,2,10,0,0,0,9,,,No,No,Yes,>30,0
195077532,Caucasian,Female,[70-80),1,Emergency,1,Discharged to home,7,Emergency Room,10,Family/GeneralPractice,50,1,27,0,0,0,9,,,Steady,No,Yes,>30,0
195222678,Caucasian,Male,[50-60),1,Emergency,6,Discharged/transferred to home with home health service,7,Emergency Room,6,,36,0,9,0,1,0,6,,,Steady,Ch,Yes,NO,0
195365202,AfricanAmerican,Male,[60-70),1,Emergency,1,Discharged to home,7,Emergency Room,2,,69,0,12,0,0,0,6,,Norm,Up,Ch,Yes,NO,0
195371472,Caucasian,Female,[70-80),1,Emergency,3,Discharged/transferred to SNF,7,Emergency Room,13,InternalMedicine,81,1,22,0,0,1,9,,,No,No,No,>30,0
195381768,Caucasian,Female,[40-50),3,Elective,1,Discharged to home,1,Physician Referral,5,,59,0,18,0,0,0,2,,Norm,Steady,Ch,Yes,NO,0
195515082,Caucasian,Male,[70-80),1,Emergency,2,Discharged/transferred to another short term hospital,7,Emergency Room,5,Emergency/Trauma,51,3,18,0,0,0,9,,,Up,Ch,Yes,<30,1
195630354,Caucasian,Male,[60-70),6,NULL,1,Discharged to home,17,NULL,2,Cardiology,34,1,7,1,0,0,9,,,No,Ch,Yes,NO,0
195685122,Caucasian,Female,[90-100),2,Urgent,3,Discharged/transferred to SNF,7,Emergency Room,5,Surgery-General,68,0,17,0,0,0,9,,>7,Up,Ch,Yes,NO,0
195886830,Caucasian,Male,[80-90),1,Emergency,6,Discharged/transferred to home with home health service,7,Emergency Room,4,,51,0,14,0,0,0,9,,,No,No,Yes,>30,0
196109130,Caucasian,Female,[70-80),1,Emergency,6,Discharged/transferred to home with home health service,7,Emergency Room,3,,32,0,21,4,1,3,9,,,No,No,Yes,>30,0
196110840,AfricanAmerican,Female,[40-50),1,Emergency,1,Discharged to home,7,Emergency Room,6,,77,2,21,0,0,0,9,,>8,Up,Ch,Yes,>30,0
196118844,AfricanAmerican,Female,[60-70),1,Emergency,1,Discharged to home,7,Emergency Room,2,,41,0,9,0,0,0,8,,>8,No,Ch,Yes,NO,0
196200258,Caucasian,Female,[80-90),2,Urgent,6,Discharged/transferred to home with home health service,1,Physician Referral,3,InternalMedicine,59,2,16,2,1,1,9,,,No,No,No,NO,0
196216878,Caucasian,Female,[80-90),1,Emergency,6,Discharged/transferred to home with home health service,1,Physician Referral,5,,64,2,24,0,0,0,8,,,No,No,No,NO,0
196217682,Asian,Female,[70-80),1,Emergency,3,Discharged/transferred to SNF,7,Emergency Room,7,,68,0,15,0,0,0,8,,,Steady,Ch,Yes,>30,0
196313946,Caucasian,Male,[70-80),1,Emergency,1,Discharged to home,7,Emergency Room,4,,37,0,19,0,0,2,9,,,Steady,Ch,Yes,>30,0
196474098,AfricanAmerican,Female,[40-50),1,Emergency,1,Discharged to home,7,Emergency Room,2,,44,0,11,1,0,0,9,,,No,No,Yes,>30,0
196503684,Asian,Male,[50-60),2,Urgent,1,Discharged to home,7,Emergency Room,1,Emergency/Trauma,45,1,5,0,0,0,5,,,Up,Ch,Yes,NO,0
196701318,Caucasian,Female,[80-90),1,Emergency,6,Discharged/transferred to home with home health service,7,Emergency Room,7,,82,3,24,0,0,0,9,,>8,No,No,Yes,>30,0
196708854,Caucasian,Male,[70-80),1,Emergency,1,Discharged to home,7,Emergency Room,8,InternalMedicine,89,2,30,0,0,0,9,,>7,Down,Ch,Yes,<30,1
196775052,Caucasian,Male,[70-80),2,Urgent,1,Discharged to home,7,Emergency Room,12,Emergency/Trauma,79,6,30,0,0,1,9,,,Down,Ch,Yes,<30,1
196783854,AfricanAmerican,Male,[40-50),1,Emergency,1,Discharged to home,7,Emergency Room,2,,62,3,20,0,0,4,8,,,Down,Ch,Yes,>30,0
196786296,Caucasian,Female,[90-100),2,Urgent,3,Discharged/transferred to SNF,7,Emergency Room,3,Emergency/Trauma,64,0,14,0,1,1,8,,>7,No,Ch,Yes,NO,0
197011212,Hispanic,Female,[60-70),2,Urgent,6,Discharged/transferred to home with home health service,7,Emergency Room,7,Emergency/Trauma,64,0,10,1,0,0,5,,Norm,No,No,No,NO,0
197014818,Caucasian,Female,[60-70),1,Emergency,3,Discharged/transferred to SNF,7,Emergency Room,9,,62,1,23,3,0,0,9,,,No,No,No,>30,0
197075850,Caucasian,Male,[80-90),1,Emergency,2,Discharged/transferred to another short term hospital,7,Emergency Room,3,,68,0,20,1,0,0,9,,,No,No,Yes,NO,0
197217024,Caucasian,Male,[70-80),1,Emergency,6,Discharged/transferred to home with home health service,7,Emergency Room,3,,55,0,10,3,0,1,9,,,No,No,Yes,NO,0
197232198,Caucasian,Female,[40-50),1,Emergency,1,Discharged to home,7,Emergency Room,6,Gastroenterology,103,3,24,0,0,0,9,,,No,No,No,NO,0
197233332,Caucasian,Female,[70-80),1,Emergency,1,Discharged to home,7,Emergency Room,2,,38,0,17,0,0,0,9,,,Steady,Ch,Yes,NO,0
197285292,Caucasian,Female,[60-70),3,Elective,1,Discharged to home,1,Physician Referral,1,Neurology,15,1,17,0,0,0,2,,,No,No,No,NO,0
197456232,Caucasian,Female,[50-60),3,Elective,6,Discharged/transferred to home with home health service,1,Physician Referral,2,Family/GeneralPractice,17,0,17,0,0,3,5,,,Down,Ch,Yes,<30,1
197613918,Caucasian,Female,[60-70),3,Elective,1,Discharged to home,1,Physician Referral,5,,53,4,23,0,0,0,8,,,Steady,No,Yes,NO,0
197637108,Caucasian,Female,[50-60),3,Elective,1,Discharged to home,1,Physician Referral,1,Cardiology,41,1,32,2,0,2,4,,,Up,Ch,Yes,>30,0
197666136,Caucasian,Female,[80-90),1,Emergency,3,Discharged/transferred to SNF,7,Emergency Room,6,,61,1,17,0,0,3,9,,,Down,Ch,Yes,NO,0
197714130,Caucasian,Female,[70-80),1,Emergency,1,Discharged to home,7,Emergency Room,3,,48,0,14,0,0,0,9,,>8,No,No,Yes,NO,0
197862168,Caucasian,Female,[80-90),1,Emergency,1,Discharged to home,7,Emergency Room,5,,43,0,20,0,0,3,9,,,Down,Ch,Yes,<30,1
197906784,Other,Male,[30-40),1,Emergency,1,Discharged to home,7,Emergency Room,2,,30,1,8,0,2,0,5,,,No,No,Yes,>30,0
197923842,Caucasian,Female,[60-70),1,Emergency,6,Discharged/transferred to home with home health service,7,Emergency Room,12,,95,0,29,1,0,1,7,,,Down,Ch,Yes,>30,0
197935548,Caucasian,Female,[70-80),1,Emergency,1,Discharged to home,7,Emergency Room,4,,65,6,17,0,0,0,8,,,No,No,Yes,NO,0
197964366,AfricanAmerican,Male,[60-70),1,Emergency,1,Discharged to home,7,Emergency Room,2,,42,6,19,0,0,1,9,,,No,No,Yes,<30,1
197969232,Caucasian,Female,[80-90),1,Emergency,6,Discharged/transferred to home with home health service,7,Emergency Room,6,InternalMedicine,53,0,22,0,1,4,9,,,Down,Ch,Yes,<30,1
198119262,AfricanAmerican,Female,[40-50),1,Emergency,1,Discharged to home,7,Emergency Room,4,,30,2,18,0,3,0,9,,,No,No,Yes,>30,0
198166344,Caucasian,Female,[50-60),3,Elective,6,Discharged/transferred to home with home health service,1,Physician Referral,3,,61,1,23,3,0,0,7,,,Steady,Ch,Yes,NO,0
198195360,Caucasian,Male,[50-60),6,NULL,1,Discharged to home,7,Emergency Room,4,InternalMedicine,87,0,13,0,0,1,6,Norm,>8,No,No,Yes,>30,0
198200634,Caucasian,Female,[80-90),3,Elective,6,Discharged/transferred to home with home health service,4,Transfer from a hospital,9,,40,2,22,0,0,4,9,,,Steady,Ch,Yes,NO,0
198444516,Caucasian,Male,[60-70),1,Emergency,1,Discharged to home,7,Emergency Room,3,,43,0,13,0,0,0,9,,>8,Steady,No,Yes,>30,0
198447042,Caucasian,Male,[50-60),1,Emergency,1,Discharged to home,7,Emergency Room,5,,85,0,12,5,0,0,9,,>8,No,No,No,>30,0
198484182,Caucasian,Male,[40-50),3,Elective,1,Discharged to home,1,Physician Referral,2,Neurology,1,2,15,0,0,1,3,,,No,Ch,Yes,>30,0
198643680,Caucasian,Female,[70-80),2,Urgent,13,Hospice / home,7,Emergency Room,3,Emergency/Trauma,57,0,12,0,0,0,9,,,No,No,Yes,NO,0
198664914,Caucasian,Male,[60-70),5,Not Available,1,Discharged to home,7,Emergency Room,1,,48,0,4,3,0,0,9,,,No,No,No,NO,0
198794766,Caucasian,Female,[90-100),5,Not Available,3,Discharged/transferred to SNF,7,Emergency Room,3,,48,2,14,0,0,0,9,,,Steady,No,Yes,NO,0
199065660,Caucasian,Female,[70-80),3,Elective,3,Discharged/transferred to SNF,1,Physician Referral,14,,57,0,26,1,0,3,9,,,Down,Ch,Yes,>30,0
199185606,Caucasian,Male,[50-60),1,Emergency,1,Discharged to home,7,Emergency Room,4,,47,4,19,0,0,0,9,,,No,No,Yes,>30,0
199208298,Caucasian,Female,[60-70),1,Emergency,1,Discharged to home,7,Emergency Room,4,,51,1,18,0,0,1,8,,,Steady,No,Yes,<30,1
199210674,Caucasian,Female,[60-70),1,Emergency,1,Discharged to home,7,Emergency Room,5,,68,1,16,0,0,0,9,,,Steady,No,Yes,>30,0
199216764,Caucasian,Male,[70-80),1,Emergency,1,Discharged to home,7,Emergency Room,9,,62,6,20,0,1,1,9,,>8,Steady,Ch,Yes,NO,0
199309920,Asian,Male,[40-50),2,Urgent,1,Discharged to home,7,Emergency Room,1,Surgery-General,66,0,7,0,0,0,6,,>8,Up,Ch,Yes,NO,0
199640760,Caucasian,Male,[80-90),3,Elective,3,Discharged/transferred to SNF,1,Physician Referral,7,,53,1,27,0,0,1,5,,,No,No,Yes,NO,0
199658832,Caucasian,Male,[80-90),5,Not Available,3,Discharged/transferred to SNF,7,Emergency Room,3,,54,0,15,3,0,1,9,,Norm,Steady,Ch,Yes,NO,0
199882950,Caucasian,Male,[60-70),1,Emergency,1,Discharged to home,1,Physician Referral,4,,44,0,22,0,0,0,9,,>8,Up,Ch,Yes,NO,0
199890810,AfricanAmerican,Female,[60-70),1,Emergency,11,Expired,7,Emergency Room,4,,60,0,17,0,1,1,9,,,Down,Ch,Yes,NO,0
200092848,AfricanAmerican,Male,[50-60),3,Elective,1,Discharged to home,1,Physician Referral,4,Family/GeneralPractice,34,1,12,0,0,0,8,,,Down,Ch,Yes,NO,0
200163486,Caucasian,Female,[70-80),1,Emergency,1,Discharged to home,7,Emergency Room,1,,58,0,14,0,0,0,5,,,No,Ch,Yes,NO,0
200318412,Caucasian,Male,[80-90),3,Elective,6,Discharged/transferred to home with home health service,1,Physician Referral,4,PhysicianNotFound,30,3,24,2,0,3,2,,,Down,Ch,Yes,<30,1
200396124,Caucasian,Female,[30-40),5,Not Available,1,Discharged to home,7,Emergency Room,3,,67,0,18,2,0,2,9,,>8,Up,Ch,Yes,>30,0
200405064,Caucasian,Male,[70-80),1,Emergency,1,Discharged to home,7,Emergency Room,2,,55,1,8,1,0,0,5,,,No,No,No,NO,0
200455062,Caucasian,Male,[50-60),1,Emergency,1,Discharged to home,1,Physician Referral,4,,48,6,20,0,0,0,5,,>7,No,No,No,<30,1
200474478,Caucasian,Male,[60-70),1,Emergency,1,Discharged to home,7,Emergency Room,1,,52,0,13,0,0,0,9,,>8,Down,Ch,Yes,>30,0
200577006,Caucasian,Male,[70-80),5,Not Available,1,Discharged to home,7,Emergency Room,3,,46,1,13,0,0,1,9,,>7,Steady,Ch,Yes,NO,0
200643378,Caucasian,Male,[50-60),3,Elective,1,Discharged to home,1,Physician Referral,1,,17,4,9,0,0,1,7,,,No,Ch,Yes,NO,0
200647170,Caucasian,Female,[50-60),3,Elective,6,Discharged/transferred to home with home health service,1,Physician Referral,3,,20,3,22,0,0,0,7,,,Steady,Ch,Yes,>30,0
200835588,Caucasian,Male,[60-70),1,Emergency,1,Discharged to home,7,Emergency Room,2,,59,1,12,2,3,0,8,,,No,No,Yes,<30,1
200890086,Caucasian,Female,[60-70),3,Elective,3,Discharged/transferred to SNF,1,Physician Referral,3,Orthopedics,22,3,20,0,0,0,6,,,Steady,Ch,Yes,NO,0
201042132,Other,Male,[60-70),2,Urgent,2,Discharged/transferred to another short term hospital,7,Emergency Room,6,Emergency/Trauma,100,0,18,0,0,0,9,,>7,Up,Ch,Yes,NO,0
201071016,AfricanAmerican,Male,[60-70),1,Emergency,6,Discharged/transferred to home with home health service,7,Emergency Room,3,,44,1,18,0,0,0,9,,>7,Up,Ch,Yes,NO,0
201270894,Caucasian,Male,[90-100),1,Emergency,23,Discharged/transferred to a long term care hospital.,7,Emergency Room,12,,75,4,26,0,0,0,9,,Norm,Steady,No,Yes,NO,0
201283758,Caucasian,Male,[80-90),2,Urgent,1,Discharged to home,1,Physician Referral,2,InternalMedicine,53,2,8,1,0,0,9,,Norm,No,No,No,NO,0
201334458,Caucasian,Male,[50-60),5,Not Available,6,Discharged/transferred to home with home health service,7,Emergency Room,5,,65,0,12,0,0,0,9,,>8,Up,Ch,Yes,>30,0
201335592,Caucasian,Female,[60-70),1,Emergency,2,Discharged/transferred to another short term hospital,7,Emergency Room,5,,70,2,19,0,0,0,9,,,No,No,No,>30,0
201338118,Caucasian,Male,[60-70),2,Urgent,22,Discharged/transferred to another rehab fac including rehab units of a hospital .,7,Emergency Room,14,Emergency/Trauma,59,4,34,1,0,2,9,,>7,Down,Ch,Yes,>30,0
201469272,Caucasian,Female,[80-90),2,Urgent,6,Discharged/transferred to home with home health service,1,Physician Referral,7,Gastroenterology,41,4,25,0,0,0,9,,,Steady,No,Yes,NO,0
201532146,AfricanAmerican,Female,[70-80),1,Emergency,6,Discharged/transferred to home with home health service,7,Emergency Room,5,,38,0,26,0,0,1,9,,,Up,Ch,Yes,>30,0
201532698,Caucasian,Female,[80-90),5,Not Available,3,Discharged/transferred to SNF,1,Physician Referral,3,,26,0,9,3,0,1,9,,,Up,Ch,Yes,NO,0
201558924,Caucasian,Male,[60-70),1,Emergency,1,Discharged to home,7,Emergency Room,4,,49,1,11,0,0,3,7,,,Down,Ch,Yes,>30,0
201592620,Caucasian,Female,[70-80),1,Emergency,1,Discharged to home,7,Emergency Room,2,,28,0,6,0,0,0,5,,,Steady,Ch,Yes,NO,0
201607776,Caucasian,Female,[70-80),1,Emergency,1,Discharged to home,7,Emergency Room,4,,70,0,15,1,0,2,9,,,Steady,Ch,Yes,>30,0
201626502,Caucasian,Female,[70-80),1,Emergency,6,Discharged/transferred to home with home health service,7,Emergency Room,3,Emergency/Trauma,58,0,9,0,0,1,9,,,Down,Ch,Yes,>30,0
201688188,Caucasian,Male,[40-50),3,Elective,1,Discharged to home,1,Physician Referral,1,Cardiology,3,0,17,0,0,1,9,,,Steady,Ch,Yes,>30,0
201804210,Caucasian,Female,[80-90),3,Elective,3,Discharged/transferred to SNF,1,Physician Referral,10,,72,1,25,0,0,1,9,,,Down,Ch,Yes,<30,1
201848964,Caucasian,Male,[60-70),1,Emergency,1,Discharged to home,7,Emergency Room,4,,49,0,12,3,0,0,8,,>8,No,Ch,Yes,>30,0
202030566,Caucasian,Male,[40-50),3,Elective,1,Discharged to home,1,Physician Referral,3,,38,3,7,0,0,0,5,,,No,No,No,NO,0
202353558,Caucasian,Male,[60-70),2,Urgent,1,Discharged to home,7,Emergency Room,4,Emergency/Trauma,80,0,16,0,0,0,9,,,Up,Ch,Yes,>30,0
202390140,Caucasian,Female,[60-70),2,Urgent,1,Discharged to home,7,Emergency Room,2,Surgery-General,70,2,8,0,0,1,8,,>7,No,No,Yes,NO,0
202433688,Caucasian,Male,[80-90),1,Emergency,11,Expired,7,Emergency Room,4,,69,0,26,13,1,3,9,,>7,No,No,No,NO,0
202514136,Caucasian,Female,[80-90),5,Not Available,3,Discharged/transferred to SNF,7,Emergency Room,8,,68,1,18,2,0,1,9,,>8,Up,Ch,Yes,>30,0
202617168,AfricanAmerican,Female,[50-60),1,Emergency,1,Discharged to home,7,Emergency Room,3,,60,0,22,0,0,0,9,,>8,Steady,Ch,Yes,>30,0
202654722,Caucasian,Female,[50-60),1,Emergency,1,Discharged to home,7,Emergency Room,1,,26,1,3,0,0,0,5,,>7,Steady,No,Yes,NO,0
202815990,Caucasian,Female,[80-90),1,Emergency,3,Discharged/transferred to SNF,7,Emergency Room,3,,33,1,6,2,0,0,8,,,No,No,No,<30,1
202826814,Caucasian,Female,[70-80),6,NULL,3,Discharged/transferred to SNF,17,NULL,7,Family/GeneralPractice,61,1,19,0,0,1,9,,,No,Ch,Yes,NO,0
202914096,Caucasian,Male,[30-40),3,Elective,1,Discharged to home,7,Emergency Room,1,Emergency/Trauma,40,1,10,0,7,6,8,,>7,No,No,No,NO,0
202930926,Caucasian,Male,[70-80),1,Emergency,1,Discharged to home,7,Emergency Room,3,,50,4,15,0,0,0,9,,,Steady,No,Yes,>30,0
202998186,Caucasian,Female,[70-80),1,Emergency,6,Discharged/transferred to home with home health service,7,Emergency Room,6,,71,0,17,0,0,2,9,,,Steady,No,Yes,>30,0
203143410,Caucasian,Male,[70-80),3,Elective,3,Discharged/transferred to SNF,1,Physician Referral,3,Family/GeneralPractice,52,2,18,1,3,11,9,,,Down,Ch,Yes,>30,0
203182614,Caucasian,Male,[60-70),1,Emergency,3,Discharged/transferred to SNF,7,Emergency Room,4,,60,0,26,0,0,2,8,>300,>8,No,No,Yes,>30,0
203410056,Caucasian,Male,[70-80),2,Urgent,3,Discharged/transferred to SNF,1,Physician Referral,3,,30,1,17,1,0,0,9,,,Steady,Ch,Yes,NO,0
203564718,Caucasian,Female,[90-100),1,Emergency,3,Discharged/transferred to SNF,7,Emergency Room,2,,57,0,9,0,0,0,9,,,No,No,No,NO,0
203611470,AfricanAmerican,Female,[70-80),1,Emergency,3,Discharged/transferred to SNF,7,Emergency Room,5,,33,2,25,0,0,0,9,,,Steady,Ch,Yes,>30,0
203672544,AfricanAmerican,Male,[70-80),1,Emergency,1,Discharged to home,7,Emergency Room,1,,44,0,13,0,0,0,9,,,Steady,No,Yes,>30,0
203675298,Caucasian,Female,[80-90),5,Not Available,3,Discharged/transferred to SNF,1,Physician Referral,6,,55,0,25,3,0,0,9,,Norm,No,No,Yes,NO,0
203893320,Caucasian,Female,[70-80),3,Elective,3,Discharged/transferred to SNF,1,Physician Referral,5,Orthopedics,41,5,28,1,0,4,7,,,No,No,Yes,NO,0
204010098,Caucasian,Female,[60-70),2,Urgent,1,Discharged to home,1,Physician Referral,2,,48,2,19,3,0,0,9,,,No,Ch,Yes,>30,0
204134652,AfricanAmerican,Female,[50-60),5,Not Available,1,Discharged to home,7,Emergency Room,2,,28,0,8,0,0,0,6,,>7,Steady,No,Yes,NO,0
204135168,Caucasian,Male,[50-60),1,Emergency,22,Discharged/transferred to another rehab fac including rehab units of a hospital .,7,Emergency Room,7,,65,1,17,0,0,0,9,,,No,No,Yes,<30,1
204190584,Caucasian,Male,[70-80),1,Emergency,3,Discharged/transferred to SNF,7,Emergency Room,4,,70,1,10,5,0,1,9,,,No,No,Yes,NO,0
204239430,Caucasian,Female,[80-90),1,Emergency,3,Discharged/transferred to SNF,7,Emergency Room,3,,43,0,11,1,0,2,9,,,No,No,Yes,>30,0
204239616,Caucasian,Male,[70-80),1,Emergency,3,Discharged/transferred to SNF,7,Emergency Room,6,,68,1,27,0,0,0,9,,,Steady,No,Yes,NO,0
204242340,Caucasian,Male,[60-70),2,Urgent,6,Discharged/transferred to home with home health service,7,Emergency Room,4,Emergency/Trauma,84,1,24,0,2,3,9,,,Steady,Ch,Yes,<30,1
204689742,Caucasian,Male,[80-90),3,Elective,1,Discharged to home,1,Physician Referral,5,InternalMedicine,55,0,10,0,0,0,7,,,Steady,Ch,Yes,NO,0
205362462,Caucasian,Female,[40-50),1,Emergency,1,Discharged to home,7,Emergency Room,1,,30,0,13,0,0,0,9,,,Up,Ch,Yes,NO,0
205366692,Caucasian,Male,[30-40),1,Emergency,1,Discharged to home,7,Emergency Room,7,,51,1,19,0,0,1,6,,,Up,Ch,Yes,>30,0
205439520,AfricanAmerican,Female,[60-70),1,Emergency,3,Discharged/transferred to SNF,7,Emergency Room,5,,47,0,20,1,0,4,8,,,Steady,No,Yes,>30,0
205463676,Caucasian,Female,[70-80),1,Emergency,1,Discharged to home,7,Emergency Room,5,,64,4,17,0,2,0,9,,,Up,Ch,Yes,<30,1
205540230,Caucasian,Female,[80-90),2,Urgent,1,Discharged to home,7,Emergency Room,2,,55,3,9,0,0,1,9,,>7,Steady,Ch,Yes,>30,0
205543872,Caucasian,Male,[70-80),1,Emergency,1,Discharged to home,1,Physician Referral,1,,29,1,19,2,0,1,9,,,Up,Ch,Yes,>30,0
205645866,Caucasian,Female,[60-70),2,Urgent,1,Discharged to home,1,Physician Referral,2,,56,0,19,0,0,0,7,,>8,Down,Ch,Yes,NO,0
205687524,Caucasian,Female,[80-90),3,Elective,3,Discharged/transferred to SNF,7,Emergency Room,7,Emergency/Trauma,41,1,15,0,0,1,9,,,No,No,No,NO,0
205694712,Caucasian,Male,[60-70),3,Elective,1,Discharged to home,22,Transfer from hospital inpt/same fac reslt in a sep claim,9,,39,1,26,0,0,1,9,,,Up,Ch,Yes,NO,0
205869630,Caucasian,Male,[60-70),1,Emergency,6,Discharged/transferred to home with home health service,7,Emergency Room,4,,44,4,19,0,0,0,9,,,No,No,Yes,NO,0
206107830,Caucasian,Male,[70-80),3,Elective,1,Discharged to home,1,Physician Referral,5,Cardiology,60,1,24,0,0,1,9,,>7,Down,Ch,Yes,NO,0
206165730,Caucasian,Female,[80-90),1,Emergency,1,Discharged to home,7,Emergency Room,5,,52,0,16,0,0,0,5,,,Up,Ch,Yes,<30,1
206201664,Caucasian,Female,[60-70),3,Elective,1,Discharged to home,1,Physician Referral,11,Cardiology,78,6,39,0,0,0,7,,>7,Up,Ch,Yes,NO,0
206363406,Caucasian,Male,[70-80),2,Urgent,1,Discharged to home,1,Physician Referral,2,,39,1,16,0,0,1,9,,,No,No,No,>30,0
206429214,Caucasian,Male,[80-90),1,Emergency,3,Discharged/transferred to SNF,7,Emergency Room,4,,39,1,19,5,0,0,9,,>7,Steady,Ch,Yes,<30,1
206446200,Caucasian,Female,[50-60),3,Elective,2,Discharged/transferred to another short term hospital,1,Physician Referral,4,Cardiology,62,1,5,0,0,0,8,,,No,No,No,NO,0
206654340,Caucasian,Male,[70-80),3,Elective,1,Discharged to home,7,Emergency Room,6,Emergency/Trauma,53,0,28,0,0,1,9,,,Down,Ch,Yes,>30,0
206693694,AfricanAmerican,Female,[70-80),1,Emergency,1,Discharged to home,7,Emergency Room,3,,47,0,9,0,0,0,8,,,Steady,Ch,Yes,>30,0
206933478,Caucasian,Male,[50-60),3,Elective,1,Discharged to home,1,Physician Referral,7,Surgery-General,31,3,24,0,0,1,6,,,No,Ch,Yes,NO,0
206980392,Caucasian,Male,[40-50),1,Emergency,1,Discharged to home,7,Emergency Room,4,,33,0,11,0,1,0,9,,,No,Ch,Yes,<30,1
207059886,Caucasian,Female,[70-80),2,Urgent,5,Discharged/transferred to another type of inpatient care institution,1,Physician Referral,1,,1,2,7,0,2,1,6,,,Up,Ch,Yes,>30,0
207098694,Caucasian,Male,[80-90),3,Elective,2,Discharged/transferred to another short term hospital,1,Physician Referral,1,Cardiology,40,4,8,0,0,0,5,,,No,No,No,>30,0
207131448,Caucasian,Female,[80-90),1,Emergency,3,Discharged/transferred to SNF,7,Emergency Room,3,,74,0,26,4,0,1,9,,>7,Steady,No,Yes,<30,1
207214638,Caucasian,Male,[50-60),2,Urgent,1,Discharged to home,1,Physician Referral,8,Emergency/Trauma,52,6,31,0,0,2,9,,>7,Down,Ch,Yes,<30,1
207338880,AfricanAmerican,Male,[70-80),1,Emergency,1,Discharged to home,7,Emergency Room,4,,44,1,10,1,0,0,9,,,No,No,Yes,>30,0
207340302,Caucasian,Male,[60-70),2,Urgent,1,Discharged to home,4,Transfer from a hospital,1,Radiologist,32,6,17,0,0,0,5,,,No,No,Yes,NO,0
207478902,Caucasian,Male,[70-80),1,Emergency,1,Discharged to home,7,Emergency Room,2,Cardiology,54,4,18,0,0,0,9,,,No,No,No,>30,0
207533214,Caucasian,Male,[60-70),3,Elective,1,Discharged to home,1,Physician Referral,1,Radiologist,32,6,17,0,0,0,6,,,No,No,Yes,NO,0
207862242,Caucasian,Female,[60-70),2,Urgent,6,Discharged/transferred to home with home health service,5,Transfer from a Skilled Nursing Facility (SNF),5,InternalMedicine,41,0,17,0,0,0,9,,,No,No,No,NO,0
207991212,Caucasian,Male,[70-80),1,Emergency,6,Discharged/transferred to home with home health service,7,Emergency Room,9,InternalMedicine,54,0,19,1,2,2,9,,,Steady,No,Yes,>30,0
208284570,Caucasian,Female,[80-90),1,Emergency,6,Discharged/transferred to home with home health service,7,Emergency Room,6,,76,0,18,14,0,1,9,,>7,No,Ch,Yes,>30,0
208401972,Caucasian,Male,[60-70),2,Urgent,3,Discharged/transferred to SNF,1,Physician Referral,5,,45,1,20,3,0,0,9,,,No,No,No,>30,0
208414260,Caucasian,Female,[70-80),2,Urgent,13,Hospice / home,1,Physician Referral,3,Hematology,46,0,4,0,0,0,6,,,Steady,No,Yes,NO,0
208644960,Caucasian,Female,[90-100),1,Emergency,3,Discharged/transferred to SNF,7,Emergency Room,5,Emergency/Trauma,47,6,14,0,0,0,9,,,Down,Ch,Yes,<30,1
208844676,Caucasian,Female,[60-70),3,Elective,1,Discharged to home,1,Physician Referral,1,Surgery-General,28,2,13,3,0,0,8,,,No,No,Yes,NO,0
208920150,Caucasian,Male,[50-60),1,Emergency,1,Discharged to home,7,Emergency Room,7,,50,1,25,0,0,0,9,,,No,No,No,NO,0
208938168,AfricanAmerican,Male,[50-60),1,Emergency,1,Discharged to home,7,Emergency Room,1,,31,1,5,0,0,0,3,,,Steady,No,Yes,NO,0
209232342,Caucasian,Male,[60-70),2,Urgent,1,Discharged to home,7,Emergency Room,1,Emergency/Trauma,46,0,10,1,0,1,9,,,No,No,Yes,<30,1
209244594,Asian,Female,[30-40),1,Emergency,1,Discharged to home,7,Emergency Room,1,,40,0,12,0,2,2,4,,Norm,Steady,No,Yes,NO,0
209245218,Caucasian,Female,[80-90),1,Emergency,3,Discharged/transferred to SNF,7,Emergency Room,6,,61,0,19,0,0,0,9,,,No,Ch,Yes,NO,0
209261646,Caucasian,Female,[70-80),1,Emergency,1,Discharged to home,7,Emergency Room,3,,64,0,17,6,1,1,9,>200,,No,Ch,Yes,>30,0
209314350,Caucasian,Female,[70-80),2,Urgent,7,Left AMA,7,Emergency Room,1,Surgery-General,3,0,8,0,0,0,7,,,No,No,Yes,NO,0
209321226,Caucasian,Male,[40-50),2,Urgent,1,Discharged to home,7,Emergency Room,1,Emergency/Trauma,60,0,8,1,0,1,9,,>8,Down,Ch,Yes,>30,0
209339106,Caucasian,Male,[60-70),3,Elective,3,Discharged/transferred to SNF,1,Physician Referral,3,Podiatry,43,1,22,0,0,2,9,,>8,Down,Ch,Yes,NO,0
209345802,Caucasian,Female,[60-70),1,Emergency,6,Discharged/transferred to home with home health service,7,Emergency Room,3,,46,0,20,1,0,0,9,,,No,No,Yes,<30,1
209351730,Caucasian,Female,[40-50),1,Emergency,1,Discharged to home,7,Emergency Room,2,,49,2,19,2,0,1,9,,,No,No,No,>30,0
209355582,Caucasian,Male,[50-60),1,Emergency,1,Discharged to home,7,Emergency Room,9,,65,4,29,0,0,0,8,,Norm,No,No,Yes,>30,0
209386134,Caucasian,Male,[50-60),1,Emergency,1,Discharged to home,7,Emergency Room,4,,30,0,17,0,0,0,6,,,Up,Ch,Yes,NO,0
209723730,AfricanAmerican,Male,[60-70),1,Emergency,1,Discharged to home,7,Emergency Room,2,,2,1,16,0,0,1,9,,Norm,No,No,No,NO,0
210074172,Caucasian,Male,[70-80),1,Emergency,22,Discharged/transferred to another rehab fac including rehab units of a hospital .,7,Emergency Room,4,,39,0,16,0,0,0,9,,,Down,Ch,Yes,>30,0
210077664,Caucasian,Male,[70-80),1,Emergency,6,Discharged/transferred to home with home health service,7,Emergency Room,4,,48,0,18,0,0,0,9,,,Steady,Ch,Yes,>30,0
210217554,AfricanAmerican,Female,[30-40),3,Elective,1,Discharged to home,1,Physician Referral,4,ObstetricsandGynecology,37,2,25,1,1,2,8,,,Down,Ch,Yes,NO,0
210517254,Caucasian,Female,[80-90),2,Urgent,3,Discharged/transferred to SNF,7,Emergency Room,4,,51,0,10,0,0,1,9,,Norm,Steady,Ch,Yes,>30,0
210591084,Caucasian,Female,[40-50),1,Emergency,23,Discharged/transferred to a long term care hospital.,7,Emergency Room,7,,61,5,24,0,0,0,9,,,Up,Ch,Yes,>30,0
210644796,Caucasian,Female,[60-70),1,Emergency,6,Discharged/transferred to home with home health service,7,Emergency Room,9,,51,2,22,0,0,0,7,,,No,No,Yes,>30,0
210651252,,Female,[60-70),3,Elective,6,Discharged/transferred to home with home health service,1,Physician Referral,7,,49,5,37,0,0,0,9,,,Up,Ch,Yes,NO,0
210653214,Caucasian,Female,[30-40),1,Emergency,1,Discharged to home,7,Emergency Room,4,,64,1,14,0,4,0,9,,>8,Steady,Ch,Yes,NO,0
210654942,Caucasian,Female,[70-80),1,Emergency,1,Discharged to home,7,Emergency Room,5,,54,5,20,0,0,1,8,,,No,No,Yes,>30,0
210658134,Caucasian,Female,[70-80),1,Emergency,1,Discharged to home,7,Emergency Room,4,,53,0,18,0,0,0,8,,,No,Ch,Yes,>30,0
210874938,AfricanAmerican,Female,[50-60),1,Emergency,3,Discharged/transferred to SNF,7,Emergency Room,7,InternalMedicine,36,4,20,0,0,1,9,,,No,No,No,>30,0
211068726,Caucasian,Female,[80-90),1,Emergency,1,Discharged to home,7,Emergency Room,4,,64,3,27,1,0,0,7,,,Up,Ch,Yes,>30,0
211101414,Caucasian,Female,[40-50),3,Elective,6,Discharged/transferred to home with home health service,1,Physician Referral,8,Radiologist,72,6,56,0,0,0,9,,,Down,Ch,Yes,NO,0
211155402,Caucasian,Male,[80-90),1,Emergency,1,Discharged to home,7,Emergency Room,2,,20,0,6,0,0,0,4,,,No,No,No,NO,0
211383948,Caucasian,Female,[70-80),3,Elective,1,Discharged to home,1,Physician Referral,9,InternalMedicine,57,2,27,0,0,0,9,,,Steady,Ch,Yes,NO,0
211562634,Caucasian,Male,[70-80),3,Elective,1,Discharged to home,7,Emergency Room,5,Surgery-General,48,0,17,0,0,2,8,,,Up,Ch,Yes,>30,0
211673196,Caucasian,Male,[80-90),1,Emergency,6,Discharged/transferred to home with home health service,7,Emergency Room,3,,33,0,13,7,0,1,9,,,Up,Ch,Yes,<30,1
211734786,AfricanAmerican,Male,[60-70),1,Emergency,1,Discharged to home,7,Emergency Room,4,,58,0,16,0,0,0,6,,,Steady,Ch,Yes,>30,0
211773090,AfricanAmerican,Female,[30-40),3,Elective,6,Discharged/transferred to home with home health service,1,Physician Referral,5,,59,2,25,0,4,1,9,,,Up,Ch,Yes,<30,1
211850118,Hispanic,Female,[40-50),1,Emergency,1,Discharged to home,7,Emergency Room,4,Emergency/Trauma,81,2,27,0,0,0,9,,>8,Up,Ch,Yes,>30,0
211881294,Caucasian,Female,[70-80),1,Emergency,6,Discharged/transferred to home with home health service,7,Emergency Room,3,,40,1,19,3,0,1,9,,,No,Ch,Yes,>30,0
211900176,Caucasian,Male,[60-70),2,Urgent,15,Discharged/transferred within this institution to Medicare approved swing bed,7,Emergency Room,6,,70,0,23,0,2,1,9,,>8,Steady,No,Yes,>30,0
211925370,Caucasian,Male,[50-60),1,Emergency,1,Discharged to home,7,Emergency Room,8,,93,6,24,0,0,0,9,,Norm,Up,Ch,Yes,NO,0
211981164,Caucasian,Female,[60-70),2,Urgent,1,Discharged to home,7,Emergency Room,9,Emergency/Trauma,68,2,23,0,1,0,8,,,No,No,Yes,NO,0
212185230,Caucasian,Female,[80-90),2,Urgent,3,Discharged/transferred to SNF,4,Transfer from a hospital,5,Orthopedics,29,1,22,0,0,0,9,,,Steady,Ch,Yes,<30,1
212194482,Caucasian,Female,[40-50),1,Emergency,6,Discharged/transferred to home with home health service,7,Emergency Room,4,,80,0,20,2,0,1,9,,>8,No,No,No,>30,0
212203092,AfricanAmerican,Male,[50-60),1,Emergency,1,Discharged to home,7,Emergency Room,1,,49,0,13,0,0,0,9,,>8,Steady,No,Yes,NO,0
212206368,Caucasian,Male,[60-70),1,Emergency,6,Discharged/transferred to home with home health service,7,Emergency Room,3,,30,3,21,0,0,0,9,,,Up,Ch,Yes,NO,0
212299284,Caucasian,Female,[40-50),3,Elective,1,Discharged to home,1,Physician Referral,1,Orthopedics,39,1,11,0,1,0,6,,,No,No,No,>30,0
212400408,Caucasian,Male,[70-80),1,Emergency,1,Discharged to home,7,Emergency Room,3,,46,4,11,0,0,0,9,,,Steady,Ch,Yes,NO,0
212416980,Caucasian,Female,[70-80),1,Emergency,3,Discharged/transferred to SNF,7,Emergency Room,3,,54,0,18,0,0,0,9,,,No,No,No,NO,0
212433264,Caucasian,Male,[70-80),2,Urgent,1,Discharged to home,1,Physician Referral,6,,40,3,24,2,0,0,9,,,No,No,No,<30,1
212521236,Caucasian,Female,[70-80),2,Urgent,6,Discharged/transferred to home with home health service,1,Physician Referral,7,,42,1,16,0,0,1,7,,,No,No,No,>30,0
212686284,Hispanic,Male,[60-70),6,NULL,1,Discharged to home,7,Emergency Room,2,,77,2,17,0,0,0,9,,Norm,Steady,Ch,Yes,>30,0
212713674,Caucasian,Male,[60-70),2,Urgent,1,Discharged to home,7,Emergency Room,8,Emergency/Trauma,66,3,24,0,0,3,9,,,Down,Ch,Yes,>30,0
212838234,Caucasian,Male,[50-60),3,Elective,1,Discharged to home,1,Physician Referral,4,Psychology,52,1,16,0,0,0,9,,,Up,Ch,Yes,>30,0
213074262,Caucasian,Female,[20-30),1,Emergency,1,Discharged to home,7,Emergency Room,2,,30,0,11,0,0,0,5,,,No,No,Yes,NO,0
213407034,Caucasian,Female,[80-90),1,Emergency,1,Discharged to home,7,Emergency Room,4,InternalMedicine,52,4,28,0,0,1,9,,Norm,No,No,No,NO,0
213438804,Caucasian,Female,[60-70),2,Urgent,1,Discharged to home,1,Physician Referral,3,InternalMedicine,62,0,12,1,0,2,8,,,No,No,Yes,<30,1
213489960,Caucasian,Female,[80-90),2,Urgent,1,Discharged to home,1,Physician Referral,2,Gastroenterology,28,0,14,0,0,1,9,,,No,No,Yes,>30,0
213541644,AfricanAmerican,Male,[80-90),2,Urgent,3,Discharged/transferred to SNF,1,Physician Referral,7,Surgery-Vascular,44,5,32,2,0,0,9,,,Down,Ch,Yes,>30,0
213622080,AfricanAmerican,Male,[60-70),1,Emergency,1,Discharged to home,7,Emergency Room,13,,65,3,26,0,1,0,9,,,Steady,Ch,Yes,>30,0
213802806,Caucasian,Female,[50-60),1,Emergency,1,Discharged to home,7,Emergency Room,2,,31,0,26,0,1,2,7,,,No,Ch,Yes,>30,0
214019850,Caucasian,Male,[70-80),1,Emergency,6,Discharged/transferred to home with home health service,7,Emergency Room,2,,9,0,11,0,2,1,8,,,No,No,Yes,<30,1
214105974,Caucasian,Female,[70-80),3,Elective,1,Discharged to home,1,Physician Referral,4,Family/GeneralPractice,40,5,27,0,0,0,9,,,No,No,No,>30,0
214224594,Caucasian,Female,[80-90),1,Emergency,3,Discharged/transferred to SNF,7,Emergency Room,6,,50,1,17,0,0,1,9,,,No,Ch,Yes,NO,0
214226748,Caucasian,Male,[60-70),3,Elective,1,Discharged to home,1,Physician Referral,1,Cardiology,5,6,22,0,0,0,5,,,No,Ch,Yes,NO,0
214245558,Caucasian,Female,[40-50),1,Emergency,1,Discharged to home,7,Emergency Room,1,,9,0,11,0,0,0,7,,,Steady,No,Yes,NO,0
214277418,Caucasian,Male,[60-70),1,Emergency,1,Discharged to home,7,Emergency Room,3,,26,0,16,0,0,0,9,,,Steady,No,Yes,>30,0
214325130,Other,Male,[50-60),2,Urgent,1,Discharged to home,7,Emergency Room,5,Emergency/Trauma,60,0,10,0,0,0,7,,,No,Ch,Yes,NO,0
214432050,AfricanAmerican,Female,[50-60),8,Not Mapped,1,Discharged to home,7,Emergency Room,1,InternalMedicine,51,2,17,0,0,0,6,,,Steady,Ch,Yes,NO,0
214441122,Caucasian,Female,[60-70),1,Emergency,1,Discharged to home,7,Emergency Room,3,,72,0,11,0,0,0,7,>300,,No,No,No,NO,0
214488672,Caucasian,Female,[30-40),1,Emergency,1,Discharged to home,7,Emergency Room,2,,28,0,6,0,1,0,1,,,Up,Ch,Yes,<30,1
214499964,Caucasian,Female,[60-70),1,Emergency,22,Discharged/transferred to another rehab fac including rehab units of a hospital .,7,Emergency Room,5,,49,0,13,0,0,0,7,,Norm,No,No,Yes,NO,0
214531596,Caucasian,Female,[70-80),1,Emergency,1,Discharged to home,7,Emergency Room,5,,48,0,15,4,0,0,9,,,No,No,Yes,>30,0
214572396,Caucasian,Female,[30-40),1,Emergency,1,Discharged to home,7,Emergency Room,2,,53,3,18,5,6,0,9,,,No,No,Yes,NO,0
214743108,Caucasian,Male,[60-70),3,Elective,1,Discharged to home,7,Emergency Room,3,Emergency/Trauma,60,0,12,0,1,1,7,,>7,Steady,No,Yes,NO,0
214787046,Caucasian,Female,[80-90),2,Urgent,3,Discharged/transferred to SNF,7,Emergency Room,7,Emergency/Trauma,68,0,11,0,1,2,9,,,Down,Ch,Yes,NO,0
214845432,Caucasian,Male,[60-70),2,Urgent,3,Discharged/transferred to SNF,1,Physician Referral,5,,49,2,18,3,0,1,9,,,Steady,Ch,Yes,<30,1
214845636,Caucasian,Male,[50-60),3,Elective,6,Discharged/transferred to home with home health service,1,Physician Referral,2,,29,1,28,2,0,0,5,,>8,No,Ch,Yes,>30,0
214924788,Caucasian,Male,[70-80),2,Urgent,1,Discharged to home,1,Physician Referral,1,,31,2,5,1,0,0,9,,,Steady,No,Yes,NO,0
214992342,Caucasian,Male,[60-70),6,NULL,1,Discharged to home,17,NULL,4,Cardiology,54,3,39,1,0,0,9,,,Steady,Ch,Yes,NO,0
215072874,Caucasian,Female,[70-80),2,Urgent,1,Discharged to home,7,Emergency Room,2,Surgery-General,63,1,8,2,1,0,6,,,Down,Ch,Yes,NO,0
215224122,Hispanic,Female,[70-80),2,Urgent,1,Discharged to home,7,Emergency Room,1,Emergency/Trauma,46,0,10,0,0,0,4,,,No,Ch,Yes,>30,0
215309016,Caucasian,Female,[70-80),3,Elective,3,Discharged/transferred to SNF,1,Physician Referral,7,Radiologist,33,3,30,0,0,0,8,,,No,No,No,<30,1
215339778,Caucasian,Female,[50-60),3,Elective,1,Discharged to home,1,Physician Referral,7,Hospitalist,50,0,27,0,0,0,9,,,Steady,Ch,Yes,NO,0
215381844,AfricanAmerican,Female,[70-80),6,NULL,1,Discharged to home,17,NULL,2,Family/GeneralPractice,60,0,12,0,1,0,9,,Norm,No,No,Yes,>30,0
215602842,Caucasian,Female,[50-60),1,Emergency,6,Discharged/transferred to home with home health service,7,Emergency Room,3,Cardiology,61,0,10,0,0,0,7,,>7,Steady,Ch,Yes,NO,0
215603790,Caucasian,Male,[50-60),1,Emergency,1,Discharged to home,7,Emergency Room,3,,40,1,15,5,1,0,9,,,No,No,No,NO,0
215614830,Hispanic,Male,[50-60),1,Emergency,1,Discharged to home,7,Emergency Room,2,Family/GeneralPractice,80,0,10,0,0,0,4,,>8,Down,Ch,Yes,NO,0
215638782,AfricanAmerican,Female,[60-70),1,Emergency,6,Discharged/transferred to home with home health service,7,Emergency Room,11,,62,3,15,0,0,1,9,,,Steady,No,Yes,>30,0
215840274,Caucasian,Male,[80-90),1,Emergency,3,Discharged/transferred to SNF,7,Emergency Room,9,,43,0,10,0,0,0,6,,,No,No,No,NO,0
215876094,Caucasian,Female,[80-90),3,Elective,1,Discharged to home,7,Emergency Room,4,Cardiology,47,0,11,1,0,2,9,,,No,No,Yes,>30,0
215923464,Caucasian,Female,[70-80),1,Emergency,1,Discharged to home,7,Emergency Room,2,,11,0,12,1,0,2,9,,,No,Ch,Yes,NO,0
216030978,Caucasian,Female,[60-70),3,Elective,6,Discharged/transferred to home with home health service,1,Physician Referral,3,Hematology,35,3,9,0,0,0,6,,,No,No,No,NO,0
216130608,Caucasian,Male,[80-90),1,Emergency,11,Expired,7,Emergency Room,1,Emergency/Trauma,49,1,17,0,0,2,9,,,Steady,No,Yes,NO,0
216179310,Hispanic,Female,[70-80),6,NULL,1,Discharged to home,7,Emergency Room,7,,51,4,15,0,0,0,9,,,Steady,No,Yes,<30,1
216219546,Caucasian,Male,[60-70),1,Emergency,1,Discharged to home,7,Emergency Room,6,,61,0,16,1,0,0,6,,>8,Down,Ch,Yes,>30,0
216323664,AfricanAmerican,Male,[50-60),1,Emergency,1,Discharged to home,7,Emergency Room,9,,68,3,18,0,0,0,9,,,Up,Ch,Yes,>30,0
216523662,Asian,Female,[60-70),3,Elective,3,Discharged/transferred to SNF,1,Physician Referral,4,Neurology,9,5,26,0,1,1,8,,,Up,Ch,Yes,>30,0
216663108,Caucasian,Male,[80-90),2,Urgent,1,Discharged to home,4,Transfer from a hospital,1,,21,0,14,0,0,2,9,,,Steady,Ch,Yes,>30,0
216673038,Caucasian,Female,[80-90),1,Emergency,1,Discharged to home,7,Emergency Room,3,,35,0,20,0,0,0,7,,,No,Ch,Yes,<30,1
216677814,Caucasian,Male,[60-70),3,Elective,22,Discharged/transferred to another rehab fac including rehab units of a hospital .,7,Emergency Room,6,Emergency/Trauma,43,1,14,0,3,2,9,,,No,Ch,Yes,>30,0
216715938,Caucasian,Male,[70-80),2,Urgent,3,Discharged/transferred to SNF,7,Emergency Room,4,Emergency/Trauma,58,2,8,0,0,0,7,,>7,No,No,No,NO,0
216843342,Caucasian,Male,[80-90),3,Elective,6,Discharged/transferred to home with home health service,1,Physician Referral,7,Surgery-General,31,2,25,1,0,5,5,,,Down,Ch,Yes,NO,0
216906978,Caucasian,Male,[60-70),1,Emergency,1,Discharged to home,4,Transfer from a hospital,3,Surgery-General,29,0,7,0,0,0,7,,,No,No,No,NO,0
216913422,Caucasian,Male,[80-90),1,Emergency,3,Discharged/transferred to SNF,7,Emergency Room,5,,33,0,16,3,0,1,8,,,Up,Ch,Yes,<30,1
216953244,Caucasian,Male,[70-80),2,Urgent,1,Discharged to home,4,Transfer from a hospital,4,Pulmonology,51,0,20,0,0,0,9,,,Steady,Ch,Yes,NO,0
217004034,Caucasian,Male,[70-80),1,Emergency,1,Discharged to home,7,Emergency Room,2,,28,1,16,2,0,2,9,,,No,Ch,Yes,>30,0
217521756,Caucasian,Male,[40-50),6,NULL,1,Discharged to home,7,Emergency Room,1,,58,2,2,0,0,0,3,Norm,,No,No,No,NO,0
217540152,Caucasian,Male,[80-90),1,Emergency,1,Discharged to home,7,Emergency Room,4,,67,0,17,0,0,2,9,,,No,No,No,>30,0
217792194,Caucasian,Male,[50-60),1,Emergency,1,Discharged to home,7,Emergency Room,1,,5,0,8,0,0,0,9,,>7,No,No,No,>30,0
218010318,Caucasian,Male,[70-80),1,Emergency,6,Discharged/transferred to home with home health service,7,Emergency Room,4,,45,1,26,0,1,2,8,,,No,No,Yes,>30,0
218077212,Caucasian,Female,[50-60),1,Emergency,1,Discharged to home,7,Emergency Room,1,,15,0,7,0,1,0,7,,,Steady,No,Yes,NO,0
218124354,Caucasian,Male,[70-80),2,Urgent,1,Discharged to home,7,Emergency Room,5,Family/GeneralPractice,5,1,15,0,0,0,9,,,No,No,Yes,>30,0
218192280,Caucasian,Female,[70-80),1,Emergency,1,Discharged to home,7,Emergency Room,4,Radiologist,62,0,21,2,0,1,8,,,No,No,Yes,>30,0
218224008,Caucasian,Male,[40-50),1,Emergency,1,Discharged to home,7,Emergency Room,1,,40,0,10,1,5,3,7,,>8,Down,Ch,Yes,>30,0
218363892,AfricanAmerican,Female,[60-70),3,Elective,1,Discharged to home,1,Physician Referral,12,Family/GeneralPractice,36,2,15,0,1,0,9,,>8,Up,Ch,Yes,NO,0
218377512,Caucasian,Male,[40-50),1,Emergency,1,Discharged to home,7,Emergency Room,2,Emergency/Trauma,52,0,4,0,0,0,4,,,Steady,Ch,Yes,NO,0
218589882,Hispanic,Female,[30-40),3,Elective,1,Discharged to home,1,Physician Referral,2,ObstetricsandGynecology,2,0,8,0,0,0,9,,,Down,Ch,Yes,>30,0
218619960,Caucasian,Female,[60-70),2,Urgent,1,Discharged to home,7,Emergency Room,1,Emergency/Trauma,46,1,2,0,0,0,5,,,No,No,No,NO,0
218630412,Caucasian,Male,[70-80),2,Urgent,3,Discharged/transferred to SNF,7,Emergency Room,3,Emergency/Trauma,52,2,20,1,4,11,9,,,Steady,No,Yes,<30,1
218642490,AfricanAmerican,Female,[90-100),1,Emergency,1,Discharged to home,7,Emergency Room,2,,26,1,10,0,0,0,9,,,Steady,No,Yes,>30,0
218797326,Caucasian,Male,[50-60),1,Emergency,2,Discharged/transferred to another short term hospital,7,Emergency Room,1,,37,3,13,0,0,0,9,,,No,No,No,NO,0
219173718,Caucasian,Female,[70-80),2,Urgent,3,Discharged/transferred to SNF,7,Emergency Room,2,,63,1,12,17,0,3,9,,>7,Steady,No,Yes,NO,0
219407124,Caucasian,Female,[80-90),2,Urgent,3,Discharged/transferred to SNF,7,Emergency Room,13,Surgery-General,61,6,20,1,0,2,9,,,Up,Ch,Yes,>30,0
219747180,Caucasian,Male,[60-70),1,Emergency,1,Discharged to home,7,Emergency Room,4,InternalMedicine,73,2,17,0,1,0,9,,>8,Up,Ch,Yes,NO,0
219862782,Caucasian,Male,[40-50),1,Emergency,1,Discharged to home,7,Emergency Room,2,,8,1,10,0,0,0,9,,>8,Down,Ch,Yes,NO,0
219862986,Caucasian,Male,[60-70),3,Elective,1,Discharged to home,1,Physician Referral,3,Orthopedics-Reconstructive,4,1,24,0,0,0,9,,,Up,Ch,Yes,NO,0
220152774,Other,Female,[30-40),2,Urgent,1,Discharged to home,7,Emergency Room,1,Emergency/Trauma,14,1,3,0,1,0,7,,,No,No,No,NO,0
220192380,Caucasian,Female,[50-60),3,Elective,1,Discharged to home,1,Physician Referral,1,Neurology,1,2,17,0,0,0,9,,,Down,Ch,Yes,NO,0
220300128,Caucasian,Female,[80-90),1,Emergency,1,Discharged to home,7,Emergency Room,1,,29,0,13,0,0,0,7,,,Steady,Ch,Yes,>30,0
220332582,Caucasian,Male,[70-80),3,Elective,3,Discharged/transferred to SNF,1,Physician Referral,9,,37,0,20,0,0,2,9,,,Up,Ch,Yes,NO,0
220350702,Caucasian,Female,[80-90),1,Emergency,3,Discharged/transferred to SNF,7,Emergency Room,3,,53,1,8,0,0,0,9,,,Steady,Ch,Yes,>30,0
220368360,Caucasian,Female,[80-90),1,Emergency,6,Discharged/transferred to home with home health service,7,Emergency Room,2,,47,1,11,2,0,0,6,,,No,No,Yes,>30,0
220495350,Caucasian,Female,[70-80),1,Emergency,2,Discharged/transferred to another short term hospital,7,Emergency Room,5,InternalMedicine,66,0,15,0,0,0,9,,,Steady,No,Yes,NO,0
220593102,Caucasian,Male,[80-90),1,Emergency,14,Hospice / medical facility,7,Emergency Room,1,,43,0,5,2,0,0,9,,,No,No,No,NO,0
220754562,Caucasian,Female,[40-50),2,Urgent,1,Discharged to home,1,Physician Referral,6,,54,1,24,0,0,0,9,,Norm,No,No,Yes,>30,0
220821948,Caucasian,Male,[70-80),2,Urgent,1,Discharged to home,1,Physician Referral,2,,28,1,16,0,0,1,9,,,Steady,Ch,Yes,>30,0
220853910,AfricanAmerican,Female,[70-80),1,Emergency,6,Discharged/transferred to home with home health service,7,Emergency Room,3,,28,1,18,3,0,0,9,,,Down,Ch,Yes,>30,0
220937280,Caucasian,Male,[60-70),1,Emergency,1,Discharged to home,7,Emergency Room,1,,33,0,4,0,0,0,9,,,Steady,No,Yes,NO,0
220938864,Caucasian,Female,[50-60),1,Emergency,3,Discharged/transferred to SNF,7,Emergency Room,5,,51,1,14,0,0,0,7,>300,>8,No,Ch,Yes,>30,0
221075100,Caucasian,Female,[60-70),2,Urgent,23,Discharged/transferred to a long term care hospital.,1,Physician Referral,12,,60,2,18,0,0,2,9,,,No,No,No,NO,0
221155740,Caucasian,Male,[60-70),1,Emergency,1,Discharged to home,7,Emergency Room,3,Emergency/Trauma,41,0,28,0,0,0,7,,,Down,Ch,Yes,<30,1
221158194,AfricanAmerican,Male,[80-90),1,Emergency,1,Discharged to home,7,Emergency Room,7,,42,0,12,0,0,0,9,,,No,No,No,NO,0
221190216,Caucasian,Female,[60-70),1,Emergency,1,Discharged to home,7,Emergency Room,2,,35,6,16,0,0,2,9,,,No,No,Yes,<30,1
221358456,Caucasian,Female,[70-80),1,Emergency,1,Discharged to home,7,Emergency Room,2,,55,0,7,3,0,0,9,,>8,Steady,No,Yes,NO,0
221367114,Caucasian,Male,[70-80),1,Emergency,6,Discharged/transferred to home with home health service,7,Emergency Room,5,,69,0,23,1,1,3,9,,,Up,Ch,Yes,>30,0
221545290,Caucasian,Female,[80-90),1,Emergency,3,Discharged/transferred to SNF,7,Emergency Room,7,,60,0,18,1,0,0,9,,,No,Ch,Yes,NO,0
221571894,Caucasian,Female,[60-70),1,Emergency,1,Discharged to home,7,Emergency Room,1,Gastroenterology,51,3,5,0,0,2,8,,,Down,Ch,Yes,>30,0
221587398,Caucasian,Female,[40-50),1,Emergency,1,Discharged to home,7,Emergency Room,2,,2,0,16,0,0,1,9,,,No,No,No,NO,0
221635980,Caucasian,Male,[40-50),1,Emergency,6,Discharged/transferred to home with home health service,7,Emergency Room,10,Emergency/Trauma,85,0,30,0,0,0,9,,>8,Down,Ch,Yes,>30,0
221705142,,Male,[90-100),1,Emergency,3,Discharged/transferred to SNF,7,Emergency Room,7,,44,0,19,0,0,0,9,,,No,No,No,NO,0
221734200,Caucasian,Female,[50-60),1,Emergency,1,Discharged to home,7,Emergency Room,1,,3,0,12,0,0,0,6,,,No,No,No,NO,0
221813520,Caucasian,Female,[60-70),1,Emergency,7,Left AMA,7,Emergency Room,7,,63,0,18,1,0,0,9,,,Up,Ch,Yes,NO,0
221848212,Caucasian,Male,[80-90),1,Emergency,3,Discharged/transferred to SNF,7,Emergency Room,3,,34,2,10,0,0,1,9,,,No,No,No,NO,0
221898006,Hispanic,Female,[30-40),3,Elective,1,Discharged to home,1,Physician Referral,4,ObstetricsandGynecology,1,1,4,0,0,0,9,,,Steady,Ch,Yes,NO,0
222282210,Caucasian,Male,[20-30),1,Emergency,1,Discharged to home,7,Emergency Room,2,,63,0,8,1,1,0,9,,>8,Up,Ch,Yes,NO,0
222521520,Asian,Female,[80-90),2,Urgent,3,Discharged/transferred to SNF,7,Emergency Room,5,Emergency/Trauma,69,0,13,0,0,0,9,,Norm,Steady,Ch,Yes,NO,0
222586338,Caucasian,Female,[80-90),1,Emergency,1,Discharged to home,7,Emergency Room,4,InternalMedicine,81,1,9,0,0,0,9,,,Down,Ch,Yes,NO,0
222659076,Caucasian,Male,[20-30),1,Emergency,1,Discharged to home,7,Emergency Room,4,,32,0,7,0,0,0,6,,,Steady,No,Yes,NO,0
222764358,Caucasian,Female,[50-60),3,Elective,1,Discharged to home,1,Physician Referral,5,InternalMedicine,55,0,15,0,0,0,5,,,Up,Ch,Yes,NO,0
222786696,Caucasian,Male,[30-40),2,Urgent,1,Discharged to home,7,Emergency Room,13,Emergency/Trauma,2,5,12,0,0,0,9,,,Up,Ch,Yes,>30,0
223034862,Caucasian,Female,[30-40),1,Emergency,1,Discharged to home,7,Emergency Room,2,,30,0,10,0,0,0,5,,,Steady,No,Yes,NO,0
223055196,Caucasian,Male,[40-50),1,Emergency,1,Discharged to home,7,Emergency Room,1,Emergency/Trauma,2,0,6,0,0,0,5,,,No,Ch,Yes,>30,0
223096602,Caucasian,Male,[50-60),1,Emergency,1,Discharged to home,7,Emergency Room,7,,56,0,33,1,0,1,9,,,Down,Ch,Yes,>30,0
223704156,Caucasian,Female,[80-90),6,NULL,1,Discharged to home,17,NULL,7,Family/GeneralPractice,55,1,18,0,0,0,9,,,No,Ch,Yes,>30,0
223708758,Caucasian,Male,[70-80),3,Elective,1,Discharged to home,1,Physician Referral,2,Neurology,24,3,20,0,0,0,4,,,Down,Ch,Yes,NO,0
223910406,Caucasian,Male,[70-80),1,Emergency,6,Discharged/transferred to home with home health service,7,Emergency Room,2,Emergency/Trauma,11,0,13,0,0,0,9,,,Steady,Ch,Yes,NO,0
223916922,Caucasian,Male,[40-50),1,Emergency,7,Left AMA,7,Emergency Room,1,,45,0,5,0,0,1,6,,,Steady,No,Yes,>30,0
224367072,Caucasian,Female,[70-80),3,Elective,1,Discharged to home,1,Physician Referral,5,,32,0,13,0,0,3,9,,,Steady,Ch,Yes,>30,0
224372994,Caucasian,Male,[80-90),1,Emergency,14,Hospice / medical facility,7,Emergency Room,4,,28,1,9,0,0,0,9,,,Steady,No,Yes,NO,0
224397192,,Male,[60-70),1,Emergency,1,Discharged to home,7,Emergency Room,2,,42,0,18,0,0,1,9,,,Down,Ch,Yes,>30,0
224410296,Caucasian,Male,[60-70),1,Emergency,2,Discharged/transferred to another short term hospital,7,Emergency Room,2,,7,3,16,1,0,0,9,,,No,No,No,NO,0
224468010,Caucasian,Male,[50-60),2,Urgent,1,Discharged to home,7,Emergency Room,4,,28,5,21,0,0,0,9,,,Steady,Ch,Yes,NO,0
224496846,Caucasian,Female,[50-60),1,Emergency,1,Discharged to home,7,Emergency Room,4,InternalMedicine,58,3,23,0,2,4,9,,,Down,Ch,Yes,<30,1
224658714,Caucasian,Male,[50-60),3,Elective,1,Discharged to home,1,Physician Referral,3,Family/GeneralPractice,29,0,9,0,0,0,6,,,No,Ch,Yes,NO,0
224952876,Caucasian,Male,[40-50),1,Emergency,1,Discharged to home,7,Emergency Room,1,,15,1,2,0,0,0,9,,,No,No,No,NO,0
225175410,AfricanAmerican,Female,[20-30),1,Emergency,1,Discharged to home,7,Emergency Room,1,,68,0,17,4,0,3,9,,>8,Up,Ch,Yes,>30,0
225329826,Caucasian,Male,[80-90),1,Emergency,3,Discharged/transferred to SNF,7,Emergency Room,9,,63,0,12,1,2,0,9,,,No,No,No,NO,0
225348996,AfricanAmerican,Female,[70-80),1,Emergency,1,Discharged to home,7,Emergency Room,1,,32,0,19,0,0,1,9,,,Down,Ch,Yes,>30,0
225649536,Caucasian,Female,[60-70),6,NULL,1,Discharged to home,17,NULL,3,Cardiology,46,3,11,0,0,0,9,,Norm,Steady,Ch,Yes,NO,0
225718500,AfricanAmerican,Female,[50-60),2,Urgent,1,Discharged to home,1,Physician Referral,4,Psychiatry,25,1,11,0,0,0,6,,,Steady,Ch,Yes,NO,0
225732018,Caucasian,Male,[50-60),1,Emergency,1,Discharged to home,7,Emergency Room,2,Surgery-General,38,2,12,1,0,0,9,,,No,Ch,Yes,>30,0
225850764,Caucasian,Male,[60-70),3,Elective,6,Discharged/transferred to home with home health service,1,Physician Referral,3,Orthopedics,3,1,12,0,0,0,4,,,Steady,Ch,Yes,>30,0
225936606,Caucasian,Male,[50-60),1,Emergency,6,Discharged/transferred to home with home health service,7,Emergency Room,3,,56,1,17,1,0,1,9,,,No,No,Yes,NO,0
225958830,Caucasian,Male,[70-80),1,Emergency,1,Discharged to home,7,Emergency Room,9,InternalMedicine,62,2,32,0,0,3,9,,,Up,Ch,Yes,NO,0
225971802,,Female,[60-70),3,Elective,1,Discharged to home,1,Physician Referral,10,,64,2,18,0,0,0,9,,,Steady,No,Yes,>30,0
226063176,AfricanAmerican,Female,[70-80),3,Elective,22,Discharged/transferred to another rehab fac including rehab units of a hospital .,1,Physician Referral,2,,45,1,29,0,0,0,5,,,Down,Ch,Yes,<30,1
226230834,Caucasian,Male,[40-50),1,Emergency,1,Discharged to home,7,Emergency Room,9,Emergency/Trauma,46,3,32,2,0,7,9,,,Up,Ch,Yes,<30,1
226391592,Caucasian,Male,[70-80),3,Elective,2,Discharged/transferred to another short term hospital,1,Physician Referral,2,Family/GeneralPractice,1,4,13,0,0,3,9,,,No,No,No,NO,0
226619466,Caucasian,Male,[60-70),3,Elective,1,Discharged to home,1,Physician Referral,6,,41,0,14,0,0,1,9,,,Down,Ch,Yes,>30,0
226864668,,Unknown/Invalid,[60-70),1,Emergency,1,Discharged to home,7,Emergency Room,1,,38,1,6,0,0,0,5,,,No,No,No,NO,0
226999344,Caucasian,Male,[80-90),1,Emergency,11,Expired,7,Emergency Room,1,,45,0,9,1,1,1,6,,,No,No,No,NO,0
227016804,AfricanAmerican,Male,[60-70),1,Emergency,1,Discharged to home,7,Emergency Room,7,,39,0,13,0,0,0,9,,,No,No,Yes,NO,0
227073924,Caucasian,Female,[70-80),3,Elective,3,Discharged/transferred to SNF,1,Physician Referral,3,Orthopedics,35,1,19,0,0,0,6,,,Steady,Ch,Yes,NO,0
227264364,AfricanAmerican,Male,[50-60),2,Urgent,1,Discharged to home,7,Emergency Room,3,Emergency/Trauma,1,0,7,0,0,0,3,,,No,No,No,NO,0
227347770,Caucasian,Male,[70-80),3,Elective,11,Expired,2,Clinic Referral,11,Surgery-Vascular,7,6,18,0,0,1,9,,,No,No,Yes,NO,0
227352054,Caucasian,Female,[60-70),2,Urgent,1,Discharged to home,1,Physician Referral,1,Radiologist,8,6,8,1,0,1,3,,,No,No,Yes,>30,0
227398206,,Female,[60-70),3,Elective,1,Discharged to home,1,Physician Referral,3,,47,4,26,0,0,0,9,,,No,Ch,Yes,NO,0
227467302,AfricanAmerican,Male,[60-70),1,Emergency,3,Discharged/transferred to SNF,7,Emergency Room,9,,73,2,16,6,0,0,6,,>8,Up,Ch,Yes,>30,0
227507688,Caucasian,Female,[50-60),1,Emergency,6,Discharged/transferred to home with home health service,7,Emergency Room,7,,11,0,14,0,0,0,9,,,Steady,No,Yes,NO,0
227767674,Caucasian,Female,[40-50),2,Urgent,1,Discharged to home,7,Emergency Room,12,Emergency/Trauma,35,6,10,0,0,0,9,,,Down,Ch,Yes,NO,0
228067416,Caucasian,Male,[50-60),1,Emergency,1,Discharged to home,7,Emergency Room,5,Emergency/Trauma,42,6,17,0,0,0,9,,,Steady,Ch,Yes,>30,0
228152562,AfricanAmerican,Male,[40-50),1,Emergency,1,Discharged to home,7,Emergency Room,7,InternalMedicine,24,0,29,0,0,0,5,,>8,Up,Ch,Yes,<30,1
228168510,Caucasian,Female,[60-70),1,Emergency,1,Discharged to home,7,Emergency Room,2,,26,2,4,3,1,0,5,,,Steady,No,Yes,<30,1
228226650,Caucasian,Female,[80-90),1,Emergency,3,Discharged/transferred to SNF,7,Emergency Room,7,,26,2,8,0,0,1,9,,,Up,Ch,Yes,NO,0
228297714,Caucasian,Male,[80-90),1,Emergency,3,Discharged/transferred to SNF,7,Emergency Room,11,,85,2,30,0,0,0,9,,,No,Ch,Yes,NO,0
228341286,Caucasian,Female,[70-80),2,Urgent,6,Discharged/transferred to home with home health service,7,Emergency Room,8,Emergency/Trauma,63,2,14,0,0,0,4,,,Down,Ch,Yes,NO,0
228363294,Caucasian,Male,[80-90),1,Emergency,6,Discharged/transferred to home with home health service,7,Emergency Room,4,,1,2,4,0,0,0,6,,,Steady,No,Yes,>30,0
228382674,Caucasian,Female,[80-90),1,Emergency,11,Expired,7,Emergency Room,1,Emergency/Trauma,8,0,15,0,0,2,9,,,Steady,No,Yes,NO,0
228413892,Caucasian,Male,[60-70),1,Emergency,6,Discharged/transferred to home with home health service,7,Emergency Room,1,,32,0,24,0,0,0,7,,,No,No,Yes,<30,1
228601278,Caucasian,Male,[30-40),1,Emergency,1,Discharged to home,7,Emergency Room,1,,26,0,12,0,0,1,9,,,Steady,No,Yes,NO,0
228915720,Caucasian,Male,[70-80),3,Elective,6,Discharged/transferred to home with home health service,1,Physician Referral,6,,31,2,32,0,0,1,9,,,Steady,Ch,Yes,NO,0
229038324,Caucasian,Female,[70-80),1,Emergency,14,Hospice / medical facility,7,Emergency Room,9,,56,0,16,0,0,0,9,,,Up,Ch,Yes,NO,0
229092390,Caucasian,Female,[50-60),2,Urgent,1,Discharged to home,7,Emergency Room,1,Emergency/Trauma,34,1,5,0,0,0,3,,>7,Down,Ch,Yes,>30,0
229254690,Caucasian,Male,[80-90),2,Urgent,6,Discharged/transferred to home with home health service,1,Physician Referral,6,,49,5,9,7,0,0,9,,,No,No,Yes,NO,0
229449180,Caucasian,Male,[70-80),1,Emergency,1,Discharged to home,7,Emergency Room,7,,61,2,14,1,0,1,9,,,Steady,Ch,Yes,NO,0
229510626,AfricanAmerican,Female,[40-50),3,Elective,1,Discharged to home,1,Physician Referral,2,Hematology,2,0,9,0,1,0,7,,,No,No,Yes,NO,0
229527078,Caucasian,Male,[70-80),3,Elective,6,Discharged/transferred to home with home health service,7,Emergency Room,4,Emergency/Trauma,42,1,6,0,1,0,9,,Norm,No,No,Yes,<30,1
229623936,Caucasian,Male,[60-70),1,Emergency,1,Discharged to home,7,Emergency Room,2,,75,1,15,0,0,1,9,,,No,No,No,NO,0
229762080,AfricanAmerican,Female,[40-50),6,NULL,1,Discharged to home,17,NULL,2,,52,3,22,0,0,0,9,,,No,No,Yes,<30,1
229770258,Caucasian,Female,[60-70),2,Urgent,1,Discharged to home,7,Emergency Room,1,Emergency/Trauma,22,3,8,0,0,0,7,,,No,No,No,NO,0
229808802,Caucasian,Male,[70-80),1,Emergency,1,Discharged to home,7,Emergency Room,1,,29,1,8,0,0,2,9,,,Up,Ch,Yes,<30,1
230086410,Caucasian,Male,[30-40),1,Emergency,1,Discharged to home,7,Emergency Room,2,,52,0,6,0,0,0,4,,,No,Ch,Yes,NO,0
230199294,Caucasian,Male,[50-60),1,Emergency,1,Discharged to home,7,Emergency Room,3,,12,5,12,0,0,0,6,,>8,No,Ch,Yes,<30,1
230296686,Caucasian,Male,[60-70),1,Emergency,1,Discharged to home,7,Emergency Room,2,,58,0,11,0,0,1,9,,Norm,Steady,Ch,Yes,>30,0
230342676,Caucasian,Female,[60-70),3,Elective,3,Discharged/transferred to SNF,1,Physician Referral,4,Orthopedics,35,1,19,2,0,0,7,,,Down,Ch,Yes,>30,0
230626614,Caucasian,Female,[70-80),3,Elective,1,Discharged to home,1,Physician Referral,1,Radiologist,1,2,9,0,0,1,5,,,No,No,Yes,NO,0
230703612,Caucasian,Male,[80-90),1,Emergency,3,Discharged/transferred to SNF,7,Emergency Room,4,,1,1,8,0,0,1,9,,,No,No,No,NO,0
230796696,Caucasian,Male,[70-80),3,Elective,1,Discharged to home,1,Physician Referral,12,,47,0,18,0,0,1,9,,,Steady,Ch,Yes,NO,0
230825646,Caucasian,Male,[30-40),1,Emergency,1,Discharged to home,7,Emergency Room,5,,38,1,16,0,0,0,7,,,Down,Ch,Yes,NO,0
230836638,Caucasian,Female,[70-80),3,Elective,2,Discharged/transferred to another short term hospital,1,Physician Referral,8,,81,0,20,0,0,2,9,,,Down,Ch,Yes,<30,1
230958390,Caucasian,Male,[60-70),3,Elective,3,Discharged/transferred to SNF,1,Physician Referral,5,,69,0,15,0,0,1,6,,,Down,Ch,Yes,>30,0
230982240,Caucasian,Female,[50-60),2,Urgent,2,Discharged/transferred to another short term hospital,1,Physician Referral,4,Orthopedics,48,1,24,0,0,4,9,,,Steady,Ch,Yes,NO,0
231036564,AfricanAmerican,Female,[70-80),1,Emergency,3,Discharged/transferred to SNF,6,Transfer from another health care facility,4,,62,0,22,0,0,0,9,,,Steady,No,Yes,>30,0
231044694,Caucasian,Female,[60-70),2,Urgent,1,Discharged to home,7,Emergency Room,2,Emergency/Trauma,56,1,8,0,0,0,8,,>8,No,No,No,NO,0
231050238,Other,Female,[60-70),1,Emergency,2,Discharged/transferred to another short term hospital,7,Emergency Room,4,,82,5,13,0,0,0,9,,>8,Steady,No,Yes,NO,0
231132570,Caucasian,Male,[70-80),3,Elective,22,Discharged/transferred to another rehab fac including rehab units of a hospital .,1,Physician Referral,3,Orthopedics,14,3,24,0,0,0,9,,,No,No,No,NO,0
231225420,Caucasian,Male,[50-60),3,Elective,1,Discharged to home,1,Physician Referral,4,Nephrology,72,0,17,0,0,1,9,,>8,Down,Ch,Yes,>30,0
231248568,Hispanic,Female,[40-50),2,Urgent,1,Discharged to home,7,Emergency Room,7,Emergency/Trauma,38,5,20,1,1,2,9,,>8,Down,Ch,Yes,NO,0
231478776,Other,Female,[50-60),2,Urgent,1,Discharged to home,7,Emergency Room,2,Emergency/Trauma,35,1,13,0,2,0,7,,,No,No,Yes,>30,0
231794712,Caucasian,Female,[60-70),1,Emergency,6,Discharged/transferred to home with home health service,7,Emergency Room,3,,30,0,29,5,1,0,9,,>8,No,Ch,Yes,>30,0
231797898,Caucasian,Male,[50-60),2,Urgent,2,Discharged/transferred to another short term hospital,7,Emergency Room,8,Emergency/Trauma,1,0,14,0,0,0,9,,,No,No,No,NO,0
231960816,Caucasian,Male,[80-90),2,Urgent,6,Discharged/transferred to home with home health service,7,Emergency Room,3,Emergency/Trauma,10,2,10,0,1,0,9,,,No,No,Yes,NO,0
232001016,Caucasian,Female,[90-100),3,Elective,3,Discharged/transferred to SNF,1,Physician Referral,2,,1,1,7,0,0,2,7,,,No,Ch,Yes,NO,0
232057722,Caucasian,Male,[70-80),3,Elective,6,Discharged/transferred to home with home health service,1,Physician Referral,12,,52,0,20,0,0,1,9,,,Down,Ch,Yes,NO,0
232173258,,Female,[70-80),3,Elective,3,Discharged/transferred to SNF,1,Physician Referral,4,,40,3,35,1,0,0,9,,,Up,Ch,Yes,NO,0
232374384,Caucasian,Female,[50-60),1,Emergency,1,Discharged to home,7,Emergency Room,4,,45,1,28,0,0,3,9,,,Up,Ch,Yes,>30,0
232412712,Caucasian,Female,[80-90),1,Emergency,14,Hospice / medical facility,7,Emergency Room,13,,74,2,16,2,0,0,9,,,Up,Ch,Yes,NO,0
232440690,Caucasian,Male,[70-80),1,Emergency,1,Discharged to home,7,Emergency Room,2,,55,1,15,1,1,0,9,,,No,No,Yes,NO,0
232543692,Caucasian,Female,[70-80),2,Urgent,3,Discharged/transferred to SNF,7,Emergency Room,8,Emergency/Trauma,77,1,23,0,0,0,6,,,Down,Ch,Yes,>30,0
232879950,Caucasian,Female,[60-70),2,Urgent,1,Discharged to home,7,Emergency Room,2,Emergency/Trauma,52,0,19,2,0,2,9,,,Down,Ch,Yes,>30,0
233163624,Caucasian,Male,[40-50),3,Elective,1,Discharged to home,7,Emergency Room,3,Emergency/Trauma,20,0,10,0,0,1,7,,,Down,Ch,Yes,NO,0
233325780,Caucasian,Female,[60-70),2,Urgent,1,Discharged to home,1,Physician Referral,2,,31,1,14,5,2,1,6,,,No,Ch,Yes,>30,0
233460858,Caucasian,Female,[70-80),3,Elective,1,Discharged to home,1,Physician Referral,6,,47,3,13,1,0,1,9,,,Up,Ch,Yes,>30,0
233497296,Caucasian,Male,[70-80),1,Emergency,3,Discharged/transferred to SNF,7,Emergency Room,6,,73,0,15,1,0,0,9,,>8,No,No,No,NO,0
233507748,Caucasian,Male,[20-30),1,Emergency,1,Discharged to home,7,Emergency Room,2,,51,0,6,0,0,2,3,,,Down,Ch,Yes,<30,1
233547528,Caucasian,Male,[70-80),1,Emergency,1,Discharged to home,7,Emergency Room,3,,61,1,14,1,1,0,9,,Norm,No,No,Yes,>30,0
233613768,Hispanic,Male,[60-70),1,Emergency,5,Discharged/transferred to another type of inpatient care institution,7,Emergency Room,10,Family/GeneralPractice,5,3,33,0,0,0,9,,,Up,Ch,Yes,NO,0
233632944,Caucasian,Female,[80-90),3,Elective,1,Discharged to home,1,Physician Referral,2,Pulmonology,58,1,9,0,0,0,6,,>7,No,No,No,NO,0
233780934,Caucasian,Female,[80-90),1,Emergency,3,Discharged/transferred to SNF,7,Emergency Room,8,Emergency/Trauma,53,0,12,0,0,0,9,,,Steady,No,Yes,NO,0
234046602,Caucasian,Male,[50-60),1,Emergency,1,Discharged to home,7,Emergency Room,4,,34,0,21,0,0,0,5,,,Up,Ch,Yes,>30,0
234207168,Caucasian,Female,[70-80),1,Emergency,3,Discharged/transferred to SNF,7,Emergency Room,5,,40,0,22,0,0,1,9,,,Steady,Ch,Yes,NO,0
234219252,AfricanAmerican,Male,[60-70),3,Elective,1,Discharged to home,1,Physician Referral,5,,38,2,7,0,0,0,9,,,No,No,Yes,NO,0
234262224,Other,Female,[60-70),2,Urgent,1,Discharged to home,1,Physician Referral,3,InternalMedicine,37,0,15,1,2,1,9,,,Steady,Ch,Yes,NO,0
234270636,Caucasian,Female,[60-70),3,Elective,1,Discharged to home,1,Physician Referral,2,Orthopedics,36,1,13,1,0,0,3,,,No,No,Yes,NO,0
234394332,Caucasian,Female,[80-90),2,Urgent,7,Left AMA,7,Emergency Room,3,Emergency/Trauma,58,0,22,0,0,0,9,,,Steady,Ch,Yes,NO,0
234399306,Caucasian,Female,[70-80),1,Emergency,22,Discharged/transferred to another rehab fac including rehab units of a hospital .,7,Emergency Room,9,,47,2,22,0,0,0,9,,,Up,Ch,Yes,>30,0
234409476,AfricanAmerican,Female,[80-90),1,Emergency,1,Discharged to home,7,Emergency Room,4,,50,0,13,0,0,1,9,,,No,No,No,NO,0
234463770,Caucasian,Male,[40-50),1,Emergency,1,Discharged to home,1,Physician Referral,8,SurgicalSpecialty,34,2,13,0,0,0,8,,,No,Ch,Yes,NO,0
234499632,Caucasian,Female,[50-60),1,Emergency,3,Discharged/transferred to SNF,7,Emergency Room,13,,72,1,43,0,1,2,9,,Norm,Down,Ch,Yes,>30,0
234552936,Caucasian,Male,[60-70),1,Emergency,3,Discharged/transferred to SNF,7,Emergency Room,6,,46,0,21,0,0,2,9,,,Down,Ch,Yes,>30,0
234789930,Caucasian,Male,[80-90),1,Emergency,3,Discharged/transferred to SNF,7,Emergency Room,3,,65,0,12,0,0,0,9,,,No,No,No,NO,0
234854466,Caucasian,Female,[50-60),1,Emergency,6,Discharged/transferred to home with home health service,7,Emergency Room,2,,55,0,21,1,1,2,9,,>8,No,Ch,Yes,<30,1
235044300,Caucasian,Female,[20-30),3,Elective,1,Discharged to home,1,Physician Referral,4,,52,1,19,1,0,0,9,,,Down,Ch,Yes,>30,0
235052382,Caucasian,Male,[70-80),3,Elective,11,Expired,1,Physician Referral,2,Cardiology,15,4,24,0,0,0,9,,,Down,Ch,Yes,NO,0
235134672,Caucasian,Male,[70-80),3,Elective,1,Discharged to home,1,Physician Referral,4,Family/GeneralPractice,3,0,9,0,0,0,7,,,Steady,No,Yes,NO,0
235148388,Caucasian,Female,[90-100),1,Emergency,3,Discharged/transferred to SNF,1,Physician Referral,4,,49,2,12,0,0,0,9,,,No,No,No,>30,0
235159998,Caucasian,Female,[70-80),1,Emergency,1,Discharged to home,7,Emergency Room,1,,32,0,13,0,0,1,6,,,No,No,No,>30,0
235330398,Caucasian,Male,[50-60),2,Urgent,1,Discharged to home,1,Physician Referral,3,,49,1,8,1,0,0,4,,>8,No,No,Yes,NO,0
235339176,Caucasian,Male,[80-90),3,Elective,3,Discharged/transferred to SNF,1,Physician Referral,3,SurgicalSpecialty,54,0,7,0,0,0,9,,,No,No,No,>30,0
235646394,Caucasian,Male,[50-60),8,Not Mapped,1,Discharged to home,7,Emergency Room,4,Surgery-General,79,2,12,0,0,2,5,,Norm,Down,Ch,Yes,NO,0
235862604,Caucasian,Male,[70-80),3,Elective,1,Discharged to home,1,Physician Referral,4,,40,0,8,0,0,1,5,,,No,Ch,Yes,NO,0
235923750,Caucasian,Female,[50-60),1,Emergency,1,Discharged to home,7,Emergency Room,5,,60,1,33,0,1,4,9,,,Up,Ch,Yes,NO,0
235953396,Caucasian,Male,[20-30),1,Emergency,1,Discharged to home,7,Emergency Room,2,,31,3,10,0,0,0,9,,Norm,Steady,No,Yes,>30,0
235956042,Caucasian,Male,[80-90),1,Emergency,13,Hospice / home,7,Emergency Room,5,Family/GeneralPractice,49,0,15,0,0,2,9,,>7,Up,Ch,Yes,NO,0
236196588,Caucasian,Male,[50-60),1,Emergency,1,Discharged to home,7,Emergency Room,3,,48,0,13,0,0,0,7,,>8,Down,Ch,Yes,NO,0
236209338,Caucasian,Male,[70-80),2,Urgent,1,Discharged to home,7,Emergency Room,1,Emergency/Trauma,11,0,11,0,0,0,8,,,No,Ch,Yes,>30,0
236236944,Other,Female,[90-100),2,Urgent,3,Discharged/transferred to SNF,7,Emergency Room,4,Emergency/Trauma,50,0,17,0,1,1,8,,,Steady,Ch,Yes,NO,0
236351400,AfricanAmerican,Male,[60-70),1,Emergency,3,Discharged/transferred to SNF,7,Emergency Room,11,,60,3,42,1,0,2,9,,>7,Steady,Ch,Yes,NO,0
236391432,Caucasian,Male,[70-80),3,Elective,1,Discharged to home,1,Physician Referral,1,Cardiology,40,6,12,0,0,0,6,,,Steady,No,Yes,NO,0
236439402,AfricanAmerican,Female,[70-80),3,Elective,3,Discharged/transferred to SNF,1,Physician Referral,4,Surgery-Vascular,43,2,16,1,0,2,7,,,Up,Ch,Yes,NO,0
236772474,Caucasian,Male,[80-90),1,Emergency,3,Discharged/transferred to SNF,7,Emergency Room,5,,45,1,13,0,1,0,7,,,No,Ch,Yes,NO,0
236905026,Caucasian,Male,[60-70),3,Elective,1,Discharged to home,1,Physician Referral,1,Cardiology,40,4,14,0,0,1,5,,,No,No,Yes,NO,0
236984166,Caucasian,Male,[80-90),1,Emergency,6,Discharged/transferred to home with home health service,7,Emergency Room,3,,32,0,8,0,1,0,5,,,Steady,Ch,Yes,NO,0
237209820,Hispanic,Male,[60-70),1,Emergency,3,Discharged/transferred to SNF,7,Emergency Room,5,,60,3,22,0,0,0,9,,,Down,Ch,Yes,NO,0
237484014,Caucasian,Female,[70-80),1,Emergency,1,Discharged to home,7,Emergency Room,14,,1,0,26,0,0,0,9,,,Steady,No,Yes,>30,0
237531042,Caucasian,Female,[70-80),2,Urgent,1,Discharged to home,1,Physician Referral,4,InternalMedicine,43,0,12,3,0,0,9,,,No,Ch,Yes,>30,0
237544746,Caucasian,Male,[50-60),1,Emergency,1,Discharged to home,7,Emergency Room,3,,43,0,19,0,0,0,9,,,Up,Ch,Yes,>30,0
237582834,AfricanAmerican,Female,[80-90),2,Urgent,2,Discharged/transferred to another short term hospital,7,Emergency Room,2,Surgery-General,47,0,23,1,2,0,9,,,No,Ch,Yes,NO,0
237607758,Caucasian,Female,[10-20),1,Emergency,1,Discharged to home,7,Emergency Room,3,,58,0,3,1,2,0,4,,,No,No,No,>30,0
237869850,Caucasian,Female,[80-90),1,Emergency,3,Discharged/transferred to SNF,7,Emergency Room,3,,50,2,22,0,0,1,7,,,Steady,Ch,Yes,NO,0
237878736,Caucasian,Female,[80-90),1,Emergency,1,Discharged to home,7,Emergency Room,2,,47,0,13,0,0,0,8,,,Steady,No,Yes,>30,0
237905454,,Male,[80-90),1,Emergency,3,Discharged/transferred to SNF,7,Emergency Room,8,,65,0,18,0,0,0,9,,,Up,Ch,Yes,NO,0
237909978,Caucasian,Female,[70-80),1,Emergency,1,Discharged to home,7,Emergency Room,4,InternalMedicine,80,5,11,0,0,0,9,,,Steady,No,Yes,NO,0
237935574,Caucasian,Female,[70-80),3,Elective,1,Discharged to home,1,Physician Referral,1,,33,6,18,0,0,0,8,,,No,No,No,NO,0
238137168,AfricanAmerican,Female,[50-60),1,Emergency,1,Discharged to home,7,Emergency Room,14,,78,4,34,0,1,2,9,,Norm,Up,Ch,Yes,>30,0
238239756,AfricanAmerican,Male,[70-80),2,Urgent,1,Discharged to home,1,Physician Referral,1,,1,6,15,2,0,1,6,,,Steady,No,Yes,>30,0
238324290,Caucasian,Male,[80-90),1,Emergency,1,Discharged to home,7,Emergency Room,1,,17,0,12,0,0,0,9,,,Up,Ch,Yes,NO,0
238437084,Caucasian,Male,[60-70),2,Urgent,1,Discharged to home,1,Physician Referral,1,InternalMedicine,26,0,15,0,0,0,9,,,Down,Ch,Yes,>30,0
238523022,Caucasian,Male,[40-50),3,Elective,3,Discharged/transferred to SNF,1,Physician Referral,8,Psychiatry,3,0,10,0,0,0,9,,,No,Ch,Yes,>30,0
238820826,Caucasian,Female,[50-60),1,Emergency,1,Discharged to home,7,Emergency Room,10,InternalMedicine,40,0,25,0,3,0,6,,,No,No,Yes,NO,0
238831920,Caucasian,Female,[80-90),1,Emergency,3,Discharged/transferred to SNF,7,Emergency Room,6,Emergency/Trauma,65,0,13,0,0,0,7,,,Steady,No,Yes,>30,0
238836672,Caucasian,Male,[70-80),1,Emergency,1,Discharged to home,7,Emergency Room,3,,61,0,19,0,0,2,7,,>7,Up,Ch,Yes,>30,0
238904808,Caucasian,Female,[50-60),1,Emergency,1,Discharged to home,7,Emergency Room,4,,55,0,25,0,1,0,6,,,Steady,Ch,Yes,>30,0
238915290,Caucasian,Female,[60-70),1,Emergency,1,Discharged to home,7,Emergency Room,4,,62,0,16,0,0,1,9,,>8,No,Ch,Yes,>30,0
238917528,Caucasian,Male,[70-80),3,Elective,22,Discharged/transferred to another rehab fac including rehab units of a hospital .,7,Emergency Room,3,Emergency/Trauma,40,0,15,0,1,0,9,,,Steady,No,Yes,>30,0
238919016,AfricanAmerican,Male,[40-50),1,Emergency,1,Discharged to home,7,Emergency Room,3,,56,0,14,0,0,1,9,,Norm,Steady,No,Yes,NO,0
239049858,Caucasian,Male,[60-70),1,Emergency,1,Discharged to home,7,Emergency Room,2,Emergency/Trauma,68,2,13,0,0,0,8,,,Down,Ch,Yes,>30,0
239116626,AfricanAmerican,Male,[70-80),1,Emergency,3,Discharged/transferred to SNF,7,Emergency Room,2,,41,0,11,1,0,2,9,,,No,No,No,NO,0
239134632,Caucasian,Female,[60-70),3,Elective,1,Discharged to home,1,Physician Referral,3,Hospitalist,55,0,20,0,0,0,9,,,Down,Ch,Yes,NO,0
239153370,Caucasian,Female,[20-30),1,Emergency,1,Discharged to home,7,Emergency Room,7,Emergency/Trauma,74,0,24,0,4,9,9,,,Up,Ch,Yes,<30,1
239570034,Caucasian,Female,[60-70),1,Emergency,1,Discharged to home,7,Emergency Room,3,,24,2,8,0,0,0,9,,,No,No,No,NO,0
239707260,Caucasian,Male,[50-60),1,Emergency,1,Discharged to home,7,Emergency Room,1,Surgery-General,42,0,1,0,0,2,9,,,No,No,No,>30,0
239767572,Caucasian,Male,[60-70),3,Elective,3,Discharged/transferred to SNF,1,Physician Referral,9,Orthopedics,36,2,20,0,0,2,4,,,Down,Ch,Yes,>30,0
239789580,Caucasian,Female,[60-70),1,Emergency,1,Discharged to home,7,Emergency Room,1,,70,0,14,0,0,0,5,,,No,No,Yes,NO,0
239826366,Caucasian,Female,[50-60),2,Urgent,1,Discharged to home,1,Physician Referral,6,,55,0,18,0,0,1,7,,,No,Ch,Yes,>30,0
239897034,Caucasian,Male,[80-90),3,Elective,6,Discharged/transferred to home with home health service,1,Physician Referral,2,Cardiology,42,3,12,0,0,0,4,,,No,Ch,Yes,NO,0
240027624,Caucasian,Female,[80-90),1,Emergency,1,Discharged to home,7,Emergency Room,3,,19,0,19,0,0,0,9,,,Steady,Ch,Yes,NO,0
240056094,Caucasian,Male,[80-90),2,Urgent,1,Discharged to home,1,Physician Referral,5,Gastroenterology,36,0,23,0,0,1,9,,,Up,Ch,Yes,>30,0
240098382,Caucasian,Female,[80-90),1,Emergency,6,Discharged/transferred to home with home health service,7,Emergency Room,3,,53,0,11,1,0,1,9,,,Steady,No,Yes,>30,0
240382860,Caucasian,Female,[20-30),3,Elective,1,Discharged to home,1,Physician Referral,10,Psychology,51,0,9,0,0,0,8,,>8,Up,Ch,Yes,>30,0
240422148,Caucasian,Male,[60-70),3,Elective,3,Discharged/transferred to SNF,1,Physician Referral,2,,40,1,25,0,0,0,9,,,No,No,No,<30,1
240450300,AfricanAmerican,Female,[70-80),6,NULL,3,Discharged/transferred to SNF,7,Emergency Room,5,,56,0,11,0,0,2,6,>200,,No,No,No,NO,0
240451422,Caucasian,Male,[70-80),1,Emergency,28,Discharged/transferred/referred to a psychiatric hospital of psychiatric distinct part unit of a hospital,7,Emergency Room,10,,49,2,17,0,0,0,9,,,No,No,No,<30,1
240486954,Caucasian,Male,[70-80),1,Emergency,1,Discharged to home,7,Emergency Room,3,,58,0,14,0,0,1,9,,,No,No,Yes,>30,0
240514524,Caucasian,Female,[20-30),1,Emergency,1,Discharged to home,7,Emergency Room,2,,69,0,20,0,0,0,9,,>8,Down,Ch,Yes,NO,0
240598590,Caucasian,Female,[90-100),2,Urgent,3,Discharged/transferred to SNF,7,Emergency Room,3,Surgery-General,63,0,20,0,0,0,9,,>7,Down,Ch,Yes,NO,0
240647142,Caucasian,Male,[80-90),2,Urgent,6,Discharged/transferred to home with home health service,7,Emergency Room,2,,66,0,6,0,0,0,9,,Norm,Up,Ch,Yes,<30,1
240689280,Caucasian,Male,[50-60),1,Emergency,1,Discharged to home,7,Emergency Room,3,,60,1,19,0,0,0,9,,,Down,Ch,Yes,NO,0
240806682,Caucasian,Male,[80-90),1,Emergency,6,Discharged/transferred to home with home health service,7,Emergency Room,2,,44,0,9,5,0,2,9,,,Up,Ch,Yes,>30,0
240880452,Caucasian,Female,[60-70),3,Elective,1,Discharged to home,7,Emergency Room,10,Emergency/Trauma,71,0,19,0,0,5,9,,,No,No,Yes,>30,0
240919746,AfricanAmerican,Female,[40-50),1,Emergency,1,Discharged to home,7,Emergency Room,8,,60,4,29,0,0,0,9,,>8,Up,Ch,Yes,>30,0
241024140,Caucasian,Male,[70-80),1,Emergency,6,Discharged/transferred to home with home health service,7,Emergency Room,1,,58,0,6,0,0,0,6,,,No,No,Yes,<30,1
241154934,Caucasian,Male,[60-70),1,Emergency,1,Discharged to home,7,Emergency Room,6,,71,0,29,0,0,0,9,,,Up,Ch,Yes,>30,0
241317702,,Male,[70-80),1,Emergency,22,Discharged/transferred to another rehab fac including rehab units of a hospital .,7,Emergency Room,3,,50,2,18,0,0,0,9,,>8,Steady,Ch,Yes,NO,0
241453764,Caucasian,Male,[70-80),1,Emergency,3,Discharged/transferred to SNF,7,Emergency Room,5,Emergency/Trauma,58,0,20,0,0,0,9,,,Steady,Ch,Yes,NO,0
241485768,AfricanAmerican,Female,[80-90),1,Emergency,6,Discharged/transferred to home with home health service,7,Emergency Room,4,,64,1,16,0,0,0,9,,,No,No,No,>30,0
241538472,Caucasian,Female,[50-60),3,Elective,6,Discharged/transferred to home with home health service,1,Physician Referral,2,,2,2,26,0,0,0,8,,,No,No,No,>30,0
241584720,Caucasian,Female,[50-60),3,Elective,1,Discharged to home,1,Physician Referral,1,,10,1,17,0,0,0,8,,,No,Ch,Yes,NO,0
241740066,Caucasian,Male,[60-70),1,Emergency,6,Discharged/transferred to home with home health service,7,Emergency Room,11,,72,2,37,0,0,0,9,,>7,Steady,Ch,Yes,NO,0
241745304,Caucasian,Female,[70-80),2,Urgent,1,Discharged to home,1,Physician Referral,7,,27,1,14,0,0,0,8,,,Steady,Ch,Yes,NO,0
241756308,Caucasian,Male,[70-80),2,Urgent,1,Discharged to home,1,Physician Referral,3,,35,6,21,0,0,0,9,,,Steady,Ch,Yes,NO,0
242028582,Caucasian,Female,[60-70),1,Emergency,1,Discharged to home,7,Emergency Room,2,,41,0,11,1,0,1,9,,,Steady,No,Yes,NO,0
242140824,Caucasian,Female,[60-70),1,Emergency,1,Discharged to home,7,Emergency Room,2,,49,0,18,0,0,0,9,,,Steady,Ch,Yes,NO,0
242292510,Caucasian,Female,[50-60),1,Emergency,1,Discharged to home,7,Emergency Room,2,,56,0,25,3,1,3,9,,,No,No,Yes,>30,0
242310810,Caucasian,Female,[80-90),1,Emergency,1,Discharged to home,7,Emergency Room,9,,55,2,13,0,0,0,8,,,No,No,No,NO,0
242494038,Caucasian,Female,[40-50),2,Urgent,1,Discharged to home,1,Physician Referral,1,,36,0,9,0,0,0,8,,,Steady,Ch,Yes,NO,0
242545278,Caucasian,Female,[50-60),1,Emergency,6,Discharged/transferred to home with home health service,7,Emergency Room,6,,56,2,20,0,0,0,5,,,No,No,No,NO,0
242867490,AfricanAmerican,Male,[40-50),1,Emergency,1,Discharged to home,7,Emergency Room,3,,34,2,26,0,0,0,9,,,Down,Ch,Yes,NO,0
242887686,AfricanAmerican,Female,[70-80),1,Emergency,1,Discharged to home,7,Emergency Room,1,,9,0,4,0,0,0,3,,,No,No,Yes,>30,0
242891526,Caucasian,Female,[80-90),3,Elective,3,Discharged/transferred to SNF,7,Emergency Room,8,Emergency/Trauma,66,0,24,0,0,1,9,,>8,Up,Ch,Yes,>30,0
242897334,Caucasian,Male,[60-70),1,Emergency,1,Discharged to home,7,Emergency Room,1,InternalMedicine,61,0,6,3,1,0,5,,,Steady,No,Yes,NO,0
242904486,Caucasian,Male,[50-60),3,Elective,3,Discharged/transferred to SNF,7,Emergency Room,6,Emergency/Trauma,58,2,23,0,0,1,9,,,Up,Ch,Yes,>30,0
242935818,Caucasian,Male,[80-90),1,Emergency,1,Discharged to home,7,Emergency Room,3,,57,0,12,0,0,2,9,,,Steady,Ch,Yes,>30,0
242961984,Caucasian,Male,[80-90),1,Emergency,1,Discharged to home,7,Emergency Room,6,,65,0,24,0,0,0,9,,,Down,Ch,Yes,>30,0
243032676,Caucasian,Male,[60-70),3,Elective,1,Discharged to home,1,Physician Referral,4,,30,0,14,0,0,0,4,,,Up,Ch,Yes,>30,0
243063756,Caucasian,Female,[80-90),1,Emergency,3,Discharged/transferred to SNF,7,Emergency Room,3,,62,0,14,0,0,0,7,,,No,No,No,NO,0
243202248,Caucasian,Male,[70-80),3,Elective,1,Discharged to home,1,Physician Referral,3,Orthopedics,37,2,20,0,0,0,9,,,No,Ch,Yes,NO,0
243331902,Caucasian,Female,[60-70),3,Elective,1,Discharged to home,1,Physician Referral,14,,51,0,14,0,0,0,5,,,No,Ch,Yes,NO,0
243380460,Caucasian,Male,[70-80),6,NULL,6,Discharged/transferred to home with home health service,1,Physician Referral,8,InternalMedicine,52,2,9,0,0,1,6,Norm,Norm,No,No,Yes,NO,0
243409734,AfricanAmerican,Male,[30-40),1,Emergency,1,Discharged to home,7,Emergency Room,5,,58,0,16,0,0,2,7,,,Steady,Ch,Yes,NO,0
243541020,Other,Female,[70-80),3,Elective,1,Discharged to home,1,Physician Referral,1,Surgery-Thoracic,1,3,15,0,0,0,6,,,No,No,Yes,NO,0
243674004,Caucasian,Male,[80-90),1,Emergency,14,Hospice / medical facility,7,Emergency Room,12,,54,0,10,0,0,0,9,,,Steady,No,Yes,NO,0
243861192,Caucasian,Female,[70-80),1,Emergency,1,Discharged to home,7,Emergency Room,2,,56,0,15,0,0,1,7,,,No,No,Yes,NO,0
243967824,Caucasian,Male,[70-80),1,Emergency,1,Discharged to home,7,Emergency Room,3,,57,0,17,0,0,3,8,,,No,No,Yes,<30,1
244163550,Hispanic,Female,[50-60),2,Urgent,1,Discharged to home,7,Emergency Room,2,Emergency/Trauma,3,0,3,0,0,0,5,,Norm,Steady,No,Yes,NO,0
244219578,AfricanAmerican,Male,[60-70),1,Emergency,1,Discharged to home,7,Emergency Room,4,,58,2,10,1,0,0,9,,,No,No,No,NO,0
244245324,Caucasian,Female,[90-100),1,Emergency,6,Discharged/transferred to home with home health service,7,Emergency Room,3,Emergency/Trauma,46,0,25,0,0,2,9,,,Steady,No,Yes,NO,0
244271448,Caucasian,Female,[50-60),3,Elective,1,Discharged to home,7,Emergency Room,3,Emergency/Trauma,47,0,8,0,0,0,5,,,No,Ch,Yes,NO,0
244339560,Caucasian,Male,[70-80),3,Elective,1,Discharged to home,1,Physician Referral,2,Urology,29,1,9,3,3,0,7,,,Down,Ch,Yes,NO,0
244396218,Caucasian,Female,[60-70),3,Elective,1,Discharged to home,1,Physician Referral,4,,26,2,12,0,0,0,8,,,No,No,No,NO,0
244505148,Caucasian,Female,[70-80),1,Emergency,3,Discharged/transferred to SNF,7,Emergency Room,8,,69,1,26,1,0,3,9,,>8,Up,Ch,Yes,NO,0
244615644,Caucasian,Female,[40-50),3,Elective,1,Discharged to home,1,Physician Referral,2,ObstetricsandGynecology,20,2,23,0,0,0,9,,,No,No,No,NO,0
244690608,Caucasian,Male,[70-80),2,Urgent,6,Discharged/transferred to home with home health service,1,Physician Referral,2,,1,3,24,5,0,0,7,,,Steady,Ch,Yes,>30,0
244721172,Caucasian,Male,[70-80),1,Emergency,11,Expired,7,Emergency Room,10,,75,6,36,0,0,0,9,,,Steady,No,Yes,NO,0
244865838,Caucasian,Female,[30-40),1,Emergency,1,Discharged to home,7,Emergency Room,2,,61,0,16,0,0,2,9,,>8,Down,Ch,Yes,>30,0
244870152,Caucasian,Male,[70-80),3,Elective,3,Discharged/transferred to SNF,1,Physician Referral,5,,27,1,24,3,0,1,4,,,No,No,No,NO,0
244936920,Caucasian,Female,[80-90),1,Emergency,6,Discharged/transferred to home with home health service,7,Emergency Room,5,,50,0,19,0,0,0,9,,,Steady,Ch,Yes,<30,1
245066034,Caucasian,Female,[60-70),1,Emergency,1,Discharged to home,7,Emergency Room,5,,57,0,13,0,0,1,5,,,Steady,No,Yes,>30,0
245067966,Caucasian,Female,[60-70),1,Emergency,3,Discharged/transferred to SNF,7,Emergency Room,7,,61,0,22,0,0,3,8,,,Down,Ch,Yes,>30,0
245081748,Caucasian,Female,[80-90),3,Elective,3,Discharged/transferred to SNF,17,NULL,2,PhysicianNotFound,29,0,16,1,0,1,9,,,No,No,Yes,<30,1
245530002,Caucasian,Male,[70-80),1,Emergency,3,Discharged/transferred to SNF,7,Emergency Room,4,,45,0,18,0,0,2,7,,,Down,Ch,Yes,NO,0
245546790,Caucasian,Female,[80-90),1,Emergency,3,Discharged/transferred to SNF,7,Emergency Room,4,,50,2,21,4,0,0,9,,>7,Steady,Ch,Yes,NO,0
245552292,Caucasian,Female,[70-80),1,Emergency,3,Discharged/transferred to SNF,7,Emergency Room,4,,45,0,20,0,2,1,9,,,Up,Ch,Yes,<30,1
245631438,Caucasian,Male,[60-70),1,Emergency,1,Discharged to home,7,Emergency Room,4,,64,0,15,0,0,3,6,,,Up,Ch,Yes,<30,1
245636064,Caucasian,Male,[70-80),6,NULL,1,Discharged to home,7,Emergency Room,4,InternalMedicine,51,0,18,0,0,2,6,>200,,Steady,Ch,Yes,>30,0
245686338,Caucasian,Male,[60-70),1,Emergency,3,Discharged/transferred to SNF,7,Emergency Room,9,Surgery-General,57,3,31,0,2,1,9,,,Down,Ch,Yes,>30,0
245688276,Caucasian,Female,[60-70),1,Emergency,1,Discharged to home,7,Emergency Room,2,,57,0,21,1,1,1,9,>300,,No,No,No,>30,0
245900610,Caucasian,Male,[60-70),1,Emergency,2,Discharged/transferred to another short term hospital,7,Emergency Room,2,,36,3,22,1,0,0,9,,>8,Up,Ch,Yes,NO,0
245901414,Caucasian,Male,[80-90),3,Elective,1,Discharged to home,7,Emergency Room,3,Emergency/Trauma,51,3,12,0,0,0,9,,,Steady,Ch,Yes,NO,0
246063414,Caucasian,Male,[70-80),3,Elective,1,Discharged to home,1,Physician Referral,1,,22,6,17,0,0,0,9,,,No,No,Yes,>30,0
246113658,Caucasian,Male,[30-40),2,Urgent,1,Discharged to home,1,Physician Referral,3,,56,0,16,1,0,0,7,,,No,Ch,Yes,NO,0
246190710,Caucasian,Female,[50-60),1,Emergency,1,Discharged to home,7,Emergency Room,4,,15,0,16,0,3,2,3,,,Steady,Ch,Yes,>30,0
246286026,Caucasian,Male,[70-80),1,Emergency,1,Discharged to home,7,Emergency Room,5,,36,2,14,4,0,1,9,,,Steady,No,Yes,NO,0
246422442,Caucasian,Male,[80-90),3,Elective,6,Discharged/transferred to home with home health service,7,Emergency Room,2,Emergency/Trauma,60,0,19,0,1,1,9,,,Up,Ch,Yes,>30,0
246488778,Caucasian,Male,[40-50),1,Emergency,1,Discharged to home,7,Emergency Room,4,,58,0,14,0,1,1,8,,>8,Steady,Ch,Yes,>30,0
246614028,Caucasian,Male,[60-70),2,Urgent,6,Discharged/transferred to home with home health service,1,Physician Referral,4,Family/GeneralPractice,30,2,8,0,0,0,9,,>7,No,No,No,NO,0
246705846,Caucasian,Male,[40-50),1,Emergency,1,Discharged to home,7,Emergency Room,2,,31,0,17,0,0,0,6,,,Steady,Ch,Yes,NO,0
246929526,Caucasian,Female,[70-80),3,Elective,2,Discharged/transferred to another short term hospital,7,Emergency Room,5,Emergency/Trauma,67,4,17,0,0,1,9,,,Steady,Ch,Yes,>30,0
247027878,Caucasian,Male,[80-90),1,Emergency,4,Discharged/transferred to ICF,7,Emergency Room,4,,38,2,24,0,0,1,9,,,Steady,Ch,Yes,NO,0
247037352,Caucasian,Female,[80-90),1,Emergency,13,Hospice / home,7,Emergency Room,6,,45,2,25,0,0,1,9,,,No,No,No,NO,0
247053186,Caucasian,Male,[80-90),1,Emergency,1,Discharged to home,7,Emergency Room,3,InternalMedicine,43,0,16,0,0,0,9,,,No,No,No,NO,0
247069434,Caucasian,Female,[80-90),2,Urgent,1,Discharged to home,7,Emergency Room,2,Emergency/Trauma,40,1,8,0,0,0,6,,,No,No,Yes,>30,0
247074126,Caucasian,Female,[60-70),1,Emergency,1,Discharged to home,7,Emergency Room,4,Emergency/Trauma,67,0,19,0,0,0,9,,,Down,Ch,Yes,NO,0
247119924,Caucasian,Female,[60-70),3,Elective,1,Discharged to home,1,Physician Referral,4,,28,2,37,0,0,1,9,,,Steady,Ch,Yes,NO,0
247123392,Caucasian,Male,[60-70),1,Emergency,1,Discharged to home,7,Emergency Room,1,,65,0,12,0,0,0,5,,>8,No,No,Yes,NO,0
247232670,AfricanAmerican,Male,[70-80),1,Emergency,3,Discharged/transferred to SNF,7,Emergency Room,5,,65,0,18,0,0,1,9,,,No,No,Yes,<30,1
247311576,Caucasian,Male,[80-90),2,Urgent,6,Discharged/transferred to home with home health service,7,Emergency Room,3,,77,0,8,0,0,0,9,,Norm,Steady,No,Yes,>30,0
247344882,Caucasian,Female,[80-90),1,Emergency,3,Discharged/transferred to SNF,7,Emergency Room,4,Emergency/Trauma,59,4,13,0,0,1,9,,,Down,Ch,Yes,<30,1
247352208,Caucasian,Female,[70-80),1,Emergency,3,Discharged/transferred to SNF,7,Emergency Room,4,,66,0,18,5,0,2,9,,>8,No,No,No,<30,1
247588776,Hispanic,Male,[70-80),3,Elective,1,Discharged to home,1,Physician Referral,11,,71,0,19,0,0,0,9,,,Down,Ch,Yes,NO,0
247618080,Caucasian,Female,[70-80),2,Urgent,1,Discharged to home,7,Emergency Room,2,Family/GeneralPractice,11,2,14,0,0,1,9,,,Up,Ch,Yes,NO,0
247627704,Caucasian,Female,[30-40),6,NULL,1,Discharged to home,17,NULL,1,,56,0,10,0,0,0,9,,,Down,Ch,Yes,NO,0
247653150,Caucasian,Female,[70-80),1,Emergency,1,Discharged to home,7,Emergency Room,2,,38,0,13,0,0,1,9,,,Steady,No,Yes,>30,0
247795398,Caucasian,Male,[80-90),1,Emergency,1,Discharged to home,7,Emergency Room,2,,69,0,14,2,0,0,9,,>8,No,Ch,Yes,NO,0
247848384,Caucasian,Female,[80-90),3,Elective,3,Discharged/transferred to SNF,1,Physician Referral,13,Orthopedics,62,3,35,0,0,0,9,,,Steady,Ch,Yes,NO,0
248192412,Caucasian,Male,[50-60),3,Elective,1,Discharged to home,1,Physician Referral,8,Surgery-Cardiovascular/Thoracic,61,6,39,1,0,0,9,,,Up,Ch,Yes,NO,0
248331450,Caucasian,Male,[80-90),3,Elective,1,Discharged to home,1,Physician Referral,8,,61,0,19,0,0,0,9,,,No,Ch,Yes,>30,0
248451168,Caucasian,Female,[50-60),1,Emergency,1,Discharged to home,7,Emergency Room,3,,47,6,11,0,1,2,9,,,No,No,Yes,>30,0
248585778,Caucasian,Male,[60-70),1,Emergency,11,Expired,7,Emergency Room,1,,48,1,6,0,0,0,6,,,No,No,No,NO,0
248716038,Caucasian,Male,[50-60),3,Elective,22,Discharged/transferred to another rehab fac including rehab units of a hospital .,1,Physician Referral,10,Orthopedics,31,3,53,0,0,0,9,,,Down,Ch,Yes,NO,0
248723610,Caucasian,Female,[40-50),1,Emergency,1,Discharged to home,7,Emergency Room,2,,52,0,21,0,0,0,4,,,Down,Ch,Yes,NO,0
248811246,Caucasian,Female,[80-90),1,Emergency,3,Discharged/transferred to SNF,7,Emergency Room,9,,66,0,22,0,0,0,9,,,Steady,No,Yes,>30,0
248869926,Caucasian,Male,[50-60),1,Emergency,3,Discharged/transferred to SNF,7,Emergency Room,12,,44,0,35,0,0,0,9,,,Down,Ch,Yes,NO,0
248996994,Caucasian,Female,[50-60),1,Emergency,1,Discharged to home,7,Emergency Room,2,,67,1,18,6,1,0,9,,>8,No,No,No,>30,0
249190200,Caucasian,Male,[70-80),6,NULL,1,Discharged to home,17,NULL,7,Family/GeneralPractice,82,3,20,0,0,0,9,,>7,Steady,No,Yes,NO,0
249478614,Caucasian,Male,[40-50),1,Emergency,6,Discharged/transferred to home with home health service,7,Emergency Room,3,,45,0,15,0,0,0,9,,,Up,Ch,Yes,>30,0
249479154,,Female,[80-90),1,Emergency,3,Discharged/transferred to SNF,7,Emergency Room,6,,62,0,24,0,0,0,9,,,Steady,No,Yes,>30,0
249578988,Caucasian,Female,[80-90),1,Emergency,3,Discharged/transferred to SNF,7,Emergency Room,9,,44,3,29,3,0,0,9,,,Up,Ch,Yes,>30,0
249580488,Caucasian,Female,[60-70),3,Elective,1,Discharged to home,1,Physician Referral,14,,40,0,13,1,0,6,9,,Norm,Down,Ch,Yes,>30,0
249710076,Caucasian,Male,[60-70),3,Elective,1,Discharged to home,1,Physician Referral,1,,29,0,8,0,0,0,3,,,Up,Ch,Yes,NO,0
249804750,,Male,[80-90),1,Emergency,3,Discharged/transferred to SNF,7,Emergency Room,14,InternalMedicine,68,0,16,0,0,0,9,,,No,No,No,NO,0
249961302,Caucasian,Male,[70-80),1,Emergency,1,Discharged to home,7,Emergency Room,3,,57,0,23,0,2,3,9,,,Steady,Ch,Yes,NO,0
250122930,Caucasian,Male,[70-80),1,Emergency,1,Discharged to home,7,Emergency Room,3,InternalMedicine,59,0,18,0,1,0,9,,,No,No,No,NO,0
250219890,,Male,[80-90),2,Urgent,6,Discharged/transferred to home with home health service,7,Emergency Room,6,,49,1,16,0,0,0,7,,,Steady,No,Yes,NO,0
250294146,Caucasian,Male,[50-60),3,Elective,1,Discharged to home,1,Physician Referral,1,,10,1,16,0,0,0,9,,,Steady,Ch,Yes,>30,0
250392510,Caucasian,Female,[60-70),2,Urgent,1,Discharged to home,1,Physician Referral,6,,63,3,27,0,0,0,9,,,Up,Ch,Yes,<30,1
250436328,Caucasian,Female,[70-80),2,Urgent,6,Discharged/transferred to home with home health service,1,Physician Referral,7,Surgery-Vascular,43,2,35,6,0,0,9,,,Steady,Ch,Yes,<30,1
250466820,Caucasian,Male,[70-80),2,Urgent,3,Discharged/transferred to SNF,7,Emergency Room,4,Emergency/Trauma,1,1,10,0,0,0,9,,,No,No,No,>30,0
250671264,Caucasian,Female,[60-70),3,Elective,6,Discharged/transferred to home with home health service,5,Transfer from a Skilled Nursing Facility (SNF),10,Cardiology,2,2,12,0,0,1,9,,,Steady,No,Yes,NO,0
250698348,Caucasian,Male,[50-60),1,Emergency,6,Discharged/transferred to home with home health service,7,Emergency Room,7,,77,1,30,0,0,3,9,,,Down,Ch,Yes,>30,0
250936098,Caucasian,Male,[60-70),1,Emergency,8,Discharged/transferred to home under care of Home IV provider,7,Emergency Room,6,,67,6,17,0,0,0,8,,>7,No,No,No,NO,0
251007528,AfricanAmerican,Female,[60-70),1,Emergency,1,Discharged to home,7,Emergency Room,2,,3,0,8,0,1,1,4,,,Steady,Ch,Yes,NO,0
251040864,Caucasian,Male,[60-70),1,Emergency,1,Discharged to home,7,Emergency Room,4,,41,6,23,0,0,0,9,,,Steady,Ch,Yes,>30,0
251047584,Caucasian,Male,[60-70),1,Emergency,6,Discharged/transferred to home with home health service,7,Emergency Room,3,,33,3,15,0,0,0,9,,,Down,Ch,Yes,<30,1
251080824,Caucasian,Male,[40-50),1,Emergency,1,Discharged to home,7,Emergency Room,1,,29,0,19,0,0,0,9,,,No,No,No,NO,0
251083860,Caucasian,Male,[50-60),1,Emergency,2,Discharged/transferred to another short term hospital,7,Emergency Room,1,,57,0,16,7,1,3,9,,,No,No,No,NO,0
251085012,Caucasian,Female,[70-80),1,Emergency,3,Discharged/transferred to SNF,7,Emergency Room,4,,59,0,13,0,0,0,8,,,Steady,Ch,Yes,NO,0
251131398,Caucasian,Female,[60-70),3,Elective,1,Discharged to home,1,Physician Referral,3,Ophthalmology,33,1,25,0,0,0,4,,,Down,Ch,Yes,NO,0
251356998,Caucasian,Female,[50-60),1,Emergency,1,Discharged to home,7,Emergency Room,2,,38,0,11,0,0,2,9,,,No,No,Yes,NO,0
251430408,Caucasian,Male,[60-70),3,Elective,1,Discharged to home,1,Physician Referral,2,Surgery-Cardiovascular/Thoracic,32,2,23,0,0,0,7,,,No,No,Yes,NO,0
251502840,Caucasian,Female,[60-70),2,Urgent,3,Discharged/transferred to SNF,1,Physician Referral,6,,63,3,31,1,0,0,9,,,Down,Ch,Yes,NO,0
251514150,Caucasian,Male,[80-90),3,Elective,1,Discharged to home,1,Physician Referral,1,,19,6,19,0,0,0,7,,,Steady,No,Yes,>30,0
251656140,Caucasian,Male,[50-60),1,Emergency,1,Discharged to home,7,Emergency Room,3,,39,5,29,0,0,0,9,,,Steady,No,Yes,>30,0
251710470,Caucasian,Male,[60-70),3,Elective,1,Discharged to home,1,Physician Referral,1,,19,5,3,0,0,1,6,,,Steady,No,Yes,NO,0
252040920,Caucasian,Female,[50-60),3,Elective,1,Discharged to home,1,Physician Referral,1,Cardiology,19,2,14,0,0,1,9,,,Down,Ch,Yes,NO,0
252139374,Other,Male,[40-50),2,Urgent,1,Discharged to home,7,Emergency Room,4,Emergency/Trauma,3,0,9,0,0,0,3,,,Down,Ch,Yes,<30,1
252153528,Caucasian,Female,[10-20),1,Emergency,1,Discharged to home,7,Emergency Room,1,,12,0,8,0,0,0,4,,>8,Down,Ch,Yes,NO,0
252308694,AfricanAmerican,Male,[60-70),2,Urgent,1,Discharged to home,1,Physician Referral,2,,10,4,12,7,0,0,9,,,No,No,No,>30,0
252485718,Other,Female,[80-90),2,Urgent,3,Discharged/transferred to SNF,7,Emergency Room,6,Family/GeneralPractice,68,2,29,1,4,3,9,,,Down,Ch,Yes,>30,0
252504198,Other,Female,[60-70),2,Urgent,1,Discharged to home,1,Physician Referral,3,Emergency/Trauma,63,3,15,2,0,0,9,,>7,Steady,Ch,Yes,NO,0
252683424,Caucasian,Male,[70-80),1,Emergency,1,Discharged to home,7,Emergency Room,4,,43,0,12,2,0,3,8,,,No,No,No,>30,0
252698508,Hispanic,Male,[60-70),2,Urgent,1,Discharged to home,7,Emergency Room,10,Emergency/Trauma,39,6,26,0,0,0,8,,>8,Up,Ch,Yes,NO,0
252722430,Caucasian,Male,[60-70),1,Emergency,1,Discharged to home,7,Emergency Room,1,,38,0,9,0,0,0,9,,>8,Steady,Ch,Yes,NO,0
252760626,Caucasian,Female,[50-60),3,Elective,1,Discharged to home,1,Physician Referral,11,,52,0,23,1,0,3,8,,,No,No,No,>30,0
252761982,Caucasian,Female,[50-60),3,Elective,1,Discharged to home,1,Physician Referral,8,,62,1,18,0,0,0,9,,,Down,Ch,Yes,NO,0
252880884,Caucasian,Male,[80-90),3,Elective,1,Discharged to home,1,Physician Referral,1,Urology,10,1,18,0,0,0,6,,,No,No,Yes,NO,0
252934800,Caucasian,Male,[60-70),6,NULL,6,Discharged/transferred to home with home health service,17,NULL,7,Cardiology,74,3,42,0,0,1,6,,,Up,Ch,Yes,>30,0
253024350,Other,Female,[60-70),1,Emergency,1,Discharged to home,7,Emergency Room,2,Emergency/Trauma,62,1,7,2,2,2,9,,,Up,Ch,Yes,>30,0
253126260,Caucasian,Female,[70-80),1,Emergency,2,Discharged/transferred to another short term hospital,1,Physician Referral,2,,46,0,20,1,0,0,9,,,Steady,No,Yes,>30,0
253285188,Caucasian,Female,[60-70),1,Emergency,1,Discharged to home,7,Emergency Room,9,,47,1,24,1,1,2,9,,,No,No,No,>30,0
253496226,,Male,[50-60),3,Elective,1,Discharged to home,1,Physician Referral,2,,5,0,12,0,0,0,5,,,No,Ch,Yes,NO,0
253725264,Caucasian,Male,[60-70),3,Elective,6,Discharged/transferred to home with home health service,4,Transfer from a hospital,14,,38,0,18,0,0,1,8,,,Up,Ch,Yes,NO,0
253770852,Caucasian,Male,[60-70),1,Emergency,1,Discharged to home,7,Emergency Room,3,,6,0,11,1,2,1,5,,,No,No,Yes,>30,0
253783278,Caucasian,Female,[90-100),1,Emergency,3,Discharged/transferred to SNF,7,Emergency Room,5,Emergency/Trauma,64,0,19,0,0,1,9,,,Steady,Ch,Yes,NO,0
253784610,Caucasian,Male,[60-70),1,Emergency,1,Discharged to home,7,Emergency Room,2,Surgery-General,26,1,12,0,0,0,5,,,Steady,No,Yes,NO,0
253819374,AfricanAmerican,Male,[50-60),1,Emergency,1,Discharged to home,7,Emergency Room,1,,32,2,4,0,0,0,5,,,No,No,No,NO,0
253834578,Caucasian,Female,[50-60),2,Urgent,1,Discharged to home,7,Emergency Room,7,Emergency/Trauma,45,0,23,2,0,0,7,,>7,Down,Ch,Yes,NO,0
253988106,Caucasian,Female,[50-60),3,Elective,1,Discharged to home,1,Physician Referral,1,Family/GeneralPractice,28,1,20,0,0,0,5,,,Steady,No,Yes,NO,0
253992276,Caucasian,Female,[50-60),2,Urgent,1,Discharged to home,1,Physician Referral,3,,7,3,14,4,0,0,9,,,Up,Ch,Yes,NO,0
254196594,Caucasian,Female,[70-80),3,Elective,1,Discharged to home,1,Physician Referral,3,,35,2,21,0,0,0,6,,,Steady,No,Yes,NO,0
254533164,Caucasian,Male,[80-90),1,Emergency,1,Discharged to home,7,Emergency Room,2,,33,0,8,0,0,0,5,,,Steady,Ch,Yes,NO,0
254597814,Caucasian,Female,[50-60),1,Emergency,1,Discharged to home,7,Emergency Room,3,Emergency/Trauma,1,0,4,0,0,0,5,,,Steady,No,Yes,NO,0
254826252,Caucasian,Male,[60-70),1,Emergency,1,Discharged to home,7,Emergency Room,3,,71,0,7,0,0,0,6,,Norm,Steady,Ch,Yes,NO,0
254835030,Caucasian,Female,[90-100),2,Urgent,1,Discharged to home,1,Physician Referral,3,InternalMedicine,72,0,18,0,0,0,9,,Norm,Steady,Ch,Yes,>30,0
254947032,Caucasian,Male,[30-40),1,Emergency,1,Discharged to home,4,Transfer from a hospital,4,,68,4,24,0,0,0,9,,>8,Up,Ch,Yes,NO,0
255036810,Caucasian,Male,[50-60),1,Emergency,1,Discharged to home,7,Emergency Room,7,Emergency/Trauma,51,1,12,0,0,0,9,,,Steady,No,Yes,NO,0
255060420,Other,Male,[60-70),2,Urgent,22,Discharged/transferred to another rehab fac including rehab units of a hospital .,7,Emergency Room,4,Emergency/Trauma,47,2,3,0,0,0,6,,Norm,No,No,No,NO,0
255069804,Caucasian,Male,[70-80),1,Emergency,1,Discharged to home,7,Emergency Room,1,,35,0,12,0,0,0,9,,>8,Down,Ch,Yes,>30,0
255085842,Caucasian,Male,[70-80),1,Emergency,1,Discharged to home,7,Emergency Room,5,,43,0,19,0,0,3,9,,,Steady,Ch,Yes,>30,0
255186654,Asian,Female,[60-70),2,Urgent,1,Discharged to home,7,Emergency Room,3,Emergency/Trauma,67,4,11,0,0,0,6,,,Steady,Ch,Yes,NO,0
255324888,Caucasian,Female,[70-80),1,Emergency,1,Discharged to home,7,Emergency Room,4,,61,0,16,0,0,0,6,,,No,No,No,>30,0
255503100,Caucasian,Male,[70-80),1,Emergency,1,Discharged to home,7,Emergency Room,3,,57,0,14,0,0,0,9,,,Steady,Ch,Yes,NO,0
255596952,Caucasian,Female,[80-90),3,Elective,22,Discharged/transferred to another rehab fac including rehab units of a hospital .,1,Physician Referral,3,,5,1,18,0,0,0,4,,,No,No,Yes,NO,0
255683898,Caucasian,Female,[60-70),1,Emergency,1,Discharged to home,7,Emergency Room,2,,60,1,14,0,3,1,7,,,No,No,Yes,>30,0
255860832,Caucasian,Female,[50-60),1,Emergency,1,Discharged to home,7,Emergency Room,2,,44,0,14,0,0,0,5,,,No,No,Yes,NO,0
255906828,Caucasian,Female,[60-70),3,Elective,1,Discharged to home,1,Physician Referral,1,,1,2,14,5,0,0,6,,,Steady,No,Yes,<30,1
256221534,Caucasian,Male,[60-70),1,Emergency,1,Discharged to home,7,Emergency Room,2,Emergency/Trauma,3,1,9,0,0,0,9,,>8,Steady,Ch,Yes,NO,0
256376916,Caucasian,Female,[80-90),2,Urgent,3,Discharged/transferred to SNF,7,Emergency Room,4,Family/GeneralPractice,3,1,2,0,0,0,7,,,No,No,No,NO,0
256394592,Asian,Male,[70-80),1,Emergency,1,Discharged to home,7,Emergency Room,4,,40,0,12,0,0,0,3,,>8,Down,Ch,Yes,NO,0
256416768,AfricanAmerican,Male,[40-50),6,NULL,1,Discharged to home,17,NULL,1,,57,1,6,0,1,0,7,,,No,No,No,NO,0
256509660,Caucasian,Female,[80-90),1,Emergency,1,Discharged to home,7,Emergency Room,5,,43,0,17,0,0,0,6,,,No,Ch,Yes,<30,1
256526436,Caucasian,Male,[70-80),2,Urgent,1,Discharged to home,7,Emergency Room,1,,51,0,8,0,0,4,9,,Norm,Steady,No,Yes,>30,0
256642146,Caucasian,Male,[70-80),1,Emergency,6,Discharged/transferred to home with home health service,7,Emergency Room,4,,63,0,19,3,1,0,9,,>7,No,Ch,Yes,<30,1
256837416,Caucasian,Male,[80-90),6,NULL,11,Expired,17,NULL,4,,61,4,12,0,0,0,9,,,No,No,No,NO,0
256897656,Caucasian,Female,[80-90),3,Elective,3,Discharged/transferred to SNF,1,Physician Referral,9,,28,3,25,0,0,0,9,,,Down,Ch,Yes,>30,0
257138508,Caucasian,Female,[70-80),1,Emergency,6,Discharged/transferred to home with home health service,7,Emergency Room,9,InternalMedicine,83,0,19,0,0,1,9,,,No,No,Yes,>30,0
257142096,Caucasian,Female,[50-60),1,Emergency,1,Discharged to home,7,Emergency Room,1,,43,0,17,0,0,1,9,,,Steady,No,Yes,>30,0
257262984,Caucasian,Female,[70-80),1,Emergency,22,Discharged/transferred to another rehab fac including rehab units of a hospital .,7,Emergency Room,7,,46,0,20,0,0,0,9,,,Steady,No,Yes,>30,0
257386524,Caucasian,Female,[70-80),1,Emergency,1,Discharged to home,7,Emergency Room,4,,45,1,24,3,0,1,9,,,Steady,No,Yes,>30,0
257457888,Caucasian,Female,[80-90),1,Emergency,5,Discharged/transferred to another type of inpatient care institution,7,Emergency Room,6,,65,2,20,0,0,0,7,,Norm,Steady,No,Yes,NO,0
257638896,Caucasian,Female,[30-40),2,Urgent,3,Discharged/transferred to SNF,7,Emergency Room,3,Emergency/Trauma,1,1,7,0,0,0,6,,,Down,Ch,Yes,NO,0
257641866,Caucasian,Male,[60-70),1,Emergency,23,Discharged/transferred to a long term care hospital.,7,Emergency Room,2,,20,0,14,2,0,0,6,,,No,No,No,NO,0
257722470,Caucasian,Female,[60-70),1,Emergency,1,Discharged to home,7,Emergency Room,2,,41,1,13,1,0,4,9,,Norm,Up,Ch,Yes,>30,0
257745636,Caucasian,Female,[70-80),1,Emergency,3,Discharged/transferred to SNF,7,Emergency Room,4,,43,0,6,0,0,1,5,,,Steady,No,Yes,NO,0
257760564,Caucasian,Male,[60-70),1,Emergency,1,Discharged to home,7,Emergency Room,8,,72,2,28,0,0,0,9,,>7,Up,Ch,Yes,>30,0
257782812,Caucasian,Male,[80-90),3,Elective,1,Discharged to home,1,Physician Referral,3,,54,2,26,2,0,0,9,,,Steady,No,Yes,NO,0
257800398,Caucasian,Female,[50-60),3,Elective,1,Discharged to home,1,Physician Referral,2,ObstetricsandGynecology,36,2,18,1,0,0,9,,,No,No,Yes,<30,1
257922066,Caucasian,Male,[50-60),1,Emergency,1,Discharged to home,7,Emergency Room,1,,2,0,5,0,0,0,4,,,No,Ch,Yes,NO,0
258002274,Caucasian,Female,[70-80),1,Emergency,1,Discharged to home,7,Emergency Room,2,Emergency/Trauma,52,2,15,0,0,0,7,,,No,No,Yes,NO,0
258002658,Caucasian,Female,[50-60),1,Emergency,3,Discharged/transferred to SNF,7,Emergency Room,3,,54,0,16,2,6,3,9,,,Steady,Ch,Yes,NO,0
258114564,Caucasian,Male,[50-60),3,Elective,1,Discharged to home,1,Physician Referral,1,,24,3,9,0,0,0,5,,,No,No,Yes,NO,0
258138462,Caucasian,Male,[50-60),1,Emergency,3,Discharged/transferred to SNF,7,Emergency Room,8,Emergency/Trauma,59,1,24,0,0,1,9,,,Down,Ch,Yes,NO,0
258152082,Caucasian,Male,[60-70),3,Elective,1,Discharged to home,1,Physician Referral,1,,26,2,13,0,0,0,9,,,Steady,Ch,Yes,NO,0
258232314,AfricanAmerican,Male,[30-40),1,Emergency,1,Discharged to home,7,Emergency Room,1,,68,0,10,0,1,1,3,,Norm,Up,Ch,Yes,NO,0
258881256,Caucasian,Male,[70-80),3,Elective,1,Discharged to home,1,Physician Referral,1,,29,6,17,0,0,1,8,,,Down,Ch,Yes,>30,0
258961344,Caucasian,Male,[50-60),2,Urgent,1,Discharged to home,7,Emergency Room,3,Emergency/Trauma,1,0,8,0,1,0,7,,,No,No,No,NO,0
258983730,Caucasian,Male,[20-30),1,Emergency,1,Discharged to home,7,Emergency Room,1,Emergency/Trauma,34,0,6,0,0,0,6,,>8,Steady,No,Yes,NO,0
258990210,AfricanAmerican,Female,[80-90),1,Emergency,1,Discharged to home,7,Emergency Room,1,,34,1,9,0,0,0,8,,>7,No,No,No,>30,0
259063176,Caucasian,Female,[70-80),1,Emergency,3,Discharged/transferred to SNF,7,Emergency Room,2,,36,0,9,0,0,3,6,,,Steady,No,Yes,>30,0
259063590,Caucasian,Female,[40-50),2,Urgent,6,Discharged/transferred to home with home health service,7,Emergency Room,2,Emergency/Trauma,1,0,18,6,1,5,9,,,Down,Ch,Yes,>30,0
259093284,Caucasian,Male,[50-60),1,Emergency,1,Discharged to home,7,Emergency Room,3,,52,3,18,2,1,4,9,,,No,No,Yes,<30,1
259126266,AfricanAmerican,Female,[30-40),1,Emergency,1,Discharged to home,7,Emergency Room,4,,75,0,22,0,0,0,9,,>7,Steady,No,Yes,>30,0
259862736,Caucasian,Female,[60-70),1,Emergency,1,Discharged to home,7,Emergency Room,4,,65,3,18,0,0,0,9,,,No,No,No,NO,0
260130786,,Male,[80-90),1,Emergency,1,Discharged to home,7,Emergency Room,3,,54,0,14,0,0,0,9,,,Steady,Ch,Yes,NO,0
260301030,Caucasian,Male,[40-50),3,Elective,1,Discharged to home,1,Physician Referral,1,,36,6,15,1,0,0,9,,,No,No,No,NO,0
260460582,Hispanic,Female,[60-70),6,NULL,3,Discharged/transferred to SNF,7,Emergency Room,12,,77,3,24,0,0,3,6,>300,>7,No,No,No,<30,1
260521326,AfricanAmerican,Male,[50-60),3,Elective,1,Discharged to home,1,Physician Referral,3,Family/GeneralPractice,29,1,19,0,1,0,8,,,Down,Ch,Yes,NO,0
260570562,Caucasian,Male,[60-70),2,Urgent,1,Discharged to home,1,Physician Referral,2,,18,0,8,0,0,0,9,,>7,No,No,Yes,NO,0
260608062,Caucasian,Male,[40-50),3,Elective,1,Discharged to home,1,Physician Referral,2,,29,0,7,1,0,2,4,,,Down,Ch,Yes,NO,0
260617092,Caucasian,Male,[60-70),1,Emergency,1,Discharged to home,7,Emergency Room,1,,19,0,6,0,0,0,2,,,Steady,No,Yes,NO,0
260663214,AfricanAmerican,Male,[70-80),2,Urgent,1,Discharged to home,7,Emergency Room,8,Emergency/Trauma,72,2,28,0,0,0,9,,>7,Down,Ch,Yes,NO,0
260685222,Caucasian,Male,[70-80),1,Emergency,3,Discharged/transferred to SNF,7,Emergency Room,4,Surgery-General,43,1,17,0,0,0,9,,,Up,Ch,Yes,<30,1
260740566,Caucasian,Male,[60-70),3,Elective,1,Discharged to home,1,Physician Referral,8,Family/GeneralPractice,53,1,18,0,0,0,9,,>7,Up,Ch,Yes,>30,0
260764308,Caucasian,Female,[60-70),1,Emergency,6,Discharged/transferred to home with home health service,7,Emergency Room,6,,59,2,18,0,0,0,9,,,No,Ch,Yes,NO,0
260909172,AfricanAmerican,Male,[50-60),1,Emergency,1,Discharged to home,7,Emergency Room,1,,39,0,9,0,0,0,7,,,Steady,Ch,Yes,NO,0
260969010,AfricanAmerican,Female,[60-70),6,NULL,1,Discharged to home,17,NULL,4,ObstetricsandGynecology,48,0,11,0,0,0,7,,,No,No,No,NO,0
261128784,Caucasian,Female,[80-90),3,Elective,1,Discharged to home,1,Physician Referral,11,,45,1,35,0,0,0,7,,,Up,Ch,Yes,>30,0
261220494,AfricanAmerican,Male,[40-50),6,NULL,1,Discharged to home,7,Emergency Room,7,InternalMedicine,50,2,5,0,0,0,4,>200,,No,No,No,NO,0
261227322,Caucasian,Female,[80-90),3,Elective,1,Discharged to home,1,Physician Referral,4,Radiologist,35,0,8,0,0,0,9,,,No,Ch,Yes,NO,0
261235608,Caucasian,Female,[60-70),1,Emergency,6,Discharged/transferred to home with home health service,7,Emergency Room,1,,36,1,12,0,0,0,9,,,No,No,No,>30,0
261432930,Caucasian,Male,[80-90),1,Emergency,1,Discharged to home,7,Emergency Room,2,,43,0,19,0,0,0,8,,,Up,Ch,Yes,>30,0
261561768,Caucasian,Male,[70-80),3,Elective,1,Discharged to home,1,Physician Referral,3,,41,0,10,0,0,0,9,,,No,No,Yes,<30,1
261639318,Caucasian,Female,[40-50),3,Elective,1,Discharged to home,1,Physician Referral,3,,30,0,18,0,0,0,8,,,Up,Ch,Yes,>30,0
261714048,Caucasian,Female,[20-30),1,Emergency,1,Discharged to home,11,Normal Delivery,3,,1,2,4,0,0,0,7,,,Steady,No,Yes,NO,0
261854520,Caucasian,Female,[70-80),3,Elective,1,Discharged to home,1,Physician Referral,1,,18,4,10,0,1,1,9,,,No,No,No,>30,0
261922866,Caucasian,Male,[40-50),3,Elective,1,Discharged to home,1,Physician Referral,2,Surgery-General,52,4,19,0,0,1,9,,,No,No,Yes,NO,0
261982326,Caucasian,Female,[70-80),2,Urgent,6,Discharged/transferred to home with home health service,1,Physician Referral,1,,39,4,20,3,0,1,9,,Norm,No,No,Yes,NO,0
262009836,Caucasian,Female,[70-80),1,Emergency,1,Discharged to home,7,Emergency Room,1,,10,4,17,0,0,0,9,,,No,No,No,<30,1
262140240,Caucasian,Male,[50-60),2,Urgent,1,Discharged to home,1,Physician Referral,6,,37,3,39,0,0,1,7,,,Steady,Ch,Yes,NO,0
262599870,Asian,Male,[60-70),1,Emergency,1,Discharged to home,1,Physician Referral,1,Surgery-General,51,1,8,0,0,0,2,,,No,No,Yes,NO,0
262786266,Caucasian,Female,[70-80),1,Emergency,3,Discharged/transferred to SNF,7,Emergency Room,2,,32,0,14,0,0,0,7,,,Steady,Ch,Yes,NO,0
263032818,Caucasian,Male,[60-70),1,Emergency,2,Discharged/transferred to another short term hospital,7,Emergency Room,1,,52,0,8,0,0,0,8,,>7,Steady,No,Yes,NO,0
263052174,Caucasian,Male,[70-80),1,Emergency,1,Discharged to home,7,Emergency Room,3,,54,0,17,0,0,1,5,,,Down,Ch,Yes,NO,0
263074002,Caucasian,Male,[50-60),1,Emergency,1,Discharged to home,7,Emergency Room,3,,40,0,8,0,0,0,3,,,Steady,No,Yes,NO,0
263110236,Caucasian,Male,[70-80),1,Emergency,6,Discharged/transferred to home with home health service,7,Emergency Room,3,,55,2,25,0,0,0,9,,>7,Steady,Ch,Yes,NO,0
263126088,AfricanAmerican,Female,[70-80),1,Emergency,1,Discharged to home,7,Emergency Room,3,,35,0,14,0,0,0,9,,,Steady,Ch,Yes,NO,0
263133546,Caucasian,Male,[40-50),1,Emergency,1,Discharged to home,7,Emergency Room,1,,75,0,14,1,1,3,7,>300,,No,No,No,>30,0
263347416,,Male,[40-50),1,Emergency,1,Discharged to home,7,Emergency Room,3,,37,6,12,0,0,0,5,,,Steady,Ch,Yes,NO,0
263352438,Caucasian,Male,[40-50),5,Not Available,1,Discharged to home,1,Physician Referral,1,,1,3,17,0,0,1,5,,,No,No,Yes,>30,0
263391828,Caucasian,Female,[70-80),2,Urgent,1,Discharged to home,1,Physician Referral,3,,24,0,9,0,0,0,8,,,Steady,Ch,Yes,>30,0
263613792,Caucasian,Female,[60-70),2,Urgent,1,Discharged to home,7,Emergency Room,5,Emergency/Trauma,72,3,21,1,0,5,9,,,Down,Ch,Yes,<30,1
263656302,Caucasian,Female,[70-80),1,Emergency,1,Discharged to home,7,Emergency Room,2,Emergency/Trauma,1,3,20,0,1,3,9,,,Down,Ch,Yes,<30,1
263694114,Caucasian,Male,[70-80),3,Elective,1,Discharged to home,1,Physician Referral,2,,1,1,19,0,0,0,5,,,No,Ch,Yes,NO,0
263769846,Caucasian,Male,[50-60),3,Elective,1,Discharged to home,1,Physician Referral,2,Cardiology,36,6,21,0,0,1,5,,,Down,Ch,Yes,NO,0
263879712,Other,Female,[40-50),2,Urgent,1,Discharged to home,1,Physician Referral,3,Gastroenterology,35,3,10,0,0,0,9,,,No,Ch,Yes,NO,0
264164430,Caucasian,Female,[60-70),1,Emergency,1,Discharged to home,7,Emergency Room,3,,49,0,11,0,0,2,7,,,Steady,No,Yes,>30,0
264211944,Caucasian,Female,[60-70),3,Elective,1,Discharged to home,1,Physician Referral,3,,3,1,29,0,0,0,7,,,No,No,No,NO,0
264337914,Asian,Male,[70-80),2,Urgent,11,Expired,7,Emergency Room,6,Emergency/Trauma,45,2,10,0,0,3,9,,,No,No,No,NO,0
264463194,Caucasian,Female,[90-100),1,Emergency,24,Discharged/transferred to a nursing facility certified under Medicaid but not certified under Medicare.,7,Emergency Room,2,,43,0,19,0,0,0,9,,,No,No,No,>30,0
264503808,Caucasian,Female,[60-70),1,Emergency,13,Hospice / home,7,Emergency Room,4,,54,1,11,0,0,2,9,,,No,No,No,NO,0
264512148,Caucasian,Female,[60-70),1,Emergency,1,Discharged to home,7,Emergency Room,5,,45,3,23,0,0,1,9,,,Down,Ch,Yes,>30,0
264542742,Caucasian,Male,[50-60),1,Emergency,6,Discharged/transferred to home with home health service,7,Emergency Room,5,Family/GeneralPractice,55,3,29,0,0,2,9,,,Down,Ch,Yes,<30,1
264585816,Caucasian,Male,[50-60),3,Elective,1,Discharged to home,1,Physician Referral,3,,29,2,14,0,0,0,5,,,No,Ch,Yes,NO,0
264661344,Caucasian,Male,[40-50),2,Urgent,1,Discharged to home,1,Physician Referral,1,,1,1,10,0,0,0,5,,,Steady,Ch,Yes,NO,0
264713610,,Male,[80-90),1,Emergency,3,Discharged/transferred to SNF,7,Emergency Room,3,,38,0,16,2,0,0,8,,>8,Steady,No,Yes,NO,0
264744264,Caucasian,Male,[80-90),2,Urgent,3,Discharged/transferred to SNF,7,Emergency Room,3,Surgery-General,39,0,14,0,0,1,9,,Norm,No,Ch,Yes,>30,0
264761730,Caucasian,Female,[40-50),3,Elective,1,Discharged to home,7,Emergency Room,4,Emergency/Trauma,56,0,9,0,0,2,6,,,No,No,Yes,NO,0
264818094,Caucasian,Male,[60-70),2,Urgent,1,Discharged to home,7,Emergency Room,4,Emergency/Trauma,44,0,8,0,0,0,9,,,Down,Ch,Yes,NO,0
265004508,Caucasian,Male,[60-70),2,Urgent,1,Discharged to home,1,Physician Referral,4,Radiologist,1,6,13,1,0,0,8,,,No,No,No,>30,0
265056936,Caucasian,Male,[80-90),3,Elective,1,Discharged to home,1,Physician Referral,3,Cardiology,5,0,8,0,0,0,8,,,No,No,Yes,>30,0
265188222,Caucasian,Male,[50-60),2,Urgent,1,Discharged to home,4,Transfer from a hospital,1,Radiologist,3,3,6,0,0,0,6,,,Steady,No,Yes,<30,1
265271358,Caucasian,Male,[70-80),1,Emergency,1,Discharged to home,7,Emergency Room,3,,49,6,21,0,0,0,9,,,No,No,Yes,NO,0
265298280,Hispanic,Male,[50-60),1,Emergency,1,Discharged to home,7,Emergency Room,5,,66,0,14,0,0,0,9,,,No,No,Yes,>30,0
265317822,Caucasian,Male,[70-80),1,Emergency,1,Discharged to home,7,Emergency Room,3,,60,0,17,0,0,0,9,,,Steady,Ch,Yes,NO,0
265339188,AfricanAmerican,Male,[50-60),1,Emergency,1,Discharged to home,7,Emergency Room,8,,72,1,23,0,2,2,9,,,Down,Ch,Yes,<30,1
265391430,Other,Female,[60-70),3,Elective,1,Discharged to home,1,Physician Referral,1,Neurology,22,6,26,0,0,0,4,,,Up,Ch,Yes,NO,0
265448568,Caucasian,Female,[70-80),1,Emergency,3,Discharged/transferred to SNF,6,Transfer from another health care facility,7,,59,2,14,0,0,2,9,,,Steady,No,Yes,>30,0
265623576,Caucasian,Male,[40-50),1,Emergency,6,Discharged/transferred to home with home health service,7,Emergency Room,6,,65,2,13,0,0,0,6,,>8,No,Ch,Yes,NO,0
265773378,Caucasian,Female,[80-90),1,Emergency,1,Discharged to home,7,Emergency Room,3,,64,0,9,0,0,0,5,,,Steady,No,Yes,NO,0
265778700,Caucasian,Male,[90-100),2,Urgent,3,Discharged/transferred to SNF,7,Emergency Room,8,Emergency/Trauma,53,1,27,0,3,0,9,,,Up,Ch,Yes,>30,0
265804440,Caucasian,Female,[40-50),1,Emergency,1,Discharged to home,7,Emergency Room,1,,1,1,11,0,0,0,8,,,No,Ch,Yes,>30,0
265856034,Caucasian,Male,[40-50),1,Emergency,2,Discharged/transferred to another short term hospital,7,Emergency Room,5,,43,4,18,0,0,0,8,,,Up,Ch,Yes,>30,0
266114304,Caucasian,Female,[40-50),2,Urgent,1,Discharged to home,7,Emergency Room,2,Emergency/Trauma,34,3,6,0,0,0,5,,,No,No,No,NO,0
266207532,Caucasian,Male,[30-40),1,Emergency,1,Discharged to home,7,Emergency Room,4,Emergency/Trauma,56,1,25,0,0,0,9,,>8,Up,Ch,Yes,>30,0
266691588,Caucasian,Male,[70-80),2,Urgent,1,Discharged to home,4,Transfer from a hospital,2,,31,1,16,0,0,0,9,,,Steady,No,Yes,<30,1
266711988,Caucasian,Male,[60-70),3,Elective,1,Discharged to home,1,Physician Referral,3,Hospitalist,39,2,15,0,0,0,9,,,Steady,Ch,Yes,NO,0
266773044,Caucasian,Female,[90-100),1,Emergency,3,Discharged/transferred to SNF,7,Emergency Room,3,,33,0,13,2,1,0,9,,,Steady,Ch,Yes,>30,0
266782692,AfricanAmerican,Male,[80-90),3,Elective,6,Discharged/transferred to home with home health service,1,Physician Referral,5,,42,3,22,0,0,1,7,,,No,No,Yes,NO,0
267235284,Caucasian,Male,[80-90),1,Emergency,1,Discharged to home,7,Emergency Room,6,,40,0,20,0,0,0,9,,,Down,Ch,Yes,>30,0
267308232,Caucasian,Female,[70-80),1,Emergency,1,Discharged to home,7,Emergency Room,2,Emergency/Trauma,8,0,10,0,1,0,9,,,Down,Ch,Yes,NO,0
267360132,Caucasian,Male,[60-70),3,Elective,1,Discharged to home,1,Physician Referral,1,,70,5,11,0,0,1,8,,,No,Ch,Yes,NO,0
267365004,Caucasian,Female,[70-80),1,Emergency,13,Hospice / home,7,Emergency Room,1,,1,0,15,0,0,0,9,,,No,No,Yes,>30,0
267441792,Caucasian,Male,[70-80),1,Emergency,1,Discharged to home,7,Emergency Room,4,,51,0,11,4,0,0,9,,,Up,Ch,Yes,>30,0
267507324,Caucasian,Male,[70-80),1,Emergency,1,Discharged to home,7,Emergency Room,4,Pulmonology,60,0,14,4,1,1,9,,,No,No,Yes,NO,0
267688218,Caucasian,Female,[50-60),1,Emergency,1,Discharged to home,7,Emergency Room,1,,25,0,9,0,1,2,6,,,No,No,No,>30,0
267930756,AfricanAmerican,Female,[80-90),1,Emergency,3,Discharged/transferred to SNF,7,Emergency Room,1,,33,0,14,0,1,1,9,,,Steady,No,Yes,<30,1
267972378,,Male,[70-80),1,Emergency,1,Discharged to home,7,Emergency Room,4,,11,0,13,0,0,0,9,,,No,No,Yes,>30,0
268021152,Caucasian,Male,[80-90),2,Urgent,1,Discharged to home,1,Physician Referral,4,Cardiology,75,0,14,0,0,0,9,,,No,No,No,NO,0
268141278,Caucasian,Female,[80-90),3,Elective,22,Discharged/transferred to another rehab fac including rehab units of a hospital .,1,Physician Referral,7,Radiologist,48,3,44,0,0,0,9,,,No,No,No,>30,0
268305450,Asian,Male,[50-60),1,Emergency,1,Discharged to home,7,Emergency Room,5,InternalMedicine,49,2,28,0,0,0,9,,,No,No,Yes,NO,0
268423320,Caucasian,Male,[50-60),2,Urgent,1,Discharged to home,4,Transfer from a hospital,1,,23,5,3,0,2,0,6,,,Steady,No,Yes,NO,0
268617750,Caucasian,Male,[50-60),3,Elective,1,Discharged to home,1,Physician Referral,4,Family/GeneralPractice,60,0,8,0,0,0,9,,>8,Steady,Ch,Yes,NO,0
268670820,Caucasian,Female,[80-90),2,Urgent,1,Discharged to home,7,Emergency Room,5,Emergency/Trauma,48,1,16,2,0,3,9,,,Down,Ch,Yes,NO,0
268697172,Caucasian,Male,[80-90),1,Emergency,6,Discharged/transferred to home with home health service,7,Emergency Room,3,,63,0,17,0,1,0,9,,,No,Ch,Yes,NO,0
268723890,Caucasian,Male,[60-70),3,Elective,6,Discharged/transferred to home with home health service,1,Physician Referral,3,,7,1,15,0,0,0,5,,,No,Ch,Yes,NO,0
268800228,AfricanAmerican,Female,[70-80),1,Emergency,6,Discharged/transferred to home with home health service,7,Emergency Room,4,,61,1,29,2,1,1,9,,,No,No,Yes,>30,0
268819410,Caucasian,Male,[90-100),1,Emergency,3,Discharged/transferred to SNF,7,Emergency Room,4,,32,0,15,4,2,1,9,,,Up,Ch,Yes,<30,1
268898916,Caucasian,Male,[30-40),3,Elective,1,Discharged to home,1,Physician Referral,1,Surgery-General,29,1,14,0,0,2,9,,,No,No,Yes,NO,0
269038440,Caucasian,Female,[60-70),1,Emergency,1,Discharged to home,7,Emergency Room,5,,54,0,29,0,0,3,9,,,Steady,Ch,Yes,NO,0
269082042,AfricanAmerican,Female,[60-70),1,Emergency,3,Discharged/transferred to SNF,7,Emergency Room,2,,37,0,13,0,1,1,9,,,Down,Ch,Yes,>30,0
269096094,Caucasian,Female,[70-80),1,Emergency,13,Hospice / home,7,Emergency Room,2,InternalMedicine,47,0,17,0,1,4,9,,,Down,Ch,Yes,>30,0
269303802,Caucasian,Female,[60-70),2,Urgent,3,Discharged/transferred to SNF,1,Physician Referral,5,Nephrology,50,3,16,0,0,3,9,,>8,Down,Ch,Yes,NO,0
269415402,Caucasian,Female,[60-70),3,Elective,6,Discharged/transferred to home with home health service,1,Physician Referral,9,,59,6,37,0,0,1,9,,,Up,Ch,Yes,NO,0
269660058,Caucasian,Female,[40-50),1,Emergency,1,Discharged to home,7,Emergency Room,2,,37,0,11,0,0,0,9,,,No,No,No,NO,0
269796240,AfricanAmerican,Female,[30-40),3,Elective,1,Discharged to home,1,Physician Referral,10,,11,6,12,0,0,0,9,,,Steady,No,Yes,>30,0
269859594,AfricanAmerican,Male,[70-80),1,Emergency,13,Hospice / home,7,Emergency Room,5,,66,2,19,0,0,0,9,,,No,Ch,Yes,NO,0
269875968,Caucasian,Male,[40-50),1,Emergency,1,Discharged to home,7,Emergency Room,6,,50,0,20,0,1,0,9,,,Steady,Ch,Yes,>30,0
269941932,Caucasian,Female,[70-80),1,Emergency,1,Discharged to home,7,Emergency Room,2,,4,0,7,0,0,0,7,,,Steady,No,Yes,NO,0
269957382,Asian,Female,[60-70),2,Urgent,1,Discharged to home,7,Emergency Room,4,Emergency/Trauma,55,3,13,0,0,0,9,,,Down,Ch,Yes,NO,0
269966838,Caucasian,Female,[80-90),1,Emergency,3,Discharged/transferred to SNF,7,Emergency Room,3,InternalMedicine,39,0,19,0,0,1,8,,,Up,Ch,Yes,NO,0
270009852,Caucasian,Male,[60-70),1,Emergency,6,Discharged/transferred to home with home health service,7,Emergency Room,4,,27,0,17,4,0,2,9,,,Steady,No,Yes,>30,0
270033060,,Female,[70-80),1,Emergency,3,Discharged/transferred to SNF,7,Emergency Room,4,,67,0,28,1,0,2,9,,,Steady,No,Yes,>30,0
270054792,Caucasian,Male,[70-80),1,Emergency,3,Discharged/transferred to SNF,7,Emergency Room,4,,42,0,15,12,0,0,9,,,No,No,No,>30,0
270154674,Caucasian,Male,[60-70),3,Elective,1,Discharged to home,1,Physician Referral,3,Radiologist,30,6,12,0,0,0,9,,,Down,Ch,Yes,>30,0
270194958,Caucasian,Male,[60-70),2,Urgent,3,Discharged/transferred to SNF,1,Physician Referral,3,,54,3,15,0,0,0,4,,,Steady,Ch,Yes,NO,0
270238278,Caucasian,Male,[60-70),1,Emergency,1,Discharged to home,7,Emergency Room,3,,34,0,11,0,1,0,9,,,No,Ch,Yes,NO,0
270332886,Caucasian,Female,[60-70),6,NULL,1,Discharged to home,17,NULL,2,Orthopedics-Reconstructive,43,2,30,0,0,1,9,,,No,Ch,Yes,NO,0
270393642,Caucasian,Male,[60-70),1,Emergency,1,Discharged to home,7,Emergency Room,2,,75,0,16,0,0,0,9,,Norm,Steady,No,Yes,NO,0
270623910,,Female,[80-90),1,Emergency,1,Discharged to home,7,Emergency Room,1,,30,0,13,1,0,1,6,,,No,No,Yes,NO,0
270885516,Caucasian,Female,[90-100),3,Elective,1,Discharged to home,1,Physician Referral,2,,36,0,12,0,0,0,7,,,Steady,Ch,Yes,<30,1
270888660,Caucasian,Male,[80-90),1,Emergency,3,Discharged/transferred to SNF,7,Emergency Room,13,Cardiology,76,5,30,0,0,0,9,,,No,Ch,Yes,>30,0
270892422,Caucasian,Female,[70-80),3,Elective,1,Discharged to home,1,Physician Referral,5,,29,1,29,1,0,1,9,,,Down,Ch,Yes,NO,0
270945618,AfricanAmerican,Female,[40-50),1,Emergency,1,Discharged to home,7,Emergency Room,4,,1,0,11,0,0,0,4,,,Steady,Ch,Yes,NO,0
271172682,Caucasian,Male,[60-70),3,Elective,3,Discharged/transferred to SNF,1,Physician Referral,5,,1,1,17,0,0,0,5,,,Steady,Ch,Yes,<30,1
271408686,Caucasian,Male,[70-80),1,Emergency,22,Discharged/transferred to another rehab fac including rehab units of a hospital .,7,Emergency Room,3,,6,0,22,0,0,0,9,,,Steady,Ch,Yes,<30,1
271411650,Caucasian,Female,[60-70),2,Urgent,1,Discharged to home,1,Physician Referral,2,,48,1,11,3,3,2,9,,,No,Ch,Yes,>30,0
271489422,Caucasian,Male,[70-80),1,Emergency,3,Discharged/transferred to SNF,7,Emergency Room,4,,42,0,20,0,0,2,9,,,Up,Ch,Yes,>30,0
271491216,Caucasian,Male,[80-90),1,Emergency,3,Discharged/transferred to SNF,7,Emergency Room,4,,48,0,19,0,0,0,9,,>8,Up,Ch,Yes,>30,0
271493202,Caucasian,Female,[80-90),1,Emergency,3,Discharged/transferred to SNF,7,Emergency Room,5,,47,4,25,1,0,0,9,,,Up,Ch,Yes,>30,0
271516698,Caucasian,Female,[40-50),1,Emergency,1,Discharged to home,7,Emergency Room,7,Emergency/Trauma,63,2,23,0,2,1,9,,,Up,Ch,Yes,>30,0
271536366,Caucasian,Female,[80-90),1,Emergency,23,Discharged/transferred to a long term care hospital.,7,Emergency Room,5,,61,4,22,0,0,2,9,,>7,No,No,No,NO,0
271760346,Caucasian,Male,[80-90),3,Elective,1,Discharged to home,1,Physician Referral,2,Urology,29,0,7,0,0,1,8,,,No,No,Yes,NO,0
271969878,Caucasian,Male,[70-80),1,Emergency,1,Discharged to home,7,Emergency Room,1,,19,0,6,0,0,1,9,,,No,No,Yes,>30,0
271979166,Caucasian,Female,[50-60),1,Emergency,1,Discharged to home,7,Emergency Room,1,,36,0,16,0,0,1,5,,,Up,Ch,Yes,>30,0
272053980,Caucasian,Male,[80-90),1,Emergency,1,Discharged to home,7,Emergency Room,2,,22,0,5,0,0,0,9,,,No,No,Yes,NO,0
272089416,Caucasian,Female,[20-30),2,Urgent,1,Discharged to home,7,Emergency Room,3,Emergency/Trauma,50,0,12,0,0,0,9,,>8,No,No,No,>30,0
272099658,Caucasian,Female,[50-60),1,Emergency,1,Discharged to home,7,Emergency Room,1,,2,1,15,0,0,0,3,,,Up,Ch,Yes,NO,0
272341200,AfricanAmerican,Female,[40-50),1,Emergency,1,Discharged to home,7,Emergency Room,5,,11,1,8,1,4,6,9,,,Steady,No,Yes,<30,1
272388918,Caucasian,Female,[80-90),2,Urgent,3,Discharged/transferred to SNF,7,Emergency Room,6,Surgery-General,39,3,12,0,0,0,8,,,Up,Ch,Yes,NO,0
272442288,Caucasian,Female,[60-70),3,Elective,1,Discharged to home,1,Physician Referral,1,,27,2,10,0,0,0,6,,,No,No,No,NO,0
272625300,Caucasian,Female,[60-70),1,Emergency,1,Discharged to home,7,Emergency Room,5,,64,6,29,0,0,0,9,,Norm,Up,Ch,Yes,>30,0
272638212,Caucasian,Female,[70-80),2,Urgent,1,Discharged to home,7,Emergency Room,6,Emergency/Trauma,61,1,15,0,3,2,9,,,No,No,Yes,>30,0
272987082,Caucasian,Female,[50-60),1,Emergency,1,Discharged to home,7,Emergency Room,1,,1,1,15,0,0,0,8,,,No,No,Yes,NO,0
273060642,Hispanic,Female,[60-70),1,Emergency,1,Discharged to home,1,Physician Referral,2,InternalMedicine,44,0,12,0,0,0,9,,>8,No,No,No,NO,0
273244188,Caucasian,Male,[70-80),3,Elective,1,Discharged to home,1,Physician Referral,3,,37,2,8,0,0,0,9,,,No,No,No,NO,0
273263310,Caucasian,Male,[50-60),2,Urgent,1,Discharged to home,7,Emergency Room,12,Emergency/Trauma,62,2,24,0,0,0,9,,>8,Up,Ch,Yes,>30,0
273272058,Caucasian,Male,[60-70),2,Urgent,1,Discharged to home,4,Transfer from a hospital,7,,35,0,18,0,0,1,9,,,Steady,Ch,Yes,NO,0
273333900,Caucasian,Male,[40-50),1,Emergency,1,Discharged to home,7,Emergency Room,4,,39,1,12,0,0,0,9,,,Up,Ch,Yes,NO,0
273368238,Caucasian,Male,[70-80),1,Emergency,1,Discharged to home,7,Emergency Room,2,,52,0,14,0,0,0,8,,,Down,Ch,Yes,NO,0
273603270,AfricanAmerican,Female,[60-70),1,Emergency,1,Discharged to home,7,Emergency Room,7,,54,0,18,0,0,0,9,,,Up,Ch,Yes,NO,0
273702270,AfricanAmerican,Male,[50-60),1,Emergency,1,Discharged to home,7,Emergency Room,5,,9,1,19,6,1,2,9,,,No,No,No,NO,0
273926436,Caucasian,Female,[60-70),1,Emergency,1,Discharged to home,7,Emergency Room,3,,56,0,12,1,0,0,9,,>8,Up,Ch,Yes,>30,0
274033434,Caucasian,Female,[60-70),3,Elective,3,Discharged/transferred to SNF,1,Physician Referral,5,,33,2,31,0,0,1,8,,,Steady,Ch,Yes,NO,0
274136526,Caucasian,Male,[50-60),3,Elective,1,Discharged to home,1,Physician Referral,10,,51,6,33,0,0,0,9,,,Steady,Ch,Yes,>30,0
274420290,Caucasian,Male,[70-80),1,Emergency,1,Discharged to home,7,Emergency Room,4,,55,0,7,0,0,0,9,,,No,No,Yes,NO,0
274451406,Caucasian,Female,[20-30),3,Elective,1,Discharged to home,1,Physician Referral,2,,10,2,4,0,0,0,6,,,Down,Ch,Yes,NO,0
274474056,Caucasian,Male,[70-80),1,Emergency,1,Discharged to home,7,Emergency Room,1,Family/GeneralPractice,53,1,11,0,1,0,8,,,No,Ch,Yes,NO,0
274493088,Caucasian,Female,[40-50),1,Emergency,2,Discharged/transferred to another short term hospital,7,Emergency Room,3,,74,0,35,0,0,0,9,,,Down,Ch,Yes,>30,0
274507926,Caucasian,Female,[80-90),1,Emergency,6,Discharged/transferred to home with home health service,7,Emergency Room,7,,61,3,40,1,1,2,9,,,No,No,Yes,>30,0
274563504,Caucasian,Female,[50-60),1,Emergency,1,Discharged to home,7,Emergency Room,2,,37,0,9,0,0,4,7,,,Down,Ch,Yes,>30,0
274592322,Caucasian,Male,[80-90),2,Urgent,6,Discharged/transferred to home with home health service,1,Physician Referral,3,,56,0,20,0,0,1,9,,,Steady,No,Yes,>30,0
274592916,AfricanAmerican,Female,[80-90),2,Urgent,3,Discharged/transferred to SNF,7,Emergency Room,2,Emergency/Trauma,79,0,3,0,0,1,9,,,Down,Ch,Yes,>30,0
274612596,AfricanAmerican,Male,[70-80),1,Emergency,1,Discharged to home,7,Emergency Room,5,,63,0,16,0,0,0,9,,,Up,Ch,Yes,NO,0
274626246,Hispanic,Female,[40-50),2,Urgent,6,Discharged/transferred to home with home health service,7,Emergency Room,4,Surgery-General,69,1,21,0,0,0,5,,Norm,Steady,No,Yes,NO,0
274631796,Caucasian,Male,[30-40),1,Emergency,1,Discharged to home,7,Emergency Room,2,,48,0,13,3,7,4,9,,,No,No,No,>30,0
274671750,Caucasian,Female,[50-60),2,Urgent,1,Discharged to home,1,Physician Referral,3,,6,5,24,1,0,0,6,,,Steady,Ch,Yes,NO,0
274870098,AfricanAmerican,Female,[50-60),1,Emergency,1,Discharged to home,7,Emergency Room,4,,49,2,17,0,0,1,9,,,No,No,No,>30,0
274969662,Caucasian,Female,[60-70),6,NULL,1,Discharged to home,17,NULL,2,Cardiology,34,6,18,0,0,0,9,,,Up,Ch,Yes,NO,0
275049246,Caucasian,Female,[90-100),1,Emergency,6,Discharged/transferred to home with home health service,7,Emergency Room,3,,80,0,14,0,0,1,9,,,No,No,No,NO,0
275178252,Caucasian,Male,[50-60),1,Emergency,6,Discharged/transferred to home with home health service,7,Emergency Room,8,Emergency/Trauma,45,3,20,0,0,4,9,,,Up,Ch,Yes,NO,0
275313552,Caucasian,Male,[60-70),2,Urgent,1,Discharged to home,1,Physician Referral,1,,68,0,15,1,0,0,9,,,Steady,No,Yes,>30,0
275391774,AfricanAmerican,Male,[40-50),2,Urgent,1,Discharged to home,7,Emergency Room,5,,35,0,11,0,2,0,9,,>8,Up,Ch,Yes,NO,0
275398110,Caucasian,Female,[70-80),1,Emergency,1,Discharged to home,7,Emergency Room,2,InternalMedicine,61,0,22,0,0,1,9,,,No,No,No,NO,0
275418816,AfricanAmerican,Male,[40-50),2,Urgent,1,Discharged to home,7,Emergency Room,1,Emergency/Trauma,15,1,12,0,0,0,6,,,No,No,Yes,NO,0
275865810,Caucasian,Female,[70-80),1,Emergency,1,Discharged to home,7,Emergency Room,4,,45,0,9,0,0,0,9,,,Steady,No,Yes,<30,1
275901090,Caucasian,Female,[80-90),1,Emergency,6,Discharged/transferred to home with home health service,7,Emergency Room,4,,53,6,25,1,0,4,9,,,No,No,Yes,<30,1
275947032,Caucasian,Female,[70-80),2,Urgent,4,Discharged/transferred to ICF,7,Emergency Room,4,Emergency/Trauma,65,1,12,0,2,4,9,,,No,No,No,NO,0
276021240,Caucasian,Male,[90-100),1,Emergency,11,Expired,7,Emergency Room,1,Emergency/Trauma,67,2,15,0,0,1,9,,,Steady,No,Yes,NO,0
276043200,Caucasian,Male,[80-90),1,Emergency,3,Discharged/transferred to SNF,7,Emergency Room,3,,47,0,12,0,0,0,6,,,No,No,No,NO,0
276053058,Caucasian,Male,[60-70),1,Emergency,1,Discharged to home,7,Emergency Room,3,,36,3,9,0,0,0,9,,,Steady,Ch,Yes,NO,0
276300036,Caucasian,Male,[80-90),2,Urgent,1,Discharged to home,7,Emergency Room,9,Emergency/Trauma,67,1,12,0,0,0,9,,Norm,Steady,No,Yes,NO,0
276321732,Caucasian,Male,[60-70),2,Urgent,1,Discharged to home,1,Physician Referral,4,,42,2,13,0,0,0,9,,,Steady,No,Yes,NO,0
276389868,Caucasian,Male,[60-70),1,Emergency,3,Discharged/transferred to SNF,7,Emergency Room,6,,65,0,22,0,0,0,9,,,Steady,No,Yes,NO,0
276668052,Caucasian,Female,[70-80),2,Urgent,1,Discharged to home,7,Emergency Room,7,Emergency/Trauma,65,6,26,1,1,0,9,,,Down,Ch,Yes,>30,0
276707130,AfricanAmerican,Female,[50-60),3,Elective,1,Discharged to home,1,Physician Referral,3,,55,0,22,0,0,0,9,,>8,Up,Ch,Yes,>30,0
276986856,Caucasian,Male,[40-50),3,Elective,1,Discharged to home,1,Physician Referral,5,Neurology,27,5,19,0,0,0,6,,,Up,Ch,Yes,NO,0
277006356,Caucasian,Female,[80-90),2,Urgent,3,Discharged/transferred to SNF,7,Emergency Room,1,,67,1,7,0,0,0,7,,,No,No,No,NO,0
277193700,Caucasian,Female,[50-60),1,Emergency,1,Discharged to home,7,Emergency Room,3,,37,0,13,0,0,0,9,,>8,Up,Ch,Yes,NO,0
277221270,Caucasian,Male,[50-60),1,Emergency,1,Discharged to home,7,Emergency Room,8,,77,2,37,0,1,1,9,,,No,No,No,<30,1
277484748,Caucasian,Female,[70-80),1,Emergency,1,Discharged to home,7,Emergency Room,5,,67,0,5,0,0,0,8,,,No,No,Yes,NO,0
277502634,Caucasian,Male,[60-70),1,Emergency,6,Discharged/transferred to home with home health service,7,Emergency Room,9,,78,1,37,7,0,4,9,,,No,Ch,Yes,>30,0
277571238,Caucasian,Male,[60-70),1,Emergency,3,Discharged/transferred to SNF,7,Emergency Room,6,,72,2,28,0,0,0,9,,,No,No,Yes,>30,0
277610034,Caucasian,Female,[60-70),1,Emergency,1,Discharged to home,7,Emergency Room,6,,47,0,17,0,0,1,9,,,No,No,No,>30,0
277612920,Caucasian,Female,[80-90),1,Emergency,1,Discharged to home,7,Emergency Room,2,,39,0,16,0,0,0,9,,,Steady,No,Yes,<30,1
277839198,Caucasian,Female,[90-100),1,Emergency,11,Expired,7,Emergency Room,5,Emergency/Trauma,77,2,14,0,0,0,9,,,Down,Ch,Yes,NO,0
277850292,Caucasian,Male,[30-40),1,Emergency,1,Discharged to home,7,Emergency Room,5,,75,2,30,1,0,0,9,,>8,No,No,No,>30,0
277917954,Caucasian,Female,[60-70),1,Emergency,6,Discharged/transferred to home with home health service,7,Emergency Room,4,,38,0,19,1,1,0,7,,,No,Ch,Yes,>30,0
278525394,Caucasian,Male,[60-70),6,NULL,1,Discharged to home,17,NULL,2,,13,1,30,0,0,0,9,,,Steady,Ch,Yes,NO,0
278531646,Caucasian,Male,[70-80),3,Elective,13,Hospice / home,1,Physician Referral,2,Hematology,57,2,11,0,0,1,7,,,Down,Ch,Yes,NO,0
278754252,AfricanAmerican,Female,[30-40),1,Emergency,1,Discharged to home,7,Emergency Room,6,,60,1,26,0,11,4,8,,,Down,Ch,Yes,<30,1
279116220,Asian,Female,[50-60),1,Emergency,1,Discharged to home,7,Emergency Room,4,,49,2,26,0,1,1,9,,Norm,Down,Ch,Yes,>30,0
279144426,Caucasian,Male,[70-80),1,Emergency,6,Discharged/transferred to home with home health service,7,Emergency Room,2,,13,0,19,0,0,1,9,,,No,No,Yes,NO,0
279165042,Caucasian,Female,[60-70),3,Elective,1,Discharged to home,1,Physician Referral,4,Surgery-General,2,0,16,0,0,0,9,,,Up,Ch,Yes,>30,0
279192678,Caucasian,Female,[80-90),1,Emergency,3,Discharged/transferred to SNF,7,Emergency Room,7,,73,6,18,3,0,0,9,,,No,No,Yes,NO,0
279210102,Caucasian,Female,[50-60),1,Emergency,6,Discharged/transferred to home with home health service,7,Emergency Room,3,InternalMedicine,46,4,16,0,0,0,9,,,Down,Ch,Yes,<30,1
279272994,Caucasian,Male,[80-90),1,Emergency,3,Discharged/transferred to SNF,7,Emergency Room,3,,54,0,11,0,1,3,6,,,Up,Ch,Yes,NO,0
279481560,Caucasian,Female,[60-70),3,Elective,1,Discharged to home,1,Physician Referral,2,,1,0,5,0,0,0,9,,,No,No,Yes,NO,0
279506604,Caucasian,Female,[50-60),3,Elective,3,Discharged/transferred to SNF,1,Physician Referral,2,Orthopedics,25,0,20,1,0,1,6,,,Down,Ch,Yes,>30,0
279561630,Caucasian,Male,[70-80),1,Emergency,1,Discharged to home,7,Emergency Room,3,,55,0,12,0,0,0,9,,,Steady,No,Yes,NO,0
279568980,Caucasian,Female,[60-70),3,Elective,1,Discharged to home,1,Physician Referral,1,Cardiology,1,5,8,0,0,0,9,,,Up,Ch,Yes,NO,0
279679818,AfricanAmerican,Female,[80-90),1,Emergency,1,Discharged to home,7,Emergency Room,3,,35,2,14,0,0,1,9,,,Up,Ch,Yes,NO,0
279850224,Caucasian,Male,[50-60),2,Urgent,1,Discharged to home,7,Emergency Room,1,Emergency/Trauma,34,2,9,0,2,0,9,,,No,Ch,Yes,NO,0
279924528,Caucasian,Female,[70-80),3,Elective,14,Hospice / medical facility,1,Physician Referral,11,Cardiology,35,1,28,0,0,0,9,,,Up,Ch,Yes,NO,0
280252254,Caucasian,Male,[80-90),1,Emergency,6,Discharged/transferred to home with home health service,7,Emergency Room,3,,50,0,17,4,1,2,9,,,No,No,Yes,NO,0
280306830,Caucasian,Male,[70-80),3,Elective,6,Discharged/transferred to home with home health service,1,Physician Referral,6,,47,2,37,0,0,0,9,,,No,No,Yes,NO,0
280492032,Caucasian,Female,[50-60),1,Emergency,1,Discharged to home,7,Emergency Room,2,,62,3,21,3,0,0,9,,,No,No,No,>30,0
280614474,Caucasian,Male,[60-70),3,Elective,1,Discharged to home,1,Physician Referral,10,,52,6,60,0,0,0,9,,>7,Up,Ch,Yes,NO,0
280660176,AfricanAmerican,Female,[70-80),3,Elective,1,Discharged to home,1,Physician Referral,5,Family/GeneralPractice,30,3,23,0,0,3,9,,,Steady,No,Yes,>30,0
280735680,Caucasian,Male,[80-90),2,Urgent,3,Discharged/transferred to SNF,7,Emergency Room,5,Emergency/Trauma,55,3,15,1,0,1,9,,Norm,No,Ch,Yes,>30,0
280749690,Caucasian,Female,[80-90),2,Urgent,3,Discharged/transferred to SNF,7,Emergency Room,12,Emergency/Trauma,84,1,29,0,0,0,9,,>8,Down,Ch,Yes,NO,0
280772412,Caucasian,Female,[70-80),3,Elective,1,Discharged to home,1,Physician Referral,4,,51,0,13,0,0,0,9,,Norm,No,No,No,NO,0
280895292,Caucasian,Male,[80-90),1,Emergency,6,Discharged/transferred to home with home health service,7,Emergency Room,4,,34,1,14,0,0,0,9,,,No,Ch,Yes,>30,0
280897566,Caucasian,Male,[60-70),1,Emergency,1,Discharged to home,7,Emergency Room,3,,30,6,12,0,0,0,5,,,Down,Ch,Yes,NO,0
280959738,Caucasian,Male,[50-60),1,Emergency,3,Discharged/transferred to SNF,7,Emergency Room,3,,48,0,22,0,0,4,9,,,Up,Ch,Yes,>30,0
280977576,Caucasian,Male,[50-60),1,Emergency,1,Discharged to home,7,Emergency Room,4,,38,0,29,0,0,1,9,,,Up,Ch,Yes,>30,0
281035032,Caucasian,Female,[60-70),2,Urgent,1,Discharged to home,7,Emergency Room,1,Emergency/Trauma,42,0,23,4,5,6,9,,,Up,Ch,Yes,>30,0
281098434,Caucasian,Female,[70-80),3,Elective,1,Discharged to home,1,Physician Referral,3,Nephrology,2,0,12,2,0,0,9,,,Down,Ch,Yes,NO,0
281154984,Caucasian,Female,[50-60),3,Elective,1,Discharged to home,4,Transfer from a hospital,3,Cardiology,26,6,27,0,0,0,9,,,Down,Ch,Yes,NO,0
281212506,Caucasian,Female,[70-80),1,Emergency,1,Discharged to home,7,Emergency Room,2,Emergency/Trauma,58,0,13,0,0,0,8,,,No,No,Yes,NO,0
281268258,Caucasian,Male,[30-40),1,Emergency,1,Discharged to home,7,Emergency Room,5,,68,0,9,1,2,2,5,,,No,No,No,>30,0
281300190,AfricanAmerican,Female,[50-60),2,Urgent,1,Discharged to home,7,Emergency Room,7,Surgery-General,44,3,14,0,2,6,9,,,Up,Ch,Yes,<30,1
281566332,Caucasian,Male,[60-70),1,Emergency,1,Discharged to home,7,Emergency Room,3,,42,1,15,4,2,0,8,,,Down,Ch,Yes,>30,0
281879796,Caucasian,Male,[60-70),3,Elective,1,Discharged to home,1,Physician Referral,14,,44,1,30,0,0,0,9,,,Up,Ch,Yes,NO,0
282019464,Caucasian,Female,[60-70),1,Emergency,1,Discharged to home,1,Physician Referral,2,,50,3,24,0,0,1,8,,,No,Ch,Yes,<30,1
282274272,Caucasian,Female,[80-90),6,NULL,1,Discharged to home,17,NULL,5,InternalMedicine,67,4,14,0,1,0,9,,,No,No,Yes,NO,0
282284082,Caucasian,Female,[60-70),3,Elective,6,Discharged/transferred to home with home health service,1,Physician Referral,6,,7,2,28,1,0,0,5,,,No,Ch,Yes,>30,0
282307830,Caucasian,Female,[80-90),1,Emergency,3,Discharged/transferred to SNF,7,Emergency Room,4,,2,2,9,0,0,0,9,,,No,No,No,>30,0
282449832,Caucasian,Female,[70-80),3,Elective,1,Discharged to home,1,Physician Referral,2,,53,0,10,0,0,0,9,,>8,Steady,No,Yes,NO,0
282457896,Caucasian,Female,[70-80),3,Elective,1,Discharged to home,1,Physician Referral,14,Pulmonology,56,2,24,0,0,0,9,,,Up,Ch,Yes,>30,0
282499188,Caucasian,Male,[60-70),1,Emergency,6,Discharged/transferred to home with home health service,7,Emergency Room,3,,3,0,23,2,6,4,9,,,No,No,Yes,>30,0
282577740,Caucasian,Female,[50-60),1,Emergency,2,Discharged/transferred to another short term hospital,7,Emergency Room,4,,57,1,21,2,0,1,9,,Norm,Up,Ch,Yes,NO,0
282632958,,Female,[50-60),1,Emergency,1,Discharged to home,7,Emergency Room,3,,61,0,20,1,0,0,9,,,Down,Ch,Yes,>30,0
282899910,Caucasian,Female,[80-90),1,Emergency,22,Discharged/transferred to another rehab fac including rehab units of a hospital .,7,Emergency Room,3,,62,0,15,3,0,0,8,,,No,Ch,Yes,NO,0
283021170,Caucasian,Female,[60-70),3,Elective,1,Discharged to home,1,Physician Referral,3,Orthopedics,1,1,18,0,0,0,9,,,Steady,Ch,Yes,NO,0
283303062,Caucasian,Male,[70-80),1,Emergency,3,Discharged/transferred to SNF,7,Emergency Room,3,Emergency/Trauma,43,2,10,0,0,1,9,,,Down,Ch,Yes,NO,0
283422678,Caucasian,Male,[70-80),3,Elective,1,Discharged to home,1,Physician Referral,5,,4,2,29,0,0,0,9,,,Steady,Ch,Yes,>30,0
283504008,Caucasian,Female,[60-70),2,Urgent,1,Discharged to home,1,Physician Referral,2,InternalMedicine,1,0,6,0,0,3,9,,,Steady,No,Yes,<30,1
283557876,Caucasian,Male,[70-80),3,Elective,1,Discharged to home,1,Physician Referral,4,Gastroenterology,40,0,4,0,0,0,5,,>8,No,Ch,Yes,NO,0
283656822,Caucasian,Female,[50-60),1,Emergency,1,Discharged to home,7,Emergency Room,6,,53,5,23,1,0,1,9,,,Steady,No,Yes,<30,1
284116752,Caucasian,Female,[60-70),2,Urgent,11,Expired,7,Emergency Room,3,Emergency/Trauma,57,6,20,0,0,2,9,,,Steady,Ch,Yes,NO,0
284139900,AfricanAmerican,Female,[60-70),1,Emergency,1,Discharged to home,7,Emergency Room,1,,43,0,8,5,0,0,7,,>7,No,No,Yes,NO,0
284237670,,Male,[80-90),1,Emergency,1,Discharged to home,7,Emergency Room,5,,45,0,16,0,0,0,9,,,Steady,Ch,Yes,>30,0
284241102,Caucasian,Female,[60-70),1,Emergency,3,Discharged/transferred to SNF,7,Emergency Room,4,,27,1,21,1,0,1,9,,,Up,Ch,Yes,>30,0
284283156,Caucasian,Female,[60-70),1,Emergency,1,Discharged to home,7,Emergency Room,5,,67,0,20,0,0,2,9,,,Steady,Ch,Yes,NO,0
284299104,AfricanAmerican,Male,[60-70),2,Urgent,1,Discharged to home,1,Physician Referral,3,Psychiatry,4,1,12,0,0,2,6,,,Steady,No,Yes,NO,0
284343474,AfricanAmerican,Female,[70-80),1,Emergency,1,Discharged to home,7,Emergency Room,2,,31,0,8,4,0,0,7,,,Up,Ch,Yes,NO,0
284352300,Caucasian,Female,[40-50),1,Emergency,7,Left AMA,7,Emergency Room,6,,72,1,18,0,1,0,5,,,No,No,No,NO,0
284651346,AfricanAmerican,Female,[30-40),3,Elective,1,Discharged to home,1,Physician Referral,1,,28,3,7,0,0,1,9,,,Steady,No,Yes,>30,0
284658294,Caucasian,Female,[70-80),1,Emergency,1,Discharged to home,7,Emergency Room,3,,41,4,16,0,0,0,9,,Norm,No,No,Yes,NO,0
284715864,Caucasian,Female,[60-70),1,Emergency,1,Discharged to home,7,Emergency Room,1,,51,1,21,0,0,0,8,,,No,No,No,>30,0
284869938,AfricanAmerican,Male,[50-60),1,Emergency,1,Discharged to home,7,Emergency Room,1,Family/GeneralPractice,42,0,7,1,0,0,9,,,No,No,Yes,>30,0
284966970,AfricanAmerican,Male,[90-100),1,Emergency,6,Discharged/transferred to home with home health service,7,Emergency Room,3,,33,0,7,0,0,0,9,,,Steady,No,Yes,>30,0
284990118,Caucasian,Male,[70-80),1,Emergency,3,Discharged/transferred to SNF,7,Emergency Room,6,,45,0,17,0,0,0,9,,,Steady,No,Yes,>30,0
285268644,Caucasian,Female,[70-80),1,Emergency,1,Discharged to home,7,Emergency Room,5,,55,2,26,0,0,0,9,,Norm,No,No,No,NO,0
285277752,Caucasian,Female,[50-60),2,Urgent,3,Discharged/transferred to SNF,1,Physician Referral,3,,71,0,16,0,1,1,9,,Norm,Down,Ch,Yes,NO,0
285332154,Caucasian,Female,[50-60),1,Emergency,1,Discharged to home,7,Emergency Room,1,,47,0,9,0,0,0,7,,>7,No,Ch,Yes,>30,0
285422682,Caucasian,Male,[40-50),3,Elective,2,Discharged/transferred to another short term hospital,1,Physician Referral,4,Psychiatry,54,0,14,0,0,3,9,,,No,No,No,NO,0
285637200,Caucasian,Male,[60-70),3,Elective,1,Discharged to home,1,Physician Referral,6,Family/GeneralPractice,66,6,42,0,0,0,9,,>8,No,No,No,NO,0
285726042,Caucasian,Male,[60-70),1,Emergency,1,Discharged to home,7,Emergency Room,4,,32,6,20,0,0,0,7,,,Steady,Ch,Yes,>30,0
285749220,Caucasian,Female,[50-60),1,Emergency,1,Discharged to home,7,Emergency Room,3,,41,0,14,1,0,0,2,,,Up,Ch,Yes,NO,0
285855756,Caucasian,Male,[80-90),6,NULL,1,Discharged to home,17,NULL,2,,61,3,9,0,0,0,9,,,No,No,No,>30,0
285857238,Caucasian,Female,[60-70),1,Emergency,6,Discharged/transferred to home with home health service,1,Physician Referral,1,InternalMedicine,59,1,23,0,0,1,9,,Norm,Steady,Ch,Yes,NO,0
285900018,AfricanAmerican,Male,[60-70),1,Emergency,1,Discharged to home,7,Emergency Room,3,,46,3,18,0,0,0,9,,Norm,No,No,No,NO,0
286131384,Caucasian,Female,[70-80),3,Elective,6,Discharged/transferred to home with home health service,4,Transfer from a hospital,8,Cardiology,67,6,26,0,0,0,9,,>8,Down,Ch,Yes,>30,0
286194870,Caucasian,Male,[50-60),3,Elective,1,Discharged to home,1,Physician Referral,1,Radiologist,8,0,21,0,0,0,9,,,Down,Ch,Yes,NO,0
286516416,AfricanAmerican,Female,[70-80),1,Emergency,1,Discharged to home,7,Emergency Room,1,,15,0,6,0,0,0,9,,,No,No,No,NO,0
286784256,,Female,[80-90),2,Urgent,3,Discharged/transferred to SNF,1,Physician Referral,7,,58,1,21,0,0,2,9,,,Down,Ch,Yes,>30,0
286863150,Caucasian,Male,[50-60),1,Emergency,1,Discharged to home,7,Emergency Room,1,,45,0,16,0,1,3,9,,>8,No,No,No,>30,0
287063994,Caucasian,Female,[60-70),2,Urgent,1,Discharged to home,4,Transfer from a hospital,1,,1,6,18,0,1,0,9,,,Steady,Ch,Yes,NO,0
287185866,AfricanAmerican,Female,[50-60),1,Emergency,1,Discharged to home,7,Emergency Room,6,,50,6,36,1,0,2,9,,,Steady,Ch,Yes,>30,0
287254740,Caucasian,Female,[90-100),1,Emergency,3,Discharged/transferred to SNF,7,Emergency Room,3,,66,0,21,0,0,0,8,,,No,No,No,NO,0
287267832,Caucasian,Female,[70-80),2,Urgent,6,Discharged/transferred to home with home health service,7,Emergency Room,2,Emergency/Trauma,1,2,9,0,0,0,7,,,No,No,No,NO,0
287272518,Caucasian,Female,[80-90),1,Emergency,1,Discharged to home,7,Emergency Room,6,InternalMedicine,69,0,19,1,0,1,9,,,Steady,No,Yes,>30,0
287276268,Caucasian,Female,[70-80),1,Emergency,1,Discharged to home,7,Emergency Room,6,,73,2,22,0,0,0,9,,Norm,Steady,Ch,Yes,NO,0
287300604,Caucasian,Male,[70-80),1,Emergency,1,Discharged to home,7,Emergency Room,3,,56,0,18,0,1,0,9,,>8,Steady,No,Yes,<30,1
287609934,Caucasian,Female,[40-50),1,Emergency,6,Discharged/transferred to home with home health service,7,Emergency Room,5,,41,1,11,0,0,0,8,,>7,Steady,No,Yes,NO,0
287621064,Caucasian,Male,[10-20),1,Emergency,6,Discharged/transferred to home with home health service,7,Emergency Room,7,,67,1,23,0,0,1,5,,,Down,Ch,Yes,NO,0
287624802,Caucasian,Female,[70-80),2,Urgent,3,Discharged/transferred to SNF,7,Emergency Room,5,Family/GeneralPractice,66,2,21,0,0,0,7,,>7,Down,Ch,Yes,>30,0
288191772,Caucasian,Male,[60-70),1,Emergency,1,Discharged to home,7,Emergency Room,1,,5,0,11,0,0,0,8,,,No,No,No,NO,0
288355668,Caucasian,Male,[80-90),2,Urgent,1,Discharged to home,1,Physician Referral,1,,1,2,17,4,1,1,5,,,Steady,No,Yes,>30,0
288374802,Caucasian,Male,[40-50),1,Emergency,1,Discharged to home,7,Emergency Room,2,InternalMedicine,19,6,31,0,0,0,9,,,Up,Ch,Yes,>30,0
288380868,Caucasian,Female,[50-60),1,Emergency,1,Discharged to home,7,Emergency Room,2,InternalMedicine,36,0,20,0,0,2,4,,,Up,Ch,Yes,>30,0
288404004,Caucasian,Female,[70-80),1,Emergency,1,Discharged to home,1,Physician Referral,4,,49,0,11,0,0,0,5,,>8,No,Ch,Yes,>30,0
288571422,Asian,Female,[60-70),2,Urgent,1,Discharged to home,7,Emergency Room,1,Emergency/Trauma,20,1,2,0,0,1,6,,,Steady,No,Yes,>30,0
288895824,Caucasian,Male,[20-30),6,NULL,1,Discharged to home,17,NULL,3,,68,3,16,0,0,0,5,,>8,Up,Ch,Yes,NO,0
288931374,Caucasian,Male,[80-90),1,Emergency,1,Discharged to home,7,Emergency Room,7,,54,2,22,3,0,0,9,,,Steady,No,Yes,>30,0
288984144,Caucasian,Male,[70-80),1,Emergency,3,Discharged/transferred to SNF,7,Emergency Room,7,,54,1,16,0,0,0,5,,,No,No,No,NO,0
289016262,Caucasian,Male,[50-60),1,Emergency,1,Discharged to home,1,Physician Referral,1,InternalMedicine,45,0,11,0,0,0,6,,,No,No,Yes,NO,0
289159992,Caucasian,Female,[70-80),3,Elective,1,Discharged to home,1,Physician Referral,10,,21,0,17,0,0,1,9,,,Up,Ch,Yes,>30,0
289522152,Caucasian,Male,[70-80),2,Urgent,2,Discharged/transferred to another short term hospital,7,Emergency Room,3,Emergency/Trauma,1,0,19,0,2,3,9,,,No,No,No,>30,0
289668966,Caucasian,Female,[70-80),2,Urgent,6,Discharged/transferred to home with home health service,7,Emergency Room,10,Emergency/Trauma,48,6,25,0,0,0,8,,Norm,Steady,No,Yes,>30,0
289676004,Caucasian,Female,[80-90),3,Elective,1,Discharged to home,1,Physician Referral,2,,21,5,17,3,0,0,9,,,No,No,Yes,NO,0
289812732,Caucasian,Male,[60-70),3,Elective,1,Discharged to home,1,Physician Referral,1,InternalMedicine,40,4,15,0,0,0,9,,,Steady,Ch,Yes,NO,0
289927536,AfricanAmerican,Male,[80-90),1,Emergency,6,Discharged/transferred to home with home health service,7,Emergency Room,4,,56,0,12,0,0,0,9,,>7,No,No,No,NO,0
289970844,Caucasian,Female,[60-70),3,Elective,1,Discharged to home,1,Physician Referral,6,Surgery-General,33,1,22,2,2,0,9,,,No,Ch,Yes,>30,0
290077692,Caucasian,Male,[80-90),1,Emergency,1,Discharged to home,7,Emergency Room,3,,47,0,13,0,0,0,9,,,No,Ch,Yes,NO,0
290129382,Caucasian,Male,[80-90),1,Emergency,2,Discharged/transferred to another short term hospital,7,Emergency Room,1,,1,0,14,0,0,0,9,,,Steady,No,Yes,NO,0
290177826,Caucasian,Male,[90-100),2,Urgent,3,Discharged/transferred to SNF,7,Emergency Room,4,,59,0,7,0,1,0,9,,,Steady,Ch,Yes,NO,0
290180694,Caucasian,Male,[60-70),3,Elective,1,Discharged to home,1,Physician Referral,4,,23,1,8,0,0,0,5,,,Up,Ch,Yes,NO,0
290246106,Caucasian,Male,[60-70),1,Emergency,1,Discharged to home,7,Emergency Room,2,InternalMedicine,67,3,12,1,0,1,9,,,Steady,Ch,Yes,>30,0
290549826,Caucasian,Female,[70-80),3,Elective,1,Discharged to home,1,Physician Referral,7,Cardiology,36,2,26,0,1,1,6,,,No,No,No,NO,0
290556036,Caucasian,Male,[50-60),1,Emergency,1,Discharged to home,7,Emergency Room,6,Endocrinology,26,3,3,0,0,0,7,,>8,No,No,No,NO,0
290586228,Caucasian,Male,[80-90),1,Emergency,3,Discharged/transferred to SNF,7,Emergency Room,5,,53,0,19,0,0,0,9,,Norm,Steady,Ch,Yes,NO,0
290599842,Caucasian,Male,[70-80),1,Emergency,3,Discharged/transferred to SNF,7,Emergency Room,3,,1,0,18,0,2,1,9,,,No,No,No,NO,0
290639712,AfricanAmerican,Female,[70-80),3,Elective,3,Discharged/transferred to SNF,1,Physician Referral,8,,61,3,26,1,0,0,6,,,Down,Ch,Yes,<30,1
290668836,Caucasian,Male,[60-70),1,Emergency,1,Discharged to home,7,Emergency Room,3,InternalMedicine,10,0,21,0,1,2,9,,,Down,Ch,Yes,>30,0
290806692,Caucasian,Male,[60-70),2,Urgent,1,Discharged to home,1,Physician Referral,2,,9,0,17,1,1,0,9,,,No,No,Yes,NO,0
290857584,AfricanAmerican,Male,[60-70),3,Elective,1,Discharged to home,1,Physician Referral,3,Cardiology,1,0,7,0,0,1,9,,,No,No,No,NO,0
290875122,Other,Female,[50-60),3,Elective,1,Discharged to home,1,Physician Referral,2,InternalMedicine,21,1,6,0,0,0,4,,,Down,Ch,Yes,NO,0
290895102,Caucasian,Male,[60-70),2,Urgent,1,Discharged to home,1,Physician Referral,1,,39,0,7,0,0,0,7,,Norm,No,No,No,NO,0
290944128,AfricanAmerican,Male,[50-60),1,Emergency,1,Discharged to home,7,Emergency Room,9,,63,2,33,1,2,2,9,,,Steady,Ch,Yes,<30,1
290945010,Caucasian,Male,[80-90),1,Emergency,6,Discharged/transferred to home with home health service,7,Emergency Room,1,,59,0,13,0,1,0,9,,,No,No,No,<30,1
291064656,Caucasian,Female,[60-70),2,Urgent,1,Discharged to home,4,Transfer from a hospital,1,Radiologist,19,3,18,0,0,0,9,,,Steady,Ch,Yes,NO,0
291127350,AfricanAmerican,Female,[70-80),3,Elective,3,Discharged/transferred to SNF,1,Physician Referral,9,Cardiology,62,2,18,3,0,0,9,,Norm,Up,Ch,Yes,NO,0
291189798,Caucasian,Female,[40-50),1,Emergency,1,Discharged to home,7,Emergency Room,2,,30,2,11,0,0,1,9,,,Steady,No,Yes,>30,0
291210678,Caucasian,Female,[70-80),1,Emergency,3,Discharged/transferred to SNF,7,Emergency Room,3,,1,3,12,0,0,2,9,,,Steady,No,Yes,NO,0
291424236,Caucasian,Male,[70-80),1,Emergency,6,Discharged/transferred to home with home health service,7,Emergency Room,5,,47,0,20,5,1,1,9,>300,,Steady,Ch,Yes,<30,1
291468822,AfricanAmerican,Female,[50-60),1,Emergency,1,Discharged to home,7,Emergency Room,2,InternalMedicine,45,3,9,0,0,0,4,,,Steady,Ch,Yes,NO,0
291495126,Caucasian,Male,[80-90),1,Emergency,3,Discharged/transferred to SNF,7,Emergency Room,5,,52,0,17,1,0,1,9,,,Steady,No,Yes,NO,0
291715152,Hispanic,Male,[30-40),6,NULL,1,Discharged to home,1,Physician Referral,1,InternalMedicine,28,3,2,0,0,0,6,Norm,,No,No,No,NO,0
291779550,AfricanAmerican,Female,[40-50),5,Not Available,1,Discharged to home,1,Physician Referral,5,,41,2,22,0,0,0,7,,,No,No,No,NO,0
291786024,Caucasian,Female,[80-90),2,Urgent,22,Discharged/transferred to another rehab fac including rehab units of a hospital .,7,Emergency Room,5,Emergency/Trauma,40,1,10,0,0,0,9,,,Up,Ch,Yes,NO,0
291975978,,Male,[40-50),3,Elective,6,Discharged/transferred to home with home health service,1,Physician Referral,3,,17,0,8,0,2,2,9,,,Up,Ch,Yes,>30,0
292032168,Caucasian,Male,[80-90),1,Emergency,6,Discharged/transferred to home with home health service,7,Emergency Room,2,,31,0,15,0,0,1,6,,,Up,Ch,Yes,NO,0
292036860,Caucasian,Male,[70-80),1,Emergency,1,Discharged to home,7,Emergency Room,2,,1,0,15,0,0,4,9,,,No,No,No,>30,0
292046988,Caucasian,Male,[60-70),1,Emergency,6,Discharged/transferred to home with home health service,7,Emergency Room,2,,30,0,26,0,1,2,7,,,No,No,Yes,NO,0
292114260,AfricanAmerican,Female,[50-60),1,Emergency,1,Discharged to home,7,Emergency Room,1,Pediatrics,65,0,14,0,0,0,9,,>8,No,No,Yes,>30,0
292279992,Caucasian,Male,[80-90),2,Urgent,1,Discharged to home,1,Physician Referral,2,,42,0,4,0,0,0,9,,,No,No,No,>30,0
292602354,Caucasian,Female,[70-80),1,Emergency,1,Discharged to home,7,Emergency Room,2,,65,0,21,0,0,0,9,,,Steady,Ch,Yes,NO,0
292654758,Caucasian,Male,[60-70),3,Elective,1,Discharged to home,1,Physician Referral,1,,14,6,6,0,0,2,3,,,No,No,Yes,>30,0
293112072,Caucasian,Male,[70-80),1,Emergency,6,Discharged/transferred to home with home health service,7,Emergency Room,4,,56,2,17,2,0,0,9,,,No,No,Yes,NO,0
293675720,Caucasian,Female,[80-90),1,Emergency,3,Discharged/transferred to SNF,7,Emergency Room,7,,39,0,23,2,0,1,8,,,No,No,No,NO,0
293712890,Hispanic,Male,[60-70),1,Emergency,11,Expired,7,Emergency Room,1,,56,2,23,0,0,0,9,,,Up,Ch,Yes,NO,0
293784164,Caucasian,Male,[80-90),1,Emergency,1,Discharged to home,7,Emergency Room,2,,35,2,14,0,0,0,9,,,Steady,Ch,Yes,NO,0
294833720,AfricanAmerican,Male,[90-100),1,Emergency,1,Discharged to home,7,Emergency Room,2,,1,4,13,0,0,1,9,,,No,Ch,Yes,NO,0
294941024,Asian,Female,[60-70),2,Urgent,1,Discharged to home,7,Emergency Room,1,Emergency/Trauma,19,0,12,0,0,0,6,,>7,Steady,Ch,Yes,NO,0
294941108,Caucasian,Female,[80-90),1,Emergency,6,Discharged/transferred to home with home health service,7,Emergency Room,5,,56,0,19,1,0,0,8,,,No,No,No,NO,0
294970922,Caucasian,Female,[60-70),2,Urgent,1,Discharged to home,7,Emergency Room,2,Family/GeneralPractice,35,0,23,1,5,8,9,,,Steady,Ch,Yes,>30,0
295528820,Caucasian,Male,[70-80),3,Elective,1,Discharged to home,7,Emergency Room,6,Emergency/Trauma,63,2,13,0,0,1,9,,,Up,Ch,Yes,NO,0
295988930,Caucasian,Female,[80-90),2,Urgent,6,Discharged/transferred to home with home health service,1,Physician Referral,5,Cardiology,74,5,21,4,0,0,9,,,No,No,Yes,NO,0
296022662,Caucasian,Male,[30-40),1,Emergency,1,Discharged to home,7,Emergency Room,2,,39,0,22,0,0,1,4,,,Down,Ch,Yes,NO,0
296136512,Caucasian,Female,[60-70),1,Emergency,1,Discharged to home,7,Emergency Room,5,,57,0,15,5,0,0,9,,>7,Steady,No,Yes,NO,0
296640938,Caucasian,Female,[60-70),1,Emergency,3,Discharged/transferred to SNF,7,Emergency Room,12,,62,1,18,0,0,1,9,,,Steady,Ch,Yes,NO,0
297248870,Hispanic,Male,[50-60),1,Emergency,3,Discharged/transferred to SNF,7,Emergency Room,8,InternalMedicine,72,1,30,0,0,0,9,,,Steady,No,Yes,>30,0
297816446,Caucasian,Male,[80-90),1,Emergency,1,Discharged to home,7,Emergency Room,2,InternalMedicine,49,6,17,0,0,0,9,,>7,Steady,Ch,Yes,NO,0
297878558,Caucasian,Female,[50-60),1,Emergency,3,Discharged/transferred to SNF,7,Emergency Room,6,,54,4,19,0,0,0,9,,,Down,Ch,Yes,NO,0
297885584,Caucasian,Female,[70-80),1,Emergency,1,Discharged to home,7,Emergency Room,2,,1,0,3,0,1,1,6,,,No,No,Yes,NO,0
298498100,AfricanAmerican,Female,[50-60),1,Emergency,1,Discharged to home,7,Emergency Room,6,,59,0,21,1,0,0,9,,,Steady,No,Yes,>30,0
299019992,Caucasian,Female,[70-80),1,Emergency,3,Discharged/transferred to SNF,7,Emergency Room,5,,52,1,25,0,1,0,9,,,Steady,No,Yes,NO,0
300222950,Caucasian,Male,[50-60),1,Emergency,1,Discharged to home,7,Emergency Room,4,,29,3,13,2,1,1,9,,,Steady,No,Yes,>30,0
300229538,Caucasian,Female,[80-90),1,Emergency,6,Discharged/transferred to home with home health service,7,Emergency Room,4,,55,2,18,0,0,0,9,,,Up,Ch,Yes,NO,0
300734930,Caucasian,Female,[70-80),1,Emergency,3,Discharged/transferred to SNF,7,Emergency Room,7,,80,6,32,1,0,1,9,,Norm,Up,Ch,Yes,>30,0
300819752,AfricanAmerican,Female,[80-90),1,Emergency,1,Discharged to home,7,Emergency Room,7,,53,0,15,2,1,4,6,,,No,No,Yes,>30,0
302006882,Caucasian,Male,[70-80),3,Elective,1,Discharged to home,1,Physician Referral,2,,37,6,13,0,0,1,7,,,No,No,Yes,>30,0
302036312,Caucasian,Male,[80-90),1,Emergency,14,Hospice / medical facility,7,Emergency Room,2,,68,0,16,1,0,5,7,,,No,No,No,NO,0
302479844,AfricanAmerican,Female,[60-70),3,Elective,22,Discharged/transferred to another rehab fac including rehab units of a hospital .,1,Physician Referral,3,,24,1,28,0,1,1,7,,,No,Ch,Yes,>30,0
303064820,Caucasian,Male,[50-60),1,Emergency,1,Discharged to home,7,Emergency Room,1,Emergency/Trauma,53,0,13,0,0,0,8,,>7,Steady,No,Yes,NO,0
303766172,AfricanAmerican,Male,[60-70),1,Emergency,22,Discharged/transferred to another rehab fac including rehab units of a hospital .,7,Emergency Room,3,,1,1,16,2,3,1,7,,,Down,Ch,Yes,<30,1
304242458,Caucasian,Female,[50-60),3,Elective,1,Discharged to home,6,Transfer from another health care facility,6,Psychiatry,54,0,12,0,0,0,5,,,No,No,Yes,<30,1
304364300,Caucasian,Male,[60-70),1,Emergency,1,Discharged to home,7,Emergency Room,2,,30,0,19,3,1,2,9,,,Steady,Ch,Yes,NO,0
304843256,Caucasian,Female,[40-50),1,Emergency,1,Discharged to home,7,Emergency Room,3,,44,4,20,0,0,0,9,,>8,Up,Ch,Yes,NO,0
304871810,Caucasian,Male,[60-70),1,Emergency,1,Discharged to home,7,Emergency Room,1,,31,0,7,0,0,0,6,,,No,No,No,NO,0
304957340,Caucasian,Female,[80-90),1,Emergency,1,Discharged to home,7,Emergency Room,3,,1,0,19,0,0,0,9,,,Steady,No,Yes,NO,0
304957526,,Female,[50-60),3,Elective,1,Discharged to home,1,Physician Referral,4,,37,0,20,0,0,0,6,,>8,Up,Ch,Yes,>30,0
305493506,Hispanic,Female,[30-40),1,Emergency,2,Discharged/transferred to another short term hospital,7,Emergency Room,1,,1,0,13,1,4,0,9,,>8,Steady,Ch,Yes,>30,0
306011006,Caucasian,Female,[60-70),2,Urgent,1,Discharged to home,7,Emergency Room,1,Emergency/Trauma,17,0,9,0,1,2,9,,>8,No,No,Yes,>30,0
306047030,Caucasian,Male,[70-80),3,Elective,1,Discharged to home,1,Physician Referral,3,Radiologist,10,4,10,0,0,0,9,,,Steady,Ch,Yes,NO,0
306053342,Caucasian,Female,[80-90),1,Emergency,3,Discharged/transferred to SNF,7,Emergency Room,3,,71,1,25,0,0,0,9,,,Down,Ch,Yes,>30,0
306135710,Caucasian,Female,[50-60),3,Elective,1,Discharged to home,1,Physician Referral,2,Radiologist,1,3,16,0,0,1,9,,,No,No,No,>30,0
307287836,Caucasian,Female,[70-80),1,Emergency,1,Discharged to home,7,Emergency Room,1,,27,0,11,0,0,0,9,,,Steady,Ch,Yes,NO,0
307288262,Caucasian,Female,[80-90),1,Emergency,3,Discharged/transferred to SNF,7,Emergency Room,5,,57,2,13,0,0,0,9,,,No,No,No,NO,0
307827722,Caucasian,Female,[60-70),1,Emergency,1,Discharged to home,7,Emergency Room,3,,55,1,15,5,0,0,7,,,Up,Ch,Yes,NO,0
308406578,AfricanAmerican,Female,[50-60),1,Emergency,3,Discharged/transferred to SNF,7,Emergency Room,4,,43,1,14,0,0,0,8,,,Steady,No,Yes,>30,0
308927024,Caucasian,Female,[70-80),2,Urgent,1,Discharged to home,1,Physician Referral,3,,38,0,8,0,0,0,8,,,Steady,No,Yes,NO,0
309000950,Caucasian,Female,[70-80),1,Emergency,1,Discharged to home,7,Emergency Room,2,,1,0,11,0,0,1,9,,,No,No,Yes,NO,0
309515510,Caucasian,Female,[80-90),3,Elective,6,Discharged/transferred to home with home health service,1,Physician Referral,3,,48,2,27,0,0,0,9,,,No,No,Yes,NO,0
309545252,Caucasian,Female,[60-70),1,Emergency,11,Expired,7,Emergency Room,7,,40,4,31,0,0,1,9,,,Steady,Ch,Yes,NO,0
309582242,Caucasian,Female,[50-60),1,Emergency,6,Discharged/transferred to home with home health service,7,Emergency Room,8,,58,2,14,0,0,1,9,,,Steady,No,Yes,<30,1
309591854,Caucasian,Female,[70-80),2,Urgent,3,Discharged/transferred to SNF,7,Emergency Room,5,Emergency/Trauma,71,0,32,0,0,0,8,,Norm,Down,Ch,Yes,>30,0
309611378,Caucasian,Male,[70-80),1,Emergency,3,Discharged/transferred to SNF,7,Emergency Room,13,,88,4,28,0,0,0,9,,Norm,Down,Ch,Yes,NO,0
310223186,Caucasian,Female,[70-80),3,Elective,1,Discharged to home,1,Physician Referral,2,Cardiology,1,0,13,0,0,0,9,,,No,No,No,NO,0
310281614,Asian,Male,[80-90),1,Emergency,1,Discharged to home,7,Emergency Room,2,Radiologist,29,0,7,0,0,0,8,,,No,Ch,Yes,NO,0
310721084,Caucasian,Male,[50-60),1,Emergency,1,Discharged to home,7,Emergency Room,2,,1,0,14,1,0,0,9,,,Steady,Ch,Yes,NO,0
310753172,Other,Male,[80-90),1,Emergency,3,Discharged/transferred to SNF,7,Emergency Room,12,,72,0,27,0,0,0,9,,,No,No,No,NO,0
310847996,,Male,[50-60),1,Emergency,6,Discharged/transferred to home with home health service,7,Emergency Room,8,,83,6,52,0,0,0,16,,,Down,Ch,Yes,NO,0
310866482,,Female,[70-80),3,Elective,3,Discharged/transferred to SNF,1,Physician Referral,4,Radiologist,36,1,20,3,0,0,5,,,No,Ch,Yes,>30,0
311386004,AfricanAmerican,Male,[40-50),2,Urgent,1,Discharged to home,2,Clinic Referral,11,Emergency/Trauma,67,6,33,0,0,0,9,,,Down,Ch,Yes,NO,0
311400506,Caucasian,Female,[80-90),1,Emergency,3,Discharged/transferred to SNF,7,Emergency Room,5,,56,0,12,0,1,0,9,,>7,Down,Ch,Yes,NO,0
311413142,Caucasian,Female,[60-70),1,Emergency,3,Discharged/transferred to SNF,7,Emergency Room,1,,31,0,13,1,1,5,8,,,Up,Ch,Yes,NO,0
311442740,Caucasian,Male,[80-90),1,Emergency,1,Discharged to home,7,Emergency Room,5,,75,2,30,1,0,1,14,,,Steady,No,Yes,>30,0
311896670,AfricanAmerican,Female,[80-90),3,Elective,6,Discharged/transferred to home with home health service,1,Physician Referral,3,,42,4,20,1,0,0,9,,,Steady,Ch,Yes,<30,1
311943944,Caucasian,Male,[50-60),2,Urgent,6,Discharged/transferred to home with home health service,1,Physician Referral,6,Surgery-Cardiovascular/Thoracic,46,5,32,5,0,0,9,,,Steady,No,Yes,<30,1
312490976,Caucasian,Male,[40-50),1,Emergency,6,Discharged/transferred to home with home health service,7,Emergency Room,7,,64,2,13,2,1,0,9,,>8,Up,Ch,Yes,>30,0
312514808,AfricanAmerican,Female,[30-40),1,Emergency,1,Discharged to home,7,Emergency Room,6,,52,0,7,0,0,0,5,,,No,No,No,NO,0
313105196,Caucasian,Male,[70-80),3,Elective,1,Discharged to home,1,Physician Referral,4,,61,1,25,0,0,0,9,,>8,Down,Ch,Yes,NO,0
313143938,Caucasian,Male,[70-80),1,Emergency,22,Discharged/transferred to another rehab fac including rehab units of a hospital .,7,Emergency Room,2,,49,0,16,0,0,0,9,,Norm,No,No,Yes,<30,1
313760990,Caucasian,Male,[60-70),1,Emergency,1,Discharged to home,7,Emergency Room,3,,56,0,17,0,0,2,9,,,Steady,Ch,Yes,NO,0
313790156,Caucasian,Male,[50-60),3,Elective,1,Discharged to home,1,Physician Referral,1,,28,6,7,2,1,0,8,,,No,No,No,NO,0
314258594,Caucasian,Female,[70-80),3,Elective,6,Discharged/transferred to home with home health service,1,Physician Referral,7,,56,6,49,0,0,0,9,,>8,Up,Ch,Yes,NO,0
314854568,Caucasian,Female,[70-80),1,Emergency,1,Discharged to home,7,Emergency Room,3,,55,0,14,1,0,3,7,,,Down,Ch,Yes,<30,1
315432692,Hispanic,Male,[70-80),2,Urgent,1,Discharged to home,1,Physician Referral,1,,33,0,3,0,0,0,9,,,Down,Ch,Yes,NO,0
315503660,Caucasian,Male,[90-100),3,Elective,1,Discharged to home,1,Physician Referral,3,Surgery-General,41,1,26,0,0,0,9,,,Down,Ch,Yes,>30,0
316107092,AfricanAmerican,Female,[60-70),3,Elective,1,Discharged to home,1,Physician Referral,5,InternalMedicine,50,2,13,0,0,0,9,,,No,No,No,<30,1
316126316,Caucasian,Female,[40-50),1,Emergency,1,Discharged to home,1,Physician Referral,2,Emergency/Trauma,1,3,8,0,0,0,8,,,Up,Ch,Yes,<30,1
316126796,Caucasian,Male,[70-80),1,Emergency,3,Discharged/transferred to SNF,7,Emergency Room,3,,63,0,10,0,0,0,6,,,No,No,No,NO,0
316156508,Caucasian,Male,[60-70),2,Urgent,1,Discharged to home,7,Emergency Room,8,Surgery-General,84,3,33,0,1,0,9,,,Up,Ch,Yes,NO,0
316640684,Caucasian,Male,[80-90),3,Elective,1,Discharged to home,1,Physician Referral,3,Surgeon,25,4,9,0,0,0,6,,,Steady,No,Yes,NO,0
316644812,AfricanAmerican,Male,[50-60),1,Emergency,1,Discharged to home,7,Emergency Room,3,InternalMedicine,57,3,19,0,0,0,8,,,Down,Ch,Yes,>30,0
316694252,Caucasian,Male,[60-70),1,Emergency,1,Discharged to home,7,Emergency Room,2,InternalMedicine,1,0,14,0,0,0,5,,,Steady,Ch,Yes,NO,0
316724582,Caucasian,Male,[60-70),1,Emergency,1,Discharged to home,7,Emergency Room,8,Radiologist,43,0,19,0,0,0,9,,,Steady,Ch,Yes,NO,0
316746548,Hispanic,Female,[50-60),2,Urgent,1,Discharged to home,7,Emergency Room,1,Surgery-General,1,0,5,0,5,1,5,,,Down,Ch,Yes,NO,0
317272196,Caucasian,Female,[80-90),3,Elective,6,Discharged/transferred to home with home health service,1,Physician Referral,8,Radiologist,1,0,11,0,0,1,9,,,Steady,No,Yes,NO,0
317321060,Caucasian,Male,[70-80),1,Emergency,1,Discharged to home,7,Emergency Room,2,,34,0,16,0,3,1,8,,,No,No,No,NO,0
317762138,AfricanAmerican,Female,[40-50),2,Urgent,5,Discharged/transferred to another type of inpatient care institution,7,Emergency Room,4,Emergency/Trauma,1,0,8,0,1,1,9,,,No,No,Yes,>30,0
317793146,Caucasian,Male,[10-20),1,Emergency,1,Discharged to home,7,Emergency Room,3,,65,0,4,0,1,0,4,,>8,No,No,No,NO,0
317825402,Other,Male,[50-60),1,Emergency,1,Discharged to home,7,Emergency Room,2,,42,1,17,0,1,2,7,,,Down,Ch,Yes,>30,0
318961304,Caucasian,Male,[60-70),2,Urgent,3,Discharged/transferred to SNF,1,Physician Referral,3,,4,1,24,4,0,0,4,,,Down,Ch,Yes,NO,0
319020800,Other,Male,[60-70),2,Urgent,1,Discharged to home,1,Physician Referral,8,,70,2,16,0,1,0,5,,Norm,Up,Ch,Yes,<30,1
319065776,Caucasian,Female,[90-100),2,Urgent,11,Expired,6,Transfer from another health care facility,4,Emergency/Trauma,54,0,13,0,0,0,9,,,Up,Ch,Yes,NO,0
319584578,Caucasian,Female,[50-60),2,Urgent,1,Discharged to home,1,Physician Referral,3,Gastroenterology,37,0,11,0,0,1,7,,,Steady,No,Yes,>30,0
319645112,Caucasian,Male,[70-80),3,Elective,6,Discharged/transferred to home with home health service,1,Physician Referral,4,Orthopedics,13,1,28,0,0,0,7,,,Up,Ch,Yes,NO,0
320162096,Hispanic,Male,[50-60),1,Emergency,1,Discharged to home,7,Emergency Room,6,,62,0,17,0,0,0,8,,,Up,Ch,Yes,>30,0
320162330,Caucasian,Female,[80-90),1,Emergency,6,Discharged/transferred to home with home health service,7,Emergency Room,10,,93,2,27,0,0,0,9,,Norm,Up,Ch,Yes,NO,0
320696258,Caucasian,Female,[70-80),1,Emergency,6,Discharged/transferred to home with home health service,7,Emergency Room,4,Surgery-General,72,1,17,0,0,0,9,,,No,No,Yes,NO,0
320788406,Caucasian,Female,[80-90),1,Emergency,3,Discharged/transferred to SNF,7,Emergency Room,8,,48,3,26,0,0,3,9,,,Down,Ch,Yes,NO,0
320814548,AfricanAmerican,Male,[40-50),1,Emergency,1,Discharged to home,7,Emergency Room,8,,86,4,41,0,0,0,7,,>8,Up,Ch,Yes,<30,1
322532330,Caucasian,Female,[80-90),1,Emergency,3,Discharged/transferred to SNF,7,Emergency Room,4,Emergency/Trauma,75,0,34,0,0,0,9,,,Down,Ch,Yes,NO,0
322555394,Caucasian,Female,[60-70),1,Emergency,3,Discharged/transferred to SNF,5,Transfer from a Skilled Nursing Facility (SNF),9,,42,1,28,0,0,0,9,,,Down,Ch,Yes,NO,0
323104352,Caucasian,Female,[50-60),2,Urgent,1,Discharged to home,1,Physician Referral,5,InternalMedicine,51,0,12,0,0,0,6,,,Steady,No,Yes,NO,0
323115812,Caucasian,Male,[40-50),2,Urgent,1,Discharged to home,1,Physician Referral,1,Cardiology,40,3,10,0,0,1,7,,Norm,No,No,No,NO,0
323172122,Caucasian,Female,[70-80),1,Emergency,3,Discharged/transferred to SNF,7,Emergency Room,4,,47,0,27,0,2,2,9,,>7,Up,Ch,Yes,>30,0
323667530,Caucasian,Female,[70-80),1,Emergency,1,Discharged to home,7,Emergency Room,3,,42,1,16,0,0,0,9,,,No,No,Yes,NO,0
323667842,AfricanAmerican,Male,[90-100),1,Emergency,3,Discharged/transferred to SNF,7,Emergency Room,6,,48,0,24,0,0,1,9,,Norm,No,No,Yes,NO,0
323699450,Caucasian,Male,[70-80),1,Emergency,1,Discharged to home,7,Emergency Room,2,,46,1,7,0,0,0,9,,Norm,No,No,No,>30,0
323700980,Caucasian,Female,[60-70),1,Emergency,1,Discharged to home,7,Emergency Room,4,Cardiology,56,3,21,2,0,0,8,,,No,No,No,NO,0
323726108,AfricanAmerican,Female,[80-90),1,Emergency,13,Hospice / home,7,Emergency Room,2,,1,0,5,0,0,0,9,,,No,No,No,NO,0
323735486,Caucasian,Female,[60-70),1,Emergency,1,Discharged to home,7,Emergency Room,3,,31,0,10,0,0,0,9,,,Steady,No,Yes,NO,0
323810318,Caucasian,Female,[80-90),1,Emergency,22,Discharged/transferred to another rehab fac including rehab units of a hospital .,7,Emergency Room,5,Orthopedics,61,1,25,0,4,2,9,,,Steady,Ch,Yes,NO,0
324332432,Caucasian,Male,[70-80),2,Urgent,3,Discharged/transferred to SNF,7,Emergency Room,11,Emergency/Trauma,68,0,22,0,2,4,9,,,Down,Ch,Yes,>30,0
324821858,AfricanAmerican,Male,[40-50),1,Emergency,3,Discharged/transferred to SNF,7,Emergency Room,5,,66,0,5,0,0,0,9,,,Down,Ch,Yes,NO,0
324842204,Caucasian,Male,[50-60),1,Emergency,1,Discharged to home,7,Emergency Room,5,,46,0,14,0,0,1,9,,Norm,No,No,No,<30,1
325549448,Caucasian,Female,[30-40),1,Emergency,6,Discharged/transferred to home with home health service,7,Emergency Room,5,,20,0,30,0,0,2,9,,,Down,Ch,Yes,>30,0
326048966,Caucasian,Male,[70-80),1,Emergency,11,Expired,7,Emergency Room,2,,64,3,22,0,0,0,9,,,Steady,No,Yes,NO,0
326064272,Caucasian,Male,[90-100),2,Urgent,3,Discharged/transferred to SNF,7,Emergency Room,9,Emergency/Trauma,43,1,16,0,0,0,9,,,No,No,Yes,>30,0
326064356,Hispanic,Female,[60-70),3,Elective,1,Discharged to home,1,Physician Referral,13,InternalMedicine,63,1,31,0,0,0,9,,,Up,Ch,Yes,NO,0
326079536,AfricanAmerican,Male,[40-50),1,Emergency,7,Left AMA,7,Emergency Room,2,,43,0,14,0,0,0,9,,>8,Up,Ch,Yes,NO,0
326105720,Caucasian,Female,[70-80),3,Elective,1,Discharged to home,4,Transfer from a hospital,3,,38,6,22,0,0,0,9,,,Down,Ch,Yes,NO,0
326132180,Caucasian,Female,[70-80),3,Elective,1,Discharged to home,1,Physician Referral,8,,40,5,21,0,0,0,9,,,Steady,No,Yes,>30,0
326169920,Caucasian,Female,[60-70),1,Emergency,3,Discharged/transferred to SNF,7,Emergency Room,5,,49,0,17,0,0,1,9,,,Up,Ch,Yes,>30,0
326637032,Caucasian,Female,[80-90),1,Emergency,3,Discharged/transferred to SNF,7,Emergency Room,9,,66,1,25,2,0,0,9,,,Steady,Ch,Yes,NO,0
326671856,Caucasian,Female,[90-100),1,Emergency,3,Discharged/transferred to SNF,7,Emergency Room,4,,74,0,19,0,0,0,9,,Norm,Steady,No,Yes,NO,0
326701268,Caucasian,Female,[50-60),2,Urgent,1,Discharged to home,1,Physician Referral,4,,43,1,19,0,0,0,8,,,Steady,Ch,Yes,NO,0
326711522,Caucasian,Female,[50-60),3,Elective,6,Discharged/transferred to home with home health service,1,Physician Referral,3,Radiologist,7,3,23,2,0,0,8,,,No,No,Yes,NO,0
327182354,Caucasian,Male,[70-80),2,Urgent,3,Discharged/transferred to SNF,7,Emergency Room,4,Surgery-General,74,0,15,0,2,4,9,,,Down,Ch,Yes,<30,1
327202256,Caucasian,Male,[20-30),1,Emergency,1,Discharged to home,7,Emergency Room,2,,45,0,9,0,0,1,7,,>8,Up,Ch,Yes,NO,0
327208262,Caucasian,Male,[80-90),1,Emergency,3,Discharged/transferred to SNF,7,Emergency Room,4,,50,0,9,0,0,0,8,,,Down,Ch,Yes,<30,1
327240758,AfricanAmerican,Male,[90-100),1,Emergency,3,Discharged/transferred to SNF,7,Emergency Room,4,Emergency/Trauma,54,0,14,0,0,0,9,,,Steady,Ch,Yes,>30,0
327240806,Caucasian,Female,[80-90),1,Emergency,1,Discharged to home,7,Emergency Room,3,Emergency/Trauma,28,3,9,0,0,0,9,,,No,No,No,NO,0
327255482,Caucasian,Female,[70-80),1,Emergency,3,Discharged/transferred to SNF,7,Emergency Room,3,,27,0,15,0,2,2,9,,,Up,Ch,Yes,>30,0
327888986,Caucasian,Female,[80-90),2,Urgent,1,Discharged to home,7,Emergency Room,4,Emergency/Trauma,51,0,14,0,0,0,9,,,No,Ch,Yes,NO,0
328383410,Caucasian,Male,[90-100),1,Emergency,3,Discharged/transferred to SNF,7,Emergency Room,7,,58,0,19,0,0,0,7,,,Steady,No,Yes,NO,0
328386050,Caucasian,Male,[70-80),2,Urgent,2,Discharged/transferred to another short term hospital,1,Physician Referral,4,Family/GeneralPractice,25,3,28,1,0,1,9,,>7,Up,Ch,Yes,NO,0
328519136,Caucasian,Female,[70-80),1,Emergency,1,Discharged to home,7,Emergency Room,2,,12,0,12,0,0,0,5,,,Steady,No,Yes,NO,0
328988576,Caucasian,Male,[50-60),1,Emergency,1,Discharged to home,7,Emergency Room,1,,19,4,11,0,0,0,8,,,No,No,No,NO,0
329024618,Caucasian,Male,[70-80),1,Emergency,1,Discharged to home,7,Emergency Room,3,,30,2,14,0,0,0,9,,,Steady,No,Yes,NO,0
329590310,Caucasian,Female,[80-90),1,Emergency,3,Discharged/transferred to SNF,7,Emergency Room,7,,76,6,50,0,0,0,7,,,Up,Ch,Yes,NO,0
330163394,AfricanAmerican,Female,[60-70),1,Emergency,1,Discharged to home,7,Emergency Room,1,,1,1,8,0,1,0,9,,,No,No,No,<30,1
330698252,Caucasian,Male,[20-30),1,Emergency,1,Discharged to home,7,Emergency Room,2,,65,0,12,1,0,0,9,,,No,No,No,>30,0
330778598,Caucasian,Female,[70-80),3,Elective,1,Discharged to home,1,Physician Referral,2,Radiologist,1,1,13,1,0,0,9,,,Steady,No,Yes,NO,0
330779246,Caucasian,Male,[60-70),1,Emergency,1,Discharged to home,7,Emergency Room,1,,29,0,8,0,0,0,9,,,Steady,No,Yes,NO,0
330815066,Caucasian,Female,[80-90),2,Urgent,3,Discharged/transferred to SNF,1,Physician Referral,6,,55,0,21,0,0,0,9,,,Steady,Ch,Yes,NO,0
331310756,Caucasian,Female,[40-50),3,Elective,1,Discharged to home,1,Physician Referral,5,InfectiousDiseases,53,0,16,0,0,0,9,,Norm,No,No,Yes,NO,0
331889216,Caucasian,Male,[80-90),1,Emergency,6,Discharged/transferred to home with home health service,7,Emergency Room,4,,48,0,15,5,1,1,9,,,No,No,No,>30,0
332494934,Caucasian,Male,[70-80),1,Emergency,1,Discharged to home,7,Emergency Room,2,,36,3,14,0,0,0,8,,,Steady,Ch,Yes,NO,0
332544926,Caucasian,Female,[70-80),2,Urgent,1,Discharged to home,4,Transfer from a hospital,11,Cardiology,69,2,20,0,0,0,9,,,No,Ch,Yes,NO,0
333066356,Caucasian,Male,[60-70),1,Emergency,1,Discharged to home,7,Emergency Room,3,,44,0,16,3,1,5,9,,,No,No,No,>30,0
333108146,Caucasian,Female,[80-90),3,Elective,3,Discharged/transferred to SNF,1,Physician Referral,11,,19,6,13,0,0,0,9,,,Steady,Ch,Yes,>30,0
333180452,Caucasian,Male,[50-60),3,Elective,1,Discharged to home,1,Physician Referral,1,,11,0,7,0,0,1,9,,,Down,Ch,Yes,>30,0
333724418,Other,Male,[70-80),1,Emergency,3,Discharged/transferred to SNF,7,Emergency Room,2,,21,1,4,0,0,0,9,,,Steady,Ch,Yes,NO,0
333740414,Caucasian,Male,[80-90),1,Emergency,1,Discharged to home,7,Emergency Room,2,,63,0,3,1,0,1,9,,,No,No,Yes,NO,0
333748898,Caucasian,Male,[70-80),1,Emergency,1,Discharged to home,7,Emergency Room,2,,38,0,18,0,0,1,9,,,Steady,No,Yes,>30,0
334305110,Hispanic,Male,[50-60),1,Emergency,1,Discharged to home,7,Emergency Room,1,,34,0,2,0,0,0,6,,,Steady,No,Yes,NO,0
334334426,Caucasian,Female,[80-90),2,Urgent,3,Discharged/transferred to SNF,1,Physician Referral,6,,28,1,16,0,0,0,9,,,Down,Ch,Yes,NO,0
334342904,Caucasian,Female,[90-100),1,Emergency,3,Discharged/transferred to SNF,6,Transfer from another health care facility,6,,65,1,14,0,0,1,9,,,No,No,Yes,NO,0
334819772,AfricanAmerican,Female,[80-90),1,Emergency,1,Discharged to home,7,Emergency Room,4,,63,0,9,0,1,0,8,,,Steady,Ch,Yes,<30,1
334868612,Caucasian,Male,[80-90),3,Elective,1,Discharged to home,1,Physician Referral,1,,44,0,5,0,1,1,8,,,No,No,No,NO,0
334871516,Caucasian,Male,[70-80),1,Emergency,6,Discharged/transferred to home with home health service,7,Emergency Room,11,,65,1,19,0,0,0,9,,,Up,Ch,Yes,NO,0
334887044,Caucasian,Female,[90-100),1,Emergency,3,Discharged/transferred to SNF,7,Emergency Room,1,,39,0,6,0,0,0,5,,,No,No,No,>30,0
334901636,Caucasian,Male,[70-80),1,Emergency,1,Discharged to home,7,Emergency Room,4,,42,0,11,0,0,1,7,,,No,No,No,>30,0
334973132,AfricanAmerican,Male,[40-50),3,Elective,6,Discharged/transferred to home with home health service,1,Physician Referral,3,Orthopedics,48,1,27,4,1,1,9,,,Steady,Ch,Yes,NO,0
335417828,Caucasian,Female,[90-100),1,Emergency,1,Discharged to home,7,Emergency Room,9,,56,3,7,0,0,7,8,,,No,No,No,>30,0
336053936,,Female,[60-70),1,Emergency,3,Discharged/transferred to SNF,7,Emergency Room,8,InternalMedicine,55,3,29,0,0,0,9,,Norm,No,No,No,NO,0
336106058,AfricanAmerican,Female,[60-70),1,Emergency,1,Discharged to home,7,Emergency Room,5,,62,1,15,0,0,1,9,,,Steady,No,Yes,NO,0
336139832,AfricanAmerican,Female,[40-50),1,Emergency,1,Discharged to home,7,Emergency Room,1,,36,0,4,0,0,0,3,,,No,No,No,<30,1
336699002,Caucasian,Male,[80-90),1,Emergency,3,Discharged/transferred to SNF,7,Emergency Room,9,InternalMedicine,45,0,11,0,0,0,9,,,No,No,No,NO,0
336719966,Caucasian,Male,[40-50),1,Emergency,5,Discharged/transferred to another type of inpatient care institution,7,Emergency Room,1,,61,0,7,0,0,0,7,,>8,Steady,Ch,Yes,NO,0
337799438,Caucasian,Female,[80-90),3,Elective,3,Discharged/transferred to SNF,1,Physician Referral,11,,39,2,41,2,1,2,9,,,No,No,No,>30,0
337817606,Caucasian,Female,[80-90),8,Not Mapped,6,Discharged/transferred to home with home health service,7,Emergency Room,9,Surgery-Thoracic,77,3,37,0,0,0,5,,Norm,Steady,No,Yes,NO,0
337867430,Caucasian,Female,[40-50),3,Elective,1,Discharged to home,1,Physician Referral,6,,36,0,26,0,1,2,8,,,Steady,Ch,Yes,>30,0
338349578,Caucasian,Male,[70-80),2,Urgent,1,Discharged to home,1,Physician Referral,3,InternalMedicine,44,0,17,0,0,0,9,,,Steady,Ch,Yes,<30,1
338456330,Caucasian,Male,[70-80),1,Emergency,1,Discharged to home,7,Emergency Room,4,InternalMedicine,61,0,21,0,0,0,9,,>7,Steady,Ch,Yes,>30,0
338462954,Caucasian,Female,[80-90),1,Emergency,1,Discharged to home,7,Emergency Room,3,,39,0,18,0,0,0,9,,,Down,Ch,Yes,NO,0
338492498,Caucasian,Female,[60-70),1,Emergency,1,Discharged to home,7,Emergency Room,3,,16,1,13,0,0,0,9,,,Steady,No,Yes,>30,0
338513624,Caucasian,Female,[60-70),3,Elective,1,Discharged to home,1,Physician Referral,4,,9,2,20,0,0,0,9,,,No,No,No,NO,0
338946968,Caucasian,Female,[60-70),2,Urgent,22,Discharged/transferred to another rehab fac including rehab units of a hospital .,7,Emergency Room,3,Emergency/Trauma,36,2,17,0,5,3,9,,,Steady,No,Yes,>30,0
339064370,Caucasian,Female,[70-80),2,Urgent,1,Discharged to home,1,Physician Referral,2,Emergency/Trauma,40,0,10,0,0,0,8,,,Steady,Ch,Yes,>30,0
339608096,Caucasian,Female,[80-90),1,Emergency,3,Discharged/transferred to SNF,7,Emergency Room,7,,34,0,26,4,0,1,9,,,Steady,Ch,Yes,<30,1
339680498,Caucasian,Male,[80-90),1,Emergency,6,Discharged/transferred to home with home health service,7,Emergency Room,3,,33,1,19,1,1,0,8,,,Down,Ch,Yes,>30,0
340271282,Caucasian,Female,[70-80),2,Urgent,1,Discharged to home,7,Emergency Room,1,Family/GeneralPractice,36,0,13,0,0,0,9,,,No,No,Yes,>30,0
340286006,Asian,Male,[70-80),3,Elective,6,Discharged/transferred to home with home health service,1,Physician Referral,2,,48,3,18,0,0,0,9,,,Up,Ch,Yes,NO,0
340832606,Caucasian,Male,[50-60),3,Elective,1,Discharged to home,1,Physician Referral,2,Emergency/Trauma,26,0,11,0,0,1,6,,,No,No,Yes,NO,0
340840256,Caucasian,Male,[80-90),1,Emergency,1,Discharged to home,7,Emergency Room,3,InternalMedicine,19,1,8,0,0,1,9,,,Steady,No,Yes,NO,0
341323958,Caucasian,Male,[70-80),1,Emergency,6,Discharged/transferred to home with home health service,7,Emergency Room,2,,22,0,16,0,0,0,9,,,Steady,No,Yes,NO,0
341333564,Caucasian,Female,[80-90),1,Emergency,3,Discharged/transferred to SNF,7,Emergency Room,5,,71,4,21,0,0,0,9,,,No,Ch,Yes,NO,0
341359292,Caucasian,Female,[90-100),1,Emergency,14,Hospice / medical facility,7,Emergency Room,1,,36,0,6,0,0,1,7,,,No,No,No,NO,0
341369702,Caucasian,Male,[50-60),2,Urgent,1,Discharged to home,4,Transfer from a hospital,2,Radiologist,1,4,17,0,0,0,9,,,Steady,No,Yes,NO,0
341452862,Caucasian,Male,[60-70),1,Emergency,1,Discharged to home,7,Emergency Room,2,,53,0,17,1,0,0,8,,>7,No,No,Yes,NO,0
341902076,Caucasian,Female,[80-90),1,Emergency,1,Discharged to home,7,Emergency Room,6,,37,1,19,0,0,0,9,,,No,No,Yes,NO,0
341938592,Caucasian,Male,[60-70),1,Emergency,3,Discharged/transferred to SNF,7,Emergency Room,3,,57,0,15,0,0,0,9,,,Down,Ch,Yes,NO,0
341948216,Caucasian,Female,[70-80),1,Emergency,6,Discharged/transferred to home with home health service,7,Emergency Room,6,Emergency/Trauma,43,6,7,0,1,0,9,,,Up,Ch,Yes,NO,0
343103930,AfricanAmerican,Male,[70-80),1,Emergency,14,Hospice / medical facility,7,Emergency Room,4,,57,1,6,0,0,2,9,,,No,No,No,NO,0
343167626,Hispanic,Female,[50-60),1,Emergency,1,Discharged to home,7,Emergency Room,2,,26,0,10,0,0,2,4,,,Steady,No,Yes,<30,1
343642484,Caucasian,Male,[40-50),6,NULL,1,Discharged to home,17,NULL,8,Family/GeneralPractice,51,4,18,0,1,0,9,,,No,No,No,>30,0
343724864,AfricanAmerican,Female,[50-60),1,Emergency,1,Discharged to home,7,Emergency Room,4,,26,0,15,1,0,0,6,,,Steady,No,Yes,NO,0
343756412,Caucasian,Female,[70-80),1,Emergency,6,Discharged/transferred to home with home health service,7,Emergency Room,1,,1,0,14,1,0,1,9,,,Steady,No,Yes,NO,0
344254154,Caucasian,Male,[50-60),1,Emergency,1,Discharged to home,7,Emergency Room,7,,65,1,36,0,0,2,9,,,Up,Ch,Yes,NO,0
344848748,Caucasian,Male,[50-60),3,Elective,1,Discharged to home,1,Physician Referral,6,,32,1,39,0,0,0,9,,,Down,Ch,Yes,NO,0
345427532,Caucasian,Male,[60-70),3,Elective,1,Discharged to home,1,Physician Referral,1,Radiologist,19,6,10,0,0,0,8,,,No,No,No,NO,0
345504212,Caucasian,Female,[80-90),3,Elective,6,Discharged/transferred to home with home health service,1,Physician Referral,12,,15,0,11,0,0,3,7,,,Up,Ch,Yes,>30,0
346045322,AfricanAmerican,Female,[50-60),3,Elective,1,Discharged to home,1,Physician Referral,4,,45,3,20,0,0,1,9,,,No,No,No,NO,0
346692548,Caucasian,Female,[80-90),3,Elective,1,Discharged to home,1,Physician Referral,7,Cardiology,76,0,26,0,0,0,9,,>8,No,No,Yes,NO,0
347289428,Caucasian,Male,[70-80),1,Emergency,3,Discharged/transferred to SNF,7,Emergency Room,14,,62,1,23,0,0,4,9,,,Down,Ch,Yes,>30,0
347307248,Caucasian,Male,[40-50),1,Emergency,1,Discharged to home,7,Emergency Room,5,InternalMedicine,45,3,18,1,0,0,9,,>8,Steady,Ch,Yes,NO,0
347750702,Caucasian,Male,[50-60),1,Emergency,1,Discharged to home,7,Emergency Room,2,Emergency/Trauma,56,0,16,0,0,1,9,,,No,No,No,NO,0
347818682,AfricanAmerican,Female,[70-80),1,Emergency,1,Discharged to home,7,Emergency Room,1,,50,0,10,0,0,0,4,,,Up,Ch,Yes,NO,0
347884916,Caucasian,Female,[70-80),1,Emergency,1,Discharged to home,7,Emergency Room,3,,45,0,20,0,0,1,8,,,No,No,Yes,NO,0
348459896,Hispanic,Female,[40-50),1,Emergency,6,Discharged/transferred to home with home health service,7,Emergency Room,2,,28,1,13,0,0,0,4,,,Steady,Ch,Yes,NO,0
348462950,AfricanAmerican,Male,[50-60),1,Emergency,1,Discharged to home,7,Emergency Room,10,,74,3,32,0,2,0,9,,>8,Down,Ch,Yes,NO,0
348952028,Caucasian,Female,[60-70),3,Elective,1,Discharged to home,1,Physician Referral,5,,38,0,12,0,0,0,6,,>7,No,No,No,NO,0
349043840,Caucasian,Male,[80-90),1,Emergency,1,Discharged to home,7,Emergency Room,4,,69,1,17,1,0,2,9,,,No,No,Yes,<30,1
349059758,Caucasian,Male,[60-70),3,Elective,6,Discharged/transferred to home with home health service,1,Physician Referral,2,,15,2,19,4,0,0,9,,,No,Ch,Yes,NO,0
349552730,Caucasian,Male,[50-60),1,Emergency,1,Discharged to home,7,Emergency Room,1,,33,0,7,0,0,0,9,,>8,Steady,No,Yes,NO,0
350140934,Caucasian,Female,[40-50),1,Emergency,1,Discharged to home,7,Emergency Room,1,Radiologist,19,6,15,0,0,2,9,,,Steady,No,Yes,NO,0
350191118,Caucasian,Female,[60-70),3,Elective,1,Discharged to home,1,Physician Referral,3,Family/GeneralPractice,39,1,27,0,0,0,6,,,Up,Ch,Yes,NO,0
350199344,Caucasian,Male,[50-60),3,Elective,1,Discharged to home,1,Physician Referral,2,InternalMedicine,1,3,18,2,2,0,5,,,No,Ch,Yes,>30,0
350271668,AfricanAmerican,Female,[50-60),1,Emergency,1,Discharged to home,7,Emergency Room,4,,13,0,20,1,5,4,9,,,Steady,No,Yes,>30,0
350742962,Caucasian,Female,[60-70),3,Elective,6,Discharged/transferred to home with home health service,1,Physician Referral,8,,64,6,45,0,0,0,9,,,Down,Ch,Yes,NO,0
350766536,Caucasian,Female,[60-70),1,Emergency,6,Discharged/transferred to home with home health service,7,Emergency Room,2,,1,0,11,1,0,0,9,,,Steady,No,Yes,NO,0
350794754,Caucasian,Female,[50-60),1,Emergency,1,Discharged to home,7,Emergency Room,1,,48,0,14,1,1,0,9,,>8,Up,Ch,Yes,>30,0
350869892,AfricanAmerican,Female,[70-80),3,Elective,1,Discharged to home,1,Physician Referral,3,Neurology,65,2,31,0,0,0,6,,,Down,Ch,Yes,>30,0
351301946,Caucasian,Male,[80-90),1,Emergency,6,Discharged/transferred to home with home health service,7,Emergency Room,11,InternalMedicine,85,6,17,0,0,1,9,,>7,Down,Ch,Yes,<30,1
351359378,,Female,[60-70),1,Emergency,6,Discharged/transferred to home with home health service,7,Emergency Room,5,,55,0,15,0,1,0,9,,,Down,Ch,Yes,NO,0
351885926,Caucasian,Female,[80-90),2,Urgent,13,Hospice / home,1,Physician Referral,7,InternalMedicine,40,1,11,1,0,0,9,,,No,No,Yes,NO,0
351976946,Caucasian,Male,[70-80),3,Elective,1,Discharged to home,1,Physician Referral,1,,38,4,9,0,1,0,4,,,Steady,Ch,Yes,NO,0
352018058,Caucasian,Male,[60-70),2,Urgent,1,Discharged to home,7,Emergency Room,2,Emergency/Trauma,49,3,15,0,0,3,9,,,Up,Ch,Yes,>30,0
352531664,Caucasian,Male,[80-90),3,Elective,1,Discharged to home,1,Physician Referral,3,,23,1,13,1,1,0,8,,,No,No,Yes,NO,0
352570502,Caucasian,Male,[70-80),3,Elective,6,Discharged/transferred to home with home health service,1,Physician Referral,4,,12,0,16,0,0,1,9,,,No,No,No,>30,0
352618106,Hispanic,Male,[60-70),1,Emergency,1,Discharged to home,7,Emergency Room,1,,40,0,6,0,0,0,5,,,No,No,No,NO,0
352632866,Other,Female,[70-80),3,Elective,1,Discharged to home,1,Physician Referral,5,Psychology,5,0,13,4,0,1,9,,,No,No,Yes,NO,0
353184446,Caucasian,Female,[60-70),6,NULL,1,Discharged to home,17,NULL,1,ObstetricsandGynecology,40,4,13,0,0,0,4,,,No,No,No,NO,0
353713052,Caucasian,Female,[80-90),1,Emergency,3,Discharged/transferred to SNF,7,Emergency Room,4,,48,2,19,0,0,0,9,,Norm,No,No,No,NO,0
353724740,Caucasian,Female,[50-60),1,Emergency,3,Discharged/transferred to SNF,7,Emergency Room,4,,55,0,18,0,0,1,9,,,Down,Ch,Yes,<30,1
354285572,Caucasian,Male,[80-90),1,Emergency,3,Discharged/transferred to SNF,7,Emergency Room,4,,55,0,15,0,0,2,6,,,No,Ch,Yes,NO,0
354348818,Caucasian,Female,[60-70),1,Emergency,1,Discharged to home,7,Emergency Room,5,,52,2,14,0,1,1,7,>300,,No,Ch,Yes,>30,0
354831278,Caucasian,Male,[60-70),3,Elective,1,Discharged to home,4,Transfer from a hospital,14,PhysicalMedicineandRehabilitation,54,0,14,0,0,0,9,,Norm,Steady,Ch,Yes,NO,0
354850544,Caucasian,Male,[60-70),2,Urgent,2,Discharged/transferred to another short term hospital,7,Emergency Room,4,Emergency/Trauma,47,6,15,0,0,0,9,,,Up,Ch,Yes,NO,0
354959678,Caucasian,Male,[70-80),1,Emergency,1,Discharged to home,7,Emergency Room,5,,55,2,14,1,0,2,9,,,Steady,No,Yes,>30,0
356659898,Other,Male,[60-70),1,Emergency,1,Discharged to home,7,Emergency Room,1,,44,0,7,0,0,0,6,,>8,Down,Ch,Yes,NO,0
356660294,Caucasian,Female,[70-80),1,Emergency,1,Discharged to home,7,Emergency Room,5,,57,0,19,1,0,0,4,,,Steady,No,Yes,>30,0
356689616,Caucasian,Male,[50-60),1,Emergency,6,Discharged/transferred to home with home health service,7,Emergency Room,5,,64,0,19,0,0,0,9,,>8,Down,Ch,Yes,NO,0
357330464,Hispanic,Female,[40-50),3,Elective,1,Discharged to home,1,Physician Referral,2,,1,2,8,0,0,1,9,,,No,No,Yes,NO,0
357781352,Caucasian,Female,[70-80),2,Urgent,1,Discharged to home,1,Physician Referral,11,,45,6,24,2,0,1,9,,,No,No,No,>30,0
357910604,Caucasian,Male,[70-80),1,Emergency,3,Discharged/transferred to SNF,7,Emergency Room,4,,53,0,16,1,1,1,9,,,Down,Ch,Yes,NO,0
358511018,Hispanic,Female,[70-80),1,Emergency,1,Discharged to home,7,Emergency Room,3,,31,0,15,0,0,0,4,,,Steady,Ch,Yes,NO,0
358966772,Caucasian,Female,[50-60),1,Emergency,1,Discharged to home,7,Emergency Room,5,,51,0,19,0,0,0,9,,Norm,Down,Ch,Yes,>30,0
358989992,Caucasian,Female,[60-70),2,Urgent,1,Discharged to home,1,Physician Referral,5,,20,4,17,0,0,0,9,,,Steady,No,Yes,NO,0
359004740,Caucasian,Male,[50-60),2,Urgent,22,Discharged/transferred to another rehab fac including rehab units of a hospital .,7,Emergency Room,3,Emergency/Trauma,61,2,13,0,0,0,7,,,No,No,No,NO,0
359060882,Caucasian,Female,[70-80),1,Emergency,1,Discharged to home,7,Emergency Room,2,,1,4,15,1,0,0,8,,,Down,Ch,Yes,>30,0
359603066,AfricanAmerican,Female,[70-80),3,Elective,1,Discharged to home,1,Physician Referral,2,,1,1,8,0,0,0,9,,,No,No,No,NO,0
359621738,Caucasian,Female,[80-90),1,Emergency,3,Discharged/transferred to SNF,7,Emergency Room,5,,59,0,16,0,0,1,9,,,No,No,No,>30,0
360785894,,Female,[70-80),2,Urgent,22,Discharged/transferred to another rehab fac including rehab units of a hospital .,1,Physician Referral,7,Family/GeneralPractice,59,1,25,0,0,0,9,,,No,No,No,NO,0
361347278,Caucasian,Male,[60-70),1,Emergency,1,Discharged to home,7,Emergency Room,1,,55,3,8,0,0,0,8,,,No,No,No,NO,0
361357964,Caucasian,Female,[70-80),1,Emergency,1,Discharged to home,7,Emergency Room,3,,43,0,19,0,0,0,8,,,No,Ch,Yes,NO,0
361454078,Caucasian,Female,[80-90),1,Emergency,1,Discharged to home,7,Emergency Room,3,,41,0,11,0,0,0,9,,,Steady,No,Yes,NO,0
361460816,AfricanAmerican,Female,[50-60),1,Emergency,1,Discharged to home,7,Emergency Room,2,,19,3,16,0,0,0,6,,,No,No,No,NO,0
361928606,Caucasian,Male,[70-80),3,Elective,1,Discharged to home,1,Physician Referral,2,Urology,24,1,10,0,0,1,9,,,No,No,No,>30,0
362618582,AfricanAmerican,Female,[30-40),1,Emergency,1,Discharged to home,7,Emergency Room,3,,30,0,18,0,5,1,6,,,Up,Ch,Yes,NO,0
363174398,Caucasian,Male,[60-70),3,Elective,6,Discharged/transferred to home with home health service,1,Physician Referral,3,,22,1,17,0,0,0,3,,,No,Ch,Yes,NO,0
363214514,Caucasian,Male,[70-80),1,Emergency,1,Discharged to home,7,Emergency Room,2,,4,0,14,2,0,1,8,,,No,No,Yes,NO,0
363691934,Caucasian,Female,[50-60),2,Urgent,1,Discharged to home,1,Physician Referral,3,Oncology,41,0,25,0,0,2,9,,,No,Ch,Yes,>30,0
363694928,Caucasian,Male,[60-70),1,Emergency,1,Discharged to home,7,Emergency Room,1,,17,4,11,0,0,1,8,,,Steady,Ch,Yes,NO,0
363698450,Caucasian,Male,[60-70),1,Emergency,6,Discharged/transferred to home with home health service,7,Emergency Room,4,,45,0,11,0,0,0,9,,,Up,Ch,Yes,NO,0
363739190,Caucasian,Female,[80-90),1,Emergency,3,Discharged/transferred to SNF,7,Emergency Room,9,Emergency/Trauma,67,1,24,0,0,0,9,,,Steady,Ch,Yes,NO,0
363757298,Caucasian,Male,[80-90),1,Emergency,23,Discharged/transferred to a long term care hospital.,7,Emergency Room,5,,52,0,19,4,0,1,9,,,Up,Ch,Yes,NO,0
363829328,Caucasian,Male,[50-60),1,Emergency,1,Discharged to home,7,Emergency Room,1,,6,0,8,1,0,0,7,,,Steady,No,Yes,NO,0
363832298,Caucasian,Male,[60-70),2,Urgent,1,Discharged to home,1,Physician Referral,12,,36,2,22,0,4,5,8,,,Steady,Ch,Yes,>30,0
363847370,Caucasian,Male,[50-60),1,Emergency,3,Discharged/transferred to SNF,7,Emergency Room,3,,57,0,12,3,0,0,9,,Norm,No,No,No,NO,0
364262984,Other,Male,[60-70),1,Emergency,3,Discharged/transferred to SNF,7,Emergency Room,8,,64,1,22,0,0,2,9,,,Steady,No,Yes,<30,1
364283240,AfricanAmerican,Female,[50-60),1,Emergency,1,Discharged to home,7,Emergency Room,3,,41,0,21,0,0,0,9,,,Down,Ch,Yes,NO,0
364359926,Caucasian,Female,[50-60),1,Emergency,6,Discharged/transferred to home with home health service,1,Physician Referral,6,,50,1,19,0,0,0,8,,,No,Ch,Yes,NO,0
364368110,Caucasian,Male,[60-70),1,Emergency,6,Discharged/transferred to home with home health service,7,Emergency Room,7,,70,6,31,1,0,0,8,,>8,Up,Ch,Yes,NO,0
364390292,Caucasian,Male,[80-90),2,Urgent,3,Discharged/transferred to SNF,7,Emergency Room,5,Emergency/Trauma,46,0,15,0,1,3,9,,,Up,Ch,Yes,NO,0
364426184,Caucasian,Male,[60-70),1,Emergency,1,Discharged to home,7,Emergency Room,2,Radiologist,2,3,13,0,0,0,9,,,No,No,No,>30,0
364880186,Caucasian,Female,[60-70),1,Emergency,1,Discharged to home,7,Emergency Room,3,,40,2,18,0,0,0,9,,Norm,Steady,No,Yes,<30,1
364956728,Caucasian,Female,[80-90),1,Emergency,3,Discharged/transferred to SNF,7,Emergency Room,5,,59,0,15,0,0,0,8,,>8,Steady,No,Yes,NO,0
364978646,Caucasian,Female,[50-60),1,Emergency,1,Discharged to home,7,Emergency Room,2,,48,0,23,2,0,2,9,,,No,Ch,Yes,>30,0
365447378,Caucasian,Male,[60-70),2,Urgent,13,Hospice / home,7,Emergency Room,4,Emergency/Trauma,70,1,20,3,4,0,9,,,Down,Ch,Yes,<30,1
365602400,Caucasian,Male,[60-70),1,Emergency,1,Discharged to home,7,Emergency Room,13,,50,0,30,0,0,0,9,,,Up,Ch,Yes,>30,0
366077864,Other,Female,[30-40),1,Emergency,1,Discharged to home,7,Emergency Room,1,,44,0,13,1,10,4,3,,,Up,Ch,Yes,>30,0
366089528,Caucasian,Male,[70-80),1,Emergency,1,Discharged to home,7,Emergency Room,1,,4,0,10,0,0,0,8,,,Down,Ch,Yes,NO,0
366757220,Caucasian,Male,[60-70),6,NULL,1,Discharged to home,7,Emergency Room,3,InternalMedicine,53,3,14,0,0,0,4,>200,,No,Ch,Yes,NO,0
367247978,AfricanAmerican,Male,[50-60),3,Elective,1,Discharged to home,1,Physician Referral,1,,42,2,19,1,0,0,9,,>8,Steady,Ch,Yes,NO,0
367263044,Caucasian,Female,[60-70),1,Emergency,3,Discharged/transferred to SNF,7,Emergency Room,8,Emergency/Trauma,58,4,18,0,0,0,9,,>8,Down,Ch,Yes,NO,0
367355894,Caucasian,Male,[90-100),3,Elective,3,Discharged/transferred to SNF,1,Physician Referral,3,InternalMedicine,1,1,8,0,1,1,7,,,Steady,Ch,Yes,NO,0
367889612,Caucasian,Female,[70-80),1,Emergency,7,Left AMA,7,Emergency Room,5,,52,0,11,0,0,0,9,,,No,No,No,NO,0
368422706,Other,Male,[80-90),1,Emergency,1,Discharged to home,7,Emergency Room,1,,58,0,15,0,0,0,9,,Norm,No,Ch,Yes,NO,0
368449154,Caucasian,Female,[50-60),3,Elective,1,Discharged to home,1,Physician Referral,2,Oncology,11,0,18,2,1,5,9,,,Steady,Ch,Yes,<30,1
368471732,Caucasian,Female,[80-90),1,Emergency,1,Discharged to home,7,Emergency Room,8,,65,2,21,0,1,0,9,,,No,No,Yes,NO,0
368486882,Caucasian,Female,[80-90),1,Emergency,3,Discharged/transferred to SNF,7,Emergency Room,4,,26,0,25,0,0,3,9,,,Steady,Ch,Yes,>30,0
369104162,Caucasian,Male,[40-50),1,Emergency,1,Discharged to home,7,Emergency Room,8,,69,0,20,0,0,0,5,,>8,Up,Ch,Yes,NO,0
369549302,AfricanAmerican,Female,[80-90),3,Elective,1,Discharged to home,1,Physician Referral,1,,2,1,15,0,0,0,5,,,Up,Ch,Yes,NO,0
369632138,Caucasian,Male,[70-80),1,Emergency,1,Discharged to home,7,Emergency Room,3,Cardiology,57,4,15,0,0,0,9,,,No,No,No,NO,0
369696518,Caucasian,Female,[70-80),2,Urgent,3,Discharged/transferred to SNF,7,Emergency Room,4,,46,0,13,0,0,1,9,,,Steady,Ch,Yes,NO,0
369705920,Caucasian,Female,[70-80),2,Urgent,4,Discharged/transferred to ICF,7,Emergency Room,2,Emergency/Trauma,56,0,14,0,1,2,5,,,Steady,Ch,Yes,>30,0
370156022,Caucasian,Female,[60-70),3,Elective,1,Discharged to home,1,Physician Referral,1,Gynecology,10,2,28,0,0,0,7,,,No,No,Yes,NO,0
370726220,AfricanAmerican,Female,[50-60),8,Not Mapped,1,Discharged to home,7,Emergency Room,1,InternalMedicine,57,1,15,0,0,0,7,,>8,Down,Ch,Yes,NO,0
370736942,AfricanAmerican,Female,[80-90),2,Urgent,3,Discharged/transferred to SNF,5,Transfer from a Skilled Nursing Facility (SNF),4,Emergency/Trauma,56,0,17,0,0,1,9,,,Steady,No,Yes,>30,0
370766498,Caucasian,Male,[30-40),1,Emergency,1,Discharged to home,7,Emergency Room,1,,53,1,11,2,1,3,6,>300,,No,No,No,>30,0
371362394,Other,Male,[70-80),3,Elective,6,Discharged/transferred to home with home health service,1,Physician Referral,8,,68,6,52,1,0,1,9,,>7,Up,Ch,Yes,NO,0
371443928,Caucasian,Female,[90-100),1,Emergency,3,Discharged/transferred to SNF,1,Physician Referral,4,Emergency/Trauma,26,1,9,0,3,0,9,,,No,No,Yes,>30,0
371925902,Caucasian,Female,[40-50),3,Elective,1,Discharged to home,1,Physician Referral,1,Cardiology,1,6,17,0,0,0,5,,,No,No,Yes,NO,0
371994134,Caucasian,Female,[50-60),1,Emergency,1,Discharged to home,7,Emergency Room,1,,31,3,18,0,0,0,9,,,Steady,No,Yes,NO,0
372023384,AfricanAmerican,Female,[80-90),1,Emergency,6,Discharged/transferred to home with home health service,7,Emergency Room,3,,13,0,12,0,0,0,9,,,Steady,Ch,Yes,>30,0
372558374,Caucasian,Male,[60-70),1,Emergency,1,Discharged to home,7,Emergency Room,6,Emergency/Trauma,55,3,32,0,0,0,9,,,Steady,Ch,Yes,>30,0
372581330,AfricanAmerican,Female,[40-50),1,Emergency,1,Discharged to home,7,Emergency Room,11,,78,0,27,0,0,0,9,,Norm,Down,Ch,Yes,NO,0
372658214,Caucasian,Male,[70-80),1,Emergency,1,Discharged to home,7,Emergency Room,2,,46,6,19,0,0,0,9,,,Steady,Ch,Yes,NO,0
373101710,Caucasian,Male,[50-60),3,Elective,1,Discharged to home,1,Physician Referral,7,Radiologist,55,6,40,0,0,0,9,,,Steady,Ch,Yes,>30,0
373200638,Caucasian,Male,[50-60),6,NULL,6,Discharged/transferred to home with home health service,17,NULL,5,Cardiology,42,2,23,0,0,0,9,,,No,No,Yes,NO,0
373226858,Caucasian,Female,[90-100),1,Emergency,3,Discharged/transferred to SNF,7,Emergency Room,6,,33,0,18,0,0,0,9,,,Down,Ch,Yes,<30,1
373231946,AfricanAmerican,Male,[30-40),1,Emergency,1,Discharged to home,7,Emergency Room,5,,56,0,13,0,0,1,9,,,Down,Ch,Yes,NO,0
373767824,Hispanic,Male,[60-70),1,Emergency,1,Discharged to home,7,Emergency Room,2,,46,0,16,2,0,0,7,,,Up,Ch,Yes,NO,0
373816490,Caucasian,Male,[60-70),1,Emergency,3,Discharged/transferred to SNF,7,Emergency Room,3,,31,3,7,0,0,0,9,,,Steady,No,Yes,NO,0
374262578,Caucasian,Male,[70-80),1,Emergency,6,Discharged/transferred to home with home health service,7,Emergency Room,3,,49,0,16,0,0,1,9,,,Steady,Ch,Yes,NO,0
374933264,Caucasian,Female,[50-60),2,Urgent,6,Discharged/transferred to home with home health service,1,Physician Referral,3,,15,1,31,0,0,0,9,,,Up,Ch,Yes,NO,0
375438650,Caucasian,Male,[60-70),2,Urgent,6,Discharged/transferred to home with home health service,1,Physician Referral,7,,47,4,21,0,0,0,9,,>7,Steady,Ch,Yes,NO,0
375490868,Caucasian,Male,[80-90),1,Emergency,3,Discharged/transferred to SNF,7,Emergency Room,4,,67,1,8,0,0,3,9,,,Steady,No,Yes,>30,0
375526562,Caucasian,Female,[60-70),1,Emergency,1,Discharged to home,7,Emergency Room,6,,47,1,26,0,0,0,9,,,Steady,Ch,Yes,NO,0
375574082,AfricanAmerican,Male,[60-70),3,Elective,3,Discharged/transferred to SNF,1,Physician Referral,5,Orthopedics-Reconstructive,32,3,11,0,0,1,9,,,Steady,Ch,Yes,NO,0
376076612,AfricanAmerican,Female,[80-90),1,Emergency,1,Discharged to home,7,Emergency Room,3,,54,1,19,0,0,0,9,,,No,Ch,Yes,NO,0
376079312,Caucasian,Male,[60-70),1,Emergency,2,Discharged/transferred to another short term hospital,7,Emergency Room,1,,74,0,12,0,0,0,9,,,Steady,No,Yes,NO,0
377345246,Caucasian,Male,[40-50),1,Emergency,6,Discharged/transferred to home with home health service,7,Emergency Room,11,,83,4,28,0,0,0,9,,,No,No,No,NO,0
377816204,AfricanAmerican,Female,[70-80),1,Emergency,1,Discharged to home,7,Emergency Room,2,,36,0,11,0,1,0,7,,,No,No,Yes,NO,0
377824460,Caucasian,Female,[60-70),1,Emergency,6,Discharged/transferred to home with home health service,7,Emergency Room,3,,53,0,20,1,1,6,9,,,Steady,No,Yes,>30,0
378377864,Hispanic,Male,[70-80),1,Emergency,3,Discharged/transferred to SNF,7,Emergency Room,1,,47,0,12,0,0,0,9,,Norm,No,No,No,<30,1
378401432,Caucasian,Female,[70-80),1,Emergency,1,Discharged to home,7,Emergency Room,9,,58,3,23,0,0,0,9,,>8,Up,Ch,Yes,NO,0
378435746,Caucasian,Female,[70-80),1,Emergency,6,Discharged/transferred to home with home health service,7,Emergency Room,3,,67,0,9,4,1,2,9,,,Steady,No,Yes,>30,0
378988214,Caucasian,Female,[70-80),1,Emergency,1,Discharged to home,7,Emergency Room,7,,56,0,22,0,0,5,9,,,Up,Ch,Yes,>30,0
379016084,Hispanic,Male,[70-80),3,Elective,1,Discharged to home,1,Physician Referral,9,,53,1,20,0,0,1,9,,>8,Steady,Ch,Yes,>30,0
379584212,AfricanAmerican,Male,[70-80),1,Emergency,3,Discharged/transferred to SNF,7,Emergency Room,3,,49,0,14,0,0,0,9,,Norm,Steady,No,Yes,>30,0
379606958,Caucasian,Female,[60-70),2,Urgent,3,Discharged/transferred to SNF,1,Physician Referral,3,,49,2,26,0,0,0,5,,,No,No,No,>30,0
379660088,Caucasian,Male,[40-50),1,Emergency,1,Discharged to home,7,Emergency Room,5,InternalMedicine,73,0,18,0,0,1,9,,,Steady,No,Yes,>30,0
379682234,Caucasian,Male,[60-70),2,Urgent,1,Discharged to home,7,Emergency Room,1,Emergency/Trauma,5,2,16,0,0,0,5,,,No,No,Yes,NO,0
380138018,Caucasian,Female,[60-70),1,Emergency,1,Discharged to home,7,Emergency Room,9,,35,0,12,0,1,3,6,,,No,No,Yes,<30,1
380187824,Hispanic,Male,[70-80),1,Emergency,1,Discharged to home,7,Emergency Room,10,,53,6,38,0,0,0,9,,Norm,Steady,No,Yes,NO,0
380223356,Caucasian,Male,[90-100),1,Emergency,3,Discharged/transferred to SNF,7,Emergency Room,3,,28,2,6,0,0,0,9,,,No,No,Yes,>30,0
380269322,Caucasian,Male,[80-90),1,Emergency,1,Discharged to home,7,Emergency Room,1,,43,0,1,0,0,0,8,,,No,No,No,>30,0
380857424,Caucasian,Male,[70-80),1,Emergency,1,Discharged to home,7,Emergency Room,5,,31,0,21,0,3,11,9,,,Steady,No,Yes,<30,1
381456758,Hispanic,Female,[70-80),1,Emergency,3,Discharged/transferred to SNF,7,Emergency Room,2,,44,0,34,0,0,0,9,,,Steady,Ch,Yes,NO,0
382051478,Caucasian,Female,[70-80),6,NULL,3,Discharged/transferred to SNF,7,Emergency Room,7,,62,0,32,0,0,2,6,>300,,Down,Ch,Yes,<30,1
382530068,Caucasian,Female,[70-80),3,Elective,3,Discharged/transferred to SNF,1,Physician Referral,1,Cardiology,16,2,32,3,0,6,9,,,Steady,No,Yes,>30,0
382533338,Caucasian,Female,[70-80),1,Emergency,6,Discharged/transferred to home with home health service,7,Emergency Room,2,,56,0,8,4,0,5,9,,,No,No,No,>30,0
382631072,Caucasian,Female,[50-60),3,Elective,1,Discharged to home,1,Physician Referral,3,Orthopedics,2,1,14,0,0,0,9,,,Steady,Ch,Yes,NO,0
383251328,Other,Female,[70-80),1,Emergency,1,Discharged to home,7,Emergency Room,4,Radiologist,9,1,9,0,0,0,7,,,No,No,Yes,NO,0
383667158,Caucasian,Male,[60-70),1,Emergency,11,Expired,7,Emergency Room,1,,41,0,4,1,0,0,9,,,No,No,No,NO,0
383695280,Caucasian,Female,[70-80),3,Elective,1,Discharged to home,1,Physician Referral,1,,6,0,3,0,0,0,4,,,No,No,No,NO,0
383757188,Caucasian,Male,[40-50),1,Emergency,1,Discharged to home,7,Emergency Room,1,,21,1,6,0,0,0,9,,,No,No,No,NO,0
383803310,Caucasian,Female,[60-70),2,Urgent,1,Discharged to home,1,Physician Referral,2,,41,1,11,3,0,0,9,,,Steady,No,Yes,<30,1
384317258,,Male,[70-80),3,Elective,6,Discharged/transferred to home with home health service,1,Physician Referral,1,,26,4,22,4,0,2,9,,,Down,Ch,Yes,NO,0
384336842,Caucasian,Male,[70-80),3,Elective,3,Discharged/transferred to SNF,1,Physician Referral,12,,66,4,28,0,0,1,9,,>7,No,No,Yes,>30,0
384389102,Caucasian,Female,[60-70),1,Emergency,1,Discharged to home,7,Emergency Room,4,,31,0,10,1,0,0,8,,,No,No,No,NO,0
384418112,Caucasian,Male,[70-80),2,Urgent,3,Discharged/transferred to SNF,7,Emergency Room,14,Emergency/Trauma,54,4,35,0,2,0,9,,,Up,Ch,Yes,NO,0
384957704,Caucasian,Male,[60-70),1,Emergency,1,Discharged to home,7,Emergency Room,3,,1,0,6,0,0,0,8,,,No,No,Yes,NO,0
384991436,Other,Male,[60-70),2,Urgent,6,Discharged/transferred to home with home health service,1,Physician Referral,8,,45,5,17,0,0,1,7,,,Up,Ch,Yes,>30,0
385430900,Caucasian,Male,[70-80),1,Emergency,1,Discharged to home,7,Emergency Room,4,Emergency/Trauma,42,0,25,0,0,3,9,,,Up,Ch,Yes,>30,0
385474238,Caucasian,Male,[70-80),3,Elective,6,Discharged/transferred to home with home health service,1,Physician Referral,11,Cardiology,80,6,62,0,0,1,9,,,Down,Ch,Yes,NO,0
385487978,AfricanAmerican,Male,[60-70),3,Elective,1,Discharged to home,5,Transfer from a Skilled Nursing Facility (SNF),13,,40,5,27,0,1,2,9,,,Up,Ch,Yes,NO,0
386026652,Caucasian,Female,[80-90),1,Emergency,1,Discharged to home,7,Emergency Room,4,,46,0,16,0,0,0,9,,,Down,Ch,Yes,<30,1
386036114,Caucasian,Female,[70-80),3,Elective,1,Discharged to home,7,Emergency Room,1,Emergency/Trauma,41,3,9,0,0,0,5,,,Steady,Ch,Yes,NO,0
386036408,Caucasian,Male,[60-70),2,Urgent,1,Discharged to home,1,Physician Referral,7,,35,1,21,1,3,5,9,,,No,Ch,Yes,>30,0
386183336,Caucasian,Female,[90-100),1,Emergency,3,Discharged/transferred to SNF,7,Emergency Room,5,,53,2,18,0,0,0,9,,,No,No,Yes,<30,1
386624528,Caucasian,Female,[70-80),1,Emergency,1,Discharged to home,7,Emergency Room,4,Emergency/Trauma,66,0,25,0,0,0,9,,,Down,Ch,Yes,NO,0
386683838,Caucasian,Female,[40-50),1,Emergency,1,Discharged to home,7,Emergency Room,1,,51,0,22,0,0,0,9,,,Up,Ch,Yes,NO,0
386686736,Caucasian,Male,[80-90),3,Elective,1,Discharged to home,1,Physician Referral,5,InternalMedicine,54,2,16,0,0,0,9,,,Down,Ch,Yes,NO,0
386747168,Caucasian,Female,[70-80),2,Urgent,3,Discharged/transferred to SNF,7,Emergency Room,7,Emergency/Trauma,56,3,26,0,0,0,9,,,Up,Ch,Yes,<30,1
387232238,Caucasian,Female,[80-90),1,Emergency,5,Discharged/transferred to another type of inpatient care institution,1,Physician Referral,6,InternalMedicine,41,3,33,0,0,0,9,,Norm,No,No,No,NO,0
387781808,Caucasian,Male,[40-50),1,Emergency,28,Discharged/transferred/referred to a psychiatric hospital of psychiatric distinct part unit of a hospital,7,Emergency Room,6,,73,0,10,0,0,0,9,,>8,No,No,Yes,NO,0
387846692,Caucasian,Female,[70-80),1,Emergency,3,Discharged/transferred to SNF,7,Emergency Room,6,,65,2,22,0,0,1,9,,,Down,Ch,Yes,>30,0
387908282,Caucasian,Male,[80-90),2,Urgent,1,Discharged to home,1,Physician Referral,1,Cardiology,26,3,20,0,0,1,9,,,No,No,Yes,NO,0
388971566,Caucasian,Male,[70-80),1,Emergency,1,Discharged to home,7,Emergency Room,4,,70,2,18,1,0,0,9,,,Steady,Ch,Yes,NO,0
389066786,Caucasian,Male,[60-70),3,Elective,1,Discharged to home,1,Physician Referral,2,Cardiology,54,1,30,0,0,0,9,,,Down,Ch,Yes,>30,0
389066960,Caucasian,Female,[70-80),3,Elective,1,Discharged to home,1,Physician Referral,4,Family/GeneralPractice,11,4,12,0,1,0,9,,,Steady,Ch,Yes,NO,0
389617004,Caucasian,Female,[80-90),1,Emergency,6,Discharged/transferred to home with home health service,7,Emergency Room,3,,52,6,26,0,0,4,9,,>7,Steady,No,Yes,NO,0
390147824,Caucasian,Female,[50-60),1,Emergency,1,Discharged to home,7,Emergency Room,3,,43,0,22,0,0,0,9,,,Steady,No,Yes,NO,0
390147884,Caucasian,Male,[50-60),1,Emergency,1,Discharged to home,7,Emergency Room,1,,9,3,14,0,0,0,8,,,No,No,No,NO,0
390235286,Caucasian,Male,[50-60),1,Emergency,3,Discharged/transferred to SNF,7,Emergency Room,2,,32,0,16,0,0,2,4,,,No,No,Yes,>30,0
390805304,Caucasian,Male,[60-70),2,Urgent,3,Discharged/transferred to SNF,5,Transfer from a Skilled Nursing Facility (SNF),6,Emergency/Trauma,56,3,20,0,1,5,9,,,Up,Ch,Yes,<30,1
391325168,Caucasian,Male,[70-80),3,Elective,6,Discharged/transferred to home with home health service,1,Physician Referral,3,,36,1,16,3,1,0,5,,,Up,Ch,Yes,NO,0
391420550,Caucasian,Male,[60-70),1,Emergency,1,Discharged to home,7,Emergency Room,5,Emergency/Trauma,46,0,20,0,0,0,9,,,No,No,No,NO,0
392631068,Caucasian,Female,[80-90),2,Urgent,3,Discharged/transferred to SNF,7,Emergency Room,4,Emergency/Trauma,34,1,15,0,0,0,9,,,Steady,No,Yes,>30,0
392638868,Hispanic,Female,[30-40),1,Emergency,1,Discharged to home,1,Physician Referral,2,ObstetricsandGynecology,1,3,10,6,0,0,9,,,Steady,No,Yes,NO,0
392667752,Caucasian,Male,[70-80),1,Emergency,4,Discharged/transferred to ICF,7,Emergency Room,6,InternalMedicine,53,0,21,0,2,1,9,,,Down,Ch,Yes,>30,0
393225584,Hispanic,Male,[70-80),1,Emergency,1,Discharged to home,7,Emergency Room,3,,43,3,12,0,0,1,9,,,Steady,No,Yes,NO,0
393736868,Caucasian,Female,[60-70),1,Emergency,1,Discharged to home,7,Emergency Room,4,,56,0,17,0,0,0,9,,,Up,Ch,Yes,>30,0
393795326,Caucasian,Female,[80-90),1,Emergency,11,Expired,7,Emergency Room,5,,36,1,13,0,0,0,9,,,No,No,No,NO,0
394301672,Caucasian,Male,[80-90),3,Elective,1,Discharged to home,1,Physician Referral,4,,54,0,19,1,0,0,4,,,No,No,No,NO,0
394363604,Caucasian,Female,[80-90),1,Emergency,6,Discharged/transferred to home with home health service,7,Emergency Room,3,,54,0,12,5,2,4,9,,,No,No,No,>30,0
394394414,Caucasian,Male,[20-30),1,Emergency,1,Discharged to home,7,Emergency Room,1,,2,0,3,0,0,0,6,,,No,Ch,Yes,NO,0
394999778,,Male,[30-40),1,Emergency,1,Discharged to home,7,Emergency Room,4,,67,1,8,1,0,0,9,,>8,Up,Ch,Yes,NO,0
395007710,Caucasian,Female,[70-80),3,Elective,6,Discharged/transferred to home with home health service,1,Physician Referral,2,Cardiology,15,0,15,0,0,1,8,,,No,No,Yes,NO,0
395474696,Caucasian,Female,[60-70),1,Emergency,1,Discharged to home,7,Emergency Room,1,,36,0,13,0,0,1,9,,,No,Ch,Yes,NO,0
395490902,Caucasian,Female,[60-70),1,Emergency,1,Discharged to home,7,Emergency Room,4,,45,1,24,0,0,0,9,,,Steady,No,Yes,<30,1
395491238,AfricanAmerican,Female,[40-50),1,Emergency,1,Discharged to home,7,Emergency Room,4,,10,0,20,0,0,0,9,,,Steady,No,Yes,>30,0
395550596,AfricanAmerican,Male,[80-90),1,Emergency,5,Discharged/transferred to another type of inpatient care institution,7,Emergency Room,7,,83,0,20,0,0,0,9,,>7,No,No,No,NO,0
395581274,Caucasian,Female,[50-60),1,Emergency,1,Discharged to home,7,Emergency Room,2,,70,0,9,0,0,0,5,,>7,Down,Ch,Yes,NO,0
396096248,Caucasian,Female,[50-60),1,Emergency,3,Discharged/transferred to SNF,7,Emergency Room,2,,1,0,10,0,0,2,5,,,Steady,No,Yes,NO,0
396166556,Caucasian,Male,[50-60),1,Emergency,1,Discharged to home,7,Emergency Room,1,Radiologist,53,1,19,0,0,0,3,,,Steady,Ch,Yes,NO,0
396615914,Caucasian,Female,[60-70),2,Urgent,1,Discharged to home,1,Physician Referral,12,Psychiatry,50,0,15,0,2,0,6,,,Up,Ch,Yes,>30,0
396641822,AfricanAmerican,Male,[60-70),1,Emergency,1,Discharged to home,7,Emergency Room,6,,53,2,18,0,0,0,9,,,No,No,Yes,<30,1
397361486,,Male,[50-60),2,Urgent,3,Discharged/transferred to SNF,1,Physician Referral,5,InternalMedicine,36,1,25,0,0,1,7,,,Steady,No,Yes,>30,0
397872632,Caucasian,Male,[60-70),1,Emergency,1,Discharged to home,7,Emergency Room,4,,40,0,14,0,2,0,5,,,No,No,Yes,>30,0
397892246,Other,Female,[70-80),2,Urgent,1,Discharged to home,4,Transfer from a hospital,1,InternalMedicine,9,0,13,0,2,1,8,,,No,No,Yes,NO,0
398409722,Hispanic,Female,[70-80),1,Emergency,1,Discharged to home,7,Emergency Room,7,,39,2,17,0,0,0,9,,,Steady,Ch,Yes,NO,0
398500496,Caucasian,Female,[60-70),1,Emergency,1,Discharged to home,7,Emergency Room,4,,57,0,12,0,0,0,9,,,No,No,Yes,NO,0
398979992,AfricanAmerican,Female,[30-40),1,Emergency,1,Discharged to home,7,Emergency Room,2,InternalMedicine,47,2,17,0,2,6,7,,,Down,Ch,Yes,<30,1
399001616,Caucasian,Male,[80-90),1,Emergency,3,Discharged/transferred to SNF,7,Emergency Room,11,,63,0,26,0,0,1,9,,Norm,Up,Ch,Yes,<30,1
399067670,Caucasian,Male,[70-80),6,NULL,1,Discharged to home,17,NULL,1,InternalMedicine,63,1,9,0,0,0,9,,,Steady,Ch,Yes,NO,0
399094214,Caucasian,Female,[60-70),1,Emergency,6,Discharged/transferred to home with home health service,7,Emergency Room,1,,11,0,12,2,0,0,9,,,No,No,Yes,>30,0
399097892,AfricanAmerican,Female,[50-60),8,Not Mapped,7,Left AMA,7,Emergency Room,1,InternalMedicine,80,1,12,0,0,0,6,,>8,Up,Ch,Yes,NO,0
399639038,Caucasian,Female,[30-40),1,Emergency,1,Discharged to home,7,Emergency Room,2,,67,1,9,0,1,2,9,,,No,No,No,<30,1
400820906,Caucasian,Female,[50-60),2,Urgent,1,Discharged to home,7,Emergency Room,7,Emergency/Trauma,54,1,32,1,0,1,9,,,Up,Ch,Yes,<30,1
401332730,Caucasian,Male,[60-70),1,Emergency,1,Discharged to home,7,Emergency Room,4,,45,0,21,0,0,0,9,,,Down,Ch,Yes,<30,1
401336984,Caucasian,Male,[50-60),1,Emergency,1,Discharged to home,7,Emergency Room,7,,48,0,20,0,0,0,9,,>8,Down,Ch,Yes,NO,0
401388560,Caucasian,Male,[50-60),3,Elective,1,Discharged to home,1,Physician Referral,1,,10,6,8,0,1,1,5,,,Steady,No,Yes,NO,0
401418362,Caucasian,Male,[60-70),2,Urgent,1,Discharged to home,4,Transfer from a hospital,4,Radiologist,78,4,27,0,0,0,9,,,Steady,Ch,Yes,NO,0
401455778,Caucasian,Male,[90-100),1,Emergency,14,Hospice / medical facility,7,Emergency Room,4,,86,0,14,0,1,1,9,,,No,No,Yes,NO,0
401456324,Caucasian,Male,[80-90),1,Emergency,1,Discharged to home,7,Emergency Room,4,,13,0,17,4,0,3,9,,,Steady,Ch,Yes,NO,0
401942888,Caucasian,Male,[70-80),3,Elective,1,Discharged to home,1,Physician Referral,7,InternalMedicine,60,3,17,0,0,0,9,,>8,Down,Ch,Yes,NO,0
401982770,Caucasian,Female,[90-100),1,Emergency,1,Discharged to home,7,Emergency Room,2,,34,1,7,0,0,0,9,,,No,No,Yes,NO,0
401991242,Caucasian,Female,[30-40),2,Urgent,1,Discharged to home,1,Physician Referral,6,,57,0,15,0,0,0,9,,,Down,Ch,Yes,NO,0
402031652,Caucasian,Female,[90-100),2,Urgent,3,Discharged/transferred to SNF,7,Emergency Room,4,Surgery-General,60,1,24,0,7,3,9,,,Up,Ch,Yes,>30,0
402039350,Caucasian,Female,[50-60),2,Urgent,1,Discharged to home,1,Physician Referral,8,Oncology,51,1,16,1,0,9,9,,,No,No,No,<30,1
402058826,Caucasian,Male,[40-50),1,Emergency,7,Left AMA,7,Emergency Room,2,Emergency/Trauma,30,1,7,0,2,0,9,,,No,No,No,<30,1
402523136,Caucasian,Female,[70-80),8,Not Mapped,1,Discharged to home,1,Physician Referral,1,Cardiology,3,2,19,0,0,0,9,,,No,No,No,NO,0
403166108,Hispanic,Male,[60-70),2,Urgent,3,Discharged/transferred to SNF,1,Physician Referral,4,,25,2,32,0,0,1,9,,,No,No,Yes,NO,0
403695998,AfricanAmerican,Male,[30-40),1,Emergency,1,Discharged to home,7,Emergency Room,3,InternalMedicine,10,0,15,0,0,0,6,,,Steady,Ch,Yes,NO,0
403731110,AfricanAmerican,Male,[60-70),1,Emergency,6,Discharged/transferred to home with home health service,7,Emergency Room,1,,36,0,12,1,2,0,9,,,Steady,No,Yes,>30,0
404876756,Caucasian,Female,[80-90),1,Emergency,3,Discharged/transferred to SNF,6,Transfer from another health care facility,10,,73,0,21,0,0,0,9,,,Steady,No,Yes,NO,0
404878652,Caucasian,Male,[80-90),3,Elective,11,Expired,1,Physician Referral,13,,63,2,42,0,0,0,9,,>7,No,No,No,NO,0
404964284,Caucasian,Male,[50-60),3,Elective,1,Discharged to home,1,Physician Referral,4,Cardiology,23,0,15,0,0,1,9,,,Steady,No,Yes,NO,0
406113266,Caucasian,Female,[50-60),3,Elective,1,Discharged to home,1,Physician Referral,3,ObstetricsandGynecology,21,3,13,0,0,0,9,,,No,Ch,Yes,NO,0
406138076,Caucasian,Female,[80-90),1,Emergency,1,Discharged to home,7,Emergency Room,1,,22,1,9,0,0,1,4,,,No,No,No,NO,0
406712588,Caucasian,Female,[70-80),2,Urgent,1,Discharged to home,7,Emergency Room,3,Surgery-General,1,0,14,0,0,0,7,,,Steady,No,Yes,NO,0
407243516,Caucasian,Female,[60-70),1,Emergency,2,Discharged/transferred to another short term hospital,7,Emergency Room,3,,43,0,27,3,1,1,9,,Norm,No,No,No,>30,0
407314472,Caucasian,Female,[70-80),2,Urgent,1,Discharged to home,1,Physician Referral,3,,23,0,16,0,0,0,9,,,Down,Ch,Yes,<30,1
407941454,Caucasian,Female,[50-60),1,Emergency,1,Discharged to home,7,Emergency Room,2,Emergency/Trauma,33,6,18,0,0,0,9,,>8,Steady,No,Yes,NO,0
408504038,Caucasian,Female,[50-60),3,Elective,6,Discharged/transferred to home with home health service,1,Physician Referral,6,,63,2,30,1,1,3,9,,,Steady,No,Yes,>30,0
408518570,Caucasian,Female,[80-90),1,Emergency,1,Discharged to home,7,Emergency Room,6,,52,0,16,1,0,2,9,,,Steady,No,Yes,NO,0
409077230,Caucasian,Male,[70-80),2,Urgent,6,Discharged/transferred to home with home health service,1,Physician Referral,3,,19,0,7,0,0,0,8,,,No,No,Yes,>30,0
410211980,Caucasian,Male,[60-70),1,Emergency,1,Discharged to home,7,Emergency Room,4,,31,0,8,3,0,2,4,,,No,No,No,>30,0
410222204,AfricanAmerican,Female,[50-60),1,Emergency,1,Discharged to home,7,Emergency Room,6,,47,0,24,0,0,0,9,,Norm,Down,Ch,Yes,NO,0
410240912,Caucasian,Male,[70-80),1,Emergency,3,Discharged/transferred to SNF,7,Emergency Room,12,,69,4,22,0,0,0,9,,>7,No,No,No,NO,0
410254796,Hispanic,Female,[70-80),3,Elective,3,Discharged/transferred to SNF,1,Physician Referral,9,,66,1,24,0,0,0,9,,>8,Steady,Ch,Yes,NO,0
410309864,,Male,[60-70),1,Emergency,1,Discharged to home,7,Emergency Room,11,,67,0,31,0,0,0,9,,>8,Up,Ch,Yes,NO,0
410867540,Caucasian,Female,[50-60),1,Emergency,1,Discharged to home,7,Emergency Room,4,,34,0,25,0,1,4,9,,,No,Ch,Yes,<30,1
411364118,Caucasian,Female,[50-60),1,Emergency,1,Discharged to home,7,Emergency Room,2,,41,3,8,0,0,0,7,,,Steady,No,Yes,NO,0
411454628,Caucasian,Male,[50-60),1,Emergency,11,Expired,7,Emergency Room,3,,46,6,30,0,0,0,9,,>7,No,No,No,NO,0
411935726,Caucasian,Female,[50-60),1,Emergency,1,Discharged to home,7,Emergency Room,8,,46,6,28,0,0,0,8,,Norm,Steady,Ch,Yes,>30,0
411971012,Caucasian,Male,[60-70),3,Elective,1,Discharged to home,1,Physician Referral,2,Family/GeneralPractice,1,0,11,0,0,0,7,,,Up,Ch,Yes,NO,0
412071632,Caucasian,Female,[90-100),1,Emergency,1,Discharged to home,7,Emergency Room,7,InternalMedicine,59,0,18,0,3,0,9,,,Steady,No,Yes,NO,0
412079186,Caucasian,Male,[20-30),1,Emergency,1,Discharged to home,7,Emergency Room,2,,36,0,6,1,0,0,7,,,Steady,No,Yes,NO,0
412535486,Caucasian,Male,[80-90),1,Emergency,1,Discharged to home,7,Emergency Room,6,,64,2,19,0,1,1,9,,,No,No,No,>30,0
412577870,Caucasian,Female,[80-90),1,Emergency,4,Discharged/transferred to ICF,7,Emergency Room,3,,79,0,20,0,0,0,7,,>7,Down,Ch,Yes,NO,0
412637504,Caucasian,Male,[70-80),2,Urgent,22,Discharged/transferred to another rehab fac including rehab units of a hospital .,9,Not Available,6,,50,0,17,0,0,0,9,,,Up,Ch,Yes,NO,0
413210876,Caucasian,Male,[40-50),2,Urgent,1,Discharged to home,1,Physician Referral,9,,59,4,30,0,0,0,12,,,No,No,No,>30,0
413754602,Caucasian,Male,[60-70),1,Emergency,1,Discharged to home,7,Emergency Room,3,,1,0,11,0,0,0,9,,,Steady,Ch,Yes,NO,0
413806166,AfricanAmerican,Female,[60-70),3,Elective,3,Discharged/transferred to SNF,1,Physician Referral,6,Surgery-Cardiovascular/Thoracic,61,4,52,1,1,1,9,,>8,Up,Ch,Yes,NO,0
414359030,Caucasian,Female,[80-90),3,Elective,1,Discharged to home,1,Physician Referral,6,Radiologist,51,2,27,0,0,1,9,,,Steady,No,Yes,NO,0
414425792,Caucasian,Female,[80-90),1,Emergency,1,Discharged to home,7,Emergency Room,4,,12,0,16,0,0,0,9,,,Steady,Ch,Yes,NO,0
414440126,Caucasian,Female,[60-70),1,Emergency,1,Discharged to home,7,Emergency Room,6,Emergency/Trauma,78,0,10,0,0,0,9,,,Steady,Ch,Yes,NO,0
415000370,Caucasian,Male,[60-70),1,Emergency,6,Discharged/transferred to home with home health service,7,Emergency Room,7,,84,3,24,1,0,2,9,,,No,No,Yes,NO,0
415615760,Caucasian,Female,[90-100),1,Emergency,3,Discharged/transferred to SNF,7,Emergency Room,3,,56,0,18,0,0,0,9,,,Up,Ch,Yes,NO,0
416074934,Caucasian,Male,[30-40),3,Elective,1,Discharged to home,1,Physician Referral,14,,49,1,21,3,0,0,9,,,Down,Ch,Yes,>30,0
416092790,Caucasian,Female,[80-90),1,Emergency,3,Discharged/transferred to SNF,7,Emergency Room,5,Emergency/Trauma,39,0,14,0,0,2,6,,,Down,Ch,Yes,>30,0
416093108,Caucasian,Female,[50-60),1,Emergency,6,Discharged/transferred to home with home health service,7,Emergency Room,9,,93,4,22,0,0,0,9,,>7,No,No,No,<30,1
416158526,Caucasian,Male,[60-70),1,Emergency,1,Discharged to home,7,Emergency Room,3,,54,2,14,0,1,1,9,,,Down,Ch,Yes,>30,0
416635976,Caucasian,Female,[70-80),1,Emergency,1,Discharged to home,7,Emergency Room,3,,18,0,15,0,0,0,9,,,Steady,No,Yes,NO,0
416695016,Caucasian,Female,[70-80),3,Elective,6,Discharged/transferred to home with home health service,1,Physician Referral,3,Surgery-General,13,3,18,0,0,1,9,,,No,No,Yes,NO,0
417273836,Caucasian,Male,[40-50),1,Emergency,7,Left AMA,7,Emergency Room,3,,47,1,19,0,0,0,8,,>8,Steady,Ch,Yes,<30,1
417284414,,Female,[60-70),3,Elective,6,Discharged/transferred to home with home health service,1,Physician Referral,3,,32,1,33,2,1,0,9,,,Steady,Ch,Yes,NO,0
417306182,Caucasian,Female,[80-90),3,Elective,3,Discharged/transferred to SNF,1,Physician Referral,3,,34,3,24,0,0,0,7,,,No,No,No,NO,0
417392144,Caucasian,Male,[60-70),1,Emergency,1,Discharged to home,7,Emergency Room,2,Radiologist,24,6,10,0,0,1,9,,,Steady,Ch,Yes,NO,0
417821210,Caucasian,Female,[70-80),1,Emergency,1,Discharged to home,7,Emergency Room,3,,41,0,10,0,0,0,9,,,No,No,No,NO,0
418399496,Caucasian,Male,[50-60),1,Emergency,1,Discharged to home,7,Emergency Room,9,,45,1,3,0,0,0,9,,,No,No,Yes,NO,0
418421012,Caucasian,Male,[70-80),1,Emergency,1,Discharged to home,7,Emergency Room,4,,35,0,11,0,0,0,3,,Norm,No,No,No,NO,0
418429952,Caucasian,Male,[80-90),1,Emergency,3,Discharged/transferred to SNF,7,Emergency Room,5,,46,1,20,2,0,0,9,,,Steady,Ch,Yes,<30,1
418518902,Caucasian,Female,[50-60),1,Emergency,1,Discharged to home,7,Emergency Room,1,,54,0,10,0,0,0,9,,,Steady,No,Yes,>30,0
419114912,Caucasian,Female,[20-30),1,Emergency,1,Discharged to home,7,Emergency Room,13,,78,4,39,0,0,0,14,,,No,Ch,Yes,>30,0
419565434,Caucasian,Female,[90-100),3,Elective,3,Discharged/transferred to SNF,1,Physician Referral,6,Emergency/Trauma,38,0,10,0,0,1,9,,,No,No,Yes,NO,0
419579054,Hispanic,Female,[20-30),3,Elective,1,Discharged to home,7,Emergency Room,4,Emergency/Trauma,57,0,12,0,0,0,7,,,Up,Ch,Yes,>30,0
419611076,Caucasian,Female,[60-70),3,Elective,22,Discharged/transferred to another rehab fac including rehab units of a hospital .,5,Transfer from a Skilled Nursing Facility (SNF),9,Family/GeneralPractice,34,4,34,0,0,2,9,,,Down,Ch,Yes,NO,0
419726612,Caucasian,Male,[40-50),1,Emergency,2,Discharged/transferred to another short term hospital,7,Emergency Room,3,Emergency/Trauma,1,0,11,0,0,1,9,,,Up,Ch,Yes,<30,1
420238118,,Female,[70-80),1,Emergency,2,Discharged/transferred to another short term hospital,7,Emergency Room,1,,16,0,9,1,0,1,5,,,No,No,Yes,NO,0
420289076,Caucasian,Male,[60-70),2,Urgent,1,Discharged to home,7,Emergency Room,2,Emergency/Trauma,64,1,12,0,0,0,9,,,Down,Ch,Yes,>30,0
420315164,Caucasian,Male,[60-70),3,Elective,6,Discharged/transferred to home with home health service,1,Physician Referral,6,,54,2,20,1,3,3,8,,,Steady,Ch,Yes,<30,1
420784082,Caucasian,Male,[50-60),2,Urgent,6,Discharged/transferred to home with home health service,1,Physician Referral,8,Emergency/Trauma,75,0,21,0,0,0,9,,,No,No,No,>30,0
421412984,Caucasian,Female,[60-70),1,Emergency,1,Discharged to home,7,Emergency Room,1,,29,0,13,0,0,1,9,,,No,No,Yes,NO,0
421422626,Caucasian,Female,[60-70),1,Emergency,1,Discharged to home,7,Emergency Room,2,,21,0,11,0,0,0,9,,,Down,Ch,Yes,NO,0
421462436,Caucasian,Male,[60-70),1,Emergency,1,Discharged to home,7,Emergency Room,4,,30,1,23,4,0,0,7,,,No,No,No,>30,0
421469618,Caucasian,Female,[70-80),1,Emergency,1,Discharged to home,7,Emergency Room,3,InternalMedicine,2,0,19,0,0,1,9,,,Steady,Ch,Yes,NO,0
422548520,Caucasian,Female,[30-40),1,Emergency,1,Discharged to home,7,Emergency Room,2,Emergency/Trauma,54,1,20,0,0,0,9,,,Down,Ch,Yes,NO,0
422607932,Caucasian,Female,[80-90),1,Emergency,1,Discharged to home,7,Emergency Room,3,Emergency/Trauma,32,6,13,0,0,0,8,,,Down,Ch,Yes,>30,0
423102662,Caucasian,Male,[50-60),1,Emergency,22,Discharged/transferred to another rehab fac including rehab units of a hospital .,7,Emergency Room,5,,45,2,25,0,0,0,9,,,Down,Ch,Yes,<30,1
423259994,Other,Male,[40-50),2,Urgent,7,Left AMA,7,Emergency Room,1,Emergency/Trauma,46,1,13,0,0,0,9,,>8,Down,Ch,Yes,NO,0
423711350,Caucasian,Male,[80-90),1,Emergency,3,Discharged/transferred to SNF,7,Emergency Room,7,,35,1,23,2,0,4,9,,,Up,Ch,Yes,>30,0
423782774,Caucasian,Male,[60-70),3,Elective,1,Discharged to home,1,Physician Referral,1,Cardiology,38,6,9,0,0,0,9,,,No,No,No,>30,0
424282736,Caucasian,Male,[50-60),3,Elective,3,Discharged/transferred to SNF,1,Physician Referral,9,Family/GeneralPractice,33,1,25,0,1,0,9,,,Up,Ch,Yes,>30,0
424334234,Caucasian,Male,[80-90),3,Elective,1,Discharged to home,1,Physician Referral,1,Radiology,20,5,10,0,0,1,9,,,No,No,Yes,NO,0
424387730,Caucasian,Female,[60-70),2,Urgent,1,Discharged to home,1,Physician Referral,1,,1,2,5,0,0,0,8,,,No,No,Yes,NO,0
424889984,Caucasian,Female,[70-80),1,Emergency,6,Discharged/transferred to home with home health service,7,Emergency Room,8,InternalMedicine,96,1,21,0,0,0,9,,,Down,Ch,Yes,>30,0
424937156,Caucasian,Female,[50-60),1,Emergency,1,Discharged to home,7,Emergency Room,5,InternalMedicine,58,0,19,0,1,1,9,,,Up,Ch,Yes,>30,0
425559740,Hispanic,Male,[70-80),1,Emergency,1,Discharged to home,7,Emergency Room,4,,53,0,16,0,0,0,9,,,Steady,No,Yes,>30,0
426120608,Caucasian,Female,[60-70),3,Elective,1,Discharged to home,1,Physician Referral,1,,23,4,21,4,0,0,6,,,No,No,No,NO,0
427256606,Caucasian,Female,[80-90),2,Urgent,1,Discharged to home,7,Emergency Room,6,Emergency/Trauma,67,0,7,0,0,0,6,,>7,No,No,No,NO,0
427846742,AfricanAmerican,Female,[80-90),2,Urgent,6,Discharged/transferred to home with home health service,1,Physician Referral,2,,53,0,11,0,0,0,9,,,No,No,No,NO,0
427981160,Caucasian,Female,[70-80),1,Emergency,6,Discharged/transferred to home with home health service,7,Emergency Room,2,,29,0,6,2,0,1,9,,,No,No,No,NO,0
428463092,Other,Male,[60-70),2,Urgent,1,Discharged to home,7,Emergency Room,3,Surgery-General,40,6,9,0,0,0,3,,,No,No,No,NO,0
428492858,Caucasian,Female,[80-90),2,Urgent,6,Discharged/transferred to home with home health service,7,Emergency Room,7,Emergency/Trauma,46,4,16,0,0,0,8,,,No,No,No,NO,0
428507222,Caucasian,Male,[60-70),1,Emergency,1,Discharged to home,7,Emergency Room,6,,41,1,23,0,0,0,9,,,Up,Ch,Yes,>30,0
428995202,Caucasian,Female,[70-80),2,Urgent,1,Discharged to home,7,Emergency Room,3,Emergency/Trauma,47,0,25,0,0,1,9,,,Up,Ch,Yes,>30,0
429121052,Caucasian,Female,[80-90),3,Elective,3,Discharged/transferred to SNF,1,Physician Referral,6,,24,1,29,3,0,1,5,,,Steady,Ch,Yes,NO,0
430190108,Caucasian,Female,[80-90),1,Emergency,6,Discharged/transferred to home with home health service,7,Emergency Room,4,,50,0,16,0,0,1,9,,,No,No,No,>30,0
430232636,Caucasian,Female,[70-80),1,Emergency,3,Discharged/transferred to SNF,1,Physician Referral,3,,52,0,12,3,0,0,5,,,No,No,No,>30,0
430791326,Caucasian,Female,[60-70),1,Emergency,1,Discharged to home,7,Emergency Room,5,,45,0,23,0,0,3,9,,,No,No,Yes,>30,0
431347352,Caucasian,Male,[50-60),3,Elective,1,Discharged to home,1,Physician Referral,1,Cardiology,45,1,18,0,0,1,9,,,Steady,No,Yes,<30,1
431998010,Caucasian,Female,[40-50),1,Emergency,1,Discharged to home,1,Physician Referral,1,Emergency/Trauma,34,1,18,0,0,0,9,,,Steady,Ch,Yes,NO,0
431998226,Caucasian,Female,[60-70),1,Emergency,1,Discharged to home,7,Emergency Room,14,,74,4,36,4,0,0,9,,,No,Ch,Yes,<30,1
432008708,Caucasian,Female,[70-80),1,Emergency,1,Discharged to home,7,Emergency Room,4,,39,0,16,0,0,0,9,,,Steady,No,Yes,NO,0
432036062,Caucasian,Female,[60-70),1,Emergency,1,Discharged to home,7,Emergency Room,8,,90,2,24,0,0,0,9,,>7,Up,Ch,Yes,NO,0
432044210,Caucasian,Male,[90-100),1,Emergency,3,Discharged/transferred to SNF,7,Emergency Room,4,,58,0,15,0,0,0,9,,,Up,Ch,Yes,NO,0
432057428,Caucasian,Female,[80-90),1,Emergency,3,Discharged/transferred to SNF,1,Physician Referral,4,Surgery-General,61,1,19,0,0,0,9,,,No,No,No,NO,0
432538322,Caucasian,Male,[70-80),3,Elective,1,Discharged to home,1,Physician Referral,4,,56,2,33,0,0,0,9,,,No,No,Yes,>30,0
432584762,Caucasian,Male,[40-50),1,Emergency,1,Discharged to home,7,Emergency Room,6,Emergency/Trauma,61,0,14,0,0,0,8,,,Steady,No,Yes,NO,0
432666998,AfricanAmerican,Female,[50-60),1,Emergency,1,Discharged to home,7,Emergency Room,3,,7,0,2,0,1,0,13,,,No,Ch,Yes,<30,1
433100672,AfricanAmerican,Female,[40-50),1,Emergency,1,Discharged to home,7,Emergency Room,9,,54,0,19,0,2,2,9,,,Steady,No,Yes,NO,0
433260608,Caucasian,Male,[70-80),1,Emergency,1,Discharged to home,7,Emergency Room,2,Emergency/Trauma,11,6,15,0,0,1,9,,,Steady,No,Yes,<30,1
433759376,Caucasian,Male,[60-70),1,Emergency,1,Discharged to home,7,Emergency Room,1,,1,0,8,1,0,2,9,,,No,No,No,>30,0
433770410,Caucasian,Male,[60-70),2,Urgent,1,Discharged to home,1,Physician Referral,4,Radiologist,59,1,10,0,0,0,9,,,Steady,No,Yes,NO,0
434368262,Caucasian,Male,[80-90),1,Emergency,6,Discharged/transferred to home with home health service,7,Emergency Room,2,,72,2,12,0,0,0,8,,,No,Ch,Yes,>30,0
434441642,AfricanAmerican,Male,[60-70),1,Emergency,2,Discharged/transferred to another short term hospital,7,Emergency Room,4,,33,4,17,1,0,2,9,,,No,No,No,>30,0
434456678,Caucasian,Female,[40-50),1,Emergency,1,Discharged to home,7,Emergency Room,7,,80,1,28,0,3,0,9,,>8,Up,Ch,Yes,>30,0
434873312,Caucasian,Female,[60-70),1,Emergency,3,Discharged/transferred to SNF,7,Emergency Room,1,,51,0,8,0,0,0,4,,,Steady,Ch,Yes,NO,0
434984480,Caucasian,Female,[70-80),1,Emergency,1,Discharged to home,7,Emergency Room,2,,27,0,6,9,0,0,6,,,Steady,Ch,Yes,>30,0
435497240,Caucasian,Female,[80-90),2,Urgent,3,Discharged/transferred to SNF,7,Emergency Room,6,Emergency/Trauma,65,1,14,0,0,1,9,,,No,No,Yes,>30,0
435497264,Caucasian,Female,[90-100),3,Elective,1,Discharged to home,7,Emergency Room,4,Family/GeneralPractice,40,1,14,1,0,0,9,,,No,No,No,>30,0
435508166,Caucasian,Female,[20-30),3,Elective,1,Discharged to home,1,Physician Referral,4,,35,3,11,0,0,1,7,,,Up,Ch,Yes,NO,0
435565568,Hispanic,Male,[70-80),3,Elective,6,Discharged/transferred to home with home health service,1,Physician Referral,8,InfectiousDiseases,28,1,29,0,0,3,9,,,Steady,No,Yes,<30,1
436129910,Caucasian,Male,[80-90),1,Emergency,6,Discharged/transferred to home with home health service,7,Emergency Room,7,,76,1,22,2,0,0,9,,,Steady,Ch,Yes,>30,0
436133816,Caucasian,Male,[60-70),1,Emergency,1,Discharged to home,7,Emergency Room,1,,55,3,15,0,0,1,9,,,Up,Ch,Yes,NO,0
436134968,AfricanAmerican,Female,[70-80),1,Emergency,13,Hospice / home,7,Emergency Room,9,,78,2,22,2,1,1,9,,,Steady,No,Yes,NO,0
436152866,Caucasian,Female,[40-50),1,Emergency,5,Discharged/transferred to another type of inpatient care institution,7,Emergency Room,1,,19,0,1,0,0,0,9,,,Steady,No,Yes,NO,0
436160756,AfricanAmerican,Female,[70-80),1,Emergency,11,Expired,7,Emergency Room,1,,42,3,8,2,1,1,9,,,No,No,No,NO,0
436686716,Caucasian,Female,[60-70),1,Emergency,1,Discharged to home,7,Emergency Room,10,,45,4,22,0,0,0,9,,,Down,Ch,Yes,NO,0
436694174,,Female,[40-50),1,Emergency,1,Discharged to home,7,Emergency Room,7,,41,0,29,0,1,3,9,,,Down,Ch,Yes,>30,0
436704890,Caucasian,Male,[80-90),2,Urgent,1,Discharged to home,7,Emergency Room,3,Emergency/Trauma,30,4,13,0,0,0,8,,,No,Ch,Yes,>30,0
438456626,Caucasian,Male,[70-80),1,Emergency,1,Discharged to home,7,Emergency Room,3,Surgery-General,52,6,7,2,0,0,4,,,No,No,No,NO,0
438536900,Asian,Male,[70-80),1,Emergency,1,Discharged to home,7,Emergency Room,2,InternalMedicine,1,6,12,3,0,0,9,,,Steady,Ch,Yes,NO,0
439032440,AfricanAmerican,Female,[70-80),2,Urgent,6,Discharged/transferred to home with home health service,7,Emergency Room,12,Emergency/Trauma,74,1,29,0,5,0,9,,,Down,Ch,Yes,>30,0
439070666,Caucasian,Female,[40-50),3,Elective,3,Discharged/transferred to SNF,1,Physician Referral,4,,5,4,15,0,0,0,9,,,Steady,No,Yes,NO,0
439628024,Asian,Male,[40-50),1,Emergency,1,Discharged to home,7,Emergency Room,2,,34,0,15,0,0,0,9,,>8,Steady,Ch,Yes,NO,0
440199518,Caucasian,Female,[70-80),1,Emergency,1,Discharged to home,7,Emergency Room,3,,37,0,18,0,0,2,9,,,Steady,Ch,Yes,NO,0
440296916,Caucasian,Male,[80-90),3,Elective,1,Discharged to home,1,Physician Referral,1,Orthopedics,15,1,23,1,0,0,8,,,Steady,Ch,Yes,NO,0
440812958,Caucasian,Female,[70-80),1,Emergency,1,Discharged to home,7,Emergency Room,3,,1,1,10,2,0,0,3,,,Steady,Ch,Yes,NO,0
440819576,Caucasian,Male,[80-90),1,Emergency,1,Discharged to home,7,Emergency Room,2,Emergency/Trauma,1,0,16,0,0,0,9,,,No,Ch,Yes,NO,0
440860496,Caucasian,Male,[70-80),1,Emergency,23,Discharged/transferred to a long term care hospital.,7,Emergency Room,10,InternalMedicine,68,3,28,0,0,0,16,,,Steady,No,Yes,NO,0
442021652,Caucasian,Male,[30-40),1,Emergency,1,Discharged to home,7,Emergency Room,3,,60,1,14,0,0,0,8,,Norm,Up,Ch,Yes,NO,0
442039082,Caucasian,Female,[60-70),3,Elective,6,Discharged/transferred to home with home health service,1,Physician Referral,3,Orthopedics,1,1,31,0,0,0,5,,,No,Ch,Yes,NO,0
442069580,Caucasian,Female,[20-30),1,Emergency,1,Discharged to home,7,Emergency Room,1,Endocrinology-Metabolism,43,0,1,0,0,0,4,,,No,No,No,NO,0
442090898,Caucasian,Male,[70-80),2,Urgent,1,Discharged to home,1,Physician Referral,3,,24,2,14,0,0,1,9,,,Up,Ch,Yes,NO,0
442606574,Caucasian,Female,[50-60),1,Emergency,6,Discharged/transferred to home with home health service,7,Emergency Room,4,,38,0,18,0,0,2,9,,,Steady,Ch,Yes,NO,0
442641740,Caucasian,Female,[80-90),1,Emergency,1,Discharged to home,7,Emergency Room,6,,38,0,17,0,0,1,9,,,Down,Ch,Yes,>30,0
443196674,Caucasian,Male,[70-80),1,Emergency,1,Discharged to home,7,Emergency Room,3,InternalMedicine,66,1,18,0,0,1,9,,>7,No,Ch,Yes,>30,0
443699066,Caucasian,Female,[70-80),1,Emergency,1,Discharged to home,7,Emergency Room,12,Surgery-Thoracic,72,6,26,0,0,0,9,,,Steady,Ch,Yes,NO,0
443804570,Caucasian,Female,[70-80),1,Emergency,22,Discharged/transferred to another rehab fac including rehab units of a hospital .,7,Emergency Room,8,InternalMedicine,51,6,19,0,0,0,9,,>7,Steady,No,Yes,>30,0
443847782,AfricanAmerican,Female,[80-90),1,Emergency,4,Discharged/transferred to ICF,5,Transfer from a Skilled Nursing Facility (SNF),5,,33,3,18,0,0,1,9,,,Steady,No,Yes,NO,0
