portfolio_row_id,age,workclass,education,education-num,marital-status,occupation,relationship,race,sex,native-country,income,fnlwgt,capital-gain,capital-loss,hours-per-week
1,52,Private,Some-college,10,Married-civ-spouse,Craft-repair,Husband,White,Male,United-States,>50K.,172962,0,0,40
2,47,Self-emp-not-inc,Assoc-voc,11,Married-civ-spouse,Other-service,Husband,White,Male,United-States,<=50K.,159399,0,0,45
3,35,Private,Some-college,10,Married-civ-spouse,Craft-repair,Husband,White,Male,United-States,<=50K,67728,0,2051,45
4,29,Private,HS-grad,9,Never-married,Other-service,Own-child,White,Male,United-States,<=50K,205903,0,0,40
5,24,Private,Some-college,10,Never-married,Machine-op-inspct,Own-child,White,Male,United-States,<=50K,143766,0,0,55
6,49,Local-gov,HS-grad,9,Widowed,Other-service,Not-in-family,White,Female,United-States,<=50K.,97176,0,0,47
7,41,Self-emp-not-inc,HS-grad,9,Married-civ-spouse,Handlers-cleaners,Husband,White,Male,United-States,<=50K,170214,0,2179,40
8,44,Private,Some-college,10,Divorced,Sales,Unmarried,White,Male,United-States,>50K,121874,0,0,55
9,31,Private,HS-grad,9,Never-married,Craft-repair,Other-relative,White,Male,United-States,<=50K.,229732,0,0,50
10,45,Private,HS-grad,9,Divorced,Adm-clerical,Not-in-family,White,Female,Canada,<=50K,99385,0,0,40
11,33,Private,Bachelors,13,Divorced,Adm-clerical,Not-in-family,White,Female,United-States,<=50K,288398,0,0,45
12,31,Private,HS-grad,9,Married-civ-spouse,Sales,Husband,White,Male,United-States,<=50K.,249869,0,0,40
13,18,Private,Some-college,10,Never-married,Other-service,Own-child,White,Female,United-States,<=50K,96445,0,0,24
14,51,Private,Bachelors,13,Married-civ-spouse,Craft-repair,Husband,White,Male,,>50K.,283314,15024,0,40
15,30,Private,HS-grad,9,Married-civ-spouse,Machine-op-inspct,Husband,White,Male,United-States,<=50K,254905,0,0,40
16,19,Self-emp-inc,HS-grad,9,Never-married,Sales,Own-child,White,Male,United-States,<=50K,170125,0,0,40
17,29,Private,Some-college,10,Divorced,Adm-clerical,Not-in-family,White,Female,United-States,<=50K,57596,0,0,40
18,34,Private,Assoc-acdm,12,Divorced,Prof-specialty,Not-in-family,White,Female,United-States,<=50K,29235,0,0,40
19,28,Private,Bachelors,13,Married-civ-spouse,Sales,Husband,White,Male,United-States,>50K,207513,7298,0,42
20,25,Private,Bachelors,13,Separated,Exec-managerial,Not-in-family,White,Male,United-States,<=50K,256620,0,0,40
21,38,Private,Some-college,10,Married-civ-spouse,Exec-managerial,Wife,White,Female,United-States,>50K.,212143,0,0,35
22,39,Private,HS-grad,9,Married-civ-spouse,Handlers-cleaners,Husband,White,Male,United-States,<=50K.,223792,0,0,72
23,46,State-gov,Masters,14,Never-married,Prof-specialty,Not-in-family,White,Female,United-States,<=50K.,260782,0,0,40
24,25,Private,Bachelors,13,Married-civ-spouse,Exec-managerial,Wife,White,Female,United-States,>50K,168943,0,0,30
25,31,Private,11th,7,Married-civ-spouse,Craft-repair,Husband,White,Male,Mexico,<=50K,164870,0,0,40
26,26,Private,Some-college,10,Divorced,Adm-clerical,Not-in-family,White,Female,United-States,<=50K,34393,0,0,40
27,23,Private,Assoc-voc,11,Never-married,Other-service,Not-in-family,White,Female,United-States,<=50K,265077,0,0,40
28,29,Federal-gov,HS-grad,9,Married-civ-spouse,Tech-support,Husband,White,Male,United-States,>50K,155970,0,0,40
29,33,Private,HS-grad,9,Divorced,Adm-clerical,Own-child,Other,Female,United-States,<=50K,120201,0,0,65
30,59,Private,HS-grad,9,Married-civ-spouse,Adm-clerical,Husband,White,Male,United-States,>50K,113959,0,0,45
31,38,Private,Some-college,10,Married-civ-spouse,Sales,Husband,White,Male,United-States,<=50K,114059,0,0,60
32,33,Self-emp-not-inc,Assoc-voc,11,Married-civ-spouse,Prof-specialty,Wife,White,Female,United-States,>50K,58702,3103,0,50
33,63,Self-emp-not-inc,Masters,14,Married-civ-spouse,Farming-fishing,Husband,White,Male,United-States,<=50K,289741,41310,0,50
34,33,Private,HS-grad,9,Married-civ-spouse,Sales,Wife,White,Female,United-States,<=50K.,181824,0,0,20
35,33,Private,HS-grad,9,Married-civ-spouse,Machine-op-inspct,Husband,White,Male,United-States,>50K.,214288,0,1848,48
36,30,,HS-grad,9,Never-married,,Own-child,White,Male,United-States,<=50K,298577,0,0,30
37,23,Private,HS-grad,9,Married-spouse-absent,Machine-op-inspct,Not-in-family,White,Male,United-States,<=50K.,86939,0,0,40
38,39,Private,Masters,14,Never-married,Adm-clerical,Not-in-family,White,Male,,<=50K,258037,0,0,40
39,27,Private,HS-grad,9,Married-civ-spouse,Machine-op-inspct,Husband,White,Male,United-States,<=50K.,180271,0,0,43
40,39,Private,Assoc-acdm,12,Separated,Adm-clerical,Unmarried,White,Male,United-States,<=50K,234901,0,0,40
41,44,Private,HS-grad,9,Married-civ-spouse,Protective-serv,Husband,White,Male,Canada,<=50K,187584,0,0,40
42,34,Private,Some-college,10,Married-civ-spouse,Craft-repair,Husband,Asian-Pac-Islander,Male,Philippines,<=50K,293703,0,0,40
43,22,Private,Bachelors,13,Married-civ-spouse,Machine-op-inspct,Husband,White,Male,,<=50K,253799,0,0,45
44,39,Private,9th,5,Married-civ-spouse,Handlers-cleaners,Husband,White,Male,United-States,<=50K,451059,0,0,40
45,30,Private,Assoc-acdm,12,Married-civ-spouse,Exec-managerial,Wife,White,Female,Thailand,>50K,205659,0,0,50
46,52,Private,HS-grad,9,Married-civ-spouse,Handlers-cleaners,Husband,White,Male,United-States,>50K.,203635,0,0,40
47,61,Local-gov,HS-grad,9,Married-spouse-absent,Other-service,Not-in-family,White,Female,United-States,<=50K.,119563,0,0,25
48,35,Private,Assoc-voc,11,Married-civ-spouse,Exec-managerial,Husband,White,Male,United-States,>50K.,158592,3103,0,50
49,29,Private,Masters,14,Married-civ-spouse,Exec-managerial,Wife,White,Female,United-States,>50K,216481,0,0,40
50,29,Private,Some-college,10,Married-spouse-absent,Sales,Own-child,Asian-Pac-Islander,Female,India,<=50K,130620,0,0,26
51,29,Private,Some-college,10,Separated,Tech-support,Unmarried,White,Female,United-States,<=50K,119170,0,0,40
52,41,Federal-gov,Masters,14,Married-civ-spouse,Craft-repair,Husband,White,Male,India,>50K.,350387,0,0,60
53,18,Private,12th,8,Never-married,Other-service,Own-child,White,Female,United-States,<=50K,89760,0,0,20
54,27,Private,9th,5,Separated,Craft-repair,Not-in-family,White,Male,United-States,<=50K.,153589,0,0,40
55,28,Private,Masters,14,Never-married,Prof-specialty,Not-in-family,White,Female,United-States,>50K,355259,0,0,40
56,23,Federal-gov,Some-college,10,Never-married,Adm-clerical,Own-child,White,Female,United-States,<=50K.,215115,0,0,25
57,41,Private,Some-college,10,Married-civ-spouse,Adm-clerical,Husband,White,Male,United-States,<=50K.,428420,0,0,40
58,31,,Some-college,10,Never-married,,Own-child,Black,Male,United-States,<=50K.,212529,0,0,40
59,45,Private,Some-college,10,Married-civ-spouse,Craft-repair,Husband,White,Male,United-States,>50K.,149388,0,0,48
60,18,Private,11th,7,Never-married,Handlers-cleaners,Own-child,White,Male,United-States,<=50K,111476,0,0,40
61,25,Private,10th,6,Never-married,Other-service,Not-in-family,White,Male,Nicaragua,<=50K,206600,0,0,24
62,53,State-gov,Masters,14,Married-civ-spouse,Prof-specialty,Husband,White,Male,United-States,>50K,143822,0,0,36
63,56,Private,Some-college,10,Married-civ-spouse,Prof-specialty,Husband,White,Male,United-States,>50K.,253854,0,0,40
64,41,Private,Some-college,10,Married-civ-spouse,Craft-repair,Husband,White,Male,United-States,<=50K.,222142,3464,0,40
65,46,Self-emp-inc,12th,8,Married-civ-spouse,Craft-repair,Husband,White,Male,,<=50K,175958,0,0,45
66,57,Private,HS-grad,9,Married-civ-spouse,Machine-op-inspct,Husband,Black,Male,United-States,>50K,236944,0,0,40
67,28,Private,HS-grad,9,Never-married,Other-service,Unmarried,White,Female,United-States,<=50K,219267,0,0,28
68,44,Federal-gov,Assoc-voc,11,Married-civ-spouse,Protective-serv,Husband,White,Male,United-States,>50K,469454,7298,0,48
69,17,Private,10th,6,Never-married,Sales,Own-child,White,Male,United-States,<=50K,158704,0,0,20
70,57,Self-emp-not-inc,HS-grad,9,Married-civ-spouse,Farming-fishing,Husband,White,Male,United-States,<=50K,264148,0,0,45
71,18,Self-emp-not-inc,HS-grad,9,Never-married,Farming-fishing,Other-relative,White,Male,United-States,<=50K,40293,0,0,40
72,56,Self-emp-not-inc,Masters,14,Married-civ-spouse,Prof-specialty,Husband,White,Male,United-States,>50K.,174564,0,0,60
73,77,,Masters,14,Married-civ-spouse,,Husband,White,Male,United-States,<=50K.,180425,0,0,25
74,19,Private,HS-grad,9,Never-married,Sales,Other-relative,Black,Female,United-States,<=50K.,352849,0,1719,30
75,21,Private,11th,7,Separated,Sales,Not-in-family,Other,Female,Mexico,<=50K.,301915,0,0,30
76,55,Self-emp-not-inc,Some-college,10,Married-civ-spouse,Prof-specialty,Husband,White,Male,United-States,<=50K.,153484,0,0,50
77,29,Private,Assoc-voc,11,Divorced,Other-service,Unmarried,White,Female,Columbia,<=50K,264166,0,0,45
78,56,,HS-grad,9,Divorced,,Own-child,White,Male,United-States,<=50K,35723,0,0,40
79,44,Private,Some-college,10,Married-civ-spouse,Machine-op-inspct,Husband,Black,Male,United-States,>50K.,160323,7688,0,40
80,42,Private,Masters,14,Married-civ-spouse,Prof-specialty,Husband,White,Male,United-States,>50K,383493,0,0,50
81,43,Self-emp-not-inc,Bachelors,13,Married-civ-spouse,Sales,Husband,White,Male,United-States,>50K,99220,0,0,40
82,38,Private,Masters,14,Never-married,Adm-clerical,Not-in-family,White,Female,Italy,>50K,353263,0,0,50
83,21,Private,Some-college,10,Never-married,Sales,Own-child,White,Female,United-States,<=50K,27049,0,0,20
84,51,Self-emp-inc,HS-grad,9,Divorced,Protective-serv,Not-in-family,White,Male,United-States,<=50K,258735,0,0,81
85,57,Private,5th-6th,3,Divorced,Other-service,Not-in-family,White,Female,United-States,<=50K.,47178,0,0,40
86,31,State-gov,Masters,14,Divorced,Exec-managerial,Unmarried,White,Female,United-States,>50K,100863,0,0,50
87,47,State-gov,Bachelors,13,Married-civ-spouse,Prof-specialty,Husband,White,Male,United-States,>50K,118447,0,0,60
88,24,Private,Assoc-acdm,12,Never-married,Machine-op-inspct,Own-child,White,Male,United-States,<=50K,203027,0,0,40
89,49,State-gov,HS-grad,9,Married-civ-spouse,Handlers-cleaners,Husband,White,Male,United-States,>50K,207120,0,0,40
90,40,Private,10th,6,Divorced,Craft-repair,Not-in-family,White,Male,United-States,<=50K,217120,0,0,50
91,22,Private,Some-college,10,Never-married,Machine-op-inspct,Not-in-family,White,Male,United-States,<=50K.,186365,0,0,40
92,23,Private,Some-college,10,Never-married,Adm-clerical,Own-child,White,Male,United-States,<=50K.,204141,0,0,40
93,19,Self-emp-not-inc,HS-grad,9,Never-married,Craft-repair,Own-child,White,Male,United-States,<=50K,36012,0,0,40
94,41,Self-emp-inc,HS-grad,9,Divorced,Craft-repair,Not-in-family,White,Male,United-States,<=50K,60949,0,0,55
95,29,,HS-grad,9,Divorced,,Unmarried,White,Female,United-States,<=50K,315026,0,0,40
96,20,Private,Assoc-voc,11,Never-married,Other-service,Not-in-family,White,Male,United-States,<=50K,411862,0,0,30
97,22,Private,HS-grad,9,Never-married,Handlers-cleaners,Own-child,White,Male,United-States,<=50K,100345,0,0,35
98,29,Private,HS-grad,9,Married-civ-spouse,Machine-op-inspct,Husband,White,Male,United-States,<=50K,367329,0,0,40
99,61,Private,10th,6,Divorced,Other-service,Not-in-family,White,Male,United-States,<=50K,232808,0,0,24
100,27,Local-gov,Some-college,10,Never-married,Prof-specialty,Other-relative,White,Male,United-States,<=50K,177072,0,0,16
101,27,Private,HS-grad,9,Never-married,Sales,Other-relative,White,Male,United-States,<=50K.,209085,0,0,45
102,41,Private,Some-college,10,Married-civ-spouse,Craft-repair,Husband,White,Male,United-States,>50K,221947,0,0,56
103,56,Local-gov,Bachelors,13,Divorced,Exec-managerial,Unmarried,White,Female,United-States,<=50K,155657,0,0,40
104,33,,11th,7,Separated,,Unmarried,Black,Female,United-States,<=50K.,139051,0,0,53
105,29,Local-gov,HS-grad,9,Married-civ-spouse,Protective-serv,Husband,White,Male,United-States,<=50K.,90956,0,0,40
106,74,Local-gov,7th-8th,4,Widowed,Other-service,Not-in-family,White,Female,United-States,<=50K.,168782,0,0,35
107,46,Self-emp-not-inc,Some-college,10,Separated,Prof-specialty,Not-in-family,White,Male,United-States,<=50K,231347,0,0,20
108,45,Private,Some-college,10,Married-civ-spouse,Exec-managerial,Husband,White,Male,United-States,<=50K.,247379,0,0,50
109,26,Private,Some-college,10,Never-married,Transport-moving,Not-in-family,Black,Male,United-States,<=50K,258768,2174,0,75
110,38,Private,Some-college,10,Never-married,Other-service,Own-child,Black,Female,United-States,<=50K,439592,0,0,40
111,31,Private,Assoc-voc,11,Separated,Tech-support,Unmarried,Black,Female,United-States,<=50K,265509,0,0,32
112,46,Private,HS-grad,9,Married-civ-spouse,Other-service,Wife,White,Female,United-States,<=50K,155654,0,0,40
113,19,Private,HS-grad,9,Never-married,Sales,Own-child,White,Male,United-States,<=50K,160811,0,0,38
114,57,Self-emp-not-inc,Masters,14,Married-civ-spouse,Tech-support,Husband,White,Male,United-States,>50K,103529,0,0,38
115,53,Private,HS-grad,9,Married-civ-spouse,Machine-op-inspct,Husband,Amer-Indian-Eskimo,Male,United-States,<=50K.,162796,0,0,40
116,21,Private,HS-grad,9,Never-married,Exec-managerial,Not-in-family,White,Female,United-States,<=50K.,449101,0,0,40
117,38,Private,Some-college,10,Married-civ-spouse,Prof-specialty,Husband,White,Male,United-States,<=50K,119992,0,0,40
118,29,Private,Bachelors,13,Never-married,Exec-managerial,Own-child,White,Female,United-States,<=50K,114158,3325,0,10
119,21,,Some-college,10,Never-married,,Own-child,Black,Male,Jamaica,<=50K.,231286,0,0,25
120,61,Private,Bachelors,13,Married-civ-spouse,Machine-op-inspct,Husband,White,Male,United-States,>50K.,197286,0,0,40
121,31,Private,HS-grad,9,Married-civ-spouse,Craft-repair,Husband,White,Male,United-States,<=50K,66815,0,0,50
122,90,Self-emp-not-inc,HS-grad,9,Never-married,Exec-managerial,Not-in-family,White,Male,United-States,<=50K,82628,2964,0,12
123,43,Private,Masters,14,Married-civ-spouse,Exec-managerial,Husband,White,Male,United-States,>50K.,301007,7298,0,50
124,23,Private,Some-college,10,Never-married,Other-service,Unmarried,White,Female,El-Salvador,<=50K,227070,0,0,48
125,62,Self-emp-not-inc,7th-8th,4,Widowed,Other-service,Not-in-family,White,Female,United-States,<=50K,26911,0,0,66
126,33,Private,10th,6,Never-married,Other-service,Own-child,White,Female,United-States,<=50K,225507,0,0,25
127,20,,Some-college,10,Never-married,,Own-child,White,Female,United-States,<=50K,34321,0,0,30
128,36,Private,Assoc-voc,11,Divorced,Sales,Unmarried,White,Female,United-States,<=50K.,33435,0,0,40
129,22,Private,Assoc-acdm,12,Never-married,Adm-clerical,Not-in-family,White,Male,United-States,<=50K,59184,0,0,45
130,79,,HS-grad,9,Married-civ-spouse,,Husband,White,Male,United-States,>50K,163140,0,0,40
131,61,Private,HS-grad,9,Married-civ-spouse,Craft-repair,Husband,White,Male,United-States,<=50K,103575,0,0,37
132,48,Private,Assoc-voc,11,Married-civ-spouse,Craft-repair,Husband,White,Male,United-States,>50K.,193188,0,0,40
133,35,Private,Doctorate,16,Married-civ-spouse,Prof-specialty,Husband,White,Male,United-States,<=50K,113481,0,0,60
134,39,Private,Some-college,10,Married-civ-spouse,Other-service,Wife,White,Female,United-States,<=50K,196308,0,0,24
135,52,Private,HS-grad,9,Married-civ-spouse,Craft-repair,Husband,White,Male,United-States,<=50K.,285224,0,0,32
136,47,Private,HS-grad,9,Married-civ-spouse,Sales,Own-child,White,Female,United-States,>50K,176319,0,0,38
137,54,Private,HS-grad,9,Widowed,Other-service,Unmarried,Asian-Pac-Islander,Female,Philippines,<=50K.,221336,0,0,40
138,65,Private,Assoc-voc,11,Married-spouse-absent,Craft-repair,Not-in-family,White,Male,United-States,<=50K.,182470,0,0,20
139,38,State-gov,Some-college,10,Divorced,Tech-support,Unmarried,White,Female,United-States,<=50K.,54911,0,0,10
140,58,Private,Some-college,10,Divorced,Adm-clerical,Unmarried,White,Female,United-States,<=50K,241056,0,0,46
141,24,State-gov,Doctorate,16,Never-married,Prof-specialty,Not-in-family,White,Female,England,<=50K,208826,0,0,99
142,49,Local-gov,5th-6th,3,Married-civ-spouse,Other-service,Husband,White,Male,United-States,<=50K,145290,0,0,40
143,55,Private,Assoc-acdm,12,Divorced,Adm-clerical,Unmarried,White,Female,United-States,<=50K,354923,0,0,40
144,33,Self-emp-not-inc,HS-grad,9,Separated,Craft-repair,Other-relative,White,Male,United-States,<=50K,24504,0,0,50
145,76,,10th,6,Married-civ-spouse,,Husband,White,Male,United-States,<=50K.,217043,0,0,15
146,42,Private,Bachelors,13,Married-civ-spouse,Exec-managerial,Husband,White,Male,United-States,<=50K,201495,0,0,40
147,64,Local-gov,HS-grad,9,Married-civ-spouse,Other-service,Husband,Asian-Pac-Islander,Male,United-States,>50K,84737,0,0,35
148,47,Private,11th,7,Married-civ-spouse,Transport-moving,Husband,Black,Male,United-States,<=50K.,186935,0,0,40
149,48,Self-emp-not-inc,HS-grad,9,Married-civ-spouse,Craft-repair,Husband,White,Male,Peru,<=50K,247294,0,0,30
150,51,Private,Assoc-voc,11,Never-married,Exec-managerial,Not-in-family,White,Female,United-States,<=50K,251841,0,0,43
151,41,Self-emp-inc,Some-college,10,Married-civ-spouse,Sales,Husband,White,Male,United-States,<=50K,230168,0,0,91
152,26,Local-gov,Bachelors,13,Married-civ-spouse,Protective-serv,Husband,White,Male,United-States,<=50K.,219796,0,0,43
153,40,Private,HS-grad,9,Separated,Machine-op-inspct,Unmarried,White,Male,United-States,<=50K,155767,0,0,40
154,35,Self-emp-not-inc,Bachelors,13,Married-civ-spouse,Farming-fishing,Husband,White,Male,United-States,<=50K,190387,0,0,45
155,23,Self-emp-not-inc,Bachelors,13,Never-married,Adm-clerical,Own-child,White,Male,United-States,>50K,258298,0,2231,40
156,28,Private,Some-college,10,Never-married,Exec-managerial,Not-in-family,White,Male,United-States,<=50K.,217530,0,0,35
157,47,Private,HS-grad,9,Married-civ-spouse,Transport-moving,Husband,White,Male,United-States,<=50K,188330,0,0,25
158,41,State-gov,Masters,14,Never-married,Prof-specialty,Not-in-family,White,Male,United-States,<=50K,109762,0,0,40
159,48,Private,HS-grad,9,Divorced,Sales,Not-in-family,White,Female,United-States,<=50K,154033,0,0,52
160,67,Self-emp-not-inc,Assoc-acdm,12,Married-civ-spouse,Exec-managerial,Husband,White,Male,United-States,<=50K.,98921,0,0,50
161,63,Self-emp-not-inc,Masters,14,Separated,Prof-specialty,Not-in-family,White,Male,United-States,>50K.,124015,0,0,40
162,38,Private,Some-college,10,Married-civ-spouse,Exec-managerial,Husband,White,Male,United-States,>50K.,152307,0,0,30
163,38,Private,5th-6th,3,Married-civ-spouse,Other-service,Wife,White,Female,El-Salvador,<=50K.,43311,0,0,40
164,36,Private,10th,6,Divorced,Craft-repair,Other-relative,Black,Male,United-States,<=50K,305352,0,0,40
165,31,Local-gov,Some-college,10,Never-married,Adm-clerical,Own-child,Black,Male,United-States,<=50K,295589,0,0,40
166,29,Private,HS-grad,9,Divorced,Adm-clerical,Unmarried,White,Female,United-States,<=50K.,176137,0,0,40
167,68,Self-emp-not-inc,HS-grad,9,Married-civ-spouse,Craft-repair,Husband,White,Male,United-States,<=50K,122094,0,0,15
168,26,,Some-college,10,Never-married,,Unmarried,White,Female,United-States,<=50K,176077,0,0,40
169,31,State-gov,Assoc-acdm,12,Married-civ-spouse,Tech-support,Husband,White,Male,United-States,>50K,124020,0,0,40
170,38,Private,Bachelors,13,Married-civ-spouse,Exec-managerial,Husband,White,Male,United-States,>50K,172538,15024,0,50
171,23,Self-emp-inc,HS-grad,9,Never-married,Transport-moving,Not-in-family,White,Male,United-States,<=50K,39844,0,0,50
172,24,Private,Masters,14,Never-married,Sales,Unmarried,Black,Female,United-States,<=50K.,187031,0,0,38
173,36,Private,Preschool,1,Divorced,Other-service,Not-in-family,Other,Male,Mexico,<=50K,208068,0,0,72
174,90,Self-emp-not-inc,Prof-school,15,Widowed,Prof-specialty,Not-in-family,White,Male,United-States,<=50K.,83601,1086,0,60
175,73,Self-emp-not-inc,7th-8th,4,Married-civ-spouse,Farming-fishing,Husband,White,Male,United-States,<=50K,241121,0,0,40
176,21,Private,Some-college,10,Never-married,Other-service,Own-child,White,Male,United-States,<=50K,191243,0,0,40
177,19,Private,HS-grad,9,Never-married,Adm-clerical,Own-child,White,Male,United-States,<=50K.,39026,0,0,40
178,42,Local-gov,Masters,14,Married-civ-spouse,Prof-specialty,Husband,White,Male,United-States,<=50K.,150533,0,0,46
179,31,Private,Some-college,10,Married-civ-spouse,Craft-repair,Husband,White,Male,United-States,<=50K.,50753,0,0,70
180,58,State-gov,Bachelors,13,Married-civ-spouse,Adm-clerical,Husband,White,Male,United-States,>50K,198145,0,0,35
181,43,Self-emp-inc,Some-college,10,Married-civ-spouse,Exec-managerial,Husband,White,Male,United-States,>50K,135342,0,0,50
182,32,Private,HS-grad,9,Married-civ-spouse,Sales,Husband,White,Male,United-States,<=50K,205390,0,0,49
183,24,Private,Masters,14,Never-married,Prof-specialty,Own-child,White,Female,United-States,<=50K.,192812,0,0,40
184,39,Private,5th-6th,3,Separated,Sales,Unmarried,Black,Female,Puerto-Rico,<=50K,299828,0,0,30
185,29,Private,Assoc-acdm,12,Married-civ-spouse,Sales,Wife,Other,Female,United-States,>50K,148431,7688,0,45
186,39,Private,HS-grad,9,Married-civ-spouse,Machine-op-inspct,Husband,White,Male,Mexico,<=50K.,189344,0,0,40
187,18,Private,HS-grad,9,Never-married,Sales,Own-child,Black,Female,United-States,<=50K,173585,0,0,18
188,26,Private,10th,6,Never-married,Adm-clerical,Not-in-family,White,Female,United-States,<=50K,48718,2907,0,40
189,20,Private,HS-grad,9,Never-married,Craft-repair,Not-in-family,White,Male,United-States,<=50K,165097,0,0,40
190,19,Private,HS-grad,9,Never-married,Handlers-cleaners,Own-child,White,Male,United-States,<=50K.,35245,0,0,25
191,49,Local-gov,Masters,14,Divorced,Prof-specialty,Unmarried,White,Female,United-States,>50K.,331650,9562,0,32
192,37,Private,HS-grad,9,Never-married,Transport-moving,Not-in-family,Black,Male,United-States,<=50K.,285637,0,0,50
193,22,Private,Some-college,10,Never-married,Craft-repair,Own-child,White,Female,United-States,<=50K,71864,0,0,35
194,17,Private,11th,7,Never-married,Sales,Own-child,White,Female,United-States,<=50K.,226503,0,0,20
195,32,Private,Bachelors,13,Married-civ-spouse,Craft-repair,Husband,White,Male,United-States,<=50K.,154950,0,0,40
196,26,Private,Bachelors,13,Never-married,Exec-managerial,Not-in-family,White,Male,United-States,<=50K.,192652,0,0,20
197,41,Private,Some-college,10,Married-civ-spouse,Transport-moving,Husband,White,Male,United-States,>50K,77373,0,1848,65
198,28,Private,7th-8th,4,Married-civ-spouse,Craft-repair,Husband,White,Male,United-States,<=50K,64307,0,0,40
199,25,Self-emp-not-inc,HS-grad,9,Never-married,Farming-fishing,Own-child,White,Male,United-States,<=50K,176756,0,0,35
200,47,Private,HS-grad,9,Married-civ-spouse,Machine-op-inspct,Wife,White,Female,United-States,<=50K,181652,0,0,40
201,54,Private,HS-grad,9,Never-married,Other-service,Not-in-family,White,Male,United-States,<=50K,141663,0,0,15
202,45,Local-gov,Some-college,10,Married-civ-spouse,Craft-repair,Husband,White,Male,Mexico,>50K,199590,0,1887,40
203,56,Private,Some-college,10,Married-civ-spouse,Sales,Husband,White,Male,United-States,<=50K,257555,0,0,40
204,35,Private,Assoc-voc,11,Divorced,Craft-repair,Not-in-family,White,Male,United-States,<=50K.,135289,0,0,50
205,26,Private,Bachelors,13,Never-married,Exec-managerial,Not-in-family,White,Male,,<=50K,331861,0,0,60
206,42,,HS-grad,9,Married-civ-spouse,,Husband,White,Male,United-States,<=50K,137390,0,0,40
207,18,Private,12th,8,Never-married,Handlers-cleaners,Other-relative,White,Male,United-States,<=50K.,293510,0,0,20
208,33,Private,Bachelors,13,Never-married,Sales,Not-in-family,White,Female,United-States,<=50K,208180,0,0,40
209,38,Private,Prof-school,15,Married-civ-spouse,Prof-specialty,Husband,White,Male,United-States,>50K,187870,0,2415,90
210,26,Private,Some-college,10,Married-civ-spouse,Machine-op-inspct,Husband,White,Male,United-States,<=50K,200639,0,0,40
211,58,Self-emp-not-inc,HS-grad,9,Widowed,Farming-fishing,Not-in-family,White,Male,United-States,<=50K,33309,0,0,80
212,54,Private,Assoc-voc,11,Married-civ-spouse,Sales,Husband,White,Male,United-States,<=50K,194580,0,0,50
213,41,Self-emp-inc,Doctorate,16,Married-civ-spouse,Exec-managerial,Husband,White,Male,United-States,>50K.,443508,99999,0,60
214,46,Private,Some-college,10,Married-civ-spouse,Craft-repair,Husband,Other,Male,Dominican-Republic,<=50K.,269034,0,0,40
215,33,,HS-grad,9,Divorced,,Not-in-family,White,Male,United-States,<=50K.,32207,0,0,75
216,34,Private,Bachelors,13,Married-civ-spouse,Prof-specialty,Husband,White,Male,United-States,<=50K.,142989,0,0,40
217,40,Private,Bachelors,13,Married-civ-spouse,Exec-managerial,Husband,White,Male,United-States,>50K.,243580,0,0,44
218,25,Private,12th,8,Married-civ-spouse,Other-service,Husband,Black,Male,United-States,<=50K.,227548,3103,0,40
219,42,Private,HS-grad,9,Married-civ-spouse,Exec-managerial,Wife,White,Female,United-States,>50K,185602,0,0,40
220,51,Self-emp-not-inc,Bachelors,13,Married-civ-spouse,Exec-managerial,Husband,White,Male,Mexico,>50K.,275924,99999,0,50
221,41,Private,HS-grad,9,Divorced,Exec-managerial,Not-in-family,Black,Female,United-States,<=50K.,164647,0,0,40
222,37,Private,Assoc-acdm,12,Married-civ-spouse,Sales,Husband,White,Male,United-States,>50K,109133,0,1977,45
223,32,Private,Bachelors,13,Never-married,Exec-managerial,Other-relative,White,Male,United-States,>50K,207668,0,2444,50
224,23,Private,Some-college,10,Never-married,Handlers-cleaners,Own-child,Black,Male,United-States,<=50K,230704,0,0,22
225,35,Private,Assoc-acdm,12,Never-married,Exec-managerial,Not-in-family,White,Female,United-States,<=50K,32220,0,0,60
226,18,Private,Some-college,10,Never-married,Other-service,Own-child,White,Female,,<=50K,146378,0,0,40
227,31,,Bachelors,13,Married-civ-spouse,,Wife,White,Female,United-States,>50K,26553,0,0,25
228,32,State-gov,Some-college,10,Married-civ-spouse,Prof-specialty,Wife,Black,Female,United-States,<=50K,438711,0,0,40
229,38,State-gov,Bachelors,13,Married-civ-spouse,Prof-specialty,Husband,White,Male,United-States,>50K,203628,0,0,45
230,58,Self-emp-not-inc,HS-grad,9,Married-civ-spouse,Sales,Husband,White,Male,United-States,>50K,143731,0,0,72
231,34,Private,Some-college,10,Divorced,Transport-moving,Not-in-family,White,Male,United-States,<=50K,133503,2174,0,40
232,50,Private,Some-college,10,Married-civ-spouse,Craft-repair,Husband,White,Male,United-States,>50K,338283,0,0,40
233,38,Private,Bachelors,13,Never-married,Exec-managerial,Not-in-family,White,Female,United-States,<=50K,296999,0,0,70
234,27,Self-emp-not-inc,Some-college,10,Married-civ-spouse,Exec-managerial,Husband,White,Male,United-States,>50K,208577,0,0,45
235,59,Self-emp-inc,Bachelors,13,Married-civ-spouse,Exec-managerial,Husband,White,Male,United-States,>50K,223215,0,1977,50
236,29,Self-emp-not-inc,Assoc-acdm,12,Married-civ-spouse,Tech-support,Husband,White,Male,United-States,<=50K.,132267,0,0,60
237,31,Private,Some-college,10,Divorced,Sales,Own-child,White,Female,United-States,<=50K,185528,0,0,35
238,35,,Some-college,10,Married-civ-spouse,,Husband,Asian-Pac-Islander,Male,Philippines,>50K,195946,0,0,40
239,47,Private,12th,8,Never-married,Adm-clerical,Other-relative,Black,Female,United-States,<=50K,503454,0,0,40
240,33,Private,Assoc-acdm,12,Never-married,Other-service,Unmarried,Amer-Indian-Eskimo,Female,United-States,<=50K.,26252,0,0,40
241,29,Private,11th,7,Separated,Sales,Not-in-family,White,Female,United-States,<=50K,77009,0,2754,42
242,55,Private,Bachelors,13,Married-civ-spouse,Sales,Husband,White,Male,United-States,<=50K,110871,0,0,40
243,18,,11th,7,Never-married,,Other-relative,White,Male,United-States,<=50K.,142043,0,0,15
244,27,Private,HS-grad,9,Never-married,Adm-clerical,Not-in-family,White,Male,United-States,<=50K,263552,0,0,50
245,67,,HS-grad,9,Married-civ-spouse,,Husband,White,Male,United-States,>50K.,222362,0,0,2
246,27,Federal-gov,Some-college,10,Divorced,Adm-clerical,Other-relative,Black,Female,United-States,<=50K.,409815,0,0,50
247,58,Self-emp-not-inc,Some-college,10,Divorced,Sales,Not-in-family,White,Female,United-States,<=50K.,96609,0,0,40
248,41,Self-emp-inc,Bachelors,13,Married-civ-spouse,Sales,Husband,White,Male,United-States,>50K,218302,0,0,60
249,19,,10th,6,Never-married,,Not-in-family,White,Female,United-States,<=50K,182590,0,0,38
250,69,,HS-grad,9,Married-civ-spouse,,Husband,White,Male,United-States,<=50K.,92852,0,0,5
251,35,Private,Some-college,10,Divorced,Sales,Not-in-family,White,Male,United-States,<=50K,410034,0,0,50
252,45,Private,Masters,14,Married-civ-spouse,Exec-managerial,Husband,White,Male,United-States,>50K.,110243,0,0,50
253,36,Private,HS-grad,9,Never-married,Craft-repair,Own-child,White,Male,United-States,<=50K,117073,0,0,40
254,28,Self-emp-not-inc,HS-grad,9,Divorced,Craft-repair,Not-in-family,White,Male,United-States,<=50K,282398,0,0,35
255,55,Private,HS-grad,9,Married-civ-spouse,Transport-moving,Husband,White,Male,United-States,<=50K,234213,0,0,60
256,57,Self-emp-not-inc,Doctorate,16,Married-civ-spouse,Prof-specialty,Husband,White,Male,United-States,<=50K,177271,0,0,35
257,20,Private,Some-college,10,Never-married,Farming-fishing,Own-child,White,Male,United-States,<=50K,143062,0,0,40
258,36,Private,11th,7,Never-married,Craft-repair,Not-in-family,Black,Female,United-States,<=50K,250807,0,0,40
259,24,Private,Assoc-voc,11,Never-married,Adm-clerical,Own-child,White,Female,United-States,<=50K.,200153,0,0,40
260,34,,7th-8th,4,Married-civ-spouse,,Wife,White,Female,Mexico,<=50K.,167558,0,0,40
261,39,Federal-gov,HS-grad,9,Married-civ-spouse,Craft-repair,Husband,White,Male,United-States,>50K,382859,0,0,40
262,44,Private,Assoc-voc,11,Married-civ-spouse,Craft-repair,Husband,White,Male,United-States,<=50K,89413,0,0,40
263,29,Private,Bachelors,13,Never-married,Adm-clerical,Not-in-family,Black,Female,United-States,<=50K,427965,0,0,40
264,46,Private,HS-grad,9,Married-civ-spouse,Craft-repair,Husband,White,Male,United-States,<=50K,122026,0,0,50
265,28,Self-emp-not-inc,Some-college,10,Never-married,Prof-specialty,Unmarried,White,Male,United-States,<=50K,115945,0,0,40
266,42,Private,HS-grad,9,Married-civ-spouse,Craft-repair,Husband,White,Male,United-States,>50K.,29702,0,0,42
267,29,Private,HS-grad,9,Married-civ-spouse,Adm-clerical,Husband,White,Male,United-States,<=50K.,196564,0,0,40
268,29,Private,HS-grad,9,Divorced,Handlers-cleaners,Own-child,White,Male,United-States,<=50K,166210,0,0,50
269,59,Self-emp-inc,Doctorate,16,Married-civ-spouse,Craft-repair,Husband,White,Male,United-States,>50K.,132559,0,1977,55
270,37,Self-emp-not-inc,HS-grad,9,Married-civ-spouse,Sales,Husband,White,Male,United-States,<=50K,203828,0,0,45
271,37,Private,Bachelors,13,Married-civ-spouse,Tech-support,Husband,White,Male,United-States,>50K,241998,0,1977,40
272,36,Private,Bachelors,13,Married-civ-spouse,Prof-specialty,Wife,Asian-Pac-Islander,Female,Philippines,>50K,130620,0,0,35
273,20,Private,Some-college,10,Never-married,Sales,Own-child,White,Female,United-States,<=50K.,204596,0,0,32
274,38,Private,Bachelors,13,Married-civ-spouse,Exec-managerial,Husband,White,Male,United-States,>50K,29702,0,0,45
275,23,Private,Some-college,10,Never-married,Adm-clerical,Own-child,White,Male,United-States,<=50K,449432,0,0,40
276,40,Private,Some-college,10,Married-civ-spouse,Craft-repair,Husband,White,Male,United-States,>50K,119101,5178,0,40
277,19,Private,Some-college,10,Never-married,Other-service,Own-child,White,Female,United-States,<=50K,307496,0,0,16
278,18,Private,11th,7,Never-married,Adm-clerical,Own-child,White,Female,United-States,<=50K,329054,0,0,15
279,43,Self-emp-not-inc,Bachelors,13,Divorced,Prof-specialty,Unmarried,White,Male,United-States,<=50K.,54310,0,0,50
280,30,Private,HS-grad,9,Married-civ-spouse,Protective-serv,Husband,White,Male,United-States,>50K.,186824,0,0,40
281,18,Private,HS-grad,9,Never-married,Exec-managerial,Own-child,Asian-Pac-Islander,Female,United-States,<=50K.,86150,0,0,15
282,19,Private,HS-grad,9,Never-married,Other-service,Own-child,Black,Male,United-States,<=50K.,311293,0,0,25
283,29,Local-gov,Some-college,10,Married-civ-spouse,Prof-specialty,Husband,White,Male,United-States,<=50K,188278,0,0,40
284,21,Private,Some-college,10,Never-married,Handlers-cleaners,Own-child,White,Male,United-States,<=50K,48301,0,0,40
285,50,Private,11th,7,Never-married,Machine-op-inspct,Other-relative,White,Female,United-States,<=50K,140741,0,0,40
286,48,Self-emp-not-inc,Some-college,10,Married-civ-spouse,Exec-managerial,Husband,White,Male,United-States,>50K,200825,0,0,30
287,20,Private,HS-grad,9,Never-married,Craft-repair,Own-child,White,Male,United-States,<=50K.,119665,0,0,40
288,61,State-gov,Masters,14,Married-civ-spouse,Exec-managerial,Husband,White,Male,United-States,>50K.,347445,0,0,40
289,45,Self-emp-not-inc,Bachelors,13,Married-civ-spouse,Exec-managerial,Husband,White,Male,United-States,>50K,225456,0,0,50
290,46,Private,HS-grad,9,Divorced,Protective-serv,Not-in-family,White,Male,Cuba,<=50K.,280766,0,0,40
291,57,Federal-gov,HS-grad,9,Divorced,Adm-clerical,Not-in-family,White,Female,United-States,<=50K,197875,0,0,40
292,34,Private,Masters,14,Never-married,Other-service,Not-in-family,Amer-Indian-Eskimo,Male,United-States,<=50K.,198751,0,0,40
293,43,Self-emp-not-inc,HS-grad,9,Married-civ-spouse,Sales,Husband,White,Male,United-States,<=50K,190044,0,0,40
294,48,Private,Bachelors,13,Married-civ-spouse,Exec-managerial,Husband,White,Male,United-States,<=50K,248059,5013,0,45
295,43,Self-emp-not-inc,Prof-school,15,Married-civ-spouse,Prof-specialty,Husband,White,Male,United-States,>50K,193494,0,0,60
296,25,,Assoc-acdm,12,Married-civ-spouse,,Husband,White,Male,United-States,<=50K,219987,0,0,13
297,23,Private,Some-college,10,Never-married,Adm-clerical,Own-child,White,Male,United-States,<=50K,386705,0,0,24
298,25,Private,HS-grad,9,Married-civ-spouse,Transport-moving,Husband,White,Male,United-States,>50K,135603,0,0,40
299,31,Private,Bachelors,13,Married-civ-spouse,Exec-managerial,Husband,White,Male,United-States,>50K.,197886,0,0,50
300,43,Private,Some-college,10,Married-civ-spouse,Sales,Husband,White,Male,United-States,>50K,145711,0,0,72
301,49,Private,HS-grad,9,Married-civ-spouse,Craft-repair,Husband,White,Male,United-States,<=50K,31339,0,0,40
302,57,Private,HS-grad,9,Widowed,Transport-moving,Unmarried,White,Male,United-States,>50K,34269,0,653,42
303,31,Federal-gov,Assoc-voc,11,Never-married,Exec-managerial,Not-in-family,White,Female,United-States,<=50K,168312,0,0,40
304,45,Private,Some-college,10,Married-civ-spouse,Machine-op-inspct,Husband,White,Male,United-States,>50K,20534,0,0,84
305,58,Private,HS-grad,9,Never-married,Transport-moving,Own-child,White,Male,Canada,<=50K,204021,0,0,40
306,50,Private,HS-grad,9,Divorced,Sales,Unmarried,White,Female,United-States,<=50K.,213041,0,0,40
307,25,Private,Bachelors,13,Never-married,Exec-managerial,Not-in-family,Black,Female,United-States,<=50K,404951,0,0,38
308,41,Private,HS-grad,9,Divorced,Handlers-cleaners,Unmarried,White,Female,United-States,<=50K.,118921,0,0,60
309,42,Local-gov,Some-college,10,Married-civ-spouse,Protective-serv,Husband,Black,Male,United-States,>50K.,720428,0,0,40
310,45,Private,Bachelors,13,Married-civ-spouse,Tech-support,Husband,Black,Male,United-States,>50K.,35136,0,0,40
311,20,,Some-college,10,Never-married,,Own-child,White,Female,United-States,<=50K,211968,0,0,45
312,44,Self-emp-not-inc,Some-college,10,Divorced,Machine-op-inspct,Not-in-family,White,Male,United-States,<=50K.,110028,0,0,40
313,55,Private,11th,7,Married-civ-spouse,Exec-managerial,Husband,White,Male,United-States,<=50K,144071,0,0,45
314,33,State-gov,Assoc-voc,11,Married-civ-spouse,Prof-specialty,Husband,White,Male,United-States,<=50K,425785,0,0,40
315,50,Private,Some-college,10,Divorced,Adm-clerical,Unmarried,Black,Female,United-States,<=50K,138514,0,0,40
316,28,Private,9th,5,Married-civ-spouse,Machine-op-inspct,Husband,White,Male,United-States,<=50K.,110145,0,0,40
317,29,,HS-grad,9,Married-civ-spouse,,Not-in-family,White,Female,United-States,<=50K,189282,0,0,27
318,36,Local-gov,HS-grad,9,Never-married,Transport-moving,Not-in-family,Asian-Pac-Islander,Male,United-States,<=50K,180805,0,0,40
319,32,Private,Some-college,10,Divorced,Machine-op-inspct,Unmarried,Amer-Indian-Eskimo,Male,United-States,<=50K,190784,0,0,40
320,51,Private,HS-grad,9,Married-civ-spouse,Transport-moving,Husband,White,Male,United-States,<=50K.,153064,5013,0,40
321,21,Private,HS-grad,9,Never-married,Other-service,Own-child,White,Female,United-States,<=50K.,96178,0,0,40
322,38,Private,HS-grad,9,Married-civ-spouse,Craft-repair,Husband,White,Male,United-States,<=50K,698363,0,0,40
323,21,Private,Some-college,10,Never-married,Sales,Own-child,Black,Female,United-States,<=50K.,342575,0,0,35
324,33,Private,9th,5,Divorced,Handlers-cleaners,Not-in-family,White,Male,United-States,<=50K,157747,0,0,70
325,32,Private,Some-college,10,Married-civ-spouse,Prof-specialty,Husband,White,Male,United-States,<=50K,229051,0,0,40
326,37,Private,5th-6th,3,Married-civ-spouse,Craft-repair,Husband,Black,Male,,<=50K.,171524,0,0,40
327,19,Private,11th,7,Never-married,Machine-op-inspct,Own-child,White,Male,United-States,<=50K,238474,0,0,40
328,19,Private,Some-college,10,Never-married,Protective-serv,Own-child,White,Male,United-States,<=50K,249609,0,0,8
329,56,Local-gov,HS-grad,9,Married-civ-spouse,Craft-repair,Husband,White,Male,United-States,<=50K,170217,0,0,40
330,47,Private,Bachelors,13,Married-civ-spouse,Adm-clerical,Husband,White,Male,United-States,>50K,102569,0,0,40
331,44,Private,9th,5,Married-civ-spouse,Craft-repair,Husband,White,Male,Puerto-Rico,<=50K.,162372,0,0,45
332,22,Private,HS-grad,9,Married-civ-spouse,Sales,Husband,Black,Male,United-States,<=50K.,198366,0,0,20
333,44,Private,Some-college,10,Married-civ-spouse,Craft-repair,Husband,White,Male,United-States,<=50K,277533,0,0,40
334,38,Private,HS-grad,9,Married-civ-spouse,Craft-repair,Husband,White,Male,United-States,>50K,364782,0,0,40
335,44,State-gov,Prof-school,15,Married-civ-spouse,Prof-specialty,Husband,White,Male,United-States,>50K,141858,15024,0,75
336,28,Private,Some-college,10,Married-civ-spouse,Exec-managerial,Own-child,White,Male,United-States,>50K,119545,7688,0,50
337,25,Private,10th,6,Married-civ-spouse,Craft-repair,Husband,White,Male,Mexico,<=50K,204338,0,0,40
338,38,Private,Some-college,10,Divorced,Adm-clerical,Unmarried,Other,Female,United-States,<=50K,165302,0,0,40
339,29,Private,Bachelors,13,Married-civ-spouse,Craft-repair,Husband,White,Male,Canada,<=50K,209301,0,0,40
340,63,Self-emp-not-inc,7th-8th,4,Married-civ-spouse,Craft-repair,Husband,White,Male,United-States,<=50K,33487,0,0,40
341,27,Federal-gov,Some-college,10,Married-civ-spouse,Craft-repair,Husband,White,Male,United-States,<=50K,128059,0,0,50
342,18,Private,10th,6,Never-married,Other-service,Not-in-family,Black,Male,United-States,<=50K.,50119,0,0,20
343,45,Self-emp-not-inc,HS-grad,9,Married-civ-spouse,Craft-repair,Husband,White,Male,United-States,>50K,315984,7688,0,50
344,32,Private,Masters,14,Married-civ-spouse,Prof-specialty,Husband,Asian-Pac-Islander,Male,India,<=50K,31740,0,0,40
345,20,Private,Some-college,10,Never-married,Sales,Own-child,White,Male,United-States,<=50K.,316702,0,0,40
346,37,Private,HS-grad,9,Married-civ-spouse,Exec-managerial,Husband,White,Male,United-States,>50K,188540,0,1902,45
347,23,Private,Some-college,10,Never-married,Handlers-cleaners,Own-child,White,Male,United-States,<=50K,204209,0,0,10
348,30,Private,7th-8th,4,Separated,Farming-fishing,Not-in-family,White,Male,Mexico,<=50K,296509,0,0,45
349,62,Private,Doctorate,16,Married-civ-spouse,Exec-managerial,Husband,White,Male,United-States,>50K.,93997,99999,0,40
350,37,Private,HS-grad,9,Divorced,Machine-op-inspct,Other-relative,White,Female,United-States,<=50K,218188,0,0,32
351,46,Private,Masters,14,Married-civ-spouse,Tech-support,Husband,Asian-Pac-Islander,Male,Philippines,>50K,137354,0,0,40
352,29,Private,12th,8,Married-civ-spouse,Other-service,Husband,Asian-Pac-Islander,Male,China,<=50K.,53448,0,0,50
353,24,Private,HS-grad,9,Never-married,Craft-repair,Own-child,White,Male,United-States,<=50K,224716,0,0,40
354,25,Self-emp-not-inc,Some-college,10,Married-civ-spouse,Farming-fishing,Husband,White,Male,United-States,<=50K.,193716,0,0,50
355,19,Private,HS-grad,9,Never-married,Other-service,Own-child,Asian-Pac-Islander,Female,United-States,<=50K,96483,0,0,40
356,39,State-gov,Bachelors,13,Divorced,Protective-serv,Not-in-family,White,Male,Mexico,>50K,343646,0,0,40
357,27,Private,Bachelors,13,Married-civ-spouse,Exec-managerial,Husband,White,Male,Dominican-Republic,<=50K,162343,0,0,40
358,27,Self-emp-not-inc,Some-college,10,Never-married,Sales,Not-in-family,White,Male,United-States,<=50K,115705,0,0,50
359,25,Private,Bachelors,13,Never-married,Sales,Not-in-family,White,Female,United-States,<=50K,181054,0,0,40
360,39,Private,10th,6,Married-civ-spouse,Transport-moving,Husband,White,Male,United-States,<=50K.,124090,0,0,40
361,47,Self-emp-not-inc,Masters,14,Married-civ-spouse,Sales,Husband,White,Male,United-States,>50K.,52291,7688,0,45
362,29,Private,Assoc-acdm,12,Married-civ-spouse,Tech-support,Husband,White,Male,United-States,>50K.,187750,0,0,40
363,50,Private,HS-grad,9,Divorced,Craft-repair,Not-in-family,White,Female,United-States,<=50K,278188,0,0,45
364,44,Private,HS-grad,9,Married-spouse-absent,Adm-clerical,Unmarried,Black,Female,United-States,<=50K,228124,0,0,40
365,38,Private,Some-college,10,Never-married,Other-service,Not-in-family,White,Male,United-States,<=50K,101192,0,0,40
366,43,Private,7th-8th,4,Married-civ-spouse,Handlers-cleaners,Husband,Black,Male,United-States,<=50K.,186245,0,0,40
367,62,Private,11th,7,Divorced,Machine-op-inspct,Not-in-family,Black,Female,United-States,<=50K.,166425,0,0,40
368,69,State-gov,Doctorate,16,Married-civ-spouse,Prof-specialty,Husband,White,Male,United-States,>50K,203072,0,0,50
369,26,Private,Assoc-voc,11,Divorced,Sales,Own-child,White,Female,United-States,<=50K,144483,594,0,35
370,20,Private,Some-college,10,Never-married,Adm-clerical,Own-child,White,Female,United-States,<=50K,145917,0,0,15
371,45,Private,9th,5,Married-civ-spouse,Handlers-cleaners,Husband,White,Male,United-States,<=50K.,203785,0,0,40
372,18,,11th,7,Never-married,,Own-child,White,Female,United-States,<=50K.,30246,0,0,45
373,30,Private,Some-college,10,Married-civ-spouse,Sales,Husband,White,Male,United-States,>50K,231826,0,0,40
374,28,Private,HS-grad,9,Never-married,Tech-support,Not-in-family,White,Male,United-States,<=50K,398918,0,0,40
375,34,Private,Assoc-voc,11,Married-civ-spouse,Prof-specialty,Husband,White,Male,United-States,>50K,209691,4386,0,50
376,34,Private,Assoc-acdm,12,Never-married,Exec-managerial,Own-child,White,Female,United-States,<=50K.,346736,0,0,50
377,55,Private,Some-college,10,Divorced,Craft-repair,Not-in-family,White,Male,United-States,<=50K,368727,0,0,40
378,48,Self-emp-not-inc,Bachelors,13,Separated,Tech-support,Not-in-family,White,Male,United-States,<=50K.,121424,0,0,50
379,20,Private,Some-college,10,Never-married,Sales,Own-child,White,Male,United-States,<=50K,180052,0,0,20
380,23,Private,Bachelors,13,Married-civ-spouse,Exec-managerial,Wife,White,Female,United-States,<=50K.,173670,0,0,45
381,55,Private,HS-grad,9,Separated,Priv-house-serv,Not-in-family,White,Female,United-States,<=50K.,224655,0,0,32
382,67,Self-emp-inc,HS-grad,9,Married-civ-spouse,Transport-moving,Husband,White,Male,United-States,<=50K,81413,0,0,40
383,36,Private,Masters,14,Married-civ-spouse,Exec-managerial,Husband,White,Male,United-States,>50K,198841,0,0,40
384,29,Self-emp-inc,HS-grad,9,Married-civ-spouse,Sales,Wife,White,Female,United-States,>50K,260729,0,1977,25
385,40,Private,Some-college,10,Married-civ-spouse,Machine-op-inspct,Husband,White,Male,United-States,>50K.,385266,0,0,40
386,20,Private,HS-grad,9,Never-married,Sales,Own-child,Black,Female,United-States,<=50K,195411,0,0,20
387,35,Private,Prof-school,15,Never-married,Prof-specialty,Not-in-family,Asian-Pac-Islander,Male,India,>50K,98283,0,0,40
388,35,Self-emp-not-inc,Bachelors,13,Married-civ-spouse,Exec-managerial,Husband,White,Male,United-States,>50K,112271,0,0,50
389,47,Self-emp-not-inc,Some-college,10,Married-civ-spouse,Sales,Husband,White,Male,United-States,<=50K,131826,0,0,40
390,42,Federal-gov,Assoc-acdm,12,Separated,Prof-specialty,Unmarried,White,Female,United-States,>50K.,348059,0,0,40
391,46,Private,Some-college,10,Married-civ-spouse,Sales,Husband,White,Male,United-States,>50K.,203785,0,0,40
392,40,Private,10th,6,Married-civ-spouse,Machine-op-inspct,Husband,White,Male,,<=50K.,110009,0,0,40
393,26,Private,HS-grad,9,Never-married,Tech-support,Unmarried,Amer-Indian-Eskimo,Female,United-States,<=50K.,223558,0,0,40
394,36,Private,9th,5,Separated,Other-service,Unmarried,Black,Female,,<=50K,218948,0,0,40
395,72,Private,Bachelors,13,Married-civ-spouse,Sales,Husband,White,Male,United-States,<=50K,157593,1455,0,6
396,51,Private,Masters,14,Never-married,Prof-specialty,Not-in-family,White,Male,United-States,>50K,165614,0,0,55
397,36,State-gov,Some-college,10,Married-civ-spouse,Exec-managerial,Wife,White,Female,United-States,>50K,86805,7298,0,39
398,19,Private,Some-college,10,Never-married,Tech-support,Own-child,White,Female,United-States,<=50K.,136758,0,0,10
399,33,Private,Some-college,10,Married-civ-spouse,Exec-managerial,Husband,White,Male,United-States,>50K,172664,0,0,70
400,44,Private,Some-college,10,Never-married,Other-service,Not-in-family,White,Male,United-States,<=50K,174051,0,0,35
401,74,Private,Some-college,10,Married-civ-spouse,Sales,Husband,White,Male,United-States,>50K.,148867,6418,0,24
402,27,Private,5th-6th,3,Never-married,Farming-fishing,Unmarried,White,Male,United-States,<=50K,491421,0,0,50
403,55,Private,Bachelors,13,Married-civ-spouse,Tech-support,Husband,White,Male,United-States,>50K,144071,0,0,18
404,18,Private,12th,8,Never-married,Handlers-cleaners,Own-child,White,Male,Columbia,<=50K,252993,0,0,40
405,30,Private,HS-grad,9,Married-civ-spouse,Other-service,Husband,White,Male,Germany,<=50K,111415,0,0,55
406,32,Private,Bachelors,13,Married-civ-spouse,Sales,Husband,White,Male,United-States,>50K.,154950,0,1977,44
407,52,Federal-gov,Prof-school,15,Married-civ-spouse,Armed-Forces,Husband,White,Male,United-States,>50K.,165998,7298,0,50
408,50,Local-gov,Masters,14,Married-civ-spouse,Prof-specialty,Wife,White,Female,United-States,>50K,259377,15024,0,40
409,50,Local-gov,HS-grad,9,Married-civ-spouse,Adm-clerical,Husband,Black,Male,United-States,<=50K,370733,0,0,40
410,19,Self-emp-not-inc,Some-college,10,Never-married,Craft-repair,Own-child,White,Male,United-States,<=50K,36012,0,0,20
411,34,Local-gov,HS-grad,9,Married-civ-spouse,Adm-clerical,Husband,White,Male,United-States,<=50K.,283921,0,0,40
412,46,Private,HS-grad,9,Married-civ-spouse,Other-service,Own-child,White,Female,United-States,<=50K,428350,0,0,15
413,18,Private,11th,7,Never-married,Sales,Own-child,White,Female,United-States,<=50K.,106943,0,0,12
414,34,Private,HS-grad,9,Married-civ-spouse,Transport-moving,Husband,White,Male,United-States,<=50K.,93394,0,0,65
415,19,,7th-8th,4,Never-married,,Not-in-family,White,Male,Mexico,<=50K,365871,0,0,40
416,33,Private,HS-grad,9,Married-civ-spouse,Exec-managerial,Husband,White,Male,United-States,<=50K.,119422,0,0,40
417,32,Private,HS-grad,9,Never-married,Craft-repair,Own-child,White,Male,United-States,<=50K.,339196,0,0,40
418,28,Private,Assoc-voc,11,Married-civ-spouse,Tech-support,Husband,White,Male,United-States,>50K,176683,0,0,70
419,28,Private,HS-grad,9,Never-married,Transport-moving,Other-relative,White,Male,United-States,<=50K.,53271,0,0,38
420,48,Private,Assoc-voc,11,Married-civ-spouse,Craft-repair,Husband,White,Male,United-States,>50K.,86009,0,0,40
421,33,Private,Bachelors,13,Married-civ-spouse,Machine-op-inspct,Husband,Other,Male,Ecuador,<=50K,137088,0,0,40
422,43,State-gov,Masters,14,Married-civ-spouse,Prof-specialty,Husband,Amer-Indian-Eskimo,Male,United-States,>50K.,185619,0,0,35
423,18,Private,12th,8,Never-married,Handlers-cleaners,Own-child,White,Male,United-States,<=50K.,79077,0,0,22
424,36,Private,Assoc-acdm,12,Never-married,Tech-support,Not-in-family,White,Female,United-States,<=50K,90897,0,0,40
425,21,Private,Some-college,10,Never-married,Machine-op-inspct,Own-child,White,Male,,<=50K,335570,0,0,30
426,22,Private,HS-grad,9,Never-married,Transport-moving,Own-child,Black,Male,United-States,<=50K,181773,0,0,40
427,57,Private,7th-8th,4,Divorced,Craft-repair,Unmarried,White,Male,France,<=50K.,133201,0,1408,40
428,24,State-gov,HS-grad,9,Married-civ-spouse,Transport-moving,Husband,White,Male,United-States,>50K,197731,0,0,49
429,59,Federal-gov,Some-college,10,Married-civ-spouse,Tech-support,Husband,White,Male,United-States,>50K,293971,0,0,40
430,47,Private,9th,5,Widowed,Exec-managerial,Unmarried,White,Female,United-States,<=50K.,275095,0,0,50
431,28,Private,HS-grad,9,Married-civ-spouse,Transport-moving,Husband,White,Male,United-States,<=50K,180299,0,0,70
432,33,Private,HS-grad,9,Married-civ-spouse,Prof-specialty,Husband,White,Male,United-States,<=50K.,496743,0,0,88
433,32,Private,HS-grad,9,Never-married,Machine-op-inspct,Not-in-family,White,Male,United-States,<=50K.,124420,0,0,40
434,18,Private,11th,7,Never-married,Sales,Own-child,White,Female,United-States,<=50K,345285,0,0,20
435,29,Private,HS-grad,9,Never-married,Other-service,Other-relative,Black,Female,United-States,<=50K,358124,0,0,52
436,32,Private,7th-8th,4,Married-spouse-absent,Farming-fishing,Other-relative,White,Male,Mexico,<=50K.,268282,0,0,35
437,22,Private,Some-college,10,Never-married,Sales,Not-in-family,White,Male,United-States,<=50K.,147397,0,0,44
438,35,Self-emp-not-inc,HS-grad,9,Married-civ-spouse,Farming-fishing,Husband,White,Male,United-States,<=50K.,160728,0,0,50
439,19,Private,11th,7,Never-married,Sales,Own-child,Asian-Pac-Islander,Female,Philippines,<=50K,86150,0,0,19
440,50,Private,9th,5,Divorced,Transport-moving,Not-in-family,White,Male,United-States,<=50K,22418,0,0,50
441,32,Private,Some-college,10,Married-civ-spouse,Adm-clerical,Husband,White,Male,United-States,<=50K,36302,0,0,50
442,39,Private,HS-grad,9,Divorced,Adm-clerical,Own-child,White,Female,United-States,<=50K,99270,0,0,40
443,59,Private,Some-college,10,Married-civ-spouse,Sales,Husband,White,Male,United-States,<=50K,53481,0,0,50
444,31,Self-emp-not-inc,Bachelors,13,Married-civ-spouse,Exec-managerial,Wife,White,Female,United-States,>50K,325355,0,1902,40
445,36,Private,Bachelors,13,Divorced,Prof-specialty,Unmarried,White,Male,United-States,<=50K,210452,0,0,45
446,29,Private,HS-grad,9,Never-married,Exec-managerial,Not-in-family,White,Female,United-States,<=50K,198825,0,0,38
447,20,,Some-college,10,Never-married,,Own-child,White,Male,United-States,<=50K,182117,0,0,40
448,50,Private,10th,6,Married-civ-spouse,Craft-repair,Husband,White,Male,United-States,>50K,211654,0,0,40
449,21,Local-gov,12th,8,Never-married,Other-service,Own-child,Black,Male,United-States,<=50K,276840,0,0,20
450,30,Private,9th,5,Married-civ-spouse,Craft-repair,Husband,White,Male,United-States,<=50K.,285855,0,0,40
451,25,Private,Some-college,10,Never-married,Prof-specialty,Not-in-family,White,Female,United-States,<=50K.,96862,0,0,65
452,21,Private,Assoc-acdm,12,Never-married,Sales,Not-in-family,White,Female,United-States,<=50K.,200318,0,0,35
453,50,Self-emp-inc,HS-grad,9,Married-civ-spouse,Farming-fishing,Husband,White,Male,United-States,<=50K,136913,0,0,50
454,20,Private,Some-college,10,Never-married,Handlers-cleaners,Not-in-family,White,Male,United-States,<=50K,415913,0,0,30
455,19,Private,HS-grad,9,Never-married,Sales,Unmarried,Black,Female,United-States,<=50K,268392,0,0,30
456,40,Private,Doctorate,16,Married-civ-spouse,Prof-specialty,Husband,White,Male,United-States,<=50K,130760,0,0,45
457,29,Local-gov,HS-grad,9,Never-married,Protective-serv,Own-child,White,Male,United-States,<=50K,92262,0,0,48
458,38,Private,10th,6,Married-civ-spouse,Machine-op-inspct,Husband,White,Male,United-States,>50K,170174,0,0,40
459,23,Private,HS-grad,9,Never-married,Exec-managerial,Own-child,White,Male,United-States,<=50K,219535,0,0,40
460,42,Self-emp-not-inc,Doctorate,16,Never-married,Prof-specialty,Not-in-family,White,Male,United-States,>50K.,344624,0,0,99
461,30,Private,Some-college,10,Married-civ-spouse,Handlers-cleaners,Husband,White,Male,United-States,<=50K,175931,0,0,44
462,30,Private,Bachelors,13,Married-civ-spouse,Sales,Wife,White,Female,United-States,>50K,101345,3103,0,55
463,40,Private,HS-grad,9,Married-civ-spouse,Craft-repair,Husband,White,Male,United-States,<=50K,244945,0,0,40
464,43,Private,Bachelors,13,Never-married,Sales,Own-child,White,Female,United-States,<=50K.,59460,0,0,40
465,22,Private,Some-college,10,Married-civ-spouse,Exec-managerial,Husband,White,Male,United-States,<=50K,102632,0,0,45
466,28,Private,HS-grad,9,Divorced,Craft-repair,Unmarried,White,Male,United-States,<=50K.,351731,0,0,50
467,46,Federal-gov,Bachelors,13,Married-civ-spouse,Tech-support,Husband,White,Male,United-States,>50K,33794,3103,0,40
468,19,Private,Some-college,10,Never-married,Sales,Own-child,White,Female,United-States,<=50K,167149,0,0,25
469,39,Self-emp-not-inc,Some-college,10,Never-married,Craft-repair,Not-in-family,Asian-Pac-Islander,Male,United-States,<=50K,247975,0,0,30
470,34,Private,HS-grad,9,Married-civ-spouse,Sales,Husband,White,Male,United-States,>50K,102130,0,0,65
471,28,Private,Bachelors,13,Married-civ-spouse,Sales,Husband,White,Male,United-States,>50K,191355,0,0,45
472,70,Private,Some-college,10,Widowed,Sales,Not-in-family,White,Female,United-States,<=50K,221603,0,0,34
473,41,Private,Some-college,10,Married-civ-spouse,Sales,Husband,White,Male,United-States,>50K.,228847,0,0,40
474,44,Federal-gov,HS-grad,9,Never-married,Adm-clerical,Unmarried,White,Female,United-States,<=50K,192771,0,0,40
475,39,Private,HS-grad,9,Married-civ-spouse,Sales,Husband,White,Male,United-States,>50K,191807,15024,0,50
476,53,Private,Some-college,10,Married-civ-spouse,Machine-op-inspct,Husband,White,Male,United-States,<=50K,150980,3137,0,40
477,52,Private,Bachelors,13,Married-civ-spouse,Exec-managerial,Husband,White,Male,United-States,>50K,145166,15024,0,55
478,49,Private,Some-college,10,Separated,Sales,Not-in-family,White,Male,United-States,<=50K.,289964,0,0,50
479,23,Self-emp-not-inc,Some-college,10,Never-married,Craft-repair,Own-child,White,Male,United-States,<=50K.,121568,0,1504,40
480,27,Private,Some-college,10,Divorced,Other-service,Not-in-family,White,Male,United-States,<=50K,279872,0,0,40
481,52,Private,Bachelors,13,Married-civ-spouse,Tech-support,Husband,White,Male,United-States,>50K.,335997,7688,0,38
482,54,Private,HS-grad,9,Married-civ-spouse,Priv-house-serv,Other-relative,Black,Female,United-States,<=50K,96710,0,0,20
483,25,Private,Assoc-voc,11,Married-civ-spouse,Prof-specialty,Wife,White,Female,United-States,>50K,99126,7688,0,40
484,60,Private,HS-grad,9,Divorced,Sales,Other-relative,White,Female,United-States,<=50K.,96660,0,0,33
485,39,Private,Masters,14,Married-civ-spouse,Prof-specialty,Husband,Black,Male,United-States,>50K.,560313,0,0,45
486,23,Local-gov,Bachelors,13,Never-married,Prof-specialty,Own-child,White,Female,United-States,<=50K.,145112,0,0,43
487,34,Private,Assoc-voc,11,Married-spouse-absent,Adm-clerical,Unmarried,White,Female,United-States,<=50K,32528,0,974,40
488,40,Private,Some-college,10,Separated,Handlers-cleaners,Not-in-family,White,Male,United-States,<=50K,143327,0,0,40
489,57,Private,HS-grad,9,Divorced,Craft-repair,Not-in-family,White,Female,United-States,<=50K.,255406,0,1980,44
490,42,State-gov,Bachelors,13,Divorced,Prof-specialty,Not-in-family,Black,Male,United-States,<=50K,212027,0,0,40
491,35,Private,HS-grad,9,Never-married,Other-service,Own-child,Black,Female,Jamaica,<=50K,155961,0,0,35
492,30,Private,HS-grad,9,Never-married,Craft-repair,Not-in-family,White,Male,United-States,<=50K,381153,0,0,40
493,39,Private,Masters,14,Married-civ-spouse,Exec-managerial,Husband,White,Male,United-States,>50K,91367,0,1848,45
494,22,Private,Some-college,10,Never-married,Adm-clerical,Not-in-family,White,Female,United-States,<=50K,109815,0,0,40
495,25,Private,HS-grad,9,Married-civ-spouse,Handlers-cleaners,Husband,White,Male,United-States,<=50K,267426,0,0,40
496,29,Private,HS-grad,9,Never-married,Exec-managerial,Not-in-family,White,Male,Mexico,<=50K.,211331,0,0,50
497,19,Private,Some-college,10,Never-married,Other-service,Not-in-family,White,Male,United-States,<=50K,72355,0,0,20
498,40,Private,Bachelors,13,Married-civ-spouse,Other-service,Wife,Asian-Pac-Islander,Female,Japan,>50K,177027,7688,0,52
499,35,,Bachelors,13,Never-married,,Not-in-family,Black,Male,England,<=50K.,171062,0,0,40
500,38,,Some-college,10,Married-civ-spouse,,Husband,White,Male,United-States,>50K.,245372,0,0,75
501,53,Private,Bachelors,13,Divorced,Exec-managerial,Unmarried,Asian-Pac-Islander,Male,United-States,<=50K,137192,0,0,50
502,39,Private,HS-grad,9,Married-civ-spouse,Craft-repair,Husband,White,Male,United-States,<=50K,105813,0,0,40
503,24,Private,HS-grad,9,Married-civ-spouse,Other-service,Husband,White,Male,United-States,<=50K.,271354,0,0,40
504,19,Private,Some-college,10,Never-married,Other-service,Other-relative,White,Female,United-States,<=50K,112269,0,0,40
505,39,Private,HS-grad,9,Married-civ-spouse,Exec-managerial,Husband,White,Male,United-States,<=50K,74194,0,0,55
506,47,Private,Bachelors,13,Never-married,Exec-managerial,Not-in-family,White,Male,United-States,<=50K,83046,0,0,40
507,24,Private,Some-college,10,Never-married,Sales,Not-in-family,Asian-Pac-Islander,Male,,<=50K.,160261,0,0,64
508,43,Private,HS-grad,9,Married-civ-spouse,Other-service,Husband,White,Male,United-States,>50K.,142725,0,1887,80
509,38,Private,Assoc-acdm,12,Married-spouse-absent,Adm-clerical,Unmarried,White,Female,United-States,<=50K.,179352,0,0,40
510,39,Self-emp-not-inc,Some-college,10,Never-married,Prof-specialty,Own-child,White,Female,United-States,<=50K.,245361,0,0,10
511,33,Private,Assoc-acdm,12,Married-civ-spouse,Exec-managerial,Wife,White,Female,United-States,>50K.,236013,0,0,55
512,21,Private,Some-college,10,Never-married,Handlers-cleaners,Own-child,White,Male,United-States,<=50K,160968,0,0,40
513,51,Private,11th,7,Separated,Other-service,Not-in-family,Black,Female,Jamaica,<=50K,125796,0,0,40
514,34,Private,Prof-school,15,Married-civ-spouse,Prof-specialty,Husband,White,Male,United-States,>50K.,737315,0,0,65
515,41,Private,Some-college,10,Never-married,Craft-repair,Unmarried,White,Male,,>50K,70037,0,3004,60
516,48,Local-gov,Masters,14,Widowed,Prof-specialty,Unmarried,White,Female,United-States,<=50K.,127675,0,0,44
517,47,Private,Some-college,10,Married-civ-spouse,Craft-repair,Husband,White,Male,United-States,>50K.,115971,0,0,40
518,19,Private,HS-grad,9,Never-married,Adm-clerical,Own-child,White,Male,United-States,<=50K,407759,0,0,40
519,77,Private,Assoc-voc,11,Divorced,Sales,Not-in-family,White,Female,United-States,<=50K.,171193,0,1668,30
520,38,Local-gov,5th-6th,3,Married-civ-spouse,Handlers-cleaners,Other-relative,White,Male,Mexico,<=50K,218184,0,0,40
521,40,Self-emp-inc,HS-grad,9,Divorced,Adm-clerical,Unmarried,White,Female,,<=50K,209344,0,0,15
522,57,Private,Some-college,10,Married-civ-spouse,Sales,Husband,White,Male,United-States,<=50K.,88879,0,0,40
523,50,Private,HS-grad,9,Married-civ-spouse,Craft-repair,Husband,White,Male,United-States,>50K,196975,0,0,40
524,52,Local-gov,Some-college,10,Married-civ-spouse,Protective-serv,Husband,White,Male,United-States,<=50K.,136175,0,0,35
525,31,Local-gov,Prof-school,15,Married-civ-spouse,Prof-specialty,Husband,White,Male,Columbia,<=50K.,378426,0,0,99
526,37,Private,HS-grad,9,Divorced,Sales,Unmarried,White,Male,United-States,<=50K.,91716,0,0,75
527,33,Private,Bachelors,13,Never-married,Handlers-cleaners,Not-in-family,White,Male,United-States,<=50K,142675,0,0,30
528,66,Self-emp-not-inc,Bachelors,13,Married-civ-spouse,Prof-specialty,Husband,White,Male,United-States,>50K.,183249,0,0,20
529,29,Private,Bachelors,13,Married-civ-spouse,Sales,Husband,White,Male,United-States,<=50K.,127892,0,0,45
530,59,Private,HS-grad,9,Divorced,Other-service,Not-in-family,White,Female,United-States,<=50K.,128829,0,0,40
531,42,Self-emp-not-inc,HS-grad,9,Married-civ-spouse,Craft-repair,Husband,White,Male,United-States,<=50K.,209301,0,0,50
532,50,Local-gov,HS-grad,9,Married-civ-spouse,Protective-serv,Husband,White,Male,United-States,<=50K,96062,0,0,40
533,47,Self-emp-not-inc,Prof-school,15,Married-civ-spouse,Prof-specialty,Husband,White,Male,United-States,>50K,213668,0,1977,50
534,55,Private,Bachelors,13,Married-civ-spouse,Exec-managerial,Husband,White,Male,United-States,>50K,32365,0,0,45
535,19,Self-emp-not-inc,HS-grad,9,Never-married,Tech-support,Own-child,White,Male,United-States,<=50K.,215493,0,0,20
536,35,Private,HS-grad,9,Divorced,Sales,Not-in-family,White,Male,United-States,>50K.,272742,27828,0,60
537,18,Private,10th,6,Never-married,Craft-repair,Own-child,White,Male,United-States,<=50K,126142,0,0,30
538,47,Self-emp-not-inc,Some-college,10,Divorced,Other-service,Not-in-family,White,Male,United-States,<=50K.,136258,0,0,30
539,56,Private,7th-8th,4,Divorced,Farming-fishing,Other-relative,White,Male,United-States,<=50K.,337065,0,0,40
540,47,Private,Bachelors,13,Divorced,Other-service,Not-in-family,White,Female,United-States,>50K.,131160,99999,0,40
541,59,Private,HS-grad,9,Divorced,Prof-specialty,Unmarried,White,Female,United-States,<=50K.,112798,0,0,60
542,71,,7th-8th,4,Separated,,Not-in-family,Black,Male,United-States,<=50K.,46836,0,0,15
543,58,Private,HS-grad,9,Divorced,Adm-clerical,Not-in-family,White,Female,United-States,<=50K,111169,0,0,40
544,36,Private,HS-grad,9,Married-civ-spouse,Craft-repair,Husband,Black,Male,United-States,<=50K.,473547,0,0,30
545,39,Private,Prof-school,15,Divorced,Prof-specialty,Not-in-family,Black,Female,United-States,>50K.,82699,13550,0,70
546,27,Private,Masters,14,Married-civ-spouse,Adm-clerical,Wife,White,Female,United-States,>50K.,32452,0,0,20
547,46,Private,HS-grad,9,Married-civ-spouse,Machine-op-inspct,Husband,White,Male,United-States,<=50K,358886,0,0,40
548,19,,Some-college,10,Never-married,,Own-child,White,Male,United-States,<=50K.,168471,0,0,15
549,54,Private,Bachelors,13,Married-civ-spouse,Exec-managerial,Husband,White,Male,United-States,>50K,98535,0,0,40
550,23,Private,Bachelors,13,Never-married,Prof-specialty,Own-child,White,Male,United-States,<=50K,62339,0,0,40
551,45,Private,HS-grad,9,Divorced,Handlers-cleaners,Unmarried,Black,Female,United-States,<=50K.,154237,0,0,40
552,62,Self-emp-inc,Bachelors,13,Married-civ-spouse,Exec-managerial,Husband,White,Male,United-States,>50K,354075,0,0,50
553,36,Private,12th,8,Divorced,Handlers-cleaners,Not-in-family,White,Male,United-States,<=50K,180150,0,0,40
554,38,Private,HS-grad,9,Divorced,Adm-clerical,Unmarried,White,Female,United-States,<=50K,680390,0,0,20
555,26,Private,HS-grad,9,Never-married,Other-service,Not-in-family,White,Female,United-States,<=50K,41521,0,0,35
556,57,Self-emp-inc,Some-college,10,Married-civ-spouse,Exec-managerial,Husband,White,Male,United-States,<=50K,124137,0,0,40
557,54,Private,Bachelors,13,Married-civ-spouse,Sales,Husband,White,Male,United-States,<=50K.,53833,0,0,50
558,51,Self-emp-not-inc,Doctorate,16,Divorced,Sales,Not-in-family,White,Male,United-States,>50K.,43878,0,0,50
559,27,State-gov,Some-college,10,Married-civ-spouse,Transport-moving,Husband,White,Male,United-States,<=50K,249362,3411,0,40
560,47,Private,HS-grad,9,Divorced,Farming-fishing,Not-in-family,White,Male,United-States,<=50K.,189143,0,0,40
561,23,Private,Some-college,10,Never-married,Exec-managerial,Own-child,White,Male,United-States,<=50K,284898,0,0,30
562,28,Private,Some-college,10,Married-civ-spouse,Sales,Husband,White,Male,United-States,<=50K.,41099,0,0,40
563,32,Private,Bachelors,13,Married-civ-spouse,Craft-repair,Husband,Asian-Pac-Islander,Male,India,<=50K.,177695,0,0,45
564,21,Private,Some-college,10,Never-married,Prof-specialty,Own-child,White,Female,United-States,<=50K,151158,0,0,25
565,20,Private,Some-college,10,Never-married,Adm-clerical,Own-child,White,Male,United-States,<=50K.,333838,0,0,35
566,26,Private,HS-grad,9,Divorced,Craft-repair,Not-in-family,White,Male,United-States,<=50K,211596,0,0,40
567,23,Private,Some-college,10,Never-married,Prof-specialty,Not-in-family,White,Male,United-States,<=50K,126945,0,0,25
568,22,Private,Some-college,10,Never-married,Sales,Own-child,White,Male,United-States,<=50K.,269687,0,0,35
569,53,Private,Bachelors,13,Never-married,Other-service,Not-in-family,White,Male,Italy,>50K,104461,8614,0,50
570,36,Private,Some-college,10,Married-civ-spouse,Craft-repair,Husband,White,Male,United-States,>50K.,241306,0,0,40
571,33,Private,HS-grad,9,Separated,Sales,Not-in-family,White,Female,United-States,<=50K,192663,0,0,35
572,51,Self-emp-not-inc,Assoc-acdm,12,Married-civ-spouse,Sales,Husband,White,Male,United-States,>50K,176240,0,0,40
573,58,Private,HS-grad,9,Divorced,Sales,Unmarried,White,Female,United-States,<=50K.,153551,0,0,23
574,52,Private,1st-4th,2,Married-civ-spouse,Craft-repair,Husband,Other,Male,Puerto-Rico,<=50K,241444,0,0,50
575,23,Self-emp-not-inc,Bachelors,13,Never-married,Exec-managerial,Not-in-family,White,Female,United-States,<=50K.,72143,0,0,40
576,22,,Some-college,10,Never-married,,Not-in-family,White,Male,United-States,<=50K.,129980,0,0,25
577,64,Private,7th-8th,4,Married-civ-spouse,Craft-repair,Husband,White,Male,United-States,<=50K,103021,0,0,40
578,18,Private,HS-grad,9,Never-married,Adm-clerical,Own-child,White,Female,United-States,<=50K,365683,0,0,16
579,41,Federal-gov,Prof-school,15,Married-civ-spouse,Prof-specialty,Husband,White,Male,India,>50K,219155,0,0,50
580,40,Self-emp-not-inc,HS-grad,9,Married-civ-spouse,Other-service,Husband,White,Male,United-States,<=50K.,192878,0,0,40
581,53,Self-emp-not-inc,10th,6,Married-civ-spouse,Farming-fishing,Husband,White,Male,United-States,<=50K,30008,0,0,35
582,34,Local-gov,Assoc-acdm,12,Married-civ-spouse,Prof-specialty,Husband,White,Male,United-States,>50K,234096,0,0,40
583,50,Self-emp-inc,11th,7,Never-married,Exec-managerial,Other-relative,White,Male,United-States,>50K,121441,0,2444,40
584,45,Self-emp-inc,Bachelors,13,Married-civ-spouse,Exec-managerial,Husband,White,Male,United-States,>50K,34091,0,0,38
585,75,Private,10th,6,Widowed,Priv-house-serv,Not-in-family,White,Female,United-States,<=50K,101887,0,0,70
586,23,Private,Some-college,10,Never-married,Sales,Not-in-family,White,Female,United-States,<=50K,174754,0,0,30
587,37,State-gov,Some-college,10,Married-civ-spouse,Exec-managerial,Husband,White,Male,United-States,<=50K,24342,0,0,38
588,28,Private,HS-grad,9,Never-married,Adm-clerical,Not-in-family,White,Female,United-States,<=50K,496526,0,0,40
589,55,,Assoc-acdm,12,Married-civ-spouse,,Husband,Black,Male,United-States,>50K,106707,0,0,20
590,46,Private,Bachelors,13,Divorced,Prof-specialty,Unmarried,Black,Female,United-States,<=50K,384795,0,0,32
591,25,Private,Assoc-acdm,12,Never-married,Adm-clerical,Not-in-family,Black,Female,United-States,<=50K.,290441,0,0,40
592,22,Local-gov,Bachelors,13,Never-married,Adm-clerical,Own-child,White,Female,United-States,<=50K.,111697,0,0,30
593,39,Private,Masters,14,Married-civ-spouse,Prof-specialty,Husband,White,Male,,>50K,99146,0,0,40
594,33,Private,Assoc-voc,11,Married-civ-spouse,Craft-repair,Husband,White,Male,United-States,<=50K,58305,0,0,40
595,32,Self-emp-not-inc,Assoc-voc,11,Married-civ-spouse,Prof-specialty,Husband,Other,Male,United-States,<=50K,173314,0,0,60
596,25,Private,HS-grad,9,Never-married,Adm-clerical,Not-in-family,Black,Male,United-States,<=50K,324609,0,0,40
597,19,Private,HS-grad,9,Never-married,Other-service,Unmarried,White,Male,United-States,<=50K,231962,0,0,40
598,36,Private,Some-college,10,Married-civ-spouse,Craft-repair,Husband,White,Male,United-States,<=50K.,130808,0,0,40
599,18,,Some-college,10,Never-married,,Own-child,Black,Female,United-States,<=50K,171748,0,0,24
600,45,Private,Bachelors,13,Married-civ-spouse,Craft-repair,Husband,White,Male,Germany,>50K,88781,0,0,40
601,38,State-gov,Bachelors,13,Divorced,Prof-specialty,Not-in-family,White,Female,United-States,<=50K,352628,0,0,40
602,39,Private,HS-grad,9,Never-married,Tech-support,Not-in-family,Black,Male,United-States,<=50K.,242922,0,0,35
603,60,Federal-gov,Bachelors,13,Married-civ-spouse,Adm-clerical,Husband,Black,Male,United-States,>50K,63526,0,0,40
604,66,Self-emp-not-inc,Prof-school,15,Married-civ-spouse,Prof-specialty,Husband,White,Male,United-States,<=50K.,190160,0,0,20
605,43,Private,HS-grad,9,Married-civ-spouse,Craft-repair,Husband,White,Male,United-States,>50K,158528,0,0,40
606,41,Local-gov,Bachelors,13,Married-civ-spouse,Prof-specialty,Wife,White,Female,United-States,<=50K.,106982,0,0,52
607,39,Private,Assoc-voc,11,Married-civ-spouse,Craft-repair,Husband,White,Male,United-States,<=50K,53569,0,0,40
608,36,State-gov,Bachelors,13,Never-married,Exec-managerial,Not-in-family,White,Female,United-States,<=50K.,235779,0,0,40
609,39,Local-gov,12th,8,Married-civ-spouse,Tech-support,Husband,White,Male,United-States,<=50K,207853,0,0,50
610,38,Private,Assoc-voc,11,Never-married,Prof-specialty,Not-in-family,White,Female,United-States,<=50K,22042,0,0,39
611,47,Private,HS-grad,9,Married-civ-spouse,Other-service,Husband,White,Male,Mexico,<=50K,343579,0,0,40
612,26,Self-emp-inc,HS-grad,9,Never-married,Sales,Own-child,White,Male,United-States,<=50K,366662,0,0,50
613,19,Private,9th,5,Never-married,Machine-op-inspct,Own-child,White,Male,United-States,<=50K.,366088,0,0,40
614,24,Private,HS-grad,9,Never-married,Sales,Own-child,White,Male,United-States,<=50K.,320615,0,2205,40
615,23,Self-emp-not-inc,HS-grad,9,Married-civ-spouse,Farming-fishing,Husband,White,Male,United-States,<=50K.,145744,0,0,40
616,75,,Bachelors,13,Married-civ-spouse,,Husband,White,Male,United-States,<=50K,173064,0,0,6
617,22,Private,Some-college,10,Never-married,Adm-clerical,Own-child,White,Male,United-States,<=50K,83704,0,0,30
618,18,Self-emp-not-inc,Some-college,10,Never-married,Exec-managerial,Not-in-family,White,Female,United-States,<=50K,379242,0,0,50
619,17,,10th,6,Never-married,,Not-in-family,White,Female,United-States,<=50K.,40299,0,0,30
620,27,Private,Some-college,10,Never-married,Transport-moving,Not-in-family,White,Male,United-States,<=50K,386036,0,0,48
621,33,Private,5th-6th,3,Divorced,Handlers-cleaners,Unmarried,White,Male,Mexico,<=50K,419895,0,0,40
622,55,Private,HS-grad,9,Divorced,Craft-repair,Not-in-family,White,Female,United-States,<=50K.,134789,0,0,20
623,24,Private,Some-college,10,Never-married,Sales,Unmarried,White,Male,Mexico,<=50K,233777,0,0,50
624,41,Self-emp-inc,Prof-school,15,Married-civ-spouse,Prof-specialty,Husband,White,Male,El-Salvador,>50K,75742,0,0,45
625,43,Private,Bachelors,13,Married-civ-spouse,Prof-specialty,Husband,White,Male,United-States,>50K.,185860,0,0,40
626,48,Self-emp-not-inc,12th,8,Widowed,Sales,Unmarried,Asian-Pac-Islander,Female,South,<=50K.,229328,0,0,40
627,41,Private,HS-grad,9,Never-married,Sales,Not-in-family,White,Female,United-States,<=50K.,109539,0,0,40
628,63,Self-emp-inc,Some-college,10,Married-civ-spouse,Exec-managerial,Husband,White,Male,United-States,>50K,189253,0,0,45
629,58,Private,Some-college,10,Married-civ-spouse,Adm-clerical,Wife,White,Female,United-States,<=50K,147653,0,0,32
630,34,Private,HS-grad,9,Never-married,Craft-repair,Not-in-family,White,Male,United-States,<=50K,203488,0,0,40
631,59,Private,HS-grad,9,Married-civ-spouse,Machine-op-inspct,Husband,White,Male,Italy,<=50K,252714,0,0,30
632,70,Private,Bachelors,13,Married-civ-spouse,Exec-managerial,Husband,White,Male,Cuba,<=50K,280307,0,0,20
633,55,Private,Some-college,10,Married-civ-spouse,Craft-repair,Husband,White,Male,United-States,>50K,172666,0,0,40
634,29,Private,Bachelors,13,Married-civ-spouse,Exec-managerial,Husband,White,Male,United-States,>50K,100764,0,0,45
635,28,State-gov,HS-grad,9,Married-civ-spouse,Protective-serv,Husband,White,Male,United-States,<=50K,175325,0,0,40
636,26,Private,Bachelors,13,Never-married,Exec-managerial,Not-in-family,White,Male,United-States,>50K,279833,0,2258,45
637,19,State-gov,Some-college,10,Never-married,Other-service,Not-in-family,White,Male,United-States,<=50K,67217,594,0,24
638,22,Private,HS-grad,9,Never-married,Exec-managerial,Not-in-family,White,Female,United-States,<=50K,109039,0,0,55
639,77,,Some-college,10,Separated,,Not-in-family,White,Male,United-States,<=50K.,331863,0,0,2
640,46,Private,HS-grad,9,Married-civ-spouse,Other-service,Husband,White,Male,United-States,<=50K,188325,0,0,40
641,20,Private,Some-college,10,Never-married,Other-service,Own-child,White,Female,United-States,<=50K,33221,0,0,25
642,52,,7th-8th,4,Married-civ-spouse,,Husband,White,Male,United-States,<=50K,121942,0,0,40
643,42,Private,HS-grad,9,Married-civ-spouse,Transport-moving,Husband,White,Male,United-States,<=50K.,32627,0,0,40
644,30,Private,Some-college,10,Married-civ-spouse,Craft-repair,Husband,White,Male,United-States,<=50K,210851,0,0,40
645,21,Private,Some-college,10,Never-married,Other-service,Own-child,White,Male,United-States,<=50K.,191265,0,0,40
646,41,Self-emp-not-inc,HS-grad,9,Married-civ-spouse,Other-service,Husband,White,Male,United-States,<=50K,344329,0,0,10
647,62,Self-emp-not-inc,HS-grad,9,Married-civ-spouse,Sales,Wife,White,Female,United-States,<=50K,320376,0,0,48
648,33,Private,Bachelors,13,Married-civ-spouse,Adm-clerical,Husband,White,Male,United-States,<=50K,54782,0,1579,42
649,28,Private,Bachelors,13,Never-married,Sales,Not-in-family,White,Male,United-States,<=50K.,212068,0,1980,40
650,27,Private,HS-grad,9,Married-civ-spouse,Machine-op-inspct,Wife,White,Female,Dominican-Republic,<=50K,135520,0,0,40
651,43,Private,Some-college,10,Married-civ-spouse,Craft-repair,Husband,White,Male,United-States,>50K.,153132,0,0,40
652,28,State-gov,Assoc-voc,11,Never-married,Exec-managerial,Not-in-family,Black,Female,Germany,<=50K.,132675,0,0,40
653,34,Private,HS-grad,9,Divorced,Adm-clerical,Own-child,White,Female,United-States,<=50K,115858,0,0,40
654,58,Private,Bachelors,13,Divorced,Sales,Not-in-family,White,Male,United-States,<=50K,343957,0,0,50
655,23,Private,HS-grad,9,Married-civ-spouse,Machine-op-inspct,Husband,White,Male,United-States,<=50K.,205865,0,2179,60
656,22,,Some-college,10,Never-married,,Own-child,White,Female,United-States,<=50K.,379883,0,0,40
657,21,,HS-grad,9,Never-married,,Own-child,Asian-Pac-Islander,Female,Laos,<=50K.,285830,0,0,20
658,55,Private,HS-grad,9,Divorced,Craft-repair,Not-in-family,White,Male,United-States,<=50K,194290,0,0,40
659,40,Self-emp-inc,Prof-school,15,Married-civ-spouse,Prof-specialty,Husband,White,Male,United-States,>50K.,279914,0,2415,40
660,47,Federal-gov,HS-grad,9,Never-married,Machine-op-inspct,Own-child,Black,Male,United-States,<=50K,55377,0,0,40
661,34,Local-gov,Some-college,10,Never-married,Protective-serv,Not-in-family,White,Male,United-States,>50K,177675,0,0,50
662,29,Self-emp-not-inc,HS-grad,9,Married-civ-spouse,Craft-repair,Husband,White,Male,United-States,<=50K,96718,0,0,37
663,29,Federal-gov,Prof-school,15,Married-civ-spouse,Prof-specialty,Husband,White,Male,United-States,<=50K,208534,0,0,80
664,41,Private,Bachelors,13,Married-civ-spouse,Sales,Husband,White,Male,United-States,>50K,206948,0,0,40
665,52,Self-emp-not-inc,HS-grad,9,Married-civ-spouse,Transport-moving,Husband,White,Male,United-States,<=50K,165278,0,0,22
666,50,Self-emp-inc,Masters,14,Married-civ-spouse,Prof-specialty,Husband,White,Male,United-States,>50K,155574,7298,0,50
667,47,Private,Some-college,10,Married-civ-spouse,Exec-managerial,Husband,White,Male,United-States,>50K,280798,0,0,40
668,29,Private,HS-grad,9,Never-married,Craft-repair,Not-in-family,White,Male,Guatemala,<=50K,145592,0,0,40
669,39,Private,HS-grad,9,Married-civ-spouse,Other-service,Husband,White,Male,United-States,<=50K.,153949,0,0,30
670,29,Private,HS-grad,9,Never-married,Machine-op-inspct,Unmarried,Black,Female,United-States,<=50K.,336167,0,0,30
671,34,State-gov,HS-grad,9,Separated,Adm-clerical,Unmarried,White,Female,United-States,<=50K,355700,0,0,20
672,39,Private,HS-grad,9,Married-civ-spouse,Transport-moving,Husband,White,Male,United-States,<=50K,192614,0,0,56
673,73,Private,Bachelors,13,Married-civ-spouse,Prof-specialty,Husband,White,Male,United-States,<=50K,192740,0,0,30
674,21,Private,HS-grad,9,Never-married,Exec-managerial,Other-relative,White,Female,United-States,<=50K,123727,0,0,40
675,59,Private,Bachelors,13,Married-civ-spouse,Exec-managerial,Husband,White,Male,United-States,<=50K,169982,0,2002,50
676,36,Private,HS-grad,9,Married-civ-spouse,Craft-repair,Husband,White,Male,United-States,>50K,24106,3103,0,40
677,50,,Masters,14,Married-civ-spouse,,Husband,White,Male,United-States,>50K,123044,0,0,60
678,39,Self-emp-not-inc,HS-grad,9,Married-civ-spouse,Craft-repair,Husband,White,Male,Portugal,<=50K.,327120,0,0,40
679,23,Private,Bachelors,13,Never-married,Transport-moving,Own-child,White,Male,United-States,<=50K.,96748,0,0,40
680,31,Private,9th,5,Never-married,Craft-repair,Not-in-family,Other,Male,United-States,<=50K,237317,0,0,45
681,60,Local-gov,Masters,14,Married-civ-spouse,Exec-managerial,Husband,White,Male,United-States,>50K,165982,0,0,50
682,21,Private,11th,7,Never-married,Tech-support,Own-child,White,Female,United-States,<=50K,364685,0,0,35
683,35,Private,Bachelors,13,Married-civ-spouse,Tech-support,Husband,White,Male,United-States,<=50K.,186819,0,0,48
684,32,Private,11th,7,Never-married,Handlers-cleaners,Own-child,Black,Female,United-States,<=50K.,134679,0,0,40
685,48,Private,HS-grad,9,Separated,Machine-op-inspct,Unmarried,Black,Female,United-States,<=50K,167967,0,0,40
686,30,Private,9th,5,Never-married,Sales,Not-in-family,White,Male,United-States,<=50K,54334,0,0,40
687,75,Local-gov,HS-grad,9,Divorced,Adm-clerical,Not-in-family,White,Female,United-States,<=50K,31195,0,0,20
688,40,Private,Preschool,1,Married-spouse-absent,Adm-clerical,Own-child,White,Male,United-States,<=50K,182268,0,0,40
689,37,Private,HS-grad,9,Never-married,Sales,Not-in-family,White,Male,El-Salvador,<=50K.,222450,0,2339,40
690,70,Self-emp-inc,Some-college,10,Never-married,Exec-managerial,Not-in-family,White,Male,United-States,<=50K,207938,0,0,5
691,32,Self-emp-not-inc,Bachelors,13,Married-civ-spouse,Sales,Husband,White,Male,United-States,<=50K,420895,0,0,47
692,30,Private,Bachelors,13,Never-married,Adm-clerical,Not-in-family,White,Male,United-States,<=50K,316471,0,0,50
693,20,Private,HS-grad,9,Never-married,Craft-repair,Not-in-family,White,Male,United-States,<=50K.,200421,0,0,35
694,32,Local-gov,Some-college,10,Married-civ-spouse,Other-service,Husband,White,Male,United-States,<=50K,95530,0,0,40
695,45,,HS-grad,9,Widowed,,Unmarried,White,Female,Mexico,<=50K.,319993,0,0,40
696,28,,10th,6,Divorced,,Not-in-family,White,Male,United-States,<=50K,167094,0,0,50
697,44,Private,7th-8th,4,Married-civ-spouse,Other-service,Wife,White,Female,United-States,<=50K,159911,0,0,55
698,33,Private,HS-grad,9,Divorced,Craft-repair,Unmarried,White,Male,United-States,<=50K,223212,0,0,40
699,20,,Some-college,10,Never-married,,Not-in-family,White,Female,United-States,<=50K,145917,0,0,15
700,54,Local-gov,10th,6,Married-civ-spouse,Exec-managerial,Husband,White,Male,United-States,<=50K.,116428,0,0,40
701,34,Local-gov,Some-college,10,Divorced,Adm-clerical,Unmarried,White,Female,United-States,<=50K,101517,0,0,35
702,25,Private,11th,7,Never-married,Other-service,Unmarried,Black,Female,United-States,<=50K,262885,0,0,32
703,50,Self-emp-not-inc,HS-grad,9,Married-civ-spouse,Farming-fishing,Husband,White,Male,United-States,>50K,204402,0,0,84
704,34,Private,Some-college,10,Never-married,Adm-clerical,Own-child,White,Male,United-States,<=50K,321787,0,0,40
705,31,Private,HS-grad,9,Married-civ-spouse,Transport-moving,Husband,White,Male,United-States,<=50K,303851,0,0,50
706,28,,HS-grad,9,Never-married,,Unmarried,Black,Female,United-States,<=50K,127833,0,0,40
707,43,Private,Assoc-acdm,12,Divorced,Craft-repair,Not-in-family,White,Male,United-States,>50K,155106,0,2444,70
708,47,Private,HS-grad,9,Married-civ-spouse,Exec-managerial,Husband,White,Male,United-States,>50K.,187308,0,0,55
709,21,,Some-college,10,Never-married,,Own-child,White,Female,United-States,<=50K,134746,0,0,35
710,30,Private,HS-grad,9,Never-married,Handlers-cleaners,Unmarried,White,Female,United-States,<=50K,123397,0,0,40
711,44,Private,Some-college,10,Divorced,Adm-clerical,Unmarried,White,Female,United-States,<=50K,30126,0,0,40
712,35,Self-emp-not-inc,11th,7,Married-civ-spouse,Prof-specialty,Husband,Amer-Indian-Eskimo,Male,United-States,<=50K.,95639,0,0,4
713,57,Federal-gov,Prof-school,15,Divorced,Exec-managerial,Not-in-family,Black,Male,United-States,>50K,62020,0,0,55
714,56,Private,10th,6,Never-married,Handlers-cleaners,Not-in-family,White,Male,United-States,<=50K,219426,0,0,40
715,35,Private,Some-college,10,Never-married,Craft-repair,Own-child,White,Male,United-States,<=50K,172186,0,0,40
716,41,Local-gov,Masters,14,Married-civ-spouse,Exec-managerial,Husband,White,Male,United-States,<=50K,144995,0,0,55
717,30,Private,HS-grad,9,Never-married,Transport-moving,Not-in-family,White,Male,United-States,<=50K.,226535,4865,0,40
718,39,Self-emp-inc,Prof-school,15,Married-civ-spouse,Prof-specialty,Husband,White,Male,United-States,>50K,239755,0,1902,50
719,45,Private,Bachelors,13,Married-civ-spouse,Sales,Husband,White,Male,United-States,<=50K,112283,0,0,55
720,24,Private,HS-grad,9,Never-married,Other-service,Own-child,Black,Female,,<=50K,229553,0,0,20
721,24,Private,Some-college,10,Never-married,Other-service,Own-child,White,Female,Mexico,<=50K,211345,0,0,40
722,47,Self-emp-not-inc,HS-grad,9,Married-civ-spouse,Craft-repair,Husband,White,Male,United-States,<=50K.,149218,0,0,35
723,36,Private,9th,5,Divorced,Sales,Not-in-family,White,Female,United-States,<=50K,460437,0,0,40
724,19,Private,Some-college,10,Divorced,Other-service,Own-child,White,Female,United-States,<=50K,106306,0,0,40
725,45,Private,Masters,14,Married-civ-spouse,Exec-managerial,Husband,White,Male,United-States,>50K,216932,0,0,40
726,33,Private,11th,7,Married-civ-spouse,Craft-repair,Husband,White,Male,Mexico,<=50K.,231826,0,0,40
727,26,Private,HS-grad,9,Never-married,Craft-repair,Own-child,White,Male,United-States,<=50K,136226,0,0,40
728,58,Self-emp-not-inc,Masters,14,Married-civ-spouse,Machine-op-inspct,Husband,White,Male,United-States,>50K.,119891,0,0,35
729,33,Local-gov,Assoc-voc,11,Married-civ-spouse,Craft-repair,Husband,White,Male,United-States,<=50K.,29144,0,0,40
730,31,Private,HS-grad,9,Separated,Other-service,Unmarried,White,Female,United-States,<=50K.,141118,0,0,24
731,59,Private,7th-8th,4,Divorced,Transport-moving,Not-in-family,White,Male,United-States,<=50K,195835,0,0,40
732,40,Private,7th-8th,4,Married-civ-spouse,Craft-repair,Husband,White,Male,El-Salvador,<=50K,233130,0,0,40
733,49,Private,Bachelors,13,Divorced,Exec-managerial,Unmarried,White,Female,United-States,>50K,166809,0,0,40
734,43,Private,Bachelors,13,Married-civ-spouse,Exec-managerial,Husband,White,Male,United-States,>50K.,159549,0,1902,40
735,30,Private,Bachelors,13,Never-married,Sales,Not-in-family,White,Female,United-States,<=50K.,101345,0,0,40
736,22,Private,Some-college,10,Never-married,Tech-support,Own-child,White,Male,United-States,<=50K,48347,0,0,40
737,26,Private,HS-grad,9,Married-civ-spouse,Transport-moving,Husband,White,Male,United-States,<=50K,291968,0,0,44
738,52,Federal-gov,HS-grad,9,Married-civ-spouse,Tech-support,Husband,White,Male,United-States,<=50K.,35546,0,0,40
739,41,Private,Some-college,10,Never-married,Adm-clerical,Not-in-family,White,Female,Mexico,<=50K,211731,0,0,40
740,32,Private,Prof-school,15,Never-married,Prof-specialty,Not-in-family,White,Male,United-States,<=50K,154950,0,0,40
741,47,Private,Masters,14,Divorced,Prof-specialty,Unmarried,White,Female,United-States,>50K.,167625,0,0,40
742,48,Self-emp-not-inc,Doctorate,16,Married-civ-spouse,Prof-specialty,Husband,White,Male,United-States,>50K.,196707,99999,0,60
743,28,Private,HS-grad,9,Married-civ-spouse,Transport-moving,Husband,White,Male,United-States,<=50K,57066,0,0,40
744,72,Self-emp-inc,Some-college,10,Married-civ-spouse,Exec-managerial,Husband,White,Male,United-States,>50K,473748,0,0,25
745,68,Self-emp-inc,Assoc-voc,11,Widowed,Sales,Not-in-family,White,Female,United-States,>50K,52052,25124,0,50
746,38,Private,Some-college,10,Never-married,Other-service,Not-in-family,White,Male,United-States,<=50K,123833,0,1408,40
747,56,Private,HS-grad,9,Married-civ-spouse,Craft-repair,Husband,White,Male,United-States,<=50K,146660,0,0,60
748,47,State-gov,9th,5,Divorced,Other-service,Not-in-family,White,Female,United-States,<=50K,141483,0,0,40
749,20,,Some-college,10,Never-married,,Own-child,White,Male,United-States,<=50K,376474,0,0,32
750,51,Private,Some-college,10,Never-married,Transport-moving,Not-in-family,White,Male,United-States,<=50K.,145105,0,0,30
751,27,Private,Prof-school,15,Never-married,Prof-specialty,Own-child,White,Male,United-States,<=50K.,239130,0,0,40
752,49,Self-emp-not-inc,Bachelors,13,Married-civ-spouse,Craft-repair,Husband,White,Male,United-States,<=50K,126268,0,0,50
753,48,Private,Assoc-voc,11,Married-civ-spouse,Tech-support,Husband,White,Male,United-States,>50K,123075,0,0,40
754,35,Self-emp-not-inc,HS-grad,9,Married-civ-spouse,Farming-fishing,Husband,White,Male,Mexico,<=50K.,222450,0,0,40
755,50,Private,Some-college,10,Never-married,Prof-specialty,Not-in-family,White,Male,United-States,<=50K,110748,0,0,40
756,25,,10th,6,Never-married,,Own-child,Black,Male,United-States,<=50K,214925,0,0,40
757,56,State-gov,Bachelors,13,Married-civ-spouse,Exec-managerial,Husband,White,Male,United-States,<=50K,175057,0,0,40
758,38,Self-emp-not-inc,Bachelors,13,Married-civ-spouse,Craft-repair,Husband,White,Male,United-States,<=50K,100316,0,0,35
759,42,Private,Some-college,10,Never-married,Exec-managerial,Not-in-family,White,Male,United-States,>50K.,256813,0,0,40
760,23,,HS-grad,9,Separated,,Own-child,White,Female,United-States,<=50K,232512,0,0,40
761,26,Private,Bachelors,13,Never-married,Adm-clerical,Own-child,White,Female,Mexico,<=50K,359543,0,0,40
762,17,Private,11th,7,Never-married,Other-service,Own-child,Black,Female,United-States,<=50K,295488,0,0,25
763,55,Private,HS-grad,9,Widowed,Machine-op-inspct,Unmarried,Black,Female,United-States,<=50K,256953,0,0,44
764,50,Private,Bachelors,13,Married-civ-spouse,Craft-repair,Husband,White,Male,United-States,>50K.,174655,0,1887,40
765,25,Private,HS-grad,9,Never-married,Adm-clerical,Not-in-family,White,Female,United-States,<=50K,171114,0,0,48
766,44,Private,Some-college,10,Married-civ-spouse,Sales,Husband,White,Male,United-States,>50K.,318046,0,0,35
767,61,Private,Bachelors,13,Married-civ-spouse,Prof-specialty,Husband,White,Male,United-States,>50K.,328881,0,1902,40
768,59,Private,HS-grad,9,Never-married,Machine-op-inspct,Not-in-family,White,Male,United-States,<=50K,216851,0,0,40
769,36,Private,Assoc-voc,11,Married-civ-spouse,Tech-support,Husband,White,Male,United-States,<=50K.,294760,0,0,50
770,24,Private,Assoc-voc,11,Married-civ-spouse,Transport-moving,Husband,White,Male,United-States,<=50K,68577,0,0,40
771,24,Private,HS-grad,9,Divorced,Exec-managerial,Not-in-family,White,Female,United-States,<=50K,233419,0,0,40
772,51,Private,1st-4th,2,Married-civ-spouse,Craft-repair,Husband,White,Male,Mexico,<=50K,193374,0,0,40
773,55,State-gov,Some-college,10,Divorced,Prof-specialty,Not-in-family,Black,Female,United-States,<=50K,181641,0,0,37
774,48,Private,HS-grad,9,Married-civ-spouse,Craft-repair,Husband,White,Male,United-States,<=50K,265192,0,0,45
775,49,Self-emp-not-inc,Doctorate,16,Married-civ-spouse,Prof-specialty,Husband,White,Male,United-States,<=50K,51620,0,0,60
776,60,State-gov,Prof-school,15,Married-civ-spouse,Prof-specialty,Husband,White,Male,United-States,>50K,352156,0,0,40
777,58,Private,10th,6,Married-civ-spouse,Craft-repair,Husband,White,Male,United-States,>50K,160662,0,0,40
778,53,Private,Masters,14,Divorced,Prof-specialty,Not-in-family,White,Female,United-States,<=50K,103950,0,0,40
779,40,State-gov,Prof-school,15,Married-civ-spouse,Prof-specialty,Husband,White,Male,United-States,>50K,40024,0,0,38
780,22,Private,Some-college,10,Never-married,Sales,Not-in-family,White,Female,United-States,<=50K,190429,0,0,20
781,43,Private,Some-college,10,Married-civ-spouse,Other-service,Husband,White,Male,United-States,<=50K.,86797,0,0,40
782,42,Self-emp-inc,Prof-school,15,Married-civ-spouse,Prof-specialty,Husband,White,Male,United-States,>50K,123838,0,1977,50
783,43,Self-emp-inc,HS-grad,9,Divorced,Craft-repair,Unmarried,White,Male,United-States,<=50K,247981,5455,0,50
784,41,Private,10th,6,Married-civ-spouse,Craft-repair,Husband,White,Male,United-States,<=50K.,99679,0,0,40
785,61,Private,Bachelors,13,Married-civ-spouse,Sales,Husband,White,Male,United-States,>50K.,213700,0,0,32
786,38,Private,HS-grad,9,Married-civ-spouse,Sales,Husband,White,Male,United-States,>50K,111499,0,1977,99
787,17,Private,11th,7,Never-married,Sales,Own-child,White,Female,United-States,<=50K.,110916,0,0,10
788,23,Private,HS-grad,9,Never-married,Sales,Not-in-family,White,Female,United-States,<=50K,289982,0,0,40
789,24,Private,Bachelors,13,Never-married,Exec-managerial,Not-in-family,White,Female,United-States,<=50K,215251,0,0,50
790,41,Private,HS-grad,9,Divorced,Adm-clerical,Not-in-family,Other,Female,United-States,<=50K,332703,0,625,40
791,59,,10th,6,Divorced,,Not-in-family,White,Female,England,<=50K,87247,0,0,40
792,52,State-gov,Doctorate,16,Married-civ-spouse,Prof-specialty,Husband,White,Male,Iran,>50K,149650,0,0,40
793,45,Local-gov,HS-grad,9,Never-married,Adm-clerical,Not-in-family,White,Female,United-States,<=50K.,251786,0,0,37
794,27,Self-emp-not-inc,Bachelors,13,Never-married,Craft-repair,Own-child,White,Male,United-States,<=50K.,216178,0,0,35
795,58,Local-gov,HS-grad,9,Widowed,Other-service,Not-in-family,White,Male,United-States,<=50K.,218724,0,0,40
796,26,Self-emp-not-inc,HS-grad,9,Divorced,Farming-fishing,Unmarried,White,Male,United-States,<=50K,213258,0,0,65
797,43,State-gov,Prof-school,15,Divorced,Prof-specialty,Not-in-family,White,Male,United-States,<=50K,144811,0,0,50
798,65,Self-emp-inc,HS-grad,9,Married-civ-spouse,Sales,Husband,White,Male,United-States,<=50K.,224357,0,0,40
799,43,Private,Some-college,10,Divorced,Adm-clerical,Not-in-family,White,Male,United-States,<=50K,174575,0,0,45
800,29,Private,Some-college,10,Never-married,Craft-repair,Unmarried,White,Male,Poland,<=50K.,244246,0,0,40
801,39,Private,Bachelors,13,Married-civ-spouse,Sales,Wife,White,Female,United-States,<=50K,277886,0,0,30
802,60,,HS-grad,9,Married-civ-spouse,,Husband,White,Male,United-States,>50K,56248,0,1485,70
803,55,Local-gov,Assoc-voc,11,Separated,Prof-specialty,Unmarried,Black,Female,United-States,<=50K,123382,0,0,35
804,44,Local-gov,Some-college,10,Married-civ-spouse,Exec-managerial,Husband,White,Male,United-States,>50K,165304,0,1485,40
805,37,Private,HS-grad,9,Married-civ-spouse,Transport-moving,Husband,White,Male,United-States,<=50K.,188571,0,0,40
806,43,Private,Some-college,10,Divorced,Other-service,Not-in-family,White,Female,United-States,<=50K.,343121,0,0,30
807,39,Private,Some-college,10,Divorced,Adm-clerical,Unmarried,White,Female,United-States,<=50K.,260084,0,0,24
808,33,Self-emp-inc,HS-grad,9,Never-married,Other-service,Unmarried,Asian-Pac-Islander,Male,Vietnam,<=50K,289886,0,0,40
809,60,Private,Bachelors,13,Divorced,Prof-specialty,Not-in-family,White,Female,United-States,>50K,125019,8614,0,48
810,36,Private,HS-grad,9,Divorced,Sales,Not-in-family,White,Male,United-States,<=50K.,314373,0,0,50
811,54,Local-gov,Doctorate,16,Married-civ-spouse,Exec-managerial,Husband,White,Male,United-States,>50K,34832,0,0,60
812,59,Private,11th,7,Widowed,Transport-moving,Unmarried,White,Female,United-States,<=50K.,653215,0,0,40
813,33,Private,Some-college,10,Married-civ-spouse,Tech-support,Husband,White,Male,United-States,<=50K.,84154,0,0,20
814,38,Self-emp-not-inc,10th,6,Married-civ-spouse,Sales,Husband,White,Male,United-States,>50K,122493,0,1887,40
815,31,Self-emp-not-inc,Bachelors,13,Never-married,Tech-support,Not-in-family,White,Male,United-States,<=50K,340939,0,0,40
816,58,Private,Some-college,10,Married-civ-spouse,Prof-specialty,Husband,White,Male,United-States,<=50K,238438,0,0,42
817,46,Private,7th-8th,4,Never-married,Other-service,Own-child,White,Male,United-States,<=50K,102542,0,0,52
818,29,Private,Some-college,10,Never-married,Adm-clerical,Not-in-family,White,Female,United-States,<=50K.,226441,0,0,40
819,42,Local-gov,Assoc-acdm,12,Married-civ-spouse,Prof-specialty,Wife,Amer-Indian-Eskimo,Female,United-States,<=50K,29075,0,0,40
820,37,Federal-gov,HS-grad,9,Married-civ-spouse,Adm-clerical,Husband,White,Male,United-States,>50K,125933,0,0,40
821,38,Private,HS-grad,9,Married-civ-spouse,Craft-repair,Husband,White,Male,United-States,<=50K.,206520,0,0,40
822,29,Private,HS-grad,9,Never-married,Adm-clerical,Not-in-family,White,Female,United-States,<=50K,197618,0,0,40
823,38,Private,Some-college,10,Married-civ-spouse,Prof-specialty,Wife,White,Female,United-States,<=50K.,175665,0,0,40
824,58,Private,Assoc-voc,11,Married-civ-spouse,Craft-repair,Husband,White,Male,United-States,>50K,314092,0,1887,48
825,23,Private,11th,7,Separated,Prof-specialty,Own-child,White,Male,United-States,<=50K,164231,0,0,35
826,44,Private,HS-grad,9,Never-married,Adm-clerical,Not-in-family,White,Female,United-States,<=50K,162643,0,0,43
827,21,,Some-college,10,Never-married,,Other-relative,Asian-Pac-Islander,Male,Vietnam,<=50K,123983,0,0,10
828,37,Private,HS-grad,9,Married-civ-spouse,Transport-moving,Husband,White,Male,United-States,<=50K,193855,0,0,45
829,47,Private,Masters,14,Married-civ-spouse,Prof-specialty,Husband,White,Male,,>50K,202812,0,0,40
830,29,Private,Assoc-acdm,12,Never-married,Craft-repair,Not-in-family,White,Male,United-States,<=50K.,212895,0,0,35
831,23,Private,HS-grad,9,Never-married,Sales,Own-child,Black,Male,United-States,<=50K.,202373,0,0,20
832,23,Private,Some-college,10,Never-married,Machine-op-inspct,Own-child,White,Male,United-States,<=50K.,189194,0,0,40
833,47,Private,9th,5,Married-civ-spouse,Machine-op-inspct,Husband,Black,Male,,<=50K,209212,0,0,56
834,46,Private,Bachelors,13,Divorced,Exec-managerial,Not-in-family,White,Male,United-States,>50K.,176026,27828,0,50
835,37,Local-gov,Some-college,10,Married-civ-spouse,Transport-moving,Husband,White,Male,United-States,<=50K,327120,0,0,30
836,27,Private,HS-grad,9,Never-married,Handlers-cleaners,Own-child,White,Male,United-States,<=50K,187981,0,0,40
837,19,Private,HS-grad,9,Never-married,Sales,Own-child,White,Male,United-States,<=50K,124265,0,0,50
838,67,Local-gov,Masters,14,Never-married,Exec-managerial,Other-relative,White,Female,United-States,>50K,103315,15831,0,72
839,39,Private,HS-grad,9,Never-married,Adm-clerical,Own-child,White,Female,United-States,>50K,192251,0,0,40
840,28,Local-gov,Bachelors,13,Never-married,Adm-clerical,Not-in-family,Black,Female,United-States,<=50K,135567,4101,0,60
841,33,Private,Bachelors,13,Married-civ-spouse,Sales,Husband,White,Male,United-States,>50K.,232650,0,0,40
842,34,Private,Some-college,10,Married-civ-spouse,Craft-repair,Husband,White,Male,United-States,<=50K,157289,0,0,40
843,37,Private,HS-grad,9,Married-civ-spouse,Transport-moving,Husband,White,Male,United-States,<=50K,38948,0,0,50
844,27,Private,Bachelors,13,Never-married,Exec-managerial,Own-child,White,Female,United-States,<=50K,207611,0,0,40
845,27,Private,Some-college,10,Never-married,Adm-clerical,Unmarried,White,Female,United-States,<=50K,125298,0,0,50
846,24,Local-gov,Bachelors,13,Never-married,Prof-specialty,Not-in-family,White,Male,United-States,<=50K,32950,0,0,35
847,22,Private,HS-grad,9,Never-married,Machine-op-inspct,Not-in-family,White,Male,United-States,<=50K,324922,0,0,50
848,51,Private,Some-college,10,Married-civ-spouse,Tech-support,Wife,White,Female,United-States,>50K,205884,0,0,40
849,65,Self-emp-inc,HS-grad,9,Married-civ-spouse,Farming-fishing,Husband,White,Male,United-States,<=50K,81413,0,2352,65
850,62,Self-emp-not-inc,Bachelors,13,Married-civ-spouse,Prof-specialty,Husband,White,Male,United-States,<=50K.,162245,0,0,35
851,36,Private,Some-college,10,Never-married,Transport-moving,Not-in-family,White,Male,Puerto-Rico,<=50K.,196662,0,0,50
852,54,Private,Some-college,10,Widowed,Craft-repair,Unmarried,White,Female,United-States,<=50K,221915,0,0,50
853,55,Private,Some-college,10,Married-civ-spouse,Sales,Husband,White,Male,United-States,<=50K,247552,0,0,56
854,72,Self-emp-not-inc,Prof-school,15,Married-civ-spouse,Exec-managerial,Husband,White,Male,United-States,<=50K.,203523,0,0,10
855,55,Federal-gov,Some-college,10,Never-married,Adm-clerical,Unmarried,White,Male,United-States,<=50K,113398,0,0,40
856,33,Private,Doctorate,16,Married-civ-spouse,Prof-specialty,Husband,White,Male,United-States,>50K.,473133,15024,0,50
857,43,,HS-grad,9,Widowed,,Own-child,Black,Male,United-States,<=50K.,220445,0,0,40
858,21,,Some-college,10,Never-married,,Own-child,White,Male,United-States,<=50K,301853,0,0,40
859,63,Private,HS-grad,9,Widowed,Machine-op-inspct,Other-relative,Black,Female,Haiti,<=50K,188914,0,0,40
860,23,Private,HS-grad,9,Never-married,Priv-house-serv,Unmarried,Other,Female,Guatemala,<=50K,150463,0,0,40
861,59,Private,HS-grad,9,Married-civ-spouse,Transport-moving,Husband,White,Male,United-States,<=50K.,109567,0,0,55
862,30,Private,HS-grad,9,Married-civ-spouse,Sales,Own-child,Asian-Pac-Islander,Female,United-States,<=50K,63910,0,0,40
863,48,Private,HS-grad,9,Married-civ-spouse,Machine-op-inspct,Husband,White,Male,United-States,<=50K,174533,0,0,40
864,43,Private,HS-grad,9,Married-civ-spouse,Transport-moving,Husband,White,Male,United-States,<=50K.,177054,0,0,60
865,63,Private,HS-grad,9,Widowed,Prof-specialty,Not-in-family,White,Female,United-States,<=50K,134699,0,0,25
866,35,Private,HS-grad,9,Married-civ-spouse,Machine-op-inspct,Husband,White,Male,United-States,<=50K.,150057,4386,0,48
867,30,Private,Assoc-voc,11,Divorced,Machine-op-inspct,Not-in-family,White,Male,United-States,<=50K.,180317,0,0,40
868,49,Private,Bachelors,13,Married-civ-spouse,Exec-managerial,Husband,White,Male,United-States,>50K,177211,0,0,50
869,65,Private,HS-grad,9,Married-civ-spouse,Transport-moving,Husband,White,Male,United-States,<=50K,111095,0,0,16
870,46,Private,Bachelors,13,Married-civ-spouse,Adm-clerical,Husband,White,Male,United-States,<=50K.,36020,0,0,40
871,36,Local-gov,Some-college,10,Married-civ-spouse,Protective-serv,Husband,White,Male,United-States,>50K,171482,0,0,56
872,25,Private,Bachelors,13,Married-civ-spouse,Exec-managerial,Husband,White,Male,United-States,<=50K.,39212,0,0,40
873,56,Private,5th-6th,3,Separated,Machine-op-inspct,Not-in-family,White,Male,United-States,<=50K,301835,0,0,40
874,19,Private,HS-grad,9,Never-married,Transport-moving,Own-child,White,Male,United-States,<=50K.,111836,0,0,35
875,62,Private,Some-college,10,Widowed,Other-service,Not-in-family,White,Female,United-States,<=50K,192866,0,0,20
876,34,Private,Bachelors,13,Never-married,Sales,Not-in-family,White,Male,United-States,>50K,50276,27828,0,40
877,57,Private,HS-grad,9,Married-civ-spouse,Handlers-cleaners,Husband,White,Male,United-States,<=50K,218649,0,0,40
878,19,,Some-college,10,Never-married,,Own-child,Black,Male,United-States,<=50K,174233,0,0,24
879,30,Private,7th-8th,4,Never-married,Craft-repair,Not-in-family,White,Male,United-States,<=50K,101859,0,0,50
880,24,Private,Bachelors,13,Never-married,Sales,Not-in-family,White,Male,United-States,<=50K,216129,0,0,50
881,25,Private,Masters,14,Never-married,Other-service,Not-in-family,White,Female,United-States,<=50K,262778,0,0,37
882,38,Private,11th,7,Divorced,Sales,Unmarried,White,Female,United-States,<=50K,32897,0,0,40
883,61,Private,10th,6,Divorced,Adm-clerical,Not-in-family,White,Female,United-States,<=50K.,97030,0,0,36
884,48,Local-gov,Some-college,10,Married-civ-spouse,Protective-serv,Husband,White,Male,United-States,>50K,195949,0,0,42
885,44,State-gov,Masters,14,Divorced,Prof-specialty,Not-in-family,White,Male,United-States,<=50K.,271807,0,0,16
886,36,Federal-gov,Bachelors,13,Married-civ-spouse,Adm-clerical,Husband,White,Male,United-States,<=50K.,212465,0,0,40
887,65,Private,Bachelors,13,Married-civ-spouse,Craft-repair,Husband,White,Male,England,>50K,194456,0,0,40
888,49,Private,HS-grad,9,Married-civ-spouse,Craft-repair,Husband,Black,Male,United-States,<=50K.,90579,5013,0,50
889,19,Private,Some-college,10,Never-married,Other-service,Own-child,White,Female,United-States,<=50K.,222199,0,0,10
890,33,Federal-gov,Some-college,10,Married-civ-spouse,Exec-managerial,Wife,Black,Female,United-States,>50K,348491,0,0,40
891,39,Private,Bachelors,13,Married-civ-spouse,Prof-specialty,Wife,White,Female,United-States,>50K,146091,0,0,20
892,45,State-gov,Prof-school,15,Divorced,Prof-specialty,Unmarried,Black,Male,United-States,>50K,190406,25236,0,36
893,19,Self-emp-not-inc,Some-college,10,Never-married,Other-service,Own-child,White,Female,United-States,<=50K.,242965,0,0,24
894,44,Private,Bachelors,13,Married-civ-spouse,Prof-specialty,Husband,White,Male,United-States,>50K,151089,0,1902,50
895,30,Self-emp-not-inc,Some-college,10,Married-civ-spouse,Adm-clerical,Wife,White,Female,United-States,>50K,166961,0,0,20
896,49,Self-emp-inc,HS-grad,9,Married-civ-spouse,Adm-clerical,Wife,White,Female,United-States,>50K,158685,0,2377,40
897,42,Local-gov,HS-grad,9,Married-civ-spouse,Farming-fishing,Husband,White,Male,El-Salvador,<=50K,104334,0,0,40
898,17,Local-gov,11th,7,Never-married,Adm-clerical,Own-child,White,Female,United-States,<=50K.,140240,0,0,20
899,59,Private,10th,6,Divorced,Adm-clerical,Not-in-family,Black,Female,United-States,<=50K,143372,0,0,40
900,24,Private,HS-grad,9,Never-married,Machine-op-inspct,Other-relative,Black,Female,United-States,<=50K,151443,0,0,30
901,31,Private,HS-grad,9,Married-civ-spouse,Transport-moving,Husband,White,Male,United-States,<=50K.,103596,0,0,65
902,26,Federal-gov,Bachelors,13,Never-married,Exec-managerial,Not-in-family,White,Female,United-States,<=50K,48099,0,0,40
903,34,Private,HS-grad,9,Married-civ-spouse,Adm-clerical,Wife,White,Female,United-States,<=50K,190040,0,0,40
904,53,Private,Bachelors,13,Divorced,Craft-repair,Not-in-family,Asian-Pac-Islander,Female,Philippines,<=50K.,187492,0,0,40
905,62,Private,Bachelors,13,Married-civ-spouse,Sales,Husband,White,Male,United-States,<=50K.,119684,2829,0,28
906,50,Private,7th-8th,4,Never-married,Machine-op-inspct,Not-in-family,White,Male,United-States,<=50K.,30682,0,0,50
907,23,Private,Bachelors,13,Never-married,Prof-specialty,Not-in-family,White,Female,United-States,<=50K,330571,0,0,16
908,64,Private,Some-college,10,Widowed,Other-service,Unmarried,White,Female,United-States,<=50K,146110,0,0,24
909,60,Self-emp-not-inc,HS-grad,9,Married-civ-spouse,Other-service,Wife,Black,Female,United-States,<=50K,218085,0,0,50
910,20,,11th,7,Never-married,,Unmarried,White,Male,El-Salvador,<=50K,162667,0,0,40
911,20,Private,9th,5,Never-married,Priv-house-serv,Own-child,White,Male,Mexico,<=50K,329530,0,0,40
912,36,Private,HS-grad,9,Married-civ-spouse,Other-service,Husband,White,Male,,<=50K.,181553,0,0,40
913,53,State-gov,Masters,14,Married-civ-spouse,Exec-managerial,Husband,White,Male,United-States,>50K,197184,0,0,70
914,39,Private,Bachelors,13,Married-civ-spouse,Prof-specialty,Wife,White,Female,United-States,>50K,103925,7688,0,32
915,31,Private,HS-grad,9,Divorced,Adm-clerical,Unmarried,White,Female,United-States,<=50K,57781,0,0,50
916,34,Local-gov,11th,7,Separated,Machine-op-inspct,Not-in-family,Black,Male,United-States,<=50K,243867,0,0,40
917,33,Private,Some-college,10,Divorced,Craft-repair,Other-relative,Other,Female,United-States,<=50K,110978,0,0,40
918,29,Self-emp-not-inc,Some-college,10,Married-civ-spouse,Craft-repair,Husband,Asian-Pac-Islander,Male,South,<=50K,337505,0,0,40
919,36,Private,Some-college,10,Divorced,Adm-clerical,Unmarried,White,Female,United-States,<=50K.,104213,0,0,40
920,27,Private,Some-college,10,Separated,Sales,Not-in-family,White,Male,United-States,<=50K,106935,0,0,40
921,46,Private,Some-college,10,Married-civ-spouse,Craft-repair,Husband,White,Male,United-States,<=50K,145290,0,0,40
922,46,Private,Bachelors,13,Married-civ-spouse,Prof-specialty,Husband,White,Male,United-States,>50K,186172,3103,0,40
923,22,State-gov,Some-college,10,Never-married,Adm-clerical,Not-in-family,Other,Male,United-States,<=50K,347803,0,0,20
924,80,Self-emp-not-inc,HS-grad,9,Married-civ-spouse,Farming-fishing,Husband,White,Male,United-States,<=50K,562336,0,0,20
925,34,Private,HS-grad,9,Separated,Sales,Unmarried,White,Female,United-States,<=50K.,93699,0,0,50
926,28,Private,HS-grad,9,Never-married,Craft-repair,Other-relative,Asian-Pac-Islander,Male,China,<=50K.,173858,0,0,35
927,36,Private,HS-grad,9,Divorced,Craft-repair,Not-in-family,White,Male,United-States,<=50K,93225,0,0,40
928,65,Private,HS-grad,9,Divorced,Sales,Not-in-family,White,Female,United-States,<=50K,225580,0,0,20
929,32,State-gov,HS-grad,9,Divorced,Other-service,Not-in-family,White,Female,United-States,<=50K,104509,0,0,25
930,24,Private,Assoc-voc,11,Never-married,Tech-support,Own-child,White,Female,United-States,<=50K.,196280,0,0,38
931,55,Local-gov,Bachelors,13,Widowed,Prof-specialty,Not-in-family,White,Female,United-States,<=50K,135439,0,0,48
932,48,Private,11th,7,Never-married,Other-service,Not-in-family,White,Female,United-States,<=50K,80430,0,0,30
933,28,Private,Bachelors,13,Never-married,Prof-specialty,Not-in-family,White,Female,United-States,<=50K,264498,0,0,40
934,28,Private,HS-grad,9,Never-married,Machine-op-inspct,Own-child,White,Female,United-States,<=50K,148645,0,0,40
935,26,Private,Assoc-acdm,12,Never-married,Other-service,Not-in-family,White,Male,United-States,<=50K,433906,0,0,40
936,50,Private,Some-college,10,Divorced,Adm-clerical,Unmarried,White,Female,United-States,<=50K.,139793,3418,0,38
937,28,Private,Some-college,10,Married-civ-spouse,Exec-managerial,Husband,White,Male,United-States,>50K,132686,0,0,40
938,18,Private,11th,7,Never-married,Sales,Own-child,Other,Female,,<=50K,74054,0,0,20
939,47,State-gov,Bachelors,13,Married-civ-spouse,Prof-specialty,Wife,White,Female,United-States,<=50K.,287547,0,0,40
940,49,Private,Masters,14,Divorced,Sales,Unmarried,Other,Female,Peru,<=50K.,136358,0,0,20
941,48,Private,Some-college,10,Never-married,Sales,Not-in-family,White,Male,United-States,<=50K.,265295,0,0,70
942,49,Federal-gov,HS-grad,9,Married-civ-spouse,Craft-repair,Husband,White,Male,United-States,>50K,179869,0,0,40
943,33,Self-emp-not-inc,HS-grad,9,Married-civ-spouse,Sales,Husband,White,Male,United-States,<=50K,131568,0,0,66
944,50,Private,HS-grad,9,Married-civ-spouse,Craft-repair,Husband,White,Male,United-States,<=50K,177896,0,0,50
945,49,State-gov,Masters,14,Divorced,Prof-specialty,Unmarried,Black,Female,United-States,>50K,185800,7430,0,40
946,17,,9th,5,Never-married,,Own-child,White,Female,Mexico,<=50K,275778,0,0,25
947,33,,7th-8th,4,Never-married,,Not-in-family,White,Female,United-States,<=50K.,177733,0,0,30
948,17,Private,5th-6th,3,Never-married,Other-service,Not-in-family,White,Male,United-States,<=50K.,147411,0,0,30
949,47,Private,HS-grad,9,Married-civ-spouse,Machine-op-inspct,Husband,White,Male,United-States,<=50K,187563,0,0,40
950,36,Private,HS-grad,9,Divorced,Prof-specialty,Own-child,White,Female,United-States,>50K,214378,0,0,40
951,30,State-gov,Bachelors,13,Never-married,Prof-specialty,Other-relative,White,Male,United-States,<=50K,193380,0,0,35
952,43,State-gov,HS-grad,9,Married-spouse-absent,Exec-managerial,Unmarried,White,Female,United-States,<=50K,308498,0,0,40
953,21,Private,Some-college,10,Never-married,Tech-support,Own-child,White,Female,Ecuador,<=50K,221480,0,0,25
954,47,Private,Some-college,10,Married-civ-spouse,Exec-managerial,Husband,White,Male,United-States,>50K.,257824,0,0,45
955,56,Private,10th,6,Married-civ-spouse,Other-service,Husband,White,Male,Cuba,>50K,195668,0,0,35
956,33,Private,Bachelors,13,Never-married,Prof-specialty,Unmarried,White,Male,United-States,<=50K.,93283,0,0,40
957,38,Private,Bachelors,13,Divorced,Prof-specialty,Unmarried,Black,Female,United-States,>50K,139180,15020,0,45
958,48,Self-emp-not-inc,Some-college,10,Married-civ-spouse,Prof-specialty,Husband,White,Male,United-States,<=50K.,90042,0,0,49
959,60,Private,HS-grad,9,Divorced,Adm-clerical,Not-in-family,White,Female,United-States,<=50K.,495366,0,0,38
960,47,Private,HS-grad,9,Married-civ-spouse,Machine-op-inspct,Wife,Black,Female,United-States,>50K,211668,0,0,40
961,28,Private,Assoc-voc,11,Married-civ-spouse,Craft-repair,Husband,White,Male,United-States,>50K.,142764,7688,0,45
962,32,Private,Assoc-voc,11,Divorced,Other-service,Unmarried,White,Female,United-States,<=50K,185480,0,0,40
963,31,Private,HS-grad,9,Never-married,Adm-clerical,Own-child,White,Male,United-States,<=50K.,112115,0,0,40
964,20,Private,9th,5,Married-civ-spouse,Machine-op-inspct,Husband,White,Male,United-States,<=50K,95918,0,0,40
965,21,Private,HS-grad,9,Never-married,Other-service,Own-child,White,Female,United-States,<=50K,141453,0,0,40
966,42,Private,HS-grad,9,Married-civ-spouse,Exec-managerial,Wife,White,Female,United-States,<=50K,76280,0,0,40
967,18,,HS-grad,9,Never-married,,Own-child,White,Male,United-States,<=50K,216508,0,0,30
968,50,Federal-gov,Some-college,10,Married-civ-spouse,Adm-clerical,Husband,White,Male,United-States,>50K.,289572,0,0,40
969,70,,Some-college,10,Widowed,,Not-in-family,White,Female,United-States,<=50K,92593,0,0,25
970,22,Private,12th,8,Never-married,Transport-moving,Unmarried,White,Male,United-States,<=50K,64520,0,0,30
971,23,Private,HS-grad,9,Never-married,Sales,Own-child,Asian-Pac-Islander,Male,South,<=50K,128604,0,0,48
972,37,Private,Bachelors,13,Married-civ-spouse,Prof-specialty,Husband,Black,Male,United-States,>50K.,123361,0,0,50
973,35,Self-emp-inc,Masters,14,Married-civ-spouse,Sales,Husband,White,Male,Mexico,>50K,289430,0,0,45
974,37,Self-emp-inc,Prof-school,15,Married-civ-spouse,Prof-specialty,Husband,White,Male,United-States,>50K.,199816,0,0,50
975,44,Self-emp-inc,Some-college,10,Divorced,Other-service,Unmarried,White,Male,United-States,<=50K,49249,0,0,80
976,80,,HS-grad,9,Widowed,,Not-in-family,White,Male,United-States,<=50K,107762,0,0,24
977,47,Federal-gov,Bachelors,13,Never-married,Adm-clerical,Unmarried,Black,Male,United-States,>50K,55377,0,0,40
978,51,Self-emp-inc,Bachelors,13,Married-civ-spouse,Exec-managerial,Wife,Asian-Pac-Islander,Female,Taiwan,<=50K,166386,0,0,35
979,22,Private,1st-4th,2,Never-married,Machine-op-inspct,Not-in-family,White,Male,Mexico,<=50K,238917,0,0,24
980,49,Self-emp-not-inc,HS-grad,9,Married-civ-spouse,Craft-repair,Husband,White,Male,United-States,<=50K,233059,0,0,60
981,31,Private,7th-8th,4,Never-married,Handlers-cleaners,Other-relative,White,Male,United-States,<=50K,369825,0,0,25
982,47,Private,Assoc-voc,11,Never-married,Other-service,Not-in-family,White,Female,United-States,<=50K,27624,0,0,55
983,35,Self-emp-not-inc,HS-grad,9,Never-married,Other-service,Unmarried,White,Female,United-States,<=50K.,90406,0,0,60
984,45,State-gov,Masters,14,Never-married,Exec-managerial,Not-in-family,White,Female,United-States,>50K.,86618,0,0,50
985,28,,HS-grad,9,Married-civ-spouse,,Wife,White,Female,Honduras,<=50K,308493,0,0,17
986,38,Private,Some-college,10,Divorced,Exec-managerial,Not-in-family,White,Female,United-States,<=50K.,24126,0,0,40
987,55,Private,HS-grad,9,Separated,Adm-clerical,Not-in-family,White,Female,United-States,>50K.,256796,0,0,40
988,46,Private,HS-grad,9,Never-married,Craft-repair,Not-in-family,White,Female,United-States,<=50K,24728,0,0,48
989,39,Private,HS-grad,9,Separated,Machine-op-inspct,Not-in-family,Black,Male,United-States,<=50K,339442,2176,0,40
990,39,Private,Masters,14,Never-married,Other-service,Not-in-family,White,Female,United-States,<=50K,65738,0,0,32
991,66,,Some-college,10,Married-civ-spouse,,Husband,White,Male,United-States,<=50K,299616,0,0,40
992,18,Private,Some-college,10,Never-married,Handlers-cleaners,Own-child,White,Male,United-States,<=50K,214617,0,0,30
993,22,Private,Bachelors,13,Never-married,Exec-managerial,Other-relative,White,Female,United-States,<=50K,203182,0,0,20
994,49,Self-emp-not-inc,Bachelors,13,Never-married,Exec-managerial,Own-child,White,Female,United-States,<=50K,232664,0,0,40
995,22,Private,Masters,14,Never-married,Sales,Other-relative,White,Female,United-States,<=50K.,61850,0,0,21
996,26,Private,Some-college,10,Divorced,Adm-clerical,Own-child,White,Female,United-States,<=50K.,143062,0,0,40
997,43,Private,Bachelors,13,Married-civ-spouse,Sales,Husband,White,Male,United-States,>50K,125461,0,1902,55
998,26,Private,HS-grad,9,Never-married,Other-service,Own-child,Black,Female,United-States,<=50K,343506,0,0,40
999,34,Private,Some-college,10,Separated,Craft-repair,Not-in-family,White,Male,United-States,<=50K,265807,0,0,45
1000,37,Private,Doctorate,16,Married-civ-spouse,Prof-specialty,Husband,White,Male,France,>50K,51264,0,0,99
1001,60,Self-emp-not-inc,Bachelors,13,Married-civ-spouse,Exec-managerial,Husband,White,Male,United-States,>50K,282066,0,1977,45
1002,45,Private,11th,7,Separated,Tech-support,Unmarried,White,Female,Puerto-Rico,<=50K.,128141,0,0,40
1003,46,Private,Some-college,10,Married-civ-spouse,Tech-support,Husband,White,Male,United-States,>50K,53893,0,0,40
1004,52,Self-emp-not-inc,Assoc-acdm,12,Divorced,Sales,Unmarried,White,Male,United-States,<=50K.,106728,0,0,40
1005,22,Private,10th,6,Never-married,Machine-op-inspct,Unmarried,White,Male,United-States,<=50K,219042,0,0,40
1006,27,Private,Bachelors,13,Never-married,Sales,Not-in-family,White,Male,United-States,>50K,279580,10520,0,45
1007,34,Local-gov,Bachelors,13,Married-civ-spouse,Prof-specialty,Husband,White,Male,United-States,<=50K,105540,0,2051,40
1008,53,Private,HS-grad,9,Divorced,Craft-repair,Not-in-family,White,Male,United-States,<=50K.,309466,0,0,40
1009,28,Private,HS-grad,9,Never-married,Craft-repair,Own-child,White,Male,United-States,<=50K,210765,0,0,40
1010,24,Private,Bachelors,13,Never-married,Sales,Not-in-family,White,Female,United-States,<=50K,72143,0,0,20
1011,36,Private,Assoc-voc,11,Divorced,Prof-specialty,Not-in-family,White,Male,United-States,>50K,211022,0,0,40
1012,20,Private,HS-grad,9,Never-married,Prof-specialty,Other-relative,White,Female,United-States,<=50K,374116,0,0,40
1013,45,Self-emp-not-inc,Bachelors,13,Married-civ-spouse,Craft-repair,Husband,White,Male,United-States,<=50K,271828,0,0,20
1014,46,Private,HS-grad,9,Married-civ-spouse,Sales,Wife,White,Female,United-States,>50K,142828,0,0,40
1015,41,Self-emp-not-inc,HS-grad,9,Married-civ-spouse,Exec-managerial,Husband,White,Male,United-States,<=50K,443508,0,0,50
1016,39,Private,Masters,14,Married-civ-spouse,Prof-specialty,Husband,White,Male,United-States,>50K,198841,7688,0,45
1017,41,Private,12th,8,Married-civ-spouse,Protective-serv,Husband,Black,Male,,<=50K,203943,0,0,40
1018,40,Private,HS-grad,9,Never-married,Farming-fishing,Not-in-family,White,Male,United-States,<=50K,287079,0,0,55
1019,66,Self-emp-inc,HS-grad,9,Married-civ-spouse,Adm-clerical,Wife,White,Female,United-States,>50K,220543,0,0,40
1020,24,Private,Some-college,10,Never-married,Prof-specialty,Not-in-family,Black,Male,United-States,<=50K,382146,0,0,40
1021,29,Private,Masters,14,Never-married,Exec-managerial,Not-in-family,Black,Male,United-States,<=50K,214925,0,0,60
1022,37,Federal-gov,Some-college,10,Married-civ-spouse,Adm-clerical,Husband,White,Male,United-States,>50K,93225,7688,0,40
1023,28,Private,Some-college,10,Married-civ-spouse,Machine-op-inspct,Husband,White,Male,United-States,>50K.,202182,0,0,40
1024,42,Private,HS-grad,9,Married-civ-spouse,Exec-managerial,Husband,White,Male,United-States,>50K.,171615,0,0,55
1025,50,Private,HS-grad,9,Married-spouse-absent,Exec-managerial,Unmarried,White,Female,United-States,<=50K,240612,0,0,10
1026,54,Self-emp-not-inc,HS-grad,9,Married-civ-spouse,Exec-managerial,Husband,Asian-Pac-Islander,Male,,<=50K,121761,0,0,50
1027,47,Self-emp-not-inc,HS-grad,9,Married-civ-spouse,Farming-fishing,Husband,White,Male,United-States,<=50K,88500,0,0,35
1028,27,Private,Assoc-voc,11,Married-civ-spouse,Craft-repair,Husband,White,Male,United-States,<=50K.,134890,0,0,40
1029,43,Private,HS-grad,9,Married-civ-spouse,Handlers-cleaners,Husband,White,Male,United-States,<=50K.,42026,0,0,40
1030,54,Private,Some-college,10,Married-civ-spouse,Adm-clerical,Husband,White,Male,United-States,<=50K,227832,0,0,40
1031,43,Private,HS-grad,9,Divorced,Exec-managerial,Not-in-family,White,Female,United-States,<=50K,191149,0,0,40
1032,24,Private,HS-grad,9,Divorced,Sales,Not-in-family,White,Female,United-States,<=50K.,166827,0,0,30
1033,40,Self-emp-not-inc,Some-college,10,Married-civ-spouse,Farming-fishing,Husband,White,Male,United-States,<=50K.,194924,0,0,60
1034,40,Self-emp-not-inc,Assoc-acdm,12,Married-civ-spouse,Farming-fishing,Husband,White,Male,United-States,>50K,170866,0,0,50
1035,26,Private,Some-college,10,Never-married,Other-service,Not-in-family,White,Female,United-States,<=50K,63577,0,0,30
1036,39,Private,HS-grad,9,Divorced,Sales,Not-in-family,White,Female,United-States,>50K,148903,4687,0,50
1037,21,Private,Some-college,10,Never-married,Exec-managerial,Other-relative,White,Female,United-States,<=50K.,311376,0,0,40
1038,52,Private,HS-grad,9,Separated,Priv-house-serv,Not-in-family,White,Female,United-States,<=50K,189728,0,0,50
1039,48,Private,HS-grad,9,Married-civ-spouse,Adm-clerical,Wife,White,Female,Germany,>50K,73434,0,0,40
1040,44,Private,Prof-school,15,Married-civ-spouse,Prof-specialty,Husband,White,Male,United-States,>50K,307468,0,0,29
1041,54,Self-emp-inc,7th-8th,4,Married-civ-spouse,Transport-moving,Husband,White,Male,United-States,<=50K.,52565,0,0,70
1042,39,Private,HS-grad,9,Married-civ-spouse,Craft-repair,Husband,White,Male,United-States,>50K.,101192,0,0,40
1043,22,State-gov,Some-college,10,Never-married,Prof-specialty,Not-in-family,White,Female,United-States,<=50K.,203518,0,0,16
1044,36,Private,Bachelors,13,Divorced,Adm-clerical,Not-in-family,White,Male,United-States,>50K,166549,0,0,55
1045,43,Private,12th,8,Married-civ-spouse,Transport-moving,Husband,White,Male,United-States,<=50K,51506,0,0,40
1046,44,Self-emp-inc,Some-college,10,Married-civ-spouse,Exec-managerial,Husband,White,Male,United-States,<=50K.,226027,0,0,60
1047,45,Private,HS-grad,9,Divorced,Adm-clerical,Unmarried,White,Female,United-States,<=50K,177543,0,0,28
1048,41,Self-emp-not-inc,Prof-school,15,Married-civ-spouse,Prof-specialty,Husband,White,Male,United-States,>50K.,230961,0,0,45
1049,55,Self-emp-inc,Bachelors,13,Married-civ-spouse,Exec-managerial,Husband,White,Male,United-States,>50K,298449,0,2415,50
1050,39,Private,Some-college,10,Married-civ-spouse,Exec-managerial,Husband,White,Male,United-States,>50K,132879,0,0,50
1051,28,Private,HS-grad,9,Divorced,Craft-repair,Unmarried,White,Male,,<=50K.,217545,0,0,40
1052,35,Private,HS-grad,9,Never-married,Craft-repair,Not-in-family,White,Female,United-States,<=50K.,194490,0,0,40
1053,44,Private,Assoc-voc,11,Married-civ-spouse,Craft-repair,Husband,Black,Male,United-States,<=50K,128485,0,0,40
1054,36,Private,HS-grad,9,Married-civ-spouse,Sales,Husband,White,Male,United-States,<=50K,185360,0,0,60
1055,21,Private,10th,6,Never-married,Craft-repair,Own-child,White,Male,United-States,<=50K.,321369,0,0,40
1056,57,Private,Assoc-acdm,12,Widowed,Adm-clerical,Other-relative,White,Female,United-States,<=50K.,201159,0,0,40
1057,24,Private,Bachelors,13,Never-married,Tech-support,Own-child,White,Male,United-States,<=50K,99970,0,0,40
1058,31,Local-gov,HS-grad,9,Married-civ-spouse,Protective-serv,Husband,White,Male,United-States,>50K.,164243,0,0,55
1059,21,Private,HS-grad,9,Never-married,Other-service,Not-in-family,White,Male,United-States,<=50K.,157595,0,0,35
1060,33,Self-emp-not-inc,HS-grad,9,Married-civ-spouse,Craft-repair,Husband,Black,Male,United-States,<=50K.,196480,0,0,40
1061,46,Private,7th-8th,4,Divorced,Other-service,Not-in-family,White,Female,United-States,<=50K.,102852,0,0,40
1062,37,Local-gov,HS-grad,9,Never-married,Adm-clerical,Own-child,White,Female,United-States,<=50K.,136749,0,0,35
1063,62,Local-gov,HS-grad,9,Married-civ-spouse,Transport-moving,Husband,White,Male,United-States,<=50K,114060,0,0,40
1064,46,Private,HS-grad,9,Divorced,Sales,Other-relative,White,Female,United-States,<=50K,62793,0,0,40
1065,49,State-gov,HS-grad,9,Divorced,Exec-managerial,Unmarried,White,Female,United-States,<=50K,154493,0,0,44
1066,38,Private,HS-grad,9,Married-civ-spouse,Machine-op-inspct,Husband,White,Male,United-States,>50K,283122,0,0,40
1067,21,Private,HS-grad,9,Never-married,Other-service,Own-child,White,Male,United-States,<=50K,205838,0,0,37
1068,20,Private,Some-college,10,Never-married,Handlers-cleaners,Own-child,White,Male,United-States,<=50K,306639,0,0,20
1069,25,Private,Bachelors,13,Never-married,Sales,Not-in-family,White,Female,United-States,<=50K,259300,0,0,16
1070,64,Self-emp-not-inc,Doctorate,16,Married-civ-spouse,Prof-specialty,Husband,White,Male,,>50K.,71807,15024,0,50
1071,48,Private,HS-grad,9,Divorced,Exec-managerial,Unmarried,White,Female,United-States,<=50K,316101,0,0,40
1072,18,Private,10th,6,Never-married,Sales,Own-child,White,Female,United-States,<=50K,401051,0,0,35
1073,46,Local-gov,Some-college,10,Married-civ-spouse,Adm-clerical,Wife,White,Female,United-States,>50K.,132994,7688,0,40
1074,26,Private,Bachelors,13,Never-married,Adm-clerical,Not-in-family,White,Female,United-States,<=50K,58065,0,0,20
1075,52,Local-gov,Masters,14,Divorced,Exec-managerial,Not-in-family,White,Female,United-States,>50K,194788,4787,0,60
1076,37,Private,Bachelors,13,Never-married,Machine-op-inspct,Other-relative,White,Male,United-States,<=50K.,301614,0,0,40
1077,29,Private,Assoc-voc,11,Never-married,Tech-support,Own-child,White,Male,United-States,<=50K,154411,0,0,40
1078,36,Private,9th,5,Married-civ-spouse,Transport-moving,Husband,White,Male,United-States,<=50K,188834,0,0,50
1079,40,Private,Prof-school,15,Married-civ-spouse,Prof-specialty,Husband,White,Male,United-States,>50K,188291,0,0,40
1080,37,Private,Preschool,1,Married-civ-spouse,Farming-fishing,Husband,White,Male,Mexico,<=50K.,216845,0,0,40
1081,44,Local-gov,Bachelors,13,Married-civ-spouse,Adm-clerical,Husband,White,Male,United-States,<=50K.,184105,5013,0,40
1082,55,Private,Doctorate,16,Married-civ-spouse,Prof-specialty,Husband,White,Male,United-States,>50K,104724,0,0,40
1083,42,Private,Some-college,10,Divorced,Adm-clerical,Unmarried,White,Female,United-States,<=50K.,167357,0,213,40
1084,18,Self-emp-not-inc,HS-grad,9,Never-married,Farming-fishing,Own-child,White,Male,United-States,<=50K,212207,0,0,11
1085,46,Private,HS-grad,9,Divorced,Adm-clerical,Not-in-family,White,Male,Puerto-Rico,<=50K.,174928,0,0,40
1086,57,Private,Masters,14,Married-civ-spouse,Prof-specialty,Husband,White,Male,United-States,>50K,49893,0,0,60
1087,26,Private,HS-grad,9,Married-civ-spouse,Craft-repair,Husband,White,Male,United-States,<=50K,118497,0,0,60
1088,61,Private,Prof-school,15,Married-civ-spouse,Exec-managerial,Husband,White,Male,United-States,<=50K,147393,0,0,20
1089,35,Private,HS-grad,9,Married-civ-spouse,Farming-fishing,Husband,White,Male,United-States,<=50K.,198841,0,0,40
1090,23,Private,HS-grad,9,Never-married,Craft-repair,Unmarried,White,Male,Outlying-US(Guam-USVI-etc),<=50K,217961,0,0,45
1091,22,,Some-college,10,Never-married,,Own-child,Asian-Pac-Islander,Female,South,<=50K,148955,0,0,15
1092,34,Private,Bachelors,13,Married-civ-spouse,Farming-fishing,Husband,White,Male,United-States,>50K,27380,0,0,50
1093,28,Private,Bachelors,13,Married-civ-spouse,Adm-clerical,Husband,White,Male,,>50K,213152,0,0,40
1094,32,State-gov,Some-college,10,Divorced,Prof-specialty,Other-relative,White,Female,United-States,<=50K.,189838,0,0,40
1095,46,Private,HS-grad,9,Divorced,Sales,Not-in-family,White,Female,United-States,<=50K.,45857,0,0,33
1096,56,Private,HS-grad,9,Never-married,Other-service,Not-in-family,Black,Female,United-States,<=50K,134756,0,0,40
1097,22,Private,Some-college,10,Never-married,Adm-clerical,Unmarried,White,Female,United-States,<=50K,105043,0,0,40
1098,27,Local-gov,HS-grad,9,Married-civ-spouse,Tech-support,Husband,White,Male,United-States,>50K.,157449,0,0,50
1099,27,Local-gov,HS-grad,9,Divorced,Adm-clerical,Not-in-family,Amer-Indian-Eskimo,Female,United-States,<=50K.,67187,0,0,33
1100,43,,Assoc-acdm,12,Divorced,,Not-in-family,White,Female,United-States,<=50K,35523,0,0,35
1101,25,Private,Bachelors,13,Never-married,Exec-managerial,Not-in-family,White,Female,United-States,<=50K.,192302,0,0,60
1102,17,Private,11th,7,Never-married,Other-service,Own-child,Black,Male,United-States,<=50K,142457,0,0,20
1103,24,Private,Assoc-voc,11,Never-married,Adm-clerical,Own-child,Asian-Pac-Islander,Female,Philippines,<=50K,289448,0,0,40
1104,41,Self-emp-inc,HS-grad,9,Married-civ-spouse,Sales,Husband,White,Male,United-States,<=50K,32016,0,0,62
1105,30,Private,HS-grad,9,Never-married,Machine-op-inspct,Not-in-family,White,Male,United-States,<=50K,302438,0,0,40
1106,32,Private,Masters,14,Married-civ-spouse,Exec-managerial,Husband,White,Male,United-States,>50K,348152,0,0,40
1107,40,Private,HS-grad,9,Married-civ-spouse,Transport-moving,Husband,White,Male,United-States,>50K,170214,0,0,40
1108,36,Local-gov,Masters,14,Married-civ-spouse,Prof-specialty,Wife,White,Female,United-States,>50K,196529,0,0,40
1109,56,Private,HS-grad,9,Married-civ-spouse,Adm-clerical,Husband,White,Male,,<=50K,203580,0,0,35
1110,28,Private,Assoc-voc,11,Married-civ-spouse,Adm-clerical,Husband,White,Male,United-States,<=50K,38309,2407,0,40
1111,18,Private,7th-8th,4,Never-married,Other-service,Own-child,Black,Male,United-States,<=50K.,328937,0,0,20
1112,65,Private,HS-grad,9,Married-civ-spouse,Machine-op-inspct,Husband,White,Male,United-States,>50K.,184454,6418,0,40
1113,58,Private,1st-4th,2,Married-civ-spouse,Other-service,Husband,White,Male,Cuba,<=50K.,236731,0,0,40
1114,31,Private,HS-grad,9,Married-civ-spouse,Farming-fishing,Husband,White,Male,United-States,<=50K,109055,3137,0,45
1115,43,Private,HS-grad,9,Married-civ-spouse,Machine-op-inspct,Husband,White,Male,United-States,<=50K,248094,0,0,40
1116,17,,10th,6,Never-married,,Own-child,White,Male,United-States,<=50K,89870,0,0,40
1117,32,Private,HS-grad,9,Never-married,Other-service,Unmarried,Black,Female,United-States,<=50K,172415,0,0,40
1118,25,Private,HS-grad,9,Married-spouse-absent,Transport-moving,Not-in-family,White,Male,United-States,<=50K.,36023,0,0,55
1119,65,Private,HS-grad,9,Married-civ-spouse,Craft-repair,Husband,White,Male,Greece,<=50K,192133,2290,0,40
1120,38,Local-gov,Bachelors,13,Married-civ-spouse,Protective-serv,Husband,Asian-Pac-Islander,Male,Philippines,>50K,169104,0,0,40
1121,48,Private,10th,6,Separated,Machine-op-inspct,Own-child,White,Female,United-States,<=50K,139290,0,0,48
1122,70,Local-gov,HS-grad,9,Widowed,Adm-clerical,Not-in-family,White,Female,United-States,<=50K,334666,0,0,12
1123,62,Self-emp-not-inc,HS-grad,9,Never-married,Other-service,Unmarried,White,Female,United-States,<=50K,158712,0,0,6
1124,41,Federal-gov,Some-college,10,Married-civ-spouse,Exec-managerial,Husband,Black,Male,United-States,>50K,371382,0,0,40
1125,37,Private,HS-grad,9,Never-married,Transport-moving,Not-in-family,Black,Male,United-States,<=50K,259284,0,0,50
1126,56,Private,HS-grad,9,Married-civ-spouse,Craft-repair,Husband,White,Male,United-States,>50K,314727,0,0,35
1127,37,Self-emp-not-inc,Assoc-acdm,12,Married-civ-spouse,Farming-fishing,Husband,White,Male,United-States,<=50K,154641,2105,0,50
1128,21,Private,Some-college,10,Never-married,Other-service,Own-child,White,Female,Germany,<=50K,31606,0,0,25
1129,50,Private,Bachelors,13,Divorced,Prof-specialty,Not-in-family,White,Male,United-States,>50K,94885,0,0,45
1130,40,Private,7th-8th,4,Never-married,Other-service,Not-in-family,White,Male,United-States,<=50K.,245073,0,0,20
1131,47,State-gov,Masters,14,Separated,Prof-specialty,Not-in-family,White,Male,United-States,<=50K,188386,0,0,38
1132,61,Private,HS-grad,9,Married-civ-spouse,Craft-repair,Husband,White,Male,United-States,<=50K,51170,0,0,55
1133,42,Self-emp-not-inc,HS-grad,9,Married-civ-spouse,Sales,Husband,White,Male,United-States,<=50K.,34722,0,0,60
1134,32,Private,HS-grad,9,Never-married,Farming-fishing,Own-child,White,Male,United-States,<=50K,248584,0,0,40
1135,23,Private,10th,6,Never-married,Handlers-cleaners,Not-in-family,White,Male,United-States,<=50K,293565,0,0,40
1136,72,,Some-college,10,Widowed,,Unmarried,Asian-Pac-Islander,Female,United-States,<=50K,75890,0,0,4
1137,55,Private,Masters,14,Married-civ-spouse,Prof-specialty,Husband,White,Male,United-States,>50K.,70439,0,0,25
1138,57,Private,Some-college,10,Never-married,Adm-clerical,Other-relative,Black,Female,Jamaica,<=50K,185072,0,0,40
1139,52,Federal-gov,Some-college,10,Married-civ-spouse,Adm-clerical,Husband,White,Male,United-States,>50K.,197189,0,0,44
1140,42,Private,9th,5,Divorced,Other-service,Unmarried,White,Female,United-States,<=50K.,270710,0,0,40
1141,32,Private,Bachelors,13,Never-married,Exec-managerial,Not-in-family,White,Female,United-States,<=50K,362259,0,0,40
1142,31,Private,Some-college,10,Never-married,Adm-clerical,Not-in-family,White,Female,Puerto-Rico,<=50K.,177596,0,0,40
1143,64,Self-emp-inc,HS-grad,9,Married-civ-spouse,Adm-clerical,Wife,White,Female,,>50K,132832,20051,0,40
1144,49,Private,Bachelors,13,Married-civ-spouse,Adm-clerical,Wife,White,Female,United-States,>50K,160647,0,0,40
1145,24,Private,HS-grad,9,Married-civ-spouse,Craft-repair,Husband,White,Male,United-States,<=50K,403671,0,0,60
1146,59,Private,HS-grad,9,Married-civ-spouse,Craft-repair,Husband,White,Male,United-States,>50K,193335,0,0,40
1147,30,Private,Masters,14,Married-civ-spouse,Prof-specialty,Husband,White,Male,United-States,>50K.,226296,0,0,40
1148,38,Private,Assoc-voc,11,Divorced,Adm-clerical,Unmarried,Black,Female,United-States,<=50K,96330,0,0,40
1149,58,Private,Bachelors,13,Divorced,Prof-specialty,Not-in-family,White,Female,United-States,<=50K,142326,0,0,50
1150,37,Federal-gov,HS-grad,9,Married-civ-spouse,Adm-clerical,Husband,White,Male,United-States,>50K,289653,0,0,50
1151,58,Private,Some-college,10,Married-civ-spouse,Protective-serv,Husband,White,Male,United-States,>50K,100313,0,1902,40
1152,22,Private,Some-college,10,Married-civ-spouse,Tech-support,Wife,White,Female,United-States,<=50K.,366139,0,0,40
1153,23,Private,HS-grad,9,Never-married,Transport-moving,Own-child,Black,Male,United-States,<=50K.,298623,0,0,40
1154,46,Private,Some-college,10,Divorced,Adm-clerical,Not-in-family,White,Female,United-States,<=50K,166546,0,0,24
1155,20,Private,Some-college,10,Never-married,Sales,Not-in-family,White,Female,United-States,<=50K,64292,0,0,50
1156,45,Private,HS-grad,9,Married-civ-spouse,Exec-managerial,Husband,White,Male,United-States,>50K,368561,0,0,55
1157,23,Private,Bachelors,13,Never-married,Other-service,Not-in-family,White,Female,United-States,<=50K.,117363,0,0,35
1158,25,Local-gov,HS-grad,9,Never-married,Craft-repair,Own-child,White,Male,United-States,<=50K,182380,0,0,40
1159,38,Private,HS-grad,9,Never-married,Craft-repair,Not-in-family,White,Male,United-States,<=50K,60313,0,0,40
1160,25,State-gov,Some-college,10,Married-civ-spouse,Adm-clerical,Husband,Black,Male,United-States,<=50K,257064,0,0,38
1161,38,Private,Masters,14,Married-civ-spouse,Exec-managerial,Husband,White,Male,United-States,>50K.,455379,0,0,60
1162,30,Private,9th,5,Divorced,Other-service,Unmarried,White,Female,United-States,<=50K.,351770,0,0,38
1163,51,Local-gov,Some-college,10,Widowed,Other-service,Unmarried,White,Female,United-States,<=50K.,250054,0,0,40
1164,44,Private,Assoc-acdm,12,Married-civ-spouse,Sales,Husband,White,Male,United-States,<=50K.,238188,0,0,40
1165,28,Self-emp-not-inc,11th,7,Never-married,Craft-repair,Not-in-family,White,Male,Mexico,<=50K,211032,0,0,40
1166,43,,Assoc-voc,11,Widowed,,Not-in-family,White,Female,United-States,<=50K,152569,0,2339,36
1167,32,Private,12th,8,Divorced,Protective-serv,Own-child,White,Male,Mexico,<=50K,236543,0,0,54
1168,55,Private,HS-grad,9,Married-civ-spouse,Transport-moving,Husband,White,Male,United-States,<=50K,204751,0,0,65
1169,48,Private,10th,6,Married-civ-spouse,Farming-fishing,Husband,Black,Male,United-States,<=50K,165267,0,0,40
1170,22,Private,HS-grad,9,Never-married,Adm-clerical,Own-child,White,Female,United-States,<=50K.,120320,0,0,40
1171,20,Private,Some-college,10,Never-married,Other-service,Other-relative,White,Female,United-States,<=50K,168187,4416,0,25
1172,43,Private,Some-college,10,Divorced,Prof-specialty,Not-in-family,White,Male,United-States,<=50K,102895,0,0,40
1173,45,Private,Masters,14,Divorced,Prof-specialty,Not-in-family,White,Male,United-States,>50K.,30840,27828,0,50
1174,58,Private,Assoc-acdm,12,Married-civ-spouse,Exec-managerial,Husband,White,Male,United-States,>50K,280309,5178,0,60
1175,53,Private,10th,6,Married-civ-spouse,Craft-repair,Husband,White,Male,United-States,<=50K.,104258,0,0,40
1176,58,Self-emp-inc,HS-grad,9,Married-civ-spouse,Sales,Husband,White,Male,United-States,>50K,174864,0,0,55
1177,41,Private,Bachelors,13,Never-married,Prof-specialty,Not-in-family,White,Male,United-States,>50K,350387,0,0,40
1178,20,Private,Some-college,10,Never-married,Machine-op-inspct,Own-child,White,Male,United-States,<=50K,262749,0,0,40
1179,19,Private,HS-grad,9,Never-married,Other-service,Unmarried,White,Female,United-States,<=50K.,378418,0,0,30
1180,71,Private,5th-6th,3,Married-civ-spouse,Exec-managerial,Husband,White,Male,United-States,<=50K.,99549,0,0,40
1181,59,Private,HS-grad,9,Married-spouse-absent,Priv-house-serv,Not-in-family,White,Female,Poland,<=50K.,168416,0,0,36
1182,43,Private,HS-grad,9,Divorced,Transport-moving,Not-in-family,White,Male,United-States,<=50K,112494,0,0,45
1183,33,Private,Masters,14,Married-civ-spouse,Prof-specialty,Husband,White,Male,United-States,<=50K,201988,0,0,45
1184,38,Private,Bachelors,13,Separated,Farming-fishing,Unmarried,White,Female,United-States,<=50K.,313914,0,0,45
1185,51,Private,9th,5,Never-married,Other-service,Unmarried,Black,Female,United-States,<=50K,91137,0,0,40
1186,19,Private,HS-grad,9,Never-married,Handlers-cleaners,Own-child,Black,Male,United-States,<=50K.,120361,0,0,40
1187,45,Private,HS-grad,9,Married-civ-spouse,Exec-managerial,Wife,White,Female,United-States,>50K.,117310,0,0,50
1188,31,Private,Some-college,10,Married-civ-spouse,Farming-fishing,Husband,White,Male,United-States,>50K,120460,0,0,50
1189,25,Private,Bachelors,13,Never-married,Prof-specialty,Own-child,White,Female,United-States,<=50K,148300,0,0,15
1190,28,State-gov,Masters,14,Married-civ-spouse,Prof-specialty,Husband,White,Male,,<=50K.,106721,0,0,40
1191,54,Private,Masters,14,Married-civ-spouse,Prof-specialty,Husband,White,Male,United-States,>50K,260052,0,0,40
1192,21,Private,Some-college,10,Never-married,Sales,Own-child,White,Female,United-States,<=50K.,43587,0,0,30
1193,17,Private,11th,7,Never-married,Adm-clerical,Own-child,White,Female,United-States,<=50K,54257,0,0,20
1194,49,Private,Masters,14,Married-civ-spouse,Prof-specialty,Husband,White,Male,United-States,<=50K,175622,0,0,40
1195,34,Private,Some-college,10,Divorced,Sales,Not-in-family,White,Female,United-States,<=50K,203463,0,0,40
1196,35,Private,Masters,14,Never-married,Exec-managerial,Not-in-family,White,Female,United-States,>50K.,80680,0,0,45
1197,31,State-gov,Some-college,10,Married-civ-spouse,Adm-clerical,Husband,White,Male,United-States,<=50K,286911,0,0,38
1198,48,Private,Bachelors,13,Married-civ-spouse,Prof-specialty,Husband,White,Male,United-States,<=50K,109421,0,0,55
1199,28,,10th,6,Separated,,Not-in-family,White,Male,United-States,<=50K,424884,0,0,30
1200,41,Private,HS-grad,9,Married-civ-spouse,Machine-op-inspct,Husband,White,Male,United-States,<=50K,325786,0,0,40
1201,53,Self-emp-not-inc,Bachelors,13,Married-civ-spouse,Craft-repair,Husband,White,Male,United-States,<=50K.,99516,0,0,40
1202,22,Private,Some-college,10,Never-married,Machine-op-inspct,Own-child,White,Female,United-States,<=50K,99829,0,0,30
1203,29,Private,Bachelors,13,Never-married,Exec-managerial,Not-in-family,White,Male,United-States,<=50K,190539,0,1590,50
1204,19,Private,Some-college,10,Never-married,Other-service,Own-child,White,Female,United-States,<=50K,194608,0,0,20
1205,33,Private,Prof-school,15,Never-married,Prof-specialty,Not-in-family,White,Male,United-States,>50K,155781,0,0,40
1206,26,,HS-grad,9,Divorced,,Unmarried,White,Female,United-States,<=50K.,223665,0,0,84
1207,39,Private,Assoc-acdm,12,Never-married,Tech-support,Not-in-family,White,Female,United-States,<=50K,176634,0,0,40
1208,29,Private,Assoc-voc,11,Married-civ-spouse,Prof-specialty,Husband,White,Male,United-States,<=50K,250967,0,0,40
1209,38,Private,Assoc-acdm,12,Married-civ-spouse,Adm-clerical,Husband,White,Male,United-States,<=50K,183800,0,0,40
1210,46,Local-gov,HS-grad,9,Widowed,Prof-specialty,Unmarried,Amer-Indian-Eskimo,Female,United-States,<=50K.,59174,0,0,33
1211,44,Self-emp-inc,Some-college,10,Divorced,Machine-op-inspct,Not-in-family,White,Male,United-States,<=50K,133060,0,0,60
1212,44,Private,Some-college,10,Divorced,Sales,Unmarried,White,Female,United-States,<=50K,225263,0,1408,46
1213,48,Federal-gov,7th-8th,4,Married-spouse-absent,Handlers-cleaners,Unmarried,White,Male,United-States,<=50K,88564,0,0,40
1214,58,Private,Some-college,10,Married-civ-spouse,Transport-moving,Husband,White,Male,United-States,>50K.,82050,0,0,60
1215,29,Private,Bachelors,13,Married-civ-spouse,Exec-managerial,Husband,White,Male,United-States,<=50K.,364986,0,1628,47
1216,47,Private,11th,7,Never-married,Machine-op-inspct,Unmarried,Black,Female,United-States,<=50K,266281,6849,0,40
1217,41,Private,Bachelors,13,Married-civ-spouse,Exec-managerial,Husband,White,Male,United-States,>50K.,192225,0,0,40
1218,25,Private,Some-college,10,Married-civ-spouse,Exec-managerial,Husband,White,Male,United-States,<=50K,114483,0,0,50
1219,32,Self-emp-not-inc,Bachelors,13,Married-civ-spouse,Tech-support,Husband,White,Male,Japan,>50K.,176185,7298,0,40
1220,29,Private,Some-college,10,Never-married,Prof-specialty,Not-in-family,White,Female,United-States,<=50K,114158,0,0,40
1221,42,Private,Some-college,10,Separated,Adm-clerical,Not-in-family,White,Female,Cuba,<=50K.,230355,0,0,40
1222,17,Private,HS-grad,9,Never-married,Farming-fishing,Own-child,Black,Male,United-States,<=50K,234780,0,0,40
1223,64,Private,Some-college,10,Married-civ-spouse,Craft-repair,Husband,White,Male,United-States,<=50K,159715,0,0,20
1224,40,Private,Some-college,10,Married-civ-spouse,Exec-managerial,Wife,White,Female,United-States,>50K,284303,7688,0,40
1225,43,Private,Assoc-acdm,12,Married-civ-spouse,Exec-managerial,Husband,White,Male,United-States,>50K.,316820,7688,0,40
1226,41,Self-emp-inc,HS-grad,9,Married-civ-spouse,Exec-managerial,Husband,White,Male,Canada,>50K.,67671,0,0,50
1227,54,Self-emp-not-inc,Some-college,10,Divorced,Sales,Not-in-family,White,Female,United-States,<=50K,124865,0,0,35
1228,36,Private,Bachelors,13,Never-married,Exec-managerial,Not-in-family,White,Male,United-States,>50K,178815,8614,0,40
1229,57,Private,HS-grad,9,Married-civ-spouse,Other-service,Husband,White,Male,United-States,<=50K,74156,0,0,30
1230,52,Private,Bachelors,13,Married-civ-spouse,Exec-managerial,Husband,White,Male,United-States,>50K.,123989,0,0,40
1231,50,Self-emp-not-inc,Some-college,10,Married-civ-spouse,Craft-repair,Husband,White,Male,United-States,<=50K,124793,0,0,55
1232,43,Private,10th,6,Married-civ-spouse,Transport-moving,Husband,White,Male,Yugoslavia,<=50K,557349,0,0,40
1233,36,Private,Bachelors,13,Married-civ-spouse,Exec-managerial,Husband,White,Male,United-States,>50K,66304,0,0,55
1234,53,Local-gov,Prof-school,15,Never-married,Prof-specialty,Not-in-family,White,Female,United-States,>50K,131258,0,0,50
1235,53,Federal-gov,Some-college,10,Separated,Craft-repair,Not-in-family,Black,Male,United-States,<=50K,174040,0,0,40
1236,47,Private,HS-grad,9,Married-civ-spouse,Sales,Husband,White,Male,United-States,<=50K,216999,0,0,45
1237,33,Private,HS-grad,9,Married-civ-spouse,Transport-moving,Husband,White,Male,United-States,<=50K,275632,0,0,40
1238,42,Local-gov,Some-college,10,Married-civ-spouse,Craft-repair,Husband,White,Male,United-States,>50K,97688,5178,0,40
1239,52,Private,Some-college,10,Divorced,Sales,Not-in-family,White,Male,United-States,<=50K,95128,0,0,50
1240,47,Private,Prof-school,15,Married-civ-spouse,Prof-specialty,Husband,White,Male,United-States,>50K.,205068,0,1977,60
1241,36,Private,Some-college,10,Married-civ-spouse,Adm-clerical,Wife,White,Female,United-States,>50K,143774,0,0,12
1242,27,Private,Some-college,10,Never-married,Tech-support,Not-in-family,White,Male,United-States,<=50K.,189565,0,0,40
1243,20,Private,HS-grad,9,Never-married,Other-service,Own-child,White,Male,United-States,<=50K,226978,0,0,35
1244,42,Private,HS-grad,9,Separated,Adm-clerical,Unmarried,White,Female,Scotland,<=50K,185057,0,0,35
1245,31,Private,Bachelors,13,Married-civ-spouse,Exec-managerial,Husband,White,Male,United-States,>50K.,209101,0,0,50
1246,51,Private,11th,7,Divorced,Sales,Unmarried,White,Female,United-States,<=50K.,358740,0,0,35
1247,26,,Some-college,10,Divorced,,Other-relative,White,Female,United-States,<=50K.,292803,0,0,35
1248,34,Private,Some-college,10,Divorced,Adm-clerical,Not-in-family,White,Female,United-States,<=50K,124569,0,0,40
1249,35,Private,12th,8,Married-civ-spouse,Craft-repair,Husband,White,Male,United-States,<=50K,141896,0,0,40
1250,53,Private,HS-grad,9,Married-civ-spouse,Craft-repair,Husband,Black,Male,United-States,<=50K,87158,0,0,40
1251,46,Self-emp-not-inc,Assoc-voc,11,Married-civ-spouse,Craft-repair,Husband,White,Male,United-States,>50K,57452,0,0,40
1252,32,Federal-gov,Bachelors,13,Married-civ-spouse,Prof-specialty,Husband,White,Male,United-States,>50K.,113838,0,0,40
1253,41,Self-emp-inc,Assoc-voc,11,Married-civ-spouse,Exec-managerial,Husband,Black,Male,United-States,>50K,114967,0,0,40
1254,40,Private,Masters,14,Married-civ-spouse,Sales,Husband,White,Male,United-States,>50K.,99679,3103,0,43
1255,33,Private,HS-grad,9,Married-civ-spouse,Tech-support,Wife,White,Female,United-States,>50K,51471,0,1902,40
1256,35,Self-emp-not-inc,HS-grad,9,Separated,Transport-moving,Not-in-family,White,Male,United-States,<=50K,171968,0,0,70
1257,48,Private,Bachelors,13,Married-civ-spouse,Sales,Husband,White,Male,United-States,>50K.,205100,99999,0,80
1258,27,State-gov,Masters,14,Never-married,Prof-specialty,Not-in-family,White,Female,Germany,<=50K,194773,0,0,50
1259,32,Private,10th,6,Separated,Craft-repair,Not-in-family,White,Male,United-States,<=50K,123429,0,0,40
1260,34,Federal-gov,Bachelors,13,Never-married,Exec-managerial,Unmarried,Asian-Pac-Islander,Male,Cambodia,<=50K,67083,1471,0,40
1261,35,Private,Some-college,10,Married-civ-spouse,Machine-op-inspct,Husband,White,Male,United-States,>50K.,133839,0,0,40
1262,20,Private,9th,5,Never-married,Machine-op-inspct,Own-child,White,Male,United-States,<=50K,173736,0,0,40
1263,27,Private,HS-grad,9,Married-civ-spouse,Machine-op-inspct,Husband,White,Male,United-States,<=50K,200733,0,0,55
1264,21,,Some-college,10,Never-married,,Own-child,White,Female,United-States,<=50K.,213366,0,0,38
1265,35,Private,Masters,14,Married-civ-spouse,Adm-clerical,Husband,White,Male,United-States,<=50K,112271,0,0,40
1266,47,State-gov,HS-grad,9,Married-civ-spouse,Protective-serv,Husband,White,Male,United-States,<=50K.,210557,0,0,40
1267,46,Private,HS-grad,9,Married-civ-spouse,Machine-op-inspct,Husband,White,Male,United-States,<=50K.,233493,0,1579,40
1268,22,Private,HS-grad,9,Never-married,Farming-fishing,Not-in-family,White,Male,United-States,<=50K,34443,0,0,25
1269,21,Private,Some-college,10,Never-married,Exec-managerial,Not-in-family,White,Male,United-States,<=50K,305446,0,0,40
1270,33,Private,HS-grad,9,Never-married,Handlers-cleaners,Own-child,White,Male,United-States,<=50K,174201,0,0,40
1271,51,Federal-gov,HS-grad,9,Divorced,Adm-clerical,Unmarried,White,Female,United-States,<=50K.,378126,0,1980,40
1272,55,Private,Some-college,10,Married-civ-spouse,Exec-managerial,Husband,White,Male,United-States,>50K,323706,0,1902,40
1273,52,Private,HS-grad,9,Married-civ-spouse,Transport-moving,Husband,White,Male,United-States,>50K,147629,0,0,60
1274,38,Private,HS-grad,9,Separated,Priv-house-serv,Unmarried,Black,Female,United-States,<=50K,296125,0,0,30
1275,69,Self-emp-not-inc,Some-college,10,Married-civ-spouse,Exec-managerial,Husband,White,Male,United-States,<=50K.,165814,0,0,35
1276,47,Private,HS-grad,9,Married-civ-spouse,Machine-op-inspct,Husband,White,Male,United-States,<=50K,145290,0,0,45
1277,38,,Some-college,10,Divorced,,Not-in-family,White,Female,United-States,<=50K.,36425,0,0,25
1278,24,Private,HS-grad,9,Never-married,Sales,Own-child,Asian-Pac-Islander,Male,South,<=50K,162312,0,0,40
1279,33,Private,Bachelors,13,Never-married,Sales,Not-in-family,White,Female,United-States,<=50K,121488,0,0,40
1280,53,Private,Masters,14,Married-civ-spouse,Prof-specialty,Husband,White,Male,United-States,>50K,53197,3103,0,40
1281,59,Private,HS-grad,9,Married-civ-spouse,Craft-repair,Husband,White,Male,United-States,<=50K,157932,0,0,40
1282,18,Private,12th,8,Never-married,Other-service,Other-relative,Black,Male,United-States,<=50K.,336523,0,0,20
1283,34,Private,HS-grad,9,Married-civ-spouse,Handlers-cleaners,Husband,White,Male,United-States,<=50K,186824,0,0,70
1284,35,Private,Assoc-acdm,12,Married-civ-spouse,Craft-repair,Husband,White,Male,United-States,<=50K.,258657,0,0,60
1285,19,,Some-college,10,Never-married,,Own-child,White,Male,United-States,<=50K.,285177,0,0,18
1286,35,Private,HS-grad,9,Divorced,Sales,Not-in-family,White,Female,United-States,<=50K,101387,0,0,50
1287,21,Private,Some-college,10,Never-married,Other-service,Not-in-family,White,Female,United-States,<=50K.,119673,0,0,30
1288,49,Self-emp-not-inc,HS-grad,9,Married-civ-spouse,Exec-managerial,Husband,White,Male,United-States,<=50K.,126077,0,0,35
1289,21,Private,10th,6,Separated,Machine-op-inspct,Own-child,White,Male,United-States,<=50K,186648,0,0,40
1290,23,Private,Assoc-voc,11,Divorced,Adm-clerical,Not-in-family,White,Female,United-States,<=50K,214227,0,0,30
1291,31,Self-emp-not-inc,Bachelors,13,Married-civ-spouse,Prof-specialty,Husband,White,Male,United-States,>50K,177675,0,0,40
1292,24,Private,Some-college,10,Never-married,Adm-clerical,Own-child,White,Female,United-States,<=50K.,193130,0,0,40
1293,29,Private,11th,7,Separated,Other-service,Unmarried,Black,Female,United-States,<=50K.,210945,0,0,40
1294,36,Private,HS-grad,9,Divorced,Farming-fishing,Not-in-family,White,Male,United-States,<=50K.,239409,0,0,50
1295,18,Private,11th,7,Never-married,Sales,Own-child,White,Male,United-States,<=50K,298860,0,0,20
1296,42,Private,HS-grad,9,Separated,Sales,Own-child,White,Female,United-States,<=50K,173938,0,0,40
1297,52,,Bachelors,13,Widowed,,Not-in-family,White,Female,United-States,<=50K.,224793,0,0,8
1298,25,Private,Bachelors,13,Never-married,Adm-clerical,Not-in-family,White,Female,United-States,<=50K.,108838,0,0,40
1299,31,Self-emp-not-inc,Assoc-voc,11,Divorced,Craft-repair,Own-child,White,Male,United-States,<=50K,122749,0,0,20
1300,23,Private,Bachelors,13,Never-married,Handlers-cleaners,Own-child,White,Male,United-States,<=50K.,212407,0,0,25
1301,24,Private,Bachelors,13,Married-civ-spouse,Exec-managerial,Wife,White,Female,United-States,<=50K,59146,0,0,40
1302,32,Private,HS-grad,9,Never-married,Handlers-cleaners,Not-in-family,White,Female,United-States,<=50K,84179,0,0,45
1303,28,Private,Assoc-voc,11,Never-married,Handlers-cleaners,Not-in-family,White,Male,United-States,<=50K,95725,0,0,45
1304,34,Private,Masters,14,Married-civ-spouse,Prof-specialty,Husband,White,Male,,<=50K,73585,0,0,40
1305,68,Self-emp-not-inc,HS-grad,9,Married-civ-spouse,Farming-fishing,Husband,White,Male,United-States,>50K,69249,0,0,50
1306,43,Private,Masters,14,Divorced,Exec-managerial,Not-in-family,White,Female,United-States,<=50K.,343591,0,0,50
1307,54,,HS-grad,9,Married-civ-spouse,,Husband,White,Male,United-States,>50K,124993,0,0,40
1308,27,Private,Some-college,10,Never-married,Adm-clerical,Own-child,Black,Male,United-States,<=50K,72208,0,0,40
1309,29,Private,HS-grad,9,Married-civ-spouse,Handlers-cleaners,Husband,White,Male,United-States,<=50K,105694,0,0,42
1310,28,Private,Bachelors,13,Married-civ-spouse,Sales,Husband,White,Male,United-States,>50K,192384,0,0,40
1311,27,Private,Bachelors,13,Never-married,Craft-repair,Not-in-family,White,Male,United-States,<=50K,301302,0,0,50
1312,37,Private,5th-6th,3,Married-civ-spouse,Machine-op-inspct,Husband,White,Male,Mexico,<=50K,222450,0,0,40
1313,42,Private,Some-college,10,Divorced,Other-service,Unmarried,White,Female,United-States,<=50K,106698,0,0,32
1314,22,,Some-college,10,Divorced,,Own-child,White,Male,United-States,<=50K.,228686,0,1602,25
1315,17,Private,10th,6,Never-married,Other-service,Other-relative,White,Male,United-States,<=50K.,132859,0,0,35
1316,43,Local-gov,HS-grad,9,Married-civ-spouse,Exec-managerial,Husband,White,Male,,<=50K,144778,0,0,40
1317,60,Private,Assoc-acdm,12,Married-civ-spouse,Adm-clerical,Husband,White,Male,United-States,<=50K,193235,0,0,24
1318,36,State-gov,5th-6th,3,Married-civ-spouse,Other-service,Husband,White,Male,Mexico,<=50K,422275,0,0,40
1319,24,Private,HS-grad,9,Never-married,Machine-op-inspct,Own-child,White,Male,United-States,<=50K,102323,0,0,40
1320,30,Private,Bachelors,13,Never-married,Tech-support,Not-in-family,White,Female,United-States,>50K,509500,4787,0,45
1321,28,State-gov,Masters,14,Married-civ-spouse,Exec-managerial,Wife,White,Female,United-States,<=50K,200775,0,0,40
1322,36,Private,Prof-school,15,Divorced,Prof-specialty,Not-in-family,White,Male,United-States,>50K,208358,99999,0,45
1323,22,Private,HS-grad,9,Never-married,Craft-repair,Own-child,White,Male,United-States,<=50K.,183594,0,0,40
1324,49,Private,Some-college,10,Divorced,Machine-op-inspct,Not-in-family,White,Male,United-States,<=50K,50282,3325,0,45
1325,35,Private,Some-college,10,Divorced,Exec-managerial,Not-in-family,White,Female,United-States,>50K,139647,0,0,40
1326,53,Private,HS-grad,9,Divorced,Priv-house-serv,Not-in-family,White,Female,United-States,<=50K.,136080,0,0,50
1327,68,Self-emp-inc,HS-grad,9,Married-civ-spouse,Sales,Husband,White,Male,United-States,<=50K,140852,0,0,40
1328,43,State-gov,Bachelors,13,Married-civ-spouse,Prof-specialty,Husband,Asian-Pac-Islander,Male,,>50K,506329,15024,0,40
1329,25,Private,Assoc-voc,11,Never-married,Other-service,Own-child,White,Female,United-States,<=50K,332702,0,0,15
1330,48,Private,11th,7,Married-civ-spouse,Machine-op-inspct,Husband,White,Male,United-States,<=50K,177211,0,0,40
1331,21,Private,Some-college,10,Never-married,Adm-clerical,Own-child,White,Female,United-States,<=50K,198259,0,0,15
1332,30,Private,Bachelors,13,Never-married,Sales,Not-in-family,White,Female,Mexico,<=50K,231620,0,0,40
1333,39,Private,HS-grad,9,Married-civ-spouse,Transport-moving,Husband,White,Male,United-States,<=50K.,187921,0,0,99
1334,21,Private,HS-grad,9,Never-married,Other-service,Own-child,White,Female,United-States,<=50K,155818,0,0,20
1335,22,Private,Some-college,10,Never-married,Sales,Own-child,White,Male,United-States,<=50K,388247,0,0,40
1336,22,Private,HS-grad,9,Never-married,Handlers-cleaners,Own-child,White,Male,Portugal,<=50K,162667,0,0,50
1337,21,Private,HS-grad,9,Never-married,Machine-op-inspct,Not-in-family,White,Male,United-States,<=50K,184568,0,0,40
1338,34,Private,Bachelors,13,Never-married,Sales,Own-child,White,Female,United-States,<=50K.,137991,0,0,35
1339,40,Private,Bachelors,13,Married-civ-spouse,Tech-support,Husband,White,Male,United-States,>50K,247880,0,0,40
1340,55,Private,Some-college,10,Married-civ-spouse,Tech-support,Husband,White,Male,Canada,>50K,98746,0,0,50
1341,33,Private,Some-college,10,Married-civ-spouse,Exec-managerial,Husband,White,Male,United-States,<=50K,303867,0,0,50
1342,23,Private,Bachelors,13,Never-married,Sales,Not-in-family,White,Male,United-States,<=50K,409230,0,0,25
1343,68,Private,HS-grad,9,Never-married,Sales,Not-in-family,White,Female,United-States,<=50K,107910,0,0,40
1344,40,Private,Assoc-acdm,12,Married-civ-spouse,Sales,Husband,White,Male,United-States,<=50K,202565,0,0,52
1345,48,Private,Assoc-acdm,12,Married-civ-spouse,Sales,Husband,White,Male,United-States,>50K.,213140,0,0,60
1346,70,Private,9th,5,Married-civ-spouse,Machine-op-inspct,Wife,White,Female,United-States,<=50K,216390,2653,0,40
1347,25,Local-gov,Bachelors,13,Never-married,Prof-specialty,Not-in-family,White,Female,United-States,<=50K.,311603,0,0,55
1348,39,Private,Bachelors,13,Divorced,Exec-managerial,Not-in-family,White,Female,United-States,<=50K,245361,0,0,25
1349,60,Private,Some-college,10,Divorced,Sales,Not-in-family,White,Female,United-States,<=50K,145664,0,0,48
1350,20,Federal-gov,Assoc-voc,11,Never-married,Adm-clerical,Own-child,White,Female,United-States,<=50K.,163205,0,0,36
1351,59,Private,HS-grad,9,Married-civ-spouse,Transport-moving,Husband,White,Male,United-States,<=50K.,107318,0,0,50
1352,63,Private,Some-college,10,Married-civ-spouse,Craft-repair,Husband,White,Male,United-States,<=50K,108097,10566,0,45
1353,18,Private,11th,7,Never-married,Adm-clerical,Own-child,Black,Male,United-States,<=50K,115630,0,0,20
1354,19,Private,HS-grad,9,Never-married,Craft-repair,Own-child,White,Male,United-States,<=50K.,369164,0,0,40
1355,63,,Some-college,10,Widowed,,Not-in-family,Black,Female,United-States,<=50K,166425,0,0,24
1356,38,Federal-gov,10th,6,Divorced,Adm-clerical,Unmarried,White,Female,United-States,<=50K.,178678,0,1380,50
1357,56,Private,12th,8,Married-civ-spouse,Craft-repair,Husband,White,Male,Italy,<=50K,174351,0,0,40
1358,66,Self-emp-not-inc,HS-grad,9,Married-civ-spouse,Transport-moving,Husband,White,Male,United-States,>50K.,34218,0,0,50
1359,51,,HS-grad,9,Married-civ-spouse,,Husband,White,Male,United-States,>50K,203953,0,0,40
1360,53,Private,12th,8,Married-civ-spouse,Craft-repair,Husband,White,Male,United-States,>50K.,231865,0,0,40
1361,57,Self-emp-not-inc,1st-4th,2,Widowed,Craft-repair,Other-relative,White,Female,Columbia,<=50K,118806,0,1602,45
1362,20,Private,Some-college,10,Never-married,Other-service,Not-in-family,White,Male,United-States,<=50K,282579,0,0,40
1363,35,Private,HS-grad,9,Widowed,Other-service,Own-child,White,Female,United-States,<=50K,112512,0,0,40
1364,21,Private,9th,5,Never-married,Transport-moving,Own-child,White,Male,United-States,<=50K,129980,0,0,40
1365,42,Self-emp-not-inc,Some-college,10,Never-married,Exec-managerial,Not-in-family,White,Male,United-States,<=50K.,52131,0,0,40
1366,28,Private,10th,6,Married-civ-spouse,Craft-repair,Husband,White,Male,United-States,<=50K,203776,0,0,50
1367,42,Private,HS-grad,9,Divorced,Machine-op-inspct,Not-in-family,Black,Male,United-States,<=50K,317078,0,0,40
1368,69,Private,Masters,14,Married-civ-spouse,Prof-specialty,Husband,White,Male,United-States,<=50K,71489,0,0,25
1369,43,Private,Some-college,10,Married-civ-spouse,Prof-specialty,Husband,White,Male,United-States,<=50K.,106900,0,0,40
1370,28,Private,Bachelors,13,Never-married,Prof-specialty,Not-in-family,White,Male,United-States,<=50K.,190539,0,0,50
1371,50,Private,Assoc-voc,11,Married-civ-spouse,Farming-fishing,Husband,Asian-Pac-Islander,Male,United-States,>50K.,62593,0,0,40
1372,54,Self-emp-not-inc,7th-8th,4,Married-civ-spouse,Machine-op-inspct,Husband,White,Male,United-States,<=50K,36327,0,0,50
1373,51,Private,Some-college,10,Married-civ-spouse,Exec-managerial,Husband,White,Male,United-States,>50K,254230,0,0,40
1374,23,Private,Bachelors,13,Never-married,Adm-clerical,Not-in-family,Asian-Pac-Islander,Female,United-States,<=50K,162593,0,0,40
1375,43,Self-emp-not-inc,Masters,14,Married-civ-spouse,Sales,Husband,White,Male,United-States,<=50K.,241055,0,0,45
1376,20,,Some-college,10,Never-married,,Own-child,White,Male,United-States,<=50K,235442,0,0,35
1377,54,Federal-gov,Bachelors,13,Married-civ-spouse,Exec-managerial,Husband,White,Male,United-States,>50K.,151135,0,0,40
1378,27,Private,Some-college,10,Never-married,Handlers-cleaners,Not-in-family,Black,Male,United-States,<=50K,209891,0,0,50
1379,37,Private,Some-college,10,Married-civ-spouse,Tech-support,Wife,White,Female,United-States,<=50K.,211168,0,0,35
1380,43,Private,Some-college,10,Married-civ-spouse,Exec-managerial,Husband,White,Male,United-States,>50K.,326232,0,0,40
1381,36,State-gov,Some-college,10,Never-married,Exec-managerial,Unmarried,White,Female,United-States,<=50K,177064,0,0,40
1382,48,Private,Assoc-acdm,12,Married-civ-spouse,Craft-repair,Husband,White,Male,United-States,<=50K,98524,0,0,45
1383,34,Local-gov,Some-college,10,Married-civ-spouse,Handlers-cleaners,Husband,White,Male,United-States,>50K.,260782,0,0,52
1384,57,State-gov,HS-grad,9,Married-civ-spouse,Craft-repair,Husband,White,Male,United-States,<=50K,250976,0,0,40
1385,44,Self-emp-not-inc,Bachelors,13,Married-civ-spouse,Sales,Husband,White,Male,United-States,>50K.,55844,0,0,45
1386,24,State-gov,Bachelors,13,Never-married,Adm-clerical,Other-relative,White,Female,United-States,<=50K,249385,0,0,10
1387,53,Local-gov,9th,5,Married-civ-spouse,Exec-managerial,Husband,White,Male,United-States,<=50K,38795,0,0,40
1388,18,Federal-gov,11th,7,Never-married,Other-service,Own-child,Asian-Pac-Islander,Male,Philippines,<=50K,101709,0,0,15
1389,28,Private,HS-grad,9,Married-civ-spouse,Machine-op-inspct,Husband,White,Male,United-States,<=50K.,205903,0,0,40
1390,50,State-gov,Masters,14,Divorced,Prof-specialty,Unmarried,White,Female,United-States,<=50K,307392,0,0,40
1391,72,Private,7th-8th,4,Widowed,Other-service,Not-in-family,White,Female,,<=50K,268861,0,0,99
1392,47,Private,HS-grad,9,Married-civ-spouse,Sales,Husband,White,Male,United-States,<=50K,298130,0,0,40
1393,44,Private,Bachelors,13,Married-civ-spouse,Exec-managerial,Husband,White,Male,United-States,>50K,201723,15024,0,45
1394,61,Private,7th-8th,4,Widowed,Other-service,Unmarried,Black,Female,United-States,<=50K,238611,0,0,38
1395,22,Private,HS-grad,9,Never-married,Tech-support,Not-in-family,White,Female,United-States,<=50K,340543,0,0,40
1396,44,Private,Some-college,10,Married-spouse-absent,Adm-clerical,Unmarried,White,Female,United-States,<=50K.,133986,0,0,40
1397,56,Private,Assoc-acdm,12,Divorced,Adm-clerical,Unmarried,White,Female,United-States,<=50K,191917,4101,0,40
1398,45,Private,HS-grad,9,Never-married,Craft-repair,Own-child,White,Male,United-States,<=50K,108993,0,0,40
1399,65,Private,HS-grad,9,Widowed,Adm-clerical,Not-in-family,White,Female,United-States,<=50K.,475775,0,0,22
1400,61,Private,7th-8th,4,Married-spouse-absent,Machine-op-inspct,Not-in-family,White,Male,Guatemala,<=50K,195595,0,0,40
1401,23,Private,10th,6,Never-married,Craft-repair,Not-in-family,White,Male,United-States,<=50K,260617,0,0,40
1402,33,Private,Masters,14,Never-married,Exec-managerial,Not-in-family,White,Male,United-States,>50K,100882,0,0,40
1403,34,Private,10th,6,Separated,Other-service,Unmarried,Asian-Pac-Islander,Female,United-States,<=50K.,73928,0,0,4
1404,18,,HS-grad,9,Never-married,,Own-child,White,Female,United-States,<=50K.,280901,0,0,15
1405,45,Private,Bachelors,13,Married-civ-spouse,Adm-clerical,Husband,White,Male,United-States,>50K.,216414,7688,0,50
1406,20,Private,Some-college,10,Never-married,Exec-managerial,Own-child,White,Female,United-States,<=50K.,311376,0,0,25
1407,27,Private,Some-college,10,Never-married,Other-service,Own-child,White,Male,United-States,<=50K,387776,0,0,40
1408,31,Private,HS-grad,9,Married-civ-spouse,Transport-moving,Husband,White,Male,United-States,<=50K,202729,0,0,50
1409,29,Private,Bachelors,13,Never-married,Sales,Not-in-family,White,Male,United-States,<=50K,181822,0,0,40
1410,32,,HS-grad,9,Married-civ-spouse,,Husband,Black,Male,United-States,<=50K.,340580,0,0,45
1411,36,Private,Assoc-voc,11,Divorced,Adm-clerical,Unmarried,White,Female,United-States,<=50K,418702,0,0,40
1412,44,Private,HS-grad,9,Married-civ-spouse,Craft-repair,Husband,White,Male,United-States,<=50K,173981,0,0,40
1413,37,Self-emp-not-inc,HS-grad,9,Married-civ-spouse,Farming-fishing,Husband,White,Male,United-States,<=50K.,177974,3942,0,99
1414,69,Private,Prof-school,15,Married-civ-spouse,Prof-specialty,Husband,White,Male,United-States,<=50K,361561,0,0,3
1415,51,Private,Assoc-voc,11,Married-civ-spouse,Craft-repair,Husband,White,Male,Canada,>50K,305673,0,0,40
1416,44,Private,HS-grad,9,Married-civ-spouse,Craft-repair,Husband,White,Male,United-States,<=50K,467799,0,0,40
1417,30,Private,HS-grad,9,Never-married,Handlers-cleaners,Not-in-family,White,Male,United-States,<=50K.,185177,0,0,22
1418,38,Self-emp-inc,HS-grad,9,Never-married,Exec-managerial,Not-in-family,White,Male,United-States,<=50K.,298539,0,0,50
1419,26,Private,Assoc-acdm,12,Divorced,Prof-specialty,Unmarried,White,Female,United-States,<=50K,177720,0,0,45
1420,31,Self-emp-inc,Some-college,10,Never-married,Exec-managerial,Own-child,White,Male,United-States,<=50K,304212,0,0,45
1421,50,Local-gov,Prof-school,15,Married-civ-spouse,Prof-specialty,Husband,White,Male,United-States,>50K,172175,0,0,40
1422,18,Private,HS-grad,9,Never-married,Other-service,Own-child,White,Female,United-States,<=50K.,131414,0,0,40
1423,34,Local-gov,Assoc-voc,11,Never-married,Craft-repair,Own-child,White,Female,United-States,<=50K,353270,0,0,40
1424,27,Private,Assoc-acdm,12,Never-married,Other-service,Other-relative,White,Male,United-States,<=50K.,29261,0,0,42
1425,38,Self-emp-inc,HS-grad,9,Never-married,Farming-fishing,Not-in-family,White,Male,United-States,<=50K,257250,0,0,50
1426,59,Private,HS-grad,9,Married-civ-spouse,Sales,Husband,White,Male,United-States,<=50K,160362,0,0,60
1427,43,Private,Bachelors,13,Married-civ-spouse,Prof-specialty,Husband,White,Male,United-States,<=50K,184378,0,0,35
1428,54,Private,Some-college,10,Divorced,Adm-clerical,Not-in-family,White,Female,United-States,<=50K.,231004,0,0,37
1429,40,Private,HS-grad,9,Divorced,Other-service,Not-in-family,White,Female,United-States,<=50K,188465,0,0,35
1430,41,Self-emp-not-inc,HS-grad,9,Never-married,Other-service,Not-in-family,Black,Male,Jamaica,<=50K,229148,0,0,60
1431,27,Private,Some-college,10,Married-civ-spouse,Craft-repair,Husband,White,Male,United-States,<=50K,31659,0,0,45
1432,46,Private,Some-college,10,Never-married,Machine-op-inspct,Not-in-family,White,Female,United-States,<=50K.,254672,2354,0,40
1433,18,Private,11th,7,Never-married,Prof-specialty,Own-child,White,Male,United-States,<=50K.,190325,0,0,40
1434,61,Private,Prof-school,15,Married-civ-spouse,Prof-specialty,Husband,White,Male,Columbia,>50K.,284710,0,1902,45
1435,39,,Bachelors,13,Divorced,,Own-child,Black,Female,United-States,<=50K.,238721,0,0,40
1436,29,Self-emp-not-inc,Some-college,10,Married-civ-spouse,Exec-managerial,Other-relative,White,Male,United-States,>50K,104423,4386,0,45
1437,19,,HS-grad,9,Never-married,,Own-child,White,Male,Portugal,<=50K,371827,0,0,40
1438,29,Private,Bachelors,13,Never-married,Exec-managerial,Not-in-family,White,Male,United-States,<=50K,201954,0,0,35
1439,48,Private,Some-college,10,Married-civ-spouse,Exec-managerial,Husband,White,Male,United-States,>50K,36503,0,0,40
1440,21,,Some-college,10,Never-married,,Own-child,White,Female,United-States,<=50K,262062,0,0,40
1441,41,Private,Some-college,10,Divorced,Adm-clerical,Unmarried,White,Female,United-States,<=50K,184846,0,0,40
1442,55,Self-emp-not-inc,HS-grad,9,Divorced,Exec-managerial,Not-in-family,White,Male,United-States,<=50K,145574,34095,0,60
1443,46,Private,Some-college,10,Married-civ-spouse,Adm-clerical,Husband,White,Male,United-States,>50K,422813,0,0,40
1444,18,Private,11th,7,Never-married,Handlers-cleaners,Own-child,White,Male,United-States,<=50K,25828,0,0,16
1445,31,Private,5th-6th,3,Married-civ-spouse,Handlers-cleaners,Husband,White,Male,Mexico,<=50K.,236543,0,0,40
1446,35,Private,Assoc-acdm,12,Married-civ-spouse,Sales,Husband,White,Male,United-States,>50K.,100375,0,1887,45
1447,41,Self-emp-inc,Prof-school,15,Married-civ-spouse,Prof-specialty,Husband,White,Male,United-States,>50K,94113,0,0,60
1448,35,Private,11th,7,Separated,Priv-house-serv,Unmarried,White,Female,Mexico,<=50K,209993,0,0,8
1449,43,State-gov,Masters,14,Married-civ-spouse,Exec-managerial,Husband,White,Male,,>50K.,135060,0,0,50
1450,52,Private,Bachelors,13,Married-civ-spouse,Prof-specialty,Husband,White,Male,United-States,>50K,294991,0,0,40
1451,46,Private,Assoc-acdm,12,Divorced,Tech-support,Not-in-family,Black,Female,United-States,<=50K,146195,0,0,36
1452,37,Private,Some-college,10,Married-civ-spouse,Adm-clerical,Husband,White,Male,United-States,<=50K,267085,0,0,40
1453,55,Private,HS-grad,9,Married-civ-spouse,Machine-op-inspct,Husband,White,Male,United-States,<=50K,105304,0,0,40
1454,30,Self-emp-not-inc,HS-grad,9,Married-civ-spouse,Craft-repair,Husband,White,Male,United-States,<=50K,229741,0,0,40
1455,32,Self-emp-not-inc,HS-grad,9,Married-civ-spouse,Sales,Husband,White,Male,United-States,>50K,115066,0,0,60
1456,57,Private,HS-grad,9,Divorced,Craft-repair,Not-in-family,White,Male,United-States,<=50K,160275,0,0,40
1457,22,Private,Assoc-voc,11,Never-married,Exec-managerial,Unmarried,Asian-Pac-Islander,Male,South,<=50K,171419,0,0,40
1458,27,Private,HS-grad,9,Married-civ-spouse,Craft-repair,Husband,White,Male,United-States,<=50K,189777,0,0,40
1459,17,Private,11th,7,Never-married,Sales,Own-child,White,Female,United-States,<=50K,98005,0,0,16
1460,23,Private,Assoc-acdm,12,Never-married,Sales,Own-child,White,Female,United-States,<=50K.,496856,0,0,35
1461,32,Private,5th-6th,3,Separated,Farming-fishing,Other-relative,White,Male,Mexico,<=50K,339482,0,0,60
1462,47,Self-emp-inc,Masters,14,Married-civ-spouse,Sales,Husband,White,Male,United-States,>50K.,123075,0,0,50
1463,40,Self-emp-not-inc,Masters,14,Separated,Exec-managerial,Unmarried,White,Female,United-States,<=50K,282678,0,0,20
1464,55,Private,Masters,14,Married-civ-spouse,Exec-managerial,Husband,White,Male,United-States,>50K,368797,0,1977,60
1465,43,Private,HS-grad,9,Never-married,Handlers-cleaners,Own-child,White,Male,Poland,<=50K,132393,0,0,40
1466,28,Private,Some-college,10,Married-civ-spouse,Exec-managerial,Husband,Amer-Indian-Eskimo,Male,United-States,<=50K,124685,0,0,55
1467,38,Private,Masters,14,Never-married,Exec-managerial,Unmarried,Black,Female,United-States,<=50K,240467,0,0,35
1468,29,Private,7th-8th,4,Married-civ-spouse,Craft-repair,Husband,White,Male,Portugal,>50K.,119793,0,0,40
1469,30,State-gov,Masters,14,Divorced,Prof-specialty,Not-in-family,Amer-Indian-Eskimo,Male,United-States,<=50K.,119197,0,0,50
1470,31,Private,Some-college,10,Never-married,Adm-clerical,Not-in-family,White,Male,United-States,<=50K,329874,0,0,40
1471,22,,Some-college,10,Never-married,,Own-child,White,Male,United-States,<=50K,306031,0,0,40
1472,19,,Some-college,10,Never-married,,Own-child,White,Female,United-States,<=50K.,138153,0,0,40
1473,19,Private,Some-college,10,Never-married,Craft-repair,Own-child,White,Female,United-States,<=50K.,300679,0,0,40
1474,66,,Bachelors,13,Married-civ-spouse,,Husband,White,Male,United-States,<=50K.,52728,0,0,10
1475,78,,HS-grad,9,Widowed,,Not-in-family,White,Female,United-States,<=50K,135839,1086,0,20
1476,27,Private,HS-grad,9,Married-civ-spouse,Handlers-cleaners,Husband,White,Male,United-States,<=50K.,54897,0,0,40
1477,47,Local-gov,HS-grad,9,Married-civ-spouse,Exec-managerial,Husband,White,Male,United-States,<=50K.,244813,0,0,40
1478,41,Self-emp-not-inc,Masters,14,Never-married,Exec-managerial,Not-in-family,Asian-Pac-Islander,Male,United-States,>50K,95708,0,0,45
1479,33,Federal-gov,Some-college,10,Married-civ-spouse,Tech-support,Wife,White,Female,United-States,<=50K,293550,4064,0,40
1480,22,Self-emp-inc,Bachelors,13,Never-married,Adm-clerical,Own-child,White,Male,South,<=50K,375422,0,0,40
1481,36,Private,HS-grad,9,Never-married,Adm-clerical,Not-in-family,White,Female,United-States,<=50K,127306,0,0,47
1482,34,Private,HS-grad,9,Married-civ-spouse,Machine-op-inspct,Husband,White,Male,United-States,<=50K,309513,0,0,40
1483,47,Private,Some-college,10,Divorced,Exec-managerial,Not-in-family,White,Male,United-States,<=50K.,100009,0,0,30
1484,27,Private,HS-grad,9,Never-married,Machine-op-inspct,Own-child,White,Female,United-States,<=50K,288341,0,0,32
1485,18,Private,12th,8,Never-married,Other-service,Own-child,White,Female,United-States,<=50K.,310175,0,0,12
1486,53,Local-gov,HS-grad,9,Married-spouse-absent,Transport-moving,Other-relative,White,Female,United-States,<=50K,321770,0,0,35
1487,25,Private,Bachelors,13,Never-married,Sales,Not-in-family,White,Female,United-States,<=50K.,152165,0,0,40
1488,61,,10th,6,Divorced,,Other-relative,White,Female,United-States,<=50K.,113658,0,0,20
1489,38,Self-emp-not-inc,Masters,14,Never-married,Prof-specialty,Not-in-family,White,Female,United-States,<=50K.,187098,0,0,48
1490,38,Private,9th,5,Married-civ-spouse,Farming-fishing,Husband,White,Male,Mexico,<=50K.,96732,0,0,60
1491,21,Private,Some-college,10,Married-civ-spouse,Machine-op-inspct,Husband,White,Male,United-States,<=50K.,153209,0,0,40
1492,51,Private,Masters,14,Married-civ-spouse,Tech-support,Husband,White,Male,United-States,>50K,182314,0,0,40
1493,18,Private,HS-grad,9,Never-married,Adm-clerical,Own-child,White,Female,United-States,<=50K,111256,0,0,20
1494,31,Private,Masters,14,Never-married,Exec-managerial,Not-in-family,White,Male,United-States,>50K,240441,0,1564,40
1495,85,Self-emp-inc,Bachelors,13,Widowed,Exec-managerial,Not-in-family,White,Male,United-States,>50K.,155981,0,0,40
1496,58,Private,Some-college,10,Divorced,Other-service,Unmarried,Black,Female,United-States,<=50K,209438,0,0,40
1497,51,Private,Bachelors,13,Never-married,Sales,Not-in-family,White,Female,United-States,>50K,216475,0,1564,43
1498,53,Private,Bachelors,13,Married-civ-spouse,Prof-specialty,Wife,White,Female,United-States,>50K.,350131,0,0,48
1499,33,State-gov,Masters,14,Never-married,Prof-specialty,Not-in-family,White,Male,United-States,<=50K,313729,0,0,60
1500,27,Federal-gov,HS-grad,9,Divorced,Adm-clerical,Not-in-family,White,Male,United-States,<=50K,105189,4865,0,50
1501,32,Private,HS-grad,9,Married-civ-spouse,Craft-repair,Husband,White,Male,El-Salvador,<=50K.,459465,0,0,40
1502,54,Self-emp-inc,Bachelors,13,Divorced,Exec-managerial,Not-in-family,White,Male,United-States,>50K.,22743,99999,0,70
1503,32,,Assoc-voc,11,Never-married,,Unmarried,White,Female,United-States,<=50K,199046,0,0,2
1504,49,Private,HS-grad,9,Divorced,Other-service,Not-in-family,White,Female,United-States,<=50K.,191320,0,0,24
1505,60,Self-emp-inc,Prof-school,15,Married-civ-spouse,Prof-specialty,Husband,White,Male,United-States,>50K,336188,0,2415,80
1506,30,Private,Some-college,10,Never-married,Adm-clerical,Unmarried,Black,Female,,<=50K,191777,0,0,40
1507,61,,HS-grad,9,Divorced,,Not-in-family,White,Male,United-States,<=50K,226989,4865,0,40
1508,32,Private,HS-grad,9,Divorced,Handlers-cleaners,Not-in-family,White,Male,United-States,<=50K,130040,0,0,40
1509,36,Private,Some-college,10,Never-married,Adm-clerical,Own-child,White,Female,United-States,<=50K.,327435,0,0,40
1510,39,Self-emp-not-inc,10th,6,Married-civ-spouse,Transport-moving,Husband,White,Male,United-States,<=50K.,41017,0,0,70
1511,29,Private,HS-grad,9,Never-married,Adm-clerical,Not-in-family,White,Female,United-States,<=50K,46987,0,0,55
1512,37,Private,HS-grad,9,Never-married,Machine-op-inspct,Not-in-family,White,Male,Puerto-Rico,<=50K,118681,0,0,38
1513,52,Private,Bachelors,13,Married-civ-spouse,Exec-managerial,Husband,White,Male,United-States,>50K.,203635,0,1902,65
1514,34,Private,Bachelors,13,Married-civ-spouse,Exec-managerial,Husband,White,Male,United-States,>50K.,197252,0,0,45
1515,54,Private,HS-grad,9,Married-civ-spouse,Exec-managerial,Husband,White,Male,United-States,>50K.,27484,0,0,40
1516,41,Private,HS-grad,9,Married-civ-spouse,Other-service,Husband,Asian-Pac-Islander,Male,China,<=50K,173858,0,0,40
1517,43,Private,Some-college,10,Married-civ-spouse,Sales,Husband,White,Male,Cuba,<=50K.,343061,0,0,50
1518,25,Private,5th-6th,3,Married-civ-spouse,Other-service,Husband,White,Male,Mexico,<=50K.,399117,0,0,40
1519,24,Private,Bachelors,13,Never-married,Sales,Own-child,White,Male,United-States,<=50K,448026,0,0,40
1520,29,Private,Bachelors,13,Married-civ-spouse,Tech-support,Husband,White,Male,United-States,>50K,134890,0,0,40
1521,39,Private,HS-grad,9,Separated,Handlers-cleaners,Not-in-family,Black,Male,United-States,<=50K,393480,0,0,40
1522,61,Federal-gov,Some-college,10,Married-civ-spouse,Transport-moving,Husband,Black,Male,United-States,<=50K.,512864,0,0,40
1523,27,Private,HS-grad,9,Never-married,Sales,Own-child,White,Female,Mexico,<=50K.,217530,0,0,45
1524,41,Private,HS-grad,9,Married-civ-spouse,Exec-managerial,Husband,White,Male,United-States,<=50K.,369781,0,0,55
1525,35,Private,HS-grad,9,Divorced,Transport-moving,Not-in-family,White,Female,United-States,>50K,187053,0,0,60
1526,28,,HS-grad,9,Never-married,,Not-in-family,White,Female,United-States,<=50K.,49028,0,0,40
1527,25,Private,HS-grad,9,Never-married,Sales,Not-in-family,White,Female,United-States,<=50K.,221078,0,0,35
1528,17,Private,11th,7,Never-married,Other-service,Own-child,White,Female,United-States,<=50K.,230999,0,0,16
1529,32,Private,HS-grad,9,Married-civ-spouse,Other-service,Husband,White,Male,United-States,<=50K.,203181,0,0,60
1530,20,Private,Some-college,10,Never-married,Sales,Own-child,White,Female,United-States,<=50K.,275421,0,0,20
1531,52,Self-emp-inc,Prof-school,15,Married-civ-spouse,Prof-specialty,Husband,White,Male,United-States,>50K,173754,15024,0,60
1532,22,Private,HS-grad,9,Never-married,Handlers-cleaners,Own-child,White,Male,United-States,<=50K,304602,0,0,40
1533,64,Self-emp-not-inc,HS-grad,9,Married-civ-spouse,Farming-fishing,Husband,White,Male,United-States,>50K,65991,7298,0,45
1534,67,Private,Masters,14,Never-married,Other-service,Not-in-family,White,Female,United-States,<=50K,217028,0,0,40
1535,44,Private,Masters,14,Married-civ-spouse,Prof-specialty,Wife,White,Female,United-States,<=50K,164678,0,0,45
1536,74,Private,HS-grad,9,Divorced,Handlers-cleaners,Not-in-family,White,Female,United-States,<=50K,161387,0,0,16
1537,41,Private,HS-grad,9,Married-civ-spouse,Handlers-cleaners,Husband,White,Male,United-States,>50K.,289551,7688,0,40
1538,20,Private,Some-college,10,Never-married,Handlers-cleaners,Own-child,White,Male,United-States,<=50K,416103,0,0,40
1539,51,Local-gov,Masters,14,Separated,Prof-specialty,Not-in-family,White,Male,United-States,>50K.,181132,0,0,39
1540,51,Federal-gov,Bachelors,13,Married-civ-spouse,Exec-managerial,Husband,Asian-Pac-Islander,Male,United-States,>50K.,85815,0,0,40
1541,35,Private,Some-college,10,Never-married,Exec-managerial,Not-in-family,White,Male,United-States,<=50K,331395,0,0,50
1542,56,Private,Bachelors,13,Married-civ-spouse,Exec-managerial,Wife,Asian-Pac-Islander,Female,United-States,>50K.,329654,7688,0,50
1543,29,Local-gov,Masters,14,Never-married,Prof-specialty,Not-in-family,White,Female,United-States,<=50K.,370675,0,0,50
1544,29,Local-gov,Masters,14,Never-married,Prof-specialty,Not-in-family,Black,Female,United-States,<=50K.,214385,0,0,35
1545,43,Private,Bachelors,13,Divorced,Sales,Unmarried,White,Male,United-States,>50K,60001,0,0,44
1546,69,Self-emp-not-inc,HS-grad,9,Married-civ-spouse,Sales,Husband,White,Male,United-States,<=50K,170877,0,0,48
1547,38,Private,9th,5,Married-spouse-absent,Handlers-cleaners,Not-in-family,White,Male,Mexico,<=50K,446654,0,0,40
1548,33,Private,Bachelors,13,Married-civ-spouse,Prof-specialty,Husband,White,Male,United-States,>50K,169879,3103,0,47
1549,32,Private,Some-college,10,Never-married,Tech-support,Not-in-family,Black,Female,United-States,<=50K.,279912,0,0,40
1550,20,Self-emp-not-inc,HS-grad,9,Never-married,Transport-moving,Own-child,White,Male,United-States,<=50K,211466,0,0,80
1551,47,Private,Some-college,10,Married-civ-spouse,Exec-managerial,Husband,Asian-Pac-Islander,Male,United-States,<=50K,95680,0,0,40
1552,53,Private,Bachelors,13,Married-civ-spouse,Exec-managerial,Husband,White,Male,United-States,>50K,168107,0,0,40
1553,39,Private,Some-college,10,Married-civ-spouse,Sales,Wife,White,Female,United-States,<=50K.,205997,0,0,21
1554,60,Private,HS-grad,9,Married-civ-spouse,Machine-op-inspct,Husband,White,Male,United-States,<=50K,187124,0,0,40
1555,40,Private,HS-grad,9,Married-civ-spouse,Machine-op-inspct,Husband,White,Male,United-States,>50K,154374,0,0,40
1556,58,Self-emp-not-inc,Bachelors,13,Divorced,Other-service,Not-in-family,White,Female,United-States,<=50K,154537,0,0,20
1557,30,Private,5th-6th,3,Married-civ-spouse,Craft-repair,Husband,White,Male,Mexico,<=50K.,288419,0,0,40
1558,76,,Prof-school,15,Married-civ-spouse,,Husband,White,Male,United-States,<=50K,224680,0,1258,20
1559,35,Private,Assoc-voc,11,Married-civ-spouse,Sales,Husband,White,Male,Germany,>50K,178322,0,0,50
1560,51,Private,Some-college,10,Married-civ-spouse,Craft-repair,Husband,White,Male,United-States,>50K.,150999,7298,0,40
1561,35,Private,Assoc-voc,11,Never-married,Other-service,Not-in-family,White,Male,United-States,<=50K,216256,0,0,60
1562,59,Private,9th,5,Widowed,Handlers-cleaners,Unmarried,White,Male,United-States,<=50K.,137506,0,0,40
1563,60,Local-gov,Some-college,10,Widowed,Farming-fishing,Not-in-family,White,Male,United-States,<=50K.,129193,0,0,40
1564,42,Private,Assoc-acdm,12,Married-civ-spouse,Exec-managerial,Husband,Black,Male,,>50K,197583,0,0,40
1565,34,Private,Bachelors,13,Never-married,Sales,Not-in-family,White,Female,United-States,<=50K.,198183,0,0,50
1566,19,Private,Some-college,10,Never-married,Sales,Own-child,White,Female,United-States,<=50K.,50941,0,0,15
1567,33,Private,Bachelors,13,Married-civ-spouse,Craft-repair,Husband,Black,Male,United-States,<=50K.,399531,0,0,40
1568,43,Self-emp-not-inc,HS-grad,9,Married-civ-spouse,Craft-repair,Husband,White,Male,United-States,<=50K,183479,0,0,30
1569,22,Private,Some-college,10,Married-spouse-absent,Sales,Own-child,Other,Female,Dominican-Republic,<=50K,95566,0,0,22
1570,35,Self-emp-not-inc,Some-college,10,Married-civ-spouse,Exec-managerial,Husband,White,Male,United-States,<=50K,335704,0,0,40
1571,29,Private,Bachelors,13,Never-married,Sales,Own-child,Black,Male,United-States,<=50K.,485944,0,0,40
1572,29,State-gov,Some-college,10,Divorced,Adm-clerical,Own-child,White,Male,United-States,<=50K,33798,0,0,20
1573,24,Private,Bachelors,13,Never-married,Prof-specialty,Own-child,Asian-Pac-Islander,Male,United-States,<=50K.,166297,0,0,25
1574,41,Private,1st-4th,2,Married-civ-spouse,Sales,Husband,White,Male,Mexico,<=50K,196344,0,0,50
1575,38,Private,Masters,14,Divorced,Exec-managerial,Not-in-family,White,Male,United-States,>50K,153066,0,0,45
1576,37,Self-emp-not-inc,HS-grad,9,Divorced,Exec-managerial,Unmarried,White,Male,United-States,<=50K,121510,0,0,55
1577,35,Private,Some-college,10,Married-civ-spouse,Exec-managerial,Husband,White,Male,United-States,<=50K.,195253,0,0,60
1578,34,Private,Bachelors,13,Married-civ-spouse,Prof-specialty,Husband,White,Male,United-States,>50K.,161153,0,0,40
1579,25,Private,Assoc-acdm,12,Married-civ-spouse,Craft-repair,Husband,White,Male,United-States,>50K.,307643,3103,0,45
1580,30,Private,HS-grad,9,Never-married,Farming-fishing,Own-child,Black,Male,United-States,<=50K,124187,0,0,60
1581,41,Private,HS-grad,9,Never-married,Machine-op-inspct,Own-child,White,Male,United-States,>50K.,106159,14344,0,48
1582,20,Private,HS-grad,9,Never-married,Machine-op-inspct,Own-child,White,Male,United-States,<=50K.,143062,0,0,40
1583,43,,Some-college,10,Divorced,,Unmarried,Asian-Pac-Islander,Female,United-States,<=50K,82077,0,0,40
1584,38,Private,Bachelors,13,Married-civ-spouse,Sales,Husband,White,Male,United-States,>50K,607848,0,0,40
1585,67,Private,Some-college,10,Widowed,Sales,Not-in-family,White,Male,United-States,<=50K.,219687,0,0,18
1586,25,Private,Some-college,10,Never-married,Farming-fishing,Unmarried,White,Male,United-States,<=50K.,232938,0,0,40
1587,38,Private,11th,7,Married-civ-spouse,Craft-repair,Husband,White,Male,United-States,>50K,76878,5178,0,40
1588,42,Private,Assoc-voc,11,Married-civ-spouse,Tech-support,Husband,White,Male,United-States,>50K.,32016,7298,0,40
1589,26,Self-emp-inc,Bachelors,13,Never-married,Exec-managerial,Not-in-family,White,Male,United-States,<=50K,109240,0,0,50
1590,49,Private,Assoc-acdm,12,Widowed,Sales,Not-in-family,White,Female,Germany,<=50K.,178160,0,0,40
1591,72,Private,7th-8th,4,Married-civ-spouse,Other-service,Husband,White,Male,United-States,<=50K.,98035,0,0,20
1592,45,Self-emp-inc,Bachelors,13,Married-civ-spouse,Exec-managerial,Husband,White,Male,United-States,<=50K,188330,0,0,60
1593,76,,HS-grad,9,Widowed,,Not-in-family,White,Female,United-States,<=50K,164835,0,0,25
1594,31,Private,HS-grad,9,Married-civ-spouse,Machine-op-inspct,Husband,White,Male,United-States,>50K,202729,0,0,40
1595,58,,Some-college,10,Married-civ-spouse,,Husband,White,Male,United-States,>50K,169982,0,0,40
1596,35,Self-emp-inc,Bachelors,13,Married-civ-spouse,Exec-managerial,Husband,White,Male,United-States,>50K,65624,0,0,50
1597,17,Private,11th,7,Never-married,Transport-moving,Own-child,White,Male,United-States,<=50K,327127,0,0,20
1598,55,Private,1st-4th,2,Divorced,Priv-house-serv,Unmarried,White,Female,Cuba,<=50K,223613,0,0,30
1599,24,Self-emp-inc,Bachelors,13,Never-married,Adm-clerical,Own-child,White,Male,United-States,<=50K.,197496,0,0,20
1600,40,Private,Assoc-voc,11,Married-civ-spouse,Sales,Husband,White,Male,United-States,<=50K,362482,0,0,50
1601,46,Private,Bachelors,13,Divorced,Machine-op-inspct,Unmarried,Other,Female,Puerto-Rico,<=50K,171199,0,0,40
1602,54,Local-gov,HS-grad,9,Married-civ-spouse,Protective-serv,Husband,White,Male,United-States,<=50K.,190333,0,0,40
1603,32,Private,HS-grad,9,Married-civ-spouse,Adm-clerical,Wife,White,Female,United-States,<=50K.,119176,0,0,44
1604,48,Local-gov,Masters,14,Married-civ-spouse,Prof-specialty,Husband,White,Male,United-States,>50K,123075,0,0,35
1605,58,Private,HS-grad,9,Married-civ-spouse,Machine-op-inspct,Husband,White,Male,United-States,<=50K,205410,0,0,40
1606,47,Private,Some-college,10,Separated,Other-service,Not-in-family,White,Female,United-States,<=50K.,34307,0,0,35
1607,27,State-gov,Bachelors,13,Never-married,Prof-specialty,Not-in-family,Black,Female,United-States,<=50K.,222506,0,0,60
1608,41,Private,Some-college,10,Married-civ-spouse,Tech-support,Husband,Black,Male,United-States,<=50K,282948,3137,0,40
1609,38,Private,HS-grad,9,Married-civ-spouse,Craft-repair,Husband,White,Male,El-Salvador,>50K.,133935,0,0,41
1610,18,Private,HS-grad,9,Never-married,Other-service,Own-child,White,Female,United-States,<=50K,174394,0,0,20
1611,69,,Prof-school,15,Married-civ-spouse,,Wife,White,Female,,<=50K,199591,0,0,25
1612,38,Private,Assoc-voc,11,Married-civ-spouse,Craft-repair,Husband,White,Male,United-States,>50K,32916,0,0,55
1613,52,Self-emp-inc,10th,6,Married-civ-spouse,Sales,Husband,White,Male,United-States,<=50K,177727,4064,0,45
1614,47,Private,Bachelors,13,Married-civ-spouse,Sales,Husband,White,Male,United-States,>50K,120131,0,0,40
1615,34,Private,Bachelors,13,Married-civ-spouse,Priv-house-serv,Wife,White,Female,United-States,>50K.,167049,0,0,20
1616,27,Private,Prof-school,15,Married-civ-spouse,Prof-specialty,Wife,White,Female,United-States,>50K,153291,0,0,50
1617,30,Private,Prof-school,15,Never-married,Prof-specialty,Not-in-family,White,Male,United-States,<=50K.,143078,0,0,40
1618,43,Private,HS-grad,9,Married-civ-spouse,Craft-repair,Husband,White,Male,United-States,>50K,195258,0,0,40
1619,66,,Some-college,10,Married-civ-spouse,,Husband,White,Male,United-States,<=50K,210750,0,0,50
1620,45,Private,Masters,14,Married-civ-spouse,Adm-clerical,Husband,White,Male,United-States,>50K,129336,0,0,45
1621,66,,11th,7,Married-civ-spouse,,Husband,White,Male,United-States,<=50K,117778,0,0,40
1622,22,Private,HS-grad,9,Married-civ-spouse,Transport-moving,Husband,White,Male,United-States,<=50K,152878,0,0,40
1623,18,Private,Some-college,10,Never-married,Other-service,Own-child,White,Male,United-States,<=50K,212936,0,0,15
1624,56,Private,HS-grad,9,Never-married,Adm-clerical,Not-in-family,White,Female,United-States,<=50K,85018,0,0,40
1625,39,Private,Masters,14,Married-civ-spouse,Exec-managerial,Husband,Asian-Pac-Islander,Male,United-States,>50K,79331,15024,0,40
1626,30,Private,Bachelors,13,Married-civ-spouse,Prof-specialty,Husband,White,Male,United-States,>50K,159589,7688,0,50
1627,32,Private,HS-grad,9,Divorced,Craft-repair,Unmarried,White,Male,United-States,<=50K,42485,0,0,40
1628,50,State-gov,Bachelors,13,Never-married,Exec-managerial,Not-in-family,White,Female,United-States,<=50K,198103,0,0,40
1629,52,Private,Some-college,10,Divorced,Exec-managerial,Unmarried,White,Female,United-States,<=50K,308764,0,0,40
1630,19,Private,HS-grad,9,Never-married,Handlers-cleaners,Other-relative,White,Male,United-States,<=50K,105908,0,0,70
1631,63,,HS-grad,9,Married-civ-spouse,,Husband,White,Male,United-States,<=50K.,174817,0,0,32
1632,25,Private,12th,8,Married-civ-spouse,Craft-repair,Husband,White,Male,United-States,>50K,162687,0,0,40
1633,26,,Some-college,10,Never-married,,Own-child,Asian-Pac-Islander,Male,Philippines,<=50K,375313,0,0,40
1634,42,Private,Assoc-voc,11,Married-civ-spouse,Craft-repair,Husband,White,Male,United-States,<=50K.,165815,0,0,40
1635,28,Private,Some-college,10,Separated,Other-service,Unmarried,White,Female,United-States,<=50K,71733,0,0,15
1636,47,Self-emp-not-inc,Bachelors,13,Married-civ-spouse,Sales,Husband,White,Male,United-States,>50K,61885,0,0,40
1637,40,Private,Some-college,10,Separated,Exec-managerial,Unmarried,White,Female,United-States,<=50K,195617,0,0,20
1638,57,Private,Some-college,10,Married-civ-spouse,Sales,Husband,White,Male,United-States,>50K,20953,0,1902,40
1639,30,Private,Assoc-acdm,12,Never-married,Prof-specialty,Not-in-family,White,Female,United-States,<=50K,197058,0,0,40
1640,67,Self-emp-inc,Masters,14,Married-civ-spouse,Sales,Husband,White,Male,United-States,>50K,330144,0,0,48
1641,36,Private,HS-grad,9,Never-married,Exec-managerial,Not-in-family,White,Male,United-States,<=50K,145933,0,2258,70
1642,24,Private,Some-college,10,Never-married,Exec-managerial,Not-in-family,White,Male,United-States,<=50K.,318612,0,1504,40
1643,20,,12th,8,Never-married,,Not-in-family,Black,Female,United-States,<=50K,230955,0,0,35
1644,31,Private,Some-college,10,Never-married,Sales,Not-in-family,White,Female,United-States,<=50K,236391,0,0,40
1645,47,Private,HS-grad,9,Married-civ-spouse,Sales,Husband,White,Male,United-States,>50K,339863,0,0,45
1646,39,Private,HS-grad,9,Married-civ-spouse,Craft-repair,Husband,White,Male,United-States,>50K.,166193,0,0,40
1647,27,Private,Assoc-voc,11,Never-married,Craft-repair,Other-relative,White,Male,United-States,<=50K,178688,0,0,40
1648,34,Private,HS-grad,9,Married-civ-spouse,Sales,Wife,Black,Female,United-States,<=50K.,185820,0,0,40
1649,35,Private,HS-grad,9,Separated,Exec-managerial,Not-in-family,White,Female,United-States,<=50K,95551,0,0,36
1650,64,Self-emp-not-inc,HS-grad,9,Married-civ-spouse,Craft-repair,Husband,White,Male,United-States,>50K.,169604,0,0,30
1651,52,Private,HS-grad,9,Divorced,Adm-clerical,Unmarried,White,Female,United-States,<=50K,208630,0,1741,38
1652,57,Local-gov,HS-grad,9,Divorced,Adm-clerical,Unmarried,White,Female,United-States,<=50K.,139095,0,0,40
1653,31,Private,HS-grad,9,Married-civ-spouse,Craft-repair,Husband,White,Male,United-States,<=50K,291702,0,0,40
1654,20,Private,Some-college,10,Never-married,Adm-clerical,Own-child,White,Female,United-States,<=50K,187158,0,0,15
1655,33,Private,HS-grad,9,Never-married,Craft-repair,Not-in-family,White,Male,United-States,<=50K,55717,0,0,40
1656,20,Private,HS-grad,9,Never-married,Other-service,Own-child,White,Female,United-States,<=50K,190457,0,0,30
1657,26,Private,Some-college,10,Married-civ-spouse,Craft-repair,Husband,White,Male,United-States,<=50K,224361,0,0,40
1658,17,Private,10th,6,Never-married,Sales,Own-child,White,Female,United-States,<=50K,36877,0,0,10
1659,33,Private,HS-grad,9,Divorced,Other-service,Unmarried,Black,Male,United-States,<=50K,182423,0,0,40
1660,40,Private,Some-college,10,Married-civ-spouse,Machine-op-inspct,Husband,White,Male,United-States,>50K,132222,4386,0,50
1661,39,Private,Some-college,10,Divorced,Exec-managerial,Not-in-family,White,Female,United-States,<=50K,187167,0,0,40
1662,34,State-gov,HS-grad,9,Never-married,Handlers-cleaners,Not-in-family,Black,Male,United-States,<=50K,156292,0,0,40
1663,19,Private,10th,6,Never-married,Craft-repair,Not-in-family,White,Male,United-States,<=50K,323810,0,0,40
1664,30,Private,HS-grad,9,Married-civ-spouse,Protective-serv,Husband,White,Male,United-States,<=50K,101266,0,0,40
1665,52,Private,HS-grad,9,Married-civ-spouse,Craft-repair,Husband,White,Male,United-States,<=50K,89041,0,0,40
1666,36,Private,HS-grad,9,Married-civ-spouse,Craft-repair,Husband,White,Male,Italy,<=50K.,203828,0,0,40
1667,25,Private,Assoc-acdm,12,Married-civ-spouse,Sales,Husband,White,Male,United-States,<=50K.,52921,0,0,45
1668,33,,10th,6,Never-married,,Other-relative,White,Male,United-States,<=50K,216908,0,0,40
1669,22,,HS-grad,9,Never-married,,Own-child,Black,Male,United-States,<=50K.,201959,0,0,40
1670,20,Private,HS-grad,9,Never-married,Sales,Own-child,Asian-Pac-Islander,Female,Philippines,<=50K,70240,0,0,24
1671,18,Private,HS-grad,9,Never-married,Sales,Own-child,White,Female,United-States,<=50K,150817,0,0,20
1672,52,Private,Some-college,10,Married-civ-spouse,Exec-managerial,Husband,White,Male,Canada,>50K,186303,15024,0,55
1673,20,Self-emp-inc,9th,5,Never-married,Craft-repair,Unmarried,White,Male,United-States,<=50K.,134815,0,625,40
1674,34,Federal-gov,Some-college,10,Married-AF-spouse,Adm-clerical,Wife,White,Female,United-States,>50K,436341,0,0,40
1675,37,Private,Assoc-voc,11,Never-married,Craft-repair,Not-in-family,White,Male,United-States,<=50K,183345,0,0,45
1676,32,Local-gov,HS-grad,9,Married-civ-spouse,Craft-repair,Husband,White,Male,United-States,>50K,127651,0,0,40
1677,44,Self-emp-not-inc,HS-grad,9,Married-civ-spouse,Craft-repair,Husband,White,Male,United-States,<=50K,138975,0,0,55
1678,33,Private,Masters,14,Married-civ-spouse,Prof-specialty,Husband,White,Male,United-States,>50K,144949,15024,0,40
1679,27,Private,HS-grad,9,Never-married,Sales,Own-child,Black,Male,United-States,<=50K.,104993,0,0,40
1680,43,Private,Some-college,10,Divorced,Prof-specialty,Unmarried,White,Female,United-States,<=50K,182254,0,0,40
1681,39,Private,HS-grad,9,Married-civ-spouse,Transport-moving,Husband,White,Male,United-States,>50K,211440,0,0,55
1682,19,Private,Some-college,10,Never-married,Adm-clerical,Own-child,White,Female,United-States,<=50K,142219,0,0,30
1683,52,Local-gov,HS-grad,9,Married-civ-spouse,Transport-moving,Husband,White,Male,Puerto-Rico,>50K.,203953,0,0,40
1684,42,Private,Bachelors,13,Married-civ-spouse,Sales,Husband,White,Male,United-States,>50K.,261929,0,0,45
1685,76,,11th,7,Widowed,,Other-relative,White,Female,United-States,<=50K,201986,0,0,16
1686,51,Private,Masters,14,Married-civ-spouse,Prof-specialty,Husband,White,Male,United-States,>50K,154342,7688,0,45
1687,22,Private,12th,8,Never-married,Handlers-cleaners,Not-in-family,White,Male,United-States,<=50K,254293,0,0,40
1688,39,Private,Masters,14,Married-civ-spouse,Exec-managerial,Husband,White,Male,Cuba,>50K,505119,0,0,40
1689,46,Private,Some-college,10,Married-spouse-absent,Sales,Unmarried,White,Female,United-States,<=50K,292504,0,0,40
1690,19,,Some-college,10,Never-married,,Own-child,White,Male,United-States,<=50K,117201,0,0,22
1691,37,Federal-gov,Bachelors,13,Married-civ-spouse,Prof-specialty,Husband,White,Male,United-States,<=50K.,38948,0,0,40
1692,26,Local-gov,HS-grad,9,Married-civ-spouse,Craft-repair,Own-child,Black,Male,United-States,<=50K.,250551,0,0,40
1693,50,Private,Bachelors,13,Divorced,Exec-managerial,Unmarried,White,Female,United-States,<=50K,193871,0,0,40
1694,40,Private,Bachelors,13,Married-spouse-absent,Sales,Not-in-family,White,Male,United-States,>50K.,144778,0,0,40
1695,33,Private,Assoc-voc,11,Never-married,Other-service,Unmarried,White,Female,United-States,<=50K.,112305,0,0,10
1696,46,Local-gov,Masters,14,Married-civ-spouse,Exec-managerial,Husband,White,Male,United-States,>50K.,138107,0,1902,60
1697,39,Local-gov,11th,7,Divorced,Adm-clerical,Unmarried,White,Female,United-States,<=50K,189911,0,0,40
1698,60,Self-emp-not-inc,HS-grad,9,Divorced,Adm-clerical,Unmarried,White,Female,United-States,<=50K.,157588,0,0,99
1699,60,Self-emp-not-inc,HS-grad,9,Married-civ-spouse,Sales,Wife,White,Female,United-States,<=50K,184362,0,0,25
1700,69,Self-emp-not-inc,HS-grad,9,Married-civ-spouse,Exec-managerial,Husband,White,Male,United-States,>50K,185039,9386,0,12
1701,31,Private,HS-grad,9,Separated,Adm-clerical,Unmarried,White,Female,,<=50K,323069,0,0,20
1702,29,Private,HS-grad,9,Never-married,Tech-support,Not-in-family,White,Female,United-States,<=50K.,180115,0,0,45
1703,36,Private,Bachelors,13,Married-civ-spouse,Prof-specialty,Husband,White,Male,United-States,>50K.,150057,0,0,50
1704,54,Private,HS-grad,9,Married-civ-spouse,Farming-fishing,Husband,White,Male,United-States,<=50K,449257,0,0,40
1705,24,Private,Bachelors,13,Never-married,Transport-moving,Own-child,White,Male,United-States,<=50K.,229826,0,0,20
1706,21,,Some-college,10,Never-married,,Own-child,White,Male,United-States,<=50K,72953,0,0,40
1707,49,Private,Assoc-voc,11,Married-civ-spouse,Machine-op-inspct,Wife,White,Female,Peru,<=50K,147322,0,0,40
1708,54,Private,Bachelors,13,Never-married,Prof-specialty,Not-in-family,White,Female,United-States,<=50K,282680,0,0,50
1709,58,Private,HS-grad,9,Married-civ-spouse,Exec-managerial,Husband,White,Male,United-States,>50K.,220896,0,0,40
1710,17,Private,10th,6,Never-married,Other-service,Own-child,White,Female,United-States,<=50K.,150471,0,0,25
1711,41,Private,Assoc-voc,11,Married-civ-spouse,Adm-clerical,Wife,White,Female,United-States,>50K,95047,7688,0,44
1712,20,Private,Some-college,10,Never-married,Adm-clerical,Own-child,White,Female,United-States,<=50K,362999,0,0,20
1713,40,Local-gov,Bachelors,13,Married-civ-spouse,Prof-specialty,Wife,White,Female,United-States,>50K,63042,0,0,40
1714,34,Private,Bachelors,13,Never-married,Sales,Not-in-family,White,Male,United-States,<=50K.,118786,0,0,20
1715,38,State-gov,Some-college,10,Married-civ-spouse,Protective-serv,Husband,White,Male,United-States,>50K.,116975,0,1887,50
1716,31,Private,Assoc-acdm,12,Married-civ-spouse,Adm-clerical,Husband,White,Male,Italy,<=50K,189759,0,0,40
1717,26,Private,HS-grad,9,Married-civ-spouse,Craft-repair,Husband,White,Male,United-States,<=50K,198801,0,0,45
1718,40,Private,HS-grad,9,Married-civ-spouse,Craft-repair,Husband,Black,Male,Haiti,<=50K.,266631,0,0,40
1719,50,Private,Bachelors,13,Married-civ-spouse,Sales,Husband,White,Male,United-States,<=50K,112873,0,0,40
1720,48,Private,HS-grad,9,Divorced,Craft-repair,Other-relative,White,Male,United-States,<=50K,34845,0,0,40
1721,27,Private,Assoc-acdm,12,Married-civ-spouse,Machine-op-inspct,Husband,White,Male,United-States,<=50K.,37302,0,0,40
1722,25,Private,Bachelors,13,Never-married,Craft-repair,Own-child,White,Male,United-States,<=50K,177499,0,1590,35
1723,38,Self-emp-not-inc,HS-grad,9,Married-civ-spouse,Transport-moving,Husband,White,Male,United-States,<=50K.,248929,0,0,50
1724,30,Private,HS-grad,9,Married-civ-spouse,Tech-support,Husband,White,Male,United-States,>50K,65278,0,0,40
1725,35,,HS-grad,9,Married-civ-spouse,,Wife,Black,Female,United-States,<=50K,153926,0,0,40
1726,28,Self-emp-not-inc,HS-grad,9,Never-married,Other-service,Not-in-family,White,Female,United-States,<=50K,176027,0,0,28
1727,42,Private,7th-8th,4,Divorced,Other-service,Unmarried,White,Female,,<=50K.,143208,0,0,40
1728,46,Private,Bachelors,13,Married-civ-spouse,Sales,Husband,White,Male,United-States,>50K.,129232,0,0,55
1729,60,Local-gov,Assoc-voc,11,Married-civ-spouse,Other-service,Husband,White,Male,United-States,<=50K,202473,0,0,40
1730,38,Private,9th,5,Married-spouse-absent,Exec-managerial,Not-in-family,White,Male,Mexico,<=50K.,219446,0,0,54
1731,24,Private,Assoc-acdm,12,Divorced,Machine-op-inspct,Not-in-family,White,Male,United-States,<=50K.,155172,0,0,40
1732,49,Private,Some-college,10,Widowed,Exec-managerial,Not-in-family,White,Female,United-States,>50K,23074,0,0,40
1733,21,,Some-college,10,Never-married,,Own-child,White,Female,United-States,<=50K.,108670,0,0,40
1734,36,Private,HS-grad,9,Married-civ-spouse,Machine-op-inspct,Husband,White,Male,United-States,>50K,184659,0,0,40
1735,44,Private,Prof-school,15,Married-civ-spouse,Prof-specialty,Husband,White,Male,United-States,>50K,116825,15024,0,80
1736,25,Private,HS-grad,9,Never-married,Handlers-cleaners,Own-child,Black,Female,United-States,<=50K.,125082,0,0,40
1737,53,Self-emp-inc,Assoc-voc,11,Married-civ-spouse,Farming-fishing,Husband,White,Male,United-States,>50K.,158294,99999,0,75
1738,28,Private,HS-grad,9,Never-married,Adm-clerical,Own-child,Amer-Indian-Eskimo,Female,United-States,<=50K.,166634,0,0,40
1739,18,Private,Some-college,10,Never-married,Other-service,Own-child,White,Male,United-States,<=50K.,190776,0,0,30
1740,64,Private,HS-grad,9,Married-civ-spouse,Exec-managerial,Husband,White,Male,United-States,<=50K,126233,0,0,20
1741,33,Private,HS-grad,9,Married-civ-spouse,Machine-op-inspct,Husband,White,Male,United-States,<=50K,153588,0,0,40
1742,64,Private,Bachelors,13,Divorced,Exec-managerial,Not-in-family,White,Male,United-States,>50K,218490,27828,0,55
1743,32,Private,11th,7,Never-married,Priv-house-serv,Unmarried,Black,Female,United-States,<=50K,188245,0,0,40
1744,57,Self-emp-inc,HS-grad,9,Married-civ-spouse,Sales,Husband,White,Male,United-States,>50K,220789,0,0,45
1745,22,Private,HS-grad,9,Married-spouse-absent,Adm-clerical,Other-relative,White,Female,United-States,<=50K.,339644,0,0,40
1746,38,Private,Bachelors,13,Married-civ-spouse,Exec-managerial,Husband,White,Male,United-States,>50K,455379,0,0,63
1747,54,Self-emp-inc,Some-college,10,Married-civ-spouse,Sales,Husband,White,Male,United-States,>50K,98051,0,0,54
1748,49,State-gov,Some-college,10,Married-civ-spouse,Machine-op-inspct,Husband,White,Male,United-States,>50K,122177,0,0,40
1749,43,Private,Masters,14,Married-civ-spouse,Prof-specialty,Husband,White,Male,United-States,>50K,150528,0,0,40
1750,45,Private,Some-college,10,Married-civ-spouse,Transport-moving,Husband,White,Male,United-States,<=50K,179428,0,0,55
1751,26,Private,10th,6,Never-married,Adm-clerical,Not-in-family,Black,Male,United-States,<=50K,375499,0,0,20
1752,49,Private,Bachelors,13,Married-civ-spouse,Exec-managerial,Husband,White,Male,United-States,>50K.,219611,0,0,75
1753,33,Local-gov,Bachelors,13,Never-married,Prof-specialty,Not-in-family,White,Female,United-States,<=50K,246291,0,0,46
1754,49,Private,7th-8th,4,Married-civ-spouse,Craft-repair,Husband,White,Male,United-States,<=50K,31267,0,0,40
1755,47,Private,HS-grad,9,Never-married,Craft-repair,Not-in-family,White,Male,United-States,<=50K,220124,0,0,40
1756,37,Private,5th-6th,3,Separated,Farming-fishing,Not-in-family,White,Male,Guatemala,<=50K,327323,0,0,32
1757,41,,Bachelors,13,Married-spouse-absent,,Not-in-family,White,Male,United-States,<=50K,206916,0,0,30
1758,41,Self-emp-inc,Doctorate,16,Married-civ-spouse,Prof-specialty,Husband,White,Male,United-States,>50K,495061,99999,0,70
1759,54,Local-gov,Bachelors,13,Married-civ-spouse,Prof-specialty,Husband,White,Male,United-States,>50K.,220054,0,1902,40
1760,60,Self-emp-not-inc,Masters,14,Married-civ-spouse,Prof-specialty,Husband,White,Male,United-States,<=50K,135285,0,0,40
1761,30,Private,HS-grad,9,Divorced,Transport-moving,Not-in-family,White,Male,United-States,<=50K.,48520,0,0,43
1762,42,Federal-gov,Masters,14,Married-civ-spouse,Adm-clerical,Wife,White,Female,United-States,>50K.,178074,0,1902,40
1763,25,State-gov,Some-college,10,Married-civ-spouse,Protective-serv,Husband,White,Male,United-States,<=50K,108542,0,0,40
1764,47,Private,Bachelors,13,Married-civ-spouse,Exec-managerial,Husband,White,Male,Canada,>50K,156926,0,0,45
1765,39,Private,Bachelors,13,Separated,Sales,Not-in-family,White,Male,United-States,<=50K,192337,0,0,50
1766,62,,HS-grad,9,Married-civ-spouse,,Husband,White,Male,United-States,>50K.,103575,5178,0,40
1767,32,Self-emp-not-inc,Bachelors,13,Married-civ-spouse,Farming-fishing,Husband,White,Male,United-States,<=50K.,45604,0,0,70
1768,40,Private,Masters,14,Married-civ-spouse,Prof-specialty,Wife,White,Female,United-States,>50K.,276759,0,0,60
1769,31,Private,12th,8,Divorced,Transport-moving,Own-child,White,Male,United-States,<=50K,199883,0,0,40
1770,46,Private,Some-college,10,Married-spouse-absent,Craft-repair,Not-in-family,Asian-Pac-Islander,Male,Philippines,<=50K,91262,0,0,40
1771,25,Private,HS-grad,9,Married-civ-spouse,Adm-clerical,Wife,White,Female,United-States,<=50K,303431,0,0,40
1772,30,Private,Some-college,10,Never-married,Tech-support,Unmarried,White,Female,United-States,<=50K,44419,0,0,40
1773,33,Private,Preschool,1,Married-civ-spouse,Farming-fishing,Husband,White,Male,Mexico,<=50K,239781,0,0,40
1774,42,Private,HS-grad,9,Divorced,Handlers-cleaners,Unmarried,Black,Female,United-States,<=50K,403187,0,0,40
1775,27,Private,Bachelors,13,Never-married,Prof-specialty,Not-in-family,White,Male,United-States,<=50K,411950,0,0,60
1776,36,Local-gov,HS-grad,9,Married-civ-spouse,Exec-managerial,Husband,White,Male,United-States,<=50K.,102729,0,0,40
1777,32,Private,Bachelors,13,Never-married,Prof-specialty,Not-in-family,White,Male,United-States,<=50K.,114937,6849,0,40
1778,31,Private,Assoc-voc,11,Married-civ-spouse,Transport-moving,Husband,White,Male,United-States,>50K,86492,0,0,30
1779,27,,HS-grad,9,Never-married,,Not-in-family,White,Male,,<=50K.,258231,0,0,35
1780,76,Private,9th,5,Married-civ-spouse,Protective-serv,Husband,White,Male,United-States,<=50K,199949,0,0,13
1781,54,Private,Masters,14,Married-civ-spouse,Exec-managerial,Husband,White,Male,United-States,>50K,215990,0,1887,44
1782,55,Private,Some-college,10,Divorced,Sales,Not-in-family,White,Female,United-States,<=50K.,97197,0,0,50
1783,59,Self-emp-not-inc,7th-8th,4,Married-civ-spouse,Farming-fishing,Husband,White,Male,United-States,<=50K,136413,0,0,48
1784,33,Private,12th,8,Separated,Adm-clerical,Unmarried,White,Female,United-States,<=50K,288273,1471,0,40
1785,39,Self-emp-inc,Bachelors,13,Never-married,Prof-specialty,Unmarried,White,Female,United-States,<=50K.,144154,0,0,80
1786,23,State-gov,Bachelors,13,Never-married,Prof-specialty,Not-in-family,White,Female,United-States,<=50K,136075,0,0,32
1787,26,Private,12th,8,Married-civ-spouse,Priv-house-serv,Wife,Other,Female,Dominican-Republic,<=50K,39014,0,0,40
1788,38,Private,11th,7,Married-civ-spouse,Craft-repair,Husband,White,Male,United-States,<=50K,193026,0,0,40
1789,56,Private,HS-grad,9,Divorced,Other-service,Not-in-family,White,Male,United-States,<=50K,174040,0,0,40
1790,49,Private,Masters,14,Married-civ-spouse,Prof-specialty,Wife,White,Female,United-States,>50K,101825,0,1977,40
1791,26,Private,Some-college,10,Never-married,Sales,Not-in-family,White,Female,United-States,<=50K.,362617,0,0,40
1792,34,Private,Assoc-voc,11,Married-civ-spouse,Craft-repair,Husband,White,Male,United-States,<=50K,399386,0,0,53
1793,43,Self-emp-inc,Doctorate,16,Married-civ-spouse,Prof-specialty,Wife,White,Female,United-States,>50K,35662,0,0,70
1794,29,State-gov,Masters,14,Never-married,Prof-specialty,Not-in-family,White,Male,United-States,<=50K,191355,0,0,40
1795,47,Private,HS-grad,9,Married-civ-spouse,Tech-support,Husband,White,Male,United-States,<=50K.,155107,0,0,40
1796,28,Private,Some-college,10,Never-married,Farming-fishing,Not-in-family,White,Male,Peru,<=50K.,150025,0,0,40
1797,23,Private,HS-grad,9,Married-civ-spouse,Sales,Husband,White,Male,United-States,<=50K,314539,0,0,40
1798,44,Private,HS-grad,9,Married-civ-spouse,Craft-repair,Husband,Black,Male,Haiti,<=50K,223194,0,1485,40
1799,43,Private,Some-college,10,Married-civ-spouse,Sales,Husband,White,Male,United-States,>50K,60001,0,0,40
1800,67,Self-emp-not-inc,7th-8th,4,Married-civ-spouse,Farming-fishing,Husband,White,Male,United-States,<=50K,45814,0,0,40
1801,18,Private,Some-college,10,Never-married,Sales,Own-child,White,Female,United-States,<=50K,60981,2176,0,35
1802,21,Private,Some-college,10,Married-civ-spouse,Craft-repair,Husband,White,Male,United-States,<=50K,305874,0,0,54
1803,46,Private,HS-grad,9,Divorced,Adm-clerical,Not-in-family,White,Female,United-States,<=50K,695411,0,0,44
1804,26,Private,Bachelors,13,Never-married,Tech-support,Not-in-family,White,Male,United-States,<=50K,44308,0,0,40
1805,20,Private,Some-college,10,Never-married,Prof-specialty,Not-in-family,White,Female,United-States,<=50K,193586,0,0,18
1806,27,Private,Some-college,10,Never-married,Machine-op-inspct,Not-in-family,White,Female,United-States,<=50K,146460,0,0,40
1807,51,,HS-grad,9,Separated,,Not-in-family,Black,Male,United-States,<=50K,130667,0,0,6
1808,22,Private,11th,7,Never-married,Sales,Not-in-family,White,Female,United-States,<=50K,271274,0,0,40
1809,19,Private,HS-grad,9,Never-married,Tech-support,Own-child,White,Male,United-States,<=50K,198663,0,0,40
1810,45,State-gov,Assoc-voc,11,Married-civ-spouse,Prof-specialty,Husband,White,Male,United-States,>50K.,72896,0,0,40
1811,41,Private,Assoc-voc,11,Married-civ-spouse,Sales,Husband,White,Male,United-States,>50K,204235,0,0,40
1812,26,Private,Assoc-acdm,12,Married-civ-spouse,Adm-clerical,Wife,White,Female,United-States,<=50K,360252,0,0,40
1813,24,Private,Some-college,10,Married-civ-spouse,Sales,Husband,White,Male,United-States,<=50K,211160,0,0,40
1814,36,Private,HS-grad,9,Married-civ-spouse,Craft-repair,Husband,White,Male,United-States,<=50K.,122493,0,0,40
1815,30,Federal-gov,Bachelors,13,Married-civ-spouse,Prof-specialty,Husband,White,Male,United-States,>50K,314310,0,0,40
1816,26,Private,HS-grad,9,Married-civ-spouse,Exec-managerial,Wife,White,Female,United-States,<=50K,132661,5013,0,40
1817,22,Private,Some-college,10,Never-married,Protective-serv,Own-child,Asian-Pac-Islander,Male,India,<=50K,320451,0,0,24
1818,38,Self-emp-not-inc,HS-grad,9,Separated,Other-service,Unmarried,White,Female,United-States,<=50K,233571,0,0,40
1819,27,Private,Bachelors,13,Never-married,Prof-specialty,Not-in-family,White,Male,United-States,<=50K,183523,0,0,45
1820,59,,9th,5,Married-civ-spouse,,Wife,Black,Female,United-States,<=50K.,199033,0,0,32
1821,17,,7th-8th,4,Never-married,,Own-child,White,Female,United-States,<=50K.,54978,0,0,15
1822,33,Private,Some-college,10,Married-civ-spouse,Adm-clerical,Husband,Black,Male,United-States,>50K,549413,0,0,40
1823,41,Local-gov,Bachelors,13,Separated,Prof-specialty,Unmarried,White,Female,United-States,<=50K.,343591,0,0,10
1824,21,Private,Some-college,10,Never-married,Transport-moving,Own-child,White,Male,United-States,<=50K,208503,0,0,10
1825,41,Private,HS-grad,9,Married-civ-spouse,Transport-moving,Wife,White,Female,United-States,<=50K.,413720,0,0,15
1826,28,Private,Bachelors,13,Married-civ-spouse,Exec-managerial,Husband,White,Male,United-States,>50K.,142712,0,1902,57
1827,25,Private,HS-grad,9,Never-married,Handlers-cleaners,Other-relative,White,Male,Mexico,<=50K,462869,0,0,40
1828,22,Private,HS-grad,9,Married-civ-spouse,Protective-serv,Own-child,White,Male,United-States,<=50K.,254351,0,0,40
1829,33,,Bachelors,13,Married-civ-spouse,,Wife,Asian-Pac-Islander,Female,China,<=50K,152875,0,0,40
1830,33,Private,HS-grad,9,Divorced,Adm-clerical,Unmarried,White,Female,United-States,<=50K,118551,0,0,40
1831,45,Private,HS-grad,9,Never-married,Machine-op-inspct,Own-child,Black,Female,United-States,<=50K.,184070,0,0,40
1832,34,Private,HS-grad,9,Married-civ-spouse,Machine-op-inspct,Husband,White,Male,United-States,<=50K.,159187,0,0,45
1833,42,Local-gov,Bachelors,13,Never-married,Prof-specialty,Not-in-family,White,Male,United-States,<=50K,281315,0,0,50
1834,18,Private,10th,6,Never-married,Other-service,Own-child,White,Male,United-States,<=50K,120781,0,0,20
1835,53,Self-emp-not-inc,Prof-school,15,Married-civ-spouse,Prof-specialty,Husband,White,Male,United-States,>50K,33304,0,0,38
1836,47,Private,Bachelors,13,Divorced,Craft-repair,Not-in-family,White,Female,United-States,<=50K,125120,0,0,50
1837,19,,HS-grad,9,Never-married,,Unmarried,White,Male,United-States,<=50K,241616,0,2001,40
1838,48,Private,Some-college,10,Divorced,Adm-clerical,Unmarried,White,Female,United-States,<=50K,125120,0,0,55
1839,28,Private,Assoc-voc,11,Divorced,Tech-support,Unmarried,White,Female,United-States,<=50K.,109857,0,0,40
1840,33,Private,Prof-school,15,Never-married,Prof-specialty,Not-in-family,White,Female,United-States,>50K,101352,0,0,50
1841,44,Private,Some-college,10,Married-civ-spouse,Sales,Husband,White,Male,United-States,>50K,278476,0,0,60
1842,50,Private,HS-grad,9,Divorced,Adm-clerical,Not-in-family,White,Female,United-States,<=50K.,271493,0,0,40
1843,34,Self-emp-not-inc,Prof-school,15,Married-civ-spouse,Prof-specialty,Husband,White,Male,United-States,>50K,108247,0,0,55
1844,50,Private,Bachelors,13,Married-civ-spouse,Exec-managerial,Husband,White,Male,United-States,>50K,167065,0,0,40
1845,42,Private,Masters,14,Married-civ-spouse,Sales,Husband,White,Male,,>50K,187720,15024,0,50
1846,38,Private,Some-college,10,Married-civ-spouse,Tech-support,Husband,White,Male,United-States,>50K,174242,0,0,40
1847,26,Private,HS-grad,9,Married-civ-spouse,Handlers-cleaners,Husband,White,Male,United-States,<=50K,199143,0,0,50
1848,27,,11th,7,Divorced,,Not-in-family,Asian-Pac-Islander,Male,United-States,<=50K.,95708,0,0,40
1849,38,Self-emp-not-inc,Bachelors,13,Married-civ-spouse,Sales,Husband,White,Male,United-States,>50K,280169,7298,0,50
1850,45,Federal-gov,Bachelors,13,Married-civ-spouse,Adm-clerical,Husband,White,Male,United-States,<=50K,56904,5013,0,45
1851,31,Private,Some-college,10,Never-married,Sales,Not-in-family,Asian-Pac-Islander,Female,United-States,<=50K,159979,0,0,50
1852,19,Private,Some-college,10,Never-married,Adm-clerical,Own-child,White,Female,United-States,<=50K,206599,0,0,16
1853,42,Private,Doctorate,16,Married-spouse-absent,Prof-specialty,Unmarried,Amer-Indian-Eskimo,Female,United-States,<=50K,31387,0,0,40
1854,38,Private,HS-grad,9,Never-married,Handlers-cleaners,Not-in-family,White,Male,United-States,<=50K,150057,0,0,40
1855,39,Private,Some-college,10,Married-civ-spouse,Machine-op-inspct,Husband,White,Male,United-States,<=50K.,185084,0,0,55
1856,36,Private,Some-college,10,Divorced,Craft-repair,Not-in-family,White,Female,United-States,<=50K,296999,0,0,37
1857,47,Private,HS-grad,9,Married-civ-spouse,Other-service,Husband,White,Male,United-States,<=50K,111994,0,0,34
1858,48,Federal-gov,Masters,14,Never-married,Exec-managerial,Not-in-family,White,Male,United-States,<=50K.,71376,0,0,40
1859,39,Private,Assoc-voc,11,Divorced,Tech-support,Not-in-family,White,Female,United-States,<=50K.,116477,0,0,40
1860,33,Local-gov,10th,6,Married-civ-spouse,Transport-moving,Husband,White,Male,United-States,<=50K,289716,0,0,40
1861,51,Private,HS-grad,9,Divorced,Sales,Other-relative,White,Female,United-States,<=50K.,136080,0,0,31
1862,54,,Bachelors,13,Married-civ-spouse,,Husband,White,Male,United-States,<=50K.,55139,0,0,43
1863,30,Private,Some-college,10,Divorced,Other-service,Own-child,White,Female,United-States,<=50K,188798,0,0,20
1864,42,Local-gov,Bachelors,13,Divorced,Prof-specialty,Unmarried,Black,Female,United-States,<=50K,189956,0,0,30
1865,68,,HS-grad,9,Married-civ-spouse,,Wife,White,Female,United-States,<=50K,229016,0,0,25
1866,35,Private,Some-college,10,Divorced,Tech-support,Unmarried,White,Female,United-States,<=50K.,174077,0,0,32
1867,29,Private,Masters,14,Married-civ-spouse,Prof-specialty,Husband,White,Male,United-States,>50K.,183523,0,1977,40
1868,55,Local-gov,HS-grad,9,Married-civ-spouse,Craft-repair,Husband,White,Male,United-States,>50K.,30636,4386,0,40
1869,20,Private,Some-college,10,Never-married,Farming-fishing,Not-in-family,White,Female,United-States,<=50K,39477,0,0,40
1870,37,Private,Some-college,10,Divorced,Sales,Not-in-family,White,Female,United-States,<=50K.,95551,0,0,45
1871,40,State-gov,Bachelors,13,Never-married,Prof-specialty,Unmarried,White,Female,United-States,<=50K,119578,0,0,20
1872,43,Local-gov,Bachelors,13,Married-civ-spouse,Prof-specialty,Husband,Black,Male,United-States,>50K,293535,0,0,40
1873,51,State-gov,HS-grad,9,Married-civ-spouse,Prof-specialty,Husband,Black,Male,United-States,>50K.,196395,0,0,60
1874,51,Self-emp-not-inc,HS-grad,9,Married-civ-spouse,Sales,Husband,Asian-Pac-Islander,Male,Vietnam,<=50K.,136708,3103,0,84
1875,40,Private,HS-grad,9,Divorced,Other-service,Unmarried,White,Female,United-States,<=50K,193144,0,0,36
1876,44,Local-gov,HS-grad,9,Married-civ-spouse,Prof-specialty,Husband,White,Male,United-States,<=50K,65145,0,0,30
1877,38,Private,HS-grad,9,Never-married,Sales,Own-child,White,Female,United-States,<=50K,204756,0,0,40
1878,44,State-gov,Bachelors,13,Separated,Prof-specialty,Unmarried,White,Female,United-States,<=50K.,484879,0,0,40
1879,21,Private,HS-grad,9,Never-married,Sales,Own-child,White,Female,United-States,<=50K,124589,0,0,40
1880,40,Private,Assoc-voc,11,Married-civ-spouse,Handlers-cleaners,Own-child,Asian-Pac-Islander,Male,Philippines,<=50K.,86143,0,0,40
1881,61,Private,HS-grad,9,Widowed,Adm-clerical,Unmarried,White,Female,United-States,<=50K.,33460,0,0,40
1882,39,Private,Some-college,10,Married-civ-spouse,Tech-support,Husband,White,Male,United-States,<=50K.,141584,0,0,50
1883,60,Private,10th,6,Married-civ-spouse,Handlers-cleaners,Husband,Black,Male,United-States,<=50K,146674,0,0,40
1884,19,Private,Some-college,10,Never-married,Craft-repair,Own-child,White,Male,United-States,<=50K,286435,594,0,40
1885,33,Self-emp-not-inc,11th,7,Married-civ-spouse,Exec-managerial,Husband,White,Male,United-States,<=50K,42485,0,0,70
1886,52,Federal-gov,Some-college,10,Separated,Exec-managerial,Not-in-family,White,Female,United-States,<=50K,192065,0,0,40
1887,32,Private,HS-grad,9,Never-married,Machine-op-inspct,Not-in-family,White,Female,United-States,<=50K,283400,0,0,40
1888,20,Private,Some-college,10,Never-married,Craft-repair,Not-in-family,White,Female,United-States,<=50K,246250,0,0,40
1889,55,Self-emp-not-inc,HS-grad,9,Married-civ-spouse,Exec-managerial,Wife,White,Female,United-States,<=50K.,110844,0,0,40
1890,19,,Some-college,10,Never-married,,Not-in-family,White,Female,United-States,<=50K,46400,0,0,32
1891,62,Private,HS-grad,9,Never-married,Craft-repair,Not-in-family,White,Male,United-States,<=50K,96099,0,0,40
1892,73,,Some-college,10,Never-married,,Not-in-family,Asian-Pac-Islander,Male,United-States,<=50K.,86709,0,0,38
1893,55,Private,5th-6th,3,Married-civ-spouse,Machine-op-inspct,Husband,White,Male,Mexico,<=50K,208019,0,0,40
1894,39,Federal-gov,Masters,14,Never-married,Prof-specialty,Not-in-family,White,Male,Poland,>50K.,149347,0,0,40
1895,69,Private,Assoc-voc,11,Widowed,Adm-clerical,Not-in-family,White,Female,United-States,<=50K.,172354,1848,0,50
1896,49,Private,Masters,14,Married-civ-spouse,Sales,Husband,White,Male,United-States,>50K,340755,0,0,40
1897,26,Private,HS-grad,9,Never-married,Machine-op-inspct,Not-in-family,White,Male,United-States,<=50K,377754,0,0,40
1898,39,Private,HS-grad,9,Married-civ-spouse,Sales,Husband,Asian-Pac-Islander,Male,,<=50K,163392,0,0,26
1899,37,Self-emp-not-inc,Masters,14,Never-married,Exec-managerial,Not-in-family,White,Male,United-States,<=50K,338320,0,0,60
1900,49,Private,Some-college,10,Divorced,Craft-repair,Not-in-family,White,Female,United-States,<=50K,259087,0,0,40
1901,39,Private,Bachelors,13,Married-civ-spouse,Tech-support,Husband,Asian-Pac-Islander,Male,,<=50K,258276,3137,0,40
1902,26,Private,Bachelors,13,Never-married,Adm-clerical,Own-child,Black,Female,United-States,<=50K,132572,0,0,32
1903,50,Self-emp-not-inc,Masters,14,Married-civ-spouse,Prof-specialty,Husband,White,Male,United-States,<=50K.,143535,0,0,40
1904,36,Private,Some-college,10,Never-married,Sales,Not-in-family,Black,Female,United-States,<=50K,131414,0,0,36
1905,72,,HS-grad,9,Married-civ-spouse,,Husband,White,Male,United-States,<=50K.,51216,0,0,14
1906,67,State-gov,Bachelors,13,Married-civ-spouse,Exec-managerial,Husband,White,Male,United-States,<=50K.,168224,0,0,40
1907,19,Private,Some-college,10,Never-married,Sales,Own-child,White,Male,United-States,<=50K,248749,0,0,20
1908,22,Private,Assoc-voc,11,Never-married,Other-service,Not-in-family,White,Female,United-States,<=50K,181313,0,0,30
1909,40,Private,Bachelors,13,Never-married,Exec-managerial,Not-in-family,White,Female,United-States,<=50K.,24038,0,0,55
1910,26,Private,HS-grad,9,Never-married,Craft-repair,Other-relative,White,Male,United-States,<=50K,122206,0,0,40
1911,27,Private,HS-grad,9,Separated,Craft-repair,Not-in-family,White,Male,United-States,<=50K.,116298,0,0,40
1912,20,Private,Some-college,10,Never-married,Sales,Not-in-family,White,Male,United-States,<=50K.,228452,0,0,50
1913,36,Self-emp-not-inc,Masters,14,Married-civ-spouse,Farming-fishing,Husband,White,Male,United-States,<=50K,37778,0,0,70
1914,45,State-gov,Assoc-voc,11,Divorced,Tech-support,Unmarried,White,Female,United-States,<=50K,37672,0,0,40
1915,26,Private,Some-college,10,Married-civ-spouse,Machine-op-inspct,Husband,White,Male,United-States,<=50K.,167350,3137,0,50
1916,23,Private,Bachelors,13,Never-married,Adm-clerical,Not-in-family,White,Female,United-States,<=50K,215115,0,0,40
1917,51,Private,HS-grad,9,Married-civ-spouse,Sales,Husband,White,Male,United-States,<=50K.,194995,0,0,50
1918,20,Private,Assoc-acdm,12,Never-married,Adm-clerical,Own-child,White,Female,United-States,<=50K.,163665,0,0,15
1919,60,,HS-grad,9,Divorced,,Not-in-family,White,Female,United-States,<=50K,188236,0,0,40
1920,20,Private,Some-college,10,Never-married,Other-service,Not-in-family,White,Male,United-States,<=50K,235442,0,0,35
1921,31,Private,HS-grad,9,Never-married,Priv-house-serv,Not-in-family,White,Female,El-Salvador,<=50K.,187215,0,0,40
1922,65,,HS-grad,9,Widowed,,Unmarried,White,Female,United-States,<=50K,327154,0,0,40
1923,20,Private,HS-grad,9,Married-civ-spouse,Sales,Husband,White,Male,United-States,<=50K,250165,0,0,40
1924,25,Private,Bachelors,13,Never-married,Prof-specialty,Not-in-family,White,Male,United-States,<=50K.,120596,0,0,44
1925,19,Self-emp-not-inc,Some-college,10,Never-married,Transport-moving,Own-child,White,Male,United-States,<=50K,220901,0,0,30
1926,42,Private,Some-college,10,Married-civ-spouse,Sales,Husband,White,Male,United-States,>50K.,209547,5178,0,40
1927,43,Federal-gov,HS-grad,9,Married-civ-spouse,Craft-repair,Husband,Black,Male,United-States,>50K.,594194,0,0,40
1928,34,Private,HS-grad,9,Divorced,Craft-repair,Unmarried,White,Male,United-States,<=50K,157446,0,0,45
1929,34,Local-gov,Some-college,10,Married-civ-spouse,Exec-managerial,Husband,White,Male,United-States,>50K,124827,0,0,40
1930,47,Local-gov,Masters,14,Married-civ-spouse,Prof-specialty,Husband,White,Male,United-States,>50K,126754,0,0,40
1931,21,Private,HS-grad,9,Never-married,Machine-op-inspct,Own-child,White,Female,Peru,<=50K,502837,0,0,40
1932,41,State-gov,Bachelors,13,Never-married,Adm-clerical,Not-in-family,White,Male,United-States,<=50K,26892,0,0,40
1933,45,Private,Bachelors,13,Married-civ-spouse,Sales,Husband,White,Male,United-States,>50K,162187,0,0,52
1934,35,State-gov,Bachelors,13,Married-civ-spouse,Prof-specialty,Wife,Asian-Pac-Islander,Female,Philippines,>50K.,88215,0,0,40
1935,39,Self-emp-not-inc,HS-grad,9,Never-married,Craft-repair,Own-child,White,Male,United-States,<=50K,152587,0,0,40
1936,42,Private,Masters,14,Divorced,Prof-specialty,Not-in-family,White,Female,United-States,<=50K,44121,0,1876,40
1937,21,Private,Some-college,10,Never-married,Machine-op-inspct,Own-child,White,Male,United-States,<=50K.,180060,0,0,40
1938,17,Private,10th,6,Never-married,Sales,Own-child,White,Female,United-States,<=50K.,153542,0,0,20
1939,37,Private,Some-college,10,Married-civ-spouse,Craft-repair,Husband,White,Male,United-States,>50K.,149347,0,0,40
1940,42,Local-gov,10th,6,Married-civ-spouse,Handlers-cleaners,Husband,White,Male,United-States,>50K,180985,99999,0,40
1941,24,Private,Some-college,10,Divorced,Craft-repair,Not-in-family,White,Male,United-States,<=50K,100321,0,0,48
1942,28,Self-emp-inc,HS-grad,9,Never-married,Exec-managerial,Not-in-family,White,Male,United-States,>50K,191129,0,0,65
1943,35,Self-emp-not-inc,HS-grad,9,Divorced,Craft-repair,Not-in-family,White,Male,United-States,<=50K,108808,0,0,50
1944,36,Private,HS-grad,9,Married-civ-spouse,Machine-op-inspct,Husband,White,Male,United-States,<=50K,209629,0,0,40
1945,40,Private,HS-grad,9,Married-civ-spouse,Craft-repair,Husband,White,Male,United-States,<=50K,206066,0,0,50
1946,48,Private,HS-grad,9,Married-civ-spouse,Craft-repair,Husband,White,Male,United-States,>50K,101299,0,0,40
1947,36,Private,Bachelors,13,Divorced,Prof-specialty,Unmarried,Black,Female,United-States,<=50K,204590,0,213,40
1948,55,Private,Some-college,10,Married-civ-spouse,Machine-op-inspct,Husband,White,Male,United-States,>50K.,188382,0,0,48
1949,24,Private,Bachelors,13,Never-married,Prof-specialty,Own-child,White,Male,United-States,<=50K,326334,0,0,20
1950,32,Private,Bachelors,13,Married-civ-spouse,Exec-managerial,Husband,White,Male,United-States,>50K,40142,0,0,40
1951,29,Private,HS-grad,9,Never-married,Transport-moving,Own-child,Black,Male,United-States,<=50K,100563,0,0,40
1952,24,Private,Some-college,10,Never-married,Other-service,Other-relative,Black,Female,Haiti,<=50K,149396,0,0,30
1953,47,Self-emp-not-inc,Bachelors,13,Married-civ-spouse,Sales,Husband,White,Male,United-States,>50K.,104489,0,0,40
1954,43,Private,Bachelors,13,Married-civ-spouse,Exec-managerial,Husband,White,Male,United-States,<=50K,320277,0,0,40
1955,42,Private,Bachelors,13,Married-civ-spouse,Exec-managerial,Husband,White,Male,United-States,>50K,162140,7298,0,45
1956,65,Private,9th,5,Widowed,Priv-house-serv,Unmarried,Black,Female,United-States,<=50K,109351,0,0,24
1957,41,Private,Some-college,10,Married-civ-spouse,Prof-specialty,Husband,White,Male,United-States,<=50K,103980,0,0,52
1958,17,Private,9th,5,Never-married,Other-service,Own-child,White,Male,United-States,<=50K,191260,1055,0,24
1959,38,Self-emp-inc,Doctorate,16,Married-civ-spouse,Exec-managerial,Husband,White,Male,United-States,>50K.,179579,0,0,60
1960,33,Private,Assoc-voc,11,Married-civ-spouse,Sales,Husband,White,Male,United-States,<=50K,186824,0,0,40
1961,35,Private,Some-college,10,Married-civ-spouse,Transport-moving,Husband,White,Male,United-States,<=50K.,357173,0,0,50
1962,49,Private,HS-grad,9,Married-civ-spouse,Craft-repair,Husband,White,Male,United-States,>50K,278322,0,0,40
1963,44,Private,Assoc-acdm,12,Married-civ-spouse,Craft-repair,Husband,White,Male,United-States,>50K.,248406,0,0,40
1964,18,Private,HS-grad,9,Never-married,Other-service,Own-child,White,Male,United-States,<=50K,126125,0,0,20
1965,19,Private,Some-college,10,Never-married,Handlers-cleaners,Own-child,White,Male,United-States,<=50K.,261259,0,0,35
1966,44,Self-emp-not-inc,Prof-school,15,Married-civ-spouse,Prof-specialty,Husband,White,Male,United-States,>50K,264740,0,0,40
1967,60,Private,HS-grad,9,Widowed,Handlers-cleaners,Not-in-family,White,Female,United-States,<=50K,178792,0,0,40
1968,41,State-gov,Bachelors,13,Never-married,Prof-specialty,Not-in-family,White,Male,United-States,<=50K,187322,0,0,40
1969,59,Private,Some-college,10,Married-civ-spouse,Machine-op-inspct,Husband,White,Male,United-States,<=50K,116442,0,0,50
1970,29,Private,HS-grad,9,Married-civ-spouse,Adm-clerical,Husband,White,Male,Mexico,<=50K,272913,0,0,30
1971,35,State-gov,Masters,14,Married-civ-spouse,Prof-specialty,Husband,White,Male,United-States,<=50K,226789,0,0,75
1972,61,Private,Some-college,10,Married-civ-spouse,Sales,Husband,White,Male,United-States,>50K,40269,0,0,40
1973,34,Private,HS-grad,9,Separated,Exec-managerial,Unmarried,White,Female,United-States,<=50K,114973,0,0,30
1974,22,Private,Some-college,10,Married-civ-spouse,Exec-managerial,Wife,White,Female,United-States,<=50K,43535,0,0,40
1975,65,Private,HS-grad,9,Married-civ-spouse,Farming-fishing,Husband,White,Male,United-States,<=50K,205309,0,0,24
1976,27,Private,Bachelors,13,Never-married,Prof-specialty,Not-in-family,White,Male,United-States,<=50K.,430672,0,0,55
1977,25,Private,Bachelors,13,Never-married,Exec-managerial,Not-in-family,White,Male,United-States,<=50K,120238,0,0,40
1978,25,Private,Some-college,10,Never-married,Sales,Unmarried,White,Female,El-Salvador,<=50K.,390537,0,0,25
1979,17,Private,10th,6,Never-married,Farming-fishing,Own-child,White,Male,United-States,<=50K.,318918,0,0,30
1980,70,Self-emp-not-inc,Masters,14,Married-civ-spouse,Exec-managerial,Husband,Black,Male,United-States,<=50K,205860,0,0,40
1981,43,Self-emp-inc,Masters,14,Married-civ-spouse,Exec-managerial,Husband,White,Male,United-States,<=50K,188436,5013,0,45
1982,39,Self-emp-not-inc,Bachelors,13,Married-civ-spouse,Sales,Husband,White,Male,United-States,<=50K,190023,0,0,60
1983,20,Private,Some-college,10,Never-married,Other-service,Own-child,White,Female,United-States,<=50K.,403118,0,0,11
1984,58,Private,HS-grad,9,Married-civ-spouse,Craft-repair,Husband,White,Male,United-States,>50K.,348430,0,0,40
1985,44,Private,Some-college,10,Divorced,Adm-clerical,Unmarried,White,Female,United-States,<=50K,159960,0,0,40
1986,35,Private,Bachelors,13,Married-civ-spouse,Prof-specialty,Husband,White,Male,United-States,<=50K,115792,0,0,55
1987,28,Private,HS-grad,9,Married-civ-spouse,Other-service,Husband,White,Male,United-States,<=50K,188928,0,0,40
1988,36,Private,Bachelors,13,Married-civ-spouse,Prof-specialty,Husband,White,Male,United-States,>50K,156667,0,1902,50
1989,63,,Doctorate,16,Married-civ-spouse,,Husband,White,Male,United-States,<=50K,133166,0,0,12
1990,36,Self-emp-inc,Some-college,10,Divorced,Sales,Unmarried,Asian-Pac-Islander,Male,United-States,<=50K,107218,0,0,55
1991,53,Self-emp-not-inc,HS-grad,9,Married-civ-spouse,Craft-repair,Husband,Black,Male,United-States,<=50K,159876,3103,0,72
1992,20,State-gov,Some-college,10,Never-married,Adm-clerical,Own-child,White,Female,United-States,<=50K.,205895,0,0,10
1993,51,Private,Bachelors,13,Married-civ-spouse,Prof-specialty,Husband,White,Male,United-States,>50K,171914,0,0,50
1994,27,Private,HS-grad,9,Married-civ-spouse,Handlers-cleaners,Husband,Black,Male,United-States,>50K,275110,0,0,80
1995,51,Local-gov,HS-grad,9,Divorced,Protective-serv,Not-in-family,White,Male,United-States,<=50K,156003,0,0,40
1996,41,Local-gov,Masters,14,Married-civ-spouse,Prof-specialty,Wife,Asian-Pac-Islander,Female,Taiwan,>50K,183224,0,0,40
1997,47,,Bachelors,13,Married-civ-spouse,,Husband,White,Male,United-States,>50K,149700,0,0,36
1998,20,,Some-college,10,Never-married,,Own-child,White,Female,United-States,<=50K.,120820,0,0,30
1999,65,,11th,7,Married-civ-spouse,,Husband,White,Male,United-States,<=50K.,190454,0,0,29
2000,20,Private,Some-college,10,Never-married,Sales,Own-child,White,Female,United-States,<=50K.,246635,2597,0,20
2001,25,Private,Some-college,10,Never-married,Tech-support,Unmarried,White,Female,United-States,<=50K,231638,0,0,24
2002,22,,HS-grad,9,Never-married,,Not-in-family,White,Female,United-States,<=50K,61499,0,0,40
2003,22,Private,HS-grad,9,Never-married,Other-service,Unmarried,White,Female,United-States,<=50K,239098,0,0,40
2004,40,Private,HS-grad,9,Separated,Transport-moving,Unmarried,Black,Male,United-States,<=50K,182140,0,0,40
2005,21,Private,Some-college,10,Never-married,Other-service,Own-child,White,Female,United-States,<=50K,45607,0,0,40
2006,45,Federal-gov,Assoc-acdm,12,Divorced,Adm-clerical,Unmarried,Asian-Pac-Islander,Male,Philippines,<=50K,207107,0,2080,40
2007,22,Private,Bachelors,13,Never-married,Exec-managerial,Not-in-family,White,Male,United-States,<=50K.,124971,0,0,30
2008,32,Self-emp-not-inc,HS-grad,9,Married-civ-spouse,Transport-moving,Husband,White,Male,United-States,<=50K,205072,0,0,48
2009,21,Local-gov,Some-college,10,Never-married,Adm-clerical,Own-child,White,Male,United-States,<=50K,38771,0,0,40
2010,30,Local-gov,HS-grad,9,Married-civ-spouse,Handlers-cleaners,Other-relative,White,Male,United-States,<=50K,115040,0,0,25
2011,44,,12th,8,Separated,,Not-in-family,White,Female,Puerto-Rico,<=50K,195488,0,0,36
2012,53,Local-gov,HS-grad,9,Separated,Transport-moving,Not-in-family,White,Male,United-States,<=50K.,231166,0,0,40
2013,53,Private,Some-college,10,Divorced,Craft-repair,Not-in-family,White,Male,United-States,<=50K,539864,0,0,20
2014,43,Local-gov,Bachelors,13,Married-civ-spouse,Prof-specialty,Husband,White,Male,United-States,<=50K.,101563,0,0,40
2015,31,Private,HS-grad,9,Married-civ-spouse,Machine-op-inspct,Husband,White,Male,United-States,<=50K.,113708,0,0,40
2016,28,Private,Bachelors,13,Never-married,Adm-clerical,Not-in-family,White,Female,United-States,<=50K.,165218,0,0,55
2017,55,Self-emp-inc,5th-6th,3,Married-civ-spouse,Sales,Husband,White,Male,Cuba,<=50K.,284526,0,0,40
2018,33,Private,Some-college,10,Married-civ-spouse,Other-service,Husband,White,Male,United-States,<=50K,268571,0,0,40
2019,36,Private,Bachelors,13,Never-married,Prof-specialty,Not-in-family,White,Female,United-States,>50K.,102568,0,0,40
2020,26,Private,Assoc-voc,11,Never-married,Prof-specialty,Not-in-family,White,Male,United-States,<=50K.,34309,0,0,45
2021,64,Private,HS-grad,9,Widowed,Other-service,Not-in-family,White,Female,United-States,<=50K,170483,0,0,38
2022,20,Private,11th,7,Never-married,Other-service,Own-child,White,Female,United-States,<=50K,204226,0,0,40
2023,51,Private,HS-grad,9,Married-civ-spouse,Sales,Husband,White,Male,United-States,>50K,339905,7688,0,40
2024,56,Private,11th,7,Married-civ-spouse,Transport-moving,Husband,White,Male,United-States,<=50K,103948,0,0,40
2025,18,,11th,7,Never-married,,Own-child,White,Male,United-States,<=50K.,62854,0,0,40
2026,22,State-gov,Some-college,10,Never-married,Protective-serv,Own-child,Black,Female,United-States,<=50K,293364,0,0,40
2027,46,Private,Some-college,10,Divorced,Machine-op-inspct,Not-in-family,White,Female,United-States,<=50K.,206707,0,0,40
2028,50,Local-gov,Masters,14,Divorced,Exec-managerial,Not-in-family,White,Female,United-States,<=50K,191025,4650,0,70
2029,29,State-gov,Bachelors,13,Never-married,Prof-specialty,Not-in-family,White,Male,United-States,<=50K,201556,0,0,50
2030,23,Private,HS-grad,9,Never-married,Machine-op-inspct,Other-relative,White,Female,United-States,<=50K,122048,0,0,40
2031,38,Private,HS-grad,9,Never-married,Exec-managerial,Not-in-family,White,Male,United-States,<=50K.,193026,0,0,40
2032,39,Self-emp-not-inc,Bachelors,13,Married-civ-spouse,Prof-specialty,Husband,White,Male,Canada,>50K.,198841,0,0,60
2033,18,Private,11th,7,Never-married,Prof-specialty,Own-child,White,Female,United-States,<=50K,279593,0,0,2
2034,37,Private,HS-grad,9,Married-civ-spouse,Craft-repair,Husband,White,Male,United-States,>50K,549174,0,0,50
2035,30,Private,HS-grad,9,Never-married,Protective-serv,Own-child,White,Male,United-States,<=50K,425528,0,0,70
2036,52,Private,Some-college,10,Married-civ-spouse,Exec-managerial,Husband,White,Male,United-States,<=50K,191529,0,1740,60
2037,33,Private,HS-grad,9,Married-civ-spouse,Machine-op-inspct,Husband,White,Male,United-States,<=50K,188861,0,0,40
2038,24,Private,Bachelors,13,Never-married,Tech-support,Own-child,White,Male,United-States,<=50K,249046,0,0,40
2039,20,Private,HS-grad,9,Never-married,Handlers-cleaners,Own-child,Amer-Indian-Eskimo,Male,United-States,<=50K,27337,0,0,48
2040,37,Federal-gov,Some-college,10,Married-civ-spouse,Exec-managerial,Husband,White,Male,United-States,<=50K.,110861,0,0,40
2041,22,Private,Some-college,10,Never-married,Sales,Own-child,White,Male,United-States,<=50K.,82561,0,0,40
2042,36,State-gov,Assoc-voc,11,Married-spouse-absent,Protective-serv,Own-child,White,Female,Germany,<=50K,168894,0,0,40
2043,18,Private,11th,7,Never-married,Sales,Own-child,Black,Female,United-States,<=50K,138917,0,0,10
2044,40,,Bachelors,13,Never-married,,Unmarried,Black,Female,United-States,<=50K.,141583,0,0,35
2045,49,Self-emp-not-inc,Prof-school,15,Married-civ-spouse,Prof-specialty,Husband,White,Male,United-States,>50K,355978,99999,0,35
2046,23,Private,Bachelors,13,Never-married,Adm-clerical,Own-child,Black,Female,United-States,<=50K.,224632,0,0,38
2047,55,,HS-grad,9,Separated,,Not-in-family,Black,Female,United-States,<=50K,123382,0,2001,40
2048,19,Private,Some-college,10,Never-married,Sales,Own-child,White,Female,United-States,<=50K,219300,0,0,25
2049,50,Private,HS-grad,9,Married-civ-spouse,Transport-moving,Husband,White,Male,United-States,>50K.,185846,3103,0,40
2050,41,Private,Masters,14,Married-civ-spouse,Prof-specialty,Husband,White,Male,United-States,>50K,101593,15024,0,50
2051,29,Private,HS-grad,9,Married-civ-spouse,Other-service,Other-relative,Asian-Pac-Islander,Female,,<=50K.,62345,0,0,40
2052,71,Self-emp-not-inc,HS-grad,9,Married-civ-spouse,Machine-op-inspct,Husband,White,Male,United-States,<=50K.,137723,1455,0,3
2053,54,Local-gov,HS-grad,9,Married-civ-spouse,Transport-moving,Husband,Black,Male,United-States,<=50K,288825,0,0,40
2054,30,Private,Masters,14,Married-civ-spouse,Prof-specialty,Husband,Asian-Pac-Islander,Male,Iran,>50K.,298871,0,1887,45
2055,58,Local-gov,1st-4th,2,Widowed,Handlers-cleaners,Unmarried,Black,Male,United-States,<=50K,156649,0,0,40
2056,24,Private,HS-grad,9,Married-civ-spouse,Sales,Husband,White,Male,United-States,<=50K.,125031,0,0,45
2057,49,Self-emp-not-inc,HS-grad,9,Married-civ-spouse,Sales,Wife,White,Female,United-States,<=50K.,308241,0,0,60
2058,44,Private,Some-college,10,Divorced,Other-service,Unmarried,White,Female,United-States,<=50K,317320,0,0,40
2059,36,,Some-college,10,Never-married,,Not-in-family,White,Male,United-States,<=50K,98776,0,0,30
2060,49,Private,HS-grad,9,Married-civ-spouse,Machine-op-inspct,Husband,White,Male,United-States,>50K.,176907,0,0,40
2061,45,Federal-gov,HS-grad,9,Divorced,Adm-clerical,Not-in-family,White,Male,United-States,<=50K.,163434,0,0,40
2062,30,Private,Assoc-voc,11,Never-married,Handlers-cleaners,Own-child,White,Male,United-States,<=50K,109117,0,0,45
2063,29,Private,Some-college,10,Never-married,Craft-repair,Not-in-family,White,Male,United-States,<=50K.,176727,0,0,38
2064,43,Private,Some-college,10,Married-civ-spouse,Prof-specialty,Husband,White,Male,United-States,<=50K.,245937,0,0,65
2065,63,Private,5th-6th,3,Widowed,Other-service,Other-relative,Asian-Pac-Islander,Female,Philippines,<=50K,106910,0,0,19
2066,18,,12th,8,Never-married,,Other-relative,Black,Male,United-States,<=50K,211177,0,0,20
2067,53,Private,Bachelors,13,Married-civ-spouse,Prof-specialty,Husband,White,Male,United-States,>50K.,816750,0,0,72
2068,38,Private,Some-college,10,Married-civ-spouse,Craft-repair,Husband,White,Male,United-States,<=50K,52738,0,0,40
2069,17,Private,7th-8th,4,Never-married,Sales,Own-child,White,Male,United-States,<=50K,46402,0,0,8
2070,31,Private,HS-grad,9,Married-civ-spouse,Craft-repair,Husband,White,Male,United-States,>50K,349148,0,0,40
2071,41,Private,Bachelors,13,Divorced,Exec-managerial,Not-in-family,White,Female,United-States,>50K.,30126,0,0,45
2072,48,Private,Assoc-acdm,12,Married-civ-spouse,Exec-managerial,Husband,White,Male,United-States,>50K,128796,0,0,40
2073,48,Self-emp-inc,Some-college,10,Divorced,Exec-managerial,Not-in-family,White,Male,United-States,<=50K,238966,0,0,40
2074,45,Private,HS-grad,9,Widowed,Craft-repair,Unmarried,Black,Female,United-States,<=50K,122195,0,0,40
2075,32,Private,7th-8th,4,Never-married,Priv-house-serv,Not-in-family,White,Female,Mexico,<=50K,398019,0,0,15
2076,64,Without-pay,HS-grad,9,Married-civ-spouse,Handlers-cleaners,Husband,White,Male,United-States,>50K.,209291,0,0,60
2077,22,Private,10th,6,Separated,Other-service,Unmarried,White,Female,United-States,<=50K,187538,0,0,40
2078,22,Private,Assoc-acdm,12,Never-married,Handlers-cleaners,Not-in-family,Black,Male,,>50K,119592,0,2824,40
2079,51,Private,Masters,14,Divorced,Prof-specialty,Unmarried,Other,Male,Mexico,>50K.,76044,4787,0,35
2080,21,Private,Some-college,10,Never-married,Adm-clerical,Own-child,White,Female,United-States,<=50K,411068,0,0,35
2081,41,Private,HS-grad,9,Never-married,Transport-moving,Not-in-family,White,Male,Poland,<=50K,149102,0,0,40
2082,46,Private,Masters,14,Married-civ-spouse,Exec-managerial,Husband,White,Male,United-States,>50K,139268,0,0,45
2083,43,Private,Bachelors,13,Married-civ-spouse,Exec-managerial,Husband,White,Male,United-States,>50K,187795,0,0,45
2084,29,Private,HS-grad,9,Divorced,Craft-repair,Not-in-family,White,Male,United-States,<=50K,191535,0,0,60
2085,38,Private,Bachelors,13,Married-civ-spouse,Sales,Husband,White,Male,United-States,>50K,243872,0,0,70
2086,45,State-gov,Masters,14,Married-civ-spouse,Prof-specialty,Husband,White,Male,United-States,>50K,144351,0,0,40
2087,41,Local-gov,Some-college,10,Divorced,Exec-managerial,Unmarried,White,Female,United-States,<=50K,81054,0,0,25
2088,22,Private,Some-college,10,Married-civ-spouse,Sales,Husband,White,Male,United-States,<=50K,219086,0,0,55
2089,30,Local-gov,Some-college,10,Married-civ-spouse,Craft-repair,Husband,White,Male,Germany,<=50K.,204494,3137,0,70
2090,41,Local-gov,Bachelors,13,Divorced,Prof-specialty,Not-in-family,White,Male,United-States,<=50K,190786,0,0,20
2091,31,Private,Assoc-acdm,12,Married-civ-spouse,Adm-clerical,Husband,White,Male,United-States,>50K,114937,0,0,40
2092,38,Private,Assoc-voc,11,Married-civ-spouse,Other-service,Husband,White,Male,Iran,<=50K.,258339,0,0,70
2093,32,Private,HS-grad,9,Divorced,Craft-repair,Own-child,White,Male,United-States,<=50K.,225064,0,0,40
2094,52,Federal-gov,HS-grad,9,Divorced,Adm-clerical,Not-in-family,White,Female,United-States,<=50K,202452,0,0,43
2095,41,Private,Assoc-acdm,12,Divorced,Sales,Unmarried,White,Male,United-States,<=50K,96741,0,0,40
2096,25,State-gov,Bachelors,13,Married-civ-spouse,Other-service,Wife,White,Female,United-States,<=50K.,230200,0,0,40
2097,28,Private,Some-college,10,Married-civ-spouse,Craft-repair,Husband,Amer-Indian-Eskimo,Male,United-States,<=50K,76313,0,0,60
2098,64,State-gov,Some-college,10,Divorced,Adm-clerical,Not-in-family,White,Female,United-States,<=50K.,33342,0,0,40
2099,43,Private,11th,7,Married-civ-spouse,Handlers-cleaners,Wife,White,Female,United-States,<=50K,167599,0,0,25
2100,21,Private,Bachelors,13,Never-married,Other-service,Other-relative,White,Male,United-States,<=50K,182117,0,0,20
2101,28,Self-emp-not-inc,HS-grad,9,Married-civ-spouse,Craft-repair,Husband,White,Male,United-States,<=50K,31717,0,0,40
2102,32,Private,HS-grad,9,Divorced,Other-service,Not-in-family,White,Male,United-States,<=50K.,234195,0,0,40
2103,40,Private,HS-grad,9,Divorced,Sales,Not-in-family,White,Male,United-States,>50K,116632,0,0,60
2104,31,Private,7th-8th,4,Widowed,Adm-clerical,Not-in-family,White,Female,United-States,<=50K,128220,0,0,35
2105,29,Private,Bachelors,13,Married-civ-spouse,Sales,Husband,White,Male,United-States,>50K.,173944,0,0,40
2106,26,Private,Bachelors,13,Never-married,Exec-managerial,Own-child,White,Female,United-States,<=50K,171114,0,0,40
2107,19,,11th,7,Never-married,,Own-child,White,Female,United-States,<=50K,175499,0,0,30
2108,54,Private,Some-college,10,Married-civ-spouse,Craft-repair,Husband,White,Male,United-States,>50K,143822,0,0,45
2109,37,Federal-gov,Some-college,10,Separated,Exec-managerial,Not-in-family,White,Male,United-States,>50K,90881,8614,0,55
2110,49,Private,Bachelors,13,Married-civ-spouse,Exec-managerial,Husband,White,Male,United-States,<=50K,195727,0,0,40
2111,38,Private,HS-grad,9,Married-civ-spouse,Machine-op-inspct,Husband,White,Male,United-States,<=50K,121602,0,0,40
2112,48,Private,Some-college,10,Divorced,Other-service,Unmarried,White,Female,United-States,<=50K,272778,0,0,32
2113,42,Private,Some-college,10,Separated,Machine-op-inspct,Unmarried,Black,Female,United-States,<=50K,197522,0,0,40
2114,37,Private,HS-grad,9,Married-civ-spouse,Handlers-cleaners,Husband,Black,Male,United-States,>50K.,177420,0,0,40
2115,32,Private,Some-college,10,Separated,Tech-support,Not-in-family,Amer-Indian-Eskimo,Male,United-States,<=50K,199529,0,1980,40
2116,27,Private,10th,6,Never-married,Other-service,Not-in-family,White,Male,United-States,<=50K,161155,0,0,40
2117,48,Private,HS-grad,9,Never-married,Machine-op-inspct,Not-in-family,Black,Female,United-States,<=50K,245948,2174,0,40
2118,28,Private,HS-grad,9,Never-married,Adm-clerical,Not-in-family,White,Female,United-States,<=50K.,125791,0,0,40
2119,23,Private,HS-grad,9,Never-married,Handlers-cleaners,Own-child,White,Male,United-States,<=50K,172047,0,0,40
2120,51,Private,Some-college,10,Married-civ-spouse,Craft-repair,Husband,White,Male,United-States,>50K,257485,0,0,40
2121,28,Private,Bachelors,13,Married-civ-spouse,Adm-clerical,Husband,White,Male,United-States,>50K,51461,0,1887,40
2122,38,State-gov,HS-grad,9,Married-civ-spouse,Adm-clerical,Wife,Black,Female,United-States,<=50K,142022,0,0,40
2123,37,Private,9th,5,Married-civ-spouse,Other-service,Wife,Asian-Pac-Islander,Female,Hong,<=50K.,109996,0,0,40
2124,52,Private,HS-grad,9,Married-civ-spouse,Craft-repair,Husband,White,Male,United-States,<=50K.,228500,0,0,40
2125,69,Self-emp-not-inc,9th,5,Married-civ-spouse,Farming-fishing,Husband,White,Male,United-States,<=50K,76968,0,0,25
2126,30,Local-gov,Bachelors,13,Never-married,Prof-specialty,Not-in-family,Black,Female,Germany,<=50K,364310,0,0,40
2127,51,Self-emp-not-inc,Some-college,10,Married-civ-spouse,Sales,Husband,White,Male,United-States,<=50K,171924,0,0,50
2128,29,Private,Bachelors,13,Married-civ-spouse,Exec-managerial,Wife,White,Female,United-States,>50K.,42881,0,0,40
2129,30,Private,Assoc-voc,11,Never-married,Adm-clerical,Own-child,White,Male,United-States,<=50K.,169002,0,0,40
2130,25,State-gov,Bachelors,13,Never-married,Exec-managerial,Not-in-family,White,Female,United-States,>50K.,77661,0,2444,40
2131,51,Self-emp-inc,Prof-school,15,Married-civ-spouse,Prof-specialty,Husband,White,Male,United-States,>50K,162943,0,0,40
2132,43,Local-gov,Bachelors,13,Divorced,Prof-specialty,Unmarried,White,Female,United-States,<=50K,118600,0,625,40
2133,34,Private,HS-grad,9,Married-civ-spouse,Transport-moving,Husband,White,Male,United-States,<=50K.,344073,5013,0,40
2134,40,Private,Doctorate,16,Married-civ-spouse,Prof-specialty,Husband,White,Male,United-States,<=50K.,36556,0,0,55
2135,51,Private,Some-college,10,Married-civ-spouse,Machine-op-inspct,Husband,White,Male,United-States,>50K,192182,7298,0,40
2136,33,Private,Assoc-acdm,12,Never-married,Adm-clerical,Not-in-family,White,Female,United-States,<=50K,40681,0,0,40
2137,33,Private,Assoc-voc,11,Never-married,Other-service,Unmarried,Black,Male,United-States,<=50K,333701,0,0,40
2138,45,Private,5th-6th,3,Never-married,Machine-op-inspct,Not-in-family,White,Male,United-States,<=50K.,123219,0,0,40
2139,40,Private,Some-college,10,Never-married,Sales,Not-in-family,White,Female,United-States,<=50K,404573,0,0,44
2140,42,Private,HS-grad,9,Divorced,Transport-moving,Not-in-family,White,Male,United-States,<=50K,139126,0,0,40
2141,64,Private,Masters,14,Married-civ-spouse,Exec-managerial,Husband,White,Male,United-States,>50K,134378,0,0,50
2142,27,State-gov,Some-college,10,Never-married,Craft-repair,Other-relative,White,Male,United-States,<=50K.,122540,0,0,40
2143,42,Private,Assoc-acdm,12,Married-civ-spouse,Sales,Husband,White,Male,United-States,<=50K.,155899,0,0,45
2144,31,Private,HS-grad,9,Never-married,Other-service,Not-in-family,White,Female,United-States,<=50K,47151,0,0,56
2145,21,Private,HS-grad,9,Never-married,Other-service,Own-child,White,Female,United-States,<=50K,200153,0,0,32
2146,46,Private,Some-college,10,Married-civ-spouse,Exec-managerial,Husband,White,Male,United-States,>50K,102359,0,0,50
2147,31,Private,11th,7,Married-civ-spouse,Sales,Wife,White,Female,United-States,<=50K.,169085,0,0,20
2148,77,Private,9th,5,Married-civ-spouse,Priv-house-serv,Wife,Black,Female,United-States,<=50K,344425,0,0,10
2149,56,Private,HS-grad,9,Married-civ-spouse,Other-service,Husband,Asian-Pac-Islander,Male,China,<=50K.,91251,0,0,20
2150,23,Private,Some-college,10,Never-married,Handlers-cleaners,Own-child,White,Male,United-States,<=50K,211527,0,0,60
2151,26,Private,11th,7,Never-married,Other-service,Not-in-family,Black,Female,United-States,<=50K.,160264,0,0,40
2152,60,,10th,6,Divorced,,Not-in-family,Amer-Indian-Eskimo,Female,United-States,<=50K,24215,0,0,10
2153,19,Private,Some-college,10,Never-married,Sales,Own-child,White,Female,United-States,<=50K,224241,0,0,20
2154,63,Private,10th,6,Widowed,Machine-op-inspct,Not-in-family,White,Female,United-States,<=50K.,158609,0,0,20
2155,47,Local-gov,Bachelors,13,Never-married,Prof-specialty,Not-in-family,White,Female,United-States,>50K,321851,0,0,50
2156,27,Private,Assoc-voc,11,Never-married,Prof-specialty,Not-in-family,White,Female,Canada,<=50K,34273,0,1876,36
2157,35,Private,Some-college,10,Separated,Other-service,Unmarried,White,Female,United-States,<=50K,142282,0,0,25
2158,40,Private,Masters,14,Married-civ-spouse,Prof-specialty,Husband,White,Male,United-States,<=50K,170108,0,0,40
2159,61,Self-emp-inc,Some-college,10,Married-civ-spouse,Sales,Husband,White,Male,United-States,<=50K,134768,0,0,40
2160,38,Private,Some-college,10,Married-civ-spouse,Prof-specialty,Husband,White,Male,,>50K,179579,0,0,50
2161,49,Self-emp-not-inc,Some-college,10,Never-married,Craft-repair,Unmarried,White,Male,United-States,<=50K,121238,0,0,40
2162,19,Private,Some-college,10,Never-married,Other-service,Own-child,White,Male,United-States,<=50K,251579,0,0,14
2163,31,Private,Some-college,10,Never-married,Protective-serv,Not-in-family,White,Male,United-States,<=50K,288983,0,0,40
2164,27,Private,Prof-school,15,Never-married,Prof-specialty,Other-relative,White,Female,United-States,<=50K.,126060,0,0,40
2165,41,Private,HS-grad,9,Married-civ-spouse,Transport-moving,Husband,White,Male,United-States,<=50K,307468,0,0,50
2166,42,State-gov,Bachelors,13,Married-civ-spouse,Exec-managerial,Husband,White,Male,United-States,>50K,345969,0,0,48
2167,22,Private,Some-college,10,Never-married,Sales,Own-child,White,Male,United-States,<=50K,52596,0,0,8
2168,37,State-gov,HS-grad,9,Married-civ-spouse,Protective-serv,Husband,White,Male,United-States,<=50K.,180667,0,0,40
2169,62,,Assoc-voc,11,Separated,,Not-in-family,White,Male,United-States,<=50K.,296485,0,0,10
2170,42,Self-emp-not-inc,Bachelors,13,Married-civ-spouse,Craft-repair,Husband,White,Male,United-States,>50K,336513,15024,0,60
2171,35,Private,9th,5,Never-married,Exec-managerial,Not-in-family,White,Female,United-States,<=50K,206253,0,0,40
2172,31,Private,Some-college,10,Divorced,Other-service,Not-in-family,White,Female,United-States,<=50K,257863,0,0,15
2173,33,Private,Bachelors,13,Married-civ-spouse,Other-service,Husband,Asian-Pac-Islander,Male,United-States,>50K,274222,7688,0,38
2174,29,Federal-gov,Prof-school,15,Never-married,Prof-specialty,Not-in-family,White,Female,United-States,<=50K,41013,0,0,55
2175,18,Private,11th,7,Never-married,Other-service,Own-child,White,Female,United-States,<=50K.,347829,0,0,4
2176,20,Private,HS-grad,9,Never-married,Transport-moving,Own-child,White,Male,United-States,<=50K.,313873,0,0,30
2177,48,Self-emp-not-inc,Some-college,10,Married-civ-spouse,Prof-specialty,Husband,White,Male,United-States,>50K,121124,0,0,35
2178,28,,11th,7,Never-married,,Not-in-family,White,Male,United-States,<=50K,113635,0,0,30
2179,19,Private,Some-college,10,Never-married,Adm-clerical,Own-child,White,Female,United-States,<=50K,208656,594,0,20
2180,42,Private,Bachelors,13,Married-civ-spouse,Sales,Husband,White,Male,United-States,>50K.,228320,5178,0,45
2181,52,Private,10th,6,Widowed,Other-service,Unmarried,White,Female,United-States,<=50K.,152811,0,0,40
2182,26,Private,Bachelors,13,Never-married,Prof-specialty,Own-child,Asian-Pac-Islander,Female,United-States,<=50K,60722,0,0,40
2183,37,Self-emp-not-inc,Assoc-voc,11,Never-married,Other-service,Own-child,White,Female,United-States,<=50K,149230,0,0,40
2184,27,Private,HS-grad,9,Never-married,Sales,Own-child,Asian-Pac-Islander,Male,United-States,<=50K,101709,0,0,40
2185,51,,Doctorate,16,Never-married,,Not-in-family,White,Male,United-States,>50K,172175,0,2824,40
2186,23,Private,10th,6,Married-civ-spouse,Handlers-cleaners,Husband,White,Male,United-States,<=50K.,83315,0,0,10
2187,65,Self-emp-not-inc,HS-grad,9,Married-civ-spouse,Sales,Wife,White,Female,United-States,<=50K.,326936,0,0,40
2188,66,Private,HS-grad,9,Widowed,Sales,Not-in-family,White,Female,United-States,<=50K.,250226,0,0,16
2189,30,Private,HS-grad,9,Never-married,Adm-clerical,Not-in-family,White,Female,United-States,<=50K.,323069,0,0,30
2190,32,Private,Assoc-acdm,12,Never-married,Sales,Not-in-family,Black,Female,Trinadad&Tobago,<=50K,178623,0,0,46
2191,24,Private,Some-college,10,Never-married,Handlers-cleaners,Own-child,White,Male,United-States,<=50K.,174714,0,0,45
2192,31,Private,Some-college,10,Married-civ-spouse,Sales,Husband,White,Male,United-States,>50K,379798,0,0,40
2193,57,Self-emp-not-inc,Some-college,10,Divorced,Transport-moving,Not-in-family,White,Male,United-States,<=50K.,50990,0,0,40
2194,31,Private,Some-college,10,Never-married,Craft-repair,Not-in-family,White,Male,United-States,<=50K,58582,0,0,46
2195,59,Self-emp-not-inc,HS-grad,9,Divorced,Prof-specialty,Not-in-family,White,Male,England,<=50K,199240,0,0,20
2196,31,Federal-gov,Bachelors,13,Married-civ-spouse,Adm-clerical,Husband,White,Male,United-States,<=50K.,144949,0,0,40
2197,20,Private,5th-6th,3,Married-civ-spouse,Craft-repair,Husband,White,Male,Mexico,<=50K.,332689,0,0,40
2198,34,Self-emp-not-inc,Assoc-voc,11,Never-married,Farming-fishing,Not-in-family,White,Male,United-States,>50K.,163756,27828,0,60
2199,40,Private,Prof-school,15,Never-married,Exec-managerial,Not-in-family,White,Female,Cuba,<=50K,205987,0,0,40
2200,32,Private,Bachelors,13,Married-civ-spouse,Adm-clerical,Wife,White,Female,United-States,>50K.,113453,0,0,24
2201,51,Local-gov,Prof-school,15,Widowed,Prof-specialty,Not-in-family,White,Female,United-States,<=50K,123325,0,0,40
2202,34,Private,HS-grad,9,Divorced,Craft-repair,Unmarried,Black,Female,United-States,<=50K.,361978,1471,0,40
2203,67,Private,Some-college,10,Married-civ-spouse,Transport-moving,Husband,White,Male,United-States,>50K,279980,10605,0,10
2204,40,Federal-gov,Some-college,10,Never-married,Adm-clerical,Own-child,White,Female,United-States,<=50K,196456,0,0,40
2205,55,Private,HS-grad,9,Married-civ-spouse,Handlers-cleaners,Husband,White,Male,United-States,>50K,105582,3103,0,40
2206,46,Private,11th,7,Divorced,Machine-op-inspct,Unmarried,Amer-Indian-Eskimo,Male,Germany,<=50K,134727,0,0,43
2207,29,Private,11th,7,Married-civ-spouse,Craft-repair,Husband,White,Male,United-States,<=50K,184596,3942,0,50
2208,69,Self-emp-not-inc,HS-grad,9,Married-civ-spouse,Sales,Husband,White,Male,United-States,<=50K,349022,0,0,33
2209,40,State-gov,Masters,14,Divorced,Exec-managerial,Unmarried,White,Female,United-States,<=50K,150874,1506,0,40
2210,55,Private,11th,7,Divorced,Sales,Own-child,White,Female,United-States,<=50K,286230,0,0,20
2211,75,Private,Assoc-voc,11,Widowed,Adm-clerical,Not-in-family,White,Female,Columbia,<=50K,314209,0,0,20
2212,35,Private,Some-college,10,Married-civ-spouse,Adm-clerical,Husband,White,Male,United-States,>50K,216473,0,0,50
2213,45,Private,HS-grad,9,Widowed,Adm-clerical,Unmarried,White,Female,United-States,<=50K,102597,0,0,35
2214,21,Private,Some-college,10,Never-married,Adm-clerical,Not-in-family,White,Male,United-States,<=50K,72119,0,0,45
2215,67,Private,Bachelors,13,Married-civ-spouse,Prof-specialty,Husband,White,Male,United-States,>50K.,188903,0,0,40
2216,32,Self-emp-not-inc,HS-grad,9,Married-civ-spouse,Farming-fishing,Husband,White,Male,United-States,<=50K,70985,4064,0,40
2217,52,Private,HS-grad,9,Married-civ-spouse,Exec-managerial,Husband,Asian-Pac-Islander,Male,Japan,>50K,152234,99999,0,40
2218,19,Private,11th,7,Never-married,Handlers-cleaners,Own-child,White,Male,United-States,<=50K,175820,0,0,25
2219,54,Self-emp-not-inc,Some-college,10,Married-civ-spouse,Sales,Husband,White,Male,United-States,<=50K.,139023,0,0,40
2220,26,Private,Some-college,10,Never-married,Exec-managerial,Not-in-family,White,Female,United-States,<=50K,86483,0,0,40
2221,45,Self-emp-not-inc,Assoc-voc,11,Married-civ-spouse,Prof-specialty,Husband,White,Male,United-States,<=50K,204405,0,0,20
2222,23,Private,Bachelors,13,Never-married,Prof-specialty,Unmarried,Black,Female,United-States,<=50K.,358434,0,0,40
2223,33,Local-gov,Assoc-acdm,12,Married-civ-spouse,Craft-repair,Husband,White,Male,United-States,<=50K,248346,0,0,50
2224,37,Private,Bachelors,13,Married-civ-spouse,Prof-specialty,Husband,White,Male,,>50K.,177907,0,0,40
2225,60,Private,5th-6th,3,Married-civ-spouse,Craft-repair,Husband,White,Male,Mexico,<=50K,135470,0,0,40
2226,26,Private,HS-grad,9,Never-married,Tech-support,Other-relative,White,Male,United-States,<=50K.,414916,0,0,40
2227,51,Private,Bachelors,13,Married-civ-spouse,Prof-specialty,Husband,White,Male,United-States,>50K,111939,0,0,50
2228,30,Private,HS-grad,9,Never-married,Tech-support,Not-in-family,White,Female,United-States,<=50K,156718,0,0,40
2229,52,Private,Bachelors,13,Married-civ-spouse,Machine-op-inspct,Husband,White,Male,United-States,>50K,150393,0,0,40
2230,48,State-gov,Bachelors,13,Married-civ-spouse,Exec-managerial,Husband,White,Male,United-States,>50K,118330,5178,0,40
2231,39,Private,Bachelors,13,Married-civ-spouse,Exec-managerial,Husband,White,Male,United-States,>50K,167728,0,0,40
2232,23,Private,10th,6,Never-married,Machine-op-inspct,Not-in-family,White,Female,United-States,<=50K,200677,0,0,40
2233,42,Private,HS-grad,9,Never-married,Craft-repair,Not-in-family,White,Male,United-States,<=50K,397346,3325,0,40
2234,47,Private,Some-college,10,Married-civ-spouse,Tech-support,Husband,White,Male,United-States,>50K,328216,7298,0,40
2235,45,Private,Bachelors,13,Divorced,Adm-clerical,Unmarried,White,Female,Germany,<=50K,204057,0,0,40
2236,50,Private,Bachelors,13,Married-civ-spouse,Craft-repair,Husband,White,Male,United-States,<=50K,165001,0,0,50
2237,46,Local-gov,Bachelors,13,Married-civ-spouse,Prof-specialty,Wife,White,Female,United-States,>50K.,127441,0,0,40
2238,43,Private,Bachelors,13,Married-civ-spouse,Exec-managerial,Husband,White,Male,United-States,<=50K,145762,0,0,40
2239,40,Private,HS-grad,9,Divorced,Adm-clerical,Unmarried,Black,Male,United-States,<=50K,375603,0,0,40
2240,30,Private,HS-grad,9,Never-married,Exec-managerial,Not-in-family,White,Male,United-States,<=50K,347166,0,0,60
2241,50,Private,HS-grad,9,Married-civ-spouse,Sales,Wife,Black,Female,United-States,<=50K,138270,0,0,40
2242,44,Self-emp-inc,Prof-school,15,Married-civ-spouse,Prof-specialty,Husband,White,Male,United-States,>50K,311357,0,0,50
2243,28,Private,9th,5,Never-married,Priv-house-serv,Not-in-family,White,Female,Mexico,<=50K.,236834,0,0,35
2244,51,Private,9th,5,Widowed,Craft-repair,Not-in-family,White,Male,United-States,<=50K.,171914,0,0,30
2245,21,Private,Some-college,10,Never-married,Sales,Own-child,White,Male,United-States,<=50K,129350,0,0,40
2246,39,Local-gov,HS-grad,9,Divorced,Adm-clerical,Unmarried,White,Female,United-States,<=50K,164515,0,0,40
2247,23,Private,Bachelors,13,Never-married,Handlers-cleaners,Not-in-family,White,Male,United-States,<=50K,214542,0,0,40
2248,32,Private,HS-grad,9,Married-civ-spouse,Machine-op-inspct,Husband,White,Male,United-States,<=50K.,80145,0,0,40
2249,36,,HS-grad,9,Married-civ-spouse,,Husband,White,Male,United-States,<=50K,229533,0,0,40
2250,61,Self-emp-not-inc,Some-college,10,Married-civ-spouse,Sales,Husband,Black,Male,United-States,>50K,503675,0,0,60
2251,23,Private,Bachelors,13,Never-married,Exec-managerial,Own-child,White,Male,United-States,<=50K.,198861,0,1669,40
2252,57,Self-emp-not-inc,HS-grad,9,Married-civ-spouse,Other-service,Husband,White,Male,United-States,<=50K,25124,0,0,60
2253,32,Private,HS-grad,9,Married-civ-spouse,Exec-managerial,Husband,White,Male,United-States,<=50K.,80557,0,0,70
2254,30,Private,HS-grad,9,Never-married,Craft-repair,Own-child,White,Male,United-States,<=50K.,171483,0,0,38
2255,47,Private,7th-8th,4,Married-civ-spouse,Craft-repair,Husband,White,Male,Italy,>50K.,189680,0,0,40
2256,33,Private,HS-grad,9,Separated,Craft-repair,Not-in-family,Amer-Indian-Eskimo,Male,Hong,<=50K,356015,0,0,35
2257,50,Private,HS-grad,9,Married-civ-spouse,Craft-repair,Husband,White,Male,United-States,>50K,31621,0,0,40
2258,36,Private,Prof-school,15,Married-civ-spouse,Prof-specialty,Husband,White,Male,United-States,>50K,185099,0,0,55
2259,37,Private,5th-6th,3,Never-married,Adm-clerical,Other-relative,White,Female,Mexico,<=50K,187346,0,0,40
2260,35,Private,11th,7,Divorced,Transport-moving,Not-in-family,White,Male,United-States,<=50K,115803,0,0,40
2261,60,Private,HS-grad,9,Married-civ-spouse,Craft-repair,Husband,White,Male,United-States,>50K,338345,0,0,45
2262,55,Self-emp-not-inc,HS-grad,9,Separated,Farming-fishing,Unmarried,White,Female,United-States,<=50K,100569,0,0,55
2263,30,Private,HS-grad,9,Separated,Other-service,Own-child,White,Female,United-States,<=50K,191571,0,0,36
2264,77,,Assoc-acdm,12,Married-civ-spouse,,Husband,White,Male,United-States,<=50K.,309955,0,1411,2
2265,21,Private,Some-college,10,Never-married,Other-service,Own-child,White,Male,United-States,<=50K,186648,0,0,20
2266,43,Private,HS-grad,9,Divorced,Machine-op-inspct,Not-in-family,White,Male,United-States,<=50K,266439,0,0,45
2267,26,Private,Assoc-acdm,12,Never-married,Prof-specialty,Not-in-family,White,Female,United-States,<=50K,162872,0,0,40
2268,22,Private,Assoc-voc,11,Never-married,Other-service,Own-child,Black,Female,United-States,<=50K,236684,0,0,36
2269,19,Private,HS-grad,9,Never-married,Handlers-cleaners,Own-child,White,Male,United-States,<=50K,68552,0,0,30
2270,50,Private,HS-grad,9,Divorced,Exec-managerial,Unmarried,White,Female,United-States,<=50K,204838,0,0,38
2271,46,Private,HS-grad,9,Married-spouse-absent,Farming-fishing,Not-in-family,White,Male,United-States,<=50K,142719,0,0,65
2272,38,Private,Bachelors,13,Divorced,Adm-clerical,Unmarried,Asian-Pac-Islander,Female,Philippines,<=50K,173047,0,213,40
2273,40,Private,Assoc-acdm,12,Married-civ-spouse,Adm-clerical,Husband,White,Male,United-States,<=50K,32214,0,0,40
2274,44,Private,Assoc-acdm,12,Married-civ-spouse,Craft-repair,Husband,White,Male,United-States,>50K,216907,0,1848,40
2275,30,Private,HS-grad,9,Divorced,Adm-clerical,Not-in-family,White,Female,United-States,<=50K,258170,0,0,40
2276,52,Federal-gov,Some-college,10,Divorced,Adm-clerical,Unmarried,Black,Female,United-States,<=50K.,277772,0,0,40
2277,57,Local-gov,HS-grad,9,Married-civ-spouse,Transport-moving,Husband,White,Male,United-States,<=50K,52267,0,0,72
2278,44,Private,Some-college,10,Married-civ-spouse,Sales,Husband,White,Male,United-States,>50K,165492,0,0,40
2279,30,Private,Bachelors,13,Married-civ-spouse,Exec-managerial,Other-relative,White,Female,Greece,>50K.,100734,0,0,40
2280,35,Private,11th,7,Married-civ-spouse,Craft-repair,Husband,White,Male,United-States,<=50K.,152307,0,0,40
2281,21,Private,12th,8,Married-civ-spouse,Craft-repair,Husband,White,Male,United-States,<=50K,83704,0,0,40
2282,77,Private,Doctorate,16,Widowed,Exec-managerial,Unmarried,White,Male,United-States,<=50K.,213136,0,0,40
2283,61,Private,HS-grad,9,Married-civ-spouse,Craft-repair,Husband,White,Male,United-States,>50K,166124,0,0,40
2284,25,Private,HS-grad,9,Never-married,Handlers-cleaners,Not-in-family,White,Male,United-States,<=50K,33610,0,0,45
2285,26,Federal-gov,HS-grad,9,Married-civ-spouse,Adm-clerical,Husband,Other,Male,United-States,<=50K,218782,0,0,40
2286,66,Private,HS-grad,9,Never-married,Tech-support,Not-in-family,White,Female,United-States,<=50K.,30740,0,0,15
2287,33,State-gov,10th,6,Married-civ-spouse,Other-service,Husband,White,Male,United-States,<=50K,374905,0,0,40
2288,52,Private,Assoc-acdm,12,Married-civ-spouse,Protective-serv,Husband,White,Male,United-States,>50K,145548,0,0,40
2289,62,Private,Prof-school,15,Married-civ-spouse,Prof-specialty,Husband,White,Male,United-States,>50K,160143,0,0,30
2290,37,Private,Bachelors,13,Married-civ-spouse,Handlers-cleaners,Husband,White,Male,United-States,>50K.,280966,0,0,40
2291,44,Private,Bachelors,13,Married-civ-spouse,Exec-managerial,Husband,White,Male,United-States,>50K,48087,0,0,40
2292,21,Private,Some-college,10,Never-married,Other-service,Own-child,White,Female,United-States,<=50K,105577,0,0,30
2293,38,Private,Some-college,10,Married-civ-spouse,Exec-managerial,Husband,White,Male,United-States,>50K.,179481,0,0,45
2294,32,Private,Some-college,10,Married-civ-spouse,Sales,Husband,White,Male,United-States,>50K,152940,0,0,40
2295,37,Private,HS-grad,9,Separated,Craft-repair,Unmarried,White,Female,United-States,<=50K.,138105,0,0,40
2296,30,Private,Masters,14,Married-civ-spouse,Exec-managerial,Husband,White,Male,United-States,>50K,378009,0,0,50
2297,28,Private,HS-grad,9,Married-civ-spouse,Machine-op-inspct,Own-child,White,Male,United-States,<=50K,175262,0,0,40
2298,68,Private,HS-grad,9,Divorced,Priv-house-serv,Unmarried,Black,Female,United-States,<=50K.,176468,0,0,24
2299,47,Private,Bachelors,13,Married-civ-spouse,Exec-managerial,Husband,White,Male,United-States,>50K,129513,0,0,60
2300,20,Private,HS-grad,9,Never-married,Adm-clerical,Not-in-family,White,Female,United-States,<=50K,194891,0,0,40
2301,29,Private,HS-grad,9,Married-civ-spouse,Machine-op-inspct,Husband,White,Male,United-States,<=50K,181280,0,0,40
2302,23,Private,Assoc-acdm,12,Never-married,Tech-support,Own-child,White,Female,United-States,<=50K.,334105,0,0,40
2303,26,Private,11th,7,Never-married,Exec-managerial,Not-in-family,Black,Male,United-States,<=50K.,138537,0,0,50
2304,49,Private,Some-college,10,Divorced,Handlers-cleaners,Unmarried,Black,Female,United-States,<=50K,165513,0,0,40
2305,36,Private,HS-grad,9,Married-civ-spouse,Sales,Husband,White,Male,United-States,>50K,187046,0,0,40
2306,39,Private,HS-grad,9,Divorced,Machine-op-inspct,Not-in-family,Black,Female,United-States,<=50K,250217,0,0,70
2307,26,Private,HS-grad,9,Married-civ-spouse,Craft-repair,Husband,White,Male,Mexico,<=50K,248990,0,0,40
2308,45,Private,Masters,14,Separated,Tech-support,Unmarried,White,Female,United-States,<=50K.,151817,0,0,36
2309,45,Private,HS-grad,9,Married-civ-spouse,Machine-op-inspct,Husband,White,Male,United-States,>50K,168262,0,1887,40
2310,50,Local-gov,HS-grad,9,Married-civ-spouse,Handlers-cleaners,Husband,White,Male,United-States,<=50K,231725,0,0,40
2311,46,Private,5th-6th,3,Married-civ-spouse,Adm-clerical,Wife,White,Female,Italy,<=50K.,191389,0,0,40
2312,65,Self-emp-not-inc,5th-6th,3,Married-civ-spouse,Farming-fishing,Husband,White,Male,United-States,<=50K,131417,1797,0,21
2313,32,Private,HS-grad,9,Never-married,Other-service,Unmarried,Black,Female,United-States,<=50K,136935,0,0,13
2314,53,Private,HS-grad,9,Married-civ-spouse,Craft-repair,Husband,White,Male,United-States,<=50K.,110747,0,0,40
2315,36,Private,Prof-school,15,Married-civ-spouse,Prof-specialty,Husband,White,Male,United-States,>50K,143123,0,0,50
2316,39,Self-emp-not-inc,10th,6,Separated,Craft-repair,Not-in-family,Black,Male,United-States,<=50K.,497525,0,0,40
2317,60,Private,Doctorate,16,Separated,Priv-house-serv,Unmarried,White,Female,Nicaragua,<=50K.,258869,0,0,30
2318,50,Self-emp-not-inc,Some-college,10,Married-civ-spouse,Exec-managerial,Wife,White,Female,United-States,<=50K,156606,0,0,30
2319,47,Self-emp-not-inc,HS-grad,9,Never-married,Transport-moving,Own-child,White,Male,United-States,<=50K.,102388,0,0,60
2320,31,Self-emp-not-inc,10th,6,Married-civ-spouse,Other-service,Wife,White,Female,Mexico,<=50K.,213307,0,0,28
2321,41,Private,Bachelors,13,Married-civ-spouse,Exec-managerial,Husband,White,Male,United-States,>50K.,344624,7688,0,50
2322,58,,11th,7,Married-spouse-absent,,Not-in-family,White,Female,United-States,<=50K.,32521,0,0,20
2323,37,Private,Some-college,10,Never-married,Exec-managerial,Not-in-family,White,Female,United-States,<=50K,111499,0,0,40
2324,27,Private,Bachelors,13,Never-married,Tech-support,Own-child,Asian-Pac-Islander,Female,Philippines,<=50K,230959,0,0,40
2325,34,Private,Some-college,10,Never-married,Craft-repair,Not-in-family,White,Male,United-States,<=50K,227282,0,0,40
2326,35,Private,Bachelors,13,Married-civ-spouse,Exec-managerial,Husband,White,Male,United-States,>50K,154410,0,0,50
2327,27,Private,HS-grad,9,Married-civ-spouse,Craft-repair,Husband,White,Male,United-States,>50K,278720,0,0,45
2328,53,Private,HS-grad,9,Married-civ-spouse,Machine-op-inspct,Husband,White,Male,United-States,<=50K,127117,0,0,40
2329,51,Local-gov,Masters,14,Married-civ-spouse,Prof-specialty,Husband,Amer-Indian-Eskimo,Male,United-States,<=50K,35211,0,0,40
2330,51,Private,Some-college,10,Divorced,Exec-managerial,Not-in-family,White,Female,United-States,<=50K,158508,0,0,36
2331,23,Local-gov,Some-college,10,Never-married,Adm-clerical,Not-in-family,White,Male,United-States,<=50K,324637,0,0,30
2332,73,,HS-grad,9,Married-civ-spouse,,Husband,White,Male,United-States,<=50K.,30713,0,0,10
2333,49,Private,HS-grad,9,Married-civ-spouse,Transport-moving,Husband,White,Male,United-States,<=50K,209146,0,0,40
2334,39,Private,Bachelors,13,Married-civ-spouse,Craft-repair,Husband,Asian-Pac-Islander,Male,Philippines,>50K,191342,0,0,40
2335,44,Federal-gov,Assoc-voc,11,Divorced,Tech-support,Not-in-family,White,Male,United-States,<=50K,206553,0,0,40
2336,41,Private,HS-grad,9,Never-married,Machine-op-inspct,Not-in-family,White,Male,United-States,<=50K,45156,2174,0,41
2337,47,Private,Some-college,10,Separated,Adm-clerical,Unmarried,White,Female,United-States,>50K,177087,0,0,50
2338,19,Private,Some-college,10,Never-married,Other-service,Own-child,White,Female,United-States,<=50K,198943,0,0,35
2339,39,Self-emp-not-inc,HS-grad,9,Married-civ-spouse,Sales,Wife,Black,Female,Dominican-Republic,>50K,237532,0,0,54
2340,57,Private,HS-grad,9,Married-civ-spouse,Craft-repair,Husband,Black,Male,United-States,<=50K.,244478,0,0,48
2341,31,Private,HS-grad,9,Married-civ-spouse,Sales,Husband,White,Male,United-States,<=50K,119422,0,0,40
2342,36,Private,HS-grad,9,Married-civ-spouse,Farming-fishing,Wife,White,Female,United-States,<=50K,99270,0,0,40
2343,48,Local-gov,HS-grad,9,Married-civ-spouse,Other-service,Husband,Black,Male,United-States,<=50K.,225594,0,0,40
2344,78,,9th,5,Widowed,,Unmarried,White,Male,United-States,<=50K.,109498,0,0,40
2345,45,Private,Assoc-acdm,12,Never-married,Exec-managerial,Not-in-family,White,Female,United-States,<=50K.,282172,0,0,40
2346,22,Private,Some-college,10,Married-civ-spouse,Craft-repair,Husband,White,Male,United-States,<=50K,418405,0,0,40
2347,52,Private,HS-grad,9,Married-civ-spouse,Sales,Husband,White,Male,United-States,>50K,163998,99999,0,45
2348,44,Private,Some-college,10,Married-civ-spouse,Sales,Husband,White,Male,United-States,>50K.,107433,0,0,55
2349,23,Private,Bachelors,13,Never-married,Exec-managerial,Own-child,White,Female,Canada,<=50K.,67311,0,0,40
2350,23,,Some-college,10,Never-married,,Own-child,White,Male,United-States,<=50K.,201179,0,0,40
2351,36,Private,HS-grad,9,Married-civ-spouse,Sales,Husband,White,Male,United-States,<=50K.,172571,0,0,45
2352,23,State-gov,Some-college,10,Never-married,Protective-serv,Not-in-family,Black,Male,United-States,<=50K.,1117718,0,0,30
2353,32,Federal-gov,HS-grad,9,Never-married,Exec-managerial,Not-in-family,Black,Female,United-States,<=50K,131534,0,0,40
2354,30,Private,11th,7,Never-married,Protective-serv,Not-in-family,White,Female,United-States,<=50K.,207172,0,0,35
2355,37,Private,1st-4th,2,Divorced,Other-service,Unmarried,White,Female,Mexico,<=50K.,94208,0,0,35
2356,18,,HS-grad,9,Never-married,,Unmarried,White,Female,United-States,<=50K,274746,0,0,20
2357,26,Private,HS-grad,9,Never-married,Craft-repair,Own-child,White,Male,United-States,<=50K.,135521,0,0,50
2358,29,Private,Some-college,10,Never-married,Tech-support,Not-in-family,White,Female,United-States,<=50K,79481,0,0,40
2359,45,Private,HS-grad,9,Married-civ-spouse,Transport-moving,Husband,White,Male,United-States,<=50K,122206,0,0,40
2360,49,State-gov,Bachelors,13,Married-civ-spouse,Exec-managerial,Husband,White,Male,United-States,>50K,36177,0,0,45
2361,45,,Bachelors,13,Married-civ-spouse,,Husband,Black,Male,United-States,>50K.,256649,0,0,45
2362,34,Private,HS-grad,9,Never-married,Craft-repair,Unmarried,White,Male,United-States,<=50K,245211,2036,0,30
2363,32,Local-gov,Bachelors,13,Never-married,Prof-specialty,Not-in-family,White,Male,United-States,<=50K,244268,0,0,50
2364,33,Private,HS-grad,9,Never-married,Machine-op-inspct,Not-in-family,White,Male,United-States,<=50K.,188403,0,0,44
2365,38,Federal-gov,Prof-school,15,Married-civ-spouse,Prof-specialty,Husband,White,Male,United-States,>50K,325538,0,0,50
2366,39,Private,Some-college,10,Married-civ-spouse,Craft-repair,Husband,White,Male,United-States,>50K,153976,0,0,52
2367,36,Private,5th-6th,3,Married-civ-spouse,Priv-house-serv,Wife,White,Female,El-Salvador,<=50K.,209993,0,0,40
2368,59,State-gov,Bachelors,13,Married-civ-spouse,Exec-managerial,Husband,White,Male,United-States,>50K,349910,10605,0,50
2369,59,,HS-grad,9,Widowed,,Unmarried,Black,Female,United-States,<=50K.,179078,0,0,40
2370,23,Private,Assoc-acdm,12,Never-married,Machine-op-inspct,Unmarried,White,Male,United-States,<=50K.,234108,0,0,40
2371,55,Private,Some-college,10,Married-civ-spouse,Adm-clerical,Husband,Black,Male,United-States,<=50K,217802,0,0,25
2372,50,Private,HS-grad,9,Married-civ-spouse,Machine-op-inspct,Other-relative,Asian-Pac-Islander,Female,China,<=50K,135643,0,0,40
2373,43,Private,Bachelors,13,Married-civ-spouse,Adm-clerical,Husband,White,Male,United-States,>50K.,183342,0,0,40
2374,34,Private,HS-grad,9,Never-married,Machine-op-inspct,Unmarried,Black,Male,United-States,<=50K,244064,0,0,40
2375,26,Private,HS-grad,9,Never-married,Transport-moving,Own-child,White,Male,United-States,<=50K,167350,0,0,50
2376,31,Private,Bachelors,13,Married-civ-spouse,Sales,Husband,White,Male,United-States,>50K.,105479,0,0,50
2377,33,Private,Prof-school,15,Married-civ-spouse,Prof-specialty,Husband,White,Male,United-States,>50K,149184,0,1977,50
2378,63,Self-emp-not-inc,7th-8th,4,Married-civ-spouse,Farming-fishing,Husband,White,Male,United-States,<=50K,391121,0,0,30
2379,30,Private,Bachelors,13,Never-married,Prof-specialty,Not-in-family,White,Male,Iran,<=50K,158420,0,0,50
2380,22,Private,Bachelors,13,Never-married,Adm-clerical,Own-child,White,Female,United-States,<=50K,211968,0,0,40
2381,58,Local-gov,HS-grad,9,Married-civ-spouse,Handlers-cleaners,Husband,Asian-Pac-Islander,Male,Philippines,>50K.,81132,0,0,80
2382,21,Private,Some-college,10,Never-married,Handlers-cleaners,Not-in-family,White,Male,United-States,<=50K,111467,0,0,40
2383,32,Private,HS-grad,9,Never-married,Machine-op-inspct,Unmarried,Black,Female,United-States,<=50K,232855,0,0,40
2384,23,Private,HS-grad,9,Never-married,Adm-clerical,Own-child,White,Male,United-States,<=50K,210526,0,0,40
2385,54,Self-emp-inc,7th-8th,4,Married-civ-spouse,Machine-op-inspct,Husband,White,Male,United-States,>50K,125417,0,0,40
2386,37,Private,Masters,14,Married-civ-spouse,Prof-specialty,Wife,White,Female,United-States,>50K.,183739,0,0,8
2387,59,Private,HS-grad,9,Divorced,Craft-repair,Not-in-family,White,Female,United-States,<=50K.,168145,0,0,40
2388,24,Private,Some-college,10,Married-civ-spouse,Other-service,Husband,White,Male,United-States,<=50K.,116788,0,0,40
2389,61,Self-emp-not-inc,HS-grad,9,Married-civ-spouse,Exec-managerial,Husband,White,Male,United-States,<=50K,201965,0,0,40
2390,25,Local-gov,Bachelors,13,Never-married,Adm-clerical,Not-in-family,White,Female,United-States,<=50K,31873,0,0,40
2391,20,Private,Some-college,10,Never-married,Prof-specialty,Own-child,White,Male,United-States,<=50K.,210444,0,0,25
2392,64,Private,HS-grad,9,Married-civ-spouse,Sales,Husband,White,Male,United-States,>50K,212838,0,0,65
2393,46,Private,Assoc-voc,11,Married-civ-spouse,Prof-specialty,Husband,White,Male,United-States,>50K,208872,0,0,40
2394,59,Local-gov,Some-college,10,Married-civ-spouse,Protective-serv,Husband,White,Male,United-States,<=50K,223215,0,0,42
2395,52,Self-emp-inc,Bachelors,13,Married-civ-spouse,Exec-managerial,Husband,White,Male,United-States,>50K,132178,0,0,50
2396,38,Private,10th,6,Married-civ-spouse,Craft-repair,Husband,White,Male,United-States,>50K.,415578,0,0,40
2397,30,Private,Assoc-acdm,12,Never-married,Craft-repair,Not-in-family,White,Male,United-States,>50K,331419,4787,0,50
2398,37,Private,HS-grad,9,Never-married,Farming-fishing,Own-child,White,Male,United-States,<=50K.,218955,0,0,35
2399,50,Private,Bachelors,13,Married-civ-spouse,Exec-managerial,Husband,White,Male,United-States,>50K,211319,7298,0,50
2400,18,Self-emp-inc,11th,7,Never-married,Farming-fishing,Own-child,White,Male,United-States,<=50K.,29582,0,0,50
2401,37,Private,HS-grad,9,Divorced,Handlers-cleaners,Not-in-family,White,Male,United-States,<=50K,271013,0,0,40
2402,24,Private,HS-grad,9,Never-married,Craft-repair,Not-in-family,White,Male,United-States,<=50K,162282,0,0,40
2403,21,Private,Some-college,10,Never-married,Sales,Own-child,White,Female,United-States,<=50K,39943,0,0,20
2404,39,Private,Bachelors,13,Married-civ-spouse,Handlers-cleaners,Wife,White,Female,Poland,>50K,99065,0,0,40
2405,28,Local-gov,Assoc-acdm,12,Never-married,Adm-clerical,Not-in-family,White,Female,United-States,<=50K,175796,0,0,40
2406,17,Private,10th,6,Never-married,Handlers-cleaners,Own-child,White,Male,United-States,<=50K.,132187,0,0,15
2407,21,Private,9th,5,Never-married,Craft-repair,Own-child,White,Male,El-Salvador,<=50K,244312,0,0,30
2408,47,,Assoc-voc,11,Married-civ-spouse,,Husband,White,Male,United-States,>50K,99127,0,0,40
2409,39,Private,Some-college,10,Divorced,Sales,Unmarried,White,Female,United-States,<=50K,301568,0,0,40
2410,46,Self-emp-not-inc,Assoc-voc,11,Married-civ-spouse,Exec-managerial,Husband,White,Male,United-States,<=50K,256014,0,0,60
2411,54,Private,Masters,14,Married-civ-spouse,Sales,Husband,White,Male,United-States,>50K,57758,0,0,68
2412,26,Private,HS-grad,9,Never-married,Handlers-cleaners,Unmarried,White,Male,United-States,<=50K.,121712,0,0,30
2413,25,Private,Bachelors,13,Never-married,Prof-specialty,Own-child,Black,Female,United-States,<=50K,267431,0,0,55
2414,60,Private,Masters,14,Divorced,Prof-specialty,Not-in-family,White,Female,United-States,<=50K,243829,0,0,50
2415,29,Private,Bachelors,13,Married-civ-spouse,Machine-op-inspct,Husband,White,Male,United-States,>50K.,37359,7298,0,40
2416,42,Private,HS-grad,9,Widowed,Prof-specialty,Not-in-family,White,Male,United-States,>50K.,122215,0,0,40
2417,47,Local-gov,Some-college,10,Divorced,Adm-clerical,Not-in-family,White,Female,United-States,<=50K,93618,0,0,33
2418,45,Private,HS-grad,9,Divorced,Machine-op-inspct,Unmarried,White,Male,United-States,<=50K,190482,0,0,40
2419,37,Private,7th-8th,4,Never-married,Other-service,Own-child,Black,Male,United-States,<=50K.,173586,0,0,56
2420,55,Private,HS-grad,9,Married-civ-spouse,Craft-repair,Husband,White,Male,United-States,>50K,199067,0,0,40
2421,45,Private,Bachelors,13,Divorced,Prof-specialty,Not-in-family,White,Male,United-States,>50K,197038,0,0,50
2422,67,,7th-8th,4,Married-civ-spouse,,Husband,White,Male,United-States,<=50K,274451,0,0,40
2423,50,Private,HS-grad,9,Married-civ-spouse,Machine-op-inspct,Husband,White,Male,United-States,<=50K,234037,0,0,58
2424,74,Private,9th,5,Widowed,Craft-repair,Not-in-family,White,Male,,<=50K,194312,0,0,10
2425,22,Private,Bachelors,13,Never-married,Adm-clerical,Own-child,White,Female,United-States,<=50K,117606,0,0,25
2426,20,Private,Some-college,10,Never-married,Other-service,Own-child,White,Female,United-States,<=50K,216563,0,0,20
2427,22,Private,HS-grad,9,Never-married,Sales,Own-child,White,Female,United-States,<=50K,240817,2597,0,40
2428,17,,11th,7,Never-married,,Own-child,White,Female,United-States,<=50K.,103851,0,0,45
2429,23,Private,HS-grad,9,Never-married,Tech-support,Own-child,White,Female,United-States,<=50K,176178,0,0,40
2430,25,Private,Assoc-voc,11,Married-civ-spouse,Sales,Husband,White,Male,United-States,<=50K,101812,0,0,41
2431,61,Private,Some-college,10,Married-civ-spouse,Machine-op-inspct,Husband,White,Male,United-States,<=50K.,187135,0,0,56
2432,30,Self-emp-not-inc,HS-grad,9,Married-civ-spouse,Craft-repair,Husband,White,Male,United-States,<=50K.,55176,0,0,30
2433,46,Private,Doctorate,16,Married-civ-spouse,Exec-managerial,Husband,White,Male,United-States,>50K,188386,15024,0,60
2434,23,State-gov,12th,8,Never-married,Exec-managerial,Not-in-family,White,Male,United-States,<=50K,186634,0,0,40
2435,21,Private,HS-grad,9,Never-married,Other-service,Own-child,White,Male,United-States,<=50K,72593,0,0,40
2436,33,Private,9th,5,Never-married,Machine-op-inspct,Not-in-family,White,Male,United-States,<=50K,87310,0,0,50
2437,33,Private,Masters,14,Married-civ-spouse,Prof-specialty,Husband,White,Male,United-States,>50K,156192,0,0,45
2438,70,Self-emp-inc,Bachelors,13,Married-civ-spouse,Exec-managerial,Husband,White,Male,United-States,<=50K.,223275,0,0,40
2439,44,Private,Bachelors,13,Married-civ-spouse,Prof-specialty,Husband,White,Male,United-States,>50K,172479,7688,0,40
2440,65,,HS-grad,9,Married-civ-spouse,,Husband,White,Male,Cuba,<=50K.,244749,0,0,20
2441,28,Private,HS-grad,9,Never-married,Adm-clerical,Not-in-family,Black,Male,Jamaica,<=50K.,186672,0,0,40
2442,43,Private,Prof-school,15,Divorced,Exec-managerial,Not-in-family,White,Male,United-States,<=50K,188436,0,0,40
2443,40,Private,Some-college,10,Married-civ-spouse,Transport-moving,Husband,White,Male,United-States,<=50K,236021,0,0,40
2444,61,Private,HS-grad,9,Married-civ-spouse,Prof-specialty,Husband,White,Male,United-States,>50K.,345697,3103,0,40
2445,74,Private,7th-8th,4,Widowed,Other-service,Not-in-family,White,Female,United-States,<=50K.,282553,0,0,40
2446,29,Private,HS-grad,9,Never-married,Other-service,Own-child,White,Female,United-States,<=50K,140830,0,0,40
2447,56,Private,HS-grad,9,Widowed,Sales,Unmarried,White,Female,Mexico,<=50K,392160,0,0,25
2448,17,Private,11th,7,Never-married,Sales,Own-child,White,Male,United-States,<=50K,143331,0,0,20
2449,42,Private,HS-grad,9,Divorced,Other-service,Not-in-family,White,Female,United-States,<=50K,272910,0,0,40
2450,17,Private,10th,6,Never-married,Priv-house-serv,Own-child,White,Male,United-States,<=50K,182158,0,0,30
2451,42,Private,Assoc-voc,11,Married-civ-spouse,Prof-specialty,Husband,Asian-Pac-Islander,Male,Vietnam,>50K.,139012,0,0,40
2452,32,Private,11th,7,Married-civ-spouse,Craft-repair,Husband,White,Male,United-States,>50K.,180871,0,0,40
2453,40,Private,Assoc-acdm,12,Divorced,Exec-managerial,Not-in-family,White,Female,United-States,<=50K,271393,0,0,40
2454,70,Self-emp-not-inc,Masters,14,Married-civ-spouse,Prof-specialty,Husband,White,Male,United-States,>50K,37203,9386,0,30
2455,54,,7th-8th,4,Never-married,,Not-in-family,White,Female,United-States,<=50K,187221,0,0,25
2456,63,Private,Bachelors,13,Never-married,Tech-support,Not-in-family,White,Male,United-States,>50K,64544,0,0,40
2457,34,Private,10th,6,Divorced,Other-service,Unmarried,White,Female,United-States,<=50K,112584,0,0,38
2458,31,Private,Some-college,10,Married-civ-spouse,Craft-repair,Husband,White,Male,United-States,>50K,159187,0,0,40
2459,45,Self-emp-not-inc,Bachelors,13,Divorced,Prof-specialty,Not-in-family,White,Male,United-States,<=50K,114396,0,0,35
2460,49,Private,Prof-school,15,Married-civ-spouse,Prof-specialty,Husband,White,Male,United-States,<=50K,99361,0,0,45
2461,29,Private,HS-grad,9,Never-married,Sales,Unmarried,White,Female,United-States,<=50K.,33436,0,0,42
2462,45,Self-emp-inc,Some-college,10,Married-civ-spouse,Machine-op-inspct,Husband,White,Male,United-States,<=50K.,67001,0,0,50
2463,43,Private,Bachelors,13,Married-civ-spouse,Exec-managerial,Husband,White,Male,United-States,>50K,115323,3103,0,40
2464,60,Self-emp-not-inc,Assoc-voc,11,Married-civ-spouse,Transport-moving,Wife,White,Female,Germany,>50K,88570,0,0,15
2465,42,Federal-gov,Masters,14,Married-civ-spouse,Exec-managerial,Husband,White,Male,United-States,>50K,122861,0,0,40
2466,39,Private,HS-grad,9,Married-civ-spouse,Craft-repair,Husband,White,Male,United-States,<=50K,147548,0,0,40
2467,18,,HS-grad,9,Widowed,,Own-child,White,Male,United-States,<=50K,195981,0,0,40
2468,37,Private,Assoc-voc,11,Married-civ-spouse,Prof-specialty,Husband,White,Male,United-States,>50K,249208,0,0,48
2469,47,Private,HS-grad,9,Divorced,Other-service,Unmarried,White,Female,United-States,<=50K,161950,0,0,32
2470,64,Private,Some-college,10,Never-married,Tech-support,Not-in-family,White,Male,United-States,>50K.,121036,0,0,40
2471,57,Self-emp-inc,HS-grad,9,Married-civ-spouse,Exec-managerial,Husband,White,Male,United-States,<=50K,195835,0,0,40
2472,32,Private,Bachelors,13,Married-civ-spouse,Prof-specialty,Husband,White,Male,United-States,<=50K,132601,0,0,50
2473,37,Private,10th,6,Married-civ-spouse,Transport-moving,Husband,White,Male,United-States,<=50K,99374,0,0,55
2474,54,Private,HS-grad,9,Married-civ-spouse,Machine-op-inspct,Husband,White,Male,Portugal,<=50K.,96062,0,0,40
2475,44,State-gov,Some-college,10,Married-civ-spouse,Exec-managerial,Husband,White,Male,United-States,<=50K,96249,3411,0,40
2476,42,Private,Bachelors,13,Married-civ-spouse,Tech-support,Husband,White,Male,United-States,>50K,111483,0,0,50
2477,45,Private,Some-college,10,Married-civ-spouse,Craft-repair,Husband,White,Male,United-States,>50K,232586,0,0,50
2478,25,Private,Bachelors,13,Divorced,Craft-repair,Not-in-family,White,Male,United-States,<=50K,121712,0,0,40
2479,50,Local-gov,Masters,14,Married-civ-spouse,Prof-specialty,Wife,White,Female,United-States,<=50K,173224,0,0,40
2480,25,Private,10th,6,Never-married,Handlers-cleaners,Own-child,Black,Male,United-States,<=50K,282313,0,1602,40
2481,33,Private,Some-college,10,Married-civ-spouse,Other-service,Wife,White,Female,United-States,<=50K,287878,0,0,26
2482,73,Self-emp-not-inc,12th,8,Married-civ-spouse,Farming-fishing,Husband,White,Male,United-States,<=50K,143833,0,0,18
2483,31,Private,9th,5,Divorced,Adm-clerical,Not-in-family,White,Female,United-States,<=50K,118551,0,0,40
2484,36,Private,HS-grad,9,Married-spouse-absent,Adm-clerical,Other-relative,Asian-Pac-Islander,Male,India,<=50K.,341672,0,0,60
2485,54,Private,Bachelors,13,Married-civ-spouse,Prof-specialty,Husband,White,Male,United-States,>50K,37237,0,0,40
2486,58,Private,HS-grad,9,Divorced,Machine-op-inspct,Not-in-family,White,Male,United-States,<=50K,140363,3325,0,30
2487,21,Private,Assoc-voc,11,Never-married,Other-service,Not-in-family,White,Male,United-States,<=50K,91819,0,0,30
2488,69,Local-gov,HS-grad,9,Married-civ-spouse,Craft-repair,Husband,White,Male,United-States,<=50K,61958,1424,0,6
2489,36,Private,Bachelors,13,Never-married,Exec-managerial,Own-child,White,Female,United-States,<=50K,127306,0,0,40
2490,72,,HS-grad,9,Married-civ-spouse,,Husband,White,Male,Cuba,<=50K,173427,0,0,40
2491,27,Private,Masters,14,Married-civ-spouse,Prof-specialty,Husband,White,Male,United-States,<=50K,302406,0,0,55
2492,62,Self-emp-not-inc,Masters,14,Married-civ-spouse,Prof-specialty,Husband,White,Male,United-States,<=50K.,71467,0,0,40
2493,30,Private,HS-grad,9,Married-civ-spouse,Prof-specialty,Husband,White,Male,United-States,<=50K.,284826,0,0,50
2494,35,Private,Bachelors,13,Married-civ-spouse,Exec-managerial,Husband,Asian-Pac-Islander,Male,,<=50K,198341,0,0,40
2495,34,Private,HS-grad,9,Divorced,Machine-op-inspct,Not-in-family,White,Male,United-States,<=50K,287315,0,0,40
2496,43,Private,Assoc-acdm,12,Married-civ-spouse,Tech-support,Husband,White,Male,United-States,<=50K,48193,0,0,40
2497,20,Private,12th,8,Never-married,Other-service,Not-in-family,White,Male,United-States,<=50K,189888,0,0,40
2498,40,Private,HS-grad,9,Separated,Exec-managerial,Unmarried,White,Female,Canada,<=50K,406811,0,0,40
2499,61,Self-emp-inc,HS-grad,9,Married-civ-spouse,Exec-managerial,Husband,White,Male,United-States,>50K,187124,0,0,20
2500,55,State-gov,Some-college,10,Married-civ-spouse,Protective-serv,Husband,White,Male,United-States,>50K,157639,0,0,40
2501,50,Self-emp-not-inc,Assoc-voc,11,Never-married,Other-service,Not-in-family,White,Male,United-States,<=50K,30731,0,0,50
2502,19,Private,Some-college,10,Never-married,Transport-moving,Own-child,White,Male,United-States,<=50K.,365871,0,0,32
2503,46,Private,10th,6,Married-civ-spouse,Craft-repair,Husband,White,Male,United-States,<=50K,192208,0,0,45
2504,45,Self-emp-not-inc,HS-grad,9,Married-civ-spouse,Exec-managerial,Husband,Asian-Pac-Islander,Male,China,<=50K,285575,0,0,40
2505,17,Private,11th,7,Never-married,Protective-serv,Own-child,White,Female,United-States,<=50K.,148345,0,0,40
2506,47,Private,HS-grad,9,Never-married,Other-service,Unmarried,White,Female,Puerto-Rico,<=50K.,152572,0,0,40
2507,19,Private,Some-college,10,Never-married,Machine-op-inspct,Own-child,Black,Male,United-States,<=50K.,198700,0,0,20
2508,33,Local-gov,Masters,14,Never-married,Prof-specialty,Not-in-family,White,Female,United-States,<=50K,162623,0,0,50
2509,45,Self-emp-inc,Assoc-acdm,12,Divorced,Exec-managerial,Not-in-family,White,Female,United-States,<=50K.,208049,0,1590,40
2510,22,Private,Some-college,10,Never-married,Sales,Not-in-family,White,Male,United-States,<=50K,83998,0,0,40
2511,47,Self-emp-not-inc,7th-8th,4,Married-civ-spouse,Sales,Husband,White,Male,Puerto-Rico,<=50K,126500,0,0,40
2512,20,Private,HS-grad,9,Never-married,Farming-fishing,Own-child,White,Male,United-States,<=50K.,163870,0,0,40
2513,29,Private,Assoc-acdm,12,Married-civ-spouse,Sales,Husband,White,Male,United-States,<=50K,235168,0,0,60
2514,32,Local-gov,Bachelors,13,Separated,Prof-specialty,Not-in-family,White,Female,United-States,>50K,222900,0,0,50
2515,57,Local-gov,Masters,14,Married-civ-spouse,Exec-managerial,Husband,White,Male,United-States,>50K.,237546,0,0,60
2516,45,Private,HS-grad,9,Divorced,Adm-clerical,Unmarried,White,Female,United-States,<=50K.,157980,0,0,32
2517,52,State-gov,HS-grad,9,Married-civ-spouse,Protective-serv,Husband,White,Male,United-States,>50K.,184529,0,0,40
2518,34,Self-emp-not-inc,Assoc-voc,11,Married-civ-spouse,Craft-repair,Husband,White,Male,United-States,<=50K,175697,0,0,75
2519,24,Private,Bachelors,13,Never-married,Tech-support,Not-in-family,Asian-Pac-Islander,Male,United-States,<=50K.,153078,0,0,40
2520,39,Self-emp-inc,Some-college,10,Married-civ-spouse,Exec-managerial,Husband,White,Male,United-States,>50K.,88973,0,0,84
2521,54,Self-emp-not-inc,Bachelors,13,Divorced,Transport-moving,Not-in-family,White,Male,United-States,<=50K,192654,0,0,65
2522,52,Local-gov,Some-college,10,Widowed,Adm-clerical,Not-in-family,White,Female,United-States,<=50K,255927,0,0,24
2523,56,Private,HS-grad,9,Married-civ-spouse,Handlers-cleaners,Husband,White,Male,United-States,<=50K,102106,0,0,40
2524,66,Private,Bachelors,13,Married-civ-spouse,Adm-clerical,Husband,Asian-Pac-Islander,Male,Philippines,<=50K,244661,0,0,40
2525,57,Local-gov,Masters,14,Married-civ-spouse,Exec-managerial,Husband,White,Male,United-States,>50K.,101444,0,0,40
2526,25,Private,HS-grad,9,Never-married,Craft-repair,Other-relative,White,Male,United-States,<=50K,176520,0,0,40
2527,50,Private,Bachelors,13,Married-civ-spouse,Exec-managerial,Husband,White,Male,United-States,>50K,134766,0,1902,50
2528,60,Private,Some-college,10,Married-spouse-absent,Machine-op-inspct,Not-in-family,White,Male,United-States,>50K,139391,0,0,50
2529,64,,HS-grad,9,Married-civ-spouse,,Husband,White,Male,United-States,<=50K,50171,0,0,10
2530,25,Private,HS-grad,9,Never-married,Machine-op-inspct,Own-child,White,Male,United-States,<=50K,208591,0,0,40
2531,23,Private,Some-college,10,Never-married,Sales,Own-child,White,Female,United-States,<=50K,82497,0,0,28
2532,34,Private,HS-grad,9,Divorced,Exec-managerial,Own-child,White,Male,United-States,<=50K,182691,0,0,44
2533,28,Private,HS-grad,9,Divorced,Adm-clerical,Not-in-family,White,Female,United-States,<=50K.,311446,0,0,40
2534,20,Self-emp-not-inc,Assoc-voc,11,Never-married,Farming-fishing,Own-child,White,Male,United-States,<=50K,263498,0,0,40
2535,20,Private,Assoc-acdm,12,Never-married,Adm-clerical,Not-in-family,White,Female,United-States,<=50K,203240,0,0,30
2536,46,Private,Bachelors,13,Married-civ-spouse,Exec-managerial,Husband,White,Male,United-States,>50K,105444,0,0,50
2537,19,Private,Some-college,10,Never-married,Protective-serv,Own-child,White,Female,United-States,<=50K,160033,0,0,30
2538,35,Private,Bachelors,13,Married-civ-spouse,Sales,Husband,White,Male,United-States,<=50K,261382,0,0,50
2539,34,Private,HS-grad,9,Never-married,Transport-moving,Own-child,White,Male,United-States,<=50K,258675,0,0,40
2540,51,Private,Bachelors,13,Married-civ-spouse,Exec-managerial,Husband,White,Male,France,>50K,255412,0,0,50
2541,22,Private,Bachelors,13,Never-married,Handlers-cleaners,Own-child,White,Male,United-States,<=50K.,195767,0,0,30
2542,20,Private,Some-college,10,Never-married,Sales,Not-in-family,White,Male,United-States,<=50K,230891,0,0,45
2543,42,Private,Bachelors,13,Married-civ-spouse,Prof-specialty,Husband,White,Male,United-States,<=50K,273230,0,0,90
2544,49,Private,HS-grad,9,Married-civ-spouse,Transport-moving,Husband,Black,Male,United-States,>50K.,316323,0,0,48
2545,40,Self-emp-not-inc,Bachelors,13,Married-AF-spouse,Prof-specialty,Husband,White,Male,United-States,>50K,26892,7298,0,50
2546,40,Private,Assoc-acdm,12,Married-civ-spouse,Exec-managerial,Husband,White,Male,United-States,>50K,94080,0,0,40
2547,38,Private,HS-grad,9,Never-married,Handlers-cleaners,Not-in-family,White,Male,United-States,<=50K,82552,594,0,50
2548,44,Private,Bachelors,13,Married-civ-spouse,Exec-managerial,Husband,White,Male,United-States,<=50K,76196,0,0,50
2549,22,Private,HS-grad,9,Divorced,Sales,Own-child,White,Male,United-States,<=50K,154713,0,0,40
2550,35,Private,5th-6th,3,Never-married,Farming-fishing,Unmarried,White,Male,United-States,<=50K,413648,0,0,36
2551,52,Private,Bachelors,13,Married-spouse-absent,Other-service,Not-in-family,White,Male,United-States,<=50K,236180,0,0,50
2552,27,Local-gov,Bachelors,13,Divorced,Prof-specialty,Other-relative,White,Female,United-States,<=50K,236472,0,0,40
2553,32,Private,HS-grad,9,Married-civ-spouse,Machine-op-inspct,Husband,White,Male,United-States,>50K.,296466,0,0,50
2554,33,Private,HS-grad,9,Married-civ-spouse,Sales,Husband,White,Male,United-States,>50K,296538,0,0,45
2555,38,,Some-college,10,Married-civ-spouse,,Husband,White,Male,United-States,<=50K,104094,0,0,15
2556,54,Local-gov,Some-college,10,Married-civ-spouse,Exec-managerial,Husband,White,Male,United-States,<=50K.,113649,0,0,40
2557,17,Private,10th,6,Never-married,Other-service,Own-child,White,Female,United-States,<=50K.,36801,0,0,18
2558,67,State-gov,Bachelors,13,Married-civ-spouse,Prof-specialty,Husband,Asian-Pac-Islander,Male,United-States,<=50K.,121395,0,0,12
2559,39,Private,HS-grad,9,Married-civ-spouse,Transport-moving,Husband,Black,Male,Cuba,<=50K,315565,0,0,40
2560,44,Private,Some-college,10,Married-civ-spouse,Transport-moving,Husband,White,Male,United-States,>50K,214242,0,0,50
2561,23,Private,Assoc-acdm,12,Never-married,Other-service,Not-in-family,White,Female,United-States,<=50K,412248,0,0,25
2562,20,Private,11th,7,Never-married,Other-service,Own-child,Black,Male,United-States,<=50K.,398166,0,0,40
2563,30,State-gov,Masters,14,Married-civ-spouse,Prof-specialty,Wife,White,Female,United-States,>50K,48214,0,0,50
2564,45,Private,12th,8,Married-civ-spouse,Sales,Husband,White,Male,United-States,>50K,197240,7688,0,40
2565,54,Private,HS-grad,9,Married-civ-spouse,Sales,Husband,White,Male,United-States,<=50K,28683,3464,0,40
2566,34,,HS-grad,9,Divorced,,Not-in-family,White,Female,United-States,<=50K,181934,0,0,40
2567,32,Private,Bachelors,13,Never-married,Sales,Own-child,White,Male,United-States,>50K.,181091,13550,0,35
2568,27,Private,Bachelors,13,Never-married,Prof-specialty,Own-child,White,Female,United-States,<=50K,289147,0,0,40
2569,45,Private,Doctorate,16,Married-civ-spouse,Prof-specialty,Husband,White,Male,United-States,>50K.,382532,0,0,50
2570,23,,HS-grad,9,Never-married,,Not-in-family,White,Male,United-States,<=50K.,44793,0,0,40
2571,42,Private,Some-college,10,Never-married,Adm-clerical,Own-child,White,Female,United-States,<=50K,184823,0,0,40
2572,58,Self-emp-inc,HS-grad,9,Married-civ-spouse,Exec-managerial,Husband,White,Male,United-States,>50K.,120384,0,0,40
2573,18,Private,HS-grad,9,Never-married,Adm-clerical,Own-child,White,Female,United-States,<=50K,133654,0,0,40
2574,30,,Some-college,10,Married-civ-spouse,,Husband,White,Male,United-States,<=50K,108464,0,0,40
2575,43,Private,Some-college,10,Married-civ-spouse,Exec-managerial,Husband,White,Male,United-States,>50K,170214,0,0,50
2576,48,Private,HS-grad,9,Married-civ-spouse,Craft-repair,Husband,White,Male,United-States,<=50K,119565,0,0,40
2577,47,Private,Some-college,10,Married-civ-spouse,Craft-repair,Husband,White,Male,United-States,<=50K,211239,0,0,40
2578,30,Private,Assoc-voc,11,Never-married,Craft-repair,Other-relative,White,Male,United-States,<=50K.,35644,0,0,40
2579,50,Private,9th,5,Married-civ-spouse,Craft-repair,Husband,White,Male,United-States,<=50K,108933,2885,0,40
2580,32,Private,HS-grad,9,Divorced,Craft-repair,Own-child,White,Male,United-States,<=50K,188246,0,0,40
2581,26,Private,Bachelors,13,Divorced,Tech-support,Not-in-family,White,Female,United-States,<=50K.,142226,0,0,40
2582,50,State-gov,Assoc-voc,11,Divorced,Adm-clerical,Unmarried,White,Female,Ecuador,<=50K.,263200,0,0,40
2583,35,Private,Bachelors,13,Married-civ-spouse,Exec-managerial,Husband,White,Male,United-States,>50K.,111128,15024,0,65
2584,35,Private,HS-grad,9,Married-civ-spouse,Transport-moving,Wife,White,Female,United-States,<=50K.,169037,0,0,48
2585,57,Private,HS-grad,9,Divorced,Transport-moving,Not-in-family,White,Male,United-States,<=50K,353881,0,0,45
2586,43,Private,HS-grad,9,Married-civ-spouse,Machine-op-inspct,Husband,White,Male,United-States,>50K.,230684,0,0,40
2587,39,Private,Some-college,10,Married-civ-spouse,Sales,Husband,White,Male,,<=50K,112158,0,0,26
2588,38,Self-emp-not-inc,HS-grad,9,Divorced,Farming-fishing,Own-child,White,Male,United-States,<=50K,127772,0,0,50
2589,44,Private,Some-college,10,Married-civ-spouse,Machine-op-inspct,Husband,White,Male,United-States,<=50K,261899,0,0,44
2590,32,Private,HS-grad,9,Never-married,Adm-clerical,Own-child,White,Female,United-States,<=50K.,176410,0,0,38
2591,34,Private,Assoc-voc,11,Married-civ-spouse,Prof-specialty,Wife,White,Female,United-States,>50K.,159008,0,0,36
2592,22,,Assoc-acdm,12,Never-married,,Own-child,White,Male,United-States,<=50K.,213291,0,0,25
2593,64,Private,HS-grad,9,Widowed,Sales,Not-in-family,White,Female,France,>50K,60940,8614,0,50
2594,37,Private,HS-grad,9,Married-civ-spouse,Craft-repair,Husband,White,Male,United-States,>50K.,160192,0,0,40
2595,23,Federal-gov,Assoc-voc,11,Married-civ-spouse,Handlers-cleaners,Husband,White,Male,United-States,<=50K,216853,0,0,25
2596,45,Private,Assoc-voc,11,Never-married,Sales,Not-in-family,White,Female,United-States,<=50K,187969,0,0,38
2597,24,Private,Bachelors,13,Never-married,Sales,Own-child,Asian-Pac-Islander,Male,United-States,<=50K,90934,0,0,55
2598,36,Private,Bachelors,13,Married-civ-spouse,Prof-specialty,Husband,White,Male,United-States,>50K,398931,0,1485,50
2599,42,Private,Bachelors,13,Married-civ-spouse,Prof-specialty,Husband,White,Male,United-States,<=50K,230684,5013,0,40
2600,24,Private,HS-grad,9,Married-civ-spouse,Craft-repair,Husband,White,Male,United-States,<=50K,32732,0,0,50
2601,30,Private,Some-college,10,Married-civ-spouse,Craft-repair,Husband,White,Male,United-States,<=50K.,133250,0,0,50
2602,17,,11th,7,Never-married,,Own-child,White,Female,United-States,<=50K,48703,0,0,30
2603,33,Private,HS-grad,9,Never-married,Transport-moving,Not-in-family,White,Male,United-States,<=50K,80058,0,0,40
2604,29,Private,Assoc-voc,11,Married-civ-spouse,Craft-repair,Husband,White,Male,United-States,<=50K,88432,0,0,50
2605,40,,Some-college,10,Married-civ-spouse,,Wife,White,Female,United-States,<=50K,161285,0,0,25
2606,28,Federal-gov,Some-college,10,Married-civ-spouse,Adm-clerical,Husband,White,Male,United-States,>50K,42003,0,0,40
2607,30,Private,HS-grad,9,Never-married,Craft-repair,Own-child,White,Male,United-States,<=50K.,202450,0,0,40
2608,65,Private,10th,6,Married-civ-spouse,Handlers-cleaners,Husband,White,Male,United-States,>50K,36209,0,0,22
2609,42,Private,Doctorate,16,Never-married,Prof-specialty,Not-in-family,White,Male,United-States,>50K,162003,0,0,36
2610,37,Private,Bachelors,13,Married-civ-spouse,Machine-op-inspct,Husband,White,Male,United-States,>50K,179481,0,0,40
2611,63,,HS-grad,9,Widowed,,Not-in-family,Black,Female,United-States,<=50K,68954,0,0,11
2612,38,Private,HS-grad,9,Married-civ-spouse,Transport-moving,Husband,White,Male,United-States,>50K.,256864,0,0,50
2613,64,State-gov,Doctorate,16,Never-married,Prof-specialty,Not-in-family,White,Female,United-States,>50K,194894,4787,0,40
2614,77,,Masters,14,Divorced,,Not-in-family,White,Male,United-States,<=50K,132728,0,0,45
2615,45,Private,Bachelors,13,Married-civ-spouse,Adm-clerical,Husband,White,Male,United-States,>50K,31339,0,0,45
2616,41,,Some-college,10,Married-civ-spouse,,Husband,White,Male,United-States,<=50K.,45186,0,0,40
2617,31,Private,HS-grad,9,Never-married,Other-service,Unmarried,Black,Female,United-States,<=50K,207685,0,0,34
2618,19,Private,9th,5,Never-married,Other-service,Own-child,White,Male,United-States,<=50K.,232261,0,0,40
2619,29,Private,Bachelors,13,Married-civ-spouse,Tech-support,Husband,White,Male,United-States,<=50K,149211,0,0,40
2620,39,Private,HS-grad,9,Married-civ-spouse,Other-service,Wife,White,Female,United-States,<=50K.,34996,0,0,40
2621,62,Private,Some-college,10,Married-civ-spouse,Sales,Husband,White,Male,United-States,<=50K,254534,0,0,40
2622,53,State-gov,HS-grad,9,Divorced,Exec-managerial,Not-in-family,White,Male,United-States,<=50K,281074,0,1092,40
2623,52,Private,Doctorate,16,Married-civ-spouse,Prof-specialty,Wife,White,Female,United-States,>50K.,122412,99999,0,35
2624,19,Private,11th,7,Never-married,Other-service,Other-relative,White,Male,United-States,<=50K,168601,0,0,30
2625,51,Private,HS-grad,9,Married-civ-spouse,Transport-moving,Husband,White,Male,United-States,>50K.,91506,7688,0,40
2626,36,Private,HS-grad,9,Divorced,Other-service,Unmarried,Black,Male,United-States,<=50K.,305935,0,0,40
2627,17,Private,11th,7,Never-married,Handlers-cleaners,Own-child,White,Male,United-States,<=50K,120068,0,0,17
2628,33,Private,Bachelors,13,Married-civ-spouse,Prof-specialty,Husband,White,Male,United-States,>50K,159247,0,0,40
2629,51,Private,Assoc-acdm,12,Married-civ-spouse,Sales,Husband,White,Male,United-States,<=50K,124963,0,0,50
2630,21,Private,HS-grad,9,Never-married,Adm-clerical,Own-child,White,Male,United-States,<=50K.,228326,0,0,40
2631,38,,7th-8th,4,Divorced,,Not-in-family,White,Female,United-States,<=50K,75024,0,0,40
2632,42,Private,7th-8th,4,Divorced,Sales,Not-in-family,White,Female,United-States,<=50K,364832,0,0,40
2633,64,,Some-college,10,Married-civ-spouse,,Husband,White,Male,United-States,>50K.,22228,0,0,10
2634,37,Private,HS-grad,9,Married-civ-spouse,Prof-specialty,Husband,White,Male,United-States,<=50K,282951,0,0,40
2635,53,Private,HS-grad,9,Married-civ-spouse,Adm-clerical,Wife,White,Female,United-States,>50K,169846,0,0,40
2636,24,Private,HS-grad,9,Never-married,Craft-repair,Unmarried,White,Male,United-States,<=50K.,83774,0,0,40
2637,78,Private,HS-grad,9,Widowed,Other-service,Not-in-family,Black,Female,United-States,<=50K,182977,2964,0,40
2638,26,Private,Assoc-voc,11,Married-civ-spouse,Handlers-cleaners,Husband,White,Male,United-States,<=50K,161007,0,0,80
2639,26,Private,Some-college,10,Never-married,Transport-moving,Not-in-family,White,Male,United-States,<=50K,318518,0,0,40
2640,30,Private,HS-grad,9,Never-married,Adm-clerical,Unmarried,White,Male,United-States,<=50K,57651,0,2001,42
2641,42,Private,Doctorate,16,Married-civ-spouse,Prof-specialty,Husband,White,Male,United-States,<=50K,115511,0,0,50
2642,25,Private,HS-grad,9,Never-married,Transport-moving,Not-in-family,Asian-Pac-Islander,Male,Vietnam,<=50K.,150804,0,0,40
2643,18,Private,12th,8,Never-married,Other-service,Own-child,White,Male,United-States,<=50K,201871,0,0,20
2644,54,State-gov,Some-college,10,Married-civ-spouse,Exec-managerial,Husband,White,Male,United-States,>50K.,258735,0,0,40
2645,65,Private,Bachelors,13,Married-civ-spouse,Exec-managerial,Husband,White,Male,United-States,>50K.,190160,99999,0,40
2646,36,Private,HS-grad,9,Divorced,Transport-moving,Not-in-family,White,Male,United-States,>50K,183892,8614,0,45
2647,63,Private,Bachelors,13,Divorced,Other-service,Not-in-family,White,Female,United-States,<=50K.,192849,0,0,10
2648,49,Federal-gov,Bachelors,13,Married-civ-spouse,Exec-managerial,Husband,White,Male,United-States,>50K.,61885,0,0,45
2649,50,Federal-gov,HS-grad,9,Never-married,Adm-clerical,Own-child,White,Male,United-States,<=50K.,237503,0,0,40
2650,46,Private,Bachelors,13,Married-civ-spouse,Transport-moving,Husband,White,Male,,<=50K,195833,0,0,50
2651,57,State-gov,Some-college,10,Widowed,Sales,Not-in-family,White,Female,United-States,<=50K.,243033,0,0,40
2652,48,Private,Bachelors,13,Never-married,Prof-specialty,Not-in-family,White,Male,United-States,<=50K.,324655,0,0,40
2653,18,Private,HS-grad,9,Never-married,Craft-repair,Own-child,White,Male,United-States,<=50K.,407436,0,0,30
2654,18,Private,10th,6,Never-married,Sales,Unmarried,White,Female,United-States,<=50K.,168514,0,0,25
2655,47,State-gov,Bachelors,13,Married-civ-spouse,Prof-specialty,Husband,White,Male,United-States,>50K,188386,0,0,45
2656,52,Private,10th,6,Married-spouse-absent,Prof-specialty,Other-relative,Asian-Pac-Islander,Male,,<=50K.,148509,0,0,45
2657,40,Private,9th,5,Never-married,Craft-repair,Other-relative,Black,Male,United-States,<=50K,283724,0,0,49
2658,19,Private,12th,8,Never-married,Other-service,Other-relative,White,Female,United-States,<=50K,333953,0,0,30
2659,58,Private,Bachelors,13,Married-civ-spouse,Prof-specialty,Husband,White,Male,United-States,>50K.,159008,0,1887,40
2660,27,Private,Some-college,10,Never-married,Farming-fishing,Own-child,White,Male,United-States,<=50K,55390,0,0,45
2661,60,Private,HS-grad,9,Married-civ-spouse,Prof-specialty,Husband,White,Male,United-States,<=50K.,178764,0,0,25
2662,25,Private,HS-grad,9,Never-married,Other-service,Not-in-family,Black,Female,United-States,<=50K.,243410,0,0,40
2663,25,Private,HS-grad,9,Divorced,Sales,Unmarried,White,Female,United-States,<=50K,165315,0,0,37
2664,30,Local-gov,Bachelors,13,Never-married,Prof-specialty,Not-in-family,White,Female,United-States,<=50K.,79190,0,0,40
2665,23,Private,HS-grad,9,Never-married,Handlers-cleaners,Own-child,White,Male,United-States,<=50K,444554,0,0,50
2666,40,Private,Assoc-voc,11,Never-married,Prof-specialty,Not-in-family,White,Female,United-States,<=50K.,393962,0,0,50
2667,36,Private,HS-grad,9,Never-married,Machine-op-inspct,Not-in-family,Black,Female,United-States,<=50K,359678,0,0,48
2668,51,Self-emp-not-inc,Assoc-acdm,12,Separated,Sales,Not-in-family,Black,Male,United-States,<=50K,240236,0,0,30
2669,37,State-gov,HS-grad,9,Never-married,Adm-clerical,Other-relative,White,Female,United-States,<=50K.,59200,0,0,40
2670,28,Private,Some-college,10,Married-civ-spouse,Adm-clerical,Husband,White,Male,United-States,<=50K,65171,0,0,40
2671,48,Private,Assoc-acdm,12,Divorced,Exec-managerial,Unmarried,White,Female,England,<=50K,171095,0,0,40
2672,61,Private,HS-grad,9,Never-married,Machine-op-inspct,Not-in-family,Black,Female,United-States,<=50K,221447,0,0,40
2673,30,Private,HS-grad,9,Never-married,Sales,Own-child,White,Female,United-States,<=50K.,233433,0,0,45
2674,65,,7th-8th,4,Married-civ-spouse,,Husband,White,Male,United-States,<=50K.,263125,2290,0,27
2675,64,,HS-grad,9,Married-civ-spouse,,Wife,White,Female,United-States,<=50K,178724,0,0,20
2676,32,Private,Assoc-voc,11,Married-civ-spouse,Adm-clerical,Wife,White,Female,United-States,<=50K,128002,0,0,45
2677,65,Private,11th,7,Widowed,Adm-clerical,Not-in-family,White,Female,United-States,<=50K,107620,0,0,8
2678,47,Federal-gov,Assoc-acdm,12,Married-civ-spouse,Adm-clerical,Husband,White,Male,United-States,>50K,191858,0,0,40
2679,24,Private,HS-grad,9,Married-civ-spouse,Farming-fishing,Husband,White,Male,United-States,<=50K,508548,0,0,50
2680,40,Self-emp-inc,Some-college,10,Married-civ-spouse,Exec-managerial,Husband,White,Male,United-States,>50K.,214781,7298,0,65
2681,18,,12th,8,Never-married,,Own-child,White,Male,United-States,<=50K.,149017,0,0,10
2682,37,Private,Some-college,10,Married-civ-spouse,Transport-moving,Husband,Asian-Pac-Islander,Male,United-States,<=50K,69251,0,0,40
2683,33,Private,Masters,14,Married-civ-spouse,Prof-specialty,Husband,White,Male,United-States,>50K,176992,0,0,40
2684,41,Private,Some-college,10,Separated,Other-service,Not-in-family,Black,Male,United-States,<=50K,223062,0,0,40
2685,51,Local-gov,Bachelors,13,Married-civ-spouse,Prof-specialty,Wife,White,Female,United-States,>50K,201560,0,0,40
2686,33,Private,Masters,14,Married-civ-spouse,Exec-managerial,Husband,White,Male,United-States,>50K,188246,7298,0,45
2687,32,Private,HS-grad,9,Married-civ-spouse,Prof-specialty,Husband,White,Male,United-States,<=50K,131224,0,0,40
2688,49,Private,7th-8th,4,Married-civ-spouse,Machine-op-inspct,Husband,Black,Male,United-States,<=50K.,171128,0,0,40
2689,49,Self-emp-not-inc,7th-8th,4,Married-civ-spouse,Other-service,Husband,White,Male,Italy,<=50K,168191,0,0,70
2690,42,Private,Some-college,10,Divorced,Adm-clerical,Unmarried,White,Female,United-States,<=50K,202872,0,0,12
2691,33,Private,10th,6,Divorced,Protective-serv,Not-in-family,White,Female,United-States,<=50K.,209415,0,0,32
2692,21,,Some-college,10,Never-married,,Own-child,White,Female,United-States,<=50K.,398480,0,0,40
2693,49,Private,Some-college,10,Married-civ-spouse,Sales,Husband,White,Male,United-States,>50K,84298,7688,0,40
2694,51,Private,9th,5,Married-civ-spouse,Transport-moving,Husband,White,Male,United-States,<=50K.,129301,0,0,45
2695,34,Private,Assoc-acdm,12,Divorced,Sales,Not-in-family,White,Male,United-States,<=50K,234537,0,0,40
2696,24,Private,Bachelors,13,Never-married,Prof-specialty,Not-in-family,White,Female,United-States,<=50K,103064,0,0,40
2697,32,Federal-gov,Prof-school,15,Never-married,Prof-specialty,Not-in-family,White,Male,United-States,>50K.,72630,14084,0,55
2698,23,Private,Assoc-voc,11,Married-civ-spouse,Craft-repair,Husband,White,Male,United-States,<=50K.,60783,0,0,40
2699,33,Private,Bachelors,13,Married-civ-spouse,Exec-managerial,Husband,White,Male,United-States,>50K,199227,0,0,55
2700,41,Private,Some-college,10,Never-married,Craft-repair,Not-in-family,White,Female,United-States,<=50K,175642,0,0,40
2701,23,Private,Assoc-voc,11,Never-married,Adm-clerical,Own-child,White,Female,United-States,<=50K,176486,0,0,36
2702,18,,Some-college,10,Never-married,,Own-child,White,Female,United-States,<=50K,214989,0,1602,24
2703,26,Self-emp-not-inc,10th,6,Married-civ-spouse,Farming-fishing,Husband,White,Male,United-States,<=50K,258306,0,0,99
2704,26,Private,HS-grad,9,Divorced,Craft-repair,Not-in-family,White,Male,United-States,<=50K,75654,0,0,55
2705,40,Private,HS-grad,9,Separated,Sales,Unmarried,Black,Female,United-States,<=50K,145649,0,0,25
2706,30,Self-emp-not-inc,Some-college,10,Married-spouse-absent,Craft-repair,Own-child,White,Male,United-States,>50K,176185,0,0,60
2707,28,Private,HS-grad,9,Married-civ-spouse,Other-service,Husband,Other,Male,United-States,<=50K,163772,0,0,40
2708,32,Private,Masters,14,Never-married,Adm-clerical,Not-in-family,Black,Female,United-States,<=50K,191777,0,0,40
2709,49,,HS-grad,9,Widowed,,Not-in-family,White,Female,United-States,<=50K.,174274,0,0,80
2710,35,Private,Bachelors,13,Married-civ-spouse,Sales,Husband,White,Male,United-States,>50K,163237,0,0,52
2711,39,Private,Some-college,10,Married-civ-spouse,Craft-repair,Husband,White,Male,United-States,>50K.,329980,0,0,40
2712,24,Private,Some-college,10,Never-married,Sales,Own-child,White,Female,United-States,<=50K,133520,0,0,15
2713,24,Private,Bachelors,13,Never-married,Adm-clerical,Own-child,White,Female,United-States,<=50K,187717,0,0,40
2714,79,,Masters,14,Married-civ-spouse,,Husband,White,Male,Poland,>50K,76641,20051,0,40
2715,90,Local-gov,Masters,14,Married-civ-spouse,Exec-managerial,Husband,White,Male,United-States,>50K,227796,20051,0,60
2716,31,Private,HS-grad,9,Divorced,Sales,Not-in-family,White,Female,United-States,<=50K.,53776,0,0,40
2717,37,Private,Prof-school,15,Married-civ-spouse,Prof-specialty,Husband,White,Male,United-States,>50K,321943,0,0,40
2718,17,Private,9th,5,Never-married,Other-service,Own-child,White,Female,United-States,<=50K,53367,0,0,35
2719,23,Private,Some-college,10,Never-married,Other-service,Own-child,White,Female,United-States,<=50K,210474,0,0,20
2720,40,Self-emp-inc,Prof-school,15,Married-civ-spouse,Prof-specialty,Husband,White,Male,United-States,>50K,344060,0,0,50
2721,44,Local-gov,Masters,14,Married-civ-spouse,Prof-specialty,Husband,White,Male,United-States,>50K,254146,0,0,40
2722,54,Private,Some-college,10,Married-civ-spouse,Prof-specialty,Husband,Asian-Pac-Islander,Male,United-States,>50K.,111130,0,0,50
2723,65,,12th,8,Married-civ-spouse,,Husband,White,Male,United-States,<=50K.,146722,0,0,10
2724,17,Private,11th,7,Never-married,Other-service,Own-child,White,Male,United-States,<=50K,34019,0,0,20
2725,38,Private,HS-grad,9,Married-civ-spouse,Adm-clerical,Husband,White,Male,United-States,<=50K.,43712,0,0,55
2726,18,Private,HS-grad,9,Never-married,Other-service,Own-child,White,Male,United-States,<=50K,183930,0,0,12
2727,37,Private,Some-college,10,Married-civ-spouse,Craft-repair,Husband,White,Male,United-States,<=50K,267085,0,0,40
2728,62,Private,HS-grad,9,Married-civ-spouse,Sales,Husband,White,Male,United-States,<=50K.,584259,0,0,44
2729,47,Private,Some-college,10,Divorced,Exec-managerial,Unmarried,White,Female,United-States,<=50K,97176,0,0,40
2730,44,Private,HS-grad,9,Married-spouse-absent,Machine-op-inspct,Unmarried,White,Female,United-States,<=50K,197389,0,0,40
2731,45,Self-emp-not-inc,Some-college,10,Married-civ-spouse,Exec-managerial,Husband,White,Male,United-States,<=50K,49595,0,0,80
2732,56,Private,HS-grad,9,Never-married,Handlers-cleaners,Own-child,White,Male,United-States,<=50K,197114,0,0,28
2733,44,Private,Masters,14,Married-civ-spouse,Exec-managerial,Husband,White,Male,United-States,>50K,125461,0,0,35
2734,30,Private,HS-grad,9,Married-civ-spouse,Transport-moving,Husband,White,Male,United-States,<=50K.,284629,0,0,40
2735,27,Private,HS-grad,9,Never-married,Transport-moving,Not-in-family,White,Male,United-States,<=50K,155057,0,0,70
2736,27,Self-emp-not-inc,Assoc-voc,11,Never-married,Craft-repair,Own-child,White,Male,United-States,<=50K,404998,0,0,40
2737,69,,HS-grad,9,Divorced,,Not-in-family,White,Female,United-States,>50K,164102,0,0,40
2738,21,Private,HS-grad,9,Divorced,Machine-op-inspct,Other-relative,White,Male,United-States,<=50K,47541,0,0,40
2739,53,Private,HS-grad,9,Married-civ-spouse,Machine-op-inspct,Husband,White,Male,United-States,>50K,228500,0,0,40
2740,30,Private,Some-college,10,Divorced,Adm-clerical,Own-child,White,Female,United-States,<=50K,378723,0,0,55
2741,24,Private,Bachelors,13,Never-married,Sales,Own-child,Black,Male,United-States,<=50K,139989,0,0,40
2742,25,Private,7th-8th,4,Never-married,Machine-op-inspct,Other-relative,White,Female,Dominican-Republic,<=50K,188507,0,0,40
2743,29,Local-gov,Some-college,10,Married-civ-spouse,Protective-serv,Own-child,Black,Male,United-States,<=50K.,275110,0,0,40
2744,19,Private,Preschool,1,Never-married,Farming-fishing,Not-in-family,White,Male,Mexico,<=50K.,277695,0,0,36
2745,36,State-gov,Bachelors,13,Married-civ-spouse,Prof-specialty,Wife,White,Female,United-States,<=50K,110964,0,1672,38
2746,22,Private,HS-grad,9,Married-civ-spouse,Craft-repair,Husband,White,Male,United-States,<=50K,112693,0,0,35
2747,59,Private,Bachelors,13,Divorced,Exec-managerial,Not-in-family,White,Male,United-States,<=50K,380357,0,0,40
2748,29,Private,Assoc-voc,11,Married-civ-spouse,Machine-op-inspct,Husband,White,Male,,<=50K.,201954,0,0,40
2749,53,Private,5th-6th,3,Married-civ-spouse,Craft-repair,Husband,White,Male,United-States,<=50K,146378,0,0,40
2750,64,Private,9th,5,Married-civ-spouse,Other-service,Wife,Black,Female,United-States,<=50K.,213391,0,0,40
2751,24,Private,Bachelors,13,Never-married,Exec-managerial,Not-in-family,White,Female,United-States,<=50K,184756,0,0,40
2752,24,Private,Some-college,10,Married-civ-spouse,Exec-managerial,Husband,White,Male,United-States,<=50K.,298227,0,0,50
2753,42,Self-emp-not-inc,HS-grad,9,Married-civ-spouse,Transport-moving,Husband,White,Male,United-States,<=50K.,111971,0,0,45
2754,34,,HS-grad,9,Married-civ-spouse,,Husband,White,Male,United-States,<=50K,157289,0,0,40
2755,25,Private,9th,5,Married-civ-spouse,Handlers-cleaners,Husband,White,Male,United-States,<=50K.,340288,0,0,40
2756,40,Local-gov,Masters,14,Married-civ-spouse,Prof-specialty,Husband,White,Male,United-States,<=50K,112362,0,0,40
2757,36,Private,Assoc-acdm,12,Married-civ-spouse,Adm-clerical,Husband,White,Male,United-States,>50K,163237,0,0,40
2758,27,Private,11th,7,Divorced,Machine-op-inspct,Unmarried,White,Female,United-States,<=50K,246440,0,0,40
2759,35,,Assoc-acdm,12,Married-civ-spouse,,Wife,White,Female,United-States,<=50K,144172,0,0,16
2760,63,Private,HS-grad,9,Divorced,Prof-specialty,Not-in-family,White,Female,United-States,<=50K,203783,0,0,72
2761,35,Self-emp-inc,Assoc-acdm,12,Never-married,Farming-fishing,Own-child,White,Male,United-States,<=50K.,126738,0,0,50
2762,82,,10th,6,Widowed,,Not-in-family,White,Male,United-States,<=50K,42435,0,0,20
2763,47,Private,HS-grad,9,Divorced,Machine-op-inspct,Unmarried,White,Female,United-States,<=50K,161311,0,0,30
2764,40,Private,Bachelors,13,Divorced,Craft-repair,Own-child,White,Female,United-States,<=50K,53506,0,0,40
2765,29,Self-emp-inc,Bachelors,13,Divorced,Prof-specialty,Not-in-family,White,Female,United-States,<=50K,266070,0,0,80
2766,18,Private,Some-college,10,Never-married,Sales,Own-child,White,Female,United-States,<=50K,80163,0,0,20
2767,29,Private,HS-grad,9,Married-civ-spouse,Craft-repair,Husband,White,Male,United-States,<=50K,173851,0,0,40
2768,32,,Some-college,10,Divorced,,Not-in-family,White,Male,United-States,<=50K,227160,0,0,40
2769,50,Self-emp-inc,Some-college,10,Married-civ-spouse,Sales,Husband,White,Male,United-States,<=50K,52565,0,1485,40
2770,47,,Bachelors,13,Married-civ-spouse,,Husband,White,Male,United-States,<=50K,83046,0,0,18
2771,50,Private,Bachelors,13,Divorced,Sales,Unmarried,Black,Male,United-States,<=50K,210217,0,0,40
2772,22,Private,HS-grad,9,Never-married,Craft-repair,Own-child,White,Male,United-States,<=50K,385077,2907,0,40
2773,60,Private,7th-8th,4,Divorced,Other-service,Not-in-family,White,Female,United-States,<=50K,51290,0,0,40
2774,49,Private,HS-grad,9,Married-civ-spouse,Adm-clerical,Husband,White,Male,United-States,>50K,87928,0,0,40
2775,30,Private,Some-college,10,Never-married,Machine-op-inspct,Not-in-family,White,Male,United-States,<=50K,196396,0,0,40
2776,46,Self-emp-inc,Masters,14,Divorced,Sales,Not-in-family,White,Male,United-States,>50K,235320,0,0,60
2777,30,Private,HS-grad,9,Divorced,Adm-clerical,Unmarried,Black,Female,United-States,<=50K,278502,0,0,62
2778,22,Private,Some-college,10,Never-married,Transport-moving,Unmarried,Black,Male,United-States,<=50K.,535027,0,0,15
2779,30,Local-gov,12th,8,Married-civ-spouse,Adm-clerical,Wife,White,Female,United-States,<=50K,48542,0,0,40
2780,46,Private,Doctorate,16,Married-civ-spouse,Prof-specialty,Husband,White,Male,United-States,>50K.,67001,0,0,40
2781,40,Private,Some-college,10,Divorced,Handlers-cleaners,Not-in-family,White,Male,United-States,<=50K,374764,0,0,40
2782,47,Self-emp-not-inc,Some-college,10,Married-civ-spouse,Craft-repair,Husband,White,Male,United-States,<=50K.,177533,0,0,40
2783,33,Self-emp-not-inc,Bachelors,13,Never-married,Prof-specialty,Not-in-family,White,Male,United-States,<=50K.,94041,0,1974,30
2784,31,Self-emp-not-inc,Bachelors,13,Married-civ-spouse,Farming-fishing,Husband,White,Male,United-States,<=50K.,109195,0,0,70
2785,26,Local-gov,Bachelors,13,Never-married,Protective-serv,Own-child,White,Male,United-States,<=50K,206721,0,0,40
2786,65,Local-gov,7th-8th,4,Married-civ-spouse,Exec-managerial,Husband,White,Male,United-States,<=50K,103153,0,1411,40
2787,46,Local-gov,Bachelors,13,Married-civ-spouse,Prof-specialty,Husband,White,Male,United-States,<=50K.,122177,0,0,60
2788,29,,Some-college,10,Divorced,,Unmarried,White,Female,United-States,<=50K,65372,0,0,40
2789,39,Self-emp-inc,Some-college,10,Divorced,Craft-repair,Not-in-family,White,Male,United-States,<=50K,163057,0,0,99
2790,77,Self-emp-inc,Some-college,10,Married-civ-spouse,Sales,Husband,White,Male,United-States,<=50K,155761,0,0,8
2791,44,Local-gov,Masters,14,Divorced,Prof-specialty,Unmarried,White,Female,,<=50K,135056,0,0,16
2792,20,Private,Some-college,10,Never-married,Adm-clerical,Own-child,White,Female,United-States,<=50K,215247,0,0,20
2793,27,Private,10th,6,Married-civ-spouse,Handlers-cleaners,Husband,White,Male,United-States,<=50K.,365745,0,0,20
2794,45,Self-emp-not-inc,Bachelors,13,Married-civ-spouse,Sales,Husband,White,Male,United-States,>50K.,58683,5178,0,48
2795,53,Private,Prof-school,15,Married-civ-spouse,Prof-specialty,Husband,White,Male,United-States,>50K.,172962,0,0,40
2796,28,Private,HS-grad,9,Never-married,Handlers-cleaners,Own-child,White,Male,United-States,<=50K,42734,0,0,40
2797,38,Self-emp-not-inc,HS-grad,9,Never-married,Sales,Unmarried,Black,Female,United-States,<=50K,182416,0,0,42
2798,19,Private,HS-grad,9,Never-married,Machine-op-inspct,Not-in-family,White,Female,United-States,<=50K.,355313,0,0,40
2799,22,Private,Some-college,10,Never-married,Other-service,Not-in-family,White,Male,United-States,<=50K,215395,0,1602,10
2800,70,Self-emp-inc,Some-college,10,Married-civ-spouse,Exec-managerial,Husband,White,Male,United-States,<=50K,232871,0,0,30
2801,72,Self-emp-not-inc,11th,7,Married-civ-spouse,Craft-repair,Husband,White,Male,United-States,<=50K.,138248,0,0,20
2802,29,Private,Assoc-voc,11,Married-AF-spouse,Farming-fishing,Husband,White,Male,United-States,>50K,224421,0,0,44
2803,32,Local-gov,Bachelors,13,Married-civ-spouse,Adm-clerical,Wife,White,Female,United-States,<=50K,235109,0,0,40
2804,55,Private,HS-grad,9,Married-civ-spouse,Transport-moving,Husband,White,Male,United-States,>50K.,248841,0,0,45
2805,43,Private,Assoc-acdm,12,Married-civ-spouse,Exec-managerial,Husband,White,Male,United-States,<=50K.,222756,0,2002,44
2806,38,Private,HS-grad,9,Married-civ-spouse,Machine-op-inspct,Husband,White,Male,United-States,<=50K,170020,3137,0,45
2807,32,Self-emp-not-inc,HS-grad,9,Married-civ-spouse,Craft-repair,Husband,White,Male,United-States,<=50K.,135304,3942,0,32
2808,25,Private,Assoc-voc,11,Never-married,Adm-clerical,Not-in-family,White,Male,,<=50K,250038,0,0,40
2809,17,Private,12th,8,Never-married,Sales,Own-child,White,Female,United-States,<=50K.,313444,0,0,20
2810,22,,HS-grad,9,Never-married,,Unmarried,White,Male,United-States,<=50K.,145964,0,0,40
2811,41,Private,HS-grad,9,Married-civ-spouse,Machine-op-inspct,Husband,White,Male,United-States,<=50K,187821,2885,0,40
2812,43,Federal-gov,HS-grad,9,Married-civ-spouse,Adm-clerical,Husband,White,Male,United-States,<=50K.,47902,3908,0,40
2813,31,Self-emp-not-inc,Some-college,10,Married-civ-spouse,Machine-op-inspct,Husband,White,Male,United-States,<=50K,349148,0,0,48
2814,61,Private,HS-grad,9,Divorced,Sales,Other-relative,White,Female,United-States,<=50K.,29797,0,0,40
2815,36,State-gov,HS-grad,9,Never-married,Exec-managerial,Unmarried,Black,Male,United-States,<=50K,437890,0,0,90
2816,28,Private,HS-grad,9,Never-married,Exec-managerial,Not-in-family,White,Female,United-States,<=50K,107411,0,0,45
2817,39,Private,Some-college,10,Married-civ-spouse,Transport-moving,Husband,White,Male,United-States,<=50K.,67317,0,0,40
2818,63,Local-gov,Bachelors,13,Married-civ-spouse,Prof-specialty,Husband,White,Male,United-States,>50K,379940,0,0,40
2819,27,Private,10th,6,Never-married,Handlers-cleaners,Unmarried,White,Male,Mexico,<=50K.,267912,0,0,40
2820,40,Private,Prof-school,15,Married-civ-spouse,Prof-specialty,Wife,Asian-Pac-Islander,Female,China,<=50K.,193385,0,0,40
2821,36,Private,HS-grad,9,Married-civ-spouse,Adm-clerical,Wife,White,Female,United-States,>50K,189382,0,0,40
2822,19,Private,HS-grad,9,Never-married,Other-service,Own-child,Black,Female,United-States,<=50K,225294,0,0,40
2823,19,Private,Some-college,10,Never-married,Craft-repair,Not-in-family,White,Male,United-States,<=50K.,87402,0,0,40
2824,21,Private,HS-grad,9,Never-married,Transport-moving,Not-in-family,White,Male,United-States,<=50K,317175,0,0,60
2825,71,Private,Masters,14,Never-married,Other-service,Not-in-family,White,Female,United-States,<=50K,180733,0,0,20
2826,31,Private,Some-college,10,Married-civ-spouse,Exec-managerial,Husband,White,Male,United-States,>50K,157887,0,0,65
2827,36,Private,Some-college,10,Married-civ-spouse,Adm-clerical,Husband,White,Male,United-States,<=50K.,36423,0,0,60
2828,27,Private,Bachelors,13,Married-civ-spouse,Craft-repair,Husband,White,Male,United-States,>50K,228472,0,0,45
2829,26,Private,Some-college,10,Never-married,Sales,Own-child,White,Male,United-States,<=50K,133373,0,0,42
2830,36,Private,Assoc-voc,11,Married-civ-spouse,Prof-specialty,Husband,White,Male,United-States,<=50K.,117802,0,0,40
2831,46,Self-emp-not-inc,Prof-school,15,Married-civ-spouse,Prof-specialty,Husband,White,Male,United-States,>50K,328216,0,0,45
2832,38,Private,HS-grad,9,Married-civ-spouse,Sales,Husband,White,Male,United-States,<=50K,334999,0,0,45
2833,29,Private,Masters,14,Married-civ-spouse,Exec-managerial,Husband,Asian-Pac-Islander,Male,Japan,<=50K,205249,0,0,40
2834,37,Self-emp-not-inc,Some-college,10,Married-civ-spouse,Craft-repair,Husband,White,Male,United-States,>50K.,175120,0,0,40
2835,68,Private,Some-college,10,Married-civ-spouse,Prof-specialty,Husband,White,Male,United-States,<=50K,107627,0,0,15
2836,43,Private,Some-college,10,Divorced,Adm-clerical,Unmarried,White,Female,United-States,<=50K,186188,0,0,40
2837,47,Private,Some-college,10,Separated,Prof-specialty,Not-in-family,Black,Male,United-States,<=50K.,358382,0,0,40
2838,35,Private,HS-grad,9,Married-civ-spouse,Exec-managerial,Wife,White,Female,United-States,>50K.,23892,0,0,40
2839,49,Local-gov,9th,5,Widowed,Handlers-cleaners,Unmarried,White,Male,United-States,>50K,102359,0,2231,40
2840,47,State-gov,Bachelors,13,Divorced,Exec-managerial,Not-in-family,White,Female,United-States,>50K,224149,0,0,40
2841,20,Private,HS-grad,9,Never-married,Machine-op-inspct,Own-child,White,Male,United-States,<=50K.,314539,0,0,40
2842,55,Private,HS-grad,9,Married-civ-spouse,Other-service,Husband,White,Male,United-States,<=50K.,128045,0,0,40
2843,22,State-gov,Some-college,10,Never-married,Prof-specialty,Not-in-family,White,Male,United-States,<=50K,157541,0,0,10
2844,43,Private,HS-grad,9,Married-civ-spouse,Machine-op-inspct,Husband,White,Male,United-States,<=50K,323713,0,0,40
2845,50,Private,HS-grad,9,Divorced,Handlers-cleaners,Not-in-family,White,Male,United-States,<=50K.,191598,0,1980,38
2846,66,Self-emp-not-inc,7th-8th,4,Widowed,Farming-fishing,Unmarried,White,Male,United-States,<=50K,28061,0,0,50
2847,48,Self-emp-not-inc,HS-grad,9,Married-civ-spouse,Other-service,Husband,White,Male,United-States,<=50K.,31267,3411,0,70
2848,57,Private,Masters,14,Separated,Prof-specialty,Not-in-family,White,Male,United-States,>50K,132704,10520,0,32
2849,58,Federal-gov,10th,6,Married-civ-spouse,Craft-repair,Husband,White,Male,United-States,<=50K,129786,0,0,40
2850,30,Private,Some-college,10,Married-civ-spouse,Handlers-cleaners,Husband,White,Male,United-States,<=50K,94245,0,0,40
2851,33,Local-gov,Masters,14,Married-civ-spouse,Prof-specialty,Wife,White,Female,United-States,>50K,183923,7688,0,35
2852,38,Private,Some-college,10,Married-civ-spouse,Handlers-cleaners,Husband,White,Male,United-States,<=50K,358682,0,0,40
2853,32,Private,Bachelors,13,Married-civ-spouse,Prof-specialty,Husband,Asian-Pac-Islander,Male,United-States,>50K,101709,0,0,40
2854,30,Federal-gov,Bachelors,13,Married-civ-spouse,Adm-clerical,Husband,White,Male,Japan,<=50K,356689,0,0,30
2855,21,Local-gov,HS-grad,9,Never-married,Prof-specialty,Not-in-family,White,Male,United-States,<=50K.,176998,0,0,40
2856,38,Private,HS-grad,9,Never-married,Exec-managerial,Own-child,White,Female,United-States,<=50K,166585,0,0,40
2857,62,Private,7th-8th,4,Divorced,Handlers-cleaners,Not-in-family,White,Female,Cuba,<=50K.,252134,0,0,40
2858,30,Private,Masters,14,Never-married,Prof-specialty,Not-in-family,White,Male,Ireland,<=50K,196342,0,0,40
2859,41,Private,Assoc-acdm,12,Married-civ-spouse,Prof-specialty,Husband,White,Male,United-States,>50K,287306,15024,0,60
2860,24,Private,Bachelors,13,Never-married,Adm-clerical,Own-child,White,Female,United-States,<=50K.,172594,0,0,40
2861,24,Private,Some-college,10,Married-civ-spouse,Adm-clerical,Husband,White,Male,United-States,<=50K,239663,0,0,15
2862,38,Private,HS-grad,9,Married-civ-spouse,Craft-repair,Husband,White,Male,United-States,<=50K,144860,0,0,65
2863,49,Private,10th,6,Married-civ-spouse,Machine-op-inspct,Husband,White,Male,United-States,<=50K,105614,0,0,50
2864,49,Private,Some-college,10,Divorced,Machine-op-inspct,Not-in-family,White,Female,United-States,<=50K,199763,0,0,35
2865,38,State-gov,HS-grad,9,Married-civ-spouse,Prof-specialty,Wife,White,Female,United-States,>50K,343642,0,0,40
2866,59,Private,Some-college,10,Married-civ-spouse,Prof-specialty,Husband,White,Male,United-States,<=50K,90290,0,0,34
2867,47,Private,Some-college,10,Married-civ-spouse,Tech-support,Husband,White,Male,United-States,<=50K.,175600,0,0,40
2868,49,Private,7th-8th,4,Widowed,Machine-op-inspct,Not-in-family,White,Female,United-States,<=50K,102945,0,0,40
2869,28,State-gov,Masters,14,Divorced,Prof-specialty,Not-in-family,White,Male,,<=50K.,293628,0,0,10
2870,38,Private,HS-grad,9,Married-civ-spouse,Machine-op-inspct,Husband,White,Male,United-States,>50K.,49115,0,0,40
2871,62,Self-emp-not-inc,Some-college,10,Married-civ-spouse,Farming-fishing,Husband,White,Male,United-States,<=50K,39610,0,0,80
2872,59,Private,HS-grad,9,Married-spouse-absent,Adm-clerical,Unmarried,White,Female,Puerto-Rico,<=50K,426001,0,0,20
2873,47,Private,Some-college,10,Married-civ-spouse,Craft-repair,Husband,Amer-Indian-Eskimo,Male,United-States,>50K.,150429,0,0,50
2874,34,State-gov,Some-college,10,Divorced,Adm-clerical,Not-in-family,White,Female,United-States,<=50K,227931,0,0,38
2875,34,Local-gov,HS-grad,9,Divorced,Adm-clerical,Unmarried,White,Female,United-States,<=50K,167999,0,0,33
2876,31,Local-gov,HS-grad,9,Married-civ-spouse,Protective-serv,Husband,Black,Male,United-States,>50K.,168740,0,0,40
2877,23,Private,Assoc-acdm,12,Never-married,Adm-clerical,Own-child,White,Female,United-States,<=50K,188545,0,1974,20
2878,70,,Assoc-voc,11,Never-married,,Not-in-family,White,Male,United-States,<=50K,230816,0,0,30
2879,42,Private,Assoc-acdm,12,Married-civ-spouse,Sales,Husband,White,Male,United-States,<=50K,213214,0,0,40
2880,30,Private,7th-8th,4,Never-married,Craft-repair,Not-in-family,White,Male,United-States,<=50K,251120,0,0,38
2881,21,Private,Some-college,10,Never-married,Prof-specialty,Not-in-family,White,Female,United-States,<=50K,145389,0,0,25
2882,18,Private,Some-college,10,Never-married,Handlers-cleaners,Own-child,Other,Male,United-States,<=50K,210828,0,0,30
2883,38,Self-emp-inc,HS-grad,9,Divorced,Sales,Unmarried,White,Male,United-States,<=50K,141584,0,0,55
2884,26,Private,HS-grad,9,Married-civ-spouse,Sales,Husband,Black,Male,United-States,<=50K,288959,0,0,36
2885,29,,Bachelors,13,Married-spouse-absent,,Not-in-family,White,Male,United-States,<=50K.,41281,0,0,50
2886,22,Private,Assoc-acdm,12,Never-married,Handlers-cleaners,Own-child,White,Male,United-States,<=50K,207782,0,0,20
2887,24,Private,Assoc-acdm,12,Married-civ-spouse,Adm-clerical,Wife,White,Female,United-States,<=50K,456460,0,0,40
2888,26,Private,HS-grad,9,Never-married,Craft-repair,Not-in-family,White,Male,United-States,<=50K,238367,0,0,40
2889,64,Local-gov,Masters,14,Widowed,Prof-specialty,Unmarried,Black,Female,United-States,<=50K.,210464,0,0,40
2890,31,Private,HS-grad,9,Separated,Handlers-cleaners,Not-in-family,White,Male,United-States,<=50K.,122347,0,0,40
2891,45,Federal-gov,Bachelors,13,Married-civ-spouse,Prof-specialty,Husband,White,Male,United-States,>50K.,363418,0,0,40
2892,52,Local-gov,7th-8th,4,Never-married,Other-service,Other-relative,Black,Female,United-States,<=50K,143533,0,0,40
2893,17,Private,9th,5,Never-married,Sales,Not-in-family,White,Female,United-States,<=50K.,188996,0,0,30
2894,22,Private,10th,6,Never-married,Craft-repair,Not-in-family,White,Male,United-States,<=50K,228452,0,0,30
2895,47,Private,HS-grad,9,Divorced,Other-service,Own-child,White,Female,United-States,<=50K,114770,0,0,32
2896,44,State-gov,Assoc-voc,11,Separated,Protective-serv,Unmarried,White,Male,United-States,<=50K.,208163,0,0,40
2897,50,Private,HS-grad,9,Married-civ-spouse,Machine-op-inspct,Husband,White,Male,United-States,>50K,767403,3103,0,40
2898,33,Private,Some-college,10,Separated,Craft-repair,Own-child,White,Male,United-States,<=50K.,373432,0,0,60
2899,24,Private,7th-8th,4,Separated,Machine-op-inspct,Own-child,White,Male,United-States,<=50K,230248,0,0,40
2900,37,Local-gov,Assoc-voc,11,Married-civ-spouse,Protective-serv,Husband,White,Male,United-States,>50K.,215618,0,0,80
2901,35,Self-emp-not-inc,HS-grad,9,Married-civ-spouse,Farming-fishing,Husband,White,Male,United-States,<=50K,166416,0,0,99
2902,31,Private,Bachelors,13,Married-civ-spouse,Sales,Husband,White,Male,United-States,>50K,181091,0,0,40
2903,31,Private,Bachelors,13,Never-married,Exec-managerial,Not-in-family,White,Female,United-States,<=50K,331065,0,1408,40
2904,42,Private,HS-grad,9,Married-civ-spouse,Other-service,Husband,White,Male,,<=50K,50018,0,0,40
2905,20,Private,Masters,14,Never-married,Exec-managerial,Own-child,White,Male,United-States,<=50K,190227,0,0,25
2906,32,Private,HS-grad,9,Married-civ-spouse,Sales,Wife,White,Female,United-States,<=50K.,19447,0,0,40
2907,23,Private,HS-grad,9,Never-married,Machine-op-inspct,Not-in-family,Black,Male,United-States,<=50K,275244,0,0,35
2908,45,Private,9th,5,Divorced,Other-service,Unmarried,Black,Female,Haiti,<=50K.,169324,0,0,40
2909,58,Private,Doctorate,16,Married-civ-spouse,Prof-specialty,Husband,White,Male,United-States,>50K,320102,0,0,50
2910,33,Private,HS-grad,9,Married-civ-spouse,Machine-op-inspct,Wife,White,Female,United-States,<=50K.,145402,0,0,35
2911,38,Self-emp-not-inc,9th,5,Divorced,Craft-repair,Not-in-family,White,Male,United-States,<=50K,357962,0,0,40
2912,26,Private,Bachelors,13,Married-civ-spouse,Sales,Not-in-family,Asian-Pac-Islander,Female,Cambodia,>50K.,297991,0,1977,75
2913,52,Private,Some-college,10,Married-civ-spouse,Exec-managerial,Husband,White,Male,United-States,>50K,110563,0,0,40
2914,40,Private,HS-grad,9,Married-civ-spouse,Craft-repair,Husband,White,Male,United-States,<=50K,178417,0,0,35
2915,42,Private,Assoc-acdm,12,Married-civ-spouse,Sales,Husband,White,Male,United-States,>50K,33521,0,0,45
2916,23,Private,5th-6th,3,Never-married,Handlers-cleaners,Unmarried,White,Male,Mexico,<=50K.,445758,0,0,40
2917,40,Private,HS-grad,9,Never-married,Other-service,Not-in-family,White,Female,United-States,<=50K,347934,0,0,35
2918,47,Private,HS-grad,9,Married-civ-spouse,Machine-op-inspct,Husband,White,Male,Cuba,>50K,145041,0,0,40
2919,73,,Assoc-voc,11,Married-spouse-absent,,Not-in-family,White,Female,United-States,<=50K,84390,0,0,32
2920,57,Self-emp-inc,Some-college,10,Married-civ-spouse,Prof-specialty,Husband,White,Male,United-States,<=50K,412952,0,0,40
2921,26,,11th,7,Never-married,,Not-in-family,White,Female,Germany,<=50K,152046,0,0,35
2922,48,Self-emp-inc,Masters,14,Married-spouse-absent,Sales,Not-in-family,Asian-Pac-Islander,Male,India,<=50K,138370,0,0,50
2923,47,Private,HS-grad,9,Married-civ-spouse,Craft-repair,Husband,White,Male,United-States,>50K,187440,5178,0,40
2924,42,Self-emp-not-inc,Bachelors,13,Married-civ-spouse,Exec-managerial,Husband,White,Male,United-States,>50K,101593,0,0,60
2925,46,Private,11th,7,Divorced,Prof-specialty,Unmarried,Amer-Indian-Eskimo,Male,United-States,>50K,176552,0,0,40
2926,32,,Prof-school,15,Married-civ-spouse,,Wife,White,Female,United-States,>50K.,161309,15024,0,50
2927,29,State-gov,10th,6,Never-married,Craft-repair,Unmarried,White,Male,United-States,<=50K.,143139,0,0,40
2928,22,Private,HS-grad,9,Never-married,Sales,Own-child,Black,Female,United-States,<=50K,297380,0,0,40
2929,23,Private,Bachelors,13,Divorced,Adm-clerical,Not-in-family,White,Female,United-States,>50K.,233280,8614,0,70
2930,52,,HS-grad,9,Divorced,,Unmarried,White,Female,United-States,<=50K.,73117,0,0,38
2931,57,Private,Assoc-voc,11,Divorced,Other-service,Other-relative,Asian-Pac-Islander,Female,Outlying-US(Guam-USVI-etc),<=50K.,106910,0,0,40
2932,23,Private,HS-grad,9,Never-married,Other-service,Not-in-family,White,Female,United-States,<=50K,242375,0,0,30
2933,34,Private,Assoc-voc,11,Married-civ-spouse,Craft-repair,Husband,White,Male,United-States,<=50K,229732,0,0,40
2934,17,Private,11th,7,Never-married,Other-service,Own-child,White,Female,United-States,<=50K,242773,0,0,20
2935,51,Private,Bachelors,13,Divorced,Exec-managerial,Unmarried,White,Male,United-States,>50K,221532,0,0,40
2936,31,Private,Some-college,10,Married-civ-spouse,Craft-repair,Husband,White,Male,United-States,<=50K,152940,0,0,40
2937,19,Private,12th,8,Never-married,Craft-repair,Own-child,White,Male,United-States,<=50K.,198668,0,0,47
2938,25,Private,Bachelors,13,Never-married,Prof-specialty,Own-child,White,Male,United-States,<=50K.,106552,0,0,20
2939,35,Private,HS-grad,9,Married-civ-spouse,Farming-fishing,Husband,White,Male,United-States,<=50K,54317,0,1672,50
2940,28,Private,Some-college,10,Never-married,Sales,Not-in-family,White,Male,United-States,<=50K,185127,0,0,40
2941,41,Private,Bachelors,13,Married-civ-spouse,Sales,Husband,White,Male,United-States,<=50K,57233,0,0,70
2942,22,Private,HS-grad,9,Never-married,Sales,Unmarried,White,Female,United-States,<=50K.,146352,0,0,60
2943,31,Private,Some-college,10,Divorced,Other-service,Not-in-family,White,Female,United-States,<=50K.,187802,0,0,40
2944,57,State-gov,HS-grad,9,Married-civ-spouse,Craft-repair,Husband,White,Male,United-States,<=50K.,202765,0,0,40
2945,34,,HS-grad,9,Separated,,Unmarried,White,Female,United-States,<=50K.,112584,0,0,40
2946,35,Private,HS-grad,9,Married-civ-spouse,Prof-specialty,Husband,White,Male,United-States,>50K.,399601,0,0,50
2947,43,Federal-gov,Bachelors,13,Married-civ-spouse,Prof-specialty,Husband,White,Male,Philippines,>50K,197069,0,0,40
2948,38,Local-gov,Masters,14,Married-civ-spouse,Prof-specialty,Husband,White,Male,United-States,>50K,223237,0,0,40
2949,30,Private,HS-grad,9,Married-civ-spouse,Tech-support,Husband,White,Male,United-States,>50K.,415266,0,0,40
2950,47,Local-gov,Some-college,10,Married-civ-spouse,Exec-managerial,Husband,White,Male,United-States,<=50K,134671,0,0,40
2951,26,Local-gov,Bachelors,13,Married-civ-spouse,Adm-clerical,Husband,White,Male,United-States,<=50K,166295,0,0,41
2952,39,Private,HS-grad,9,Married-civ-spouse,Exec-managerial,Husband,White,Male,United-States,<=50K.,52870,0,0,30
2953,50,Private,HS-grad,9,Divorced,Sales,Not-in-family,White,Female,United-States,<=50K.,160400,0,0,40
2954,45,Private,Bachelors,13,Married-civ-spouse,Exec-managerial,Husband,White,Male,United-States,>50K,266860,0,0,50
2955,56,Self-emp-not-inc,Bachelors,13,Married-civ-spouse,Adm-clerical,Husband,White,Male,United-States,>50K,119069,0,0,40
2956,34,Private,11th,7,Married-civ-spouse,Sales,Husband,White,Male,,<=50K,198613,0,0,25
2957,37,Private,HS-grad,9,Married-civ-spouse,Exec-managerial,Husband,White,Male,United-States,>50K.,130200,0,0,70
2958,55,Self-emp-not-inc,HS-grad,9,Married-civ-spouse,Farming-fishing,Husband,Asian-Pac-Islander,Male,United-States,<=50K.,79011,0,0,70
2959,55,Self-emp-not-inc,Bachelors,13,Married-civ-spouse,Exec-managerial,Husband,White,Male,United-States,>50K,141807,0,0,40
2960,34,Self-emp-not-inc,Prof-school,15,Married-civ-spouse,Prof-specialty,Husband,White,Male,United-States,>50K,192259,0,0,35
2961,38,Private,HS-grad,9,Married-civ-spouse,Adm-clerical,Wife,White,Female,United-States,<=50K,219137,0,0,22
2962,49,Private,HS-grad,9,Married-civ-spouse,Craft-repair,Husband,White,Male,United-States,>50K,139268,7298,0,40
2963,54,Private,HS-grad,9,Married-civ-spouse,Tech-support,Husband,Asian-Pac-Islander,Male,Philippines,<=50K.,84587,0,0,38
2964,19,Private,Some-college,10,Never-married,Sales,Own-child,White,Female,United-States,<=50K,106273,0,0,38
2965,47,Private,5th-6th,3,Divorced,Sales,Other-relative,White,Female,Mexico,<=50K.,281401,0,0,32
2966,49,Private,Bachelors,13,Married-civ-spouse,Sales,Husband,White,Male,United-States,<=50K.,291783,0,0,40
2967,43,Private,Bachelors,13,Divorced,Sales,Not-in-family,White,Male,United-States,>50K,233130,0,0,40
2968,34,Private,Assoc-acdm,12,Married-civ-spouse,Sales,Husband,White,Male,United-States,>50K.,196266,0,0,50
2969,27,Private,HS-grad,9,Never-married,Other-service,Own-child,White,Male,Mexico,<=50K,213921,0,0,40
2970,41,Private,Some-college,10,Married-civ-spouse,Craft-repair,Husband,White,Male,United-States,<=50K,198425,0,0,45
2971,23,Private,Some-college,10,Married-civ-spouse,Sales,Wife,White,Female,United-States,<=50K,145389,0,0,40
2972,39,Local-gov,HS-grad,9,Married-civ-spouse,Protective-serv,Husband,White,Male,United-States,<=50K,45607,0,0,56
2973,52,Federal-gov,Assoc-voc,11,Divorced,Farming-fishing,Not-in-family,White,Female,United-States,<=50K,312500,0,0,40
2974,40,Private,Masters,14,Married-civ-spouse,Exec-managerial,Husband,White,Male,United-States,>50K,180985,0,0,50
2975,39,Private,HS-grad,9,Never-married,Adm-clerical,Not-in-family,White,Female,United-States,<=50K.,99783,0,0,45
2976,58,Local-gov,Assoc-voc,11,Widowed,Adm-clerical,Not-in-family,White,Female,United-States,<=50K.,101480,0,0,40
2977,41,State-gov,Masters,14,Married-civ-spouse,Prof-specialty,Husband,White,Male,United-States,>50K,36999,0,0,75
2978,55,Private,HS-grad,9,Married-civ-spouse,Sales,Husband,White,Male,United-States,>50K,238638,4386,0,40
2979,20,Private,Some-college,10,Never-married,Handlers-cleaners,Not-in-family,White,Male,United-States,<=50K,157595,0,0,40
2980,28,Private,Assoc-acdm,12,Never-married,Sales,Not-in-family,White,Female,United-States,<=50K,69621,0,0,60
2981,23,Private,HS-grad,9,Married-civ-spouse,Transport-moving,Husband,White,Male,United-States,>50K.,271354,0,1902,50
2982,85,Private,Masters,14,Widowed,Prof-specialty,Not-in-family,White,Female,United-States,<=50K.,188328,0,0,5
2983,42,Private,HS-grad,9,Divorced,Other-service,Not-in-family,White,Male,United-States,<=50K.,187702,0,0,40
2984,32,Private,Masters,14,Divorced,Sales,Not-in-family,White,Female,United-States,>50K.,358655,0,0,50
2985,29,Federal-gov,Bachelors,13,Never-married,Prof-specialty,Not-in-family,White,Male,United-States,<=50K,229300,0,0,48
2986,60,Self-emp-not-inc,Masters,14,Divorced,Prof-specialty,Unmarried,White,Female,United-States,<=50K,44915,0,0,10
2987,21,Private,Some-college,10,Never-married,Adm-clerical,Own-child,White,Female,United-States,<=50K.,143604,0,0,12
2988,37,Self-emp-inc,HS-grad,9,Married-civ-spouse,Exec-managerial,Husband,White,Male,United-States,>50K,98389,0,0,50
2989,51,State-gov,Bachelors,13,Married-civ-spouse,Prof-specialty,Husband,Black,Male,United-States,>50K.,128260,0,0,40
2990,53,Self-emp-not-inc,HS-grad,9,Married-civ-spouse,Craft-repair,Husband,White,Male,United-States,<=50K,108815,0,0,60
2991,30,Private,7th-8th,4,Separated,Handlers-cleaners,Not-in-family,White,Male,United-States,<=50K,23778,0,0,40
2992,31,State-gov,HS-grad,9,Divorced,Adm-clerical,Unmarried,White,Female,United-States,<=50K.,203572,0,0,30
2993,34,Private,HS-grad,9,Married-civ-spouse,Sales,Wife,White,Female,United-States,<=50K.,205581,0,0,40
2994,27,Private,HS-grad,9,Married-civ-spouse,Exec-managerial,Husband,White,Male,United-States,<=50K.,448841,0,0,40
2995,28,Private,Assoc-voc,11,Married-civ-spouse,Other-service,Other-relative,White,Female,United-States,<=50K,66777,3137,0,40
2996,27,Private,11th,7,Married-civ-spouse,Craft-repair,Husband,White,Male,United-States,<=50K,103164,0,0,40
2997,48,Private,5th-6th,3,Never-married,Handlers-cleaners,Not-in-family,White,Male,Mexico,<=50K,273828,0,0,40
2998,39,Self-emp-not-inc,HS-grad,9,Married-civ-spouse,Farming-fishing,Husband,White,Male,United-States,>50K.,87076,0,0,45
2999,21,Private,Some-college,10,Never-married,Other-service,Not-in-family,White,Female,United-States,<=50K,82497,0,0,30
3000,43,Private,HS-grad,9,Married-civ-spouse,Craft-repair,Husband,White,Male,United-States,<=50K,117728,0,0,44
3001,18,Private,Some-college,10,Never-married,Sales,Own-child,White,Male,United-States,<=50K,318082,0,0,35
3002,25,Private,Assoc-voc,11,Never-married,Craft-repair,Own-child,White,Male,United-States,<=50K.,197403,0,0,40
3003,55,Self-emp-not-inc,HS-grad,9,Married-civ-spouse,Farming-fishing,Husband,White,Male,United-States,<=50K,149168,0,0,30
3004,39,Private,HS-grad,9,Divorced,Transport-moving,Own-child,White,Male,United-States,<=50K,294919,0,0,60
3005,59,Local-gov,Masters,14,Widowed,Prof-specialty,Unmarried,White,Female,United-States,>50K,303455,4787,0,60
3006,24,Private,Bachelors,13,Never-married,Prof-specialty,Not-in-family,White,Male,United-States,<=50K.,240063,0,0,20
3007,39,Local-gov,HS-grad,9,Married-civ-spouse,Craft-repair,Husband,White,Male,United-States,<=50K,143385,0,0,40
3008,52,Federal-gov,Assoc-acdm,12,Widowed,Exec-managerial,Unmarried,White,Male,United-States,>50K.,302661,13550,0,40
3009,30,Private,Some-college,10,Never-married,Sales,Own-child,White,Male,United-States,<=50K,207668,0,0,30
3010,38,Federal-gov,HS-grad,9,Married-civ-spouse,Adm-clerical,Husband,White,Male,United-States,>50K.,122240,0,0,55
3011,49,Private,Bachelors,13,Divorced,Sales,Not-in-family,White,Female,United-States,>50K.,187634,0,0,50
3012,26,Private,HS-grad,9,Divorced,Craft-repair,Not-in-family,White,Male,United-States,<=50K,160445,0,0,40
3013,39,Private,Some-college,10,Married-civ-spouse,Exec-managerial,Husband,White,Male,United-States,<=50K,82540,0,0,60
3014,51,,Assoc-voc,11,Married-civ-spouse,,Husband,White,Male,United-States,>50K,69328,0,0,50
3015,38,Federal-gov,HS-grad,9,Married-civ-spouse,Machine-op-inspct,Husband,White,Male,United-States,<=50K.,77792,0,0,56
3016,42,Self-emp-inc,HS-grad,9,Married-civ-spouse,Exec-managerial,Husband,White,Male,United-States,>50K.,170721,5178,0,50
3017,47,Local-gov,Masters,14,Never-married,Prof-specialty,Not-in-family,White,Male,United-States,<=50K,287320,0,0,40
3018,31,Private,HS-grad,9,Never-married,Exec-managerial,Not-in-family,White,Male,United-States,<=50K,286406,3325,0,40
3019,18,,11th,7,Never-married,,Own-child,Black,Male,United-States,<=50K.,184502,0,0,30
3020,41,Private,HS-grad,9,Married-civ-spouse,Sales,Husband,White,Male,United-States,<=50K.,163287,0,0,62
3021,67,Private,HS-grad,9,Married-civ-spouse,Sales,Husband,White,Male,United-States,<=50K.,89495,1797,0,4
3022,39,Private,HS-grad,9,Married-civ-spouse,Other-service,Husband,White,Male,United-States,<=50K.,172186,5013,0,40
3023,39,Self-emp-not-inc,Bachelors,13,Married-civ-spouse,Sales,Husband,White,Male,United-States,<=50K.,246900,0,0,60
3024,76,Private,10th,6,Widowed,Sales,Unmarried,Black,Female,United-States,<=50K,97077,0,0,12
3025,23,Private,Bachelors,13,Married-civ-spouse,Prof-specialty,Wife,White,Female,United-States,<=50K,398904,0,0,40
3026,46,Local-gov,Assoc-voc,11,Divorced,Exec-managerial,Not-in-family,White,Female,United-States,<=50K,267952,0,0,36
3027,19,Private,HS-grad,9,Never-married,Other-service,Own-child,White,Female,United-States,<=50K,28145,0,0,52
3028,34,Private,7th-8th,4,Never-married,Priv-house-serv,Own-child,White,Female,United-States,<=50K.,162544,0,0,30
3029,31,Private,Bachelors,13,Never-married,Adm-clerical,Not-in-family,White,Male,United-States,<=50K.,385959,0,0,50
3030,19,Private,HS-grad,9,Never-married,Other-service,Own-child,White,Female,United-States,<=50K,127190,0,0,15
3031,45,Self-emp-not-inc,Prof-school,15,Married-civ-spouse,Prof-specialty,Husband,Asian-Pac-Islander,Male,India,>50K,216402,0,0,50
3032,25,Private,Bachelors,13,Married-civ-spouse,Prof-specialty,Wife,Black,Female,United-States,>50K.,629900,0,0,40
3033,18,Private,11th,7,Never-married,Other-service,Own-child,White,Female,United-States,<=50K,761006,0,0,20
3034,46,Private,Bachelors,13,Never-married,Exec-managerial,Not-in-family,Asian-Pac-Islander,Male,Philippines,<=50K.,135803,0,0,40
3035,82,Self-emp-not-inc,HS-grad,9,Divorced,Exec-managerial,Not-in-family,White,Male,United-States,<=50K.,181912,0,0,12
3036,17,Private,10th,6,Never-married,Other-service,Own-child,White,Male,United-States,<=50K.,141445,0,0,30
3037,32,Private,10th,6,Separated,Other-service,Unmarried,White,Female,United-States,<=50K,283268,0,0,42
3038,50,Private,HS-grad,9,Never-married,Adm-clerical,Not-in-family,White,Male,United-States,<=50K.,99185,0,0,40
3039,38,Private,Some-college,10,Married-civ-spouse,Craft-repair,Husband,White,Male,United-States,>50K.,227615,0,0,40
3040,32,Self-emp-not-inc,Some-college,10,Never-married,Other-service,Not-in-family,White,Male,United-States,<=50K.,106014,0,0,50
3041,20,Private,HS-grad,9,Never-married,Machine-op-inspct,Other-relative,Other,Male,United-States,<=50K,243010,0,0,32
3042,33,Private,Bachelors,13,Divorced,Prof-specialty,Unmarried,White,Female,United-States,<=50K.,164864,0,323,40
3043,37,Private,Masters,14,Married-civ-spouse,Exec-managerial,Husband,White,Male,United-States,>50K,108140,15024,0,45
3044,31,Private,HS-grad,9,Married-civ-spouse,Machine-op-inspct,Husband,White,Male,United-States,<=50K,130021,0,0,45
3045,17,Private,11th,7,Never-married,Handlers-cleaners,Own-child,White,Male,,<=50K,113301,0,0,12
3046,50,Private,10th,6,Married-civ-spouse,Transport-moving,Husband,White,Male,United-States,<=50K.,101119,0,0,40
3047,27,Private,11th,7,Married-civ-spouse,Sales,Own-child,Black,Male,United-States,<=50K,335764,0,0,35
3048,47,Private,HS-grad,9,Married-civ-spouse,Craft-repair,Husband,White,Male,United-States,<=50K,285200,0,0,40
3049,45,Private,HS-grad,9,Married-civ-spouse,Craft-repair,Husband,White,Male,United-States,<=50K.,138342,0,0,84
3050,21,Private,HS-grad,9,Never-married,Handlers-cleaners,Not-in-family,White,Male,United-States,<=50K,349041,0,0,40
3051,26,Private,HS-grad,9,Married-civ-spouse,Machine-op-inspct,Husband,White,Male,United-States,<=50K,260614,0,0,40
3052,20,Private,Some-college,10,Never-married,Other-service,Own-child,White,Male,United-States,<=50K,94057,0,0,15
3053,29,Private,Masters,14,Never-married,Prof-specialty,Not-in-family,Black,Male,United-States,<=50K,142555,0,0,42
3054,21,Private,Some-college,10,Never-married,Adm-clerical,Own-child,White,Female,United-States,<=50K,349365,0,0,15
3055,19,Private,Some-college,10,Never-married,Other-service,Own-child,White,Male,United-States,<=50K,386378,0,0,20
3056,50,Private,HS-grad,9,Married-civ-spouse,Handlers-cleaners,Husband,Black,Male,United-States,<=50K,130780,0,0,40
3057,29,Private,Some-college,10,Never-married,Exec-managerial,Not-in-family,White,Female,United-States,<=50K.,217290,0,0,40
3058,29,Private,10th,6,Never-married,Other-service,Own-child,White,Male,United-States,<=50K,183523,0,0,40
3059,33,Private,Assoc-voc,11,Married-civ-spouse,Tech-support,Husband,White,Male,United-States,<=50K.,150324,0,0,40
3060,21,Private,Some-college,10,Never-married,Other-service,Own-child,White,Male,United-States,<=50K,98678,0,0,15
3061,49,Private,Some-college,10,Separated,Sales,Unmarried,White,Female,United-States,<=50K.,106705,0,0,36
3062,31,Private,Some-college,10,Separated,Tech-support,Unmarried,Black,Female,United-States,<=50K,309974,0,0,40
3063,49,,HS-grad,9,Married-civ-spouse,,Husband,White,Male,United-States,<=50K.,312552,0,2002,70
3064,18,Private,11th,7,Never-married,Sales,Own-child,White,Female,United-States,<=50K,128538,0,0,25
3065,27,Private,HS-grad,9,Divorced,Other-service,Not-in-family,White,Female,United-States,<=50K,109997,0,0,40
3066,38,Private,Assoc-acdm,12,Never-married,Prof-specialty,Unmarried,White,Female,United-States,<=50K,235379,0,0,36
3067,51,State-gov,Some-college,10,Divorced,Prof-specialty,Not-in-family,White,Female,United-States,<=50K,42017,0,0,40
3068,58,Private,HS-grad,9,Divorced,Tech-support,Not-in-family,White,Male,United-States,>50K,142076,4787,0,39
3069,52,Private,10th,6,Married-civ-spouse,Machine-op-inspct,Husband,White,Male,United-States,<=50K.,190333,0,0,50
3070,50,Self-emp-not-inc,7th-8th,4,Married-civ-spouse,Craft-repair,Husband,White,Male,United-States,<=50K.,195372,0,0,36
3071,36,Private,HS-grad,9,Never-married,Exec-managerial,Not-in-family,White,Female,United-States,<=50K,279485,0,0,38
3072,50,Private,HS-grad,9,Married-civ-spouse,Machine-op-inspct,Husband,White,Male,United-States,<=50K,337606,0,1485,40
3073,57,Self-emp-not-inc,Bachelors,13,Married-civ-spouse,Sales,Husband,White,Male,United-States,<=50K,27385,0,0,10
3074,19,Private,Some-college,10,Never-married,Other-service,Own-child,White,Male,United-States,<=50K,101549,0,0,15
3075,34,Private,Some-college,10,Never-married,Tech-support,Unmarried,Black,Female,United-States,<=50K.,293017,0,0,40
3076,39,Private,HS-grad,9,Married-civ-spouse,Handlers-cleaners,Husband,White,Male,United-States,<=50K,181661,0,0,40
3077,60,Private,HS-grad,9,Married-civ-spouse,Handlers-cleaners,Husband,White,Male,United-States,<=50K,83861,0,0,40
3078,30,Private,Assoc-voc,11,Never-married,Exec-managerial,Own-child,White,Male,United-States,<=50K.,203181,0,0,36
3079,41,State-gov,HS-grad,9,Divorced,Adm-clerical,Unmarried,White,Female,United-States,<=50K.,29324,0,0,45
3080,19,Private,Some-college,10,Never-married,Sales,Own-child,White,Female,United-States,<=50K,570002,0,0,25
3081,24,Private,Assoc-acdm,12,Separated,Craft-repair,Unmarried,Asian-Pac-Islander,Male,United-States,>50K,243190,8614,0,40
3082,63,Federal-gov,Some-college,10,Divorced,Exec-managerial,Unmarried,White,Female,United-States,<=50K,217994,0,0,40
3083,39,Private,Some-college,10,Separated,Adm-clerical,Unmarried,Black,Female,United-States,<=50K,129495,0,0,40
3084,51,Private,Masters,14,Never-married,Prof-specialty,Not-in-family,White,Male,United-States,>50K,673764,27828,0,40
3085,48,Private,HS-grad,9,Divorced,Sales,Not-in-family,White,Male,United-States,<=50K,278039,0,0,60
3086,36,Private,HS-grad,9,Divorced,Transport-moving,Own-child,White,Male,United-States,<=50K,178487,0,0,60
3087,28,Private,Some-college,10,Never-married,Sales,Not-in-family,White,Male,United-States,<=50K,125527,0,0,50
3088,43,Self-emp-not-inc,Preschool,1,Married-civ-spouse,Transport-moving,Husband,Black,Male,Haiti,<=50K.,245056,0,0,40
3089,40,Private,Bachelors,13,Divorced,Sales,Not-in-family,White,Male,United-States,>50K,175935,14084,0,40
3090,23,Private,HS-grad,9,Never-married,Craft-repair,Own-child,White,Male,Columbia,<=50K,287681,0,0,40
3091,38,Private,HS-grad,9,Married-civ-spouse,Exec-managerial,Husband,White,Male,United-States,>50K,22245,0,0,60
3092,34,Private,Bachelors,13,Married-civ-spouse,Exec-managerial,Husband,White,Male,United-States,>50K.,172714,0,0,45
3093,27,Private,Bachelors,13,Divorced,Exec-managerial,Not-in-family,White,Male,United-States,<=50K,193898,0,0,52
3094,34,Private,Bachelors,13,Never-married,Handlers-cleaners,Own-child,White,Male,United-States,<=50K.,211051,0,0,40
3095,17,Private,10th,6,Never-married,Other-service,Own-child,White,Male,United-States,<=50K,202521,0,0,15
3096,61,Private,Assoc-acdm,12,Divorced,Prof-specialty,Own-child,White,Male,United-States,<=50K.,199193,0,0,40
3097,22,Local-gov,Assoc-acdm,12,Never-married,Adm-clerical,Own-child,Black,Female,Haiti,<=50K,237811,0,0,35
3098,36,Local-gov,Some-college,10,Married-civ-spouse,Craft-repair,Husband,White,Male,United-States,<=50K,116892,0,0,40
3099,50,Private,Assoc-voc,11,Divorced,Prof-specialty,Unmarried,White,Female,United-States,>50K,46155,0,0,40
3100,47,Federal-gov,Bachelors,13,Married-civ-spouse,Exec-managerial,Husband,Black,Male,United-States,>50K.,746660,0,1887,40
3101,53,Private,Some-college,10,Married-civ-spouse,Craft-repair,Husband,White,Male,United-States,<=50K.,197054,0,0,40
3102,19,Private,HS-grad,9,Never-married,Craft-repair,Own-child,White,Female,United-States,<=50K.,58471,0,0,40
3103,29,Private,Some-college,10,Separated,Handlers-cleaners,Not-in-family,Black,Male,United-States,<=50K,275110,0,0,42
3104,29,,HS-grad,9,Never-married,,Not-in-family,White,Male,United-States,<=50K,95108,0,0,40
3105,41,Private,Bachelors,13,Married-civ-spouse,Craft-repair,Husband,White,Male,United-States,>50K,118212,3103,0,40
3106,70,,HS-grad,9,Widowed,,Unmarried,White,Female,United-States,<=50K.,152837,0,0,20
3107,60,Local-gov,Masters,14,Married-civ-spouse,Prof-specialty,Husband,White,Male,United-States,>50K.,195409,15024,0,52
3108,43,Federal-gov,Bachelors,13,Married-civ-spouse,Handlers-cleaners,Husband,White,Male,United-States,<=50K,155106,0,0,53
3109,32,Self-emp-not-inc,HS-grad,9,Never-married,Craft-repair,Own-child,White,Male,United-States,<=50K.,220740,0,0,60
3110,44,Local-gov,Masters,14,Married-civ-spouse,Prof-specialty,Husband,White,Male,United-States,<=50K,162506,0,0,35
3111,32,Private,Bachelors,13,Married-civ-spouse,Exec-managerial,Husband,Asian-Pac-Islander,Male,China,>50K,331539,0,0,50
3112,35,Private,HS-grad,9,Married-civ-spouse,Machine-op-inspct,Husband,White,Male,Mexico,<=50K.,337239,0,0,40
3113,51,Local-gov,Masters,14,Married-civ-spouse,Prof-specialty,Husband,White,Male,Mexico,>50K.,201040,0,0,40
3114,32,Private,Masters,14,Married-civ-spouse,Exec-managerial,Husband,White,Male,United-States,>50K,209538,0,0,55
3115,26,,Bachelors,13,Never-married,,Not-in-family,White,Female,United-States,<=50K,132749,0,0,80
3116,41,Private,Some-college,10,Separated,Transport-moving,Not-in-family,White,Male,United-States,<=50K,107584,0,0,35
3117,59,Self-emp-not-inc,Prof-school,15,Married-civ-spouse,Farming-fishing,Husband,White,Male,United-States,<=50K,73411,0,0,30
3118,32,Private,Some-college,10,Married-civ-spouse,Exec-managerial,Husband,White,Male,United-States,<=50K.,162160,0,0,40
3119,36,Private,HS-grad,9,Married-civ-spouse,Exec-managerial,Husband,White,Male,United-States,>50K.,186934,0,0,50
3120,38,State-gov,Bachelors,13,Married-civ-spouse,Exec-managerial,Wife,Black,Female,United-States,>50K,200904,0,0,30
3121,19,Private,HS-grad,9,Never-married,Machine-op-inspct,Own-child,White,Male,United-States,<=50K,169853,0,0,24
3122,38,Federal-gov,HS-grad,9,Never-married,Adm-clerical,Not-in-family,White,Male,United-States,>50K,205852,0,0,45
3123,21,Private,HS-grad,9,Never-married,Adm-clerical,Not-in-family,White,Female,United-States,<=50K,251603,0,0,40
3124,37,Local-gov,Bachelors,13,Never-married,Prof-specialty,Unmarried,Black,Male,,<=50K.,263690,0,0,40
3125,29,Private,Some-college,10,Married-civ-spouse,Craft-repair,Husband,Black,Male,Jamaica,>50K,188675,0,0,40
3126,31,Self-emp-not-inc,Bachelors,13,Divorced,Craft-repair,Not-in-family,White,Male,United-States,<=50K,144949,0,0,60
3127,29,Private,Bachelors,13,Married-civ-spouse,Other-service,Husband,White,Male,United-States,<=50K,464536,0,0,40
3128,33,State-gov,Some-college,10,Married-civ-spouse,Adm-clerical,Wife,White,Female,United-States,<=50K.,85632,0,0,40
3129,51,State-gov,Doctorate,16,Divorced,Prof-specialty,Not-in-family,White,Male,United-States,<=50K.,79324,0,0,30
3130,53,Local-gov,Bachelors,13,Married-civ-spouse,Prof-specialty,Husband,Black,Male,United-States,>50K.,196395,0,0,40
3131,22,Local-gov,HS-grad,9,Never-married,Farming-fishing,Own-child,White,Male,United-States,<=50K,273734,0,0,20
3132,32,Private,Masters,14,Married-civ-spouse,Prof-specialty,Husband,White,Male,United-States,>50K,313835,0,0,40
3133,20,Private,Some-college,10,Never-married,Other-service,Own-child,White,Male,United-States,<=50K,41721,0,0,60
3134,58,Private,HS-grad,9,Married-civ-spouse,Exec-managerial,Husband,White,Male,United-States,>50K,239523,0,0,45
3135,29,Private,HS-grad,9,Never-married,Sales,Not-in-family,White,Female,United-States,<=50K,178469,0,0,40
3136,22,Private,Some-college,10,Never-married,Sales,Other-relative,White,Male,United-States,<=50K,162869,0,0,65
3137,22,Private,HS-grad,9,Never-married,Sales,Not-in-family,Black,Female,United-States,<=50K.,212780,0,0,30
3138,45,Private,Bachelors,13,Married-civ-spouse,Tech-support,Husband,White,Male,United-States,>50K,275995,0,0,50
3139,63,,HS-grad,9,Married-civ-spouse,,Husband,White,Male,United-States,<=50K,424591,0,0,40
3140,23,Private,Assoc-acdm,12,Never-married,Sales,Own-child,White,Female,United-States,<=50K,218343,0,0,40
3141,52,Private,Masters,14,Married-civ-spouse,Sales,Husband,White,Male,United-States,>50K.,233149,15024,0,40
3142,49,Self-emp-not-inc,5th-6th,3,Married-civ-spouse,Other-service,Husband,White,Male,United-States,>50K.,155659,0,0,40
3143,19,,Some-college,10,Never-married,,Own-child,Black,Male,United-States,<=50K.,171578,0,0,40
3144,53,Private,HS-grad,9,Divorced,Machine-op-inspct,Unmarried,Black,Male,United-States,<=50K,287317,0,0,32
3145,56,,Some-college,10,Divorced,,Unmarried,White,Female,United-States,>50K,154537,0,0,50
3146,58,Private,HS-grad,9,Married-civ-spouse,Exec-managerial,Husband,White,Male,United-States,>50K,147707,15024,0,60
3147,20,Private,HS-grad,9,Never-married,Handlers-cleaners,Own-child,White,Male,United-States,<=50K,164219,0,0,45
3148,58,Private,HS-grad,9,Widowed,Tech-support,Unmarried,White,Female,United-States,<=50K.,109159,0,0,38
3149,25,Private,Assoc-voc,11,Married-civ-spouse,Exec-managerial,Husband,White,Male,United-States,<=50K,91334,0,0,75
3150,31,Local-gov,Assoc-acdm,12,Never-married,Tech-support,Not-in-family,White,Male,United-States,<=50K,357954,0,0,20
3151,20,,Some-college,10,Never-married,,Own-child,White,Male,United-States,<=50K.,121389,0,0,32
3152,37,Private,Some-college,10,Married-spouse-absent,Prof-specialty,Not-in-family,White,Female,United-States,<=50K,176293,0,0,30
3153,34,Private,Bachelors,13,Married-civ-spouse,Exec-managerial,Husband,White,Male,United-States,>50K.,260560,0,0,50
3154,27,Private,HS-grad,9,Married-civ-spouse,Craft-repair,Husband,White,Male,United-States,<=50K,152951,0,0,40
3155,52,Private,10th,6,Married-civ-spouse,Transport-moving,Husband,White,Male,United-States,<=50K,193116,0,0,45
3156,46,Private,HS-grad,9,Divorced,Craft-repair,Not-in-family,White,Male,United-States,<=50K,105327,0,0,40
3157,28,Private,Some-college,10,Divorced,Craft-repair,Not-in-family,White,Male,United-States,<=50K.,203171,0,0,40
3158,56,Private,Some-college,10,Married-civ-spouse,Transport-moving,Husband,White,Male,,<=50K,215839,0,0,60
3159,61,Private,HS-grad,9,Widowed,Sales,Not-in-family,White,Female,United-States,<=50K,153048,0,0,35
3160,40,Self-emp-not-inc,Some-college,10,Divorced,Craft-repair,Unmarried,White,Female,United-States,<=50K.,151960,0,0,38
3161,71,State-gov,HS-grad,9,Married-civ-spouse,Protective-serv,Husband,White,Male,United-States,<=50K,210673,0,0,28
3162,42,Self-emp-not-inc,Prof-school,15,Married-civ-spouse,Prof-specialty,Husband,White,Male,United-States,>50K,54202,0,0,50
3163,26,Private,Bachelors,13,Never-married,Prof-specialty,Not-in-family,White,Female,United-States,<=50K,131686,0,0,40
3164,27,Self-emp-not-inc,Some-college,10,Never-married,Other-service,Not-in-family,Black,Male,United-States,<=50K,207948,0,0,40
3165,24,Private,Some-college,10,Married-civ-spouse,Transport-moving,Husband,White,Male,United-States,>50K,60783,0,0,70
3166,35,Private,Bachelors,13,Married-civ-spouse,Sales,Husband,White,Male,United-States,<=50K,218955,0,0,40
3167,31,Federal-gov,Bachelors,13,Never-married,Exec-managerial,Own-child,White,Female,Cuba,<=50K,139455,0,0,40
3168,31,Local-gov,HS-grad,9,Married-civ-spouse,Craft-repair,Husband,White,Male,United-States,<=50K.,400535,0,0,72
3169,32,Self-emp-not-inc,12th,8,Married-civ-spouse,Craft-repair,Husband,White,Male,United-States,<=50K,350624,0,0,40
3170,38,Private,HS-grad,9,Married-civ-spouse,Machine-op-inspct,Wife,White,Female,United-States,<=50K,262882,0,0,40
3171,21,,11th,7,Married-civ-spouse,,Wife,White,Female,United-States,<=50K,212888,0,0,56
3172,38,Private,Some-college,10,Divorced,Adm-clerical,Unmarried,White,Female,United-States,<=50K,110013,0,0,43
3173,37,Private,HS-grad,9,Never-married,Adm-clerical,Own-child,White,Female,United-States,<=50K,201141,0,0,37
3174,40,Private,HS-grad,9,Divorced,Transport-moving,Not-in-family,White,Male,United-States,>50K,321856,0,0,60
3175,43,Private,Bachelors,13,Married-civ-spouse,Sales,Husband,White,Male,United-States,>50K.,206927,15024,0,50
3176,17,Private,11th,7,Never-married,Other-service,Own-child,White,Female,United-States,<=50K.,194946,0,0,20
3177,64,Local-gov,11th,7,Married-civ-spouse,Craft-repair,Husband,Black,Male,United-States,>50K,244903,0,0,40
3178,23,Private,Some-college,10,Divorced,Adm-clerical,Not-in-family,Black,Male,United-States,<=50K,250743,0,0,40
3179,51,Self-emp-not-inc,Some-college,10,Separated,Exec-managerial,Not-in-family,White,Female,United-States,<=50K.,73493,0,0,60
3180,25,Private,HS-grad,9,Married-civ-spouse,Craft-repair,Husband,White,Male,United-States,>50K,139730,0,0,80
3181,31,Private,HS-grad,9,Divorced,Craft-repair,Other-relative,White,Male,United-States,<=50K.,94413,3325,0,40
3182,63,Self-emp-not-inc,HS-grad,9,Married-civ-spouse,Other-service,Husband,White,Male,United-States,<=50K,106648,0,0,12
3183,23,Private,Some-college,10,Never-married,Other-service,Own-child,White,Male,United-States,<=50K.,231866,0,0,40
3184,47,Local-gov,Bachelors,13,Married-civ-spouse,Prof-specialty,Husband,White,Male,United-States,>50K.,209968,7298,0,40
3185,21,Private,Some-college,10,Never-married,Other-service,Own-child,White,Female,United-States,<=50K,126613,0,0,40
3186,50,Local-gov,Masters,14,Married-civ-spouse,Prof-specialty,Husband,White,Male,United-States,>50K.,145879,7688,0,40
3187,26,Private,Bachelors,13,Never-married,Exec-managerial,Not-in-family,White,Female,United-States,<=50K.,252563,0,0,40
3188,28,Private,HS-grad,9,Married-civ-spouse,Craft-repair,Husband,White,Male,Poland,>50K,160731,0,0,40
3189,45,Self-emp-inc,Masters,14,Divorced,Sales,Unmarried,White,Female,United-States,>50K,191776,25236,0,42
3190,35,Private,7th-8th,4,Married-civ-spouse,Craft-repair,Husband,White,Male,United-States,<=50K.,190297,0,0,40
3191,26,Private,Bachelors,13,Never-married,Sales,Not-in-family,White,Male,Guatemala,<=50K.,135848,0,0,10
3192,38,,10th,6,Separated,,Own-child,White,Male,United-States,<=50K,129150,0,0,35
3193,58,Private,Some-college,10,Separated,Adm-clerical,Not-in-family,White,Female,United-States,<=50K.,104476,0,1092,40
3194,17,Private,11th,7,Never-married,Sales,Own-child,White,Female,United-States,<=50K,400225,0,0,20
3195,18,Private,HS-grad,9,Never-married,Sales,Own-child,Black,Female,United-States,<=50K.,427437,0,0,40
3196,32,Private,11th,7,Never-married,Craft-repair,Not-in-family,Amer-Indian-Eskimo,Male,United-States,>50K,95885,13550,0,60
3197,25,Private,Some-college,10,Never-married,Adm-clerical,Not-in-family,White,Female,United-States,<=50K,104439,0,0,50
3198,30,Private,Bachelors,13,Never-married,Machine-op-inspct,Not-in-family,White,Male,United-States,<=50K.,153549,0,0,48
3199,44,Local-gov,Bachelors,13,Married-civ-spouse,Prof-specialty,Husband,White,Male,United-States,>50K,203761,0,0,40
3200,47,Private,HS-grad,9,Never-married,Farming-fishing,Not-in-family,Other,Male,Puerto-Rico,<=50K.,231284,0,0,40
3201,55,,HS-grad,9,Married-civ-spouse,,Wife,White,Female,United-States,<=50K,216941,2885,0,40
3202,46,State-gov,Bachelors,13,Married-civ-spouse,Prof-specialty,Husband,White,Male,United-States,>50K.,54260,0,0,10
3203,22,Private,HS-grad,9,Married-civ-spouse,Craft-repair,Husband,White,Male,United-States,<=50K,136767,0,0,30
3204,19,Private,HS-grad,9,Never-married,Machine-op-inspct,Own-child,White,Male,United-States,<=50K.,231492,0,0,60
3205,18,,Some-college,10,Never-married,,Own-child,Asian-Pac-Islander,Female,United-States,<=50K,91670,0,0,40
3206,38,Private,HS-grad,9,Married-civ-spouse,Sales,Husband,White,Male,United-States,<=50K,114079,0,0,44
3207,50,Self-emp-inc,Some-college,10,Married-civ-spouse,Sales,Husband,White,Male,United-States,>50K.,209642,99999,0,55
3208,36,Private,Masters,14,Married-civ-spouse,Prof-specialty,Husband,White,Male,United-States,>50K.,161141,0,0,50
3209,33,Private,7th-8th,4,Never-married,Sales,Not-in-family,White,Male,Mexico,<=50K,226267,0,0,43
3210,34,Private,Assoc-acdm,12,Divorced,Machine-op-inspct,Not-in-family,White,Male,United-States,<=50K,114955,0,0,40
3211,60,,HS-grad,9,Widowed,,Not-in-family,White,Male,Poland,<=50K,251572,0,0,35
3212,37,Private,Bachelors,13,Never-married,Prof-specialty,Not-in-family,Black,Female,United-States,<=50K,146398,0,0,40
3213,42,Private,HS-grad,9,Married-civ-spouse,Transport-moving,Husband,White,Male,United-States,>50K,154374,0,0,50
3214,53,Private,Masters,14,Married-civ-spouse,Prof-specialty,Husband,Asian-Pac-Islander,Male,India,>50K,70387,4386,0,40
3215,31,Private,Bachelors,13,Married-civ-spouse,Exec-managerial,Husband,White,Male,United-States,>50K,217460,0,0,40
3216,31,Private,Bachelors,13,Married-civ-spouse,Adm-clerical,Husband,White,Male,United-States,>50K.,329635,0,0,50
3217,19,Private,Some-college,10,Never-married,Handlers-cleaners,Own-child,White,Male,United-States,<=50K.,206546,0,0,24
3218,21,,HS-grad,9,Never-married,,Unmarried,White,Female,United-States,<=50K,356772,0,0,40
3219,46,Private,Some-college,10,Divorced,Tech-support,Not-in-family,White,Female,United-States,<=50K.,114120,0,0,38
3220,36,Private,HS-grad,9,Married-civ-spouse,Craft-repair,Husband,White,Male,Poland,>50K.,224531,0,0,40
3221,27,Private,Assoc-voc,11,Married-civ-spouse,Tech-support,Husband,White,Male,United-States,<=50K,62737,0,0,40
3222,26,Private,HS-grad,9,Married-civ-spouse,Craft-repair,Husband,White,Male,United-States,<=50K.,175540,0,0,40
3223,33,Private,Some-college,10,Separated,Other-service,Not-in-family,White,Male,United-States,<=50K.,454717,0,0,40
3224,37,State-gov,Masters,14,Married-civ-spouse,Exec-managerial,Husband,White,Male,United-States,<=50K,210452,0,0,38
3225,36,Private,Assoc-acdm,12,Married-civ-spouse,Prof-specialty,Wife,White,Female,United-States,>50K.,349534,0,0,31
3226,37,Private,Some-college,10,Married-civ-spouse,Tech-support,Husband,White,Male,United-States,<=50K.,224566,0,0,39
3227,21,Private,HS-grad,9,Married-civ-spouse,Adm-clerical,Husband,White,Male,United-States,<=50K,186314,0,0,40
3228,51,State-gov,HS-grad,9,Married-civ-spouse,Exec-managerial,Husband,White,Male,United-States,<=50K,167065,0,0,40
3229,28,Private,Some-college,10,Married-civ-spouse,Adm-clerical,Husband,White,Male,United-States,>50K.,160510,0,0,50
3230,58,Private,HS-grad,9,Married-civ-spouse,Transport-moving,Husband,White,Male,United-States,<=50K.,187485,0,0,24
3231,40,Private,Some-college,10,Never-married,Craft-repair,Own-child,Black,Male,United-States,<=50K,72791,0,0,40
3232,22,Private,Assoc-voc,11,Divorced,Tech-support,Not-in-family,White,Male,United-States,<=50K,356567,0,0,60
3233,23,Private,Some-college,10,Never-married,Adm-clerical,Other-relative,Asian-Pac-Islander,Female,United-States,<=50K.,154785,0,0,40
3234,59,Private,HS-grad,9,Divorced,Other-service,Not-in-family,White,Female,United-States,<=50K.,113838,0,0,40
3235,36,Private,HS-grad,9,Married-civ-spouse,Machine-op-inspct,Husband,White,Male,United-States,<=50K,437909,0,0,40
3236,19,Private,10th,6,Never-married,Other-service,Other-relative,White,Female,United-States,<=50K.,248600,34095,0,24
3237,52,Private,Bachelors,13,Married-civ-spouse,Exec-managerial,Husband,White,Male,United-States,>50K,236497,0,0,48
3238,29,Private,Masters,14,Never-married,Prof-specialty,Not-in-family,White,Female,United-States,>50K.,108574,0,0,40
3239,42,Private,Bachelors,13,Never-married,Sales,Own-child,White,Male,United-States,<=50K,132222,0,0,60
3240,54,Private,HS-grad,9,Married-civ-spouse,Transport-moving,Husband,White,Male,United-States,<=50K,171924,0,0,70
3241,42,Federal-gov,Masters,14,Married-civ-spouse,Exec-managerial,Husband,White,Male,United-States,>50K,198316,0,0,40
3242,34,Private,HS-grad,9,Never-married,Machine-op-inspct,Own-child,White,Female,United-States,<=50K.,177216,0,0,40
3243,19,,Some-college,10,Never-married,,Own-child,White,Female,Japan,<=50K,57329,0,0,30
3244,67,Private,Some-college,10,Widowed,Sales,Not-in-family,White,Female,Nicaragua,<=50K,174693,0,0,25
3245,50,Private,HS-grad,9,Divorced,Adm-clerical,Not-in-family,White,Female,United-States,<=50K,269095,0,0,40
3246,27,Private,Assoc-acdm,12,Married-civ-spouse,Exec-managerial,Husband,White,Male,United-States,<=50K,203776,0,0,55
3247,18,Private,11th,7,Never-married,Sales,Own-child,White,Female,United-States,<=50K,140164,0,0,40
3248,47,Self-emp-not-inc,HS-grad,9,Married-civ-spouse,Farming-fishing,Husband,White,Male,United-States,>50K,159869,0,0,56
3249,49,Private,HS-grad,9,Divorced,Exec-managerial,Not-in-family,White,Female,United-States,>50K.,121253,0,1564,40
3250,45,State-gov,Prof-school,15,Divorced,Prof-specialty,Unmarried,White,Female,United-States,<=50K,319666,0,0,43
3251,58,Private,Bachelors,13,Married-civ-spouse,Adm-clerical,Husband,White,Male,Mexico,<=50K,218281,0,0,40
3252,23,Private,10th,6,Never-married,Handlers-cleaners,Unmarried,White,Male,United-States,<=50K,204641,0,0,50
3253,37,Federal-gov,Some-college,10,Divorced,Adm-clerical,Unmarried,Black,Female,United-States,<=50K,214542,0,0,40
3254,32,Private,Some-college,10,Married-civ-spouse,Sales,Husband,Black,Male,United-States,<=50K,349365,0,0,65
3255,40,Private,12th,8,Divorced,Craft-repair,Not-in-family,White,Male,United-States,<=50K,220563,0,0,40
3256,39,Self-emp-not-inc,Masters,14,Never-married,Prof-specialty,Not-in-family,White,Male,United-States,<=50K,326400,0,0,40
3257,23,Private,HS-grad,9,Never-married,Sales,Own-child,White,Male,United-States,<=50K,143062,0,0,40
3258,41,State-gov,Bachelors,13,Married-civ-spouse,Prof-specialty,Husband,White,Male,United-States,<=50K.,33474,0,0,50
3259,31,Private,Assoc-voc,11,Never-married,Farming-fishing,Own-child,White,Male,United-States,<=50K,301637,0,0,40
3260,41,Private,HS-grad,9,Married-civ-spouse,Machine-op-inspct,Husband,White,Male,United-States,<=50K,242586,0,0,40
3261,42,Self-emp-not-inc,Masters,14,Never-married,Prof-specialty,Own-child,White,Male,United-States,<=50K.,206066,0,0,45
3262,30,Private,Some-college,10,Married-civ-spouse,Craft-repair,Husband,White,Male,United-States,>50K.,30101,0,0,40
3263,64,Private,Some-college,10,Never-married,Adm-clerical,Not-in-family,White,Female,United-States,<=50K,151364,0,0,40
3264,55,Private,Bachelors,13,Married-civ-spouse,Prof-specialty,Husband,White,Male,United-States,>50K,156430,0,0,40
3265,36,State-gov,Bachelors,13,Married-civ-spouse,Protective-serv,Husband,White,Male,Germany,>50K.,21798,15024,0,40
3266,59,Federal-gov,Some-college,10,Married-civ-spouse,Craft-repair,Husband,White,Male,United-States,<=50K,115389,0,0,36
3267,49,Private,Some-college,10,Married-civ-spouse,Craft-repair,Husband,White,Male,United-States,>50K,151584,0,0,40
3268,43,Private,10th,6,Separated,Other-service,Unmarried,White,Female,United-States,<=50K.,163769,0,0,40
3269,50,State-gov,Bachelors,13,Divorced,Adm-clerical,Not-in-family,Black,Female,United-States,<=50K,238187,0,0,37
3270,32,Self-emp-not-inc,HS-grad,9,Married-civ-spouse,Craft-repair,Husband,White,Male,United-States,<=50K,35595,0,0,50
3271,34,Private,HS-grad,9,Married-civ-spouse,Machine-op-inspct,Other-relative,White,Female,Mexico,<=50K.,176244,0,0,40
3272,22,Self-emp-not-inc,Bachelors,13,Never-married,Prof-specialty,Own-child,Asian-Pac-Islander,Male,India,<=50K,361280,0,0,20
3273,38,Self-emp-inc,Prof-school,15,Married-civ-spouse,Prof-specialty,Husband,White,Male,United-States,>50K,478829,99999,0,50
3274,38,Self-emp-inc,HS-grad,9,Married-civ-spouse,Exec-managerial,Husband,White,Male,Portugal,>50K.,66687,5178,0,50
3275,36,Private,HS-grad,9,Divorced,Exec-managerial,Not-in-family,White,Female,United-States,<=50K,144154,0,0,40
3276,23,Private,Bachelors,13,Never-married,Sales,Own-child,White,Male,United-States,<=50K,208946,0,0,32
3277,53,Private,HS-grad,9,Married-civ-spouse,Craft-repair,Husband,White,Male,United-States,>50K,290688,0,0,52
3278,20,,Some-college,10,Never-married,,Own-child,White,Male,,<=50K.,116773,0,0,40
3279,62,Private,HS-grad,9,Married-civ-spouse,Sales,Wife,White,Female,United-States,<=50K,197514,0,0,16
3280,33,Private,Assoc-acdm,12,Never-married,Prof-specialty,Not-in-family,White,Female,United-States,<=50K,183557,0,0,40
3281,45,State-gov,Bachelors,13,Separated,Prof-specialty,Not-in-family,White,Female,United-States,<=50K,32186,0,0,40
3282,53,Self-emp-inc,Some-college,10,Married-civ-spouse,Exec-managerial,Husband,White,Male,United-States,<=50K.,59840,0,0,60
3283,38,Private,Masters,14,Married-civ-spouse,Exec-managerial,Husband,White,Male,United-States,>50K.,372525,15024,0,45
3284,51,Private,HS-grad,9,Married-civ-spouse,Handlers-cleaners,Husband,White,Male,United-States,<=50K,200450,0,0,48
3285,47,Private,HS-grad,9,Married-civ-spouse,Sales,Husband,White,Male,United-States,<=50K,168195,0,0,55
3286,30,Private,HS-grad,9,Never-married,Handlers-cleaners,Own-child,White,Male,United-States,<=50K,213722,0,0,40
3287,52,Local-gov,HS-grad,9,Married-civ-spouse,Craft-repair,Husband,White,Male,United-States,<=50K,305053,0,2051,40
3288,35,Private,HS-grad,9,Never-married,Handlers-cleaners,Not-in-family,White,Male,United-States,<=50K,154410,0,0,40
3289,35,Self-emp-inc,Bachelors,13,Married-civ-spouse,Exec-managerial,Husband,White,Male,United-States,>50K,196373,0,0,45
3290,32,State-gov,Some-college,10,Divorced,Protective-serv,Unmarried,White,Female,United-States,<=50K,213389,0,1726,38
3291,41,Private,HS-grad,9,Married-civ-spouse,Farming-fishing,Husband,White,Male,United-States,<=50K,140886,0,0,40
3292,21,Private,HS-grad,9,Never-married,Other-service,Not-in-family,White,Female,United-States,<=50K.,256504,0,0,40
3293,66,Private,7th-8th,4,Married-civ-spouse,Other-service,Husband,Black,Male,United-States,<=50K.,207917,1797,0,20
3294,37,Private,Assoc-voc,11,Divorced,Prof-specialty,Unmarried,White,Female,United-States,<=50K,155064,0,0,40
3295,35,Self-emp-inc,Some-college,10,Divorced,Exec-managerial,Not-in-family,White,Male,United-States,<=50K,202027,0,0,60
3296,57,Private,Some-college,10,Married-civ-spouse,Craft-repair,Husband,White,Male,United-States,>50K.,125000,0,0,40
3297,39,Private,1st-4th,2,Married-civ-spouse,Handlers-cleaners,Husband,White,Male,Mexico,<=50K.,269548,0,0,70
3298,23,Private,HS-grad,9,Never-married,Sales,Own-child,White,Female,United-States,>50K.,442359,8614,0,15
3299,26,Private,Masters,14,Never-married,Prof-specialty,Not-in-family,White,Female,United-States,<=50K,397317,0,1876,40
3300,41,Private,Some-college,10,Married-civ-spouse,Prof-specialty,Husband,Black,Male,United-States,<=50K,174540,0,0,4
3301,38,Local-gov,Bachelors,13,Married-civ-spouse,Exec-managerial,Husband,Black,Male,United-States,<=50K,181721,0,0,40
3302,25,Private,Some-college,10,Married-civ-spouse,Handlers-cleaners,Husband,White,Male,United-States,<=50K,104746,0,0,16
3303,36,Self-emp-not-inc,HS-grad,9,Married-civ-spouse,Exec-managerial,Husband,White,Male,United-States,<=50K,118429,0,0,50
3304,27,Private,HS-grad,9,Never-married,Other-service,Not-in-family,White,Female,United-States,<=50K,219371,0,0,35
3305,40,Federal-gov,Some-college,10,Married-civ-spouse,Tech-support,Husband,White,Male,United-States,>50K,73883,0,0,40
3306,46,Private,Assoc-acdm,12,Married-civ-spouse,Exec-managerial,Husband,White,Male,United-States,>50K,121124,15024,0,50
3307,30,Private,Bachelors,13,Never-married,Other-service,Unmarried,White,Male,,<=50K,119164,0,0,40
3308,28,Private,1st-4th,2,Never-married,Priv-house-serv,Not-in-family,White,Female,Mexico,<=50K,350254,0,0,40
3309,47,Self-emp-inc,Masters,14,Married-civ-spouse,Exec-managerial,Husband,White,Male,United-States,>50K,215620,15024,0,55
3310,27,State-gov,Bachelors,13,Never-married,Tech-support,Not-in-family,White,Male,United-States,<=50K,312692,0,0,12
3311,18,Private,HS-grad,9,Never-married,Craft-repair,Own-child,White,Male,United-States,<=50K,178142,0,0,40
3312,57,Private,Assoc-voc,11,Married-civ-spouse,Prof-specialty,Husband,White,Male,United-States,<=50K,64960,0,1902,45
3313,23,Private,HS-grad,9,Never-married,Other-service,Unmarried,White,Female,United-States,<=50K.,186006,0,0,37
3314,44,Private,Some-college,10,Married-civ-spouse,Tech-support,Husband,White,Male,United-States,>50K,32000,0,0,18
3315,40,Private,HS-grad,9,Married-civ-spouse,Machine-op-inspct,Husband,White,Male,United-States,>50K,30682,0,0,45
3316,20,Local-gov,Assoc-voc,11,Never-married,Adm-clerical,Own-child,White,Female,United-States,<=50K,247794,0,0,35
3317,31,Private,Masters,14,Never-married,Prof-specialty,Not-in-family,White,Female,United-States,>50K,45781,14084,0,50
3318,26,Private,HS-grad,9,Never-married,Other-service,Own-child,White,Female,United-States,<=50K,104045,0,0,30
3319,18,Private,11th,7,Never-married,Other-service,Other-relative,White,Female,United-States,<=50K,28648,0,0,40
3320,30,Private,Some-college,10,Divorced,Sales,Own-child,White,Male,United-States,<=50K,121308,0,0,40
3321,51,Self-emp-inc,Some-college,10,Married-civ-spouse,Exec-managerial,Husband,White,Male,United-States,>50K,260938,0,0,50
3322,50,Private,Doctorate,16,Married-civ-spouse,Sales,Husband,White,Male,United-States,>50K.,256908,0,0,50
3323,22,State-gov,Some-college,10,Never-married,Other-service,Own-child,White,Male,United-States,<=50K,124942,0,0,45
3324,33,Private,Some-college,10,Never-married,Exec-managerial,Not-in-family,White,Male,United-States,<=50K,152933,0,0,45
3325,47,Local-gov,Some-college,10,Never-married,Adm-clerical,Not-in-family,Black,Male,United-States,<=50K,272182,0,0,40
3326,41,Self-emp-not-inc,Prof-school,15,Married-civ-spouse,Prof-specialty,Husband,White,Male,United-States,>50K,200574,0,1977,60
3327,25,Private,Some-college,10,Never-married,Craft-repair,Own-child,White,Female,United-States,<=50K,362912,0,0,50
3328,32,Private,HS-grad,9,Married-civ-spouse,Machine-op-inspct,Husband,White,Male,United-States,<=50K.,296538,0,0,42
3329,42,Private,Prof-school,15,Married-civ-spouse,Prof-specialty,Husband,White,Male,United-States,>50K,378384,0,1902,60
3330,46,Local-gov,11th,7,Married-civ-spouse,Transport-moving,Husband,White,Male,United-States,<=50K,329752,0,0,30
3331,23,Private,Some-college,10,Never-married,Sales,Own-child,White,Female,United-States,<=50K,115326,0,0,20
3332,22,Federal-gov,Some-college,10,Married-civ-spouse,Sales,Husband,White,Male,United-States,<=50K,32950,0,1902,37
3333,46,Private,Some-college,10,Separated,Sales,Not-in-family,White,Male,United-States,<=50K,174370,0,0,55
3334,38,State-gov,Doctorate,16,Married-civ-spouse,Prof-specialty,Wife,White,Female,,>50K,110426,7688,0,40
3335,38,Private,HS-grad,9,Married-civ-spouse,Adm-clerical,Husband,White,Male,United-States,>50K,304651,0,0,45
3336,23,Private,HS-grad,9,Never-married,Craft-repair,Not-in-family,White,Male,United-States,<=50K,214635,0,0,40
3337,52,Self-emp-inc,HS-grad,9,Married-civ-spouse,Exec-managerial,Husband,White,Male,United-States,>50K,134854,0,0,40
3338,25,Private,11th,7,Married-civ-spouse,Craft-repair,Husband,White,Male,United-States,<=50K.,217006,0,0,40
3339,64,Self-emp-not-inc,HS-grad,9,Married-civ-spouse,Exec-managerial,Husband,White,Male,United-States,>50K,31826,0,0,45
3340,23,Local-gov,Some-college,10,Never-married,Other-service,Own-child,White,Male,United-States,<=50K.,255252,0,0,20
3341,22,Private,HS-grad,9,Never-married,Handlers-cleaners,Own-child,White,Male,United-States,<=50K,222993,0,0,40
3342,34,Private,Some-college,10,Never-married,Other-service,Own-child,White,Male,United-States,<=50K.,90409,0,0,40
3343,43,State-gov,Some-college,10,Divorced,Exec-managerial,Unmarried,Black,Female,,<=50K,38537,0,0,38
3344,23,Private,Some-college,10,Never-married,Craft-repair,Own-child,White,Male,Italy,<=50K.,182342,0,0,40
3345,31,Local-gov,HS-grad,9,Never-married,Machine-op-inspct,Own-child,White,Male,United-States,<=50K,80058,0,0,64
3346,28,Private,Bachelors,13,Never-married,Sales,Unmarried,White,Male,United-States,<=50K,133696,0,0,65
3347,32,Private,Some-college,10,Married-civ-spouse,Tech-support,Husband,White,Male,United-States,<=50K,157747,0,0,45
3348,51,Self-emp-inc,Bachelors,13,Separated,Sales,Unmarried,White,Male,United-States,>50K.,200046,0,2824,40
3349,31,Private,HS-grad,9,Married-civ-spouse,Machine-op-inspct,Husband,White,Male,United-States,<=50K.,87891,0,0,40
3350,23,Private,Bachelors,13,Never-married,Adm-clerical,Own-child,White,Female,United-States,<=50K,107578,2174,0,40
3351,23,Private,10th,6,Never-married,Other-service,Unmarried,White,Male,Mexico,<=50K,315065,0,0,60
3352,45,Private,Some-college,10,Married-civ-spouse,Exec-managerial,Husband,White,Male,United-States,<=50K.,50162,0,0,40
3353,42,Private,HS-grad,9,Divorced,Machine-op-inspct,Unmarried,White,Male,United-States,<=50K,42907,0,0,48
3354,17,,12th,8,Never-married,,Own-child,White,Male,United-States,<=50K.,171080,0,0,40
3355,31,Federal-gov,Some-college,10,Married-civ-spouse,Tech-support,Husband,Black,Male,United-States,<=50K.,40909,0,0,40
3356,37,Private,Bachelors,13,Married-civ-spouse,Exec-managerial,Husband,White,Male,United-States,>50K,82521,15024,0,40
3357,37,Local-gov,Assoc-voc,11,Married-civ-spouse,Exec-managerial,Husband,White,Male,United-States,<=50K.,74194,0,0,45
3358,54,Private,HS-grad,9,Married-civ-spouse,Craft-repair,Husband,White,Male,United-States,<=50K.,220115,0,1628,40
3359,33,Private,Some-college,10,Married-civ-spouse,Craft-repair,Husband,White,Male,United-States,>50K,260782,0,0,41
3360,43,Self-emp-inc,Some-college,10,Married-civ-spouse,Exec-managerial,Husband,White,Male,United-States,<=50K,34218,0,0,40
3361,25,State-gov,Bachelors,13,Married-civ-spouse,Exec-managerial,Wife,White,Female,United-States,<=50K.,117393,0,0,38
3362,24,Self-emp-not-inc,Bachelors,13,Never-married,Exec-managerial,Own-child,White,Male,United-States,<=50K.,194102,0,0,40
3363,20,Private,12th,8,Never-married,Machine-op-inspct,Own-child,White,Male,United-States,<=50K,224424,0,0,40
3364,37,Private,Masters,14,Divorced,Exec-managerial,Unmarried,White,Female,United-States,<=50K,262409,0,213,45
3365,76,Self-emp-not-inc,9th,5,Married-civ-spouse,Farming-fishing,Husband,White,Male,United-States,<=50K.,106430,0,0,40
3366,53,Local-gov,9th,5,Married-civ-spouse,Transport-moving,Husband,White,Male,United-States,<=50K.,179237,0,0,40
3367,39,Private,Some-college,10,Married-civ-spouse,Sales,Wife,White,Female,United-States,>50K.,370549,0,0,30
3368,38,Private,HS-grad,9,Never-married,Craft-repair,Not-in-family,White,Male,United-States,<=50K,164898,0,0,40
3369,32,Private,Masters,14,Separated,Exec-managerial,Not-in-family,White,Male,United-States,>50K,136204,0,2824,55
3370,25,,Bachelors,13,Never-married,,Not-in-family,White,Male,United-States,<=50K,239120,0,0,13
3371,23,Private,Assoc-voc,11,Married-civ-spouse,Craft-repair,Husband,White,Male,United-States,>50K,41721,0,0,55
3372,42,State-gov,HS-grad,9,Married-civ-spouse,Transport-moving,Husband,Amer-Indian-Eskimo,Male,United-States,<=50K,304302,0,0,40
3373,41,Private,HS-grad,9,Married-civ-spouse,Machine-op-inspct,Husband,White,Male,United-States,<=50K.,266439,0,0,40
3374,50,Self-emp-inc,Prof-school,15,Married-civ-spouse,Prof-specialty,Husband,White,Male,United-States,>50K,321822,0,0,75
3375,59,,HS-grad,9,Married-civ-spouse,,Wife,White,Female,United-States,>50K,154236,7688,0,40
3376,35,Private,11th,7,Married-civ-spouse,Sales,Husband,White,Male,United-States,<=50K,110402,0,0,35
3377,31,Private,Bachelors,13,Married-civ-spouse,Exec-managerial,Husband,White,Male,United-States,>50K.,375833,0,0,55
3378,22,Private,HS-grad,9,Never-married,Adm-clerical,Own-child,White,Male,United-States,<=50K,192017,0,0,40
3379,17,,Some-college,10,Never-married,,Own-child,White,Male,United-States,<=50K.,44789,0,0,15
3380,34,Private,HS-grad,9,Never-married,Machine-op-inspct,Own-child,Asian-Pac-Islander,Male,China,<=50K,324654,0,0,40
3381,56,Private,HS-grad,9,Never-married,Craft-repair,Not-in-family,White,Male,United-States,<=50K.,530099,0,0,40
3382,55,Federal-gov,HS-grad,9,Widowed,Adm-clerical,Unmarried,White,Female,United-States,<=50K.,272339,0,0,40
3383,36,Private,Assoc-acdm,12,Married-civ-spouse,Sales,Wife,White,Female,United-States,<=50K,66173,0,0,15
3384,46,Self-emp-not-inc,HS-grad,9,Married-civ-spouse,Farming-fishing,Husband,White,Male,United-States,<=50K.,311231,0,0,40
3385,72,Private,HS-grad,9,Married-civ-spouse,Handlers-cleaners,Husband,White,Male,United-States,<=50K,192732,0,0,20
3386,33,Self-emp-inc,HS-grad,9,Married-civ-spouse,Exec-managerial,Husband,Asian-Pac-Islander,Male,Taiwan,>50K,139057,0,0,84
3387,62,Private,Assoc-voc,11,Separated,Priv-house-serv,Not-in-family,Black,Female,United-States,<=50K,138621,0,0,20
3388,35,Private,Some-college,10,Married-civ-spouse,Craft-repair,Husband,White,Male,United-States,>50K,105803,0,0,50
3389,19,,HS-grad,9,Never-married,,Own-child,White,Male,United-States,<=50K,249147,0,0,30
3390,41,Private,Masters,14,Divorced,Other-service,Unmarried,White,Female,United-States,<=50K.,110318,0,0,30
3391,52,Private,Some-college,10,Married-civ-spouse,Sales,Husband,White,Male,United-States,<=50K,152373,0,0,40
3392,59,Local-gov,Some-college,10,Married-civ-spouse,Craft-repair,Husband,White,Male,United-States,<=50K,165695,0,0,40
3393,39,Self-emp-inc,Assoc-voc,11,Married-civ-spouse,Craft-repair,Husband,White,Male,United-States,<=50K.,206362,0,0,40
3394,47,Private,HS-grad,9,Divorced,Adm-clerical,Unmarried,White,Female,United-States,<=50K,97176,0,0,40
3395,23,Private,Some-college,10,Never-married,Adm-clerical,Unmarried,White,Female,United-States,<=50K.,408988,0,0,38
3396,22,Private,HS-grad,9,Married-civ-spouse,Sales,Wife,White,Female,United-States,<=50K,199419,0,0,40
3397,22,Private,Some-college,10,Never-married,Transport-moving,Own-child,White,Male,United-States,<=50K,215477,0,0,40
3398,29,Private,Bachelors,13,Never-married,Adm-clerical,Not-in-family,White,Male,United-States,<=50K.,194458,0,0,40
3399,33,Local-gov,HS-grad,9,Divorced,Tech-support,Not-in-family,White,Female,United-States,<=50K,100734,0,0,55
3400,56,Private,Assoc-voc,11,Married-civ-spouse,Craft-repair,Husband,White,Male,United-States,>50K,200235,0,0,48
3401,40,Private,Some-college,10,Never-married,Craft-repair,Other-relative,Amer-Indian-Eskimo,Male,United-States,<=50K.,21755,0,0,30
3402,75,Private,HS-grad,9,Married-spouse-absent,Other-service,Not-in-family,White,Male,United-States,<=50K.,207116,0,0,40
3403,55,Self-emp-inc,HS-grad,9,Married-civ-spouse,Transport-moving,Husband,White,Male,United-States,<=50K.,79662,0,0,60
3404,32,Private,Bachelors,13,Never-married,Exec-managerial,Not-in-family,White,Female,United-States,<=50K,227931,0,0,40
3405,22,Private,Bachelors,13,Never-married,Other-service,Not-in-family,White,Female,Canada,<=50K.,290044,0,0,35
3406,40,Private,HS-grad,9,Married-civ-spouse,Machine-op-inspct,Husband,White,Male,United-States,<=50K.,121012,0,0,40
3407,36,Local-gov,HS-grad,9,Never-married,Other-service,Not-in-family,White,Male,United-States,<=50K,192337,0,0,40
3408,47,Private,Prof-school,15,Married-civ-spouse,Prof-specialty,Husband,White,Male,United-States,>50K.,159399,0,0,55
3409,25,Private,10th,6,Married-civ-spouse,Other-service,Own-child,White,Female,United-States,<=50K,190350,0,0,35
3410,22,Private,Assoc-voc,11,Never-married,Sales,Own-child,White,Male,United-States,<=50K.,191954,0,0,45
3411,38,Private,HS-grad,9,Divorced,Craft-repair,Unmarried,White,Male,United-States,<=50K,105017,0,0,40
3412,35,Private,Some-college,10,Married-civ-spouse,Machine-op-inspct,Husband,White,Male,United-States,<=50K,52738,0,0,46
3413,36,Self-emp-not-inc,HS-grad,9,Never-married,Craft-repair,Own-child,White,Male,United-States,<=50K.,258289,0,0,35
3414,41,State-gov,Some-college,10,Never-married,Prof-specialty,Not-in-family,White,Male,United-States,<=50K,355756,0,0,40
3415,18,,HS-grad,9,Never-married,,Own-child,Black,Female,United-States,<=50K,256191,0,0,25
3416,24,Private,HS-grad,9,Never-married,Other-service,Own-child,Black,Male,United-States,<=50K,106085,0,1721,30
3417,34,Private,HS-grad,9,Married-civ-spouse,Handlers-cleaners,Husband,White,Male,,<=50K.,188246,0,0,40
3418,39,Private,HS-grad,9,Separated,Craft-repair,Unmarried,White,Male,United-States,<=50K.,191161,0,0,55
3419,24,Private,Bachelors,13,Never-married,Adm-clerical,Not-in-family,White,Female,United-States,<=50K,128487,0,0,40
3420,34,Private,HS-grad,9,Never-married,Other-service,Not-in-family,Black,Female,United-States,<=50K.,208116,0,0,25
3421,37,State-gov,Bachelors,13,Divorced,Prof-specialty,Not-in-family,White,Female,United-States,<=50K.,211286,0,0,50
3422,40,Private,Bachelors,13,Married-spouse-absent,Exec-managerial,Not-in-family,White,Male,United-States,>50K,126701,0,0,40
3423,26,Private,Bachelors,13,Never-married,Sales,Not-in-family,White,Male,United-States,<=50K.,208881,0,0,42
3424,34,Private,HS-grad,9,Never-married,Craft-repair,Not-in-family,White,Male,United-States,<=50K,204052,0,0,40
3425,49,Private,HS-grad,9,Married-civ-spouse,Sales,Husband,White,Male,United-States,>50K.,144514,0,1887,45
3426,58,Private,Bachelors,13,Divorced,Transport-moving,Not-in-family,White,Male,United-States,<=50K,220789,0,0,45
3427,40,Private,Bachelors,13,Married-civ-spouse,Prof-specialty,Husband,White,Male,United-States,>50K,210648,0,0,44
3428,23,Private,Some-college,10,Never-married,Exec-managerial,Own-child,Other,Male,Peru,<=50K,481175,0,0,24
3429,57,Self-emp-not-inc,7th-8th,4,Married-civ-spouse,Prof-specialty,Husband,White,Male,,<=50K,275943,0,0,40
3430,38,,HS-grad,9,Married-civ-spouse,,Wife,White,Female,United-States,>50K.,48976,0,1887,10
3431,22,Private,Some-college,10,Never-married,Adm-clerical,Not-in-family,White,Female,United-States,<=50K,50058,0,0,35
3432,48,Federal-gov,Masters,14,Married-civ-spouse,Prof-specialty,Husband,White,Male,United-States,>50K,435503,0,0,40
3433,33,Private,9th,5,Married-civ-spouse,Machine-op-inspct,Husband,White,Male,United-States,<=50K.,157887,0,0,50
3434,71,Self-emp-not-inc,HS-grad,9,Married-civ-spouse,Farming-fishing,Husband,White,Male,United-States,<=50K.,28865,0,0,15
3435,54,Private,Some-college,10,Married-civ-spouse,Tech-support,Husband,White,Male,United-States,>50K,215990,7688,0,40
3436,38,Private,11th,7,Married-civ-spouse,Adm-clerical,Wife,White,Female,United-States,<=50K,205359,0,0,32
3437,50,Self-emp-not-inc,HS-grad,9,Married-civ-spouse,Exec-managerial,Husband,White,Male,United-States,<=50K,114117,0,0,32
3438,45,Private,Some-college,10,Divorced,Machine-op-inspct,Unmarried,White,Male,United-States,<=50K,182541,0,0,48
3439,26,Private,HS-grad,9,Married-civ-spouse,Machine-op-inspct,Husband,White,Male,United-States,<=50K,238768,0,0,60
3440,25,Private,11th,7,Married-civ-spouse,Craft-repair,Own-child,White,Male,United-States,<=50K.,153932,2580,0,30
3441,33,,11th,7,Divorced,,Own-child,White,Male,United-States,<=50K,314913,0,0,53
3442,42,Private,HS-grad,9,Never-married,Other-service,Own-child,White,Female,United-States,<=50K,143046,0,0,40
3443,49,Private,HS-grad,9,Divorced,Exec-managerial,Unmarried,White,Male,United-States,<=50K,140121,0,0,50
3444,61,Private,HS-grad,9,Divorced,Exec-managerial,Not-in-family,White,Female,United-States,<=50K,167138,0,0,40
3445,18,Private,10th,6,Never-married,Handlers-cleaners,Own-child,White,Male,United-States,<=50K,80616,0,0,27
3446,46,State-gov,Some-college,10,Married-civ-spouse,Exec-managerial,Husband,Black,Male,United-States,>50K.,106444,7688,0,38
3447,53,Federal-gov,HS-grad,9,Married-civ-spouse,Adm-clerical,Husband,White,Male,United-States,>50K.,411700,7298,0,40
3448,39,Private,Some-college,10,Never-married,Adm-clerical,Not-in-family,White,Female,United-States,>50K,209867,13550,0,45
3449,63,Local-gov,Bachelors,13,Widowed,Adm-clerical,Unmarried,Asian-Pac-Islander,Female,Philippines,<=50K.,114752,0,0,35
3450,19,Private,Some-college,10,Never-married,Other-service,Own-child,White,Male,Mexico,<=50K,316868,0,0,30
3451,38,Private,HS-grad,9,Married-civ-spouse,Sales,Husband,White,Male,United-States,<=50K,172927,0,0,50
3452,25,Private,7th-8th,4,Never-married,Sales,Other-relative,White,Male,Guatemala,<=50K,479765,0,0,45
3453,27,Private,Some-college,10,Married-civ-spouse,Machine-op-inspct,Husband,White,Male,United-States,<=50K,37250,0,1651,40
3454,46,Private,HS-grad,9,Married-civ-spouse,Craft-repair,Husband,White,Male,United-States,>50K.,118714,7298,0,40
3455,46,Private,HS-grad,9,Divorced,Adm-clerical,Own-child,White,Female,United-States,<=50K,164427,0,0,45
3456,18,Private,11th,7,Never-married,Other-service,Own-child,White,Female,United-States,<=50K,309634,0,0,22
3457,43,Private,Some-college,10,Married-civ-spouse,Craft-repair,Husband,White,Male,United-States,<=50K,62857,0,0,60
3458,43,Private,Some-college,10,Married-civ-spouse,Prof-specialty,Husband,White,Male,United-States,<=50K,193494,0,0,40
3459,30,Private,HS-grad,9,Never-married,Machine-op-inspct,Other-relative,White,Male,United-States,<=50K.,177675,0,0,40
3460,35,Private,HS-grad,9,Married-civ-spouse,Tech-support,Husband,White,Male,United-States,<=50K,166606,0,0,40
3461,50,State-gov,HS-grad,9,Married-civ-spouse,Other-service,Wife,White,Female,United-States,<=50K.,196900,0,0,39
3462,33,Private,Bachelors,13,Married-civ-spouse,Craft-repair,Husband,White,Male,United-States,<=50K.,318982,0,0,38
3463,58,Private,HS-grad,9,Married-civ-spouse,Exec-managerial,Husband,White,Male,United-States,>50K,349910,7688,0,40
3464,45,Private,Masters,14,Divorced,Adm-clerical,Unmarried,White,Female,United-States,<=50K.,135525,0,0,40
3465,35,Private,HS-grad,9,Married-civ-spouse,Exec-managerial,Husband,White,Male,United-States,<=50K,31269,0,0,40
3466,39,Private,Assoc-acdm,12,Married-civ-spouse,Machine-op-inspct,Husband,White,Male,United-States,<=50K,35890,0,0,40
3467,44,Private,Bachelors,13,Separated,Exec-managerial,Not-in-family,White,Male,United-States,<=50K.,192014,0,0,38
3468,63,,Bachelors,13,Married-civ-spouse,,Husband,White,Male,United-States,<=50K,146196,0,0,40
3469,19,,HS-grad,9,Never-married,,Own-child,Black,Male,United-States,<=50K,252752,0,0,35
3470,44,Private,Some-college,10,Married-civ-spouse,Prof-specialty,Husband,White,Male,United-States,>50K,191814,0,0,45
3471,30,Private,HS-grad,9,Married-civ-spouse,Machine-op-inspct,Husband,White,Male,United-States,<=50K,158688,0,0,40
3472,65,Private,Some-college,10,Married-civ-spouse,Exec-managerial,Wife,White,Female,United-States,<=50K,93318,0,0,45
3473,56,Federal-gov,Bachelors,13,Married-civ-spouse,Adm-clerical,Husband,White,Male,United-States,>50K,141877,0,0,40
3474,43,Private,HS-grad,9,Married-civ-spouse,Craft-repair,Husband,White,Male,United-States,<=50K,238530,0,0,40
3475,39,Private,Bachelors,13,Widowed,Prof-specialty,Unmarried,White,Female,Poland,>50K,225330,0,0,50
3476,19,Private,Some-college,10,Never-married,Farming-fishing,Own-child,White,Male,United-States,<=50K,38619,0,0,66
3477,26,Private,Some-college,10,Married-civ-spouse,Handlers-cleaners,Husband,White,Male,United-States,<=50K.,209384,0,0,40
3478,47,Self-emp-not-inc,Bachelors,13,Never-married,Exec-managerial,Not-in-family,Black,Male,United-States,>50K,112200,10520,0,45
3479,42,Local-gov,9th,5,Married-civ-spouse,Other-service,Husband,White,Male,United-States,<=50K,175674,0,0,40
3480,42,Self-emp-inc,Prof-school,15,Married-civ-spouse,Prof-specialty,Husband,White,Male,Cuba,>50K,152071,0,0,60
3481,34,Private,HS-grad,9,Married-civ-spouse,Transport-moving,Husband,White,Male,United-States,<=50K.,136331,0,0,60
3482,17,Private,10th,6,Never-married,Other-service,Own-child,White,Male,United-States,<=50K.,165457,0,0,16
3483,30,Private,Some-college,10,Never-married,Craft-repair,Own-child,White,Female,United-States,<=50K.,162442,0,0,40
3484,48,State-gov,Assoc-voc,11,Married-civ-spouse,Exec-managerial,Husband,White,Male,Germany,>50K.,355320,0,0,15
3485,54,Private,10th,6,Married-civ-spouse,Machine-op-inspct,Husband,White,Male,United-States,<=50K,146834,0,0,60
3486,24,Private,Some-college,10,Married-civ-spouse,Adm-clerical,Wife,White,Female,United-States,<=50K.,135267,0,0,40
3487,22,Private,Bachelors,13,Never-married,Prof-specialty,Not-in-family,White,Female,United-States,>50K,195532,8614,0,40
3488,32,Private,HS-grad,9,Married-civ-spouse,Craft-repair,Husband,White,Male,United-States,>50K,256362,0,0,40
3489,40,Private,Assoc-acdm,12,Married-civ-spouse,Sales,Husband,White,Male,United-States,>50K,205195,0,0,60
3490,52,Private,Assoc-voc,11,Divorced,Other-service,Not-in-family,White,Male,United-States,<=50K,84451,0,0,32
3491,40,State-gov,Some-college,10,Never-married,Adm-clerical,Not-in-family,White,Female,United-States,<=50K,170525,0,0,38
3492,21,Private,Some-college,10,Never-married,Adm-clerical,Own-child,White,Female,United-States,<=50K.,122048,0,0,29
3493,38,Federal-gov,HS-grad,9,Married-civ-spouse,Adm-clerical,Husband,White,Male,United-States,>50K,95432,0,0,40
3494,45,Private,11th,7,Divorced,Adm-clerical,Unmarried,White,Female,United-States,<=50K,97176,0,0,16
3495,46,Local-gov,Bachelors,13,Married-civ-spouse,Exec-managerial,Husband,Black,Male,United-States,>50K,316205,0,0,40
3496,28,Private,Some-college,10,Married-civ-spouse,Exec-managerial,Husband,White,Male,United-States,<=50K,184831,0,0,40
3497,63,Private,10th,6,Widowed,Other-service,Not-in-family,White,Female,United-States,<=50K,37792,0,0,31
3498,46,Private,Masters,14,Married-civ-spouse,Exec-managerial,Husband,Black,Male,United-States,>50K.,235334,99999,0,60
3499,47,Private,7th-8th,4,Separated,Craft-repair,Unmarried,White,Male,Puerto-Rico,<=50K.,234994,0,0,40
3500,25,,Bachelors,13,Married-spouse-absent,,Not-in-family,White,Female,United-States,<=50K.,40915,0,0,15
3501,24,Private,Assoc-acdm,12,Never-married,Machine-op-inspct,Own-child,White,Male,United-States,<=50K,321666,0,0,20
3502,40,Private,Assoc-acdm,12,Divorced,Prof-specialty,Not-in-family,White,Female,United-States,<=50K,245529,0,0,40
3503,39,Private,Bachelors,13,Married-civ-spouse,Prof-specialty,Wife,White,Female,United-States,>50K.,127573,0,0,30
3504,42,Private,Some-college,10,Married-civ-spouse,Prof-specialty,Wife,White,Female,,<=50K.,46743,0,0,25
3505,42,,HS-grad,9,Married-civ-spouse,,Husband,White,Male,Dominican-Republic,<=50K,195124,0,0,60
3506,43,Private,HS-grad,9,Married-civ-spouse,Craft-repair,Husband,White,Male,United-States,<=50K,200835,0,0,40
3507,49,Local-gov,HS-grad,9,Married-civ-spouse,Machine-op-inspct,Husband,Black,Male,United-States,>50K,226871,0,0,40
3508,35,Self-emp-not-inc,HS-grad,9,Divorced,Sales,Not-in-family,White,Male,United-States,>50K,115618,0,0,50
3509,47,Private,HS-grad,9,Separated,Prof-specialty,Other-relative,Other,Female,Puerto-Rico,<=50K,151087,0,0,40
3510,23,Private,11th,7,Married-civ-spouse,Handlers-cleaners,Husband,White,Male,Mexico,<=50K,248978,0,0,40
3511,41,Private,12th,8,Divorced,Machine-op-inspct,Not-in-family,Black,Female,United-States,<=50K,407425,0,0,40
3512,17,Private,11th,7,Never-married,Other-service,Other-relative,White,Female,United-States,<=50K,160029,0,0,22
3513,37,Private,Some-college,10,Widowed,Other-service,Not-in-family,White,Female,,<=50K,196529,2354,0,40
3514,36,Private,HS-grad,9,Never-married,Other-service,Not-in-family,White,Male,United-States,<=50K,129591,0,0,40
3515,27,Private,Some-college,10,Never-married,Exec-managerial,Not-in-family,White,Female,United-States,<=50K.,84433,0,0,50
3516,31,Private,HS-grad,9,Divorced,Adm-clerical,Not-in-family,White,Female,Germany,<=50K,200192,0,0,40
3517,25,Private,Bachelors,13,Never-married,Craft-repair,Not-in-family,White,Male,Mexico,<=50K,308144,0,0,40
3518,57,Self-emp-not-inc,7th-8th,4,Married-civ-spouse,Craft-repair,Husband,White,Male,United-States,>50K,34297,0,0,40
3519,61,Self-emp-not-inc,Prof-school,15,Married-civ-spouse,Prof-specialty,Husband,White,Male,United-States,>50K,163174,0,0,35
3520,26,Private,Bachelors,13,Never-married,Sales,Own-child,White,Male,United-States,<=50K.,206721,0,0,50
3521,34,Private,Bachelors,13,Never-married,Machine-op-inspct,Not-in-family,White,Female,United-States,<=50K,434463,0,0,39
3522,27,Private,HS-grad,9,Married-civ-spouse,Exec-managerial,Husband,White,Male,United-States,>50K.,138269,0,0,45
3523,27,Private,Bachelors,13,Married-civ-spouse,Sales,Husband,White,Male,United-States,<=50K,394927,0,0,55
3524,63,Self-emp-not-inc,HS-grad,9,Widowed,Farming-fishing,Unmarried,White,Male,United-States,<=50K.,74991,0,0,60
3525,25,Private,Some-college,10,Never-married,Tech-support,Not-in-family,White,Male,United-States,<=50K.,284061,0,0,45
3526,19,,Some-college,10,Never-married,,Own-child,White,Male,United-States,<=50K,318264,0,0,30
3527,29,Private,HS-grad,9,Divorced,Sales,Not-in-family,White,Female,United-States,<=50K,104256,0,0,34
3528,25,Private,HS-grad,9,Never-married,Sales,Not-in-family,White,Male,United-States,<=50K,272428,4416,0,42
3529,57,Private,Some-college,10,Married-civ-spouse,Exec-managerial,Husband,White,Male,United-States,>50K,175942,0,0,50
3530,40,Private,7th-8th,4,Married-civ-spouse,Other-service,Husband,Asian-Pac-Islander,Male,Cambodia,<=50K,173858,0,0,42
3531,43,State-gov,Some-college,10,Divorced,Adm-clerical,Other-relative,White,Female,United-States,<=50K,255835,0,0,40
3532,48,Private,HS-grad,9,Married-civ-spouse,Machine-op-inspct,Husband,White,Male,United-States,>50K.,279724,3103,0,48
3533,60,Private,HS-grad,9,Married-civ-spouse,Protective-serv,Husband,White,Male,United-States,<=50K,127084,0,2042,34
3534,36,Private,HS-grad,9,Divorced,Exec-managerial,Unmarried,White,Female,United-States,<=50K,254202,0,0,50
3535,23,Private,Some-college,10,Never-married,Other-service,Own-child,White,Female,United-States,<=50K,189924,0,0,40
3536,23,State-gov,Some-college,10,Never-married,Adm-clerical,Not-in-family,White,Male,United-States,<=50K,215443,0,0,15
3537,36,Federal-gov,Assoc-voc,11,Married-civ-spouse,Prof-specialty,Wife,White,Female,United-States,>50K.,116580,0,0,45
3538,32,Private,11th,7,Married-civ-spouse,Craft-repair,Husband,White,Male,United-States,<=50K,140092,0,0,40
3539,22,Private,Assoc-voc,11,Never-married,Adm-clerical,Own-child,White,Female,United-States,<=50K,231912,0,0,37
3540,41,Private,Some-college,10,Married-civ-spouse,Adm-clerical,Wife,White,Female,United-States,>50K,372682,0,0,40
3541,57,Private,HS-grad,9,Married-civ-spouse,Transport-moving,Husband,White,Male,United-States,>50K.,104724,0,0,40
3542,22,Private,Some-college,10,Never-married,Other-service,Own-child,White,Female,United-States,<=50K,194031,0,0,15
3543,19,Private,Some-college,10,Never-married,Other-service,Own-child,White,Female,United-States,<=50K,201743,0,0,15
3544,26,Private,10th,6,Divorced,Other-service,Unmarried,White,Female,Germany,<=50K.,190873,0,0,40
3545,35,Local-gov,HS-grad,9,Married-civ-spouse,Other-service,Husband,White,Male,United-States,<=50K,102938,0,0,40
3546,36,Private,Some-college,10,Separated,Exec-managerial,Not-in-family,White,Male,United-States,>50K,111128,0,0,60
3547,22,Private,HS-grad,9,Never-married,Machine-op-inspct,Not-in-family,White,Female,United-States,<=50K,333158,0,0,48
3548,19,Private,Some-college,10,Never-married,Exec-managerial,Own-child,White,Male,United-States,<=50K,86860,0,0,15
3549,28,Private,HS-grad,9,Married-civ-spouse,Tech-support,Husband,White,Male,United-States,<=50K,109165,0,0,40
3550,60,Private,5th-6th,3,Separated,Handlers-cleaners,Not-in-family,Black,Male,United-States,<=50K.,137490,0,0,40
3551,43,Private,HS-grad,9,Married-civ-spouse,Craft-repair,Husband,White,Male,United-States,>50K,120277,0,0,40
3552,29,Private,HS-grad,9,Married-AF-spouse,Transport-moving,Husband,White,Male,United-States,<=50K,95423,0,0,80
3553,40,Private,Some-college,10,Separated,Other-service,Not-in-family,White,Female,United-States,<=50K,331651,0,0,40
3554,44,Private,9th,5,Married-civ-spouse,Machine-op-inspct,Husband,Black,Male,United-States,<=50K,118536,0,0,40
3555,50,Self-emp-inc,Bachelors,13,Married-civ-spouse,Exec-managerial,Husband,Asian-Pac-Islander,Male,Japan,>50K,302708,7688,0,50
3556,58,Private,Bachelors,13,Married-civ-spouse,Exec-managerial,Husband,White,Male,United-States,>50K,265086,0,0,50
3557,39,Private,HS-grad,9,Divorced,Other-service,Unmarried,White,Female,United-States,<=50K.,60070,0,0,24
3558,24,Private,HS-grad,9,Divorced,Exec-managerial,Not-in-family,Amer-Indian-Eskimo,Female,United-States,<=50K,336088,0,0,50
3559,25,Private,Bachelors,13,Never-married,Prof-specialty,Not-in-family,White,Male,United-States,<=50K,40512,3674,0,30
3560,49,Private,HS-grad,9,Divorced,Transport-moving,Not-in-family,White,Male,United-States,<=50K,53893,0,0,40
3561,31,Private,Some-college,10,Married-civ-spouse,Exec-managerial,Husband,White,Male,United-States,>50K.,156493,0,0,40
3562,42,Private,Some-college,10,Never-married,Transport-moving,Not-in-family,Black,Male,United-States,<=50K.,211940,0,0,40
3563,23,Private,Some-college,10,Never-married,Sales,Not-in-family,White,Male,United-States,<=50K,257509,0,0,25
3564,35,Private,Some-college,10,Married-civ-spouse,Sales,Husband,White,Male,United-States,>50K.,53553,7298,0,48
3565,28,Private,Some-college,10,Divorced,Other-service,Not-in-family,White,Female,United-States,<=50K,47783,0,0,30
3566,62,Private,12th,8,Married-civ-spouse,Farming-fishing,Husband,White,Male,Germany,<=50K,197286,0,0,48
3567,56,Private,HS-grad,9,Married-civ-spouse,Other-service,Husband,White,Male,Yugoslavia,<=50K,169133,0,0,50
3568,61,Private,Prof-school,15,Married-civ-spouse,Transport-moving,Husband,White,Male,United-States,>50K,120939,0,0,5
3569,57,Private,Some-college,10,Divorced,Sales,Not-in-family,White,Female,United-States,<=50K,109015,0,0,48
3570,46,State-gov,Some-college,10,Divorced,Protective-serv,Unmarried,Amer-Indian-Eskimo,Female,United-States,<=50K,363875,0,0,40
3571,51,Federal-gov,HS-grad,9,Never-married,Other-service,Not-in-family,White,Male,United-States,<=50K.,321494,0,0,40
3572,34,Local-gov,Assoc-acdm,12,Married-civ-spouse,Prof-specialty,Husband,White,Male,United-States,<=50K,229531,0,0,60
3573,53,Private,9th,5,Married-civ-spouse,Handlers-cleaners,Husband,White,Male,United-States,>50K.,162951,0,0,41
3574,27,Local-gov,HS-grad,9,Never-married,Other-service,Own-child,White,Male,United-States,<=50K.,191202,0,0,45
3575,48,,Some-college,10,Never-married,,Not-in-family,White,Male,United-States,<=50K.,289517,0,0,35
3576,58,Private,1st-4th,2,Married-civ-spouse,Other-service,Husband,White,Male,Cuba,<=50K,209423,0,0,38
3577,28,Private,Some-college,10,Never-married,Protective-serv,Own-child,White,Male,Honduras,<=50K,411587,0,0,40
3578,23,Private,HS-grad,9,Never-married,Craft-repair,Unmarried,White,Male,United-States,<=50K.,113511,0,0,40
3579,22,Private,HS-grad,9,Never-married,Sales,Unmarried,White,Female,United-States,<=50K,374116,0,0,35
3580,29,Private,Some-college,10,Divorced,Adm-clerical,Not-in-family,White,Male,United-States,<=50K.,37599,0,0,36
3581,49,Private,HS-grad,9,Married-civ-spouse,Craft-repair,Wife,White,Female,United-States,>50K,125421,0,0,40
3582,36,Self-emp-not-inc,HS-grad,9,Married-civ-spouse,Transport-moving,Husband,White,Male,United-States,>50K.,166213,0,0,40
3583,51,Self-emp-not-inc,HS-grad,9,Married-civ-spouse,Farming-fishing,Husband,White,Male,United-States,<=50K,107096,0,0,50
3584,54,Private,HS-grad,9,Married-civ-spouse,Craft-repair,Husband,White,Male,United-States,<=50K,230919,0,0,40
3585,17,Private,7th-8th,4,Never-married,Other-service,Own-child,White,Male,Mexico,<=50K.,310885,0,0,36
3586,30,Private,Assoc-acdm,12,Married-civ-spouse,Sales,Husband,White,Male,United-States,<=50K,36069,0,0,40
3587,26,Private,Prof-school,15,Married-civ-spouse,Prof-specialty,Husband,White,Male,United-States,>50K,291968,0,1977,40
3588,50,Private,5th-6th,3,Married-civ-spouse,Handlers-cleaners,Husband,White,Male,,<=50K,128378,0,0,55
3589,56,Private,Some-college,10,Married-civ-spouse,Exec-managerial,Wife,White,Female,United-States,<=50K.,147653,0,0,50
3590,24,Private,Assoc-voc,11,Married-civ-spouse,Craft-repair,Wife,White,Female,United-States,<=50K.,44493,0,0,40
3591,26,Private,HS-grad,9,Never-married,Adm-clerical,Not-in-family,White,Female,United-States,<=50K,269060,0,0,40
3592,35,Private,Bachelors,13,Never-married,Adm-clerical,Own-child,Black,Female,United-States,<=50K.,249456,0,0,40
3593,24,Private,Assoc-voc,11,Never-married,Machine-op-inspct,Own-child,White,Male,United-States,<=50K,216181,0,0,40
3594,26,Private,12th,8,Never-married,Farming-fishing,Other-relative,White,Male,Puerto-Rico,<=50K.,198289,0,0,40
3595,33,Private,Some-college,10,Divorced,Other-service,Unmarried,White,Female,United-States,<=50K,171876,0,0,40
3596,51,Federal-gov,HS-grad,9,Married-civ-spouse,Adm-clerical,Husband,White,Male,United-States,<=50K,160703,0,0,40
3597,28,Private,Some-college,10,Never-married,Adm-clerical,Own-child,Black,Female,Jamaica,<=50K,308995,0,0,40
3598,27,Private,HS-grad,9,Divorced,Craft-repair,Unmarried,White,Female,United-States,<=50K.,199998,0,0,32
3599,34,Private,Bachelors,13,Never-married,Sales,Unmarried,Black,Male,,<=50K,263307,0,0,45
3600,25,Private,HS-grad,9,Never-married,Craft-repair,Not-in-family,White,Female,United-States,<=50K,234057,0,0,40
3601,44,Private,Doctorate,16,Never-married,Prof-specialty,Not-in-family,White,Male,United-States,<=50K,33155,0,0,45
3602,47,Federal-gov,Bachelors,13,Married-civ-spouse,Craft-repair,Husband,White,Male,United-States,<=50K,20956,0,1740,40
3603,33,Private,Some-college,10,Married-civ-spouse,Machine-op-inspct,Husband,White,Male,United-States,<=50K,323811,0,0,55
3604,30,Private,Some-college,10,Never-married,Craft-repair,Not-in-family,White,Male,United-States,<=50K,333119,0,0,40
3605,24,Private,Some-college,10,Never-married,Adm-clerical,Own-child,Black,Female,United-States,<=50K,187551,0,0,20
3606,32,Local-gov,Bachelors,13,Married-civ-spouse,Prof-specialty,Husband,White,Male,United-States,<=50K.,130242,0,0,45
3607,29,Private,HS-grad,9,Never-married,Other-service,Unmarried,White,Female,United-States,<=50K,174419,0,0,30
3608,49,Private,HS-grad,9,Married-civ-spouse,Sales,Husband,White,Male,United-States,>50K,246183,0,0,40
3609,25,Private,Some-college,10,Never-married,Craft-repair,Other-relative,White,Male,United-States,<=50K.,116915,0,0,40
3610,61,Private,Some-college,10,Married-civ-spouse,Exec-managerial,Husband,White,Male,United-States,>50K,539563,0,0,45
3611,44,Private,Assoc-acdm,12,Separated,Adm-clerical,Not-in-family,White,Male,United-States,<=50K.,187376,0,0,35
3612,34,Private,HS-grad,9,Married-civ-spouse,Machine-op-inspct,Husband,White,Male,United-States,>50K,160449,0,0,44
3613,46,Private,Assoc-acdm,12,Married-civ-spouse,Exec-managerial,Husband,White,Male,United-States,>50K.,266860,0,0,60
3614,32,Federal-gov,Prof-school,15,Married-civ-spouse,Prof-specialty,Husband,White,Male,United-States,>50K,111567,0,0,40
3615,57,Private,Bachelors,13,Married-civ-spouse,Sales,Husband,White,Male,United-States,>50K,206206,0,0,40
3616,20,Private,HS-grad,9,Never-married,Machine-op-inspct,Own-child,White,Male,United-States,<=50K.,155066,0,0,60
3617,38,Private,Doctorate,16,Married-civ-spouse,Prof-specialty,Husband,Asian-Pac-Islander,Male,China,>50K.,216319,0,0,40
3618,27,Private,Some-college,10,Never-married,Adm-clerical,Other-relative,Asian-Pac-Islander,Male,India,<=50K,341672,0,0,40
3619,39,Private,HS-grad,9,Widowed,Machine-op-inspct,Unmarried,Black,Female,United-States,<=50K,324231,0,0,40
3620,27,Private,HS-grad,9,Divorced,Adm-clerical,Not-in-family,White,Male,United-States,<=50K,103634,0,0,38
3621,34,Private,Assoc-acdm,12,Never-married,Adm-clerical,Not-in-family,Asian-Pac-Islander,Female,United-States,>50K,96483,8614,0,60
3622,28,Private,Bachelors,13,Divorced,Exec-managerial,Not-in-family,White,Female,United-States,<=50K.,157262,0,0,40
3623,20,Private,Some-college,10,Never-married,Handlers-cleaners,Own-child,White,Male,United-States,<=50K,236769,0,0,40
3624,22,Private,Some-college,10,Never-married,Other-service,Not-in-family,White,Male,United-States,<=50K,205839,0,0,45
3625,40,Private,Masters,14,Divorced,Prof-specialty,Not-in-family,White,Male,United-States,<=50K,167265,0,0,43
3626,34,Private,Bachelors,13,Married-civ-spouse,Sales,Wife,White,Female,United-States,>50K,101345,0,0,40
3627,31,Private,Bachelors,13,Married-civ-spouse,Exec-managerial,Husband,White,Male,United-States,>50K.,174201,0,0,40
3628,45,Private,Some-college,10,Married-civ-spouse,Machine-op-inspct,Husband,White,Male,United-States,>50K,88500,0,0,44
3629,24,Private,Bachelors,13,Never-married,Adm-clerical,Not-in-family,White,Male,United-States,<=50K,268525,0,0,32
3630,66,,Assoc-acdm,12,Widowed,,Unmarried,White,Female,United-States,<=50K.,231315,0,0,3
3631,29,Private,Some-college,10,Married-civ-spouse,Exec-managerial,Husband,White,Male,United-States,<=50K,50295,0,0,48
3632,26,Private,11th,7,Married-civ-spouse,Craft-repair,Husband,White,Male,United-States,<=50K,378322,0,0,40
3633,18,Private,11th,7,Never-married,Other-service,Not-in-family,White,Female,United-States,<=50K.,41506,0,0,30
3634,50,Private,HS-grad,9,Widowed,Sales,Unmarried,White,Female,United-States,<=50K,183638,0,0,40
3635,47,Private,Assoc-voc,11,Married-civ-spouse,Transport-moving,Husband,White,Male,United-States,<=50K.,114882,0,0,40
3636,33,Self-emp-not-inc,Bachelors,13,Married-civ-spouse,Prof-specialty,Husband,Black,Male,United-States,>50K,295621,0,0,25
3637,52,Local-gov,HS-grad,9,Married-civ-spouse,Craft-repair,Husband,White,Male,United-States,<=50K.,71489,0,1579,40
3638,33,Private,Assoc-acdm,12,Married-civ-spouse,Prof-specialty,Husband,White,Male,United-States,<=50K,96245,0,0,50
3639,20,,Some-college,10,Never-married,,Own-child,White,Male,United-States,<=50K,201680,0,0,35
3640,35,,11th,7,Married-civ-spouse,,Husband,White,Male,United-States,<=50K.,186489,0,2603,40
3641,24,Private,Bachelors,13,Never-married,Prof-specialty,Own-child,White,Female,United-States,<=50K,51973,0,0,20
3642,56,Private,7th-8th,4,Married-civ-spouse,Other-service,Husband,Black,Male,United-States,<=50K,104945,0,0,40
3643,20,Private,Some-college,10,Never-married,Sales,Not-in-family,White,Male,United-States,<=50K,637080,0,0,25
3644,36,Private,10th,6,Separated,Handlers-cleaners,Unmarried,White,Female,United-States,<=50K.,269784,0,0,40
3645,19,Private,HS-grad,9,Never-married,Handlers-cleaners,Not-in-family,Black,Male,United-States,<=50K.,158603,0,0,37
3646,32,Self-emp-inc,Bachelors,13,Married-civ-spouse,Sales,Husband,White,Male,United-States,<=50K,195447,0,0,45
3647,27,Private,HS-grad,9,Never-married,Other-service,Own-child,Asian-Pac-Islander,Male,United-States,<=50K,107218,0,0,40
3648,36,Private,HS-grad,9,Divorced,Craft-repair,Not-in-family,White,Male,United-States,<=50K,73023,0,0,55
3649,40,Private,Bachelors,13,Married-civ-spouse,Adm-clerical,Husband,White,Male,United-States,>50K,223277,0,0,50
3650,45,Private,Bachelors,13,Married-civ-spouse,Prof-specialty,Husband,White,Male,Italy,<=50K.,40666,0,0,40
3651,27,Without-pay,HS-grad,9,Never-married,Farming-fishing,Own-child,White,Female,United-States,<=50K.,35034,0,0,40
3652,24,Private,Assoc-voc,11,Never-married,Machine-op-inspct,Own-child,White,Male,United-States,<=50K.,266467,0,0,40
3653,24,Private,Some-college,10,Never-married,Adm-clerical,Not-in-family,White,Female,Japan,<=50K.,375698,0,0,40
3654,36,Private,HS-grad,9,Never-married,Other-service,Unmarried,White,Female,United-States,<=50K,185607,0,0,30
3655,70,Self-emp-inc,Bachelors,13,Married-civ-spouse,Sales,Husband,White,Male,United-States,<=50K.,217801,0,0,15
3656,24,Self-emp-not-inc,HS-grad,9,Never-married,Craft-repair,Not-in-family,White,Male,United-States,<=50K.,240160,0,0,35
3657,23,Private,HS-grad,9,Never-married,Other-service,Not-in-family,White,Female,United-States,<=50K,396099,0,0,25
3658,46,Self-emp-not-inc,Masters,14,Married-civ-spouse,Craft-repair,Husband,White,Male,United-States,>50K,148599,0,0,50
3659,22,Private,Assoc-voc,11,Never-married,Handlers-cleaners,Not-in-family,White,Male,United-States,<=50K.,228724,0,0,40
3660,18,Private,11th,7,Never-married,Other-service,Own-child,White,Male,United-States,<=50K.,115815,0,0,20
3661,60,Private,HS-grad,9,Married-civ-spouse,Craft-repair,Husband,White,Male,United-States,<=50K,199378,0,0,40
3662,38,State-gov,Masters,14,Married-civ-spouse,Exec-managerial,Husband,White,Male,United-States,>50K,134069,7298,0,60
3663,58,Private,Bachelors,13,Divorced,Craft-repair,Own-child,White,Female,United-States,<=50K,201344,0,0,20
3664,30,Local-gov,Some-college,10,Never-married,Protective-serv,Not-in-family,White,Female,United-States,<=50K.,287737,3325,0,40
3665,44,Private,Assoc-voc,11,Married-civ-spouse,Craft-repair,Husband,White,Male,United-States,<=50K,193459,3411,0,40
3666,49,Private,HS-grad,9,Married-civ-spouse,Transport-moving,Husband,White,Male,United-States,>50K,144844,0,0,52
3667,18,Private,Some-college,10,Never-married,Other-service,Own-child,White,Female,United-States,<=50K,118376,0,0,15
3668,32,Private,Bachelors,13,Married-civ-spouse,Craft-repair,Wife,White,Female,United-States,>50K.,32326,0,0,40
3669,50,Private,Some-college,10,Married-civ-spouse,Adm-clerical,Other-relative,White,Female,United-States,>50K,23686,0,0,35
3670,33,Private,7th-8th,4,Married-civ-spouse,Handlers-cleaners,Husband,White,Male,Mexico,<=50K,280923,0,0,40
3671,41,Private,Bachelors,13,Married-civ-spouse,Exec-managerial,Husband,White,Male,,>50K,182567,0,0,40
3672,19,Private,Some-college,10,Never-married,Exec-managerial,Own-child,White,Female,United-States,<=50K,208506,0,0,28
3673,32,Private,Masters,14,Married-civ-spouse,Prof-specialty,Husband,White,Male,,>50K.,340917,0,1848,60
3674,20,Private,Some-college,10,Never-married,Handlers-cleaners,Own-child,White,Male,United-States,<=50K.,117476,0,0,40
3675,50,Federal-gov,Bachelors,13,Married-civ-spouse,Exec-managerial,Wife,Amer-Indian-Eskimo,Female,United-States,>50K,32801,0,0,40
3676,44,Self-emp-inc,Some-college,10,Married-civ-spouse,Exec-managerial,Husband,White,Male,United-States,>50K,95150,0,0,50
3677,20,Private,Some-college,10,Never-married,Transport-moving,Own-child,White,Female,United-States,<=50K,163665,0,0,17
3678,48,Private,HS-grad,9,Married-civ-spouse,Machine-op-inspct,Husband,White,Male,United-States,>50K,141944,4386,0,40
3679,63,Self-emp-not-inc,HS-grad,9,Married-civ-spouse,Craft-repair,Husband,White,Male,United-States,<=50K,179400,2290,0,20
3680,40,Private,HS-grad,9,Married-civ-spouse,Exec-managerial,Husband,White,Male,United-States,>50K,219266,7688,0,50
3681,58,Private,HS-grad,9,Divorced,Sales,Other-relative,White,Female,United-States,<=50K,205896,0,0,40
3682,34,Self-emp-not-inc,Assoc-voc,11,Never-married,Other-service,Not-in-family,White,Male,United-States,<=50K.,143078,0,0,40
3683,23,Private,Bachelors,13,Never-married,Other-service,Not-in-family,White,Female,United-States,<=50K.,33644,0,0,50
3684,71,Local-gov,Masters,14,Widowed,Prof-specialty,Not-in-family,White,Female,United-States,<=50K,337064,0,0,40
3685,58,Self-emp-not-inc,Some-college,10,Divorced,Prof-specialty,Not-in-family,White,Female,United-States,<=50K,261230,0,0,40
3686,44,Private,HS-grad,9,Never-married,Other-service,Unmarried,White,Male,United-States,<=50K,153489,0,0,40
3687,65,Self-emp-not-inc,Prof-school,15,Divorced,Prof-specialty,Not-in-family,White,Male,United-States,<=50K,316093,0,1668,40
3688,45,Local-gov,Masters,14,Never-married,Prof-specialty,Not-in-family,White,Female,United-States,<=50K,33798,0,0,40
3689,25,Private,Bachelors,13,Never-married,Sales,Own-child,White,Female,United-States,<=50K.,90752,0,0,30
3690,65,,Some-college,10,Married-civ-spouse,,Husband,White,Male,United-States,<=50K,52728,0,0,40
3691,50,Private,HS-grad,9,Married-civ-spouse,Exec-managerial,Husband,White,Male,United-States,>50K,196232,7688,0,50
3692,19,Private,HS-grad,9,Never-married,Handlers-cleaners,Own-child,White,Male,United-States,<=50K,574271,0,0,28
3693,34,Private,Some-college,10,Married-civ-spouse,Machine-op-inspct,Husband,Black,Male,United-States,<=50K,191930,0,0,40
3694,19,Private,HS-grad,9,Never-married,Other-service,Own-child,White,Female,United-States,<=50K,177839,0,0,15
3695,31,Private,Some-college,10,Divorced,Machine-op-inspct,Unmarried,White,Female,United-States,>50K.,201156,0,0,55
3696,27,,9th,5,Never-married,,Own-child,White,Female,United-States,<=50K,162104,0,0,40
3697,40,Private,Bachelors,13,Divorced,Exec-managerial,Not-in-family,White,Female,United-States,>50K,216237,0,0,45
3698,23,Private,Some-college,10,Never-married,Sales,Not-in-family,White,Male,United-States,<=50K,208598,0,0,45
3699,31,State-gov,Doctorate,16,Married-civ-spouse,Exec-managerial,Husband,White,Male,United-States,>50K,75755,7298,0,55
3700,35,Local-gov,Masters,14,Never-married,Prof-specialty,Own-child,Black,Female,United-States,<=50K,230754,0,0,40
3701,19,,9th,5,Never-married,,Other-relative,White,Female,United-States,<=50K.,505168,0,0,40
3702,19,Private,Some-college,10,Never-married,Handlers-cleaners,Own-child,White,Male,United-States,<=50K,183532,0,0,25
3703,22,Private,HS-grad,9,Never-married,Craft-repair,Not-in-family,White,Male,United-States,<=50K.,124971,0,0,45
3704,58,Self-emp-not-inc,Doctorate,16,Married-civ-spouse,Prof-specialty,Husband,White,Male,United-States,>50K.,159021,0,0,16
3705,29,Private,HS-grad,9,Divorced,Machine-op-inspct,Unmarried,White,Female,United-States,<=50K,168015,0,0,40
3706,46,Federal-gov,Bachelors,13,Married-civ-spouse,Exec-managerial,Husband,White,Male,United-States,>50K,20956,15024,0,40
3707,33,Private,Some-college,10,Never-married,Sales,Not-in-family,Black,Male,United-States,<=50K,62155,0,0,35
3708,46,State-gov,Some-college,10,Married-civ-spouse,Exec-managerial,Husband,White,Male,United-States,>50K,30219,7688,0,38
3709,54,Private,HS-grad,9,Married-civ-spouse,Exec-managerial,Husband,White,Male,United-States,>50K.,159755,7688,0,40
3710,59,Private,HS-grad,9,Married-civ-spouse,Craft-repair,Husband,White,Male,United-States,<=50K,50223,0,0,40
3711,24,Private,10th,6,Married-civ-spouse,Machine-op-inspct,Wife,White,Female,United-States,<=50K,227070,0,0,40
3712,27,Private,Some-college,10,Divorced,Other-service,Unmarried,Black,Female,United-States,<=50K.,194515,0,0,37
3713,19,Private,Some-college,10,Never-married,Tech-support,Own-child,White,Male,United-States,<=50K.,218956,0,0,20
3714,40,Private,5th-6th,3,Married-civ-spouse,Other-service,Husband,Other,Male,Mexico,<=50K,145439,4064,0,40
3715,34,Private,Assoc-acdm,12,Divorced,Sales,Not-in-family,White,Male,United-States,>50K,208785,0,0,50
3716,48,Self-emp-not-inc,Bachelors,13,Never-married,Prof-specialty,Not-in-family,White,Male,United-States,>50K.,199058,0,0,35
3717,62,Private,HS-grad,9,Married-civ-spouse,Sales,Husband,Asian-Pac-Islander,Male,Philippines,<=50K,77884,0,0,40
3718,46,Private,Some-college,10,Married-civ-spouse,Tech-support,Husband,White,Male,United-States,>50K,220269,0,0,40
3719,19,Private,Some-college,10,Never-married,Adm-clerical,Own-child,White,Female,Puerto-Rico,<=50K,351040,0,0,40
3720,36,Private,Some-college,10,Married-civ-spouse,Transport-moving,Husband,White,Male,United-States,<=50K,66304,0,0,45
3721,44,Private,Some-college,10,Divorced,Adm-clerical,Not-in-family,White,Female,Germany,<=50K,168515,0,0,40
3722,19,Private,HS-grad,9,Never-married,Farming-fishing,Not-in-family,White,Male,United-States,<=50K,97261,0,0,40
3723,47,Private,Some-college,10,Divorced,Exec-managerial,Unmarried,White,Female,Germany,<=50K,166634,0,0,40
3724,22,Local-gov,HS-grad,9,Never-married,Other-service,Own-child,White,Female,United-States,<=50K,163205,0,0,53
3725,32,Private,Assoc-voc,11,Married-civ-spouse,Craft-repair,Husband,White,Male,United-States,<=50K,73585,0,0,40
3726,41,Private,Bachelors,13,Married-civ-spouse,Prof-specialty,Husband,White,Male,United-States,>50K.,304175,0,0,55
3727,62,Private,7th-8th,4,Married-civ-spouse,Prof-specialty,Husband,White,Male,United-States,<=50K,223975,0,0,20
3728,39,Federal-gov,Masters,14,Married-civ-spouse,Other-service,Husband,Black,Male,Trinadad&Tobago,<=50K.,263690,3137,0,40
3729,34,Private,HS-grad,9,Married-civ-spouse,Sales,Husband,White,Male,United-States,<=50K,473133,0,0,60
3730,35,Private,HS-grad,9,Divorced,Transport-moving,Not-in-family,White,Male,United-States,<=50K,231180,0,0,60
3731,63,Private,7th-8th,4,Married-spouse-absent,Other-service,Unmarried,Amer-Indian-Eskimo,Female,United-States,<=50K,30602,0,0,40
3732,26,,HS-grad,9,Never-married,,Unmarried,Black,Female,United-States,<=50K,188343,0,0,40
3733,17,Private,9th,5,Never-married,Other-service,Not-in-family,White,Male,United-States,<=50K.,187879,0,0,50
3734,22,,11th,7,Married-civ-spouse,,Wife,White,Female,United-States,<=50K.,144210,0,0,20
3735,58,Private,Assoc-voc,11,Widowed,Prof-specialty,Unmarried,White,Female,United-States,<=50K.,218764,0,0,45
3736,29,Local-gov,Some-college,10,Never-married,Other-service,Own-child,White,Female,United-States,<=50K,190330,0,0,10
3737,23,Private,Some-college,10,Never-married,Adm-clerical,Not-in-family,White,Female,United-States,<=50K.,64292,0,0,40
3738,28,Federal-gov,Assoc-acdm,12,Married-civ-spouse,Adm-clerical,Husband,White,Male,United-States,<=50K,183151,0,0,60
3739,24,Local-gov,Some-college,10,Never-married,Protective-serv,Not-in-family,White,Male,United-States,<=50K.,234108,0,0,40
3740,24,Private,Some-college,10,Never-married,Sales,Not-in-family,White,Male,United-States,<=50K.,113577,0,0,40
3741,46,Private,Assoc-acdm,12,Widowed,Prof-specialty,Unmarried,White,Female,United-States,<=50K,177114,0,0,27
3742,61,Private,Doctorate,16,Married-civ-spouse,Prof-specialty,Husband,White,Male,United-States,>50K,423297,0,0,40
3743,48,Private,Some-college,10,Never-married,Exec-managerial,Not-in-family,White,Male,United-States,<=50K.,48553,0,0,72
3744,43,Private,Bachelors,13,Married-civ-spouse,Prof-specialty,Husband,White,Male,United-States,>50K,118308,0,1977,50
3745,59,,HS-grad,9,Widowed,,Not-in-family,White,Female,United-States,<=50K,147989,0,0,35
3746,45,State-gov,Masters,14,Married-civ-spouse,Prof-specialty,Husband,Asian-Pac-Islander,Male,India,>50K.,255456,0,0,50
3747,28,Private,Some-college,10,Never-married,Adm-clerical,Not-in-family,White,Female,United-States,<=50K.,30014,0,0,40
3748,18,Private,HS-grad,9,Never-married,Sales,Own-child,White,Male,United-States,<=50K.,232190,0,0,20
3749,42,Private,HS-grad,9,Divorced,Adm-clerical,Unmarried,White,Female,United-States,<=50K.,111468,3325,0,40
3750,25,Private,HS-grad,9,Never-married,Sales,Unmarried,White,Female,United-States,<=50K,50103,0,0,40
3751,39,Private,HS-grad,9,Married-civ-spouse,Sales,Husband,White,Male,United-States,>50K.,27408,7298,0,50
3752,23,Private,Some-college,10,Never-married,Machine-op-inspct,Not-in-family,White,Male,United-States,<=50K,211678,0,0,40
3753,22,Private,HS-grad,9,Divorced,Transport-moving,Not-in-family,White,Male,United-States,<=50K,227626,0,0,40
3754,26,Private,Some-college,10,Married-civ-spouse,Adm-clerical,Husband,White,Male,United-States,<=50K,102460,0,0,40
3755,17,Private,12th,8,Never-married,Other-service,Own-child,White,Male,United-States,<=50K,268276,0,0,12
3756,24,Private,Bachelors,13,Never-married,Sales,Not-in-family,White,Female,United-States,<=50K,163053,0,0,40
3757,34,Self-emp-not-inc,11th,7,Married-civ-spouse,Craft-repair,Husband,White,Male,United-States,<=50K,288486,0,0,40
3758,44,,10th,6,Married-civ-spouse,,Husband,White,Male,United-States,<=50K,136419,0,0,40
3759,43,Local-gov,HS-grad,9,Divorced,Exec-managerial,Unmarried,Amer-Indian-Eskimo,Female,United-States,<=50K,196308,0,0,40
3760,36,Private,HS-grad,9,Married-civ-spouse,Transport-moving,Husband,Black,Male,United-States,<=50K,247750,0,0,45
3761,67,Private,HS-grad,9,Never-married,Exec-managerial,Not-in-family,White,Female,United-States,<=50K.,176388,0,0,45
3762,36,Local-gov,HS-grad,9,Married-civ-spouse,Other-service,Wife,White,Female,United-States,<=50K,175255,0,0,35
3763,31,Private,HS-grad,9,Separated,Handlers-cleaners,Not-in-family,White,Male,United-States,<=50K.,310429,0,0,70
3764,48,Private,Masters,14,Never-married,Prof-specialty,Not-in-family,White,Male,United-States,<=50K.,443377,0,0,50
3765,34,Private,Masters,14,Never-married,Prof-specialty,Not-in-family,White,Male,,>50K.,344275,0,0,60
3766,46,Local-gov,Masters,14,Divorced,Prof-specialty,Unmarried,White,Female,United-States,<=50K,207946,0,0,43
3767,37,Private,HS-grad,9,Never-married,Craft-repair,Unmarried,White,Male,United-States,<=50K,224566,0,0,40
3768,62,Private,Assoc-acdm,12,Married-civ-spouse,Craft-repair,Husband,White,Male,United-States,>50K.,155913,0,0,40
3769,50,State-gov,HS-grad,9,Widowed,Tech-support,Unmarried,Black,Female,United-States,<=50K,161075,0,0,40
3770,26,State-gov,Bachelors,13,Never-married,Exec-managerial,Not-in-family,White,Male,United-States,<=50K.,413846,0,0,40
3771,27,Self-emp-inc,HS-grad,9,Never-married,Craft-repair,Other-relative,White,Male,Mexico,<=50K,399904,0,0,50
3772,46,Private,Some-college,10,Married-civ-spouse,Craft-repair,Husband,White,Male,United-States,>50K.,165468,0,0,50
3773,38,Private,11th,7,Married-spouse-absent,Transport-moving,Own-child,White,Male,Mexico,<=50K,171344,0,0,36
3774,31,Private,HS-grad,9,Married-civ-spouse,Transport-moving,Husband,White,Male,United-States,<=50K,210562,0,0,65
3775,23,Private,Bachelors,13,Never-married,Prof-specialty,Not-in-family,White,Female,United-States,<=50K,46645,0,0,25
3776,38,Private,Prof-school,15,Married-civ-spouse,Prof-specialty,Husband,White,Male,United-States,>50K,200818,0,0,40
3777,51,Private,HS-grad,9,Never-married,Farming-fishing,Not-in-family,White,Male,,<=50K,64643,0,0,60
3778,40,Private,HS-grad,9,Married-civ-spouse,Craft-repair,Husband,White,Male,United-States,<=50K,199303,0,0,40
3779,28,Self-emp-not-inc,Bachelors,13,Never-married,Prof-specialty,Not-in-family,White,Male,United-States,>50K,398918,0,0,50
3780,39,Private,Some-college,10,Divorced,Craft-repair,Own-child,White,Female,United-States,>50K.,192251,0,0,50
3781,41,Private,Assoc-acdm,12,Married-civ-spouse,Tech-support,Husband,White,Male,United-States,>50K,136419,0,0,75
3782,19,Private,Some-college,10,Never-married,Other-service,Own-child,White,Male,United-States,<=50K,43003,0,0,20
3783,18,,11th,7,Never-married,,Own-child,White,Male,United-States,<=50K,423460,0,0,36
3784,27,Private,Some-college,10,Married-civ-spouse,Adm-clerical,Wife,White,Female,United-States,<=50K,87006,0,1579,40
3785,31,Private,Bachelors,13,Married-civ-spouse,Prof-specialty,Husband,White,Male,United-States,<=50K,226443,0,0,40
3786,18,Self-emp-inc,11th,7,Never-married,Farming-fishing,Own-child,White,Male,United-States,<=50K,38307,0,0,30
3787,34,Private,HS-grad,9,Divorced,Priv-house-serv,Unmarried,Black,Female,United-States,<=50K,289984,0,0,30
3788,66,Private,HS-grad,9,Widowed,Priv-house-serv,Not-in-family,White,Female,United-States,<=50K,141085,0,0,8
3789,49,Private,Some-college,10,Divorced,Prof-specialty,Not-in-family,White,Male,United-States,>50K,353824,0,0,45
3790,17,Private,11th,7,Never-married,Sales,Own-child,White,Female,United-States,<=50K.,142587,0,0,10
3791,29,Private,10th,6,Married-civ-spouse,Farming-fishing,Wife,Amer-Indian-Eskimo,Female,United-States,<=50K,100405,0,0,40
3792,32,Private,Some-college,10,Never-married,Other-service,Not-in-family,White,Female,United-States,<=50K.,49539,3674,0,40
3793,48,Private,Some-college,10,Married-civ-spouse,Adm-clerical,Wife,White,Female,United-States,<=50K,125120,0,0,37
3794,41,Self-emp-not-inc,Some-college,10,Married-civ-spouse,Craft-repair,Husband,White,Male,United-States,<=50K,193459,0,0,50
3795,30,Private,Preschool,1,Never-married,Farming-fishing,Not-in-family,White,Male,Mexico,<=50K,193598,0,0,40
3796,43,Self-emp-inc,Prof-school,15,Married-civ-spouse,Prof-specialty,Husband,White,Male,United-States,>50K,221172,0,1977,40
3797,28,State-gov,Some-college,10,Never-married,Adm-clerical,Not-in-family,White,Female,United-States,<=50K,277635,0,0,50
3798,26,Private,9th,5,Married-civ-spouse,Craft-repair,Husband,White,Male,United-States,<=50K,381618,0,0,45
3799,31,Private,Some-college,10,Married-civ-spouse,Craft-repair,Husband,White,Male,United-States,<=50K,211334,2407,0,65
3800,50,Private,HS-grad,9,Divorced,Craft-repair,Own-child,White,Male,Puerto-Rico,<=50K,174102,0,0,40
3801,30,Private,HS-grad,9,Never-married,Craft-repair,Own-child,White,Male,United-States,<=50K,111567,0,0,48
3802,36,State-gov,Masters,14,Married-civ-spouse,Prof-specialty,Husband,White,Male,United-States,>50K,183735,0,0,40
3803,40,Private,Bachelors,13,Married-civ-spouse,Adm-clerical,Husband,White,Male,United-States,>50K,192344,0,0,40
3804,28,Federal-gov,Bachelors,13,Never-married,Exec-managerial,Not-in-family,Black,Male,United-States,<=50K,53147,0,0,40
3805,58,State-gov,Masters,14,Married-civ-spouse,Adm-clerical,Husband,White,Male,United-States,>50K.,299680,15024,0,43
3806,53,State-gov,HS-grad,9,Married-civ-spouse,Other-service,Husband,White,Male,United-States,<=50K.,182907,0,0,40
3807,23,Private,Some-college,10,Never-married,Handlers-cleaners,Own-child,White,Male,Cuba,<=50K,277328,0,0,32
3808,24,Self-emp-not-inc,HS-grad,9,Divorced,Machine-op-inspct,Not-in-family,White,Male,United-States,<=50K.,132320,0,0,50
3809,23,Private,7th-8th,4,Never-married,Craft-repair,Own-child,Black,Male,United-States,<=50K,336360,0,0,40
3810,54,Private,1st-4th,2,Married-civ-spouse,Other-service,Husband,White,Male,Mexico,<=50K,420691,0,0,40
3811,60,Private,11th,7,Married-civ-spouse,Sales,Husband,White,Male,United-States,>50K,121832,0,0,40
3812,50,Private,HS-grad,9,Married-civ-spouse,Sales,Husband,White,Male,United-States,<=50K,256861,0,0,80
3813,59,Self-emp-inc,Some-college,10,Married-civ-spouse,Exec-managerial,Husband,White,Male,United-States,>50K,122390,0,1977,48
3814,27,Private,Some-college,10,Married-civ-spouse,Adm-clerical,Husband,White,Male,United-States,<=50K,215955,2829,0,40
3815,40,Private,Bachelors,13,Never-married,Exec-managerial,Not-in-family,White,Male,Canada,<=50K,179666,0,0,30
3816,33,Private,Bachelors,13,Never-married,Handlers-cleaners,Not-in-family,White,Male,United-States,<=50K,202046,0,2001,40
3817,40,Private,Some-college,10,Married-civ-spouse,Transport-moving,Husband,White,Male,United-States,>50K,83953,0,0,50
3818,45,Self-emp-not-inc,HS-grad,9,Married-civ-spouse,Transport-moving,Husband,White,Male,United-States,<=50K,34446,0,0,50
3819,29,Private,Assoc-acdm,12,Divorced,Exec-managerial,Unmarried,White,Female,United-States,<=50K.,221233,0,0,37
3820,47,Self-emp-not-inc,Bachelors,13,Married-civ-spouse,Exec-managerial,Husband,White,Male,United-States,<=50K,102359,0,0,30
3821,40,Private,10th,6,Separated,Transport-moving,Unmarried,White,Female,United-States,<=50K.,133986,0,0,70
3822,30,Local-gov,Some-college,10,Never-married,Handlers-cleaners,Own-child,White,Male,United-States,<=50K,27051,0,0,40
3823,35,Local-gov,Bachelors,13,Married-civ-spouse,Sales,Husband,Asian-Pac-Islander,Male,Philippines,>50K,302149,7298,0,40
3824,27,Private,HS-grad,9,Never-married,Sales,Other-relative,Black,Female,Dominican-Republic,<=50K,209292,0,0,32
3825,31,State-gov,Some-college,10,Never-married,Transport-moving,Not-in-family,White,Male,United-States,<=50K.,228446,0,0,40
3826,36,Private,HS-grad,9,Married-civ-spouse,Sales,Husband,White,Male,United-States,<=50K.,257250,0,0,35
3827,45,Private,HS-grad,9,Never-married,Transport-moving,Not-in-family,White,Male,United-States,<=50K,241350,0,0,40
3828,60,Local-gov,HS-grad,9,Married-civ-spouse,Other-service,Husband,White,Male,United-States,<=50K,93272,0,0,40
3829,40,Private,Assoc-voc,11,Married-civ-spouse,Tech-support,Husband,White,Male,United-States,<=50K,144995,4386,0,40
3830,41,Private,HS-grad,9,Divorced,Sales,Unmarried,Black,Female,United-States,<=50K,102332,0,0,40
3831,53,Private,Assoc-voc,11,Married-civ-spouse,Adm-clerical,Husband,White,Male,United-States,>50K.,31909,0,0,45
3832,39,Private,Some-college,10,Divorced,Exec-managerial,Unmarried,White,Female,Mexico,<=50K,279490,0,0,40
3833,40,Private,Some-college,10,Divorced,Machine-op-inspct,Unmarried,Black,Female,United-States,<=50K,353142,0,0,40
3834,53,Self-emp-not-inc,HS-grad,9,Married-civ-spouse,Sales,Husband,White,Male,United-States,<=50K,101432,0,0,50
3835,34,Private,Assoc-voc,11,Never-married,Tech-support,Not-in-family,White,Female,United-States,<=50K,258666,0,1974,40
3836,21,,Some-college,10,Never-married,,Own-child,White,Female,United-States,<=50K.,520231,0,0,40
3837,18,Private,11th,7,Never-married,Other-service,Own-child,White,Male,United-States,<=50K,266681,0,0,20
3838,39,State-gov,HS-grad,9,Divorced,Prof-specialty,Not-in-family,White,Male,United-States,<=50K,126336,0,0,40
3839,49,Private,Bachelors,13,Divorced,Exec-managerial,Not-in-family,White,Male,United-States,<=50K.,123713,0,0,45
3840,21,Private,Some-college,10,Never-married,Handlers-cleaners,Own-child,White,Male,United-States,<=50K,226145,0,0,30
3841,31,Self-emp-inc,HS-grad,9,Never-married,Craft-repair,Not-in-family,White,Male,United-States,<=50K,113530,0,0,45
3842,27,Federal-gov,HS-grad,9,Married-civ-spouse,Other-service,Husband,White,Male,United-States,<=50K,246372,0,0,40
3843,46,Private,Bachelors,13,Never-married,Machine-op-inspct,Not-in-family,White,Female,United-States,<=50K,155933,0,1602,8
3844,20,State-gov,Some-college,10,Never-married,Other-service,Own-child,White,Male,United-States,<=50K.,444554,0,0,25
3845,46,Local-gov,Masters,14,Never-married,Prof-specialty,Not-in-family,White,Female,United-States,>50K.,301124,0,1564,45
3846,37,Private,10th,6,Divorced,Craft-repair,Unmarried,White,Female,United-States,<=50K,385452,0,0,40
3847,47,Private,Doctorate,16,Never-married,Prof-specialty,Own-child,White,Female,United-States,<=50K.,203505,0,0,23
3848,26,Private,Bachelors,13,Never-married,Transport-moving,Own-child,White,Male,United-States,<=50K,291586,0,0,20
3849,21,Private,HS-grad,9,Married-civ-spouse,Machine-op-inspct,Husband,White,Male,United-States,<=50K,165475,0,0,40
3850,42,,Some-college,10,Married-AF-spouse,,Wife,White,Female,United-States,<=50K.,56483,0,0,14
3851,28,Private,Bachelors,13,Never-married,Adm-clerical,Own-child,Black,Male,United-States,<=50K,154863,0,0,35
3852,36,Local-gov,HS-grad,9,Separated,Exec-managerial,Not-in-family,Black,Male,United-States,<=50K,339772,0,0,40
3853,21,Private,Some-college,10,Never-married,Machine-op-inspct,Own-child,White,Female,United-States,<=50K,301199,0,0,40
3854,37,Private,HS-grad,9,Divorced,Adm-clerical,Unmarried,Black,Female,United-States,<=50K,290609,0,0,40
3855,28,State-gov,Bachelors,13,Never-married,Adm-clerical,Own-child,Asian-Pac-Islander,Female,United-States,>50K.,73928,0,0,40
3856,21,Private,HS-grad,9,Never-married,Other-service,Own-child,White,Female,United-States,<=50K,147655,0,0,35
3857,45,Self-emp-inc,HS-grad,9,Married-civ-spouse,Exec-managerial,Husband,White,Male,United-States,>50K,170871,15024,0,55
3858,41,Self-emp-inc,HS-grad,9,Separated,Exec-managerial,Unmarried,White,Male,United-States,<=50K,99212,0,0,40
3859,42,Private,HS-grad,9,Married-civ-spouse,Machine-op-inspct,Wife,White,Female,United-States,>50K,184837,7298,0,40
3860,49,Private,HS-grad,9,Married-civ-spouse,Adm-clerical,Husband,White,Male,United-States,<=50K.,144514,0,0,40
3861,38,Self-emp-inc,HS-grad,9,Married-civ-spouse,Other-service,Wife,White,Female,Poland,<=50K,187934,0,0,20
3862,44,Private,HS-grad,9,Married-civ-spouse,Transport-moving,Husband,White,Male,United-States,>50K,176063,0,0,50
3863,24,Private,Bachelors,13,Never-married,Adm-clerical,Not-in-family,White,Male,United-States,<=50K,321435,0,0,40
3864,27,Local-gov,Assoc-voc,11,Never-married,Tech-support,Own-child,White,Female,United-States,<=50K,199471,0,0,38
3865,39,Private,Bachelors,13,Never-married,Exec-managerial,Not-in-family,White,Male,United-States,<=50K.,103323,0,1669,40
3866,25,Private,HS-grad,9,Never-married,Other-service,Unmarried,White,Female,United-States,<=50K,104662,0,0,22
3867,60,Self-emp-inc,HS-grad,9,Married-civ-spouse,Farming-fishing,Husband,White,Male,United-States,<=50K,160062,0,0,25
3868,36,Private,HS-grad,9,Divorced,Machine-op-inspct,Unmarried,Black,Female,United-States,<=50K.,144524,0,0,40
3869,20,Private,Some-college,10,Never-married,Sales,Own-child,White,Female,United-States,<=50K.,206869,0,0,30
3870,44,Private,Assoc-voc,11,Widowed,Exec-managerial,Unmarried,White,Female,United-States,<=50K.,26669,0,0,30
3871,34,Private,HS-grad,9,Married-civ-spouse,Sales,Husband,White,Male,United-States,>50K.,111985,0,0,50
3872,37,Private,HS-grad,9,Married-civ-spouse,Craft-repair,Husband,Black,Male,United-States,<=50K.,339772,0,0,40
3873,32,Self-emp-inc,HS-grad,9,Married-civ-spouse,Craft-repair,Husband,White,Male,United-States,>50K,317660,7688,0,40
3874,33,Self-emp-not-inc,1st-4th,2,Married-spouse-absent,Craft-repair,Not-in-family,White,Male,Mexico,<=50K,295591,0,0,40
3875,48,State-gov,HS-grad,9,Married-civ-spouse,Adm-clerical,Wife,White,Female,United-States,>50K.,224752,0,0,40
3876,19,Private,HS-grad,9,Never-married,Machine-op-inspct,Own-child,White,Male,Mexico,<=50K.,311974,0,0,40
3877,41,State-gov,Assoc-acdm,12,Divorced,Prof-specialty,Unmarried,Asian-Pac-Islander,Female,United-States,<=50K,88913,0,0,36
3878,79,Self-emp-not-inc,HS-grad,9,Married-civ-spouse,Farming-fishing,Husband,White,Male,United-States,<=50K,103684,0,0,40
3879,24,Federal-gov,Some-college,10,Never-married,Exec-managerial,Own-child,White,Male,United-States,<=50K,312017,0,0,40
3880,37,Self-emp-not-inc,11th,7,Never-married,Farming-fishing,Own-child,White,Male,United-States,<=50K,138940,0,0,37
3881,54,Self-emp-not-inc,Bachelors,13,Married-civ-spouse,Exec-managerial,Wife,White,Female,United-States,>50K,109418,0,1977,35
3882,28,Federal-gov,Bachelors,13,Never-married,Prof-specialty,Not-in-family,White,Male,United-States,<=50K,381789,0,0,50
3883,55,Private,9th,5,Divorced,Craft-repair,Unmarried,White,Female,United-States,>50K,408537,99999,0,37
3884,47,Private,11th,7,Married-civ-spouse,Other-service,Husband,White,Male,United-States,<=50K,110243,0,0,40
3885,33,Private,HS-grad,9,Married-civ-spouse,Craft-repair,Husband,White,Male,United-States,>50K.,54318,0,0,40
3886,53,Private,Bachelors,13,Divorced,Tech-support,Not-in-family,White,Female,United-States,<=50K,283320,0,0,40
3887,21,Private,HS-grad,9,Never-married,Craft-repair,Not-in-family,White,Male,United-States,<=50K,347292,0,0,40
3888,53,Private,Assoc-acdm,12,Married-civ-spouse,Sales,Husband,White,Male,United-States,>50K,200190,0,0,80
3889,34,,Bachelors,13,Divorced,,Own-child,White,Female,United-States,<=50K.,41493,0,0,40
3890,52,Private,HS-grad,9,Never-married,Handlers-cleaners,Unmarried,White,Male,United-States,<=50K,124591,0,0,40
3891,47,Private,Some-college,10,Married-civ-spouse,Craft-repair,Husband,White,Male,United-States,>50K.,235108,5178,0,40
3892,25,,Some-college,10,Divorced,,Unmarried,White,Female,United-States,<=50K,35829,0,0,50
3893,42,Private,HS-grad,9,Married-civ-spouse,Transport-moving,Husband,White,Male,United-States,<=50K.,40151,0,0,60
3894,34,Federal-gov,HS-grad,9,Divorced,Other-service,Not-in-family,White,Female,United-States,<=50K.,117362,0,0,40
3895,31,Private,Some-college,10,Married-civ-spouse,Farming-fishing,Husband,White,Male,United-States,>50K,246439,7298,0,50
3896,19,Private,11th,7,Never-married,Machine-op-inspct,Not-in-family,White,Male,United-States,<=50K,38619,0,0,10
3897,46,Private,Bachelors,13,Married-civ-spouse,Sales,Husband,White,Male,United-States,>50K.,185870,0,1902,40
3898,27,Private,Some-college,10,Married-civ-spouse,Craft-repair,Husband,White,Male,United-States,<=50K,109165,0,0,60
3899,28,Private,Bachelors,13,Married-civ-spouse,Exec-managerial,Wife,White,Female,United-States,>50K,119287,15024,0,28
3900,38,Private,Assoc-acdm,12,Married-civ-spouse,Sales,Husband,White,Male,United-States,>50K,168496,0,0,50
3901,26,Local-gov,HS-grad,9,Never-married,Craft-repair,Not-in-family,White,Male,United-States,<=50K.,102264,0,0,40
3902,30,Private,Some-college,10,Never-married,Exec-managerial,Not-in-family,White,Male,United-States,<=50K,110643,0,0,52
3903,24,Private,Some-college,10,Never-married,Adm-clerical,Not-in-family,White,Female,United-States,<=50K.,361278,0,0,40
3904,52,Private,10th,6,Married-civ-spouse,Machine-op-inspct,Husband,White,Male,United-States,<=50K,187356,0,0,41
3905,67,Private,HS-grad,9,Married-civ-spouse,Other-service,Husband,White,Male,United-States,<=50K.,212185,0,0,10
3906,39,Private,HS-grad,9,Widowed,Adm-clerical,Not-in-family,White,Female,United-States,<=50K,160123,0,0,40
3907,30,Private,HS-grad,9,Never-married,Handlers-cleaners,Unmarried,White,Male,United-States,<=50K,91145,0,0,55
3908,22,Private,Bachelors,13,Never-married,Exec-managerial,Own-child,White,Female,United-States,<=50K,349368,0,0,30
3909,53,Private,Some-college,10,Divorced,Prof-specialty,Not-in-family,White,Female,United-States,<=50K,29557,0,0,40
3910,52,Private,Bachelors,13,Married-civ-spouse,Exec-managerial,Husband,White,Male,United-States,<=50K,180881,0,0,40
3911,19,Private,HS-grad,9,Never-married,Other-service,Not-in-family,White,Male,United-States,<=50K,121240,0,0,30
3912,54,Private,Some-college,10,Married-civ-spouse,Machine-op-inspct,Husband,White,Male,United-States,<=50K,133403,0,0,40
3913,37,Private,Masters,14,Never-married,Prof-specialty,Unmarried,Asian-Pac-Islander,Male,South,<=50K,160120,0,0,40
3914,46,Private,Bachelors,13,Separated,Prof-specialty,Unmarried,Black,Female,United-States,<=50K,116635,0,0,36
3915,43,Local-gov,Masters,14,Married-civ-spouse,Prof-specialty,Husband,White,Male,United-States,>50K.,85440,0,0,45
3916,47,Local-gov,HS-grad,9,Widowed,Exec-managerial,Unmarried,White,Female,United-States,<=50K.,174126,0,0,40
3917,33,Local-gov,Some-college,10,Married-civ-spouse,Adm-clerical,Husband,White,Male,United-States,>50K.,352277,3103,0,45
3918,42,Private,Some-college,10,Married-civ-spouse,Handlers-cleaners,Husband,White,Male,United-States,<=50K,77373,0,0,38
3919,31,Local-gov,HS-grad,9,Married-civ-spouse,Protective-serv,Husband,White,Male,United-States,>50K,206609,0,0,40
3920,42,Private,Some-college,10,Married-civ-spouse,Prof-specialty,Husband,White,Male,United-States,>50K,227065,15024,0,32
3921,32,Private,Some-college,10,Married-civ-spouse,Adm-clerical,Wife,Black,Female,United-States,>50K.,185433,0,0,40
3922,32,Private,Bachelors,13,Never-married,Adm-clerical,Not-in-family,White,Male,United-States,<=50K,35595,0,0,40
3923,22,Private,HS-grad,9,Never-married,Machine-op-inspct,Own-child,White,Male,United-States,<=50K.,162282,0,0,55
3924,23,Private,HS-grad,9,Never-married,Sales,Other-relative,Black,Female,Jamaica,<=50K,220168,0,0,25
3925,46,Private,Prof-school,15,Married-civ-spouse,Craft-repair,Husband,White,Male,United-States,<=50K.,91608,0,0,40
3926,23,Private,HS-grad,9,Married-civ-spouse,Exec-managerial,Husband,White,Male,United-States,<=50K,82777,0,0,30
3927,22,Private,HS-grad,9,Married-civ-spouse,Handlers-cleaners,Husband,White,Male,United-States,<=50K.,157541,0,0,50
3928,17,,12th,8,Never-married,,Own-child,White,Male,United-States,<=50K,103810,0,0,40
3929,55,Private,9th,5,Divorced,Machine-op-inspct,Not-in-family,White,Male,United-States,>50K.,178353,10520,0,60
3930,18,,10th,6,Never-married,,Own-child,White,Male,United-States,<=50K,152641,0,0,40
3931,83,Self-emp-inc,HS-grad,9,Divorced,Sales,Not-in-family,White,Male,United-States,<=50K,272248,0,0,20
3932,23,State-gov,Bachelors,13,Never-married,Adm-clerical,Own-child,Asian-Pac-Islander,Female,United-States,<=50K.,71996,0,0,52
3933,63,Self-emp-not-inc,Some-college,10,Married-civ-spouse,Sales,Husband,White,Male,United-States,>50K.,201600,0,1902,60
3934,33,Local-gov,HS-grad,9,Divorced,Craft-repair,Unmarried,White,Male,United-States,<=50K,133876,0,0,40
3935,65,Self-emp-not-inc,Masters,14,Married-civ-spouse,Prof-specialty,Husband,White,Male,United-States,<=50K.,147377,0,0,16
3936,38,Local-gov,HS-grad,9,Married-civ-spouse,Adm-clerical,Wife,White,Female,United-States,>50K,116608,0,0,35
3937,59,Self-emp-not-inc,5th-6th,3,Married-civ-spouse,Other-service,Husband,White,Male,El-Salvador,<=50K,144071,2580,0,15
3938,33,Local-gov,5th-6th,3,Never-married,Other-service,Unmarried,Other,Female,El-Salvador,<=50K,269604,0,0,40
3939,25,Self-emp-not-inc,HS-grad,9,Never-married,Sales,Unmarried,Asian-Pac-Islander,Female,United-States,<=50K,72338,0,0,40
3940,36,Private,HS-grad,9,Never-married,Craft-repair,Not-in-family,White,Male,United-States,<=50K.,176249,0,1590,40
3941,30,Private,HS-grad,9,Separated,Adm-clerical,Unmarried,White,Female,United-States,<=50K,179446,0,0,40
3942,41,Local-gov,Masters,14,Married-civ-spouse,Prof-specialty,Husband,White,Male,United-States,<=50K.,291831,0,0,35
3943,40,Private,Bachelors,13,Married-civ-spouse,Protective-serv,Husband,Black,Male,United-States,>50K.,234397,0,0,40
3944,90,Private,11th,7,Married-civ-spouse,Craft-repair,Husband,White,Male,United-States,<=50K,313986,0,0,40
3945,30,Private,Some-college,10,Married-civ-spouse,Sales,Husband,White,Male,United-States,<=50K,177304,0,0,44
3946,34,Private,Assoc-voc,11,Married-civ-spouse,Exec-managerial,Wife,White,Female,Puerto-Rico,>50K,177596,0,0,40
3947,17,Private,11th,7,Never-married,Sales,Own-child,Black,Female,United-States,<=50K,222618,0,0,30
3948,18,Private,Some-college,10,Never-married,Sales,Own-child,Black,Male,United-States,<=50K.,163460,0,0,20
3949,27,Self-emp-inc,Bachelors,13,Married-civ-spouse,Exec-managerial,Husband,White,Male,United-States,>50K,120126,0,1887,45
3950,46,Private,Masters,14,Married-civ-spouse,Prof-specialty,Husband,Black,Male,United-States,<=50K,279661,0,0,35
3951,32,,11th,7,Married-civ-spouse,,Wife,White,Female,United-States,<=50K.,42894,0,0,15
3952,47,Self-emp-not-inc,Masters,14,Divorced,Transport-moving,Not-in-family,White,Male,United-States,>50K.,199083,0,2258,50
3953,19,Self-emp-not-inc,HS-grad,9,Never-married,Other-service,Own-child,White,Male,United-States,<=50K,137578,0,0,53
3954,56,Federal-gov,HS-grad,9,Married-civ-spouse,Adm-clerical,Husband,White,Male,United-States,<=50K.,101847,4064,0,40
3955,28,State-gov,Bachelors,13,Never-married,Prof-specialty,Own-child,White,Male,United-States,<=50K,37250,0,0,16
3956,19,,Some-college,10,Never-married,,Own-child,White,Female,United-States,<=50K,166018,0,0,40
3957,51,Private,Masters,14,Married-civ-spouse,Prof-specialty,Husband,Asian-Pac-Islander,Male,India,<=50K,123053,5013,0,40
3958,44,Private,Some-college,10,Divorced,Exec-managerial,Not-in-family,White,Male,United-States,<=50K,71269,0,0,50
3959,32,Local-gov,HS-grad,9,Divorced,Other-service,Not-in-family,Amer-Indian-Eskimo,Male,United-States,<=50K.,32587,0,0,40
3960,58,Private,Bachelors,13,Married-civ-spouse,Exec-managerial,Husband,White,Male,United-States,>50K.,282023,0,0,50
3961,40,Private,Some-college,10,Divorced,Craft-repair,Unmarried,Black,Female,United-States,<=50K,145178,0,0,30
3962,20,,Some-college,10,Never-married,,Own-child,White,Female,United-States,<=50K,117789,0,0,40
3963,54,Private,HS-grad,9,Married-civ-spouse,Sales,Husband,White,Male,United-States,>50K,36480,15024,0,50
3964,27,Private,HS-grad,9,Married-civ-spouse,Craft-repair,Husband,White,Male,United-States,<=50K.,190303,0,0,40
3965,30,Private,HS-grad,9,Married-civ-spouse,Other-service,Husband,Asian-Pac-Islander,Male,China,<=50K.,194971,0,0,52
3966,56,Self-emp-inc,Prof-school,15,Married-civ-spouse,Prof-specialty,Husband,White,Male,United-States,>50K,98418,99999,0,40
3967,23,Private,HS-grad,9,Never-married,Other-service,Other-relative,White,Female,United-States,<=50K.,81145,0,0,40
3968,31,Private,Masters,14,Married-civ-spouse,Prof-specialty,Wife,White,Female,United-States,>50K.,181388,0,1902,45
3969,37,Private,HS-grad,9,Widowed,Machine-op-inspct,Unmarried,White,Female,United-States,<=50K.,60548,0,0,20
3970,35,Private,HS-grad,9,Married-civ-spouse,Machine-op-inspct,Husband,White,Male,United-States,>50K.,151835,0,0,45
3971,49,Private,HS-grad,9,Widowed,Craft-repair,Unmarried,Asian-Pac-Islander,Female,South,<=50K,135643,0,0,40
3972,23,Private,Some-college,10,Never-married,Other-service,Own-child,White,Male,United-States,<=50K,231160,0,0,25
3973,27,State-gov,Some-college,10,Never-married,Tech-support,Own-child,White,Female,United-States,<=50K,31935,0,0,80
3974,32,Private,Masters,14,Married-civ-spouse,Exec-managerial,Husband,White,Male,United-States,>50K.,146161,0,0,40
3975,18,Private,HS-grad,9,Never-married,Sales,Own-child,White,Female,United-States,<=50K,198087,0,0,30
3976,42,Private,HS-grad,9,Never-married,Craft-repair,Not-in-family,White,Male,United-States,<=50K,203542,0,0,40
3977,29,Private,HS-grad,9,Divorced,Machine-op-inspct,Not-in-family,Black,Male,United-States,<=50K.,328981,0,0,40
3978,51,Private,Masters,14,Married-civ-spouse,Sales,Husband,White,Male,United-States,>50K,221672,15024,0,50
3979,20,Private,Some-college,10,Never-married,Sales,Not-in-family,White,Female,United-States,<=50K,81145,0,0,25
3980,21,Private,Some-college,10,Never-married,Craft-repair,Not-in-family,White,Male,United-States,<=50K.,163595,0,0,45
3981,36,Private,Bachelors,13,Divorced,Prof-specialty,Not-in-family,White,Male,United-States,>50K,297449,14084,0,40
3982,61,State-gov,Doctorate,16,Married-civ-spouse,Prof-specialty,Husband,White,Male,United-States,>50K,379885,0,1902,40
3983,40,Self-emp-not-inc,Some-college,10,Married-civ-spouse,Craft-repair,Husband,White,Male,United-States,<=50K.,173651,0,0,45
3984,28,Private,Bachelors,13,Never-married,Exec-managerial,Not-in-family,White,Female,United-States,<=50K,124680,6849,0,60
3985,25,Private,Some-college,10,Never-married,Other-service,Not-in-family,Black,Male,United-States,<=50K,390657,0,0,40
3986,19,,Some-college,10,Never-married,,Not-in-family,White,Male,United-States,<=50K.,317988,0,0,15
3987,26,Private,Bachelors,13,Never-married,Tech-support,Not-in-family,White,Female,United-States,<=50K,28856,0,0,40
3988,42,Self-emp-not-inc,Some-college,10,Married-civ-spouse,Farming-fishing,Husband,White,Male,United-States,<=50K,37618,0,0,60
3989,27,,Some-college,10,Divorced,,Own-child,White,Male,United-States,<=50K,224421,0,0,40
3990,33,Private,HS-grad,9,Never-married,Machine-op-inspct,Not-in-family,White,Male,United-States,<=50K,198069,0,0,65
3991,19,,Some-college,10,Never-married,,Own-child,White,Female,United-States,<=50K,52114,0,0,10
3992,32,Private,Bachelors,13,Married-civ-spouse,Exec-managerial,Husband,White,Male,United-States,>50K,103860,0,0,50
3993,36,Private,Masters,14,Married-civ-spouse,Exec-managerial,Husband,White,Male,United-States,>50K.,295706,0,0,70
3994,38,Federal-gov,Assoc-acdm,12,Divorced,Adm-clerical,Unmarried,White,Female,United-States,<=50K.,104236,1471,0,40
3995,46,Self-emp-not-inc,Some-college,10,Married-civ-spouse,Prof-specialty,Husband,White,Male,United-States,<=50K.,481987,0,0,35
3996,40,State-gov,Bachelors,13,Married-civ-spouse,Prof-specialty,Other-relative,White,Male,United-States,<=50K,150533,0,0,40
3997,31,Private,1st-4th,2,Never-married,Other-service,Other-relative,White,Female,El-Salvador,<=50K,70568,0,0,25
3998,41,Local-gov,HS-grad,9,Divorced,Exec-managerial,Unmarried,White,Female,United-States,<=50K,185057,0,0,40
3999,44,Private,HS-grad,9,Married-civ-spouse,Sales,Husband,White,Male,United-States,<=50K,164043,0,0,40
4000,57,Private,12th,8,Married-civ-spouse,Craft-repair,Husband,White,Male,United-States,<=50K.,161964,0,0,40
4001,48,Private,Bachelors,13,Married-spouse-absent,Prof-specialty,Not-in-family,White,Male,United-States,>50K,344415,0,0,37
4002,34,Private,HS-grad,9,Never-married,Craft-repair,Own-child,White,Male,United-States,<=50K,236543,0,0,40
4003,24,State-gov,Bachelors,13,Never-married,Transport-moving,Not-in-family,Black,Male,,<=50K.,161783,0,0,40
4004,41,Private,Bachelors,13,Never-married,Prof-specialty,Not-in-family,Black,Male,United-States,<=50K,225978,0,0,40
4005,51,Private,9th,5,Married-civ-spouse,Craft-repair,Husband,White,Male,United-States,<=50K,57101,0,0,40
4006,60,Local-gov,Bachelors,13,Married-civ-spouse,Prof-specialty,Husband,White,Male,United-States,>50K,124987,7298,0,40
4007,27,Private,HS-grad,9,Divorced,Other-service,Own-child,White,Female,United-States,<=50K.,96219,3418,0,32
4008,48,Private,Bachelors,13,Married-civ-spouse,Sales,Husband,White,Male,United-States,>50K.,156926,0,0,45
4009,52,Private,Prof-school,15,Divorced,Prof-specialty,Unmarried,White,Female,United-States,>50K.,149908,25236,0,44
4010,28,Private,HS-grad,9,Married-civ-spouse,Sales,Husband,White,Male,United-States,<=50K,215211,0,0,50
4011,37,Self-emp-not-inc,HS-grad,9,Married-civ-spouse,Exec-managerial,Husband,White,Male,United-States,<=50K,30973,0,0,40
4012,37,Private,9th,5,Married-civ-spouse,Protective-serv,Husband,White,Male,United-States,<=50K.,66304,0,0,16
4013,35,Local-gov,Some-college,10,Separated,Adm-clerical,Unmarried,Amer-Indian-Eskimo,Female,United-States,<=50K,85548,0,0,40
4014,67,Private,HS-grad,9,Divorced,Transport-moving,Not-in-family,White,Male,United-States,<=50K,158301,0,0,60
4015,37,,Assoc-voc,11,Married-civ-spouse,,Husband,White,Male,United-States,>50K,319685,0,0,54
4016,37,Private,HS-grad,9,Never-married,Other-service,Not-in-family,White,Female,United-States,<=50K,36425,0,0,40
4017,36,State-gov,Prof-school,15,Married-civ-spouse,Prof-specialty,Wife,White,Female,United-States,>50K,747719,15024,0,50
4018,19,Private,Some-college,10,Never-married,Other-service,Own-child,White,Male,United-States,<=50K,52372,0,0,20
4019,31,Private,HS-grad,9,Never-married,Farming-fishing,Not-in-family,White,Male,Ireland,<=50K,63437,0,0,40
4020,43,Private,Some-college,10,Divorced,Tech-support,Not-in-family,White,Male,,>50K,183765,0,0,40
4021,32,Private,HS-grad,9,Married-civ-spouse,Prof-specialty,Husband,White,Male,United-States,>50K.,182323,7688,0,40
4022,25,Private,HS-grad,9,Divorced,Exec-managerial,Own-child,White,Male,United-States,<=50K,216724,0,0,40
4023,48,Local-gov,Bachelors,13,Married-civ-spouse,Prof-specialty,Husband,White,Male,United-States,<=50K,85341,0,0,45
4024,51,Self-emp-not-inc,Masters,14,Divorced,Exec-managerial,Unmarried,White,Male,United-States,>50K,165001,25236,0,50
4025,40,Private,Some-college,10,Never-married,Adm-clerical,Not-in-family,White,Female,United-States,<=50K,130834,0,0,40
4026,49,Local-gov,Bachelors,13,Married-civ-spouse,Exec-managerial,Husband,White,Male,United-States,<=50K.,181970,0,0,40
4027,48,Private,7th-8th,4,Married-civ-spouse,Craft-repair,Husband,White,Male,Dominican-Republic,<=50K,152953,0,0,32
4028,33,Private,Assoc-acdm,12,Divorced,Prof-specialty,Not-in-family,White,Male,United-States,<=50K,251421,0,0,50
4029,32,Private,Some-college,10,Married-civ-spouse,Adm-clerical,Husband,White,Male,Mexico,<=50K,226267,0,0,40
4030,19,,11th,7,Married-civ-spouse,,Wife,Asian-Pac-Islander,Female,Laos,<=50K,109938,0,0,40
4031,39,Local-gov,HS-grad,9,Divorced,Adm-clerical,Own-child,White,Male,United-States,<=50K,106297,0,0,42
4032,51,Private,Assoc-voc,11,Never-married,Prof-specialty,Own-child,White,Female,United-States,<=50K.,299831,0,0,40
4033,46,Self-emp-not-inc,Bachelors,13,Married-civ-spouse,Sales,Husband,White,Male,United-States,>50K,131091,0,1902,40
4034,23,Private,Some-college,10,Never-married,Adm-clerical,Own-child,White,Female,United-States,<=50K,186014,0,0,15
4035,36,Private,HS-grad,9,Never-married,Handlers-cleaners,Own-child,White,Male,United-States,<=50K,182074,0,0,40
4036,24,Private,Bachelors,13,Never-married,Tech-support,Not-in-family,White,Male,United-States,<=50K.,88824,0,0,40
4037,63,,HS-grad,9,Married-civ-spouse,,Husband,White,Male,United-States,<=50K,334741,0,0,20
4038,24,Private,12th,8,Never-married,Craft-repair,Other-relative,White,Male,United-States,<=50K,127753,0,0,40
4039,44,Self-emp-not-inc,Bachelors,13,Married-civ-spouse,Craft-repair,Husband,White,Male,United-States,>50K.,342434,0,0,50
4040,45,Private,Bachelors,13,Separated,Prof-specialty,Unmarried,White,Female,Germany,<=50K,174794,0,0,56
4041,46,Private,HS-grad,9,Married-civ-spouse,Adm-clerical,Wife,White,Female,United-States,<=50K,192768,0,0,40
4042,30,Private,9th,5,Married-civ-spouse,Craft-repair,Husband,White,Male,United-States,<=50K,151868,0,0,40
4043,38,Local-gov,Masters,14,Separated,Prof-specialty,Unmarried,White,Female,United-States,<=50K.,218763,0,0,40
4044,19,Private,Some-college,10,Never-married,Exec-managerial,Own-child,Black,Male,United-States,<=50K,146679,0,0,30
4045,18,Private,HS-grad,9,Never-married,Handlers-cleaners,Own-child,White,Female,United-States,<=50K,94196,0,0,25
4046,44,Private,Some-college,10,Married-civ-spouse,Transport-moving,Husband,Black,Male,United-States,<=50K,286750,0,0,40
4047,47,Private,Bachelors,13,Married-civ-spouse,Craft-repair,Husband,White,Male,United-States,<=50K.,173938,0,0,40
4048,33,Private,12th,8,Married-civ-spouse,Handlers-cleaners,Husband,White,Male,United-States,<=50K.,189017,0,0,40
4049,40,Private,Bachelors,13,Never-married,Sales,Not-in-family,White,Female,United-States,<=50K,238329,0,0,45
4050,35,Self-emp-not-inc,Some-college,10,Married-civ-spouse,Farming-fishing,Husband,White,Male,United-States,<=50K,319831,0,0,60
4051,64,,HS-grad,9,Divorced,,Not-in-family,White,Female,United-States,<=50K.,220258,0,0,24
4052,49,Private,Assoc-voc,11,Divorced,Prof-specialty,Not-in-family,White,Female,United-States,<=50K,218357,0,0,38
4053,81,Private,5th-6th,3,Widowed,Other-service,Not-in-family,Asian-Pac-Islander,Female,United-States,<=50K.,106390,0,0,6
4054,55,Private,10th,6,Widowed,Craft-repair,Unmarried,Black,Female,United-States,<=50K,148590,0,0,40
4055,43,Private,HS-grad,9,Married-civ-spouse,Sales,Other-relative,White,Female,Poland,<=50K,168412,0,0,44
4056,50,Private,HS-grad,9,Never-married,Tech-support,Own-child,White,Male,United-States,<=50K,144968,0,0,15
4057,55,Private,Bachelors,13,Married-civ-spouse,Prof-specialty,Husband,White,Male,United-States,>50K,198145,7298,0,40
4058,29,Local-gov,Some-college,10,Never-married,Adm-clerical,Not-in-family,Other,Male,Ecuador,<=50K,205262,0,0,40
4059,41,Private,Some-college,10,Divorced,Tech-support,Not-in-family,White,Male,United-States,<=50K,187802,0,0,50
4060,26,Private,HS-grad,9,Never-married,Craft-repair,Own-child,White,Male,United-States,<=50K,335533,0,0,20
4061,26,Local-gov,Some-college,10,Never-married,Protective-serv,Own-child,White,Male,United-States,<=50K,283217,0,0,40
4062,39,Private,Some-college,10,Married-civ-spouse,Sales,Husband,White,Male,United-States,<=50K.,312271,0,0,60
4063,24,Private,HS-grad,9,Never-married,Handlers-cleaners,Own-child,White,Male,United-States,<=50K.,234663,0,0,60
4064,63,Private,Masters,14,Married-civ-spouse,Tech-support,Husband,White,Male,United-States,<=50K,308028,5013,0,40
4065,25,State-gov,Masters,14,Never-married,Exec-managerial,Not-in-family,White,Male,United-States,<=50K,104097,0,0,40
4066,47,Private,HS-grad,9,Married-civ-spouse,Handlers-cleaners,Husband,White,Male,,<=50K,256522,0,0,40
4067,67,,HS-grad,9,Widowed,,Other-relative,White,Female,United-States,<=50K,92061,0,0,8
4068,26,Private,HS-grad,9,Never-married,Exec-managerial,Not-in-family,White,Female,United-States,<=50K,34803,0,0,40
4069,41,Private,HS-grad,9,Married-civ-spouse,Exec-managerial,Husband,White,Male,United-States,>50K,171550,0,0,40
4070,26,Private,Assoc-acdm,12,Never-married,Tech-support,Not-in-family,White,Male,United-States,<=50K.,136309,0,0,50
4071,44,Local-gov,Some-college,10,Married-civ-spouse,Craft-repair,Husband,White,Male,United-States,<=50K.,354230,0,0,40
4072,61,Private,HS-grad,9,Widowed,Exec-managerial,Not-in-family,White,Female,United-States,<=50K,162432,0,0,40
4073,40,Private,Assoc-acdm,12,Divorced,Other-service,Not-in-family,White,Female,United-States,<=50K,150471,0,0,40
4074,33,Local-gov,Bachelors,13,Never-married,Exec-managerial,Not-in-family,White,Female,United-States,<=50K,251521,0,0,50
4075,55,Private,HS-grad,9,Divorced,Exec-managerial,Not-in-family,White,Female,United-States,<=50K.,217241,0,0,40
4076,35,Private,HS-grad,9,Never-married,Machine-op-inspct,Unmarried,White,Female,United-States,<=50K.,230279,0,0,40
4077,47,Private,HS-grad,9,Never-married,Tech-support,Other-relative,White,Male,United-States,<=50K,225456,0,0,50
4078,42,Self-emp-inc,HS-grad,9,Married-civ-spouse,Craft-repair,Husband,White,Male,United-States,<=50K.,282069,0,0,40
4079,20,,Some-college,10,Never-married,,Own-child,White,Female,United-States,<=50K,163911,0,0,40
4080,51,Self-emp-inc,Some-college,10,Divorced,Sales,Own-child,White,Female,United-States,<=50K.,182211,0,0,70
4081,49,Private,Prof-school,15,Never-married,Prof-specialty,Not-in-family,White,Female,United-States,>50K,43206,0,0,55
4082,24,Private,Bachelors,13,Never-married,Other-service,Not-in-family,White,Male,United-States,<=50K,174043,0,0,40
4083,50,Private,Masters,14,Married-civ-spouse,Prof-specialty,Wife,White,Female,United-States,<=50K,220019,0,0,40
4084,53,Private,HS-grad,9,Married-civ-spouse,Exec-managerial,Husband,White,Male,United-States,<=50K,64322,0,0,40
4085,52,Private,HS-grad,9,Married-civ-spouse,Machine-op-inspct,Husband,White,Male,United-States,>50K,81859,0,0,48
4086,35,,Some-college,10,Never-married,,Not-in-family,Black,Male,United-States,<=50K,273558,0,0,30
4087,54,Private,HS-grad,9,Married-civ-spouse,Machine-op-inspct,Husband,White,Male,England,>50K,181132,0,0,40
4088,35,Private,HS-grad,9,Married-civ-spouse,Machine-op-inspct,Husband,White,Male,United-States,<=50K.,261646,0,0,40
4089,43,Private,Bachelors,13,Separated,Prof-specialty,Unmarried,White,Female,United-States,<=50K,173728,0,0,40
4090,24,Private,Some-college,10,Never-married,Other-service,Not-in-family,White,Female,United-States,<=50K,117167,0,0,53
4091,30,Private,Some-college,10,Married-civ-spouse,Exec-managerial,Husband,White,Male,United-States,<=50K.,111363,0,0,40
4092,74,Local-gov,7th-8th,4,Married-civ-spouse,Protective-serv,Husband,White,Male,United-States,<=50K.,214514,0,0,40
4093,35,Private,Some-college,10,Married-civ-spouse,Sales,Husband,White,Male,United-States,<=50K,160910,0,0,50
4094,34,Private,Some-college,10,Married-civ-spouse,Machine-op-inspct,Husband,White,Male,United-States,>50K,179877,0,0,40
4095,37,Private,Bachelors,13,Married-civ-spouse,Exec-managerial,Husband,White,Male,United-States,>50K,73471,0,1887,47
4096,25,Private,HS-grad,9,Never-married,Handlers-cleaners,Not-in-family,White,Male,England,<=50K,31350,0,0,60
4097,64,Self-emp-not-inc,Some-college,10,Never-married,Prof-specialty,Not-in-family,White,Female,United-States,<=50K,47462,0,0,35
4098,19,Private,HS-grad,9,Never-married,Machine-op-inspct,Other-relative,White,Male,United-States,<=50K,198663,0,0,40
4099,45,Private,HS-grad,9,Divorced,Exec-managerial,Not-in-family,White,Male,United-States,>50K,229967,13550,0,50
4100,49,Private,HS-grad,9,Widowed,Exec-managerial,Not-in-family,Black,Female,United-States,<=50K.,165539,0,0,35
4101,29,Private,HS-grad,9,Married-spouse-absent,Adm-clerical,Own-child,White,Female,United-States,<=50K,169631,0,0,40
4102,38,State-gov,Bachelors,13,Never-married,Exec-managerial,Not-in-family,White,Female,United-States,<=50K.,143059,0,0,45
4103,36,Private,HS-grad,9,Married-civ-spouse,Machine-op-inspct,Husband,White,Male,United-States,<=50K.,172706,0,0,40
4104,34,Self-emp-inc,Assoc-acdm,12,Married-civ-spouse,Adm-clerical,Wife,White,Female,United-States,<=50K,114733,0,0,36
4105,19,Private,Some-college,10,Never-married,Other-service,Own-child,White,Female,United-States,<=50K,98605,0,0,20
4106,41,Private,Bachelors,13,Married-civ-spouse,Prof-specialty,Wife,White,Female,United-States,>50K.,425444,15024,0,50
4107,28,Private,HS-grad,9,Married-civ-spouse,Transport-moving,Husband,White,Male,United-States,<=50K,215014,0,0,50
4108,32,Private,Bachelors,13,Married-civ-spouse,Handlers-cleaners,Husband,White,Male,United-States,>50K,29933,0,0,50
4109,28,Private,9th,5,Married-civ-spouse,Other-service,Other-relative,White,Female,United-States,<=50K.,425127,0,0,35
4110,35,Private,Doctorate,16,Never-married,Prof-specialty,Not-in-family,White,Female,United-States,>50K,406051,0,0,80
4111,30,Private,HS-grad,9,Never-married,Sales,Not-in-family,White,Female,United-States,<=50K,117393,0,0,40
4112,20,Private,9th,5,Never-married,Transport-moving,Unmarried,White,Male,United-States,<=50K.,199698,0,0,35
4113,34,Private,HS-grad,9,Married-civ-spouse,Craft-repair,Husband,White,Male,United-States,<=50K,183778,0,0,40
4114,36,Private,Bachelors,13,Married-civ-spouse,Prof-specialty,Husband,White,Male,United-States,<=50K,105021,0,0,55
4115,44,Private,Masters,14,Married-civ-spouse,Adm-clerical,Husband,White,Male,United-States,<=50K,456236,0,0,40
4116,52,Federal-gov,Masters,14,Married-civ-spouse,Exec-managerial,Husband,White,Male,United-States,<=50K,192386,5013,0,40
4117,27,Local-gov,Bachelors,13,Never-married,Prof-specialty,Own-child,White,Male,United-States,<=50K,247507,0,0,35
4118,51,Private,Bachelors,13,Married-civ-spouse,Prof-specialty,Husband,White,Male,United-States,>50K,95946,0,0,50
4119,20,Private,Some-college,10,Never-married,Craft-repair,Own-child,White,Male,United-States,<=50K,217467,0,0,40
4120,39,Private,HS-grad,9,Married-civ-spouse,Craft-repair,Husband,White,Male,United-States,<=50K,29814,0,0,40
4121,22,,Some-college,10,Never-married,,Not-in-family,White,Male,United-States,<=50K.,118910,0,0,43
4122,19,Private,HS-grad,9,Never-married,Farming-fishing,Own-child,White,Male,United-States,<=50K,46162,0,0,25
4123,40,Private,HS-grad,9,Divorced,Adm-clerical,Unmarried,Black,Female,United-States,<=50K.,158275,0,625,40
4124,25,Private,Bachelors,13,Married-civ-spouse,Exec-managerial,Husband,White,Male,United-States,>50K,404616,0,0,40
4125,43,Self-emp-not-inc,HS-grad,9,Married-civ-spouse,Craft-repair,Husband,White,Male,United-States,<=50K,350387,0,0,60
4126,42,Private,Masters,14,Married-civ-spouse,Prof-specialty,Wife,White,Female,United-States,>50K,183241,0,0,45
4127,35,,HS-grad,9,Widowed,,Own-child,White,Female,United-States,<=50K,119006,0,0,38
4128,34,Local-gov,HS-grad,9,Divorced,Protective-serv,Unmarried,White,Male,Portugal,<=50K,119411,0,0,40
4129,39,Private,Prof-school,15,Married-civ-spouse,Prof-specialty,Husband,White,Male,United-States,>50K.,218490,15024,0,60
4130,63,Federal-gov,HS-grad,9,Widowed,Exec-managerial,Not-in-family,White,Female,United-States,<=50K,154675,0,0,40
4131,36,Private,Prof-school,15,Never-married,Prof-specialty,Not-in-family,Other,Male,India,>50K,172104,0,0,40
4132,33,Private,Some-college,10,Never-married,Adm-clerical,Not-in-family,White,Female,United-States,<=50K.,252340,0,0,40
4133,24,Private,Bachelors,13,Never-married,Adm-clerical,Own-child,White,Female,United-States,<=50K.,206974,0,0,40
4134,23,Private,HS-grad,9,Never-married,Craft-repair,Not-in-family,White,Male,United-States,<=50K,195767,0,0,40
4135,35,,Assoc-acdm,12,Married-civ-spouse,,Wife,White,Female,United-States,>50K.,216068,5178,0,12
4136,39,Private,Some-college,10,Married-spouse-absent,Adm-clerical,Unmarried,Amer-Indian-Eskimo,Female,United-States,<=50K,78171,0,0,40
4137,24,Local-gov,Some-college,10,Never-married,Protective-serv,Not-in-family,White,Male,United-States,<=50K,69640,0,0,40
4138,47,Private,12th,8,Divorced,Other-service,Not-in-family,White,Female,United-States,<=50K.,158685,0,0,48
4139,26,State-gov,Bachelors,13,Never-married,Prof-specialty,Not-in-family,White,Female,United-States,<=50K.,205333,0,0,10
4140,34,Private,Bachelors,13,Never-married,Prof-specialty,Own-child,White,Female,United-States,<=50K,188798,0,0,40
4141,35,Private,Assoc-voc,11,Married-civ-spouse,Craft-repair,Husband,White,Male,United-States,<=50K.,187589,0,0,40
4142,34,Private,HS-grad,9,Never-married,Other-service,Unmarried,Amer-Indian-Eskimo,Female,United-States,<=50K,223678,0,0,32
4143,23,Private,HS-grad,9,Never-married,Adm-clerical,Not-in-family,White,Male,United-States,<=50K.,326587,0,0,40
4144,66,Self-emp-not-inc,HS-grad,9,Married-civ-spouse,Craft-repair,Wife,White,Female,United-States,<=50K.,44712,0,0,15
4145,27,Private,Some-college,10,Never-married,Adm-clerical,Not-in-family,White,Female,United-States,<=50K,158647,0,0,40
4146,59,Private,HS-grad,9,Separated,Adm-clerical,Unmarried,White,Female,United-States,<=50K.,66440,0,0,40
4147,40,Private,Some-college,10,Married-civ-spouse,Sales,Husband,White,Male,United-States,<=50K,230961,0,0,40
4148,18,Never-worked,Some-college,10,Never-married,,Own-child,White,Male,United-States,<=50K,153663,0,0,4
4149,22,Private,HS-grad,9,Married-civ-spouse,Transport-moving,Husband,Other,Male,Dominican-Republic,<=50K.,113464,0,0,40
4150,32,State-gov,HS-grad,9,Married-civ-spouse,Protective-serv,Husband,White,Male,United-States,<=50K,175931,0,0,40
4151,18,,11th,7,Never-married,,Own-child,White,Male,Mexico,<=50K.,457710,0,0,16
4152,41,Private,Bachelors,13,Married-civ-spouse,Exec-managerial,Husband,Asian-Pac-Islander,Male,Japan,>50K,22201,0,0,40
4153,51,Local-gov,Masters,14,Married-civ-spouse,Prof-specialty,Husband,White,Male,United-States,>50K,108435,0,0,80
4154,24,Self-emp-not-inc,Bachelors,13,Never-married,Farming-fishing,Unmarried,White,Male,United-States,<=50K,37440,0,0,50
4155,55,State-gov,HS-grad,9,Married-civ-spouse,Farming-fishing,Husband,White,Male,United-States,>50K,169482,0,0,40
4156,31,Self-emp-inc,Some-college,10,Never-married,Exec-managerial,Not-in-family,White,Male,United-States,>50K,455995,0,0,65
4157,17,Local-gov,11th,7,Never-married,Prof-specialty,Own-child,Black,Male,United-States,<=50K,173497,0,0,15
4158,23,,Assoc-voc,11,Never-married,,Not-in-family,Amer-Indian-Eskimo,Female,United-States,<=50K,55492,0,0,30
4159,28,,Bachelors,13,Never-married,,Own-child,White,Male,United-States,<=50K,37215,0,0,45
4160,26,Private,Bachelors,13,Never-married,Prof-specialty,Not-in-family,White,Female,United-States,<=50K,96467,0,0,40
4161,58,Private,7th-8th,4,Widowed,Other-service,Not-in-family,Other,Female,United-States,<=50K,247276,0,0,30
4162,53,Federal-gov,Some-college,10,Married-civ-spouse,Adm-clerical,Husband,White,Male,United-States,>50K,170354,0,0,40
4163,59,Private,Some-college,10,Never-married,Prof-specialty,Not-in-family,White,Female,United-States,>50K.,109015,0,0,38
4164,32,Private,11th,7,Married-civ-spouse,Machine-op-inspct,Husband,White,Male,United-States,<=50K,195576,0,0,40
4165,37,Private,Bachelors,13,Married-civ-spouse,Prof-specialty,Husband,White,Male,United-States,>50K.,241153,15024,0,50
4166,27,Private,Assoc-voc,11,Married-civ-spouse,Other-service,Husband,White,Male,United-States,<=50K,176683,0,0,60
4167,27,Local-gov,Bachelors,13,Married-civ-spouse,Protective-serv,Husband,White,Male,United-States,>50K,230885,0,0,45
4168,37,Local-gov,Masters,14,Divorced,Exec-managerial,Not-in-family,White,Female,United-States,<=50K,89491,0,0,40
4169,50,Private,HS-grad,9,Never-married,Handlers-cleaners,Own-child,White,Male,United-States,<=50K,182907,0,0,25
4170,64,Local-gov,HS-grad,9,Married-civ-spouse,Prof-specialty,Wife,White,Female,United-States,<=50K.,181628,0,0,20
4171,36,Private,Prof-school,15,Never-married,Exec-managerial,Not-in-family,White,Male,United-States,>50K,184456,27828,0,50
4172,43,Private,Bachelors,13,Married-civ-spouse,Transport-moving,Husband,White,Male,United-States,>50K.,176716,0,0,70
4173,59,Private,HS-grad,9,Married-civ-spouse,Handlers-cleaners,Husband,White,Male,United-States,>50K,395736,0,0,40
4174,25,Private,Some-college,10,Never-married,Sales,Own-child,White,Female,United-States,<=50K,212800,0,0,40
4175,46,Private,Bachelors,13,Married-civ-spouse,Tech-support,Husband,White,Male,United-States,<=50K,191357,0,0,40
4176,34,,Some-college,10,Married-civ-spouse,,Wife,White,Female,United-States,>50K,317219,0,0,20
4177,56,Private,7th-8th,4,Married-civ-spouse,Exec-managerial,Husband,White,Male,United-States,>50K,197369,0,0,40
4178,37,Private,HS-grad,9,Divorced,Sales,Unmarried,White,Female,United-States,<=50K.,159383,0,0,40
4179,28,Private,HS-grad,9,Divorced,Transport-moving,Not-in-family,White,Male,United-States,<=50K,87239,0,0,50
4180,26,Private,Assoc-voc,11,Married-civ-spouse,Craft-repair,Husband,White,Male,United-States,>50K,112754,0,0,65
4181,46,Private,11th,7,Widowed,Machine-op-inspct,Not-in-family,Black,Male,United-States,<=50K.,269045,0,0,40
4182,25,Private,HS-grad,9,Married-spouse-absent,Farming-fishing,Not-in-family,Other,Male,Mexico,<=50K,374163,0,0,40
4183,78,,7th-8th,4,Married-civ-spouse,,Husband,White,Male,United-States,<=50K,292019,0,0,20
4184,29,Private,Bachelors,13,Married-civ-spouse,Sales,Husband,White,Male,United-States,>50K.,163167,0,0,55
4185,58,Private,HS-grad,9,Divorced,Sales,Not-in-family,White,Female,United-States,<=50K,128162,0,0,24
4186,28,Self-emp-inc,Assoc-voc,11,Never-married,Sales,Not-in-family,White,Male,United-States,<=50K,32922,0,0,60
4187,27,Private,Bachelors,13,Never-married,Sales,Own-child,White,Male,United-States,<=50K,169815,0,0,40
4188,26,Private,Some-college,10,Divorced,Exec-managerial,Not-in-family,White,Female,United-States,<=50K,141824,0,0,40
4189,33,Self-emp-inc,HS-grad,9,Married-civ-spouse,Sales,Husband,White,Male,United-States,>50K.,154227,0,0,50
4190,40,Private,HS-grad,9,Never-married,Other-service,Not-in-family,White,Female,United-States,<=50K,130571,0,0,40
4191,50,Self-emp-not-inc,Bachelors,13,Married-civ-spouse,Sales,Husband,White,Male,United-States,<=50K,386397,0,0,60
4192,20,Private,Some-college,10,Never-married,Other-service,Own-child,White,Female,United-States,<=50K,379525,0,0,10
4193,27,Private,Some-college,10,Married-civ-spouse,Machine-op-inspct,Husband,White,Male,United-States,<=50K.,169544,0,0,50
4194,31,Private,11th,7,Married-civ-spouse,Farming-fishing,Husband,White,Male,Mexico,<=50K,123430,0,0,65
4195,49,Private,Some-college,10,Separated,Exec-managerial,Not-in-family,White,Female,United-States,>50K,186982,0,0,45
4196,55,Private,Assoc-voc,11,Married-civ-spouse,Prof-specialty,Husband,White,Male,Germany,>50K,124808,0,1977,50
4197,67,Without-pay,HS-grad,9,Married-civ-spouse,Adm-clerical,Husband,Asian-Pac-Islander,Male,Philippines,<=50K,137192,0,0,12
4198,21,Private,HS-grad,9,Never-married,Machine-op-inspct,Own-child,White,Male,United-States,<=50K.,100345,0,0,40
4199,29,Private,HS-grad,9,Never-married,Tech-support,Not-in-family,White,Male,United-States,<=50K,95465,0,0,42
4200,28,Private,Assoc-acdm,12,Never-married,Other-service,Not-in-family,White,Female,United-States,<=50K,150296,0,0,80
4201,24,Private,HS-grad,9,Never-married,Handlers-cleaners,Not-in-family,White,Female,United-States,<=50K,275093,0,0,36
4202,48,Private,Some-college,10,Married-civ-spouse,Craft-repair,Husband,White,Male,United-States,<=50K.,148995,0,0,60
4203,53,Private,Bachelors,13,Married-civ-spouse,Prof-specialty,Husband,White,Male,United-States,>50K,31588,0,0,52
4204,37,Private,HS-grad,9,Married-civ-spouse,Craft-repair,Husband,White,Male,United-States,<=50K,342768,0,0,40
4205,25,Private,Assoc-acdm,12,Never-married,Craft-repair,Not-in-family,White,Male,United-States,<=50K,248612,0,0,30
4206,24,State-gov,Bachelors,13,Never-married,Exec-managerial,Not-in-family,White,Female,United-States,<=50K.,322658,0,0,40
4207,64,Private,HS-grad,9,Married-civ-spouse,Prof-specialty,Husband,White,Male,United-States,<=50K.,148956,0,0,30
4208,36,Private,HS-grad,9,Married-civ-spouse,Transport-moving,Husband,White,Male,United-States,<=50K.,73023,0,0,70
4209,66,Local-gov,HS-grad,9,Married-civ-spouse,Exec-managerial,Husband,White,Male,United-States,<=50K,179285,3432,0,20
4210,28,Private,Bachelors,13,Married-civ-spouse,Sales,Husband,White,Male,United-States,>50K,70034,0,0,45
4211,28,,HS-grad,9,Separated,,Unmarried,White,Female,Mexico,<=50K,201844,0,0,40
4212,32,Self-emp-not-inc,11th,7,Divorced,Craft-repair,Not-in-family,White,Male,United-States,<=50K.,360689,0,0,50
4213,32,Private,Some-college,10,Married-civ-spouse,Exec-managerial,Husband,Asian-Pac-Islander,Male,South,<=50K.,180303,0,0,70
4214,31,Private,Bachelors,13,Married-civ-spouse,Sales,Husband,White,Male,United-States,<=50K,145377,0,0,60
4215,35,Private,HS-grad,9,Divorced,Tech-support,Unmarried,Amer-Indian-Eskimo,Female,United-States,<=50K.,99462,0,0,40
4216,33,Self-emp-not-inc,Assoc-voc,11,Divorced,Tech-support,Unmarried,Black,Male,United-States,<=50K.,656488,0,0,50
4217,21,,Some-college,10,Never-married,,Not-in-family,White,Male,United-States,<=50K.,117210,0,0,40
4218,62,Self-emp-not-inc,Prof-school,15,Married-civ-spouse,Prof-specialty,Husband,White,Male,United-States,>50K,162347,0,0,15
4219,54,Private,Some-college,10,Married-civ-spouse,Transport-moving,Husband,White,Male,United-States,>50K,284129,0,0,45
4220,33,Local-gov,12th,8,Never-married,Machine-op-inspct,Not-in-family,White,Male,United-States,<=50K.,184440,0,0,36
4221,38,Self-emp-inc,Some-college,10,Married-civ-spouse,Exec-managerial,Husband,White,Male,United-States,>50K,125324,0,0,80
4222,26,Private,Bachelors,13,Never-married,Prof-specialty,Not-in-family,White,Female,United-States,<=50K,37202,0,0,45
4223,21,Private,HS-grad,9,Never-married,Craft-repair,Own-child,White,Male,United-States,<=50K.,266467,0,2205,40
4224,35,Private,Assoc-acdm,12,Married-civ-spouse,Prof-specialty,Other-relative,White,Male,United-States,>50K.,327164,0,0,40
4225,41,Private,Some-college,10,Never-married,Other-service,Own-child,White,Male,United-States,<=50K.,381510,0,0,50
4226,30,Private,Bachelors,13,Married-civ-spouse,Prof-specialty,Wife,White,Female,United-States,>50K,162442,7688,0,50
4227,20,Private,HS-grad,9,Never-married,Sales,Other-relative,White,Male,United-States,<=50K,391679,0,0,60
4228,17,Private,11th,7,Never-married,Other-service,Own-child,White,Male,United-States,<=50K,148522,0,1721,15
4229,49,Private,HS-grad,9,Married-civ-spouse,Other-service,Husband,White,Male,United-States,<=50K.,165937,0,0,40
4230,44,Private,HS-grad,9,Divorced,Craft-repair,Not-in-family,White,Male,United-States,<=50K,202565,0,0,45
4231,75,Self-emp-inc,Doctorate,16,Widowed,Prof-specialty,Not-in-family,White,Male,United-States,>50K.,152519,25124,0,20
4232,18,Private,HS-grad,9,Married-spouse-absent,Other-service,Own-child,Black,Male,Jamaica,<=50K,151386,0,0,40
4233,50,Private,Masters,14,Married-civ-spouse,Exec-managerial,Husband,White,Male,United-States,>50K,108435,99999,0,60
4234,26,Private,Bachelors,13,Never-married,Adm-clerical,Own-child,Black,Female,United-States,<=50K,132572,0,0,40
4235,38,Private,5th-6th,3,Married-civ-spouse,Machine-op-inspct,Husband,White,Male,Mexico,<=50K,222450,0,0,40
4236,29,Private,HS-grad,9,Divorced,Machine-op-inspct,Own-child,White,Female,United-States,<=50K,107998,0,0,40
4237,52,Private,Bachelors,13,Married-civ-spouse,Prof-specialty,Husband,White,Male,United-States,>50K.,114674,0,0,52
4238,21,Private,HS-grad,9,Never-married,Adm-clerical,Own-child,White,Female,United-States,<=50K.,183747,0,0,40
4239,47,Local-gov,Masters,14,Married-civ-spouse,Exec-managerial,Husband,White,Male,United-States,>50K,285060,0,1977,41
4240,23,Private,Some-college,10,Never-married,Sales,Not-in-family,White,Male,United-States,<=50K,194247,0,0,40
4241,28,Private,HS-grad,9,Married-civ-spouse,Craft-repair,Husband,White,Male,United-States,<=50K.,194690,0,0,40
4242,50,Private,Bachelors,13,Divorced,Sales,Not-in-family,White,Male,United-States,<=50K,72351,0,0,45
4243,25,Self-emp-not-inc,Bachelors,13,Never-married,Prof-specialty,Own-child,White,Male,United-States,<=50K,210278,0,0,30
4244,42,Self-emp-not-inc,Some-college,10,Married-civ-spouse,Farming-fishing,Husband,White,Male,United-States,<=50K.,40024,0,0,66
4245,40,Local-gov,HS-grad,9,Never-married,Adm-clerical,Other-relative,Black,Female,United-States,<=50K.,210275,0,0,40
4246,30,Private,HS-grad,9,Never-married,Machine-op-inspct,Other-relative,White,Male,Vietnam,<=50K,113364,0,0,40
4247,37,Private,10th,6,Married-civ-spouse,Farming-fishing,Husband,White,Male,United-States,<=50K.,119992,0,0,40
4248,50,Private,Some-college,10,Married-civ-spouse,Exec-managerial,Husband,White,Male,United-States,>50K,171338,99999,0,50
4249,31,Private,HS-grad,9,Married-civ-spouse,Other-service,Husband,White,Male,United-States,<=50K,118161,0,0,40
4250,56,Self-emp-not-inc,Assoc-acdm,12,Married-civ-spouse,Farming-fishing,Wife,White,Female,United-States,<=50K,84774,0,0,40
4251,19,Private,Some-college,10,Never-married,Machine-op-inspct,Other-relative,White,Male,United-States,<=50K,280071,0,0,50
4252,37,Private,HS-grad,9,Married-civ-spouse,Craft-repair,Husband,White,Male,United-States,<=50K.,224566,0,0,40
4253,26,Private,Masters,14,Never-married,Prof-specialty,Not-in-family,White,Female,United-States,<=50K,68001,0,0,40
4254,39,Private,Bachelors,13,Married-civ-spouse,Sales,Husband,White,Male,United-States,<=50K.,205338,0,0,60
4255,30,Private,12th,8,Married-civ-spouse,Craft-repair,Husband,White,Male,United-States,<=50K,142675,0,0,50
4256,24,Private,HS-grad,9,Never-married,Transport-moving,Own-child,Asian-Pac-Islander,Male,,<=50K,184400,0,0,30
4257,53,Federal-gov,HS-grad,9,Married-civ-spouse,Adm-clerical,Husband,White,Male,United-States,<=50K,68985,0,0,40
4258,29,Private,11th,7,Never-married,Craft-repair,Not-in-family,White,Male,United-States,<=50K.,131712,0,0,40
4259,53,State-gov,Doctorate,16,Married-civ-spouse,Prof-specialty,Husband,White,Male,,>50K,104501,0,0,40
4260,29,Private,HS-grad,9,Never-married,Machine-op-inspct,Own-child,Asian-Pac-Islander,Male,Germany,<=50K,82393,0,0,40
4261,56,Private,Bachelors,13,Never-married,Prof-specialty,Not-in-family,White,Female,Mexico,<=50K,266091,0,0,45
4262,55,Private,Some-college,10,Divorced,Adm-clerical,Not-in-family,White,Female,United-States,<=50K.,181974,0,0,40
4263,36,Private,Bachelors,13,Never-married,Adm-clerical,Not-in-family,White,Female,United-States,<=50K,321760,0,0,17
4264,32,Private,Some-college,10,Never-married,Craft-repair,Not-in-family,White,Male,United-States,<=50K,97723,0,0,38
4265,37,State-gov,Assoc-acdm,12,Divorced,Prof-specialty,Unmarried,White,Female,United-States,<=50K,108293,0,0,38
4266,17,Private,11th,7,Never-married,Priv-house-serv,Own-child,White,Female,United-States,<=50K,47199,0,0,24
4267,58,,11th,7,Divorced,,Not-in-family,Black,Male,United-States,<=50K,347692,0,0,15
4268,19,Private,Some-college,10,Never-married,Other-service,Own-child,White,Female,United-States,<=50K,187724,0,0,25
4269,43,Private,Some-college,10,Married-civ-spouse,Machine-op-inspct,Husband,Black,Male,United-States,<=50K,152420,0,0,50
4270,44,Private,HS-grad,9,Married-civ-spouse,Sales,Wife,White,Female,United-States,<=50K,111502,0,0,40
4271,29,,HS-grad,9,Divorced,,Not-in-family,White,Male,United-States,<=50K,297054,0,0,40
4272,19,Private,HS-grad,9,Never-married,Craft-repair,Other-relative,White,Male,Mexico,<=50K,311974,0,0,25
4273,30,Private,HS-grad,9,Never-married,Machine-op-inspct,Own-child,White,Male,United-States,<=50K,169186,0,0,60
4274,20,Private,HS-grad,9,Never-married,Other-service,Not-in-family,White,Male,United-States,<=50K,146879,0,2001,40
4275,59,Private,Some-college,10,Never-married,Adm-clerical,Unmarried,White,Female,Scotland,<=50K.,129762,0,0,40
4276,24,Private,Some-college,10,Never-married,Other-service,Not-in-family,White,Male,United-States,<=50K.,30656,0,0,24
4277,30,Private,Some-college,10,Never-married,Sales,Not-in-family,White,Male,United-States,<=50K.,187560,0,0,50
4278,33,Private,Some-college,10,Divorced,Craft-repair,Unmarried,White,Male,United-States,<=50K,99309,0,0,50
4279,49,Private,1st-4th,2,Never-married,Machine-op-inspct,Other-relative,White,Female,Mexico,<=50K.,403061,0,0,40
4280,21,Private,Some-college,10,Never-married,Other-service,Not-in-family,White,Female,United-States,<=50K,294789,0,0,25
4281,29,Private,HS-grad,9,Married-civ-spouse,Sales,Wife,White,Female,United-States,>50K,126060,0,0,40
4282,35,Private,9th,5,Married-civ-spouse,Other-service,Husband,White,Male,Mexico,<=50K,328466,0,0,40
4283,41,Private,HS-grad,9,Married-civ-spouse,Adm-clerical,Husband,White,Male,United-States,>50K,314322,0,0,40
4284,55,Private,HS-grad,9,Divorced,Sales,Unmarried,White,Female,United-States,<=50K.,218456,0,0,40
4285,36,,HS-grad,9,Married-spouse-absent,,Unmarried,Black,Male,United-States,<=50K,389850,0,0,50
4286,20,Private,HS-grad,9,Never-married,Adm-clerical,Own-child,White,Female,United-States,<=50K,275190,0,0,40
4287,38,Private,HS-grad,9,Married-civ-spouse,Craft-repair,Husband,White,Male,United-States,<=50K.,190759,0,0,42
4288,35,Self-emp-not-inc,HS-grad,9,Divorced,Farming-fishing,Own-child,White,Male,United-States,<=50K,188563,0,0,50
4289,70,Self-emp-not-inc,Some-college,10,Married-civ-spouse,Exec-managerial,Husband,White,Male,United-States,>50K,143833,0,2246,40
4290,25,Private,Bachelors,13,Never-married,Prof-specialty,Not-in-family,White,Female,United-States,<=50K,172581,0,0,40
4291,62,Private,7th-8th,4,Widowed,Transport-moving,Not-in-family,Black,Male,United-States,<=50K.,171757,0,0,40
4292,29,Private,HS-grad,9,Married-civ-spouse,Craft-repair,Husband,White,Male,United-States,<=50K.,269786,0,0,40
4293,44,Private,Bachelors,13,Married-civ-spouse,Transport-moving,Husband,White,Male,United-States,>50K.,40024,0,0,52
4294,47,Private,HS-grad,9,Married-civ-spouse,Exec-managerial,Husband,White,Male,United-States,<=50K,155659,0,0,60
4295,29,Local-gov,Assoc-acdm,12,Never-married,Adm-clerical,Not-in-family,White,Male,United-States,<=50K,419722,3674,0,40
4296,24,Private,Preschool,1,Never-married,Machine-op-inspct,Own-child,White,Female,United-States,<=50K,196678,0,0,30
4297,54,Private,Bachelors,13,Never-married,Other-service,Own-child,Black,Female,United-States,<=50K,189607,0,0,36
4298,22,Private,Some-college,10,Never-married,Protective-serv,Own-child,Black,Female,United-States,<=50K,251196,0,0,20
4299,50,Private,Bachelors,13,Divorced,Sales,Not-in-family,White,Female,United-States,<=50K,133963,0,0,50
4300,54,,Some-college,10,Married-civ-spouse,,Husband,White,Male,United-States,<=50K,135840,0,0,50
4301,39,Private,Some-college,10,Separated,Prof-specialty,Unmarried,White,Female,United-States,<=50K,114591,0,0,40
4302,26,Private,Some-college,10,Married-civ-spouse,Exec-managerial,Husband,Asian-Pac-Islander,Male,United-States,<=50K.,269168,0,0,40
4303,19,Private,7th-8th,4,Never-married,Adm-clerical,Own-child,White,Male,United-States,<=50K,282698,0,0,80
4304,65,Private,Some-college,10,Widowed,Adm-clerical,Not-in-family,White,Female,United-States,<=50K,105116,2346,0,40
4305,48,Federal-gov,HS-grad,9,Married-civ-spouse,Adm-clerical,Wife,White,Female,United-States,>50K,167749,0,0,40
4306,41,Self-emp-not-inc,Some-college,10,Married-civ-spouse,Craft-repair,Husband,White,Male,United-States,<=50K.,280005,0,0,50
4307,31,Private,HS-grad,9,Never-married,Adm-clerical,Not-in-family,White,Female,United-States,<=50K,178841,0,0,40
4308,56,Private,HS-grad,9,Divorced,Transport-moving,Not-in-family,White,Male,United-States,<=50K,232139,0,0,40
4309,33,Private,10th,6,Never-married,Handlers-cleaners,Not-in-family,White,Male,United-States,<=50K,355996,0,0,40
4310,28,Private,9th,5,Married-civ-spouse,Sales,Husband,White,Male,United-States,<=50K,163265,4508,0,40
4311,52,Private,HS-grad,9,Married-civ-spouse,Sales,Husband,White,Male,United-States,<=50K,139176,0,0,8
4312,42,Private,Some-college,10,Married-civ-spouse,Craft-repair,Husband,White,Male,United-States,<=50K.,201520,0,0,50
4313,52,Private,HS-grad,9,Married-civ-spouse,Prof-specialty,Wife,White,Female,Peru,>50K.,240612,0,0,40
4314,35,Private,Bachelors,13,Never-married,Exec-managerial,Not-in-family,White,Male,United-States,<=50K.,222450,0,0,40
4315,33,Private,HS-grad,9,Divorced,Craft-repair,Not-in-family,White,Male,United-States,<=50K,263561,0,0,60
4316,21,Private,11th,7,Never-married,Handlers-cleaners,Own-child,White,Male,United-States,<=50K.,253583,0,0,45
4317,39,Private,11th,7,Divorced,Farming-fishing,Unmarried,White,Male,United-States,<=50K.,465334,0,0,1
4318,41,Private,HS-grad,9,Divorced,Transport-moving,Not-in-family,White,Male,United-States,<=50K.,137142,0,0,50
4319,25,Private,Some-college,10,Never-married,Other-service,Own-child,White,Female,United-States,<=50K.,167571,0,0,25
4320,57,Private,Some-college,10,Never-married,Handlers-cleaners,Own-child,Black,Male,United-States,<=50K,124852,0,0,40
4321,23,,Some-college,10,Never-married,,Not-in-family,White,Male,United-States,<=50K,114357,0,0,40
4322,53,Private,1st-4th,2,Divorced,Other-service,Unmarried,Black,Female,Dominican-Republic,<=50K,191565,0,0,40
4323,26,Private,HS-grad,9,Married-civ-spouse,Craft-repair,Husband,White,Male,United-States,<=50K,106548,0,0,50
4324,45,Local-gov,Some-college,10,Married-civ-spouse,Other-service,Wife,Black,Female,United-States,<=50K.,151267,0,0,25
4325,43,Self-emp-inc,Bachelors,13,Married-civ-spouse,Sales,Other-relative,Asian-Pac-Islander,Male,India,<=50K,140988,0,0,45
4326,60,Local-gov,Assoc-voc,11,Widowed,Adm-clerical,Not-in-family,Amer-Indian-Eskimo,Female,United-States,<=50K.,168381,0,0,40
4327,44,Local-gov,Some-college,10,Never-married,Other-service,Own-child,Black,Male,United-States,<=50K,34935,0,0,40
4328,42,Federal-gov,HS-grad,9,Divorced,Adm-clerical,Not-in-family,White,Female,United-States,<=50K,91468,0,0,40
4329,32,Private,Bachelors,13,Married-civ-spouse,Exec-managerial,Husband,Black,Male,England,>50K,295117,0,0,40
4330,25,Private,HS-grad,9,Married-civ-spouse,Adm-clerical,Other-relative,White,Male,United-States,<=50K,195481,0,0,40
4331,54,Self-emp-not-inc,Bachelors,13,Divorced,Exec-managerial,Not-in-family,White,Male,United-States,<=50K,154785,0,0,50
4332,36,Private,10th,6,Divorced,Exec-managerial,Unmarried,White,Female,United-States,<=50K,526968,0,0,40
4333,40,Private,Some-college,10,Divorced,Transport-moving,Not-in-family,Black,Female,United-States,<=50K,195892,0,0,40
4334,17,Self-emp-not-inc,11th,7,Never-married,Prof-specialty,Own-child,White,Female,United-States,<=50K.,103851,0,0,4
4335,48,Private,Bachelors,13,Divorced,Exec-managerial,Not-in-family,White,Female,United-States,>50K.,162236,0,0,50
4336,21,,Some-college,10,Never-married,,Own-child,White,Female,United-States,<=50K.,65481,0,0,30
4337,27,Self-emp-inc,12th,8,Married-civ-spouse,Adm-clerical,Husband,White,Male,United-States,>50K.,217848,0,0,40
4338,44,Federal-gov,Assoc-acdm,12,Divorced,Adm-clerical,Not-in-family,Black,Female,United-States,<=50K,139161,0,1741,40
4339,34,Private,HS-grad,9,Married-civ-spouse,Craft-repair,Husband,White,Male,United-States,>50K,149507,0,0,55
4340,52,Self-emp-inc,HS-grad,9,Married-civ-spouse,Sales,Husband,White,Male,United-States,>50K.,311259,0,0,40
4341,36,,HS-grad,9,Widowed,,Not-in-family,White,Female,United-States,<=50K,205396,0,0,4
4342,41,Private,Some-college,10,Married-civ-spouse,Sales,Husband,Asian-Pac-Islander,Male,United-States,<=50K.,70447,0,0,60
4343,22,Private,Assoc-acdm,12,Married-civ-spouse,Prof-specialty,Wife,White,Female,United-States,<=50K,115244,0,0,40
4344,59,Private,HS-grad,9,Never-married,Adm-clerical,Not-in-family,White,Male,Guatemala,<=50K,279636,0,0,50
4345,17,,10th,6,Never-married,,Own-child,White,Male,United-States,<=50K,64785,0,0,30
4346,26,Private,Some-college,10,Never-married,Prof-specialty,Not-in-family,White,Female,United-States,<=50K,64293,0,0,35
4347,34,Local-gov,HS-grad,9,Never-married,Adm-clerical,Own-child,White,Female,United-States,<=50K,166545,0,0,40
4348,30,Private,Some-college,10,Never-married,Adm-clerical,Not-in-family,White,Female,United-States,<=50K.,184542,0,0,40
4349,58,Federal-gov,Bachelors,13,Widowed,Prof-specialty,Unmarried,Amer-Indian-Eskimo,Female,United-States,<=50K.,26947,0,0,40
4350,31,Self-emp-not-inc,Some-college,10,Married-civ-spouse,Craft-repair,Husband,White,Male,United-States,<=50K,176862,0,0,40
4351,29,Private,HS-grad,9,Never-married,Adm-clerical,Not-in-family,White,Female,United-States,<=50K,236436,0,0,40
4352,37,Private,Doctorate,16,Married-civ-spouse,Prof-specialty,Wife,White,Female,United-States,<=50K,333305,0,0,35
4353,54,Private,Some-college,10,Married-civ-spouse,Handlers-cleaners,Husband,Black,Male,United-States,<=50K,163894,0,0,40
4354,67,Self-emp-not-inc,Some-college,10,Never-married,Prof-specialty,Not-in-family,White,Female,United-States,>50K.,176388,0,0,50
4355,81,Private,12th,8,Widowed,Sales,Not-in-family,White,Female,United-States,<=50K.,176500,0,0,30
4356,35,Private,Assoc-voc,11,Divorced,Transport-moving,Not-in-family,White,Male,United-States,<=50K,172571,0,0,50
4357,22,Private,Some-college,10,Never-married,Handlers-cleaners,Not-in-family,White,Female,United-States,<=50K,123727,0,0,30
4358,32,Private,HS-grad,9,Separated,Handlers-cleaners,Unmarried,Asian-Pac-Islander,Female,South,<=50K,114746,0,0,60
4359,17,Private,10th,6,Never-married,Handlers-cleaners,Own-child,White,Male,United-States,<=50K.,242605,0,0,15
4360,39,Private,HS-grad,9,Married-civ-spouse,Farming-fishing,Husband,White,Male,United-States,<=50K.,76417,0,0,40
4361,20,Private,HS-grad,9,Never-married,Adm-clerical,Not-in-family,White,Female,United-States,<=50K,154781,0,0,40
4362,48,Self-emp-not-inc,Some-college,10,Separated,Sales,Unmarried,White,Female,United-States,<=50K,191389,0,0,50
4363,28,Private,Preschool,1,Never-married,Farming-fishing,Not-in-family,White,Male,Mexico,<=50K.,203784,0,0,38
4364,23,Private,Assoc-voc,11,Never-married,Other-service,Own-child,White,Female,United-States,<=50K,140764,0,0,15
4365,45,Self-emp-not-inc,HS-grad,9,Married-civ-spouse,Craft-repair,Husband,White,Male,United-States,<=50K.,247053,0,0,40
4366,33,State-gov,Masters,14,Never-married,Prof-specialty,Not-in-family,Black,Female,United-States,<=50K,137616,0,0,35
4367,21,Private,Assoc-acdm,12,Never-married,Adm-clerical,Own-child,White,Male,United-States,<=50K,174714,0,0,35
4368,62,Private,Some-college,10,Married-civ-spouse,Sales,Husband,White,Male,United-States,>50K,247483,0,0,40
4369,47,Private,HS-grad,9,Married-civ-spouse,Machine-op-inspct,Husband,White,Male,United-States,<=50K,341762,0,0,40
4370,25,Private,HS-grad,9,Never-married,Handlers-cleaners,Other-relative,White,Male,United-States,<=50K,114150,0,0,40
4371,44,Private,Bachelors,13,Married-spouse-absent,Sales,Unmarried,Asian-Pac-Islander,Male,Laos,<=50K.,94706,0,0,40
4372,61,Private,Assoc-voc,11,Married-civ-spouse,Craft-repair,Husband,White,Male,United-States,>50K,115023,0,1887,60
4373,48,Private,Some-college,10,Married-civ-spouse,Craft-repair,Husband,White,Male,Germany,<=50K,50880,0,0,40
4374,57,,9th,5,Divorced,,Not-in-family,White,Male,United-States,<=50K,188877,0,0,40
4375,29,Private,HS-grad,9,Never-married,Machine-op-inspct,Not-in-family,White,Female,United-States,<=50K,193125,0,0,40
4376,45,Local-gov,Some-college,10,Divorced,Adm-clerical,Unmarried,Black,Female,United-States,<=50K,192684,0,0,38
4377,33,Local-gov,Some-college,10,Divorced,Adm-clerical,Unmarried,Black,Female,United-States,<=50K.,237298,0,0,40
4378,55,Private,11th,7,Never-married,Machine-op-inspct,Not-in-family,Black,Female,United-States,<=50K,49996,0,0,40
4379,17,Local-gov,9th,5,Never-married,Other-service,Own-child,Black,Male,United-States,<=50K,32124,0,0,9
4380,21,Private,HS-grad,9,Married-civ-spouse,Craft-repair,Husband,White,Male,United-States,<=50K,115420,0,0,50
4381,43,Local-gov,Masters,14,Never-married,Prof-specialty,Not-in-family,White,Male,United-States,<=50K,194360,0,0,38
4382,33,Self-emp-not-inc,HS-grad,9,Never-married,Other-service,Not-in-family,White,Female,United-States,<=50K,34102,0,0,35
4383,59,Private,12th,8,Divorced,Transport-moving,Other-relative,Black,Male,United-States,<=50K,61885,0,0,35
4384,41,Private,HS-grad,9,Married-civ-spouse,Adm-clerical,Husband,White,Male,United-States,<=50K.,230961,0,0,40
4385,69,,11th,7,Married-civ-spouse,,Husband,White,Male,United-States,<=50K,159077,0,0,48
4386,21,,Some-college,10,Never-married,,Own-child,White,Male,United-States,<=50K.,201418,0,0,30
4387,20,Private,HS-grad,9,Married-civ-spouse,Handlers-cleaners,Husband,White,Male,United-States,<=50K,189148,0,0,48
4388,51,Private,HS-grad,9,Married-civ-spouse,Craft-repair,Husband,White,Male,United-States,>50K,234057,0,0,45
4389,28,Private,12th,8,Married-civ-spouse,Machine-op-inspct,Husband,White,Male,United-States,<=50K.,303601,0,0,40
4390,33,Private,HS-grad,9,Divorced,Adm-clerical,Other-relative,White,Female,United-States,<=50K,264936,0,0,40
4391,24,Private,Bachelors,13,Never-married,Sales,Other-relative,White,Female,United-States,<=50K,204172,0,0,40
4392,25,Private,HS-grad,9,Never-married,Other-service,Own-child,White,Female,United-States,<=50K,174592,0,0,25
4393,46,Local-gov,Some-college,10,Married-civ-spouse,Protective-serv,Husband,White,Male,United-States,>50K,216414,0,0,40
4394,44,Local-gov,Bachelors,13,Married-civ-spouse,Prof-specialty,Husband,White,Male,United-States,>50K,144778,0,0,40
4395,25,Private,HS-grad,9,Never-married,Handlers-cleaners,Other-relative,White,Male,United-States,<=50K,362826,0,0,45
4396,30,Private,Assoc-voc,11,Never-married,Craft-repair,Not-in-family,White,Male,United-States,<=50K,200246,0,0,40
4397,25,,Assoc-acdm,12,Never-married,,Own-child,White,Male,United-States,<=50K.,420081,0,0,20
4398,29,Private,Assoc-voc,11,Separated,Craft-repair,Not-in-family,White,Male,United-States,<=50K,102345,0,0,40
4399,27,Private,Some-college,10,Never-married,Handlers-cleaners,Own-child,Black,Male,United-States,<=50K,617860,0,0,40
4400,21,Private,HS-grad,9,Never-married,Craft-repair,Not-in-family,Black,Male,United-States,<=50K,654141,0,0,32
4401,45,Private,Some-college,10,Divorced,Tech-support,Not-in-family,Black,Female,Trinadad&Tobago,<=50K,165232,0,0,40
4402,25,Private,HS-grad,9,Never-married,Machine-op-inspct,Not-in-family,White,Male,United-States,<=50K,177625,0,0,40
4403,40,Private,HS-grad,9,Divorced,Adm-clerical,Unmarried,White,Female,England,<=50K,29927,0,0,45
4404,26,Private,12th,8,Never-married,Craft-repair,Not-in-family,White,Male,Mexico,<=50K,292692,0,0,40
4405,74,Private,Masters,14,Divorced,Sales,Not-in-family,White,Female,United-States,<=50K,84197,0,0,10
4406,27,Private,HS-grad,9,Married-civ-spouse,Machine-op-inspct,Husband,White,Male,United-States,<=50K,134152,0,0,45
4407,25,Private,Bachelors,13,Never-married,Other-service,Not-in-family,White,Female,United-States,<=50K,193701,0,0,38
4408,60,Self-emp-not-inc,11th,7,Married-civ-spouse,Farming-fishing,Husband,White,Male,United-States,<=50K,33717,0,0,50
4409,27,Private,Some-college,10,Married-civ-spouse,Prof-specialty,Husband,White,Male,United-States,>50K,155057,0,0,50
4410,19,Private,HS-grad,9,Never-married,Other-service,Own-child,Black,Male,United-States,<=50K,355477,0,0,25
4411,34,Private,Some-college,10,Married-civ-spouse,Exec-managerial,Wife,White,Female,United-States,>50K,191856,7298,0,40
4412,39,Self-emp-not-inc,Bachelors,13,Married-civ-spouse,Exec-managerial,Husband,White,Male,United-States,<=50K.,339029,0,0,50
4413,48,Private,HS-grad,9,Married-civ-spouse,Tech-support,Husband,White,Male,United-States,<=50K,38950,0,0,89
4414,48,Private,5th-6th,3,Never-married,Priv-house-serv,Unmarried,White,Female,Nicaragua,<=50K,377140,0,0,35
4415,67,Self-emp-not-inc,HS-grad,9,Widowed,Other-service,Not-in-family,White,Female,United-States,<=50K,364862,0,0,30
4416,31,Private,Some-college,10,Never-married,Adm-clerical,Not-in-family,White,Male,United-States,<=50K,295922,0,0,40
4417,25,Self-emp-inc,Assoc-voc,11,Never-married,Transport-moving,Unmarried,White,Male,United-States,<=50K,158751,0,0,55
4418,36,Self-emp-not-inc,Doctorate,16,Never-married,Prof-specialty,Not-in-family,White,Male,,>50K,343721,0,0,30
4419,42,Private,Some-college,10,Married-civ-spouse,Exec-managerial,Wife,White,Female,El-Salvador,>50K,208875,0,0,40
4420,20,Private,Some-college,10,Never-married,Handlers-cleaners,Own-child,White,Male,United-States,<=50K,258298,0,0,20
4421,74,,Bachelors,13,Widowed,,Not-in-family,Other,Female,United-States,<=50K,89667,0,0,35
4422,70,Local-gov,HS-grad,9,Married-civ-spouse,Sales,Husband,White,Male,United-States,<=50K.,127463,0,0,40
4423,54,Private,HS-grad,9,Widowed,Other-service,Unmarried,White,Female,United-States,<=50K,96792,0,0,32
4424,30,Private,HS-grad,9,Married-civ-spouse,Craft-repair,Husband,White,Male,United-States,>50K.,179747,0,0,45
4425,40,Private,1st-4th,2,Married-spouse-absent,Machine-op-inspct,Unmarried,White,Female,Dominican-Republic,<=50K,153799,0,0,40
4426,42,Self-emp-not-inc,Prof-school,15,Divorced,Prof-specialty,Unmarried,White,Male,United-States,>50K,29320,0,0,60
4427,56,Private,7th-8th,4,Divorced,Machine-op-inspct,Not-in-family,White,Female,United-States,<=50K,117148,0,0,40
4428,42,Private,Assoc-acdm,12,Married-civ-spouse,Exec-managerial,Husband,White,Male,United-States,>50K,33126,0,0,60
4429,41,Private,HS-grad,9,Separated,Adm-clerical,Unmarried,White,Female,United-States,<=50K,185660,0,0,40
4430,56,Private,Bachelors,13,Married-civ-spouse,Prof-specialty,Husband,White,Male,United-States,>50K,208451,0,0,40
4431,26,Federal-gov,Assoc-voc,11,Never-married,Adm-clerical,Not-in-family,Other,Male,United-States,<=50K.,269353,0,0,55
4432,31,Private,HS-grad,9,Divorced,Craft-repair,Not-in-family,White,Male,United-States,<=50K,182246,0,0,45
4433,38,Private,10th,6,Separated,Adm-clerical,Unmarried,White,Male,United-States,<=50K,150601,0,3770,40
4434,32,Private,Bachelors,13,Never-married,Prof-specialty,Not-in-family,White,Male,United-States,>50K,207201,0,0,45
4435,32,Private,Assoc-voc,11,Divorced,Exec-managerial,Unmarried,White,Female,United-States,<=50K,141490,0,0,50
4436,32,Private,Some-college,10,Married-civ-spouse,Machine-op-inspct,Husband,White,Male,United-States,<=50K.,400535,0,0,40
4437,42,Private,Some-college,10,Married-civ-spouse,Prof-specialty,Husband,White,Male,United-States,>50K,204235,0,0,40
4438,32,Self-emp-not-inc,HS-grad,9,Married-civ-spouse,Exec-managerial,Husband,White,Male,United-States,<=50K,103642,0,0,55
4439,19,Private,HS-grad,9,Never-married,Handlers-cleaners,Own-child,White,Male,United-States,<=50K,261259,0,0,20
4440,23,,Assoc-voc,11,Never-married,,Unmarried,Black,Male,United-States,<=50K.,205690,0,0,40
4441,43,Private,Assoc-acdm,12,Divorced,Craft-repair,Not-in-family,White,Male,United-States,<=50K,173316,0,0,40
4442,29,Private,10th,6,Married-civ-spouse,Craft-repair,Husband,White,Male,United-States,<=50K.,195721,0,0,40
4443,80,,HS-grad,9,Married-civ-spouse,,Husband,White,Male,United-States,<=50K,172826,0,0,8
4444,49,Private,9th,5,Married-civ-spouse,Handlers-cleaners,Husband,White,Male,United-States,<=50K,182211,0,0,45
4445,28,Private,HS-grad,9,Married-civ-spouse,Craft-repair,Husband,White,Male,Portugal,<=50K,119793,0,0,40
4446,20,Private,HS-grad,9,Never-married,Other-service,Not-in-family,White,Female,United-States,<=50K,148509,0,0,40
4447,50,Private,HS-grad,9,Married-civ-spouse,Craft-repair,Husband,White,Male,United-States,<=50K,35224,0,0,40
4448,33,Private,5th-6th,3,Married-civ-spouse,Handlers-cleaners,Other-relative,White,Male,Mexico,<=50K.,488720,0,0,40
4449,34,State-gov,Bachelors,13,Never-married,Adm-clerical,Not-in-family,Black,Female,United-States,<=50K.,111843,3325,0,40
4450,42,Private,HS-grad,9,Separated,Other-service,Unmarried,White,Female,United-States,<=50K,192712,0,0,25
4451,49,Private,HS-grad,9,Married-civ-spouse,Craft-repair,Husband,White,Male,United-States,<=50K,76482,0,0,40
4452,28,Private,Masters,14,Married-spouse-absent,Sales,Not-in-family,White,Female,United-States,>50K,192283,0,0,80
4453,46,Self-emp-inc,HS-grad,9,Married-civ-spouse,Exec-managerial,Husband,White,Male,United-States,>50K.,168211,0,0,75
4454,39,Private,HS-grad,9,Divorced,Exec-managerial,Not-in-family,White,Male,United-States,<=50K,367260,0,0,80
4455,46,Private,Some-college,10,Married-civ-spouse,Prof-specialty,Husband,White,Male,United-States,<=50K,33794,0,0,10
4456,34,Private,11th,7,Never-married,Transport-moving,Unmarried,White,Male,United-States,<=50K,56150,0,0,40
4457,28,Private,Some-college,10,Married-civ-spouse,Exec-managerial,Husband,Asian-Pac-Islander,Male,Philippines,<=50K,154571,0,0,40
4458,25,Private,HS-grad,9,Divorced,Craft-repair,Not-in-family,White,Male,United-States,<=50K,221757,3325,0,45
4459,64,Private,HS-grad,9,Married-civ-spouse,Craft-repair,Husband,White,Male,United-States,<=50K.,113061,0,0,40
4460,61,Private,HS-grad,9,Divorced,Machine-op-inspct,Not-in-family,White,Female,United-States,<=50K.,163729,0,0,40
4461,41,Federal-gov,Doctorate,16,Married-civ-spouse,Prof-specialty,Husband,White,Male,United-States,>50K.,58447,7688,0,50
4462,37,Private,7th-8th,4,Married-civ-spouse,Prof-specialty,Wife,White,Female,United-States,<=50K.,160916,0,0,40
4463,41,Private,Some-college,10,Married-civ-spouse,Sales,Husband,White,Male,United-States,>50K,168730,0,0,50
4464,37,Self-emp-not-inc,Some-college,10,Never-married,Prof-specialty,Not-in-family,Black,Male,United-States,<=50K,255454,0,0,40
4465,27,Private,Bachelors,13,Never-married,Prof-specialty,Not-in-family,White,Male,United-States,<=50K.,214695,0,0,50
4466,46,Private,HS-grad,9,Divorced,Craft-repair,Not-in-family,White,Male,United-States,<=50K.,131939,0,0,40
4467,41,Private,HS-grad,9,Divorced,Priv-house-serv,Other-relative,Black,Female,United-States,<=50K,138907,0,0,40
4468,53,Local-gov,HS-grad,9,Married-civ-spouse,Exec-managerial,Husband,White,Male,United-States,<=50K,204397,0,0,60
4469,64,Self-emp-inc,Bachelors,13,Divorced,Sales,Not-in-family,White,Male,United-States,<=50K,142166,0,0,45
4470,38,Local-gov,Assoc-voc,11,Married-civ-spouse,Exec-managerial,Husband,White,Male,United-States,<=50K,256864,0,0,40
4471,42,Private,HS-grad,9,Married-civ-spouse,Craft-repair,Husband,White,Male,United-States,>50K.,143069,0,0,60
4472,30,Private,1st-4th,2,Separated,Priv-house-serv,Other-relative,White,Female,Mexico,<=50K.,398019,0,0,30
4473,22,Private,HS-grad,9,Never-married,Other-service,Unmarried,White,Female,United-States,<=50K,318915,0,0,40
4474,18,Private,HS-grad,9,Never-married,Handlers-cleaners,Own-child,White,Male,United-States,<=50K.,122988,0,0,20
4475,38,Private,HS-grad,9,Married-civ-spouse,Transport-moving,Husband,White,Male,United-States,<=50K,168322,0,0,60
4476,43,Private,Assoc-voc,11,Married-civ-spouse,Farming-fishing,Husband,White,Male,United-States,>50K,132130,0,0,40
4477,42,Private,Assoc-voc,11,Married-civ-spouse,Adm-clerical,Husband,White,Male,United-States,<=50K,212894,2407,0,40
4478,40,Private,11th,7,Never-married,Other-service,Other-relative,White,Male,United-States,<=50K,134026,0,0,40
4479,20,Private,Some-college,10,Never-married,Other-service,Not-in-family,White,Male,United-States,<=50K,32732,0,0,45
4480,49,Private,HS-grad,9,Married-civ-spouse,Craft-repair,Other-relative,White,Male,Nicaragua,<=50K.,248145,0,0,40
4481,51,Private,Some-college,10,Married-civ-spouse,Craft-repair,Husband,White,Male,United-States,>50K,53197,0,0,40
4482,40,Private,Assoc-voc,11,Married-civ-spouse,Craft-repair,Husband,White,Male,United-States,<=50K.,38389,0,0,40
4483,18,,11th,7,Never-married,,Own-child,White,Male,United-States,<=50K,175648,0,0,40
4484,47,Private,11th,7,Never-married,Transport-moving,Not-in-family,Black,Male,United-States,<=50K,161676,0,0,40
4485,68,Self-emp-not-inc,7th-8th,4,Widowed,Other-service,Not-in-family,White,Female,United-States,<=50K.,335701,0,0,40
4486,37,Private,HS-grad,9,Never-married,Farming-fishing,Not-in-family,Black,Male,United-States,<=50K,103408,0,0,40
4487,35,Local-gov,Bachelors,13,Divorced,Prof-specialty,Not-in-family,White,Male,Puerto-Rico,<=50K,162651,0,0,40
4488,25,,7th-8th,4,Never-married,,Not-in-family,White,Female,Mexico,<=50K,218948,0,0,32
4489,26,Private,Some-college,10,Married-civ-spouse,Transport-moving,Husband,White,Male,United-States,<=50K,170786,0,0,40
4490,26,Private,HS-grad,9,Never-married,Adm-clerical,Not-in-family,White,Female,United-States,<=50K.,201635,0,0,40
4491,31,Private,Bachelors,13,Never-married,Prof-specialty,Unmarried,Other,Male,United-States,<=50K,109020,0,0,40
4492,37,Private,HS-grad,9,Divorced,Tech-support,Unmarried,White,Male,United-States,<=50K.,166213,0,0,40
4493,73,Self-emp-not-inc,HS-grad,9,Married-civ-spouse,Exec-managerial,Husband,White,Male,United-States,<=50K,177387,0,0,40
4494,33,Self-emp-not-inc,Bachelors,13,Married-civ-spouse,Farming-fishing,Husband,White,Male,United-States,<=50K.,41210,0,0,75
4495,34,Private,Masters,14,Married-civ-spouse,Machine-op-inspct,Husband,White,Male,Poland,>50K.,245211,0,0,40
4496,43,Self-emp-inc,Doctorate,16,Never-married,Prof-specialty,Not-in-family,White,Male,United-States,>50K.,215458,99999,0,45
4497,58,Private,Some-college,10,Married-civ-spouse,Sales,Husband,Black,Male,United-States,<=50K,158002,0,0,40
4498,38,Private,HS-grad,9,Married-civ-spouse,Machine-op-inspct,Husband,White,Male,United-States,>50K,207202,0,0,48
4499,43,Private,HS-grad,9,Married-civ-spouse,Machine-op-inspct,Husband,White,Male,United-States,>50K.,248094,0,0,44
4500,38,Private,HS-grad,9,Married-civ-spouse,Craft-repair,Husband,White,Male,United-States,<=50K,173968,0,0,45
4501,20,Private,Some-college,10,Never-married,Sales,Other-relative,White,Male,United-States,<=50K.,325744,0,0,40
4502,65,Private,HS-grad,9,Divorced,Adm-clerical,Not-in-family,White,Female,United-States,<=50K,176796,0,0,40
4503,25,Private,Bachelors,13,Never-married,Prof-specialty,Own-child,White,Female,United-States,<=50K,209227,0,0,21
4504,24,Federal-gov,Some-college,10,Never-married,Adm-clerical,Not-in-family,Black,Female,United-States,<=50K.,290625,0,0,41
4505,70,Self-emp-inc,Bachelors,13,Divorced,Sales,Not-in-family,White,Female,United-States,<=50K.,99554,0,0,40
4506,36,Private,Some-college,10,Married-civ-spouse,Machine-op-inspct,Husband,White,Male,United-States,<=50K,177907,0,0,65
4507,32,Local-gov,Some-college,10,Married-civ-spouse,Protective-serv,Husband,White,Male,United-States,<=50K,113838,0,0,99
4508,43,Private,Assoc-acdm,12,Married-civ-spouse,Other-service,Husband,Black,Male,Haiti,<=50K.,257028,0,0,40
4509,77,,Assoc-voc,11,Married-spouse-absent,,Not-in-family,White,Female,United-States,<=50K,158847,0,0,25
4510,20,Private,HS-grad,9,Never-married,Craft-repair,Own-child,White,Male,United-States,<=50K,378546,0,0,25
4511,36,Private,HS-grad,9,Never-married,Craft-repair,Not-in-family,White,Male,United-States,<=50K.,266347,0,0,43
4512,22,Private,HS-grad,9,Never-married,Transport-moving,Not-in-family,White,Female,United-States,<=50K,186573,0,0,46
4513,39,Private,Bachelors,13,Never-married,Tech-support,Not-in-family,White,Female,United-States,<=50K.,229647,0,1669,40
4514,35,Private,Bachelors,13,Married-civ-spouse,Protective-serv,Husband,Black,Male,United-States,>50K.,274158,3103,0,40
4515,55,Self-emp-not-inc,Bachelors,13,Married-civ-spouse,Exec-managerial,Husband,White,Male,United-States,<=50K,185195,0,0,99
4516,51,Local-gov,HS-grad,9,Married-civ-spouse,Craft-repair,Husband,White,Male,United-States,>50K,26832,0,0,40
4517,29,Private,Some-college,10,Married-civ-spouse,Handlers-cleaners,Husband,White,Male,,>50K,368949,0,0,40
4518,30,Private,Bachelors,13,Divorced,Sales,Not-in-family,White,Male,United-States,>50K,327112,0,1564,40
4519,47,Private,HS-grad,9,Married-civ-spouse,Craft-repair,Husband,White,Male,United-States,>50K,115613,0,0,50
4520,43,Private,Some-college,10,Married-civ-spouse,Machine-op-inspct,Husband,White,Male,United-States,>50K.,108682,0,0,40
4521,48,Self-emp-inc,Some-college,10,Married-civ-spouse,Craft-repair,Husband,White,Male,United-States,>50K.,216214,3103,0,40
4522,63,,Some-college,10,Divorced,,Not-in-family,White,Female,United-States,<=50K,126540,0,0,5
4523,43,Private,Some-college,10,Married-civ-spouse,Sales,Husband,White,Male,United-States,>50K,35910,0,0,43
4524,40,Local-gov,Bachelors,13,Divorced,Tech-support,Not-in-family,White,Female,England,>50K,197012,8614,0,40
4525,22,Private,Bachelors,13,Never-married,Exec-managerial,Own-child,White,Male,United-States,<=50K,88126,0,0,40
4526,22,,Some-college,10,Never-married,,Own-child,White,Female,United-States,<=50K.,157332,0,0,40
4527,25,Private,Assoc-voc,11,Never-married,Craft-repair,Own-child,White,Male,United-States,<=50K.,269004,0,0,40
4528,31,Private,11th,7,Married-civ-spouse,Machine-op-inspct,Husband,White,Male,United-States,<=50K,118399,0,0,40
4529,43,Private,Bachelors,13,Married-civ-spouse,Exec-managerial,Husband,White,Male,United-States,>50K.,115562,99999,0,50
4530,48,Self-emp-not-inc,Bachelors,13,Divorced,Sales,Not-in-family,White,Male,United-States,<=50K.,48384,0,0,60
4531,31,Private,Some-college,10,Never-married,Other-service,Not-in-family,Amer-Indian-Eskimo,Female,United-States,<=50K.,307375,0,0,40
4532,21,,Some-college,10,Never-married,,Own-child,White,Female,United-States,<=50K,116934,0,0,40
4533,21,Private,HS-grad,9,Never-married,Handlers-cleaners,Own-child,White,Male,United-States,<=50K,259510,0,0,36
4534,50,Private,HS-grad,9,Divorced,Craft-repair,Not-in-family,White,Male,United-States,>50K,258819,0,0,40
4535,21,Private,Some-college,10,Never-married,Other-service,Own-child,White,Male,United-States,<=50K,163595,0,0,35
4536,34,Private,Assoc-acdm,12,Divorced,Sales,Unmarried,Black,Female,United-States,<=50K,175413,0,0,45
4537,22,Private,Some-college,10,Divorced,Adm-clerical,Unmarried,White,Female,United-States,<=50K,184543,0,0,40
4538,48,Private,10th,6,Divorced,Machine-op-inspct,Unmarried,White,Female,United-States,<=50K,254809,0,1594,32
4539,23,Local-gov,Bachelors,13,Never-married,Adm-clerical,Own-child,White,Female,Germany,<=50K.,57711,0,0,40
4540,41,Private,HS-grad,9,Married-civ-spouse,Handlers-cleaners,Husband,White,Male,United-States,<=50K,155106,0,0,40
4541,42,State-gov,Masters,14,Divorced,Prof-specialty,Unmarried,White,Female,United-States,<=50K.,178897,1151,0,40
4542,61,Federal-gov,Some-college,10,Married-civ-spouse,Adm-clerical,Husband,White,Male,United-States,>50K,136787,0,0,40
4543,21,Private,Some-college,10,Never-married,Other-service,Own-child,White,Male,United-States,<=50K,300812,0,0,25
4544,70,Private,Bachelors,13,Widowed,Machine-op-inspct,Other-relative,Asian-Pac-Islander,Male,Philippines,<=50K,304570,0,0,32
4545,26,State-gov,Masters,14,Never-married,Prof-specialty,Not-in-family,White,Female,United-States,<=50K.,158734,0,0,40
4546,61,,HS-grad,9,Married-civ-spouse,,Husband,White,Male,United-States,>50K,202106,0,1902,40
4547,32,Private,Bachelors,13,Never-married,Prof-specialty,Own-child,White,Male,United-States,<=50K,496743,0,0,40
4548,41,Self-emp-not-inc,Bachelors,13,Married-civ-spouse,Exec-managerial,Husband,White,Male,United-States,>50K.,33474,0,0,55
4549,47,Private,HS-grad,9,Divorced,Other-service,Not-in-family,White,Female,United-States,<=50K,22900,0,0,40
4550,37,Federal-gov,HS-grad,9,Never-married,Adm-clerical,Unmarried,Black,Female,United-States,<=50K.,54595,0,0,40
4551,71,Self-emp-not-inc,HS-grad,9,Married-civ-spouse,Farming-fishing,Husband,Amer-Indian-Eskimo,Male,United-States,<=50K,322789,0,0,35
4552,20,Private,Some-college,10,Married-civ-spouse,Sales,Husband,Black,Male,United-States,<=50K,50397,0,0,35
4553,65,Local-gov,11th,7,Married-civ-spouse,Transport-moving,Husband,White,Male,United-States,<=50K,240166,0,0,35
4554,34,Private,HS-grad,9,Never-married,Handlers-cleaners,Own-child,White,Male,United-States,<=50K.,87310,2174,0,40
4555,18,Private,10th,6,Never-married,Priv-house-serv,Own-child,Black,Female,United-States,<=50K,452452,0,0,20
4556,48,Private,Some-college,10,Never-married,Adm-clerical,Not-in-family,White,Female,United-States,<=50K,95661,0,0,43
4557,35,Private,Assoc-acdm,12,Never-married,Machine-op-inspct,Not-in-family,White,Male,United-States,<=50K.,240988,0,0,55
4558,44,Private,Some-college,10,Married-civ-spouse,Transport-moving,Husband,White,Male,United-States,<=50K,210525,0,0,40
4559,33,Private,HS-grad,9,Married-civ-spouse,Craft-repair,Husband,Black,Male,United-States,<=50K,273243,0,0,40
4560,32,Private,Some-college,10,Never-married,Prof-specialty,Not-in-family,White,Male,United-States,<=50K,249550,0,0,44
4561,38,State-gov,Prof-school,15,Married-civ-spouse,Prof-specialty,Husband,White,Male,United-States,>50K.,185180,7688,0,40
4562,38,Private,Bachelors,13,Married-civ-spouse,Exec-managerial,Wife,White,Female,United-States,<=50K,39606,0,0,40
4563,25,Private,Some-college,10,Never-married,Adm-clerical,Not-in-family,Black,Female,Jamaica,<=50K,251854,0,0,40
4564,25,Private,Assoc-voc,11,Never-married,Sales,Not-in-family,White,Male,United-States,<=50K,267012,0,0,45
4565,33,,Assoc-voc,11,Never-married,,Own-child,White,Female,United-States,<=50K,234542,0,0,40
4566,36,Private,HS-grad,9,Married-civ-spouse,Tech-support,Husband,White,Male,United-States,<=50K,107125,0,0,50
4567,35,State-gov,Some-college,10,Never-married,Prof-specialty,Own-child,White,Male,United-States,<=50K.,102268,0,0,35
4568,23,,Some-college,10,Never-married,,Own-child,White,Male,United-States,<=50K.,24008,0,1719,40
4569,48,Private,Assoc-voc,11,Married-civ-spouse,Other-service,Husband,Asian-Pac-Islander,Male,Philippines,>50K,119471,0,0,56
4570,35,Private,9th,5,Never-married,Craft-repair,Not-in-family,White,Male,United-States,<=50K,111387,0,0,40
4571,51,Private,Some-college,10,Never-married,Exec-managerial,Not-in-family,White,Female,United-States,<=50K,172493,0,0,12
4572,33,Private,Some-college,10,Separated,Other-service,Unmarried,Black,Female,United-States,<=50K,138142,0,0,25
4573,90,,7th-8th,4,Separated,,Not-in-family,White,Female,United-States,<=50K,175444,0,0,15
4574,22,Private,Some-college,10,Never-married,Prof-specialty,Own-child,White,Female,United-States,<=50K.,64292,2176,0,25
4575,34,Private,Some-college,10,Married-civ-spouse,Handlers-cleaners,Husband,White,Male,United-States,>50K.,169496,0,0,40
4576,34,Private,HS-grad,9,Divorced,Craft-repair,Not-in-family,Amer-Indian-Eskimo,Male,United-States,>50K,27494,0,0,48
4577,32,Private,Some-college,10,Divorced,Craft-repair,Unmarried,White,Male,United-States,<=50K,46746,0,0,40
4578,21,Private,Bachelors,13,Married-civ-spouse,Sales,Other-relative,White,Female,United-States,<=50K.,176178,0,0,35
4579,42,Private,HS-grad,9,Married-civ-spouse,Exec-managerial,Husband,White,Male,United-States,>50K,136986,0,0,35
4580,40,Self-emp-not-inc,Bachelors,13,Married-civ-spouse,Sales,Husband,White,Male,United-States,>50K,243636,0,0,50
4581,32,Private,Bachelors,13,Never-married,Prof-specialty,Not-in-family,White,Male,United-States,>50K,340917,0,0,50
4582,68,,Some-college,10,Married-civ-spouse,,Husband,White,Male,United-States,>50K,255276,0,0,48
4583,39,Private,Masters,14,Never-married,Exec-managerial,Not-in-family,White,Male,United-States,<=50K,49020,0,1974,40
4584,62,Private,Doctorate,16,Married-civ-spouse,Prof-specialty,Husband,White,Male,United-States,>50K.,190491,15024,0,45
4585,21,Private,HS-grad,9,Married-civ-spouse,Craft-repair,Husband,White,Male,United-States,<=50K.,164177,0,0,40
4586,59,Private,HS-grad,9,Married-civ-spouse,Craft-repair,Husband,White,Male,United-States,<=50K.,200316,0,0,40
4587,42,Private,HS-grad,9,Never-married,Machine-op-inspct,Not-in-family,White,Female,United-States,<=50K.,99373,0,0,40
4588,58,Private,HS-grad,9,Married-civ-spouse,Other-service,Husband,White,Male,United-States,<=50K,183810,0,0,24
4589,68,Private,HS-grad,9,Married-civ-spouse,Exec-managerial,Husband,White,Male,United-States,<=50K,211162,0,0,40
4590,30,Local-gov,9th,5,Divorced,Farming-fishing,Unmarried,White,Female,Mexico,<=50K.,210926,0,0,40
4591,23,Private,HS-grad,9,Divorced,Prof-specialty,Own-child,White,Male,United-States,<=50K.,410439,0,0,20
4592,22,Private,HS-grad,9,Never-married,Other-service,Not-in-family,White,Female,United-States,<=50K,35663,0,0,40
4593,36,,Some-college,10,Never-married,,Unmarried,White,Female,United-States,<=50K,36635,0,0,25
4594,65,,HS-grad,9,Married-civ-spouse,,Husband,White,Male,Germany,<=50K,231604,0,0,45
4595,20,Self-emp-not-inc,Some-college,10,Never-married,Adm-clerical,Own-child,White,Female,Germany,<=50K,186014,0,0,12
4596,21,Private,HS-grad,9,Married-civ-spouse,Adm-clerical,Wife,White,Female,United-States,>50K.,227307,0,0,43
4597,55,,HS-grad,9,Never-married,,Not-in-family,White,Male,United-States,>50K,141807,13550,0,40
4598,42,Private,Some-college,10,Never-married,Other-service,Not-in-family,White,Male,United-States,<=50K,328239,0,0,40
4599,32,Private,HS-grad,9,Married-civ-spouse,Adm-clerical,Husband,White,Male,United-States,<=50K,80058,0,0,40
4600,22,Private,Some-college,10,Never-married,Tech-support,Not-in-family,White,Female,United-States,<=50K,51136,0,0,60
4601,67,Private,HS-grad,9,Separated,Machine-op-inspct,Other-relative,White,Female,United-States,<=50K,105438,0,0,40
4602,34,Private,Some-college,10,Married-civ-spouse,Sales,Wife,White,Female,United-States,<=50K,169527,4386,0,20
4603,45,Local-gov,Some-college,10,Married-civ-spouse,Protective-serv,Husband,White,Male,United-States,>50K,238386,0,0,40
4604,22,Private,Assoc-voc,11,Never-married,Adm-clerical,Own-child,White,Female,United-States,<=50K,107801,0,0,40
4605,46,State-gov,Some-college,10,Never-married,Other-service,Own-child,Black,Female,United-States,<=50K,298786,0,0,40
4606,38,Private,Some-college,10,Married-civ-spouse,Sales,Wife,White,Female,United-States,>50K,186145,0,0,40
4607,48,Private,Bachelors,13,Married-civ-spouse,Prof-specialty,Husband,White,Male,United-States,>50K,182541,15024,0,45
4608,24,Private,Some-college,10,Married-civ-spouse,Craft-repair,Husband,White,Male,United-States,<=50K.,300584,0,0,45
4609,43,Self-emp-not-inc,Bachelors,13,Never-married,Sales,Own-child,White,Male,United-States,<=50K.,451019,0,0,35
4610,22,Private,Bachelors,13,Never-married,Prof-specialty,Own-child,White,Male,United-States,<=50K,117779,0,0,40
4611,45,Private,HS-grad,9,Married-civ-spouse,Machine-op-inspct,Husband,White,Male,United-States,<=50K,184581,0,0,40
4612,64,Private,HS-grad,9,Widowed,Adm-clerical,Not-in-family,White,Female,United-States,>50K.,240357,0,0,40
4613,36,Private,Assoc-voc,11,Never-married,Craft-repair,Own-child,Asian-Pac-Islander,Male,United-States,<=50K.,86143,0,0,40
4614,26,Private,11th,7,Never-married,Transport-moving,Not-in-family,White,Male,United-States,<=50K,157249,0,0,40
4615,53,Private,Bachelors,13,Divorced,Sales,Not-in-family,White,Female,United-States,>50K,283602,13550,0,43
4616,34,Private,HS-grad,9,Married-civ-spouse,Sales,Wife,White,Female,United-States,<=50K,143699,0,0,15
4617,20,Private,HS-grad,9,Never-married,Sales,Own-child,White,Female,United-States,<=50K,176178,0,0,35
4618,45,Private,Assoc-voc,11,Divorced,Adm-clerical,Not-in-family,White,Female,United-States,<=50K,102202,0,0,40
4619,41,Private,5th-6th,3,Married-civ-spouse,Handlers-cleaners,Husband,White,Male,Guatemala,<=50K,212894,0,0,40
4620,45,Private,Some-college,10,Never-married,Prof-specialty,Not-in-family,White,Male,,>50K.,363253,0,0,50
4621,32,Private,Bachelors,13,Divorced,Exec-managerial,Not-in-family,White,Female,United-States,>50K,177792,0,0,48
4622,29,Private,HS-grad,9,Never-married,Adm-clerical,Other-relative,White,Female,United-States,<=50K,222249,0,0,40
4623,27,Private,7th-8th,4,Never-married,Farming-fishing,Own-child,White,Male,,<=50K,210867,0,0,50
4624,43,Private,HS-grad,9,Divorced,Tech-support,Unmarried,Black,Female,United-States,<=50K,191765,0,0,35
4625,25,Private,HS-grad,9,Married-civ-spouse,Sales,Husband,White,Male,United-States,<=50K,476334,0,0,48
4626,26,Private,Some-college,10,Never-married,Sales,Not-in-family,Black,Male,Haiti,<=50K.,247425,0,0,40
4627,24,Private,Some-college,10,Never-married,Sales,Other-relative,Black,Female,United-States,<=50K,349691,0,0,40
4628,77,Self-emp-not-inc,Bachelors,13,Widowed,Prof-specialty,Not-in-family,White,Female,United-States,<=50K.,184046,0,0,20
4629,43,Private,Some-college,10,Married-civ-spouse,Prof-specialty,Wife,White,Female,United-States,>50K,124436,0,0,40
4630,31,Private,9th,5,Never-married,Sales,Not-in-family,White,Male,United-States,>50K,111567,0,0,43
4631,55,Private,HS-grad,9,Widowed,Adm-clerical,Not-in-family,White,Female,United-States,<=50K,193568,0,0,40
4632,46,Self-emp-not-inc,HS-grad,9,Separated,Craft-repair,Unmarried,White,Male,United-States,<=50K,32825,0,0,40
4633,33,Private,HS-grad,9,Never-married,Other-service,Not-in-family,Black,Male,United-States,<=50K,123157,0,0,38
4634,40,Self-emp-not-inc,Assoc-acdm,12,Divorced,Prof-specialty,Not-in-family,White,Female,United-States,<=50K,192507,0,0,50
4635,29,Private,11th,7,Never-married,Machine-op-inspct,Own-child,White,Male,United-States,<=50K.,115677,0,0,42
4636,22,Self-emp-not-inc,HS-grad,9,Never-married,Other-service,Own-child,White,Male,Greece,<=50K,143062,0,0,40
4637,26,Private,11th,7,Never-married,Transport-moving,Not-in-family,Black,Male,United-States,<=50K.,206199,0,0,40
4638,37,Local-gov,HS-grad,9,Married-spouse-absent,Other-service,Unmarried,White,Female,United-States,<=50K.,161111,0,0,10
4639,47,Private,7th-8th,4,Married-civ-spouse,Machine-op-inspct,Wife,Other,Female,Puerto-Rico,<=50K,103020,0,0,40
4640,38,Private,HS-grad,9,Married-spouse-absent,Craft-repair,Unmarried,White,Female,United-States,<=50K,289148,0,0,40
4641,20,Private,Some-college,10,Never-married,Transport-moving,Own-child,White,Female,United-States,<=50K,179423,0,0,40
4642,45,Private,Bachelors,13,Married-civ-spouse,Prof-specialty,Wife,Asian-Pac-Islander,Female,Philippines,>50K,261278,5178,0,40
4643,42,Private,Some-college,10,Divorced,Machine-op-inspct,Not-in-family,White,Male,United-States,<=50K,37869,0,1590,40
4644,53,Private,Bachelors,13,Widowed,Adm-clerical,Unmarried,White,Female,United-States,<=50K.,255927,0,0,52
4645,65,Private,HS-grad,9,Separated,Protective-serv,Not-in-family,White,Male,United-States,<=50K,180807,991,0,20
4646,45,Private,Assoc-voc,11,Married-civ-spouse,Prof-specialty,Husband,White,Male,United-States,>50K.,246891,0,1902,40
4647,45,Private,12th,8,Married-civ-spouse,Adm-clerical,Husband,White,Male,United-States,<=50K,358886,2407,0,50
4648,23,Private,Some-college,10,Never-married,Other-service,Unmarried,White,Female,United-States,<=50K.,213902,0,0,20
4649,23,Private,Some-college,10,Never-married,Adm-clerical,Own-child,White,Female,United-States,<=50K.,189013,0,0,37
4650,27,Private,HS-grad,9,Never-married,Handlers-cleaners,Not-in-family,Black,Male,United-States,<=50K,360097,0,0,40
4651,60,Private,7th-8th,4,Married-civ-spouse,Craft-repair,Husband,White,Male,United-States,<=50K,187458,0,0,40
4652,49,Self-emp-not-inc,Some-college,10,Married-civ-spouse,Exec-managerial,Husband,White,Male,United-States,<=50K,79627,0,0,40
4653,59,Self-emp-not-inc,Some-college,10,Married-civ-spouse,Sales,Husband,White,Male,United-States,<=50K,148526,0,0,40
4654,37,Private,Masters,14,Married-civ-spouse,Exec-managerial,Husband,White,Male,United-States,>50K.,112838,0,0,55
4655,76,Private,HS-grad,9,Widowed,Other-service,Not-in-family,White,Male,United-States,<=50K,203910,0,0,17
4656,20,Local-gov,Some-college,10,Never-married,Protective-serv,Own-child,Asian-Pac-Islander,Female,United-States,<=50K,308654,0,0,20
4657,31,Private,Bachelors,13,Married-civ-spouse,Exec-managerial,Husband,White,Male,United-States,>50K.,206046,0,0,45
4658,33,Private,Masters,14,Married-civ-spouse,Prof-specialty,Husband,White,Male,United-States,>50K,196385,0,0,37
4659,47,Private,Some-college,10,Divorced,Adm-clerical,Not-in-family,White,Female,United-States,<=50K,202856,0,0,36
4660,43,Self-emp-inc,9th,5,Never-married,Sales,Own-child,White,Female,Portugal,<=50K,64048,0,0,44
4661,37,Private,HS-grad,9,Never-married,Other-service,Other-relative,Asian-Pac-Islander,Female,United-States,<=50K.,71592,0,0,17
4662,34,Private,Some-college,10,Never-married,Sales,Not-in-family,White,Male,United-States,<=50K,279015,0,0,65
4663,59,Self-emp-inc,Masters,14,Married-civ-spouse,Exec-managerial,Husband,White,Male,United-States,>50K,31359,15024,0,80
4664,64,Self-emp-not-inc,Bachelors,13,Married-civ-spouse,Exec-managerial,Husband,White,Male,United-States,>50K,134960,15024,0,35
4665,51,Private,HS-grad,9,Married-civ-spouse,Exec-managerial,Husband,White,Male,United-States,>50K.,93690,0,0,40
4666,33,Private,HS-grad,9,Never-married,Craft-repair,Not-in-family,White,Male,United-States,<=50K,105974,0,0,41
4667,49,Private,HS-grad,9,Married-civ-spouse,Transport-moving,Husband,White,Male,United-States,<=50K,277434,0,0,50
4668,47,Self-emp-inc,HS-grad,9,Married-civ-spouse,Prof-specialty,Husband,White,Male,Germany,<=50K,205100,0,0,38
4669,27,Private,HS-grad,9,Divorced,Other-service,Unmarried,Black,Female,United-States,<=50K.,249382,0,0,40
4670,22,Private,Some-college,10,Never-married,Adm-clerical,Not-in-family,White,Female,United-States,<=50K,355686,0,0,40
4671,31,Local-gov,Bachelors,13,Never-married,Prof-specialty,Not-in-family,White,Female,United-States,<=50K.,101761,0,0,40
4672,58,Private,7th-8th,4,Divorced,Other-service,Not-in-family,White,Female,United-States,<=50K.,186106,0,0,40
4673,36,Private,HS-grad,9,Married-civ-spouse,Machine-op-inspct,Husband,White,Male,United-States,>50K,99146,0,0,45
4674,37,Self-emp-not-inc,HS-grad,9,Married-civ-spouse,Farming-fishing,Husband,White,Male,United-States,<=50K,29054,0,0,50
4675,39,Self-emp-inc,Bachelors,13,Married-civ-spouse,Exec-managerial,Husband,White,Male,United-States,>50K,329980,15024,0,50
4676,20,Private,Some-college,10,Never-married,Other-service,Own-child,White,Male,United-States,<=50K,56322,0,0,20
4677,23,Private,HS-grad,9,Never-married,Handlers-cleaners,Own-child,White,Male,United-States,<=50K,174626,0,0,25
4678,24,Private,Bachelors,13,Never-married,Adm-clerical,Own-child,White,Male,United-States,<=50K,325596,0,0,35
4679,32,Local-gov,Some-college,10,Married-civ-spouse,Craft-repair,Husband,White,Male,United-States,>50K,240979,0,0,60
4680,34,Private,Some-college,10,Divorced,Exec-managerial,Not-in-family,White,Male,United-States,<=50K,232475,0,0,50
4681,33,Self-emp-not-inc,HS-grad,9,Married-civ-spouse,Transport-moving,Husband,White,Male,United-States,<=50K,80933,0,0,60
4682,40,State-gov,Bachelors,13,Divorced,Adm-clerical,Other-relative,Black,Female,United-States,<=50K.,21189,0,0,32
4683,42,Private,Bachelors,13,Married-civ-spouse,Exec-managerial,Husband,White,Male,United-States,>50K,201466,0,0,45
4684,29,Private,Bachelors,13,Never-married,Craft-repair,Not-in-family,White,Male,United-States,<=50K.,244721,0,0,40
4685,61,,Bachelors,13,Married-civ-spouse,,Husband,White,Male,United-States,>50K,116230,0,0,40
4686,24,Private,HS-grad,9,Never-married,Adm-clerical,Not-in-family,White,Female,United-States,<=50K,210029,0,2001,37
4687,53,Private,12th,8,Married-civ-spouse,Tech-support,Husband,White,Male,United-States,>50K.,270655,0,0,45
4688,43,Private,HS-grad,9,Divorced,Other-service,Own-child,Asian-Pac-Islander,Female,South,<=50K,96483,0,0,40
4689,36,Private,HS-grad,9,Married-civ-spouse,Machine-op-inspct,Husband,White,Male,United-States,>50K.,238802,0,0,48
4690,31,Private,9th,5,Married-civ-spouse,Craft-repair,Husband,White,Male,United-States,<=50K,373432,0,0,43
4691,37,Private,Prof-school,15,Never-married,Prof-specialty,Not-in-family,Asian-Pac-Islander,Female,United-States,>50K.,53232,0,0,55
4692,51,Private,HS-grad,9,Married-civ-spouse,Machine-op-inspct,Husband,White,Male,United-States,<=50K,176969,0,0,48
4693,25,Private,Some-college,10,Married-civ-spouse,Handlers-cleaners,Husband,White,Male,United-States,<=50K.,108001,0,0,45
4694,20,Private,Some-college,10,Never-married,Sales,Other-relative,White,Female,United-States,<=50K,133515,0,0,40
4695,54,Private,Masters,14,Married-civ-spouse,Prof-specialty,Husband,Asian-Pac-Islander,Male,India,>50K,225599,7298,0,40
4696,29,Private,Some-college,10,Never-married,Sales,Not-in-family,White,Male,United-States,<=50K,122000,0,0,60
4697,39,Private,Assoc-acdm,12,Married-spouse-absent,Adm-clerical,Other-relative,White,Male,United-States,<=50K.,44041,0,0,60
4698,40,Self-emp-not-inc,Bachelors,13,Married-civ-spouse,Craft-repair,Husband,White,Male,United-States,<=50K,280433,0,0,50
4699,38,Private,HS-grad,9,Married-civ-spouse,Craft-repair,Husband,White,Male,United-States,>50K.,259846,0,0,60
4700,34,Private,Some-college,10,Married-civ-spouse,Exec-managerial,Husband,White,Male,United-States,<=50K,122116,0,0,40
4701,43,Private,HS-grad,9,Never-married,Other-service,Not-in-family,Black,Female,United-States,<=50K,39581,0,0,45
4702,27,Private,HS-grad,9,Never-married,Handlers-cleaners,Own-child,White,Male,United-States,<=50K,207213,0,0,40
4703,63,Self-emp-not-inc,7th-8th,4,Married-civ-spouse,Farming-fishing,Husband,White,Male,United-States,>50K,147140,0,0,60
4704,31,Private,Some-college,10,Married-civ-spouse,Farming-fishing,Husband,White,Male,Mexico,<=50K.,437200,0,0,40
4705,56,Self-emp-inc,HS-grad,9,Widowed,Exec-managerial,Not-in-family,White,Female,United-States,<=50K.,131916,0,0,50
4706,32,Local-gov,HS-grad,9,Married-civ-spouse,Protective-serv,Husband,White,Male,United-States,<=50K.,318647,0,0,36
4707,37,Private,HS-grad,9,Never-married,Adm-clerical,Not-in-family,White,Female,United-States,<=50K.,139770,0,0,35
4708,46,Local-gov,Bachelors,13,Married-civ-spouse,Prof-specialty,Wife,White,Female,United-States,>50K.,126524,0,1902,40
4709,48,Local-gov,Masters,14,Married-civ-spouse,Prof-specialty,Husband,White,Male,United-States,>50K.,193960,7688,0,50
4710,29,Private,Assoc-voc,11,Never-married,Adm-clerical,Not-in-family,White,Female,United-States,<=50K.,148069,0,0,40
4711,33,Private,HS-grad,9,Married-civ-spouse,Machine-op-inspct,Husband,White,Male,United-States,<=50K,157568,0,0,40
4712,22,Private,Some-college,10,Never-married,Other-service,Own-child,White,Female,United-States,<=50K,133833,0,0,25
4713,26,Private,Some-college,10,Married-civ-spouse,Sales,Husband,White,Male,United-States,<=50K,109080,0,0,60
4714,27,Self-emp-inc,HS-grad,9,Never-married,Sales,Own-child,White,Male,United-States,<=50K,190911,0,0,45
4715,44,Private,Bachelors,13,Widowed,Prof-specialty,Unmarried,White,Female,United-States,<=50K,183542,0,0,32
4716,22,Private,HS-grad,9,Never-married,Adm-clerical,Not-in-family,White,Female,United-States,<=50K,225156,0,0,40
4717,44,Federal-gov,Bachelors,13,Divorced,Tech-support,Not-in-family,White,Male,United-States,>50K,29591,0,2258,40
4718,36,Private,HS-grad,9,Divorced,Exec-managerial,Not-in-family,White,Male,United-States,<=50K,256636,0,0,40
4719,34,Private,Some-college,10,Never-married,Exec-managerial,Not-in-family,White,Female,United-States,<=50K,296724,0,0,17
4720,44,Private,Bachelors,13,Married-civ-spouse,Prof-specialty,Husband,White,Male,Italy,>50K,120277,15024,0,50
4721,32,Private,Bachelors,13,Married-civ-spouse,Prof-specialty,Husband,White,Male,United-States,<=50K,199416,0,0,40
4722,20,Private,HS-grad,9,Never-married,Adm-clerical,Own-child,White,Female,United-States,<=50K,205975,0,0,20
4723,36,Private,HS-grad,9,Never-married,Transport-moving,Own-child,Black,Male,United-States,<=50K,266461,0,0,48
4724,54,Private,Masters,14,Married-civ-spouse,Prof-specialty,Husband,White,Male,United-States,>50K,117674,0,0,40
4725,59,Private,HS-grad,9,Married-civ-spouse,Handlers-cleaners,Husband,White,Male,United-States,<=50K.,184553,0,0,45
4726,18,Private,HS-grad,9,Never-married,Transport-moving,Own-child,White,Male,United-States,<=50K.,228592,0,0,18
4727,72,,Assoc-voc,11,Widowed,,Not-in-family,White,Female,United-States,<=50K,237229,0,0,30
4728,26,Private,Assoc-voc,11,Never-married,Prof-specialty,Own-child,Other,Female,Jamaica,<=50K,173927,0,0,60
4729,55,Private,Masters,14,Married-civ-spouse,Prof-specialty,Husband,White,Male,United-States,>50K,70088,0,0,40
4730,37,Private,HS-grad,9,Divorced,Craft-repair,Not-in-family,White,Male,United-States,<=50K,35330,0,1669,55
4731,33,Self-emp-not-inc,HS-grad,9,Married-civ-spouse,Sales,Husband,White,Male,United-States,<=50K,359428,0,0,60
4732,34,Self-emp-inc,Masters,14,Separated,Prof-specialty,Not-in-family,White,Female,United-States,>50K,215382,4787,0,40
4733,21,Private,Some-college,10,Never-married,Sales,Own-child,Black,Male,United-States,<=50K,202373,0,0,25
4734,50,Local-gov,HS-grad,9,Separated,Exec-managerial,Unmarried,Black,Female,United-States,<=50K.,105788,6497,0,35
4735,49,Self-emp-inc,Bachelors,13,Married-civ-spouse,Exec-managerial,Husband,White,Male,United-States,>50K,197038,0,0,50
4736,40,Self-emp-not-inc,Assoc-acdm,12,Divorced,Exec-managerial,Not-in-family,White,Male,United-States,<=50K,230478,0,0,30
4737,59,Private,Some-college,10,Married-civ-spouse,Exec-managerial,Husband,White,Male,United-States,>50K,38573,0,0,40
4738,39,Local-gov,Masters,14,Married-civ-spouse,Prof-specialty,Wife,White,Female,United-States,>50K,344855,0,1977,20
4739,37,Local-gov,HS-grad,9,Married-civ-spouse,Craft-repair,Husband,White,Male,United-States,<=50K.,116736,0,0,40
4740,34,Private,Masters,14,Married-civ-spouse,Exec-managerial,Husband,White,Male,United-States,>50K,204470,0,0,50
4741,21,,Some-college,10,Never-married,,Not-in-family,White,Female,United-States,<=50K.,162165,0,0,43
4742,64,Private,Some-college,10,Widowed,Adm-clerical,Unmarried,White,Female,United-States,<=50K,379062,0,0,12
4743,40,Private,Assoc-voc,11,Divorced,Craft-repair,Unmarried,White,Male,United-States,>50K,124520,0,0,50
4744,22,,Some-college,10,Married-civ-spouse,,Wife,White,Female,United-States,<=50K,154235,3781,0,35
4745,42,Private,Bachelors,13,Married-civ-spouse,Sales,Husband,White,Male,United-States,>50K,154374,0,0,40
4746,42,Local-gov,Bachelors,13,Married-civ-spouse,Prof-specialty,Wife,White,Female,United-States,>50K,126319,0,0,40
4747,21,Private,HS-grad,9,Never-married,Adm-clerical,Own-child,White,Female,United-States,<=50K.,60552,0,0,40
4748,49,Private,HS-grad,9,Married-civ-spouse,Exec-managerial,Husband,White,Male,United-States,>50K.,38819,0,0,60
4749,47,Local-gov,Some-college,10,Divorced,Prof-specialty,Not-in-family,White,Female,United-States,<=50K,154033,0,1876,40
4750,42,Private,Some-college,10,Married-civ-spouse,Sales,Husband,White,Male,United-States,<=50K,200574,0,0,40
4751,23,Private,Assoc-acdm,12,Never-married,Sales,Own-child,White,Female,United-States,<=50K.,113106,0,0,35
4752,32,Private,HS-grad,9,Married-civ-spouse,Craft-repair,Husband,White,Male,United-States,>50K.,153353,0,0,40
4753,21,Private,HS-grad,9,Married-civ-spouse,Other-service,Other-relative,White,Female,United-States,<=50K.,88373,0,0,16
4754,34,Private,Masters,14,Divorced,Exec-managerial,Not-in-family,White,Female,United-States,<=50K.,128016,2202,0,40
4755,31,Private,Bachelors,13,Never-married,Tech-support,Not-in-family,White,Female,United-States,<=50K.,142921,0,0,40
4756,64,Private,HS-grad,9,Married-civ-spouse,Adm-clerical,Husband,White,Male,United-States,>50K.,104973,0,0,45
4757,35,Local-gov,Some-college,10,Married-civ-spouse,Other-service,Husband,White,Male,United-States,<=50K,145308,0,0,40
4758,29,Local-gov,Prof-school,15,Never-married,Prof-specialty,Not-in-family,White,Female,United-States,<=50K,107411,0,0,70
4759,22,Private,HS-grad,9,Never-married,Sales,Own-child,Asian-Pac-Islander,Female,Vietnam,<=50K.,138994,0,0,40
4760,28,Private,Some-college,10,Never-married,Craft-repair,Own-child,White,Male,United-States,<=50K,791084,0,0,50
4761,55,Self-emp-not-inc,Masters,14,Married-civ-spouse,Exec-managerial,Husband,White,Male,,>50K.,319883,4386,0,10
4762,26,Private,HS-grad,9,Never-married,Handlers-cleaners,Not-in-family,White,Male,United-States,<=50K,253841,0,0,45
4763,43,Private,Bachelors,13,Married-civ-spouse,Exec-managerial,Husband,White,Male,United-States,>50K.,77373,0,0,47
4764,47,Private,Bachelors,13,Married-civ-spouse,Prof-specialty,Husband,White,Male,United-States,<=50K,82797,0,0,50
4765,35,Private,Assoc-voc,11,Married-spouse-absent,Prof-specialty,Unmarried,White,Female,United-States,<=50K,200426,0,0,44
4766,19,Private,HS-grad,9,Never-married,Other-service,Not-in-family,White,Female,United-States,<=50K.,305834,0,0,40
4767,48,Self-emp-not-inc,Prof-school,15,Married-civ-spouse,Prof-specialty,Husband,White,Male,United-States,>50K,219021,0,0,35
4768,41,State-gov,Doctorate,16,Married-civ-spouse,Prof-specialty,Husband,White,Male,United-States,>50K,116520,0,0,40
4769,28,,Some-college,10,Never-married,,Own-child,Black,Female,United-States,<=50K,161290,0,0,40
4770,25,Private,Bachelors,13,Never-married,Other-service,Not-in-family,White,Female,United-States,<=50K.,207965,0,0,60
4771,29,Private,HS-grad,9,Divorced,Other-service,Not-in-family,White,Female,United-States,<=50K,363963,0,0,40
4772,35,Private,HS-grad,9,Divorced,Other-service,Not-in-family,Black,Male,United-States,<=50K,556902,0,0,40
4773,57,Private,Some-college,10,Married-civ-spouse,Prof-specialty,Wife,White,Female,United-States,>50K.,222477,15024,0,8
4774,28,Private,Some-college,10,Never-married,Exec-managerial,Not-in-family,White,Female,United-States,<=50K,266070,0,0,40
4775,22,Private,Some-college,10,Never-married,Tech-support,Own-child,White,Male,United-States,<=50K.,216129,0,0,40
4776,33,Private,Assoc-acdm,12,Married-civ-spouse,Handlers-cleaners,Husband,White,Male,United-States,<=50K,157747,0,0,40
4777,37,Self-emp-inc,Assoc-voc,11,Married-civ-spouse,Sales,Husband,White,Male,United-States,>50K,51264,0,0,40
4778,63,Private,Bachelors,13,Never-married,Adm-clerical,Not-in-family,White,Male,United-States,<=50K,264968,0,0,40
4779,38,Private,HS-grad,9,Divorced,Other-service,Not-in-family,White,Female,United-States,<=50K,436361,0,0,75
4780,44,Local-gov,Assoc-acdm,12,Divorced,Tech-support,Not-in-family,Black,Male,United-States,<=50K,254134,0,0,40
4781,27,Private,Some-college,10,Married-civ-spouse,Craft-repair,Husband,White,Male,United-States,<=50K,109001,0,0,49
4782,40,Private,HS-grad,9,Married-civ-spouse,Adm-clerical,Wife,White,Female,United-States,>50K,178983,0,0,30
4783,38,Private,Some-college,10,Married-civ-spouse,Transport-moving,Husband,White,Male,United-States,>50K,122076,7298,0,43
4784,53,Local-gov,Masters,14,Divorced,Prof-specialty,Not-in-family,White,Female,United-States,>50K,181755,0,0,35
4785,21,,Some-college,10,Never-married,,Own-child,White,Female,United-States,<=50K.,221418,0,0,40
4786,56,Private,HS-grad,9,Married-civ-spouse,Transport-moving,Husband,White,Male,United-States,>50K,89922,3103,0,45
4787,37,Local-gov,Bachelors,13,Divorced,Prof-specialty,Unmarried,White,Female,United-States,<=50K,102936,0,0,55
4788,35,Private,HS-grad,9,Never-married,Other-service,Not-in-family,White,Male,,<=50K.,109133,0,0,40
4789,47,Private,1st-4th,2,Married-spouse-absent,Farming-fishing,Not-in-family,White,Male,Mexico,<=50K,343579,0,0,12
4790,24,State-gov,Some-college,10,Never-married,Adm-clerical,Own-child,Asian-Pac-Islander,Male,,<=50K,506329,0,0,40
4791,32,Private,HS-grad,9,Divorced,Other-service,Not-in-family,Black,Female,United-States,<=50K,143604,0,0,16
4792,51,Private,HS-grad,9,Married-civ-spouse,Craft-repair,Husband,White,Male,United-States,<=50K,249339,0,0,40
4793,18,Private,HS-grad,9,Never-married,Farming-fishing,Own-child,White,Male,United-States,<=50K.,54639,0,0,40
4794,26,Self-emp-inc,Bachelors,13,Never-married,Adm-clerical,Not-in-family,White,Female,United-States,<=50K,266639,0,0,40
4795,44,Private,Some-college,10,Married-civ-spouse,Craft-repair,Husband,Black,Male,United-States,<=50K.,174325,0,0,40
4796,31,Private,HS-grad,9,Married-civ-spouse,Adm-clerical,Wife,White,Female,United-States,<=50K,158545,0,0,27
4797,60,Self-emp-inc,Some-college,10,Married-civ-spouse,Exec-managerial,Husband,White,Male,United-States,<=50K,123218,0,0,40
4798,66,Private,HS-grad,9,Married-civ-spouse,Other-service,Husband,Black,Male,United-States,<=50K,33619,0,0,4
4799,22,Private,Some-college,10,Never-married,Exec-managerial,Not-in-family,White,Male,United-States,<=50K,228411,0,0,35
4800,35,Private,Bachelors,13,Married-civ-spouse,Exec-managerial,Husband,White,Male,United-States,>50K,166416,0,0,50
4801,55,Private,Bachelors,13,Married-civ-spouse,Exec-managerial,Husband,White,Male,United-States,>50K,199067,15024,0,42
4802,33,Private,Doctorate,16,Never-married,Prof-specialty,Not-in-family,White,Female,United-States,>50K,254221,0,0,60
4803,48,Private,HS-grad,9,Married-civ-spouse,Craft-repair,Husband,White,Male,United-States,>50K,108993,0,0,45
4804,31,Private,HS-grad,9,Separated,Machine-op-inspct,Unmarried,White,Female,United-States,<=50K,327825,0,2238,40
4805,24,,Some-college,10,Never-married,,Own-child,Black,Female,Haiti,<=50K.,152719,0,0,15
4806,30,Private,Bachelors,13,Never-married,Prof-specialty,Not-in-family,Black,Male,United-States,>50K,403433,0,0,50
4807,30,Private,11th,7,Married-civ-spouse,Handlers-cleaners,Husband,White,Male,United-States,<=50K,35644,0,0,50
4808,40,,7th-8th,4,Separated,,Not-in-family,White,Female,United-States,<=50K,165309,0,0,8
4809,46,Private,HS-grad,9,Married-civ-spouse,Other-service,Husband,White,Male,United-States,<=50K,394860,0,0,40
4810,49,Private,Bachelors,13,Widowed,Prof-specialty,Unmarried,White,Female,United-States,<=50K,50748,1506,0,35
4811,18,Private,12th,8,Never-married,Craft-repair,Own-child,White,Male,United-States,<=50K,198616,594,0,20
4812,30,Private,HS-grad,9,Married-AF-spouse,Machine-op-inspct,Husband,Black,Male,United-States,<=50K.,423311,0,0,40
4813,34,Self-emp-not-inc,Assoc-voc,11,Married-civ-spouse,Exec-managerial,Husband,White,Male,United-States,<=50K.,151733,0,0,55
4814,41,Private,Some-college,10,Separated,Craft-repair,Not-in-family,Black,Male,United-States,<=50K,124639,0,0,40
4815,32,Private,Bachelors,13,Married-civ-spouse,Sales,Husband,White,Male,United-States,<=50K,157287,0,0,40
4816,35,Private,Bachelors,13,Separated,Exec-managerial,Unmarried,White,Female,United-States,<=50K,26999,0,0,42
4817,48,Private,Masters,14,Divorced,Exec-managerial,Unmarried,White,Female,United-States,<=50K.,102585,0,0,40
4818,36,Private,HS-grad,9,Divorced,Other-service,Not-in-family,White,Female,United-States,<=50K.,128516,0,0,20
4819,30,Private,Assoc-acdm,12,Married-civ-spouse,Other-service,Wife,White,Female,United-States,>50K,29662,0,0,25
4820,25,Private,Assoc-acdm,12,Divorced,Other-service,Not-in-family,White,Female,United-States,<=50K.,36943,0,0,32
4821,59,Private,Masters,14,Divorced,Exec-managerial,Not-in-family,White,Female,United-States,>50K.,47534,0,0,45
4822,22,,Some-college,10,Never-married,,Own-child,White,Male,United-States,<=50K,32732,0,0,50
4823,35,Private,Bachelors,13,Married-civ-spouse,Craft-repair,Husband,Black,Male,United-States,>50K.,455469,0,0,40
4824,65,,HS-grad,9,Married-civ-spouse,,Husband,White,Male,United-States,<=50K,200749,0,0,25
4825,51,Self-emp-not-inc,Masters,14,Married-civ-spouse,Exec-managerial,Husband,White,Male,United-States,>50K,125417,0,0,42
4826,72,Self-emp-not-inc,HS-grad,9,Married-civ-spouse,Farming-fishing,Husband,White,Male,United-States,<=50K.,112658,2653,0,42
4827,35,Local-gov,Assoc-voc,11,Married-civ-spouse,Protective-serv,Husband,White,Male,United-States,<=50K,331395,0,0,42
4828,48,Private,Masters,14,Married-civ-spouse,Exec-managerial,Husband,White,Male,United-States,>50K,207277,15024,0,40
4829,58,Private,HS-grad,9,Married-civ-spouse,Machine-op-inspct,Husband,White,Male,United-States,<=50K,190747,0,0,40
4830,45,Self-emp-not-inc,10th,6,Married-civ-spouse,Craft-repair,Husband,Black,Male,Haiti,<=50K.,305474,0,0,40
4831,50,Private,Assoc-voc,11,Married-civ-spouse,Prof-specialty,Husband,White,Male,United-States,>50K.,175029,0,0,40
4832,42,Federal-gov,Masters,14,Married-civ-spouse,Prof-specialty,Husband,White,Male,United-States,<=50K,294431,0,0,40
4833,66,Private,HS-grad,9,Married-civ-spouse,Handlers-cleaners,Husband,White,Male,United-States,<=50K,174491,0,0,40
4834,48,Federal-gov,Bachelors,13,Married-civ-spouse,Protective-serv,Husband,White,Male,United-States,>50K.,33084,0,0,50
4835,43,Private,9th,5,Never-married,Machine-op-inspct,Unmarried,Black,Female,United-States,<=50K,122473,0,625,40
4836,26,Self-emp-not-inc,Bachelors,13,Never-married,Sales,Not-in-family,White,Male,United-States,>50K.,331861,0,0,60
4837,47,Private,Some-college,10,Divorced,Tech-support,Not-in-family,White,Female,United-States,<=50K.,171807,0,0,40
4838,30,Private,Bachelors,13,Married-civ-spouse,Craft-repair,Husband,White,Male,United-States,<=50K,209900,0,0,40
4839,19,,Some-college,10,Never-married,,Own-child,White,Male,United-States,<=50K,257343,0,0,40
4840,32,Private,HS-grad,9,Never-married,Other-service,Not-in-family,White,Male,United-States,<=50K,86723,0,0,52
4841,55,Private,Some-college,10,Divorced,Adm-clerical,Not-in-family,Asian-Pac-Islander,Female,United-States,<=50K,173093,0,0,40
4842,37,Private,HS-grad,9,Never-married,Adm-clerical,Own-child,White,Male,United-States,<=50K.,269722,0,0,38
4843,21,Private,HS-grad,9,Never-married,Craft-repair,Not-in-family,White,Male,United-States,<=50K,292264,0,0,35
4844,90,Private,Some-college,10,Never-married,Other-service,Own-child,White,Male,United-States,<=50K.,272752,0,0,10
4845,26,,11th,7,Never-married,,Not-in-family,White,Male,United-States,<=50K.,228457,0,0,40
4846,57,State-gov,12th,8,Divorced,Other-service,Unmarried,White,Female,United-States,<=50K,109015,0,0,40
4847,47,State-gov,Some-college,10,Married-civ-spouse,Adm-clerical,Wife,White,Female,United-States,<=50K,223944,0,0,30
4848,52,Private,Masters,14,Divorced,Prof-specialty,Own-child,White,Female,United-States,<=50K,54933,0,0,40
4849,25,Private,HS-grad,9,Never-married,Other-service,Own-child,White,Male,United-States,<=50K,220098,0,0,30
4850,39,Private,Some-college,10,Married-civ-spouse,Sales,Wife,Asian-Pac-Islander,Female,Philippines,<=50K,70240,0,0,40
4851,18,Private,Some-college,10,Never-married,Handlers-cleaners,Own-child,White,Male,United-States,<=50K,182643,0,0,9
4852,38,Private,Bachelors,13,Married-civ-spouse,Sales,Husband,White,Male,United-States,>50K,184801,0,0,60
4853,30,Private,Assoc-voc,11,Never-married,Craft-repair,Own-child,White,Male,United-States,>50K,160634,0,0,40
4854,21,,Some-college,10,Never-married,,Not-in-family,Asian-Pac-Islander,Female,,<=50K.,156780,0,0,15
4855,58,Private,9th,5,Married-civ-spouse,Machine-op-inspct,Husband,Black,Male,United-States,<=50K,298601,3781,0,40
4856,38,Private,Assoc-acdm,12,Divorced,Craft-repair,Not-in-family,White,Male,United-States,<=50K,179488,0,0,40
4857,22,,Some-college,10,Never-married,,Own-child,Asian-Pac-Islander,Male,United-States,<=50K.,166297,0,0,20
4858,29,Private,HS-grad,9,Never-married,Craft-repair,Own-child,White,Male,United-States,<=50K.,204663,3325,0,40
4859,43,Self-emp-not-inc,Bachelors,13,Never-married,Sales,Not-in-family,White,Female,United-States,<=50K,170230,0,0,60
4860,23,Private,Some-college,10,Never-married,Adm-clerical,Not-in-family,White,Female,United-States,<=50K,76432,0,0,40
4861,31,Private,Some-college,10,Widowed,Adm-clerical,Unmarried,White,Female,United-States,<=50K,163516,0,0,40
4862,34,Private,HS-grad,9,Married-civ-spouse,Other-service,Husband,White,Male,United-States,>50K,226296,0,0,40
4863,23,Private,HS-grad,9,Never-married,Adm-clerical,Own-child,White,Male,United-States,<=50K.,117767,0,0,36
4864,35,Private,Bachelors,13,Never-married,Exec-managerial,Not-in-family,White,Female,United-States,<=50K.,186420,0,0,55
4865,21,Private,Assoc-acdm,12,Never-married,Handlers-cleaners,Own-child,White,Male,United-States,<=50K,170456,0,0,15
4866,57,Self-emp-not-inc,HS-grad,9,Married-civ-spouse,Sales,Husband,White,Male,United-States,<=50K,123778,0,0,48
4867,30,Private,Assoc-acdm,12,Never-married,Sales,Unmarried,Black,Female,United-States,<=50K.,274577,0,0,40
4868,39,Private,Some-college,10,Never-married,Craft-repair,Own-child,Black,Male,United-States,<=50K,56269,0,0,40
4869,49,Local-gov,HS-grad,9,Divorced,Adm-clerical,Not-in-family,White,Female,United-States,<=50K,46537,594,0,10
4870,36,Private,10th,6,Separated,Machine-op-inspct,Not-in-family,White,Female,United-States,<=50K.,75826,0,0,40
4871,29,Private,HS-grad,9,Married-civ-spouse,Craft-repair,Husband,White,Male,United-States,>50K.,55390,0,0,40
4872,41,Private,Masters,14,Married-civ-spouse,Exec-managerial,Wife,White,Female,United-States,>50K,211253,0,0,40
4873,27,Private,Some-college,10,Married-civ-spouse,Craft-repair,Husband,White,Male,United-States,<=50K.,99897,0,0,50
4874,52,Private,HS-grad,9,Married-civ-spouse,Sales,Husband,White,Male,United-States,>50K,174752,0,0,60
4875,58,Self-emp-inc,HS-grad,9,Married-civ-spouse,Sales,Husband,White,Male,United-States,<=50K,100960,0,0,50
4876,31,Private,HS-grad,9,Married-civ-spouse,Machine-op-inspct,Husband,Black,Male,United-States,<=50K,262024,0,0,40
4877,52,Private,HS-grad,9,Married-civ-spouse,Sales,Wife,White,Female,United-States,<=50K.,215656,0,0,60
4878,43,State-gov,Prof-school,15,Married-civ-spouse,Prof-specialty,Husband,Black,Male,United-States,<=50K,310969,0,0,40
4879,30,Self-emp-not-inc,HS-grad,9,Divorced,Transport-moving,Not-in-family,White,Male,United-States,<=50K.,24961,0,0,40
4880,39,Self-emp-not-inc,9th,5,Married-civ-spouse,Craft-repair,Husband,White,Male,United-States,<=50K,124090,0,0,40
4881,17,Private,11th,7,Never-married,Prof-specialty,Own-child,White,Female,United-States,<=50K,47771,0,0,20
4882,32,Private,Bachelors,13,Never-married,Exec-managerial,Not-in-family,White,Female,United-States,>50K.,170276,0,0,46
4883,36,Private,HS-grad,9,Married-civ-spouse,Machine-op-inspct,Husband,White,Male,Mexico,<=50K.,274106,0,0,45
4884,63,Self-emp-not-inc,Assoc-voc,11,Married-civ-spouse,Farming-fishing,Husband,White,Male,United-States,<=50K,117681,0,0,40
4885,72,Private,Some-college,10,Married-civ-spouse,Craft-repair,Husband,White,Male,United-States,<=50K.,75594,2653,0,40
4886,28,Private,11th,7,Never-married,Other-service,Not-in-family,Black,Female,Jamaica,<=50K,213081,0,0,40
4887,47,Private,HS-grad,9,Never-married,Exec-managerial,Own-child,White,Female,Cuba,<=50K,235986,0,0,50
4888,28,Private,HS-grad,9,Married-civ-spouse,Sales,Husband,White,Male,United-States,<=50K,249571,0,0,40
4889,35,Private,Prof-school,15,Married-civ-spouse,Prof-specialty,Husband,White,Male,United-States,>50K.,166497,0,1902,60
4890,38,Private,HS-grad,9,Married-civ-spouse,Craft-repair,Husband,White,Male,United-States,<=50K,159179,0,0,40
4891,24,Private,HS-grad,9,Separated,Machine-op-inspct,Own-child,Black,Female,United-States,<=50K,257500,0,0,40
4892,50,Self-emp-inc,Masters,14,Separated,Exec-managerial,Unmarried,Asian-Pac-Islander,Male,China,<=50K.,262777,0,0,45
4893,29,Private,HS-grad,9,Never-married,Other-service,Unmarried,Black,Female,Japan,<=50K,419721,0,0,40
4894,39,Self-emp-not-inc,Doctorate,16,Divorced,Adm-clerical,Other-relative,Other,Male,,<=50K,160120,0,0,40
4895,24,Private,Some-college,10,Never-married,Sales,Other-relative,White,Male,United-States,<=50K,153542,0,0,35
4896,40,Private,Bachelors,13,Never-married,Tech-support,Not-in-family,White,Female,United-States,>50K.,170482,14344,0,45
4897,47,Local-gov,HS-grad,9,Married-civ-spouse,Protective-serv,Husband,White,Male,United-States,>50K,148995,0,0,60
4898,34,Private,Bachelors,13,Married-civ-spouse,Exec-managerial,Husband,White,Male,United-States,>50K,175856,3103,0,55
4899,49,Private,11th,7,Married-civ-spouse,Transport-moving,Husband,White,Male,United-States,<=50K,123584,0,0,75
4900,44,Private,Masters,14,Married-civ-spouse,Exec-managerial,Husband,Asian-Pac-Islander,Male,India,<=50K,178385,0,0,48
4901,39,Private,Bachelors,13,Divorced,Prof-specialty,Not-in-family,White,Male,United-States,>50K.,453686,0,0,40
4902,36,Private,Assoc-voc,11,Divorced,Craft-repair,Not-in-family,White,Male,United-States,<=50K.,359001,0,0,40
4903,17,Private,11th,7,Never-married,Handlers-cleaners,Own-child,White,Male,United-States,<=50K,116626,0,1719,18
4904,18,Never-worked,11th,7,Never-married,,Own-child,White,Female,United-States,<=50K,157131,0,0,10
4905,41,Private,Some-college,10,Married-civ-spouse,Transport-moving,Husband,White,Male,United-States,>50K,318046,0,0,48
4906,20,State-gov,Some-college,10,Never-married,Adm-clerical,Own-child,White,Female,United-States,<=50K,340475,0,0,10
4907,38,Private,Some-college,10,Divorced,Handlers-cleaners,Not-in-family,Amer-Indian-Eskimo,Female,United-States,<=50K.,234891,0,0,40
4908,19,Private,10th,6,Never-married,Handlers-cleaners,Own-child,White,Male,United-States,<=50K,151801,0,0,39
4909,36,Federal-gov,Masters,14,Married-civ-spouse,Prof-specialty,Husband,White,Male,United-States,>50K,403489,0,0,45
4910,40,Private,Some-college,10,Married-civ-spouse,Craft-repair,Husband,White,Male,United-States,>50K,103395,0,0,45
4911,34,Private,Some-college,10,Married-civ-spouse,Transport-moving,Husband,White,Male,United-States,<=50K,34848,4064,0,40
4912,74,Private,Some-college,10,Divorced,Adm-clerical,Not-in-family,White,Female,United-States,<=50K,99183,0,0,9
4913,56,Private,Some-college,10,Separated,Tech-support,Unmarried,Black,Female,United-States,<=50K,202220,0,0,38
4914,47,Self-emp-inc,Bachelors,13,Married-civ-spouse,Exec-managerial,Husband,White,Male,United-States,>50K,362835,0,0,50
4915,43,Private,Some-college,10,Divorced,Handlers-cleaners,Not-in-family,Black,Male,United-States,<=50K.,355431,0,0,40
4916,34,Private,10th,6,Married-spouse-absent,Other-service,Unmarried,Black,Female,United-States,<=50K.,362787,0,0,30
4917,60,State-gov,Bachelors,13,Married-civ-spouse,Prof-specialty,Husband,White,Male,United-States,<=50K.,119832,0,0,40
4918,32,Private,5th-6th,3,Never-married,Other-service,Not-in-family,White,Female,Mexico,<=50K.,165295,0,0,40
4919,40,Private,Assoc-voc,11,Married-civ-spouse,Tech-support,Husband,White,Male,United-States,>50K,96129,0,0,40
4920,32,Private,11th,7,Married-civ-spouse,Handlers-cleaners,Husband,White,Male,United-States,<=50K.,234096,0,0,40
4921,26,Private,HS-grad,9,Married-civ-spouse,Machine-op-inspct,Wife,Black,Female,United-States,<=50K.,552529,0,0,40
4922,40,Self-emp-not-inc,Some-college,10,Never-married,Craft-repair,Not-in-family,White,Male,United-States,>50K,171615,0,0,35
4923,59,Private,Bachelors,13,Married-civ-spouse,Sales,Husband,White,Male,United-States,<=50K.,136413,0,0,40
4924,46,Private,11th,7,Married-civ-spouse,Craft-repair,Husband,White,Male,United-States,<=50K.,212944,0,0,32
4925,43,Private,HS-grad,9,Married-civ-spouse,Machine-op-inspct,Husband,Black,Male,United-States,>50K,313022,4386,0,40
4926,24,Private,HS-grad,9,Never-married,Other-service,Not-in-family,White,Male,United-States,<=50K.,153082,0,0,35
4927,19,Private,Some-college,10,Never-married,Other-service,Own-child,White,Female,United-States,<=50K,201743,0,0,26
4928,40,Private,HS-grad,9,Married-civ-spouse,Exec-managerial,Husband,White,Male,United-States,>50K,193882,0,0,45
4929,22,Private,HS-grad,9,Never-married,Transport-moving,Not-in-family,White,Male,United-States,<=50K,215395,0,0,37
4930,51,Private,HS-grad,9,Divorced,Other-service,Not-in-family,White,Female,United-States,<=50K.,57637,0,0,32
4931,35,Private,Some-college,10,Never-married,Sales,Not-in-family,Amer-Indian-Eskimo,Female,United-States,<=50K,153790,0,0,40
4932,63,Self-emp-inc,Masters,14,Divorced,Prof-specialty,Not-in-family,White,Male,United-States,>50K,110890,0,0,70
4933,57,Private,Doctorate,16,Married-civ-spouse,Prof-specialty,Husband,Asian-Pac-Islander,Male,Taiwan,>50K,127277,0,0,40
4934,41,Private,Assoc-voc,11,Married-civ-spouse,Sales,Husband,White,Male,United-States,>50K,433989,4386,0,60
4935,45,Private,11th,7,Married-civ-spouse,Craft-repair,Husband,White,Male,,<=50K,274657,0,0,40
4936,77,,5th-6th,3,Married-civ-spouse,,Husband,White,Male,United-States,<=50K,152900,0,0,20
4937,57,,7th-8th,4,Married-civ-spouse,,Wife,White,Female,Puerto-Rico,<=50K,202903,1173,0,45
4938,44,Private,Some-college,10,Married-civ-spouse,Craft-repair,Husband,White,Male,United-States,<=50K,111067,0,0,40
4939,25,Private,HS-grad,9,Never-married,Adm-clerical,Unmarried,White,Female,United-States,<=50K,174545,0,0,46
4940,39,Local-gov,Some-college,10,Married-civ-spouse,Protective-serv,Husband,White,Male,United-States,>50K.,364782,0,0,40
4941,47,Self-emp-inc,Prof-school,15,Divorced,Prof-specialty,Not-in-family,White,Male,United-States,>50K,79627,27828,0,50
4942,31,Private,Some-college,10,Divorced,Other-service,Own-child,White,Female,United-States,<=50K,118941,0,0,20
4943,59,Private,HS-grad,9,Divorced,Other-service,Not-in-family,Asian-Pac-Islander,Male,China,<=50K,98350,0,0,40
4944,55,Private,Bachelors,13,Separated,Craft-repair,Not-in-family,White,Male,,<=50K,196126,0,0,40
4945,39,Private,Assoc-voc,11,Married-civ-spouse,Adm-clerical,Husband,White,Male,Cuba,<=50K.,225707,0,0,40
4946,36,Private,HS-grad,9,Never-married,Priv-house-serv,Unmarried,Black,Female,,<=50K,189674,0,0,28
4947,43,Private,Masters,14,Married-civ-spouse,Exec-managerial,Husband,White,Male,United-States,>50K,456236,0,0,50
4948,46,Private,HS-grad,9,Divorced,Handlers-cleaners,Not-in-family,White,Female,United-States,<=50K,81497,0,0,48
4949,36,Self-emp-not-inc,HS-grad,9,Never-married,Transport-moving,Own-child,White,Male,United-States,<=50K,344351,0,0,40
4950,40,Private,HS-grad,9,Married-civ-spouse,Machine-op-inspct,Husband,White,Male,United-States,>50K,198096,0,0,40
4951,47,Private,HS-grad,9,Married-civ-spouse,Machine-op-inspct,Husband,White,Male,United-States,>50K,168337,0,0,48
4952,44,Local-gov,Assoc-acdm,12,Married-civ-spouse,Prof-specialty,Husband,White,Male,United-States,<=50K,100479,0,0,48
4953,43,Private,Assoc-acdm,12,Married-civ-spouse,Tech-support,Husband,Asian-Pac-Islander,Male,United-States,<=50K,69758,0,0,40
4954,45,Self-emp-not-inc,7th-8th,4,Married-civ-spouse,Exec-managerial,Husband,White,Male,United-States,>50K,242184,0,0,55
4955,20,Private,HS-grad,9,Never-married,Sales,Not-in-family,Asian-Pac-Islander,Female,United-States,<=50K,227491,0,0,25
4956,54,Private,9th,5,Married-civ-spouse,Craft-repair,Husband,White,Male,United-States,<=50K.,105638,0,0,40
4957,39,Private,Assoc-voc,11,Married-civ-spouse,Tech-support,Husband,Asian-Pac-Islander,Male,Philippines,<=50K,341672,0,0,40
4958,30,Private,Some-college,10,Never-married,Machine-op-inspct,Not-in-family,Black,Female,United-States,<=50K,347132,0,0,40
4959,35,Private,Bachelors,13,Married-civ-spouse,Exec-managerial,Husband,White,Male,United-States,>50K,214816,0,0,40
4960,29,Self-emp-not-inc,10th,6,Married-civ-spouse,Craft-repair,Husband,White,Male,United-States,>50K,160786,0,0,35
4961,22,Private,10th,6,Never-married,Transport-moving,Own-child,Asian-Pac-Islander,Male,United-States,<=50K,160120,0,0,30
4962,43,Private,HS-grad,9,Never-married,Machine-op-inspct,Unmarried,Black,Female,United-States,<=50K.,244419,0,0,40
4963,19,Private,11th,7,Never-married,Sales,Own-child,White,Male,United-States,<=50K,203319,0,0,30
4964,48,Private,HS-grad,9,Married-civ-spouse,Machine-op-inspct,Husband,White,Male,United-States,<=50K,175221,0,0,40
4965,61,,7th-8th,4,Separated,,Not-in-family,White,Male,United-States,<=50K.,31285,0,0,40
4966,72,Private,9th,5,Widowed,Other-service,Unmarried,Black,Female,United-States,<=50K,497280,0,0,20
4967,20,Private,Some-college,10,Never-married,Machine-op-inspct,Not-in-family,White,Female,United-States,<=50K,26842,2176,0,40
4968,33,Private,HS-grad,9,Married-civ-spouse,Sales,Husband,White,Male,United-States,<=50K,155475,0,0,40
4969,23,Private,HS-grad,9,Never-married,Craft-repair,Unmarried,White,Female,United-States,<=50K,227915,0,0,33
4970,27,Federal-gov,Assoc-voc,11,Never-married,Tech-support,Unmarried,Black,Male,United-States,<=50K.,180103,1151,0,40
4971,51,,HS-grad,9,Married-civ-spouse,,Husband,White,Male,United-States,<=50K,203015,0,0,40
4972,48,Private,Masters,14,Married-civ-spouse,Exec-managerial,Husband,White,Male,United-States,>50K,204629,0,0,50
4973,35,Self-emp-inc,Assoc-acdm,12,Never-married,Sales,Own-child,White,Male,United-States,<=50K,64874,0,0,40
4974,21,Private,Some-college,10,Never-married,Other-service,Own-child,White,Male,United-States,<=50K,143062,0,0,32
4975,36,Private,Bachelors,13,Married-civ-spouse,Exec-managerial,Husband,White,Male,England,>50K.,383566,15024,0,55
4976,25,Private,Bachelors,13,Married-civ-spouse,Prof-specialty,Husband,White,Male,United-States,>50K.,202480,0,0,40
4977,24,Private,7th-8th,4,Married-civ-spouse,Craft-repair,Husband,White,Male,United-States,<=50K,296045,2635,0,38
4978,58,Private,Bachelors,13,Married-civ-spouse,Prof-specialty,Husband,White,Male,United-States,>50K.,179715,0,0,47
4979,34,Local-gov,HS-grad,9,Married-civ-spouse,Other-service,Husband,White,Male,United-States,<=50K,43959,0,0,50
4980,30,Self-emp-inc,Some-college,10,Married-civ-spouse,Sales,Husband,White,Male,United-States,<=50K,68330,0,0,50
4981,20,Private,Some-college,10,Never-married,Sales,Own-child,White,Female,United-States,<=50K,256504,0,0,6
4982,27,Local-gov,HS-grad,9,Never-married,Protective-serv,Not-in-family,Black,Male,United-States,<=50K.,47284,0,0,40
4983,21,Private,Some-college,10,Never-married,Other-service,Own-child,White,Female,United-States,<=50K.,396722,0,0,25
4984,34,Self-emp-not-inc,Assoc-acdm,12,Never-married,Craft-repair,Not-in-family,White,Male,United-States,<=50K,177639,0,0,40
4985,27,Private,Some-college,10,Never-married,Sales,Not-in-family,White,Male,United-States,<=50K,249315,0,0,44
4986,24,Private,Assoc-voc,11,Married-civ-spouse,Machine-op-inspct,Husband,White,Male,United-States,<=50K.,325596,0,0,45
4987,36,Private,Assoc-acdm,12,Divorced,Adm-clerical,Unmarried,White,Female,United-States,<=50K,300829,0,0,42
4988,39,Private,Assoc-voc,11,Married-civ-spouse,Craft-repair,Husband,White,Male,United-States,<=50K,191502,0,0,40
4989,27,State-gov,Some-college,10,Never-married,Other-service,Not-in-family,Asian-Pac-Islander,Male,South,<=50K.,162312,0,0,50
4990,48,Private,Some-college,10,Married-civ-spouse,Transport-moving,Husband,Black,Male,United-States,<=50K.,157092,0,0,40
4991,60,,9th,5,Divorced,,Not-in-family,Black,Male,United-States,<=50K,134152,0,0,35
4992,49,Private,HS-grad,9,Divorced,Tech-support,Unmarried,White,Male,United-States,<=50K.,207772,0,0,40
4993,37,Private,Bachelors,13,Never-married,Adm-clerical,Not-in-family,White,Female,United-States,<=50K,162494,0,0,40
4994,56,Private,Some-college,10,Married-civ-spouse,Prof-specialty,Husband,White,Male,United-States,<=50K.,265518,0,0,45
4995,21,Private,Some-college,10,Never-married,Craft-repair,Own-child,White,Male,United-States,<=50K.,315476,0,0,25
4996,44,Self-emp-not-inc,HS-grad,9,Married-civ-spouse,Machine-op-inspct,Wife,White,Female,United-States,<=50K,208277,0,0,45
4997,41,Private,Doctorate,16,Married-civ-spouse,Prof-specialty,Husband,White,Male,United-States,>50K,220531,0,0,50
4998,24,,9th,5,Never-married,,Own-child,White,Male,United-States,<=50K,114292,0,0,40
4999,31,Private,HS-grad,9,Never-married,Prof-specialty,Own-child,White,Female,United-States,<=50K.,393702,0,0,36
5000,18,Self-emp-inc,11th,7,Never-married,Farming-fishing,Own-child,White,Male,United-States,<=50K,101061,0,0,70
