portfolio_row_id,id,age,sex,race,edu,income,dzgroup,dzclass,num.co,scoma,meanbp,wblc,hrt,resp,temp,pafi,alb,bili,crea,sod,ph,glucose,bun,urine,adlp,adls,dnr,hospdead,death,sfdm2
1,2728,91.98395,female,white,,under $11k,ARF/MOSF w/Sepsis,ARF/MOSF,2,0,107,8.29882812,80,15,36.09375,484,2.5,,2.39990234,138,7.339844,192,36,1300,,,dnr after sadm,0,1,no(M2 and SIP pres)
2,7860,77.23199,female,white,12,,Lung Cancer,Cancer,1,0,65,20.0976562,107,28,35.59375,200,1.5998535,1.79980469,0.89990234,136,7.509766,,,,,5,no dnr,0,1,<2 mo. follow-up
3,8780,64.24396,female,white,12,,ARF/MOSF w/Sepsis,ARF/MOSF,1,41,105,,71,24,35.79688,280.9375,,,0.69995117,137,7.379883,96,9,975,,0,dnr after sadm,1,1,<2 mo. follow-up
4,3215,86.13599,male,white,12,,ARF/MOSF w/Sepsis,ARF/MOSF,1,0,60,7.89941406,130,26,38,353.3125,,,6.19921875,134,7.389648,80,43,0,0,0,no dnr,0,1,<2 mo. follow-up
5,45,75.48798,male,hispanic,16,under $11k,CHF,COPD/CHF/Cirrhosis,1,0,62,21.796875,102,24,36.59375,415,,,4,124,7.429688,,,,2,0,dnr after sadm,0,1,
6,4333,62.20099,male,white,12,,Colon Cancer,Cancer,1,0,72,6.5,54,22,35.79688,,,,2.09960938,135,,100,79,1000,,,no dnr,0,1,no(M2 and SIP pres)
7,4865,50.89398,female,white,16,$25-$50k,MOSF w/Malig,ARF/MOSF,1,0,75,7.79980469,75,32,35.89844,226.65625,2.699707,1.89990234,1.29980469,141,7.339844,126,48,1550,0,1,no dnr,0,1,no(M2 and SIP pres)
8,5985,54.57397,male,white,9,,MOSF w/Malig,ARF/MOSF,2,0,83,2.39990234,128,24,35.29688,91.01562,3.0996094,2.19970703,0.79992676,130,7.479492,,,,1,0,dnr after sadm,1,1,<2 mo. follow-up
9,4087,43.05798,female,hispanic,14,$25-$50k,ARF/MOSF w/Sepsis,ARF/MOSF,3,0,118,20.796875,104,52,37.79688,200,2.2998047,7.45996094,1.19995117,137,7.419922,,,,0,,no dnr,0,0,no(M2 and SIP pres)
10,4323,67.14899,female,white,14,,Lung Cancer,Cancer,1,0,100,6.5,80,25,36,,3.2998047,,1.29980469,146,,88,24,1500,4,1,no dnr,0,1,no(M2 and SIP pres)
11,5862,58.431,female,white,12,under $11k,CHF,COPD/CHF/Cirrhosis,7,0,60,16.296875,75,24,37.69531,203.65625,3.8999023,0.89990234,7.19921875,121,7.5,,,,,2,no dnr,0,1,SIP>=30
12,6052,72.13098,female,white,12,under $11k,COPD,COPD/CHF/Cirrhosis,4,0,76,6.09960938,114,24,36.59375,202,3.3999023,0.89990234,1,136,7.349609,,,,,4,dnr after sadm,0,0,adl>=4 (>=5 if sur)
13,5261,40.68698,male,black,9,$11-$25k,CHF,COPD/CHF/Cirrhosis,2,0,105,30.5,115,32,35.59375,66,2,,5.59960938,137,7.239258,259,72,485,0,,no dnr,0,0,no(M2 and SIP pres)
14,698,30.35999,male,black,12,under $11k,ARF/MOSF w/Sepsis,ARF/MOSF,0,37,100,17,115,10,37.79688,332.5,2.199707,27.3984375,1,136,7.389648,,,,,0,no dnr,0,0,adl>=4 (>=5 if sur)
15,3268,58.21198,female,white,,,Cirrhosis,COPD/CHF/Cirrhosis,3,100,37,34.296875,35,12,35.79688,261,2.3999023,8.79882812,3,122,7.269531,,,,,,dnr after sadm,1,1,<2 mo. follow-up
16,6123,37.66699,male,white,7,under $11k,ARF/MOSF w/Sepsis,ARF/MOSF,1,0,103,10.0996094,106,26,37.39844,240,2.5,0.5,0.5,140,7.399414,,,,0,0,no dnr,0,0,no(M2 and SIP pres)
17,5008,65.42896,female,black,11,under $11k,ARF/MOSF w/Sepsis,ARF/MOSF,0,9,58,12.0996094,95,14,37.69531,410,,,1.09985352,132,7.469727,137,24,1270,,0,no dnr,0,0,no(M2 and SIP pres)
18,3735,62.642,male,white,,,ARF/MOSF w/Sepsis,ARF/MOSF,3,9,73,7,72,32,35.69531,266.625,,,2.19970703,126,7.539062,,,,,,dnr after sadm,1,1,<2 mo. follow-up
19,7135,76.646,female,white,12,under $11k,Colon Cancer,Cancer,1,0,69,5,118,24,36.79688,161.65625,2.5996094,3.09960938,0.69995117,135,7.379883,96,6,1890,0,1,no dnr,0,0,no(M2 and SIP pres)
20,496,61.85397,female,white,11,under $11k,MOSF w/Malig,ARF/MOSF,2,9,113,0.04999542,180,28,39.69531,352.375,2.0996094,2.29980469,1.79980469,134,7.549805,,,,,,dnr after sadm,1,1,<2 mo. follow-up
21,3199,74.15698,male,white,12,$25-$50k,Lung Cancer,Cancer,4,0,100,13.2988281,120,25,36.5,400,3.7998047,,1.29980469,142,7.419922,184,20,800,0,0,no dnr,0,1,adl>=4 (>=5 if sur)
22,4643,61.771,male,white,,,ARF/MOSF w/Sepsis,ARF/MOSF,1,0,78,6.89941406,115,24,38.5,186.65625,2.7998047,0.59997559,1.19995117,130,7.429688,95,32,3335,,0,dnr after sadm,1,1,<2 mo. follow-up
23,4428,63.573,male,other,3,under $11k,Colon Cancer,Cancer,1,0,74,11,80,30,36.89844,246,2.699707,,0.5,117,7.5,106,9,2840,0,0,no dnr,0,0,no(M2 and SIP pres)
24,1157,56.58298,female,white,11,under $11k,CHF,COPD/CHF/Cirrhosis,4,0,72,6.5,75,16,36.19531,,4,0.39996338,1.5,136,,87,29,3225,,1,no dnr,0,0,no(M2 and SIP pres)
25,3976,49.45099,female,white,8,,ARF/MOSF w/Sepsis,ARF/MOSF,0,9,133,8,64,12,37.39844,292,,,0.39996338,132,7.469727,,,,,0,no dnr,0,1,no(M2 and SIP pres)
26,8699,57.547,male,white,12,>$50k,ARF/MOSF w/Sepsis,ARF/MOSF,1,89,121,7.39941406,83,20,35.79688,328.5625,3.199707,0.29998779,5.69921875,137,7.439453,195,57,3425,,0,dnr after sadm,0,1,<2 mo. follow-up
27,6674,57.98999,male,white,8,,Cirrhosis,COPD/CHF/Cirrhosis,4,9,81,22.796875,73,28,36,,2.2998047,3.79980469,0.59997559,134,,,,,,3,no dnr,0,1,<2 mo. follow-up
28,1757,40.375,male,hispanic,10,under $11k,COPD,COPD/CHF/Cirrhosis,0,0,83,9.8984375,80,20,36.69531,130,4.1992188,0.39996338,1,143,6.969727,,,,0,1,no dnr,0,0,SIP>=30
29,1535,62.32397,female,white,12,$11-$25k,ARF/MOSF w/Sepsis,ARF/MOSF,1,41,65,11.6992188,80,24,35.89844,,,1.29980469,2,137,,147,79,4330,,3,dnr after sadm,1,1,adl>=4 (>=5 if sur)
30,50,36.30899,male,white,16,,CHF,COPD/CHF/Cirrhosis,2,0,64,6.79980469,115,20,36.29688,,4.3994141,4.5,1.29980469,121,,,,,1,0,no dnr,0,1,
31,700,76.97198,female,black,13,>$50k,CHF,COPD/CHF/Cirrhosis,2,0,85,4.69921875,100,20,36.5,352.375,,,1.59985352,139,7.449219,,,,,0,no dnr,0,0,no(M2 and SIP pres)
32,5124,34.168,female,black,11,under $11k,Coma,Coma,1,44,100,11.5996094,120,28,36.59375,,2.699707,0.5,0.59997559,141,,61,17,,,0,dnr after sadm,1,1,<2 mo. follow-up
33,7520,65.40698,female,white,12,under $11k,Coma,Coma,1,44,77,10,68,28,36.39844,,,1,1.19995117,136,,369,26,,,4,no dnr,0,0,adl>=4 (>=5 if sur)
34,809,71.29895,male,white,14,,Coma,Coma,0,94,62,21.6992188,115,10,38.89844,317.125,,0.5,1.09985352,132,7.509766,,,,,,dnr after sadm,1,1,<2 mo. follow-up
35,3833,65.17694,male,white,,,MOSF w/Malig,ARF/MOSF,2,0,52,0.09999084,146,23,39,126.65625,2.3999023,1.09985352,0.79992676,139,7.389648,,,,,,dnr after sadm,1,1,<2 mo. follow-up
36,1506,36.89297,female,black,16,under $11k,ARF/MOSF w/Sepsis,ARF/MOSF,1,44,83,2.5,80,22,35.79688,,4.1992188,0.79992676,0.79992676,133,,,3,3000,,5,no dnr,0,1,
37,4077,40.74698,male,white,7,$11-$25k,Cirrhosis,COPD/CHF/Cirrhosis,3,0,103,4.39941406,100,20,36.79688,,2.5,1.5,1.5,127,,,,,0,1,no dnr,0,1,<2 mo. follow-up
38,1998,87.41699,female,white,9,under $11k,ARF/MOSF w/Sepsis,ARF/MOSF,1,0,70,13.3984375,59,28,36.09375,404,2.3999023,0.79992676,1.5,130,7.459961,,,,,2,dnr after sadm,0,0,no(M2 and SIP pres)
39,6996,28.50899,female,white,12,under $11k,Cirrhosis,COPD/CHF/Cirrhosis,1,0,100,8.5,79,24,36.39844,376.1875,3.8999023,0.69995117,1.59985352,138,7.5,113,25,2900,0,0,no dnr,0,0,
40,5007,74.40094,female,white,8,,COPD,COPD/CHF/Cirrhosis,2,0,142,28.3984375,115,28,36.69531,122.4375,2,0.39996338,9.79882812,135,7.399414,133,87,97,,3,dnr after sadm,0,1,SIP>=30
41,2308,68.03595,male,white,12,$25-$50k,ARF/MOSF w/Sepsis,ARF/MOSF,2,0,57,5.09960938,82,28,38.29688,98.32812,,,0.79992676,139,7.469727,,,,7,5,dnr after sadm,0,1,no(M2 and SIP pres)
42,2577,90.76794,female,white,12,under $11k,COPD,COPD/CHF/Cirrhosis,1,0,80,6.39941406,80,20,35.59375,347.5625,2.2998047,0.79992676,1.19995117,139,7.369141,113,14,3400,,2,dnr after sadm,0,1,adl>=4 (>=5 if sur)
43,8700,62.22897,male,white,12,$11-$25k,ARF/MOSF w/Sepsis,ARF/MOSF,4,0,101,18.3984375,66,24,35.59375,,,,1.19995117,137,,191,16,4900,,0,no dnr,0,0,adl>=4 (>=5 if sur)
44,6034,31.778,female,hispanic,8,under $11k,ARF/MOSF w/Sepsis,ARF/MOSF,0,0,85,13.5996094,107,16,35.5,360,2.699707,0.09999084,0.79992676,143,7.279297,,,,0,0,no dnr,0,0,no(M2 and SIP pres)
45,1691,54.28299,female,white,10,$25-$50k,ARF/MOSF w/Sepsis,ARF/MOSF,1,0,50,10,155,40,37.29688,95,3,1.79980469,0.89990234,140,7.289062,,,,,2,no dnr,0,1,
46,4471,69.60699,female,white,13,under $11k,Lung Cancer,Cancer,1,0,128,32.5,134,8,35.79688,266.625,1.8999023,0.79992676,0.69995117,141,7.459961,159,25,800,2,,no dnr,0,1,SIP>=30
47,8160,74.97595,male,white,14,>$50k,Coma,Coma,0,0,117,7.19921875,66,24,36.79688,163,4.3994141,0.59997559,0.89990234,138,7.429688,,,,0,0,no dnr,0,0,no(M2 and SIP pres)
48,1285,71.849,male,white,,,CHF,COPD/CHF/Cirrhosis,3,0,50,9.29882812,25,28,38.5,295,,9.5,2.5,136,7.279297,,89,1790,,,no dnr,0,0,
49,6165,62.09399,female,white,8,,ARF/MOSF w/Sepsis,ARF/MOSF,3,0,122,13.3984375,124,28,37.39844,203.3125,4.5996094,1.29980469,0.39996338,131,7.399414,,,,,1,no dnr,0,0,no(M2 and SIP pres)
50,7994,51.23099,female,white,12,under $11k,ARF/MOSF w/Sepsis,ARF/MOSF,3,0,149,7.29980469,112,40,38.89844,110,2.2998047,1,2.59960938,148,7.429688,,,,,4,dnr after sadm,1,1,
51,6837,51.96198,male,white,13,$25-$50k,Colon Cancer,Cancer,1,0,72,5.89941406,65,28,35.39844,,3.3999023,1,1.39990234,137,7.5,95,29,600,0,0,no dnr,0,0,no(M2 and SIP pres)
52,2166,59.49298,female,black,12,under $11k,ARF/MOSF w/Sepsis,ARF/MOSF,1,0,137,18.0976562,119,32,35.79688,273.4375,5,0.59997559,1.5,138,7.359375,,,,0,0,no dnr,0,1,
53,7756,55.198,male,white,15,$11-$25k,ARF/MOSF w/Sepsis,ARF/MOSF,0,9,110,18.8984375,106,10,38,270,3.699707,0.79992676,1.19995117,145,7.469727,,,,,0,no dnr,0,1,adl>=4 (>=5 if sur)
54,4168,69.81195,male,white,0,under $11k,MOSF w/Malig,ARF/MOSF,1,0,109,0.5,174,29,40.19531,166,,0.59997559,0.79992676,138,7.469727,,,,,0,dnr after sadm,1,1,<2 mo. follow-up
55,2974,74.70996,female,white,8,$11-$25k,Coma,Coma,1,94,80,11.3984375,80,25,36.69531,276,,,1,136,7.479492,227,20,2525,,,dnr after sadm,1,1,<2 mo. follow-up
56,1707,70.76495,male,white,11,$11-$25k,COPD,COPD/CHF/Cirrhosis,1,0,83,10.6992188,108,32,36.09375,188.5625,,,1,141,7.359375,,,,2,0,no dnr,0,1,no(M2 and SIP pres)
57,7198,70.66095,male,white,10,under $11k,ARF/MOSF w/Sepsis,ARF/MOSF,2,9,109,26,80,10,36.5,303.3125,1.8999023,9,1.19995117,133,7.479492,67,29,1219,1,,no dnr,0,0,
58,3550,43.09097,male,white,12,$11-$25k,CHF,COPD/CHF/Cirrhosis,1,0,101,9.19921875,86,20,35.79688,819,,1.39990234,1.09985352,135,7.489258,,,,0,0,no dnr,0,1,no(M2 and SIP pres)
59,5781,61.79599,male,white,9,$11-$25k,ARF/MOSF w/Sepsis,ARF/MOSF,1,41,108,46.59375,140,12,38,356,1.1999512,3,1.59985352,130,7.299805,140,39,1385,,5,no dnr,1,1,<2 mo. follow-up
60,652,68.87299,female,white,18,under $11k,Lung Cancer,Cancer,1,41,72,14.5,124,40,36.39844,147.5,2.8999023,0.09999084,0.39996338,138,7.489258,,,,,,dnr after sadm,1,1,<2 mo. follow-up
61,7935,74.52698,female,white,20,$11-$25k,CHF,COPD/CHF/Cirrhosis,3,0,59,10.1992188,76,14,36.29688,,,,1.5,134,7.589844,,,,0,1,no dnr,0,1,adl>=4 (>=5 if sur)
62,8432,65.11694,female,white,7,,COPD,COPD/CHF/Cirrhosis,2,0,77,8.19921875,97,22,36.79688,,4.0996094,1,0.89990234,142,,120,13,400,1,,dnr after sadm,0,1,no(M2 and SIP pres)
63,8178,54.883,male,white,14,under $11k,CHF,COPD/CHF/Cirrhosis,3,0,58,8.69921875,50,22,36.39844,,4.0996094,0.59997559,2.59960938,130,,,,,2,0,no dnr,0,1,no(M2 and SIP pres)
64,2678,82.04797,female,white,6,under $11k,CHF,COPD/CHF/Cirrhosis,6,0,107,18.1992188,68,30,36.69531,,3.0996094,1.09985352,3.69970703,150,,179,99,2003,0,,no dnr,0,0,no(M2 and SIP pres)
65,8130,64.71698,male,white,11,>$50k,CHF,COPD/CHF/Cirrhosis,2,0,67,10,57,24,36.09375,,3.5996094,1.79980469,2.39990234,129,,,,,0,,dnr after sadm,0,1,<2 mo. follow-up
66,6859,53.88898,female,white,12,under $11k,Coma,Coma,2,94,116,10.5,72,8,36.59375,195,2.699707,1.19995117,1.29980469,139,7.389648,137,22,1760,,6,dnr after sadm,0,0,SIP>=30
67,8258,71.81396,male,white,13,$25-$50k,Lung Cancer,Cancer,2,0,111,7.79980469,130,36,36.29688,,3.699707,0.79992676,1.09985352,130,,,,,,,no dnr,1,1,<2 mo. follow-up
68,3455,65.81195,male,white,9,,CHF,COPD/CHF/Cirrhosis,5,0,75,8.5,110,26,37.19531,312,,0.79992676,1.69995117,135,7.429688,,,,0,7,no dnr,0,1,<2 mo. follow-up
69,2440,64.85394,male,white,16,>$50k,MOSF w/Malig,ARF/MOSF,4,0,70,12.2988281,100,30,39.39844,,,,0.79992676,139,,143,11,,,1,dnr after sadm,1,1,<2 mo. follow-up
70,6643,43.92599,male,white,10,$25-$50k,Colon Cancer,Cancer,1,0,117,10.5996094,114,20,36.59375,,3.5996094,0.89990234,1,136,,,,,,0,dnr after sadm,0,1,<2 mo. follow-up
71,6399,73.43195,female,white,8,under $11k,Lung Cancer,Cancer,2,26,108,13.8984375,118,28,36.39844,314.25,3.3999023,1.29980469,1,143,7.429688,,,,,6,dnr after sadm,0,1,<2 mo. follow-up
72,7055,75.05499,male,white,12,,ARF/MOSF w/Sepsis,ARF/MOSF,2,26,125,25.796875,131,26,36.69531,400,2.199707,5.19921875,2.59960938,146,7.299805,191,87,4825,,5,no dnr,1,1,<2 mo. follow-up
73,8950,81.91394,male,white,8,,CHF,COPD/CHF/Cirrhosis,2,0,65,8.69921875,68,10,35.59375,240.21875,2.8999023,1.19995117,1,141,7.489258,153,22,1725,1,1,dnr after sadm,0,0,no(M2 and SIP pres)
74,5428,69.10297,female,white,16,,CHF,COPD/CHF/Cirrhosis,4,0,48,12.1992188,125,26,36.19531,869.375,,,2.89990234,158,7.30957,272,79,925,,,no dnr,0,0,no(M2 and SIP pres)
75,7720,66.41797,male,white,12,$11-$25k,Cirrhosis,COPD/CHF/Cirrhosis,3,0,121,48,126,20,34.29688,,2.699707,,0.79992676,145,,141,11,,,5,no dnr,0,1,SIP>=30
76,1750,57.60999,male,white,12,$25-$50k,Lung Cancer,Cancer,1,0,81,2.79980469,78,22,35.69531,,,0.5,1.09985352,141,,,,,0,0,dnr after sadm,0,1,no(M2 and SIP pres)
77,6960,76.79395,male,white,12,$25-$50k,Lung Cancer,Cancer,1,0,107,14.5,113,14,37,94.28125,,0.59997559,0.79992676,136,7.509766,317,20,2570,,0,dnr after sadm,1,1,<2 mo. follow-up
78,6784,48.08197,male,white,18,>$50k,MOSF w/Malig,ARF/MOSF,1,0,108,,70,20,35.59375,448,3.8999023,0.5,3.19970703,138,7.40918,99,64,850,0,0,no dnr,0,1,no(M2 and SIP pres)
79,21,68.25494,male,white,13,>$50k,Lung Cancer,Cancer,0,0,91,5,92,20,36.5,,4.2998047,0.29998779,1.19995117,138,,,,,0,0,no dnr,0,1,no(M2 and SIP pres)
80,8022,60.991,male,white,11,,COPD,COPD/CHF/Cirrhosis,2,0,117,11.7988281,70,40,36.09375,133.3125,2.3999023,1.59985352,1.29980469,139,7.5,,,,,0,no dnr,0,0,no(M2 and SIP pres)
81,4633,47.96198,male,black,7,,ARF/MOSF w/Sepsis,ARF/MOSF,2,0,55,33.1953125,50,12,39.09375,120,,2.29980469,4.79980469,131,7.349609,69,75,144,2,4,no dnr,0,1,SIP>=30
82,7717,35.01999,male,white,11,under $11k,COPD,COPD/CHF/Cirrhosis,2,0,138,17,110,28,36.09375,226.65625,4,0.79992676,1.09985352,142,7.389648,150,21,,1,0,no dnr,0,0,no(M2 and SIP pres)
83,3131,42.60898,female,white,12,$11-$25k,ARF/MOSF w/Sepsis,ARF/MOSF,2,0,97,11.6992188,80,25,36.69531,,2.3999023,0.29998779,0.79992676,132,,528,13,2900,,1,dnr after sadm,0,1,adl>=4 (>=5 if sur)
84,3283,78.93799,female,white,,,Lung Cancer,Cancer,2,0,87,7.19921875,68,32,39,,,,1.09985352,133,,,,,,,no dnr,0,1,
85,3553,56.06299,female,asian,18,>$50k,Cirrhosis,COPD/CHF/Cirrhosis,1,0,81,7,84,20,36.5,,2.5996094,21.5,1.29980469,135,,,,,,6,dnr after sadm,1,1,<2 mo. follow-up
86,3108,76.49597,male,white,10,,COPD,COPD/CHF/Cirrhosis,2,0,72,11.6992188,64,20,36.29688,,3.5996094,1.09985352,0.89990234,136,,96,21,600,0,,no dnr,0,0,no(M2 and SIP pres)
87,5009,38.13599,female,white,12,$25-$50k,MOSF w/Malig,ARF/MOSF,3,0,67,12.1992188,76,24,38.19531,600,2.7998047,,0.79992676,131,7.469727,51,3,2525,1,0,dnr after sadm,0,1,<2 mo. follow-up
88,5041,62.84998,male,black,16,$25-$50k,CHF,COPD/CHF/Cirrhosis,6,100,105,22.0976562,65,20,36,376,3.5996094,0.69995117,2.09960938,136,7.439453,161,57,2050,,0,no dnr,1,1,<2 mo. follow-up
89,3269,71.31799,male,black,,,COPD,COPD/CHF/Cirrhosis,2,0,102,11.2988281,88,28,36.5,229.15625,,,0.79992676,146,7.339844,,,,,,no dnr,1,1,<2 mo. follow-up
90,1863,71.66595,female,white,14,>$50k,COPD,COPD/CHF/Cirrhosis,1,0,71,7.29980469,74,20,36.29688,542.75,3.7998047,,1.29980469,137,7.389648,,,,0,0,no dnr,0,1,
91,1163,73.26996,female,white,4,under $11k,COPD,COPD/CHF/Cirrhosis,3,0,62,16,64,24,36.19531,209.5,,0.29998779,0.59997559,141,7.339844,139,11,1630,,2,no dnr,0,1,<2 mo. follow-up
92,1498,74.17395,female,white,,,ARF/MOSF w/Sepsis,ARF/MOSF,1,0,42,23.3984375,105,10,36.29688,316,,,2,135,7.25,,40,2650,,,dnr after sadm,1,1,<2 mo. follow-up
93,1997,73.63397,male,white,10,$11-$25k,ARF/MOSF w/Sepsis,ARF/MOSF,5,9,120,17.5,90,35,37.69531,,3.199707,,1.09985352,145,,,,,,0,no dnr,1,1,<2 mo. follow-up
94,142,53.82599,male,hispanic,12,$25-$50k,CHF,COPD/CHF/Cirrhosis,0,0,63,8,96,18,35.89844,,,,1.59985352,129,,,,,,,no dnr,0,1,<2 mo. follow-up
95,2296,35.96997,female,white,,,ARF/MOSF w/Sepsis,ARF/MOSF,2,0,73,15.0996094,80,20,37.79688,125,2.699707,0.29998779,0.89990234,143,7.429688,,,,,,no dnr,0,0,
96,707,67.72894,male,white,18,$11-$25k,CHF,COPD/CHF/Cirrhosis,3,0,110,7.59960938,65,24,36.5,,,0.79992676,1.29980469,137,,,,,,,no dnr,0,1,
97,8053,60.63797,male,white,12,under $11k,ARF/MOSF w/Sepsis,ARF/MOSF,1,41,106,13,70,26,37.39844,,,,0.89990234,157,,,,,,7,no dnr,0,1,<2 mo. follow-up
98,8057,81.383,male,white,12,,COPD,COPD/CHF/Cirrhosis,1,0,115,9.5,104,32,36.29688,200,3.699707,0.89990234,1.59985352,141,7.289062,,,,,,dnr after sadm,0,1,no(M2 and SIP pres)
99,7161,48.181,male,white,12,under $11k,ARF/MOSF w/Sepsis,ARF/MOSF,1,0,72,12.5,50,24,36.19531,282,4.1992188,0.69995117,1.59985352,141,7.299805,123,25,2260,2,,dnr after sadm,1,1,
100,4163,61.71899,female,white,12,$25-$50k,ARF/MOSF w/Sepsis,ARF/MOSF,1,0,101,11,124,23,36.29688,316.3125,2.8999023,0.5,0.5,141,7.389648,,,,0,0,no dnr,0,1,no(M2 and SIP pres)
101,1219,65.29999,male,white,12,,ARF/MOSF w/Sepsis,ARF/MOSF,6,26,43,3.29980469,115,10,38,174.53125,2.7998047,0.69995117,7.19921875,142,7.489258,95,78,,,1,dnr after sadm,1,1,<2 mo. follow-up
102,3198,75.33496,male,white,20,$25-$50k,Colon Cancer,Cancer,1,0,63,7.89941406,100,25,38.69531,143.3125,,0.79992676,1.39990234,143,7.419922,161,33,920,0,,no dnr,0,1,no(M2 and SIP pres)
103,8207,69.40198,male,white,12,$25-$50k,COPD,COPD/CHF/Cirrhosis,5,0,73,9.09960938,60,10,35.5,153.84375,,4.09960938,2.59960938,143,7.279297,,,,,3,no dnr,0,1,no(M2 and SIP pres)
104,3149,40.67599,female,white,13,>$50k,ARF/MOSF w/Sepsis,ARF/MOSF,0,0,38,1,140,32,36.29688,193.3125,,,2.59960938,146,7.389648,146,82,0,,0,no dnr,0,0,no(M2 and SIP pres)
105,5307,43.00598,male,white,9,$25-$50k,MOSF w/Malig,ARF/MOSF,1,26,99,10.7988281,72,20,37.39844,,2.699707,0.39996338,1.19995117,128,,102,17,6150,0,0,no dnr,0,1,no(M2 and SIP pres)
106,4791,80.51495,female,white,14,,Coma,Coma,1,55,57,34.3984375,95,31,37.79688,152.5,,,2.69970703,130,7.419922,56,75,344,,2,dnr after sadm,1,1,<2 mo. follow-up
107,9023,71.54297,male,white,12,$11-$25k,CHF,COPD/CHF/Cirrhosis,3,0,76,10,121,24,36.19531,540,,,1.39990234,133,7.509766,110,24,1250,0,0,no dnr,0,0,no(M2 and SIP pres)
108,978,73.91595,female,white,12,under $11k,Colon Cancer,Cancer,2,0,73,8.3984375,118,30,38.39844,,2,2.19970703,0.69995117,133,,139,12,1410,,5,no dnr,0,1,
109,8957,65.336,male,white,10,under $11k,MOSF w/Malig,ARF/MOSF,2,44,115,19.5,68,28,38.19531,155,,,1.69995117,131,7.30957,191,45,1725,,,dnr after sadm,1,1,<2 mo. follow-up
110,3320,66.04797,male,black,6,under $11k,Lung Cancer,Cancer,1,0,107,7,100,0,37,276.1875,,,0.89990234,138,7.569336,,,,1,2,no dnr,0,1,
111,7688,47.09698,male,hispanic,11,under $11k,COPD,COPD/CHF/Cirrhosis,2,55,85,9.19921875,70,20,36.79688,,3.8999023,0.39996338,1.39990234,137,,104,14,,,6,no dnr,1,1,<2 mo. follow-up
112,801,50.44998,female,white,,,Coma,Coma,2,55,63,28,160,30,40.89844,336.625,,0.89990234,0.79992676,140,7.489258,,,,,,dnr after sadm,1,1,<2 mo. follow-up
113,2551,89.23999,female,white,14,under $11k,CHF,COPD/CHF/Cirrhosis,3,0,55,25.796875,139,26,39.29688,67,1.8999023,0.79992676,0.89990234,144,7.319336,72,42,1193,0,0,dnr before sadm,0,1,SIP>=30
114,8024,19.21999,male,white,12,under $11k,ARF/MOSF w/Sepsis,ARF/MOSF,0,0,81,8.3984375,66,42,38.79688,380,,,0.89990234,135,7.419922,,,,,0,no dnr,0,0,no(M2 and SIP pres)
115,494,40.96399,male,hispanic,16,$11-$25k,Cirrhosis,COPD/CHF/Cirrhosis,2,26,70,2.29980469,95,14,36.69531,271.375,3.5996094,38.3984375,4.69921875,136,7.389648,,,,,,dnr after sadm,1,1,<2 mo. follow-up
116,4483,56.36099,male,white,14,$25-$50k,Lung Cancer,Cancer,0,0,75,13,72,6,36.19531,180,2.2998047,,1.19995117,141,7.449219,168,21,1925,,,no dnr,0,1,no(M2 and SIP pres)
117,8742,78.245,male,white,8,,Coma,Coma,3,61,36,42.296875,128,54,38.39844,252.375,2.2998047,1.09985352,8.59960938,129,7.399414,215,120,0,,1,dnr after sadm,0,1,<2 mo. follow-up
118,4289,47.52399,male,white,14,,Coma,Coma,0,89,56,5.09960938,102,40,38.29688,330,2.8999023,,1.09985352,136,7.479492,108,16,5380,,0,dnr after sadm,0,0,adl>=4 (>=5 if sur)
119,2899,71.78094,male,white,12,$25-$50k,COPD,COPD/CHF/Cirrhosis,3,0,101,0.19998169,118,22,34.79688,,2.199707,2.69970703,0.79992676,141,,87,31,1550,,0,no dnr,0,1,
120,730,44.12299,female,white,12,,MOSF w/Malig,ARF/MOSF,2,41,63,3.39990234,160,21,39.19531,348,,9,4.89941406,135,7.40918,,,,,0,no dnr,0,1,<2 mo. follow-up
121,7785,61.19397,male,white,24,>$50k,CHF,COPD/CHF/Cirrhosis,3,0,71,10.3984375,59,24,36,380.9375,3.7998047,1.69995117,1.5,127,7.419922,,,,0,1,no dnr,0,1,no(M2 and SIP pres)
122,4574,39.797,male,white,14,under $11k,Cirrhosis,COPD/CHF/Cirrhosis,3,0,109,28.296875,64,20,37.79688,508.6875,,,0.69995117,130,7.479492,245,18,,1,1,no dnr,0,0,no(M2 and SIP pres)
123,6984,44.03,male,white,12,under $11k,ARF/MOSF w/Sepsis,ARF/MOSF,2,26,73,7.19921875,130,22,37.39844,233.3125,3.3999023,1.09985352,1.29980469,137,7.40918,85,15,3400,,1,dnr after sadm,1,1,<2 mo. follow-up
124,323,34.99799,female,white,18,>$50k,Coma,Coma,0,44,103,10.0996094,115,20,37.39844,330,,,0.69995117,134,7.479492,,,,,1,no dnr,0,1,adl>=4 (>=5 if sur)
125,1718,96.422,female,white,,,ARF/MOSF w/Sepsis,ARF/MOSF,1,26,51,20.5976562,80,28,36.09375,250,2.7998047,,3.09960938,128,7.419922,,,,,,dnr after sadm,1,1,<2 mo. follow-up
126,937,73.75494,female,hispanic,12,under $11k,Coma,Coma,1,89,125,0.04999542,125,40,38.89844,260,2.199707,1.89990234,0.79992676,152,7.509766,314,17,4755,,5,dnr after sadm,1,1,<2 mo. follow-up
127,4340,52.51498,female,white,13,,ARF/MOSF w/Sepsis,ARF/MOSF,3,0,55,65.6875,140,21,38.09375,133.3125,1.5998535,0.79992676,1.5,142,7.429688,136,22,1400,,3,no dnr,0,1,adl>=4 (>=5 if sur)
128,8919,54.78998,male,white,10,under $11k,ARF/MOSF w/Sepsis,ARF/MOSF,2,0,117,0.29998779,79,16,38.19531,578.25,3.5996094,1.19995117,1.29980469,133,7.449219,88,30,2100,0,4,no dnr,0,1,<2 mo. follow-up
129,7793,69.25098,female,white,,,COPD,COPD/CHF/Cirrhosis,2,0,69,,76,24,36,217.375,,,0.79992676,141,7.349609,,,,,,no dnr,0,0,
130,991,30.98399,female,white,,,ARF/MOSF w/Sepsis,ARF/MOSF,0,37,115,6.09960938,45,18,39.39844,43,,2.09960938,1.09985352,144,7.449219,127,17,2915,,,no dnr,0,0,
131,3911,59.13998,male,white,17,>$50k,Lung Cancer,Cancer,1,0,87,11,120,24,36.29688,,,0.19998169,0.59997559,135,,,,,0,5,dnr after sadm,0,1,no(M2 and SIP pres)
132,7440,70.98395,male,white,12,under $11k,MOSF w/Malig,ARF/MOSF,1,0,104,16.796875,112,22,36.59375,296,,0.79992676,0.89990234,135,7.5,96,22,900,,6,dnr after sadm,1,1,<2 mo. follow-up
133,2878,64.71198,male,white,25,>$50k,ARF/MOSF w/Sepsis,ARF/MOSF,4,0,67,1,100,12,35.29688,351,1.8999023,4,1.79980469,144,7.379883,107,29,845,0,0,no dnr,0,1,no(M2 and SIP pres)
134,3035,88.099,female,white,12,,COPD,COPD/CHF/Cirrhosis,3,41,67,24.8984375,160,30,40,157.5,,,1.89990234,140,7.489258,166,78,2510,,,dnr before sadm,1,1,<2 mo. follow-up
135,4890,70.49097,male,white,12,$11-$25k,ARF/MOSF w/Sepsis,ARF/MOSF,0,0,71,3.09960938,113,28,35.09375,,,,1.29980469,135,,107,18,,,,dnr after sadm,1,1,<2 mo. follow-up
136,2990,79.59198,female,white,12,$25-$50k,ARF/MOSF w/Sepsis,ARF/MOSF,2,0,111,0.39996338,170,28,36.19531,135,2.2998047,2.09960938,7.79980469,135,7.349609,90,103,1660,,3,no dnr,0,0,no(M2 and SIP pres)
137,531,50.59497,male,hispanic,12,$25-$50k,ARF/MOSF w/Sepsis,ARF/MOSF,3,100,37,17.6992188,75,40,36.89844,143,1.5,21,3,134,7.079102,,,,,,no dnr,1,1,<2 mo. follow-up
138,4422,76.81897,male,white,8,$11-$25k,ARF/MOSF w/Sepsis,ARF/MOSF,1,26,136,14.1992188,126,30,37.89844,127.5,2.3999023,0.39996338,1.19995117,143,7.399414,181,56,2390,,1,dnr after sadm,1,1,<2 mo. follow-up
139,5822,64.64899,male,white,,,Coma,Coma,4,100,57,33.59375,103,12,39.59375,135,,,2.19970703,138,7.449219,,,,,,dnr after sadm,1,1,<2 mo. follow-up
140,812,55.37,male,white,16,$25-$50k,CHF,COPD/CHF/Cirrhosis,2,0,80,6.79980469,100,28,35.69531,,4,4.09960938,1.29980469,132,,,,,1,4,no dnr,0,0,no(M2 and SIP pres)
141,7438,38.73499,male,white,12,,Cirrhosis,COPD/CHF/Cirrhosis,2,0,162,10.1992188,118,24,35.29688,137.5,3.0996094,1,0.89990234,144,7.479492,132,20,4346,,0,no dnr,0,0,no(M2 and SIP pres)
142,7480,22.648,male,white,12,$11-$25k,ARF/MOSF w/Sepsis,ARF/MOSF,0,0,67,11.8984375,122,12,37.89844,246.65625,3.699707,1.09985352,1.89990234,132,7.539062,234,70,2095,,0,no dnr,0,0,SIP>=30
143,2756,61.728,male,white,13,$11-$25k,CHF,COPD/CHF/Cirrhosis,4,0,135,13.8984375,60,25,37.79688,238.09375,,0.59997559,1.29980469,136,7.319336,108,25,2170,0,0,no dnr,0,0,no(M2 and SIP pres)
144,7704,72.35596,female,white,,under $11k,ARF/MOSF w/Sepsis,ARF/MOSF,1,0,120,6.29980469,80,20,36.59375,,4.0996094,1.5,1.19995117,138,,156,24,4595,,1,no dnr,1,1,<2 mo. follow-up
145,4235,78.78699,male,white,12,,ARF/MOSF w/Sepsis,ARF/MOSF,0,41,83,25.0976562,120,4,38.39844,157.5,2.3999023,1.19995117,1.69995117,137,7.30957,,,,,0,no dnr,1,1,
146,8495,77.28998,male,white,11,$11-$25k,COPD,COPD/CHF/Cirrhosis,2,0,99,13.1992188,100,24,35.79688,165.21875,3.2998047,1.69995117,0.69995117,140,7.399414,128,10,,0,0,no dnr,0,1,no(M2 and SIP pres)
147,2960,87.06396,female,white,8,$11-$25k,COPD,COPD/CHF/Cirrhosis,3,0,100,6.79980469,61,24,36.09375,159.0625,4.2998047,0.29998779,1.09985352,133,7.299805,229,15,1500,,,dnr after sadm,0,1,adl>=4 (>=5 if sur)
148,4347,76.16394,male,black,3,under $11k,ARF/MOSF w/Sepsis,ARF/MOSF,0,9,62,5,104,23,37.89844,91.25,2.0996094,9.3984375,1,147,7.539062,424,30,1790,0,0,no dnr,0,0,no(M2 and SIP pres)
149,8151,68.44897,male,white,,,Colon Cancer,Cancer,1,0,80,10,107,24,38.59375,,3.5996094,0.5,1,133,,,,,,,no dnr,0,1,
150,2608,63.72299,male,white,9,under $11k,Cirrhosis,COPD/CHF/Cirrhosis,2,0,107,12,80,25,35.59375,,,,1.09985352,136,,181,18,5800,0,0,dnr after sadm,0,1,<2 mo. follow-up
151,5265,64.80194,female,white,15,,MOSF w/Malig,ARF/MOSF,2,0,65,15.1992188,125,14,39.5,132.5,2,2.09960938,1.29980469,136,7.389648,81,12,1750,1,3,no dnr,0,1,adl>=4 (>=5 if sur)
152,8468,56.67398,female,white,14,,Lung Cancer,Cancer,1,26,60,20.296875,106,24,36.39844,191.40625,2.0996094,0.59997559,5.5,147,7.349609,143,113,1015,,,dnr after sadm,0,1,<2 mo. follow-up
153,5390,59.38898,female,hispanic,12,>$50k,Colon Cancer,Cancer,1,0,127,10.7988281,140,35,38.59375,172.5,2.5,0.39996338,2.09960938,147,7.40918,90,57,3005,0,0,no dnr,0,1,
154,1806,61.01599,male,white,14,$11-$25k,MOSF w/Malig,ARF/MOSF,1,0,48,4,118,34,38,372,,1.5,1.29980469,148,7.40918,,,,0,0,dnr after sadm,0,1,no(M2 and SIP pres)
155,5000,60.82098,male,black,7,under $11k,Coma,Coma,3,0,62,7.59960938,145,10,39.09375,175,2.5,4,2,147,7.509766,149,77,1520,,0,no dnr,0,0,no(M2 and SIP pres)
156,4113,61.133,male,white,16,$25-$50k,Lung Cancer,Cancer,1,0,107,9.19921875,64,10,36.5,371.375,2.7998047,1.39990234,1,136,7.399414,,,,0,0,no dnr,0,1,no(M2 and SIP pres)
157,5401,66.26099,female,black,,under $11k,ARF/MOSF w/Sepsis,ARF/MOSF,2,9,102,6.79980469,60,16,38,,,0.59997559,1.29980469,140,,91,15,,0,6,no dnr,0,1,
158,6898,79.02295,male,white,12,$11-$25k,MOSF w/Malig,ARF/MOSF,4,0,63,9.3984375,116,10,38.19531,125,3.699707,1,0.69995117,147,7.419922,147,20,760,,5,dnr before sadm,0,1,<2 mo. follow-up
159,1002,71.29095,male,black,12,$25-$50k,ARF/MOSF w/Sepsis,ARF/MOSF,1,0,55,11.8984375,100,32,38.39844,131.65625,,,7.5,146,7.449219,199,65,753,,,no dnr,1,1,<2 mo. follow-up
160,7812,60.62399,male,white,12,$25-$50k,Lung Cancer,Cancer,1,0,78,,63,16,36.29688,,,,1.39990234,138,,,,,0,0,no dnr,0,0,no(M2 and SIP pres)
161,195,55.28799,female,white,13,,CHF,COPD/CHF/Cirrhosis,2,0,59,5.79980469,145,20,37,456.625,2.8999023,0.79992676,0.89990234,133,7.369141,,,,,,no dnr,0,1,no(M2 and SIP pres)
162,2682,61.74899,male,white,13,$25-$50k,MOSF w/Malig,ARF/MOSF,1,0,73,12.8984375,100,24,37.39844,363.25,2.3999023,,2.09960938,135,7.389648,234,37,1145,,,dnr after sadm,1,1,<2 mo. follow-up
163,8684,92.33398,male,white,12,,CHF,COPD/CHF/Cirrhosis,2,0,135,0.69995117,112,8,39.39844,103.32812,,,5.09960938,134,7.299805,90,83,133,2,1,no dnr,0,0,no(M2 and SIP pres)
164,3652,67.77295,male,white,12,$11-$25k,COPD,COPD/CHF/Cirrhosis,2,0,73,18.5,100,16,35.69531,340,,,1.09985352,139,7.329102,,,,3,0,no dnr,0,1,no(M2 and SIP pres)
165,6785,59.81097,male,hispanic,4,under $11k,Coma,Coma,3,26,105,20.0976562,114,12,40.59375,415,4.2998047,0.59997559,2,147,7.639648,402,56,1350,,0,no dnr,1,1,<2 mo. follow-up
166,5154,56.29797,male,white,12,,ARF/MOSF w/Sepsis,ARF/MOSF,1,0,101,6.79980469,80,16,37.79688,,3.8999023,0.19998169,1.09985352,142,,175,11,,,1,no dnr,0,0,SIP>=30
167,5612,37.51099,male,white,,,ARF/MOSF w/Sepsis,ARF/MOSF,0,37,105,8.79882812,160,14,36.5,271.375,2.8999023,0.5,0.59997559,138,7.519531,171,14,930,,,no dnr,0,0,
168,4625,43.87997,female,white,9,$25-$50k,COPD,COPD/CHF/Cirrhosis,2,0,75,6,60,8,38.09375,360,2.699707,,0.59997559,137,7.479492,90,6,3140,6,6,no dnr,0,0,no(M2 and SIP pres)
169,4249,68.85095,male,white,,,Colon Cancer,Cancer,1,0,133,13.6992188,128,36,39.29688,276,,6.09960938,0.89990234,134,7.489258,,,,,,no dnr,0,1,
170,4829,53.40198,male,white,14,>$50k,Lung Cancer,Cancer,1,0,60,10.3984375,60,25,35.89844,362.8125,1.5,2.59960938,5.29980469,125,7.339844,206,72,94,0,0,no dnr,0,1,no(M2 and SIP pres)
171,6568,31.24699,female,black,11,under $11k,Cirrhosis,COPD/CHF/Cirrhosis,3,0,57,6.19921875,79,16,35.79688,,2.5996094,5.89941406,1.5,133,,,,,0,7,no dnr,0,1,SIP>=30
172,4,42.38498,female,white,11,under $11k,Lung Cancer,Cancer,2,0,75,9.09960938,88,32,35,,,,0.79992676,139,,,,,0,0,no dnr,0,1,no(M2 and SIP pres)
173,7146,74.93195,female,white,9,$11-$25k,Cirrhosis,COPD/CHF/Cirrhosis,5,0,115,12.7988281,111,11,36.59375,160,2.7998047,3,4.09960938,137,7.549805,159,42,747,2,3,dnr after sadm,0,1,<2 mo. follow-up
174,1207,59.02499,male,white,12,$11-$25k,ARF/MOSF w/Sepsis,ARF/MOSF,5,26,68,5.19921875,110,8,36.39844,274.25,3.2998047,2.39990234,6.39941406,142,7.549805,424,76,255,,7,no dnr,0,1,<2 mo. follow-up
175,1063,23.84399,female,hispanic,15,$11-$25k,MOSF w/Malig,ARF/MOSF,1,0,82,0.04999542,150,24,38.39844,,,,0.79992676,137,,,6,2250,,0,no dnr,0,1,no(M2 and SIP pres)
176,7075,65.69196,male,white,18,,ARF/MOSF w/Sepsis,ARF/MOSF,2,0,53,13.5,114,12,35.39844,226.65625,1.7998047,4.09960938,2.5,134,7.419922,194,30,362,,0,no dnr,0,1,no(M2 and SIP pres)
177,1968,73.25397,male,white,12,,ARF/MOSF w/Sepsis,ARF/MOSF,1,0,49,12.5996094,76,24,38.39844,123.32812,,,1.29980469,132,7.489258,,,,,0,no dnr,0,0,no(M2 and SIP pres)
178,1821,75.07996,female,white,5,under $11k,COPD,COPD/CHF/Cirrhosis,1,0,117,11.5,64,6,38.39844,206.65625,3,,1.59985352,142,7.349609,,,,,1,dnr after sadm,0,1,<2 mo. follow-up
179,3187,47.20099,male,white,18,>$50k,MOSF w/Malig,ARF/MOSF,2,0,57,6.09960938,70,25,36.09375,533.25,,,0.69995117,141,7.40918,108,5,2780,0,0,no dnr,0,0,no(M2 and SIP pres)
180,7,62.37097,male,white,14,$25-$50k,CHF,COPD/CHF/Cirrhosis,1,0,78,11.6992188,120,28,37.39844,309.5,4.7998047,0.39996338,1.59985352,132,7.479492,,,,0,1,no dnr,0,1,no(M2 and SIP pres)
181,7955,82.56299,female,white,,,Coma,Coma,0,94,123,13.0996094,59,24,39,114,,,0.89990234,141,7.429688,,,,,,dnr after sadm,1,1,<2 mo. follow-up
182,7295,76.87897,female,white,6,under $11k,ARF/MOSF w/Sepsis,ARF/MOSF,1,0,66,3,130,32,35.69531,334,1.3999023,1,1.5,143,7.489258,80,33,2026,,7,dnr before sadm,0,1,<2 mo. follow-up
183,2100,77.15497,male,white,,,ARF/MOSF w/Sepsis,ARF/MOSF,1,0,45,19.5,38,24,34.79688,200,2,1.89990234,1.89990234,146,7.489258,,,,0,1,no dnr,0,1,<2 mo. follow-up
184,3017,69.08099,male,white,,,Coma,Coma,0,94,49,11.7988281,67,12,36.69531,167.5,2.699707,1.19995117,1.5,136,7.359375,184,31,2311,,,dnr after sadm,1,1,<2 mo. follow-up
185,5118,53.577,female,black,12,,Coma,Coma,4,37,118,12.6992188,125,24,36.89844,203.3125,,0.5,0.59997559,138,7.459961,203,37,2535,,4,no dnr,0,0,adl>=4 (>=5 if sur)
186,8667,73.03796,male,white,8,under $11k,CHF,COPD/CHF/Cirrhosis,4,0,76,7,61,24,36.39844,,2.5996094,0.5,1.09985352,133,,98,43,2100,0,,no dnr,0,0,
187,5244,70.36298,male,white,16,,COPD,COPD/CHF/Cirrhosis,2,0,65,6.5,55,20,36.09375,276.1875,3.8999023,0.79992676,1.19995117,138,7.439453,83,21,2075,,0,dnr after sadm,1,1,<2 mo. follow-up
188,8338,93.41498,female,white,8,under $11k,CHF,COPD/CHF/Cirrhosis,3,0,85,17.8984375,64,24,36.29688,,3.3999023,0.59997559,0.89990234,136,,,,,,5,dnr before sadm,0,1,adl>=4 (>=5 if sur)
189,5815,83.10699,female,black,4,under $11k,ARF/MOSF w/Sepsis,ARF/MOSF,1,26,99,9.8984375,76,20,36.39844,332,,,0.89990234,136,7.399414,131,21,650,,2,dnr after sadm,1,1,<2 mo. follow-up
190,3771,68.20496,female,other,20,$25-$50k,CHF,COPD/CHF/Cirrhosis,5,0,77,9.8984375,102,20,36.19531,328.5625,3.5996094,0.39996338,2.39990234,137,7.439453,,,,1,2,no dnr,0,1,no(M2 and SIP pres)
191,5603,45.27899,male,black,12,under $11k,Cirrhosis,COPD/CHF/Cirrhosis,5,9,72,9.8984375,83,20,36.39844,319,,,0.79992676,135,7.479492,102,18,500,,6,dnr after sadm,1,1,<2 mo. follow-up
192,8162,66.97894,male,white,15,under $11k,Lung Cancer,Cancer,2,0,111,8,72,20,35.19531,,4.2998047,0.59997559,1.09985352,134,,,,,,1,no dnr,0,1,no(M2 and SIP pres)
193,702,65.93298,female,asian,13,under $11k,CHF,COPD/CHF/Cirrhosis,2,0,103,8.69921875,134,24,36,260.8125,,,1,141,7.459961,,,,,3,no dnr,0,1,no(M2 and SIP pres)
194,8720,69.68396,male,white,12,$25-$50k,COPD,COPD/CHF/Cirrhosis,4,37,105,,101,48,36.09375,181.46875,,,,140,7.359375,,,48,,,no dnr,1,1,<2 mo. follow-up
195,7132,64.91699,male,white,8,,ARF/MOSF w/Sepsis,ARF/MOSF,0,0,131,9.79882812,77,43,36.29688,202.5,2.699707,1.59985352,0.5,149,7.539062,119,12,3795,,0,no dnr,0,0,no(M2 and SIP pres)
196,6766,40.94498,male,black,12,$11-$25k,Lung Cancer,Cancer,2,0,79,14.2988281,140,24,36.19531,357.125,2.5996094,0.79992676,1.89990234,135,7.439453,182,24,1700,1,0,no dnr,0,1,no(M2 and SIP pres)
197,7631,65.34998,male,white,9,under $11k,CHF,COPD/CHF/Cirrhosis,4,0,74,10.5996094,98,24,34.5,,3.2998047,0.79992676,1.19995117,131,,121,19,725,1,,no dnr,0,0,no(M2 and SIP pres)
198,7261,64.20294,male,white,18,under $11k,COPD,COPD/CHF/Cirrhosis,2,0,65,16.0976562,123,8,36.29688,188,,,0.59997559,128,7.489258,195,11,2930,1,,no dnr,0,0,no(M2 and SIP pres)
199,5091,70.34399,male,black,5,under $11k,ARF/MOSF w/Sepsis,ARF/MOSF,3,37,96,10.8984375,76,18,36.79688,428.5625,3.699707,0.79992676,0.89990234,140,7.459961,91,8,,,,no dnr,0,1,adl>=4 (>=5 if sur)
200,2225,50.64499,male,white,17,under $11k,Cirrhosis,COPD/CHF/Cirrhosis,3,9,97,5.29980469,80,20,37,,2.8999023,1.89990234,1.5,134,,,,,6,1,no dnr,0,1,no(M2 and SIP pres)
201,8686,86.73499,male,white,9,under $11k,MOSF w/Malig,ARF/MOSF,4,0,112,11.3984375,76,20,36.19531,392,,0.59997559,1.69995117,135,7.469727,318,26,2000,5,5,dnr before sadm,0,1,no(M2 and SIP pres)
202,5950,54.81497,female,black,12,under $11k,ARF/MOSF w/Sepsis,ARF/MOSF,1,0,122,14.3984375,69,34,38.5,121.82812,2.199707,0.39996338,4.69921875,131,7.279297,,,,1,1,no dnr,0,1,no(M2 and SIP pres)
203,9076,63.43298,male,white,10,,Lung Cancer,Cancer,2,0,71,16.5976562,48,16,36.19531,,2.5,0.29998779,0.79992676,131,,77,15,1500,,,no dnr,0,1,
204,7014,74.69995,female,white,16,,ARF/MOSF w/Sepsis,ARF/MOSF,1,0,126,11.6992188,111,29,36.19531,162.84375,3.5996094,0.5,2.09960938,136,7.449219,280,41,1.019775,,4,dnr after sadm,1,1,<2 mo. follow-up
205,8731,74.61694,male,white,12,$11-$25k,Lung Cancer,Cancer,1,0,64,21.6992188,136,10,39.09375,182,,0.69995117,1.59985352,165,7.489258,535,16,8150,0,1,no dnr,0,1,no(M2 and SIP pres)
206,255,77.75995,male,white,14,,CHF,COPD/CHF/Cirrhosis,2,0,58,4.89941406,60,16,36.19531,,4.2998047,,1.59985352,133,,,,,0,0,no dnr,1,1,<2 mo. follow-up
207,3244,63.48297,male,white,18,>$50k,Colon Cancer,Cancer,0,0,83,4.69921875,72,24,36.69531,,3,0.5,0.89990234,139,,,,,1,,no dnr,0,1,no(M2 and SIP pres)
208,808,74.26398,male,white,14,>$50k,CHF,COPD/CHF/Cirrhosis,3,0,40,6.79980469,65,20,36.44531,,,,1.5,131,,,,,1,0,no dnr,0,1,<2 mo. follow-up
209,4497,54.74298,male,white,12,$25-$50k,Lung Cancer,Cancer,1,0,36,1.19995117,30,33,37.59375,93.875,,,1.89990234,143,7.40918,98,32,110,,0,no dnr,0,1,adl>=4 (>=5 if sur)
210,7663,38.98199,female,white,11,under $11k,ARF/MOSF w/Sepsis,ARF/MOSF,6,9,113,9.29882812,78,20,36.29688,,4.0996094,0.79992676,2.09960938,137,,105,35,2275,5,6,no dnr,0,1,no(M2 and SIP pres)
211,5394,62.52197,male,white,16,>$50k,ARF/MOSF w/Sepsis,ARF/MOSF,2,,55,13.0996094,110,25,35.89844,,,,1.79980469,133,,259,60,3170,,0,,1,1,<2 mo. follow-up
212,7939,56.99399,male,white,12,$11-$25k,COPD,COPD/CHF/Cirrhosis,4,0,59,17.8984375,93,24,35.69531,284,4.1992188,0.5,1.89990234,135,7.419922,,,,1,0,dnr after sadm,0,0,no(M2 and SIP pres)
213,3597,57.28699,female,white,10,$11-$25k,Lung Cancer,Cancer,1,0,76,9.19921875,108,28,36.29688,319,,0.69995117,0.69995117,143,7.399414,,,,6,,no dnr,0,1,
214,46,74.995,female,white,,,ARF/MOSF w/Sepsis,ARF/MOSF,0,0,50,51.1953125,120,18,36.19531,237.5,2.8999023,1,4.79980469,135,7.439453,,,,,,dnr after sadm,1,1,<2 mo. follow-up
215,3179,68.98297,female,white,12,$11-$25k,ARF/MOSF w/Sepsis,ARF/MOSF,1,9,123,10.5996094,102,28,36.19531,,3.0996094,,5.19921875,148,,155,40,1255,,0,no dnr,0,0,no(M2 and SIP pres)
216,4388,64.047,male,white,9,$11-$25k,ARF/MOSF w/Sepsis,ARF/MOSF,1,0,103,14.7988281,64,27,36.19531,227.5,4.5996094,4.19921875,3.79980469,147,7.359375,196,104,1120,1,4,no dnr,1,1,<2 mo. follow-up
217,6582,61.25897,female,white,4,under $11k,ARF/MOSF w/Sepsis,ARF/MOSF,5,100,59,18.796875,117,12,35.69531,133.3125,2.0996094,11.3984375,1.19995117,146,7.219727,,,,,,dnr after sadm,1,1,<2 mo. follow-up
218,1273,45.16098,male,white,12,under $11k,Coma,Coma,0,100,73,,80,16,38.19531,,,,0.69995117,140,,87,10,2375,,0,dnr after sadm,1,1,<2 mo. follow-up
219,4942,40.271,male,white,12,$11-$25k,CHF,COPD/CHF/Cirrhosis,2,0,47,17.5,75,32,38.69531,134,1.8999023,0.69995117,1.09985352,132,7.439453,107,18,1659,0,1,dnr after sadm,0,1,no(M2 and SIP pres)
220,4960,42.27499,female,black,12,,ARF/MOSF w/Sepsis,ARF/MOSF,0,0,101,11.1992188,110,42,35.5,214.8125,3,0.5,1,144,7.299805,87,31,1700,0,0,no dnr,0,0,SIP>=30
221,8643,28.88199,male,white,11,under $11k,ARF/MOSF w/Sepsis,ARF/MOSF,2,0,59,12.6992188,115,26,39.29688,180,2.3999023,0.29998779,0.69995117,145,7.479492,181,4,1348,,,no dnr,0,1,
222,4395,67.57599,male,white,,,CHF,COPD/CHF/Cirrhosis,4,0,71,7.89941406,66,18,36.5,328.5625,,0.69995117,1.39990234,140,7.40918,88,22,,,,no dnr,0,1,
223,3804,67.16797,male,white,19,$25-$50k,Colon Cancer,Cancer,1,0,105,5.39941406,72,20,36.59375,,,0.29998779,1,142,,,,,0,0,no dnr,0,1,
224,913,61.142,male,black,22,$25-$50k,ARF/MOSF w/Sepsis,ARF/MOSF,2,0,118,10.1992188,65,36,35.39844,167.5,3.3999023,2.79980469,6.29980469,136,7.469727,281,101,0,,2,no dnr,0,1,<2 mo. follow-up
225,1914,66.53296,male,white,9,$11-$25k,ARF/MOSF w/Sepsis,ARF/MOSF,1,0,55,7,68,24,38.79688,252.5,2.8999023,0.29998779,1.5,141,7.389648,,,,0,0,no dnr,0,0,no(M2 and SIP pres)
226,4058,64.698,male,white,12,$11-$25k,Colon Cancer,Cancer,1,0,119,8.8984375,60,24,36.29688,,3.8999023,0.59997559,0.89990234,136,,,,,0,0,no dnr,0,1,no(M2 and SIP pres)
227,2014,78.09998,male,white,14,,COPD,COPD/CHF/Cirrhosis,4,0,80,5.5,100,25,36.29688,147.5,3.8999023,,1.39990234,140,7.339844,,,,1,2,no dnr,0,0,no(M2 and SIP pres)
228,8229,71.45795,female,white,12,under $11k,CHF,COPD/CHF/Cirrhosis,4,0,68,9.19921875,102,24,35.5,452.375,3.699707,1.19995117,1.39990234,134,7.549805,,,,0,0,no dnr,0,0,no(M2 and SIP pres)
229,1404,62.81998,male,white,12,$11-$25k,CHF,COPD/CHF/Cirrhosis,4,0,67,25.3984375,75,10,36.09375,375,4,7.79980469,2.29980469,133,7.349609,89,46,2785,,0,no dnr,0,1,
230,7678,69.79095,male,white,12,under $11k,Cirrhosis,COPD/CHF/Cirrhosis,2,0,59,14.5,116,40,38.09375,200,2.7998047,0.29998779,1,130,7.459961,156,21,1564,7,,no dnr,0,0,SIP>=30
231,941,49.02399,female,white,12,$25-$50k,ARF/MOSF w/Sepsis,ARF/MOSF,4,0,55,26.6992188,105,10,35.5,186,3.2998047,48.5,3,139,7.279297,164,83,645,,0,dnr after sadm,1,1,<2 mo. follow-up
232,1479,65.52997,female,black,8,under $11k,CHF,COPD/CHF/Cirrhosis,2,0,75,8.8984375,78,22,36.79688,,,,0.79992676,138,,,,3100,1,0,no dnr,0,0,
233,3291,69.48895,female,white,5,$11-$25k,ARF/MOSF w/Sepsis,ARF/MOSF,1,0,117,10.2988281,135,40,38.59375,118.32812,,,0.59997559,132,7.459961,,,,,4,no dnr,0,0,adl>=4 (>=5 if sur)
234,5288,58.056,female,white,12,$25-$50k,Lung Cancer,Cancer,1,9,157,12.8984375,135,32,38.09375,,,,0.69995117,141,,498,4,1405,,3,dnr after sadm,1,1,<2 mo. follow-up
235,5418,59.39798,male,white,12,,ARF/MOSF w/Sepsis,ARF/MOSF,2,0,62,13,125,36,39.09375,343.3125,,0.5,4.69921875,138,7.419922,546,43,1012,,6,no dnr,0,0,adl>=4 (>=5 if sur)
236,6001,69.35498,female,white,12,under $11k,COPD,COPD/CHF/Cirrhosis,2,0,71,13.7988281,130,24,36.5,231.28125,3.199707,0.39996338,0.79992676,136,7.369141,,,,0,,no dnr,0,1,adl>=4 (>=5 if sur)
237,6510,75.01398,male,white,9,$11-$25k,MOSF w/Malig,ARF/MOSF,3,0,59,21.5976562,96,38,35.69531,290.4375,3.2998047,1,1.29980469,126,7.469727,,,,3,4,dnr before sadm,0,1,SIP>=30
238,5465,85.20197,female,other,12,under $11k,ARF/MOSF w/Sepsis,ARF/MOSF,1,0,73,4.19921875,55,8,36,226.65625,2.2998047,0.5,0.69995117,141,7.379883,77,16,1175,,7,dnr after sadm,0,1,<2 mo. follow-up
239,8818,41.64499,male,white,13,$11-$25k,ARF/MOSF w/Sepsis,ARF/MOSF,0,0,65,14.5,119,24,36.19531,209.5,3.3999023,0.59997559,0.89990234,138,7.429688,115,20,600,,0,no dnr,0,0,no(M2 and SIP pres)
240,8265,85.41296,male,white,14,under $11k,ARF/MOSF w/Sepsis,ARF/MOSF,3,0,69,15.5,112,28,36.69531,125.70312,,,1.69995117,143,7.55957,,,,,,dnr after sadm,0,1,
241,3142,89.47296,male,white,,>$50k,ARF/MOSF w/Sepsis,ARF/MOSF,2,0,83,16,80,20,36.09375,214.8125,3.8999023,0.89990234,0.69995117,142,7.389648,102,20,,,7,no dnr,0,1,<2 mo. follow-up
242,7282,79.81696,male,white,9,under $11k,ARF/MOSF w/Sepsis,ARF/MOSF,0,0,83,7.09960938,78,20,36.5,304.75,3.8999023,0.59997559,1.29980469,135,7.459961,395,13,,,0,dnr after sadm,0,0,adl>=4 (>=5 if sur)
243,5283,71.58698,male,black,8,under $11k,ARF/MOSF w/Sepsis,ARF/MOSF,0,9,69,5.39941406,50,16,37.69531,,,0.5,0.79992676,138,,75,6,1400,,6,no dnr,0,1,
244,3294,44.31998,female,black,11,under $11k,ARF/MOSF w/Sepsis,ARF/MOSF,1,9,87,12.1992188,120,25,38.59375,125.45312,2.3999023,1.69995117,0.79992676,140,7.489258,,,,,,no dnr,0,0,no(M2 and SIP pres)
245,286,50.64798,male,black,12,under $11k,CHF,COPD/CHF/Cirrhosis,2,0,67,5.29980469,115,30,36.79688,419,3.3999023,1.39990234,1.19995117,143,7.439453,,,,0,0,no dnr,0,0,no(M2 and SIP pres)
246,813,63.53198,male,other,,,ARF/MOSF w/Sepsis,ARF/MOSF,1,26,138,6.79980469,100,28,36.39844,254.28125,,,0.59997559,136,7.489258,,,,,,no dnr,0,0,
247,1471,60.91699,female,white,16,under $11k,Lung Cancer,Cancer,1,0,128,6.5,120,36,38.59375,127.5,2.2998047,36,3,129,7.539062,,69,213,,,no dnr,0,1,no(M2 and SIP pres)
248,8513,95.34796,male,white,10,$25-$50k,CHF,COPD/CHF/Cirrhosis,3,0,96,6.69921875,62,16,37.19531,,3.5996094,0.19998169,1.39990234,139,,92,19,875,,,no dnr,0,1,no(M2 and SIP pres)
249,8767,56.33899,male,white,8,,Coma,Coma,1,55,100,31.3984375,104,24,36.19531,319,,,0.89990234,137,7.429688,168,21,3800,,,dnr after sadm,1,1,<2 mo. follow-up
250,393,87.46295,female,white,,>$50k,CHF,COPD/CHF/Cirrhosis,1,0,93,8.3984375,84,20,36.39844,342.8125,,,0.79992676,126,7.489258,,,,,,no dnr,0,1,no(M2 and SIP pres)
251,4105,80.78296,female,black,,,Coma,Coma,0,44,119,21.5976562,104,30,37.89844,316.625,4.2998047,,0.69995117,142,7.429688,,,,,0,no dnr,1,1,<2 mo. follow-up
252,8664,81.20496,female,white,12,$11-$25k,Coma,Coma,0,100,54,7.09960938,70,20,37.79688,,2.5,0.29998779,0.79992676,136,,132,3,1325,,,dnr after sadm,1,1,<2 mo. follow-up
253,3102,55.34,male,white,11,under $11k,CHF,COPD/CHF/Cirrhosis,4,0,62,6.79980469,119,30,36.69531,240,,,0.79992676,138,7.429688,312,25,1775,0,0,no dnr,0,1,<2 mo. follow-up
254,5473,54.75198,male,black,,$11-$25k,ARF/MOSF w/Sepsis,ARF/MOSF,0,0,108,12.5,75,30,35.5,146.65625,,,5,125,7.389648,351,74,1350,,0,no dnr,0,0,adl>=4 (>=5 if sur)
255,101,32.99899,female,other,19,$25-$50k,Cirrhosis,COPD/CHF/Cirrhosis,2,9,62,11.5996094,130,8,36.59375,296.625,2,31,4.19921875,127,7.389648,,,,,0,dnr after sadm,1,1,<2 mo. follow-up
256,6087,50.69098,female,black,11,$11-$25k,Lung Cancer,Cancer,4,0,60,0.89990234,112,30,39.19531,352.375,3.699707,0.59997559,0.89990234,138,7.389648,,,,4,0,no dnr,0,1,SIP>=30
257,6528,60.87097,male,white,8,under $11k,ARF/MOSF w/Sepsis,ARF/MOSF,3,100,34,15.5996094,136,30,35.29688,42,2.199707,3.19970703,5.59960938,132,7.119141,,,,,,no dnr,1,1,<2 mo. follow-up
258,1561,51.26099,male,white,,,ARF/MOSF w/Sepsis,ARF/MOSF,1,41,102,17.296875,95,20,36,116.3125,3.199707,1.39990234,1.5,136,7.419922,180,39,2295,,,dnr before sadm,0,1,
259,4737,53.63397,female,white,14,$11-$25k,MOSF w/Malig,ARF/MOSF,1,0,58,3.39990234,105,10,35.5,380,,3.79980469,0.89990234,130,7.489258,97,15,1050,,0,dnr after sadm,0,1,adl>=4 (>=5 if sur)
260,2860,90.073,male,white,8,,Coma,Coma,1,100,73,11.1992188,70,15,37.79688,290.4375,,,1.69995117,132,7.459961,66,15,2000,,7,dnr after sadm,1,1,<2 mo. follow-up
261,3172,82.90198,female,white,12,under $11k,Coma,Coma,3,55,123,10.5996094,104,24,38.59375,357.125,,,1.09985352,134,7.459961,79,16,1121,,,dnr after sadm,1,1,<2 mo. follow-up
262,5715,68.75598,female,white,14,$25-$50k,Colon Cancer,Cancer,1,0,95,11.5996094,55,29,35.69531,108.32812,2.5,2.29980469,2.89990234,123,7.349609,109,72,1290,0,0,no dnr,0,0,no(M2 and SIP pres)
263,2926,88.10699,male,white,12,$11-$25k,CHF,COPD/CHF/Cirrhosis,2,0,123,17.8984375,70,12,36.79688,160,2.199707,,1.89990234,148,7.389648,362,52,2360,1,1,no dnr,0,0,no(M2 and SIP pres)
264,7651,22.894,female,black,12,under $11k,ARF/MOSF w/Sepsis,ARF/MOSF,2,0,67,9.8984375,68,24,36.59375,180.9375,3.699707,1.79980469,0.69995117,136,7.40918,240,18,1925,,1,no dnr,0,0,no(M2 and SIP pres)
265,5429,74.58997,male,white,12,under $11k,COPD,COPD/CHF/Cirrhosis,1,0,112,33,115,38,38.09375,251.40625,2.3999023,24.3984375,2,145,7.459961,379,121,2330,1,2,dnr after sadm,1,1,<2 mo. follow-up
266,6160,47.76498,female,white,,,COPD,COPD/CHF/Cirrhosis,3,9,77,14.6992188,126,32,35.59375,168.5625,,0.89990234,0.79992676,138,7.279297,,,,,,no dnr,0,0,
267,7709,50.78699,female,black,,>$50k,ARF/MOSF w/Sepsis,ARF/MOSF,1,0,53,7.89941406,118,20,38.69531,,2.699707,0.29998779,0.69995117,137,,128,7,2425,,1,no dnr,0,0,
268,3330,72.09296,male,white,,,Lung Cancer,Cancer,1,0,93,11.2988281,96,20,37.09375,,2.8999023,0.29998779,1,136,,,,,,,no dnr,0,1,<2 mo. follow-up
269,5971,56.63199,female,white,9,under $11k,Coma,Coma,2,0,124,16.8984375,72,12,39.09375,185.375,3.3999023,0.79992676,0.69995117,135,7.449219,,,,,0,no dnr,0,0,adl>=4 (>=5 if sur)
270,6468,35.96698,female,white,11,under $11k,ARF/MOSF w/Sepsis,ARF/MOSF,2,0,137,24.8984375,108,20,36.69531,342.8125,2.3999023,0.39996338,5.29980469,130,7.459961,,,,7,7,no dnr,0,0,SIP>=30
271,3880,24.01399,female,white,,,ARF/MOSF w/Sepsis,ARF/MOSF,1,37,112,16.8984375,144,30,40,110,,0.89990234,0.69995117,147,7.489258,,,,,5,dnr after sadm,1,1,<2 mo. follow-up
272,2257,76.271,female,white,16,,MOSF w/Malig,ARF/MOSF,3,0,62,7.39941406,113,26,38.5,59,2.199707,,1.19995117,130,7.459961,,,,,1,dnr after sadm,0,0,SIP>=30
273,7255,58.97897,female,white,,under $11k,ARF/MOSF w/Sepsis,ARF/MOSF,3,0,120,20.796875,133,10,39.29688,147.5,1.7998047,0.69995117,0.5,145,7.459961,335,14,2614,,6,dnr after sadm,1,1,<2 mo. follow-up
274,1048,54.021,male,white,,,Lung Cancer,Cancer,2,0,65,3.89990234,56,12,38,,,0.29998779,0.89990234,140,,,13,1225,,,no dnr,0,1,
275,6279,58.409,male,white,,,ARF/MOSF w/Sepsis,ARF/MOSF,3,44,54,19.5,120,8,36.19531,173.3125,,,3,134,7.389648,,,,,,dnr after sadm,0,1,<2 mo. follow-up
276,8963,64.17798,male,white,10,,CHF,COPD/CHF/Cirrhosis,2,0,109,9.8984375,83,38,37.89844,212,,1.19995117,1.39990234,137,7.519531,69,19,5950,,,dnr after sadm,0,1,<2 mo. follow-up
277,1602,62.84497,male,white,,,ARF/MOSF w/Sepsis,ARF/MOSF,2,0,40,18.0976562,158,28,37.59375,240,,,4.5,135,7.439453,,,,,,dnr after sadm,1,1,<2 mo. follow-up
278,4720,65.23499,female,white,8,under $11k,Cirrhosis,COPD/CHF/Cirrhosis,3,0,108,12,130,8,35.59375,312,3.8999023,0.79992676,2.89990234,136,7.40918,687,43,1680,0,0,no dnr,0,0,
279,8887,74.05096,female,white,6,under $11k,ARF/MOSF w/Sepsis,ARF/MOSF,1,26,104,8.19921875,79,24,35.5,,3.8999023,0.39996338,0.79992676,136,,116,31,2300,,6,dnr after sadm,1,1,<2 mo. follow-up
280,8301,57.10098,female,white,11,$11-$25k,Lung Cancer,Cancer,1,0,104,10.5996094,69,24,38.09375,,,0.19998169,1.09985352,132,,,,,,0,no dnr,0,1,no(M2 and SIP pres)
281,7579,59.89297,female,black,,,CHF,COPD/CHF/Cirrhosis,4,0,135,14.8984375,105,5,38.39844,356.625,,,0.69995117,131,7.479492,144,13,1618,,,no dnr,0,0,
282,522,54.146,male,white,16,>$50k,Colon Cancer,Cancer,1,0,117,18.3984375,90,14,37,,5.0996094,3,1,133,,,,,,,no dnr,0,1,
283,3052,57.44299,male,white,12,>$50k,CHF,COPD/CHF/Cirrhosis,5,0,63,24.296875,80,8,36.89844,191.65625,1.6999512,,1.39990234,132,7.489258,279,30,4375,0,,no dnr,0,0,no(M2 and SIP pres)
284,4090,90.95996,female,white,12,under $11k,ARF/MOSF w/Sepsis,ARF/MOSF,0,26,107,8.3984375,154,54,36.19531,105.70312,,,0.69995117,151,7.419922,,,,,6,dnr after sadm,1,1,<2 mo. follow-up
285,270,53.10098,male,white,,,CHF,COPD/CHF/Cirrhosis,3,0,43,13.2988281,150,22,36.69531,610,3.7998047,1.5,1.29980469,132,7.679688,,,,,,no dnr,1,1,<2 mo. follow-up
286,8724,86.89899,male,white,8,,CHF,COPD/CHF/Cirrhosis,7,0,78,5.89941406,93,16,36.29688,,,,1.09985352,134,,101,23,3425,0,0,dnr after sadm,0,1,<2 mo. follow-up
287,3118,68.90594,female,white,12,$11-$25k,Lung Cancer,Cancer,3,0,140,7.59960938,114,24,36.59375,355,,0.69995117,21.5,136,7.219727,187,174,625,0,0,dnr after sadm,0,1,
288,2221,69.45898,male,white,,,ARF/MOSF w/Sepsis,ARF/MOSF,2,9,45,19.296875,120,46,39.09375,248,2.2998047,,1.19995117,149,7.519531,,,,,,no dnr,1,1,<2 mo. follow-up
289,4594,70.18799,female,black,8,,ARF/MOSF w/Sepsis,ARF/MOSF,0,9,76,4,120,28,38.09375,,2.199707,0.59997559,1.89990234,131,,103,48,1150,,0,no dnr,0,0,no(M2 and SIP pres)
290,3824,64.47095,female,white,14,$11-$25k,ARF/MOSF w/Sepsis,ARF/MOSF,2,61,79,25.6992188,150,14,38.5,274.25,3.699707,46,2.29980469,156,7.509766,,,,,1,dnr after sadm,1,1,<2 mo. follow-up
291,6956,58.349,male,white,9,under $11k,COPD,COPD/CHF/Cirrhosis,3,0,67,9.5,126,24,35.79688,217.125,1.7998047,0.39996338,1.59985352,129,7.459961,576,32,3715,,,no dnr,0,1,
292,8795,86.14899,male,white,10,,Coma,Coma,1,100,64,6.79980469,114,24,36.19531,400,3.199707,0.89990234,1.09985352,138,7.509766,158,21,2150,,1,dnr after sadm,1,1,<2 mo. follow-up
293,4263,69.21594,female,white,9,under $11k,MOSF w/Malig,ARF/MOSF,2,0,67,1.09985352,170,32,35.79688,336.625,1.7998047,0.59997559,1.29980469,147,7.299805,,,,,1,no dnr,0,1,<2 mo. follow-up
294,4220,71.10199,male,white,8,$25-$50k,Lung Cancer,Cancer,1,0,78,9.5,98,20,36.89844,347.5625,2.7998047,0.5,0.59997559,141,7.439453,,,,0,0,no dnr,0,1,no(M2 and SIP pres)
295,8945,84.18298,male,white,8,,CHF,COPD/CHF/Cirrhosis,3,0,62,19.5976562,117,24,38.69531,190.90625,,,2.59960938,130,7.379883,178,74,3725,0,0,no dnr,0,0,
296,5828,62.49698,female,white,8,,ARF/MOSF w/Sepsis,ARF/MOSF,5,0,114,17.5976562,68,32,36.5,85.625,,,2.19970703,133,7.429688,,,,,3,dnr after sadm,1,1,SIP>=30
297,7931,60.78299,female,white,12,,Lung Cancer,Cancer,1,0,96,11.3984375,118,16,37,280.9375,,,0.5,130,7.469727,,,,1,3,no dnr,0,1,<2 mo. follow-up
298,3594,69.08398,male,black,,,ARF/MOSF w/Sepsis,ARF/MOSF,1,37,76,27.1992188,118,10,36.09375,363.3125,,2.19970703,2.39990234,152,7.419922,,,,,,no dnr,1,1,<2 mo. follow-up
299,481,50.38199,female,black,11,under $11k,CHF,COPD/CHF/Cirrhosis,3,0,60,,50,20,36.09375,,,,0.79992676,138,,,,,0,5,no dnr,0,0,adl>=4 (>=5 if sur)
300,4145,78.09198,female,black,7,under $11k,CHF,COPD/CHF/Cirrhosis,2,0,73,11.2988281,130,25,36.89844,372,,,1.89990234,141,7.459961,,,,,1,no dnr,0,1,no(M2 and SIP pres)
301,6635,68.56396,female,white,12,$11-$25k,ARF/MOSF w/Sepsis,ARF/MOSF,5,9,101,11.3984375,70,24,36,231.40625,3.5996094,0.5,6.19921875,132,7.489258,,,,,7,no dnr,0,1,<2 mo. follow-up
302,8893,75.96698,female,white,8,under $11k,COPD,COPD/CHF/Cirrhosis,3,44,57,11.5996094,101,28,36.39844,130,2.8999023,0.29998779,0.79992676,137,7.399414,178,19,1100,,2,no dnr,0,0,no(M2 and SIP pres)
303,7697,54.62799,female,white,13,$25-$50k,Colon Cancer,Cancer,1,0,57,7.79980469,100,24,35.5,309.5,,0.5,1.39990234,141,7.449219,122,23,,0,0,no dnr,0,0,SIP>=30
304,7639,79.88794,male,white,12,,ARF/MOSF w/Sepsis,ARF/MOSF,2,44,111,4.19921875,83,24,36.09375,,2.8999023,0.5,1.09985352,135,,133,8,,,0,dnr after sadm,0,1,<2 mo. follow-up
305,8312,61.45398,male,white,12,under $11k,MOSF w/Malig,ARF/MOSF,0,9,73,0.19998169,110,30,39.5,253.3125,,,1.39990234,139,7.5,,,,,,dnr after sadm,1,1,<2 mo. follow-up
306,7691,61.85397,male,white,11,under $11k,ARF/MOSF w/Sepsis,ARF/MOSF,0,0,98,5.5,76,24,36.29688,,2.699707,3,0.69995117,139,,64,7,2100,,0,no dnr,0,0,adl>=4 (>=5 if sur)
307,5194,20.48199,male,white,14,,ARF/MOSF w/Sepsis,ARF/MOSF,1,0,58,13.6992188,115,38,38.19531,213.3125,,0.79992676,1.39990234,148,7.339844,100,55,1375,0,,no dnr,0,0,no(M2 and SIP pres)
308,728,63.59799,male,white,,,ARF/MOSF w/Sepsis,ARF/MOSF,2,44,30,50.59375,115,25,38.39844,56,2.5,22.796875,5.19921875,129,7.579102,,,,,,dnr after sadm,1,1,<2 mo. follow-up
309,8304,69.15295,male,white,,,COPD,COPD/CHF/Cirrhosis,3,0,102,11,66,24,35.69531,224,3.8999023,0.89990234,1.19995117,131,7.239258,,,,,,no dnr,0,0,
310,6566,41.66998,male,white,9,under $11k,ARF/MOSF w/Sepsis,ARF/MOSF,2,26,129,9.09960938,131,26,38.79688,352,2.5,0.29998779,3.39990234,155,7.40918,,,,,0,no dnr,0,0,no(M2 and SIP pres)
311,7815,63.52597,female,white,14,>$50k,Lung Cancer,Cancer,2,0,102,6,64,24,35.89844,,3.3999023,0.39996338,0.69995117,137,,,,,1,2,no dnr,0,1,
312,1081,29.53,female,asian,15,$11-$25k,ARF/MOSF w/Sepsis,ARF/MOSF,1,0,65,28.1992188,74,22,36.59375,612,1.0998535,,1.39990234,127,7.399414,158,38,600,0,0,no dnr,0,0,SIP>=30
313,1698,80.70599,female,white,12,under $11k,ARF/MOSF w/Sepsis,ARF/MOSF,1,9,78,8.09960938,73,28,37.5,204,3.8999023,,2.79980469,147,6.959961,,,,,5,dnr after sadm,0,0,
314,1762,62.17697,female,black,6,under $11k,CHF,COPD/CHF/Cirrhosis,2,0,63,10.3984375,104,28,36.79688,,2.0996094,0.29998779,2.39990234,146,,,,,6,,no dnr,0,0,no(M2 and SIP pres)
315,2716,75.90698,male,white,16,$25-$50k,ARF/MOSF w/Sepsis,ARF/MOSF,1,0,63,7.59960938,64,26,36.59375,285,,,1,141,7.399414,130,23,1350,,0,no dnr,0,0,SIP>=30
316,6275,64.73895,male,other,9,under $11k,Lung Cancer,Cancer,2,0,67,32.8984375,94,28,35.79688,,3.2998047,0.29998779,0.69995117,132,,,,,0,0,no dnr,0,1,<2 mo. follow-up
317,7847,68.55597,female,white,6,,COPD,COPD/CHF/Cirrhosis,0,0,75,13.2988281,76,24,36.29688,74.0625,,,1.19995117,140,7.299805,,,,4,5,no dnr,0,0,no(M2 and SIP pres)
318,269,65.67596,male,white,,,Lung Cancer,Cancer,1,0,64,11.3984375,134,32,38.79688,309.5,2.5996094,,0.79992676,132,7.519531,,,,0,,dnr after sadm,0,1,
319,8732,78.85797,female,white,,,Coma,Coma,2,61,64,11,102,36,36.59375,204.75,,0.89990234,2,140,7.40918,91,32,2595,,,dnr before sadm,0,1,<2 mo. follow-up
320,5509,63.82999,male,white,14,$25-$50k,CHF,COPD/CHF/Cirrhosis,2,0,70,36.1953125,125,36,38.39844,137.75,2.5996094,2.19970703,2,158,7.459961,203,77,2790,1,1,no dnr,0,0,no(M2 and SIP pres)
321,7849,74.32697,male,white,8,>$50k,Lung Cancer,Cancer,2,0,97,7.29980469,104,20,36.39844,,4,0.89990234,1.5,133,,,,,1,0,no dnr,0,1,adl>=4 (>=5 if sur)
322,1948,48.48499,male,white,9,under $11k,ARF/MOSF w/Sepsis,ARF/MOSF,2,0,63,6,58,26,35.59375,428.5625,3,3,0.5,128,7.459961,,,,1,0,no dnr,0,0,no(M2 and SIP pres)
323,8437,79.39795,male,white,12,$11-$25k,COPD,COPD/CHF/Cirrhosis,1,0,109,5.5,132,8,39.5,399.625,1.6999512,1.59985352,0.79992676,148,7.359375,152,21,1225,0,0,dnr before sadm,0,0,no(M2 and SIP pres)
324,3057,72.41095,male,white,12,$11-$25k,ARF/MOSF w/Sepsis,ARF/MOSF,1,0,103,6.29980469,80,20,36.09375,,4.3994141,0.59997559,5.89941406,135,,91,82,975,1,,dnr after sadm,1,1,<2 mo. follow-up
325,1680,69.74097,male,white,12,$11-$25k,Colon Cancer,Cancer,1,0,96,13.1992188,94,18,37.5,,2.3999023,25.5976562,1.29980469,132,,,,,0,0,dnr after sadm,0,1,<2 mo. follow-up
326,4277,77.40698,male,white,12,,Cirrhosis,COPD/CHF/Cirrhosis,2,37,51,4.59960938,104,26,34.29688,176,1.3999023,5.79980469,4.5,137,7.329102,,,,,6,dnr after sadm,1,1,<2 mo. follow-up
327,151,56.34998,female,white,,,Lung Cancer,Cancer,2,0,67,7.59960938,140,36,39,216.65625,,,0.79992676,135,7.459961,,,,,,dnr after sadm,0,1,
328,208,77.00494,female,white,,,CHF,COPD/CHF/Cirrhosis,2,0,99,8.59960938,80,24,36.5,,,,1,138,,,,,,,no dnr,0,1,<2 mo. follow-up
329,7373,69.69995,male,white,8,under $11k,COPD,COPD/CHF/Cirrhosis,2,0,66,16.296875,65,40,36.5,261.25,3.5996094,0.59997559,0.89990234,138,7.40918,129,30,1700,0,,no dnr,0,1,no(M2 and SIP pres)
330,2544,50.60098,male,white,,,COPD,COPD/CHF/Cirrhosis,2,0,65,9.3984375,72,8,36.59375,197.5,2.7998047,0.39996338,1,137,7.369141,132,49,1020,,,no dnr,0,0,
331,7630,73.03796,male,white,14,$11-$25k,ARF/MOSF w/Sepsis,ARF/MOSF,3,0,108,14.5996094,79,30,36.89844,252,3.3999023,1.59985352,1.59985352,142,7.5,168,29,2515,,1,no dnr,0,0,no(M2 and SIP pres)
332,6156,79.79199,female,black,12,under $11k,ARF/MOSF w/Sepsis,ARF/MOSF,1,0,101,11.7988281,116,24,36.79688,321.1875,2.7998047,0.5,0.59997559,131,7.319336,,,,,6,no dnr,0,1,
333,346,40.20499,male,white,,,ARF/MOSF w/Sepsis,ARF/MOSF,1,44,52,6.5,150,35,36.79688,122,2.699707,10.5996094,1.19995117,143,7.349609,,,,,,dnr after sadm,1,1,<2 mo. follow-up
334,330,53.125,male,white,8,$11-$25k,Lung Cancer,Cancer,1,0,70,9.19921875,72,18,36.79688,376.1875,,0.19998169,1,136,7.459961,,,,0,,no dnr,0,1,
335,8870,69.54095,male,white,12,under $11k,Cirrhosis,COPD/CHF/Cirrhosis,2,0,82,0.09999084,148,22,36.09375,,,,1.39990234,145,,155,39,,,3,no dnr,0,1,<2 mo. follow-up
336,7933,58.22897,male,white,,,Lung Cancer,Cancer,2,26,75,8.59960938,81,28,36.39844,,2.5996094,1.29980469,0.79992676,136,,,,,,,dnr after sadm,1,1,<2 mo. follow-up
337,2451,38.81198,male,white,17,$25-$50k,ARF/MOSF w/Sepsis,ARF/MOSF,0,0,111,7.5,50,8,35.79688,362.5,,,0.79992676,146,7.379883,83,10,3226,,0,dnr after sadm,1,1,<2 mo. follow-up
338,2753,92.32599,female,white,,,ARF/MOSF w/Sepsis,ARF/MOSF,2,0,101,7.59960938,60,28,36.09375,163.3125,3.699707,0.59997559,0.89990234,139,7.469727,227,12,1850,,,dnr before sadm,1,1,<2 mo. follow-up
339,3250,46.77899,female,white,8,$11-$25k,ARF/MOSF w/Sepsis,ARF/MOSF,2,94,85,22.3984375,130,14,39.09375,432.5,3.7998047,0.69995117,0.89990234,137,7.449219,,,,,1,dnr after sadm,1,1,<2 mo. follow-up
340,832,42.237,female,white,16,$25-$50k,ARF/MOSF w/Sepsis,ARF/MOSF,2,0,100,7.29980469,82,24,35.19531,136.71875,,5.19921875,1.19995117,137,7.439453,,,,0,,no dnr,0,1,<2 mo. follow-up
341,8070,62.245,female,white,12,,Lung Cancer,Cancer,1,0,83,9.5,56,16,36.29688,383.3125,4.0996094,0.39996338,0.69995117,138,7.389648,,,,0,,no dnr,0,0,no(M2 and SIP pres)
342,7652,46.06198,female,white,12,under $11k,MOSF w/Malig,ARF/MOSF,1,0,73,10.2988281,73,24,36.09375,,4,0.5,1,136,,137,20,,1,1,no dnr,0,0,SIP>=30
343,7073,39.29898,male,white,8,under $11k,Cirrhosis,COPD/CHF/Cirrhosis,4,0,66,13.0996094,48,20,34.79688,,2.7998047,0.29998779,1.69995117,138,,83,32,,0,0,no dnr,0,0,no(M2 and SIP pres)
344,6991,26.95699,male,white,,,CHF,COPD/CHF/Cirrhosis,1,0,106,0.19998169,122,24,39.19531,,3.8999023,1,0.79992676,137,,119,6,,,,no dnr,1,1,<2 mo. follow-up
345,6330,62.47198,male,white,15,$25-$50k,Lung Cancer,Cancer,1,0,108,5.79980469,76,14,36.39844,336,,,0.79992676,135,7.469727,,,,0,0,no dnr,0,0,no(M2 and SIP pres)
346,4454,52.44897,male,white,11,under $11k,Lung Cancer,Cancer,1,0,133,2.19970703,136,26,36.29688,308,2.2998047,1,1.19995117,155,7.509766,95,35,3765,0,,no dnr,0,1,no(M2 and SIP pres)
347,3196,68.01398,male,black,9,,Lung Cancer,Cancer,2,0,49,12.5,110,14,39.29688,85,,4.29980469,0.79992676,142,7.349609,86,12,4865,2,,dnr after sadm,0,1,
348,4670,73.22095,female,white,12,under $11k,COPD,COPD/CHF/Cirrhosis,2,0,135,10.6992188,65,30,38,233,,,0.59997559,137,7.429688,99,10,5195,0,2,no dnr,0,0,no(M2 and SIP pres)
349,7168,67.87396,female,black,12,under $11k,Lung Cancer,Cancer,1,0,112,14.1992188,74,32,36.39844,157.125,4.5,2.19970703,2,140,7.459961,124,39,1625,0,0,dnr after sadm,0,0,no(M2 and SIP pres)
350,6857,87.29095,female,white,,under $11k,ARF/MOSF w/Sepsis,ARF/MOSF,1,41,74,10.5996094,116,16,36.19531,428,3.7998047,1,1.39990234,141,7.479492,74,23,4760,,4,dnr after sadm,0,1,<2 mo. follow-up
351,8843,76.63196,male,white,8,$11-$25k,COPD,COPD/CHF/Cirrhosis,3,0,52,9.19921875,118,24,35.79688,,,0.29998779,0.89990234,137,,153,16,,,2,no dnr,0,0,no(M2 and SIP pres)
352,3873,51.258,female,white,11,>$50k,Colon Cancer,Cancer,1,0,150,6.39941406,68,20,36.5,,,0.59997559,0.69995117,137,,,,,0,,no dnr,0,1,no(M2 and SIP pres)
353,567,40.46799,female,white,12,>$50k,ARF/MOSF w/Sepsis,ARF/MOSF,3,26,42,12.8984375,125,34,38.29688,155,2.8999023,0.59997559,0.79992676,135,7.509766,,,,,1,no dnr,0,1,no(M2 and SIP pres)
354,2044,64.81299,male,white,10,under $11k,CHF,COPD/CHF/Cirrhosis,0,0,70,8.69921875,60,20,35.59375,323.75,,,5.19921875,125,7.259766,,,,2,,dnr after sadm,0,1,<2 mo. follow-up
355,1552,83.35895,female,white,,$25-$50k,Coma,Coma,2,44,107,6.19921875,100,20,38.19531,,4.2998047,0.39996338,1,140,,102,14,1445,,7,dnr after sadm,1,1,<2 mo. follow-up
356,1549,60.54498,male,white,16,>$50k,MOSF w/Malig,ARF/MOSF,1,26,108,22,125,35,36.39844,,,11.3984375,2.09960938,146,7.519531,220,73,3100,,4,dnr after sadm,1,1,<2 mo. follow-up
357,8289,63.18698,male,white,8,under $11k,Lung Cancer,Cancer,2,0,83,,101,24,36.5,,4.1992188,0.39996338,1,140,,,,,0,1,dnr after sadm,0,1,no(M2 and SIP pres)
358,798,57.93597,male,white,,,Cirrhosis,COPD/CHF/Cirrhosis,3,0,73,11.7988281,108,20,36.59375,523.75,2.2998047,11.7988281,1.59985352,130,7.429688,,,,,,dnr after sadm,1,1,<2 mo. follow-up
359,1198,84.04895,female,white,,,ARF/MOSF w/Sepsis,ARF/MOSF,0,44,62,23.6992188,65,42,36.09375,182.5,,1,1.09985352,150,7.469727,,54,1180,,,dnr after sadm,0,0,
360,4390,59.39798,male,white,13,$11-$25k,CHF,COPD/CHF/Cirrhosis,4,0,124,17.8984375,104,22,36.39844,267.5,2.3999023,0.69995117,0.39996338,130,7.449219,111,15,1175,1,0,no dnr,0,1,adl>=4 (>=5 if sur)
361,227,51.62799,female,white,13,$25-$50k,CHF,COPD/CHF/Cirrhosis,3,0,65,15.8984375,88,16,36.29688,,4.1992188,1,1.09985352,128,,,,,0,0,no dnr,0,1,no(M2 and SIP pres)
362,7048,69.91895,male,white,5,$11-$25k,COPD,COPD/CHF/Cirrhosis,2,0,106,22.1992188,122,20,36.59375,507.375,2.0996094,1.19995117,0.89990234,137,7.479492,203,17,2800,0,0,no dnr,0,0,no(M2 and SIP pres)
363,4777,58.20898,male,white,13,,CHF,COPD/CHF/Cirrhosis,1,0,89,7.59960938,70,16,36,228.5625,4.1992188,0.69995117,0.79992676,143,7.369141,74,10,,0,0,no dnr,0,0,no(M2 and SIP pres)
364,8460,82.11395,female,hispanic,12,,COPD,COPD/CHF/Cirrhosis,1,26,110,39,142,40,35.89844,75,1.1999512,0.89990234,1.09985352,142,7.509766,101,16,4175,,0,dnr after sadm,0,1,no(M2 and SIP pres)
365,5491,62.702,male,white,12,$11-$25k,ARF/MOSF w/Sepsis,ARF/MOSF,1,44,0,9.19921875,0,0,36,76,2.0996094,0.69995117,1.5,138,7.279297,292,11,1640,,0,no dnr,0,0,no(M2 and SIP pres)
366,9063,44.44397,male,white,12,$11-$25k,ARF/MOSF w/Sepsis,ARF/MOSF,4,0,119,12.1992188,79,16,36.29688,,2.8999023,0.5,0.59997559,139,,142,12,3650,,0,no dnr,1,1,<2 mo. follow-up
367,1736,71.79999,male,white,21,,ARF/MOSF w/Sepsis,ARF/MOSF,1,0,53,11.8984375,49,24,37.39844,280.9375,,,1,138,7.479492,,,,1,0,no dnr,0,1,no(M2 and SIP pres)
368,8256,59.18997,male,white,6,$25-$50k,MOSF w/Malig,ARF/MOSF,2,94,72,12.5,113,32,38.69531,195.90625,2.3999023,0.19998169,1.79980469,149,7.339844,,,,,5,no dnr,1,1,<2 mo. follow-up
369,2923,83.13794,female,white,,under $11k,ARF/MOSF w/Sepsis,ARF/MOSF,2,9,75,,67,20,36.19531,,,,1.39990234,136,,108,17,1475,,,no dnr,0,1,adl>=4 (>=5 if sur)
370,4186,56.40198,male,white,14,>$50k,Cirrhosis,COPD/CHF/Cirrhosis,3,0,63,6.29980469,68,26,36.39844,210,2.199707,5.09960938,1,142,7.449219,,,,0,0,dnr after sadm,1,1,<2 mo. follow-up
371,2071,87.836,female,white,8,under $11k,ARF/MOSF w/Sepsis,ARF/MOSF,1,100,57,14.2988281,111,14,37.89844,376.625,3.7998047,,1.19995117,139,7.469727,,,,,4,dnr after sadm,1,1,<2 mo. follow-up
372,6395,52.25699,female,white,15,$11-$25k,Coma,Coma,0,89,105,26.3984375,141,28,39.5,220,3.3999023,0.79992676,0.79992676,133,7.469727,,,,,,no dnr,1,1,<2 mo. follow-up
373,6697,63.17599,female,white,12,under $11k,ARF/MOSF w/Sepsis,ARF/MOSF,1,9,69,37.59375,120,40,33.19531,134.6875,2.699707,1.39990234,3,130,7.449219,,,,,1,dnr after sadm,1,1,<2 mo. follow-up
374,5095,71.96399,female,white,,,ARF/MOSF w/Sepsis,ARF/MOSF,0,0,113,11.7988281,55,30,38.5,353.3125,,,0.59997559,136,7.449219,158,11,2670,,,dnr after sadm,1,1,<2 mo. follow-up
375,6458,50.90198,female,white,12,under $11k,ARF/MOSF w/Sepsis,ARF/MOSF,5,0,62,12.2988281,131,28,36,131.09375,2.5,0.59997559,5.39941406,135,7.369141,,,,1,,no dnr,0,1,SIP>=30
376,2150,74.32196,male,white,12,$11-$25k,CHF,COPD/CHF/Cirrhosis,4,0,97,11.5,70,32,37.09375,400,4,0.69995117,2,142,7.489258,,,,2,1,no dnr,0,1,SIP>=30
377,3065,79.64697,male,white,14,$11-$25k,CHF,COPD/CHF/Cirrhosis,5,0,65,7.09960938,60,18,36.19531,,,,2.29980469,134,,283,51,1700,2,1,dnr after sadm,0,1,adl>=4 (>=5 if sur)
378,4509,63.948,male,black,,$11-$25k,CHF,COPD/CHF/Cirrhosis,1,0,66,32.6953125,64,29,35.79688,134,2,,1.59985352,132,7.399414,110,21,380,0,0,no dnr,0,0,no(M2 and SIP pres)
379,7096,63.25299,male,white,12,,Coma,Coma,1,61,57,8.69921875,109,36,36.19531,173.46875,2.199707,0.59997559,12.1992188,136,7.379883,115,83,0,,0,no dnr,0,0,no(M2 and SIP pres)
380,3734,46.146,female,other,,,Coma,Coma,0,55,114,22.6992188,130,33,37.79688,226.65625,2.699707,1.59985352,1.29980469,143,7.479492,,,,,0,dnr after sadm,0,0,adl>=4 (>=5 if sur)
381,6517,78.28595,female,white,12,under $11k,CHF,COPD/CHF/Cirrhosis,2,0,57,9.19921875,61,16,36,,4.3994141,0.79992676,1.5,135,,,,,0,0,no dnr,0,0,SIP>=30
382,4615,59.66599,male,white,12,$11-$25k,Lung Cancer,Cancer,1,0,102,12.8984375,114,24,36.39844,365.1875,3.7998047,0.39996338,1.29980469,144,7.429688,199,15,,1,2,no dnr,0,1,
383,8478,79.409,male,white,8,,ARF/MOSF w/Sepsis,ARF/MOSF,5,0,109,13.5,54,24,38.39844,382.8125,2.5,0.39996338,0.79992676,139,7.5,116,11,2835,,2,no dnr,1,1,<2 mo. follow-up
384,189,67.04199,male,white,10,$11-$25k,ARF/MOSF w/Sepsis,ARF/MOSF,1,9,129,9.3984375,125,36,38,272.5,3.199707,,1,138,7.489258,,,,,0,no dnr,0,1,adl>=4 (>=5 if sur)
385,928,87.05798,female,white,16,,ARF/MOSF w/Sepsis,ARF/MOSF,1,26,72,18.5976562,115,26,37.89844,206.09375,,,2,131,7.5,156,55,2990,,5,no dnr,0,1,adl>=4 (>=5 if sur)
386,3266,37.65399,female,other,17,$25-$50k,Colon Cancer,Cancer,1,0,91,4.39941406,86,20,37.59375,,,0.29998779,0.69995117,144,,,,,,0,no dnr,0,1,<2 mo. follow-up
387,256,54.18198,male,white,17,>$50k,MOSF w/Malig,ARF/MOSF,1,9,60,4.5,190,40,39.5,90,1.6999512,0.5,1.19995117,130,7.30957,,,,,1,dnr after sadm,1,1,<2 mo. follow-up
388,5426,64.12,female,black,9,under $11k,ARF/MOSF w/Sepsis,ARF/MOSF,1,0,108,12.1992188,65,24,38.09375,268.5625,,0.79992676,8.19921875,129,7.439453,225,39,0,,0,no dnr,0,0,SIP>=30
389,6700,69.50897,female,white,5,,CHF,COPD/CHF/Cirrhosis,4,0,116,13.2988281,81,20,37.89844,,,,1.89990234,134,,,,,0,,no dnr,0,0,no(M2 and SIP pres)
390,3429,37.41498,female,black,,,ARF/MOSF w/Sepsis,ARF/MOSF,2,0,111,19.0976562,98,16,35.5,268,2.7998047,0.29998779,5,138,7.40918,,,,,,no dnr,0,0,
391,820,72.12598,male,white,,,ARF/MOSF w/Sepsis,ARF/MOSF,2,41,113,13.2988281,140,37,38,181.625,,,1,147,7.479492,,,,,,no dnr,0,0,
392,1493,44.89297,female,white,12,>$50k,Colon Cancer,Cancer,1,0,55,12.7988281,75,12,38.29688,,3.3999023,0.89990234,1.69995117,138,,128,30,1920,0,,no dnr,0,1,
393,1394,54.47998,male,white,,,MOSF w/Malig,ARF/MOSF,1,0,65,8.59960938,75,24,38.09375,,,0.5,1.19995117,138,,95,18,4085,0,,no dnr,0,1,
394,4853,73.85394,female,black,11,under $11k,ARF/MOSF w/Sepsis,ARF/MOSF,1,37,103,7.5,80,20,36.29688,,3,3.5,1,133,,105,10,2075,,,dnr after sadm,1,1,<2 mo. follow-up
395,8504,76.01398,male,white,12,$25-$50k,CHF,COPD/CHF/Cirrhosis,5,0,63,0.79992676,124,32,40.29688,,,,1,140,,152,23,2725,,0,no dnr,0,1,no(M2 and SIP pres)
396,6405,63.75897,male,white,11,$11-$25k,CHF,COPD/CHF/Cirrhosis,4,0,61,6.89941406,103,20,35.79688,,4.2998047,1.19995117,1,138,,,,,,,no dnr,0,0,adl>=4 (>=5 if sur)
397,1529,79.12897,female,white,13,under $11k,COPD,COPD/CHF/Cirrhosis,3,0,52,0.04999542,115,14,37.5,226.0625,,18.5,2.09960938,134,7.399414,111,58,3149,2,,no dnr,0,1,<2 mo. follow-up
398,1911,66.58698,male,white,13,>$50k,Lung Cancer,Cancer,1,0,100,3,100,20,35.59375,,3.0996094,0.19998169,1.09985352,137,,,,,0,0,no dnr,0,1,no(M2 and SIP pres)
399,7689,48.74698,female,white,12,$11-$25k,ARF/MOSF w/Sepsis,ARF/MOSF,2,0,112,0.52990723,135,24,39.79688,,3.199707,1.19995117,1,128,,236,11,,,0,no dnr,0,0,no(M2 and SIP pres)
400,444,54.52197,female,white,13,>$50k,CHF,COPD/CHF/Cirrhosis,2,0,37,7.5,90,24,36.29688,122.5,3.3999023,1.59985352,1.39990234,135,7.469727,,,,0,,no dnr,0,0,no(M2 and SIP pres)
401,4224,44.89499,male,black,11,,ARF/MOSF w/Sepsis,ARF/MOSF,0,0,72,11.2988281,58,28,38.69531,102.5,3,0.19998169,3,141,7.399414,,,,0,0,no dnr,0,0,no(M2 and SIP pres)
402,8800,41.88898,female,white,13,,Lung Cancer,Cancer,1,0,70,8.5,62,20,37.69531,,,,0.89990234,138,,84,11,,0,1,no dnr,0,1,no(M2 and SIP pres)
403,5437,67.51495,male,white,,,MOSF w/Malig,ARF/MOSF,1,0,97,17,68,20,36,,4,0.79992676,0.69995117,142,,125,13,,,,no dnr,1,1,<2 mo. follow-up
404,657,70.93994,male,asian,12,,CHF,COPD/CHF/Cirrhosis,2,0,57,6.5,60,28,36.39844,,,,1.29980469,137,,,,,0,0,no dnr,0,1,
405,6596,64.15295,female,black,10,under $11k,MOSF w/Malig,ARF/MOSF,3,37,115,10.3984375,67,24,38.19531,347.5625,2.2998047,0.59997559,1.09985352,132,7.469727,,,,,,dnr after sadm,1,1,
406,3329,60.91397,male,white,,,Coma,Coma,1,100,73,21.6992188,98,18,38.89844,383,,0.69995117,2.19970703,136,7.269531,,,,,,dnr after sadm,1,1,<2 mo. follow-up
407,7094,82.41998,male,white,20,$25-$50k,ARF/MOSF w/Sepsis,ARF/MOSF,2,0,0,14.6992188,0,16,37.69531,55,1.6999512,0.59997559,2.89990234,121,7.269531,257,38,,0,,no dnr,0,0,adl>=4 (>=5 if sur)
408,6794,50.461,female,hispanic,6,under $11k,ARF/MOSF w/Sepsis,ARF/MOSF,2,0,24,17.5,0,34,38.39844,77,3.0996094,0.79992676,2,132,7.359375,199,33,129,,,no dnr,0,1,no(M2 and SIP pres)
409,8378,75.58698,female,white,14,$11-$25k,CHF,COPD/CHF/Cirrhosis,4,0,75,8.8984375,70,20,35.69531,,3.699707,1.89990234,1.5,136,,,,,0,2,no dnr,0,1,no(M2 and SIP pres)
410,5805,51.13199,male,white,0,under $11k,MOSF w/Malig,ARF/MOSF,2,0,103,7.79980469,66,26,36.69531,,,,0.69995117,139,,237,24,1800,,6,no dnr,0,0,adl>=4 (>=5 if sur)
411,8299,85.94696,male,white,16,under $11k,COPD,COPD/CHF/Cirrhosis,3,0,60,8.19921875,79,24,35.89844,,,0.5,1.19995117,131,,,,,,,no dnr,0,1,Coma or Intub
412,8850,76.26794,male,white,8,$11-$25k,COPD,COPD/CHF/Cirrhosis,3,26,102,3.89990234,110,10,36.79688,374.25,2.7998047,0.19998169,0.5,139,7.40918,121,6,2125,,1,dnr after sadm,0,0,no(M2 and SIP pres)
413,5295,41.93799,male,white,,,ARF/MOSF w/Sepsis,ARF/MOSF,4,0,62,17.296875,125,26,38,362,,0.29998779,2,136,7.439453,286,35,3140,,,dnr after sadm,1,1,<2 mo. follow-up
414,7196,65.59595,male,white,8,under $11k,ARF/MOSF w/Sepsis,ARF/MOSF,3,0,83,6.09960938,93,20,37.59375,376.1875,,1.29980469,2.19970703,137,7.519531,112,45,1325,,6,no dnr,0,1,
415,7539,18.77599,male,white,12,$25-$50k,ARF/MOSF w/Sepsis,ARF/MOSF,0,0,94,17.0976562,100,32,37.89844,46.66406,3.3999023,1.09985352,1.69995117,142,7.549805,125,42,795,0,0,no dnr,0,0,no(M2 and SIP pres)
416,2935,36.44897,female,white,,,ARF/MOSF w/Sepsis,ARF/MOSF,2,0,60,29.796875,150,12,36.09375,66,1.6999512,1.09985352,0.79992676,145,7.329102,309,11,965,0,,no dnr,0,0,
417,5032,47.69598,male,black,12,$25-$50k,MOSF w/Malig,ARF/MOSF,1,0,142,0.19998169,115,25,39.39844,120,2.2998047,1.39990234,0.59997559,129,7.439453,201,13,5630,,2,dnr after sadm,1,1,<2 mo. follow-up
418,2725,72.487,male,black,,,ARF/MOSF w/Sepsis,ARF/MOSF,2,0,63,6.09960938,80,20,36.09375,,,1.59985352,1.89990234,135,,98,27,2000,,,dnr before sadm,1,1,<2 mo. follow-up
419,6715,70.88599,male,white,12,$11-$25k,COPD,COPD/CHF/Cirrhosis,2,0,94,17.5976562,118,24,36.59375,280,4,1,1,136,7.369141,,,,1,0,no dnr,0,1,no(M2 and SIP pres)
420,8987,65.56097,male,white,8,$11-$25k,COPD,COPD/CHF/Cirrhosis,3,0,111,6.19921875,107,24,38.79688,,4.5,0.69995117,1.5,136,,110,25,2150,,0,no dnr,0,0,no(M2 and SIP pres)
421,2959,66.28595,female,white,12,under $11k,COPD,COPD/CHF/Cirrhosis,4,0,47,6.5,80,20,36.09375,504.75,3,0.29998779,0.79992676,131,7.479492,72,3,1200,2,1,dnr after sadm,0,1,<2 mo. follow-up
422,2597,64.01398,female,black,12,under $11k,COPD,COPD/CHF/Cirrhosis,2,0,121,10.8984375,106,12,38.29688,157,,0.29998779,0.79992676,143,7.399414,145,12,1625,2,1,no dnr,0,0,no(M2 and SIP pres)
423,5,79.88495,female,white,,,ARF/MOSF w/Sepsis,ARF/MOSF,1,26,59,13.5,112,20,37.89844,173.3125,,,0.79992676,143,7.509766,,,,,2,no dnr,0,0,no(M2 and SIP pres)
424,8459,61.20697,female,hispanic,12,under $11k,ARF/MOSF w/Sepsis,ARF/MOSF,2,26,79,5.89941406,114,10,38,103.42188,2.199707,0.5,2.59960938,143,7.449219,126,26,1062,,,dnr after sadm,1,1,<2 mo. follow-up
425,8161,61.61499,female,white,13,,Lung Cancer,Cancer,1,0,100,,93,20,36.19531,,,,,140,,,,,,,no dnr,0,1,<2 mo. follow-up
426,6485,60.44397,male,white,14,$25-$50k,Colon Cancer,Cancer,2,0,144,10.3984375,78,20,37.59375,,4.0996094,0.29998779,1.19995117,134,,,,,0,,no dnr,0,1,no(M2 and SIP pres)
427,2583,32.84598,female,hispanic,,under $11k,ARF/MOSF w/Sepsis,ARF/MOSF,1,0,100,12.8984375,70,20,35.89844,357.125,3.7998047,1.09985352,0.69995117,125,7.509766,237,14,,,0,no dnr,0,0,no(M2 and SIP pres)
428,1060,38.80399,female,hispanic,12,$11-$25k,ARF/MOSF w/Sepsis,ARF/MOSF,1,44,70,1.39990234,65,30,36.39844,287.5,2.3999023,24.296875,1.29980469,141,7.40918,167,51,1713,,5,dnr after sadm,1,1,<2 mo. follow-up
429,5697,39.90997,male,black,12,$11-$25k,Colon Cancer,Cancer,1,0,127,5.89941406,120,10,38.5,157.5,1.8999023,1.5,0.69995117,127,7.459961,99,10,5565,0,,no dnr,0,0,no(M2 and SIP pres)
430,6277,81.87,male,white,,under $11k,MOSF w/Malig,ARF/MOSF,4,9,103,15.8984375,116,32,36.19531,175.90625,3.2998047,1,1.19995117,146,7.389648,,,,,,dnr after sadm,1,1,<2 mo. follow-up
431,7583,60.30698,male,white,12,under $11k,MOSF w/Malig,ARF/MOSF,4,26,83,0.69995117,101,20,35.79688,,3.5996094,0.59997559,1.29980469,133,,108,18,,6,2,dnr after sadm,1,1,<2 mo. follow-up
432,8607,87.15698,male,white,8,under $11k,COPD,COPD/CHF/Cirrhosis,2,0,73,7.39941406,64,20,36.39844,,,1.39990234,1.69995117,139,,200,39,2300,,0,no dnr,0,0,no(M2 and SIP pres)
433,758,63.017,male,white,8,$25-$50k,ARF/MOSF w/Sepsis,ARF/MOSF,0,26,57,6.89941406,80,8,37.19531,144,2.5996094,0.89990234,0.89990234,137,7.449219,,,,0,,no dnr,0,0,
434,8199,63.48297,male,white,12,,ARF/MOSF w/Sepsis,ARF/MOSF,3,37,100,15.1992188,116,12,39.69531,212.5,3.3999023,7.69921875,4.19921875,150,7.399414,,,,,0,no dnr,0,1,adl>=4 (>=5 if sur)
435,4255,56.06299,female,black,12,,CHF,COPD/CHF/Cirrhosis,5,0,73,9.69921875,52,24,36.79688,376.1875,,,1.69995117,136,7.419922,,,,0,0,no dnr,0,0,no(M2 and SIP pres)
436,75,65.98499,female,hispanic,12,,Colon Cancer,Cancer,1,0,127,17.796875,96,26,38.89844,372,4.0996094,0.29998779,0.79992676,140,7.399414,,,,1,,no dnr,0,1,no(M2 and SIP pres)
437,5632,69.66699,female,white,11,$25-$50k,Colon Cancer,Cancer,1,0,78,10.1992188,65,16,36.19531,642.75,,1.69995117,1.09985352,140,7.349609,158,10,2950,,1,no dnr,0,1,
438,3720,30.92999,female,black,18,$11-$25k,ARF/MOSF w/Sepsis,ARF/MOSF,1,0,117,17.5,100,20,37.39844,495.1875,,,7.19921875,136,7.419922,,,,4,0,no dnr,0,0,no(M2 and SIP pres)
439,6127,78.23096,female,white,8,under $11k,Lung Cancer,Cancer,4,0,117,11.5,74,30,39.09375,274.25,2.699707,0.97998047,0.69995117,134,7.40918,,,,2,1,no dnr,0,0,no(M2 and SIP pres)
440,1836,75.27698,male,white,,,CHF,COPD/CHF/Cirrhosis,1,0,65,11.3984375,64,22,37.59375,197.5,,,1.69995117,145,7.479492,,,,3,0,no dnr,0,1,<2 mo. follow-up
441,7887,44.25998,female,other,15,$11-$25k,ARF/MOSF w/Sepsis,ARF/MOSF,2,0,62,11.6992188,62,24,36,271.375,3.0996094,0.19998169,0.59997559,141,7.449219,,,,2,,no dnr,0,1,no(M2 and SIP pres)
442,874,45.43698,female,white,,,ARF/MOSF w/Sepsis,ARF/MOSF,1,26,107,0.19998169,140,40,37.89844,178,,3,0.5,134,7.299805,,23,2050,,,no dnr,0,0,
443,2189,97.83997,male,white,12,under $11k,ARF/MOSF w/Sepsis,ARF/MOSF,1,0,103,8.19921875,105,48,37.59375,124,2,1,1.29980469,142,7.469727,,,,,1,dnr after sadm,1,1,<2 mo. follow-up
444,7576,67.25,male,white,14,,CHF,COPD/CHF/Cirrhosis,4,0,69,24,126,22,36.69531,220,,0.59997559,1.19995117,137,7.369141,160,40,1560,,,no dnr,0,0,no(M2 and SIP pres)
445,8847,69.47296,female,white,12,,COPD,COPD/CHF/Cirrhosis,2,0,43,8.8984375,130,29,40.19531,300,2.5996094,0.29998779,0.59997559,135,7.399414,138,6,1550,1,,dnr after sadm,0,1,<2 mo. follow-up
446,7080,83.66595,male,white,,,Coma,Coma,3,0,68,19,140,40,38.59375,150,3,8,2.09960938,136,7.399414,96,94,4435,,0,dnr after sadm,1,1,<2 mo. follow-up
447,2131,50.97598,male,black,18,under $11k,ARF/MOSF w/Sepsis,ARF/MOSF,2,37,82,10.0996094,106,26,36,225,2.5,0.29998779,0.89990234,134,7.449219,,,,,,no dnr,0,0,no(M2 and SIP pres)
448,5819,56.88397,female,white,12,$11-$25k,ARF/MOSF w/Sepsis,ARF/MOSF,3,9,137,10.2988281,157,13,38.09375,88,2.5996094,1.29980469,0.59997559,134,7.429688,,,,,1,no dnr,0,0,no(M2 and SIP pres)
449,5104,60.90298,male,white,8,$11-$25k,ARF/MOSF w/Sepsis,ARF/MOSF,1,0,103,10.0996094,55,10,35.39844,,,0.89990234,0.79992676,136,,152,14,,,0,no dnr,0,1,
450,3829,57.34399,male,white,8,$11-$25k,CHF,COPD/CHF/Cirrhosis,3,0,73,8,114,16,35.29688,361.875,4,0.5,1.29980469,142,7.469727,,,,0,0,no dnr,0,1,adl>=4 (>=5 if sur)
451,5700,40.24899,male,white,16,>$50k,Colon Cancer,Cancer,1,0,130,6.39941406,75,8,35,428.5625,2.0996094,0.79992676,0.69995117,134,7.469727,244,7,,0,,no dnr,0,0,
452,1477,69.56897,male,black,8,,COPD,COPD/CHF/Cirrhosis,2,0,117,11.6992188,175,16,36.09375,157.125,,,2.09960938,138,7.269531,184,43,1699,6,5,no dnr,0,0,
453,4503,66.92694,female,white,14,,Lung Cancer,Cancer,2,0,69,1.09985352,106,26,35.89844,472,2.5,1.5,1.19995117,127,7.399414,196,10,1680,3,2,no dnr,0,1,
454,2691,70.49097,male,white,11,,ARF/MOSF w/Sepsis,ARF/MOSF,4,0,113,21.796875,120,34,38.79688,293.875,,,0.79992676,148,7.519531,150,10,1265,,0,no dnr,0,0,no(M2 and SIP pres)
455,933,71.85498,male,asian,12,under $11k,ARF/MOSF w/Sepsis,ARF/MOSF,1,26,55,11.5996094,105,32,36.5,134,2.3999023,1.59985352,4.29980469,125,7.419922,,71,2795,,0,dnr after sadm,1,1,<2 mo. follow-up
456,2295,85.51398,female,white,9,under $11k,CHF,COPD/CHF/Cirrhosis,3,0,83,4.79980469,70,20,36.69531,408.3125,3.8999023,,1.69995117,138,7.389648,,,,2,2,dnr after sadm,0,1,no(M2 and SIP pres)
457,3563,62.46997,male,white,10,$25-$50k,CHF,COPD/CHF/Cirrhosis,2,0,69,11.6992188,80,20,36.79688,180,,1.89990234,1.09985352,133,7.489258,,,,,3,dnr after sadm,1,1,<2 mo. follow-up
458,715,45.22699,male,white,,,ARF/MOSF w/Sepsis,ARF/MOSF,1,37,122,18.5,120,6,37.29688,504,,,0.69995117,132,7.489258,,,,,,no dnr,0,0,
459,4305,69.75494,male,black,3,under $11k,COPD,COPD/CHF/Cirrhosis,1,0,69,14.8984375,63,6,38.19531,148.96875,,,4.29980469,135,7.30957,87,57,2143,0,1,no dnr,0,0,no(M2 and SIP pres)
460,76,95.79199,female,white,,,ARF/MOSF w/Sepsis,ARF/MOSF,1,44,88,11.5996094,65,8,37.19531,360,2.5996094,,1.69995117,147,7.419922,,,,,,dnr after sadm,1,1,<2 mo. follow-up
461,5756,44.79398,male,white,11,>$50k,ARF/MOSF w/Sepsis,ARF/MOSF,0,9,108,10.3984375,140,36,36.19531,,2.699707,1.09985352,1.5,143,,134,53,,,0,no dnr,0,0,no(M2 and SIP pres)
462,4641,66.97296,male,white,19,$11-$25k,MOSF w/Malig,ARF/MOSF,1,0,72,8.79882812,105,40,38,230,3.7998047,0.5,1.19995117,139,7.459961,94,13,2830,,0,dnr after sadm,1,1,<2 mo. follow-up
463,1353,62.06198,male,white,16,>$50k,Coma,Coma,0,9,117,8.19921875,108,22,36.59375,,,,0.69995117,139,,,5,2000,,,no dnr,0,0,no(M2 and SIP pres)
464,135,59.40598,male,white,12,>$50k,CHF,COPD/CHF/Cirrhosis,2,0,57,7.59960938,114,28,36.5,,4,1.09985352,2.79980469,135,,,,,0,0,no dnr,0,1,adl>=4 (>=5 if sur)
465,2932,48.87299,female,white,12,,ARF/MOSF w/Sepsis,ARF/MOSF,1,0,104,9.3984375,108,22,36.59375,,,,1.29980469,140,,133,23,2990,0,0,no dnr,0,1,no(M2 and SIP pres)
466,1813,75.63898,male,white,7,$25-$50k,CHF,COPD/CHF/Cirrhosis,2,0,105,5.39941406,68,24,37,235,,,2.5,142,7.449219,,,,0,,no dnr,0,1,no(M2 and SIP pres)
467,3023,84.22699,male,,,,ARF/MOSF w/Sepsis,ARF/MOSF,1,0,102,12.5996094,80,20,36.09375,,,,1.79980469,136,,163,36,,,,dnr after sadm,1,1,<2 mo. follow-up
468,3810,71.09698,male,white,5,$11-$25k,Colon Cancer,Cancer,1,0,90,13.2988281,100,20,38,,1.7998047,2.39990234,1,135,,,,,,1,no dnr,0,1,adl>=4 (>=5 if sur)
469,1840,81.56299,female,white,,,ARF/MOSF w/Sepsis,ARF/MOSF,1,0,54,7.5,59,24,38.69531,330,,,0.79992676,129,7.439453,,,,1,0,no dnr,0,0,no(M2 and SIP pres)
470,77,76.59094,male,white,17,$11-$25k,Colon Cancer,Cancer,1,0,83,12.7988281,76,18,38.29688,390.4375,4.0996094,0.79992676,0.79992676,146,7.439453,,,,1,2,dnr after sadm,0,1,
471,3897,52.99899,male,black,10,>$50k,Colon Cancer,Cancer,1,0,126,4.59960938,64,28,38.09375,,,13,1.09985352,139,,,,,3,,no dnr,1,1,<2 mo. follow-up
472,9093,75.948,male,white,8,,ARF/MOSF w/Sepsis,ARF/MOSF,2,26,71,4.59960938,67,24,36.29688,252.375,,0.39996338,1.29980469,141,7.379883,113,32,,,2,no dnr,0,0,no(M2 and SIP pres)
473,562,78.88794,female,white,7,,ARF/MOSF w/Sepsis,ARF/MOSF,0,0,55,19.3984375,90,14,38.79688,160,2.699707,,0.5,128,7.5,,,,,,no dnr,0,0,no(M2 and SIP pres)
474,1625,87.20099,female,white,,,CHF,COPD/CHF/Cirrhosis,2,0,67,8.19921875,88,24,38,453,,,1.59985352,139,7.459961,,,,,0,no dnr,0,1,
475,3446,69.15295,female,white,,,ARF/MOSF w/Sepsis,ARF/MOSF,1,100,87,9.29882812,100,50,38.5,165,4.6992188,3.09960938,2,140,7.5,,,,,,no dnr,1,1,<2 mo. follow-up
476,8136,58.54099,male,white,,,ARF/MOSF w/Sepsis,ARF/MOSF,1,9,103,34.3984375,98,24,37.89844,219.96875,,,1.5,145,7.419922,,,,,,no dnr,0,0,
477,2565,71.31799,male,white,12,$11-$25k,Cirrhosis,COPD/CHF/Cirrhosis,3,0,93,5.59960938,60,15,36.09375,318.3125,4.3994141,,2,139,7.359375,108,34,370,0,0,dnr before sadm,0,1,no(M2 and SIP pres)
478,3363,24.049,male,black,14,under $11k,CHF,COPD/CHF/Cirrhosis,4,0,88,30,112,36,38,322.8125,,9.79882812,1.19995117,136,7.449219,,,,,6,no dnr,0,1,<2 mo. follow-up
479,6631,46.40097,female,white,12,under $11k,COPD,COPD/CHF/Cirrhosis,3,0,119,27.796875,114,22,36.5,537,,,0.89990234,128,7.419922,,,,0,0,no dnr,0,0,no(M2 and SIP pres)
480,5068,68.70099,male,white,11,$25-$50k,Lung Cancer,Cancer,1,0,127,21.1992188,65,27,34.5,155,2.7998047,,12.2988281,132,7.289062,318,97,0,0,0,no dnr,0,1,no(M2 and SIP pres)
481,5951,44.24597,male,white,11,under $11k,COPD,COPD/CHF/Cirrhosis,5,0,74,11.1992188,114,25,35,163.96875,3.3999023,1.29980469,0.79992676,133,7.339844,,,,2,6,no dnr,0,1,SIP>=30
482,2933,49.45398,female,white,12,$25-$50k,Lung Cancer,Cancer,2,0,49,5.69921875,107,28,38.89844,287.5,,0.59997559,1.39990234,142,7.429688,110,35,2710,0,,no dnr,0,0,no(M2 and SIP pres)
483,4484,46.17398,female,other,,,ARF/MOSF w/Sepsis,ARF/MOSF,0,9,51,12.7988281,114,8,36.79688,286.625,,,1.29980469,133,7.429688,138,11,3760,,0,no dnr,1,1,<2 mo. follow-up
484,148,50.20099,male,white,,,ARF/MOSF w/Sepsis,ARF/MOSF,1,0,60,3.89990234,145,27,37.69531,122.5,,0.5,3.39990234,134,7.229492,,,,,,dnr after sadm,1,1,<2 mo. follow-up
485,2185,76.53894,female,white,12,$25-$50k,ARF/MOSF w/Sepsis,ARF/MOSF,1,0,50,9.79882812,48,42,38,170,3.199707,,0.69995117,134,7.419922,,,,,2,dnr after sadm,1,1,<2 mo. follow-up
486,2542,77.68097,female,white,12,under $11k,COPD,COPD/CHF/Cirrhosis,2,0,67,10.5,80,20,36.09375,256,3.2998047,,1.59985352,140,7.459961,95,23,5000,,2,dnr before sadm,0,1,<2 mo. follow-up
487,3175,47.56998,female,white,17,$25-$50k,MOSF w/Malig,ARF/MOSF,4,0,60,21.6992188,130,14,38.69531,97,1.5,1.19995117,0.59997559,137,7.379883,313,10,1764,,7,no dnr,1,1,<2 mo. follow-up
488,7326,57.87,female,white,12,under $11k,Colon Cancer,Cancer,2,0,60,12.5,106,28,35.19531,,2.5996094,5.09960938,0.79992676,132,,53,21,1450,4,0,no dnr,0,1,adl>=4 (>=5 if sur)
489,1830,80.159,male,white,11,$25-$50k,ARF/MOSF w/Sepsis,ARF/MOSF,2,0,80,18,80,32,38.09375,98,,,1.89990234,141,7.399414,,,,,1,dnr after sadm,0,1,adl>=4 (>=5 if sur)
490,2552,40.73599,male,white,,,Cirrhosis,COPD/CHF/Cirrhosis,2,0,43,80,50,20,37.79688,,3,0.59997559,2.5,139,,100,115,625,,,no dnr,0,0,
491,5420,66.89398,male,white,15,$11-$25k,CHF,COPD/CHF/Cirrhosis,2,41,18,9.8984375,35,36,38.19531,195,,,2.09960938,137,7.449219,413,52,1065,,0,dnr after sadm,0,0,no(M2 and SIP pres)
492,7664,55.91498,male,white,12,$11-$25k,MOSF w/Malig,ARF/MOSF,2,9,107,17.1992188,133,10,39.19531,170,3.0996094,9.69921875,2.59960938,144,7.469727,166,67,1820,,0,dnr after sadm,1,1,<2 mo. follow-up
493,7355,81.60199,female,white,,under $11k,CHF,COPD/CHF/Cirrhosis,3,0,108,8.8984375,87,28,36.79688,269.5625,,,1.09985352,136,7.339844,146,26,4750,,,no dnr,0,1,no(M2 and SIP pres)
494,8349,35.11298,female,white,12,$11-$25k,MOSF w/Malig,ARF/MOSF,2,0,45,1.69995117,76,26,37.89844,,3.699707,0.5,1.19995117,138,,,,,5,,no dnr,0,1,no(M2 and SIP pres)
495,905,37.25098,male,white,12,$11-$25k,ARF/MOSF w/Sepsis,ARF/MOSF,2,55,42,12,85,24,38.79688,70,3.699707,37,5.59960938,142,7.579102,110,49,0,,,dnr after sadm,1,1,<2 mo. follow-up
496,4530,58.448,female,white,16,>$50k,MOSF w/Malig,ARF/MOSF,1,0,82,10,72,20,37,,4.1992188,0.39996338,0.89990234,141,,96,12,,4,5,dnr after sadm,1,1,<2 mo. follow-up
497,3506,25.47299,male,white,9,under $11k,ARF/MOSF w/Sepsis,ARF/MOSF,0,41,113,22.796875,134,52,39,423.3125,,,3.59960938,137,7.329102,,,,,3,dnr after sadm,0,1,<2 mo. follow-up
498,3763,62.70798,male,white,14,$25-$50k,Lung Cancer,Cancer,1,26,80,9.8984375,70,22,36,,,,1,135,,,,,,7,dnr after sadm,1,1,<2 mo. follow-up
499,6151,64.79095,female,white,12,under $11k,ARF/MOSF w/Sepsis,ARF/MOSF,0,0,114,10,100,28,38.09375,188,,0.5,1.29980469,139,7.389648,,,,,4,no dnr,0,0,adl>=4 (>=5 if sur)
500,7394,79.52594,male,white,7,under $11k,ARF/MOSF w/Sepsis,ARF/MOSF,3,9,66,8.69921875,118,12,38.19531,377.5,2.699707,1.09985352,0.19998169,137,7.459961,86,12,1969,,6,dnr before sadm,0,1,
501,5866,46.05298,female,black,,,Lung Cancer,Cancer,1,0,108,10.3984375,122,28,37.5,,3.0996094,0.5,1,141,,,,,,,no dnr,1,1,<2 mo. follow-up
502,3263,42.89099,male,white,12,$11-$25k,CHF,COPD/CHF/Cirrhosis,2,0,77,8.59960938,94,16,36.5,,,,1.69995117,139,,,,,0,0,no dnr,0,1,no(M2 and SIP pres)
503,7839,65.54095,female,white,10,under $11k,CHF,COPD/CHF/Cirrhosis,3,0,60,7,24,36,35.39844,271.375,3.5996094,0.69995117,1.39990234,131,7.479492,,,,0,1,no dnr,0,1,no(M2 and SIP pres)
504,6392,56.83499,male,white,,,Cirrhosis,COPD/CHF/Cirrhosis,2,0,64,7.5,144,40,34.89844,203,1.3999023,4.89941406,0.79992676,135,7.439453,,,,,1,dnr after sadm,1,1,<2 mo. follow-up
505,8435,69.24597,female,white,16,$25-$50k,MOSF w/Malig,ARF/MOSF,2,0,126,27.5,109,26,35.89844,432,2.2998047,1.19995117,7.59960938,131,7.339844,153,154,2276,,5,dnr after sadm,1,1,<2 mo. follow-up
506,4374,51.46597,female,white,8,$25-$50k,Cirrhosis,COPD/CHF/Cirrhosis,2,0,125,9.3984375,120,24,38.59375,,1.7998047,0.79992676,0.59997559,135,,148,31,,,1,no dnr,0,0,no(M2 and SIP pres)
507,1214,26.754,female,other,,,Coma,Coma,0,44,103,16.5,115,12,38,445.6875,,,0.59997559,141,7.569336,99,22,1435,,,no dnr,0,0,
508,8520,91.96698,male,white,4,under $11k,CHF,COPD/CHF/Cirrhosis,4,0,61,52.3984375,101,28,36.39844,266.625,4,0.79992676,1.59985352,129,7.449219,124,26,3380,,2,dnr after sadm,0,1,<2 mo. follow-up
509,7285,91.64398,female,other,8,under $11k,CHF,COPD/CHF/Cirrhosis,3,0,73,9.09960938,80,22,36.19531,512,,,1,138,7.449219,124,12,2050,0,,no dnr,0,1,no(M2 and SIP pres)
510,5174,30.40099,female,black,12,$11-$25k,ARF/MOSF w/Sepsis,ARF/MOSF,0,0,132,4.5,68,24,38.09375,219.03125,,0.59997559,1.79980469,139,7.369141,229,33,4150,,1,no dnr,0,0,adl>=4 (>=5 if sur)
511,7152,27.91499,male,white,9,$11-$25k,ARF/MOSF w/Sepsis,ARF/MOSF,1,0,75,6.29980469,55,20,36.59375,,,,0.89990234,138,,121,7,4200,,0,no dnr,0,0,no(M2 and SIP pres)
512,1660,61.98499,male,white,20,$11-$25k,Colon Cancer,Cancer,1,0,93,10.5996094,60,20,37,,,,1.29980469,138,,,,,3,2,no dnr,0,0,no(M2 and SIP pres)
513,2536,55.48297,male,white,12,>$50k,Lung Cancer,Cancer,1,0,142,15.0996094,50,24,36.19531,,2.199707,1.89990234,3.09960938,141,,167,46,1990,,,no dnr,0,1,no(M2 and SIP pres)
514,2629,73.18799,female,white,12,,CHF,COPD/CHF/Cirrhosis,4,0,77,7.09960938,50,25,36.09375,261.875,,0.89990234,1.59985352,145,7.439453,114,25,,1,5,no dnr,0,1,SIP>=30
515,2710,92.59998,male,white,12,under $11k,CHF,COPD/CHF/Cirrhosis,3,0,63,14.5996094,120,30,36.69531,216.65625,3.699707,0.5,0.79992676,145,7.359375,100,9,,0,,no dnr,0,1,SIP>=30
516,5804,69.74896,female,white,10,,ARF/MOSF w/Sepsis,ARF/MOSF,1,0,50,3.19970703,145,36,38.5,56.46875,2,0.89990234,1.19995117,142,7.25,94,11,1696,,,dnr after sadm,1,1,<2 mo. follow-up
517,3212,77.61298,male,black,8,under $11k,COPD,COPD/CHF/Cirrhosis,4,0,51,39.3984375,80,20,37,121.65625,,,1.69995117,144,7.479492,96,50,700,0,0,no dnr,0,0,no(M2 and SIP pres)
518,7588,75.98395,male,black,8,under $11k,ARF/MOSF w/Sepsis,ARF/MOSF,4,44,118,9.59960938,55,10,37.69531,363.3125,,,0.5,134,7.419922,120,11,2285,,7,no dnr,0,0,adl>=4 (>=5 if sur)
519,697,71.02295,male,white,13,,ARF/MOSF w/Sepsis,ARF/MOSF,1,0,110,10.2988281,140,23,38.19531,126.3125,,2,1.79980469,137,7.349609,,,,,,dnr after sadm,1,1,<2 mo. follow-up
520,3492,63.431,female,white,,,ARF/MOSF w/Sepsis,ARF/MOSF,2,0,67,13.5,188,25,39.09375,76,,0.79992676,1.29980469,143,7.449219,,,,,,no dnr,0,0,
521,5362,72.64099,male,white,14,$25-$50k,Colon Cancer,Cancer,1,9,63,5.59960938,64,20,36.5,,3.7998047,0.29998779,11,140,,112,11,3285,0,0,no dnr,0,1,no(M2 and SIP pres)
522,5768,71.20599,male,white,12,under $11k,COPD,COPD/CHF/Cirrhosis,2,0,58,10.1992188,65,10,36.89844,190,,,2.59960938,132,7.399414,160,81,4690,0,5,no dnr,0,0,no(M2 and SIP pres)
523,7681,64.745,male,white,12,$11-$25k,CHF,COPD/CHF/Cirrhosis,4,0,64,14.5,118,45,36.09375,153.5625,4,0.5,0.69995117,138,7.299805,143,10,830,3,3,no dnr,0,0,no(M2 and SIP pres)
524,3785,74.09998,female,black,,under $11k,Lung Cancer,Cancer,1,0,137,13.6992188,112,24,36.39844,,,0.29998779,1,137,,,,,,3,dnr after sadm,0,1,adl>=4 (>=5 if sur)
525,8282,42.965,male,white,12,under $11k,ARF/MOSF w/Sepsis,ARF/MOSF,0,0,43,19.5,138,36,38.79688,235,,,3,144,7.529297,,,,,1,no dnr,1,1,<2 mo. follow-up
526,3202,77.31396,male,white,10,under $11k,MOSF w/Malig,ARF/MOSF,1,0,131,11.8984375,160,27,39,222,,0.5,1.19995117,147,7.469727,127,26,1239,5,6,no dnr,0,1,no(M2 and SIP pres)
527,8383,87.70398,male,white,,,COPD,COPD/CHF/Cirrhosis,4,0,103,6.39941406,96,28,38,204.75,3.7998047,1.09985352,1.5,139,7.379883,,,,,,dnr after sadm,0,1,
528,5371,39.034,male,black,,,ARF/MOSF w/Sepsis,ARF/MOSF,2,100,82,13.7988281,75,20,36,167.34375,,,3.69970703,142,7.429688,185,69,200,,,dnr after sadm,1,1,<2 mo. follow-up
529,7414,33.50598,female,white,12,>$50k,Coma,Coma,1,0,90,9.5,93,18,36.09375,,4.0996094,1,1.59985352,133,7.419922,122,31,900,,,dnr before sadm,1,1,<2 mo. follow-up
530,3916,38.27499,female,black,10,under $11k,ARF/MOSF w/Sepsis,ARF/MOSF,0,37,147,17.5976562,134,12,38.5,160,2.2998047,1.29980469,0.59997559,130,7.359375,,,,,,no dnr,0,0,adl>=4 (>=5 if sur)
531,7558,70.56799,male,white,9,under $11k,COPD,COPD/CHF/Cirrhosis,4,0,69,8.79882812,80,20,36.79688,,3.5996094,1.19995117,1.29980469,143,,65,33,850,1,0,no dnr,0,0,adl>=4 (>=5 if sur)
532,6611,64.56097,male,white,16,,ARF/MOSF w/Sepsis,ARF/MOSF,3,0,68,23.5,128,12,38.39844,215,2.5,1,1.59985352,134,7.399414,,,,,7,no dnr,0,1,adl>=4 (>=5 if sur)
533,7113,58.995,male,white,8,under $11k,CHF,COPD/CHF/Cirrhosis,6,9,118,,53,28,38.29688,313.3125,1.5998535,1.09985352,2,145,7.459961,109,39,4210,0,0,no dnr,0,0,SIP>=30
534,4468,68.13696,female,white,12,>$50k,Colon Cancer,Cancer,3,0,108,16.5,76,24,36.5,164,4.3994141,0.69995117,1,137,7.30957,126,22,2050,,,no dnr,0,1,no(M2 and SIP pres)
535,2475,56.85999,female,white,12,under $11k,COPD,COPD/CHF/Cirrhosis,3,0,60,5.59960938,80,20,36.09375,,,,1.19995117,129,,109,18,,4,1,no dnr,0,0,no(M2 and SIP pres)
536,6308,66.98199,female,white,13,$11-$25k,COPD,COPD/CHF/Cirrhosis,1,0,105,,70,30,37.79688,207.125,,,1,142,7.369141,,,,1,0,no dnr,0,0,SIP>=30
537,5728,66.30499,female,black,2,under $11k,Colon Cancer,Cancer,2,0,58,12.2988281,80,30,39.29688,147.5,,,1.29980469,144,7.269531,293,34,1800,2,4,no dnr,0,1,no(M2 and SIP pres)
538,5554,19.21399,female,white,12,under $11k,ARF/MOSF w/Sepsis,ARF/MOSF,0,0,108,6.59960938,115,6,36.29688,171.40625,,0.69995117,0.69995117,134,7.30957,125,22,2270,,1,no dnr,0,0,no(M2 and SIP pres)
539,4169,85.53894,male,black,,,MOSF w/Malig,ARF/MOSF,1,9,93,11,80,26,36,146.9375,,0.19998169,1.29980469,146,7.399414,,,,4,2,no dnr,0,0,no(M2 and SIP pres)
540,4693,62.146,male,white,14,$25-$50k,ARF/MOSF w/Sepsis,ARF/MOSF,2,9,80,7.19921875,65,14,35.29688,,,0.89990234,0.89990234,139,,93,19,,,5,no dnr,1,1,<2 mo. follow-up
541,7457,71.72095,male,white,,,ARF/MOSF w/Sepsis,ARF/MOSF,1,44,70,24.796875,107,11,36.69531,252.5,2,6.39941406,1.39990234,132,7.479492,137,36,3431,,0,no dnr,0,0,no(M2 and SIP pres)
542,2191,29.618,female,white,14,,ARF/MOSF w/Sepsis,ARF/MOSF,0,0,58,6.5,124,8,38.09375,353.3125,3.5996094,,0.59997559,136,7.449219,,,,,0,no dnr,0,0,no(M2 and SIP pres)
543,1246,38.83099,female,white,13,$25-$50k,ARF/MOSF w/Sepsis,ARF/MOSF,0,37,45,1.39990234,180,18,39.5,106,1.8999023,12.5996094,1.59985352,151,7.40918,161,86,3590,,0,dnr after sadm,1,1,<2 mo. follow-up
544,3634,49.23798,female,white,8,$11-$25k,Cirrhosis,COPD/CHF/Cirrhosis,1,0,60,4,72,20,35.5,500,2.7998047,8,0.89990234,133,7.449219,,,,4,0,no dnr,0,0,no(M2 and SIP pres)
545,7189,64.534,female,white,12,under $11k,COPD,COPD/CHF/Cirrhosis,2,0,126,21.1992188,124,34,39.89844,278,3,1.09985352,1.19995117,133,7.599609,329,16,3980,0,0,no dnr,0,1,no(M2 and SIP pres)
546,2108,86.17096,female,white,,,ARF/MOSF w/Sepsis,ARF/MOSF,0,0,50,12.5996094,38,24,38.89844,96.65625,3.199707,0.79992676,0.79992676,137,7.419922,,,,,,no dnr,0,0,
547,264,38.491,male,white,,,ARF/MOSF w/Sepsis,ARF/MOSF,1,0,123,12.8984375,125,38,39.79688,162,2.8999023,3.39990234,0.69995117,134,7.259766,,,,,,no dnr,0,0,
548,378,29.71399,male,other,,,MOSF w/Malig,ARF/MOSF,2,0,120,2.69970703,55,14,36.09375,190,,,1.5,128,7.449219,,,,,,dnr after sadm,1,1,<2 mo. follow-up
549,6547,24.47899,female,white,,,ARF/MOSF w/Sepsis,ARF/MOSF,0,9,113,15.2988281,138,24,39.69531,297.125,1.8999023,1.19995117,1.5,134,7.379883,,,,,0,no dnr,1,1,<2 mo. follow-up
550,6523,75.86597,female,black,6,under $11k,ARF/MOSF w/Sepsis,ARF/MOSF,2,9,61,19.8984375,131,10,36.09375,400,,,1.89990234,132,7.30957,,,,,0,dnr after sadm,1,1,adl>=4 (>=5 if sur)
551,9010,64.29297,female,white,,,COPD,COPD/CHF/Cirrhosis,4,37,106,6.5,93,16,36.09375,,4.3994141,0.39996338,1.19995117,139,,108,16,2475,,,no dnr,0,1,
552,2497,62.09198,male,white,12,,ARF/MOSF w/Sepsis,ARF/MOSF,0,9,107,7.89941406,100,20,35.59375,261.875,3.8999023,1.39990234,3.09960938,132,7.5,89,45,1650,,,no dnr,1,1,<2 mo. follow-up
553,3927,35.57797,male,black,12,under $11k,COPD,COPD/CHF/Cirrhosis,3,0,70,9.79882812,120,30,36,295.625,2.699707,,0.89990234,133,7.349609,,,,0,5,no dnr,0,0,no(M2 and SIP pres)
554,2585,58.81198,female,white,18,,Lung Cancer,Cancer,2,0,117,11.5,80,9,39.29688,185,,,1.29980469,144,7.489258,110,15,1273,0,0,no dnr,0,1,no(M2 and SIP pres)
555,7759,26.73499,male,white,12,$11-$25k,MOSF w/Malig,ARF/MOSF,1,0,75,0.29998779,64,32,36.29688,120,,,3.39990234,137,7.419922,,,,0,0,no dnr,0,0,no(M2 and SIP pres)
556,4271,73.86694,female,white,11,under $11k,ARF/MOSF w/Sepsis,ARF/MOSF,0,44,63,9.09960938,100,11,37.39844,336,3,,0.5,140,7.479492,,,,,0,dnr after sadm,0,1,adl>=4 (>=5 if sur)
557,7819,64.08997,female,white,12,under $11k,ARF/MOSF w/Sepsis,ARF/MOSF,1,0,119,21.1992188,106,10,36.89844,260,2.5996094,0.39996338,1.39990234,130,7.459961,,,,,3,dnr after sadm,1,1,<2 mo. follow-up
558,915,84.37195,female,white,10,,ARF/MOSF w/Sepsis,ARF/MOSF,0,37,58,13.6992188,145,12,39.39844,371.375,2.5,0.5,0.79992676,129,7.319336,157,30,3125,,3,dnr after sadm,0,1,<2 mo. follow-up
559,6237,54.86899,male,white,13,,ARF/MOSF w/Sepsis,ARF/MOSF,1,0,48,27,118,10,36.39844,260,2.7998047,4.29980469,1.19995117,140,7.359375,,,,,6,no dnr,0,1,adl>=4 (>=5 if sur)
560,3603,44.90598,male,black,10,,ARF/MOSF w/Sepsis,ARF/MOSF,2,0,121,14.7988281,116,35,36.79688,155,,1,2.79980469,139,7.489258,,,,,0,no dnr,0,1,no(M2 and SIP pres)
561,6853,65.88599,female,black,9,under $11k,MOSF w/Malig,ARF/MOSF,1,9,77,14,104,20,36.09375,203.3125,4.1992188,0.39996338,1.09985352,142,7.449219,145,21,3090,1,0,,1,1,<2 mo. follow-up
562,8476,76.59698,female,white,12,,Lung Cancer,Cancer,1,0,122,5.39941406,120,28,36.59375,206.4375,3.5996094,0.19998169,0.79992676,139,7.289062,129,10,1905,,,dnr after sadm,0,1,<2 mo. follow-up
563,1961,78.96796,female,white,0,$11-$25k,ARF/MOSF w/Sepsis,ARF/MOSF,2,0,58,7.69921875,65,24,35.59375,136.71875,,0.69995117,1.39990234,133,7.519531,,,,5,7,no dnr,0,0,no(M2 and SIP pres)
564,1799,44.48199,female,white,12,$25-$50k,CHF,COPD/CHF/Cirrhosis,2,0,51,10.5,122,20,37,352.375,,,0.59997559,135,7.469727,,,,1,1,no dnr,0,0,no(M2 and SIP pres)
565,6692,65.13898,male,white,4,,COPD,COPD/CHF/Cirrhosis,3,0,104,4.79980469,77,28,36.79688,328,4.3994141,1.09985352,0.79992676,140,7.389648,,,,0,,no dnr,0,0,no(M2 and SIP pres)
566,5250,58.793,male,other,5,,ARF/MOSF w/Sepsis,ARF/MOSF,0,0,98,0.09999084,105,20,38.5,,3.199707,0.69995117,0.69995117,140,,99,6,4625,,1,no dnr,0,0,adl>=4 (>=5 if sur)
567,4170,53.18799,male,white,11,,ARF/MOSF w/Sepsis,ARF/MOSF,2,0,39,16,124,10,36.5,165.6875,2.699707,,1.39990234,148,7.449219,,,,,2,no dnr,0,1,adl>=4 (>=5 if sur)
568,4430,60.01398,male,white,12,under $11k,ARF/MOSF w/Sepsis,ARF/MOSF,2,0,69,19.6992188,76,31,36.59375,433.3125,,0.89990234,3.29980469,138,7.449219,103,98,1835,,,no dnr,0,0,no(M2 and SIP pres)
569,409,40.34198,male,white,16,>$50k,MOSF w/Malig,ARF/MOSF,1,26,57,1.29980469,140,16,38.69531,184,,1.19995117,5.79980469,139,7.40918,,,,,0,dnr after sadm,1,1,<2 mo. follow-up
570,4681,61.89697,male,white,,under $11k,Coma,Coma,4,100,112,21,105,28,36.39844,283.3125,1.7998047,2.79980469,0.69995117,136,7.509766,124,48,3280,,,dnr after sadm,1,1,<2 mo. follow-up
571,6360,49.48099,female,white,9,,Cirrhosis,COPD/CHF/Cirrhosis,1,0,57,4.69921875,100,22,37.39844,,2.699707,5.39941406,0.59997559,130,,,,,,,no dnr,0,0,adl>=4 (>=5 if sur)
572,4626,73.35199,male,white,18,under $11k,Colon Cancer,Cancer,1,0,78,6.19921875,62,20,36.5,,3.5996094,0.69995117,1.39990234,135,,78,44,1750,1,0,no dnr,0,1,no(M2 and SIP pres)
573,1427,76.76099,male,white,16,$25-$50k,CHF,COPD/CHF/Cirrhosis,1,0,73,5.89941406,75,10,38.29688,186,,,1.39990234,152,7.339844,,38,548,2,2,no dnr,0,1,<2 mo. follow-up
574,7053,55.047,male,white,12,$25-$50k,ARF/MOSF w/Sepsis,ARF/MOSF,0,0,111,16.1992188,136,12,35.89844,130,2,0.59997559,1.89990234,133,7.379883,73,61,2790,,0,no dnr,0,0,SIP>=30
575,8094,75.15399,female,white,8,under $11k,COPD,COPD/CHF/Cirrhosis,2,0,113,8.79882812,122,8,37.89844,165.6875,2.8999023,0.29998779,0.69995117,137,7.429688,,,,,4,dnr after sadm,0,1,no(M2 and SIP pres)
576,3557,59.91498,male,black,9,under $11k,MOSF w/Malig,ARF/MOSF,1,0,60,0.89990234,200,35,39,277,2.2998047,1.79980469,3.69970703,140,7.179688,,,,0,0,dnr after sadm,0,1,
577,6232,61.62598,male,white,17,$25-$50k,MOSF w/Malig,ARF/MOSF,1,0,70,0.2199707,80,22,37.79688,,2.199707,1.09985352,1.19995117,136,,,,,1,0,no dnr,0,1,no(M2 and SIP pres)
578,2572,50.82498,female,black,12,,ARF/MOSF w/Sepsis,ARF/MOSF,2,0,111,14,110,44,37.89844,136.65625,,,0.59997559,141,7.399414,93,18,3400,2,6,dnr before sadm,0,1,<2 mo. follow-up
579,5441,55.52597,female,white,12,,ARF/MOSF w/Sepsis,ARF/MOSF,2,0,,,,,,,,,,,,,,,,7,no dnr,0,1,<2 mo. follow-up
580,1976,82.46399,female,white,12,,CHF,COPD/CHF/Cirrhosis,4,9,73,6.79980469,70,20,35.59375,508,3.199707,0.59997559,2.39990234,141,7.339844,,,,,,dnr after sadm,0,1,<2 mo. follow-up
581,4142,52.22998,female,black,12,under $11k,Lung Cancer,Cancer,1,100,0,18.5,0,0,38.69531,223.78125,,,0.69995117,126,7.439453,,,,,,no dnr,1,1,<2 mo. follow-up
582,6821,66.09998,female,white,10,under $11k,Cirrhosis,COPD/CHF/Cirrhosis,4,0,62,3.69970703,106,27,38,,2.5996094,38.8984375,1.19995117,126,,86,29,1465,,0,dnr after sadm,1,1,<2 mo. follow-up
583,4023,65.62598,male,black,,,COPD,COPD/CHF/Cirrhosis,2,0,109,11.7988281,60,10,36.79688,142,,,1.29980469,128,7.469727,,,,0,2,no dnr,0,1,no(M2 and SIP pres)
584,6122,48.71198,male,black,,,MOSF w/Malig,ARF/MOSF,2,0,63,16.8984375,141,48,39.69531,308.5625,2.3999023,0.39996338,2.09960938,135,7.25,,,,,,no dnr,0,1,Coma or Intub
585,1673,83.51495,female,white,12,under $11k,Coma,Coma,2,100,133,18.796875,105,38,37.29688,208,2.8999023,,2.29980469,133,7.40918,,,,,1,dnr after sadm,1,1,<2 mo. follow-up
586,6871,70.04199,female,white,8,under $11k,MOSF w/Malig,ARF/MOSF,4,0,77,9.79882812,70,12,36.19531,404.75,4,0.5,1.79980469,140,7.549805,83,22,900,1,0,dnr before sadm,0,1,adl>=4 (>=5 if sur)
587,6236,61.284,male,white,12,under $11k,CHF,COPD/CHF/Cirrhosis,3,0,81,14.0996094,70,25,36.39844,,3.5996094,0.89990234,1,131,,,,,0,,dnr after sadm,0,1,no(M2 and SIP pres)
588,6957,60.62097,female,white,11,under $11k,Coma,Coma,2,89,99,0.59997559,77,20,36.69531,,3,2.29980469,1.29980469,139,,133,14,4375,,0,dnr after sadm,0,1,adl>=4 (>=5 if sur)
589,5331,43.34598,female,white,14,>$50k,Lung Cancer,Cancer,1,0,90,6.19921875,64,20,36.59375,130,,,1.79980469,138,7.389648,109,28,4315,0,,no dnr,0,1,no(M2 and SIP pres)
590,5782,75.92297,male,white,11,$11-$25k,ARF/MOSF w/Sepsis,ARF/MOSF,2,0,48,17.796875,170,33,38.59375,128,,,5,131,7.369141,110,111,235,,0,dnr after sadm,1,1,<2 mo. follow-up
591,4316,30.834,female,black,12,,ARF/MOSF w/Sepsis,ARF/MOSF,0,0,67,10.3984375,60,20,38.29688,98.32812,,,1.69995117,141,7.509766,134,27,2075,2,5,no dnr,0,0,SIP>=30
592,3016,79.66296,male,white,14,,ARF/MOSF w/Sepsis,ARF/MOSF,2,61,53,0.09999084,145,22,38.39844,152.84375,2,0.69995117,0.79992676,150,7.329102,245,35,4700,,0,dnr after sadm,1,1,<2 mo. follow-up
593,4187,81.07599,male,white,7,under $11k,ARF/MOSF w/Sepsis,ARF/MOSF,1,9,47,12.5,42,25,36.29688,190,2.8999023,,1.19995117,139,7.469727,,,,,4,dnr after sadm,0,1,<2 mo. follow-up
594,4013,43.63898,male,white,,,ARF/MOSF w/Sepsis,ARF/MOSF,0,0,78,7,56,24,36,352.375,2.8999023,2.09960938,0.79992676,139,7.419922,,,,,,no dnr,0,0,
595,5858,44.34497,male,white,12,under $11k,Cirrhosis,COPD/CHF/Cirrhosis,5,0,65,9.59960938,110,22,36.79688,,2.199707,5.09960938,1,129,,,,,2,3,no dnr,0,0,no(M2 and SIP pres)
596,6251,25.69699,male,white,12,under $11k,ARF/MOSF w/Sepsis,ARF/MOSF,3,0,100,15,78,24,36.39844,404,3.199707,3.39990234,7.89941406,129,7.349609,,,,0,0,no dnr,0,1,SIP>=30
597,2533,42.98199,male,white,16,>$50k,CHF,COPD/CHF/Cirrhosis,3,0,58,2.29980469,134,40,39.09375,484,,,3.69970703,136,7.439453,80,108,1935,1,2,no dnr,0,1,<2 mo. follow-up
598,3643,76.28198,male,black,,,Lung Cancer,Cancer,1,0,107,7.59960938,68,16,35.19531,,,,1,137,,,,,,,no dnr,0,1,<2 mo. follow-up
599,1267,75.64996,female,white,,,Lung Cancer,Cancer,1,0,60,17.0976562,5,30,37.59375,305,2.2998047,4.5,2.59960938,138,7.319336,,60,13,,,no dnr,0,0,
600,9105,81.53894,female,white,8,$11-$25k,ARF/MOSF w/Sepsis,ARF/MOSF,1,0,75,8.59960938,69,24,36.19531,230.40625,4.5,0.59997559,1.19995117,137,7.289062,187,15,,0,,no dnr,0,1,no(M2 and SIP pres)
601,8121,56.99399,male,white,12,>$50k,Lung Cancer,Cancer,1,0,51,5.19921875,74,24,36.69531,,3.699707,0.29998779,0.89990234,136,,,,,,4,dnr after sadm,1,1,<2 mo. follow-up
602,1842,70.68896,female,white,12,under $11k,ARF/MOSF w/Sepsis,ARF/MOSF,1,0,46,14,126,10,36.59375,153.03125,2.7998047,0.59997559,4.5,140,7.229492,,,,,2,dnr after sadm,1,1,<2 mo. follow-up
603,4983,71.62195,female,white,8,under $11k,COPD,COPD/CHF/Cirrhosis,2,0,125,18,45,12,36,356,,0.5,2.69970703,138,7.369141,80,36,2965,4,2,dnr after sadm,0,1,adl>=4 (>=5 if sur)
604,5830,37.84,male,white,17,under $11k,ARF/MOSF w/Sepsis,ARF/MOSF,4,0,113,9.19921875,118,20,35.39844,254.53125,2,6.39941406,0.89990234,128,7.399414,,,,,0,no dnr,0,0,
605,4470,79.034,male,white,5,$11-$25k,COPD,COPD/CHF/Cirrhosis,1,0,117,2.89990234,116,25,36.19531,190,3.0996094,0.19998169,0.19998169,132,7.509766,213,18,3375,1,2,no dnr,0,0,no(M2 and SIP pres)
606,5608,57.659,female,white,,,ARF/MOSF w/Sepsis,ARF/MOSF,2,0,65,6.89941406,115,30,35,231.65625,3.3999023,,0.79992676,131,7.439453,142,30,2375,,0,dnr after sadm,1,1,<2 mo. follow-up
607,3540,43.31799,male,white,16,$25-$50k,Cirrhosis,COPD/CHF/Cirrhosis,0,0,103,8.5,76,20,36.69531,438.0625,3,6.09960938,1.69995117,126,7.40918,,,,1,1,no dnr,0,1,<2 mo. follow-up
608,6077,56.23297,male,black,10,$11-$25k,ARF/MOSF w/Sepsis,ARF/MOSF,3,0,68,9.8984375,80,16,35.89844,366.625,4,2,10.2988281,131,7.389648,,,,0,4,no dnr,0,0,no(M2 and SIP pres)
609,8750,78.42596,female,white,12,,ARF/MOSF w/Sepsis,ARF/MOSF,1,0,64,3,40,12,31.69922,,3,1.89990234,1.39990234,142,,98,12,2390,0,1,dnr after sadm,0,0,no(M2 and SIP pres)
610,5182,73.10596,female,white,7,$25-$50k,ARF/MOSF w/Sepsis,ARF/MOSF,1,44,103,14,75,24,38.79688,281,,0.69995117,1.19995117,137,7.439453,88,13,1240,,6,no dnr,0,0,Coma or Intub
611,2798,89.60699,female,white,12,,ARF/MOSF w/Sepsis,ARF/MOSF,3,0,53,8.19921875,68,8,36.69531,200,3,1.29980469,0.69995117,142,7.389648,111,32,1050,2,,no dnr,0,1,adl>=4 (>=5 if sur)
612,1501,57.98199,male,asian,,,ARF/MOSF w/Sepsis,ARF/MOSF,2,41,75,12.8984375,75,22,38,145,2.699707,3.59960938,1.09985352,132,7.619141,160,28,3700,,,dnr after sadm,1,1,<2 mo. follow-up
613,5445,65.33099,male,white,18,>$50k,Coma,Coma,0,100,123,14.7988281,135,40,39.09375,266.625,2.8999023,1.09985352,0.69995117,140,7.429688,179,13,4125,,0,dnr after sadm,1,1,<2 mo. follow-up
614,2677,53.12799,female,black,12,,ARF/MOSF w/Sepsis,ARF/MOSF,0,44,76,11.7988281,72,16,36.5,,3.0996094,0.39996338,1.09985352,138,,127,22,,0,0,no dnr,0,0,no(M2 and SIP pres)
615,5025,58.19299,male,white,,,ARF/MOSF w/Sepsis,ARF/MOSF,2,0,73,6.89941406,120,27,38.59375,161.65625,,0.69995117,1.69995117,136,7.5,172,30,3165,,,dnr after sadm,1,1,<2 mo. follow-up
616,4262,90.71594,female,black,18,,ARF/MOSF w/Sepsis,ARF/MOSF,0,9,108,12,100,36,35.19531,91.82812,,,1.89990234,135,7.439453,,,,,0,dnr after sadm,1,1,<2 mo. follow-up
617,4690,59.73999,male,white,6,under $11k,CHF,COPD/CHF/Cirrhosis,2,0,47,22,130,35,39.19531,220,2.5,0.39996338,0.5,140,7.40918,89,11,2860,1,6,dnr after sadm,0,1,no(M2 and SIP pres)
618,3070,75.92096,male,white,13,$11-$25k,COPD,COPD/CHF/Cirrhosis,2,0,100,14,70,30,36.09375,428.5625,4.1992188,0.69995117,1.19995117,139,7.539062,118,12,,0,0,no dnr,0,0,no(M2 and SIP pres)
619,9081,51.47998,male,white,12,under $11k,ARF/MOSF w/Sepsis,ARF/MOSF,1,0,60,0.19998169,160,34,38.39844,,2.7998047,0.89990234,1,141,,169,26,,,2,no dnr,0,0,
620,8261,68.78595,male,white,8,under $11k,Lung Cancer,Cancer,4,9,113,7.5,98,28,35.29688,,4.0996094,0.59997559,2.09960938,134,,,,,,,dnr after sadm,0,1,no(M2 and SIP pres)
621,2138,73.51996,female,white,12,under $11k,Lung Cancer,Cancer,3,0,100,21.8984375,80,20,36.69531,,,0.69995117,0.59997559,136,7.439453,,,,1,0,dnr after sadm,0,1,<2 mo. follow-up
622,8329,68.99695,male,white,9,under $11k,COPD,COPD/CHF/Cirrhosis,3,0,80,6.59960938,101,28,36.59375,307.375,4.7998047,0.29998779,0.5,138,7.379883,,,,,,no dnr,0,1,no(M2 and SIP pres)
623,1333,42.44998,female,white,17,>$50k,Lung Cancer,Cancer,1,0,70,7,100,26,35.89844,,4,0.89990234,1.19995117,136,,104,13,2400,,,no dnr,0,1,<2 mo. follow-up
624,7001,68.112,female,white,,,Lung Cancer,Cancer,5,9,79,100,70,22,37.5,319,3.7998047,1,1.29980469,142,7.479492,84,21,,,,dnr after sadm,0,1,<2 mo. follow-up
625,7217,62.98398,male,white,18,$11-$25k,MOSF w/Malig,ARF/MOSF,1,0,69,4.89941406,106,32,37.69531,385.6875,1.8999023,36.6953125,1.39990234,149,7.379883,106,12,4580,0,0,dnr after sadm,1,1,<2 mo. follow-up
626,5977,81.03198,female,black,12,under $11k,MOSF w/Malig,ARF/MOSF,2,44,42,20.3984375,102,10,36,266.625,3.699707,1.59985352,2.09960938,137,7.459961,,,,,2,dnr after sadm,1,1,<2 mo. follow-up
627,4675,55.01398,male,white,4,$11-$25k,Lung Cancer,Cancer,2,0,115,12.0996094,80,16,38.29688,91.25,2.3999023,0.5,0.89990234,142,7.40918,149,10,3910,3,3,dnr before sadm,0,1,<2 mo. follow-up
628,7163,62.48297,male,white,10,under $11k,ARF/MOSF w/Sepsis,ARF/MOSF,3,0,74,6.59960938,72,16,38.09375,,2.0996094,4.89941406,0.89990234,138,,91,4,1750,1,0,no dnr,0,0,no(M2 and SIP pres)
629,7367,89.58197,male,black,,under $11k,Lung Cancer,Cancer,2,9,114,17.796875,107,24,36.29688,292,3.3999023,0.5,0.89990234,137,7.179688,165,13,1750,,1,dnr after sadm,0,1,adl>=4 (>=5 if sur)
630,8126,64.62695,female,white,12,,COPD,COPD/CHF/Cirrhosis,2,0,63,11.6992188,73,32,36.39844,200,4.1992188,0.5,0.69995117,134,7.299805,,,,2,2,no dnr,0,1,no(M2 and SIP pres)
631,5147,65.03796,male,white,11,$11-$25k,ARF/MOSF w/Sepsis,ARF/MOSF,2,0,69,0.69995117,108,24,38.39844,,,,0.5,142,,70,4,,,1,dnr after sadm,1,1,<2 mo. follow-up
632,8933,71.26898,male,white,10,,Colon Cancer,Cancer,1,0,79,9.3984375,81,36,36.19531,196.65625,,0.89990234,1.29980469,122,7.329102,163,19,1300,0,0,dnr after sadm,0,0,
633,9053,59.59998,male,white,12,,COPD,COPD/CHF/Cirrhosis,0,0,63,,112,24,36.09375,,,,1.29980469,136,,104,16,2225,,0,no dnr,0,0,adl>=4 (>=5 if sur)
634,8712,38.25098,male,white,12,,Cirrhosis,COPD/CHF/Cirrhosis,2,0,111,8.69921875,122,24,37.89844,252.375,,0.39996338,1.5,134,7.429688,124,20,2000,,,no dnr,0,0,no(M2 and SIP pres)
635,8653,71.86896,male,white,14,$11-$25k,COPD,COPD/CHF/Cirrhosis,3,0,77,1.89990234,110,20,36.09375,246.65625,,,1.39990234,136,7.389648,98,60,2130,0,4,dnr after sadm,0,1,no(M2 and SIP pres)
636,33,77.21295,female,hispanic,0,,COPD,COPD/CHF/Cirrhosis,2,0,113,8.29882812,93,25,36.19531,250,,,2.09960938,145,7.269531,,,,,7,dnr after sadm,0,1,<2 mo. follow-up
637,8560,76.36694,male,white,8,$11-$25k,Lung Cancer,Cancer,1,0,109,10.3984375,126,36,38.29688,192,,,0.69995117,139,7.55957,256,25,5450,,1,no dnr,0,1,<2 mo. follow-up
638,7350,51.086,male,white,12,$11-$25k,ARF/MOSF w/Sepsis,ARF/MOSF,0,9,71,9.69921875,56,8,36.89844,156.65625,3.199707,0.79992676,1.79980469,145,7.469727,162,44,1523,,0,dnr after sadm,1,1,SIP>=30
639,6805,63.51498,male,white,16,$25-$50k,ARF/MOSF w/Sepsis,ARF/MOSF,0,9,70,3.33984375,150,22,36.5,303.3125,2.699707,0.69995117,2.5,133,7.419922,205,39,2520,0,0,no dnr,0,1,no(M2 and SIP pres)
640,6419,63.73398,female,black,12,$11-$25k,CHF,COPD/CHF/Cirrhosis,5,0,75,4.29980469,118,28,35.79688,288,3.3999023,1,1.5,134,7.5,,,,,4,no dnr,0,1,adl>=4 (>=5 if sur)
641,3278,71.07996,male,hispanic,16,under $11k,CHF,COPD/CHF/Cirrhosis,6,0,63,5.09960938,89,16,37.29688,223.78125,,1.19995117,1.09985352,128,7.509766,,,,6,4,dnr after sadm,0,1,SIP>=30
642,6987,44.29599,male,black,14,$11-$25k,CHF,COPD/CHF/Cirrhosis,1,0,117,8.59960938,114,24,35.39844,295.625,3.7998047,0.69995117,0.89990234,142,7.449219,126,19,,0,,no dnr,0,0,SIP>=30
643,5993,46.48898,male,white,8,under $11k,Cirrhosis,COPD/CHF/Cirrhosis,5,0,67,6,62,20,36.79688,438.0625,2.199707,4.89941406,0.69995117,134,7.269531,,,,2,,no dnr,0,0,adl>=4 (>=5 if sur)
644,8984,78.61694,male,white,8,$25-$50k,CHF,COPD/CHF/Cirrhosis,6,0,76,8.69921875,60,22,35.5,220,,0.69995117,0.89990234,144,7.289062,176,26,950,4,6,no dnr,0,0,adl>=4 (>=5 if sur)
645,3739,80.10095,male,white,7,under $11k,Coma,Coma,2,44,103,16.796875,60,32,36.39844,283.3125,,,2.19970703,138,7.429688,,,,,7,dnr after sadm,1,1,<2 mo. follow-up
646,8490,75.79498,male,white,8,,ARF/MOSF w/Sepsis,ARF/MOSF,6,26,103,11.2988281,68,20,37,295.1875,3.5996094,0.69995117,0.89990234,139,7.459961,181,14,,,1,dnr after sadm,0,1,<2 mo. follow-up
647,4122,30.33499,female,white,12,>$50k,ARF/MOSF w/Sepsis,ARF/MOSF,1,61,140,6.5,156,26,38.59375,82.21875,,2.69970703,0.79992676,145,7.269531,,,,,,dnr after sadm,1,1,<2 mo. follow-up
648,4194,33.16898,male,white,,,Cirrhosis,COPD/CHF/Cirrhosis,2,0,44,5.39941406,120,27,36.5,480.9375,2.5,1.19995117,2.19970703,141,7.449219,,,,0,,no dnr,0,0,no(M2 and SIP pres)
649,6530,66.98395,male,white,12,under $11k,COPD,COPD/CHF/Cirrhosis,3,0,87,13.0996094,114,24,36,213.5625,,0.39996338,1.29980469,139,7.369141,,,,1,0,no dnr,0,1,no(M2 and SIP pres)
650,3718,67.50195,male,white,,,ARF/MOSF w/Sepsis,ARF/MOSF,0,0,44,14.2988281,168,27,39,116.25,,,2.09960938,142,7.319336,,,,,,no dnr,1,1,
651,4880,49.10599,female,black,12,under $11k,ARF/MOSF w/Sepsis,ARF/MOSF,1,0,48,15.2988281,145,15,39,140,2.5,4,3.59960938,131,7.399414,103,23,1600,,0,no dnr,0,0,no(M2 and SIP pres)
652,1835,76.44397,female,white,12,under $11k,CHF,COPD/CHF/Cirrhosis,2,0,117,8.09960938,70,20,36.09375,211.09375,2.7998047,,3.5,141,7.419922,,,,0,1,no dnr,0,1,no(M2 and SIP pres)
653,5134,79.78595,female,white,10,,CHF,COPD/CHF/Cirrhosis,4,0,115,13.0996094,105,32,38.29688,284,,,0.69995117,138,7.449219,94,6,3020,0,0,no dnr,1,1,<2 mo. follow-up
654,8353,64.24396,male,white,12,,CHF,COPD/CHF/Cirrhosis,2,0,72,7.09960938,48,20,35.69531,323.75,,,1.69995117,136,7.40918,,,,0,0,no dnr,0,0,no(M2 and SIP pres)
655,216,78.89899,male,white,12,,COPD,COPD/CHF/Cirrhosis,1,0,94,8.79882812,75,26,36.5,326.0625,,,0.89990234,139,7.329102,,,,2,0,no dnr,0,0,
656,3674,41.40698,male,black,16,$25-$50k,Coma,Coma,0,94,65,15.8984375,180,20,38.29688,133.3125,2.5996094,5.59960938,4.5,151,7.439453,,,,,0,no dnr,0,1,adl>=4 (>=5 if sur)
657,7866,54.31097,male,white,12,>$50k,ARF/MOSF w/Sepsis,ARF/MOSF,0,100,72,8.29882812,77,36,38.69531,122,,,0.59997559,130,7.439453,,,,,1,dnr after sadm,0,1,<2 mo. follow-up
658,180,37.396,female,black,13,$11-$25k,Cirrhosis,COPD/CHF/Cirrhosis,3,0,73,5.89941406,120,24,37.09375,233.3125,,,3.19970703,132,7.40918,,,,,,dnr after sadm,1,1,<2 mo. follow-up
659,2541,65.10095,female,hispanic,15,under $11k,ARF/MOSF w/Sepsis,ARF/MOSF,0,0,120,10.0996094,51,26,37.89844,242.84375,3.199707,0.29998779,1.59985352,149,7.459961,86,44,,0,,no dnr,0,1,
660,7766,81.44299,female,white,8,,CHF,COPD/CHF/Cirrhosis,2,0,83,8.79882812,59,24,35.69531,447.5625,,0.89990234,1.5,139,7.579102,,,,4,1,no dnr,0,0,adl>=4 (>=5 if sur)
661,5576,70.65796,male,black,12,under $11k,ARF/MOSF w/Sepsis,ARF/MOSF,3,0,63,13.6992188,65,8,36.09375,373.3125,,1,0.59997559,138,7.449219,192,65,2480,1,2,no dnr,0,1,no(M2 and SIP pres)
662,5341,68.99896,male,black,3,under $11k,COPD,COPD/CHF/Cirrhosis,5,0,65,8.19921875,65,23,37,138.75,,5.59960938,0.89990234,139,7.489258,121,23,4140,3,3,no dnr,0,1,adl>=4 (>=5 if sur)
663,5734,22.196,female,white,16,under $11k,ARF/MOSF w/Sepsis,ARF/MOSF,0,0,83,7.59960938,112,20,36.39844,,,,0.5,138,,105,5,,,0,dnr after sadm,1,1,<2 mo. follow-up
664,3841,72.73895,male,white,6,$11-$25k,COPD,COPD/CHF/Cirrhosis,3,0,57,7.39941406,116,24,36.19531,259.25,,,0.89990234,135,7.349609,,,,0,0,no dnr,0,1,SIP>=30
665,878,44.32599,male,black,14,under $11k,CHF,COPD/CHF/Cirrhosis,2,0,73,4.89941406,95,26,37.5,,2.0996094,0.29998779,2.59960938,129,,154,51,2650,0,0,no dnr,0,1,SIP>=30
666,2302,68.52295,male,white,7,,Lung Cancer,Cancer,1,0,97,5.39941406,100,20,36.09375,,3.5996094,,1,144,,,,,,7,dnr after sadm,0,1,<2 mo. follow-up
667,8965,86.60095,female,white,,under $11k,Coma,Coma,1,44,135,18.3984375,110,22,39.19531,251.40625,3.0996094,0.59997559,0.89990234,123,7.509766,126,30,2015,,0,dnr after sadm,1,1,<2 mo. follow-up
668,2519,85.172,male,white,20,>$50k,MOSF w/Malig,ARF/MOSF,2,0,66,17.3984375,120,33,37.69531,135,3.199707,,1.29980469,140,7.449219,118,43,1340,,,dnr before sadm,1,1,<2 mo. follow-up
669,6102,74.02295,female,white,,under $11k,CHF,COPD/CHF/Cirrhosis,3,0,61,16.0976562,54,22,34.89844,,,,0.79992676,131,,,,,,,dnr after sadm,1,1,<2 mo. follow-up
670,3418,43.159,male,black,,,CHF,COPD/CHF/Cirrhosis,5,0,77,4.29980469,90,18,36.89844,,,0.79992676,0.79992676,138,,,,,,,no dnr,0,1,no(M2 and SIP pres)
671,6907,60.28998,male,white,11,under $11k,MOSF w/Malig,ARF/MOSF,1,0,121,20.5,112,26,36.89844,409.5,,,0.89990234,138,7.459961,100,9,,0,2,no dnr,0,1,
672,748,34.32199,female,hispanic,10,$11-$25k,ARF/MOSF w/Sepsis,ARF/MOSF,3,55,115,13.1992188,110,16,39.5,166.65625,,0.69995117,7.39941406,136,7.359375,,,,,6,no dnr,0,1,adl>=4 (>=5 if sur)
673,8153,82.99799,male,white,,,CHF,COPD/CHF/Cirrhosis,7,0,106,9.29882812,60,40,37.89844,300,3.199707,0.89990234,1.5,145,7.349609,,,,,,dnr after sadm,1,1,<2 mo. follow-up
674,8275,72.849,female,white,14,under $11k,COPD,COPD/CHF/Cirrhosis,2,0,67,18.5,70,24,37.69531,239.125,4.5996094,0.29998779,1.5,137,7.369141,,,,,,no dnr,0,0,no(M2 and SIP pres)
675,1302,57.43997,female,white,12,$25-$50k,Colon Cancer,Cancer,1,0,78,11.0996094,70,20,37.89844,223.3125,2.2998047,,1.59985352,137,7.419922,102,41,2540,0,0,no dnr,0,1,adl>=4 (>=5 if sur)
676,1071,66.146,male,white,17,$25-$50k,CHF,COPD/CHF/Cirrhosis,3,0,52,9.8984375,65,16,36,,3.3999023,1.79980469,1.89990234,126,,204,51,650,0,0,no dnr,1,1,<2 mo. follow-up
677,8668,52.40799,female,white,9,,ARF/MOSF w/Sepsis,ARF/MOSF,1,100,41,0.09999084,196,36,38.19531,351,3,0.69995117,2.19970703,145,7.519531,256,91,1375,,,no dnr,1,1,<2 mo. follow-up
678,8626,60.008,male,white,14,,CHF,COPD/CHF/Cirrhosis,8,0,120,,115,20,36.09375,,,,0.69995117,138,,197,9,2850,0,0,no dnr,0,1,SIP>=30
679,3814,30.56499,male,black,7,under $11k,ARF/MOSF w/Sepsis,ARF/MOSF,1,41,101,17.1992188,114,9,35.29688,253.3125,1.0998535,5.29980469,4.19921875,137,7.439453,,,,,0,dnr after sadm,1,1,<2 mo. follow-up
680,385,73.66498,male,white,12,under $11k,Colon Cancer,Cancer,1,0,93,3.5,84,20,36.39844,,,,1.5,133,,,,,,3,dnr after sadm,0,1,<2 mo. follow-up
681,791,55.96399,male,white,14,$25-$50k,Cirrhosis,COPD/CHF/Cirrhosis,4,0,77,12.8984375,110,24,39,,,3.69970703,0.89990234,146,,,,,,1,no dnr,0,0,no(M2 and SIP pres)
682,789,68.68195,male,white,12,$11-$25k,Lung Cancer,Cancer,1,0,83,1.59985352,100,24,36.39844,,3,0.59997559,2,138,,,,,,,no dnr,0,1,
683,1101,72.07397,male,white,13,$11-$25k,CHF,COPD/CHF/Cirrhosis,2,0,68,2.5,115,28,36,,,,3.09960938,132,,,48,500,0,3,no dnr,0,1,no(M2 and SIP pres)
684,6205,56.392,female,black,9,under $11k,CHF,COPD/CHF/Cirrhosis,4,0,97,6.59960938,114,24,35.39844,261.875,,0.5,1.19995117,136,7.449219,,,,0,,no dnr,0,0,no(M2 and SIP pres)
685,8764,56.09,male,white,12,$25-$50k,Cirrhosis,COPD/CHF/Cirrhosis,5,0,90,13.5996094,69,28,36.19531,276,,0.59997559,0.79992676,141,7.369141,242,20,3300,0,0,no dnr,0,1,no(M2 and SIP pres)
686,7209,34.93997,male,black,12,,Coma,Coma,0,100,118,7,60,33,35.79688,134.6875,2.5996094,13,0.59997559,136,7.479492,180,15,1305,,,no dnr,1,1,<2 mo. follow-up
687,6216,73.72198,female,black,8,,CHF,COPD/CHF/Cirrhosis,4,0,71,,66,26,36.5,,,0.89990234,1.59985352,139,,,,,,4,no dnr,0,1,
688,4162,48.51999,male,white,12,$25-$50k,ARF/MOSF w/Sepsis,ARF/MOSF,1,0,54,15,124,28,39.39844,190,2.2998047,1,2.39990234,150,7.419922,,,,,7,no dnr,0,0,adl>=4 (>=5 if sur)
689,3703,58.08398,female,white,,,ARF/MOSF w/Sepsis,ARF/MOSF,2,0,99,8.19921875,130,40,37.59375,142.84375,,26.8984375,1.59985352,134,7.299805,,,,,,no dnr,1,1,<2 mo. follow-up
690,7435,74.27795,female,white,12,,ARF/MOSF w/Sepsis,ARF/MOSF,3,9,47,11.3984375,140,14,39.5,128.75,1.0998535,0.89990234,1.5,132,7.279297,102,15,2970,1,,no dnr,0,1,
691,5126,59.29099,male,black,11,under $11k,COPD,COPD/CHF/Cirrhosis,1,0,132,11.2988281,155,10,36.29688,147.5,1.5,3.79980469,2.39990234,133,7.359375,60,31,1120,0,,no dnr,0,0,no(M2 and SIP pres)
692,4821,51.16998,female,white,14,$11-$25k,MOSF w/Malig,ARF/MOSF,1,0,69,3.39990234,64,16,36.29688,,2.699707,,0.89990234,124,,78,11,1750,1,1,no dnr,0,0,SIP>=30
693,6581,35.93997,male,black,12,$11-$25k,CHF,COPD/CHF/Cirrhosis,5,0,83,3.59960938,79,20,35,,3.199707,3.19970703,0.89990234,139,,,,,,,no dnr,0,1,no(M2 and SIP pres)
694,4858,69.45099,female,black,,under $11k,ARF/MOSF w/Sepsis,ARF/MOSF,3,0,147,10.6992188,115,25,38.5,393.3125,,,0.79992676,133,7.439453,161,16,2305,,6,dnr after sadm,0,1,adl>=4 (>=5 if sur)
695,1138,31.94299,female,white,12,$11-$25k,CHF,COPD/CHF/Cirrhosis,3,0,53,7.29980469,105,16,36.39844,,3.7998047,0.19998169,0.79992676,138,,,16,2250,2,2,no dnr,0,0,
696,7130,77.29498,male,white,10,under $11k,ARF/MOSF w/Sepsis,ARF/MOSF,3,37,68,15.2988281,107,30,36.59375,,2.699707,0.79992676,0.79992676,136,,286,6,2050,,7,dnr after sadm,1,1,<2 mo. follow-up
697,1527,87.35394,female,white,12,under $11k,CHF,COPD/CHF/Cirrhosis,4,9,47,20.5,154,38,35.59375,138.75,,0.79992676,7.69921875,152,7.429688,224,125,0,,,dnr after sadm,0,1,no(M2 and SIP pres)
698,8347,64.93097,female,white,10,under $11k,ARF/MOSF w/Sepsis,ARF/MOSF,3,0,74,24.296875,125,42,38.09375,148,,,0.79992676,141,7.479492,,,,,7,no dnr,0,0,adl>=4 (>=5 if sur)
699,6778,70.21997,male,black,8,under $11k,COPD,COPD/CHF/Cirrhosis,2,0,68,6.19921875,125,30,36.59375,122.21875,,,3,136,7.319336,118,57,1525,0,,no dnr,0,0,
700,6049,54.146,female,white,12,,MOSF w/Malig,ARF/MOSF,1,0,91,0,140,28,39,,2.5,1.39990234,0.79992676,125,,,,,0,6,no dnr,0,1,no(M2 and SIP pres)
701,4909,75.27698,female,white,,>$50k,COPD,COPD/CHF/Cirrhosis,3,37,75,23.3984375,115,35,38.5,211.40625,2.199707,0.79992676,1.09985352,138,7.429688,174,13,1860,,0,no dnr,0,0,no(M2 and SIP pres)
702,3811,33.336,female,white,9,$11-$25k,ARF/MOSF w/Sepsis,ARF/MOSF,2,0,145,21.1992188,124,25,35.89844,300,1,0.19998169,0.89990234,135,7.509766,,,,1,0,no dnr,0,0,no(M2 and SIP pres)
703,7796,71.64996,male,white,8,$25-$50k,ARF/MOSF w/Sepsis,ARF/MOSF,3,0,61,18.8984375,116,8,36.59375,253.3125,2.8999023,1.29980469,7.19921875,141,7.419922,,,,,6,dnr after sadm,1,1,<2 mo. follow-up
704,7822,33.03497,male,white,12,under $11k,ARF/MOSF w/Sepsis,ARF/MOSF,0,44,63,11,168,40,39.39844,250,2.0996094,0.09999084,0.59997559,136,7.479492,,,,,4,no dnr,0,0,adl>=4 (>=5 if sur)
705,355,69.10297,female,white,,,Colon Cancer,Cancer,1,0,97,10.6992188,115,28,37.29688,,3,3.89990234,0.89990234,145,,,,,,,no dnr,0,1,
706,3345,68.0,female,white,8,under $11k,CHF,COPD/CHF/Cirrhosis,2,0,93,3.69970703,105,24,37.19531,280,,0.59997559,4.69921875,130,7.439453,,,,2,5,no dnr,0,1,no(M2 and SIP pres)
707,892,33.55197,male,black,12,under $11k,ARF/MOSF w/Sepsis,ARF/MOSF,2,0,113,15.6992188,125,28,39.29688,348.5625,,,1,133,7.429688,69,6,2060,,,no dnr,0,1,no(M2 and SIP pres)
708,568,76.47095,male,asian,12,>$50k,ARF/MOSF w/Sepsis,ARF/MOSF,1,26,67,14.3984375,145,10,39,98.32812,2.199707,15.2988281,1.5,153,7.489258,,,,,,dnr after sadm,1,1,<2 mo. follow-up
709,4573,31.59499,male,black,11,,ARF/MOSF w/Sepsis,ARF/MOSF,1,0,106,12.5,94,21,36,388.875,,0.59997559,0.89990234,137,7.30957,126,22,,1,0,no dnr,0,0,no(M2 and SIP pres)
710,5674,55.754,male,white,18,>$50k,ARF/MOSF w/Sepsis,ARF/MOSF,1,37,57,6.09960938,110,9,37.59375,175.5,,,0.89990234,135,7.449219,142,16,2645,,0,no dnr,0,0,no(M2 and SIP pres)
711,5312,68.91699,female,white,8,$11-$25k,ARF/MOSF w/Sepsis,ARF/MOSF,2,0,123,1.5,185,26,38,280,,2.5,1,141,7.459961,136,40,1220,,,dnr after sadm,1,1,<2 mo. follow-up
712,3510,66.97894,male,white,,,ARF/MOSF w/Sepsis,ARF/MOSF,0,0,117,17.8984375,80,28,38,233.3125,,,1.59985352,133,7.449219,,,,,,no dnr,0,0,
713,2484,74.98999,female,white,12,>$50k,ARF/MOSF w/Sepsis,ARF/MOSF,0,0,100,9.3984375,100,30,36.09375,385.125,3.199707,,0.69995117,141,7.239258,155,19,775,0,0,no dnr,0,0,no(M2 and SIP pres)
714,2199,74.72095,male,white,12,$25-$50k,ARF/MOSF w/Sepsis,ARF/MOSF,3,0,120,8.19921875,80,20,37.5,309,4.3994141,0.29998779,1.5,142,7.279297,,,,0,0,no dnr,0,0,no(M2 and SIP pres)
715,3979,41.91898,male,black,,,Colon Cancer,Cancer,1,0,73,5.69921875,104,24,38.29688,,2.8999023,0.19998169,1.19995117,139,,,,,,,no dnr,0,0,
716,2313,56.71198,male,white,6,under $11k,COPD,COPD/CHF/Cirrhosis,4,0,97,14.0996094,70,30,36.09375,232,,,1,141,7.359375,,,,0,,no dnr,0,0,no(M2 and SIP pres)
717,7474,76.34497,male,white,11,$11-$25k,Colon Cancer,Cancer,1,0,129,15.5,60,26,36.09375,347.5625,,,0.59997559,154,7.479492,208,8,3715,0,0,no dnr,1,1,<2 mo. follow-up
718,1763,64.63196,female,white,12,,CHF,COPD/CHF/Cirrhosis,2,0,43,6.59960938,120,38,34.79688,418.5,3.5996094,,1.29980469,126,7.489258,,,,0,1,dnr after sadm,0,1,<2 mo. follow-up
719,100,75.76196,male,white,,,ARF/MOSF w/Sepsis,ARF/MOSF,0,0,68,16.5976562,79,20,37.19531,132.71875,,,1.09985352,132,7.489258,,,,0,,no dnr,0,0,
720,1690,45.06998,female,white,16,$25-$50k,Lung Cancer,Cancer,1,0,81,9.3984375,80,20,37.79688,,2.5996094,,0.89990234,136,,,,,,2,no dnr,0,1,no(M2 and SIP pres)
721,1719,70.034,female,white,8,$11-$25k,CHF,COPD/CHF/Cirrhosis,3,0,111,13.0996094,80,32,35.89844,,4,,1.59985352,141,,,,,0,1,no dnr,0,1,no(M2 and SIP pres)
722,5845,44.74698,female,white,12,$11-$25k,ARF/MOSF w/Sepsis,ARF/MOSF,0,0,70,19,149,27,39.69531,75.70312,2.2998047,1.59985352,1.59985352,147,7.449219,,,,,2,dnr after sadm,1,1,<2 mo. follow-up
723,5594,60.93597,female,black,12,$11-$25k,ARF/MOSF w/Sepsis,ARF/MOSF,1,9,100,5.59960938,75,20,38,,,,0.89990234,140,,97,6,2450,,1,no dnr,0,0,no(M2 and SIP pres)
724,2799,76.35297,male,white,12,,COPD,COPD/CHF/Cirrhosis,2,0,103,4.69921875,120,28,38.79688,343.3125,,1.09985352,0.69995117,132,7.399414,117,6,3525,0,0,dnr after sadm,0,1,no(M2 and SIP pres)
725,822,63.836,female,white,12,>$50k,CHF,COPD/CHF/Cirrhosis,3,0,70,14.7988281,60,20,35.69531,186.65625,,,1.39990234,136,7.299805,,,,1,,no dnr,0,0,no(M2 and SIP pres)
726,5536,71.00598,female,white,12,under $11k,Lung Cancer,Cancer,3,0,99,9.8984375,75,18,39,,,1,1.29980469,140,,119,26,1200,4,6,no dnr,0,1,adl>=4 (>=5 if sur)
727,7802,79.17297,female,white,8,under $11k,ARF/MOSF w/Sepsis,ARF/MOSF,1,26,73,11.2988281,120,28,38,272.5,2.7998047,0.29998779,1,138,7.089844,,,,1,1,no dnr,0,1,<2 mo. follow-up
728,4350,37.314,male,white,11,under $11k,ARF/MOSF w/Sepsis,ARF/MOSF,0,0,124,16.0976562,106,11,37.59375,356.625,,0.5,1.19995117,141,7.389648,116,12,1555,,0,no dnr,1,1,<2 mo. follow-up
729,2062,55.896,female,,14,,Colon Cancer,Cancer,1,0,127,8.09960938,60,22,37.69531,,4.0996094,0.39996338,1.39990234,139,,,,,,5,dnr before sadm,1,1,<2 mo. follow-up
730,6687,76.22198,male,white,12,under $11k,ARF/MOSF w/Sepsis,ARF/MOSF,1,0,113,15.2988281,60,28,37.59375,144.875,3.5996094,1,0.89990234,141,7.439453,,,,5,,no dnr,0,0,SIP>=30
731,9084,85.66498,female,white,8,under $11k,Coma,Coma,1,100,102,24.296875,70,20,35.89844,,,,1.19995117,137,,158,11,,,1,dnr after sadm,1,1,<2 mo. follow-up
732,4775,45.24298,female,white,,,ARF/MOSF w/Sepsis,ARF/MOSF,2,0,87,12,75,30,35.69531,181.8125,,,1.39990234,139,7.359375,206,31,700,,,no dnr,0,0,
733,7886,59.45798,male,white,12,$11-$25k,Lung Cancer,Cancer,2,0,107,6.09960938,24,24,36.09375,457.125,4,0.29998779,1.19995117,136,7.639648,,,,,6,dnr after sadm,0,1,no(M2 and SIP pres)
734,3945,76.51196,female,white,8,,Lung Cancer,Cancer,1,0,109,1.29980469,92,20,36.79688,,,,1.09985352,139,,,,,1,,no dnr,0,1,no(M2 and SIP pres)
735,3006,83.23297,female,white,14,,ARF/MOSF w/Sepsis,ARF/MOSF,1,9,113,14.3984375,152,36,36.39844,96.65625,3.199707,1.09985352,0.89990234,142,7.5,108,19,5065,,6,dnr after sadm,0,1,adl>=4 (>=5 if sur)
736,4974,18.88799,male,white,11,$25-$50k,Coma,Coma,0,55,112,18.296875,125,44,38.89844,120,2.699707,0.39996338,2.09960938,145,7.189453,417,45,1445,,0,no dnr,0,0,no(M2 and SIP pres)
737,8916,71.90399,male,white,13,,Colon Cancer,Cancer,1,0,65,11.5,116,26,38.29688,124.4375,2.8999023,0.69995117,0.59997559,133,7.529297,119,19,990,1,3,no dnr,0,1,<2 mo. follow-up
738,1104,74.46399,male,white,12,under $11k,ARF/MOSF w/Sepsis,ARF/MOSF,4,37,40,28.8984375,75,36,35.19531,64.70312,3.0996094,,6.89941406,125,7.479492,254,115,3345,1,1,dnr after sadm,1,1,<2 mo. follow-up
739,6873,70.69098,male,white,12,,MOSF w/Malig,ARF/MOSF,2,0,71,5,108,20,37.5,,2.699707,2.39990234,1.29980469,132,,134,35,,,0,dnr after sadm,1,1,<2 mo. follow-up
740,6767,81.38495,male,white,8,under $11k,COPD,COPD/CHF/Cirrhosis,2,0,65,,105,10,37.59375,145,1.5998535,,3.19970703,138,7.439453,99,39,1105,0,,no dnr,0,1,no(M2 and SIP pres)
741,5128,68.08197,female,black,,under $11k,ARF/MOSF w/Sepsis,ARF/MOSF,3,61,55,11.1992188,75,40,36,189.78125,2.2998047,,1.5,135,7.489258,88,22,695,,0,dnr before sadm,1,1,<2 mo. follow-up
742,1051,65.31696,male,white,16,>$50k,ARF/MOSF w/Sepsis,ARF/MOSF,3,37,65,12,65,22,37.59375,134.53125,2.2998047,,9.3984375,132,7.389648,322,103,0,,2,no dnr,0,1,
743,886,54.71597,female,white,14,$25-$50k,ARF/MOSF w/Sepsis,ARF/MOSF,4,0,100,26.296875,75,15,38,108.32812,2.3999023,1.39990234,2.19970703,132,7.369141,119,56,970,2,2,no dnr,0,0,
744,3489,71.15094,male,black,7,,ARF/MOSF w/Sepsis,ARF/MOSF,1,26,93,7.19921875,78,8,35.69531,265.6875,2.7998047,0.29998779,9.69921875,146,7.419922,,,,,,dnr after sadm,1,1,<2 mo. follow-up
745,8393,59.53198,female,white,14,$25-$50k,MOSF w/Malig,ARF/MOSF,1,0,61,9.69921875,120,28,36.39844,207.5,1.6999512,15.5,4.09960938,135,7.439453,,,,,0,dnr after sadm,1,1,<2 mo. follow-up
746,6824,73.49194,male,white,12,under $11k,CHF,COPD/CHF/Cirrhosis,3,0,71,18.8984375,126,24,39,268,2.7998047,1,1.09985352,131,7.579102,107,13,4010,5,4,no dnr,0,0,no(M2 and SIP pres)
747,2375,81.44299,female,white,12,under $11k,ARF/MOSF w/Sepsis,ARF/MOSF,2,9,61,15,69,24,38.29688,106.65625,2.699707,0.69995117,1.39990234,135,7.509766,,,,0,0,dnr after sadm,0,0,no(M2 and SIP pres)
748,5074,67.849,male,white,13,$11-$25k,Colon Cancer,Cancer,3,0,75,19.5976562,125,28,37.69531,360,1.5998535,1,1.69995117,143,7.399414,62,18,2940,0,0,no dnr,0,0,no(M2 and SIP pres)
749,7596,24.69299,male,white,10,under $11k,ARF/MOSF w/Sepsis,ARF/MOSF,1,0,126,3,77,28,38,267.8125,2.5996094,5,0.89990234,136,7.439453,85,13,2975,0,0,no dnr,0,0,
750,6182,63.49298,male,white,8,under $11k,ARF/MOSF w/Sepsis,ARF/MOSF,1,0,73,20.796875,114,12,38.19531,208.5625,2.199707,1.39990234,1.79980469,140,7.459961,,,,,0,no dnr,0,0,no(M2 and SIP pres)
751,93,53.06198,male,white,,under $11k,COPD,COPD/CHF/Cirrhosis,2,0,77,10.8984375,72,24,36.39844,280.9375,3.8999023,,0.79992676,126,7.479492,,,,,,dnr after sadm,0,1,<2 mo. follow-up
752,8284,78.04797,male,other,8,under $11k,MOSF w/Malig,ARF/MOSF,1,26,68,4.69921875,66,12,36.29688,250,,0.69995117,7.09960938,140,7.429688,,,,,0,dnr after sadm,0,1,<2 mo. follow-up
753,5193,49.93298,male,white,12,>$50k,Colon Cancer,Cancer,1,0,70,5.29980469,105,33,38.19531,205,,,1.19995117,127,7.379883,234,21,960,,0,no dnr,0,1,<2 mo. follow-up
754,1312,70.508,female,white,,,MOSF w/Malig,ARF/MOSF,1,0,75,9.8984375,74,20,36.39844,,,8.5,,134,,,,1430,,,dnr before sadm,0,1,<2 mo. follow-up
755,5217,79.69598,female,white,12,under $11k,ARF/MOSF w/Sepsis,ARF/MOSF,1,44,75,5.19921875,75,18,38.29688,,,0.59997559,1.29980469,140,,153,11,1160,,5,no dnr,0,1,adl>=4 (>=5 if sur)
756,502,51.56699,female,other,,,Cirrhosis,COPD/CHF/Cirrhosis,1,0,58,10.5,72,24,36,,2.199707,19.796875,2.09960938,126,,,,,,,no dnr,0,0,
757,7362,74.75397,male,white,,,ARF/MOSF w/Sepsis,ARF/MOSF,1,37,92,5.89941406,100,20,36.89844,,2.199707,10.3984375,0.89990234,133,,95,8,3720,,,no dnr,0,1,
758,2280,85.01294,female,white,,,ARF/MOSF w/Sepsis,ARF/MOSF,0,100,49,0.79992676,75,8,36,366.625,2,0.29998779,1.29980469,129,7.299805,,,,,,dnr after sadm,1,1,<2 mo. follow-up
759,4753,66.41199,female,white,7,under $11k,MOSF w/Malig,ARF/MOSF,2,0,73,11.6992188,130,10,37.69531,104,1.5,1.59985352,0.69995117,136,7.429688,125,11,2225,,0,no dnr,1,1,<2 mo. follow-up
760,2898,75.63599,male,white,12,$11-$25k,COPD,COPD/CHF/Cirrhosis,4,0,111,7.29980469,80,25,38.79688,316,,1.5,1.29980469,145,7.429688,121,42,3815,,0,no dnr,0,1,no(M2 and SIP pres)
761,4438,19.866,female,white,12,$25-$50k,ARF/MOSF w/Sepsis,ARF/MOSF,2,0,73,3,114,24,36.79688,,2,13.7988281,0.69995117,129,,160,9,3050,3,4,no dnr,0,0,no(M2 and SIP pres)
762,2528,74.26697,male,white,8,under $11k,COPD,COPD/CHF/Cirrhosis,4,0,43,6.09960938,105,8,38.39844,317.5,,0.39996338,0.5,147,7.399414,276,10,2975,0,,no dnr,0,1,adl>=4 (>=5 if sur)
763,7403,63.30197,male,white,6,under $11k,ARF/MOSF w/Sepsis,ARF/MOSF,5,0,100,13.1992188,100,26,35.89844,129.625,4,0.5,1.69995117,141,7.379883,140,28,2200,,0,no dnr,0,0,no(M2 and SIP pres)
764,6037,44.36697,female,white,9,under $11k,Coma,Coma,1,44,119,9.19921875,122,44,38.29688,310,3.2998047,0.29998779,0.59997559,136,7.519531,,,,,6,dnr after sadm,1,1,<2 mo. follow-up
765,2987,77.84296,male,white,12,$25-$50k,ARF/MOSF w/Sepsis,ARF/MOSF,1,0,67,7.5,73,12,36.29688,152,3.0996094,0.39996338,5.59960938,131,7.389648,317,146,2745,0,0,no dnr,0,0,no(M2 and SIP pres)
766,858,76.28497,male,white,16,>$50k,ARF/MOSF w/Sepsis,ARF/MOSF,1,0,72,6.29980469,180,10,36.79688,64,2,,0.79992676,129,7.5,165,26,3450,,1,no dnr,0,0,adl>=4 (>=5 if sur)
767,4716,25.51399,female,white,13,>$50k,ARF/MOSF w/Sepsis,ARF/MOSF,1,0,120,3.19970703,125,10,36,236,2.5,3.29980469,0.79992676,140,7.329102,121,13,1165,,1,dnr after sadm,1,1,<2 mo. follow-up
768,1151,84.25995,male,white,14,under $11k,ARF/MOSF w/Sepsis,ARF/MOSF,2,9,74,7.79980469,118,12,36.39844,,,,1.59985352,136,,77,26,970,,6,dnr before sadm,0,1,<2 mo. follow-up
769,311,24.515,female,hispanic,10,,ARF/MOSF w/Sepsis,ARF/MOSF,1,0,120,5.69921875,110,28,37.5,69,,,0.89990234,140,7.5,,,,,4,no dnr,0,0,no(M2 and SIP pres)
770,2163,99.28497,male,white,17,,CHF,COPD/CHF/Cirrhosis,3,0,45,13.1992188,70,10,36.39844,212.5,,1.69995117,2.29980469,132,7.489258,,,,,7,no dnr,1,1,<2 mo. follow-up
771,2228,65.65594,female,white,,,ARF/MOSF w/Sepsis,ARF/MOSF,1,0,58,5.19921875,137,30,38.39844,230,3.3999023,,0.5,134,7.399414,,,,,,no dnr,0,1,no(M2 and SIP pres)
772,8327,60.62097,female,white,9,>$50k,COPD,COPD/CHF/Cirrhosis,2,0,56,19.8984375,160,32,36.69531,220,3.699707,0.39996338,0.69995117,139,7.419922,,,,,0,dnr after sadm,0,1,<2 mo. follow-up
773,673,55.88199,female,black,14,under $11k,Lung Cancer,Cancer,1,0,94,8,88,20,37,,,,1,138,,,,,,,dnr after sadm,0,1,no(M2 and SIP pres)
774,8717,69.46698,female,white,12,under $11k,CHF,COPD/CHF/Cirrhosis,3,0,72,9.5,79,22,36.59375,,,,0.89990234,140,,113,25,,0,0,no dnr,0,0,
775,23,49.61298,female,white,12,$25-$50k,ARF/MOSF w/Sepsis,ARF/MOSF,1,0,67,11,120,48,38.89844,200,2,4.09960938,0.59997559,130,7.399414,,,,,5,no dnr,0,0,adl>=4 (>=5 if sur)
776,6854,57.13898,female,white,12,under $11k,ARF/MOSF w/Sepsis,ARF/MOSF,3,0,120,16,48,10,35.29688,188,1.8999023,0.69995117,0.69995117,134,7.509766,138,17,2713,,6,no dnr,1,1,<2 mo. follow-up
777,2268,36.22699,male,white,12,$11-$25k,ARF/MOSF w/Sepsis,ARF/MOSF,1,0,111,11.3984375,120,22,38.69531,201,4,1,1.19995117,136,7.539062,,,,,,no dnr,0,1,no(M2 and SIP pres)
778,1393,43.05798,female,white,16,>$50k,ARF/MOSF w/Sepsis,ARF/MOSF,1,0,70,26.0976562,110,28,35.5,302.5,,22.5976562,2.19970703,133,7.349609,223,77,1885,,,no dnr,0,0,no(M2 and SIP pres)
779,3251,49.85098,male,white,11,,MOSF w/Malig,ARF/MOSF,1,44,67,1.39990234,112,25,37.39844,300,2.0996094,1.39990234,0.69995117,142,7.469727,,,,,6,dnr after sadm,1,1,<2 mo. follow-up
780,7465,67.79199,female,black,7,,COPD,COPD/CHF/Cirrhosis,4,0,76,6.39941406,122,22,36.19531,460,4.1992188,2.29980469,2.29980469,134,7.349609,105,25,5105,0,0,no dnr,0,1,<2 mo. follow-up
781,2008,65.46997,female,white,12,$11-$25k,ARF/MOSF w/Sepsis,ARF/MOSF,4,0,61,17,128,10,36,132.5,2.2998047,0.89990234,1,136,7.419922,,,,,0,dnr after sadm,1,1,adl>=4 (>=5 if sur)
782,2792,65.58197,female,white,16,>$50k,ARF/MOSF w/Sepsis,ARF/MOSF,1,0,119,8,119,28,39.59375,,3.199707,1.59985352,7.09960938,140,,151,22,0,,2,no dnr,0,1,adl>=4 (>=5 if sur)
783,5745,73.39899,male,white,18,$11-$25k,CHF,COPD/CHF/Cirrhosis,2,0,123,7.5,128,12,35.59375,,3.699707,1,1.79980469,145,,199,36,450,1,1,no dnr,0,0,no(M2 and SIP pres)
784,3115,48.83197,female,white,12,>$50k,Lung Cancer,Cancer,2,9,55,10.0996094,49,10,38.79688,84.4375,2.8999023,1,6.69921875,139,7.359375,114,112,2395,,1,no dnr,0,1,<2 mo. follow-up
785,226,65.14697,female,white,,,Lung Cancer,Cancer,1,0,83,8.09960938,106,22,36.39844,,,,0.69995117,136,,,,,,,no dnr,0,1,<2 mo. follow-up
786,7823,37.84799,male,white,20,$25-$50k,MOSF w/Malig,ARF/MOSF,1,0,107,0.89990234,112,12,39.39844,232.5,3.2998047,4.79980469,6.5,141,7.40918,,,,,4,dnr after sadm,1,1,
787,4372,83.99695,male,white,16,,CHF,COPD/CHF/Cirrhosis,2,0,70,7.5,100,16,36,423.75,,,1.29980469,139,7.449219,228,14,2380,,3,no dnr,0,1,no(M2 and SIP pres)
788,1970,55.431,male,white,,,ARF/MOSF w/Sepsis,ARF/MOSF,1,0,130,1.39990234,140,12,38.29688,121.42188,2.5996094,1.5,0.69995117,140,7.399414,,,,,,dnr after sadm,1,1,<2 mo. follow-up
789,2815,34.45898,male,black,,,CHF,COPD/CHF/Cirrhosis,3,0,51,4.5,79,25,36.09375,,,0.5,1.19995117,138,,101,16,750,,,no dnr,0,0,no(M2 and SIP pres)
790,7314,62.46399,female,white,12,under $11k,ARF/MOSF w/Sepsis,ARF/MOSF,3,0,99,9.59960938,80,20,36.09375,193.53125,4.7998047,1.39990234,1.39990234,143,7.389648,263,10,800,1,0,no dnr,0,0,SIP>=30
791,3342,31.16499,female,white,14,$25-$50k,ARF/MOSF w/Sepsis,ARF/MOSF,2,37,95,4.89941406,84,14,36.69531,164,,,1.59985352,141,7.529297,,,,,7,dnr after sadm,1,1,<2 mo. follow-up
792,1684,82.60394,female,white,8,under $11k,ARF/MOSF w/Sepsis,ARF/MOSF,1,0,57,8,49,22,36.39844,300,3.3999023,0.5,2.29980469,134,7.439453,,,,0,0,no dnr,0,1,no(M2 and SIP pres)
793,8943,67.67694,female,white,12,,Lung Cancer,Cancer,3,26,50,13.7988281,65,30,36.29688,122.4375,2.8999023,0.29998779,1.59985352,130,7.439453,249,34,1375,,,dnr after sadm,0,1,<2 mo. follow-up
794,5454,50.95398,male,white,12,,MOSF w/Malig,ARF/MOSF,2,0,40,27.5,40,15,35.19531,268,,2,1.29980469,129,7.509766,106,20,455,,0,dnr after sadm,1,1,<2 mo. follow-up
795,6144,77.20496,male,white,9,under $11k,MOSF w/Malig,ARF/MOSF,4,9,101,5,60,22,36,,,,2.09960938,131,,,,,,6,no dnr,0,1,adl>=4 (>=5 if sur)
796,2016,59.27197,female,white,12,$25-$50k,CHF,COPD/CHF/Cirrhosis,2,0,73,7.89941406,70,20,36.09375,304.75,3.699707,1.09985352,1.39990234,143,7.419922,,,,2,1,no dnr,0,0,SIP>=30
797,2148,75.78094,female,white,,,MOSF w/Malig,ARF/MOSF,2,0,51,58.1953125,59,26,35.29688,197.5,3.0996094,2.19970703,2,132,7.40918,,,,,,dnr after sadm,0,1,<2 mo. follow-up
798,6865,56.88397,male,white,14,>$50k,Lung Cancer,Cancer,1,9,85,3.59960938,135,30,35.59375,112.23438,2.5,0.19998169,1.19995117,147,7.229492,180,27,1300,,0,dnr after sadm,0,1,<2 mo. follow-up
799,5029,65.37396,female,white,12,>$50k,COPD,COPD/CHF/Cirrhosis,1,0,132,11.8984375,55,10,34.19531,270,1.5998535,1.19995117,1.29980469,136,7.289062,240,17,,,2,dnr after sadm,1,1,
800,1878,76.80194,female,white,,,COPD,COPD/CHF/Cirrhosis,2,0,72,16.0976562,102,28,38.09375,177.53125,,,1.39990234,138,7.509766,,,,,1,no dnr,0,1,no(M2 and SIP pres)
801,3439,59.48297,male,white,12,$25-$50k,Lung Cancer,Cancer,2,0,80,11.8984375,100,20,38.59375,304.75,,,0.69995117,135,7.5,,,,0,0,no dnr,0,1,no(M2 and SIP pres)
802,2796,74.45898,female,white,9,,Coma,Coma,2,0,55,6.09960938,49,16,36.79688,146.9375,3.0996094,,2.69970703,139,7.419922,103,29,1365,,,no dnr,1,1,
803,3907,70.65295,male,black,5,,COPD,COPD/CHF/Cirrhosis,3,0,77,9.79882812,72,26,36.79688,225,2.3999023,0.89990234,1,134,7.429688,,,,,,no dnr,0,0,no(M2 and SIP pres)
804,8705,46.57599,female,white,,,ARF/MOSF w/Sepsis,ARF/MOSF,0,0,43,10.5996094,0,0,38.39844,133.3125,,1.39990234,2.5,132,7.379883,345,38,1300,,,no dnr,0,0,
805,7388,30.508,male,white,12,$25-$50k,MOSF w/Malig,ARF/MOSF,0,0,62,19.5976562,164,35,38.19531,126.65625,1.3999023,0.5,1.29980469,143,7.369141,57,64,2025,0,0,no dnr,0,0,SIP>=30
806,1516,65.73596,male,white,12,$11-$25k,ARF/MOSF w/Sepsis,ARF/MOSF,3,37,71,4.19921875,120,24,38.39844,,3.699707,2.39990234,0.59997559,139,,138,6,3350,,,no dnr,0,0,no(M2 and SIP pres)
807,6600,44.35599,male,white,12,under $11k,COPD,COPD/CHF/Cirrhosis,3,0,116,4.89941406,86,28,36.29688,157.125,3.0996094,0.5,1.09985352,140,7.369141,,,,0,1,no dnr,0,0,no(M2 and SIP pres)
808,3435,66.31598,male,white,7,$11-$25k,CHF,COPD/CHF/Cirrhosis,4,0,80,12.1992188,100,24,37.29688,,3.3999023,,1.59985352,136,,,,,0,,no dnr,0,1,no(M2 and SIP pres)
809,4613,83.46594,female,black,8,under $11k,Coma,Coma,1,61,128,7.69921875,110,12,35.39844,264,,24,10.8984375,131,7.509766,100,68,2980,,0,dnr after sadm,0,1,<2 mo. follow-up
810,4902,67.29895,male,white,12,under $11k,Lung Cancer,Cancer,1,0,67,9.8984375,105,16,36.09375,,,0.89990234,0.89990234,135,,87,12,1650,0,0,dnr after sadm,0,1,no(M2 and SIP pres)
811,8716,59.74298,male,white,14,$25-$50k,Lung Cancer,Cancer,2,0,69,21.0976562,130,44,39.09375,108.875,2.5996094,,0.69995117,142,7.459961,249,14,1575,0,,no dnr,0,1,no(M2 and SIP pres)
812,6894,53.71399,female,white,7,under $11k,Lung Cancer,Cancer,3,0,68,22.1992188,65,12,35.59375,158,3.5996094,0.5,3.89990234,136,7.329102,210,148,1325,3,5,dnr after sadm,0,1,SIP>=30
813,3041,63.95599,female,black,17,$25-$50k,ARF/MOSF w/Sepsis,ARF/MOSF,1,0,111,11.1992188,70,12,36.09375,312,2.5,,0.59997559,137,7.5,147,23,980,0,0,no dnr,0,1,SIP>=30
814,1006,65.26196,female,white,12,>$50k,Lung Cancer,Cancer,1,0,115,10.5,100,20,39,,4.1992188,0.29998779,1,139,,91,13,2050,1,1,no dnr,0,0,no(M2 and SIP pres)
815,372,81.38794,male,white,,,ARF/MOSF w/Sepsis,ARF/MOSF,1,26,63,17.5,70,37,39,285,2.199707,3.19970703,4.19921875,138,7.449219,,,,,,dnr after sadm,1,1,<2 mo. follow-up
816,3706,45.89499,female,white,8,$11-$25k,ARF/MOSF w/Sepsis,ARF/MOSF,0,100,153,6.59960938,102,14,40,297.125,,,0.69995117,142,7.399414,,,,,0,no dnr,1,1,<2 mo. follow-up
817,891,86.35199,female,white,16,$11-$25k,ARF/MOSF w/Sepsis,ARF/MOSF,1,44,45,23.5,75,36,36.19531,97,2.7998047,,2,131,7.379883,310,60,1262,,0,dnr before sadm,1,1,<2 mo. follow-up
818,1709,55.80298,female,white,12,,COPD,COPD/CHF/Cirrhosis,0,0,90,7.5,110,25,37.59375,208,,,0.5,139,7.349609,,,,4,6,dnr after sadm,0,1,adl>=4 (>=5 if sur)
819,7890,74.15698,male,white,8,,CHF,COPD/CHF/Cirrhosis,3,0,63,8.3984375,60,24,35.69531,,3.699707,0.69995117,1.39990234,139,,,,,2,0,no dnr,0,1,no(M2 and SIP pres)
820,8320,77.58197,female,white,,,COPD,COPD/CHF/Cirrhosis,0,9,115,,74,22,36.29688,184,,,,140,7.289062,,,,,,no dnr,0,0,
821,4303,69.33295,female,hispanic,9,,Colon Cancer,Cancer,2,0,69,,68,22,36,,,,1,139,,172,12,5450,3,0,no dnr,0,1,no(M2 and SIP pres)
822,2839,73.80396,female,white,,,Colon Cancer,Cancer,1,0,49,7,63,28,38.39844,,,,1.59985352,142,,84,21,1935,,,dnr after sadm,0,1,
823,2368,33.922,male,white,,,ARF/MOSF w/Sepsis,ARF/MOSF,1,9,65,16.5,130,24,38.09375,284,2.2998047,8.29882812,0.79992676,141,7.549805,,,,,,no dnr,0,1,
824,6654,81.45898,female,white,8,under $11k,MOSF w/Malig,ARF/MOSF,1,0,83,22.8984375,112,24,35.69531,,,,0.59997559,129,,,,,0,2,dnr before sadm,0,1,no(M2 and SIP pres)
825,1518,59.35397,female,white,18,,Colon Cancer,Cancer,1,0,108,11,135,10,37,227.5,,,2.19970703,153,7.509766,125,59,1852,0,0,no dnr,0,1,no(M2 and SIP pres)
826,2460,64.53094,female,white,12,under $11k,Colon Cancer,Cancer,1,0,127,15.3984375,70,30,37.89844,280,2.2998047,,0.69995117,153,7.379883,299,31,2035,,0,no dnr,0,1,<2 mo. follow-up
827,7530,74.13599,female,black,4,under $11k,COPD,COPD/CHF/Cirrhosis,6,9,121,19.796875,63,64,35.5,288,2.3999023,1.69995117,0.79992676,141,7.469727,257,12,5725,5,0,no dnr,0,0,adl>=4 (>=5 if sur)
828,628,75.26398,female,white,16,,ARF/MOSF w/Sepsis,ARF/MOSF,2,0,63,12.5,115,40,36.59375,195,3.2998047,,1.09985352,142,7.269531,,,,,1,no dnr,0,1,adl>=4 (>=5 if sur)
829,785,78.43695,female,white,10,,ARF/MOSF w/Sepsis,ARF/MOSF,1,61,67,11.1992188,60,24,38.39844,71.26562,,0.79992676,1,128,7.329102,,,,,,no dnr,1,1,<2 mo. follow-up
830,6361,82.20898,male,white,16,$11-$25k,ARF/MOSF w/Sepsis,ARF/MOSF,2,0,117,6.89941406,69,26,36.09375,339.5625,3,0.29998779,2.5,140,7.40918,,,,0,0,no dnr,0,0,no(M2 and SIP pres)
831,5242,70.85596,male,white,11,,ARF/MOSF w/Sepsis,ARF/MOSF,2,0,60,11.8984375,65,30,38,272,4,0.39996338,0.59997559,124,7.40918,108,10,3800,2,3,no dnr,0,0,SIP>=30
832,248,53.67798,female,white,13,,Cirrhosis,COPD/CHF/Cirrhosis,3,0,113,7.5,100,24,37,,2,19.8984375,1.29980469,137,,,,,0,0,no dnr,0,1,
833,5686,77.08698,male,white,,,CHF,COPD/CHF/Cirrhosis,2,0,60,10.6992188,115,5,36.79688,251.40625,1,,1.09985352,136,7.369141,141,7,3352,,,no dnr,0,1,
834,4174,54.754,female,black,10,$25-$50k,CHF,COPD/CHF/Cirrhosis,3,0,83,4.59960938,74,36,36.09375,290,,,0.79992676,134,7.479492,,,,,2,dnr after sadm,0,0,no(M2 and SIP pres)
835,8239,72.51996,male,white,8,under $11k,COPD,COPD/CHF/Cirrhosis,5,0,61,9.09960938,75,36,36.5,186.9375,4.0996094,0.39996338,2.19970703,148,7.369141,,,,3,1,no dnr,0,1,no(M2 and SIP pres)
836,2768,68.31995,male,white,12,,ARF/MOSF w/Sepsis,ARF/MOSF,1,0,103,9.3984375,60,20,36.09375,,,,1.39990234,140,,129,44,2275,0,1,no dnr,0,0,no(M2 and SIP pres)
837,1450,83.49597,male,white,9,,ARF/MOSF w/Sepsis,ARF/MOSF,2,26,103,7.09960938,67,24,36.09375,220,,0.39996338,1,140,7.359375,169,18,,,,no dnr,0,0,
838,3367,44.60498,male,black,,,ARF/MOSF w/Sepsis,ARF/MOSF,4,26,133,9.59960938,90,22,37.5,440,2.5996094,23.6992188,2.79980469,136,7.329102,,,,,7,no dnr,0,0,no(M2 and SIP pres)
839,7750,78.65594,female,white,17,,ARF/MOSF w/Sepsis,ARF/MOSF,2,0,113,8.8984375,103,24,39.19531,222.5,2.3999023,0.59997559,1.5,131,7.509766,,,,,0,no dnr,0,1,no(M2 and SIP pres)
840,732,67.85797,female,white,14,>$50k,ARF/MOSF w/Sepsis,ARF/MOSF,2,0,75,6.59960938,105,28,36.5,183.3125,2.0996094,,1,144,7.489258,,,,,0,dnr after sadm,1,1,<2 mo. follow-up
841,7289,51.04199,female,hispanic,,,MOSF w/Malig,ARF/MOSF,2,0,109,8.09960938,72,20,36,,3.5996094,2,2.19970703,135,,84,45,2.47998,,,no dnr,0,0,
842,5043,44.97498,female,white,12,$25-$50k,Colon Cancer,Cancer,1,0,146,17.8984375,120,10,38.5,98.5625,,,0.79992676,153,7.449219,105,26,3635,,,no dnr,0,1,no(M2 and SIP pres)
843,1575,80.50397,male,white,,,Coma,Coma,2,55,48,10.8984375,55,10,36.19531,41,,,0.89990234,134,7.549805,109,20,2460,,,dnr before sadm,1,1,<2 mo. follow-up
844,4052,68.39996,male,black,7,under $11k,MOSF w/Malig,ARF/MOSF,1,0,121,3.39990234,140,8,39.79688,167.5,1.5,0.5,2.19970703,148,7.529297,,,,,5,no dnr,0,1,no(M2 and SIP pres)
845,9085,65.06195,female,white,14,,ARF/MOSF w/Sepsis,ARF/MOSF,3,0,109,7.39941406,63,16,35.39844,,2.8999023,1,1.29980469,139,,130,27,,1,0,no dnr,0,1,no(M2 and SIP pres)
846,2949,69.95197,female,white,12,$25-$50k,CHF,COPD/CHF/Cirrhosis,6,0,70,6.19921875,80,20,36.09375,383.3125,2.5996094,0.69995117,1.29980469,148,7.439453,120,36,1650,1,1,no dnr,0,0,no(M2 and SIP pres)
847,1973,75.72894,male,white,,,ARF/MOSF w/Sepsis,ARF/MOSF,1,44,70,6.5,80,38,36.59375,157,2.3999023,,1.69995117,150,7.359375,,,,,,no dnr,1,1,<2 mo. follow-up
848,8173,64.45996,female,white,9,under $11k,COPD,COPD/CHF/Cirrhosis,3,0,87,34.3984375,132,24,38.29688,285.125,4.0996094,0.79992676,0.69995117,134,7.419922,,,,,2,no dnr,0,1,no(M2 and SIP pres)
849,2985,88.487,female,white,13,under $11k,CHF,COPD/CHF/Cirrhosis,2,0,73,11.0996094,70,20,36.09375,678.25,,,1.19995117,142,7.279297,155,38,,2,,no dnr,0,1,no(M2 and SIP pres)
850,3828,66.01196,female,white,10,under $11k,CHF,COPD/CHF/Cirrhosis,5,0,73,7.59960938,80,20,36,232,,,1.59985352,142,7.40918,,,,1,0,no dnr,0,1,no(M2 and SIP pres)
851,1013,32.616,female,white,12,$11-$25k,CHF,COPD/CHF/Cirrhosis,1,0,67,7.89941406,120,26,37.5,,,,1.29980469,139,,113,14,2150,0,0,no dnr,0,1,no(M2 and SIP pres)
852,5179,46.47998,male,black,9,under $11k,ARF/MOSF w/Sepsis,ARF/MOSF,4,0,77,8.29882812,60,26,37.59375,257.125,,1.09985352,1.19995117,141,7.519531,111,10,2025,,0,dnr after sadm,1,1,<2 mo. follow-up
853,7502,63.94498,male,white,12,$11-$25k,CHF,COPD/CHF/Cirrhosis,3,0,141,8.8984375,132,24,38.5,295.1875,3,0.69995117,1.29980469,137,7.529297,216,23,1965,1,0,no dnr,0,0,SIP>=30
854,2814,84.64899,female,white,12,under $11k,Coma,Coma,1,100,60,14.6992188,1,40,36.89844,100,2,1.89990234,2.09960938,136,7.449219,172,26,972,,,dnr after sadm,1,1,<2 mo. follow-up
855,6167,68.14795,male,white,10,under $11k,ARF/MOSF w/Sepsis,ARF/MOSF,3,0,113,17.6992188,76,24,38.29688,182,2.7998047,1.09985352,2.59960938,145,7.439453,,,,,0,dnr after sadm,1,1,<2 mo. follow-up
856,5216,47.44397,female,white,12,$11-$25k,COPD,COPD/CHF/Cirrhosis,1,0,79,13.0996094,104,20,38.5,,3.7998047,0.59997559,0.59997559,138,,106,4,4700,0,4,no dnr,0,0,no(M2 and SIP pres)
857,8389,62.073,male,white,12,under $11k,Lung Cancer,Cancer,1,0,115,14.6992188,73,24,36.29688,357.125,4.5996094,0.39996338,1.19995117,134,7.459961,,,,,,no dnr,0,1,no(M2 and SIP pres)
858,1080,94.55194,male,white,16,$11-$25k,ARF/MOSF w/Sepsis,ARF/MOSF,2,0,13,11.0996094,45,8,35.59375,202.5,3.2998047,3.19970703,2,147,7.329102,205,49,360,,0,dnr after sadm,1,1,<2 mo. follow-up
859,7263,76.59094,male,white,12,under $11k,CHF,COPD/CHF/Cirrhosis,5,9,102,11.0996094,94,20,36,360,3.3999023,0.89990234,1.89990234,136,7.479492,100,34,1625,,6,no dnr,0,0,adl>=4 (>=5 if sur)
860,3402,80.44098,male,white,12,$11-$25k,ARF/MOSF w/Sepsis,ARF/MOSF,1,0,58,14.5996094,154,10,38.59375,135,2,3.29980469,1,132,7.399414,,,,,1,dnr after sadm,1,1,adl>=4 (>=5 if sur)
861,4234,66.92395,male,white,15,$11-$25k,Colon Cancer,Cancer,1,0,107,5.39941406,64,20,37.09375,,,0.79992676,1,141,,,,,,0,no dnr,0,1,
862,2083,39.01398,male,white,16,$25-$50k,ARF/MOSF w/Sepsis,ARF/MOSF,1,0,47,12.5,120,46,36.59375,145,2.7998047,4.69921875,6.19921875,134,7.40918,,,,,0,no dnr,0,0,
863,5606,46.26398,male,other,12,under $11k,MOSF w/Malig,ARF/MOSF,1,0,73,7.79980469,76,24,36.89844,242.84375,3,0.59997559,0.69995117,139,7.369141,227,14,,,0,dnr after sadm,1,1,<2 mo. follow-up
864,5234,41.125,male,white,12,,ARF/MOSF w/Sepsis,ARF/MOSF,0,0,75,15.2988281,115,28,38.19531,250,2.2998047,4.39941406,0.79992676,146,7.449219,109,29,3250,0,0,no dnr,0,0,
865,6138,60.44098,male,white,,under $11k,ARF/MOSF w/Sepsis,ARF/MOSF,4,89,61,17.8984375,66,10,38.09375,150,1.5998535,0.5,1.79980469,142,7.30957,,,,,,no dnr,0,1,adl>=4 (>=5 if sur)
866,2039,83.10199,male,white,14,,CHF,COPD/CHF/Cirrhosis,3,0,117,5,50,20,36.69531,336.625,,,1.69995117,141,7.429688,,,,0,,no dnr,0,0,no(M2 and SIP pres)
867,8422,76.76898,female,white,12,under $11k,Colon Cancer,Cancer,1,0,75,14.2988281,110,22,35.59375,,3.199707,0.5,0.89990234,136,,,,,,7,dnr after sadm,1,1,<2 mo. follow-up
868,8946,62.245,female,white,12,under $11k,ARF/MOSF w/Sepsis,ARF/MOSF,3,0,53,15.2988281,60,28,35.69531,,3,0.5,1.69995117,134,,202,24,,0,0,no dnr,0,0,SIP>=30
869,1232,50.09399,male,white,13,$25-$50k,CHF,COPD/CHF/Cirrhosis,2,0,55,5.19921875,75,20,36.09375,,,,2.69970703,126,,140,38,2000,0,,no dnr,0,1,no(M2 and SIP pres)
870,2721,50.46698,male,black,10,under $11k,COPD,COPD/CHF/Cirrhosis,4,0,60,15.8984375,60,24,36.29688,91.65625,2.2998047,,1.69995117,139,7.429688,113,34,3075,0,0,no dnr,0,0,no(M2 and SIP pres)
871,4990,67.75397,female,black,8,under $11k,CHF,COPD/CHF/Cirrhosis,3,0,53,12.5,105,36,38.5,223.3125,,,1.39990234,138,7.459961,269,28,2275,3,3,no dnr,0,1,<2 mo. follow-up
872,2130,65.92999,male,white,16,$25-$50k,ARF/MOSF w/Sepsis,ARF/MOSF,2,0,57,10.5,170,28,38.69531,138,,,1,142,7.429688,,,,,0,no dnr,0,0,no(M2 and SIP pres)
873,8122,70.09399,male,white,8,,CHF,COPD/CHF/Cirrhosis,4,0,80,10.7988281,77,20,36.39844,309.5,4.3994141,0.39996338,1.59985352,139,7.439453,,,,0,,no dnr,0,1,no(M2 and SIP pres)
874,429,39.81897,male,white,,,ARF/MOSF w/Sepsis,ARF/MOSF,2,100,23,38.09375,135,48,36.39844,130,4.3994141,5.69921875,3.79980469,138,7.199219,,,,,,dnr after sadm,1,1,<2 mo. follow-up
875,5392,51.63599,female,black,12,$11-$25k,ARF/MOSF w/Sepsis,ARF/MOSF,2,0,80,5.09960938,72,24,36.59375,,3.3999023,0.5,0.5,139,,132,1.899902,2650,,0,no dnr,0,1,no(M2 and SIP pres)
876,6252,70.14099,male,white,14,$11-$25k,Lung Cancer,Cancer,2,0,94,14.5,86,20,36.59375,,3.2998047,0.5,0.89990234,139,,,,,0,0,no dnr,0,1,SIP>=30
877,4385,78.04797,female,black,12,,ARF/MOSF w/Sepsis,ARF/MOSF,2,26,95,6.39941406,94,20,37,,,0.59997559,1,140,,115,4,3250,,0,no dnr,1,1,<2 mo. follow-up
878,1200,66.22595,male,white,18,$25-$50k,ARF/MOSF w/Sepsis,ARF/MOSF,5,37,68,6.59960938,110,23,36.19531,312.5,,26,3,149,7.439453,,116,1540,,2,no dnr,1,1,
879,7245,57.90298,female,white,5,under $11k,COPD,COPD/CHF/Cirrhosis,3,0,50,13.0996094,101,10,36.39844,150,3,1,2.69970703,126,7.459961,177,60,3116,1,1,no dnr,0,0,no(M2 and SIP pres)
880,2341,83.97797,male,white,,,ARF/MOSF w/Sepsis,ARF/MOSF,2,0,33,15.5996094,140,18,39.19531,186.65625,1.8999023,1.09985352,6.79980469,129,7.389648,,,,,,dnr after sadm,1,1,<2 mo. follow-up
881,4569,21.59299,male,white,,,ARF/MOSF w/Sepsis,ARF/MOSF,0,44,63,30.5976562,144,25,38.89844,74,2.3999023,0.89990234,0.79992676,130,7.319336,111,20,2390,,,no dnr,0,1,Coma or Intub
882,8360,68.35596,male,white,7,under $11k,ARF/MOSF w/Sepsis,ARF/MOSF,2,61,113,26.6992188,64,28,38.19531,132,2.199707,10.7988281,3,141,7.429688,,,,,0,dnr after sadm,0,1,adl>=4 (>=5 if sur)
883,371,52.68997,male,white,,,MOSF w/Malig,ARF/MOSF,1,26,125,15.5996094,118,36,37,310,,,0.89990234,141,7.469727,,,,,,no dnr,0,1,
884,3691,60.06,male,white,9,$25-$50k,ARF/MOSF w/Sepsis,ARF/MOSF,0,94,61,31.5,126,30,38,137.75,,19.5,4.59960938,145,7.539062,,,,,0,dnr after sadm,1,1,<2 mo. follow-up
885,4473,54.65799,male,white,,,Colon Cancer,Cancer,1,0,103,10.1992188,140,24,36.5,225.90625,,,0.79992676,136,7.459961,108,11,0,,,no dnr,0,1,
886,1095,64.88397,male,white,14,$25-$50k,ARF/MOSF w/Sepsis,ARF/MOSF,4,0,48,15.6992188,95,22,36.79688,,,,3.09960938,127,,,60,100,,5,no dnr,1,1,<2 mo. follow-up
887,2934,75.33698,male,white,,,ARF/MOSF w/Sepsis,ARF/MOSF,3,0,72,15.0996094,128,14,36.29688,,2,4.09960938,0.59997559,131,,164,10,1200,,6,dnr after sadm,1,1,<2 mo. follow-up
888,313,72.03296,male,white,,,ARF/MOSF w/Sepsis,ARF/MOSF,1,94,117,15.3984375,120,12,37.59375,60,3,0.29998779,1.69995117,138,7.319336,,,,,,dnr after sadm,1,1,<2 mo. follow-up
889,7753,70.771,female,white,,,Colon Cancer,Cancer,1,0,111,5,73,18,36.59375,,3.8999023,0.29998779,1.19995117,130,,,,,,,no dnr,0,1,
890,671,45.043,female,white,16,,ARF/MOSF w/Sepsis,ARF/MOSF,2,44,128,0.29998779,115,38,36,250,2.199707,0.69995117,2.19970703,148,7.469727,,,,,4,dnr after sadm,1,1,<2 mo. follow-up
891,259,50.53,male,,13,,CHF,COPD/CHF/Cirrhosis,2,0,66,4.89941406,80,24,36.69531,,,,1.39990234,134,,,,,,,no dnr,0,1,
892,5097,69.92499,female,white,18,>$50k,COPD,COPD/CHF/Cirrhosis,1,0,57,4.09960938,115,40,35.59375,192.71875,2.0996094,0.79992676,1.29980469,148,7.479492,82,21,4140,0,0,no dnr,0,0,no(M2 and SIP pres)
893,4460,67.09094,male,white,12,$25-$50k,CHF,COPD/CHF/Cirrhosis,3,0,52,11.0996094,110,42,38.69531,253.3125,,,1.29980469,148,7.429688,135,31,3065,0,4,,0,1,no(M2 and SIP pres)
894,1172,41.42599,male,white,12,$25-$50k,ARF/MOSF w/Sepsis,ARF/MOSF,3,41,102,21.5976562,125,28,37.89844,387.5,2.0996094,4.89941406,0.39996338,142,7.479492,128,19,4210,2,2,no dnr,0,0,no(M2 and SIP pres)
895,5019,82.70996,female,white,14,>$50k,ARF/MOSF w/Sepsis,ARF/MOSF,2,0,160,19,55,16,38.19531,210,,,1.09985352,142,7.489258,185,14,3480,,7,no dnr,0,1,<2 mo. follow-up
896,6242,45.89697,male,white,,,Cirrhosis,COPD/CHF/Cirrhosis,3,0,73,10.8984375,104,22,36.79688,,2.7998047,29.296875,1,130,,,,,,,no dnr,0,1,<2 mo. follow-up
897,2644,91.92297,male,white,12,,ARF/MOSF w/Sepsis,ARF/MOSF,1,0,141,22.0976562,123,34,38,155,3.2998047,0.59997559,0.79992676,141,7.5,172,13,1730,,2,dnr after sadm,1,1,<2 mo. follow-up
898,3375,62.366,female,white,16,$25-$50k,Colon Cancer,Cancer,1,0,78,13,110,36,36,,2.2998047,4,1,131,,,,,0,0,no dnr,0,1,<2 mo. follow-up
899,6140,56.77499,female,hispanic,12,under $11k,ARF/MOSF w/Sepsis,ARF/MOSF,1,55,63,10.8984375,120,12,35.5,576,3.3999023,1.69995117,2.5,139,7.40918,,,,,5,no dnr,0,1,adl>=4 (>=5 if sur)
900,2782,72.38098,male,white,12,,ARF/MOSF w/Sepsis,ARF/MOSF,1,0,129,5,106,34,38.19531,360,3.199707,1.39990234,1.19995117,142,7.449219,95,24,3710,5,0,no dnr,0,1,no(M2 and SIP pres)
901,5191,85.74396,female,white,,,COPD,COPD/CHF/Cirrhosis,2,0,122,13.8984375,120,29,36.59375,250,2.0996094,0.19998169,0.89990234,133,7.359375,81,8,3965,3,,no dnr,0,1,
902,2079,62.04498,male,white,12,under $11k,CHF,COPD/CHF/Cirrhosis,2,0,77,9.19921875,80,25,36.69531,203.3125,3.199707,0.79992676,1.19995117,135,7.469727,,,,0,0,no dnr,0,0,no(M2 and SIP pres)
903,5802,73.28699,male,white,14,,Colon Cancer,Cancer,1,0,118,8.29882812,135,38,35.5,226.65625,2.3999023,0.5,0.69995117,128,7.319336,103,10,3730,0,,no dnr,0,0,no(M2 and SIP pres)
904,828,70.59296,male,asian,12,,Lung Cancer,Cancer,2,0,78,0.5,100,16,36.79688,,2.5,5.19921875,0.69995117,132,,,,,,4,no dnr,0,1,no(M2 and SIP pres)
905,7642,54.45599,male,white,11,under $11k,COPD,COPD/CHF/Cirrhosis,3,0,141,13.0996094,126,10,36.29688,268.5625,3.5996094,0.29998779,0.69995117,136,7.399414,167,24,1590,2,,no dnr,0,0,
906,877,75.08795,male,white,,,Coma,Coma,4,100,32,0.04999542,155,26,38.5,126.25,,,4.59960938,153,7.239258,67,112,0,,,no dnr,1,1,<2 mo. follow-up
907,8832,76.83197,male,white,12,$11-$25k,CHF,COPD/CHF/Cirrhosis,4,9,117,24.5,58,10,38.89844,154.53125,2.5996094,24,5.89941406,141,7.40918,118,81,30,,6,dnr after sadm,0,0,no(M2 and SIP pres)
908,6500,83.02295,female,black,10,,COPD,COPD/CHF/Cirrhosis,3,0,95,10,100,28,36.09375,233.3125,,0.39996338,1.09985352,136,7.359375,,,,5,4,no dnr,0,1,SIP>=30
909,6197,56.48999,male,black,11,$11-$25k,Colon Cancer,Cancer,1,0,60,2.69970703,70,22,36.5,,3.699707,1.09985352,0.89990234,133,,,,,,,no dnr,0,1,no(M2 and SIP pres)
910,6083,68.85095,male,white,11,under $11k,ARF/MOSF w/Sepsis,ARF/MOSF,2,0,85,11.1992188,56,20,36.09375,275,2.2998047,6.39941406,1.19995117,138,7.519531,,,,,0,no dnr,0,0,adl>=4 (>=5 if sur)
911,5972,70.16296,female,white,12,under $11k,CHF,COPD/CHF/Cirrhosis,3,0,58,8,72,24,36.19531,232,3.5996094,0.89990234,1.79980469,138,7.439453,,,,2,2,no dnr,0,1,no(M2 and SIP pres)
912,54,54.30798,male,white,17,$25-$50k,Lung Cancer,Cancer,1,0,95,11.5996094,108,22,38,183,,,0.79992676,136,7.399414,,,,0,0,no dnr,0,1,no(M2 and SIP pres)
913,8292,76.34796,male,white,10,under $11k,Lung Cancer,Cancer,2,0,103,5.79980469,122,20,36.79688,,3.3999023,0.09999084,0.79992676,138,,,,,,,no dnr,0,1,no(M2 and SIP pres)
914,2680,73.758,female,white,10,under $11k,ARF/MOSF w/Sepsis,ARF/MOSF,3,0,61,11.1992188,62,24,38.29688,120,3.7998047,,2.29980469,138,7.419922,142,43,1072,,1,dnr after sadm,0,0,no(M2 and SIP pres)
915,6121,34.21997,female,black,12,under $11k,ARF/MOSF w/Sepsis,ARF/MOSF,1,0,107,14,154,20,38.5,321.625,2.8999023,0.89990234,5,143,7.289062,,,,,0,no dnr,0,0,no(M2 and SIP pres)
916,970,57.75198,female,black,11,under $11k,CHF,COPD/CHF/Cirrhosis,1,0,78,3.69970703,65,28,36.29688,,,,1.89990234,139,,97,66,1350,1,1,no dnr,0,0,SIP>=30
917,391,54.03998,male,white,16,>$50k,CHF,COPD/CHF/Cirrhosis,3,0,68,5.29980469,110,12,36.09375,353.3125,3.0996094,1.79980469,1.19995117,129,7.529297,,,,0,1,no dnr,0,0,
918,4995,25.95499,female,white,12,>$50k,ARF/MOSF w/Sepsis,ARF/MOSF,0,0,58,9.29882812,80,35,38.09375,243.3125,,,2.69970703,143,7.5,108,111,1785,0,0,no dnr,0,0,no(M2 and SIP pres)
919,598,53.46997,female,white,9,under $11k,CHF,COPD/CHF/Cirrhosis,3,0,77,11.6992188,50,26,36.89844,360,,0.39996338,2.5,140,7.439453,,,,2,3,no dnr,0,1,no(M2 and SIP pres)
920,497,77.53595,male,white,,,Coma,Coma,0,100,40,10.3984375,55,10,35.59375,64,3.8999023,1.29980469,2.29980469,138,7.239258,,,,,,dnr after sadm,1,1,<2 mo. follow-up
921,8406,85.22095,female,white,,,COPD,COPD/CHF/Cirrhosis,4,0,77,7.79980469,73,20,35.79688,320,3.7998047,0.59997559,0.69995117,135,7.429688,,,,,,dnr after sadm,0,1,
922,2422,68.18896,female,white,14,under $11k,COPD,COPD/CHF/Cirrhosis,3,0,55,6.5,45,10,36.29688,,,,0.39996338,141,,,16,1775,,3,no dnr,0,0,no(M2 and SIP pres)
923,8786,83.77295,female,white,,$25-$50k,ARF/MOSF w/Sepsis,ARF/MOSF,4,0,109,8.29882812,114,12,37.79688,,1.7998047,4.69921875,0.59997559,139,,132,7,965,,,no dnr,1,1,<2 mo. follow-up
924,8390,63.22198,male,white,,,Lung Cancer,Cancer,1,0,75,6.69921875,83,18,36.39844,,,,1.09985352,136,,,,,,,no dnr,0,1,
925,5057,76.62695,male,white,19,,Colon Cancer,Cancer,1,0,63,4.69921875,79,28,38,,3.2998047,,1,135,,88,9,,,,no dnr,0,0,no(M2 and SIP pres)
926,8316,70.836,male,white,7,under $11k,Lung Cancer,Cancer,1,0,119,5.5,98,24,36.5,,4.0996094,0.39996338,1.09985352,136,,,,,,,no dnr,0,1,no(M2 and SIP pres)
927,2340,60.71698,male,white,9,,ARF/MOSF w/Sepsis,ARF/MOSF,2,0,63,14.1992188,67,28,38.89844,96.65625,3.699707,0.89990234,1.5,144,7.419922,,,,,0,no dnr,0,0,no(M2 and SIP pres)
928,6448,76.48199,female,white,12,under $11k,CHF,COPD/CHF/Cirrhosis,4,0,102,6.29980469,83,24,36.19531,,3.5996094,1.69995117,1.09985352,139,,,,,,,dnr before sadm,0,1,no(M2 and SIP pres)
929,7201,46.35498,male,white,12,under $11k,Lung Cancer,Cancer,2,0,65,12.1992188,114,42,36.09375,314.25,4.2998047,0.89990234,2.19970703,132,7.419922,315,46,80,0,0,no dnr,0,1,no(M2 and SIP pres)
930,804,69.77997,male,white,16,$25-$50k,CHF,COPD/CHF/Cirrhosis,1,0,57,8.69921875,50,24,37,486.625,3.199707,,1.29980469,133,7.489258,,,,,,no dnr,0,0,no(M2 and SIP pres)
931,7547,49.09,female,white,14,under $11k,ARF/MOSF w/Sepsis,ARF/MOSF,1,0,76,33.1953125,124,10,38.79688,86.65625,1.8999023,4.39941406,1,143,7.459961,89,17,4050,0,,no dnr,0,0,no(M2 and SIP pres)
932,7908,75.31299,male,white,8,$11-$25k,Lung Cancer,Cancer,2,0,76,5,122,28,36.09375,,2.2998047,0.89990234,0.59997559,132,,,,,,5,dnr after sadm,1,1,<2 mo. follow-up
933,6100,46.20099,female,white,,,ARF/MOSF w/Sepsis,ARF/MOSF,4,0,114,5,118,28,36,300,2.5996094,3,0.5,135,7.419922,,,,,,no dnr,0,1,
934,7335,36.57199,male,black,12,under $11k,ARF/MOSF w/Sepsis,ARF/MOSF,1,0,89,8.3984375,80,16,36.19531,,4.5,0.69995117,1.09985352,139,,138,19,,6,6,no dnr,0,1,SIP>=30
935,6522,30.88599,male,white,16,,ARF/MOSF w/Sepsis,ARF/MOSF,1,0,65,6.19921875,120,30,38.79688,116.65625,2.2998047,2.5,10.5996094,148,7.379883,,,,,0,dnr after sadm,1,1,<2 mo. follow-up
936,4076,86.35999,female,white,,,CHF,COPD/CHF/Cirrhosis,3,0,61,6.39941406,56,16,35.69531,442.8125,,,1.09985352,134,7.469727,,,,,,dnr after sadm,0,1,
937,8690,60.35599,female,white,12,$25-$50k,COPD,COPD/CHF/Cirrhosis,2,0,60,17,155,24,35.19531,414.25,3.2998047,1,1.79980469,137,7.479492,75,24,,0,0,no dnr,0,0,
938,5239,45.37997,female,other,12,$25-$50k,ARF/MOSF w/Sepsis,ARF/MOSF,3,0,49,7.5,62,28,35.29688,,3.5996094,1.29980469,1.69995117,130,,76,43,2900,6,4,no dnr,0,1,
939,7035,69.45697,female,white,8,under $11k,COPD,COPD/CHF/Cirrhosis,0,0,127,19,104,36,37.69531,297.125,2.7998047,1,0.59997559,136,7.399414,101,13,2881,1,,no dnr,0,1,no(M2 and SIP pres)
940,4093,78.05896,female,black,,,ARF/MOSF w/Sepsis,ARF/MOSF,2,44,50,23,100,32,38,131.09375,3.2998047,2.89990234,6.19921875,136,7.5,,,,,,dnr after sadm,1,1,<2 mo. follow-up
941,2696,63.81699,female,white,16,under $11k,COPD,COPD/CHF/Cirrhosis,3,0,50,29.1992188,110,32,36.59375,270,2.2998047,,1,145,7.289062,122,30,995,,3,dnr before sadm,0,0,SIP>=30
942,546,60.54498,male,hispanic,14,$25-$50k,ARF/MOSF w/Sepsis,ARF/MOSF,1,26,107,10.5996094,125,35,38.5,202,1.6999512,9.29882812,1.19995117,143,7.389648,,,,,,dnr after sadm,1,1,<2 mo. follow-up
943,448,50.45599,female,white,,,MOSF w/Malig,ARF/MOSF,2,0,63,0.89990234,115,16,38.19531,89.21875,2.7998047,4.19921875,2.39990234,143,7.459961,,,,,,dnr after sadm,1,1,<2 mo. follow-up
944,3480,68.39197,male,white,14,$11-$25k,ARF/MOSF w/Sepsis,ARF/MOSF,0,9,112,12.3984375,98,16,37.39844,334.75,,1.29980469,1.09985352,138,7.429688,,,,,0,no dnr,0,0,no(M2 and SIP pres)
945,211,71.28796,male,white,15,,CHF,COPD/CHF/Cirrhosis,1,0,63,7.29980469,82,12,36.19531,,,,1.69995117,127,,,,,,0,dnr after sadm,1,1,<2 mo. follow-up
946,7888,55.55899,female,white,14,$11-$25k,Lung Cancer,Cancer,4,0,65,14,65,26,36.79688,309.5,4.6992188,0.69995117,0.69995117,135,7.429688,,,,,,no dnr,0,0,no(M2 and SIP pres)
947,625,61.02698,male,white,13,,Colon Cancer,Cancer,1,0,100,10.1992188,128,28,38.19531,,3.7998047,2.29980469,1.19995117,140,,,,,,2,no dnr,0,0,no(M2 and SIP pres)
948,2349,33.33899,female,hispanic,,$11-$25k,ARF/MOSF w/Sepsis,ARF/MOSF,1,0,83,7,70,20,36.09375,300,3.2998047,1,0.89990234,135,7.469727,,,,0,,no dnr,0,0,no(M2 and SIP pres)
949,5402,68.88196,male,white,7,under $11k,COPD,COPD/CHF/Cirrhosis,6,9,112,5.59960938,80,10,36.89844,292,1.3999023,1.19995117,0.59997559,138,7.429688,104,13,1450,,0,no dnr,0,1,no(M2 and SIP pres)
950,2412,61.29999,male,,,,ARF/MOSF w/Sepsis,ARF/MOSF,3,0,50,39.296875,110,8,33.69531,61,,3.29980469,1.29980469,132,7.349609,,,,,,dnr after sadm,1,1,<2 mo. follow-up
951,6959,52.82999,female,white,12,under $11k,ARF/MOSF w/Sepsis,ARF/MOSF,2,0,114,12.1992188,123,8,38.5,215.53125,2.699707,3.69970703,1.09985352,137,7.419922,125,24,1480,,0,no dnr,0,0,no(M2 and SIP pres)
952,8666,37.94098,male,white,12,under $11k,ARF/MOSF w/Sepsis,ARF/MOSF,3,0,81,11.6992188,77,20,36.39844,,2.5996094,18,1,140,,119,10,775,,2,no dnr,1,1,<2 mo. follow-up
953,8687,50.20697,male,white,12,$25-$50k,CHF,COPD/CHF/Cirrhosis,3,0,93,4.79980469,73,16,37.09375,,3.7998047,0.59997559,1,137,,116,7,1300,0,0,no dnr,0,1,no(M2 and SIP pres)
954,8584,80.698,female,white,11,>$50k,ARF/MOSF w/Sepsis,ARF/MOSF,0,44,79,,77,24,36.29688,,,,,140,,,,2550,,2,dnr after sadm,0,1,<2 mo. follow-up
955,2846,71.625,male,white,12,under $11k,CHF,COPD/CHF/Cirrhosis,5,0,97,6.39941406,120,20,39.39844,276.1875,,,0.89990234,139,7.479492,124,13,,0,0,no dnr,0,0,no(M2 and SIP pres)
956,78,68.10095,male,white,12,$11-$25k,CHF,COPD/CHF/Cirrhosis,1,0,72,5.89941406,80,18,36.79688,,,,2.19970703,137,,,,,,,no dnr,0,0,no(M2 and SIP pres)
957,6936,30.37599,male,white,9,under $11k,Cirrhosis,COPD/CHF/Cirrhosis,2,0,60,15.8984375,132,10,38.79688,116,2.0996094,3.19970703,0.79992676,134,7.369141,112,13,3050,1,,no dnr,0,0,no(M2 and SIP pres)
958,1189,74.49396,female,white,16,,ARF/MOSF w/Sepsis,ARF/MOSF,1,61,60,39.1953125,120,30,37.29688,151,,0.69995117,1.39990234,142,7.369141,244,27,175,,,dnr after sadm,1,1,<2 mo. follow-up
959,2554,83.98395,female,white,8,under $11k,ARF/MOSF w/Sepsis,ARF/MOSF,5,0,59,10.3984375,68,26,36.39844,320,3.699707,0.79992676,1.09985352,134,7.30957,103,19,2030,,,dnr after sadm,0,0,no(M2 and SIP pres)
960,4765,57.84799,male,white,10,under $11k,Cirrhosis,COPD/CHF/Cirrhosis,2,0,117,21.8984375,70,24,38.09375,,3.2998047,1.09985352,1.19995117,135,,149,17,1070,1,0,no dnr,0,1,no(M2 and SIP pres)
961,1586,49.76898,female,white,12,$25-$50k,ARF/MOSF w/Sepsis,ARF/MOSF,3,37,45,7.89941406,125,28,37.79688,322.8125,2.5996094,,8.19921875,143,7.40918,293,58,0,,,dnr after sadm,1,1,adl>=4 (>=5 if sur)
962,7114,55.702,male,white,7,$11-$25k,ARF/MOSF w/Sepsis,ARF/MOSF,3,0,89,10.5,79,20,36,,3.699707,1,2,138,,113,45,,0,0,no dnr,0,1,no(M2 and SIP pres)
963,1580,63.53998,male,hispanic,10,$25-$50k,ARF/MOSF w/Sepsis,ARF/MOSF,1,44,120,10.2988281,120,25,37.79688,210,,,1.19995117,142,7.5,,15,3445,,0,dnr after sadm,1,1,<2 mo. follow-up
964,9035,60.68997,male,white,9,$11-$25k,CHF,COPD/CHF/Cirrhosis,3,0,99,6.29980469,74,20,36.09375,309.5,,,1.09985352,143,7.449219,154,16,3750,,,no dnr,0,0,no(M2 and SIP pres)
965,6803,49.56897,male,white,,under $11k,Cirrhosis,COPD/CHF/Cirrhosis,1,0,74,9.09960938,101,24,35.79688,,4.5,1.79980469,2,137,,100,46,,,1,dnr after sadm,1,1,<2 mo. follow-up
966,6412,59.37299,male,white,13,$25-$50k,MOSF w/Malig,ARF/MOSF,3,0,95,0.18997192,110,28,38.19531,,,,2.59960938,142,,,,,2,5,no dnr,0,1,adl>=4 (>=5 if sur)
967,8644,70.18799,female,white,13,,Lung Cancer,Cancer,2,0,125,4.39941406,56,24,36.29688,,,,0.89990234,141,,167,15,750,,,dnr after sadm,0,1,<2 mo. follow-up
968,5827,67.409,male,black,12,under $11k,MOSF w/Malig,ARF/MOSF,1,0,97,17.8984375,114,36,36.29688,430.4375,2.699707,1.79980469,2.29980469,130,7.209961,,,,,,dnr after sadm,0,1,<2 mo. follow-up
969,2186,80.79095,female,white,12,$11-$25k,COPD,COPD/CHF/Cirrhosis,2,0,83,12.8984375,80,20,38,390,,,0.89990234,144,7.389648,,,,0,1,no dnr,0,0,no(M2 and SIP pres)
970,6731,77.55194,male,white,12,$25-$50k,ARF/MOSF w/Sepsis,ARF/MOSF,2,9,155,17.8984375,125,28,38.89844,226.65625,2.199707,0.79992676,1.5,137,7.429688,,,,,3,dnr after sadm,1,1,adl>=4 (>=5 if sur)
971,8190,71.461,female,white,8,,ARF/MOSF w/Sepsis,ARF/MOSF,4,0,68,28,134,28,35.19531,,3.199707,0.5,5.89941406,132,,,,,,5,no dnr,0,0,no(M2 and SIP pres)
972,5718,22.905,male,white,12,$11-$25k,ARF/MOSF w/Sepsis,ARF/MOSF,0,0,135,37.6953125,135,10,38.89844,135.53125,2,1.29980469,1.19995117,134,7.429688,164,9,4413,,0,no dnr,0,0,no(M2 and SIP pres)
973,6640,37.073,male,white,12,under $11k,CHF,COPD/CHF/Cirrhosis,5,0,86,10.7988281,118,22,36.69531,295.1875,2.5,0.5,2,131,7.479492,,,,0,,no dnr,0,1,
974,1722,36.53699,male,white,13,$25-$50k,ARF/MOSF w/Sepsis,ARF/MOSF,0,0,108,8.8984375,110,8,39.29688,202,1.8999023,1.89990234,1.19995117,133,7.389648,,,,,1,no dnr,0,0,adl>=4 (>=5 if sur)
975,8264,73.17499,male,white,12,under $11k,MOSF w/Malig,ARF/MOSF,1,0,57,9.79882812,160,14,38.29688,203.3125,2.5996094,6.09960938,1,133,7.469727,,,,0,0,dnr after sadm,1,1,<2 mo. follow-up
976,8746,65.11395,male,white,12,,CHF,COPD/CHF/Cirrhosis,4,0,101,10.6992188,60,24,35.39844,208,,1.29980469,1.5,135,7.419922,176,43,1725,1,1,no dnr,0,1,
977,6269,41.24298,female,black,12,under $11k,CHF,COPD/CHF/Cirrhosis,4,0,128,19.5,131,20,38.59375,404,4.0996094,0.89990234,1,137,7.339844,,,,0,,no dnr,0,0,no(M2 and SIP pres)
978,1107,66.77594,male,white,,,CHF,COPD/CHF/Cirrhosis,5,0,77,6.59960938,78,24,36.59375,406.0625,2.8999023,,2.89990234,131,7.449219,162,53,2500,,,no dnr,0,1,
979,6558,48.04398,male,white,7,under $11k,Cirrhosis,COPD/CHF/Cirrhosis,2,0,85,11.7988281,72,28,36.69531,,2.3999023,24.1992188,0.5,131,,,,,0,0,no dnr,0,1,<2 mo. follow-up
980,4288,76.71997,female,white,18,$11-$25k,Lung Cancer,Cancer,2,0,77,21.296875,80,20,36.09375,300,,1.29980469,0.89990234,140,7.429688,136,11,,3,1,no dnr,0,1,
981,4644,44.73398,female,white,18,>$50k,Lung Cancer,Cancer,1,0,72,5.39941406,105,24,35.19531,,3.2998047,2.79980469,1.5,123,,108,34,2950,0,0,no dnr,0,1,no(M2 and SIP pres)
982,5657,60.47897,female,white,8,under $11k,COPD,COPD/CHF/Cirrhosis,2,0,55,5.79980469,70,36,35.79688,203.3125,1.5,0.5,2.5,133,7.359375,139,50,2760,2,0,no dnr,0,0,SIP>=30
983,2527,81.50897,male,white,17,>$50k,ARF/MOSF w/Sepsis,ARF/MOSF,2,9,37,8.3984375,56,8,38.59375,63,3.0996094,1.29980469,2.19970703,136,7.339844,109,37,1530,,6,no dnr,0,0,adl>=4 (>=5 if sur)
984,6063,66.34399,female,white,12,under $11k,Lung Cancer,Cancer,1,0,59,15.5996094,106,40,35.29688,170,1.6999512,0.29998779,0.79992676,138,7.25,,,,0,0,dnr after sadm,1,1,<2 mo. follow-up
985,2956,80.82098,male,black,,,ARF/MOSF w/Sepsis,ARF/MOSF,4,44,55,7.69921875,72,35,36.89844,171.65625,,,0.69995117,140,7.419922,112,16,1470,,0,dnr after sadm,0,1,adl>=4 (>=5 if sur)
986,2010,85.37195,male,white,16,$25-$50k,Coma,Coma,1,44,123,8.19921875,136,34,38,84,3.3999023,1,1.79980469,143,7.439453,,,,,,dnr after sadm,1,1,<2 mo. follow-up
987,1962,69.66199,female,white,,,Lung Cancer,Cancer,2,0,117,9.29882812,80,25,36.5,340,3.199707,0.39996338,1.09985352,136,7.5,,,,,,no dnr,0,1,<2 mo. follow-up
988,8781,51.01199,female,white,12,$25-$50k,CHF,COPD/CHF/Cirrhosis,3,0,60,10.5,148,32,36.39844,155,2.5996094,0.39996338,0.69995117,141,7.389648,130,13,1200,2,3,no dnr,0,0,SIP>=30
989,5156,61.46698,male,white,,,Lung Cancer,Cancer,2,0,75,6.79980469,67,20,36.19531,,3.5996094,0.39996338,1,140,,98,13,5700,0,0,dnr after sadm,1,1,<2 mo. follow-up
990,6110,90.79297,female,black,10,under $11k,CHF,COPD/CHF/Cirrhosis,4,0,114,5.59960938,104,24,36.39844,285.6875,,0.39996338,1.39990234,136,7.289062,,,,3,1,dnr after sadm,0,0,no(M2 and SIP pres)
991,262,69.71698,female,white,,,Coma,Coma,2,100,115,14,95,16,36.39844,236.65625,,0.39996338,1.79980469,141,7.469727,,,,,,dnr after sadm,1,1,<2 mo. follow-up
992,3292,71.29095,female,black,9,under $11k,ARF/MOSF w/Sepsis,ARF/MOSF,2,0,55,42.8984375,59,8,36,276.625,2.2998047,6.5,5.69921875,134,7.379883,,,,,1,no dnr,0,1,adl>=4 (>=5 if sur)
993,4175,79.55396,female,white,12,$11-$25k,ARF/MOSF w/Sepsis,ARF/MOSF,0,0,115,10.8984375,180,36,36.79688,126.65625,,,1.69995117,138,7.439453,,,,,0,dnr after sadm,1,1,<2 mo. follow-up
994,1365,54.14099,male,white,,,Cirrhosis,COPD/CHF/Cirrhosis,5,0,98,17.0976562,135,39,36.5,225.6875,,,1,130,7.389648,224,23,2487,,,no dnr,0,1,
995,7769,72.33398,male,white,12,>$50k,CHF,COPD/CHF/Cirrhosis,2,0,99,7.89941406,60,20,35.79688,257.125,4.1992188,0.69995117,1.69995117,143,7.439453,,,,0,0,no dnr,0,0,no(M2 and SIP pres)
996,2649,91.81696,female,white,,under $11k,ARF/MOSF w/Sepsis,ARF/MOSF,2,9,68,11.5996094,70,28,37.69531,342.8125,3.5996094,1.09985352,13.0996094,152,7.439453,151,178,241,,7,dnr after sadm,0,1,adl>=4 (>=5 if sur)
997,6033,61.46997,male,black,5,under $11k,CHF,COPD/CHF/Cirrhosis,6,0,81,4.29980469,65,24,35.19531,,4.0996094,9.69921875,1.59985352,133,,,,,3,,no dnr,0,1,SIP>=30
998,4724,68.0,female,white,11,,COPD,COPD/CHF/Cirrhosis,2,0,108,11.5,105,22,36.69531,260,,,0.59997559,137,7.459961,136,11,2705,2,,no dnr,0,1,<2 mo. follow-up
999,2511,87.25299,female,white,12,,COPD,COPD/CHF/Cirrhosis,1,0,60,13.6992188,120,44,38.19531,231.65625,,0.59997559,1.09985352,150,7.329102,233,23,1166,0,0,no dnr,0,1,SIP>=30
1000,3388,76.33099,female,black,,,Coma,Coma,0,100,125,15,85,22,37.29688,243.3125,,,1.09985352,141,7.439453,,,,,2,dnr after sadm,1,1,<2 mo. follow-up
1001,2249,40.099,male,black,10,under $11k,ARF/MOSF w/Sepsis,ARF/MOSF,0,0,55,23.296875,106,42,38.09375,160,2,25.6992188,1.89990234,143,7.379883,,,,0,0,dnr after sadm,1,1,<2 mo. follow-up
1002,5271,55.50699,male,white,18,,CHF,COPD/CHF/Cirrhosis,3,0,0,21.0976562,0,0,36.29688,53.32812,1.2998047,17.5976562,3.69970703,147,7.289062,7,11,0,0,,no dnr,0,0,no(M2 and SIP pres)
1003,9040,70.67499,female,white,14,,COPD,COPD/CHF/Cirrhosis,3,0,71,13.0996094,54,20,36.89844,,4.6992188,0.5,1.19995117,134,,194,16,2875,4,,dnr before sadm,0,0,no(M2 and SIP pres)
1004,5772,79.38397,male,black,2,under $11k,MOSF w/Malig,ARF/MOSF,3,0,138,16.5976562,195,35,41.09375,296.375,,,0.89990234,131,7.449219,181,11,1587,,5,dnr after sadm,1,1,<2 mo. follow-up
1005,4251,66.349,male,black,14,under $11k,COPD,COPD/CHF/Cirrhosis,3,0,127,14.6992188,126,6,36.29688,182.84375,2.3999023,0.5,1.39990234,139,7.379883,,,,1,,no dnr,0,0,SIP>=30
1006,7088,59.57797,female,white,11,under $11k,ARF/MOSF w/Sepsis,ARF/MOSF,1,0,133,11.7988281,100,10,35,257.125,2.3999023,0.39996338,1.5,142,7.439453,82,40,5210,6,6,no dnr,0,0,no(M2 and SIP pres)
1007,4037,83.21997,male,white,,,ARF/MOSF w/Sepsis,ARF/MOSF,1,0,28,11.3984375,70,24,38.5,184,,27,5.39941406,152,7.379883,,,,,,dnr after sadm,1,1,<2 mo. follow-up
1008,4143,47.16998,male,black,,,ARF/MOSF w/Sepsis,ARF/MOSF,0,0,137,9.69921875,136,12,37.59375,360,,0.89990234,1.19995117,134,7.439453,,,,,,no dnr,0,0,
1009,7408,56.435,female,black,12,under $11k,CHF,COPD/CHF/Cirrhosis,1,0,116,21,118,14,38.29688,295,3.3999023,0.39996338,1,136,7.399414,111,6,2161,0,2,no dnr,0,0,no(M2 and SIP pres)
1010,1117,29.02399,female,hispanic,10,under $11k,ARF/MOSF w/Sepsis,ARF/MOSF,0,0,42,13.8984375,135,25,39.09375,128,,22.796875,3.79980469,141,7.609375,72,57,0,,0,no dnr,0,0,adl>=4 (>=5 if sur)
1011,7962,81.19098,female,white,,,CHF,COPD/CHF/Cirrhosis,2,0,51,33.6953125,73,28,35,295.1875,,,1.29980469,135,7.5,,,,0,,dnr after sadm,0,1,
1012,5484,79.00299,female,black,8,under $11k,CHF,COPD/CHF/Cirrhosis,1,0,52,0.09999084,155,31,38.19531,233.3125,,14.8984375,5.29980469,141,7.339844,271,98,22,0,0,no dnr,0,1,no(M2 and SIP pres)
1013,9078,62.84998,male,white,,,ARF/MOSF w/Sepsis,ARF/MOSF,3,0,65,19.296875,140,22,36.59375,195,,,2,132,7.449219,137,58,2570,,2,dnr after sadm,0,0,adl>=4 (>=5 if sur)
1014,1853,69.84796,female,hispanic,12,under $11k,COPD,COPD/CHF/Cirrhosis,2,9,50,15,63,10,38,225,3.7998047,0.19998169,0.59997559,137,7.379883,,,,,2,dnr after sadm,0,1,no(M2 and SIP pres)
1015,225,38.94897,male,hispanic,9,$11-$25k,Cirrhosis,COPD/CHF/Cirrhosis,1,0,64,12.0996094,102,18,36.39844,,2,10.1992188,2.79980469,126,,,,,5,3,dnr after sadm,1,1,<2 mo. follow-up
1016,5150,74.86395,female,white,14,$25-$50k,ARF/MOSF w/Sepsis,ARF/MOSF,2,0,42,16.8984375,145,45,38.59375,210,,0.39996338,7.5,139,7.419922,507,101,15,,6,dnr after sadm,1,1,<2 mo. follow-up
1017,6501,47.29398,female,hispanic,12,$11-$25k,CHF,COPD/CHF/Cirrhosis,1,0,80,6.39941406,100,24,36.29688,376.1875,,1.09985352,1,136,7.489258,,,,1,0,no dnr,0,0,SIP>=30
1018,222,55.20297,male,other,15,under $11k,CHF,COPD/CHF/Cirrhosis,4,0,93,11.1992188,74,24,36,,3.8999023,0.69995117,1.29980469,136,,,,,0,,no dnr,0,1,no(M2 and SIP pres)
1019,2613,79.51495,female,white,7,$11-$25k,ARF/MOSF w/Sepsis,ARF/MOSF,3,44,77,5.59960938,70,35,38,204,,,0.69995117,131,7.399414,168,19,948,,,dnr after sadm,1,1,<2 mo. follow-up
1020,3921,47.62198,male,white,16,>$50k,Colon Cancer,Cancer,1,0,78,3.59960938,64,16,36.19531,,3.699707,1.69995117,0.79992676,136,,,,,,,no dnr,0,1,no(M2 and SIP pres)
1021,964,61.952,male,white,,,ARF/MOSF w/Sepsis,ARF/MOSF,1,41,65,32.6953125,115,37,39.09375,136.65625,,,5,143,7.469727,181,150,3060,,,no dnr,0,1,Coma or Intub
1022,8344,52.90097,female,white,,,CHF,COPD/CHF/Cirrhosis,5,0,109,9.29882812,118,20,36.39844,,3.7998047,0.29998779,1.19995117,136,,,,,,,no dnr,0,1,
1023,5607,72.88696,male,white,,,ARF/MOSF w/Sepsis,ARF/MOSF,0,0,138,14,105,29,38.69531,380,2.0996094,0.19998169,1.89990234,155,7.469727,621,43,3135,,,dnr after sadm,1,1,<2 mo. follow-up
1024,4176,52.586,male,white,12,$25-$50k,ARF/MOSF w/Sepsis,ARF/MOSF,1,9,60,28.5,156,32,36,476.1875,2.5,1.79980469,2.19970703,146,7.439453,,,,,0,no dnr,1,1,<2 mo. follow-up
1025,4689,53.76297,male,white,10,$11-$25k,ARF/MOSF w/Sepsis,ARF/MOSF,0,0,40,20.1992188,155,8,38.09375,54,2.0996094,1.59985352,2,131,7.389648,71,40,1570,,0,dnr after sadm,1,1,<2 mo. follow-up
1026,8748,76.26294,female,white,10,under $11k,ARF/MOSF w/Sepsis,ARF/MOSF,0,0,83,6.29980469,89,18,36.79688,,,,0.79992676,134,,98,12,,,,no dnr,0,0,
1027,1804,64.58899,male,white,,,CHF,COPD/CHF/Cirrhosis,2,0,75,6.59960938,80,24,36.59375,490,3.5996094,1.29980469,1.5,130,7.459961,,,,,,dnr after sadm,0,1,
1028,15,43.53998,female,white,,,ARF/MOSF w/Sepsis,ARF/MOSF,1,26,67,24.5976562,172,20,38.79688,113.32812,,,0.59997559,134,7.399414,,,,,,no dnr,0,0,SIP>=30
1029,2521,69.33899,male,white,14,$11-$25k,ARF/MOSF w/Sepsis,ARF/MOSF,1,0,103,5.59960938,80,20,37.79688,423.75,2.199707,1.79980469,1.29980469,145,7.469727,109,26,500,,1,no dnr,0,1,<2 mo. follow-up
1030,1064,58.724,male,white,20,>$50k,ARF/MOSF w/Sepsis,ARF/MOSF,2,41,58,9.8984375,115,26,39,116,2.7998047,8.5,2.09960938,139,7.149414,71,55,160,,0,dnr after sadm,1,1,<2 mo. follow-up
1031,759,41.974,male,white,,,ARF/MOSF w/Sepsis,ARF/MOSF,0,0,50,5.69921875,135,30,35.09375,56,2.7998047,5.59960938,3.09960938,142,7.40918,,,,,,no dnr,0,0,
1032,3019,86.26996,female,white,8,$11-$25k,ARF/MOSF w/Sepsis,ARF/MOSF,3,0,113,7.59960938,70,16,36.69531,603.25,,,7.79980469,142,7.109375,225,33,0,6,,dnr after sadm,0,1,SIP>=30
1033,5766,67.53497,female,black,12,,ARF/MOSF w/Sepsis,ARF/MOSF,0,0,95,27.796875,125,38,37.59375,263.3125,4.1992188,,1,140,7.459961,192,28,1065,,0,no dnr,0,0,no(M2 and SIP pres)
1034,9073,49.11697,male,white,8,under $11k,COPD,COPD/CHF/Cirrhosis,2,0,109,3.5,71,24,36.19531,336,2.3999023,8.19921875,0.89990234,137,7.259766,139,11,,,,no dnr,0,0,
1035,2897,78.05597,male,white,,,MOSF w/Malig,ARF/MOSF,3,0,81,18.5,82,28,38.19531,218.34375,3,0.59997559,1,133,7.459961,201,41,2855,,,dnr after sadm,1,1,<2 mo. follow-up
1036,172,70.83899,male,white,,,CHF,COPD/CHF/Cirrhosis,3,0,68,10,61,39,37.09375,383.625,,,3.29980469,133,7.579102,,,,,,dnr after sadm,0,1,<2 mo. follow-up
1037,1389,68.73895,male,white,16,$25-$50k,ARF/MOSF w/Sepsis,ARF/MOSF,1,41,52,6.59960938,115,40,38.59375,270,,46,3.69970703,143,7.449219,340,95,424,,,dnr after sadm,1,1,<2 mo. follow-up
1038,2170,70.62598,female,white,12,under $11k,ARF/MOSF w/Sepsis,ARF/MOSF,6,0,71,7.09960938,62,24,36.69531,266.625,,0.39996338,3.89990234,141,7.489258,,,,0,,no dnr,0,1,no(M2 and SIP pres)
1039,182,53.57999,female,white,,,COPD,COPD/CHF/Cirrhosis,1,0,93,12.3984375,92,12,36.59375,256,,0.29998779,1.09985352,136,7.519531,,,,,,no dnr,0,1,
1040,1109,77.40497,female,white,18,>$50k,Colon Cancer,Cancer,2,0,81,18.6992188,76,20,38.19531,,,,1,137,,171,8,3300,0,0,no dnr,0,1,no(M2 and SIP pres)
1041,7907,97.26495,female,white,8,under $11k,COPD,COPD/CHF/Cirrhosis,2,0,113,12.5,110,40,36.09375,388,4.3994141,0.39996338,1,139,7.349609,,,,,6,no dnr,0,1,adl>=4 (>=5 if sur)
1042,39,19.79199,male,black,12,under $11k,ARF/MOSF w/Sepsis,ARF/MOSF,0,0,83,9.59960938,52,6,39,310,,,,131,7.439453,,,,,0,no dnr,0,0,adl>=4 (>=5 if sur)
1043,6375,65.06494,male,white,8,,COPD,COPD/CHF/Cirrhosis,3,0,102,13,122,10,36.5,188,2.7998047,0.79992676,0.79992676,138,7.389648,,,,,6,no dnr,0,1,adl>=4 (>=5 if sur)
1044,3845,39.392,female,black,7,under $11k,ARF/MOSF w/Sepsis,ARF/MOSF,1,37,59,35.296875,100,32,36.39844,428,2,2,1.09985352,133,7.439453,,,,,1,dnr after sadm,1,1,<2 mo. follow-up
1045,2195,54.26099,female,black,12,$25-$50k,MOSF w/Malig,ARF/MOSF,1,0,53,19.5976562,74,22,37.69531,386.625,2.5996094,8.59960938,2.89990234,149,7.359375,,,,,2,dnr after sadm,1,1,<2 mo. follow-up
1046,7293,74.06696,male,white,11,under $11k,ARF/MOSF w/Sepsis,ARF/MOSF,4,0,99,15,118,28,38.19531,314.25,4.8994141,1.5,0.39996338,141,7.359375,95,7,770,,6,dnr after sadm,0,1,<2 mo. follow-up
1047,3748,32.77499,female,black,16,,ARF/MOSF w/Sepsis,ARF/MOSF,1,26,147,22.3984375,108,8,38.5,388,,2.09960938,1.69995117,148,7.369141,,,,,5,no dnr,0,1,SIP>=30
1048,7407,62.69098,female,white,13,>$50k,Coma,Coma,0,41,125,5.89941406,80,20,36.39844,385.6875,,0.29998779,5.89941406,137,7.349609,109,70,,,0,no dnr,0,0,
1049,7911,86.26398,female,white,,,CHF,COPD/CHF/Cirrhosis,3,0,110,7.09960938,65,32,36.39844,,3.3999023,0.69995117,1.19995117,134,,,,,,1,no dnr,0,1,no(M2 and SIP pres)
1050,3262,55.98898,female,white,8,$11-$25k,CHF,COPD/CHF/Cirrhosis,2,0,108,10.6992188,126,18,37.29688,,,,1,144,,,,,,0,no dnr,0,0,no(M2 and SIP pres)
1051,1885,85.06494,female,white,,under $11k,ARF/MOSF w/Sepsis,ARF/MOSF,1,0,50,11.8984375,85,20,37.89844,235,3.5996094,0.5,0.79992676,133,7.319336,,,,1,0,no dnr,0,1,no(M2 and SIP pres)
1052,1417,71.75397,male,white,18,,ARF/MOSF w/Sepsis,ARF/MOSF,1,26,71,8.09960938,66,22,35.59375,,,0.79992676,1,140,,413,18,2975,,5,no dnr,0,0,
1053,3838,33.98798,male,white,12,$11-$25k,ARF/MOSF w/Sepsis,ARF/MOSF,0,0,107,8.79882812,78,24,36.69531,348.9375,,,1.19995117,137,7.40918,,,,0,0,no dnr,0,0,no(M2 and SIP pres)
1054,6831,65.24298,male,white,12,$11-$25k,Lung Cancer,Cancer,6,0,103,4.79980469,65,22,37.29688,,2.8999023,0.5,3.69970703,132,,101,50,4700,3,1,dnr after sadm,0,1,<2 mo. follow-up
1055,6982,40.84598,female,hispanic,18,$25-$50k,MOSF w/Malig,ARF/MOSF,1,0,83,6.69921875,76,20,35.09375,323.75,2.699707,4.89941406,2.59960938,150,7.459961,176,102,1530,,0,no dnr,0,0,no(M2 and SIP pres)
1056,7879,68.60498,male,white,10,$11-$25k,Colon Cancer,Cancer,1,0,99,,61,24,36.39844,,,,,140,,,,,1,0,no dnr,0,1,no(M2 and SIP pres)
1057,5559,69.08698,female,white,9,$25-$50k,COPD,COPD/CHF/Cirrhosis,2,0,67,10.2988281,69,24,36.29688,268,,1.39990234,1.19995117,132,7.479492,64,23,2850,,,no dnr,0,1,adl>=4 (>=5 if sur)
1058,7771,43.603,female,white,,under $11k,ARF/MOSF w/Sepsis,ARF/MOSF,1,0,121,14.1992188,102,22,38.79688,80,,,0.79992676,137,7.40918,,,,,2,dnr after sadm,0,1,adl>=4 (>=5 if sur)
1059,478,30.023,male,white,15,$25-$50k,ARF/MOSF w/Sepsis,ARF/MOSF,0,0,97,4.89941406,110,12,38.59375,267.5,3.0996094,5.79980469,1.09985352,141,7.439453,,,,,,no dnr,0,0,no(M2 and SIP pres)
1060,6706,63.56998,male,white,12,$25-$50k,ARF/MOSF w/Sepsis,ARF/MOSF,0,44,118,17.796875,136,8,39.19531,190,2,1.39990234,1.19995117,150,7.40918,,,,,0,no dnr,0,1,no(M2 and SIP pres)
1061,2245,21.28099,female,black,12,$11-$25k,ARF/MOSF w/Sepsis,ARF/MOSF,0,0,68,17.0976562,136,30,40.29688,359.25,,,0.69995117,141,7.399414,,,,0,1,no dnr,0,0,no(M2 and SIP pres)
1062,3348,55.36499,male,white,12,$11-$25k,Lung Cancer,Cancer,1,0,73,7.89941406,86,20,37.09375,476.1875,,,1.19995117,141,7.459961,,,,0,2,no dnr,0,1,no(M2 and SIP pres)
1063,4456,51.58698,female,other,11,under $11k,MOSF w/Malig,ARF/MOSF,1,0,59,2.29980469,124,40,38.19531,172.5,,1,0.89990234,151,7.479492,171,31,1790,,0,no dnr,0,1,
1064,1733,64.43298,male,white,20,,COPD,COPD/CHF/Cirrhosis,2,9,115,29.8984375,80,40,36,210,3.199707,,0.89990234,149,7.529297,,,,,0,dnr after sadm,1,1,<2 mo. follow-up
1065,7276,66.81494,female,white,12,under $11k,COPD,COPD/CHF/Cirrhosis,0,0,79,7.79980469,64,16,36.39844,,4.5996094,0.69995117,0.89990234,135,,96,13,900,0,,no dnr,0,0,no(M2 and SIP pres)
1066,4601,27.13799,male,white,16,,ARF/MOSF w/Sepsis,ARF/MOSF,0,0,114,9.69921875,103,20,36.79688,361.875,,0.5,0.79992676,123,7.469727,144,17,800,0,0,no dnr,0,0,
1067,4200,53.13898,male,white,12,,Lung Cancer,Cancer,1,0,110,9.8984375,100,20,36.79688,,,,0.39996338,136,,,,,0,5,no dnr,0,1,no(M2 and SIP pres)
1068,2175,81.23798,male,white,14,$11-$25k,CHF,COPD/CHF/Cirrhosis,3,0,83,11,60,20,35.59375,336,,,1.89990234,142,7.5,,,,0,0,no dnr,0,1,no(M2 and SIP pres)
1069,7241,53.37698,female,white,12,under $11k,ARF/MOSF w/Sepsis,ARF/MOSF,0,0,107,10.0996094,65,9,36,400,2.199707,1.29980469,10.2988281,142,7.5,156,101,0,6,,no dnr,0,0,adl>=4 (>=5 if sur)
1070,2397,75.258,male,white,12,under $11k,ARF/MOSF w/Sepsis,ARF/MOSF,2,0,44,21.3984375,108,16,38.19531,135,,,1.19995117,145,7.399414,,,,,0,dnr after sadm,1,1,<2 mo. follow-up
1071,5878,54.43698,male,black,12,$11-$25k,Lung Cancer,Cancer,1,0,68,9.59960938,108,28,37.79688,361.875,3.699707,1,1.39990234,138,7.459961,,,,,,dnr after sadm,0,1,
1072,660,59.10199,male,hispanic,7,$25-$50k,CHF,COPD/CHF/Cirrhosis,3,0,55,8.09960938,85,28,36.29688,,3.199707,3,1.29980469,134,,,,,2,2,no dnr,0,1,<2 mo. follow-up
1073,3287,78.35699,male,white,,under $11k,Coma,Coma,0,0,63,32.59375,110,14,39.09375,110,2,10,5.19921875,127,7.349609,,,,,0,no dnr,1,1,<2 mo. follow-up
1074,5721,70.68896,male,white,12,,ARF/MOSF w/Sepsis,ARF/MOSF,1,0,48,10.2988281,175,38,38.29688,260,1.8999023,,10.8984375,131,7.279297,89,68,0,,0,no dnr,1,1,<2 mo. follow-up
1075,7150,73.45398,female,white,12,under $11k,ARF/MOSF w/Sepsis,ARF/MOSF,2,37,107,14.0996094,140,10,38,140,,,0.89990234,132,7.429688,86,13,2913,,1,dnr after sadm,1,1,<2 mo. follow-up
1076,6126,60.28198,male,white,12,,Coma,Coma,1,61,114,17.3984375,57,8,38,102.84375,,,1.5,137,7.55957,,,,,0,dnr after sadm,1,1,<2 mo. follow-up
1077,6020,89.36096,female,black,12,under $11k,CHF,COPD/CHF/Cirrhosis,2,9,99,6.69921875,66,20,36,442.8125,3.5996094,0.39996338,1.5,136,7.459961,,,,1,0,no dnr,0,1,SIP>=30
1078,1043,53.07599,female,hispanic,16,>$50k,CHF,COPD/CHF/Cirrhosis,4,0,55,8.69921875,100,18,36,,,1.5,0.79992676,135,,86,10,2080,1,4,no dnr,0,0,adl>=4 (>=5 if sur)
1079,1758,65.53595,male,white,12,under $11k,ARF/MOSF w/Sepsis,ARF/MOSF,1,0,53,12.3984375,77,24,39.29688,185.6875,2.5,0.29998779,1,143,7.419922,,,,4,3,no dnr,0,1,SIP>=30
1080,5116,75.32098,female,black,,under $11k,Coma,Coma,2,41,113,7,80,20,38.19531,,2.7998047,1.19995117,1.19995117,134,,117,28,900,,2,dnr after sadm,1,1,<2 mo. follow-up
1081,2187,49.85397,male,white,,,ARF/MOSF w/Sepsis,ARF/MOSF,2,0,43,11.3984375,114,10,39.29688,154,2.2998047,0.59997559,0.29998779,147,7.389648,,,,,,no dnr,0,1,<2 mo. follow-up
1082,971,48.435,male,white,,,Colon Cancer,Cancer,1,0,75,3.39990234,70,20,36.39844,,,0.5,1,142,,0,13,3700,,,no dnr,0,1,
1083,3007,71.81696,male,white,14,$11-$25k,COPD,COPD/CHF/Cirrhosis,4,0,47,14.0996094,58,10,37.79688,87.5,2.7998047,0.79992676,1,139,7.389648,228,21,848,,0,no dnr,0,0,no(M2 and SIP pres)
1084,973,48.47098,female,white,17,under $11k,Lung Cancer,Cancer,1,0,69,12.7988281,112,24,36.19531,366.625,3.3999023,0.19998169,0.69995117,136,7.469727,184,9,2800,1,0,dnr after sadm,0,1,<2 mo. follow-up
1085,2254,88.159,male,white,8,$11-$25k,ARF/MOSF w/Sepsis,ARF/MOSF,2,0,60,7.89941406,69,10,38.79688,232.5,2.5,1.09985352,0.89990234,140,7.399414,,,,,1,dnr after sadm,0,1,<2 mo. follow-up
1086,4180,44.70599,male,white,13,>$50k,ARF/MOSF w/Sepsis,ARF/MOSF,0,0,67,12.5,74,5,36.59375,146.65625,,,1.39990234,136,7.429688,,,,,0,no dnr,0,0,no(M2 and SIP pres)
1087,296,64.24597,female,hispanic,,under $11k,ARF/MOSF w/Sepsis,ARF/MOSF,1,0,77,33.59375,110,22,38,346.625,,1.59985352,3,143,7.269531,,,,,1,no dnr,0,0,
1088,3585,69.62396,male,white,16,>$50k,ARF/MOSF w/Sepsis,ARF/MOSF,0,0,67,12.5,110,14,38.59375,120.40625,,,2.19970703,144,7.509766,,,,,0,no dnr,0,1,no(M2 and SIP pres)
1089,8743,88.375,female,white,5,under $11k,ARF/MOSF w/Sepsis,ARF/MOSF,0,0,63,,114,38,38.29688,174.28125,1.8999023,1.29980469,1.39990234,142,7.509766,143,49,1925,,1,dnr after sadm,0,0,no(M2 and SIP pres)
1090,6131,60.93399,female,hispanic,7,under $11k,CHF,COPD/CHF/Cirrhosis,3,0,74,10.1992188,100,16,36.09375,409.5,3.699707,0.79992676,1.29980469,137,7.429688,,,,0,1,no dnr,0,0,no(M2 and SIP pres)
1091,7943,75.422,male,white,14,$25-$50k,ARF/MOSF w/Sepsis,ARF/MOSF,1,0,53,15.5,78,20,38.19531,107.5,,,1.19995117,139,7.459961,,,,0,,no dnr,0,1,no(M2 and SIP pres)
1092,8072,77.32495,female,white,9,under $11k,Coma,Coma,2,9,68,20.1992188,38,8,36,98,3.199707,0.79992676,2.09960938,132,7.569336,,,,,0,no dnr,0,0,no(M2 and SIP pres)
1093,8223,53.46997,male,white,,under $11k,ARF/MOSF w/Sepsis,ARF/MOSF,0,26,64,22.1992188,158,37,37.79688,101.25,2.699707,8.3984375,1.5,132,7.369141,,,,,0,dnr after sadm,1,1,<2 mo. follow-up
1094,6863,63.258,male,white,11,under $11k,COPD,COPD/CHF/Cirrhosis,5,0,68,4.79980469,71,24,36.39844,240,3.2998047,0.5,0.89990234,137,7.349609,97,12,,0,0,no dnr,0,0,no(M2 and SIP pres)
1095,6203,66.77899,male,white,10,,ARF/MOSF w/Sepsis,ARF/MOSF,4,9,114,4,120,34,37.79688,213.3125,2.199707,1.29980469,0.79992676,139,7.449219,,,,,,no dnr,0,1,<2 mo. follow-up
1096,7665,86.72699,female,white,12,under $11k,CHF,COPD/CHF/Cirrhosis,3,9,105,16.0976562,137,26,37.89844,217.125,3.3999023,0.5,1.09985352,135,7.399414,166,19,1100,1,1,no dnr,0,0,adl>=4 (>=5 if sur)
1097,7230,72.68994,male,white,12,under $11k,ARF/MOSF w/Sepsis,ARF/MOSF,4,37,51,1,124,22,37.79688,125,2.5,2.69970703,2.19970703,133,7.379883,102,47,2105,,6,dnr after sadm,0,1,adl>=4 (>=5 if sur)
1098,6931,66.12695,male,white,9,$11-$25k,ARF/MOSF w/Sepsis,ARF/MOSF,0,0,140,21.6992188,70,28,37.59375,262.5,3.8999023,0.69995117,0.79992676,142,7.489258,152,12,2900,0,0,no dnr,0,0,no(M2 and SIP pres)
1099,1947,70.90997,male,white,9,under $11k,ARF/MOSF w/Sepsis,ARF/MOSF,3,0,57,9.5,112,26,38.59375,224.46875,,,1,136,7.519531,,,,0,1,no dnr,0,1,no(M2 and SIP pres)
1100,8861,72.435,male,white,12,$11-$25k,ARF/MOSF w/Sepsis,ARF/MOSF,1,0,96,5.69921875,69,16,36.09375,323.75,4.0996094,0.39996338,1.19995117,136,7.459961,115,6,1450,,0,no dnr,0,0,no(M2 and SIP pres)
1101,5762,58.24197,male,white,,under $11k,COPD,COPD/CHF/Cirrhosis,2,0,117,7.5,72,20,36.79688,,3.8999023,0.5,0.69995117,136,,168,9,6100,,,no dnr,0,0,no(M2 and SIP pres)
1102,7279,59.62997,female,black,12,under $11k,CHF,COPD/CHF/Cirrhosis,4,0,138,13.7988281,129,10,38.39844,66,3,12.2988281,0.79992676,135,7.469727,147,11,2385,1,,no dnr,0,0,SIP>=30
1103,2029,52.57797,female,white,11,under $11k,Cirrhosis,COPD/CHF/Cirrhosis,2,0,67,6.79980469,70,15,37,180.9375,2.7998047,0.79992676,1.09985352,138,7.379883,,,,1,,no dnr,0,1,
1104,7337,50.40698,male,white,12,under $11k,ARF/MOSF w/Sepsis,ARF/MOSF,3,44,132,10.8984375,72,10,38.39844,183.3125,2.699707,1.89990234,1,139,7.469727,302,32,5990,,2,no dnr,1,1,<2 mo. follow-up
1105,7428,58.11899,male,black,8,under $11k,CHF,COPD/CHF/Cirrhosis,3,0,101,8.19921875,98,22,36.79688,307.375,4.3994141,0.69995117,0.79992676,137,7.229492,255,7,700,,0,no dnr,0,0,no(M2 and SIP pres)
1106,5786,42.49698,female,white,10,under $11k,ARF/MOSF w/Sepsis,ARF/MOSF,0,44,80,18.3984375,80,20,36.59375,314.25,,,1.19995117,141,7.379883,109,33,1925,,0,no dnr,0,0,no(M2 and SIP pres)
1107,8514,78.40399,female,white,12,under $11k,Coma,Coma,1,44,110,9.79882812,215,24,35.89844,261.875,3.3999023,0.39996338,0.69995117,138,7.40918,219,11,1050,,0,dnr after sadm,0,1,<2 mo. follow-up
1108,1146,80.87299,female,white,12,$25-$50k,ARF/MOSF w/Sepsis,ARF/MOSF,1,44,68,9.19921875,65,28,38.5,112.23438,,,0.69995117,138,7.329102,179,9,900,,7,no dnr,0,0,
1109,4631,64.69495,male,white,7,$11-$25k,CHF,COPD/CHF/Cirrhosis,4,37,30,13.5996094,0,0,37.19531,152.5,,,1.5,131,7.419922,169,25,72,,4,dnr after sadm,1,1,<2 mo. follow-up
1110,370,55.29898,female,white,,,ARF/MOSF w/Sepsis,ARF/MOSF,1,0,83,8.09960938,150,32,38.69531,350,,,0.89990234,130,7.489258,,,,,,no dnr,0,0,
1111,9001,82.21497,male,white,,,COPD,COPD/CHF/Cirrhosis,3,0,73,16.1992188,120,14,38.19531,198.15625,1.3999023,1.79980469,0.89990234,132,7.40918,183,36,1610,,,dnr after sadm,1,1,<2 mo. follow-up
1112,5010,73.32196,male,white,16,,Lung Cancer,Cancer,1,0,52,10.7988281,45,24,36.5,222.84375,2.3999023,2.79980469,5,130,7.269531,268,89,3200,0,,no dnr,0,1,no(M2 and SIP pres)
1113,4953,77.21295,male,white,17,$25-$50k,MOSF w/Malig,ARF/MOSF,2,44,40,6.59960938,0,8,37.89844,102,,,2.69970703,144,7.389648,153,46,2010,,0,no dnr,0,0,no(M2 and SIP pres)
1114,4084,66.70795,male,white,14,,ARF/MOSF w/Sepsis,ARF/MOSF,1,41,56,15.1992188,124,46,38.29688,116,2.699707,0.29998779,9.59960938,138,7.5,,,,,1,dnr after sadm,1,1,<2 mo. follow-up
1115,7515,58.53,male,black,13,$11-$25k,Lung Cancer,Cancer,1,0,115,14.6992188,67,42,39.39844,142,3.0996094,7.59960938,0.69995117,142,7.429688,96,11,4586,,,no dnr,0,1,no(M2 and SIP pres)
1116,6314,79.01697,female,black,7,under $11k,Lung Cancer,Cancer,2,0,105,6.39941406,60,22,36.39844,,4,0.39996338,1.59985352,132,7.439453,,,,,,dnr after sadm,0,1,<2 mo. follow-up
1117,3987,56.04898,male,white,,under $11k,MOSF w/Malig,ARF/MOSF,1,0,95,0.79992676,136,9,38.29688,185,,,2.59960938,144,7.299805,,,,,1,no dnr,0,1,no(M2 and SIP pres)
1118,2227,54.32999,male,white,12,$11-$25k,ARF/MOSF w/Sepsis,ARF/MOSF,2,0,75,13.3984375,110,30,38.29688,178,,,0.69995117,134,7.349609,,,,2,1,no dnr,0,0,no(M2 and SIP pres)
1119,4030,73.52795,male,white,12,,ARF/MOSF w/Sepsis,ARF/MOSF,1,0,51,9.5,114,30,39.09375,162.5,,,1.19995117,154,7.339844,,,,,2,dnr after sadm,1,1,<2 mo. follow-up
1120,8163,53.91599,female,white,11,$11-$25k,Coma,Coma,1,0,119,16.296875,42,10,38.39844,262.5,4.1992188,0.59997559,0.79992676,143,7.489258,,,,,0,dnr after sadm,0,0,adl>=4 (>=5 if sur)
1121,7986,68.45398,female,white,,,Coma,Coma,2,55,50,5.39941406,72,10,37.89844,330,2.699707,2.39990234,1.89990234,137,7.439453,,,,,,dnr after sadm,1,1,<2 mo. follow-up
1122,4505,44.82999,female,white,14,under $11k,Cirrhosis,COPD/CHF/Cirrhosis,3,100,103,15,114,24,33.79688,256.5,2.0996094,9.79882812,1,141,7.40918,113,14,1575,,,dnr after sadm,1,1,<2 mo. follow-up
1123,2220,43.23898,male,white,13,$11-$25k,ARF/MOSF w/Sepsis,ARF/MOSF,1,0,70,16.5976562,70,38,39.29688,190,,1.39990234,0.89990234,134,7.339844,,,,,,no dnr,0,0,no(M2 and SIP pres)
1124,3407,38.784,male,white,,,Lung Cancer,Cancer,1,0,103,23.0976562,90,20,36.5,,3,0.29998779,0.89990234,139,,,,,,,no dnr,0,1,<2 mo. follow-up
1125,5860,71.52899,female,black,9,,ARF/MOSF w/Sepsis,ARF/MOSF,2,0,157,14.0996094,155,34,36.79688,302.625,3.2998047,1,4.29980469,141,7.379883,,,,,,no dnr,0,1,adl>=4 (>=5 if sur)
1126,8420,68.05695,male,white,,,MOSF w/Malig,ARF/MOSF,3,26,57,100,105,12,38.39844,131.65625,3.0996094,1.69995117,1.39990234,146,7.489258,,,,,0,no dnr,0,1,no(M2 and SIP pres)
1127,4019,69.06799,male,white,16,$25-$50k,ARF/MOSF w/Sepsis,ARF/MOSF,0,26,120,19.296875,110,25,38.29688,303.3125,2.7998047,5.59960938,7,138,7.429688,,,,,0,no dnr,1,1,<2 mo. follow-up
1128,2493,30.29999,female,black,15,>$50k,ARF/MOSF w/Sepsis,ARF/MOSF,2,0,107,8.29882812,110,20,37.79688,247.59375,,0.89990234,1.19995117,141,7.399414,106,13,,0,0,no dnr,0,0,no(M2 and SIP pres)
1129,6606,76.78296,female,white,8,$11-$25k,Coma,Coma,0,55,54,29.5976562,99,34,38.19531,225,2.5996094,1,2,126,7.419922,,,,,1,dnr after sadm,1,1,<2 mo. follow-up
1130,3516,72.65198,male,white,,,Coma,Coma,1,100,0,6.19921875,0,0,38,312.5,,,2.59960938,142,7.469727,,,,,,dnr before sadm,1,1,<2 mo. follow-up
1131,2142,77.52496,male,white,18,,MOSF w/Malig,ARF/MOSF,1,0,110,0.89990234,110,28,36.09375,270,2.8999023,3.79980469,1.69995117,136,7.479492,,,,,0,no dnr,0,1,
1132,7608,56.50897,male,black,8,under $11k,COPD,COPD/CHF/Cirrhosis,2,0,112,19.8984375,107,23,38.69531,71.10938,2.5,0.29998779,1.5,133,7.489258,141,16,3316,4,6,no dnr,0,1,SIP>=30
1133,244,72.19696,female,black,,,CHF,COPD/CHF/Cirrhosis,3,9,107,6.69921875,72,18,36.79688,,,,2.29980469,141,,,,,,,no dnr,0,0,
1134,7508,53.82599,female,white,10,$11-$25k,COPD,COPD/CHF/Cirrhosis,0,0,125,23.8984375,107,34,36,260,3,1,0.69995117,134,7.509766,156,16,1685,0,4,no dnr,0,0,
1135,3676,46.72998,male,white,12,$25-$50k,Colon Cancer,Cancer,1,0,107,7.5,96,20,37.29688,,,0.89990234,1.09985352,134,,,,,0,0,no dnr,0,1,no(M2 and SIP pres)
1136,3792,42.67798,male,black,10,under $11k,CHF,COPD/CHF/Cirrhosis,4,0,97,7.59960938,70,21,36.39844,357.125,,1.19995117,3.09960938,134,7.389648,,,,,5,no dnr,0,1,adl>=4 (>=5 if sur)
1137,6942,65.659,male,black,8,under $11k,ARF/MOSF w/Sepsis,ARF/MOSF,4,0,109,23.6992188,70,16,36.39844,188,1.5998535,13.1992188,0.59997559,133,7.419922,103,17,2742,0,0,no dnr,0,0,no(M2 and SIP pres)
1138,1362,71.49097,male,black,,,ARF/MOSF w/Sepsis,ARF/MOSF,1,44,75,22.5976562,75,11,38.59375,455,,,0.59997559,142,7.55957,150,15,840,,,no dnr,0,1,
1139,5864,31.95299,female,hispanic,10,under $11k,Coma,Coma,1,100,69,15.1992188,126,24,38.09375,132,2.5996094,3.29980469,1.09985352,143,7.349609,,,,,7,dnr after sadm,1,1,adl>=4 (>=5 if sur)
1140,1965,64.30396,male,white,16,>$50k,Coma,Coma,1,41,77,8.8984375,62,28,37.79688,352,4.1992188,1.5,1.29980469,134,7.539062,,,,,,no dnr,0,0,
1141,6311,91.18994,female,white,8,under $11k,CHF,COPD/CHF/Cirrhosis,2,0,70,6.79980469,62,24,35,476.625,4,0.79992676,1.29980469,136,7.479492,,,,2,3,no dnr,0,1,no(M2 and SIP pres)
1142,3686,66.94299,male,white,,,Lung Cancer,Cancer,1,0,85,6.19921875,116,24,35.69531,,,0.59997559,1.19995117,141,,,,,,0,no dnr,0,1,<2 mo. follow-up
1143,5820,49.20499,female,other,10,under $11k,CHF,COPD/CHF/Cirrhosis,4,0,67,11.1992188,104,26,35.79688,391.375,3.0996094,1.5,0.89990234,133,7.489258,,,,1,5,no dnr,0,1,<2 mo. follow-up
1144,6718,52.19199,female,white,12,$25-$50k,Colon Cancer,Cancer,1,0,86,8.5,59,20,36.5,,3.2998047,1,0.79992676,136,,,,,0,0,no dnr,0,1,adl>=4 (>=5 if sur)
1145,7929,85.15796,male,white,5,$11-$25k,ARF/MOSF w/Sepsis,ARF/MOSF,1,0,73,11.6992188,115,32,38,190,3.699707,0.89990234,2.29980469,136,7.459961,,,,1,2,no dnr,0,1,no(M2 and SIP pres)
1146,2281,76.09296,male,white,12,,MOSF w/Malig,ARF/MOSF,2,0,97,7.5,70,20,36.09375,223.78125,,0.79992676,1.29980469,136,7.399414,,,,0,0,no dnr,0,1,no(M2 and SIP pres)
1147,2634,20.821,male,white,14,$25-$50k,ARF/MOSF w/Sepsis,ARF/MOSF,0,0,73,4.89941406,70,25,36.09375,390.4375,,,1.5,141,7.5,103,35,800,,6,no dnr,0,0,adl>=4 (>=5 if sur)
1148,6103,77.62897,female,white,12,under $11k,Lung Cancer,Cancer,3,0,63,3.89990234,86,28,36.19531,296,3.8999023,0.29998779,0.69995117,136,7.389648,,,,,,dnr after sadm,0,1,
1149,5701,66.50195,male,white,,,Lung Cancer,Cancer,1,0,88,9.59960938,68,24,37.69531,,,,1.5,142,,97,15,,,,no dnr,0,1,
1150,2844,73.125,female,white,10,$11-$25k,ARF/MOSF w/Sepsis,ARF/MOSF,2,0,53,10.5996094,59,36,36.69531,100,2.7998047,0.59997559,0.79992676,133,7.5,84,14,500,2,3,dnr after sadm,1,1,SIP>=30
1151,1073,41.54999,male,white,21,under $11k,CHF,COPD/CHF/Cirrhosis,3,0,55,6.89941406,115,16,36,,3.5996094,1.29980469,1.19995117,132,,88,13,3300,0,,no dnr,0,0,no(M2 and SIP pres)
1152,1579,45.85898,female,white,12,,Coma,Coma,0,44,106,17.5976562,105,26,36.89844,301,,,0.39996338,143,7.619141,209,28,1590,,0,no dnr,0,0,adl>=4 (>=5 if sur)
1153,3700,67.047,female,white,13,$11-$25k,ARF/MOSF w/Sepsis,ARF/MOSF,0,0,118,11.6992188,84,24,36.19531,215,,,0.5,127,7.459961,,,,0,0,no dnr,0,0,no(M2 and SIP pres)
1154,3457,69.11395,male,black,,under $11k,Coma,Coma,2,100,123,12.0996094,94,35,38.09375,456.625,,,1.69995117,139,7.649414,,,,,0,dnr after sadm,1,1,<2 mo. follow-up
1155,4136,47.35898,male,black,14,,ARF/MOSF w/Sepsis,ARF/MOSF,0,0,55,13.0996094,124,30,40.69531,300,1.2998047,0.09999084,0.79992676,136,7.439453,,,,,,no dnr,1,1,<2 mo. follow-up
1156,7556,68.12,male,white,18,under $11k,Cirrhosis,COPD/CHF/Cirrhosis,1,9,108,6.89941406,96,22,35.39844,,2.5996094,4.79980469,0.5,126,,94,1,,0,,dnr after sadm,1,1,<2 mo. follow-up
1157,3481,31.83299,male,black,10,under $11k,ARF/MOSF w/Sepsis,ARF/MOSF,2,0,75,10.5,78,25,38.59375,272,2.5,5.69921875,0.89990234,140,7.389648,,,,1,0,no dnr,0,0,SIP>=30
1158,2972,53.58499,male,white,16,>$50k,Cirrhosis,COPD/CHF/Cirrhosis,1,0,80,4.29980469,70,30,36.09375,228.5625,3.8999023,1.09985352,1.19995117,140,7.379883,152,35,1075,0,0,no dnr,0,0,no(M2 and SIP pres)
1159,8242,69.69495,male,white,,,COPD,COPD/CHF/Cirrhosis,2,9,103,6.29980469,70,24,37,266.625,4.0996094,0.89990234,1,144,7.369141,,,,,0,dnr after sadm,0,0,
1160,8741,70.90796,male,white,12,under $11k,Lung Cancer,Cancer,2,0,55,16.6992188,142,22,39.69531,201.65625,1.6999512,2.29980469,3,137,7.199219,388,31,,,,dnr after sadm,0,1,<2 mo. follow-up
1161,8694,68.45197,female,white,12,$11-$25k,ARF/MOSF w/Sepsis,ARF/MOSF,1,0,58,,66,8,38.79688,184.4375,,,,140,7.469727,,,1842,0,0,no dnr,0,0,no(M2 and SIP pres)
1162,1652,68.26294,male,white,12,,Lung Cancer,Cancer,2,0,77,13.1992188,110,28,36,,2.8999023,0.59997559,1,135,,,,,3,,dnr before sadm,0,1,<2 mo. follow-up
1163,1916,91.23895,female,white,16,,ARF/MOSF w/Sepsis,ARF/MOSF,3,0,47,8.79882812,47,8,36.89844,230,,0.5,1.29980469,137,7.369141,,,,,,dnr after sadm,1,1,<2 mo. follow-up
1164,7786,74.396,male,white,8,under $11k,COPD,COPD/CHF/Cirrhosis,2,0,64,16.5,118,24,36.79688,216,3.0996094,0.39996338,1.19995117,131,7.429688,,,,5,6,dnr after sadm,0,1,
1165,8959,80.05499,male,white,8,$11-$25k,CHF,COPD/CHF/Cirrhosis,3,0,127,8.09960938,102,38,37.79688,138.75,3.0996094,2.39990234,1.69995117,147,7.479492,164,32,3325,,1,dnr before sadm,0,1,<2 mo. follow-up
1166,4800,51.978,female,white,11,$11-$25k,Lung Cancer,Cancer,1,0,123,22.8984375,117,28,36.39844,164.28125,,0.79992676,0.69995117,138,7.399414,211,12,1400,0,,no dnr,0,1,no(M2 and SIP pres)
1167,4767,64.04895,male,white,18,>$50k,CHF,COPD/CHF/Cirrhosis,2,0,71,12.0996094,80,24,36.59375,,2.3999023,0.79992676,0.79992676,135,,76,9,1350,0,0,no dnr,0,0,no(M2 and SIP pres)
1168,5662,51.06897,male,hispanic,16,under $11k,ARF/MOSF w/Sepsis,ARF/MOSF,1,0,112,15.5,115,50,39.09375,191.40625,,0.89990234,0.79992676,141,7.449219,103,11,4955,,,no dnr,0,0,no(M2 and SIP pres)
1169,5644,64.43799,male,white,,,CHF,COPD/CHF/Cirrhosis,2,0,107,10.7988281,45,34,35.19531,115.29688,,,0.5,133,7.339844,131,20,1730,,,no dnr,0,0,
1170,8608,76.02496,male,white,10,,ARF/MOSF w/Sepsis,ARF/MOSF,1,100,148,9.29882812,104,28,35.59375,240,4.6992188,0.59997559,1.69995117,147,7.369141,106,29,1025,,0,dnr after sadm,0,1,<2 mo. follow-up
1171,7944,63.88797,male,white,10,$11-$25k,Lung Cancer,Cancer,2,0,81,,77,12,36.89844,,,,1.19995117,141,,,,,,0,dnr after sadm,0,1,no(M2 and SIP pres)
1172,699,76.74194,male,white,12,,CHF,COPD/CHF/Cirrhosis,5,0,58,7.79980469,70,20,36.5,,,,1.59985352,135,,,,,,,no dnr,0,1,no(M2 and SIP pres)
1173,5006,70.21198,male,white,12,$11-$25k,ARF/MOSF w/Sepsis,ARF/MOSF,1,55,75,9.3984375,64,20,37.5,,,0.39996338,1.09985352,132,,163,9,,,0,no dnr,0,0,adl>=4 (>=5 if sur)
1174,8829,57.59097,male,white,12,$11-$25k,COPD,COPD/CHF/Cirrhosis,3,61,63,0.39996338,130,40,39.59375,182.84375,2.8999023,3,1.39990234,140,7.439453,395,31,5450,,0,no dnr,0,1,SIP>=30
1175,8652,85.74396,male,white,,under $11k,COPD,COPD/CHF/Cirrhosis,4,37,69,19.0976562,68,8,36.39844,213.3125,3.199707,0.5,8.79882812,138,7.389648,103,55,0,,1,dnr after sadm,1,1,<2 mo. follow-up
1176,8333,54.40097,female,white,13,$11-$25k,COPD,COPD/CHF/Cirrhosis,3,0,63,16.6992188,107,24,36.39844,204,4.1992188,0.19998169,0.79992676,140,7.479492,,,,1,,no dnr,0,1,no(M2 and SIP pres)
1177,2872,77.14697,male,white,,,ARF/MOSF w/Sepsis,ARF/MOSF,1,0,48,17,142,26,39,196.65625,3,0.89990234,1.5,136,7.429688,370,35,2221,,,no dnr,0,1,
1178,8185,81.88397,female,hispanic,6,,CHF,COPD/CHF/Cirrhosis,2,0,61,4.59960938,80,28,36,252.375,,,1.09985352,136,7.519531,,,,,,no dnr,0,1,no(M2 and SIP pres)
1179,733,58.05099,female,black,12,,Lung Cancer,Cancer,2,0,79,10.2988281,100,24,37.39844,,,,0.89990234,137,,,,,,,no dnr,0,0,no(M2 and SIP pres)
1180,5888,73.53296,female,white,12,$11-$25k,ARF/MOSF w/Sepsis,ARF/MOSF,1,0,125,18.8984375,118,9,36.69531,239.3125,1.8999023,0.79992676,0.79992676,131,7.439453,,,,3,0,dnr after sadm,1,1,<2 mo. follow-up
1181,1746,61.48099,female,white,4,$11-$25k,CHF,COPD/CHF/Cirrhosis,2,0,105,8.79882812,98,32,37.09375,255.53125,,,1,140,7.459961,,,,0,5,no dnr,0,0,no(M2 and SIP pres)
1182,2651,40.60199,male,black,12,under $11k,Cirrhosis,COPD/CHF/Cirrhosis,6,0,60,8.69921875,120,14,34.29688,158,1.7998047,,1.69995117,132,7.40918,215,50,2535,,,dnr after sadm,0,0,SIP>=30
1183,483,65.57697,male,white,16,,CHF,COPD/CHF/Cirrhosis,2,0,52,3.79980469,70,30,38.29688,251.40625,,,1.5,142,7.529297,,,,0,0,no dnr,0,1,<2 mo. follow-up
1184,5376,33.77399,male,white,14,$25-$50k,Coma,Coma,1,61,82,16.5,115,34,35.69531,195,,1.79980469,2.19970703,145,7.40918,119,29,1535,,4,no dnr,0,0,
1185,4747,77.19397,male,white,9,,ARF/MOSF w/Sepsis,ARF/MOSF,0,26,100,11.5,74,20,37.59375,123.32812,,,1.89990234,139,7.289062,66,27,,,1,dnr after sadm,1,1,<2 mo. follow-up
1186,1436,65.30298,male,white,16,,Coma,Coma,1,55,46,8.09960938,75,22,36.5,,3.3999023,2.09960938,1.29980469,130,,108,35,3113,,1,dnr after sadm,1,1,<2 mo. follow-up
1187,117,63.76199,male,white,,,Colon Cancer,Cancer,2,0,104,7.79980469,78,22,36.59375,,,,,137,,,,,,,dnr after sadm,0,1,<2 mo. follow-up
1188,1607,54.63699,male,white,,,CHF,COPD/CHF/Cirrhosis,1,0,79,10.0996094,124,42,40.09375,227.5,4.0996094,1,1.19995117,132,7.489258,,,,,,no dnr,0,0,
1189,842,72.54797,female,asian,,,Colon Cancer,Cancer,0,0,69,5.19921875,72,20,36.39844,,3.2998047,0.19998169,1.09985352,138,,,13,2125,,,no dnr,0,1,
1190,9025,58.26099,female,white,9,under $11k,Coma,Coma,4,44,65,8.8984375,63,27,38.09375,320,2.699707,1.5,1.39990234,146,7.399414,177,30,3750,,0,dnr after sadm,0,0,adl>=4 (>=5 if sur)
1191,6662,55.81699,female,white,10,under $11k,ARF/MOSF w/Sepsis,ARF/MOSF,2,55,71,15.8984375,114,12,36,111.65625,2.199707,0.5,0.59997559,142,7.469727,,,,,7,no dnr,0,1,adl>=4 (>=5 if sur)
1192,7561,66.672,male,black,14,$11-$25k,ARF/MOSF w/Sepsis,ARF/MOSF,2,0,77,6.29980469,77,20,36.19531,404.75,4.2998047,1.09985352,2.09960938,134,7.399414,100,16,,0,0,no dnr,0,1,no(M2 and SIP pres)
1193,7415,59.89899,female,white,8,under $11k,Coma,Coma,0,61,110,6.69921875,58,14,36.19531,172,3.0996094,0.59997559,0.79992676,144,7.259766,128,19,1355,,,dnr after sadm,1,1,<2 mo. follow-up
1194,8235,42.77298,male,white,12,$11-$25k,ARF/MOSF w/Sepsis,ARF/MOSF,0,0,81,14.8984375,76,36,38.09375,135,4,0.5,0.89990234,134,7.5,,,,0,0,no dnr,0,0,no(M2 and SIP pres)
1195,3569,70.46997,female,black,6,,COPD,COPD/CHF/Cirrhosis,3,0,83,11.3984375,80,18,37,273.3125,,,1,141,7.139648,,,,0,1,no dnr,0,1,
1196,9006,73.00195,female,white,12,$11-$25k,ARF/MOSF w/Sepsis,ARF/MOSF,3,0,70,8.19921875,172,24,36.09375,153.03125,2.699707,1,1,144,7.399414,113,46,4225,1,1,dnr after sadm,0,0,adl>=4 (>=5 if sur)
1197,2000,78.53497,female,white,12,,COPD,COPD/CHF/Cirrhosis,1,41,77,10,70,20,36.59375,195,,,0.5,137,7.179688,,,,,7,dnr before sadm,0,1,<2 mo. follow-up
1198,5560,67.737,female,black,7,under $11k,ARF/MOSF w/Sepsis,ARF/MOSF,3,37,68,16.1992188,75,40,38.79688,288.5625,,,1.39990234,136,7.369141,125,12,3475,,7,no dnr,0,0,adl>=4 (>=5 if sur)
1199,7568,78.31897,female,white,,under $11k,COPD,COPD/CHF/Cirrhosis,2,0,60,9.5,118,40,36.19531,285.6875,2.3999023,2.19970703,1.39990234,130,7.379883,124,50,966,,5,dnr after sadm,0,0,adl>=4 (>=5 if sur)
1200,5989,77.95996,male,white,10,under $11k,Lung Cancer,Cancer,2,0,117,5.29980469,60,22,35.5,,3,0.19998169,0.69995117,128,,,,,1,,no dnr,0,1,<2 mo. follow-up
1201,4719,55.35898,female,black,11,$11-$25k,Lung Cancer,Cancer,2,9,85,6.09960938,68,14,37.69531,,3.699707,0.39996338,1.39990234,144,,128,16,,,,no dnr,1,1,<2 mo. follow-up
1202,128,68.12598,female,black,,,Cirrhosis,COPD/CHF/Cirrhosis,2,0,80,6.39941406,80,16,37.19531,485.6875,2.5,3.39990234,0.69995117,133,7.459961,,,,,,no dnr,0,1,
1203,1364,28.627,male,hispanic,10,under $11k,CHF,COPD/CHF/Cirrhosis,2,0,85,15.2988281,120,14,38.59375,,,,0.89990234,137,,136,12,850,0,0,no dnr,0,0,
1204,4721,45.142,female,other,7,under $11k,Cirrhosis,COPD/CHF/Cirrhosis,2,0,165,22.5976562,120,27,38.59375,56,2.0996094,2.19970703,1.79980469,142,7.349609,183,28,855,6,3,no dnr,0,0,no(M2 and SIP pres)
1205,4399,88.20795,female,black,,,Coma,Coma,1,100,147,8.8984375,70,24,36.09375,404,,0.89990234,0.89990234,142,7.40918,179,23,5150,,2,dnr after sadm,0,1,<2 mo. follow-up
1206,7736,59.70999,male,white,8,under $11k,ARF/MOSF w/Sepsis,ARF/MOSF,1,44,133,9.29882812,72,12,36,385.6875,1.6999512,15,6.59960938,145,7.289062,183,59,2490,,0,no dnr,0,0,adl>=4 (>=5 if sur)
1207,3900,38.133,female,white,14,$11-$25k,ARF/MOSF w/Sepsis,ARF/MOSF,0,44,113,27.796875,140,33,38.59375,368,2.5,4.89941406,1.69995117,148,7.469727,,,,,2,no dnr,0,0,SIP>=30
1208,5523,68.67596,male,white,16,$11-$25k,ARF/MOSF w/Sepsis,ARF/MOSF,1,41,78,5.59960938,70,22,36.19531,,,,2.39990234,134,,79,42,1910,,5,no dnr,0,0,adl>=4 (>=5 if sur)
1209,7176,64.56897,male,white,12,$11-$25k,Lung Cancer,Cancer,1,0,143,23.5,128,32,36.19531,379.5625,2.699707,0.29998779,0.79992676,137,7.449219,104,14,3655,1,,no dnr,0,1,
1210,5813,67.56995,male,white,,>$50k,Colon Cancer,Cancer,1,0,45,11.5,115,13,39.19531,124.4375,2.7998047,,0.89990234,134,7.469727,141,18,3810,0,0,no dnr,0,1,<2 mo. follow-up
1211,3803,34.905,female,black,15,$11-$25k,Lung Cancer,Cancer,1,0,83,1.09985352,80,16,36.79688,,,0.39996338,1.09985352,142,,,,,0,,no dnr,0,1,no(M2 and SIP pres)
1212,2428,90.28296,male,white,8,under $11k,Coma,Coma,1,100,67,6.39941406,46,22,36.89844,251,,,1.89990234,137,7.439453,126,28,1370,,,dnr after sadm,1,1,<2 mo. follow-up
1213,7629,33.72998,male,white,8,under $11k,Lung Cancer,Cancer,3,0,73,,120,32,36.29688,,3.199707,0.39996338,1.29980469,135,,95,23,2025,2,3,no dnr,0,1,SIP>=30
1214,4373,66.24194,female,white,15,under $11k,Lung Cancer,Cancer,2,0,109,8.09960938,126,24,38.29688,368,,,0.69995117,133,7.379883,131,6,865,,,no dnr,0,1,<2 mo. follow-up
1215,2118,53.59299,female,white,15,,Lung Cancer,Cancer,1,0,103,13.6992188,100,20,36.79688,,4.0996094,0.29998779,1,141,,,,,0,1,no dnr,0,1,no(M2 and SIP pres)
1216,3701,45.21799,male,white,12,$25-$50k,ARF/MOSF w/Sepsis,ARF/MOSF,0,0,65,12.7988281,108,10,39.19531,,,,0.89990234,133,7.369141,,,,,0,no dnr,0,0,no(M2 and SIP pres)
1217,4782,74.56799,male,white,,,ARF/MOSF w/Sepsis,ARF/MOSF,1,0,107,9.09960938,84,30,37.69531,518.25,,0.69995117,1.19995117,131,7.30957,223,14,1170,,,dnr after sadm,0,1,
1218,8854,90.36798,female,white,8,under $11k,CHF,COPD/CHF/Cirrhosis,3,0,75,8.09960938,145,24,37.79688,230,,,1.19995117,128,7.519531,166,20,1570,1,,no dnr,0,0,no(M2 and SIP pres)
1219,5398,43.168,male,white,12,,ARF/MOSF w/Sepsis,ARF/MOSF,1,0,138,20.296875,155,36,38.69531,226.65625,2.699707,8.69921875,1.19995117,145,7.519531,226,25,3645,0,0,no dnr,0,0,no(M2 and SIP pres)
1220,2379,72.40497,female,white,12,,MOSF w/Malig,ARF/MOSF,5,0,113,93.890625,85,34,38.09375,232.25,4.1992188,0.19998169,0.89990234,140,7.359375,,,,1,0,no dnr,0,1,no(M2 and SIP pres)
1221,8569,82.97095,male,white,16,,COPD,COPD/CHF/Cirrhosis,2,0,53,5.69921875,120,10,38,130,4,0.5,0.89990234,131,7.439453,148,11,2320,,,dnr after sadm,1,1,<2 mo. follow-up
1222,1565,47.60599,female,white,16,>$50k,ARF/MOSF w/Sepsis,ARF/MOSF,1,26,83,6.29980469,100,22,38,,,,1.5,138,,,22,2850,,0,no dnr,0,0,
1223,6879,63.10199,male,white,,,CHF,COPD/CHF/Cirrhosis,5,94,97,4.29980469,50,16,35.79688,238.09375,3.0996094,0.29998779,2.5,146,7.289062,64,71,1535,,0,no dnr,1,1,<2 mo. follow-up
1224,8557,80.53894,female,white,,$11-$25k,COPD,COPD/CHF/Cirrhosis,2,9,129,15.0996094,136,28,39.39844,106,2.5996094,0.69995117,5.19921875,144,7.359375,118,60,1540,,2,dnr after sadm,0,0,no(M2 and SIP pres)
1225,188,63.85999,female,white,,,Coma,Coma,0,94,139,8.29882812,122,10,38.69531,350,,,0.69995117,149,7.529297,,,,,,,1,1,<2 mo. follow-up
1226,8125,51.27197,female,white,12,$25-$50k,Colon Cancer,Cancer,1,0,75,,89,22,36.19531,,3.8999023,0.29998779,0.79992676,136,,,,,0,0,no dnr,0,1,no(M2 and SIP pres)
1227,2580,68.60797,female,white,13,>$50k,ARF/MOSF w/Sepsis,ARF/MOSF,0,0,100,12.3984375,108,32,36.59375,225.6875,,,0.69995117,141,7.379883,202,10,2280,,0,no dnr,0,0,
1228,8220,65.79297,male,white,12,,Lung Cancer,Cancer,1,0,93,15.5,76,20,36.59375,,3.8999023,0.69995117,1.19995117,136,,,,,,,no dnr,0,1,
1229,3593,52.13998,female,white,14,under $11k,ARF/MOSF w/Sepsis,ARF/MOSF,6,0,163,5.5,118,38,37.79688,245.6875,,0.19998169,5.29980469,140,7.479492,,,,,6,no dnr,0,0,no(M2 and SIP pres)
1230,4074,80.13696,female,white,8,$25-$50k,ARF/MOSF w/Sepsis,ARF/MOSF,0,9,111,6.19921875,56,26,36,157.5,,,0.79992676,140,7.479492,,,,,0,no dnr,0,1,adl>=4 (>=5 if sur)
1231,8999,71.69098,male,white,12,under $11k,CHF,COPD/CHF/Cirrhosis,3,0,101,19.6992188,78,24,37.39844,180,2.0996094,0.5,5,130,7.319336,98,61,1570,0,0,no dnr,0,0,no(M2 and SIP pres)
1232,3996,89.23199,male,black,4,under $11k,COPD,COPD/CHF/Cirrhosis,3,0,63,5.69921875,130,6,37,117.76562,,,1.79980469,146,7.489258,,,,,0,no dnr,0,1,no(M2 and SIP pres)
1233,536,26.023,male,hispanic,14,under $11k,ARF/MOSF w/Sepsis,ARF/MOSF,3,44,40,3.29980469,125,32,36,158,,,2.89990234,130,7.319336,,,,,1,dnr after sadm,1,1,<2 mo. follow-up
1234,3208,48.01898,male,white,12,$25-$50k,Lung Cancer,Cancer,3,0,69,12.7988281,80,24,39.09375,506.625,3.199707,0.79992676,2,144,7.509766,245,47,3110,0,0,no dnr,0,1,no(M2 and SIP pres)
1235,8482,66.06396,male,white,8,under $11k,Colon Cancer,Cancer,3,0,101,13.6992188,61,24,36.29688,473.75,,,0.89990234,130,7.449219,125,19,2240,,1,no dnr,0,0,no(M2 and SIP pres)
1236,6201,20.58899,female,black,12,under $11k,ARF/MOSF w/Sepsis,ARF/MOSF,4,0,83,12.2988281,155,36,39,336,4.0996094,0.59997559,11.1992188,135,7.349609,,,,1,0,no dnr,0,0,no(M2 and SIP pres)
1237,4223,53.84299,male,white,7,under $11k,CHF,COPD/CHF/Cirrhosis,1,0,60,9.8984375,126,24,38.5,273.3125,3.0996094,0.39996338,0.89990234,133,7.389648,,,,,0,no dnr,0,1,no(M2 and SIP pres)
1238,7557,60.04398,male,white,14,under $11k,ARF/MOSF w/Sepsis,ARF/MOSF,3,0,136,11.7988281,133,36,36.5,125,2.0996094,0.39996338,3.79980469,139,7.329102,120,72,1237,0,0,no dnr,0,1,no(M2 and SIP pres)
1239,8744,50.62598,female,white,16,>$50k,Colon Cancer,Cancer,2,0,141,26.6992188,132,24,36.59375,106.65625,,,0.89990234,133,7.40918,178,20,4100,0,0,no dnr,0,1,no(M2 and SIP pres)
1240,7846,57.71899,female,white,12,$11-$25k,Lung Cancer,Cancer,1,0,106,4.29980469,76,76,36.79688,,3.7998047,0.29998779,1,132,,,,,0,0,no dnr,0,1,
1241,6732,57.25699,male,black,7,under $11k,Colon Cancer,Cancer,2,0,95,10.5,58,24,37.5,,,0.79992676,0.79992676,138,,107,6,940,,0,dnr after sadm,0,1,adl>=4 (>=5 if sur)
1242,9049,77.69995,male,white,16,,ARF/MOSF w/Sepsis,ARF/MOSF,0,0,77,6.19921875,140,28,35.29688,338.0625,3.8999023,0.5,3.59960938,137,7.339844,88,49,800,0,0,no dnr,0,0,no(M2 and SIP pres)
1243,8465,47.76498,female,white,12,$25-$50k,Lung Cancer,Cancer,2,0,123,11.1992188,96,20,36,303.3125,3.8999023,0.69995117,1.29980469,133,7.489258,130,11,,,,no dnr,0,1,no(M2 and SIP pres)
1244,1465,79.70398,female,white,14,$11-$25k,CHF,COPD/CHF/Cirrhosis,2,0,65,0.04999542,145,12,36.19531,421.25,1.8999023,5.59960938,3.19970703,148,7.5,374,90,1356,,0,no dnr,0,1,no(M2 and SIP pres)
1245,5926,56.94199,male,white,8,$11-$25k,Cirrhosis,COPD/CHF/Cirrhosis,3,9,112,20.6992188,130,31,35.89844,128.78125,1.5998535,3.59960938,0.69995117,131,7.399414,,,,,3,dnr after sadm,1,1,<2 mo. follow-up
1246,5999,81.62097,male,hispanic,11,under $11k,CHF,COPD/CHF/Cirrhosis,4,0,71,6.59960938,65,20,36.5,,3.199707,0.5,5.59960938,133,,,,,1,1,no dnr,0,1,
1247,2501,70.78198,female,white,12,under $11k,ARF/MOSF w/Sepsis,ARF/MOSF,4,0,73,11.2988281,80,20,37.79688,,,0.39996338,1,138,,130,19,,1,0,no dnr,0,1,<2 mo. follow-up
1248,107,66.93195,female,black,12,under $11k,ARF/MOSF w/Sepsis,ARF/MOSF,1,0,141,22.296875,148,28,37.5,256.625,2.199707,0.79992676,1.09985352,142,7.459961,,,,,2,no dnr,0,0,
1249,7659,39.228,male,white,12,under $11k,MOSF w/Malig,ARF/MOSF,1,0,122,15.8984375,116,38,38.69531,245.6875,2,0.69995117,3.5,131,7.509766,95,61,1175,,0,no dnr,0,1,no(M2 and SIP pres)
1250,4649,92.31995,female,white,12,,ARF/MOSF w/Sepsis,ARF/MOSF,2,0,117,6.19921875,75,22,36.39844,,4.1992188,0.5,0.79992676,140,,84,9,2960,,3,dnr after sadm,0,1,<2 mo. follow-up
1251,3490,39.84097,male,black,10,$11-$25k,Cirrhosis,COPD/CHF/Cirrhosis,5,0,92,4.29980469,110,14,36.69531,207.5,1.7998047,4.79980469,1.79980469,134,7.399414,,,,,1,dnr after sadm,1,1,<2 mo. follow-up
1252,7439,77.95996,female,white,10,under $11k,Coma,Coma,1,41,125,8,133,24,36.39844,,3,0.89990234,2.09960938,137,,169,48,3867,,7,dnr after sadm,1,1,<2 mo. follow-up
1253,867,37.47598,male,hispanic,9,$11-$25k,CHF,COPD/CHF/Cirrhosis,2,0,71,14.5996094,55,16,37.09375,,,2.59960938,1.29980469,131,,99,33,4275,1,0,no dnr,1,1,<2 mo. follow-up
1254,6989,95.40295,female,black,6,under $11k,CHF,COPD/CHF/Cirrhosis,2,0,116,6.69921875,109,22,37.09375,296.625,4.3994141,0.69995117,18.3984375,141,7.439453,155,85,0,1,0,no dnr,0,0,no(M2 and SIP pres)
1255,7497,71.797,male,black,12,$25-$50k,MOSF w/Malig,ARF/MOSF,1,0,61,5.69921875,80,22,35.79688,242.84375,2.0996094,1.09985352,0.79992676,127,7.579102,203,18,,,0,dnr after sadm,1,1,<2 mo. follow-up
1256,511,84.43799,male,white,,,CHF,COPD/CHF/Cirrhosis,2,0,60,4.19921875,85,38,37.5,246.9375,,0.29998779,1,131,7.589844,,,,,,no dnr,0,1,<2 mo. follow-up
1257,7842,71.60596,female,white,8,under $11k,ARF/MOSF w/Sepsis,ARF/MOSF,1,0,68,8.8984375,120,28,38.19531,192.5,2.699707,2,0.69995117,127,7.439453,,,,,1,no dnr,0,0,no(M2 and SIP pres)
1258,2398,74.72699,female,white,,,ARF/MOSF w/Sepsis,ARF/MOSF,2,0,49,14.2988281,120,34,38.29688,148.3125,2.8999023,0.19998169,3.39990234,136,7.359375,,,,,,dnr after sadm,1,1,<2 mo. follow-up
1259,6274,64.53699,male,white,9,$11-$25k,CHF,COPD/CHF/Cirrhosis,1,0,67,11,111,22,35,235.53125,3,2.69970703,0.89990234,121,7.469727,,,,0,0,dnr after sadm,0,1,no(M2 and SIP pres)
1260,7620,51.17297,female,white,9,under $11k,COPD,COPD/CHF/Cirrhosis,2,0,74,12.5996094,69,26,38,196.65625,,,0.89990234,136,7.40918,233,36,2640,0,0,no dnr,0,0,no(M2 and SIP pres)
1261,312,74.034,female,white,,,Colon Cancer,Cancer,1,9,73,18.3984375,104,24,36.19531,,,3.29980469,0.69995117,127,,,,,,,dnr after sadm,1,1,<2 mo. follow-up
1262,2362,52.26797,female,white,,under $11k,Lung Cancer,Cancer,1,0,83,11.3984375,100,20,36.09375,,3.2998047,0.5,0.79992676,138,,,,,,,no dnr,0,1,<2 mo. follow-up
1263,1546,86.71594,female,white,14,under $11k,ARF/MOSF w/Sepsis,ARF/MOSF,0,0,35,13,120,26,38.5,128,3.8999023,2.09960938,7.89941406,138,7.429688,119,88,0,0,0,no dnr,0,0,no(M2 and SIP pres)
1264,1250,27.30199,female,hispanic,,,ARF/MOSF w/Sepsis,ARF/MOSF,2,26,98,15.5996094,105,48,36.79688,197.9375,,0.69995117,1.19995117,135,7.419922,177,22,3405,,,no dnr,0,0,
1265,4181,84.95294,female,white,16,$11-$25k,MOSF w/Malig,ARF/MOSF,2,44,51,0.19998169,140,27,39.09375,128.3125,2.5996094,3.29980469,3.29980469,141,7.5,,,,,0,dnr after sadm,1,1,<2 mo. follow-up
1266,8442,77.823,male,white,11,,COPD,COPD/CHF/Cirrhosis,1,0,107,12.2988281,96,32,35.69531,,3.3999023,0.79992676,1,126,,132,10,5350,4,0,no dnr,0,1,no(M2 and SIP pres)
1267,5357,59.29099,female,white,3,under $11k,ARF/MOSF w/Sepsis,ARF/MOSF,1,0,73,6.69921875,115,26,35.5,307.375,3.2998047,0.59997559,0.79992676,134,7.459961,294,16,1700,,1,dnr after sadm,1,1,<2 mo. follow-up
1268,6258,59.18698,male,white,11,under $11k,Lung Cancer,Cancer,2,0,76,7.69921875,112,24,36,371.375,3.3999023,0.69995117,1,140,7.369141,,,,,0,dnr after sadm,1,1,<2 mo. follow-up
1269,8097,80.10095,female,white,14,,Lung Cancer,Cancer,3,26,111,10.2988281,69,26,36,,3.699707,1,1,134,,,,,,1,dnr after sadm,0,1,<2 mo. follow-up
1270,5915,60.89499,female,white,,under $11k,Lung Cancer,Cancer,2,0,119,26.6992188,112,32,36.19531,164.84375,3.0996094,0.59997559,0.89990234,132,7.469727,,,,,6,dnr after sadm,1,1,<2 mo. follow-up
1271,6817,79.159,male,black,15,under $11k,ARF/MOSF w/Sepsis,ARF/MOSF,5,61,75,5.29980469,104,40,38.29688,283.3125,2.5,1,0.79992676,143,7.399414,97,7,4550,,7,dnr after sadm,1,1,<2 mo. follow-up
1272,4248,70.43695,female,white,,,ARF/MOSF w/Sepsis,ARF/MOSF,1,0,59,46.5,138,30,35.89844,272.5,,5.19921875,4.39941406,127,7.359375,,,,,,dnr after sadm,1,1,<2 mo. follow-up
1273,8763,70.97095,male,white,12,$25-$50k,Lung Cancer,Cancer,3,0,74,13.1992188,79,26,36.19531,183.3125,3.199707,0.39996338,0.59997559,141,7.439453,207,4,2700,0,0,no dnr,0,1,
1274,3961,42.46997,male,white,12,$11-$25k,ARF/MOSF w/Sepsis,ARF/MOSF,0,9,101,5.79980469,70,12,38.09375,304.75,,0.19998169,0.69995117,136,7.439453,,,,,2,no dnr,0,0,no(M2 and SIP pres)
1275,6658,56.0,male,hispanic,9,under $11k,CHF,COPD/CHF/Cirrhosis,3,0,73,11.1992188,125,31,38,130,4.1992188,1.29980469,1.19995117,134,7.489258,,,,,0,no dnr,0,0,no(M2 and SIP pres)
1276,8429,68.11798,female,white,8,$11-$25k,ARF/MOSF w/Sepsis,ARF/MOSF,2,37,103,8.5,108,10,38.5,,,,,140,,,,3140,,5,no dnr,0,0,adl>=4 (>=5 if sur)
1277,4816,52.465,male,white,12,,ARF/MOSF w/Sepsis,ARF/MOSF,1,0,115,13.0996094,120,24,36.5,300,3.699707,0.79992676,1,138,7.30957,132,14,900,,1,no dnr,0,0,no(M2 and SIP pres)
1278,3096,63.22198,male,white,13,under $11k,Cirrhosis,COPD/CHF/Cirrhosis,4,0,43,11.6992188,70,20,35.59375,135,,,2,139,7.439453,93,54,1075,3,3,no dnr,0,1,no(M2 and SIP pres)
1279,1215,68.60797,female,white,12,,ARF/MOSF w/Sepsis,ARF/MOSF,2,89,52,15.8984375,80,26,36.89844,108.5625,2.5996094,8.69921875,2.29980469,142,7.439453,364,43,0,,0,dnr after sadm,1,1,<2 mo. follow-up
1280,131,76.20795,female,black,11,under $11k,Cirrhosis,COPD/CHF/Cirrhosis,2,9,103,4.79980469,90,20,37.69531,,,,1.5,124,,,,,,6,no dnr,0,1,<2 mo. follow-up
1281,3299,43.129,female,white,12,$25-$50k,ARF/MOSF w/Sepsis,ARF/MOSF,0,0,80,12.8984375,110,8,36.89844,340,,0.69995117,1.19995117,142,7.479492,,,,,3,no dnr,0,0,no(M2 and SIP pres)
1282,8212,50.23999,female,white,12,,ARF/MOSF w/Sepsis,ARF/MOSF,2,0,119,2,108,34,39.39844,187.5,,,1.09985352,143,7.489258,,,,,0,dnr after sadm,0,1,<2 mo. follow-up
1283,7972,79.47198,male,white,4,under $11k,Colon Cancer,Cancer,1,0,68,7.79980469,78,22,35.79688,,,0.39996338,0.89990234,138,,,,,5,,dnr after sadm,0,1,no(M2 and SIP pres)
1284,2866,75.35095,female,black,,,ARF/MOSF w/Sepsis,ARF/MOSF,5,44,143,8.8984375,80,20,36.09375,304.75,,1.19995117,1.59985352,142,7.459961,76,19,3500,,,dnr after sadm,1,1,<2 mo. follow-up
1285,2801,78.44995,male,white,12,,CHF,COPD/CHF/Cirrhosis,5,0,97,6.59960938,60,20,36.09375,224,,,0.69995117,141,7.299805,183,7,,0,0,no dnr,0,1,no(M2 and SIP pres)
1286,3336,61.84497,female,white,12,$11-$25k,CHF,COPD/CHF/Cirrhosis,3,0,83,9.5,88,20,36,,,0.5,1,126,,,,,3,6,no dnr,0,1,<2 mo. follow-up
1287,2726,71.17896,female,black,16,$25-$50k,Lung Cancer,Cancer,2,0,56,26.0976562,72,28,36.09375,,1.2998047,24.3984375,2.39990234,112,,477,28,1040,0,0,no dnr,0,1,no(M2 and SIP pres)
1288,7565,68.54797,male,white,,,COPD,COPD/CHF/Cirrhosis,4,37,61,104,176,26,39.29688,105,2.199707,2.39990234,2.89990234,141,7.319336,376,70,1113,,,no dnr,0,0,Coma or Intub
1289,5125,63.66599,male,black,14,,Coma,Coma,1,44,38,71.890625,145,12,38.69531,104.28125,1.5998535,0.29998779,2.5,145,7.379883,85,28,1110,,0,no dnr,0,1,adl>=4 (>=5 if sur)
1290,3728,72.64899,female,black,7,under $11k,Coma,Coma,1,94,80,22.1992188,126,32,38.09375,285,2.3999023,0.39996338,1.59985352,134,7.40918,,,,,6,dnr after sadm,1,1,<2 mo. follow-up
1291,644,48.36697,male,white,14,$11-$25k,ARF/MOSF w/Sepsis,ARF/MOSF,0,26,80,8.29882812,115,28,39.39844,272.5,2.7998047,0.79992676,1.29980469,141,7.509766,,,,,,no dnr,0,0,no(M2 and SIP pres)
1292,2737,72.09296,female,black,12,$11-$25k,Coma,Coma,2,61,93,8.69921875,70,20,36.09375,,,0.39996338,6.5,133,,111,97,1200,,2,dnr after sadm,1,1,
1293,424,83.39496,male,black,13,$11-$25k,CHF,COPD/CHF/Cirrhosis,1,0,77,5.69921875,80,22,37.19531,,4.0996094,0.69995117,1.5,141,,,,,,0,no dnr,0,0,no(M2 and SIP pres)
1294,2964,47.379,male,white,,,Colon Cancer,Cancer,1,0,107,12.3984375,60,20,35.39844,290.4375,,,1.69995117,142,7.369141,53,43,1300,,,no dnr,0,1,
1295,4617,73.59296,male,white,10,under $11k,ARF/MOSF w/Sepsis,ARF/MOSF,0,41,115,16.796875,115,12,36.19531,128.5625,,0.69995117,4.89941406,133,7.40918,108,72,4185,,0,no dnr,0,0,no(M2 and SIP pres)
1296,7999,69.08398,male,white,,,COPD,COPD/CHF/Cirrhosis,4,9,70,18,112,9,36.09375,256,2.7998047,1.29980469,1.09985352,143,7.479492,,,,,,dnr after sadm,0,1,<2 mo. follow-up
1297,6289,60.56699,female,white,10,under $11k,Cirrhosis,COPD/CHF/Cirrhosis,6,0,87,6.59960938,87,20,36.69531,,2.3999023,1.29980469,1.19995117,137,,,,,,,no dnr,0,0,no(M2 and SIP pres)
1298,6325,76.58899,female,white,6,under $11k,MOSF w/Malig,ARF/MOSF,1,0,126,1.79980469,64,20,36.39844,,,,0.59997559,134,,,,,4,1,no dnr,0,0,no(M2 and SIP pres)
1299,6391,83.39996,female,white,,under $11k,Coma,Coma,1,100,97,11.2988281,104,42,36.39844,162.3125,3.8999023,1.09985352,1.59985352,143,7.25,,,,,1,dnr after sadm,1,1,<2 mo. follow-up
1300,7292,69.36597,male,white,14,$11-$25k,ARF/MOSF w/Sepsis,ARF/MOSF,1,0,77,8.19921875,82,24,36.59375,230.53125,3.0996094,1.39990234,1.19995117,139,7.379883,105,14,2260,,1,no dnr,1,1,<2 mo. follow-up
1301,4184,63.74799,female,white,12,,MOSF w/Malig,ARF/MOSF,1,0,130,10.8984375,136,32,39.19531,193.3125,2.199707,8.59960938,1.89990234,137,7.429688,,,,,0,dnr after sadm,1,1,<2 mo. follow-up
1302,163,63.77298,male,white,16,>$50k,ARF/MOSF w/Sepsis,ARF/MOSF,1,26,71,11.5996094,96,32,38,128.5625,3.5996094,0.5,0.79992676,127,7.479492,,,,,,dnr after sadm,1,1,<2 mo. follow-up
1303,7778,70.29999,female,white,13,,Cirrhosis,COPD/CHF/Cirrhosis,2,0,76,,74,24,37.89844,271.375,2.2998047,4.5,0.89990234,134,7.519531,,,,3,,no dnr,0,0,
1304,7892,69.67596,male,white,8,,Lung Cancer,Cancer,3,9,87,11.0996094,98,22,36.39844,,3.199707,0.19998169,0.89990234,133,,,,,1,4,dnr after sadm,0,1,<2 mo. follow-up
1305,8890,88.28699,female,white,16,under $11k,ARF/MOSF w/Sepsis,ARF/MOSF,0,0,61,3.69970703,65,20,36.09375,,4.0996094,2,1.09985352,132,,176,35,850,,0,dnr after sadm,1,1,<2 mo. follow-up
1306,358,48.35898,male,hispanic,14,>$50k,ARF/MOSF w/Sepsis,ARF/MOSF,1,0,87,3.69970703,125,17,36.59375,90.65625,,,0.59997559,143,7.439453,,,,,0,dnr after sadm,1,1,<2 mo. follow-up
1307,5810,65.89697,male,white,12,,ARF/MOSF w/Sepsis,ARF/MOSF,0,37,111,8.5,66,20,38.09375,,4.1992188,0.69995117,0.79992676,139,,95,18,,,,no dnr,0,1,no(M2 and SIP pres)
1308,2840,76.20294,male,white,9,$25-$50k,Lung Cancer,Cancer,5,0,70,6,62,14,36.69531,203.3125,4,1,1.39990234,142,7.189453,106,42,1710,5,,no dnr,0,1,<2 mo. follow-up
1309,8990,48.19998,male,white,12,$25-$50k,COPD,COPD/CHF/Cirrhosis,2,26,63,10,127,8,40.89844,155,2.5,1.5,3.69970703,144,7.469727,108,72,1510,,,dnr after sadm,0,0,no(M2 and SIP pres)
1310,7536,44.42999,male,black,12,$25-$50k,CHF,COPD/CHF/Cirrhosis,3,0,113,7.29980469,104,24,39.59375,,2.8999023,0.5,0.79992676,134,,379,4,3700,0,0,no dnr,0,0,no(M2 and SIP pres)
1311,3139,90.75995,male,white,,,ARF/MOSF w/Sepsis,ARF/MOSF,3,0,123,,104,28,36.19531,200,2.3999023,0.59997559,4.09960938,137,7.449219,166,76,1800,,,dnr before sadm,0,1,<2 mo. follow-up
1312,4718,76.474,male,white,16,>$50k,Colon Cancer,Cancer,1,0,113,12.8984375,75,29,34.5,270,2.199707,,2.59960938,137,7.349609,49,30,1145,0,5,no dnr,0,0,no(M2 and SIP pres)
1313,861,66.04498,male,white,13,>$50k,Lung Cancer,Cancer,1,0,79,11.5,80,16,36.79688,,,,1.39990234,135,,,15,5250,1,0,no dnr,0,1,no(M2 and SIP pres)
1314,5470,72.68994,female,white,16,,ARF/MOSF w/Sepsis,ARF/MOSF,1,9,63,14.0996094,55,6,35.5,214.28125,2.5,2.59960938,0.89990234,143,7.369141,314,28,620,0,0,no dnr,0,0,no(M2 and SIP pres)
1315,2790,47.16498,male,white,14,>$50k,Cirrhosis,COPD/CHF/Cirrhosis,3,0,103,4.69921875,60,15,36.69531,,,0.59997559,1.19995117,138,,114,20,,0,0,no dnr,0,0,no(M2 and SIP pres)
1316,4786,44.383,male,black,12,$25-$50k,CHF,COPD/CHF/Cirrhosis,2,0,98,1,115,36,35.09375,293.3125,1.2998047,11.8984375,2.69970703,145,7.349609,181,87,915,0,2,no dnr,0,1,no(M2 and SIP pres)
1317,3441,55.90698,male,white,,,Lung Cancer,Cancer,2,0,113,7.19921875,80,22,35.89844,,,,1.59985352,137,,,,,,,no dnr,0,1,no(M2 and SIP pres)
1318,4709,76.41595,female,black,,,ARF/MOSF w/Sepsis,ARF/MOSF,3,0,115,0.79992676,70,32,38.19531,288,1.7998047,0.69995117,2.09960938,132,7.359375,106,77,1445,,,no dnr,0,1,
1319,3800,65.01794,male,white,14,>$50k,Coma,Coma,1,100,73,14.3984375,0,0,35.89844,270,3.699707,2.19970703,1.59985352,149,7.459961,,,,,0,dnr after sadm,1,1,<2 mo. follow-up
1320,2671,91.13794,female,white,,under $11k,CHF,COPD/CHF/Cirrhosis,4,9,117,5.59960938,72,20,38.19531,218.3125,3.699707,0.39996338,0.89990234,133,7.349609,85,10,2100,,,dnr before sadm,0,1,
1321,4513,30.84698,female,black,11,,ARF/MOSF w/Sepsis,ARF/MOSF,2,100,65,14.7988281,50,12,36.89844,152.5,2.0996094,0.79992676,0.79992676,136,7.459961,108,18,780,,,no dnr,0,1,
1322,7004,59.73999,male,white,12,$25-$50k,Lung Cancer,Cancer,2,0,136,18.8984375,111,8,39.69531,148,3,0.69995117,1.09985352,146,7.489258,139,7,1366,,6,dnr after sadm,0,1,<2 mo. follow-up
1323,569,64.20496,female,hispanic,12,>$50k,Cirrhosis,COPD/CHF/Cirrhosis,3,55,52,17.5976562,110,38,36,165,2.3999023,2.69970703,1.39990234,135,7.459961,,,,,1,dnr after sadm,1,1,<2 mo. follow-up
1324,3586,54.409,male,white,14,>$50k,CHF,COPD/CHF/Cirrhosis,3,0,78,6.5,84,18,36.79688,,4.2998047,4,0.69995117,146,,,,,,0,no dnr,0,0,no(M2 and SIP pres)
1325,6632,59.14899,male,black,9,under $11k,ARF/MOSF w/Sepsis,ARF/MOSF,5,0,123,20,100,24,38,,2.5996094,0.29998779,1.79980469,138,,,,,2,3,no dnr,0,1,
1326,2407,67.92096,male,white,12,$25-$50k,ARF/MOSF w/Sepsis,ARF/MOSF,1,0,77,22.1992188,80,25,36.09375,367.5,,1.19995117,0.89990234,141,7.479492,,,,0,0,no dnr,0,1,no(M2 and SIP pres)
1327,8426,66.13794,female,white,12,under $11k,Coma,Coma,1,41,100,,124,32,38,,,,,140,,,,,,7,no dnr,0,0,adl>=4 (>=5 if sur)
1328,2970,49.68698,male,white,12,$11-$25k,ARF/MOSF w/Sepsis,ARF/MOSF,3,0,125,13.3984375,61,8,38.19531,242.5,3.5996094,,0.79992676,140,7.589844,112,14,1560,0,,no dnr,0,0,no(M2 and SIP pres)
1329,8701,79.65198,female,white,12,$11-$25k,ARF/MOSF w/Sepsis,ARF/MOSF,1,0,111,,74,12,35.69531,293.3125,,,2,137,7.65918,114,46,,,0,no dnr,0,0,no(M2 and SIP pres)
1330,7195,80.44397,female,black,9,under $11k,ARF/MOSF w/Sepsis,ARF/MOSF,3,100,77,12.5996094,129,30,36,296,2.7998047,0.5,1,131,7.539062,96,10,2800,,,dnr after sadm,1,1,<2 mo. follow-up
1331,8424,66.30798,male,white,12,,COPD,COPD/CHF/Cirrhosis,2,0,121,6.09960938,68,24,35.29688,342.8125,3.3999023,0.79992676,1.79980469,140,7.379883,,,,,,dnr after sadm,0,0,no(M2 and SIP pres)
1332,4072,43.90399,male,white,14,>$50k,ARF/MOSF w/Sepsis,ARF/MOSF,1,0,111,13.1992188,68,10,38.29688,172.5,,4.39941406,1,134,7.399414,,,,,,no dnr,0,0,no(M2 and SIP pres)
1333,7185,47.41699,female,white,12,>$50k,MOSF w/Malig,ARF/MOSF,1,9,68,12.1992188,71,20,36.69531,352,2.5996094,5.39941406,1.09985352,128,7.489258,107,18,2750,0,0,dnr before sadm,0,1,SIP>=30
1334,4532,41.92697,female,white,12,$25-$50k,ARF/MOSF w/Sepsis,ARF/MOSF,0,44,113,7.69921875,74,22,33.79688,230.59375,1.8999023,0.69995117,1.09985352,135,7.329102,290,15,2240,,0,dnr after sadm,1,1,<2 mo. follow-up
1335,1644,72.95294,male,white,14,$11-$25k,Lung Cancer,Cancer,1,0,62,7.69921875,62,16,36.5,,3.5996094,0.69995117,0.79992676,132,,,,,,2,dnr after sadm,0,1,<2 mo. follow-up
1336,5053,71.35895,male,white,,,ARF/MOSF w/Sepsis,ARF/MOSF,0,9,60,14.3984375,135,24,38.09375,112.23438,,0.5,0.79992676,125,7.549805,193,28,1050,,,no dnr,0,0,
1337,3590,62.52698,male,white,22,$25-$50k,CHF,COPD/CHF/Cirrhosis,3,0,79,4.69921875,70,18,36,,,0.89990234,1.29980469,141,,,,,0,0,no dnr,0,1,no(M2 and SIP pres)
1338,154,48.10999,female,hispanic,2,$11-$25k,Cirrhosis,COPD/CHF/Cirrhosis,2,0,77,4.79980469,92,30,36.19531,,,17.796875,1,131,,,,,3,0,no dnr,0,1,<2 mo. follow-up
1339,3426,65.073,male,white,9,$11-$25k,COPD,COPD/CHF/Cirrhosis,2,0,90,20.1992188,75,26,35.79688,214.28125,,0.69995117,1,137,7.399414,,,,0,0,no dnr,0,1,no(M2 and SIP pres)
1340,7303,49.07599,female,white,8,under $11k,ARF/MOSF w/Sepsis,ARF/MOSF,1,0,115,7.09960938,72,20,35.39844,426.625,2.0996094,0.39996338,4.09960938,142,7.429688,102,34,1225,,0,no dnr,0,0,no(M2 and SIP pres)
1341,645,80.87598,female,white,14,$25-$50k,ARF/MOSF w/Sepsis,ARF/MOSF,0,0,113,26.1992188,119,24,38.19531,177.53125,1.8999023,1.59985352,1.89990234,135,7.449219,,,,,0,no dnr,0,0,
1342,5710,61.89999,male,white,20,>$50k,ARF/MOSF w/Sepsis,ARF/MOSF,0,0,102,7.09960938,55,8,36.59375,205,2.199707,4.29980469,0.59997559,138,7.339844,246,19,1090,,0,no dnr,0,0,adl>=4 (>=5 if sur)
1343,7218,54.793,male,white,11,under $11k,COPD,COPD/CHF/Cirrhosis,2,0,85,10.2988281,104,28,37.5,109.51562,4.2998047,0.59997559,1.09985352,133,7.349609,76,11,,0,1,no dnr,0,0,no(M2 and SIP pres)
1344,1612,83.65796,female,white,16,,CHF,COPD/CHF/Cirrhosis,2,0,95,18.6992188,104,25,37.29688,504.0625,,,1.19995117,146,7.5,,,,1,3,dnr after sadm,0,1,no(M2 and SIP pres)
1345,1513,46.935,female,white,,,ARF/MOSF w/Sepsis,ARF/MOSF,3,61,75,10.5996094,60,14,36,,,,0.69995117,133,,202,22,,,,no dnr,0,0,
1346,4683,56.93399,male,white,,,ARF/MOSF w/Sepsis,ARF/MOSF,1,0,117,6.89941406,130,10,38.69531,140,1.1999512,,0.59997559,133,7.40918,238,25,1485,,,no dnr,0,0,
1347,5408,82.56,male,white,2,under $11k,CHF,COPD/CHF/Cirrhosis,3,0,53,128.78125,150,24,38.69531,242.5,2.5,2.29980469,2.39990234,142,7.30957,109,44,260,0,0,no dnr,0,0,no(M2 and SIP pres)
1348,7840,60.36697,male,white,10,under $11k,Lung Cancer,Cancer,2,0,100,3.5,100,20,36.19531,,3.199707,0.19998169,0.69995117,139,,,,,5,5,no dnr,0,1,no(M2 and SIP pres)
1349,7511,65.94397,female,white,12,$11-$25k,Coma,Coma,0,94,67,11.8984375,157,36,38.69531,97.5,1.7998047,0.5,0.59997559,133,7.529297,198,10,3160,,0,no dnr,0,0,adl>=4 (>=5 if sur)
1350,8418,59.87698,male,white,12,$11-$25k,Lung Cancer,Cancer,3,9,65,0.89990234,63,20,36.39844,,2.699707,0.5,0.59997559,135,,,,,,,no dnr,0,1,adl>=4 (>=5 if sur)
1351,610,35.047,male,other,,,MOSF w/Malig,ARF/MOSF,1,0,65,16.3984375,125,40,36.89844,237.5,3.0996094,17.3984375,2.59960938,139,7.339844,,,,,,dnr after sadm,1,1,<2 mo. follow-up
1352,8248,77.95496,male,white,12,,ARF/MOSF w/Sepsis,ARF/MOSF,1,0,114,9.8984375,78,20,36.39844,260,4.3994141,0.59997559,3.19970703,146,7.40918,,,,,1,dnr after sadm,0,1,no(M2 and SIP pres)
1353,1437,34.31299,male,white,14,under $11k,ARF/MOSF w/Sepsis,ARF/MOSF,4,37,49,5,55,22,35.79688,,,,0.69995117,124,,,25,3550,,1,dnr after sadm,1,1,<2 mo. follow-up
1354,2269,86.68896,male,white,13,,ARF/MOSF w/Sepsis,ARF/MOSF,1,0,113,25.0976562,70,40,38.5,,2.5,1.09985352,2,142,,,,,,1,no dnr,0,1,adl>=4 (>=5 if sur)
1355,5744,53.15799,female,white,12,under $11k,ARF/MOSF w/Sepsis,ARF/MOSF,1,0,80,2.09960938,60,20,36.5,,4.2998047,0.59997559,1.09985352,139,,82,6,3650,,1,no dnr,1,1,<2 mo. follow-up
1356,1776,93.91394,female,white,,,COPD,COPD/CHF/Cirrhosis,2,0,42,13.1992188,127,26,38.29688,234,,,1.39990234,140,7.269531,,,,,4,dnr after sadm,1,1,<2 mo. follow-up
1357,4357,69.28998,male,white,12,$25-$50k,Coma,Coma,2,89,107,13.8984375,104,20,36.19531,284,3.7998047,0.59997559,1.19995117,139,7.359375,150,28,,,0,dnr after sadm,1,1,<2 mo. follow-up
1358,7885,84.97998,female,white,,,Coma,Coma,2,44,99,26.5976562,96,40,39,,3.199707,0.59997559,2.69970703,141,,,,,,7,no dnr,0,1,<2 mo. follow-up
1359,769,47.98099,female,white,18,,Lung Cancer,Cancer,2,0,72,8.29882812,100,20,37.19531,,,,0.79992676,136,,,,,,,,0,0,no(M2 and SIP pres)
1360,7026,65.91095,male,white,,,Lung Cancer,Cancer,3,9,67,5.19921875,98,20,35.5,,2.699707,2.19970703,2.59960938,140,,165,62,1415,,,no dnr,0,1,<2 mo. follow-up
1361,6076,43.064,female,white,9,under $11k,ARF/MOSF w/Sepsis,ARF/MOSF,1,0,68,15.2988281,129,30,37.79688,118.71875,2.199707,0.79992676,1.09985352,134,7.379883,,,,,0,no dnr,0,0,no(M2 and SIP pres)
1362,1458,77.55499,female,white,,,Coma,Coma,2,44,43,14.8984375,125,10,38,360,1.3999023,0.59997559,2.59960938,133,7.319336,398,36,5960,,3,dnr after sadm,0,1,<2 mo. follow-up
1363,5130,48.25497,male,white,16,,Colon Cancer,Cancer,1,0,48,8.29882812,65,8,37.89844,247.5,2.3999023,,1.59985352,138,7.459961,165,70,97.5,1,6,no dnr,0,1,no(M2 and SIP pres)
1364,6949,62.25098,female,white,11,under $11k,CHF,COPD/CHF/Cirrhosis,3,0,43,15.6992188,118,12,37.89844,185,2.199707,3.69970703,5.39941406,132,7.379883,93,92,4775,0,2,no dnr,0,0,no(M2 and SIP pres)
1365,1299,93.46997,female,white,12,>$50k,CHF,COPD/CHF/Cirrhosis,3,0,59,13.0996094,68,24,38.19531,90.76562,,,1.59985352,142,7.469727,124,47,1750,0,0,dnr after sadm,0,0,SIP>=30
1366,6735,25.43199,female,white,12,$11-$25k,ARF/MOSF w/Sepsis,ARF/MOSF,2,0,48,3.89990234,115,12,35.59375,388,2.5996094,1.5,9.79882812,126,7.449219,205,56,0,,0,no dnr,0,0,adl>=4 (>=5 if sur)
1367,1033,23.24699,male,white,12,>$50k,MOSF w/Malig,ARF/MOSF,1,0,67,0.04999542,145,42,38.39844,144.875,,8.69921875,1.69995117,145,7.289062,598,69,3920,,0,no dnr,1,1,<2 mo. follow-up
1368,6407,61.58197,male,white,16,$25-$50k,Colon Cancer,Cancer,2,0,101,15.0996094,76,20,37.89844,,3.3999023,0.69995117,1.09985352,133,,,,,0,0,no dnr,0,1,<2 mo. follow-up
1369,7546,33.741,male,white,10,under $11k,ARF/MOSF w/Sepsis,ARF/MOSF,3,0,119,14.5996094,131,33,40.09375,131.09375,,,1.59985352,151,7.479492,180,26,2735,,0,no dnr,0,0,no(M2 and SIP pres)
1370,1959,75.41394,male,white,12,,ARF/MOSF w/Sepsis,ARF/MOSF,1,0,63,15,112,22,38.79688,185,,,1.29980469,141,7.389648,,,,0,1,dnr after sadm,1,1,<2 mo. follow-up
1371,6492,21.30899,female,white,12,,ARF/MOSF w/Sepsis,ARF/MOSF,1,0,133,27.5976562,52,10,39.59375,120,,,0.79992676,144,7.479492,,,,,0,no dnr,0,1,no(M2 and SIP pres)
1372,6727,53.465,male,black,12,$25-$50k,CHF,COPD/CHF/Cirrhosis,2,0,71,9.3984375,71,22,35.89844,152,4.1992188,0.59997559,1.59985352,138,7.099609,,,,0,,no dnr,0,1,no(M2 and SIP pres)
1373,8682,66.97894,female,white,13,$11-$25k,COPD,COPD/CHF/Cirrhosis,6,0,106,8.59960938,110,24,36.39844,261.875,,0.5,2.79980469,137,7.379883,119,60,,0,0,dnr after sadm,0,1,no(M2 and SIP pres)
1374,6171,19.351,male,white,12,$11-$25k,ARF/MOSF w/Sepsis,ARF/MOSF,1,0,71,15.8984375,152,30,39.59375,210,3,0.5,0.29998779,128,7.449219,,,,,0,no dnr,0,0,adl>=4 (>=5 if sur)
1375,8813,59.20599,male,white,12,$25-$50k,Coma,Coma,0,61,70,11.8984375,130,40,38,86.65625,3.8999023,0.69995117,1,143,7.40918,181,27,3225,,0,dnr after sadm,1,1,<2 mo. follow-up
1376,3464,71.91797,male,white,9,under $11k,ARF/MOSF w/Sepsis,ARF/MOSF,1,61,57,5.69921875,110,8,38.59375,500,,,0.89990234,134,7.389648,,,,,0,dnr after sadm,0,1,no(M2 and SIP pres)
1377,721,78.53796,female,white,16,$25-$50k,COPD,COPD/CHF/Cirrhosis,2,0,96,12.1992188,96,22,36,157.125,3.699707,0.59997559,1.19995117,142,7.399414,,,,,0,no dnr,0,1,no(M2 and SIP pres)
1378,6261,79.05298,female,white,12,under $11k,ARF/MOSF w/Sepsis,ARF/MOSF,0,9,72,16.1992188,73,24,35.79688,212.5,1.5998535,1.29980469,0.79992676,136,7.299805,,,,1,0,no dnr,0,0,no(M2 and SIP pres)
1379,4941,55.16199,female,white,,,Lung Cancer,Cancer,1,0,57,15.3984375,145,38,35.79688,230,,0.59997559,1.39990234,142,7.389648,92,44,985,,,no dnr,0,1,
1380,2238,73.85596,male,white,12,$25-$50k,Coma,Coma,1,44,71,11,114,8,38.5,232.5,3.699707,0.69995117,0.79992676,135,7.449219,,,,,0,dnr after sadm,1,1,<2 mo. follow-up
1381,3253,68.01398,female,other,1,,ARF/MOSF w/Sepsis,ARF/MOSF,2,0,90,18.296875,100,10,37.29688,147.5,2.699707,0.5,3.19970703,137,7.429688,,,,,1,no dnr,1,1,<2 mo. follow-up
1382,6370,57.69199,female,white,10,under $11k,ARF/MOSF w/Sepsis,ARF/MOSF,4,0,72,0.59997559,97,36,38.09375,252.375,2.5996094,3.19970703,1.09985352,132,7.469727,,,,,0,no dnr,0,1,no(M2 and SIP pres)
1383,8050,76.74194,male,white,10,under $11k,COPD,COPD/CHF/Cirrhosis,2,0,116,12.5,101,28,36.19531,166.65625,,1.29980469,1,140,7.439453,,,,1,5,dnr after sadm,0,1,no(M2 and SIP pres)
1384,2035,83.30194,female,white,14,,ARF/MOSF w/Sepsis,ARF/MOSF,1,9,59,14.5996094,160,24,38.5,256.625,,0.69995117,2.39990234,141,7.369141,,,,,0,no dnr,0,1,<2 mo. follow-up
1385,9020,78.10498,male,white,12,,ARF/MOSF w/Sepsis,ARF/MOSF,0,9,72,14.1992188,68,8,37.89844,190,4.3994141,0.29998779,1.09985352,137,7.389648,181,15,2915,,0,no dnr,0,0,adl>=4 (>=5 if sur)
1386,8817,68.98596,male,white,13,$11-$25k,Colon Cancer,Cancer,1,0,110,3.69970703,76,24,38.19531,,,,1.69995117,131,,245,25,1785,0,0,no dnr,0,1,no(M2 and SIP pres)
1387,3600,65.24597,male,white,,,MOSF w/Malig,ARF/MOSF,2,9,103,14.8984375,64,12,36.5,116,,0.59997559,0.69995117,136,7.489258,,,,,,no dnr,0,1,<2 mo. follow-up
1388,599,21.092,male,white,12,>$50k,Coma,Coma,0,89,57,26.6992188,130,14,38.89844,463.3125,,12.5,1.09985352,150,7.429688,,,,,,dnr after sadm,1,1,<2 mo. follow-up
1389,3713,47.36798,male,white,10,under $11k,Cirrhosis,COPD/CHF/Cirrhosis,1,26,109,10.7988281,114,12,37.79688,433.3125,2,31.0976562,1.59985352,131,7.5,,,,,1,dnr after sadm,1,1,<2 mo. follow-up
1390,4205,63.52399,male,white,5,under $11k,ARF/MOSF w/Sepsis,ARF/MOSF,3,0,67,17.5976562,126,20,35.79688,312,,0.69995117,1,139,7.459961,,,,0,0,no dnr,0,0,no(M2 and SIP pres)
1391,1915,64.34998,female,white,,,Colon Cancer,Cancer,1,0,93,11.7988281,100,20,36.09375,,1.8999023,4.39941406,0.89990234,146,,,,,,,dnr after sadm,1,1,<2 mo. follow-up
1392,9065,36.81,female,white,14,,MOSF w/Malig,ARF/MOSF,1,0,79,8.29882812,104,24,36.19531,319,,0.5,0.69995117,131,7.399414,110,5,4800,,0,no dnr,1,1,<2 mo. follow-up
1393,5673,66.43695,male,white,,,Lung Cancer,Cancer,2,0,65,16.5976562,105,36,38.89844,306.625,2,,1.89990234,160,7.459961,129,35,1365,,,no dnr,0,1,
1394,1530,41.09799,male,hispanic,13,$25-$50k,ARF/MOSF w/Sepsis,ARF/MOSF,0,0,57,13.3984375,140,10,36.39844,230,3.0996094,2,2.89990234,151,7.439453,153,108,2420,0,0,no dnr,0,0,
1395,1326,73.10895,female,asian,,,ARF/MOSF w/Sepsis,ARF/MOSF,3,41,78,11,116,24,38.39844,,3.199707,1.69995117,1.09985352,138,,142,8,850,,,no dnr,1,1,<2 mo. follow-up
1396,8801,79.33698,female,white,,,CHF,COPD/CHF/Cirrhosis,3,9,64,12.7988281,77,28,36.5,174.28125,3.2998047,0.29998779,1.29980469,138,7.429688,264,30,2110,0,0,no dnr,0,1,no(M2 and SIP pres)
1397,1621,53.42099,male,white,12,$11-$25k,ARF/MOSF w/Sepsis,ARF/MOSF,0,0,83,13.5996094,78,32,38.29688,,2.7998047,,1,138,,,,,0,,no dnr,0,0,
1398,8096,64.21899,female,white,10,under $11k,Lung Cancer,Cancer,2,0,61,10.7988281,101,22,36.39844,,4.0996094,0.19998169,0.59997559,138,,,,,,0,no dnr,0,1,no(M2 and SIP pres)
1399,8127,70.21796,female,white,8,under $11k,Coma,Coma,2,44,115,6.39941406,60,24,35.59375,,3.3999023,0.29998779,0.89990234,143,,,,,,6,dnr after sadm,0,1,<2 mo. follow-up
1400,166,52.668,female,white,,,Coma,Coma,0,94,88,14.8984375,72,12,36.19531,277.5,,,0.5,138,7.579102,,,,,,,1,1,<2 mo. follow-up
1401,7267,49.98798,male,white,12,$25-$50k,Lung Cancer,Cancer,1,0,82,14.6992188,107,28,38.69531,183.84375,3.2998047,3.29980469,1,128,7.399414,134,24,4100,,,no dnr,0,1,no(M2 and SIP pres)
1402,3130,75.27399,male,white,12,$25-$50k,ARF/MOSF w/Sepsis,ARF/MOSF,3,26,63,1.59985352,45,32,36.09375,412,2.3999023,1.29980469,1.79980469,135,7.40918,216,41,685,,0,,1,1,<2 mo. follow-up
1403,6387,51.68198,male,white,14,$25-$50k,MOSF w/Malig,ARF/MOSF,1,0,93,0,136,24,39.79688,,2,0.59997559,1.59985352,130,,,,,,,no dnr,0,1,no(M2 and SIP pres)
1404,2894,73.04596,female,white,13,under $11k,ARF/MOSF w/Sepsis,ARF/MOSF,1,0,106,14.5996094,62,10,37.89844,168.3125,2,0.29998779,2.29980469,138,7.209961,198,42,1350,,7,no dnr,0,0,
1405,4973,51.87399,male,white,,,Cirrhosis,COPD/CHF/Cirrhosis,2,0,62,2.09960938,72,16,38,536,2.699707,0.5,0.5,138,7.439453,89,8,4440,,,no dnr,0,0,
1406,4167,50.62299,female,white,10,$11-$25k,ARF/MOSF w/Sepsis,ARF/MOSF,1,0,114,7.19921875,104,30,38.5,256.625,2,1.19995117,0.59997559,140,7.5,,,,0,0,no dnr,0,0,no(M2 and SIP pres)
1407,4590,79.95294,male,black,,under $11k,ARF/MOSF w/Sepsis,ARF/MOSF,2,41,119,37.296875,176,28,36,223.3125,2.2998047,0.29998779,0.69995117,142,7.5,148,47,1910,,,dnr after sadm,1,1,<2 mo. follow-up
1408,2442,77.24298,male,white,15,$25-$50k,COPD,COPD/CHF/Cirrhosis,2,0,63,2.19970703,60,15,40.29688,317.5,3.0996094,,2.5,145,7.479492,215,64,1205,0,0,dnr before sadm,0,0,no(M2 and SIP pres)
1409,5369,44.85699,male,white,12,,Cirrhosis,COPD/CHF/Cirrhosis,1,0,52,17.296875,55,18,35.79688,91.65625,,1.29980469,1.19995117,134,7.279297,73,14,4400,,0,no dnr,0,0,no(M2 and SIP pres)
1410,118,39.73199,male,black,12,under $11k,CHF,COPD/CHF/Cirrhosis,1,0,69,,112,22,37.19531,,,,1.39990234,137,,,,,6,4,no dnr,0,1,no(M2 and SIP pres)
1411,7821,64.64899,male,white,13,$11-$25k,Lung Cancer,Cancer,4,0,82,,96,16,36.29688,,,,1,135,,,,,,0,no dnr,0,1,
1412,5382,54.853,female,white,14,$11-$25k,ARF/MOSF w/Sepsis,ARF/MOSF,3,0,57,11.5,125,6,35.69531,310,0.5999756,,0.79992676,132,7.389648,78,13,1005,,2,dnr after sadm,1,1,<2 mo. follow-up
1413,4237,58.823,male,white,12,,ARF/MOSF w/Sepsis,ARF/MOSF,2,0,117,12.7988281,110,13,36.39844,180,1.1999512,0.79992676,0.89990234,133,7.419922,,,,,4,dnr after sadm,1,1,<2 mo. follow-up
1414,3011,62.76797,female,white,8,,ARF/MOSF w/Sepsis,ARF/MOSF,0,0,112,3.79980469,80,16,38.09375,314.25,3,,1.59985352,142,7.229492,145,27,3050,0,0,no dnr,0,0,no(M2 and SIP pres)
1415,3454,55.85498,male,white,,,Cirrhosis,COPD/CHF/Cirrhosis,2,9,90,11.1992188,94,18,34.39844,,2.7998047,33,1.39990234,126,,,,,,,dnr after sadm,1,1,<2 mo. follow-up
1416,1766,92.95599,female,white,8,under $11k,COPD,COPD/CHF/Cirrhosis,2,0,68,8.59960938,68,24,36.79688,422.1875,,,1.79980469,145,7.379883,,,,2,2,dnr after sadm,1,1,<2 mo. follow-up
1417,4699,51.23297,male,black,8,under $11k,ARF/MOSF w/Sepsis,ARF/MOSF,2,61,78,5.69921875,50,24,36.69531,,,0.59997559,0.79992676,139,,93,8,,,7,dnr after sadm,1,1,<2 mo. follow-up
1418,7788,88.82697,female,white,8,under $11k,CHF,COPD/CHF/Cirrhosis,1,0,64,4.39941406,59,24,36.29688,,3.699707,0.79992676,1.29980469,139,,,,,,0,dnr after sadm,0,1,no(M2 and SIP pres)
1419,7828,71.24695,male,white,12,under $11k,ARF/MOSF w/Sepsis,ARF/MOSF,1,0,63,7.09960938,98,12,39.59375,150,2.8999023,0.89990234,7.69921875,129,7.419922,,,,,,dnr after sadm,1,1,<2 mo. follow-up
1420,8592,51.11298,male,white,10,under $11k,ARF/MOSF w/Sepsis,ARF/MOSF,4,0,122,8.3984375,116,40,36.39844,240,3.699707,0.59997559,0.69995117,131,7.30957,154,7,1905,2,,dnr after sadm,0,1,<2 mo. follow-up
1421,1239,74.69995,female,black,11,under $11k,ARF/MOSF w/Sepsis,ARF/MOSF,2,26,52,8.29882812,65,36,36.79688,368.5,,,2.5,136,7.419922,98,48,1000,,1,dnr after sadm,0,0,
1422,7582,54.32397,male,black,12,under $11k,COPD,COPD/CHF/Cirrhosis,5,0,110,3.5,122,28,37.89844,,2.699707,0.39996338,1.5,133,,112,30,1275,1,4,dnr after sadm,0,0,SIP>=30
1423,4446,47.39499,male,black,,,ARF/MOSF w/Sepsis,ARF/MOSF,4,44,112,18,60,40,38.09375,,,,0.79992676,139,,179,11,575,,,dnr after sadm,1,1,<2 mo. follow-up
1424,5220,61.56598,female,white,12,,ARF/MOSF w/Sepsis,ARF/MOSF,2,44,131,6,62,24,37.69531,366.625,3.7998047,0.79992676,0.59997559,140,7.439453,137,7,2000,,,dnr after sadm,1,1,adl>=4 (>=5 if sur)
1425,6292,45.69699,female,black,12,under $11k,CHF,COPD/CHF/Cirrhosis,3,0,69,5.5,78,18,36.59375,400,3.699707,0.19998169,1.89990234,142,7.419922,,,,,,no dnr,0,1,no(M2 and SIP pres)
1426,2025,81.19098,male,white,7,$25-$50k,ARF/MOSF w/Sepsis,ARF/MOSF,3,0,57,7.09960938,51,24,37.89844,496,2.5,0.39996338,3.59960938,150,7.459961,,,,1,,no dnr,0,0,SIP>=30
1427,7569,69.21295,male,white,16,$11-$25k,Lung Cancer,Cancer,2,0,99,6,72,20,35.79688,,3.199707,1.39990234,1,138,,331,13,2600,,,no dnr,0,1,no(M2 and SIP pres)
1428,6565,30.19299,male,hispanic,12,$11-$25k,Coma,Coma,0,55,132,24.0976562,131,24,37.79688,413.3125,3.3999023,0.39996338,1.09985352,146,7.399414,,,,,0,no dnr,0,1,adl>=4 (>=5 if sur)
1429,7603,58.49399,female,white,8,$25-$50k,Cirrhosis,COPD/CHF/Cirrhosis,1,0,117,10.5996094,149,36,40.19531,410,,,1.09985352,139,7.459961,119,18,2016,0,1,dnr before sadm,0,1,<2 mo. follow-up
1430,5427,65.81799,female,white,12,under $11k,COPD,COPD/CHF/Cirrhosis,1,0,128,10.7988281,55,8,39.09375,270,,0.69995117,1.29980469,160,7.449219,153,17,1975,0,,no dnr,0,1,SIP>=30
1431,4864,57.34198,male,black,,,COPD,COPD/CHF/Cirrhosis,2,0,68,11.0996094,145,9,35,220,,0.79992676,2.39990234,129,7.349609,192,55,2230,,0,no dnr,0,0,no(M2 and SIP pres)
1432,164,65.70599,male,hispanic,18,$25-$50k,Colon Cancer,Cancer,1,0,84,10.5,81,20,37.89844,,,5,1.19995117,138,,,,,0,0,no dnr,0,1,no(M2 and SIP pres)
1433,1296,89.82599,female,white,,,ARF/MOSF w/Sepsis,ARF/MOSF,0,26,77,16.3984375,118,28,36.19531,233.3125,,0.69995117,1.09985352,133,7.469727,269,15,1075,,,dnr after sadm,1,1,<2 mo. follow-up
1434,146,81.54095,male,white,12,$25-$50k,CHF,COPD/CHF/Cirrhosis,3,0,84,65,61,20,37.19531,359.25,2.2998047,,1.79980469,139,7.449219,,,,,6,no dnr,0,1,
1435,1659,51.461,female,white,8,under $11k,Cirrhosis,COPD/CHF/Cirrhosis,2,37,73,8.578125,140,22,38.59375,384,2.199707,17.6992188,1.59985352,135,7.379883,,,,,,no dnr,0,0,SIP>=30
1436,8079,61.84799,male,white,12,$25-$50k,CHF,COPD/CHF/Cirrhosis,3,0,117,12,52,20,36.29688,,,,1.79980469,142,,,,,0,0,no dnr,0,1,no(M2 and SIP pres)
1437,4039,65.65399,female,white,12,,ARF/MOSF w/Sepsis,ARF/MOSF,0,0,133,10.1992188,11.398438,36,38.79688,137.5,,,0.79992676,136,7.509766,,,,,2,no dnr,0,0,no(M2 and SIP pres)
1438,669,44.60797,female,hispanic,8,under $11k,Cirrhosis,COPD/CHF/Cirrhosis,4,41,120,12.3984375,115,12,38.29688,280,,9.59960938,0.79992676,137,7.489258,,,,,7,dnr after sadm,1,1,<2 mo. follow-up
1439,7581,72.31494,female,white,10,$11-$25k,CHF,COPD/CHF/Cirrhosis,3,0,64,4.5,111,8,38.19531,523.75,2.5996094,0.39996338,0.59997559,137,7.429688,83,10,4105,0,0,no dnr,0,0,no(M2 and SIP pres)
1440,8472,75.79999,female,white,7,,CHF,COPD/CHF/Cirrhosis,6,0,74,23.5,81,24,36.09375,174.28125,3.5996094,0.29998779,0.79992676,140,7.419922,125,9,1710,1,0,no dnr,0,0,no(M2 and SIP pres)
1441,5012,67.49896,female,white,11,$11-$25k,COPD,COPD/CHF/Cirrhosis,1,0,125,16.8984375,115,40,38.09375,226,,,2.79980469,145,7.469727,133,79,1540,0,0,no dnr,0,0,no(M2 and SIP pres)
1442,2723,79.71497,female,white,12,under $11k,COPD,COPD/CHF/Cirrhosis,7,26,59,10.5996094,69,20,36.69531,178.3125,3.5996094,1.79980469,2.39990234,138,7.15918,85,33,850,,7,dnr before sadm,0,1,<2 mo. follow-up
1443,7584,63.258,male,white,12,under $11k,ARF/MOSF w/Sepsis,ARF/MOSF,3,37,140,15.0996094,150,25,38.69531,314,,,1.19995117,149,7.429688,163,31,3680,,3,dnr after sadm,1,1,<2 mo. follow-up
1444,2111,67.51794,female,white,12,$11-$25k,ARF/MOSF w/Sepsis,ARF/MOSF,2,0,78,12,100,38,37.59375,93,3,3.29980469,1.5,137,7.349609,,,,,1,no dnr,0,0,no(M2 and SIP pres)
1445,3229,83.72296,male,white,,under $11k,CHF,COPD/CHF/Cirrhosis,5,0,80,9.3984375,50,20,36.09375,,,,1.5,142,,76,31,1450,0,0,no dnr,0,0,
1446,4754,67.737,male,white,12,under $11k,ARF/MOSF w/Sepsis,ARF/MOSF,2,44,118,10.3984375,105,24,37,266.625,,0.59997559,0.79992676,134,7.399414,128,9,1150,,0,dnr after sadm,1,1,<2 mo. follow-up
1447,8326,74.92096,male,white,8,$11-$25k,ARF/MOSF w/Sepsis,ARF/MOSF,2,41,67,0.39996338,104,32,39.5,265.6875,3.199707,2,2.89990234,141,7.439453,,,,,5,dnr after sadm,0,1,<2 mo. follow-up
1448,5342,28.75299,female,white,,,ARF/MOSF w/Sepsis,ARF/MOSF,3,9,25,14.5996094,0,12,37.39844,368,2.5,19.5,1.5,150,7.419922,85,25,2305,,,no dnr,0,0,
1449,8025,78.57098,male,white,8,,ARF/MOSF w/Sepsis,ARF/MOSF,1,26,101,12,72,26,36.29688,144.875,3.3999023,1.69995117,1.39990234,140,7.479492,,,,,0,no dnr,0,1,no(M2 and SIP pres)
1450,3805,75.53198,female,black,12,,ARF/MOSF w/Sepsis,ARF/MOSF,3,89,43,9.59960938,0,25,35.59375,294,,1.29980469,3.39990234,149,7.359375,,,,,7,dnr after sadm,1,1,<2 mo. follow-up
1451,4089,62.31598,female,black,11,,ARF/MOSF w/Sepsis,ARF/MOSF,0,0,117,24,104,32,36.39844,300,2.2998047,0.39996338,1.39990234,141,7.439453,,,,2,0,no dnr,0,1,no(M2 and SIP pres)
1452,1448,36.33099,male,white,,,Coma,Coma,0,94,120,12.7988281,125,30,39.19531,,,0.89990234,0.69995117,131,,146,14,2795,,,dnr after sadm,1,1,<2 mo. follow-up
1453,6164,86.72998,female,white,8,under $11k,ARF/MOSF w/Sepsis,ARF/MOSF,1,0,71,5,141,28,38.69531,220,2.8999023,0.39996338,0.39996338,125,7.429688,,,,4,6,no dnr,0,0,no(M2 and SIP pres)
1454,5337,64.07397,female,white,12,,ARF/MOSF w/Sepsis,ARF/MOSF,1,0,50,24.8984375,115,27,35.79688,438.0625,,0.5,5.19921875,147,7.429688,272,41,705,,,dnr after sadm,1,1,<2 mo. follow-up
1455,4314,59.86298,male,black,4,under $11k,Lung Cancer,Cancer,3,0,67,7.69921875,70,20,36.09375,,,,1.5,141,,56,27,2050,,6,dnr after sadm,0,1,<2 mo. follow-up
1456,94,52.50699,female,white,12,$11-$25k,CHF,COPD/CHF/Cirrhosis,1,0,67,8.5,88,20,36.59375,,3.0996094,0.69995117,1.39990234,129,,,,,6,7,dnr after sadm,1,1,<2 mo. follow-up
1457,4033,59.60599,male,white,12,$11-$25k,ARF/MOSF w/Sepsis,ARF/MOSF,1,0,110,13.7988281,96,8,38.19531,316.625,2.7998047,4.29980469,1.29980469,142,7.439453,,,,,7,no dnr,0,0,SIP>=30
1458,3120,72.00494,female,white,12,,ARF/MOSF w/Sepsis,ARF/MOSF,2,9,107,14.1992188,100,12,38.29688,241,3,5.79980469,4.5,144,7.429688,163,39,859,2,2,no dnr,0,0,no(M2 and SIP pres)
1459,3165,82.14099,female,white,,,MOSF w/Malig,ARF/MOSF,3,9,100,13.3984375,112,20,36.09375,,2.199707,,0.69995117,141,,78,8,,,,dnr after sadm,0,1,<2 mo. follow-up
1460,7078,34.49399,female,black,10,under $11k,ARF/MOSF w/Sepsis,ARF/MOSF,1,0,72,11.0996094,96,24,38.89844,303.6875,2.199707,0.89990234,1,133,7.489258,114,21,3.519531,,0,no dnr,0,0,no(M2 and SIP pres)
1461,8665,40.55298,male,white,0,under $11k,Coma,Coma,0,94,68,10.3984375,64,40,36.09375,268,2.5,3.89990234,0.79992676,137,7.40918,168,25,4550,,,dnr after sadm,1,1,<2 mo. follow-up
1462,539,64.11798,female,black,,,Lung Cancer,Cancer,3,0,109,10.5,78,16,36.39844,,4.6992188,0.69995117,1.29980469,134,,,,,,,no dnr,0,1,
1463,1940,83.29596,female,white,13,,CHF,COPD/CHF/Cirrhosis,4,0,47,5.29980469,121,24,37.79688,,3.8999023,0.29998779,1.29980469,146,,,,,0,0,no dnr,0,0,no(M2 and SIP pres)
1464,8444,64.18597,female,white,12,,ARF/MOSF w/Sepsis,ARF/MOSF,1,37,131,16.5976562,118,25,37.69531,206,3.3999023,0.59997559,2.79980469,136,7.399414,180,33,1327,,6,dnr after sadm,1,1,<2 mo. follow-up
1465,553,24.56699,female,hispanic,12,under $11k,ARF/MOSF w/Sepsis,ARF/MOSF,3,0,65,10.1992188,130,32,38.5,166.65625,,0.79992676,8.79882812,137,7.369141,,,,,0,no dnr,0,0,adl>=4 (>=5 if sur)
1466,5225,69.71899,male,white,3,under $11k,Lung Cancer,Cancer,4,0,108,25.296875,70,12,36.29688,287.5,,14.8984375,7.39941406,140,7.359375,77,83,1975,,0,no dnr,0,1,
1467,9046,76.53894,male,white,8,,Lung Cancer,Cancer,1,0,44,0.29998779,170,24,38.29688,183.65625,3,0.89990234,5,137,7.369141,237,96,5,,,no dnr,0,1,no(M2 and SIP pres)
1468,734,57.84799,male,white,14,$25-$50k,MOSF w/Malig,ARF/MOSF,1,55,48,0.04999542,200,32,39.29688,75.54688,,8.69921875,1.79980469,152,7.289062,,,,,5,no dnr,1,1,<2 mo. follow-up
1469,8075,84.40198,male,white,14,$11-$25k,ARF/MOSF w/Sepsis,ARF/MOSF,1,0,108,13.2988281,114,34,38.5,165,2.5,5.79980469,1.19995117,140,7.399414,,,,,0,no dnr,0,0,no(M2 and SIP pres)
1470,2040,66.92096,female,white,16,>$50k,COPD,COPD/CHF/Cirrhosis,1,0,56,6.59960938,109,8,37.89844,180,2.3999023,,0.59997559,141,7.40918,,,,0,0,no dnr,0,0,no(M2 and SIP pres)
1471,7296,74.133,male,white,12,under $11k,COPD,COPD/CHF/Cirrhosis,4,9,106,5.39941406,101,30,36.59375,,2.0996094,1.09985352,0.89990234,139,,105,11,1475,6,1,no dnr,0,0,SIP>=30
1472,1695,46.72699,female,white,9,under $11k,Cirrhosis,COPD/CHF/Cirrhosis,3,0,77,9.8984375,80,20,37.59375,,,1.09985352,0.89990234,143,,,,,1,,no dnr,0,1,no(M2 and SIP pres)
1473,4952,64.44598,female,black,10,,ARF/MOSF w/Sepsis,ARF/MOSF,1,0,118,52.09375,115,14,36.09375,104.20312,3.0996094,24.5976562,3.79980469,138,7.479492,186,57,840,,6,dnr after sadm,0,1,adl>=4 (>=5 if sur)
1474,2294,86.13599,female,white,,,CHF,COPD/CHF/Cirrhosis,2,0,103,,80,20,36.09375,544,3.699707,,1.69995117,139,7.489258,,,,,,no dnr,0,1,
1475,5599,72.25696,male,white,12,$25-$50k,ARF/MOSF w/Sepsis,ARF/MOSF,1,9,133,7.39941406,75,28,37.5,,,,1.89990234,139,,95,24,5200,0,0,no dnr,0,0,no(M2 and SIP pres)
1476,5578,39.67099,male,white,16,,ARF/MOSF w/Sepsis,ARF/MOSF,2,0,112,63.5,65,24,38.59375,185,3.2998047,0.89990234,1,148,7.469727,343,30,2910,,4,no dnr,0,0,no(M2 and SIP pres)
1477,6636,73.01794,female,white,8,under $11k,ARF/MOSF w/Sepsis,ARF/MOSF,0,0,106,27.796875,113,24,36.89844,292,3.5996094,0.39996338,1.09985352,138,7.429688,,,,0,0,no dnr,0,0,no(M2 and SIP pres)
1478,4949,40.20798,male,black,14,,MOSF w/Malig,ARF/MOSF,2,100,73,4,65,20,38.09375,328.5625,2.7998047,0.79992676,1.39990234,139,7.449219,107,13,,,,no dnr,1,1,<2 mo. follow-up
1479,5618,41.87799,male,white,14,$25-$50k,Lung Cancer,Cancer,1,0,108,5.79980469,125,6,36.39844,197.5,2.3999023,7.29980469,1.09985352,145,7.359375,103,14,2070,0,0,no dnr,0,1,no(M2 and SIP pres)
1480,8373,29.97899,male,white,14,under $11k,ARF/MOSF w/Sepsis,ARF/MOSF,1,9,77,14.5,126,30,37.79688,240,2.5996094,0.39996338,0.89990234,141,7.389648,,,,,0,no dnr,0,0,adl>=4 (>=5 if sur)
1481,5313,68.211,male,white,,,COPD,COPD/CHF/Cirrhosis,2,0,70,13.6992188,70,22,36.19531,153.3125,,,0.89990234,140,7.439453,102,21,,,,dnr after sadm,0,1,
1482,6628,52.38898,female,white,12,,MOSF w/Malig,ARF/MOSF,1,0,61,0.06999207,122,24,38.79688,,3.0996094,1.09985352,2.09960938,132,,,,,,2,no dnr,0,1,
1483,8704,35.15399,male,white,16,,ARF/MOSF w/Sepsis,ARF/MOSF,0,94,126,14.1992188,132,10,39.29688,154,2.199707,1.89990234,1,135,7.389648,235,17,2785,,0,no dnr,0,0,adl>=4 (>=5 if sur)
1484,6673,68.29596,female,white,,,Coma,Coma,0,100,121,11.5996094,138,12,35.29688,212.5,2.5996094,0.5,1.19995117,150,7.489258,,,,,,no dnr,1,1,<2 mo. follow-up
1485,1969,71.32898,female,white,,,Coma,Coma,3,94,67,16.5976562,110,32,38.79688,346,2.3999023,,1,148,7.459961,,,,,,dnr after sadm,1,1,<2 mo. follow-up
1486,547,76.56696,male,white,12,,ARF/MOSF w/Sepsis,ARF/MOSF,3,26,108,10.3984375,145,32,38.29688,188.5625,1.6999512,7.09960938,1.19995117,136,7.489258,,,,,,dnr after sadm,1,1,<2 mo. follow-up
1487,6374,25.40999,female,white,0,$11-$25k,ARF/MOSF w/Sepsis,ARF/MOSF,0,0,69,17.0976562,106,26,39.39844,271.375,2.2998047,1,1.39990234,134,7.30957,,,,,2,dnr after sadm,0,0,no(M2 and SIP pres)
1488,3640,64.28198,male,white,8,$25-$50k,CHF,COPD/CHF/Cirrhosis,5,0,97,6,76,28,36.29688,495.1875,4.3994141,0.69995117,2,139,7.429688,,,,0,0,no dnr,0,1,no(M2 and SIP pres)
1489,2929,76.01398,male,white,12,$25-$50k,COPD,COPD/CHF/Cirrhosis,2,0,83,24.6992188,80,15,36.09375,,2.5996094,0.69995117,0.79992676,134,,148,11,982,1,,no dnr,0,0,no(M2 and SIP pres)
1490,1074,75.146,female,white,,,Colon Cancer,Cancer,1,0,72,10.3984375,84,20,37.79688,,3.7998047,0.39996338,0.69995117,136,,147,7,1025,,,no dnr,0,1,
1491,6342,55.01199,female,white,9,,ARF/MOSF w/Sepsis,ARF/MOSF,2,0,65,9.09960938,104,30,36,115,3.5996094,0.29998779,0.59997559,139,7.40918,,,,1,1,no dnr,0,0,no(M2 and SIP pres)
1492,4878,56.89798,female,white,12,,ARF/MOSF w/Sepsis,ARF/MOSF,1,0,65,6.89941406,70,26,37.79688,352,,,4.29980469,131,7.519531,237,94,585,,0,no dnr,0,0,
1493,5062,66.75696,male,black,14,$25-$50k,Lung Cancer,Cancer,2,0,107,79.390625,88,20,37.69531,205.6875,3.2998047,0.79992676,1.69995117,140,7.429688,97,13,3370,,,no dnr,0,1,<2 mo. follow-up
1494,7725,24.57199,female,black,11,under $11k,ARF/MOSF w/Sepsis,ARF/MOSF,0,0,67,0.79992676,72,20,38.89844,,,0.5,1,133,,145,7,2550,0,0,no dnr,0,0,SIP>=30
1495,4466,70.31097,male,white,16,$25-$50k,ARF/MOSF w/Sepsis,ARF/MOSF,1,0,61,11.0996094,76,31,38.19531,191.40625,2.8999023,2.59960938,4.69921875,142,7.379883,80,90,2215,,,no dnr,0,0,no(M2 and SIP pres)
1496,2674,90.48596,female,white,12,under $11k,ARF/MOSF w/Sepsis,ARF/MOSF,3,0,133,9.29882812,82,24,36.79688,432,,0.5,1.79980469,147,7.379883,247,29,1435,,3,dnr before sadm,1,1,<2 mo. follow-up
1497,4488,64.79395,male,white,12,under $11k,MOSF w/Malig,ARF/MOSF,2,41,55,10.1992188,120,34,35.89844,154.28125,,,3.79980469,138,7.229492,83,58,65,,0,dnr after sadm,1,1,<2 mo. follow-up
1498,1410,61.49799,female,white,12,,Lung Cancer,Cancer,2,0,97,,110,22,37.89844,,,,,140,,136,,3100,0,0,no dnr,0,1,
1499,7442,53.15799,male,white,7,under $11k,Cirrhosis,COPD/CHF/Cirrhosis,3,0,117,31.8984375,65,28,38.19531,144,1.5998535,2.89990234,1,135,7.349609,199,25,3110,0,2,no dnr,0,0,no(M2 and SIP pres)
1500,8524,35.978,female,white,12,$11-$25k,ARF/MOSF w/Sepsis,ARF/MOSF,2,0,114,14.2988281,107,24,37.79688,,2.699707,0.29998779,6.59960938,125,,169,31,0,,0,dnr after sadm,1,1,<2 mo. follow-up
1501,436,57.02899,male,white,17,$11-$25k,Cirrhosis,COPD/CHF/Cirrhosis,3,26,67,5.09960938,130,25,37,212.5,2.5,8.3984375,1.09985352,136,7.55957,,,,,0,dnr after sadm,0,1,<2 mo. follow-up
1502,411,67.82996,male,white,,,ARF/MOSF w/Sepsis,ARF/MOSF,1,0,58,9.59960938,85,16,39.79688,65,,,5.69921875,145,7.279297,,,,,,dnr after sadm,1,1,<2 mo. follow-up
1503,2033,70.45898,female,white,,$25-$50k,ARF/MOSF w/Sepsis,ARF/MOSF,1,0,61,8.8984375,65,36,38.29688,256.625,3,1.19995117,1.5,137,7.359375,,,,1,0,no dnr,0,0,no(M2 and SIP pres)
1504,8868,74.17096,male,white,,,COPD,COPD/CHF/Cirrhosis,2,0,78,8.29882812,53,16,35.89844,,,,1.39990234,138,,124,18,3100,2,0,no dnr,0,0,no(M2 and SIP pres)
1505,2530,87.59497,female,white,12,under $11k,COPD,COPD/CHF/Cirrhosis,3,0,56,0.69995117,102,30,39.19531,251.65625,,1,2.39990234,135,7.5,93,44,780,,7,no dnr,1,1,<2 mo. follow-up
1506,3145,63.198,male,white,12,,MOSF w/Malig,ARF/MOSF,4,0,119,0.19998169,124,38,38.59375,121.65625,2.2998047,1.19995117,1.39990234,151,7.419922,145,27,3455,2,2,dnr after sadm,1,1,<2 mo. follow-up
1507,2599,73.599,male,white,16,$11-$25k,MOSF w/Malig,ARF/MOSF,1,0,81,6.79980469,76,20,37.39844,,,,0.59997559,137,,115,10,4202,,0,dnr after sadm,1,1,<2 mo. follow-up
1508,8010,76.25696,male,white,12,$11-$25k,COPD,COPD/CHF/Cirrhosis,1,0,100,4.89941406,93,24,36.19531,185.6875,4.3994141,0.39996338,1.19995117,140,7.389648,,,,0,4,no dnr,0,1,<2 mo. follow-up
1509,6442,92.34198,male,white,6,under $11k,Lung Cancer,Cancer,2,0,97,8,72,20,35.39844,316,3,0.29998779,1.09985352,132,7.439453,,,,2,,dnr after sadm,0,1,adl>=4 (>=5 if sur)
1510,73,59.31,male,white,15,>$50k,ARF/MOSF w/Sepsis,ARF/MOSF,0,26,60,19.3984375,160,38,37.29688,113.32812,3.0996094,13.0996094,1.29980469,142,7.509766,,,,,2,no dnr,0,0,adl>=4 (>=5 if sur)
1511,2825,85.06494,male,white,9,$25-$50k,ARF/MOSF w/Sepsis,ARF/MOSF,2,0,96,9.19921875,68,10,36.79688,93.75,2.3999023,0.39996338,0.59997559,130,7.399414,82,17,2030,0,0,no dnr,0,1,adl>=4 (>=5 if sur)
1512,8506,76.05695,female,white,12,$11-$25k,ARF/MOSF w/Sepsis,ARF/MOSF,2,0,77,9.79882812,64,24,35.29688,,4.2998047,0.79992676,1.19995117,137,,123,23,,,6,no dnr,0,1,
1513,8934,78.89099,male,white,12,$25-$50k,CHF,COPD/CHF/Cirrhosis,2,0,75,9.69921875,104,24,35.69531,385.6875,2.5996094,0.5,1.39990234,125,7.469727,124,32,3475,0,0,dnr before sadm,0,0,no(M2 and SIP pres)
1514,713,73.59094,female,white,12,under $11k,ARF/MOSF w/Sepsis,ARF/MOSF,0,37,68,27.5,110,12,38.5,90.90625,2.3999023,2.39990234,1.09985352,131,7.419922,,,,,,no dnr,0,1,adl>=4 (>=5 if sur)
1515,5693,27.25299,female,white,12,$11-$25k,ARF/MOSF w/Sepsis,ARF/MOSF,0,37,115,14,105,24,37.79688,340,2.699707,,0.79992676,136,7.469727,189,25,1935,,0,no dnr,0,0,no(M2 and SIP pres)
1516,1789,77.35797,female,white,12,under $11k,COPD,COPD/CHF/Cirrhosis,3,0,37,10.5,92,40,37.59375,170,2.5,0.39996338,1.09985352,153,7.399414,,,,,,dnr after sadm,0,1,no(M2 and SIP pres)
1517,8678,83.82495,female,white,,,ARF/MOSF w/Sepsis,ARF/MOSF,0,0,113,7.19921875,77,12,36,,4,2.09960938,1,132,,196,4,3995,,,no dnr,1,1,<2 mo. follow-up
1518,2417,49.69498,male,black,9,,ARF/MOSF w/Sepsis,ARF/MOSF,4,0,102,14.7988281,130,30,39,155,,,0.5,130,7.5,147,13,1530,0,0,no dnr,0,0,SIP>=30
1519,1432,40.05197,female,asian,14,,Colon Cancer,Cancer,1,0,77,13.6992188,80,20,36.59375,,,,1.19995117,134,,,14,2900,0,,no dnr,0,1,no(M2 and SIP pres)
1520,7254,55.797,female,white,12,$11-$25k,CHF,COPD/CHF/Cirrhosis,4,0,65,13.6992188,144,36,36.29688,255.53125,1.7998047,0.5,0.79992676,133,7.489258,161,20,2875,0,,no dnr,0,0,SIP>=30
1521,3850,38.22598,female,black,,,ARF/MOSF w/Sepsis,ARF/MOSF,0,26,53,9.5,166,20,38.59375,222.84375,,0.79992676,1.19995117,147,7.399414,,,,,,dnr after sadm,1,1,<2 mo. follow-up
1522,5835,67.64099,male,white,12,$11-$25k,Lung Cancer,Cancer,1,0,95,3.89990234,92,28,35.79688,,,,1,141,,,,,0,2,dnr after sadm,0,1,<2 mo. follow-up
1523,3405,63.211,male,white,,,CHF,COPD/CHF/Cirrhosis,2,0,70,8,80,20,36.39844,428.5625,,1.5,1.09985352,142,7.459961,,,,,,no dnr,0,1,
1524,367,51.573,female,white,,,ARF/MOSF w/Sepsis,ARF/MOSF,1,26,98,10.0996094,85,28,37.19531,44.4375,3.3999023,1.89990234,1.29980469,133,7.40918,,,,,,dnr after sadm,1,1,<2 mo. follow-up
1525,5195,87.92596,female,white,15,$11-$25k,COPD,COPD/CHF/Cirrhosis,3,9,120,16.1992188,125,42,37.69531,170,2.3999023,0.5,0.5,132,7.449219,113,13,5325,,1,dnr after sadm,0,1,adl>=4 (>=5 if sur)
1526,3842,62.60397,male,white,16,$11-$25k,Colon Cancer,Cancer,1,0,113,4.29980469,66,16,37.69531,,3.5996094,0.59997559,1.09985352,139,,,,,0,0,no dnr,0,1,no(M2 and SIP pres)
1527,7409,59.39999,female,white,10,under $11k,COPD,COPD/CHF/Cirrhosis,3,0,69,12.5,129,32,39,207.5,2.2998047,9.3984375,0.89990234,143,7.419922,115,18,3345,2,,dnr before sadm,1,1,<2 mo. follow-up
1528,402,58.11899,female,white,,,ARF/MOSF w/Sepsis,ARF/MOSF,0,100,15,0.89990234,40,20,33.09375,245,2.0996094,1.39990234,2.69970703,127,7.40918,,,,,,dnr after sadm,1,1,<2 mo. follow-up
1529,8103,83.33496,male,white,17,$11-$25k,Coma,Coma,2,26,103,31.796875,118,38,39.19531,143.3125,,,1.39990234,144,7.429688,,,,,0,dnr after sadm,0,1,adl>=4 (>=5 if sur)
1530,8469,64.84094,male,white,8,,ARF/MOSF w/Sepsis,ARF/MOSF,3,0,118,9.5,76,10,36.39844,178.5625,3.699707,0.59997559,2.29980469,142,7.219727,173,61,4335,,0,no dnr,0,0,no(M2 and SIP pres)
1531,5953,81.22095,male,white,12,under $11k,COPD,COPD/CHF/Cirrhosis,2,0,106,15.1992188,99,30,36,183.84375,2.7998047,0.59997559,1.19995117,137,7.299805,,,,5,2,dnr after sadm,1,1,<2 mo. follow-up
1532,4178,62.37598,male,white,19,>$50k,MOSF w/Malig,ARF/MOSF,1,0,61,0.09999084,126,30,38.79688,256,,0.79992676,0.89990234,138,7.479492,,,,0,0,dnr after sadm,1,1,<2 mo. follow-up
1533,1640,62.84698,male,white,14,under $11k,MOSF w/Malig,ARF/MOSF,2,0,63,32.3984375,66,28,36.79688,200,2.8999023,1.09985352,4.09960938,128,7.399414,,,,0,,dnr after sadm,1,1,<2 mo. follow-up
1534,7906,72.75,female,white,12,under $11k,COPD,COPD/CHF/Cirrhosis,4,41,82,7.39941406,60,24,36.79688,240,,,0.5,137,7.40918,,,,,5,dnr after sadm,0,1,adl>=4 (>=5 if sur)
1535,8547,79.10199,female,white,,,Colon Cancer,Cancer,2,0,69,8.8984375,104,24,36.29688,,3.0996094,0.29998779,1.39990234,134,,104,15,,,,dnr before sadm,0,1,
1536,2144,70.73499,male,white,8,>$50k,ARF/MOSF w/Sepsis,ARF/MOSF,3,0,61,7.09960938,52,28,37.89844,151,,,1.59985352,134,7.369141,,,,0,2,no dnr,0,1,no(M2 and SIP pres)
1537,2623,60.40799,male,white,11,$25-$50k,CHF,COPD/CHF/Cirrhosis,6,0,62,9.79882812,55,28,36.39844,121.65625,2.8999023,,1.19995117,137,7.469727,123,25,1905,0,,no dnr,0,1,no(M2 and SIP pres)
1538,2626,61.90598,male,white,14,$11-$25k,ARF/MOSF w/Sepsis,ARF/MOSF,3,0,81,7.09960938,116,24,38,144.875,,,0.79992676,134,7.479492,185,7,1850,1,1,no dnr,0,1,<2 mo. follow-up
1539,218,47.737,female,black,12,,ARF/MOSF w/Sepsis,ARF/MOSF,0,0,47,13.0996094,164,31,39.29688,52,,,3,130,7.139648,,,,,1,no dnr,0,0,Coma or Intub
1540,6691,66.77899,female,white,12,$11-$25k,ARF/MOSF w/Sepsis,ARF/MOSF,2,0,126,28,130,30,35.39844,138,2,3.09960938,0.5,127,7.429688,,,,,0,dnr after sadm,1,1,<2 mo. follow-up
1541,6088,66.67999,female,white,6,under $11k,ARF/MOSF w/Sepsis,ARF/MOSF,1,0,125,23,120,28,35.5,230.65625,2.7998047,11.2988281,2.09960938,128,7.40918,,,,,0,dnr after sadm,1,1,<2 mo. follow-up
1542,1595,65.81,male,black,15,,CHF,COPD/CHF/Cirrhosis,1,0,113,5.39941406,100,20,37.59375,380.9375,4.5,,1.79980469,143,7.479492,,,,0,0,no dnr,0,0,no(M2 and SIP pres)
1543,545,77.17499,female,white,,,Cirrhosis,COPD/CHF/Cirrhosis,2,0,82,7.79980469,72,20,36,,,6.29980469,1.19995117,138,,,,,,,no dnr,0,1,
1544,5086,43.25,male,white,8,under $11k,ARF/MOSF w/Sepsis,ARF/MOSF,0,0,133,8.5,115,33,39.39844,259.25,3.199707,1.59985352,2.89990234,145,7.479492,212,81,2215,,5,dnr after sadm,1,1,<2 mo. follow-up
1545,862,42.69397,male,white,,,ARF/MOSF w/Sepsis,ARF/MOSF,2,0,103,2.39990234,125,26,39.29688,286.625,2.5,0.5,1,130,7.449219,123,12,2000,,,no dnr,0,0,
1546,3960,56.91998,male,white,16,>$50k,Coma,Coma,1,100,111,12.1992188,116,22,36.59375,316.625,1.7998047,0.69995117,0.5,135,7.429688,,,,,5,dnr after sadm,1,1,<2 mo. follow-up
1547,2384,66.04498,male,white,16,,MOSF w/Malig,ARF/MOSF,2,0,33,23.796875,40,44,36.39844,105,2.199707,2.19970703,4.19921875,127,7.389648,,,,,,dnr after sadm,1,1,<2 mo. follow-up
1548,3232,84.67596,female,white,16,$11-$25k,ARF/MOSF w/Sepsis,ARF/MOSF,0,0,113,14.8984375,80,25,36.09375,138.3125,,,3.79980469,145,7.439453,117,72,950,2,0,no dnr,0,0,no(M2 and SIP pres)
1549,5421,72.74194,male,white,8,$11-$25k,ARF/MOSF w/Sepsis,ARF/MOSF,2,0,52,0.09999084,135,26,36.09375,316.625,2.5996094,10.5,2.89990234,143,7.299805,86,90,435,,0,dnr after sadm,1,1,<2 mo. follow-up
1550,3660,63.41998,female,black,10,,CHF,COPD/CHF/Cirrhosis,3,0,70,4.09960938,44,22,36.09375,264,,0.5,1.89990234,137,7.549805,,,,3,4,no dnr,0,1,no(M2 and SIP pres)
1551,3797,72.81897,male,white,12,under $11k,ARF/MOSF w/Sepsis,ARF/MOSF,2,0,59,15.7988281,48,22,37.5,176.65625,,,2.89990234,128,7.5,,,,,1,no dnr,0,1,no(M2 and SIP pres)
1552,853,58.95398,female,white,,,ARF/MOSF w/Sepsis,ARF/MOSF,4,0,135,5.59960938,95,10,39.09375,170,,18.8984375,1.5,153,7.439453,182,76,1880,,,no dnr,1,1,<2 mo. follow-up
1553,626,66.37097,male,white,12,$25-$50k,CHF,COPD/CHF/Cirrhosis,0,0,57,11.5996094,115,24,36.59375,,,,1.59985352,130,,,,,0,,no dnr,0,0,no(M2 and SIP pres)
1554,2783,74.875,female,other,12,under $11k,CHF,COPD/CHF/Cirrhosis,3,0,47,18.5976562,113,34,38.79688,53,2.2998047,0.89990234,0.89990234,143,7.369141,154,17,1968,1,1,no dnr,0,1,no(M2 and SIP pres)
1555,490,70.46698,female,other,16,$25-$50k,ARF/MOSF w/Sepsis,ARF/MOSF,2,9,135,5.09960938,120,26,37.69531,195.90625,,,2.29980469,128,7.439453,,,,,,no dnr,0,1,
1556,3568,62.64999,male,white,12,$25-$50k,ARF/MOSF w/Sepsis,ARF/MOSF,0,0,121,13.0996094,110,20,38.59375,215.53125,,0.39996338,1.5,141,7.439453,,,,,0,dnr after sadm,1,1,<2 mo. follow-up
1557,7312,69.62897,male,white,12,under $11k,ARF/MOSF w/Sepsis,ARF/MOSF,2,0,63,7.39941406,109,16,38.69531,93.75,2.5,4.79980469,0.69995117,132,7.389648,228,19,2093,,2,no dnr,1,1,<2 mo. follow-up
1558,6977,19.34299,female,black,12,under $11k,ARF/MOSF w/Sepsis,ARF/MOSF,0,0,68,19.796875,164,44,36.09375,104.4375,2.0996094,0.39996338,0.79992676,139,7.339844,103,22,842,0,0,no dnr,0,0,no(M2 and SIP pres)
1559,8382,78.80396,male,white,14,$11-$25k,Cirrhosis,COPD/CHF/Cirrhosis,2,0,97,4.5,74,16,35.19531,,3.5996094,0.69995117,1.79980469,133,,,,,2,2,dnr after sadm,0,1,no(M2 and SIP pres)
1560,503,55.13998,female,white,,,COPD,COPD/CHF/Cirrhosis,5,0,71,7.59960938,84,20,36.79688,223.78125,,,0.69995117,136,7.439453,,,,1,5,no dnr,0,0,adl>=4 (>=5 if sur)
1561,2110,53.65598,male,hispanic,12,under $11k,ARF/MOSF w/Sepsis,ARF/MOSF,1,0,60,9.69921875,69,40,38.89844,,2.2998047,2.89990234,1.39990234,132,,,,,0,0,no dnr,0,0,no(M2 and SIP pres)
1562,8004,88.62695,male,white,8,under $11k,COPD,COPD/CHF/Cirrhosis,1,26,62,6.59960938,77,28,36.19531,146.65625,3.199707,0.29998779,1.19995117,136,7.359375,,,,,3,dnr after sadm,0,1,no(M2 and SIP pres)
1563,5339,67.896,male,white,11,under $11k,ARF/MOSF w/Sepsis,ARF/MOSF,2,100,113,9.69921875,95,16,35.79688,,4,0.59997559,0.79992676,138,,92,7,6600,,0,no dnr,0,1,adl>=4 (>=5 if sur)
1564,2346,76.435,male,white,12,under $11k,CHF,COPD/CHF/Cirrhosis,6,0,53,10.1992188,70,25,36.09375,113.32812,,,2.29980469,137,7.369141,,,,0,,dnr before sadm,0,1,no(M2 and SIP pres)
1565,764,73.42896,male,white,12,>$50k,CHF,COPD/CHF/Cirrhosis,1,0,53,19.3984375,80,20,36.39844,155.09375,,,1.39990234,137,7.259766,,,,,1,no dnr,0,1,
1566,5934,70.11096,male,white,14,$11-$25k,ARF/MOSF w/Sepsis,ARF/MOSF,2,0,66,26.3984375,110,24,38.89844,207.5,2,0.39996338,1.09985352,127,7.439453,,,,,0,no dnr,0,1,SIP>=30
1567,2574,44.92297,female,white,16,$11-$25k,MOSF w/Malig,ARF/MOSF,1,0,103,16.296875,120,25,38.89844,,,,0.79992676,135,,154,11,1795,,,dnr after sadm,1,1,<2 mo. follow-up
1568,2571,62.12698,female,hispanic,14,$25-$50k,ARF/MOSF w/Sepsis,ARF/MOSF,1,0,153,14.5996094,125,36,39.59375,438.0625,2.8999023,,1.19995117,134,7.5,220,16,1055,,0,no dnr,0,0,adl>=4 (>=5 if sur)
1569,8906,53.41299,male,white,14,,Lung Cancer,Cancer,1,0,119,14.5,100,20,36.5,128.5625,2.5,0.19998169,3.5,133,7.459961,320,54,4570,3,2,dnr after sadm,0,1,adl>=4 (>=5 if sur)
1570,2090,75.34296,male,white,12,under $11k,Colon Cancer,Cancer,1,0,67,9.59960938,80,20,40,,3.7998047,,1.09985352,138,,,,,1,1,no dnr,0,1,
1571,5285,61.32199,male,black,12,$11-$25k,ARF/MOSF w/Sepsis,ARF/MOSF,1,0,67,6.29980469,119,28,38.89844,,2.5,5.59960938,0.79992676,137,,80,5,,,,dnr after sadm,1,1,<2 mo. follow-up
1572,865,20.523,male,other,,$11-$25k,MOSF w/Malig,ARF/MOSF,4,0,110,0.04999542,118,32,36.79688,236.65625,,5.5,0.79992676,142,7.439453,251,30,3890,,6,dnr after sadm,0,1,
1573,5235,50.237,male,white,16,>$50k,Lung Cancer,Cancer,1,0,103,4.39941406,80,20,36.29688,,,0.5,1,135,,89,16,,0,,no dnr,0,1,
1574,3122,59.63599,male,black,16,$25-$50k,Cirrhosis,COPD/CHF/Cirrhosis,2,0,60,7.89941406,80,20,36.09375,,4,0.59997559,0.79992676,130,,412,15,,0,,no dnr,0,1,<2 mo. follow-up
1575,7732,68.20294,male,white,10,,ARF/MOSF w/Sepsis,ARF/MOSF,5,0,134,14.6992188,148,8,36.79688,160.96875,,,0.59997559,126,7.429688,165,3,2265,,,dnr after sadm,1,1,<2 mo. follow-up
1576,8014,64.50098,female,white,11,under $11k,CHF,COPD/CHF/Cirrhosis,4,0,118,6.19921875,79,20,36.89844,414.25,3,0.59997559,1.29980469,137,7.449219,,,,1,,no dnr,0,1,
1577,7601,50.155,male,white,11,under $11k,ARF/MOSF w/Sepsis,ARF/MOSF,2,0,73,15.2988281,122,36,35.89844,276.1875,2.5996094,1,0.89990234,135,7.579102,82,10,5220,,2,no dnr,0,0,SIP>=30
1578,6491,26.05299,male,white,14,$11-$25k,ARF/MOSF w/Sepsis,ARF/MOSF,0,0,102,13.6992188,124,44,36.69531,122.5,2.0996094,1.69995117,1.39990234,132,7.349609,,,,,0,no dnr,0,0,no(M2 and SIP pres)
1579,5188,53.06998,male,white,12,$11-$25k,Lung Cancer,Cancer,1,0,103,5.5,80,20,36.19531,,,,1.5,138,,148,17,,,0,no dnr,0,1,no(M2 and SIP pres)
1580,5844,28.435,male,white,10,under $11k,ARF/MOSF w/Sepsis,ARF/MOSF,1,0,135,8.29882812,126,10,36.69531,200,3.2998047,0.5,0.69995117,137,7.429688,,,,,6,no dnr,0,0,no(M2 and SIP pres)
1581,1615,63.48499,female,black,12,$11-$25k,Lung Cancer,Cancer,1,0,53,20.296875,112,20,37.29688,,2.699707,0.5,0.79992676,133,,,,,0,1,dnr after sadm,0,1,<2 mo. follow-up
1582,8328,62.86099,male,white,13,$25-$50k,CHF,COPD/CHF/Cirrhosis,4,0,65,7.79980469,79,24,36.09375,261.875,4.6992188,0.79992676,0.89990234,133,7.469727,,,,,1,no dnr,0,0,no(M2 and SIP pres)
1583,3022,80.35297,male,white,15,$11-$25k,Coma,Coma,2,44,77,5.59960938,60,20,36.09375,,,,2.39990234,133,,82,61,,,7,dnr after sadm,0,1,adl>=4 (>=5 if sur)
1584,5351,38.70798,male,white,16,$25-$50k,ARF/MOSF w/Sepsis,ARF/MOSF,2,9,97,52.296875,104,24,38.5,223.78125,3.199707,4.69921875,0.5,134,7.469727,212,13,3050,1,2,no dnr,0,1,SIP>=30
1585,2048,47.58899,male,white,10,$25-$50k,Cirrhosis,COPD/CHF/Cirrhosis,2,0,80,5.29980469,80,20,37,,,5,0.79992676,131,,,,,0,0,no dnr,0,1,no(M2 and SIP pres)
1586,8436,63.83798,female,white,9,under $11k,CHF,COPD/CHF/Cirrhosis,3,0,71,5.89941406,76,16,36.69531,,3.8999023,0.89990234,1.29980469,134,,86,16,,0,1,no dnr,0,1,no(M2 and SIP pres)
1587,2099,60.40799,female,white,,under $11k,ARF/MOSF w/Sepsis,ARF/MOSF,2,0,63,11,96,12,37.89844,282.125,2.5996094,0.89990234,0.79992676,138,7.359375,,,,,0,no dnr,0,0,no(M2 and SIP pres)
1588,7777,69.862,male,white,12,$11-$25k,Coma,Coma,2,100,118,23.8984375,140,46,39.69531,240,2.2998047,3.79980469,2.09960938,130,7.479492,,,,,0,dnr after sadm,1,1,<2 mo. follow-up
1589,958,67.39197,female,black,9,$11-$25k,ARF/MOSF w/Sepsis,ARF/MOSF,1,41,142,30,135,40,38.89844,576.625,2.3999023,1,3,143,7.239258,286,62,5785,,0,dnr after sadm,0,1,<2 mo. follow-up
1590,5273,79.65796,female,white,12,,ARF/MOSF w/Sepsis,ARF/MOSF,2,0,108,7.39941406,125,0,38.5,183.65625,3.8999023,2.69970703,1.79980469,140,7.5,199,22,3850,,0,dnr after sadm,1,1,<2 mo. follow-up
1591,2881,67.33496,female,white,15,$25-$50k,MOSF w/Malig,ARF/MOSF,1,0,50,7.79980469,60,25,39.29688,472.5,2.699707,,8.5,144,7.349609,76,63,40,0,0,dnr after sadm,0,1,no(M2 and SIP pres)
1592,7286,82.06696,male,white,2,under $11k,CHF,COPD/CHF/Cirrhosis,2,0,103,5.59960938,74,15,35.69531,182.84375,2.2998047,0.5,5.89941406,135,7.419922,147,56,2425,0,0,dnr after sadm,0,1,<2 mo. follow-up
1593,5253,69.771,female,white,13,$25-$50k,Colon Cancer,Cancer,1,0,105,6.19921875,130,30,36.39844,53,2,3.89990234,0.59997559,138,7.339844,305,25,239,0,0,no dnr,0,1,<2 mo. follow-up
1594,1352,44.37198,male,white,14,>$50k,MOSF w/Malig,ARF/MOSF,1,26,65,13.6992188,80,27,37.69531,300,,,0.79992676,135,7.419922,,19,4165,,0,no dnr,0,0,no(M2 and SIP pres)
1595,1422,56.03299,male,white,18,$11-$25k,ARF/MOSF w/Sepsis,ARF/MOSF,3,100,78,12,115,36,36.79688,71.65625,,,3.89990234,128,7.489258,145,73,2350,,0,dnr after sadm,1,1,<2 mo. follow-up
1596,8035,75.72595,male,white,11,,ARF/MOSF w/Sepsis,ARF/MOSF,3,9,67,5.29980469,106,30,38,140,2.7998047,4.5,1.09985352,142,7.429688,,,,,2,dnr after sadm,0,1,<2 mo. follow-up
1597,3724,75.71295,male,black,,>$50k,Colon Cancer,Cancer,2,26,127,7.59960938,116,8,34,393.3125,2.2998047,3.39990234,2.59960938,136,7.319336,,,,1,2,no dnr,0,1,no(M2 and SIP pres)
1598,8055,60.31198,male,white,12,,COPD,COPD/CHF/Cirrhosis,3,0,119,,80,22,37.89844,236.65625,,,,140,7.40918,,,,0,0,no dnr,0,0,no(M2 and SIP pres)
1599,8974,64.06799,female,white,16,$25-$50k,Lung Cancer,Cancer,1,0,114,13.0996094,110,14,35.79688,153.3125,,,0.59997559,138,7.439453,147,23,1485,,,no dnr,0,1,
1600,672,60.79398,female,white,10,,ARF/MOSF w/Sepsis,ARF/MOSF,2,26,59,12.8984375,155,28,38.59375,119.98438,,1.19995117,0.89990234,137,7.5,,,,,0,no dnr,0,1,no(M2 and SIP pres)
1601,1741,50.396,female,black,5,,COPD,COPD/CHF/Cirrhosis,2,0,51,14.3984375,92,24,37,185.6875,,,1.29980469,134,7.289062,,,,1,1,no dnr,0,0,no(M2 and SIP pres)
1602,5384,73.40198,female,black,,under $11k,Coma,Coma,0,61,58,7.69921875,105,45,35.69531,87.14062,2,0.39996338,0.39996338,144,7.40918,142,18,1320,,0,dnr after sadm,1,1,<2 mo. follow-up
1603,5002,67.93195,female,white,14,,CHF,COPD/CHF/Cirrhosis,2,0,75,15.7988281,110,30,36.19531,264,2.5,0.39996338,0.89990234,135,7.419922,198,14,1300,3,3,no dnr,0,1,no(M2 and SIP pres)
1604,2601,84.13995,female,white,12,>$50k,ARF/MOSF w/Sepsis,ARF/MOSF,1,0,70,2.5,108,15,36.69531,,2,0.89990234,0.39996338,137,,155,11,3000,,0,no dnr,1,1,<2 mo. follow-up
1605,1204,84.99896,male,white,18,,MOSF w/Malig,ARF/MOSF,2,0,75,8.3984375,64,22,36.39844,108.15625,,,4.09960938,134,7.15918,276,61,1200,0,,no dnr,0,0,
1606,4794,70.70795,male,white,12,$25-$50k,CHF,COPD/CHF/Cirrhosis,4,0,72,20.3984375,105,22,37.79688,134.6875,1.8999023,1.39990234,1.89990234,144,7.449219,137,41,2850,,0,no dnr,0,0,no(M2 and SIP pres)
1607,4335,82.06995,female,white,,$11-$25k,Lung Cancer,Cancer,3,9,119,14.5,100,24,35.59375,,,0.39996338,0.59997559,133,,160,9,3700,,3,dnr before sadm,0,1,<2 mo. follow-up
1608,2043,41.12299,male,black,,under $11k,ARF/MOSF w/Sepsis,ARF/MOSF,1,61,121,13.6992188,63,32,39.29688,416.625,2,1.5,2,142,7.449219,,,,,1,dnr after sadm,0,1,no(M2 and SIP pres)
1609,6285,67.59998,female,white,14,under $11k,Coma,Coma,0,44,124,21.1992188,118,24,38.5,290,4.6992188,0.5,0.59997559,127,7.579102,,,,,0,dnr after sadm,1,1,<2 mo. follow-up
1610,6101,66.16595,female,white,,,Colon Cancer,Cancer,1,0,106,12.2988281,106,20,36.19531,,2.199707,0.5,0.69995117,135,,,,,,,no dnr,0,1,
1611,2831,78.086,male,white,11,$11-$25k,ARF/MOSF w/Sepsis,ARF/MOSF,5,0,73,19,68,26,36.09375,134.6875,,,0.79992676,135,7.40918,106,14,1970,,6,dnr after sadm,1,1,<2 mo. follow-up
1612,347,57.01797,female,white,,,CHF,COPD/CHF/Cirrhosis,2,0,93,12.1992188,88,18,37.19531,423.75,4.6992188,0.59997559,0.89990234,133,7.419922,,,,,,no dnr,0,1,
1613,6479,78.88599,female,white,7,under $11k,ARF/MOSF w/Sepsis,ARF/MOSF,1,55,115,13.1992188,153,24,38.29688,192.5,3.0996094,1.89990234,1.29980469,132,7.5,,,,,,dnr after sadm,0,1,
1614,1374,50.40097,male,other,9,,ARF/MOSF w/Sepsis,ARF/MOSF,0,0,77,12.0996094,114,24,36,,,,,140,,,,1550,,,no dnr,0,0,
1615,3509,39.93198,male,white,12,,MOSF w/Malig,ARF/MOSF,1,0,90,1,114,16,38,148.875,2.5,3.79980469,1.5,142,7.479492,,,,,0,dnr after sadm,1,1,<2 mo. follow-up
1616,6663,60.34799,male,white,10,$11-$25k,Lung Cancer,Cancer,1,0,78,6.79980469,98,20,36.09375,,3.5996094,0.19998169,1,135,,,,,,,no dnr,0,1,SIP>=30
1617,592,92.60199,female,white,13,$25-$50k,ARF/MOSF w/Sepsis,ARF/MOSF,1,44,120,22.296875,115,24,36,388.5625,2.199707,0.89990234,1.59985352,141,7.429688,,,,,2,no dnr,0,1,<2 mo. follow-up
1618,4826,79.58099,male,white,,,Coma,Coma,2,100,50,11,80,22,35.79688,264,,,3.09960938,132,7.449219,104,52,770,,,dnr after sadm,1,1,<2 mo. follow-up
1619,1110,78.55695,male,asian,12,$11-$25k,ARF/MOSF w/Sepsis,ARF/MOSF,1,37,55,16.1992188,175,12,39,65,,,1.09985352,134,7.219727,121,21,1840,,0,no dnr,0,1,adl>=4 (>=5 if sur)
1620,359,60.67398,male,white,12,>$50k,CHF,COPD/CHF/Cirrhosis,2,0,77,9.29882812,100,36,36.59375,127.5,,,2.59960938,125,7.529297,,,,,3,dnr after sadm,1,1,adl>=4 (>=5 if sur)
1621,7850,83.047,female,white,,,Colon Cancer,Cancer,2,0,60,8.69921875,58,28,35.79688,142.84375,3.0996094,1.29980469,1,129,7.429688,,,,,,no dnr,0,1,
1622,7782,75.56494,female,white,9,,ARF/MOSF w/Sepsis,ARF/MOSF,0,0,121,8.59960938,52,8,38.39844,195.90625,2.2998047,0.69995117,4.19921875,135,7.379883,,,,,4,no dnr,0,1,adl>=4 (>=5 if sur)
1623,1572,67.81696,male,white,,under $11k,ARF/MOSF w/Sepsis,ARF/MOSF,5,55,113,0.04999542,130,11,39.09375,,1.8999023,,0.5,135,,114,15,4684,,7,dnr after sadm,1,1,<2 mo. follow-up
1624,904,35.26599,male,white,12,$11-$25k,ARF/MOSF w/Sepsis,ARF/MOSF,0,0,66,13.0996094,82,16,38.39844,245,2.7998047,0.09999084,0.79992676,148,7.319336,110,4,2870,6,6,no dnr,0,0,SIP>=30
1625,5758,75.49597,female,white,,,ARF/MOSF w/Sepsis,ARF/MOSF,3,37,78,8.3984375,80,20,36.5,471.375,,0.89990234,1.29980469,134,7.459961,77,23,1850,,5,no dnr,0,1,<2 mo. follow-up
1626,6488,65.63196,female,black,9,under $11k,CHF,COPD/CHF/Cirrhosis,3,0,119,8.8984375,81,28,36.39844,458.75,4.3994141,1.39990234,1.79980469,130,7.449219,,,,1,0,no dnr,0,0,no(M2 and SIP pres)
1627,2373,69.30597,male,black,8,$11-$25k,Coma,Coma,1,100,74,10.5,74,42,36.39844,124,3.3999023,2.19970703,1.5,138,7.459961,,,,,1,no dnr,0,0,no(M2 and SIP pres)
1628,2868,53.89499,female,white,12,$25-$50k,MOSF w/Malig,ARF/MOSF,1,0,77,8.69921875,62,24,36.09375,217.375,3.3999023,0.5,1.39990234,131,7.359375,176,39,3175,2,6,dnr after sadm,1,1,<2 mo. follow-up
1629,7307,77.68695,female,black,10,under $11k,ARF/MOSF w/Sepsis,ARF/MOSF,1,0,82,,101,24,36.39844,,3.8999023,0.79992676,1.29980469,140,,130,30,2600,2,2,no dnr,0,0,adl>=4 (>=5 if sur)
1630,9071,77.33295,female,white,12,$11-$25k,Lung Cancer,Cancer,2,0,67,7.79980469,74,28,38.39844,154.28125,,0.89990234,1.09985352,143,7.419922,165,18,1025,0,0,dnr after sadm,0,1,<2 mo. follow-up
1631,8773,30.69099,female,white,12,$11-$25k,ARF/MOSF w/Sepsis,ARF/MOSF,0,0,76,18.3984375,72,26,36.39844,262.5,3.3999023,0.5,0.69995117,136,7.389648,102,9,2700,1,0,no dnr,0,0,
1632,2496,75.21399,male,white,9,under $11k,ARF/MOSF w/Sepsis,ARF/MOSF,6,0,40,15.5,110,50,38.19531,144,,5.09960938,0.69995117,139,7.509766,113,16,778,,,dnr after sadm,1,1,<2 mo. follow-up
1633,474,54.491,male,white,,,Cirrhosis,COPD/CHF/Cirrhosis,2,0,95,6.89941406,78,18,36.39844,,2.3999023,5.59960938,0.89990234,125,,,,,,,no dnr,0,0,
1634,7882,57.42099,male,white,12,$25-$50k,Colon Cancer,Cancer,1,0,107,6.69921875,101,20,38.09375,,,,1,135,,,,,0,1,no dnr,0,1,no(M2 and SIP pres)
1635,272,35.14297,male,white,14,>$50k,Lung Cancer,Cancer,0,0,77,8.29882812,80,18,35.39844,,,,0.89990234,137,,,,,0,,no dnr,0,1,no(M2 and SIP pres)
1636,2388,71.88794,male,white,14,,CHF,COPD/CHF/Cirrhosis,2,0,83,5.39941406,70,20,35.59375,,,,2.19970703,133,,,,,5,,no dnr,0,1,SIP>=30
1637,7272,72.047,female,white,12,under $11k,CHF,COPD/CHF/Cirrhosis,3,0,63,49.296875,77,22,36.19531,596,1.7998047,0.5,3.69970703,137,7.369141,205,53,1605,1,2,no dnr,0,1,no(M2 and SIP pres)
1638,4371,65.53894,male,black,8,under $11k,Colon Cancer,Cancer,2,0,139,43.09375,120,35,36.19531,264,,,0.89990234,141,7.329102,170,14,2325,,5,no dnr,0,1,
1639,5468,61.32199,male,white,16,$25-$50k,Lung Cancer,Cancer,1,0,58,23.5976562,135,20,38.59375,98,2.0996094,1,2,139,7.40918,206,73,1030,,0,no dnr,0,0,no(M2 and SIP pres)
1640,4604,48.83798,male,white,9,>$50k,ARF/MOSF w/Sepsis,ARF/MOSF,0,0,58,18,120,10,36.69531,151,1.5998535,0.39996338,2.5,141,7.359375,70,37,1935,,1,no dnr,0,0,adl>=4 (>=5 if sur)
1641,6941,65.08099,male,white,11,$11-$25k,CHF,COPD/CHF/Cirrhosis,1,0,67,16.296875,122,24,38.09375,,3,0.59997559,0.5,132,,92,4,,1,1,no dnr,0,1,no(M2 and SIP pres)
1642,3467,21.405,female,white,12,$11-$25k,CHF,COPD/CHF/Cirrhosis,0,0,65,10.8984375,118,20,36.5,,,,1.09985352,138,,,,,0,0,no dnr,0,0,no(M2 and SIP pres)
1643,5957,44.63498,female,white,12,,Cirrhosis,COPD/CHF/Cirrhosis,3,0,65,6,94,20,36.5,,1.5998535,2.79980469,1.19995117,133,,,,,,,no dnr,0,0,no(M2 and SIP pres)
1644,5641,72.73596,female,black,11,under $11k,ARF/MOSF w/Sepsis,ARF/MOSF,2,26,60,15.5,105,24,38.89844,170,2.5996094,0.5,4.89941406,141,7.389648,232,61,3765,,2,no dnr,0,0,no(M2 and SIP pres)
1645,4608,74.97095,male,white,,,ARF/MOSF w/Sepsis,ARF/MOSF,0,0,70,14.1992188,120,29,38.79688,106,,,1.09985352,133,7.5,211,44,1175,,0,no dnr,0,0,
1646,414,61.78799,female,black,12,,Lung Cancer,Cancer,1,0,93,8.09960938,106,24,37,,,0.29998779,1.59985352,129,,,,,,,no dnr,0,0,no(M2 and SIP pres)
1647,5218,45.16397,female,black,,,MOSF w/Malig,ARF/MOSF,1,0,68,11.8984375,65,10,39,300,,,1.09985352,135,7.489258,205,21,2765,,,dnr after sadm,1,1,<2 mo. follow-up
1648,2001,67.06396,female,hispanic,,,COPD,COPD/CHF/Cirrhosis,5,0,62,11.5,68,16,36.79688,392,,0.39996338,4.39941406,133,7.339844,,,,,3,no dnr,0,1,adl>=4 (>=5 if sur)
1649,4539,38.78198,male,white,16,under $11k,CHF,COPD/CHF/Cirrhosis,1,0,153,18.8984375,160,40,36.19531,156,,0.69995117,0.5,131,7.429688,78,6,1945,0,,no dnr,0,1,
1650,7707,56.86499,male,white,12,under $11k,COPD,COPD/CHF/Cirrhosis,3,9,134,5.89941406,122,28,36.5,143.3125,2.5,0.59997559,0.69995117,139,7.479492,154,12,320,,,no dnr,0,0,
1651,2855,78.06696,female,white,,,CHF,COPD/CHF/Cirrhosis,2,0,73,5.09960938,100,24,36.79688,,,,1.09985352,143,,92,19,3500,,,no dnr,0,1,<2 mo. follow-up
1652,2692,50.12997,male,other,12,,MOSF w/Malig,ARF/MOSF,2,0,45,10.6992188,75,14,38,363.3125,,1.29980469,2.69970703,141,7.619141,173,47,3105,0,1,no dnr,0,1,no(M2 and SIP pres)
1653,9017,68.41095,male,white,14,$25-$50k,Coma,Coma,1,26,63,6.09960938,106,10,39,420,2.8999023,1.29980469,0.59997559,131,7.439453,141,12,2500,0,0,dnr after sadm,0,1,<2 mo. follow-up
1654,4620,68.58295,male,white,21,,Lung Cancer,Cancer,1,9,115,14.5,145,36,36.5,253.3125,2.8999023,0.19998169,2,134,7.469727,122,20,5510,,,dnr after sadm,1,1,<2 mo. follow-up
1655,7867,86.32397,female,white,,,ARF/MOSF w/Sepsis,ARF/MOSF,0,0,56,18.296875,105,24,36.19531,,2.7998047,3.79980469,1.19995117,133,,,,,,,dnr after sadm,0,1,<2 mo. follow-up
1656,3359,32.97498,male,white,14,$11-$25k,Coma,Coma,0,100,120,25,95,37,38.69531,192.5,,,1,141,7.429688,,,,,0,no dnr,1,1,<2 mo. follow-up
1657,8303,70.82495,female,white,14,,COPD,COPD/CHF/Cirrhosis,2,26,77,17.3984375,71,28,36.19531,236,,,1.5,134,7.379883,,,,,1,dnr after sadm,0,1,adl>=4 (>=5 if sur)
1658,6799,50.05099,male,white,12,$11-$25k,MOSF w/Malig,ARF/MOSF,2,0,105,8.09960938,122,30,36.89844,132.5,3,13.3984375,1.09985352,137,7.339844,109,42,2155,0,0,dnr after sadm,1,1,<2 mo. follow-up
1659,5072,62.73499,male,white,12,$11-$25k,Colon Cancer,Cancer,1,0,113,30.8984375,110,22,35.5,175,3.0996094,0.79992676,0.5,130,7.429688,223,14,1510,0,0,no dnr,0,0,no(M2 and SIP pres)
1660,3352,60.67398,male,white,,,MOSF w/Malig,ARF/MOSF,1,0,96,5.59960938,125,24,35.09375,89.40625,,0.29998779,1,138,7.509766,,,,,,dnr after sadm,1,1,<2 mo. follow-up
1661,642,68.24597,male,asian,,,ARF/MOSF w/Sepsis,ARF/MOSF,1,0,117,17.8984375,35,20,36,93.875,,1.29980469,4.89941406,131,7.529297,,,,,,no dnr,0,0,
1662,5241,52.86499,female,black,,,MOSF w/Malig,ARF/MOSF,1,100,138,28.5,145,10,38.79688,236,2.0996094,15.1992188,1,140,7.439453,136,30,3540,,,dnr before sadm,1,1,<2 mo. follow-up
1663,4285,69.13599,female,white,14,$25-$50k,CHF,COPD/CHF/Cirrhosis,3,0,73,23.5976562,108,26,36.19531,410.6875,3.0996094,,1.19995117,141,7.359375,291,38,1605,,2,no dnr,1,1,<2 mo. follow-up
1664,2260,95.00098,male,white,,,ARF/MOSF w/Sepsis,ARF/MOSF,1,0,109,5,68,24,36.29688,230,3.0996094,0.39996338,10.2988281,144,7.15918,,,,5,2,dnr after sadm,0,1,no(M2 and SIP pres)
1665,572,75.50195,female,white,12,$11-$25k,Colon Cancer,Cancer,1,0,104,12.8984375,70,22,36.39844,,,0.79992676,1,139,,,,,0,0,no dnr,0,0,no(M2 and SIP pres)
1666,9099,70.42297,male,white,12,,ARF/MOSF w/Sepsis,ARF/MOSF,4,0,129,24.5976562,57,10,37.5,217,,,1.19995117,136,7.419922,179,22,2010,,,dnr after sadm,0,1,<2 mo. follow-up
1667,3046,74.58997,female,white,12,under $11k,COPD,COPD/CHF/Cirrhosis,3,9,60,14.7988281,80,13,36.69531,405,3.2998047,0.89990234,1.39990234,151,7.469727,92,67,3775,,,dnr after sadm,0,0,adl>=4 (>=5 if sur)
1668,5720,72.80194,male,white,12,$11-$25k,ARF/MOSF w/Sepsis,ARF/MOSF,0,9,111,8,69,24,36.59375,,,,1,139,,92,8,4450,,0,no dnr,0,0,adl>=4 (>=5 if sur)
1669,7464,62.02298,male,white,8,under $11k,Cirrhosis,COPD/CHF/Cirrhosis,2,0,67,9.5,64,40,35.29688,356.625,4.0996094,1,0.5,123,7.5,96,17,2323,,,no dnr,0,1,no(M2 and SIP pres)
1670,5164,54.021,male,white,11,$11-$25k,Lung Cancer,Cancer,2,0,78,2.5,105,20,36,214.28125,1.5998535,1.89990234,1.39990234,142,7.40918,132,40,200,2,2,no dnr,0,1,no(M2 and SIP pres)
1671,7909,60.93399,female,white,12,$25-$50k,COPD,COPD/CHF/Cirrhosis,1,0,102,6.89941406,72,20,36.59375,347.5625,4,0.5,0.5,125,7.399414,,,,,2,dnr after sadm,0,1,no(M2 and SIP pres)
1672,8968,62.44498,male,white,8,,Coma,Coma,1,61,67,11.5996094,57,56,38.39844,167.125,3,3.59960938,2,132,7.30957,184,50,1760,,0,no dnr,0,1,<2 mo. follow-up
1673,5537,62.92999,male,black,17,>$50k,Lung Cancer,Cancer,1,0,118,17.5976562,65,22,36.39844,,3.199707,1,3.69970703,135,,60,87,2525,0,0,no dnr,0,1,no(M2 and SIP pres)
1674,356,67.41095,male,white,,,Coma,Coma,1,100,35,13,140,10,41,171.40625,,,4.29980469,151,7.509766,,,,,,dnr after sadm,1,1,<2 mo. follow-up
1675,6430,31.099,female,hispanic,14,$25-$50k,Cirrhosis,COPD/CHF/Cirrhosis,2,0,118,7.19921875,111,24,36.29688,497.75,2.3999023,2.39990234,0.79992676,143,7.459961,,,,2,,no dnr,0,0,no(M2 and SIP pres)
1676,2546,44.58899,male,white,14,$11-$25k,ARF/MOSF w/Sepsis,ARF/MOSF,3,0,102,5.29980469,73,30,37.59375,176.65625,,0.29998779,1,134,7.369141,508,26,1760,,0,no dnr,0,1,no(M2 and SIP pres)
1677,1442,60.39999,male,white,10,,MOSF w/Malig,ARF/MOSF,1,0,128,31.3984375,125,25,39,192,2.5,6.09960938,0.79992676,151,7.439453,99,32,6065,,0,no dnr,0,1,adl>=4 (>=5 if sur)
1678,1669,75.80298,female,white,12,under $11k,ARF/MOSF w/Sepsis,ARF/MOSF,3,0,130,20,126,36,38.59375,289,,,1.79980469,143,7.399414,,,,,,no dnr,0,1,adl>=4 (>=5 if sur)
1679,3695,73.862,female,white,12,$11-$25k,ARF/MOSF w/Sepsis,ARF/MOSF,0,0,123,9.79882812,82,20,36.09375,176.65625,,,1,136,7.479492,,,,,0,no dnr,0,0,no(M2 and SIP pres)
1680,4836,69.42596,female,white,3,$11-$25k,MOSF w/Malig,ARF/MOSF,1,37,135,22.8984375,65,35,36.5,200,2.7998047,1.59985352,6.29980469,127,7.319336,91,68,36,,0,no dnr,1,1,<2 mo. follow-up
1681,3437,82.89697,male,black,3,under $11k,COPD,COPD/CHF/Cirrhosis,1,55,63,18,150,26,37.5,135,1.5998535,0.19998169,1.09985352,136,7.319336,,,,,7,dnr after sadm,1,1,<2 mo. follow-up
1682,401,59.92099,male,black,,,Lung Cancer,Cancer,1,0,81,20.5976562,72,18,36.39844,118.35938,3.5996094,,1.59985352,130,7.40918,,,,,,dnr after sadm,0,1,<2 mo. follow-up
1683,8881,70.94598,male,white,13,$25-$50k,ARF/MOSF w/Sepsis,ARF/MOSF,2,100,49,13.5,134,10,37.89844,215,3.3999023,0.29998779,1.5,137,7.449219,238,30,1650,,0,dnr after sadm,0,1,<2 mo. follow-up
1684,8215,71.50995,male,white,8,under $11k,CHF,COPD/CHF/Cirrhosis,3,0,68,7.5,65,20,36.19531,493.3125,3.7998047,0.5,1.59985352,136,7.549805,,,,1,0,no dnr,0,0,no(M2 and SIP pres)
1685,2617,71.51495,male,white,12,$11-$25k,ARF/MOSF w/Sepsis,ARF/MOSF,2,0,77,9.29882812,80,25,36.69531,,2.7998047,3.69970703,1.19995117,127,,197,28,800,,2,dnr after sadm,1,1,<2 mo. follow-up
1686,6300,63.46298,male,white,11,$11-$25k,Lung Cancer,Cancer,2,0,68,10.7988281,120,32,36.29688,276.1875,,0.69995117,0.79992676,132,7.5,,,,0,0,dnr after sadm,1,1,<2 mo. follow-up
1687,7817,53.24799,male,white,9,$11-$25k,ARF/MOSF w/Sepsis,ARF/MOSF,0,9,129,16.5,99,28,37.79688,145.4375,,,0.89990234,134,7.449219,,,,,0,dnr after sadm,0,1,<2 mo. follow-up
1688,328,26.24799,male,white,,,MOSF w/Malig,ARF/MOSF,1,100,35,0.04999542,40,52,36.69531,206,1.6999512,3.79980469,1.89990234,138,7.219727,,,,,,dnr after sadm,1,1,<2 mo. follow-up
1689,8580,72.91998,male,white,10,under $11k,CHF,COPD/CHF/Cirrhosis,3,0,128,8.59960938,66,32,36.5,257.125,3.8999023,0.5,0.89990234,137,7.369141,122,16,1725,3,1,dnr after sadm,0,0,no(M2 and SIP pres)
1690,7621,64.43799,female,black,12,under $11k,MOSF w/Malig,ARF/MOSF,3,100,107,9.29882812,65,20,36.29688,,3.3999023,0.69995117,1.09985352,139,,89,16,,,6,dnr after sadm,1,1,<2 mo. follow-up
1691,3286,72.91998,male,white,,under $11k,ARF/MOSF w/Sepsis,ARF/MOSF,2,0,132,16.5976562,116,25,38.5,98.875,,0.5,1.79980469,150,7.509766,,,,,0,dnr after sadm,1,1,<2 mo. follow-up
1692,5882,37.89499,male,white,12,under $11k,ARF/MOSF w/Sepsis,ARF/MOSF,4,0,55,13.6992188,113,32,38.09375,88.10938,2.5996094,3.39990234,0.59997559,131,7.549805,,,,,0,dnr after sadm,1,1,<2 mo. follow-up
1693,4343,50.03699,male,white,14,$11-$25k,Coma,Coma,1,55,73,11.3984375,110,46,38.69531,182.84375,,0.39996338,0.39996338,131,7.519531,148,15,2180,,5,dnr after sadm,1,1,<2 mo. follow-up
1694,4911,65.44299,male,white,19,,Lung Cancer,Cancer,2,0,108,15.2988281,125,38,37.59375,252,,0.79992676,0.69995117,136,7.349609,136,9,665,,5,no dnr,0,1,
1695,5903,33.65399,male,black,11,under $11k,CHF,COPD/CHF/Cirrhosis,3,0,89,14.0996094,100,28,35.5,210.96875,3,0.79992676,1,133,7.439453,,,,0,0,no dnr,0,1,no(M2 and SIP pres)
1696,5598,61.25897,male,white,14,>$50k,Lung Cancer,Cancer,1,0,137,2.29980469,120,24,38.09375,270,,0.69995117,0.59997559,137,7.469727,121,13,5250,,0,no dnr,0,1,
1697,6551,65.52997,male,white,,,Cirrhosis,COPD/CHF/Cirrhosis,5,0,96,2,112,20,36,,3.0996094,6,0.89990234,135,,,,,,,no dnr,0,1,
1698,7483,51.836,male,black,12,>$50k,Coma,Coma,0,55,77,4.59960938,104,16,37.69531,,2.8999023,9.29882812,0.69995117,137,,93,8,2500,,0,no dnr,0,0,SIP>=30
1699,6860,51.43298,female,black,12,under $11k,ARF/MOSF w/Sepsis,ARF/MOSF,0,0,31,18.5976562,63,36,36.29688,122.5,2.199707,2,0.89990234,138,7.459961,107,20,2030,0,0,no dnr,0,0,no(M2 and SIP pres)
1700,3694,74.68298,female,black,6,under $11k,Coma,Coma,1,55,131,18.1992188,116,36,36,304,,23.5976562,2.09960938,125,7.40918,,,,,1,dnr after sadm,1,1,<2 mo. follow-up
1701,6545,28.50699,male,black,11,,ARF/MOSF w/Sepsis,ARF/MOSF,1,0,121,21.1992188,69,22,36.29688,173.3125,2.699707,0.5,5.29980469,134,7.40918,,,,,0,no dnr,0,0,no(M2 and SIP pres)
1702,956,98.08899,female,white,16,under $11k,Coma,Coma,1,100,82,10,135,24,36,190,,,0.39996338,139,7.549805,155,5,2525,,,dnr after sadm,1,1,<2 mo. follow-up
1703,8995,76.07697,male,white,12,$11-$25k,Lung Cancer,Cancer,2,9,58,10.7988281,69,20,36.39844,238.09375,,0.39996338,1.5,140,7.439453,108,32,,,0,dnr after sadm,0,1,<2 mo. follow-up
1704,482,37.336,female,other,,,MOSF w/Malig,ARF/MOSF,2,0,57,1.89990234,140,14,38.5,231.65625,3.2998047,7.5,5.69921875,145,7.299805,,,,,,dnr after sadm,1,1,<2 mo. follow-up
1705,1977,73.62097,male,white,12,,Colon Cancer,Cancer,1,0,40,12.7988281,80,20,38.79688,,2.8999023,1.19995117,1,137,,,,,0,5,no dnr,0,1,
1706,1177,78.90497,male,white,10,,CHF,COPD/CHF/Cirrhosis,2,0,62,6.5,115,24,36.19531,,,,1.09985352,138,,,12,1125,0,0,no dnr,0,1,
1707,6595,61.54099,male,white,8,under $11k,COPD,COPD/CHF/Cirrhosis,4,0,77,8.59960938,126,38,36.19531,233.3125,,1.19995117,0.89990234,135,7.429688,,,,0,0,no dnr,0,0,SIP>=30
1708,3505,64.61896,male,white,26,$11-$25k,Colon Cancer,Cancer,1,0,102,7.69921875,78,32,38.59375,390,,0.5,0.79992676,134,7.419922,,,,0,,no dnr,0,0,
1709,7333,62.987,male,white,12,under $11k,ARF/MOSF w/Sepsis,ARF/MOSF,2,0,79,15.5996094,100,14,36,312,2.3999023,0.29998779,0.89990234,131,7.369141,122,19,,6,6,no dnr,0,0,adl>=4 (>=5 if sur)
1710,5375,63.46899,male,white,6,under $11k,Lung Cancer,Cancer,3,0,123,7.39941406,74,24,36,300,3.8999023,0.59997559,1,145,7.40918,96,12,1100,,,dnr after sadm,1,1,<2 mo. follow-up
1711,7452,62.5,female,white,12,$11-$25k,ARF/MOSF w/Sepsis,ARF/MOSF,1,0,103,5.09960938,60,21,35.09375,,3.0996094,0.69995117,1.5,137,,187,16,1525,,0,no dnr,0,0,no(M2 and SIP pres)
1712,2588,83.40295,male,white,,,CHF,COPD/CHF/Cirrhosis,2,0,54,9.5,145,12,38.79688,161.65625,2.5996094,0.29998779,0.69995117,153,7.349609,144,26,3155,,,no dnr,0,1,
1713,8530,88.20496,male,white,,under $11k,CHF,COPD/CHF/Cirrhosis,2,0,54,21.0976562,54,36,38.79688,122.84375,3.3999023,0.5,1.59985352,137,7.379883,145,45,1975,,0,dnr after sadm,0,0,no(M2 and SIP pres)
1714,6852,71.95599,female,white,11,under $11k,CHF,COPD/CHF/Cirrhosis,3,0,113,12.5996094,63,36,35.89844,286.625,2.3999023,2.59960938,1.29980469,136,7.40918,152,29,2150,1,0,no dnr,0,0,no(M2 and SIP pres)
1715,7365,67.71497,female,white,12,under $11k,ARF/MOSF w/Sepsis,ARF/MOSF,4,37,109,10.8984375,122,26,35.89844,122.21875,2.5,1.19995117,1.5,133,7.449219,71,42,2400,,0,no dnr,0,0,no(M2 and SIP pres)
1716,2568,53.03198,male,white,20,$25-$50k,ARF/MOSF w/Sepsis,ARF/MOSF,0,0,62,7.19921875,42,16,36.09375,319,,,1.5,139,7.379883,125,35,1170,0,0,no dnr,0,0,no(M2 and SIP pres)
1717,6508,74.75696,male,white,10,$11-$25k,ARF/MOSF w/Sepsis,ARF/MOSF,4,0,109,13.5996094,80,22,35.89844,140.8125,3.5996094,1.09985352,2.89990234,133,7.30957,,,,,6,no dnr,0,1,<2 mo. follow-up
1718,6909,44.94199,male,white,12,under $11k,ARF/MOSF w/Sepsis,ARF/MOSF,2,9,137,8.69921875,57,11,36.09375,176.1875,,0.59997559,1.29980469,138,7.399414,99,34,2400,0,1,no dnr,0,1,SIP>=30
1719,5812,47.33197,male,white,11,$25-$50k,ARF/MOSF w/Sepsis,ARF/MOSF,0,0,90,10.5996094,105,12,36.39844,195.21875,3.2998047,0.29998779,0.89990234,142,7.269531,110,20,860,0,0,no dnr,0,1,<2 mo. follow-up
1720,499,66.00098,male,white,12,$25-$50k,CHF,COPD/CHF/Cirrhosis,2,0,57,8.69921875,115,22,36.5,,4.7998047,0.39996338,1.59985352,135,,,,,1,0,no dnr,0,0,no(M2 and SIP pres)
1721,5335,70.69397,female,white,12,,MOSF w/Malig,ARF/MOSF,1,0,78,12.1992188,78,24,36.5,,,0.29998779,1,141,,112,24,1150,,0,dnr after sadm,1,1,<2 mo. follow-up
1722,7360,64.38898,female,white,8,under $11k,COPD,COPD/CHF/Cirrhosis,4,0,63,26.0976562,122,24,35.19531,,1.6999512,0.59997559,6,136,,74,66,230,0,0,no dnr,0,1,<2 mo. follow-up
1723,3671,54.44199,male,white,,,ARF/MOSF w/Sepsis,ARF/MOSF,1,0,126,26.6992188,176,44,38.09375,124,,5.39941406,0.69995117,126,7.519531,,,,,,dnr after sadm,1,1,<2 mo. follow-up
1724,7865,62.543,male,other,12,$11-$25k,Colon Cancer,Cancer,1,0,80,10.5,68,28,36.19531,,,,1,134,7.489258,,,,0,,no dnr,0,1,
1725,1031,65.74695,female,white,,,ARF/MOSF w/Sepsis,ARF/MOSF,1,44,67,13.5996094,55,8,38,105.09375,,20.0976562,1.29980469,135,7.5,,,4017,,,no dnr,0,1,
1726,1346,79.93195,female,white,18,under $11k,ARF/MOSF w/Sepsis,ARF/MOSF,4,26,84,8.3984375,58,24,35.79688,,2.199707,0.89990234,0.59997559,133,,,10,,,6,dnr after sadm,1,1,<2 mo. follow-up
1727,2843,70.90997,female,white,6,>$50k,Coma,Coma,0,100,77,15.3984375,120,25,36.09375,,,,1,138,,123,20,700,,0,dnr after sadm,0,0,adl>=4 (>=5 if sur)
1728,5157,92.73096,female,black,,$11-$25k,ARF/MOSF w/Sepsis,ARF/MOSF,2,26,65,10.2988281,115,27,39.09375,146,2.7998047,0.19998169,0.39996338,137,7.439453,139,11,2174,,0,dnr after sadm,0,1,adl>=4 (>=5 if sur)
1729,8636,73.75494,male,white,6,under $11k,Colon Cancer,Cancer,2,0,70,3,76,20,36.69531,,,0.39996338,1.09985352,140,,,,,,1,dnr after sadm,0,1,<2 mo. follow-up
1730,884,75.77496,female,white,13,,CHF,COPD/CHF/Cirrhosis,3,0,108,10.6992188,95,22,36.39844,,,,0.89990234,137,,,15,3450,0,,no dnr,0,1,
1731,8807,65.659,female,white,8,under $11k,Lung Cancer,Cancer,3,0,115,17.296875,115,10,38.5,320,,,0.79992676,134,7.509766,155,12,1500,5,5,dnr after sadm,0,1,
1732,6833,45.57999,female,white,14,>$50k,ARF/MOSF w/Sepsis,ARF/MOSF,0,0,121,22.6992188,136,27,39,232.5,3.199707,0.59997559,1.09985352,136,7.469727,128,10,2600,,0,dnr after sadm,1,1,<2 mo. follow-up
1733,8826,69.37994,male,white,8,under $11k,Lung Cancer,Cancer,1,0,72,,70,28,35.59375,,3.7998047,0.69995117,8.69921875,134,,99,56,0,,0,dnr after sadm,0,1,<2 mo. follow-up
1734,1467,48.375,female,white,19,>$50k,Lung Cancer,Cancer,1,0,48,15.8984375,145,8,38.09375,130,3.2998047,1.69995117,0.79992676,146,7.5,198,20,4120,0,,no dnr,0,1,
1735,7356,48.84299,male,white,12,under $11k,COPD,COPD/CHF/Cirrhosis,3,0,75,8,65,24,36.59375,,3.2998047,0.5,0.89990234,137,,141,19,,,0,no dnr,0,0,no(M2 and SIP pres)
1736,4286,40.34998,female,black,13,,CHF,COPD/CHF/Cirrhosis,1,0,110,5.5,60,20,36.09375,276.1875,,,1.09985352,137,7.349609,152,23,550,6,,dnr after sadm,0,1,adl>=4 (>=5 if sur)
1737,92,72.172,male,white,,,Lung Cancer,Cancer,1,0,63,5.09960938,140,36,36.5,176.65625,2.699707,,1.09985352,135,7.55957,,,,,0,no dnr,1,1,<2 mo. follow-up
1738,4545,68.31995,male,white,12,$11-$25k,ARF/MOSF w/Sepsis,ARF/MOSF,3,0,99,2.5,100,24,36.69531,,3.7998047,0.59997559,1.29980469,138,,339,23,,,6,dnr after sadm,1,1,<2 mo. follow-up
1739,1636,76.15094,male,white,12,,Lung Cancer,Cancer,1,0,77,9.5,100,22,36.69531,,2.699707,0.39996338,0.69995117,128,,,,,7,4,dnr after sadm,1,1,<2 mo. follow-up
1740,8095,84.36395,female,white,,under $11k,Coma,Coma,2,55,65,17.3984375,68,10,38.09375,134.28125,,,0.69995117,139,7.329102,,,,,1,dnr after sadm,1,1,<2 mo. follow-up
1741,6376,27.61699,female,white,12,$11-$25k,ARF/MOSF w/Sepsis,ARF/MOSF,1,37,128,12.5,122,54,38.09375,192.5,2.3999023,4.89941406,0.39996338,140,7.419922,,,,,0,no dnr,0,0,no(M2 and SIP pres)
1742,8298,58.90997,female,white,8,under $11k,COPD,COPD/CHF/Cirrhosis,4,0,75,11.0996094,66,24,36.29688,204.75,3.7998047,0.5,0.89990234,143,7.439453,,,,1,2,no dnr,0,1,no(M2 and SIP pres)
1743,6659,28.47099,male,white,18,$25-$50k,Colon Cancer,Cancer,1,0,96,10.5996094,74,20,37.69531,,3.5996094,0.39996338,0.69995117,135,,,,,0,0,no dnr,0,1,no(M2 and SIP pres)
1744,5859,61.28998,male,black,9,under $11k,COPD,COPD/CHF/Cirrhosis,4,0,79,7.59960938,110,36,35.79688,59.58594,3.699707,3.5,1.79980469,144,7.199219,,,,1,,no dnr,0,1,no(M2 and SIP pres)
1745,7098,76.04895,female,white,13,under $11k,CHF,COPD/CHF/Cirrhosis,5,0,114,15,69,26,38.69531,304.125,,,1.19995117,134,7.40918,109,18,2335,7,5,dnr after sadm,0,0,no(M2 and SIP pres)
1746,6534,43.29099,male,white,10,under $11k,Cirrhosis,COPD/CHF/Cirrhosis,3,0,108,11.3984375,56,10,35.69531,280,2.8999023,3,0.39996338,128,7.389648,,,,,0,no dnr,0,1,no(M2 and SIP pres)
1747,1898,89.62598,female,white,16,>$50k,COPD,COPD/CHF/Cirrhosis,2,0,93,15.3984375,80,40,36.09375,220,3.3999023,0.5,1.69995117,139,7.469727,,,,2,5,no dnr,0,0,SIP>=30
1748,458,58.43698,female,white,20,>$50k,Colon Cancer,Cancer,1,0,65,7.19921875,72,12,37,,3.7998047,0.69995117,0.69995117,135,,,,,2,,dnr after sadm,0,1,
1749,3963,79.19196,male,white,10,>$50k,ARF/MOSF w/Sepsis,ARF/MOSF,0,0,52,16.296875,74,26,37.59375,179.5625,2.5,,4.29980469,130,7.359375,,,,,0,no dnr,0,1,SIP>=30
1750,6519,65.01599,male,white,12,$11-$25k,COPD,COPD/CHF/Cirrhosis,4,0,63,24.5976562,126,28,35.79688,200,3.3999023,0.69995117,2.19970703,139,7.369141,,,,0,6,no dnr,0,1,<2 mo. follow-up
1751,8146,73.04297,female,white,8,under $11k,COPD,COPD/CHF/Cirrhosis,2,0,107,19.296875,65,28,36,216,3.7998047,0.59997559,1.09985352,138,7.389648,,,,2,0,no dnr,0,1,no(M2 and SIP pres)
1752,4092,66.00696,male,black,5,under $11k,Cirrhosis,COPD/CHF/Cirrhosis,1,0,100,7.59960938,60,28,35.69531,,2.199707,3.39990234,0.79992676,136,,,,,1,,no dnr,0,1,no(M2 and SIP pres)
1753,3953,48.30698,male,white,,,ARF/MOSF w/Sepsis,ARF/MOSF,1,0,110,28.1992188,50,16,37,443.4375,2.7998047,,5,131,7.40918,,,,,,no dnr,0,0,
1754,4776,58.01498,female,other,6,under $11k,ARF/MOSF w/Sepsis,ARF/MOSF,1,0,117,21.6992188,120,40,38,165,,,1.39990234,143,7.40918,181,64,2085,,6,dnr after sadm,1,1,<2 mo. follow-up
1755,538,52.67599,male,white,17,>$50k,Lung Cancer,Cancer,1,0,104,37.296875,78,16,37.79688,,,,0.89990234,128,,,,,0,0,no dnr,0,1,no(M2 and SIP pres)
1756,2550,44.64297,male,black,12,under $11k,CHF,COPD/CHF/Cirrhosis,2,0,97,6.09960938,64,16,36.69531,,,0.89990234,1.29980469,141,,189,16,,7,4,no dnr,0,1,<2 mo. follow-up
1757,2963,68.75598,male,white,12,,COPD,COPD/CHF/Cirrhosis,2,0,78,5,92,12,35.39844,,3.2998047,0.19998169,0.59997559,140,,131,5,,1,1,no dnr,0,0,no(M2 and SIP pres)
1758,8891,65.495,male,white,15,under $11k,CHF,COPD/CHF/Cirrhosis,6,0,64,11.2988281,72,14,36.09375,157.5,,,1,141,7.419922,354,24,725,2,2,no dnr,0,1,<2 mo. follow-up
1759,8016,72.745,male,white,,,CHF,COPD/CHF/Cirrhosis,4,0,86,,60,24,36.19531,,3.5996094,0.69995117,1.39990234,139,,,,,,,no dnr,0,1,
1760,3779,63.422,male,white,12,$25-$50k,ARF/MOSF w/Sepsis,ARF/MOSF,2,26,126,8.79882812,104,8,35.29688,142.84375,2.699707,4.39941406,7,128,7.459961,,,,,,no dnr,0,1,
1761,8052,49.74899,male,white,14,$25-$50k,Colon Cancer,Cancer,1,0,112,18.796875,71,20,36.29688,,4.1992188,0.69995117,1,135,,,,,,,no dnr,0,1,no(M2 and SIP pres)
1762,3033,76.45197,male,white,16,$11-$25k,CHF,COPD/CHF/Cirrhosis,5,0,60,6.59960938,60,25,37.79688,232,,,1.19995117,142,7.359375,98,21,,0,,no dnr,0,0,no(M2 and SIP pres)
1763,3110,64.51996,male,white,10,$11-$25k,ARF/MOSF w/Sepsis,ARF/MOSF,2,0,55,11,71,14,36.09375,600,3.699707,0.69995117,6.79980469,138,7.389648,197,55,390,0,0,no dnr,0,0,no(M2 and SIP pres)
1764,5287,63.30499,female,white,10,under $11k,COPD,COPD/CHF/Cirrhosis,2,0,50,5.79980469,165,28,36.39844,116.65625,2,,3.5,133,7.299805,322,74,45,0,5,no dnr,0,0,no(M2 and SIP pres)
1765,6570,66.20398,male,white,10,under $11k,COPD,COPD/CHF/Cirrhosis,4,0,64,14.3984375,141,48,38.39844,80,2.2998047,1.5,0.69995117,146,7.449219,,,,,,dnr after sadm,1,1,<2 mo. follow-up
1766,3817,72.55896,male,white,14,$25-$50k,MOSF w/Malig,ARF/MOSF,1,0,43,1.39990234,46,30,38.5,132.625,2.7998047,1.59985352,3.39990234,145,7.399414,,,,,0,dnr after sadm,1,1,<2 mo. follow-up
1767,5132,83.29895,female,black,8,under $11k,CHF,COPD/CHF/Cirrhosis,2,9,45,2.89990234,125,26,38.09375,80,4.0996094,25.296875,5.69921875,146,7.239258,55,60,5,,1,no dnr,0,1,no(M2 and SIP pres)
1768,6474,71.62799,female,white,13,,ARF/MOSF w/Sepsis,ARF/MOSF,2,0,66,8.09960938,0,28,36.79688,272,3,0.69995117,1.19995117,130,7.389648,,,,,0,no dnr,0,0,no(M2 and SIP pres)
1769,871,60.271,male,white,16,$25-$50k,ARF/MOSF w/Sepsis,ARF/MOSF,3,0,115,7.79980469,120,20,36.89844,,,,1.69995117,143,,154,85,2850,,3,dnr after sadm,1,1,<2 mo. follow-up
1770,6669,57.71698,female,white,16,$25-$50k,MOSF w/Malig,ARF/MOSF,1,0,116,2.39990234,118,20,36.39844,,2.699707,0.79992676,5.69921875,138,,,,,5,6,dnr after sadm,0,1,<2 mo. follow-up
1771,3770,49.37198,male,white,12,>$50k,Colon Cancer,Cancer,1,0,87,12.1992188,56,16,36.59375,,,0.89990234,0.79992676,142,,,,,,0,no dnr,0,1,no(M2 and SIP pres)
1772,5886,61.952,female,black,11,under $11k,ARF/MOSF w/Sepsis,ARF/MOSF,5,0,127,9.19921875,107,30,37.89844,168.75,3.0996094,1,1,136,7.469727,,,,,5,no dnr,0,1,adl>=4 (>=5 if sur)
1773,1249,68.08795,male,white,18,,ARF/MOSF w/Sepsis,ARF/MOSF,1,0,67,18.0976562,75,12,36.59375,186.65625,,2.39990234,5,129,7.489258,221,63,20,,0,no dnr,0,0,adl>=4 (>=5 if sur)
1774,6684,68.78296,male,white,12,under $11k,Cirrhosis,COPD/CHF/Cirrhosis,5,0,71,12.7988281,106,26,36.79688,259.25,2.8999023,7.39941406,1,131,7.449219,,,,,2,dnr after sadm,1,1,<2 mo. follow-up
1775,2566,62.29398,female,white,,,COPD,COPD/CHF/Cirrhosis,4,0,67,16.796875,80,20,38.39844,,2,15.5996094,1.5,142,,65,33,1370,,,dnr before sadm,0,1,
1776,775,63.05798,male,white,,,ARF/MOSF w/Sepsis,ARF/MOSF,2,37,52,10.6992188,120,38,39.09375,198,,,2.09960938,140,7.449219,,,,,,no dnr,0,1,
1777,6681,39.45798,male,hispanic,11,under $11k,Cirrhosis,COPD/CHF/Cirrhosis,4,0,111,11.3984375,96,20,36.59375,,2.5,0.39996338,3.89990234,132,,,,,5,3,no dnr,0,1,no(M2 and SIP pres)
1778,4018,51.90097,male,black,9,under $11k,CHF,COPD/CHF/Cirrhosis,2,0,65,7.19921875,64,26,36.29688,385.6875,3.199707,1.69995117,1,126,7.5,,,,0,0,no dnr,0,1,no(M2 and SIP pres)
1779,8777,68.19397,male,white,12,,ARF/MOSF w/Sepsis,ARF/MOSF,1,0,76,24.796875,72,28,39.09375,413.3125,2.199707,0.39996338,1.19995117,139,7.469727,209,36,2250,,6,no dnr,1,1,<2 mo. follow-up
1780,2909,78.00696,female,white,8,$11-$25k,Colon Cancer,Cancer,2,0,57,11.6992188,70,10,38.19531,176,2.2998047,0.5,2.69970703,132,7.359375,141,63,2170,1,1,no dnr,0,1,no(M2 and SIP pres)
1781,2326,20.04399,female,white,,,Coma,Coma,0,100,160,30.6992188,173,12,40.39844,217.5,2.8999023,0.5,3,134,7.469727,,,,,,no dnr,1,1,<2 mo. follow-up
1782,1600,85.12799,female,hispanic,10,under $11k,COPD,COPD/CHF/Cirrhosis,1,0,76,7.09960938,102,24,36.59375,209.5,3.0996094,0.39996338,0.89990234,134,7.5,,,,2,,no dnr,0,1,
1783,3193,85.90295,female,white,12,$11-$25k,ARF/MOSF w/Sepsis,ARF/MOSF,2,0,103,15.6992188,58,16,38.19531,436,2.699707,0.5,0.89990234,144,7.459961,185,20,1510,,7,no dnr,0,0,no(M2 and SIP pres)
1784,7160,74.46698,female,white,17,>$50k,CHF,COPD/CHF/Cirrhosis,2,0,67,9.5,116,12,35.59375,344,,,1.39990234,112,7.459961,168,16,2128,,0,no dnr,0,1,
1785,6299,71.461,male,white,,,MOSF w/Malig,ARF/MOSF,1,0,67,17.0976562,117,12,36.19531,132.28125,,,3.39990234,138,7.5,,,,,,no dnr,1,1,<2 mo. follow-up
1786,2834,71.51794,female,white,10,under $11k,ARF/MOSF w/Sepsis,ARF/MOSF,2,0,73,6.09960938,80,20,37.79688,,,,0.79992676,138,,71,6,3000,,1,no dnr,0,0,no(M2 and SIP pres)
1787,1226,47.896,female,white,18,>$50k,ARF/MOSF w/Sepsis,ARF/MOSF,5,100,113,11.7988281,105,15,39.39844,168,,9.19921875,0.5,134,7.5,,17,2335,,0,dnr after sadm,1,1,<2 mo. follow-up
1788,5332,80.58295,male,white,8,,ARF/MOSF w/Sepsis,ARF/MOSF,1,0,125,13.5996094,145,20,39.5,86.14062,3.0996094,0.59997559,1.79980469,155,7.319336,210,46,2920,,,dnr after sadm,1,1,<2 mo. follow-up
1789,4673,77.44299,male,white,8,under $11k,COPD,COPD/CHF/Cirrhosis,3,0,83,10.5996094,65,20,36.09375,,2.8999023,0.39996338,1,141,,139,11,4900,,0,dnr after sadm,1,1,<2 mo. follow-up
1790,5979,42.116,male,other,13,$25-$50k,Cirrhosis,COPD/CHF/Cirrhosis,2,0,119,4.5,113,20,36.59375,,2.2998047,6.39941406,0.59997559,133,,,,,0,0,no dnr,0,0,no(M2 and SIP pres)
1791,2731,59.58398,male,white,20,>$50k,MOSF w/Malig,ARF/MOSF,1,0,61,7.5,112,40,37.59375,122.4375,3.199707,,0.89990234,141,7.399414,139,39,1130,,0,no dnr,0,1,no(M2 and SIP pres)
1792,3641,65.40997,male,white,6,,Lung Cancer,Cancer,1,0,119,5.09960938,72,20,36.89844,,3.3999023,0.59997559,0.89990234,141,,,,,0,,no dnr,0,1,
1793,1046,59.17599,female,white,15,$25-$50k,Coma,Coma,0,100,141,1.29980469,125,32,38.59375,207.5,2.0996094,0.59997559,0.69995117,137,7.519531,207,27,1448,,0,dnr after sadm,1,1,<2 mo. follow-up
1794,4562,76.70898,male,white,7,under $11k,ARF/MOSF w/Sepsis,ARF/MOSF,2,0,69,8.19921875,100,12,36.19531,271.375,,,0.59997559,134,7.449219,146,12,2600,,4,dnr after sadm,1,1,<2 mo. follow-up
1795,762,64.51697,male,white,9,under $11k,CHF,COPD/CHF/Cirrhosis,2,0,67,8.3984375,100,24,36,,,,1.29980469,129,,,,,0,,no dnr,0,1,SIP>=30
1796,4918,22.62799,male,black,15,$25-$50k,ARF/MOSF w/Sepsis,ARF/MOSF,0,0,72,6.09960938,60,20,36.5,,,,2.09960938,139,,83,53,1300,,4,no dnr,0,0,no(M2 and SIP pres)
1797,838,44.383,male,white,20,>$50k,ARF/MOSF w/Sepsis,ARF/MOSF,2,0,65,7.09960938,80,26,36.5,300,,0.79992676,2.69970703,145,7.489258,139,29,5040,,,no dnr,0,1,
1798,2643,78.63898,female,white,12,,Lung Cancer,Cancer,2,0,70,5.39941406,80,25,36.09375,233.3125,3.699707,0.59997559,6.69921875,139,7.319336,201,83,3105,0,0,dnr after sadm,0,1,no(M2 and SIP pres)
1799,4416,64.63196,female,white,11,,MOSF w/Malig,ARF/MOSF,1,0,41,2.39990234,126,18,35.79688,115,2,6.59960938,2,133,7.329102,42,31,360,,0,dnr after sadm,0,1,<2 mo. follow-up
1800,7105,28.523,female,white,12,under $11k,Lung Cancer,Cancer,1,0,95,9.69921875,69,20,36.29688,442.8125,4.0996094,1,1.09985352,136,7.449219,123,10,2900,,0,no dnr,0,1,
1801,9037,77.27594,male,white,10,>$50k,CHF,COPD/CHF/Cirrhosis,6,0,79,13.5,68,24,35.59375,276.1875,3.3999023,0.5,1.69995117,137,7.319336,255,45,1250,1,1,no dnr,0,1,no(M2 and SIP pres)
1802,8012,47.60797,male,white,12,$25-$50k,COPD,COPD/CHF/Cirrhosis,2,0,80,7.39941406,78,28,38.09375,133.3125,4.0996094,2.19970703,0.89990234,137,7.30957,,,,0,,no dnr,0,0,no(M2 and SIP pres)
1803,6682,61.31097,male,white,10,$11-$25k,Lung Cancer,Cancer,1,0,97,,101,22,36.29688,,4.2998047,0.5,1.39990234,135,,,,,0,,no dnr,0,1,no(M2 and SIP pres)
1804,7592,65.51398,male,white,12,,Cirrhosis,COPD/CHF/Cirrhosis,3,0,110,16.3984375,71,22,36.19531,172,,0.5,0.89990234,138,7.269531,97,13,2190,,0,no dnr,0,0,no(M2 and SIP pres)
1805,8823,78.54297,male,white,,,Colon Cancer,Cancer,2,0,107,12.0996094,117,10,37.89844,217.5,,,0.89990234,149,7.40918,164,51,2580,1,,dnr before sadm,0,1,
1806,3899,30.795,female,white,,,ARF/MOSF w/Sepsis,ARF/MOSF,2,55,55,13.3984375,116,11,38.69531,148,2.5,0.5,0.89990234,140,7.419922,,,,,,dnr after sadm,1,1,<2 mo. follow-up
1807,1852,70.21796,male,white,14,$11-$25k,ARF/MOSF w/Sepsis,ARF/MOSF,1,0,80,3,100,26,35,404.75,2.199707,1.89990234,8.19921875,135,7.539062,,,,3,0,dnr after sadm,1,1,<2 mo. follow-up
1808,5959,54.48898,female,white,12,under $11k,CHF,COPD/CHF/Cirrhosis,4,0,95,7,110,20,36.09375,337,3.8999023,1,1,130,7.389648,,,,3,1,no dnr,0,0,no(M2 and SIP pres)
1809,2639,60.40198,female,black,11,under $11k,COPD,COPD/CHF/Cirrhosis,1,0,50,12.1992188,61,28,38.09375,143.3125,2.5996094,1.89990234,1,138,7.439453,112,9,5625,0,,no dnr,0,0,no(M2 and SIP pres)
1810,3176,55.68799,female,white,12,,ARF/MOSF w/Sepsis,ARF/MOSF,3,0,70,6.29980469,73,30,35.89844,228,,0.59997559,2.29980469,136,7.299805,265,116,,,0,no dnr,0,0,no(M2 and SIP pres)
1811,1202,43.06097,male,hispanic,12,,ARF/MOSF w/Sepsis,ARF/MOSF,2,26,65,6.09960938,135,28,37.79688,132.5,,1.09985352,1.19995117,134,7.509766,145,31,4425,,,no dnr,0,0,adl>=4 (>=5 if sur)
1812,2647,66.06995,male,white,9,,Lung Cancer,Cancer,1,0,76,5.89941406,80,24,36.69531,,3.3999023,2,1,143,,110,15,410,2,0,no dnr,0,1,
1813,4664,60.70099,male,white,5,$25-$50k,ARF/MOSF w/Sepsis,ARF/MOSF,0,0,70,19.5976562,80,12,35.89844,167.5,,,5.5,134,7.379883,84,100,2100,,0,no dnr,1,1,<2 mo. follow-up
1814,4408,50.43399,female,black,9,,ARF/MOSF w/Sepsis,ARF/MOSF,2,0,76,16.8984375,126,32,37.69531,105,,,1,137,7.479492,134,22,3320,,0,no dnr,0,1,
1815,3254,62.67999,male,white,12,under $11k,CHF,COPD/CHF/Cirrhosis,2,0,63,7,100,24,36.19531,319,3.7998047,0.69995117,1.59985352,137,7.479492,,,,0,0,no dnr,0,1,
1816,4060,74.89697,male,white,,,ARF/MOSF w/Sepsis,ARF/MOSF,3,0,103,14.5,55,32,38.5,108.15625,,,2.89990234,134,7.459961,,,,,,no dnr,1,1,
1817,473,75.99695,male,white,13,$11-$25k,ARF/MOSF w/Sepsis,ARF/MOSF,2,0,52,23.296875,150,44,37,170,,3.89990234,4.5,134,7.389648,,,,,0,dnr after sadm,1,1,<2 mo. follow-up
1818,2140,81.25098,female,white,12,,COPD,COPD/CHF/Cirrhosis,2,100,67,4.39941406,63,38,36.69531,257.125,3.2998047,0.39996338,3.39990234,144,7.259766,,,,,,dnr after sadm,0,1,SIP>=30
1819,4270,66.02295,female,white,10,under $11k,ARF/MOSF w/Sepsis,ARF/MOSF,0,0,61,8,120,40,39.19531,147.25,,,0.79992676,135,7.449219,,,,,0,dnr after sadm,1,1,<2 mo. follow-up
1820,8486,79.09094,male,white,,,COPD,COPD/CHF/Cirrhosis,1,0,115,9.3984375,91,20,36.5,,3.699707,0.39996338,1.5,133,,142,10,6275,,,no dnr,0,1,
1821,4780,85.72998,male,white,13,$25-$50k,COPD,COPD/CHF/Cirrhosis,5,0,43,16.6992188,145,27,36.39844,175,2.199707,1.39990234,4,139,7.369141,57,105,720,,2,dnr after sadm,0,1,no(M2 and SIP pres)
1822,4647,74.79797,female,white,12,$11-$25k,Colon Cancer,Cancer,1,0,103,11.5,110,26,36.09375,246.65625,1.6999512,5.09960938,3.89990234,136,7.429688,319,73,2705,0,0,no dnr,0,0,no(M2 and SIP pres)
1823,1076,58.09998,female,white,,,MOSF w/Malig,ARF/MOSF,2,55,37,0.19998169,115,4,36.79688,310,,5.59960938,1.89990234,139,7.219727,211,74,114,,,dnr after sadm,1,1,<2 mo. follow-up
1824,7953,57.46698,female,white,8,under $11k,Cirrhosis,COPD/CHF/Cirrhosis,2,0,74,8.09960938,87,20,36.69531,596.25,2.7998047,1.89990234,1.69995117,134,7.369141,,,,5,4,no dnr,0,1,no(M2 and SIP pres)
1825,1176,72.82697,male,black,12,$11-$25k,CHF,COPD/CHF/Cirrhosis,3,0,77,7.29980469,85,18,36.69531,,,0.79992676,1.89990234,138,,94,30,200,0,0,no dnr,0,0,SIP>=30
1826,6129,46.03699,male,white,,,ARF/MOSF w/Sepsis,ARF/MOSF,2,0,111,4.39941406,108,14,37.59375,191,1.8999023,0.69995117,2.09960938,134,7.449219,,,,,,no dnr,1,1,<2 mo. follow-up
1827,3147,56.556,female,white,8,under $11k,COPD,COPD/CHF/Cirrhosis,2,0,53,20.8984375,120,8,32.59375,48,1,,1.19995117,130,7.379883,147,13,419,0,0,no dnr,0,0,
1828,807,47.63898,female,white,13,under $11k,Lung Cancer,Cancer,1,0,77,1.19995117,80,20,36.59375,,,,0.79992676,136,,,,,0,,no dnr,0,1,
1829,480,52.767,male,black,10,,ARF/MOSF w/Sepsis,ARF/MOSF,0,0,77,17.0976562,115,24,38.19531,208.5625,3.3999023,4,5.39941406,145,7.449219,,,,,5,no dnr,1,1,<2 mo. follow-up
1830,6057,47.51297,male,black,12,under $11k,CHF,COPD/CHF/Cirrhosis,3,0,121,10.5,101,14,35.59375,480.4375,2.7998047,1.39990234,6.69921875,126,7.489258,,,,0,4,no dnr,0,0,SIP>=30
1831,7571,38.11899,female,white,8,under $11k,ARF/MOSF w/Sepsis,ARF/MOSF,1,9,133,19.5,133,36,36.19531,223.0625,3.0996094,0.89990234,0.5,141,7.389648,161,9,1425,,0,no dnr,0,0,no(M2 and SIP pres)
1832,513,60.07397,female,white,,,Lung Cancer,Cancer,1,41,107,10.8984375,116,24,36,228,2.8999023,,0.39996338,144,7.489258,,,,,,dnr after sadm,1,1,<2 mo. follow-up
1833,5083,71.625,female,white,12,under $11k,ARF/MOSF w/Sepsis,ARF/MOSF,1,0,63,45.5,115,22,37.79688,100,2.5,4.39941406,0.79992676,151,7.339844,62,9,4270,,6,dnr after sadm,1,1,<2 mo. follow-up
1834,5267,72.12,male,black,7,$25-$50k,MOSF w/Malig,ARF/MOSF,1,0,113,26.5,115,9,36.5,275,,2.69970703,6.5,125,7.399414,354,108,533,0,0,dnr after sadm,1,1,<2 mo. follow-up
1835,2806,22.63399,male,white,12,>$50k,ARF/MOSF w/Sepsis,ARF/MOSF,3,0,127,20.296875,130,40,38.19531,132,2.0996094,,0.59997559,146,7.439453,111,9,1016,,0,no dnr,0,0,Coma or Intub
1836,4797,36.181,female,white,14,under $11k,ARF/MOSF w/Sepsis,ARF/MOSF,0,0,117,20,155,44,39.69531,117,2.3999023,4.19921875,0.5,144,7.329102,82,5,4045,0,0,no dnr,0,0,no(M2 and SIP pres)
1837,5290,69.74097,female,black,,$11-$25k,ARF/MOSF w/Sepsis,ARF/MOSF,1,89,112,25.796875,80,14,36.5,200,,,1.89990234,141,7.30957,196,32,2210,,7,dnr after sadm,1,1,<2 mo. follow-up
1838,7179,75.14899,female,white,6,under $11k,ARF/MOSF w/Sepsis,ARF/MOSF,2,37,58,11.3984375,99,12,36.59375,126.25,2.7998047,0.59997559,1.5,139,7.389648,227,42,2110,,0,no dnr,0,1,SIP>=30
1839,5297,26.883,male,black,14,$11-$25k,ARF/MOSF w/Sepsis,ARF/MOSF,0,9,95,30.1992188,145,24,38.5,236,2.3999023,0.69995117,1.29980469,137,7.399414,94,8,2250,,0,no dnr,0,0,no(M2 and SIP pres)
1840,1230,77.29999,female,white,12,>$50k,Colon Cancer,Cancer,1,0,71,13,72,14,36.19531,,2.5,1,0.89990234,140,,,,1050,0,,no dnr,0,0,
1841,8065,52.797,male,white,12,$25-$50k,CHF,COPD/CHF/Cirrhosis,2,0,69,4.79980469,81,24,35.89844,371.375,3.7998047,1.29980469,1.5,138,7.449219,,,,0,3,no dnr,0,0,no(M2 and SIP pres)
1842,6339,83.76996,female,black,5,under $11k,Coma,Coma,1,44,125,12.8984375,83,34,36.39844,226.65625,2.699707,0.79992676,1,138,7.529297,,,,,2,dnr after sadm,0,0,adl>=4 (>=5 if sur)
1843,5444,51.59497,male,black,8,under $11k,ARF/MOSF w/Sepsis,ARF/MOSF,2,26,112,25,95,13,35.29688,356,,14.3984375,7.69921875,134,7.419922,89,88,200,,3,no dnr,1,1,<2 mo. follow-up
1844,253,52.44897,male,white,,,Lung Cancer,Cancer,2,0,84,11.5,80,20,36.19531,,4.5,0.29998779,1,136,,,,,,0,no dnr,0,1,
1845,5514,61.50299,male,white,12,$25-$50k,CHF,COPD/CHF/Cirrhosis,4,0,62,10.1992188,125,26,40.29688,228.5625,,,9.69921875,139,7.319336,327,64,225,,5,dnr after sadm,1,1,<2 mo. follow-up
1846,859,57.53,female,white,12,$25-$50k,ARF/MOSF w/Sepsis,ARF/MOSF,4,41,58,17.5,130,12,38.5,325.6875,2.5996094,0.5,4.09960938,125,7.429688,841,66,895,,7,no dnr,0,0,adl>=4 (>=5 if sur)
1847,4808,45.60999,female,hispanic,12,,COPD,COPD/CHF/Cirrhosis,2,0,48,14.3984375,105,11,38.39844,184.4375,,,2.09960938,137,7.439453,150,51,2640,1,1,no dnr,0,0,
1848,1699,60.31497,female,black,10,under $11k,CHF,COPD/CHF/Cirrhosis,2,0,69,8.59960938,76,24,36.89844,,4.0996094,1.39990234,1.29980469,134,,,,,0,0,no dnr,0,1,<2 mo. follow-up
1849,8863,83.71497,female,white,8,,MOSF w/Malig,ARF/MOSF,2,0,62,18.8984375,134,28,38.69531,136,1.6999512,0.19998169,0.89990234,140,7.459961,206,16,1325,,0,no dnr,0,0,no(M2 and SIP pres)
1850,6929,68.47595,female,black,12,$11-$25k,Coma,Coma,1,61,65,2.19970703,114,20,38.29688,,2.5996094,3.79980469,2,133,,114,63,,,5,no dnr,1,1,<2 mo. follow-up
1851,3799,65.39099,male,white,16,>$50k,MOSF w/Malig,ARF/MOSF,1,37,45,0.09999084,140,30,38.69531,230,1.1999512,4.89941406,2.59960938,149,7.449219,,,,,6,dnr after sadm,1,1,<2 mo. follow-up
1852,552,76.76099,female,white,,,Lung Cancer,Cancer,2,0,67,11.3984375,92,20,36.39844,368,,,0.59997559,130,7.429688,,,,,,dnr after sadm,1,1,<2 mo. follow-up
1853,849,54.02298,female,white,10,,ARF/MOSF w/Sepsis,ARF/MOSF,3,89,55,12.8984375,115,46,39.19531,290,3.2998047,4.59960938,3.79980469,143,7.439453,74,95,160,,0,no dnr,1,1,<2 mo. follow-up
1854,986,33.01297,female,white,12,$25-$50k,ARF/MOSF w/Sepsis,ARF/MOSF,2,55,117,4,120,54,38.5,490,2,28.5,2.59960938,153,7.429688,256,115,2500,,,dnr after sadm,1,1,<2 mo. follow-up
1855,1837,84.41595,male,white,4,,COPD,COPD/CHF/Cirrhosis,2,0,57,8.19921875,61,34,37.59375,197.5,3,0.89990234,1.69995117,135,7.40918,,,,0,3,no dnr,0,0,no(M2 and SIP pres)
1856,4586,21.85899,male,white,,,ARF/MOSF w/Sepsis,ARF/MOSF,1,0,65,14.0996094,106,20,35.69531,,3.8999023,,0.89990234,128,,97,14,,,,dnr after sadm,1,1,<2 mo. follow-up
1857,2993,61.952,female,,,,ARF/MOSF w/Sepsis,ARF/MOSF,0,44,70,3.79980469,80,20,35.59375,,3.8999023,,1.79980469,137,,112,33,,,,dnr after sadm,1,1,<2 mo. follow-up
1858,614,62.59497,female,white,12,$11-$25k,Cirrhosis,COPD/CHF/Cirrhosis,1,26,82,7.5,78,20,37.79688,457.125,2,4.39941406,1,132,7.519531,,,,0,1,no dnr,0,1,adl>=4 (>=5 if sur)
1859,8921,76.71997,male,white,16,,COPD,COPD/CHF/Cirrhosis,2,0,80,10.5996094,114,32,35.69531,240,3.5996094,0.5,1.09985352,140,7.369141,124,25,875,0,1,no dnr,0,0,no(M2 and SIP pres)
1860,1480,60.65997,female,hispanic,,,Coma,Coma,1,9,103,6.69921875,78,22,38.5,,,0.5,1,140,,86,11,1050,,,dnr before sadm,0,1,<2 mo. follow-up
1861,2359,80.47095,male,white,19,under $11k,CHF,COPD/CHF/Cirrhosis,3,0,83,7,60,15,36.69531,410,4,0.5,1.69995117,138,7.459961,,,,6,1,no dnr,0,0,no(M2 and SIP pres)
1862,8935,35.52899,male,white,12,under $11k,CHF,COPD/CHF/Cirrhosis,2,0,33,,76,20,38.59375,102.34375,,,4.19921875,144,7.199219,235,70,330,,,no dnr,0,0,no(M2 and SIP pres)
1863,8512,57.80197,female,white,,,Cirrhosis,COPD/CHF/Cirrhosis,1,0,105,33,140,30,36.79688,220,3.2998047,0.59997559,1.09985352,152,7.519531,169,38,1300,,,no dnr,0,1,
1864,8300,22.55699,male,white,13,under $11k,MOSF w/Malig,ARF/MOSF,3,0,114,2.5,146,36,39.59375,304.75,2.7998047,0.79992676,2.19970703,125,7.479492,,,,,5,dnr after sadm,0,1,<2 mo. follow-up
1865,7214,30.30299,male,white,12,$11-$25k,ARF/MOSF w/Sepsis,ARF/MOSF,0,0,105,6.39941406,112,32,35.19531,164.5,,1.09985352,0.59997559,133,7.259766,150,16,680,,7,no dnr,0,0,adl>=4 (>=5 if sur)
1866,5875,57.35797,female,white,9,under $11k,COPD,COPD/CHF/Cirrhosis,3,0,124,13,96,24,36.59375,232.25,,,1.39990234,134,7.379883,,,,5,2,no dnr,0,1,SIP>=30
1867,3258,48.827,female,white,12,under $11k,ARF/MOSF w/Sepsis,ARF/MOSF,0,9,60,16.3984375,108,24,37.5,368,1.6999512,1.79980469,2.79980469,140,7.389648,,,,1,1,no dnr,0,0,SIP>=30
1868,7222,81.32495,female,black,6,under $11k,ARF/MOSF w/Sepsis,ARF/MOSF,3,41,76,10.0996094,70,24,36.59375,307.375,2.7998047,0.69995117,2.09960938,147,7.359375,99,54,1010,,7,dnr after sadm,1,1,<2 mo. follow-up
1869,7980,59.715,female,white,8,,CHF,COPD/CHF/Cirrhosis,3,0,101,13.5,96,20,36.29688,161.21875,3.8999023,0.5,2.79980469,136,7.399414,,,,1,,no dnr,0,0,no(M2 and SIP pres)
1870,1984,81.07898,female,white,12,,COPD,COPD/CHF/Cirrhosis,1,0,53,12.3984375,64,42,36.89844,150,3.699707,0.79992676,1.09985352,145,7.30957,,,,,4,no dnr,0,1,<2 mo. follow-up
1871,691,82.66699,female,white,12,under $11k,Coma,Coma,3,55,112,79.1875,55,18,38.5,212.5,,,0.69995117,125,7.519531,,,,,7,dnr after sadm,0,1,adl>=4 (>=5 if sur)
1872,3200,65.52795,male,white,,$11-$25k,ARF/MOSF w/Sepsis,ARF/MOSF,2,41,83,10.5996094,80,20,37.09375,253.3125,,,1,147,7.379883,99,25,,2,1,dnr after sadm,0,0,no(M2 and SIP pres)
1873,6616,66.62799,female,black,12,,ARF/MOSF w/Sepsis,ARF/MOSF,3,0,116,11.7988281,109,12,36.59375,360,3.2998047,0.5,1.5,140,7.449219,,,,1,1,no dnr,0,0,no(M2 and SIP pres)
1874,1456,66.89099,male,white,,,ARF/MOSF w/Sepsis,ARF/MOSF,2,44,107,18.0976562,66,24,38,,,,0.89990234,136,,170,6,1175,,,no dnr,0,0,
1875,2852,59.06598,female,white,13,>$50k,ARF/MOSF w/Sepsis,ARF/MOSF,0,0,57,3.89990234,115,25,38,338.0625,3,1.09985352,0.5,134,7.549805,126,3,3550,1,0,no dnr,0,0,no(M2 and SIP pres)
1876,3331,51.28,male,white,,,Cirrhosis,COPD/CHF/Cirrhosis,3,0,67,6.79980469,118,36,36.59375,309.5,2.5,,5.59960938,127,7.449219,,,,,,dnr after sadm,0,1,<2 mo. follow-up
1877,1703,36.27698,female,white,11,,ARF/MOSF w/Sepsis,ARF/MOSF,0,0,54,18.296875,76,14,35.79688,195,2.7998047,0.59997559,0.79992676,139,7.439453,,,,,0,no dnr,0,0,no(M2 and SIP pres)
1878,6919,53.63397,male,black,9,,ARF/MOSF w/Sepsis,ARF/MOSF,0,0,88,,79,24,36.89844,,3.3999023,0.29998779,0.89990234,136,,112,9,3000,,0,no dnr,0,0,no(M2 and SIP pres)
1879,3322,76.31195,male,white,12,>$50k,ARF/MOSF w/Sepsis,ARF/MOSF,1,37,65,23,80,8,35.69531,192.5,,0.19998169,11,135,7.339844,,,,,1,dnr after sadm,1,1,<2 mo. follow-up
1880,4151,60.59399,female,white,3,,MOSF w/Malig,ARF/MOSF,0,100,43,0.89990234,114,12,40,298,,5,1.69995117,129,7.40918,,,,,3,dnr after sadm,1,1,<2 mo. follow-up
1881,1728,41.02698,male,white,18,>$50k,Cirrhosis,COPD/CHF/Cirrhosis,2,0,73,15,110,24,37,,2.8999023,50.6953125,5,135,,,,,1,,dnr after sadm,1,1,<2 mo. follow-up
1882,1131,47.93399,female,asian,16,$25-$50k,MOSF w/Malig,ARF/MOSF,2,0,85,30.1992188,65,34,36.29688,86.65625,,,3.69970703,131,7.389648,119,41,1535,0,0,no dnr,0,0,no(M2 and SIP pres)
1883,80,37.87,male,white,,,ARF/MOSF w/Sepsis,ARF/MOSF,1,9,83,23.5,122,26,37.59375,257.5,,3.09960938,5.19921875,134,7.379883,,,,,,no dnr,0,0,
1884,6889,45.862,male,white,12,,ARF/MOSF w/Sepsis,ARF/MOSF,2,0,60,4.39941406,113,14,36.69531,88.875,1.8999023,0.39996338,0.59997559,135,7.459961,388,10,5840,,,no dnr,0,0,
1885,2321,47.81699,female,white,12,$25-$50k,Lung Cancer,Cancer,1,0,74,7.5,80,16,36.89844,,4,0.39996338,1,141,,,,,0,,no dnr,0,1,SIP>=30
1886,5119,64.86798,male,white,12,$11-$25k,COPD,COPD/CHF/Cirrhosis,3,0,75,24.5,80,24,38,293.3125,2.5,0.79992676,1.69995117,133,7.379883,10,192,,,0,no dnr,0,1,no(M2 and SIP pres)
1887,3047,43.93399,female,black,12,$11-$25k,ARF/MOSF w/Sepsis,ARF/MOSF,2,0,46,8.5,71,24,36.09375,217.5,3.699707,0.89990234,1.69995117,143,7.419922,119,19,3835,,0,no dnr,0,0,no(M2 and SIP pres)
1888,2285,67.73395,female,white,12,,Cirrhosis,COPD/CHF/Cirrhosis,3,9,113,6.69921875,54,12,35.89844,642.75,2.699707,3.5,0.79992676,142,7.469727,,,,,1,no dnr,0,1,no(M2 and SIP pres)
1889,5387,66.90497,male,white,15,$25-$50k,Lung Cancer,Cancer,1,0,75,10.3984375,115,24,37.79688,106.65625,,,0.79992676,134,7.419922,114,17,2410,0,,no dnr,0,1,<2 mo. follow-up
1890,5960,72.29297,female,white,12,$25-$50k,ARF/MOSF w/Sepsis,ARF/MOSF,3,61,59,7.69921875,118,24,35.69531,375.875,2,4.69921875,3.89990234,133,7.389648,,,,,,dnr after sadm,1,1,<2 mo. follow-up
1891,55,77.57697,female,other,,,CHF,COPD/CHF/Cirrhosis,2,0,90,12.3984375,84,32,36.59375,276.1875,,,0.79992676,139,7.469727,,,,,,no dnr,0,1,
1892,8503,71.20599,male,white,19,>$50k,ARF/MOSF w/Sepsis,ARF/MOSF,1,41,101,7.79980469,107,22,35.5,,3.699707,0.69995117,1.29980469,135,,123,16,3400,,0,dnr after sadm,1,1,<2 mo. follow-up
1893,7372,60.56897,male,white,12,under $11k,ARF/MOSF w/Sepsis,ARF/MOSF,0,9,79,0.69995117,71,24,36,,3.3999023,0.89990234,0.89990234,136,,87,10,3250,,6,no dnr,0,0,SIP>=30
1894,1392,61.92999,male,hispanic,8,under $11k,Cirrhosis,COPD/CHF/Cirrhosis,5,0,72,8.09960938,55,20,36.19531,91.65625,,0.59997559,1.39990234,138,7.419922,,26,1636,0,,no dnr,0,0,no(M2 and SIP pres)
1895,7429,54.00998,male,white,13,>$50k,Coma,Coma,1,0,127,19.0976562,71,12,36.59375,144,1.1999512,1.79980469,0.79992676,143,7.239258,201,19,3019,,0,no dnr,0,0,no(M2 and SIP pres)
1896,274,76.44897,male,white,11,,ARF/MOSF w/Sepsis,ARF/MOSF,1,26,108,14.7988281,140,20,39,,,,2,144,,,,,,6,no dnr,0,1,<2 mo. follow-up
1897,4003,69.66498,female,white,11,,COPD,COPD/CHF/Cirrhosis,3,0,107,9.59960938,84,22,36.39844,214.28125,3.3999023,0.29998779,1.59985352,136,,,,,0,,no dnr,0,0,
1898,8544,52.98599,female,white,12,,Colon Cancer,Cancer,1,0,120,10.1992188,20,8,40.5,,,,1,134,,235,14,1500,0,,no dnr,0,1,
1899,7386,52.71997,female,white,12,,Coma,Coma,3,44,132,15.0996094,116,22,36.5,343.3125,,1.29980469,8.09960938,132,7.449219,94,78,240,,0,dnr after sadm,1,1,<2 mo. follow-up
1900,6332,47.47699,male,black,,under $11k,ARF/MOSF w/Sepsis,ARF/MOSF,1,0,53,12.7988281,112,14,36.79688,290,1.2998047,0.89990234,0.69995117,148,7.489258,,,,,,no dnr,0,0,SIP>=30
1901,472,75.80798,male,white,3,>$50k,Lung Cancer,Cancer,2,26,137,29.1992188,160,56,38,146,2.7998047,,1.09985352,143,7.469727,,,,,4,dnr after sadm,0,1,<2 mo. follow-up
1902,6531,71.88995,female,white,8,under $11k,COPD,COPD/CHF/Cirrhosis,2,0,75,4.39941406,68,26,36.59375,291.25,3.5996094,0.69995117,0.79992676,138,7.389648,,,,2,0,no dnr,0,1,no(M2 and SIP pres)
1903,7237,44.08798,male,black,16,under $11k,CHF,COPD/CHF/Cirrhosis,3,0,120,10.0996094,112,12,38.89844,154.53125,2.7998047,2.09960938,1.09985352,131,7.399414,108,19,1562,0,0,no dnr,0,1,no(M2 and SIP pres)
1904,7057,76.61298,male,white,11,under $11k,CHF,COPD/CHF/Cirrhosis,3,0,109,1.69995117,63,20,35.5,,2.5,0.5,1.59985352,130,,157,14,700,1,,no dnr,0,1,<2 mo. follow-up
1905,5452,32.43799,female,hispanic,18,$11-$25k,ARF/MOSF w/Sepsis,ARF/MOSF,0,44,80,13.0996094,128,24,36.09375,200,,,1.09985352,135,7.129883,227,34,500,,0,no dnr,0,0,adl>=4 (>=5 if sur)
1906,8753,50.93799,male,white,,,ARF/MOSF w/Sepsis,ARF/MOSF,1,0,60,10.5996094,131,28,36.59375,276.875,,0.69995117,2,133,7.479492,83,49,1200,,,no dnr,1,1,<2 mo. follow-up
1907,5670,70.89697,male,white,13,,Lung Cancer,Cancer,4,0,108,14.5,104,32,35.79688,242.84375,,1.29980469,1,139,7.479492,112,37,3900,,0,dnr after sadm,1,1,<2 mo. follow-up
1908,5277,66.784,male,white,13,>$50k,Lung Cancer,Cancer,3,0,65,10.7988281,125,29,36.29688,114.28125,1.6999512,0.29998779,9.09960938,133,7.389648,108,66,220,,,no dnr,0,1,SIP>=30
1909,6575,82.22595,male,white,12,$25-$50k,ARF/MOSF w/Sepsis,ARF/MOSF,3,26,63,4,101,9,39.19531,128,2.5996094,2.39990234,0.79992676,142,7.449219,,,,,1,dnr after sadm,0,1,adl>=4 (>=5 if sur)
1910,38,41.97897,male,white,14,$11-$25k,CHF,COPD/CHF/Cirrhosis,1,0,120,8.3984375,86,22,37.5,295.1875,,,1.79980469,129,7.5,,,,0,0,no dnr,0,1,no(M2 and SIP pres)
1911,4192,72.62695,male,white,6,under $11k,Coma,Coma,0,61,109,17.1992188,56,28,37.5,316.625,,,0.79992676,131,7.429688,,,,,1,no dnr,0,0,adl>=4 (>=5 if sur)
1912,3955,48.931,male,black,18,>$50k,ARF/MOSF w/Sepsis,ARF/MOSF,1,0,111,13.7988281,74,8,38.89844,304,3.199707,0.29998779,1,138,7.369141,,,,,2,no dnr,0,0,no(M2 and SIP pres)
1913,2413,55.78897,male,,,,Lung Cancer,Cancer,2,0,113,7.29980469,96,32,38.69531,171.65625,3.0996094,0.39996338,1.09985352,139,7.5,,,,,,no dnr,0,1,
1914,5252,70.612,male,black,10,,Coma,Coma,0,61,79,11.1992188,130,25,36.19531,,4.1992188,1.19995117,1.39990234,141,,96,21,2275,,0,no dnr,0,0,adl>=4 (>=5 if sur)
1915,360,58.31897,female,hispanic,,,Cirrhosis,COPD/CHF/Cirrhosis,2,0,87,4.89941406,80,20,37.19531,,2.199707,4.79980469,1,135,,,,,,,no dnr,0,1,
1916,2927,88.65198,male,white,12,,ARF/MOSF w/Sepsis,ARF/MOSF,3,0,107,12.3984375,80,25,36.09375,272,,0.59997559,2.09960938,144,7.319336,103,50,1400,,,dnr after sadm,1,1,<2 mo. follow-up
1917,597,82.01196,female,white,11,$11-$25k,COPD,COPD/CHF/Cirrhosis,2,0,63,19.3984375,110,32,36.29688,160.6875,3.8999023,0.19998169,2,153,7.369141,,,,,2,no dnr,0,1,<2 mo. follow-up
1918,3197,80.05499,male,white,8,$25-$50k,ARF/MOSF w/Sepsis,ARF/MOSF,1,0,101,14.5996094,110,23,38.89844,230,2.5,1.89990234,1.09985352,131,7.519531,123,29,1450,,0,no dnr,1,1,<2 mo. follow-up
1919,7680,82.47498,male,white,12,under $11k,ARF/MOSF w/Sepsis,ARF/MOSF,3,9,122,3.09960938,212,44,36.29688,98.32812,2.0996094,1.29980469,0.69995117,134,7.379883,114,16,1750,,,no dnr,0,1,no(M2 and SIP pres)
1920,8031,59.18399,male,white,,,Lung Cancer,Cancer,1,0,105,7.5,69,16,36.39844,,3.7998047,0.39996338,0.79992676,137,,,,,,,no dnr,0,1,
1921,7264,74.49396,female,white,,,MOSF w/Malig,ARF/MOSF,1,9,57,7.39941406,133,8,35.59375,278,3,2.09960938,0.29998779,137,7.529297,86,18,700,,,dnr after sadm,0,1,
1922,4118,28.09299,male,white,8,,Colon Cancer,Cancer,1,0,77,9.29882812,80,20,36.59375,,3.199707,,0.89990234,139,,,,,0,1,no dnr,0,1,adl>=4 (>=5 if sur)
1923,6512,28.02499,male,white,9,under $11k,ARF/MOSF w/Sepsis,ARF/MOSF,1,0,59,21.5976562,150,14,39.89844,98.875,2.5,1.5,0.69995117,135,7.429688,,,,,6,dnr after sadm,1,1,<2 mo. follow-up
1924,6782,69.83398,female,white,14,$25-$50k,ARF/MOSF w/Sepsis,ARF/MOSF,4,55,127,13.7988281,150,12,38.79688,133.3125,2.3999023,1,1.29980469,146,7.369141,148,20,2645,,3,dnr after sadm,1,1,<2 mo. follow-up
1925,8005,65.23798,male,white,8,under $11k,CHF,COPD/CHF/Cirrhosis,5,0,110,7,59,28,35.69531,428.5625,3.3999023,0.39996338,2.09960938,133,7.439453,,,,1,0,no dnr,0,1,no(M2 and SIP pres)
1926,5913,32.85098,female,black,7,,ARF/MOSF w/Sepsis,ARF/MOSF,2,0,160,12.5,126,20,36,300,2.199707,0.79992676,2,134,7.389648,,,,,6,no dnr,0,1,
1927,7299,89.20996,male,white,20,,MOSF w/Malig,ARF/MOSF,1,0,120,11.7988281,124,10,37.19531,142.5,,,0.89990234,141,7.449219,140,30,1750,2,0,no dnr,0,1,no(M2 and SIP pres)
1928,309,71.66296,female,white,,,Coma,Coma,0,55,113,10.1992188,110,20,39.89844,215.53125,,,0.89990234,127,7.439453,,,,,,dnr after sadm,1,1,<2 mo. follow-up
1929,8892,69.65399,female,white,,,Coma,Coma,1,61,77,10,57,28,35.79688,,4.2998047,1.39990234,1.29980469,136,,271,21,1695,,,no dnr,1,1,<2 mo. follow-up
1930,8856,89.12,male,white,4,,CHF,COPD/CHF/Cirrhosis,6,0,57,16.5976562,134,12,37.5,285,3.0996094,0.5,1.69995117,137,7.449219,126,34,775,,5,no dnr,0,1,adl>=4 (>=5 if sur)
1931,3273,46.83899,male,white,11,$11-$25k,CHF,COPD/CHF/Cirrhosis,2,0,71,6,68,24,36.59375,357.125,,1.09985352,1.79980469,141,7.419922,,,,0,0,no dnr,0,0,no(M2 and SIP pres)
1932,8754,54.95398,male,white,12,under $11k,MOSF w/Malig,ARF/MOSF,3,0,61,3.39990234,67,28,34.79688,,2.3999023,11.5,1.09985352,139,,206,66,1750,,0,dnr after sadm,1,1,<2 mo. follow-up
1933,6004,36.22198,female,black,,,Cirrhosis,COPD/CHF/Cirrhosis,4,9,147,13.1992188,114,13,37.79688,294.625,3.2998047,2.79980469,0.5,141,7.379883,,,,,1,no dnr,0,0,no(M2 and SIP pres)
1934,3683,58.56497,male,black,9,under $11k,ARF/MOSF w/Sepsis,ARF/MOSF,3,0,78,24.8984375,62,10,35.09375,217.125,,1.39990234,2.29980469,134,7.389648,,,,2,,no dnr,0,1,
1935,7348,52.38599,female,white,12,under $11k,CHF,COPD/CHF/Cirrhosis,2,0,131,13.5996094,71,14,36.09375,359.25,,,0.5,134,7.419922,133,12,4336,1,0,no dnr,0,0,no(M2 and SIP pres)
1936,3717,61.33298,male,white,12,$25-$50k,CHF,COPD/CHF/Cirrhosis,2,0,53,6.59960938,112,36,35.29688,210,,,2.09960938,125,7.489258,,,,,0,no dnr,0,0,no(M2 and SIP pres)
1937,7481,59.17297,male,black,10,under $11k,CHF,COPD/CHF/Cirrhosis,3,0,123,22.5,176,44,39.19531,420,2.7998047,1.59985352,4.69921875,153,7.489258,185,68,1415,0,,no dnr,0,0,no(M2 and SIP pres)
1938,5214,41.06998,female,white,,,Coma,Coma,2,100,89.5,17.0976562,115,24,36.5,228.96875,,,2.09960938,148,7.399414,103,86,4665,,,dnr after sadm,1,1,<2 mo. follow-up
1939,3378,63.04199,male,white,16,$25-$50k,ARF/MOSF w/Sepsis,ARF/MOSF,1,0,72,18.1992188,120,10,37.79688,267.5,1.7998047,0.39996338,1.39990234,137,7.389648,,,,,0,dnr after sadm,0,1,adl>=4 (>=5 if sur)
1940,3246,74.52399,female,white,12,under $11k,CHF,COPD/CHF/Cirrhosis,2,0,87,3.89990234,65,20,35.89844,,4.0996094,0.89990234,1.19995117,144,,,,,0,0,no dnr,0,1,no(M2 and SIP pres)
1941,2662,68.94696,male,black,8,$11-$25k,MOSF w/Malig,ARF/MOSF,2,0,70,12.1992188,120,10,36.29688,96.25,2.2998047,0.79992676,4.89941406,132,7.219727,103,50,0,7,4,no dnr,0,1,no(M2 and SIP pres)
1942,7995,78.57397,male,white,8,,COPD,COPD/CHF/Cirrhosis,1,0,109,7,120,32,36,280.9375,4,0.29998779,2.89990234,131,7.359375,,,,0,0,no dnr,0,1,no(M2 and SIP pres)
1943,1248,74.88794,female,white,12,$11-$25k,ARF/MOSF w/Sepsis,ARF/MOSF,3,0,68,13,110,36,38.39844,167.5,3.199707,1.59985352,0.89990234,148,7.389648,178,37,2360,,1,dnr after sadm,0,0,adl>=4 (>=5 if sur)
1944,2984,49.875,male,white,12,under $11k,CHF,COPD/CHF/Cirrhosis,2,0,73,9.29882812,70,25,36.69531,260,,,0.79992676,141,7.359375,213,27,600,,0,no dnr,0,1,SIP>=30
1945,6542,69.125,female,white,15,under $11k,ARF/MOSF w/Sepsis,ARF/MOSF,4,0,64,4.39941406,72,12,36.19531,280.625,2.2998047,0.5,1.5,143,7.5,,,,,,no dnr,0,0,no(M2 and SIP pres)
1946,56,84.95795,male,white,14,>$50k,CHF,COPD/CHF/Cirrhosis,4,0,92,13.6992188,80,32,37.19531,313.3125,3.7998047,0.29998779,1.29980469,137,7.429688,,,,0,,no dnr,0,0,no(M2 and SIP pres)
1947,349,75.54297,male,white,14,$25-$50k,Colon Cancer,Cancer,1,0,93,13.8984375,84,20,36.19531,,,1.19995117,1,136,,,,,2,0,no dnr,0,1,no(M2 and SIP pres)
1948,169,44.35898,male,white,12,$11-$25k,CHF,COPD/CHF/Cirrhosis,3,0,69,9.5,136,20,36.39844,261.875,,0.5,1.59985352,137,7.419922,,,,,,no dnr,0,1,no(M2 and SIP pres)
1949,5698,66.80896,male,white,12,under $11k,Lung Cancer,Cancer,2,9,72,6.79980469,75,32,35.29688,287.75,2.699707,0.39996338,1.29980469,126,7.419922,96,49,2555,,0,dnr after sadm,1,1,<2 mo. follow-up
1950,2291,83.20294,female,white,12,$11-$25k,CHF,COPD/CHF/Cirrhosis,4,0,77,8.29882812,70,20,36.09375,304.75,3.3999023,,1,141,7.469727,,,,0,,no dnr,0,0,no(M2 and SIP pres)
1951,7807,52.57797,female,white,12,$11-$25k,Lung Cancer,Cancer,1,0,100,23.5,68,26,35.39844,280.9375,2.7998047,0.5,0.89990234,137,7.529297,,,,5,4,dnr after sadm,0,1,<2 mo. follow-up
1952,6157,40.93399,female,other,14,$11-$25k,Cirrhosis,COPD/CHF/Cirrhosis,2,0,74,4,113,14,36.69531,595.125,3.3999023,1.5,0.79992676,135,7.509766,,,,6,5,no dnr,0,0,no(M2 and SIP pres)
1953,2615,83.99695,male,white,7,under $11k,CHF,COPD/CHF/Cirrhosis,5,0,47,21,134,10,34.79688,62,2,0.19998169,2.29980469,136,7.399414,165,34,2948,1,0,no dnr,0,0,no(M2 and SIP pres)
1954,8896,63.52597,male,white,12,$11-$25k,ARF/MOSF w/Sepsis,ARF/MOSF,3,44,67,12.5,100,20,36.09375,,2.199707,6.69921875,1.09985352,131,,105,18,1900,,0,dnr after sadm,0,1,no(M2 and SIP pres)
1955,8661,79.16199,male,hispanic,14,,CHF,COPD/CHF/Cirrhosis,5,0,59,6.19921875,74,44,35.69531,,,0.79992676,1.29980469,141,,105,25,,4,3,dnr after sadm,0,1,no(M2 and SIP pres)
1956,767,28.30099,male,white,,,CHF,COPD/CHF/Cirrhosis,1,0,67,6.29980469,135,16,36.29688,,,,1.59985352,139,,,,,,,no dnr,0,0,
1957,8872,70.13794,female,white,10,,Lung Cancer,Cancer,1,0,65,12,79,24,36.09375,292,,0.5,1.39990234,134,7.389648,354,43,1465,,,no dnr,0,1,no(M2 and SIP pres)
1958,68,37.73297,male,white,12,$25-$50k,CHF,COPD/CHF/Cirrhosis,1,0,67,7.5,130,16,36.5,347.5625,3,0.59997559,0.89990234,132,7.469727,,,,5,7,no dnr,0,1,<2 mo. follow-up
1959,3160,79.75598,male,white,12,$25-$50k,MOSF w/Malig,ARF/MOSF,2,0,38,6.5,120,15,36.69531,419,3.0996094,,1,132,7.449219,92,9,,0,1,dnr after sadm,0,0,adl>=4 (>=5 if sur)
1960,5075,75.98395,male,white,10,under $11k,ARF/MOSF w/Sepsis,ARF/MOSF,1,9,128,7,115,10,38,266.625,2.5,0.5,0.59997559,130,7.379883,125,8,1570,,0,dnr after sadm,1,1,<2 mo. follow-up
1961,1355,75.96698,male,white,0,$11-$25k,COPD,COPD/CHF/Cirrhosis,3,0,105,6.19921875,115,10,38,228,3,8.79882812,1.59985352,155,7.5,259,99,6920,2,,no dnr,0,0,
1962,4229,64.97998,female,white,16,under $11k,ARF/MOSF w/Sepsis,ARF/MOSF,1,37,115,19.6992188,134,26,37.89844,115.54688,1.3999023,1.69995117,2.89990234,129,7.399414,,,,,,dnr after sadm,1,1,<2 mo. follow-up
1963,2861,74.68298,male,white,13,under $11k,ARF/MOSF w/Sepsis,ARF/MOSF,3,0,63,22.6992188,117,10,39.39844,91,3,1.79980469,1.69995117,147,7.419922,181,52,1535,,0,dnr after sadm,1,1,<2 mo. follow-up
1964,2232,65.59094,female,white,12,>$50k,ARF/MOSF w/Sepsis,ARF/MOSF,0,0,53,7.79980469,80,38,39.69531,126.65625,3.2998047,0.29998779,0.59997559,138,7.509766,,,,0,2,no dnr,0,0,no(M2 and SIP pres)
1965,7444,66.17896,female,white,,,MOSF w/Malig,ARF/MOSF,1,0,73,14.2988281,110,28,38.29688,274.5,1.6999512,2,2.09960938,147,7.469727,232,60,1124,,,dnr after sadm,1,1,<2 mo. follow-up
1966,1781,70.82794,female,white,,,MOSF w/Malig,ARF/MOSF,1,0,56,14.2988281,102,40,38.09375,114,2.7998047,0.59997559,0.59997559,138,7.429688,,,,,,dnr after sadm,0,1,
1967,6777,52.58899,male,white,18,>$50k,ARF/MOSF w/Sepsis,ARF/MOSF,0,0,62,21.1992188,70,27,36.39844,132,,0.5,0.79992676,145,7.5,228,27,1180,1,0,no dnr,0,0,no(M2 and SIP pres)
1968,3285,59.45499,male,white,10,under $11k,CHF,COPD/CHF/Cirrhosis,4,0,58,12.6992188,120,28,37.29688,,,,2.19970703,124,,,,,1,2,no dnr,0,1,<2 mo. follow-up
1969,7492,49.34698,female,white,11,under $11k,CHF,COPD/CHF/Cirrhosis,4,0,74,18.5,118,20,35.79688,,1.8999023,0.59997559,0.69995117,122,,70,14,1750,0,0,no dnr,0,0,no(M2 and SIP pres)
1970,6867,77.96594,female,white,12,under $11k,Coma,Coma,0,94,67,11.0996094,147,38,38.19531,180,2.0996094,0.59997559,1.39990234,134,7.40918,278,28,1310,,1,dnr after sadm,1,1,<2 mo. follow-up
1971,1613,77.66699,male,white,15,,CHF,COPD/CHF/Cirrhosis,3,0,69,9.8984375,74,16,36.79688,204,4.1992188,,2.29980469,137,7.419922,,,,,,no dnr,1,1,<2 mo. follow-up
1972,5502,52.98297,male,white,18,>$50k,Lung Cancer,Cancer,0,0,132,6.29980469,110,11,36.39844,147.59375,3.0996094,1.29980469,4,128,7.319336,661,28,780,0,0,no dnr,0,0,no(M2 and SIP pres)
1973,7188,58.04199,male,black,3,under $11k,CHF,COPD/CHF/Cirrhosis,2,0,70,6.29980469,101,24,35.39844,360,3.8999023,1.09985352,2.5,136,7.40918,101,30,1848,0,,no dnr,0,0,no(M2 and SIP pres)
1974,4411,67.81696,male,white,11,>$50k,ARF/MOSF w/Sepsis,ARF/MOSF,1,0,79,10,70,20,36.79688,,,0.89990234,1.5,142,,153,22,,,0,dnr after sadm,1,1,<2 mo. follow-up
1975,8060,74.30499,female,white,8,under $11k,CHF,COPD/CHF/Cirrhosis,3,0,144,9.5,57,36,35.69531,,3.3999023,0.69995117,10.6992188,138,,,,,1,1,dnr after sadm,0,1,no(M2 and SIP pres)
1976,5983,81.37396,male,black,8,under $11k,COPD,COPD/CHF/Cirrhosis,2,0,119,18.1992188,107,24,36,165.6875,3.3999023,0.69995117,0.89990234,138,7.389648,,,,1,1,no dnr,0,1,no(M2 and SIP pres)
1977,137,50.23099,female,white,,,ARF/MOSF w/Sepsis,ARF/MOSF,1,37,94,11.8984375,97,38,39.19531,204.0625,,,1.09985352,140,7.429688,,,,,,no dnr,0,0,
1978,4152,56.35898,female,white,14,$25-$50k,MOSF w/Malig,ARF/MOSF,1,0,60,6.69921875,122,40,38.5,248,2.3999023,2.59960938,2.19970703,127,7.399414,,,,0,0,no dnr,0,0,no(M2 and SIP pres)
1979,2955,87.93994,female,white,12,under $11k,ARF/MOSF w/Sepsis,ARF/MOSF,3,0,123,,121,24,35.69531,,,,0.89990234,141,,161,18,2425,,6,dnr before sadm,0,1,
1980,5814,46.92697,male,white,16,>$50k,MOSF w/Malig,ARF/MOSF,1,37,72,6.79980469,125,8,38.79688,230,2.5,,1,137,7.359375,89,6,1910,,,no dnr,1,1,<2 mo. follow-up
1981,903,44.02499,male,white,12,under $11k,ARF/MOSF w/Sepsis,ARF/MOSF,2,55,75,11.1992188,100,10,37.5,328.5625,2,35,1.19995117,136,7.429688,106,19,3520,,6,no dnr,0,1,<2 mo. follow-up
1982,1634,53.67297,male,black,17,$11-$25k,Coma,Coma,0,100,33,5.09960938,0,0,35.19531,211.65625,3.199707,0.5,2.39990234,145,7.379883,,,,,,dnr after sadm,1,1,<2 mo. follow-up
1983,1244,54.46997,male,hispanic,18,>$50k,ARF/MOSF w/Sepsis,ARF/MOSF,2,26,58,7.29980469,115,50,39.29688,116,3.0996094,3.59960938,2.5,163,7.419922,180,75,2151,,,dnr after sadm,1,1,<2 mo. follow-up
1984,4389,57.82599,female,white,12,$11-$25k,Cirrhosis,COPD/CHF/Cirrhosis,3,0,127,12,116,30,38,283.3125,2.5996094,6.5,2.5,141,7.509766,142,68,1585,,6,dnr after sadm,1,1,<2 mo. follow-up
1985,2065,74.46698,female,,,,MOSF w/Malig,ARF/MOSF,2,9,47,3.39990234,154,52,36.29688,284,,,0.59997559,139,7.369141,,,,,,dnr after sadm,1,1,<2 mo. follow-up
1986,8047,47.836,male,white,,,Lung Cancer,Cancer,1,0,65,19.8984375,64,24,36.79688,187.75,,,,140,7.459961,,,,,0,dnr after sadm,0,1,<2 mo. follow-up
1987,1810,83.01996,female,white,15,,ARF/MOSF w/Sepsis,ARF/MOSF,0,0,53,17.5,68,32,36.5,156,2.5996094,1.19995117,0.59997559,140,7.369141,,,,3,0,no dnr,0,1,no(M2 and SIP pres)
1988,3479,59.58398,female,white,,,Colon Cancer,Cancer,1,0,87,8.59960938,80,20,37.69531,,,,0.69995117,142,,,,,,,no dnr,0,1,
1989,4198,65.79297,male,white,12,$11-$25k,Lung Cancer,Cancer,1,0,77,21.1992188,84,24,37.59375,,,0.69995117,1.19995117,132,,,,,,,no dnr,0,1,<2 mo. follow-up
1990,6026,70.64795,female,white,11,under $11k,ARF/MOSF w/Sepsis,ARF/MOSF,0,0,69,11,55,24,36.89844,185,3.699707,0.39996338,0.89990234,134,7.469727,,,,0,0,no dnr,0,1,no(M2 and SIP pres)
1991,5776,80.29297,male,white,13,$25-$50k,ARF/MOSF w/Sepsis,ARF/MOSF,0,0,65,7.59960938,75,23,37.79688,203.3125,,,3,135,7.509766,131,112,4060,,0,no dnr,1,1,<2 mo. follow-up
1992,6748,43.98898,male,white,14,under $11k,Cirrhosis,COPD/CHF/Cirrhosis,3,0,102,6.5,70,12,38.09375,266.625,,,0.59997559,135,7.459961,103,7,5570,3,,no dnr,0,0,no(M2 and SIP pres)
1993,5648,69.40497,male,white,12,under $11k,COPD,COPD/CHF/Cirrhosis,4,0,75,11.3984375,155,34,38.29688,240,1.1999512,,1.79980469,142,7.459961,229,48,3990,0,0,no dnr,0,1,no(M2 and SIP pres)
1994,7810,75.08795,female,white,12,,Cirrhosis,COPD/CHF/Cirrhosis,1,0,97,4.39941406,80,24,36.59375,,2.7998047,4.69921875,0.69995117,141,,,,,3,,no dnr,0,1,no(M2 and SIP pres)
1995,7043,41.67599,male,black,10,under $11k,Lung Cancer,Cancer,3,0,74,12.2988281,98,20,38.59375,,2.0996094,27.796875,1.09985352,129,,80,6,,0,0,no dnr,0,1,no(M2 and SIP pres)
1996,1283,49.89697,female,black,12,under $11k,ARF/MOSF w/Sepsis,ARF/MOSF,0,0,45,23.1992188,170,10,38.39844,100,,,2.29980469,134,7.319336,287,33,279,3,0,no dnr,0,1,adl>=4 (>=5 if sur)
1997,305,65.92499,male,asian,16,>$50k,Colon Cancer,Cancer,2,0,73,5.09960938,82,16,37.79688,,3.7998047,0.39996338,1,137,,,,,2,0,no dnr,0,1,no(M2 and SIP pres)
1998,3584,66.297,female,white,12,$11-$25k,Colon Cancer,Cancer,1,0,97,7.29980469,100,16,37.59375,,4,0.29998779,0.69995117,141,,,,,0,,no dnr,0,1,no(M2 and SIP pres)
1999,8558,67.74799,male,hispanic,20,,Lung Cancer,Cancer,1,37,71,11.1992188,101,20,36.19531,,3.2998047,0.39996338,0.79992676,139,,154,12,3000,,,dnr after sadm,0,1,<2 mo. follow-up
2000,4538,62.86398,male,white,16,$25-$50k,CHF,COPD/CHF/Cirrhosis,4,0,0,7.19921875,0,10,36.09375,115,2.3999023,17.6992188,1.09985352,139,7.399414,51,23,195,1,0,,0,0,no(M2 and SIP pres)
2001,2982,85.70795,male,white,,$25-$50k,ARF/MOSF w/Sepsis,ARF/MOSF,1,0,113,13.1992188,110,10,36.09375,91.42188,2.0996094,,0.59997559,137,7.429688,180,20,8550,,5,no dnr,0,0,adl>=4 (>=5 if sur)
2002,9088,75.50696,male,white,13,$11-$25k,COPD,COPD/CHF/Cirrhosis,1,41,102,,71,24,35.89844,,,,,140,,,,,,0,dnr after sadm,0,0,no(M2 and SIP pres)
2003,7086,60.94699,male,white,3,under $11k,Lung Cancer,Cancer,2,0,70,2.39990234,104,20,37.59375,,2.2998047,7,0.5,133,,78,2,950,2,4,no dnr,0,1,<2 mo. follow-up
2004,7897,66.74597,female,white,12,under $11k,COPD,COPD/CHF/Cirrhosis,3,100,52,11.3984375,110,30,36,157.125,3.0996094,0.79992676,0.79992676,143,7.459961,,,,,1,dnr after sadm,1,1,<2 mo. follow-up
2005,36,57.53299,female,hispanic,14,under $11k,Cirrhosis,COPD/CHF/Cirrhosis,1,0,77,12.1992188,92,18,37.59375,552.375,2.5,23.5976562,0.89990234,132,7.439453,,,,,,no dnr,0,0,no(M2 and SIP pres)
2006,5251,52.42999,male,white,13,>$50k,Cirrhosis,COPD/CHF/Cirrhosis,3,0,58,19.3984375,115,8,40,142,2,0.29998779,0.79992676,143,7.399414,119,39,1340,,0,no dnr,0,0,no(M2 and SIP pres)
2007,2720,80.24097,female,white,12,,ARF/MOSF w/Sepsis,ARF/MOSF,2,0,43,5.89941406,117,42,39.19531,108,2.5996094,0.5,1.29980469,136,7.439453,215,19,3770,1,0,no dnr,0,1,no(M2 and SIP pres)
2008,339,38.49698,male,white,17,>$50k,ARF/MOSF w/Sepsis,ARF/MOSF,1,26,73,10.0996094,130,18,38.59375,237.5,3.0996094,13.7988281,1.09985352,145,7.529297,,,,,0,no dnr,0,0,no(M2 and SIP pres)
2009,7246,53.96597,female,white,12,>$50k,COPD,COPD/CHF/Cirrhosis,5,0,106,25.0976562,76,20,35.89844,,4.5996094,0.79992676,1.19995117,128,,124,22,2865,2,0,no dnr,0,1,SIP>=30
2010,7669,68.0,female,white,12,under $11k,ARF/MOSF w/Sepsis,ARF/MOSF,0,41,76,7.89941406,129,30,36.59375,220,2.5996094,1.39990234,0.59997559,136,7.469727,118,9,4375,,0,no dnr,0,0,adl>=4 (>=5 if sur)
2011,4959,71.27197,male,white,12,,Colon Cancer,Cancer,2,0,97,8.5,86,20,36.89844,,4.2998047,0.59997559,0.89990234,142,,133,14,,0,,no dnr,0,1,
2012,2438,43.44998,male,white,14,$25-$50k,MOSF w/Malig,ARF/MOSF,3,0,103,,96,12,36.59375,,3.2998047,0.39996338,0.59997559,132,,168,8,,,0,no dnr,0,1,
2013,3737,48.41599,male,white,12,$11-$25k,Lung Cancer,Cancer,1,0,113,14.2988281,116,24,36.59375,,3.8999023,0.29998779,0.89990234,141,,,,,1,1,no dnr,0,1,no(M2 and SIP pres)
2014,3403,46.45898,male,white,10,$25-$50k,ARF/MOSF w/Sepsis,ARF/MOSF,1,0,45,25.1992188,124,28,39,206.65625,3.7998047,2.19970703,1.39990234,140,7.5,,,,,0,no dnr,0,0,SIP>=30
2015,10,42.25897,female,hispanic,11,$25-$50k,Colon Cancer,Cancer,0,0,84,11.2988281,94,20,38.19531,,4.6992188,0.19998169,0.79992676,139,,,,,0,,no dnr,0,1,
2016,9045,58.26099,male,white,13,$25-$50k,ARF/MOSF w/Sepsis,ARF/MOSF,0,0,69,16.796875,117,26,36.89844,400,,,5.09960938,134,7.459961,135,80,220,,0,no dnr,0,0,no(M2 and SIP pres)
2017,6607,44.353,male,white,12,$11-$25k,ARF/MOSF w/Sepsis,ARF/MOSF,5,100,30,45.59375,117,34,36.59375,116.92188,3,3.09960938,6.5,136,7.229492,,,,,0,no dnr,1,1,<2 mo. follow-up
2018,8168,78.02295,female,white,15,$11-$25k,ARF/MOSF w/Sepsis,ARF/MOSF,2,0,107,0.39996338,120,26,36.39844,268,,,0.59997559,131,7.479492,,,,,0,no dnr,1,1,<2 mo. follow-up
2019,7052,68.36694,male,white,,,COPD,COPD/CHF/Cirrhosis,5,61,105,6.5,99,28,35.69531,210,,,1.89990234,126,7.239258,115,38,1893,,,dnr after sadm,1,1,<2 mo. follow-up
2020,3589,20.605,female,black,12,,ARF/MOSF w/Sepsis,ARF/MOSF,0,0,77,6.19921875,40,8,36.19531,187.5,,3.09960938,2.09960938,147,7.509766,,,,,0,no dnr,0,1,
2021,6645,32.487,male,white,7,under $11k,ARF/MOSF w/Sepsis,ARF/MOSF,1,0,103,12.0996094,129,24,35.09375,344.4375,3.199707,2,0.69995117,129,7.519531,,,,0,0,no dnr,0,0,no(M2 and SIP pres)
2022,8443,77.5,female,white,8,,ARF/MOSF w/Sepsis,ARF/MOSF,1,0,149,6.29980469,114,26,36.69531,190,2.0996094,1.69995117,4.5,141,7.469727,211,92,438,,1,dnr before sadm,1,1,<2 mo. follow-up
2023,7997,58.19299,male,white,,,Colon Cancer,Cancer,1,0,104,6.89941406,110,24,37.59375,,4.6992188,0.59997559,1.29980469,131,,,,,,,dnr after sadm,0,1,<2 mo. follow-up
2024,2548,57.629,female,white,12,$11-$25k,Cirrhosis,COPD/CHF/Cirrhosis,2,0,58,21.1992188,99,24,37,132.5,,0.5,0.79992676,137,7.329102,230,10,1990,,0,no dnr,0,0,no(M2 and SIP pres)
2025,4603,70.04199,male,white,8,,COPD,COPD/CHF/Cirrhosis,1,0,123,20,135,33,38.79688,212.5,2.2998047,1,0.69995117,143,7.529297,98,14,1615,,0,dnr after sadm,1,1,<2 mo. follow-up
2026,2711,63.23297,male,white,9,,Colon Cancer,Cancer,2,0,103,14.8984375,80,20,36.09375,142.84375,,,1,136,7.339844,115,39,2300,1,0,dnr after sadm,0,1,no(M2 and SIP pres)
2027,1682,50.59,male,white,17,>$50k,ARF/MOSF w/Sepsis,ARF/MOSF,2,0,43,3.79980469,78,10,36.19531,142,2.0996094,0.39996338,7,132,7.089844,,,,,0,no dnr,0,0,SIP>=30
2028,5982,64.50098,male,white,10,$11-$25k,Cirrhosis,COPD/CHF/Cirrhosis,2,9,0,14.5996094,103,6,36.69531,220,2.5,,0.59997559,135,7.509766,,,,,0,no dnr,1,1,<2 mo. follow-up
2029,1187,46.56799,male,white,,,ARF/MOSF w/Sepsis,ARF/MOSF,2,0,70,15.5996094,125,16,36.5,,,,2.09960938,133,,202,78,4360,,,no dnr,0,1,<2 mo. follow-up
2030,5557,38.75198,female,other,12,$11-$25k,CHF,COPD/CHF/Cirrhosis,2,0,62,6,124,26,36.09375,288,,0.79992676,1.19995117,137,7.389648,137,30,1010,6,,no dnr,0,0,SIP>=30
2031,2967,90.42798,female,white,11,under $11k,CHF,COPD/CHF/Cirrhosis,4,0,111,11.0996094,117,26,36.19531,127,,,1.89990234,142,7.449219,103,58,1480,0,,no dnr,0,0,no(M2 and SIP pres)
2032,6377,86.45294,female,white,,under $11k,MOSF w/Malig,ARF/MOSF,2,41,75,14.6992188,80,12,35.09375,,,,4.09960938,133,,,,,,6,dnr before sadm,1,1,<2 mo. follow-up
2033,488,76.33398,male,white,7,under $11k,CHF,COPD/CHF/Cirrhosis,2,0,60,5.79980469,72,20,36.19531,,4,2.09960938,1.5,144,,,,,0,0,no dnr,0,1,no(M2 and SIP pres)
2034,4041,77.46198,male,white,16,$11-$25k,ARF/MOSF w/Sepsis,ARF/MOSF,1,44,117,22.1992188,118,10,35.39844,230,1.5998535,0.5,3.59960938,149,7.489258,,,,,0,dnr after sadm,0,1,adl>=4 (>=5 if sur)
2035,8824,77.55798,male,white,7,$11-$25k,CHF,COPD/CHF/Cirrhosis,4,0,79,8.29882812,52,24,38.79688,390.4375,,0.89990234,4.29980469,140,7.389648,110,67,1950,1,0,no dnr,0,0,no(M2 and SIP pres)
2036,3053,90.409,female,white,,under $11k,CHF,COPD/CHF/Cirrhosis,5,0,105,7.39941406,71,20,36.29688,,3.199707,0.69995117,1.69995117,142,,116,29,,,,dnr after sadm,0,1,<2 mo. follow-up
2037,1223,49.72998,female,white,12,under $11k,ARF/MOSF w/Sepsis,ARF/MOSF,0,9,38,42.09375,140,24,38.09375,193.3125,1.5,0.59997559,7,134,7.369141,173,147,4625,5,6,dnr after sadm,0,0,adl>=4 (>=5 if sur)
2038,3687,54.995,male,white,13,$25-$50k,CHF,COPD/CHF/Cirrhosis,3,0,57,8.3984375,65,16,35.29688,,,,2,136,,,,,1,1,no dnr,0,1,<2 mo. follow-up
2039,6755,52.189,male,white,5,$25-$50k,Lung Cancer,Cancer,1,0,74,7.69921875,72,20,38.5,,,,0.79992676,130,,103,12,1550,2,1,no dnr,0,1,no(M2 and SIP pres)
2040,466,49.13898,female,black,12,under $11k,Lung Cancer,Cancer,1,0,55,9.09960938,122,28,38.29688,,,,0.69995117,129,,,,,3,5,dnr after sadm,0,1,adl>=4 (>=5 if sur)
2041,241,68.01898,male,white,,,MOSF w/Malig,ARF/MOSF,1,26,70,12.5996094,115,10,37.5,218,2.5996094,7.69921875,2.79980469,134,7.479492,,,,,,no dnr,0,1,
2042,766,32.40198,female,white,17,$25-$50k,MOSF w/Malig,ARF/MOSF,2,44,107,13.0996094,120,28,36.79688,142.5,,36,3.89990234,142,7.509766,,,,,0,dnr after sadm,1,1,<2 mo. follow-up
2043,6396,72.08197,female,white,9,under $11k,COPD,COPD/CHF/Cirrhosis,4,0,67,10.5,108,24,35.69531,302,4.3994141,0.59997559,0.59997559,133,7.369141,,,,3,5,dnr after sadm,0,1,SIP>=30
2044,2396,72.81,female,white,12,under $11k,Coma,Coma,4,61,43,22.3984375,120,28,38.69531,324.4375,2.199707,,3.69970703,142,7.379883,,,,,7,dnr after sadm,1,1,<2 mo. follow-up
2045,5495,47.27399,female,white,12,under $11k,ARF/MOSF w/Sepsis,ARF/MOSF,3,44,167,11.6992188,170,24,39.59375,254.28125,,,0.5,135,7.459961,136,16,3940,,0,no dnr,0,1,no(M2 and SIP pres)
2046,6668,71.29895,male,white,10,,ARF/MOSF w/Sepsis,ARF/MOSF,3,9,81,9.19921875,138,20,36.59375,283.3125,2.8999023,0.29998779,8.3984375,135,7.429688,,,,1,1,dnr after sadm,0,1,no(M2 and SIP pres)
2047,3992,77.659,male,white,8,$11-$25k,CHF,COPD/CHF/Cirrhosis,2,0,63,7.19921875,106,15,35.69531,167.5,,,2.69970703,128,7.439453,,,,,0,dnr after sadm,1,1,<2 mo. follow-up
2048,317,80.19397,male,white,,,ARF/MOSF w/Sepsis,ARF/MOSF,0,61,98,11.0996094,90,32,38.5,355.5,,,1.19995117,141,7.439453,,,,,,dnr after sadm,1,1,<2 mo. follow-up
2049,7510,57.79599,male,white,11,under $11k,ARF/MOSF w/Sepsis,ARF/MOSF,5,100,111,13.2988281,103,22,36,386,2.2998047,0.59997559,1.19995117,133,7.469727,71,18,2295,,6,no dnr,0,0,SIP>=30
2050,7121,69.71899,male,white,12,$11-$25k,CHF,COPD/CHF/Cirrhosis,4,0,104,12,130,26,35.5,257.125,3.0996094,0.59997559,1,141,7.339844,202,7,1475,0,,no dnr,0,0,no(M2 and SIP pres)
2051,7434,58.79498,female,white,12,$25-$50k,ARF/MOSF w/Sepsis,ARF/MOSF,1,44,111,37,139,14,39.09375,90.65625,2.699707,1.19995117,1.5,146,7.40918,252,35,23.546875,,0,no dnr,0,1,
2052,5520,48.91998,male,white,16,>$50k,ARF/MOSF w/Sepsis,ARF/MOSF,1,0,135,6.5,65,12,36.29688,326.625,,,0.79992676,144,7.379883,93,5,2425,1,,no dnr,1,1,<2 mo. follow-up
2053,1592,61.13599,male,white,12,,Colon Cancer,Cancer,1,0,90,10.3984375,90,25,37,,2.5996094,0.79992676,1.79980469,139,,,,,2,1,dnr after sadm,0,1,<2 mo. follow-up
2054,3497,62.75998,female,white,16,,Colon Cancer,Cancer,1,0,90,11.5996094,78,18,35.59375,,,0.89990234,0.79992676,140,,,,,0,0,no dnr,0,1,
2055,8936,74.74298,male,white,,,ARF/MOSF w/Sepsis,ARF/MOSF,3,9,65,12,109,40,38.19531,177.5,2.5,1.19995117,1.39990234,134,7.489258,147,43,3400,,,no dnr,0,0,
2056,6807,76.62695,female,white,12,under $11k,ARF/MOSF w/Sepsis,ARF/MOSF,2,0,55,36.59375,190,24,36.39844,455.5,1.3999023,0.89990234,6.29980469,125,7.40918,89,68,1100,,5,dnr after sadm,1,1,<2 mo. follow-up
2057,4806,47.85797,male,white,10,,Cirrhosis,COPD/CHF/Cirrhosis,3,0,62,9.29882812,140,20,35,237.125,2.5,4,3,142,7.509766,104,67,3400,2,1,no dnr,0,0,no(M2 and SIP pres)
2058,1344,73.98499,female,black,10,$11-$25k,ARF/MOSF w/Sepsis,ARF/MOSF,1,9,57,34.1953125,110,24,35.69531,165.28125,3.0996094,3,3.29980469,133,7.469727,70,54,4600,,0,no dnr,0,0,adl>=4 (>=5 if sur)
2059,8372,74.52197,male,white,8,under $11k,COPD,COPD/CHF/Cirrhosis,1,9,79,8.29882812,73,24,35.89844,186.65625,4.0996094,0.39996338,0.69995117,140,7.389648,,,,,0,dnr after sadm,0,1,no(M2 and SIP pres)
2060,3944,36.90298,male,hispanic,14,>$50k,ARF/MOSF w/Sepsis,ARF/MOSF,1,0,73,12.2988281,130,9,34.89844,347.5625,2.3999023,5.5,2.59960938,131,7.40918,,,,5,6,no dnr,0,1,<2 mo. follow-up
2061,1350,36.26797,female,white,21,>$50k,ARF/MOSF w/Sepsis,ARF/MOSF,0,41,67,13.5,100,24,38.19531,,3.5996094,0.5,0.89990234,136,,,9,1600,,0,no dnr,0,0,no(M2 and SIP pres)
2062,4299,54.84198,male,black,15,$11-$25k,ARF/MOSF w/Sepsis,ARF/MOSF,1,0,110,6.39941406,116,46,39.19531,130,,8.79882812,1,129,7.439453,124,18,1515,1,0,no dnr,0,0,no(M2 and SIP pres)
2063,2875,44.32898,female,white,18,$25-$50k,MOSF w/Malig,ARF/MOSF,2,0,53,20.5,80,30,37.79688,,,,2.5,151,,135,64,550,0,,no dnr,0,1,no(M2 and SIP pres)
2064,7803,52.45398,male,white,11,$11-$25k,CHF,COPD/CHF/Cirrhosis,2,0,59,6.69921875,46,24,36,,4.2998047,0.39996338,1.19995117,137,,,,,0,1,no dnr,0,0,no(M2 and SIP pres)
2065,2488,79.91498,male,white,,,ARF/MOSF w/Sepsis,ARF/MOSF,3,0,41,15.3984375,109,28,37.69531,436.625,3,0.59997559,1.69995117,138,7.369141,82,36,2340,,,dnr after sadm,1,1,<2 mo. follow-up
2066,3424,80.13397,male,white,3,$25-$50k,ARF/MOSF w/Sepsis,ARF/MOSF,1,0,59,10.5,94,12,38,85,,1,2.39990234,130,7.359375,,,,,0,dnr after sadm,1,1,<2 mo. follow-up
2067,4031,61.37399,male,white,12,$25-$50k,Colon Cancer,Cancer,1,0,83,14.0996094,75,16,35.69531,342.8125,,1.69995117,0.59997559,140,7.489258,,,,,1,no dnr,0,1,<2 mo. follow-up
2068,7991,59.26099,male,white,16,>$50k,ARF/MOSF w/Sepsis,ARF/MOSF,3,0,55,7.79980469,76,20,36.09375,,4.1992188,1.59985352,1.5,129,,,,,6,,no dnr,0,1,no(M2 and SIP pres)
2069,6095,65.94397,female,black,12,under $11k,Cirrhosis,COPD/CHF/Cirrhosis,2,0,119,5.29980469,104,20,36.39844,,2.199707,6.89941406,0.89990234,138,,,,,0,0,no dnr,1,1,<2 mo. follow-up
2070,6721,71.78894,male,white,9,under $11k,ARF/MOSF w/Sepsis,ARF/MOSF,2,26,82,24.1992188,106,15,38.09375,91.25,2.5,1.5,2.5,144,7.369141,,,,,6,no dnr,0,1,no(M2 and SIP pres)
2071,1693,87.09698,female,white,,,CHF,COPD/CHF/Cirrhosis,1,0,104,24.5976562,80,34,38,355.0625,,0.59997559,0.89990234,130,7.40918,,,,2,2,no dnr,0,1,no(M2 and SIP pres)
2072,1881,67.26099,female,black,14,$11-$25k,COPD,COPD/CHF/Cirrhosis,1,0,113,6.89941406,90,24,37.79688,421.625,3.2998047,0.29998779,1.5,144,7.379883,,,,1,1,no dnr,0,1,<2 mo. follow-up
2073,1000,22.741,male,hispanic,17,$25-$50k,Coma,Coma,0,0,115,17.6992188,125,20,39,61,2.3999023,3.09960938,1.79980469,145,7.549805,93,32,3290,,0,no dnr,0,0,no(M2 and SIP pres)
2074,5709,58.51599,male,white,16,>$50k,Lung Cancer,Cancer,2,37,118,5.59960938,115,24,35.59375,120.40625,3,0.5,0.79992676,135,7.419922,91,10,2020,,6,dnr after sadm,0,1,<2 mo. follow-up
2075,7650,78.59296,female,white,12,$11-$25k,ARF/MOSF w/Sepsis,ARF/MOSF,1,37,70,,72,22,35.19531,,3.8999023,0.79992676,1,138,,141,12,1600,,1,no dnr,0,0,no(M2 and SIP pres)
2076,8757,62.004,male,white,11,,ARF/MOSF w/Sepsis,ARF/MOSF,0,44,134,10.1992188,107,20,36.19531,357.125,,,1.59985352,131,7.389648,133,25,1775,,0,no dnr,1,1,<2 mo. follow-up
2077,4961,49.37698,female,white,17,$25-$50k,ARF/MOSF w/Sepsis,ARF/MOSF,0,94,115,20.3984375,71,16,36.29688,,2.199707,4.39941406,0.69995117,134,,97,18,530,,0,dnr after sadm,0,0,
2078,7752,73.88397,male,white,12,under $11k,COPD,COPD/CHF/Cirrhosis,2,0,99,12.3984375,52,24,36.39844,320,3.7998047,1.09985352,1.19995117,142,7.449219,,,,0,,no dnr,0,1,no(M2 and SIP pres)
2079,318,42.06699,male,white,18,$11-$25k,MOSF w/Malig,ARF/MOSF,1,0,47,2.59960938,175,36,39.29688,244.875,3,4.79980469,5.39941406,135,7.449219,,,,,,no dnr,1,1,<2 mo. follow-up
2080,7776,77.06494,female,white,12,under $11k,CHF,COPD/CHF/Cirrhosis,4,0,69,9.29882812,114,24,35,380.9375,3.7998047,0.5,2.39990234,136,7.529297,,,,1,0,no dnr,0,1,
2081,2415,46.30298,female,white,12,$25-$50k,Lung Cancer,Cancer,1,0,73,13.5,105,23,38.19531,100,,,3.69970703,127,7.389648,,78,3100,,,no dnr,0,1,no(M2 and SIP pres)
2082,7120,84.10394,male,white,,,ARF/MOSF w/Sepsis,ARF/MOSF,0,0,96,4.89941406,65,20,36.5,,2.5996094,4.29980469,0.59997559,140,,80,7,860,,,dnr after sadm,1,1,<2 mo. follow-up
2083,6195,43.49298,female,white,12,$11-$25k,CHF,COPD/CHF/Cirrhosis,6,0,60,8.8984375,70,24,36.19531,,,,1.19995117,134,,,,,6,5,dnr before sadm,0,1,<2 mo. follow-up
2084,1021,70.04498,female,black,9,under $11k,COPD,COPD/CHF/Cirrhosis,4,26,112,14.3984375,115,26,38,237.5,,,1.19995117,148,7.349609,330,22,982,,5,no dnr,0,1,adl>=4 (>=5 if sur)
2085,5755,47.48297,female,other,12,$11-$25k,ARF/MOSF w/Sepsis,ARF/MOSF,0,41,73,20.796875,125,16,38.59375,570,,1.5,0.79992676,137,7.289062,288,14,1460,,0,dnr after sadm,1,1,<2 mo. follow-up
2086,8159,70.66095,female,white,16,,MOSF w/Malig,ARF/MOSF,1,9,142,5.89941406,138,16,36,452,3.8999023,0.5,1.89990234,142,7.369141,,,,,1,no dnr,0,1,no(M2 and SIP pres)
2087,2209,89.83698,female,white,13,$11-$25k,ARF/MOSF w/Sepsis,ARF/MOSF,0,0,123,5.59960938,80,30,36.19531,118.32812,3,0.39996338,3.89990234,144,7.449219,,,,1,1,no dnr,0,1,
2088,2084,96.29297,male,white,12,under $11k,ARF/MOSF w/Sepsis,ARF/MOSF,2,0,115,3.59960938,59,24,37.69531,409.5,3.199707,,3.89990234,138,7.379883,,,,0,,no dnr,0,1,no(M2 and SIP pres)
2089,2345,76.849,female,white,12,under $11k,ARF/MOSF w/Sepsis,ARF/MOSF,2,9,57,12.6992188,80,28,38.69531,157.125,,,0.69995117,138,7.479492,,,,,3,dnr after sadm,1,1,<2 mo. follow-up
2090,4930,58.28098,female,white,13,,COPD,COPD/CHF/Cirrhosis,3,0,118,11,55,22,37.79688,272.5,,,0.69995117,136,7.429688,153,5,5295,1,2,no dnr,0,0,no(M2 and SIP pres)
2091,156,57.81,male,white,12,under $11k,ARF/MOSF w/Sepsis,ARF/MOSF,2,26,113,20.5976562,82,16,37,267.5,,4.39941406,2.69970703,144,7.429688,,,,,0,dnr after sadm,1,1,<2 mo. follow-up
2092,6069,81.25098,female,white,8,under $11k,CHF,COPD/CHF/Cirrhosis,4,0,67,14.0996094,68,32,36.69531,230.46875,3.8999023,1.19995117,2.89990234,130,7.369141,,,,0,,no dnr,0,1,
2093,7071,68.94696,male,black,8,under $11k,MOSF w/Malig,ARF/MOSF,2,0,109,11.0996094,100,32,35.19531,,3,1.19995117,1.19995117,134,,197,21,300,3,2,no dnr,0,1,<2 mo. follow-up
2094,4300,51.19498,male,white,17,under $11k,ARF/MOSF w/Sepsis,ARF/MOSF,1,0,41,17.5,44,12,39,130,2.0996094,2.59960938,1.59985352,145,7.429688,184,15,2240,,,dnr after sadm,1,1,<2 mo. follow-up
2095,3903,66.18994,male,black,10,under $11k,Colon Cancer,Cancer,2,0,101,11.7988281,64,16,37.39844,,2.5,,0.89990234,136,,,,,1,1,no dnr,0,1,
2096,440,46.97098,female,hispanic,9,under $11k,COPD,COPD/CHF/Cirrhosis,2,0,112,8.19921875,72,20,37.59375,238.09375,,,0.79992676,139,7.419922,,,,2,,no dnr,0,0,
2097,8006,64.68994,male,white,15,$25-$50k,Lung Cancer,Cancer,2,0,100,5.09960938,74,20,36.39844,,3.7998047,0.39996338,1.19995117,136,,,,,0,0,no dnr,0,1,no(M2 and SIP pres)
2098,8384,54.52197,male,white,12,$25-$50k,ARF/MOSF w/Sepsis,ARF/MOSF,1,0,75,4.89941406,126,28,36.29688,346.9375,,,1.09985352,140,7.439453,,,,,5,no dnr,0,1,
2099,6783,60.98297,female,white,10,,Colon Cancer,Cancer,1,0,132,16.0976562,118,34,38.5,63.32812,2.5,6.19921875,3.5,136,7.549805,251,36,218,3,0,no dnr,0,1,SIP>=30
2100,8828,52.22699,male,white,8,,Cirrhosis,COPD/CHF/Cirrhosis,5,37,56,9.19921875,160,40,38.29688,218.5,,,1.39990234,132,7.469727,149,13,1300,,5,dnr after sadm,1,1,<2 mo. follow-up
2101,3397,61.38797,female,white,16,>$50k,Lung Cancer,Cancer,1,0,94,7,86,18,36.19531,,,,0.89990234,135,,,,,1,6,no dnr,0,1,adl>=4 (>=5 if sur)
2102,7066,57.599,male,hispanic,9,,ARF/MOSF w/Sepsis,ARF/MOSF,2,0,78,27.8984375,120,10,35.5,595.125,1.5998535,0.39996338,3.69970703,135,7.449219,89,40,0,,0,no dnr,0,0,no(M2 and SIP pres)
2103,7225,80.08197,female,black,4,,CHF,COPD/CHF/Cirrhosis,4,0,69,5.39941406,114,24,36.09375,,,,0.79992676,142,,113,12,,2,3,no dnr,0,0,SIP>=30
2104,2013,79.22498,male,white,13,$11-$25k,ARF/MOSF w/Sepsis,ARF/MOSF,1,0,103,5.29980469,60,20,35.79688,328,2.5,0.59997559,1.5,137,7.40918,,,,,0,no dnr,0,1,no(M2 and SIP pres)
2105,4515,44.32898,male,white,8,$25-$50k,CHF,COPD/CHF/Cirrhosis,3,0,83,,70,12,36.29688,,,,,140,,282,,3800,0,,,0,1,no(M2 and SIP pres)
2106,1749,62.51599,female,black,,under $11k,COPD,COPD/CHF/Cirrhosis,3,0,143,7.19921875,130,32,38.19531,262.9375,,,1.19995117,141,7.299805,,,,,0,no dnr,0,1,adl>=4 (>=5 if sur)
2107,6497,51.67398,male,white,12,,Lung Cancer,Cancer,1,0,92,10.7988281,90,20,36.19531,,3.2998047,0.59997559,1.09985352,136,,,,,,,no dnr,0,1,adl>=4 (>=5 if sur)
2108,8722,84.27698,male,white,13,under $11k,COPD,COPD/CHF/Cirrhosis,3,0,60,3.69970703,150,42,38.79688,108,2.5996094,0.59997559,0.69995117,137,7.25,160,7,3950,,,dnr before sadm,1,1,<2 mo. follow-up
2109,6228,80.88696,male,white,8,$11-$25k,Coma,Coma,1,100,131,19.5,126,10,38.09375,58,,6,1.09985352,147,7.339844,,,,,0,dnr after sadm,1,1,<2 mo. follow-up
2110,8927,63.28299,female,white,10,under $11k,COPD,COPD/CHF/Cirrhosis,4,0,108,23.0976562,104,24,35.5,,3.199707,0.5,0.89990234,132,,113,9,5050,2,4,no dnr,0,1,no(M2 and SIP pres)
2111,3882,45.81497,male,white,,,Cirrhosis,COPD/CHF/Cirrhosis,2,100,0,7.19921875,0,22,36.39844,155.6875,1.8999023,,4.19921875,152,7.25,,,,,,dnr after sadm,1,1,<2 mo. follow-up
2112,8380,60.53897,female,,,,Coma,Coma,1,0,43,17.6992188,140,12,38.69531,132.71875,,,5.29980469,130,7.319336,,,,,1,no dnr,1,1,<2 mo. follow-up
2113,8976,88.112,female,white,11,under $11k,CHF,COPD/CHF/Cirrhosis,4,0,64,5.79980469,70,20,35.59375,,4.2998047,1.59985352,1.39990234,136,,118,29,1390,2,1,dnr after sadm,0,1,adl>=4 (>=5 if sur)
2114,880,51.452,female,white,12,$25-$50k,Lung Cancer,Cancer,1,0,73,3.39990234,80,20,36.19531,,,0.09999084,0.69995117,138,,,8,6150,0,0,no dnr,0,1,no(M2 and SIP pres)
2115,9091,64.51196,male,white,8,$11-$25k,COPD,COPD/CHF/Cirrhosis,2,0,49,19.5,116,34,36,208.5625,2.5996094,0.39996338,2.69970703,136,7.289062,175,50,1205,,0,no dnr,0,0,no(M2 and SIP pres)
2116,1544,65.95996,male,white,12,under $11k,MOSF w/Malig,ARF/MOSF,3,100,62,17.5,55,0,36.19531,206.65625,,1.29980469,2.39990234,142,7.40918,139,39,5210,,6,no dnr,1,1,<2 mo. follow-up
2117,3906,57.487,male,white,11,under $11k,MOSF w/Malig,ARF/MOSF,1,0,70,10,100,9,36.19531,226.65625,,,0.89990234,139,7.419922,,,,,7,dnr after sadm,1,1,<2 mo. follow-up
2118,921,56.211,female,white,12,$11-$25k,ARF/MOSF w/Sepsis,ARF/MOSF,0,0,65,11.5,45,14,38.5,270,2.8999023,1.09985352,3.69970703,139,7.459961,89,32,1965,,5,no dnr,0,0,adl>=4 (>=5 if sur)
2119,2441,73.17999,male,white,12,,ARF/MOSF w/Sepsis,ARF/MOSF,0,0,67,11.5,100,20,36.09375,292,2.699707,0.79992676,1.5,130,7.479492,305,49,935,0,0,no dnr,0,0,no(M2 and SIP pres)
2120,5917,69.35797,male,white,8,,CHF,COPD/CHF/Cirrhosis,2,0,71,5.69921875,80,24,36.5,,3.0996094,1.09985352,1.79980469,131,,,,,,0,dnr after sadm,0,1,adl>=4 (>=5 if sur)
2121,6720,78.80597,male,black,6,under $11k,MOSF w/Malig,ARF/MOSF,1,9,66,17.5,71,20,35.89844,523.75,2.5,1.59985352,2.29980469,142,7.459961,,,,,2,dnr after sadm,1,1,<2 mo. follow-up
2122,5373,74.53296,female,white,8,under $11k,CHF,COPD/CHF/Cirrhosis,1,41,105,,70,8,36.09375,193.3125,,,1.19995117,132,7.40918,228,31,2390,,0,dnr after sadm,1,1,<2 mo. follow-up
2123,7789,60.26297,male,white,12,,Coma,Coma,2,100,111,12.1992188,120,8,38,130,2.5996094,1.59985352,1.39990234,133,7.539062,,,,,1,no dnr,0,0,no(M2 and SIP pres)
2124,7640,62.81998,male,white,12,$11-$25k,CHF,COPD/CHF/Cirrhosis,3,0,167,16.796875,120,24,38.69531,275,3.7998047,1.19995117,1.19995117,137,7.529297,231,27,1518,0,0,no dnr,0,1,no(M2 and SIP pres)
2125,6711,74.22894,male,white,9,$11-$25k,ARF/MOSF w/Sepsis,ARF/MOSF,1,0,77,9.8984375,107,28,36.29688,276.625,2.5,1.69995117,1.39990234,131,7.479492,,,,3,6,no dnr,0,1,
2126,8120,79.99695,male,white,17,,ARF/MOSF w/Sepsis,ARF/MOSF,1,0,140,12.1992188,138,15,38.59375,224.4375,,,0.79992676,125,7.439453,,,,,0,dnr after sadm,0,1,<2 mo. follow-up
2127,6793,72.02496,female,white,12,under $11k,ARF/MOSF w/Sepsis,ARF/MOSF,2,0,105,24.5,114,24,36.39844,214.8125,4.2998047,0.69995117,0.79992676,138,7.429688,348,19,2300,,,no dnr,0,1,adl>=4 (>=5 if sur)
2128,368,73.90295,male,white,16,,CHF,COPD/CHF/Cirrhosis,2,0,100,14.8984375,100,20,36.79688,,,,1.5,137,,,,,,,no dnr,0,0,
2129,7345,72.03796,female,white,12,under $11k,COPD,COPD/CHF/Cirrhosis,3,0,91,9.5,96,22,36.39844,,,,0.89990234,134,,88,9,,1,0,no dnr,0,0,no(M2 and SIP pres)
2130,58,39.685,female,white,22,$25-$50k,ARF/MOSF w/Sepsis,ARF/MOSF,0,0,62,36.6953125,125,24,39.19531,208.5625,1.5998535,0.39996338,7.69921875,139,7.399414,,,,,0,no dnr,0,0,no(M2 and SIP pres)
2131,7534,79.02496,female,white,12,under $11k,Lung Cancer,Cancer,2,9,71,18.3984375,80,20,36,308.6875,,,1.19995117,140,7.439453,108,23,,5,5,dnr after sadm,0,1,SIP>=30
2132,9008,75.19196,male,white,12,,ARF/MOSF w/Sepsis,ARF/MOSF,1,44,57,11.1992188,66,14,38.59375,262.5,2.699707,0.5,0.79992676,139,7.459961,84,18,580,,2,dnr after sadm,1,1,<2 mo. follow-up
2133,806,32.27698,female,white,16,>$50k,MOSF w/Malig,ARF/MOSF,2,0,117,11.5,120,40,36,171.40625,2.3999023,1.5,1.19995117,134,7.419922,,,,,,dnr after sadm,1,1,<2 mo. follow-up
2134,5311,53.72998,female,black,12,under $11k,Lung Cancer,Cancer,1,0,97,13.0996094,106,32,36.59375,133.3125,,,1,135,7.289062,159,40,1200,,,no dnr,0,1,no(M2 and SIP pres)
2135,2052,85.54999,male,white,,,CHF,COPD/CHF/Cirrhosis,4,26,63,8.59960938,66,24,35.59375,319,,,3.19970703,129,7.449219,,,,,,dnr after sadm,0,1,no(M2 and SIP pres)
2136,3237,71.29095,male,white,9,under $11k,CHF,COPD/CHF/Cirrhosis,2,0,80,8.19921875,80,22,36.5,226.65625,,,1.59985352,137,7.459961,,,,,0,no dnr,0,1,no(M2 and SIP pres)
2137,1692,68.44897,male,white,16,$11-$25k,ARF/MOSF w/Sepsis,ARF/MOSF,2,0,107,15.6992188,88,18,37.5,188.3125,2.0996094,7.79980469,7,134,7.40918,,,,,1,no dnr,1,1,adl>=4 (>=5 if sur)
2138,6841,23.68799,male,black,,under $11k,ARF/MOSF w/Sepsis,ARF/MOSF,0,9,68,11.0996094,103,36,36.19531,293.3125,2.2998047,3.69970703,1.29980469,136,7.429688,277,23,2470,,,no dnr,0,0,
2139,5379,67.70197,female,black,8,under $11k,ARF/MOSF w/Sepsis,ARF/MOSF,3,0,112,9.09960938,105,30,35.89844,207.5,2.5996094,0.5,1.19995117,142,7.399414,145,45,2755,,,dnr after sadm,1,1,<2 mo. follow-up
2140,2391,41.771,male,hispanic,14,,Cirrhosis,COPD/CHF/Cirrhosis,3,0,70,11.1992188,70,10,38.09375,162,1.6999512,5.5,0.79992676,132,7.449219,,,,,1,dnr after sadm,1,1,<2 mo. follow-up
2141,8956,71.31598,male,white,12,,ARF/MOSF w/Sepsis,ARF/MOSF,1,41,95,,83,24,35.59375,,2,4.59960938,1.29980469,128,,98,23,2365,,0,no dnr,0,0,no(M2 and SIP pres)
2142,2813,73.54999,male,white,12,under $11k,MOSF w/Malig,ARF/MOSF,3,0,77,8.69921875,70,25,36.69531,305,2.2998047,1.09985352,1.09985352,140,7.479492,106,14,4745,1,1,dnr after sadm,0,1,<2 mo. follow-up
2143,7751,64.758,male,white,,,Lung Cancer,Cancer,1,0,61,4.29980469,130,28,38.79688,,,,1.59985352,136,,,,,,,no dnr,0,1,
2144,8710,78.18994,male,white,,,CHF,COPD/CHF/Cirrhosis,2,0,122,8.19921875,87,24,35.89844,133.3125,4.5996094,0.59997559,0.69995117,142,7.339844,113,11,,,,no dnr,0,1,
2145,3373,76.06799,male,white,,,Lung Cancer,Cancer,1,0,74,7.59960938,88,24,36.59375,480.9375,,,1.09985352,142,7.5,,,,,,no dnr,0,1,
2146,960,77.20496,female,white,,,COPD,COPD/CHF/Cirrhosis,4,9,136,24.0976562,150,24,36.39844,553,,,1,134,7.199219,89,27,790,,,no dnr,0,1,
2147,5213,72.20795,male,white,,,Coma,Coma,0,100,68,,65,16,35.79688,,,0.69995117,1.39990234,140,,122,20,3350,,,dnr after sadm,1,1,<2 mo. follow-up
2148,3657,66.91595,male,white,16,$25-$50k,Lung Cancer,Cancer,1,0,80,7.79980469,76,20,36.69531,,3.7998047,0.29998779,1.19995117,143,,,,,0,0,no dnr,0,1,no(M2 and SIP pres)
2149,8000,82.05298,female,white,10,under $11k,Coma,Coma,3,44,74,12.6992188,120,36,39.69531,187.09375,3.2998047,0.79992676,1.19995117,137,7.439453,,,,,1,no dnr,0,1,adl>=4 (>=5 if sur)
2150,1191,71.42499,female,white,,,Cirrhosis,COPD/CHF/Cirrhosis,5,44,55,13.5996094,55,26,35.69531,120.75,1.2998047,8.69921875,0.59997559,148,7.489258,124,15,2990,,,dnr after sadm,1,1,<2 mo. follow-up
2151,1725,62.64499,female,white,,,Colon Cancer,Cancer,1,0,80,8.8984375,70,25,37,,2.7998047,29,0.69995117,142,,,,,7,7,dnr after sadm,0,1,<2 mo. follow-up
2152,7040,67.25299,male,white,,,Lung Cancer,Cancer,2,0,129,10.1992188,146,38,36.79688,436,,,1.29980469,141,7.419922,119,27,820,,,dnr after sadm,0,1,<2 mo. follow-up
2153,6227,35.461,male,black,12,under $11k,MOSF w/Malig,ARF/MOSF,2,0,80,23.0976562,128,40,40.09375,319,2.2998047,1.09985352,1.09985352,131,7.469727,,,,,0,dnr after sadm,0,1,
2154,51,76.25696,male,white,12,,CHF,COPD/CHF/Cirrhosis,3,0,74,9.29882812,96,30,36.39844,266.625,,1.09985352,1.19995117,141,7.399414,,,,1,2,no dnr,0,0,
2155,5456,67.26099,male,white,7,under $11k,ARF/MOSF w/Sepsis,ARF/MOSF,1,100,68,5.5,115,36,39.19531,82.84375,2.3999023,11.0996094,1.19995117,155,7.449219,400,48,2460,,0,dnr after sadm,1,1,<2 mo. follow-up
2156,2124,75.52899,female,white,12,$11-$25k,CHF,COPD/CHF/Cirrhosis,3,0,73,4.19921875,80,20,37,224,,,2.39990234,136,7.479492,,,,0,0,no dnr,0,0,no(M2 and SIP pres)
2157,3890,68.02496,male,white,15,>$50k,ARF/MOSF w/Sepsis,ARF/MOSF,3,0,110,18.8984375,104,40,36.59375,146.40625,,,0.89990234,139,7.369141,,,,,0,no dnr,0,1,no(M2 and SIP pres)
2158,1797,44.30399,female,black,12,,Cirrhosis,COPD/CHF/Cirrhosis,3,9,59,12.3984375,139,21,39.09375,432,3.2998047,5.89941406,0.89990234,138,7.40918,,,,7,0,dnr after sadm,1,1,<2 mo. follow-up
2159,6922,53.48898,female,white,10,$11-$25k,Coma,Coma,0,94,115,5.09960938,64,20,36.69531,,2.8999023,3,0.89990234,136,,88,8,600,,0,dnr after sadm,1,1,<2 mo. follow-up
2160,5233,50.37399,female,white,12,>$50k,Colon Cancer,Cancer,2,0,123,14.5,115,28,37.79688,366.625,,,1.09985352,136,7.459961,259,25,3820,1,0,no dnr,0,1,no(M2 and SIP pres)
2161,2749,79.65796,male,white,,,MOSF w/Malig,ARF/MOSF,2,0,127,15,110,8,36.39844,194,2,,6.19921875,137,7.419922,73,44,95,,3,dnr after sadm,1,1,<2 mo. follow-up
2162,2342,94.06195,male,white,14,,ARF/MOSF w/Sepsis,ARF/MOSF,0,44,47,10.7988281,59,28,36.59375,519,2.3999023,0.69995117,3.29980469,145,7.349609,,,,,7,no dnr,1,1,<2 mo. follow-up
2163,4933,60.52798,female,white,9,$11-$25k,COPD,COPD/CHF/Cirrhosis,1,0,68,14.5,125,12,35.59375,220,,1.79980469,1.5,140,7.429688,177,41,4000,0,0,no dnr,0,0,no(M2 and SIP pres)
2164,7277,63.89899,female,black,9,under $11k,Lung Cancer,Cancer,1,9,53,21.0976562,132,12,38.5,108.32812,1.5998535,1,1.29980469,134,7.439453,296,36,2755,2,,dnr before sadm,0,1,<2 mo. follow-up
2165,8307,75.93695,male,white,6,$11-$25k,CHF,COPD/CHF/Cirrhosis,5,0,70,12.7988281,110,40,37.59375,210,2.8999023,0.79992676,1.39990234,136,7.449219,,,,,7,dnr after sadm,1,1,<2 mo. follow-up
2166,8182,84.03796,female,white,12,,COPD,COPD/CHF/Cirrhosis,5,0,59,11.8984375,69,26,36.19531,268,3.8999023,0.29998779,1,137,7.379883,,,,,4,dnr after sadm,0,0,no(M2 and SIP pres)
2167,1548,50.56299,male,white,16,>$50k,Coma,Coma,1,44,102,20.8984375,125,54,38.59375,435,,,1.09985352,145,7.25,100,13,5400,,,no dnr,0,0,
2168,5906,65.83197,female,white,13,,CHF,COPD/CHF/Cirrhosis,3,0,105,5.09960938,94,24,37,226.65625,,,1.69995117,138,7.479492,,,,5,,no dnr,0,1,
2169,7461,48.92499,female,black,12,under $11k,Coma,Coma,3,89,66,10.2988281,128,10,37.59375,170,2,2.19970703,1,138,7.449219,111,15,1830,,,dnr after sadm,1,1,<2 mo. follow-up
2170,1420,20.73099,male,hispanic,12,under $11k,ARF/MOSF w/Sepsis,ARF/MOSF,0,61,48,15.7988281,100,24,38,273.3125,,,1.5,130,7.539062,,24,1745,,,no dnr,0,0,no(M2 and SIP pres)
2171,1726,39.31299,female,white,12,,MOSF w/Malig,ARF/MOSF,1,0,135,7.19921875,150,42,37.5,285.6875,2.699707,2.59960938,3.09960938,144,7.299805,,,,0,0,no dnr,0,0,no(M2 and SIP pres)
2172,5897,74.21198,female,white,8,under $11k,MOSF w/Malig,ARF/MOSF,4,100,0,2.79980469,0,0,39,99.15625,2.5996094,1.19995117,1,137,7.289062,,,,,0,no dnr,1,1,<2 mo. follow-up
2173,5269,72.65997,female,white,2,under $11k,ARF/MOSF w/Sepsis,ARF/MOSF,1,100,96,6.39941406,97,20,36.59375,476.1875,3.2998047,0.89990234,0.89990234,137,7.5,93,10,900,,,dnr after sadm,1,1,<2 mo. follow-up
2174,4714,72.68195,male,white,8,$11-$25k,ARF/MOSF w/Sepsis,ARF/MOSF,2,9,67,16.296875,115,37,36.29688,300,2.8999023,1.59985352,0.89990234,136,7.319336,95,18,1110,,0,dnr after sadm,1,1,<2 mo. follow-up
2175,1461,80.23499,female,other,,,MOSF w/Malig,ARF/MOSF,1,0,67,0.5,120,24,38.19531,,2.3999023,1.09985352,1.19995117,135,,226,33,5400,,,no dnr,1,1,<2 mo. follow-up
2176,720,66.27496,male,white,20,>$50k,Colon Cancer,Cancer,1,0,83,13.3984375,68,20,38,,3.199707,1.39990234,1.09985352,135,,,,,0,,no dnr,0,1,
2177,7028,74.81696,male,white,12,$11-$25k,Coma,Coma,2,44,61,4.69921875,100,20,38,,2.5,5.09960938,1,135,,176,31,900,,5,dnr after sadm,1,1,<2 mo. follow-up
2178,4766,64.61896,male,white,,,MOSF w/Malig,ARF/MOSF,1,0,69,17.8984375,138,22,36.5,,2.199707,0.69995117,0.59997559,144,,203,6,,,,dnr after sadm,0,1,<2 mo. follow-up
2179,2890,85.46497,male,white,12,$11-$25k,ARF/MOSF w/Sepsis,ARF/MOSF,2,0,50,6.79980469,98,26,39.29688,235,2.8999023,1.19995117,1.09985352,141,7.419922,283,38,2155,,1,no dnr,0,1,adl>=4 (>=5 if sur)
2180,6637,41.25897,male,white,12,,ARF/MOSF w/Sepsis,ARF/MOSF,1,0,68,13.2988281,103,22,38.09375,182.5,2.8999023,0.79992676,0.89990234,139,7.5,,,,,0,no dnr,0,0,SIP>=30
2181,3613,69.39398,female,white,8,under $11k,ARF/MOSF w/Sepsis,ARF/MOSF,0,61,125,17.1992188,180,36,38.89844,420,,,0.5,133,7.519531,,,,,2,dnr after sadm,1,1,<2 mo. follow-up
2182,3863,51.01398,female,white,14,,MOSF w/Malig,ARF/MOSF,3,0,64,9.8984375,110,16,35.89844,236,,,1,126,7.55957,,,,2,0,no dnr,0,1,no(M2 and SIP pres)
2183,1185,49.21799,female,white,16,>$50k,MOSF w/Malig,ARF/MOSF,2,0,67,41.1953125,158,34,36.39844,280,,,1.19995117,131,7.5,83,25,300,,,dnr after sadm,0,1,<2 mo. follow-up
2184,4838,42.70499,female,black,,,ARF/MOSF w/Sepsis,ARF/MOSF,1,0,125,9.5,115,9,38.5,164,,,1.09985352,136,7.459961,174,26,3335,,,no dnr,0,0,adl>=4 (>=5 if sur)
2185,7489,36.71198,male,white,12,under $11k,ARF/MOSF w/Sepsis,ARF/MOSF,0,37,131,11.2988281,120,10,38.19531,140,2.8999023,10.5,0.79992676,136,7.509766,112,21,2050,,5,dnr after sadm,1,1,<2 mo. follow-up
2186,2424,72.62396,female,white,8,under $11k,Lung Cancer,Cancer,3,0,127,7.79980469,130,52,38.5,,2,0.89990234,0.5,131,,191,16,4185,,0,dnr after sadm,0,1,<2 mo. follow-up
2187,2945,83.68195,female,white,14,$11-$25k,ARF/MOSF w/Sepsis,ARF/MOSF,0,61,53,31.5,65,22,36.09375,98.32812,3,0.5,0.89990234,140,7.469727,80,36,725,,1,dnr after sadm,1,1,<2 mo. follow-up
2188,3239,42.09698,male,white,,,MOSF w/Malig,ARF/MOSF,1,44,63,0.19998169,145,28,37.89844,242.84375,2,5.19921875,4.09960938,161,7.519531,,,,,,no dnr,1,1,<2 mo. follow-up
2189,2073,39.159,male,white,14,$11-$25k,Lung Cancer,Cancer,2,0,52,31.0976562,140,28,38.19531,121.65625,1.8999023,0.5,0.59997559,139,7.449219,,,,,3,dnr after sadm,1,1,<2 mo. follow-up
2190,557,74.94299,male,black,,,ARF/MOSF w/Sepsis,ARF/MOSF,3,61,107,22.5,105,30,38.09375,300,,1.09985352,1.09985352,131,7.519531,,,,,,dnr after sadm,1,1,<2 mo. follow-up
2191,1228,51.461,female,white,,,Lung Cancer,Cancer,3,9,59,10,112,36,36.59375,,,,1,141,,112,14,350,,,dnr after sadm,1,1,<2 mo. follow-up
2192,4348,46.26099,male,white,7,under $11k,CHF,COPD/CHF/Cirrhosis,2,0,103,12.3984375,112,24,36,414.25,3.199707,0.39996338,1.19995117,141,7.429688,137,24,2300,,3,no dnr,0,0,no(M2 and SIP pres)
2193,8760,68.81598,male,white,12,,ARF/MOSF w/Sepsis,ARF/MOSF,3,0,109,8.19921875,50,24,36.29688,,,,1.19995117,136,,97,23,4050,,,no dnr,1,1,<2 mo. follow-up
2194,3461,76.59698,male,white,7,,ARF/MOSF w/Sepsis,ARF/MOSF,1,0,65,8,58,9,37.29688,242.84375,,,2,142,7.439453,,,,,0,no dnr,1,1,<2 mo. follow-up
2195,8144,42.133,female,white,12,under $11k,ARF/MOSF w/Sepsis,ARF/MOSF,0,26,103,15.5,120,12,39.69531,103.32812,2.3999023,0.5,0.59997559,137,7.479492,,,,,0,dnr after sadm,1,1,adl>=4 (>=5 if sur)
2196,1816,40.68698,female,asian,14,>$50k,Lung Cancer,Cancer,1,0,83,5.79980469,80,28,36.29688,,2.7998047,1.89990234,1.69995117,136,,,,,1,0,dnr after sadm,1,1,<2 mo. follow-up
2197,1209,50.59799,male,white,14,$11-$25k,ARF/MOSF w/Sepsis,ARF/MOSF,1,44,128,19.6992188,55,14,38.59375,88.625,,,1.09985352,148,7.529297,151,32,3755,,,no dnr,0,0,adl>=4 (>=5 if sur)
2198,7904,75.13495,male,white,8,$11-$25k,COPD,COPD/CHF/Cirrhosis,2,0,85,,107,24,36.19531,204,,,,140,7.349609,,,,,2,dnr after sadm,0,1,<2 mo. follow-up
2199,6154,65.23999,female,white,11,under $11k,ARF/MOSF w/Sepsis,ARF/MOSF,1,0,71,30.296875,116,28,36.89844,218.3125,1.8999023,3.89990234,0.89990234,135,7.389648,,,,,7,dnr after sadm,1,1,<2 mo. follow-up
2200,7156,57.94699,female,white,12,under $11k,MOSF w/Malig,ARF/MOSF,1,9,64,5.5,69,24,35.89844,,3.699707,0.29998779,1.69995117,138,,93,64,1275,4,6,no dnr,0,1,SIP>=30
2201,7586,32.12299,female,white,12,under $11k,COPD,COPD/CHF/Cirrhosis,3,0,90,10.6992188,76,20,35.89844,,2.2998047,0.5,1,131,,127,17,,0,,no dnr,0,0,
2202,5695,50.73199,male,white,14,$25-$50k,Lung Cancer,Cancer,1,0,115,8.19921875,115,12,36.79688,142.5,3.2998047,,1.09985352,135,7.359375,111,18,2080,0,0,no dnr,0,1,no(M2 and SIP pres)
2203,1559,68.34198,male,white,8,under $11k,COPD,COPD/CHF/Cirrhosis,2,26,58,15.1992188,90,12,36.29688,,,8,5.79980469,145,,,130,2145,,1,,1,1,<2 mo. follow-up
2204,1056,91.08795,female,white,20,>$50k,ARF/MOSF w/Sepsis,ARF/MOSF,1,9,110,11.7988281,105,33,38,330,,,0.89990234,145,7.589844,220,11,650,,0,dnr after sadm,0,1,
2205,7436,86.396,male,black,,under $11k,ARF/MOSF w/Sepsis,ARF/MOSF,0,0,100,4.09960938,85,22,36.79688,,,0.29998779,1,137,,97,8,,,0,dnr after sadm,1,1,<2 mo. follow-up
2206,4217,21.506,female,black,12,$11-$25k,ARF/MOSF w/Sepsis,ARF/MOSF,0,0,63,25.6992188,120,28,38.59375,147.5,2.7998047,0.79992676,0.69995117,137,7.419922,,,,,0,no dnr,0,0,
2207,5374,67.64398,male,white,14,$25-$50k,ARF/MOSF w/Sepsis,ARF/MOSF,0,44,43,29.1992188,120,8,38.39844,202,2.3999023,5.59960938,6.79980469,131,7.40918,166,96,890,,0,dnr after sadm,1,1,<2 mo. follow-up
2208,537,22.72699,female,black,14,>$50k,ARF/MOSF w/Sepsis,ARF/MOSF,0,0,99,6.79980469,112,40,38.5,140.8125,,,0.79992676,134,7.469727,,,,2,0,no dnr,0,0,
2209,7419,57.01797,male,white,14,$11-$25k,Coma,Coma,1,61,119,11.2988281,150,28,36.19531,200,,,1.79980469,136,7.469727,290,35,3800,,,no dnr,0,1,adl>=4 (>=5 if sur)
2210,1907,75.737,female,white,12,,CHF,COPD/CHF/Cirrhosis,3,0,77,13.0996094,100,20,37.19531,295.1875,,,0.89990234,139,7.439453,,,,1,2,no dnr,0,1,no(M2 and SIP pres)
2211,1278,37.77399,female,white,14,>$50k,Lung Cancer,Cancer,1,0,73,5.39941406,115,36,38.39844,225,,,5.5,149,7.439453,234,125,1400,,0,no dnr,0,1,
2212,1233,43.53998,female,white,14,$25-$50k,ARF/MOSF w/Sepsis,ARF/MOSF,4,37,78,24.5976562,155,12,38,136,,6.59960938,0.59997559,134,7.509766,210,28,1675,,0,dnr after sadm,1,1,<2 mo. follow-up
2213,3650,69.09796,male,white,11,$11-$25k,COPD,COPD/CHF/Cirrhosis,3,0,43,25.5,175,23,38.39844,160.84375,2.8999023,,1.19995117,141,7.399414,,,,,6,no dnr,1,1,<2 mo. follow-up
2214,9031,57.50897,female,white,10,,COPD,COPD/CHF/Cirrhosis,2,0,77,19.796875,104,20,36.09375,,2.7998047,1.09985352,1.19995117,120,,155,28,,1,,no dnr,0,0,no(M2 and SIP pres)
2215,749,51.491,female,white,11,$11-$25k,ARF/MOSF w/Sepsis,ARF/MOSF,1,37,63,39,135,36,37.09375,220,,2.69970703,3.69970703,129,7.5,,,,,0,dnr after sadm,1,1,adl>=4 (>=5 if sur)
2216,1796,52.68997,male,white,12,$25-$50k,COPD,COPD/CHF/Cirrhosis,1,0,110,13.0996094,120,30,36.69531,192.84375,,0.69995117,0.89990234,137,7.389648,,,,0,1,no dnr,0,1,no(M2 and SIP pres)
2217,1688,70.83899,male,white,8,,COPD,COPD/CHF/Cirrhosis,4,0,53,4.79980469,52,28,36.59375,200,3.5996094,0.19998169,0.79992676,137,7.429688,,,,0,,no dnr,0,1,SIP>=30
2218,8596,79.90997,male,white,6,under $11k,ARF/MOSF w/Sepsis,ARF/MOSF,2,0,59,12,70,24,35.39844,409.5,,,2,132,7.539062,102,45,1725,,0,dnr after sadm,0,0,adl>=4 (>=5 if sur)
2219,8737,90.53497,male,white,5,,COPD,COPD/CHF/Cirrhosis,3,0,121,16.8984375,112,8,38.89844,255,3.8999023,0.79992676,1.09985352,140,7.429688,226,12,2905,,1,dnr before sadm,0,0,no(M2 and SIP pres)
2220,2172,75.01996,male,white,12,$25-$50k,MOSF w/Malig,ARF/MOSF,3,0,57,5.09960938,51,10,38,150,4.0996094,0.89990234,1.69995117,144,7.149414,,,,0,3,no dnr,0,1,<2 mo. follow-up
2221,1378,73.51996,female,white,,,Colon Cancer,Cancer,2,0,68,35.8984375,120,28,36,,,,1.19995117,136,,,21,2790,,,no dnr,0,1,
2222,3126,74.81494,female,white,,,Coma,Coma,3,0,117,7.69921875,80,20,36.09375,366.625,3.2998047,,0.79992676,139,7.40918,92,14,750,,,dnr after sadm,1,1,<2 mo. follow-up
2223,4605,23.99199,male,white,13,under $11k,Coma,Coma,2,44,128,22.0976562,150,40,36.5,288,,1.29980469,2.59960938,135,7.30957,214,45,2110,,1,no dnr,0,0,no(M2 and SIP pres)
2224,1996,84.35297,male,white,,,ARF/MOSF w/Sepsis,ARF/MOSF,1,0,65,14.3984375,68,26,38.09375,385.125,3,0.59997559,0.5,133,7.439453,,,,,,no dnr,0,0,
2225,6843,19.70999,male,black,,under $11k,ARF/MOSF w/Sepsis,ARF/MOSF,0,0,57,5,129,12,39.39844,108.32812,2.5,2.29980469,0.79992676,131,7.459961,91,6,3275,,7,no dnr,0,1,
2226,4609,76.53699,female,black,16,$25-$50k,MOSF w/Malig,ARF/MOSF,1,61,58,18.1992188,70,14,39.09375,96.65625,,,1.19995117,141,7.459961,104,36,1550,,0,no dnr,1,1,<2 mo. follow-up
2227,1616,58.63898,male,white,12,$25-$50k,CHF,COPD/CHF/Cirrhosis,3,0,49,14.5,118,32,36.19531,243.3125,3.2998047,1.29980469,1.09985352,124,7.459961,,,,0,0,no dnr,0,0,no(M2 and SIP pres)
2228,2265,84.42395,female,white,14,$11-$25k,CHF,COPD/CHF/Cirrhosis,2,0,68,8.59960938,58,28,37.79688,402,,0.69995117,1,136,7.459961,,,,,1,no dnr,0,1,no(M2 and SIP pres)
2229,9041,68.10394,female,white,12,$11-$25k,ARF/MOSF w/Sepsis,ARF/MOSF,0,0,87,1.79980469,64,22,36.29688,,4,0.79992676,1.09985352,134,,118,9,3100,,0,no dnr,0,0,
2230,6760,63.439,female,white,11,$11-$25k,ARF/MOSF w/Sepsis,ARF/MOSF,1,0,78,4.79980469,80,6,36.39844,306.625,,1.19995117,0.59997559,141,7.439453,148,7,6310,0,1,dnr after sadm,0,0,SIP>=30
2231,2593,45.741,male,white,8,under $11k,Coma,Coma,3,0,139,10.5996094,104,60,38.29688,297.5,2,0.29998779,7.29980469,140,7.359375,121,69,1150,,7,no dnr,0,1,adl>=4 (>=5 if sur)
2232,2324,44.42697,female,black,13,,ARF/MOSF w/Sepsis,ARF/MOSF,1,61,130,15.0996094,111,10,39.19531,142.5,2.5996094,0.19998169,6,142,7.479492,,,,,1,dnr after sadm,0,1,
2233,5696,44.89798,male,black,12,,Colon Cancer,Cancer,1,0,108,17.5,60,32,36.29688,286.625,1.8999023,0.59997559,1,140,7.459961,120,21,1180,0,0,no dnr,0,0,no(M2 and SIP pres)
2234,8051,68.19397,female,white,12,$25-$50k,CHF,COPD/CHF/Cirrhosis,2,0,67,14,79,30,38.59375,297.125,3.699707,0.39996338,2.79980469,137,7.459961,,,,,1,no dnr,0,1,
2235,8283,63.25,female,white,12,under $11k,ARF/MOSF w/Sepsis,ARF/MOSF,4,37,43,23.5,146,40,38.39844,203.3125,,,2.19970703,134,7.25,,,,,0,no dnr,0,0,
2236,1611,30.03999,male,black,12,>$50k,ARF/MOSF w/Sepsis,ARF/MOSF,0,0,89,9.69921875,102,24,38.69531,,2.2998047,0.39996338,0.5,146,,,,,,,no dnr,0,0,adl>=4 (>=5 if sur)
2237,7203,68.91199,male,white,9,under $11k,CHF,COPD/CHF/Cirrhosis,2,0,103,8,122,24,35.19531,,2,0.5,0.5,132,,345,7,4215,0,0,no dnr,0,0,SIP>=30
2238,8855,79.27698,male,white,12,$11-$25k,CHF,COPD/CHF/Cirrhosis,4,0,70,12.5,110,32,38.69531,125.45312,2.0996094,5.5,1.19995117,133,7.5,124,33,2525,0,0,no dnr,0,0,no(M2 and SIP pres)
2239,4201,65.16095,male,white,8,,CHF,COPD/CHF/Cirrhosis,3,0,63,7.29980469,100,11,36.39844,300,3,,2.79980469,130,7.439453,,,,4,,dnr after sadm,0,1,
2240,887,79.70398,female,white,16,$11-$25k,MOSF w/Malig,ARF/MOSF,5,0,60,22,110,36,36.09375,108,2.5996094,,0.5,135,7.459961,,16,1870,,,dnr after sadm,1,1,<2 mo. follow-up
2241,8952,67.47198,male,white,8,,Lung Cancer,Cancer,1,0,66,5.29980469,83,16,36.19531,,2.199707,0.89990234,0.59997559,137,,109,11,,0,,no dnr,0,0,no(M2 and SIP pres)
2242,8093,76.29797,female,white,8,under $11k,ARF/MOSF w/Sepsis,ARF/MOSF,1,26,115,7.5,108,24,36.19531,65.32812,3,1.19995117,3.5,128,7.289062,,,,,1,dnr after sadm,1,1,<2 mo. follow-up
2243,5690,55.38898,male,white,7,$11-$25k,ARF/MOSF w/Sepsis,ARF/MOSF,2,0,49,5.5,0,0,39.29688,177,2.8999023,0.5,1.19995117,147,7.549805,312,28,4065,,0,dnr after sadm,1,1,adl>=4 (>=5 if sur)
2244,5754,62.06198,male,white,14,$25-$50k,ARF/MOSF w/Sepsis,ARF/MOSF,1,0,57,6.29980469,60,16,38,,,0.59997559,0.69995117,133,,120,120,2050,,0,dnr after sadm,1,1,<2 mo. follow-up
2245,7244,44.76398,male,white,12,under $11k,Cirrhosis,COPD/CHF/Cirrhosis,4,0,69,17.5976562,146,9,37.89844,153.03125,2.3999023,1.79980469,1.5,140,7.289062,143,7,2620,1,0,no dnr,0,0,no(M2 and SIP pres)
2246,8683,68.04395,male,white,8,$11-$25k,Coma,Coma,3,55,123,4.89941406,76,20,36.19531,,3.0996094,0.89990234,10,139,,98,62,170,,0,no dnr,0,1,no(M2 and SIP pres)
2247,412,65.41296,female,black,,,ARF/MOSF w/Sepsis,ARF/MOSF,2,0,57,19.6992188,110,90,34.5,87.5,,4.09960938,2.5,133,7.299805,,,,,,dnr after sadm,1,1,<2 mo. follow-up
2248,3412,33.254,male,black,12,under $11k,MOSF w/Malig,ARF/MOSF,2,9,69,0.39996338,145,52,39.39844,373.3125,2,16.296875,1.69995117,148,7.509766,,,,0,0,dnr after sadm,1,1,
2249,1216,54.61697,female,white,12,,ARF/MOSF w/Sepsis,ARF/MOSF,5,26,57,19.8984375,110,6,39.09375,222.84375,,,6.19921875,142,7.429688,96,36,5,5,,no dnr,0,1,
2250,1158,18.11899,male,white,12,under $11k,MOSF w/Malig,ARF/MOSF,2,41,62,0.19998169,130,30,38.69531,347.8125,1.6999512,,0.89990234,155,7.349609,,27,5565,,0,dnr after sadm,1,1,<2 mo. follow-up
2251,5964,62.25598,male,white,7,under $11k,COPD,COPD/CHF/Cirrhosis,2,0,99,3.29980469,136,30,35.5,281.875,2.8999023,1.5,1.69995117,133,7.319336,,,,0,1,dnr after sadm,0,1,<2 mo. follow-up
2252,6113,40.67398,male,white,12,,ARF/MOSF w/Sepsis,ARF/MOSF,0,0,81,18.5,104,32,38.19531,118.32812,2.7998047,1,8.8984375,137,7.289062,,,,,0,no dnr,0,0,no(M2 and SIP pres)
2253,5049,44.172,male,black,12,,Lung Cancer,Cancer,4,0,67,5.39941406,82,16,36,357.125,4.1992188,2.19970703,0.89990234,133,7.479492,105,23,2400,0,,dnr after sadm,0,1,<2 mo. follow-up
2254,7420,61.65399,male,black,12,$25-$50k,ARF/MOSF w/Sepsis,ARF/MOSF,0,0,51,1.69995117,167,46,34.79688,170,2.5996094,20.5976562,2.69970703,157,7.419922,278,75,3470,,0,no dnr,1,1,<2 mo. follow-up
2255,1193,65.81,male,white,18,$25-$50k,Lung Cancer,Cancer,2,0,79,7.29980469,136,22,38.39844,,,,1.29980469,127,,96,12,720,0,0,no dnr,0,1,
2256,8774,82.60596,female,white,12,under $11k,ARF/MOSF w/Sepsis,ARF/MOSF,0,0,105,9.09960938,140,40,38.29688,194.28125,,,1.39990234,140,7.339844,249,24,2175,,2,dnr after sadm,1,1,<2 mo. follow-up
2257,4779,82.98395,male,white,11,under $11k,ARF/MOSF w/Sepsis,ARF/MOSF,3,0,112,11.3984375,65,35,37.69531,170,,,0.59997559,137,7.40918,71,8,1770,0,0,dnr after sadm,0,1,no(M2 and SIP pres)
2258,4260,82.52698,male,black,5,under $11k,CHF,COPD/CHF/Cirrhosis,1,26,39,15.8984375,134,20,36.69531,108.75,2.7998047,0.39996338,3.79980469,132,7.319336,,,,,6,dnr after sadm,1,1,<2 mo. follow-up
2259,1087,72.26794,male,white,14,$25-$50k,ARF/MOSF w/Sepsis,ARF/MOSF,2,0,68,7.69921875,55,24,36.59375,202.84375,3.199707,0.29998779,2.59960938,130,7.509766,,55,2608,,1,no dnr,0,0,no(M2 and SIP pres)
2260,1665,69.435,male,white,12,>$50k,CHF,COPD/CHF/Cirrhosis,2,0,92,10.6992188,74,20,36.39844,388,,,2.59960938,136,7.419922,,,,,,no dnr,0,0,no(M2 and SIP pres)
2261,7129,38.54898,female,white,9,under $11k,ARF/MOSF w/Sepsis,ARF/MOSF,1,0,69,9.3984375,130,28,36.59375,134.6875,2.8999023,1.5,0.69995117,137,7.40918,74,14,2368,1,0,no dnr,0,0,no(M2 and SIP pres)
2262,5980,35.45499,male,white,14,,Cirrhosis,COPD/CHF/Cirrhosis,3,0,73,6.29980469,109,35,38.69531,300,2.199707,2.59960938,0.79992676,133,7.429688,,,,0,1,no dnr,0,1,no(M2 and SIP pres)
2263,6023,57.62399,female,white,16,under $11k,ARF/MOSF w/Sepsis,ARF/MOSF,0,0,115,19,136,12,38.79688,233.96875,2.8999023,0.5,0.39996338,131,7.339844,,,,,4,dnr after sadm,0,0,SIP>=30
2264,8898,84.29297,male,white,8,$25-$50k,CHF,COPD/CHF/Cirrhosis,5,0,80,9.79882812,68,24,38.69531,364,,1.29980469,1.09985352,137,7.489258,184,26,1775,0,1,no dnr,0,1,no(M2 and SIP pres)
2265,5570,71.69897,female,white,11,under $11k,CHF,COPD/CHF/Cirrhosis,5,0,45,14.0996094,110,10,35.59375,87.14062,1.2998047,1.69995117,4.09960938,143,7.449219,267,114,655,5,,dnr after sadm,1,1,<2 mo. follow-up
2266,6449,81.18298,male,black,12,under $11k,CHF,COPD/CHF/Cirrhosis,3,0,104,5.89941406,65,28,36.19531,271.375,3.199707,0.69995117,1.5,140,7.399414,,,,,,no dnr,0,0,no(M2 and SIP pres)
2267,8018,78.00696,male,white,12,$11-$25k,COPD,COPD/CHF/Cirrhosis,4,0,72,3.39990234,102,28,35.79688,211.09375,3.699707,0.59997559,1.29980469,137,7.439453,,,,0,1,no dnr,0,1,no(M2 and SIP pres)
2268,8909,64.34998,female,white,,,Cirrhosis,COPD/CHF/Cirrhosis,4,0,74,13.1992188,98,24,35.59375,290.4375,3.699707,0.5,1,130,7.479492,126,17,1125,,2,dnr after sadm,0,1,<2 mo. follow-up
2269,6008,55.17297,male,white,,,MOSF w/Malig,ARF/MOSF,3,0,60,0.10998535,103,24,36,198.75,2.5996094,2.79980469,1.59985352,135,7.5,,,,2,,dnr after sadm,0,1,<2 mo. follow-up
2270,5555,71.79498,male,white,,,Lung Cancer,Cancer,1,37,65,0.09999084,135,40,38.59375,81.32812,,,0.39996338,146,7.5,200,23,2615,,,dnr after sadm,1,1,<2 mo. follow-up
2271,4106,64.92499,female,black,,$11-$25k,ARF/MOSF w/Sepsis,ARF/MOSF,2,0,60,16.0976562,114,27,38.5,292,,2.89990234,8.59960938,128,7.399414,,,,,,no dnr,1,1,<2 mo. follow-up
2272,7488,64.70398,male,white,6,under $11k,Cirrhosis,COPD/CHF/Cirrhosis,4,0,70,4,106,28,37.69531,,2.2998047,0.59997559,0.79992676,140,,91,8,2500,1,2,dnr after sadm,0,1,SIP>=30
2273,5333,42.24197,male,black,13,$25-$50k,ARF/MOSF w/Sepsis,ARF/MOSF,2,0,63,,70,32,37.89844,196.65625,2,,0.79992676,135,7.399414,103,8,4150,,0,dnr after sadm,1,1,<2 mo. follow-up
2274,6099,77.008,male,white,9,under $11k,ARF/MOSF w/Sepsis,ARF/MOSF,5,9,126,6.59960938,67,24,36,328.5625,2.699707,0.79992676,0.89990234,132,7.449219,,,,,7,no dnr,1,1,<2 mo. follow-up
2275,1532,40.74698,male,white,16,,ARF/MOSF w/Sepsis,ARF/MOSF,3,26,69,7.5,74,16,36.39844,,,0.59997559,1.09985352,135,,78,12,1525,,0,no dnr,0,0,adl>=4 (>=5 if sur)
2276,4635,63.73199,female,white,12,$25-$50k,ARF/MOSF w/Sepsis,ARF/MOSF,1,0,68,12,100,36,35,256.625,,,0.89990234,137,7.469727,173,30,2435,,0,no dnr,0,0,no(M2 and SIP pres)
2277,3832,44.45697,female,white,12,under $11k,ARF/MOSF w/Sepsis,ARF/MOSF,1,0,71,13.1992188,120,40,39,169.375,,0.5,1.19995117,152,7.369141,,,,,0,no dnr,0,1,no(M2 and SIP pres)
2278,489,24.493,male,white,12,,ARF/MOSF w/Sepsis,ARF/MOSF,0,0,108,29.796875,140,10,38.69531,394.25,2.2998047,7.59960938,0.79992676,132,7.449219,,,,,0,no dnr,0,0,SIP>=30
2279,3561,40.81598,male,white,16,$25-$50k,CHF,COPD/CHF/Cirrhosis,3,0,63,7.89941406,114,16,36.79688,,,1.19995117,1,135,,,,,0,0,no dnr,0,0,SIP>=30
2280,5322,72.66797,male,white,14,under $11k,CHF,COPD/CHF/Cirrhosis,3,26,127,18.0976562,125,29,36,260,2,1.09985352,0.79992676,123,7.529297,364,36,1462,7,7,dnr after sadm,0,1,adl>=4 (>=5 if sur)
2281,2904,83.07495,female,white,14,$11-$25k,Coma,Coma,1,37,38,39.3984375,52,14,38.69531,354,2.7998047,0.39996338,7.79980469,130,7.329102,63,63,0,,2,dnr before sadm,0,1,<2 mo. follow-up
2282,5817,51.836,female,white,12,under $11k,Cirrhosis,COPD/CHF/Cirrhosis,2,0,93,3.5,80,26,36.39844,369,3,0.29998779,0.69995117,138,7.339844,,,,1,0,no dnr,0,0,SIP>=30
2283,1259,66.64197,female,white,10,,Lung Cancer,Cancer,1,0,46,8.8984375,160,32,36,,3.3999023,0.39996338,0.59997559,139,,128,6,1075,0,,no dnr,0,1,
2284,845,61.39398,male,white,14,$11-$25k,CHF,COPD/CHF/Cirrhosis,3,0,75,9.79882812,65,20,36,,,1.59985352,1.79980469,129,,80,63,2375,,2,no dnr,0,1,<2 mo. follow-up
2285,7233,39.33499,male,white,12,,ARF/MOSF w/Sepsis,ARF/MOSF,1,0,65,13,124,30,37.79688,344,2.8999023,0.89990234,0.5,148,7.369141,119,6,4310,,1,no dnr,0,0,adl>=4 (>=5 if sur)
2286,7418,63.90097,male,white,12,$11-$25k,Coma,Coma,0,100,116,15.2988281,129,32,38.19531,228.5625,3,0.69995117,1.09985352,136,7.379883,119,9,816,,7,no dnr,0,1,<2 mo. follow-up
2287,7825,47.15399,female,white,12,$25-$50k,Lung Cancer,Cancer,1,0,74,3.69970703,104,16,36.89844,,3.5996094,0.39996338,1.09985352,137,,,,,0,0,no dnr,0,1,no(M2 and SIP pres)
2288,449,50.57599,female,white,10,,Cirrhosis,COPD/CHF/Cirrhosis,2,0,55,5.29980469,75,12,36.19531,443.3125,2.199707,44.3984375,5.09960938,147,7.229492,,,,,2,no dnr,0,0,no(M2 and SIP pres)
2289,2842,73.18298,female,white,8,,COPD,COPD/CHF/Cirrhosis,3,0,69,11.8984375,108,20,38.59375,,,0.69995117,0.89990234,137,,81,7,2850,0,0,no dnr,0,0,no(M2 and SIP pres)
2290,7248,37.689,female,white,11,under $11k,Cirrhosis,COPD/CHF/Cirrhosis,2,9,60,8.09960938,70,14,37.89844,,1.3999023,3.09960938,0.89990234,132,,104,4,420,0,,no dnr,0,0,SIP>=30
2291,4419,84.50696,male,white,8,,ARF/MOSF w/Sepsis,ARF/MOSF,0,0,78,7.19921875,75,22,34.69531,450,,,1.39990234,138,7.459961,101,23,1450,,,dnr after sadm,1,1,<2 mo. follow-up
2292,4426,67.93994,male,black,10,under $11k,Lung Cancer,Cancer,2,0,131,16.5,154,25,34.5,90,1.5,0.29998779,3.19970703,135,7.439453,271,41,165,1,4,no dnr,0,1,no(M2 and SIP pres)
2293,977,62.741,male,hispanic,12,$11-$25k,Cirrhosis,COPD/CHF/Cirrhosis,3,0,63,9.19921875,64,12,36,,2.199707,3.79980469,0.89990234,133,,,23,1150,1,,no dnr,0,0,no(M2 and SIP pres)
2294,3371,67.70197,male,white,,,Lung Cancer,Cancer,1,0,83,12.5996094,100,36,36.19531,308,,0.29998779,1.09985352,143,7.459961,,,,,,dnr after sadm,0,1,<2 mo. follow-up
2295,6192,66.26099,female,black,,under $11k,ARF/MOSF w/Sepsis,ARF/MOSF,2,9,112,16.1992188,69,16,35,495.1875,2.5996094,0.29998779,1.39990234,151,7.349609,,,,,2,no dnr,0,0,
2296,6186,56.22699,female,black,11,,MOSF w/Malig,ARF/MOSF,1,0,81,12.5996094,106,24,36.5,304.75,2.7998047,0.69995117,1,136,7.469727,,,,1,0,dnr after sadm,0,1,<2 mo. follow-up
2297,1475,63.93399,female,white,14,,Colon Cancer,Cancer,1,0,131,6.29980469,116,25,38.19531,197.125,,,2.29980469,147,7.459961,,,5658,,6,dnr after sadm,1,1,<2 mo. follow-up
2298,290,74.10797,male,white,12,$11-$25k,COPD,COPD/CHF/Cirrhosis,2,44,63,22,160,12,37,134,,,0.59997559,140,7.429688,,,,,7,dnr after sadm,1,1,<2 mo. follow-up
2299,624,50.439,male,black,12,under $11k,ARF/MOSF w/Sepsis,ARF/MOSF,3,0,82,2.09960938,60,26,36,366.625,,1.29980469,9.09960938,130,7.489258,,,,1,,dnr after sadm,0,1,
2300,3575,26.53499,female,white,17,under $11k,MOSF w/Malig,ARF/MOSF,1,37,0,50.09375,0,0,38.89844,252.5,2.0996094,1.79980469,0.89990234,146,7.449219,,,,,0,dnr after sadm,1,1,<2 mo. follow-up
2301,2356,76.67096,male,white,16,>$50k,CHF,COPD/CHF/Cirrhosis,2,9,73,8.3984375,76,24,36.59375,,3.2998047,1.5,1.29980469,136,,,,,1,0,dnr after sadm,1,1,<2 mo. follow-up
2302,1738,76.06,male,white,14,under $11k,COPD,COPD/CHF/Cirrhosis,2,0,61,9.79882812,118,12,38.19531,111.65625,2.8999023,1.29980469,1.59985352,136,7.419922,,,,,0,dnr after sadm,1,1,<2 mo. follow-up
2303,1833,67.034,male,white,12,$11-$25k,COPD,COPD/CHF/Cirrhosis,2,0,70,13.2988281,54,26,36.69531,240,3.3999023,0.59997559,1.19995117,137,7.399414,,,,0,0,no dnr,0,1,no(M2 and SIP pres)
2304,8572,27.63899,male,white,,under $11k,ARF/MOSF w/Sepsis,ARF/MOSF,1,0,123,10.6992188,60,24,36.39844,244,3.699707,0.69995117,1.39990234,136,7.389648,110,18,2200,,0,no dnr,0,0,no(M2 and SIP pres)
2305,3058,46.06699,male,hispanic,16,$25-$50k,ARF/MOSF w/Sepsis,ARF/MOSF,1,0,93,6.59960938,96,28,36.5,,,,0.59997559,137,,96,11,2220,0,0,no dnr,0,0,no(M2 and SIP pres)
2306,8187,45.06497,female,white,12,,CHF,COPD/CHF/Cirrhosis,2,0,74,10.5,126,20,35.59375,,4.2998047,1.29980469,1.09985352,139,,,,,0,,no dnr,0,0,
2307,277,63.431,male,white,16,$11-$25k,ARF/MOSF w/Sepsis,ARF/MOSF,0,26,90,3.39990234,130,20,37.09375,230,2.7998047,4.69921875,2.09960938,141,7.489258,,,,,2,no dnr,0,0,no(M2 and SIP pres)
2308,5413,73.32196,male,white,,,CHF,COPD/CHF/Cirrhosis,3,0,113,6.29980469,60,9,38.39844,259,,,1.39990234,133,7.489258,102,20,2030,,,dnr after sadm,0,1,<2 mo. follow-up
2309,6868,41.405,male,white,12,under $11k,Cirrhosis,COPD/CHF/Cirrhosis,3,0,47,18.3984375,150,34,39.5,306,1.3999023,2.19970703,1.5,146,7.379883,373,42,2545,3,2,no dnr,0,0,no(M2 and SIP pres)
2310,4688,39.53497,female,black,14,$25-$50k,ARF/MOSF w/Sepsis,ARF/MOSF,3,0,77,20.3984375,120,24,38,118,,0.69995117,1.29980469,135,7.439453,206,44,,5,6,no dnr,0,0,no(M2 and SIP pres)
2311,1717,72.10095,male,white,,,CHF,COPD/CHF/Cirrhosis,1,0,70,3.29980469,72,20,36.29688,,3.199707,,5.29980469,128,,,,,0,1,dnr after sadm,0,1,no(M2 and SIP pres)
2312,2088,84.25494,male,white,12,,CHF,COPD/CHF/Cirrhosis,3,0,73,9.59960938,80,20,36.69531,392,,,1.89990234,135,7.459961,,,,0,1,no dnr,0,1,no(M2 and SIP pres)
2313,704,82.14099,male,black,,,MOSF w/Malig,ARF/MOSF,1,26,75,9.19921875,70,22,36.5,107.14062,3.5996094,0.29998779,1.29980469,133,7.5,,,,,,dnr after sadm,0,1,
2314,1337,68.23297,male,white,16,>$50k,MOSF w/Malig,ARF/MOSF,1,0,67,5.59960938,125,23,38,107.04688,3.8999023,4.19921875,3.29980469,139,7.399414,231,42,990,,2,no dnr,0,1,adl>=4 (>=5 if sur)
2315,3134,75.87396,male,white,12,,ARF/MOSF w/Sepsis,ARF/MOSF,2,0,81,6.69921875,80,20,36.89844,,3.3999023,4.69921875,0.79992676,136,,93,17,,,,no dnr,0,1,SIP>=30
2316,8234,71.99695,male,white,,,MOSF w/Malig,ARF/MOSF,1,0,50,10.6992188,132,34,37.89844,108.15625,3.3999023,0.59997559,1.19995117,137,7.179688,,,,,,no dnr,1,1,<2 mo. follow-up
2317,5783,83.23297,female,white,,,ARF/MOSF w/Sepsis,ARF/MOSF,2,41,80,32.8984375,70,6,39.39844,150,2.5996094,0.89990234,1.09985352,131,7.479492,104,30,5145,,4,dnr after sadm,1,1,<2 mo. follow-up
2318,661,56.64099,female,white,12,$11-$25k,ARF/MOSF w/Sepsis,ARF/MOSF,1,0,100,10.0996094,100,24,37,271.375,4.5,0.39996338,0.89990234,140,7.379883,,,,,5,no dnr,0,1,no(M2 and SIP pres)
2319,5649,49.45697,male,white,12,under $11k,ARF/MOSF w/Sepsis,ARF/MOSF,2,44,72,19,45,34,38.09375,233.3125,2.7998047,0.69995117,0.69995117,136,7.449219,94,39,1375,,0,,0,1,adl>=4 (>=5 if sur)
2320,3667,57.86398,male,white,12,$25-$50k,ARF/MOSF w/Sepsis,ARF/MOSF,1,44,75,14.1992188,62,42,36.39844,96.65625,1.1999512,0.19998169,0.79992676,146,7.459961,,,,,1,no dnr,0,0,SIP>=30
2321,2532,79.36499,female,white,12,under $11k,ARF/MOSF w/Sepsis,ARF/MOSF,1,0,63,15.2988281,60,8,37.79688,68.75,,2,1.19995117,135,7.439453,213,47,2500,,,dnr after sadm,0,1,<2 mo. follow-up
2322,942,47.96198,male,white,14,under $11k,COPD,COPD/CHF/Cirrhosis,1,0,112,19.296875,135,40,37.89844,134.03125,3.3999023,0.79992676,0.79992676,136,7.40918,,25,3950,1,,no dnr,0,0,
2323,7685,79.55096,male,black,0,under $11k,CHF,COPD/CHF/Cirrhosis,6,0,62,19.0976562,118,20,38.39844,315.6875,3.199707,1.29980469,1.09985352,136,7.469727,92,7,,1,1,no dnr,0,1,no(M2 and SIP pres)
2324,2555,77.92694,female,white,9,under $11k,ARF/MOSF w/Sepsis,ARF/MOSF,0,0,122,6.69921875,76,16,36.89844,151.65625,4.0996094,,1.09985352,140,7.459961,96,18,3570,1,0,no dnr,0,1,no(M2 and SIP pres)
2325,7648,54.57898,female,black,10,under $11k,Cirrhosis,COPD/CHF/Cirrhosis,5,9,108,15.0996094,120,8,36.89844,147.5,3.8999023,1.29980469,2.29980469,143,7.419922,192,64,1968,2,1,no dnr,0,1,SIP>=30
2326,5901,58.267,male,white,11,$25-$50k,ARF/MOSF w/Sepsis,ARF/MOSF,0,0,75,8,74,24,35.59375,139,2.8999023,1.89990234,1,124,7.459961,,,,1,1,no dnr,0,1,no(M2 and SIP pres)
2327,187,35.625,female,black,,,ARF/MOSF w/Sepsis,ARF/MOSF,0,0,25,19.796875,150,28,37.19531,309.5,,,2.5,135,7.15918,,,,,,no dnr,1,1,<2 mo. follow-up
2328,4962,63.85199,female,white,7,under $11k,Lung Cancer,Cancer,2,0,68,12.6992188,135,6,38.19531,188.3125,,,1.79980469,131,7.459961,154,41,3860,,6,dnr after sadm,0,1,<2 mo. follow-up
2329,1038,27.058,male,white,16,under $11k,ARF/MOSF w/Sepsis,ARF/MOSF,0,0,38,5.79980469,165,14,35.5,118.75,2.8999023,4.69921875,5.5,148,7.089844,9,28,206,,0,dnr after sadm,1,1,<2 mo. follow-up
2330,5976,71.42499,male,white,8,under $11k,CHF,COPD/CHF/Cirrhosis,3,0,88,10,98,24,36.39844,189.5,3.2998047,2.89990234,1.5,134,7.369141,,,,,,no dnr,0,1,no(M2 and SIP pres)
2331,7947,71.37598,male,white,12,under $11k,COPD,COPD/CHF/Cirrhosis,4,9,77,24.5,106,28,36.19531,288,2.8999023,0.79992676,4.69921875,133,7.359375,,,,,6,dnr after sadm,0,1,adl>=4 (>=5 if sur)
2332,6580,62.20898,female,white,,under $11k,Coma,Coma,0,100,60,27.3984375,136,8,36.29688,239.21875,3.2998047,0.5,1.19995117,145,7.069336,,,,,0,no dnr,1,1,<2 mo. follow-up
2333,8948,81.28998,female,white,15,,COPD,COPD/CHF/Cirrhosis,3,0,72,5.19921875,74,16,36.59375,230.40625,,0.39996338,0.59997559,143,7.389648,100,13,1800,2,5,dnr after sadm,0,0,adl>=4 (>=5 if sur)
2334,7112,54.40399,female,white,12,under $11k,Lung Cancer,Cancer,2,9,112,26.1992188,140,12,38.5,222.5,1.3999023,3.89990234,0.69995117,139,7.40918,194,7,2250,0,0,dnr before sadm,0,1,<2 mo. follow-up
2335,3631,67.66895,male,white,4,under $11k,Coma,Coma,0,37,40,27.5976562,150,30,40.19531,228,,3.09960938,9.79882812,131,7.30957,,,,,0,dnr after sadm,1,1,<2 mo. follow-up
2336,7690,73.74896,male,white,,,ARF/MOSF w/Sepsis,ARF/MOSF,0,0,165,17.3984375,144,40,35,54,1.8999023,5.5,1.5,134,7.189453,206,11,1013,,,dnr after sadm,1,1,<2 mo. follow-up
2337,9097,66.05597,male,white,12,$11-$25k,Coma,Coma,1,44,56,65.59375,134,10,38.69531,349.0625,,,0.79992676,142,7.449219,127,19,1570,,0,dnr after sadm,0,0,no(M2 and SIP pres)
2338,2694,67.42499,female,white,12,$11-$25k,Colon Cancer,Cancer,1,0,53,10.2988281,113,14,38.29688,166.65625,2.0996094,,0.89990234,138,7.379883,140,18,2130,1,0,no dnr,0,1,no(M2 and SIP pres)
2339,446,61.69199,female,white,12,$11-$25k,Colon Cancer,Cancer,2,0,103,10.3984375,106,24,38.19531,,3.7998047,0.29998779,2.39990234,141,,,,,6,,no dnr,0,1,no(M2 and SIP pres)
2340,7169,51.06598,female,black,10,under $11k,MOSF w/Malig,ARF/MOSF,1,0,143,16.5,72,10,38.5,221.65625,3.2998047,1.79980469,1.69995117,142,7.459961,155,46,3680,6,3,dnr after sadm,0,1,<2 mo. follow-up
2341,689,48.564,male,white,19,,MOSF w/Malig,ARF/MOSF,2,0,103,0.09999084,110,20,39.5,208.15625,2,,1.39990234,131,7.509766,,,,0,,no dnr,0,1,no(M2 and SIP pres)
2342,127,45.11398,male,black,,,Lung Cancer,Cancer,1,9,109,10.7988281,98,18,36.39844,,3.199707,,0.59997559,130,,,,,,,dnr after sadm,1,1,<2 mo. follow-up
2343,6016,68.69299,female,white,12,under $11k,ARF/MOSF w/Sepsis,ARF/MOSF,3,0,108,14.2988281,136,36,38.5,177.125,4.2998047,0.79992676,0.69995117,130,7.419922,,,,,4,dnr before sadm,0,1,no(M2 and SIP pres)
2344,532,60.56897,male,white,,,ARF/MOSF w/Sepsis,ARF/MOSF,3,26,60,13.0996094,72,10,38.39844,205.4375,,,0.69995117,135,7.449219,,,,,,no dnr,0,0,
2345,1190,47.17599,female,white,14,>$50k,MOSF w/Malig,ARF/MOSF,1,26,110,8.5,125,28,36.09375,191.09375,,1.5,5.19921875,134,7.429688,159,63,106,,0,no dnr,1,1,
2346,1010,70.62299,male,white,12,$25-$50k,Lung Cancer,Cancer,1,0,93,25.0976562,104,20,36.59375,,3.2998047,0.29998779,1.29980469,129,,148,19,3250,0,0,no dnr,0,1,<2 mo. follow-up
2347,7550,32.65198,male,white,12,under $11k,ARF/MOSF w/Sepsis,ARF/MOSF,0,0,155,10.6992188,72,32,39.19531,370,3.199707,0.89990234,3,142,7.40918,126,32,1715,4,,no dnr,0,0,no(M2 and SIP pres)
2348,3765,79.81696,male,white,20,$25-$50k,COPD,COPD/CHF/Cirrhosis,1,0,97,11.5996094,102,24,37.29688,247.59375,,,1.39990234,138,7.329102,,,,0,0,no dnr,0,0,no(M2 and SIP pres)
2349,2805,81.16595,male,white,24,$25-$50k,Lung Cancer,Cancer,2,9,107,7.29980469,72,24,36.89844,262.9375,,,2.19970703,139,7.40918,129,54,1450,,4,dnr after sadm,0,1,<2 mo. follow-up
2350,5575,77.32794,female,black,5,under $11k,ARF/MOSF w/Sepsis,ARF/MOSF,0,9,112,2.5,135,10,36.39844,133.3125,2.5996094,,1.29980469,129,7.349609,154,41,2235,,1,no dnr,0,0,no(M2 and SIP pres)
2351,4755,46.65598,male,black,16,,CHF,COPD/CHF/Cirrhosis,2,0,95,13.6992188,85,20,36,,,0.69995117,1.09985352,138,,104,18,3950,0,0,no dnr,0,1,no(M2 and SIP pres)
2352,8745,66.08099,male,white,12,>$50k,Lung Cancer,Cancer,3,0,79,4.79980469,65,18,35.79688,,4,0.39996338,1,138,,95,16,,,,no dnr,0,1,no(M2 and SIP pres)
2353,282,42.38699,female,white,,,MOSF w/Malig,ARF/MOSF,1,0,112,1.39990234,70,18,36.59375,144,4.5996094,7.5,3.89990234,143,7.459961,,,,,,dnr after sadm,1,1,<2 mo. follow-up
2354,1322,34.53799,female,hispanic,12,>$50k,Cirrhosis,COPD/CHF/Cirrhosis,2,0,72,14.0996094,78,22,38,,,,0.79992676,138,,,4,1150,,6,no dnr,1,1,<2 mo. follow-up
2355,8391,81.21594,male,white,,,MOSF w/Malig,ARF/MOSF,1,0,59,77.390625,58,30,36.79688,155.09375,,,1.5,138,7.339844,,,,,0,dnr after sadm,1,1,<2 mo. follow-up
2356,7022,30.51599,female,white,12,,Coma,Coma,0,0,73,,107,20,36.09375,197.125,4.1992188,0.89990234,1.39990234,141,7.449219,89,27,1475,,0,no dnr,1,1,<2 mo. follow-up
2357,8115,76.06598,female,white,8,,Coma,Coma,0,61,114,12.2988281,75,32,39.09375,151.40625,4.5996094,0.5,0.79992676,131,7.339844,,,,,0,dnr after sadm,0,0,no(M2 and SIP pres)
2358,4232,25.56899,female,white,17,$11-$25k,Coma,Coma,0,44,73,6.89941406,40,8,35,519,3.7998047,1.5,0.59997559,142,7.519531,,,,,0,no dnr,0,0,adl>=4 (>=5 if sur)
2359,4745,65.42896,male,white,11,,ARF/MOSF w/Sepsis,ARF/MOSF,3,0,58,12.0996094,110,8,38.29688,340,,0.5,2.69970703,145,7.369141,299,50,5645,,0,dnr after sadm,1,1,<2 mo. follow-up
2360,8889,81.41797,male,white,8,$11-$25k,CHF,COPD/CHF/Cirrhosis,2,0,71,,57,20,35.89844,304.75,3.699707,1.19995117,1.69995117,135,7.519531,120,44,,0,0,no dnr,0,0,
2361,4528,43.047,female,white,16,$25-$50k,MOSF w/Malig,ARF/MOSF,1,0,59,17,116,16,38.79688,145.4375,2.8999023,0.69995117,1.09985352,137,7.479492,128,19,1250,,,dnr after sadm,1,1,<2 mo. follow-up
2362,5894,71.82196,male,black,0,under $11k,CHF,COPD/CHF/Cirrhosis,3,0,60,5.69921875,64,24,35.5,309.5,3.8999023,0.69995117,1,138,7.419922,,,,2,0,no dnr,0,0,no(M2 and SIP pres)
2363,4963,73.71399,male,white,17,$11-$25k,ARF/MOSF w/Sepsis,ARF/MOSF,1,41,110,4.59960938,66,24,38.59375,,,1.09985352,1.29980469,141,,265,9,,,0,no dnr,0,1,
2364,6826,38.59799,male,white,11,under $11k,Cirrhosis,COPD/CHF/Cirrhosis,2,0,102,10.5996094,77,30,38.29688,,3.0996094,1.59985352,1.09985352,139,,86,19,3100,,,no dnr,0,1,no(M2 and SIP pres)
2365,1123,40.78,male,white,18,$11-$25k,ARF/MOSF w/Sepsis,ARF/MOSF,2,0,58,5,115,10,38.89844,234,,1.59985352,1.09985352,132,7.459961,76,12,3055,,0,no dnr,0,0,no(M2 and SIP pres)
2366,6175,56.46799,male,,,,ARF/MOSF w/Sepsis,ARF/MOSF,3,9,69,9.79882812,138,32,38.19531,186.375,1.5998535,14.5996094,2.59960938,133,7.419922,,,,,,dnr after sadm,1,1,<2 mo. follow-up
2367,7229,37.18799,male,white,12,under $11k,ARF/MOSF w/Sepsis,ARF/MOSF,1,0,166,19.5,120,32,36.89844,264,3,0.5,2.29980469,142,7.539062,356,40,4598,,2,dnr after sadm,1,1,<2 mo. follow-up
2368,5482,47.10999,male,white,12,$25-$50k,ARF/MOSF w/Sepsis,ARF/MOSF,0,0,58,16.6992188,125,47,36.19531,82.84375,,,0.89990234,137,7.389648,150,13,694,,0,no dnr,0,0,no(M2 and SIP pres)
2369,8319,53.81198,male,white,12,$11-$25k,Lung Cancer,Cancer,2,0,113,9.09960938,56,20,36.19531,,3.699707,0.29998779,1,133,,,,,,0,no dnr,0,1,no(M2 and SIP pres)
2370,4763,56.646,male,black,11,$11-$25k,CHF,COPD/CHF/Cirrhosis,3,0,62,23.6992188,130,8,36.79688,252.5,,2.5,1.29980469,149,7.399414,212,51,3885,0,5,no dnr,0,1,adl>=4 (>=5 if sur)
2371,3989,59.29898,male,white,14,$25-$50k,Lung Cancer,Cancer,1,0,95,10.7988281,76,16,36.89844,,,0.5,0.79992676,138,,,,,,3,no dnr,0,1,adl>=4 (>=5 if sur)
2372,4642,81.26996,male,white,11,,ARF/MOSF w/Sepsis,ARF/MOSF,0,0,135,17.296875,105,12,36.69531,514.25,2.699707,0.5,2.29980469,140,7.259766,353,38,870,,0,no dnr,1,1,<2 mo. follow-up
2373,4764,75.94299,female,black,,under $11k,CHF,COPD/CHF/Cirrhosis,3,0,65,17,115,32,36.89844,372,29,1,5.59960938,145,7.329102,92,127,3205,2,1,no dnr,0,1,no(M2 and SIP pres)
2374,5907,31.30199,male,white,12,under $11k,ARF/MOSF w/Sepsis,ARF/MOSF,1,0,77,5,82,15,36.19531,167.34375,3.0996094,0.5,0.79992676,137,7.379883,,,,6,6,no dnr,0,0,adl>=4 (>=5 if sur)
2375,4672,60.28497,female,white,9,under $11k,Colon Cancer,Cancer,1,0,115,27.3984375,125,10,36.29688,182.5,2.3999023,0.69995117,0.39996338,137,7.439453,81,20,900,0,,no dnr,0,1,SIP>=30
2376,8821,64.99097,male,white,12,>$50k,Colon Cancer,Cancer,1,0,59,10.0996094,135,40,35.69531,,3.7998047,0.79992676,1.5,124,,171,40,3775,1,,no dnr,0,0,no(M2 and SIP pres)
2377,8487,75.87695,female,white,8,under $11k,ARF/MOSF w/Sepsis,ARF/MOSF,0,0,33,13.6992188,161,10,37.5,90.54688,1.5,1.39990234,2.89990234,138,7.369141,233,62,75,,1,no dnr,1,1,<2 mo. follow-up
2378,6524,64.33099,female,white,12,$25-$50k,Lung Cancer,Cancer,1,0,79,8.19921875,110,24,38,,2.699707,0.29998779,0.69995117,128,,,,,2,3,no dnr,0,1,<2 mo. follow-up
2379,3788,68.62994,male,white,14,$25-$50k,ARF/MOSF w/Sepsis,ARF/MOSF,0,9,68,29.5976562,144,40,40.59375,71,,0.39996338,1.59985352,136,7.40918,,,,,0,dnr after sadm,1,1,<2 mo. follow-up
2380,6539,84.55298,female,white,,under $11k,ARF/MOSF w/Sepsis,ARF/MOSF,3,26,112,15,114,24,36.19531,,2.0996094,,2.39990234,128,,,,,,1,dnr after sadm,1,1,<2 mo. follow-up
2381,8787,22.146,male,white,15,under $11k,ARF/MOSF w/Sepsis,ARF/MOSF,1,0,83,10.8984375,76,18,36.79688,,,0.39996338,1.09985352,140,,96,9,,0,0,no dnr,0,0,no(M2 and SIP pres)
2382,6437,77.659,male,white,10,under $11k,ARF/MOSF w/Sepsis,ARF/MOSF,2,0,100,18.296875,64,25,36.39844,252.5,1.7998047,21.0976562,3.89990234,146,7.389648,,,,6,2,dnr after sadm,1,1,<2 mo. follow-up
2383,8583,75.33698,female,white,12,under $11k,Lung Cancer,Cancer,1,0,63,7.59960938,120,16,38.29688,,3.5996094,0.69995117,1.09985352,140,,105,11,1335,,1,no dnr,0,1,
2384,527,49.59598,female,,,,ARF/MOSF w/Sepsis,ARF/MOSF,2,0,50,15.1992188,170,24,39.29688,65.32812,4.1992188,24.1992188,7.09960938,143,7.479492,,,,,,dnr after sadm,1,1,<2 mo. follow-up
2385,4623,55.96698,female,white,14,,ARF/MOSF w/Sepsis,ARF/MOSF,0,0,163,14.3984375,55,14,38.29688,245,3.7998047,,1.39990234,148,7.519531,192,16,3005,,0,no dnr,0,0,no(M2 and SIP pres)
2386,7159,53.85898,female,black,12,,Coma,Coma,0,0,116,19.1992188,62,18,35.59375,390.4375,4.3994141,0.69995117,0.79992676,133,7.259766,330,18,3400,,,no dnr,1,1,<2 mo. follow-up
2387,2685,67.31299,female,white,11,under $11k,COPD,COPD/CHF/Cirrhosis,3,9,67,8.09960938,60,15,36.09375,403.3125,,,1.29980469,139,7.359375,119,21,,,0,no dnr,0,1,no(M2 and SIP pres)
2388,6062,77.44598,female,white,10,under $11k,Colon Cancer,Cancer,2,0,96,7.09960938,96,20,37,,3.2998047,0.69995117,1.09985352,136,,,,,3,0,no dnr,0,1,SIP>=30
2389,7501,72.81897,male,white,6,under $11k,CHF,COPD/CHF/Cirrhosis,5,0,47,31.796875,158,28,36.59375,354.8125,3.2998047,3.19970703,3.89990234,136,7.349609,165,62,2534,0,,no dnr,0,1,no(M2 and SIP pres)
2390,6304,50.431,female,white,15,$11-$25k,CHF,COPD/CHF/Cirrhosis,3,0,74,17.296875,113,24,36.29688,144.875,3.7998047,0.89990234,1.89990234,142,7.419922,,,,0,0,no dnr,0,0,no(M2 and SIP pres)
2391,186,90.83899,female,white,12,,CHF,COPD/CHF/Cirrhosis,1,0,100,10.8984375,82,22,36.19531,210,,,1,145,7.519531,,,,,,dnr after sadm,0,1,
2392,4907,55.56198,female,white,12,$11-$25k,ARF/MOSF w/Sepsis,ARF/MOSF,1,0,73,8.8984375,115,24,35.59375,623.75,2,6.19921875,1,128,7.469727,91,6,750,,2,no dnr,0,0,SIP>=30
2393,3488,80.52594,female,black,,,CHF,COPD/CHF/Cirrhosis,3,0,79,7.89941406,76,25,36.29688,85,,0.5,1.89990234,135,7.319336,,,,,,no dnr,0,0,
2394,8913,54.91599,male,white,10,,COPD,COPD/CHF/Cirrhosis,2,0,77,9.59960938,128,32,38.19531,,2.5,0.39996338,0.89990234,137,,104,7,,0,0,no dnr,0,0,
2395,5585,59.53699,male,white,18,,Colon Cancer,Cancer,1,0,71,9.5,112,24,37.59375,,3.699707,0.5,0.79992676,142,,80,6,,,0,no dnr,0,0,no(M2 and SIP pres)
2396,1714,73.91895,female,white,7,under $11k,CHF,COPD/CHF/Cirrhosis,2,0,97,,76,24,37.69531,256.625,,,2.79980469,139,7.439453,,,,1,5,no dnr,0,1,<2 mo. follow-up
2397,1288,56.10999,male,white,,,ARF/MOSF w/Sepsis,ARF/MOSF,0,55,113,0.09999084,135,12,35.79688,265.25,1.7998047,7.5,1.29980469,131,7.299805,617,30,3580,,,dnr after sadm,1,1,<2 mo. follow-up
2398,7008,84.27899,female,white,7,under $11k,ARF/MOSF w/Sepsis,ARF/MOSF,0,41,101,6,66,22,36.39844,,3.5996094,0.89990234,2,141,,123,18,,,1,dnr after sadm,0,1,
2399,2595,86.75995,female,white,8,under $11k,ARF/MOSF w/Sepsis,ARF/MOSF,1,9,73,4.39941406,130,30,36.09375,,2,,1.09985352,145,,281,25,,,2,dnr after sadm,0,1,
2400,6587,65.45898,female,white,12,under $11k,COPD,COPD/CHF/Cirrhosis,1,0,79,8.19921875,107,28,36.5,292,3.699707,0.29998779,0.5,140,7.389648,,,,0,0,no dnr,0,1,no(M2 and SIP pres)
2401,7216,22.03099,male,white,12,$11-$25k,ARF/MOSF w/Sepsis,ARF/MOSF,0,0,103,5.29980469,110,20,36.19531,237.125,2.7998047,0.79992676,1.79980469,142,7.429688,74,34,1.899902,7,7,no dnr,0,0,no(M2 and SIP pres)
2402,9036,61.81799,female,white,13,$25-$50k,ARF/MOSF w/Sepsis,ARF/MOSF,2,0,113,17.5976562,114,28,36.09375,260,3.199707,0.29998779,0.69995117,136,7.399414,210,12,625,,1,dnr after sadm,0,1,SIP>=30
2403,4495,76.84094,female,white,12,under $11k,ARF/MOSF w/Sepsis,ARF/MOSF,1,0,0,15.6992188,0,8,35.39844,172.5,1,1.09985352,2.69970703,129,7.299805,393,40,0,,0,dnr after sadm,1,1,<2 mo. follow-up
2404,7074,63.13998,male,white,11,under $11k,COPD,COPD/CHF/Cirrhosis,4,0,69,14,75,22,37.79688,142.5,2,1.19995117,1.29980469,132,7.509766,511,32,5660,3,,no dnr,0,1,SIP>=30
2405,8982,71.49097,female,white,,,COPD,COPD/CHF/Cirrhosis,4,9,146,29.8984375,152,44,38.79688,250,3,4.39941406,1.79980469,150,7.289062,368,56,1400,,0,dnr after sadm,0,0,no(M2 and SIP pres)
2406,2483,65.487,male,white,14,,CHF,COPD/CHF/Cirrhosis,4,0,47,16,70,10,40.19531,382,3.699707,2.5,2.19970703,145,7.459961,219,60,1072,0,1,dnr after sadm,0,1,SIP>=30
2407,8751,69.56598,male,white,8,under $11k,ARF/MOSF w/Sepsis,ARF/MOSF,3,0,73,31.796875,122,44,36.69531,145,1.7998047,3,2.69970703,128,7.449219,95,73,1098,1,0,no dnr,0,1,no(M2 and SIP pres)
2408,5682,49.54398,female,black,11,,ARF/MOSF w/Sepsis,ARF/MOSF,2,9,75,8.29882812,68,20,37,,2,4.89941406,0.89990234,129,,112,12,,0,0,no dnr,0,0,SIP>=30
2409,3784,70.51599,female,white,8,$11-$25k,Lung Cancer,Cancer,1,0,97,8.29882812,68,16,35.29688,,,0.29998779,0.5,136,,,,,4,5,no dnr,0,1,
2410,6742,79.93994,male,white,12,,ARF/MOSF w/Sepsis,ARF/MOSF,5,0,55,14.3984375,60,34,38.79688,237.125,2,,1.09985352,130,7.379883,251,17,480,,7,dnr after sadm,1,1,<2 mo. follow-up
2411,8805,73.73297,female,white,,under $11k,ARF/MOSF w/Sepsis,ARF/MOSF,3,0,112,,69,24,35.79688,,,,1.59985352,138,,75,38,2600,6,2,no dnr,0,0,SIP>=30
2412,7375,24.241,female,white,14,under $11k,ARF/MOSF w/Sepsis,ARF/MOSF,0,0,71,15.2988281,141,14,36.89844,238,2.699707,1.29980469,1.59985352,140,7.519531,158,35,2860,,0,no dnr,0,0,no(M2 and SIP pres)
2413,1642,79.67694,female,white,14,under $11k,ARF/MOSF w/Sepsis,ARF/MOSF,1,0,73,12.2988281,77,22,36.29688,296.625,,0.29998779,2.39990234,137,7.449219,,,,6,5,dnr after sadm,1,1,<2 mo. follow-up
2414,1310,72.80194,male,white,16,>$50k,ARF/MOSF w/Sepsis,ARF/MOSF,1,0,57,6.09960938,155,25,37.39844,118.65625,,1.79980469,0.89990234,131,7.419922,,21,695,,,no dnr,0,0,
2415,5955,58.26099,male,black,12,$11-$25k,MOSF w/Malig,ARF/MOSF,2,0,77,13.5996094,100,24,36.19531,423.75,2.5,1.59985352,1.89990234,133,7.40918,,,,5,5,no dnr,0,1,no(M2 and SIP pres)
2416,1121,29.76299,female,white,13,under $11k,ARF/MOSF w/Sepsis,ARF/MOSF,4,0,112,12.6992188,115,35,38.09375,92.53125,3.7998047,,7.29980469,147,7.269531,212,70,730,,0,no dnr,0,1,adl>=4 (>=5 if sur)
2417,3583,70.23096,female,white,14,under $11k,ARF/MOSF w/Sepsis,ARF/MOSF,1,0,63,14.1992188,72,24,36.69531,211.40625,,,1.5,136,7.419922,,,,1,1,no dnr,0,1,<2 mo. follow-up
2418,8878,54.13797,male,white,12,$25-$50k,Coma,Coma,0,100,99,0.19998169,115,30,39.19531,,3,,1.79980469,146,,139,41,2800,,0,dnr after sadm,1,1,<2 mo. follow-up
2419,8481,64.862,female,white,12,,Lung Cancer,Cancer,1,0,111,6.59960938,75,16,35.79688,,,,2.29980469,139,,301,40,1420,,,no dnr,0,0,
2420,3693,53.63998,male,black,14,$25-$50k,Lung Cancer,Cancer,1,0,83,10.7988281,120,28,36.29688,280.9375,2.7998047,0.69995117,1,132,7.389648,,,,3,,dnr after sadm,1,1,<2 mo. follow-up
2421,5544,68.14496,male,white,10,under $11k,Lung Cancer,Cancer,2,9,58,7.09960938,105,32,36.39844,96.65625,,3.79980469,1.09985352,141,7.349609,106,34,1555,,0,no dnr,0,1,no(M2 and SIP pres)
2422,6477,61.87299,male,white,15,$11-$25k,Lung Cancer,Cancer,2,0,128,12.5,212,10,37,170,3.3999023,0.69995117,1.5,135,7.529297,,,,0,0,no dnr,0,1,no(M2 and SIP pres)
2423,982,51.98398,male,white,14,>$50k,Colon Cancer,Cancer,1,0,110,6.79980469,105,10,38.39844,,,0.5,1.19995117,140,,169,,740,0,0,no dnr,0,1,
2424,4583,70.43896,male,white,4,,ARF/MOSF w/Sepsis,ARF/MOSF,3,9,79,0.69995117,114,45,36.19531,316.625,,3.5,8.09960938,153,7.459961,186,144,3480,,,no dnr,0,1,no(M2 and SIP pres)
2425,8554,89.88397,male,white,8,under $11k,CHF,COPD/CHF/Cirrhosis,2,0,61,,96,20,36.39844,,,,,140,,,,2800,,1,dnr after sadm,0,1,no(M2 and SIP pres)
2426,7826,46.74298,male,white,15,$11-$25k,Cirrhosis,COPD/CHF/Cirrhosis,4,0,63,6.09960938,51,24,36.09375,361.875,3.5996094,3.19970703,0.59997559,135,7.419922,,,,0,0,no dnr,0,1,no(M2 and SIP pres)
2427,5355,71.16998,female,white,15,$25-$50k,MOSF w/Malig,ARF/MOSF,1,9,138,22.5,110,40,36.39844,242.84375,2.5,0.39996338,0.39996338,123,7.429688,147,13,1980,,0,dnr after sadm,0,1,no(M2 and SIP pres)
2428,4883,51.504,female,white,11,$25-$50k,Coma,Coma,1,9,108,78.1875,105,10,37.79688,167.34375,,1.19995117,0.89990234,149,7.349609,99,22,2170,,0,no dnr,0,0,no(M2 and SIP pres)
2429,1715,67.37598,male,white,14,>$50k,ARF/MOSF w/Sepsis,ARF/MOSF,1,0,75,11.5,150,8,38.59375,121.65625,,0.89990234,2,134,7.459961,,,,0,0,no dnr,0,0,no(M2 and SIP pres)
2430,560,87.48297,female,white,,,CHF,COPD/CHF/Cirrhosis,2,0,83,13.3984375,60,18,36.79688,,,,1,134,,,,,,,dnr after sadm,0,1,
2431,7740,72.23798,female,white,12,under $11k,COPD,COPD/CHF/Cirrhosis,3,0,63,11.5,103,12,39.89844,170,,,0.69995117,141,7.459961,93,13,1762,1,,no dnr,0,0,
2432,4937,66.612,male,other,17,$25-$50k,MOSF w/Malig,ARF/MOSF,2,0,38,15.5996094,75,20,36.79688,131.40625,2.0996094,3.89990234,4.69921875,144,7.419922,89,49,120,0,2,no dnr,0,1,adl>=4 (>=5 if sur)
2433,231,77.74695,male,other,,,Lung Cancer,Cancer,1,0,89,19.296875,80,18,36.89844,,,0.5,1.29980469,133,,,,,,0,no dnr,0,1,no(M2 and SIP pres)
2434,452,79.16498,female,white,,under $11k,CHF,COPD/CHF/Cirrhosis,2,0,139,6.19921875,76,24,36.39844,466.625,,,1,141,7.459961,,,,,,no dnr,0,0,
2435,4272,76.97998,male,white,,,ARF/MOSF w/Sepsis,ARF/MOSF,4,0,45,4.29980469,74,14,37.89844,92,1.5,0.39996338,2.59960938,148,7.199219,,,,,,dnr after sadm,1,1,<2 mo. follow-up
2436,7325,53.03998,male,black,8,$11-$25k,ARF/MOSF w/Sepsis,ARF/MOSF,2,41,52,3.39990234,121,8,37.5,204,1.7998047,0.5,0.69995117,143,7.40918,165,12,2700,,1,dnr after sadm,1,1,<2 mo. follow-up
2437,1059,63.37,male,hispanic,11,,ARF/MOSF w/Sepsis,ARF/MOSF,5,94,55,6.19921875,55,24,36,80,3.2998047,42,4.59960938,145,7.199219,347,56,105,,7,dnr after sadm,1,1,<2 mo. follow-up
2438,7632,81.27295,female,white,12,$11-$25k,ARF/MOSF w/Sepsis,ARF/MOSF,6,100,51,22,64,16,36.09375,295.1875,,1.19995117,1.29980469,134,7.539062,254,29,1300,,6,dnr after sadm,1,1,<2 mo. follow-up
2439,868,59.45499,female,white,16,>$50k,ARF/MOSF w/Sepsis,ARF/MOSF,3,0,73,4.79980469,115,30,38.59375,312.5,4.5996094,1.59985352,3.69970703,142,7.379883,,75,238,,2,no dnr,0,1,adl>=4 (>=5 if sur)
2440,2966,53.02899,male,black,12,$11-$25k,Lung Cancer,Cancer,2,0,49,10.6992188,60,10,39,220,2.0996094,0.69995117,4.69921875,160,7.349609,150,82,2000,0,,no dnr,0,1,<2 mo. follow-up
2441,3621,50.41498,male,white,13,$25-$50k,Lung Cancer,Cancer,1,0,77,6.5,120,24,36,,3.0996094,0.59997559,1,138,,,,,0,0,dnr after sadm,1,1,<2 mo. follow-up
2442,6562,65.073,male,white,11,under $11k,ARF/MOSF w/Sepsis,ARF/MOSF,3,41,103,11.5996094,70,34,37.79688,124.48438,2.199707,0.39996338,0.69995117,133,7.449219,,,,,4,no dnr,0,1,<2 mo. follow-up
2443,1724,71.16498,male,white,12,,ARF/MOSF w/Sepsis,ARF/MOSF,2,9,73,5.79980469,68,27,37.79688,266.625,2.5996094,,1.5,138,7.449219,,,,0,0,no dnr,0,0,no(M2 and SIP pres)
2444,2089,62.97897,male,black,,,COPD,COPD/CHF/Cirrhosis,1,0,125,14.6992188,119,24,36.29688,292,,,0.59997559,139,7.419922,,,,0,,no dnr,0,0,no(M2 and SIP pres)
2445,3627,21.13599,male,white,12,,ARF/MOSF w/Sepsis,ARF/MOSF,1,0,135,2.89990234,62,32,37.79688,384,,2.59960938,0.59997559,136,7.479492,,,,0,0,no dnr,0,0,no(M2 and SIP pres)
2446,5631,36.06799,male,black,7,under $11k,ARF/MOSF w/Sepsis,ARF/MOSF,3,0,52,36.8984375,145,10,39.09375,167.5,,,1.5,139,7.399414,145,17,1650,2,1,no dnr,0,1,SIP>=30
2447,8996,70.09198,female,white,9,under $11k,ARF/MOSF w/Sepsis,ARF/MOSF,5,0,65,58.296875,70,24,36.19531,,3.2998047,2.19970703,2.19970703,128,,103,57,370,6,3,dnr before sadm,0,1,SIP>=30
2448,8385,75.30194,male,white,8,$11-$25k,Colon Cancer,Cancer,2,0,73,5.39941406,96,24,38.09375,,,,1.29980469,132,,,,,,0,no dnr,0,1,no(M2 and SIP pres)
2449,2128,83.11597,male,white,,,ARF/MOSF w/Sepsis,ARF/MOSF,3,0,53,14.5,63,24,36.09375,103.32812,3.199707,0.79992676,1.09985352,145,7.479492,,,,,4,dnr after sadm,0,1,adl>=4 (>=5 if sur)
2450,2892,84.09296,male,white,21,$25-$50k,ARF/MOSF w/Sepsis,ARF/MOSF,3,0,66,4.5,62,16,36.59375,356,3.199707,5,0.59997559,141,7.369141,130,8,4530,5,6,dnr after sadm,0,0,SIP>=30
2451,8263,69.40198,female,white,12,under $11k,ARF/MOSF w/Sepsis,ARF/MOSF,3,0,71,24,96,24,37.69531,118.35938,,,4.39941406,137,7.379883,,,,,1,no dnr,0,1,no(M2 and SIP pres)
2452,6845,56.71698,male,white,,,Coma,Coma,1,100,96,1.19995117,69,20,36.29688,,3.2998047,0.29998779,0.89990234,142,,170,10,2750,,,dnr after sadm,0,1,
2453,3931,48.42999,male,white,10,$11-$25k,Cirrhosis,COPD/CHF/Cirrhosis,1,61,75,12.8984375,138,10,34.79688,98.32812,2.199707,2.39990234,1.89990234,138,7.449219,,,,,0,dnr after sadm,1,1,<2 mo. follow-up
2454,6822,42.31598,male,white,0,under $11k,ARF/MOSF w/Sepsis,ARF/MOSF,0,26,119,10.2988281,114,32,36.19531,232.625,4.0996094,0.19998169,1.09985352,138,7.419922,182,19,2020,,0,no dnr,0,0,adl>=4 (>=5 if sur)
2455,5838,64.70099,female,white,,,ARF/MOSF w/Sepsis,ARF/MOSF,1,0,72,2.69970703,128,28,36,199.625,3,1,3.19970703,131,7.429688,,,,,,no dnr,0,1,
2456,1944,89.28094,male,white,8,,MOSF w/Malig,ARF/MOSF,4,0,50,45,116,28,36.09375,199.96875,3,,5.79980469,140,7.299805,,,,,1,dnr after sadm,0,1,no(M2 and SIP pres)
2457,4320,52.26599,male,asian,20,>$50k,Colon Cancer,Cancer,1,0,77,10.3984375,60,20,35.59375,,,,1.69995117,135,,125,33,1150,,0,no dnr,0,0,no(M2 and SIP pres)
2458,7070,56.95798,male,black,,under $11k,ARF/MOSF w/Sepsis,ARF/MOSF,3,9,106,15.1992188,121,32,37.79688,325,2.699707,1.29980469,1.79980469,161,7.329102,98,24,3150,,1,no dnr,0,1,no(M2 and SIP pres)
2459,1098,54.81198,male,black,12,$25-$50k,ARF/MOSF w/Sepsis,ARF/MOSF,1,0,111,24.5,60,10,36.69531,520,2.0996094,0.19998169,0.79992676,133,7.299805,194,34,3080,,0,no dnr,0,0,no(M2 and SIP pres)
2460,5381,69.65094,female,white,12,under $11k,ARF/MOSF w/Sepsis,ARF/MOSF,4,44,55,10.2988281,160,10,38,217.125,2.5996094,3.69970703,6.79980469,135,7.349609,66,60,25,,7,no dnr,0,1,adl>=4 (>=5 if sur)
2461,7104,44.112,male,white,9,under $11k,Cirrhosis,COPD/CHF/Cirrhosis,2,0,63,6.5,61,24,36.19531,309.5,1.8999023,0.69995117,1.19995117,142,7.539062,113,39,,0,0,no dnr,0,1,no(M2 and SIP pres)
2462,1661,89.36597,male,white,,,CHF,COPD/CHF/Cirrhosis,2,0,73,4.89941406,74,28,36.09375,276,,,1.29980469,144,7.419922,,,,6,,dnr after sadm,0,1,adl>=4 (>=5 if sur)
2463,8650,58.48898,male,white,,,ARF/MOSF w/Sepsis,ARF/MOSF,1,44,123,19.3984375,110,28,36.19531,261.875,4.3994141,0.69995117,0.89990234,137,7.40918,208,17,2950,,0,no dnr,0,0,no(M2 and SIP pres)
2464,112,58.116,female,white,12,under $11k,ARF/MOSF w/Sepsis,ARF/MOSF,2,0,66,18.8984375,130,30,37.69531,81.32812,2.2998047,10.5,0.79992676,143,7.459961,,,,,,dnr after sadm,1,1,<2 mo. follow-up
2465,382,76.49597,male,white,,,Lung Cancer,Cancer,1,26,110,13.8984375,72,26,36.19531,209.0625,,0.39996338,2,146,7.40918,,,,,,dnr after sadm,1,1,<2 mo. follow-up
2466,5825,42.71597,male,white,6,under $11k,CHF,COPD/CHF/Cirrhosis,2,0,97,11.3984375,115,22,36,457.125,3.5996094,0.79992676,1.19995117,131,7.40918,,,,5,5,no dnr,0,1,adl>=4 (>=5 if sur)
2467,927,76.21399,female,white,14,under $11k,COPD,COPD/CHF/Cirrhosis,2,0,107,11.1992188,110,12,36.39844,65,,0.19998169,1.19995117,143,7.299805,132,25,1600,2,3,no dnr,0,0,no(M2 and SIP pres)
2468,3092,77.32794,male,white,16,$25-$50k,MOSF w/Malig,ARF/MOSF,2,0,75,19.6992188,108,32,35,240,1.7998047,2.39990234,4.39941406,131,7.30957,214,67,285,,0,dnr after sadm,1,1,<2 mo. follow-up
2469,5933,69.09497,male,white,12,under $11k,ARF/MOSF w/Sepsis,ARF/MOSF,4,0,79,9.79882812,107,24,36,128.75,,,1.09985352,126,7.329102,,,,1,,dnr after sadm,0,1,no(M2 and SIP pres)
2470,1888,55.64099,male,white,14,,Lung Cancer,Cancer,1,0,103,7,88,16,37.79688,,,0.39996338,1.19995117,133,,,,,,0,no dnr,0,1,<2 mo. follow-up
2471,4414,65.74097,male,white,12,,ARF/MOSF w/Sepsis,ARF/MOSF,0,0,73,8.3984375,66,28,36,,,0.79992676,3.59960938,136,,196,92,1030,,0,no dnr,0,0,no(M2 and SIP pres)
2472,7979,43.12097,male,white,12,,ARF/MOSF w/Sepsis,ARF/MOSF,3,0,148,6,160,42,39,340,2.5996094,0.39996338,0.89990234,144,7.40918,,,,,1,no dnr,1,1,<2 mo. follow-up
2473,8219,53.39398,female,white,12,,Lung Cancer,Cancer,1,0,93,5.89941406,98,20,36.39844,,4.3994141,0.29998779,0.69995117,133,,,,,,,no dnr,0,1,no(M2 and SIP pres)
2474,52,51.30499,male,black,12,under $11k,CHF,COPD/CHF/Cirrhosis,1,0,71,,104,18,36.5,,,,2.39990234,128,,,,,1,0,no dnr,0,1,no(M2 and SIP pres)
2475,470,50.754,male,white,,,ARF/MOSF w/Sepsis,ARF/MOSF,1,100,42,10.6992188,118,12,38.89844,270,3.5996094,13.6992188,1.69995117,131,7.509766,,,,,,dnr after sadm,1,1,<2 mo. follow-up
2476,2495,83.00598,female,white,,,Coma,Coma,1,37,67,26.296875,72,23,39.09375,123.32812,2.199707,,2.89990234,135,7.359375,147,63,2535,,,dnr after sadm,0,1,<2 mo. follow-up
2477,2266,43.62997,female,white,20,>$50k,ARF/MOSF w/Sepsis,ARF/MOSF,0,0,53,11.1992188,110,26,38.89844,557.125,2.0996094,0.69995117,0.79992676,132,7.399414,,,,7,,no dnr,0,0,SIP>=30
2478,4310,56.00299,male,white,12,$25-$50k,COPD,COPD/CHF/Cirrhosis,1,0,57,9.5,106,4,38.09375,240,3,,1.29980469,143,7.449219,148,36,1400,2,0,dnr after sadm,0,1,<2 mo. follow-up
2479,3059,87.63599,female,white,10,under $11k,ARF/MOSF w/Sepsis,ARF/MOSF,1,0,117,13.2988281,80,25,37.79688,,2.0996094,0.39996338,4.29980469,145,,118,116,2050,2,1,no dnr,0,1,adl>=4 (>=5 if sur)
2480,1551,81.57397,male,white,16,$25-$50k,CHF,COPD/CHF/Cirrhosis,2,0,62,6.5,115,27,38.5,192,,,1.09985352,131,7.369141,502,20,4590,2,,no dnr,0,1,adl>=4 (>=5 if sur)
2481,7677,69.06195,male,white,12,$11-$25k,CHF,COPD/CHF/Cirrhosis,4,0,114,13.5996094,127,47,38.59375,263.3125,1.5998535,3.5,0.89990234,137,7.479492,201,30,2010,0,0,no dnr,0,0,no(M2 and SIP pres)
2482,949,60.96899,male,white,10,$11-$25k,ARF/MOSF w/Sepsis,ARF/MOSF,3,9,47,14.6992188,105,30,37.69531,158.3125,,1,1.29980469,141,7.539062,97,27,4730,,5,no dnr,0,0,no(M2 and SIP pres)
2483,866,62.5,female,white,9,under $11k,Lung Cancer,Cancer,1,0,113,6.5,80,20,36,,3.7998047,,0.89990234,138,,194,9,5700,5,,no dnr,0,1,no(M2 and SIP pres)
2484,2695,76.19696,male,white,8,,ARF/MOSF w/Sepsis,ARF/MOSF,3,0,127,15.2988281,49,29,36.09375,286.625,3.5996094,1.39990234,0.79992676,137,7.40918,136,15,2210,5,,no dnr,0,1,adl>=4 (>=5 if sur)
2485,607,69.94098,male,white,18,>$50k,CHF,COPD/CHF/Cirrhosis,3,0,60,8,130,24,35.59375,323.75,,,1.19995117,138,7.539062,,,,0,0,no dnr,0,1,no(M2 and SIP pres)
2486,8357,79.07697,male,white,11,under $11k,COPD,COPD/CHF/Cirrhosis,3,0,121,5.69921875,215,28,36.19531,219.03125,,,1.19995117,143,7.349609,,,,,,no dnr,0,1,no(M2 and SIP pres)
2487,6134,46.60098,male,white,12,under $11k,Cirrhosis,COPD/CHF/Cirrhosis,2,0,83,8.69921875,120,24,39.79688,314.25,2.3999023,23.1992188,1,129,7.489258,,,,0,2,no dnr,0,1,SIP>=30
2488,1257,56.42697,female,white,12,$25-$50k,ARF/MOSF w/Sepsis,ARF/MOSF,3,0,128,23.1992188,160,28,38.89844,88.5625,,1,1.19995117,145,7.40918,292,80,3495,,0,dnr after sadm,1,1,
2489,7315,21.254,male,white,,under $11k,ARF/MOSF w/Sepsis,ARF/MOSF,2,44,10,10.1992188,45,10,35.69531,440,2.699707,2.29980469,1.5,132,7.429688,141,26,5528,,0,no dnr,0,0,no(M2 and SIP pres)
2490,1583,30.741,female,black,12,under $11k,ARF/MOSF w/Sepsis,ARF/MOSF,1,89,68,12.6992188,95,29,36.79688,250,,,1,137,7.5,147,22,2028,,0,no dnr,0,0,no(M2 and SIP pres)
2491,1927,53.99597,male,black,9,under $11k,ARF/MOSF w/Sepsis,ARF/MOSF,1,0,64,11.6992188,110,25,38.09375,179.5625,,,0.79992676,136,7.449219,,,,,,no dnr,0,0,
2492,8507,58.65598,male,white,10,,COPD,COPD/CHF/Cirrhosis,1,0,108,32.6953125,122,28,36.19531,209.5,3,0.59997559,0.79992676,140,7.40918,210,25,2000,,0,no dnr,0,0,no(M2 and SIP pres)
2493,7958,77.46698,female,white,8,under $11k,ARF/MOSF w/Sepsis,ARF/MOSF,1,0,67,11.5996094,104,32,38.09375,285.6875,4.0996094,0.89990234,1,139,7.319336,,,,2,4,dnr after sadm,0,1,no(M2 and SIP pres)
2494,8803,78.22296,male,white,,,Coma,Coma,2,44,118,13.7988281,69,40,37.89844,82.84375,,0.69995117,0.79992676,140,7.379883,262,37,,,,dnr after sadm,1,1,<2 mo. follow-up
2495,3558,73.57697,male,white,24,>$50k,Colon Cancer,Cancer,1,0,97,13.1992188,66,12,36.69531,436,,0.69995117,0.79992676,133,7.399414,,,,,,no dnr,0,0,
2496,2377,63.978,female,white,12,$11-$25k,ARF/MOSF w/Sepsis,ARF/MOSF,1,0,77,16.5,80,4,36.39844,268,,,0.69995117,139,7.389648,,,,2,1,no dnr,0,1,no(M2 and SIP pres)
2497,5167,55.17899,male,black,12,,ARF/MOSF w/Sepsis,ARF/MOSF,2,26,35,13.3984375,145,34,39,237.125,,,1.69995117,146,7.389648,114,39,845,,0,no dnr,0,0,
2498,2920,59.65198,male,white,10,$11-$25k,ARF/MOSF w/Sepsis,ARF/MOSF,4,0,123,9.09960938,80,20,37.59375,433.3125,3.2998047,0.89990234,5.19921875,122,7.289062,943,64,,,,no dnr,0,0,no(M2 and SIP pres)
2499,7961,70.14099,male,white,,,COPD,COPD/CHF/Cirrhosis,2,100,41,4.59960938,122,44,39.69531,309.0625,,0.69995117,14,130,7.05957,,,,,,dnr after sadm,1,1,<2 mo. follow-up
2500,4480,60.08197,female,white,,,Coma,Coma,2,44,109,11.3984375,130,42,38.19531,328.5625,2.3999023,0.5,1.19995117,146,7.40918,101,11,5445,,,dnr after sadm,1,1,<2 mo. follow-up
2501,7413,45.37198,male,white,12,under $11k,COPD,COPD/CHF/Cirrhosis,6,0,115,11.1992188,98,28,35.79688,214.28125,3.199707,0.5,1.19995117,141,7.30957,90,10,,,1,no dnr,0,1,no(M2 and SIP pres)
2502,7024,69.05396,female,white,12,$11-$25k,CHF,COPD/CHF/Cirrhosis,5,0,67,9.59960938,91,34,38.39844,428.5625,2,0.59997559,1.09985352,133,7.399414,112,13,6370,,3,dnr after sadm,1,1,<2 mo. follow-up
2503,586,54.84998,female,black,16,$11-$25k,Lung Cancer,Cancer,1,26,100,7.89941406,80,18,36,,,,0.79992676,136,,,,,3,1,dnr after sadm,0,1,SIP>=30
2504,7658,72.01398,male,white,12,$11-$25k,Cirrhosis,COPD/CHF/Cirrhosis,4,0,70,9.19921875,64,28,37.59375,485.6875,2.5,2.29980469,0.59997559,135,7.419922,170,9,3075,,3,dnr after sadm,0,1,<2 mo. follow-up
2505,3787,72.73895,male,white,11,$25-$50k,ARF/MOSF w/Sepsis,ARF/MOSF,2,9,72,12.0996094,64,30,36.79688,196.65625,3,,1.39990234,136,7.479492,,,,1,0,no dnr,0,0,no(M2 and SIP pres)
2506,5414,80.39996,male,white,,,COPD,COPD/CHF/Cirrhosis,2,0,43,45.8984375,135,22,38.69531,125.45312,,5.19921875,11.2988281,136,7.339844,142,111,15,,0,no dnr,0,1,<2 mo. follow-up
2507,4007,65.42395,female,white,14,$11-$25k,Cirrhosis,COPD/CHF/Cirrhosis,1,0,77,3.59960938,80,20,37,,2.8999023,3.5,0.69995117,124,,,,,1,0,no dnr,0,0,no(M2 and SIP pres)
2508,1308,52.02698,male,white,14,>$50k,ARF/MOSF w/Sepsis,ARF/MOSF,4,26,112,14.3984375,140,34,39.19531,182.5,,,1.29980469,135,7.529297,279,36,1770,,0,no dnr,0,1,no(M2 and SIP pres)
2509,3904,58.89697,female,white,12,$25-$50k,ARF/MOSF w/Sepsis,ARF/MOSF,0,0,72,11.1992188,74,8,39,266.625,,,0.5,135,7.459961,,,,,0,no dnr,0,0,adl>=4 (>=5 if sur)
2510,1125,45.80197,female,hispanic,16,>$50k,ARF/MOSF w/Sepsis,ARF/MOSF,0,0,57,22.5,65,25,39.19531,97.14062,3.3999023,0.59997559,1.09985352,128,7.449219,106,11,4770,,,no dnr,0,0,no(M2 and SIP pres)
2511,7249,76.422,male,black,11,under $11k,COPD,COPD/CHF/Cirrhosis,1,9,57,16,127,10,36.19531,152,1.5998535,3.29980469,1.59985352,135,7.419922,287,19,1185,,1,no dnr,0,1,no(M2 and SIP pres)
2512,6054,59.61099,female,white,10,under $11k,CHF,COPD/CHF/Cirrhosis,4,0,106,9.5,110,22,36,372,3.699707,1.19995117,0.79992676,134,7.379883,,,,6,4,no dnr,0,1,SIP>=30
2513,1658,74.33795,male,white,12,under $11k,COPD,COPD/CHF/Cirrhosis,2,0,81,9.5,84,32,37.29688,195.21875,,,1,142,7.319336,,,,,,dnr after sadm,0,1,adl>=4 (>=5 if sur)
2514,157,66.76794,female,white,12,,Colon Cancer,Cancer,1,0,79,3.29980469,87,19,36.5,,,0.5,1.29980469,139,,,,,0,,no dnr,0,1,no(M2 and SIP pres)
2515,5927,57.46997,female,white,,,CHF,COPD/CHF/Cirrhosis,4,0,66,11.0996094,70,24,35,191.8125,3.0996094,1.89990234,0.89990234,130,7.459961,,,,,2,dnr after sadm,0,1,adl>=4 (>=5 if sur)
2516,1124,92.64294,male,white,18,,ARF/MOSF w/Sepsis,ARF/MOSF,1,0,33,27,165,15,36,98.32812,3.3999023,1.09985352,1.09985352,139,7.469727,,20,45,,0,dnr after sadm,1,1,<2 mo. follow-up
2517,6751,63.51297,male,white,11,under $11k,ARF/MOSF w/Sepsis,ARF/MOSF,3,0,115,11,65,48,38.5,170,,0.5,0.79992676,131,7.40918,144,16,6820,,0,dnr after sadm,1,1,<2 mo. follow-up
2518,2600,76.08795,male,black,11,,ARF/MOSF w/Sepsis,ARF/MOSF,1,0,47,5.79980469,60,42,36.09375,80,2.8999023,0.39996338,0.29998779,141,7.399414,102,3,3195,,0,dnr after sadm,0,1,<2 mo. follow-up
2519,1142,48.05698,female,black,,,ARF/MOSF w/Sepsis,ARF/MOSF,1,26,130,13.6992188,95,28,38.19531,323.75,,0.5,3.5,137,7.449219,151,47,2140,,,no dnr,0,1,
2520,3003,77.82599,female,white,,under $11k,Coma,Coma,0,9,121,26.0976562,156,40,40.19531,,3.2998047,0.39996338,0.79992676,132,,130,10,4750,,6,dnr after sadm,0,0,adl>=4 (>=5 if sur)
2521,7742,79.76697,female,white,,under $11k,CHF,COPD/CHF/Cirrhosis,2,0,126,14.6992188,65,10,39.09375,317.6875,2.3999023,0.69995117,0.79992676,142,7.379883,120,9,2653,0,0,no dnr,0,0,no(M2 and SIP pres)
2522,7974,61.24298,male,white,13,$11-$25k,MOSF w/Malig,ARF/MOSF,1,9,113,10.7988281,46,24,35.69531,,3.199707,0.39996338,2.5,132,,,,,,1,no dnr,0,0,no(M2 and SIP pres)
2523,3384,70.69397,male,white,11,under $11k,ARF/MOSF w/Sepsis,ARF/MOSF,1,9,74,12,90,19,35.5,316,2.5996094,5.79980469,0.89990234,133,7.349609,,,,1,0,no dnr,0,1,no(M2 and SIP pres)
2524,8466,67.05298,male,white,12,$11-$25k,MOSF w/Malig,ARF/MOSF,2,0,129,14.2988281,128,24,36.39844,430.6875,2.2998047,1.19995117,0.79992676,129,7.519531,96,24,1310,2,0,no dnr,0,1,<2 mo. follow-up
2525,2553,89.5,female,white,12,under $11k,ARF/MOSF w/Sepsis,ARF/MOSF,1,0,71,5.29980469,110,21,37.5,,3.3999023,3.79980469,1,138,,92,20,1850,2,2,no dnr,0,0,no(M2 and SIP pres)
2526,3503,53.25098,male,white,,$11-$25k,ARF/MOSF w/Sepsis,ARF/MOSF,2,26,87,10.8984375,92,8,37.19531,116.35938,,,1.5,145,7.419922,,,,,2,dnr after sadm,1,1,<2 mo. follow-up
2527,2776,58.34598,male,white,16,>$50k,Colon Cancer,Cancer,2,0,82,27.3984375,70,24,36.09375,197.125,2.699707,0.5,1.09985352,138,7.369141,86,22,1600,1,0,no dnr,0,1,no(M2 and SIP pres)
2528,5681,80.51495,male,white,8,under $11k,ARF/MOSF w/Sepsis,ARF/MOSF,2,9,125,6.89941406,170,8,40.29688,438.0625,,,0.59997559,134,7.479492,377,8,2820,,0,dnr after sadm,1,1,<2 mo. follow-up
2529,5577,51.01199,female,asian,16,,ARF/MOSF w/Sepsis,ARF/MOSF,0,55,122,18,105,24,36.5,213.3125,2.0996094,1.29980469,1.5,140,7.469727,145,45,2900,,0,no dnr,0,1,
2530,1537,40.82098,male,white,12,under $11k,ARF/MOSF w/Sepsis,ARF/MOSF,2,26,62,5.79980469,105,16,36,,,,1.79980469,133,,202,71,2120,,0,no dnr,0,0,no(M2 and SIP pres)
2531,786,78.00995,male,white,,,ARF/MOSF w/Sepsis,ARF/MOSF,1,26,70,7.79980469,110,34,38.69531,267.5,,,0.89990234,130,7.459961,,,,,,no dnr,0,1,
2532,109,80.172,male,white,8,$11-$25k,CHF,COPD/CHF/Cirrhosis,2,0,83,15.8984375,85,20,36,462.5,,0.29998779,1.29980469,136,7.349609,,,,0,,no dnr,0,1,no(M2 and SIP pres)
2533,8042,56.87299,female,white,13,$11-$25k,Lung Cancer,Cancer,1,0,120,,70,16,37.39844,,,,0.89990234,136,,,,,0,1,no dnr,0,1,no(M2 and SIP pres)
2534,2241,72.90594,male,white,13,under $11k,CHF,COPD/CHF/Cirrhosis,1,0,129,12,100,12,36.19531,270,,,2.19970703,139,7.429688,,,,0,2,no dnr,0,1,no(M2 and SIP pres)
2535,6206,81.44598,female,white,10,,ARF/MOSF w/Sepsis,ARF/MOSF,1,44,73,29.8984375,136,54,38.59375,186.25,2.2998047,2.79980469,0.69995117,127,7.40918,,,,,6,dnr after sadm,1,1,<2 mo. follow-up
2536,3528,39.34598,female,black,12,under $11k,ARF/MOSF w/Sepsis,ARF/MOSF,1,0,114,20,118,40,37,442.8125,,2.29980469,1.19995117,146,7.429688,,,,,0,no dnr,0,0,no(M2 and SIP pres)
2537,4096,36.64899,female,white,14,$11-$25k,Lung Cancer,Cancer,1,0,70,8,104,20,36.79688,,,0.09999084,0.69995117,136,,,,,,,no dnr,0,1,no(M2 and SIP pres)
2538,2757,81.021,male,white,,,ARF/MOSF w/Sepsis,ARF/MOSF,4,0,33,19.3984375,68,44,40,347,,,2.19970703,136,7.419922,547,39,64,,0,no dnr,1,1,<2 mo. follow-up
2539,8516,68.862,male,white,12,$25-$50k,MOSF w/Malig,ARF/MOSF,3,37,59,23.3984375,120,28,35.59375,67.76562,2,1.09985352,1.19995117,148,7.25,237,37,2900,,1,dnr after sadm,0,1,no(M2 and SIP pres)
2540,5403,73.79297,female,white,12,,Lung Cancer,Cancer,1,0,77,7.89941406,95,26,38.39844,78,3.3999023,0.69995117,1.09985352,138,7.069336,130,28,1175,7,3,dnr after sadm,0,1,<2 mo. follow-up
2541,1348,58.69998,female,white,16,,ARF/MOSF w/Sepsis,ARF/MOSF,1,44,68,23.0976562,125,12,37.79688,395,,,0.69995117,136,7.40918,215,10,1950,,1,dnr after sadm,1,1,<2 mo. follow-up
2542,12,59.20099,male,white,14,,Lung Cancer,Cancer,0,0,77,10.7988281,90,22,36.39844,,,,1.09985352,136,,,,,1,1,dnr after sadm,1,1,<2 mo. follow-up
2543,1070,24.21899,male,black,13,,MOSF w/Malig,ARF/MOSF,1,55,5,5.09960938,0,35,36.09375,420,,,4.89941406,138,7.069336,,47,88,,0,dnr after sadm,1,1,<2 mo. follow-up
2544,8483,80.70599,male,white,8,$11-$25k,ARF/MOSF w/Sepsis,ARF/MOSF,2,0,63,24.796875,56,36,35.5,,2.699707,1.09985352,2,132,,181,90,6176,0,,no dnr,0,0,
2545,8785,73.04895,female,white,12,under $11k,COPD,COPD/CHF/Cirrhosis,3,9,103,9.69921875,74,22,36.79688,247.59375,2.699707,0.29998779,0.79992676,143,7.279297,158,8,,0,1,no dnr,0,0,no(M2 and SIP pres)
2546,590,38.80399,female,white,14,$25-$50k,CHF,COPD/CHF/Cirrhosis,3,0,60,6.89941406,120,16,36.09375,,3.3999023,0.29998779,2.19970703,137,,,,,0,,no dnr,0,0,no(M2 and SIP pres)
2547,8859,73.28998,female,white,8,under $11k,ARF/MOSF w/Sepsis,ARF/MOSF,3,9,68,8.29882812,120,20,36.39844,,4.2998047,0.39996338,1.5,138,,233,42,2025,,0,dnr after sadm,0,0,adl>=4 (>=5 if sur)
2548,7051,86.36298,female,white,12,under $11k,COPD,COPD/CHF/Cirrhosis,3,0,84,8.19921875,79,32,39.09375,,2.5,0.89990234,0.89990234,127,,113,13,1550,1,4,dnr before sadm,0,0,no(M2 and SIP pres)
2549,8148,78.02295,female,white,8,under $11k,COPD,COPD/CHF/Cirrhosis,3,0,109,6.19921875,76,28,36.79688,204.75,3,0.19998169,0.59997559,140,7.369141,,,,2,4,no dnr,0,0,no(M2 and SIP pres)
2550,1656,73.91095,male,white,,under $11k,ARF/MOSF w/Sepsis,ARF/MOSF,1,0,77,9.69921875,80,30,38.39844,166,,,1.09985352,133,7.349609,,,,,,dnr after sadm,1,1,<2 mo. follow-up
2551,4746,69.008,male,white,11,$25-$50k,ARF/MOSF w/Sepsis,ARF/MOSF,1,100,62,18.0976562,135,41,38.89844,226.65625,,0.5,1,132,7.569336,184,17,6840,,0,dnr after sadm,1,1,<2 mo. follow-up
2552,823,52.38599,male,white,14,,MOSF w/Malig,ARF/MOSF,1,0,65,1,100,26,39.19531,122.4375,,3.69970703,0.79992676,133,7.5,,,,,,no dnr,0,0,no(M2 and SIP pres)
2553,7011,75.30695,female,white,13,under $11k,ARF/MOSF w/Sepsis,ARF/MOSF,3,0,132,14.6992188,119,24,36.19531,233.3125,,,1,133,7.439453,159,19,2770,1,2,no dnr,0,0,adl>=4 (>=5 if sur)
2554,6895,57.383,female,white,9,,ARF/MOSF w/Sepsis,ARF/MOSF,1,41,63,,60,24,36,292.5625,3.7998047,0.79992676,1.29980469,142,7.429688,103,29,,,4,dnr after sadm,1,1,<2 mo. follow-up
2555,8579,71.83795,male,white,8,,COPD,COPD/CHF/Cirrhosis,3,0,66,4.19921875,62,16,36.09375,368,2.8999023,0.89990234,1.19995117,140,7.40918,106,12,570,,1,dnr after sadm,0,1,
2556,1891,27.228,male,white,,,ARF/MOSF w/Sepsis,ARF/MOSF,2,0,106,13.8984375,135,22,37.89844,236.65625,,,1.09985352,145,7.439453,,,,,,no dnr,0,0,
2557,7922,80.76398,male,white,8,$11-$25k,COPD,COPD/CHF/Cirrhosis,1,0,66,8.29882812,118,24,36.09375,270.3125,4,0.89990234,1,137,7.439453,,,,0,,dnr after sadm,0,0,
2558,7895,87.25,female,white,,,Coma,Coma,1,61,93,7.79980469,96,24,37.5,276.1875,4,0.59997559,1.29980469,136,7.449219,,,,,,dnr after sadm,0,1,<2 mo. follow-up
2559,1987,83.51294,male,white,12,$11-$25k,CHF,COPD/CHF/Cirrhosis,4,0,93,8.29882812,70,25,36.09375,396,3.699707,0.89990234,2.09960938,142,7.299805,,,,,5,dnr after sadm,0,1,adl>=4 (>=5 if sur)
2560,230,69.19598,male,asian,14,$11-$25k,CHF,COPD/CHF/Cirrhosis,2,0,47,13.7988281,70,20,36.79688,565,3.699707,0.69995117,2.39990234,126,7.5,,,,0,0,no dnr,0,1,no(M2 and SIP pres)
2561,4111,43.93198,male,white,10,,Lung Cancer,Cancer,1,0,110,2.5,104,32,37.5,,3.8999023,0.09999084,0.69995117,142,,,,,5,5,no dnr,0,1,SIP>=30
2562,3645,68.40198,female,white,12,under $11k,CHF,COPD/CHF/Cirrhosis,0,0,93,6.59960938,80,20,36.39844,,,0.59997559,1.09985352,134,,,,,0,0,no dnr,0,0,
2563,5565,78.44495,female,white,11,under $11k,ARF/MOSF w/Sepsis,ARF/MOSF,2,0,65,6.59960938,65,42,38.69531,280,,0.89990234,3.39990234,136,7.40918,206,134,2020,,1,dnr after sadm,1,1,<2 mo. follow-up
2564,5027,47.93198,female,black,13,,ARF/MOSF w/Sepsis,ARF/MOSF,1,0,75,17.8984375,115,10,36.09375,148.875,2.199707,,0.69995117,136,7.509766,157,36,3065,0,,no dnr,0,0,
2565,2531,80.77197,female,white,12,under $11k,COPD,COPD/CHF/Cirrhosis,3,0,55,4.69921875,55,38,35.19531,280,3.3999023,0.79992676,0.89990234,139,7.539062,196,10,2050,1,0,no dnr,0,1,SIP>=30
2566,8853,75.22198,male,white,7,,ARF/MOSF w/Sepsis,ARF/MOSF,1,0,121,8.29882812,70,16,36.09375,309.5,4.1992188,0.39996338,1.39990234,140,7.449219,194,22,3400,,0,no dnr,0,0,no(M2 and SIP pres)
2567,5142,71.92096,female,white,12,under $11k,ARF/MOSF w/Sepsis,ARF/MOSF,0,9,52,24,115,18,37.89844,98.32812,2,,0.79992676,133,7.399414,129,34,1290,,0,no dnr,0,0,no(M2 and SIP pres)
2568,1553,79.65796,male,black,11,under $11k,Lung Cancer,Cancer,1,0,38,1,145,40,39.19531,78.75,,10,2.69970703,130,7.5,117,81,1315,6,5,dnr after sadm,0,1,adl>=4 (>=5 if sur)
2569,781,56.65399,female,black,12,$25-$50k,Colon Cancer,Cancer,1,0,80,6.79980469,116,24,38.39844,,3.5996094,4.69921875,0.89990234,136,,,,,,,no dnr,0,0,no(M2 and SIP pres)
2570,6463,65.75995,male,white,,,COPD,COPD/CHF/Cirrhosis,1,0,114,19.296875,129,34,35.79688,173.6875,4.3994141,0.19998169,1.39990234,142,7.259766,,,,,,dnr after sadm,0,1,
2571,5855,71.67999,female,white,11,under $11k,CHF,COPD/CHF/Cirrhosis,4,0,77,7.5,136,30,38.39844,,3.3999023,0.89990234,1,134,,,,,1,2,no dnr,0,1,SIP>=30
2572,4922,82.75696,male,white,6,$11-$25k,ARF/MOSF w/Sepsis,ARF/MOSF,2,0,72,6.5,45,16,36,,,,1.79980469,138,,188,57,2550,,,no dnr,0,1,no(M2 and SIP pres)
2573,930,62.724,female,white,18,$11-$25k,Coma,Coma,1,61,130,10.5,65,15,38.39844,146,3.699707,0.79992676,0.59997559,133,7.489258,150,5,2495,,,dnr after sadm,1,1,<2 mo. follow-up
2574,2305,85.06195,female,white,12,under $11k,COPD,COPD/CHF/Cirrhosis,3,0,68,12.5996094,120,8,38.69531,163.3125,2.5,0.5,0.59997559,142,7.479492,,,,6,,dnr after sadm,1,1,<2 mo. follow-up
2575,2253,96.70599,male,white,,under $11k,COPD,COPD/CHF/Cirrhosis,3,26,103,3.29980469,70,25,37,417.125,3.0996094,0.29998779,1.19995117,138,7.379883,,,,,6,dnr before sadm,0,1,adl>=4 (>=5 if sur)
2576,7376,68.18896,female,white,,$11-$25k,COPD,COPD/CHF/Cirrhosis,2,0,45,13.3984375,127,10,35.89844,185,1.7998047,8.29882812,1.19995117,145,7.389648,304,25,1938,,0,no dnr,0,1,SIP>=30
2577,3662,69.17694,male,white,15,>$50k,COPD,COPD/CHF/Cirrhosis,1,0,63,13.6992188,110,32,36.59375,97,,0.69995117,1.29980469,129,7.25,,,,,0,dnr after sadm,1,1,adl>=4 (>=5 if sur)
2578,932,32.08499,male,hispanic,12,,CHF,COPD/CHF/Cirrhosis,3,0,53,5.59960938,105,16,36.5,,3.8999023,1.09985352,1.29980469,134,,103,27,4955,2,5,no dnr,0,1,no(M2 and SIP pres)
2579,5564,54.34097,male,white,14,,ARF/MOSF w/Sepsis,ARF/MOSF,3,44,108,18.8984375,140,12,36.19531,322.1875,2.5996094,0.59997559,0.79992676,141,7.439453,90,22,1790,,6,dnr after sadm,1,1,<2 mo. follow-up
2580,6413,59.20898,male,white,14,$25-$50k,MOSF w/Malig,ARF/MOSF,3,0,77,4.29980469,93,24,38,280.9375,3.2998047,0.5,0.79992676,140,7.529297,,,,0,0,no dnr,0,1,no(M2 and SIP pres)
2581,777,70.48297,female,white,16,,CHF,COPD/CHF/Cirrhosis,2,0,53,6.89941406,110,22,36.19531,,,1,0.89990234,134,,,,,,1,no dnr,0,1,
2582,8553,56.91199,female,white,12,$25-$50k,CHF,COPD/CHF/Cirrhosis,3,0,66,0.39996338,136,26,35.59375,174.28125,2.5,0.59997559,2.29980469,144,7.359375,235,47,2355,2,,no dnr,0,0,no(M2 and SIP pres)
2583,629,31.72099,male,white,20,,MOSF w/Malig,ARF/MOSF,2,26,73,7.5,110,28,36.29688,149.0625,2.7998047,0.89990234,1,134,7.449219,,,,,0,no dnr,0,1,
2584,1112,66.27496,male,black,14,,MOSF w/Malig,ARF/MOSF,1,37,130,12.7988281,124,24,36,150,,,1.29980469,145,7.449219,,21,2100,,1,no dnr,0,1,<2 mo. follow-up
2585,895,67.71497,female,white,14,>$50k,ARF/MOSF w/Sepsis,ARF/MOSF,1,0,72,8.79882812,72,22,36.5,83.32812,2.3999023,0.69995117,0.89990234,133,7.539062,95,11,2050,2,,no dnr,0,0,no(M2 and SIP pres)
2586,5279,68.80499,male,white,12,$11-$25k,Lung Cancer,Cancer,3,0,65,22.8984375,115,35,35.79688,47,2.199707,2.09960938,4.89941406,146,7.179688,224,114,224,,,no dnr,0,0,no(M2 and SIP pres)
2587,390,46.57898,male,black,22,under $11k,CHF,COPD/CHF/Cirrhosis,1,0,72,6.29980469,100,20,36.19531,,,,1.59985352,136,,,,,0,,no dnr,0,1,
2588,525,91.84399,female,white,,,Coma,Coma,0,100,73,28.296875,100,36,35.29688,332,2.8999023,0.5,1.69995117,143,7.549805,,,,,,dnr after sadm,1,1,<2 mo. follow-up
2589,4857,58.52197,male,white,12,under $11k,CHF,COPD/CHF/Cirrhosis,3,0,82,9.29882812,112,20,36.39844,,2.699707,2.89990234,1,127,,114,31,1900,0,0,no dnr,0,1,adl>=4 (>=5 if sur)
2590,4802,45.85397,male,white,12,under $11k,Lung Cancer,Cancer,1,0,45,7.69921875,140,5,39.29688,128,,,1.09985352,129,7.479492,112,11,4760,0,0,no dnr,0,1,
2591,1856,39.12698,female,white,12,,ARF/MOSF w/Sepsis,ARF/MOSF,0,9,68,17.3984375,144,28,38.39844,424,,,1.19995117,136,7.439453,,,,,0,no dnr,0,0,no(M2 and SIP pres)
2592,5861,55.159,female,black,8,$11-$25k,MOSF w/Malig,ARF/MOSF,2,100,0,21.5,0,0,38.19531,311.875,,,0.59997559,145,7.40918,,,,,,dnr after sadm,1,1,<2 mo. follow-up
2593,6359,46.97598,female,white,14,under $11k,Lung Cancer,Cancer,1,0,97,6.5,66,22,37.09375,,3.699707,0.5,0.59997559,139,,,,,,,no dnr,0,1,SIP>=30
2594,5080,71.69897,male,white,6,under $11k,ARF/MOSF w/Sepsis,ARF/MOSF,3,0,72,22.1992188,105,24,35,300,,21.8984375,1.69995117,142,7.399414,109,15,,,3,dnr after sadm,1,1,<2 mo. follow-up
2595,2486,82.26099,male,white,12,,ARF/MOSF w/Sepsis,ARF/MOSF,3,0,107,4.79980469,100,20,36.09375,498.3125,3.8999023,0.29998779,0.89990234,135,7.359375,90,18,,,3,dnr after sadm,0,1,adl>=4 (>=5 if sur)
2596,6733,61.84,female,black,11,under $11k,COPD,COPD/CHF/Cirrhosis,3,0,65,9.5,105,28,38.09375,137.5,,,2,137,7.419922,126,29,4955,0,0,no dnr,0,0,no(M2 and SIP pres)
2597,395,39.73999,male,other,,,ARF/MOSF w/Sepsis,ARF/MOSF,3,26,60,20.5976562,130,44,39.29688,238,3.2998047,11.0996094,4.59960938,146,7.429688,,,,,,no dnr,1,1,<2 mo. follow-up
2598,2179,91.03894,male,white,10,$11-$25k,COPD,COPD/CHF/Cirrhosis,1,0,97,9.59960938,120,50,37.19531,175.5,3.2998047,,1.29980469,144,7.379883,,,,,3,dnr after sadm,0,1,SIP>=30
2599,3277,23.573,female,white,14,,ARF/MOSF w/Sepsis,ARF/MOSF,1,0,110,0.19998169,184,26,39.29688,128.875,,0.19998169,0.79992676,134,7.389648,,,,,0,no dnr,1,1,<2 mo. follow-up
2600,7250,34.69699,male,white,12,under $11k,ARF/MOSF w/Sepsis,ARF/MOSF,3,9,103,10.2988281,126,16,36.19531,,3.699707,0.29998779,1.09985352,130,,90,12,,,1,no dnr,0,1,no(M2 and SIP pres)
2601,6653,71.55597,female,hispanic,6,under $11k,CHF,COPD/CHF/Cirrhosis,3,0,53,4.89941406,62,22,35.39844,285.6875,3.3999023,1.39990234,1,130,7.429688,,,,2,,no dnr,0,1,SIP>=30
2602,1528,58.32999,female,white,8,under $11k,MOSF w/Malig,ARF/MOSF,1,9,113,14.2988281,150,30,36.39844,161.21875,3.7998047,0.59997559,6.19921875,130,7.40918,408,62,0,,6,dnr after sadm,0,1,adl>=4 (>=5 if sur)
2603,989,61.689,male,white,,,Colon Cancer,Cancer,1,0,83,6.09960938,80,22,38.29688,,,,1,135,,,16,4520,,,no dnr,0,1,
2604,6469,46.61499,female,white,4,under $11k,Cirrhosis,COPD/CHF/Cirrhosis,1,0,152,14.0996094,120,26,33.89844,186,1.6999512,2.79980469,0.39996338,119,7.299805,,,,0,0,dnr after sadm,1,1,<2 mo. follow-up
2605,722,50.95099,female,black,12,,MOSF w/Malig,ARF/MOSF,1,26,63,19.3984375,125,14,39.39844,234,2.8999023,1.39990234,6.59960938,144,7.40918,,,,,0,no dnr,1,1,<2 mo. follow-up
2606,4482,52.90598,female,white,12,,ARF/MOSF w/Sepsis,ARF/MOSF,2,0,66,14.8984375,120,30,38,260,,,1.29980469,135,7.459961,362,17,2130,,5,no dnr,0,1,
2607,5054,74.37396,female,white,,under $11k,COPD,COPD/CHF/Cirrhosis,2,0,138,17.3984375,0,38,38,260.8125,3,1.19995117,0.5,143,7.239258,268,14,2797,,2,dnr after sadm,1,1,<2 mo. follow-up
2608,5653,61.26199,male,white,8,$25-$50k,Colon Cancer,Cancer,2,0,48,13.6992188,135,47,39.09375,148,,0.59997559,1.69995117,147,7.389648,211,21,1945,0,0,no dnr,0,0,no(M2 and SIP pres)
2609,7676,41.29797,male,white,18,>$50k,ARF/MOSF w/Sepsis,ARF/MOSF,0,0,106,6.39941406,73,20,36.39844,357.125,3.5996094,11.8984375,0.59997559,152,7.469727,137,12,4010,,0,dnr after sadm,1,1,<2 mo. follow-up
2610,2865,72.49298,female,white,12,>$50k,MOSF w/Malig,ARF/MOSF,1,9,63,13.3984375,72,22,36.69531,446.625,2.3999023,1.39990234,3,130,7.389648,107,138,2230,0,6,dnr before sadm,0,1,<2 mo. follow-up
2611,2471,92.35297,female,white,18,$25-$50k,CHF,COPD/CHF/Cirrhosis,4,9,77,15.2988281,80,20,36.69531,200,,,1.09985352,137,7.40918,169,26,1250,4,3,no dnr,0,1,no(M2 and SIP pres)
2612,1382,65.55798,male,white,21,$11-$25k,Cirrhosis,COPD/CHF/Cirrhosis,3,0,122,110,55,14,38.69531,165,,,2,143,7.469727,281,25,2380,0,,no dnr,0,1,no(M2 and SIP pres)
2613,5163,55.85999,female,white,12,under $11k,ARF/MOSF w/Sepsis,ARF/MOSF,1,37,70,6.59960938,65,30,35,223.3125,2.8999023,,1.39990234,136,7.40918,92,34,2530,,0,no dnr,0,0,no(M2 and SIP pres)
2614,4713,54.18799,male,white,12,$25-$50k,CHF,COPD/CHF/Cirrhosis,2,0,153,13.0996094,145,12,37.69531,187.5,,,1.19995117,138,7.479492,141,23,3055,0,0,no dnr,0,0,no(M2 and SIP pres)
2615,8784,66.95099,female,white,15,$25-$50k,ARF/MOSF w/Sepsis,ARF/MOSF,2,41,101,12,66,20,36.39844,352.375,,1.5,1.69995117,138,7.479492,110,31,,,7,dnr after sadm,0,1,adl>=4 (>=5 if sur)
2616,3224,67.02295,female,white,13,,MOSF w/Malig,ARF/MOSF,0,9,60,14.5996094,61,8,38.29688,80,,,1.79980469,146,7.349609,121,26,3765,2,1,dnr after sadm,0,1,SIP>=30
2617,6426,44.73599,male,white,8,$11-$25k,MOSF w/Malig,ARF/MOSF,2,41,123,29.5976562,136,28,39.19531,108.75,2.7998047,2.39990234,6.39941406,137,7.359375,,,,,0,no dnr,0,0,SIP>=30
2618,4439,54.17398,male,white,12,>$50k,Colon Cancer,Cancer,1,0,129,13.1992188,96,55,36.09375,292,,,0.69995117,135,7.389648,184,21,1480,0,1,no dnr,0,1,no(M2 and SIP pres)
2619,6791,84.53699,female,white,5,,ARF/MOSF w/Sepsis,ARF/MOSF,1,44,103,8.79882812,80,20,36.19531,,,0.39996338,1.29980469,131,,300,28,,,7,dnr after sadm,0,1,adl>=4 (>=5 if sur)
2620,4544,19.14899,male,black,11,$11-$25k,ARF/MOSF w/Sepsis,ARF/MOSF,0,0,79,7.59960938,92,26,39,,3,0.59997559,2.09960938,139,,99,21,2425,0,5,no dnr,0,0,no(M2 and SIP pres)
2621,5678,50.61697,male,black,,,ARF/MOSF w/Sepsis,ARF/MOSF,2,26,115,17.1992188,115,7,37.79688,213.3125,2,0.29998779,1,133,7.439453,243,22,3590,,,dnr after sadm,1,1,<2 mo. follow-up
2622,4781,78.44495,female,black,,,Coma,Coma,0,100,45,15,80,12,36.79688,146,2.3999023,6.29980469,2.89990234,131,7.459961,240,83,727,,6,dnr after sadm,1,1,<2 mo. follow-up
2623,563,52.30099,male,,,,Colon Cancer,Cancer,1,0,87,7.69921875,62,20,36.19531,,4.6992188,0.5,1,134,,,,,,,no dnr,0,1,
2624,1186,86.83099,female,white,,,ARF/MOSF w/Sepsis,ARF/MOSF,1,26,37,15.5996094,65,10,38.59375,126.65625,,,3.69970703,131,7.479492,,63,1088,,5,dnr after sadm,1,1,<2 mo. follow-up
2625,6193,47.14899,male,hispanic,9,,Cirrhosis,COPD/CHF/Cirrhosis,5,0,69,8.5,75,20,36,437.5625,3.199707,0.79992676,1.09985352,134,7.489258,,,,,,no dnr,0,1,SIP>=30
2626,8438,75.56995,female,white,16,$25-$50k,ARF/MOSF w/Sepsis,ARF/MOSF,0,0,68,39.59375,68,24,36.09375,,2.5,5.29980469,2.39990234,129,,272,62,1230,,1,dnr after sadm,1,1,<2 mo. follow-up
2627,4228,91.20898,male,white,,$25-$50k,ARF/MOSF w/Sepsis,ARF/MOSF,0,37,74,11.8984375,70,32,37.69531,222.84375,3.2998047,11,1.5,154,7.429688,,,,,,no dnr,0,1,
2628,2317,52.27698,female,white,14,$11-$25k,MOSF w/Malig,ARF/MOSF,2,0,43,14.1992188,140,36,36.29688,145,1.5,0.39996338,0.39996338,141,7.259766,,,,,5,dnr after sadm,1,1,<2 mo. follow-up
2629,4966,71.49097,female,white,5,under $11k,ARF/MOSF w/Sepsis,ARF/MOSF,3,100,125,18.5,105,13,37.89844,165,1.7998047,1.69995117,4.79980469,146,7.339844,75,59,1660,,2,dnr after sadm,0,1,<2 mo. follow-up
2630,6726,59.23898,female,white,15,$25-$50k,MOSF w/Malig,ARF/MOSF,1,55,63,19.296875,122,24,37.79688,,,,1.69995117,122,,,,,,0,dnr after sadm,1,1,<2 mo. follow-up
2631,1443,37.96298,male,white,13,$11-$25k,ARF/MOSF w/Sepsis,ARF/MOSF,4,37,63,6.69921875,105,20,36,,,,1.89990234,137,,,42,1875,,0,dnr after sadm,1,1,<2 mo. follow-up
2632,6634,76.96399,female,white,14,$25-$50k,ARF/MOSF w/Sepsis,ARF/MOSF,2,0,65,21.8984375,62,12,36.19531,300,2.5996094,0.89990234,1.5,131,7.369141,,,,,0,dnr after sadm,1,1,<2 mo. follow-up
2633,3978,39.82999,female,black,13,under $11k,ARF/MOSF w/Sepsis,ARF/MOSF,0,0,142,6.39941406,114,28,38.29688,160,2.5996094,0.5,1.19995117,137,7.479492,,,,0,0,no dnr,0,0,no(M2 and SIP pres)
2634,6887,69.74896,female,white,11,under $11k,COPD,COPD/CHF/Cirrhosis,2,0,120,27.6992188,106,40,38.09375,,3.2998047,1.19995117,10.2988281,135,7.389648,254,83,0,6,5,dnr after sadm,0,0,adl>=4 (>=5 if sur)
2635,7780,50.10797,male,white,8,under $11k,COPD,COPD/CHF/Cirrhosis,0,0,116,,130,40,36.39844,,,,,140,,,,,2,0,dnr after sadm,0,1,<2 mo. follow-up
2636,1779,60.34497,male,white,11,$11-$25k,ARF/MOSF w/Sepsis,ARF/MOSF,3,0,51,11.5996094,102,8,38.79688,168,,,1.29980469,147,7.259766,,,,,4,no dnr,1,1,<2 mo. follow-up
2637,3855,43.50699,male,white,9,$11-$25k,COPD,COPD/CHF/Cirrhosis,2,0,71,13.2988281,66,14,35.39844,160,,,0.89990234,134,7.439453,,,,0,0,no dnr,0,1,no(M2 and SIP pres)
2638,331,70.74097,male,white,17,>$50k,ARF/MOSF w/Sepsis,ARF/MOSF,1,0,77,23,115,28,39,120.40625,2.7998047,0.09999084,1.19995117,135,7.5,,,,,,no dnr,0,1,no(M2 and SIP pres)
2639,8007,69.78198,male,white,9,$11-$25k,Lung Cancer,Cancer,2,0,108,3.69970703,120,20,36.89844,,4.6992188,0.39996338,1.29980469,137,,,,,1,0,no dnr,0,1,no(M2 and SIP pres)
2640,7735,58.17398,female,white,9,under $11k,CHF,COPD/CHF/Cirrhosis,1,0,79,7.89941406,80,22,36.09375,,2.199707,5.29980469,2.19970703,132,,164,52,450,1,,no dnr,0,0,no(M2 and SIP pres)
2641,3156,31.17899,male,white,14,$25-$50k,MOSF w/Malig,ARF/MOSF,2,0,85,9.59960938,60,18,36.5,,2.3999023,0.59997559,0.69995117,141,,208,14,3600,,0,dnr after sadm,1,1,<2 mo. follow-up
2642,2244,63.59198,male,black,17,>$50k,Colon Cancer,Cancer,1,0,117,18.5,80,20,35.19531,,2.7998047,4.39941406,0.69995117,131,,,,,5,5,no dnr,0,1,adl>=4 (>=5 if sur)
2643,2157,84.48199,male,white,6,$11-$25k,COPD,COPD/CHF/Cirrhosis,1,0,107,16.3984375,120,32,37.79688,223,,,1.29980469,146,7.389648,,,,1,0,no dnr,1,1,adl>=4 (>=5 if sur)
2644,4097,57.81799,male,white,14,$25-$50k,Lung Cancer,Cancer,1,0,104,11.2988281,120,20,36.09375,,,0.19998169,0.79992676,141,,,,,2,4,no dnr,0,1,no(M2 and SIP pres)
2645,2903,76.18896,female,white,,,COPD,COPD/CHF/Cirrhosis,4,0,65,12.5,60,30,37.69531,126.51562,3.0996094,,1.5,140,7.429688,210,52,800,,,dnr before sadm,0,0,
2646,596,62.35699,male,,,,Coma,Coma,0,44,130,12.1992188,110,30,37,260,,0.5,0.89990234,146,7.579102,,,,,,no dnr,0,0,
2647,7180,70.28296,female,white,7,under $11k,COPD,COPD/CHF/Cirrhosis,2,0,122,30.296875,300,12,36.29688,225,2,0.29998779,0.59997559,138,7.389648,171,28,2465,2,,no dnr,0,0,SIP>=30
2648,4353,69.16394,male,white,7,under $11k,ARF/MOSF w/Sepsis,ARF/MOSF,2,44,91,24,76,24,36.29688,171.40625,,1.09985352,3.29980469,131,7.449219,168,55,4435,,0,dnr after sadm,1,1,adl>=4 (>=5 if sur)
2649,3531,69.90594,male,white,9,$25-$50k,Cirrhosis,COPD/CHF/Cirrhosis,2,0,81,9.19921875,80,18,37.29688,,3.199707,6.09960938,1,140,,,,,0,0,no dnr,0,1,no(M2 and SIP pres)
2650,2952,96.55298,female,white,9,under $11k,CHF,COPD/CHF/Cirrhosis,4,0,103,18.796875,90,25,36.09375,,,,1.39990234,138,,188,29,,1,,dnr after sadm,0,1,no(M2 and SIP pres)
2651,7107,79.55597,male,hispanic,16,$11-$25k,Coma,Coma,0,9,85,,114,24,36.09375,136,,,0.89990234,136,7.299805,129,9,2175,,1,no dnr,0,1,adl>=4 (>=5 if sur)
2652,998,40.14798,male,white,16,$11-$25k,ARF/MOSF w/Sepsis,ARF/MOSF,4,0,123,8.59960938,115,24,37,222.5,3.0996094,3.59960938,0.89990234,145,7.449219,154,61,3550,0,0,no dnr,0,0,no(M2 and SIP pres)
2653,2943,89.00195,male,white,16,$11-$25k,ARF/MOSF w/Sepsis,ARF/MOSF,0,0,75,14.2988281,120,22,36.59375,295.1875,2.8999023,0.59997559,2.39990234,133,7.5,114,38,2200,0,0,no dnr,0,0,no(M2 and SIP pres)
2654,7525,55.73999,male,white,12,under $11k,CHF,COPD/CHF/Cirrhosis,3,0,81,5.39941406,68,18,37,,3.199707,0.39996338,4.29980469,141,,81,60,,0,,no dnr,0,1,<2 mo. follow-up
2655,3806,59.53699,female,white,,,ARF/MOSF w/Sepsis,ARF/MOSF,2,100,0,26.296875,0,25,36.79688,151,3.199707,0.39996338,10.0996094,131,7.239258,,,,,,dnr after sadm,1,1,<2 mo. follow-up
2656,1981,46.06198,male,white,19,>$50k,Cirrhosis,COPD/CHF/Cirrhosis,3,0,69,5.29980469,112,22,37.89844,,3.8999023,3.09960938,0.79992676,140,,,,,0,1,no dnr,0,0,no(M2 and SIP pres)
2657,3438,60.84299,male,white,6,$11-$25k,ARF/MOSF w/Sepsis,ARF/MOSF,0,9,108,20.0976562,110,34,38.39844,168.5625,,0.59997559,1,146,7.429688,,,,,,no dnr,0,0,no(M2 and SIP pres)
2658,987,53.71899,male,white,12,$25-$50k,ARF/MOSF w/Sepsis,ARF/MOSF,0,9,45,13.8984375,105,10,38.29688,402.5,,,5.39941406,135,7.5,235,77,2,,0,no dnr,1,1,adl>=4 (>=5 if sur)
2659,3767,57.67297,male,white,16,$25-$50k,COPD,COPD/CHF/Cirrhosis,4,0,111,7.39941406,110,21,36.69531,268,2.5996094,,2.79980469,155,7.30957,,,,,4,no dnr,0,0,no(M2 and SIP pres)
2660,821,71.11298,female,black,11,under $11k,Lung Cancer,Cancer,2,41,33,21.0976562,124,32,36.79688,403.3125,,,2.09960938,144,7.429688,,,,,,dnr after sadm,1,1,<2 mo. follow-up
2661,6604,42.17697,male,white,12,$25-$50k,Cirrhosis,COPD/CHF/Cirrhosis,3,9,73,16.796875,104,12,36.19531,236.34375,1.6999512,2.5,0.69995117,136,7.379883,,,,0,0,dnr after sadm,1,1,<2 mo. follow-up
2662,2196,54.33499,female,black,9,under $11k,ARF/MOSF w/Sepsis,ARF/MOSF,2,9,45,10.7988281,118,28,39.09375,490.4375,2.699707,,1.89990234,153,7.40918,,,,0,2,no dnr,0,1,no(M2 and SIP pres)
2663,6208,58.29398,female,black,12,under $11k,ARF/MOSF w/Sepsis,ARF/MOSF,1,44,103,9.69921875,108,24,36.19531,376.1875,2.5,0.59997559,0.59997559,139,7.319336,,,,,1,no dnr,0,0,no(M2 and SIP pres)
2664,5617,54.20898,male,white,16,$11-$25k,CHF,COPD/CHF/Cirrhosis,3,0,84,10.0996094,76,22,35.29688,404.75,3.199707,1,1.5,134,7.489258,107,88,950,0,5,no dnr,0,0,no(M2 and SIP pres)
2665,7251,49.99899,female,black,11,under $11k,ARF/MOSF w/Sepsis,ARF/MOSF,4,0,107,6.89941406,70,24,36.39844,,4.2998047,1.19995117,1.79980469,138,,88,28,,,5,no dnr,0,0,no(M2 and SIP pres)
2666,3813,70.06195,female,black,,under $11k,ARF/MOSF w/Sepsis,ARF/MOSF,2,0,105,7.29980469,126,32,36.09375,223.3125,,1.09985352,1.19995117,142,7.399414,,,,,,no dnr,1,1,<2 mo. follow-up
2667,214,63.896,male,hispanic,12,>$50k,Cirrhosis,COPD/CHF/Cirrhosis,2,0,72,8.59960938,105,18,38.39844,338.0625,2.3999023,9,1,135,7.469727,,,,3,5,no dnr,0,0,SIP>=30
2668,5047,75.23895,male,white,13,$25-$50k,CHF,COPD/CHF/Cirrhosis,2,0,105,14.5,95,12,38.5,246.65625,3.3999023,7,0.89990234,135,7.439453,107,11,3170,0,,no dnr,0,1,<2 mo. follow-up
2669,4157,69.95996,female,black,3,under $11k,CHF,COPD/CHF/Cirrhosis,4,0,80,4.29980469,64,28,36.5,366.625,,,1.29980469,140,7.40918,,,,,,no dnr,0,1,no(M2 and SIP pres)
2670,5153,51.73398,female,white,12,$25-$50k,ARF/MOSF w/Sepsis,ARF/MOSF,1,100,58,9.5,115,30,38.29688,202.84375,2.5,0.5,0.89990234,149,7.399414,137,25,2370,,0,dnr after sadm,1,1,<2 mo. follow-up
2671,2763,75.66296,female,white,16,>$50k,Lung Cancer,Cancer,2,0,73,6.59960938,120,35,35,457.125,2.8999023,1,2.5,142,7.529297,227,61,550,1,3,dnr after sadm,0,1,adl>=4 (>=5 if sur)
2672,5843,56.35599,male,white,12,under $11k,CHF,COPD/CHF/Cirrhosis,2,0,79,5,68,16,36.39844,,,,1,134,,,,,2,,no dnr,0,0,
2673,5902,67.89294,male,black,8,$11-$25k,Cirrhosis,COPD/CHF/Cirrhosis,3,0,115,,104,24,37,,2,2.79980469,1.29980469,134,,,,,2,0,no dnr,0,1,no(M2 and SIP pres)
2674,780,59.81097,female,black,12,under $11k,ARF/MOSF w/Sepsis,ARF/MOSF,0,44,93,28.296875,140,30,38.5,147.5,1.7998047,0.69995117,0.79992676,129,7.469727,,,,,6,no dnr,0,1,adl>=4 (>=5 if sur)
2675,6174,34.905,female,white,12,under $11k,Cirrhosis,COPD/CHF/Cirrhosis,1,0,95,12.5,116,24,37,,2.5,3.59960938,0.5,134,,,,,,,no dnr,0,1,no(M2 and SIP pres)
2676,5748,65.68097,male,white,12,$11-$25k,ARF/MOSF w/Sepsis,ARF/MOSF,3,44,100,62,100,24,37.59375,,,0.39996338,0.79992676,142,,94,10,1100,,6,dnr after sadm,1,1,<2 mo. follow-up
2677,7342,67.98895,male,white,12,$11-$25k,Colon Cancer,Cancer,1,9,93,4.19921875,96,20,36.29688,371.375,3.3999023,2.09960938,2.29980469,138,7.459961,107,41,,4,4,dnr after sadm,1,1,<2 mo. follow-up
2678,4823,50.76199,female,black,,,ARF/MOSF w/Sepsis,ARF/MOSF,3,100,58,16.1992188,125,12,39.5,286.625,,,5.39941406,133,7.40918,156,88,70,,,dnr after sadm,1,1,<2 mo. follow-up
2679,5020,63.76999,male,white,,,Lung Cancer,Cancer,1,0,85,6.29980469,75,20,36.19531,,2.3999023,0.79992676,1.29980469,140,,72,29,,,,no dnr,0,1,
2680,5324,76.96399,male,black,7,$11-$25k,ARF/MOSF w/Sepsis,ARF/MOSF,2,9,73,4.5,80,24,36.19531,,3.699707,0.59997559,1,138,,233,9,3875,3,0,no dnr,0,0,
2681,6007,71.07196,male,white,,under $11k,Coma,Coma,1,100,63,8.3984375,113,20,39.69531,140.59375,2.3999023,2,6.39941406,126,7.30957,,,,,,dnr after sadm,1,1,<2 mo. follow-up
2682,3549,87.52899,male,black,,,Coma,Coma,0,100,0,9.29882812,0,0,36.59375,260,4.1992188,0.39996338,2.29980469,141,7.379883,,,,,,no dnr,1,1,<2 mo. follow-up
2683,7500,44.20297,female,white,11,under $11k,Cirrhosis,COPD/CHF/Cirrhosis,5,9,80,10.0996094,60,22,36,,3.699707,1.79980469,1.59985352,140,,96,21,,,7,no dnr,0,0,no(M2 and SIP pres)
2684,5137,35.32098,male,black,14,under $11k,Coma,Coma,0,55,153,13,110,24,35.09375,140.8125,3.8999023,,1.29980469,136,7.40918,205,49,4230,,0,no dnr,1,1,<2 mo. follow-up
2685,2462,79.61395,female,white,17,$11-$25k,ARF/MOSF w/Sepsis,ARF/MOSF,3,0,97,7.79980469,80,20,36.69531,,3.0996094,1.69995117,1.09985352,138,,88,23,300,,1,dnr after sadm,1,1,<2 mo. follow-up
2686,1522,75.29895,male,white,12,$11-$25k,ARF/MOSF w/Sepsis,ARF/MOSF,2,9,60,15.2988281,110,10,36.5,112,,,5.19921875,136,7.519531,165,130,1136,,0,no dnr,0,1,adl>=4 (>=5 if sur)
2687,7079,72.62097,female,white,12,under $11k,ARF/MOSF w/Sepsis,ARF/MOSF,0,0,64,0.39996338,126,20,38.89844,,,,1.59985352,135,,180,12,4400,,1,no dnr,1,1,<2 mo. follow-up
2688,6954,62.71298,male,white,5,under $11k,MOSF w/Malig,ARF/MOSF,1,0,100,0.69995117,62,24,36.79688,,3,0.69995117,0.89990234,126,,143,9,,0,0,no dnr,0,0,SIP>=30
2689,6537,48.25198,female,black,7,under $11k,CHF,COPD/CHF/Cirrhosis,4,0,127,8.19921875,84,20,36.39844,361.875,2.7998047,0.69995117,1.69995117,137,7.449219,,,,,,no dnr,0,0,no(M2 and SIP pres)
2690,7841,73.86694,male,white,12,under $11k,Colon Cancer,Cancer,1,0,71,9.29882812,64,16,36.59375,,3.699707,0.29998779,0.89990234,136,,,,,1,,no dnr,0,1,
2691,1924,55.51498,male,white,8,$11-$25k,Lung Cancer,Cancer,3,0,100,11.6992188,92,20,36.69531,,,,0.79992676,137,,,,,0,1,no dnr,0,1,SIP>=30
2692,3332,49.87799,female,black,15,under $11k,ARF/MOSF w/Sepsis,ARF/MOSF,0,0,90,6.69921875,68,10,36.19531,271.375,,1.09985352,1,142,7.269531,,,,7,7,no dnr,0,0,adl>=4 (>=5 if sur)
2693,7563,69.36896,female,white,12,under $11k,Cirrhosis,COPD/CHF/Cirrhosis,2,9,109,14.6992188,125,22,36.5,353.3125,1.7998047,0.5,1.5,132,7.369141,107,12,3120,6,4,dnr after sadm,0,0,
2694,8479,75.46899,female,white,,,ARF/MOSF w/Sepsis,ARF/MOSF,0,0,103,11.5,113,22,37.19531,168.5625,2.3999023,0.89990234,0.79992676,138,7.299805,183,28,,,,no dnr,0,0,
2695,2895,64.77795,female,white,11,under $11k,CHF,COPD/CHF/Cirrhosis,9,0,47,16.796875,144,28,39.19531,168.3125,1.5,0.59997559,2,132,7.289062,102,61,4030,2,3,dnr after sadm,0,0,adl>=4 (>=5 if sur)
2696,7705,33.58798,male,black,10,under $11k,ARF/MOSF w/Sepsis,ARF/MOSF,2,0,46,32.09375,61,16,35.69531,248.5625,1.5998535,1.09985352,5.59960938,148,7.359375,172,89,0,,7,dnr after sadm,1,1,<2 mo. follow-up
2697,4998,54.08899,male,black,12,under $11k,Lung Cancer,Cancer,1,0,72,5.89941406,75,16,36.5,,,0.39996338,0.69995117,143,,77,13,1475,,0,no dnr,0,0,no(M2 and SIP pres)
2698,3146,81.21796,female,white,12,under $11k,ARF/MOSF w/Sepsis,ARF/MOSF,2,0,62,14.3984375,180,12,38,197.5,,,4.79980469,140,7.449219,179,45,540,,4,dnr before sadm,0,0,SIP>=30
2699,6155,80.383,male,white,8,,MOSF w/Malig,ARF/MOSF,2,0,64,2.39990234,114,32,38.59375,114,2.2998047,4.79980469,2.79980469,138,7.329102,,,,,0,dnr after sadm,1,1,<2 mo. follow-up
2700,6943,74.86395,male,white,,under $11k,CHF,COPD/CHF/Cirrhosis,2,0,125,10.6992188,90,20,38.09375,380,2.699707,0.39996338,0.79992676,139,7.479492,281,16,5410,4,3,no dnr,0,1,adl>=4 (>=5 if sur)
2701,1303,70.45599,female,black,11,>$50k,Coma,Coma,1,44,110,15.0996094,155,44,36.59375,680,2.5996094,0.89990234,1.59985352,131,7.459961,114,47,15,,0,dnr after sadm,1,1,<2 mo. follow-up
2702,8193,59.49298,male,white,12,$25-$50k,Lung Cancer,Cancer,1,0,73,40,101,20,36,338.0625,,0.59997559,0.79992676,130,7.40918,,,,1,3,dnr after sadm,0,1,no(M2 and SIP pres)
2703,1637,64.99396,male,white,17,$11-$25k,CHF,COPD/CHF/Cirrhosis,1,0,73,4,114,20,36.19531,,,,1.29980469,137,,,,,0,0,no dnr,0,0,SIP>=30
2704,3099,82.57098,female,white,8,,CHF,COPD/CHF/Cirrhosis,3,0,117,18.0976562,140,30,40.19531,162.5,4,0.59997559,1.09985352,141,7.459961,151,19,1625,2,2,no dnr,0,0,no(M2 and SIP pres)
2705,1430,55.32898,male,white,14,>$50k,CHF,COPD/CHF/Cirrhosis,2,0,82,20.1992188,110,26,37.39844,137.5,2.2998047,,1.39990234,140,7.429688,104,12,1148,0,0,no dnr,0,1,<2 mo. follow-up
2706,2505,80.02698,female,white,12,,COPD,COPD/CHF/Cirrhosis,3,0,103,33,60,15,37,,3.0996094,1.5,0.79992676,152,7.539062,176,13,54.5,0,0,no dnr,0,1,no(M2 and SIP pres)
2707,1953,61.19098,male,white,12,under $11k,COPD,COPD/CHF/Cirrhosis,6,0,100,16,80,25,36.09375,273.3125,4,0.79992676,1.39990234,136,7.429688,,,,,,no dnr,0,1,no(M2 and SIP pres)
2708,1145,32.25699,male,white,,,Colon Cancer,Cancer,1,0,78,5.5,68,20,36.39844,,,,,140,,,,2150,,,no dnr,0,1,
2709,5415,47.97498,male,white,6,,ARF/MOSF w/Sepsis,ARF/MOSF,1,0,105,15,105,30,34.19531,297.125,3.3999023,1,5.79980469,140,7.279297,145,53,810,,0,no dnr,0,0,no(M2 and SIP pres)
2710,8550,36.90298,female,white,14,$11-$25k,MOSF w/Malig,ARF/MOSF,1,0,107,10.5,112,24,36.39844,428.5625,,,1.19995117,138,7.509766,115,12,2885,,0,no dnr,0,1,no(M2 and SIP pres)
2711,4236,27.661,male,black,,,ARF/MOSF w/Sepsis,ARF/MOSF,0,0,110,14.3984375,100,22,36.29688,260,2.5,,0.89990234,138,7.449219,,,,,,no dnr,0,0,
2712,7219,70.97296,female,white,12,under $11k,ARF/MOSF w/Sepsis,ARF/MOSF,3,0,101,5.59960938,74,20,37,,3.7998047,0.5,1.09985352,137,,105,15,,,2,no dnr,0,1,adl>=4 (>=5 if sur)
2713,2418,82.237,female,white,12,under $11k,ARF/MOSF w/Sepsis,ARF/MOSF,1,0,68,0.79992676,120,18,38.09375,152,2.0996094,6.29980469,2.5,127,7.289062,215,77,2010,2,1,no dnr,0,1,SIP>=30
2714,4957,41.39398,male,white,13,$11-$25k,Colon Cancer,Cancer,1,0,125,8.09960938,75,20,36.79688,,,,1.29980469,137,,182,20,1400,1,0,dnr after sadm,0,1,<2 mo. follow-up
2715,5323,67.461,female,white,12,,Colon Cancer,Cancer,1,0,79,10,74,20,36.5,,4.0996094,0.59997559,1,143,,112,9,4550,0,0,no dnr,0,0,no(M2 and SIP pres)
2716,5144,52.22998,male,white,14,>$50k,ARF/MOSF w/Sepsis,ARF/MOSF,0,0,143,7.19921875,55,22,36.29688,226.0625,3.7998047,0.5,0.79992676,144,7.399414,122,23,,7,7,no dnr,0,0,adl>=4 (>=5 if sur)
2717,985,60.16699,male,white,,,MOSF w/Malig,ARF/MOSF,2,0,48,0.39996338,175,25,39.79688,301.375,1.7998047,0.29998779,0.29998779,143,7.489258,154,9,2310,,2,dnr after sadm,1,1,<2 mo. follow-up
2718,1376,52.71698,male,black,20,>$50k,Coma,Coma,1,44,50,6.19921875,75,20,36.79688,,,,1.19995117,137,,,35,3185,,0,dnr after sadm,1,1,<2 mo. follow-up
2719,95,74.97095,male,white,,,Colon Cancer,Cancer,0,0,91,6.79980469,88,20,36.79688,,4.5996094,2.5,1.09985352,142,,,,,,,no dnr,0,1,
2720,1370,58.741,male,white,8,,CHF,COPD/CHF/Cirrhosis,2,0,47,8.19921875,105,20,35.79688,,3.7998047,2.69970703,1.29980469,130,,112,17,3650,3,4,no dnr,0,1,
2721,3298,40.05197,female,other,17,under $11k,CHF,COPD/CHF/Cirrhosis,4,0,80,11.5996094,88,16,37,,,,1.79980469,130,,,,,0,1,no dnr,0,1,no(M2 and SIP pres)
2722,3738,79.33997,female,white,14,$11-$25k,Coma,Coma,0,61,110,15.6992188,122,8,38.09375,340,,0.89990234,1.19995117,140,7.479492,,,,,0,dnr after sadm,1,1,<2 mo. follow-up
2723,9043,80.12897,male,white,8,,Cirrhosis,COPD/CHF/Cirrhosis,1,9,63,6.5,122,40,36,128.5625,,1.09985352,1.09985352,142,7.379883,126,45,,,5,dnr after sadm,0,1,<2 mo. follow-up
2724,7247,89.58795,female,black,,under $11k,ARF/MOSF w/Sepsis,ARF/MOSF,1,26,65,5.09960938,62,20,36.19531,,2.199707,6.39941406,1.19995117,126,,209,31,1300,,4,no dnr,0,0,no(M2 and SIP pres)
2725,2360,85.06494,male,white,5,$11-$25k,ARF/MOSF w/Sepsis,ARF/MOSF,1,44,113,5.89941406,110,30,38.09375,306.625,2.199707,1.89990234,0.89990234,144,7.419922,,,,,3,dnr after sadm,0,0,adl>=4 (>=5 if sur)
2726,3476,66.20697,female,black,4,under $11k,Colon Cancer,Cancer,1,0,93,35,96,28,35.79688,,,6.59960938,2.19970703,128,,,,,,3,dnr after sadm,1,1,<2 mo. follow-up
2727,5851,61.78497,female,white,11,$11-$25k,ARF/MOSF w/Sepsis,ARF/MOSF,1,41,44,10.8984375,116,40,37.79688,210.4375,3,0.89990234,0.5,135,7.519531,,,,,6,no dnr,0,0,
2728,198,58.95999,female,white,13,$25-$50k,ARF/MOSF w/Sepsis,ARF/MOSF,0,9,115,6.19921875,132,20,39.79688,326.625,,,0.59997559,136,7.5,,,,,0,no dnr,0,0,adl>=4 (>=5 if sur)
2729,2231,64.211,male,white,12,$25-$50k,ARF/MOSF w/Sepsis,ARF/MOSF,0,0,118,9.5,68,12,38,67.5,,0.29998779,6.79980469,136,7.419922,,,,,3,no dnr,0,1,adl>=4 (>=5 if sur)
2730,4555,39.34598,male,black,12,,ARF/MOSF w/Sepsis,ARF/MOSF,2,94,59,9.59960938,60,32,36.19531,301.625,,,2.5,143,7.40918,235,99,1180,,0,dnr after sadm,1,1,<2 mo. follow-up
2731,3682,66.84497,male,white,,,ARF/MOSF w/Sepsis,ARF/MOSF,4,37,105,24.6992188,118,25,36.5,370,3,8.19921875,2.79980469,129,7.479492,,,,,,dnr after sadm,1,1,<2 mo. follow-up
2732,3530,29.55499,female,black,12,$11-$25k,ARF/MOSF w/Sepsis,ARF/MOSF,1,0,47,18.3984375,112,30,35.89844,90,,3.59960938,5.79980469,142,7.529297,,,,,2,dnr after sadm,1,1,<2 mo. follow-up
2733,2965,51.64398,male,white,18,>$50k,ARF/MOSF w/Sepsis,ARF/MOSF,2,0,83,11.2988281,120,20,38.19531,,3.699707,2.29980469,1.39990234,133,,97,20,2400,,,no dnr,0,0,no(M2 and SIP pres)
2734,4216,68.20294,male,white,12,$25-$50k,ARF/MOSF w/Sepsis,ARF/MOSF,0,0,53,41.5,90,15,37.59375,260,2.7998047,1.09985352,3.29980469,127,7.509766,,,,,0,no dnr,0,1,<2 mo. follow-up
2735,3707,57.51099,female,black,12,under $11k,ARF/MOSF w/Sepsis,ARF/MOSF,2,100,63,21.1992188,80,11,36.69531,216,,15.8984375,2.19970703,122,7.40918,,,,,0,dnr after sadm,1,1,<2 mo. follow-up
2736,5439,56.13397,female,black,,under $11k,MOSF w/Malig,ARF/MOSF,1,44,102,23.0976562,105,33,36.29688,233.3125,,0.79992676,6.19921875,133,7.379883,284,105,811,,3,dnr after sadm,1,1,<2 mo. follow-up
2737,1770,77.97894,female,white,12,,ARF/MOSF w/Sepsis,ARF/MOSF,4,0,105,17.5976562,130,26,36,332,3.2998047,,6.29980469,137,7.429688,,,,0,1,no dnr,0,1,no(M2 and SIP pres)
2738,1864,70.31897,female,white,12,$25-$50k,Lung Cancer,Cancer,1,0,60,5.19921875,80,20,37.79688,,,1.09985352,0.59997559,135,,,,,,,no dnr,0,1,<2 mo. follow-up
2739,5778,37.57999,female,white,12,under $11k,ARF/MOSF w/Sepsis,ARF/MOSF,1,0,65,28.8984375,125,9,36.79688,205,2,,1.29980469,144,7.229492,104,31,1165,,0,no dnr,0,0,
2740,4063,85.40997,male,black,,,ARF/MOSF w/Sepsis,ARF/MOSF,1,0,70,42.6953125,120,48,33.89844,112.23438,,1.69995117,0.79992676,139,7.529297,,,,,1,dnr after sadm,1,1,<2 mo. follow-up
2741,3520,50.15997,female,black,16,$25-$50k,CHF,COPD/CHF/Cirrhosis,2,0,79,10.0996094,118,36,37.5,428.5625,3.199707,3.19970703,1.19995117,138,7.5,,,,0,,dnr after sadm,1,1,adl>=4 (>=5 if sur)
2742,6128,63.461,female,black,8,under $11k,ARF/MOSF w/Sepsis,ARF/MOSF,4,37,61,25.796875,107,36,36.19531,355.5,2.199707,1.59985352,11.2988281,125,7.379883,,,,,7,dnr after sadm,0,1,<2 mo. follow-up
2743,8028,77.00494,female,white,,,CHF,COPD/CHF/Cirrhosis,4,0,58,8.69921875,124,44,35.39844,366.625,,,1.39990234,132,7.449219,,,,,,no dnr,0,1,
2744,2819,63.17899,male,white,22,>$50k,CHF,COPD/CHF/Cirrhosis,4,0,73,8,80,16,36.09375,,3.199707,,1.29980469,142,,61,27,1770,,,no dnr,0,1,no(M2 and SIP pres)
2745,1161,34.103,female,hispanic,12,under $11k,CHF,COPD/CHF/Cirrhosis,2,0,48,11.6992188,120,16,36,423.75,,,0.89990234,131,7.469727,107,17,2725,0,0,no dnr,0,1,no(M2 and SIP pres)
2746,4827,83.58398,female,white,17,>$50k,Coma,Coma,0,44,73,5.59960938,80,22,35.39844,239.125,3.3999023,,1.59985352,137,7.389648,90,41,850,,1,dnr after sadm,0,0,adl>=4 (>=5 if sur)
2747,5081,38.905,female,white,15,$25-$50k,ARF/MOSF w/Sepsis,ARF/MOSF,0,0,103,12,145,42,39,236.65625,,,1.39990234,160,7.459961,378,36,1955,0,0,no dnr,0,0,no(M2 and SIP pres)
2748,594,52.767,male,white,12,>$50k,Cirrhosis,COPD/CHF/Cirrhosis,1,0,77,2.69970703,64,22,36.79688,,2.699707,5,0.89990234,130,,,,,0,,no dnr,0,1,no(M2 and SIP pres)
2749,8171,75.88995,male,white,12,$11-$25k,COPD,COPD/CHF/Cirrhosis,3,26,69,11.5996094,104,24,35.5,157.125,3.8999023,0.59997559,1.59985352,135,7.369141,,,,,3,dnr after sadm,0,1,adl>=4 (>=5 if sur)
2750,1015,41.64798,female,white,14,>$50k,Colon Cancer,Cancer,1,0,77,,76,22,37.69531,,,,,140,,,,1350,0,0,no dnr,0,1,
2751,3066,84.15594,female,white,16,under $11k,COPD,COPD/CHF/Cirrhosis,3,0,109,23.5,50,10,36.39844,224.4375,,1.39990234,1.09985352,140,7.529297,167,18,2675,1,5,dnr after sadm,0,0,adl>=4 (>=5 if sur)
2752,3279,73.40198,male,white,11,$11-$25k,MOSF w/Malig,ARF/MOSF,2,26,137,1.79980469,140,30,39.19531,146.65625,1.2998047,13.1992188,2.29980469,139,7.399414,,,,,1,dnr after sadm,1,1,<2 mo. follow-up
2753,3709,72.86798,female,white,10,under $11k,COPD,COPD/CHF/Cirrhosis,2,0,131,14.7988281,144,28,38.5,270,2.5,,0.69995117,132,7.439453,,,,,0,no dnr,0,1,no(M2 and SIP pres)
2754,3502,45.18799,male,white,12,,ARF/MOSF w/Sepsis,ARF/MOSF,1,26,74,14,142,36,39.59375,87.14062,,2,2,134,7.40918,,,,,1,dnr after sadm,1,1,<2 mo. follow-up
2755,5430,56.939,female,black,11,$11-$25k,ARF/MOSF w/Sepsis,ARF/MOSF,1,0,75,6.39941406,95,30,38,348,2,1.5,0.89990234,147,7.489258,138,22,1010,,3,no dnr,0,0,no(M2 and SIP pres)
2756,6305,45.01797,male,white,10,under $11k,Cirrhosis,COPD/CHF/Cirrhosis,2,0,111,8.5,106,22,36.09375,423.75,2,2.09960938,1.19995117,130,7.509766,,,,0,0,no dnr,0,0,no(M2 and SIP pres)
2757,4425,66.18195,female,white,12,$11-$25k,Colon Cancer,Cancer,1,0,79,14.1992188,66,22,36.69531,245.6875,,,5.59960938,141,7.429688,207,50,483,0,0,no dnr,0,1,<2 mo. follow-up
2758,2849,89.64496,female,white,18,$25-$50k,ARF/MOSF w/Sepsis,ARF/MOSF,0,0,77,9.09960938,128,36,36.69531,,,0.39996338,0.69995117,143,,104,13,1050,,0,dnr after sadm,1,1,<2 mo. follow-up
2759,4793,61.83197,male,white,,,ARF/MOSF w/Sepsis,ARF/MOSF,0,41,32,14.5996094,35,0,36.79688,140,,,3.5,142,7.519531,226,73,0,,,no dnr,0,0,
2760,8461,70.00696,male,white,12,under $11k,ARF/MOSF w/Sepsis,ARF/MOSF,0,9,101,5.39941406,104,20,36.69531,253.4375,2.699707,0.69995117,1.29980469,141,7.439453,97,16,,,0,no dnr,1,1,<2 mo. follow-up
2761,1827,51.767,female,white,12,under $11k,Colon Cancer,Cancer,1,0,70,15.1992188,128,22,36.59375,,2.5,12.2988281,0.69995117,137,,,,,,0,dnr after sadm,1,1,<2 mo. follow-up
2762,192,19.14,male,white,12,$25-$50k,CHF,COPD/CHF/Cirrhosis,1,0,61,8.5,108,26,36.5,,4.2998047,1.09985352,0.89990234,125,,,,,0,0,no dnr,0,0,no(M2 and SIP pres)
2763,1919,68.01099,female,white,13,$25-$50k,ARF/MOSF w/Sepsis,ARF/MOSF,4,0,53,11.1992188,70,8,38.59375,182,,,1.09985352,157,7.429688,,,,,0,no dnr,0,1,
2764,741,36.29797,male,white,12,under $11k,Cirrhosis,COPD/CHF/Cirrhosis,2,0,97,13.5,118,16,38,190,,3.19970703,0.79992676,140,7.389648,,,,0,,no dnr,0,0,
2765,7309,51.73398,male,white,,,ARF/MOSF w/Sepsis,ARF/MOSF,2,0,74,11.2988281,55,24,35,263.3125,4.0996094,1,1,142,7.439453,118,17,1320,,,no dnr,0,0,
2766,2112,83.50696,female,white,12,,Colon Cancer,Cancer,2,0,103,6.89941406,60,20,36.09375,,4.3994141,0.69995117,1.19995117,138,,,,,1,0,no dnr,0,0,no(M2 and SIP pres)
2767,7184,78.87994,male,white,14,$25-$50k,ARF/MOSF w/Sepsis,ARF/MOSF,2,0,42,20.6992188,66,3,34.39844,86,3,0.59997559,2,136,7.259766,111,29,10,,0,no dnr,0,0,no(M2 and SIP pres)
2768,7521,54.31097,female,white,8,$11-$25k,CHF,COPD/CHF/Cirrhosis,6,0,144,13.3984375,65,36,39.19531,178,3.2998047,0.89990234,1.59985352,133,7.469727,184,16,2137,2,,no dnr,0,0,SIP>=30
2769,8998,72.21594,female,white,19,,Colon Cancer,Cancer,1,0,58,5.69921875,123,32,39.29688,,2,16.796875,1.19995117,134,,98,3,,,,no dnr,0,1,adl>=4 (>=5 if sur)
2770,2718,52.73398,male,white,,,Coma,Coma,1,0,45,2.09960938,118,20,38.69531,98.75,3.5996094,4,2.5,138,7.279297,121,54,1300,,,dnr after sadm,0,0,
2771,1024,38.07797,female,white,16,$11-$25k,MOSF w/Malig,ARF/MOSF,1,0,67,9.3984375,108,24,35.79688,410,2.199707,0.59997559,1.39990234,131,7.399414,104,37,2850,,,no dnr,0,0,
2772,210,60.75,female,asian,,,ARF/MOSF w/Sepsis,ARF/MOSF,1,0,63,17.5,150,32,38.69531,89,2.8999023,7.09960938,2.29980469,139,7.30957,,,,,,dnr after sadm,1,1,<2 mo. follow-up
2773,3970,66.80597,male,white,12,$11-$25k,Lung Cancer,Cancer,1,0,100,14.7988281,100,24,36.59375,420,2.2998047,1.29980469,1,144,7.389648,,,,0,0,no dnr,0,1,no(M2 and SIP pres)
2774,8616,59.88498,female,white,8,under $11k,COPD,COPD/CHF/Cirrhosis,2,0,66,18.5976562,122,24,35.39844,233.3125,,,1.19995117,135,7.489258,244,25,2800,0,,no dnr,0,1,
2775,7513,39.15399,female,white,12,under $11k,ARF/MOSF w/Sepsis,ARF/MOSF,3,0,49,5.29980469,68,20,35,,3.199707,0.5,1.29980469,143,,159,58,1220,,7,no dnr,0,0,
2776,467,79.04395,female,white,,,COPD,COPD/CHF/Cirrhosis,3,0,120,9.29882812,110,26,36.39844,110,3.699707,,0.89990234,139,7.179688,,,,,,dnr after sadm,1,1,<2 mo. follow-up
2777,6598,32.534,male,white,12,under $11k,ARF/MOSF w/Sepsis,ARF/MOSF,1,9,117,3.09960938,147,50,40.5,126.25,2.8999023,0.59997559,0.79992676,133,7.269531,,,,,7,no dnr,0,0,adl>=4 (>=5 if sur)
2778,4912,54.543,male,white,5,$25-$50k,Lung Cancer,Cancer,1,0,112,25.796875,100,12,36.39844,348,1.5998535,0.39996338,0.5,138,7.429688,144,10,990,0,0,no dnr,0,1,no(M2 and SIP pres)
2779,8691,59.60797,male,white,11,$11-$25k,COPD,COPD/CHF/Cirrhosis,5,0,81,7.69921875,83,26,37.09375,247.59375,,,2,138,7.479492,101,24,2450,0,0,dnr after sadm,0,0,no(M2 and SIP pres)
2780,2804,41.91898,male,white,15,$25-$50k,ARF/MOSF w/Sepsis,ARF/MOSF,0,0,65,17.5976562,116,16,37.89844,,2.0996094,2.09960938,1.09985352,132,,109,29,450,,0,no dnr,0,0,no(M2 and SIP pres)
2781,5692,95.53699,male,white,,,ARF/MOSF w/Sepsis,ARF/MOSF,0,61,107,71.6875,45,13,36.59375,251.84375,3.3999023,0.59997559,1.19995117,138,7.40918,79,23,2470,,0,no dnr,1,1,<2 mo. follow-up
2782,3459,43.03897,male,white,14,$25-$50k,Lung Cancer,Cancer,1,0,100,9.59960938,140,18,37.29688,,3.5996094,0.29998779,1.09985352,142,,,,,1,1,no dnr,0,1,adl>=4 (>=5 if sur)
2783,1040,70.03699,female,black,14,under $11k,Lung Cancer,Cancer,2,0,73,10.6992188,136,32,39.09375,,,,0.59997559,126,,162,8,2200,3,5,dnr after sadm,0,1,<2 mo. follow-up
2784,8765,77.03796,female,white,12,$11-$25k,CHF,COPD/CHF/Cirrhosis,3,0,71,6.79980469,101,28,35.79688,446.625,3.7998047,0.29998779,1.09985352,136,7.319336,117,26,875,5,3,dnr after sadm,0,0,no(M2 and SIP pres)
2785,2092,75.45197,male,white,12,$25-$50k,CHF,COPD/CHF/Cirrhosis,4,0,44,8.69921875,64,26,35.59375,276.1875,,0.59997559,2.59960938,137,7.569336,,,,0,2,dnr after sadm,1,1,<2 mo. follow-up
2786,3013,44.65698,female,white,12,,ARF/MOSF w/Sepsis,ARF/MOSF,0,0,83,7.79980469,62,22,35.79688,,,,1.89990234,140,,97,51,2000,0,0,no dnr,0,1,SIP>=30
2787,4751,61.78497,male,white,15,,ARF/MOSF w/Sepsis,ARF/MOSF,2,100,108,6.5,105,26,35.69531,150,,,0.5,134,7.319336,80,11,1390,,0,dnr after sadm,0,0,adl>=4 (>=5 if sur)
2788,8027,62.70999,female,white,12,under $11k,CHF,COPD/CHF/Cirrhosis,3,0,53,,44,24,35.79688,,,,1.79980469,134,,,,,,,no dnr,0,1,
2789,167,75.36798,male,white,,,ARF/MOSF w/Sepsis,ARF/MOSF,1,26,63,12.8984375,60,4,37.79688,166,,1.09985352,8.59960938,132,7.469727,,,,,,no dnr,1,1,<2 mo. follow-up
2790,7220,53.40698,male,black,12,under $11k,ARF/MOSF w/Sepsis,ARF/MOSF,2,0,83,6.69921875,104,20,36.29688,,2.5996094,1.09985352,1.29980469,133,,129,13,,1,2,no dnr,0,0,
2791,2800,68.42999,male,white,8,under $11k,ARF/MOSF w/Sepsis,ARF/MOSF,4,0,63,8.09960938,75,10,36.19531,230,2.7998047,0.69995117,1.09985352,143,7.269531,196,53,850,,2,dnr after sadm,1,1,<2 mo. follow-up
2792,4440,72.38098,male,white,16,,ARF/MOSF w/Sepsis,ARF/MOSF,3,0,117,25.6992188,106,30,35.69531,172.5,,,1.19995117,143,7.479492,124,31,2830,0,0,dnr after sadm,1,1,
2793,3347,54.15997,female,white,12,>$50k,Lung Cancer,Cancer,1,0,87,4.59960938,64,24,37,,,0.19998169,0.69995117,139,,,,,0,0,no dnr,0,1,no(M2 and SIP pres)
2794,6944,63.46899,female,white,11,,MOSF w/Malig,ARF/MOSF,1,0,110,12.0996094,122,20,36.29688,218.5,4.7998047,0.69995117,0.89990234,136,7.319336,90,23,1400,4,4,no dnr,0,1,no(M2 and SIP pres)
2795,6644,69.51996,female,black,8,under $11k,CHF,COPD/CHF/Cirrhosis,2,9,69,6.39941406,120,24,35,276.1875,2.5,1.09985352,1.59985352,141,7.509766,,,,4,5,no dnr,0,1,<2 mo. follow-up
2796,4684,63.26099,male,black,,,Coma,Coma,3,94,112,7.59960938,120,10,36.29688,136,2.699707,0.19998169,4.89941406,148,7.379883,80,135,1740,,,dnr after sadm,1,1,<2 mo. follow-up
2797,8214,68.92297,male,white,13,under $11k,CHF,COPD/CHF/Cirrhosis,3,0,111,6.39941406,42,29,36.59375,271.375,3.8999023,1.19995117,1.5,137,7.459961,,,,,,no dnr,0,0,no(M2 and SIP pres)
2798,6453,65.07599,male,white,16,$11-$25k,CHF,COPD/CHF/Cirrhosis,6,0,103,11.0996094,80,24,35.79688,314.25,3.7998047,2.69970703,1.39990234,144,7.459961,,,,3,4,no dnr,0,1,SIP>=30
2799,1182,77.53595,male,white,,,COPD,COPD/CHF/Cirrhosis,1,26,57,18.296875,135,10,38.19531,164,,0.69995117,1.59985352,140,7.459961,165,22,2691,,,no dnr,0,0,
2800,9003,81.72198,male,white,8,under $11k,COPD,COPD/CHF/Cirrhosis,3,0,113,8.69921875,98,42,38.09375,124,3,0.89990234,0.89990234,141,7.459961,286,33,1910,,,dnr after sadm,0,1,no(M2 and SIP pres)
2801,4612,75.56195,male,white,6,,ARF/MOSF w/Sepsis,ARF/MOSF,1,0,80,5.69921875,125,22,35.69531,,,1,1.29980469,142,,78,21,1000,,6,no dnr,0,0,no(M2 and SIP pres)
2802,2780,72.46497,male,white,12,$25-$50k,ARF/MOSF w/Sepsis,ARF/MOSF,5,0,48,10.3984375,134,10,38.29688,170,,,1.29980469,143,7.359375,121,32,505,0,0,no dnr,0,1,<2 mo. follow-up
2803,1255,64.02997,male,white,12,>$50k,CHF,COPD/CHF/Cirrhosis,2,0,62,4.5,65,22,36.5,173.3125,,3,2.09960938,132,7.469727,110,34,3465,1,0,dnr after sadm,1,1,<2 mo. follow-up
2804,7300,35.90399,female,black,10,$11-$25k,Colon Cancer,Cancer,1,0,105,11.3984375,104,24,36.19531,,3.5996094,0.69995117,1.19995117,154,7.399414,437,19,1750,1,0,no dnr,0,0,no(M2 and SIP pres)
2805,2027,69.12299,male,white,10,,ARF/MOSF w/Sepsis,ARF/MOSF,5,0,110,6.69921875,70,12,38.29688,107.14062,,,6.19921875,142,7.429688,,,,,4,dnr after sadm,1,1,<2 mo. follow-up
2806,5087,38.68298,female,black,12,under $11k,ARF/MOSF w/Sepsis,ARF/MOSF,1,0,132,13.1992188,140,26,38.29688,131.09375,,0.69995117,0.89990234,143,7.459961,331,28,4210,0,1,no dnr,0,0,no(M2 and SIP pres)
2807,5780,69.47595,female,black,,under $11k,ARF/MOSF w/Sepsis,ARF/MOSF,1,55,132,8.69921875,105,13,38.59375,230,,,0.5,137,7.539062,180,7,2945,,1,no dnr,0,0,adl>=4 (>=5 if sur)
2808,3750,66.97595,male,white,11,$11-$25k,ARF/MOSF w/Sepsis,ARF/MOSF,0,0,129,11.0996094,100,20,37.69531,120.40625,,,5.19921875,128,7.459961,,,,,0,no dnr,0,0,no(M2 and SIP pres)
2809,5349,54.81497,male,white,16,>$50k,Lung Cancer,Cancer,1,0,62,5.19921875,135,40,38.5,103.32812,1.5,,1.69995117,143,7.329102,160,26,1955,,,no dnr,0,1,
2810,2936,74.48297,male,white,12,$25-$50k,ARF/MOSF w/Sepsis,ARF/MOSF,2,55,57,5,80,20,36.29688,261.875,2.7998047,,1,144,7.389648,105,9,,,0,dnr after sadm,1,1,<2 mo. follow-up
2811,5651,82.65594,female,white,7,,CHF,COPD/CHF/Cirrhosis,2,26,73,7.79980469,105,22,35.79688,200,,,1.09985352,141,7.369141,96,20,2300,0,0,dnr before sadm,0,1,<2 mo. follow-up
2812,6190,27.44099,male,white,11,,ARF/MOSF w/Sepsis,ARF/MOSF,0,44,75,7.09960938,126,16,38.69531,157.5,1.6999512,1.79980469,0.69995117,135,7.379883,,,,,0,no dnr,0,0,no(M2 and SIP pres)
2813,6250,65.08997,female,white,10,$11-$25k,MOSF w/Malig,ARF/MOSF,1,0,115,7.19921875,113,14,36.09375,286.625,2.699707,1,1.19995117,133,7.509766,,,,,2,no dnr,0,1,SIP>=30
2814,4364,60.22998,male,white,14,>$50k,CHF,COPD/CHF/Cirrhosis,3,0,131,6.89941406,54,14,37.59375,157.5,,,0.89990234,138,7.389648,121,7,6915,0,0,no dnr,0,0,no(M2 and SIP pres)
2815,4981,55.55899,female,white,16,>$50k,CHF,COPD/CHF/Cirrhosis,5,0,43,11.5996094,140,25,38.19531,119.98438,1.6999512,6.39941406,2.79980469,145,7.389648,117,60,1460,1,,no dnr,0,0,no(M2 and SIP pres)
2816,5329,63.159,male,black,7,under $11k,Coma,Coma,0,55,112,19,0,28,36.5,352.375,4.0996094,0.39996338,1.09985352,138,7.429688,171,22,2790,,6,dnr after sadm,1,1,<2 mo. follow-up
2817,7033,61.43997,male,white,,,ARF/MOSF w/Sepsis,ARF/MOSF,2,37,57,12.5,74,11,36.79688,184,2.3999023,2.39990234,0.69995117,137,7.479492,109,16,2160,,,no dnr,0,1,
2818,5076,59.98898,male,white,,,Coma,Coma,0,100,148,13.0996094,125,40,36.29688,240,,0.5,0.5,140,7.399414,166,36,1920,,,dnr after sadm,1,1,<2 mo. follow-up
2819,7872,85.90594,male,white,,,ARF/MOSF w/Sepsis,ARF/MOSF,0,26,69,33.59375,74,27,36.19531,,2.0996094,11.5,2,144,,,,,,,dnr before sadm,1,1,<2 mo. follow-up
2820,7834,57.681,male,white,12,$25-$50k,Lung Cancer,Cancer,1,0,77,13.6992188,120,20,38.19531,272,2.5996094,0.89990234,0.69995117,133,7.479492,,,,0,0,dnr after sadm,0,1,<2 mo. follow-up
2821,9087,70.48297,male,white,12,$11-$25k,COPD,COPD/CHF/Cirrhosis,2,0,93,15.5,69,32,36,280.9375,,0.39996338,1.19995117,139,7.399414,144,32,950,,,no dnr,0,0,no(M2 and SIP pres)
2822,2668,71.15094,female,white,,,ARF/MOSF w/Sepsis,ARF/MOSF,3,0,105,9.8984375,102,24,38.5,171.40625,2.5996094,1.19995117,1.19995117,137,7.5,200,24,3400,,,no dnr,0,1,adl>=4 (>=5 if sur)
2823,5455,26.09698,female,white,12,,ARF/MOSF w/Sepsis,ARF/MOSF,3,9,105,9.69921875,65,24,37,390.4375,,,1.29980469,143,7.519531,107,22,2150,2,,dnr after sadm,0,0,SIP>=30
2824,4447,57.728,male,white,18,>$50k,Lung Cancer,Cancer,2,0,105,5.89941406,86,24,37.69531,,,0.39996338,0.59997559,131,,151,6,,0,0,no dnr,0,1,
2825,5857,47.31,male,white,11,under $11k,Cirrhosis,COPD/CHF/Cirrhosis,3,0,63,10.8984375,70,20,36,351.375,2.699707,1.5,2.29980469,123,7.359375,,,,4,4,no dnr,0,1,adl>=4 (>=5 if sur)
2826,86,70.21497,male,white,12,$11-$25k,Colon Cancer,Cancer,1,0,117,10.1992188,22,18,38,,3.0996094,0.69995117,1.29980469,137,,,,,0,0,no dnr,0,1,no(M2 and SIP pres)
2827,9044,72.76898,male,white,11,,Coma,Coma,3,37,64,1.69995117,69,24,36.5,366.625,4.1992188,0.89990234,1.19995117,134,7.439453,127,11,1925,,,no dnr,1,1,<2 mo. follow-up
2828,1258,74.97296,female,black,9,under $11k,CHF,COPD/CHF/Cirrhosis,4,0,101,3.79980469,76,20,36.39844,,,,1.89990234,141,,,39,1670,6,,no dnr,0,0,
2829,5100,55.715,female,white,12,,Lung Cancer,Cancer,1,0,72,17.1992188,115,28,36.59375,217.125,,0.69995117,0.89990234,129,7.489258,102,8,2750,,1,no dnr,0,1,no(M2 and SIP pres)
2830,5879,56.23798,male,white,,under $11k,Cirrhosis,COPD/CHF/Cirrhosis,3,0,72,15.5,52,25,36.29688,,2.0996094,1.39990234,0.89990234,140,,,,,,2,no dnr,0,0,no(M2 and SIP pres)
2831,876,42.11899,female,hispanic,16,,ARF/MOSF w/Sepsis,ARF/MOSF,3,26,72,3.89990234,115,28,38.19531,311.0625,,1.59985352,2.89990234,147,7.449219,78,64,151,,0,no dnr,0,0,no(M2 and SIP pres)
2832,5044,70.71899,male,white,13,under $11k,Lung Cancer,Cancer,1,0,80,9.19921875,75,20,35.19531,330,,,1.79980469,140,7.589844,75,41,925,,0,no dnr,0,1,no(M2 and SIP pres)
2833,7724,37.69998,male,white,11,under $11k,COPD,COPD/CHF/Cirrhosis,2,0,142,19.296875,130,12,36.5,418.625,1.7998047,1.19995117,10,138,7.359375,79,80,2136,0,,no dnr,0,0,no(M2 and SIP pres)
2834,9086,18.41499,male,white,12,>$50k,ARF/MOSF w/Sepsis,ARF/MOSF,1,0,65,38.3984375,104,30,36,152.5,,1,1.29980469,132,7.419922,243,25,1225,,0,no dnr,0,0,
2835,3669,68.22699,female,white,11,under $11k,ARF/MOSF w/Sepsis,ARF/MOSF,0,0,134,10.1992188,110,40,38.09375,183.3125,4.0996094,0.79992676,0.69995117,145,7.479492,,,,,0,no dnr,0,1,adl>=4 (>=5 if sur)
2836,4819,84.07898,female,white,,,ARF/MOSF w/Sepsis,ARF/MOSF,0,0,98,7.29980469,72,16,36.39844,,4.5,0.69995117,1.5,142,,105,19,,,,dnr after sadm,1,1,<2 mo. follow-up
2837,8020,50.50198,male,white,6,$11-$25k,COPD,COPD/CHF/Cirrhosis,0,0,113,7.89941406,67,30,36.19531,165.6875,3.699707,0.89990234,1,138,7.40918,,,,1,0,no dnr,0,0,no(M2 and SIP pres)
2838,319,23.81699,male,black,13,$25-$50k,MOSF w/Malig,ARF/MOSF,1,0,127,17,140,28,37.89844,53.32812,,,1.39990234,135,7.429688,,,,0,2,dnr after sadm,0,1,adl>=4 (>=5 if sur)
2839,6553,64.11499,male,white,9,under $11k,COPD,COPD/CHF/Cirrhosis,2,0,79,18.5,77,26,35.39844,188.5625,3.7998047,0.69995117,0.79992676,139,7.479492,,,,1,0,no dnr,0,0,
2840,5836,62.56497,male,white,3,under $11k,COPD,COPD/CHF/Cirrhosis,2,0,98,7.59960938,100,28,36.19531,273.75,4.0996094,0.29998779,1.09985352,138,7.229492,,,,0,,no dnr,0,0,no(M2 and SIP pres)
2841,745,72.42694,female,other,,,Cirrhosis,COPD/CHF/Cirrhosis,2,26,103,8.3984375,135,32,37.69531,172.5,3.0996094,4.69921875,1.29980469,153,7.40918,,,,,,dnr after sadm,1,1,<2 mo. follow-up
2842,6475,83.81396,female,white,,,MOSF w/Malig,ARF/MOSF,1,0,111,5.5,109,28,36.5,206.09375,2.5996094,0.79992676,1.39990234,137,7.439453,,,,,0,no dnr,0,0,no(M2 and SIP pres)
2843,975,84.91394,male,white,16,,CHF,COPD/CHF/Cirrhosis,5,0,73,10.2988281,74,22,36,204.75,,,1.5,137,7.469727,135,36,1000,6,2,no dnr,0,1,<2 mo. follow-up
2844,6363,42.09399,female,white,12,$25-$50k,Cirrhosis,COPD/CHF/Cirrhosis,4,0,69,13.1992188,98,24,36.19531,,2.0996094,3.79980469,0.59997559,125,,,,,,,no dnr,0,0,
2845,6027,68.12897,male,white,,,Coma,Coma,3,100,63,9.8984375,77,12,36.39844,143.3125,4,1.5,1.89990234,133,7.379883,,,,,,dnr after sadm,1,1,<2 mo. follow-up
2846,3555,45.67297,male,white,,,Cirrhosis,COPD/CHF/Cirrhosis,3,0,85,4.39941406,86,24,36.69531,374.9375,2.7998047,0.79992676,0.69995117,141,7.389648,,,,,,no dnr,0,1,
2847,6297,68.39197,male,white,11,,Cirrhosis,COPD/CHF/Cirrhosis,3,9,108,9.79882812,71,12,36.29688,380.375,1.7998047,2.39990234,1.89990234,131,7.449219,,,,,5,no dnr,1,1,<2 mo. follow-up
2848,6701,33.72998,female,black,12,under $11k,ARF/MOSF w/Sepsis,ARF/MOSF,0,0,95,5,104,24,37.69531,253.03125,2,1.09985352,0.69995117,133,7.40918,,,,4,2,no dnr,0,0,no(M2 and SIP pres)
2849,4016,75.66595,female,white,11,$25-$50k,ARF/MOSF w/Sepsis,ARF/MOSF,0,26,71,8.5,64,40,38.59375,194.28125,2.199707,,0.59997559,138,7.369141,,,,,4,dnr after sadm,1,1,<2 mo. follow-up
2850,2492,64.04395,male,white,12,,Colon Cancer,Cancer,2,0,109,7.09960938,129,22,39.39844,246.65625,,0.59997559,1.19995117,146,7.289062,418,23,3230,0,,no dnr,0,1,no(M2 and SIP pres)
2851,1126,54.52399,female,white,12,$25-$50k,MOSF w/Malig,ARF/MOSF,1,26,115,0.04999542,175,38,39.5,495.8125,2.699707,7.39941406,0.59997559,151,7.549805,183,24,2120,,0,no dnr,1,1,<2 mo. follow-up
2852,1358,59.87097,male,white,,,Colon Cancer,Cancer,1,0,102,0.04999542,65,24,36.39844,452,,1.5,0.69995117,130,7.489258,,16,3400,,,no dnr,0,1,no(M2 and SIP pres)
2853,7545,44.09299,male,black,12,under $11k,Lung Cancer,Cancer,3,0,124,6.39941406,146,36,35.69531,261.875,2.2998047,2.79980469,6.89941406,143,7.209961,54,40,2036,0,,no dnr,0,0,no(M2 and SIP pres)
2854,6267,74.95398,male,white,16,$11-$25k,CHF,COPD/CHF/Cirrhosis,2,0,97,9.09960938,68,20,36,,3.5996094,0.69995117,2.09960938,137,,,,,5,5,no dnr,0,1,<2 mo. follow-up
2855,5033,56.60199,female,black,,,Cirrhosis,COPD/CHF/Cirrhosis,3,26,122,9.69921875,115,12,38.19531,187.5,2.8999023,2.79980469,1.19995117,137,7.459961,83,16,4150,,0,dnr after sadm,1,1,<2 mo. follow-up
2856,5705,62.52698,male,black,0,under $11k,ARF/MOSF w/Sepsis,ARF/MOSF,1,9,128,23.296875,125,12,36.5,100,4,,1.29980469,132,7.419922,201,49,2865,,0,no dnr,0,1,<2 mo. follow-up
2857,2107,60.46799,male,white,16,>$50k,MOSF w/Malig,ARF/MOSF,1,0,49,36.1953125,116,10,35.39844,142.84375,2.3999023,1.89990234,6.09960938,148,7.279297,,,,,,dnr after sadm,1,1,<2 mo. follow-up
2858,5159,56.59399,female,black,16,,MOSF w/Malig,ARF/MOSF,2,0,68,9.3984375,102,16,36.39844,,3.3999023,0.39996338,0.5,141,,88,5,7455,1,0,no dnr,0,1,adl>=4 (>=5 if sur)
2859,5637,68.71698,male,white,7,,MOSF w/Malig,ARF/MOSF,1,0,79,10.0996094,68,20,37.69531,,4,0.59997559,0.89990234,138,,86,7,4970,,1,dnr after sadm,1,1,<2 mo. follow-up
2860,5994,75.23096,female,white,12,,ARF/MOSF w/Sepsis,ARF/MOSF,0,0,180,18.5976562,116,10,38.09375,262.5,4.0996094,0.69995117,0.89990234,135,7.399414,,,,,0,dnr after sadm,0,0,adl>=4 (>=5 if sur)
2861,7835,78.27795,male,white,,,COPD,COPD/CHF/Cirrhosis,1,0,128,20.796875,64,26,36.69531,180.9375,4.2998047,0.69995117,2.39990234,138,7.379883,,,,,,no dnr,0,0,
2862,2070,73.09497,male,white,,,COPD,COPD/CHF/Cirrhosis,3,0,110,9.29882812,60,20,37,324,4.3994141,0.29998779,1.09985352,140,7.379883,,,,,,no dnr,0,1,
2863,6704,26.26099,male,black,,,Coma,Coma,4,0,41,11.6992188,0,46,39.09375,167.5,2.5,0.89990234,1.69995117,143,7.199219,,,,,,dnr after sadm,1,1,<2 mo. follow-up
2864,8736,46.702,male,white,12,$25-$50k,Coma,Coma,1,0,71,6,71,24,36.39844,253.84375,,,0.79992676,141,7.40918,120,10,1075,0,0,no dnr,0,0,no(M2 and SIP pres)
2865,5908,41.18799,male,white,15,,ARF/MOSF w/Sepsis,ARF/MOSF,1,0,117,21.0976562,157,20,39.29688,79.23438,2.5,0.89990234,0.29998779,129,7.449219,,,,,0,no dnr,0,0,no(M2 and SIP pres)
2866,3929,60.05197,male,white,16,,Cirrhosis,COPD/CHF/Cirrhosis,1,0,71,6.29980469,72,16,36.69531,,,7.29980469,1,136,,,,,,,no dnr,0,1,no(M2 and SIP pres)
2867,8655,74.81696,female,white,12,$11-$25k,Lung Cancer,Cancer,2,0,107,7.19921875,130,24,36.09375,95.23438,3.7998047,1.5,1,133,7.40918,112,15,1765,0,1,no dnr,0,1,no(M2 and SIP pres)
2868,1858,19.75099,male,black,14,under $11k,ARF/MOSF w/Sepsis,ARF/MOSF,0,0,113,14.5996094,112,24,37.09375,245,,,0.89990234,137,7.389648,,,,,,no dnr,0,0,no(M2 and SIP pres)
2869,1672,81.40997,female,white,12,under $11k,ARF/MOSF w/Sepsis,ARF/MOSF,1,9,61,5.19921875,89,11,36.39844,210.1875,,,1.19995117,139,7.439453,,,,,,no dnr,0,1,adl>=4 (>=5 if sur)
2870,4083,60.81897,male,other,5,under $11k,CHF,COPD/CHF/Cirrhosis,2,0,113,9.3984375,64,22,36.79688,300,1.7998047,0.69995117,1.69995117,130,7.439453,,,,6,6,no dnr,0,1,SIP>=30
2871,4702,67.69897,male,white,10,under $11k,COPD,COPD/CHF/Cirrhosis,3,0,103,2.79980469,65,24,38.19531,310,2.199707,,0.79992676,137,7.439453,126,8,2895,,2,no dnr,0,1,no(M2 and SIP pres)
2872,6914,29.599,female,white,,under $11k,ARF/MOSF w/Sepsis,ARF/MOSF,0,41,63,6.29980469,104,10,36.39844,312.5,2.0996094,1.19995117,0.79992676,141,7.429688,206,6,3525,,7,no dnr,0,0,adl>=4 (>=5 if sur)
2873,4133,47.21997,male,white,16,>$50k,Colon Cancer,Cancer,1,0,80,4.29980469,100,22,38.59375,,4,0.29998779,0.89990234,142,,,,,,0,no dnr,0,1,no(M2 and SIP pres)
2874,6418,61.61499,female,white,9,,ARF/MOSF w/Sepsis,ARF/MOSF,2,37,113,6.89941406,133,42,38.39844,360,2.7998047,0.5,1.09985352,144,7.5,,,,,7,dnr after sadm,1,1,<2 mo. follow-up
2875,1421,77.31097,male,black,,under $11k,ARF/MOSF w/Sepsis,ARF/MOSF,2,9,50,9.5,135,13,39.39844,196,1.5998535,1.79980469,0.89990234,135,7.369141,236,21,1800,,0,no dnr,0,0,no(M2 and SIP pres)
2876,7960,78.297,male,white,3,under $11k,ARF/MOSF w/Sepsis,ARF/MOSF,1,9,147,11.3984375,110,42,36.79688,240,3.5996094,0.39996338,1.29980469,140,7.399414,,,,,0,no dnr,0,1,no(M2 and SIP pres)
2877,6074,29.62399,female,black,12,under $11k,ARF/MOSF w/Sepsis,ARF/MOSF,3,0,62,9.29882812,48,24,37,528.5,3,0.19998169,0.79992676,137,7.199219,,,,0,,no dnr,0,1,<2 mo. follow-up
2878,5562,62.80899,male,white,18,under $11k,Cirrhosis,COPD/CHF/Cirrhosis,3,0,45,15.8984375,115,38,36,293.3125,,1.59985352,3.29980469,145,7.319336,297,96,288,1,,no dnr,0,1,no(M2 and SIP pres)
2879,5459,50.97897,male,white,12,$11-$25k,CHF,COPD/CHF/Cirrhosis,2,0,137,13.1992188,115,35,39.09375,319,,,0.59997559,133,7.449219,160,17,2065,0,2,no dnr,0,1,<2 mo. follow-up
2880,5136,39.23099,female,white,12,$11-$25k,ARF/MOSF w/Sepsis,ARF/MOSF,0,9,130,15.6992188,55,40,37.5,371.375,,,1.5,137,7.429688,156,36,1225,,0,no dnr,0,0,no(M2 and SIP pres)
2881,7745,62.17099,male,white,14,under $11k,Cirrhosis,COPD/CHF/Cirrhosis,2,0,85,11,72,20,36.79688,,2.8999023,1.29980469,0.89990234,133,,114,7,,0,0,no dnr,0,0,no(M2 and SIP pres)
2882,5028,48.375,male,white,9,under $11k,MOSF w/Malig,ARF/MOSF,2,9,78,5,65,16,36.39844,214.28125,,0.5,1.79980469,136,7.439453,178,48,2050,,0,dnr after sadm,0,1,<2 mo. follow-up
2883,3786,69.10895,male,white,13,$25-$50k,ARF/MOSF w/Sepsis,ARF/MOSF,1,9,119,6.59960938,110,50,38,296,,,0.59997559,134,7.489258,,,,,0,dnr after sadm,0,1,<2 mo. follow-up
2884,7784,39.25497,female,white,16,>$50k,ARF/MOSF w/Sepsis,ARF/MOSF,2,0,50,11.2988281,155,30,38.69531,,,,12.8984375,136,,,,,,0,no dnr,0,1,
2885,8944,69.06799,male,white,9,$11-$25k,ARF/MOSF w/Sepsis,ARF/MOSF,3,0,64,9.69921875,150,12,39.29688,164.4375,1.3999023,1.19995117,0.59997559,134,7.429688,140,6,3390,1,2,no dnr,0,0,no(M2 and SIP pres)
2886,5300,57.74899,male,white,14,>$50k,Lung Cancer,Cancer,1,0,109,8.5,84,16,36.79688,,,0.39996338,0.79992676,134,,69,6,4300,,1,dnr after sadm,1,1,<2 mo. follow-up
2887,8140,68.383,male,white,8,$11-$25k,CHF,COPD/CHF/Cirrhosis,5,0,53,13,70,24,36.79688,214.8125,4,0.79992676,2.29980469,130,7.419922,,,,1,0,dnr after sadm,0,1,no(M2 and SIP pres)
2888,4401,71.66095,male,hispanic,18,under $11k,Colon Cancer,Cancer,2,0,103,12,84,16,36.59375,,3.8999023,0.59997559,0.89990234,139,,140,8,4150,,1,no dnr,0,1,no(M2 and SIP pres)
2889,5538,44.61298,male,white,19,>$50k,Lung Cancer,Cancer,1,0,77,10.5996094,95,28,38.29688,283.3125,2.0996094,0.5,1.39990234,137,7.419922,189,40,1750,0,,no dnr,0,1,no(M2 and SIP pres)
2890,1502,54.88599,male,black,14,under $11k,CHF,COPD/CHF/Cirrhosis,3,0,65,14.1992188,65,16,35.59375,,,,1.59985352,125,,,35,3550,0,0,no dnr,0,0,no(M2 and SIP pres)
2891,6657,76.93097,male,white,12,under $11k,COPD,COPD/CHF/Cirrhosis,4,44,105,12.0996094,112,22,36.29688,248,4,0.39996338,1.19995117,145,7.429688,,,,,7,dnr after sadm,0,1,adl>=4 (>=5 if sur)
2892,4332,63.01199,female,white,4,under $11k,ARF/MOSF w/Sepsis,ARF/MOSF,2,0,0,11.5,0,0,38.89844,151.65625,,,2,137,7.239258,203,35,4135,,4,dnr after sadm,1,1,<2 mo. follow-up
2893,1923,93.63196,male,white,12,under $11k,ARF/MOSF w/Sepsis,ARF/MOSF,3,0,55,12.0996094,62,36,36.79688,177.5,,0.79992676,2.19970703,139,7.379883,,,,,6,dnr after sadm,1,1,<2 mo. follow-up
2894,2891,88.20294,female,white,12,$11-$25k,ARF/MOSF w/Sepsis,ARF/MOSF,0,0,35,11.8984375,182,40,38.89844,154.28125,,,4.79980469,135,7.289062,319,82,625,,6,dnr after sadm,0,1,
2895,7853,71.59497,male,white,8,under $11k,Lung Cancer,Cancer,2,0,67,4.5,43,18,36.19531,,4.3994141,0.69995117,0.69995117,128,,,,,1,0,dnr after sadm,0,1,
2896,219,78.84998,female,black,8,,CHF,COPD/CHF/Cirrhosis,3,0,114,8.3984375,78,20,37.79688,328.5625,3.8999023,0.79992676,1.29980469,137,7.459961,,,,4,6,no dnr,0,0,SIP>=30
2897,4668,75.95898,male,white,12,$25-$50k,COPD,COPD/CHF/Cirrhosis,5,0,70,11.8984375,105,10,38.69531,154.28125,,,1.29980469,132,7.40918,151,19,2450,,1,dnr after sadm,1,1,<2 mo. follow-up
2898,3548,59.75098,male,white,2,under $11k,ARF/MOSF w/Sepsis,ARF/MOSF,0,37,98,9.29882812,104,8,40,292.5,3.2998047,,1.39990234,142,7.5,,,,,,no dnr,0,0,
2899,2607,77.133,female,white,12,under $11k,ARF/MOSF w/Sepsis,ARF/MOSF,3,0,103,10.5,44,6,37.89844,214,,0.5,2.69970703,145,7.399414,440,81,615,1,0,no dnr,0,0,no(M2 and SIP pres)
2900,4000,60.646,male,white,,,ARF/MOSF w/Sepsis,ARF/MOSF,2,61,61,16.5976562,124,8,36,160,2.5,3.09960938,5.39941406,131,7.369141,,,,,,dnr after sadm,1,1,<2 mo. follow-up
2901,1174,64.54498,male,white,9,under $11k,CHF,COPD/CHF/Cirrhosis,2,0,50,6.09960938,60,16,36.5,,,,3.09960938,131,,,65,1550,,,no dnr,0,0,
2902,1096,33.60699,male,asian,16,>$50k,Coma,Coma,0,100,135,18.0976562,150,9,38.59375,427.5,4.0996094,0.69995117,0.89990234,133,7.429688,144,15,1305,,0,no dnr,0,0,no(M2 and SIP pres)
2903,5034,66.41998,male,white,9,under $11k,ARF/MOSF w/Sepsis,ARF/MOSF,2,0,65,7.79980469,65,33,37.69531,232.5,,,0.89990234,138,7.509766,110,20,850,,0,no dnr,0,0,no(M2 and SIP pres)
2904,6079,64.52594,female,white,10,$11-$25k,MOSF w/Malig,ARF/MOSF,1,0,67,13.0996094,107,14,36.69531,356.625,1.7998047,3,2.89990234,139,7.329102,,,,,,no dnr,0,1,no(M2 and SIP pres)
2905,8519,58.62299,female,white,13,$11-$25k,COPD,COPD/CHF/Cirrhosis,0,0,72,16.296875,124,16,38.29688,316,2.199707,6.69921875,0.89990234,130,7.479492,171,2,4660,0,0,no dnr,0,1,adl>=4 (>=5 if sur)
2906,7090,44.35599,male,white,9,under $11k,ARF/MOSF w/Sepsis,ARF/MOSF,2,100,89,3.59960938,60,20,37,,4,0.39996338,1.19995117,136,,122,9,,,5,dnr after sadm,1,1,<2 mo. follow-up
2907,4337,65.70294,male,,,,COPD,COPD/CHF/Cirrhosis,1,44,97,17.5,65,8,38,362.8125,,,5.5,141,7.439453,274,110,625,,,no dnr,0,1,Coma or Intub
2908,3314,74.84198,female,white,8,under $11k,ARF/MOSF w/Sepsis,ARF/MOSF,2,0,85,14.1992188,60,26,36.59375,157.5,1.6999512,0.89990234,2.89990234,138,7.439453,,,,,7,dnr after sadm,1,1,<2 mo. follow-up
2909,5042,75.65198,female,white,,,Colon Cancer,Cancer,1,26,72,15.8984375,55,14,36.19531,219.03125,,0.69995117,0.69995117,138,7.399414,126,14,2580,,4,dnr after sadm,1,1,<2 mo. follow-up
2910,1440,59.31,female,white,,,Cirrhosis,COPD/CHF/Cirrhosis,4,9,132,2.39990234,125,44,37.79688,182,,1.19995117,4.39941406,140,7.339844,356,91,492,,,no dnr,0,1,
2911,5005,67.49097,male,white,,under $11k,ARF/MOSF w/Sepsis,ARF/MOSF,1,0,62,7.69921875,110,31,36.89844,276.625,,1.09985352,3.09960938,143,7.369141,99,59,2050,,0,no dnr,0,0,adl>=4 (>=5 if sur)
2912,487,48.98599,male,white,,,Cirrhosis,COPD/CHF/Cirrhosis,5,0,60,16.3984375,115,36,38,132,2.3999023,4.19921875,1,138,7.549805,,,,,,dnr after sadm,1,1,<2 mo. follow-up
2913,1744,59.21399,female,black,,,ARF/MOSF w/Sepsis,ARF/MOSF,1,0,105,13.5,100,40,38.59375,130,,,1.79980469,138,7.479492,,,,,1,no dnr,0,0,
2914,2700,73.42896,female,white,,,ARF/MOSF w/Sepsis,ARF/MOSF,2,0,87,18.5,80,20,36.69531,488.3125,,,1.09985352,138,7.359375,137,26,600,,,dnr after sadm,1,1,<2 mo. follow-up
2915,4028,45.57397,female,black,13,$25-$50k,ARF/MOSF w/Sepsis,ARF/MOSF,0,0,80,12.6992188,104,40,38.59375,316.625,,,0.59997559,128,7.429688,,,,0,,no dnr,0,0,no(M2 and SIP pres)
2916,6223,64.45398,female,white,11,under $11k,CHF,COPD/CHF/Cirrhosis,4,0,96,6,65,22,36.19531,390.4375,,0.59997559,1.69995117,137,7.459961,,,,1,1,no dnr,0,1,no(M2 and SIP pres)
2917,1594,59.59799,male,white,15,,Lung Cancer,Cancer,2,0,82,18,92,32,38,308,3.0996094,0.89990234,0.79992676,124,7.479492,,,,,,no dnr,0,1,<2 mo. follow-up
2918,8183,66.31299,male,white,12,$11-$25k,CHF,COPD/CHF/Cirrhosis,1,0,62,,105,20,38,145,,,1.19995117,135,7.429688,,,,0,3,no dnr,0,0,no(M2 and SIP pres)
2919,1557,86.37097,male,white,,under $11k,CHF,COPD/CHF/Cirrhosis,3,9,70,7.5,65,20,36,266.625,,,0.79992676,143,7.5,322,16,1350,,,dnr after sadm,0,0,
2920,1597,42.70499,male,white,14,$11-$25k,Lung Cancer,Cancer,1,0,73,7.5,72,24,36.19531,,2.699707,0.19998169,0.69995117,136,,,,,5,6,no dnr,0,1,<2 mo. follow-up
2921,773,68.64899,male,white,18,$11-$25k,CHF,COPD/CHF/Cirrhosis,5,0,65,20.796875,120,30,35.79688,253.03125,,0.5,3.29980469,127,7.429688,,,,0,,no dnr,0,1,<2 mo. follow-up
2922,2454,58.29398,female,white,16,>$50k,Lung Cancer,Cancer,1,0,52,3.39990234,72,14,39.89844,95.70312,1.5,0.5,1.29980469,142,7.469727,288,39,1095,0,,no dnr,0,1,SIP>=30
2923,716,54.44498,male,white,18,>$50k,ARF/MOSF w/Sepsis,ARF/MOSF,1,41,30,6.79980469,145,20,39.19531,81,2.199707,12.6992188,0.59997559,131,7.349609,,,,,,no dnr,1,1,<2 mo. follow-up
2924,714,56.50098,male,white,12,,Cirrhosis,COPD/CHF/Cirrhosis,2,41,123,16.8984375,115,9,37,273.3125,3.5996094,11.3984375,5.89941406,137,7.439453,,,,,6,dnr after sadm,1,1,<2 mo. follow-up
2925,1877,87.13995,female,white,,,ARF/MOSF w/Sepsis,ARF/MOSF,2,0,43,7.09960938,114,12,38.19531,285,4,1.19995117,2.09960938,143,7.439453,,,,,,dnr after sadm,1,1,<2 mo. follow-up
2926,6432,66.17395,male,black,11,$11-$25k,Coma,Coma,1,61,108,12.5996094,100,10,38.39844,237.5,2.2998047,0.39996338,1.39990234,138,7.429688,,,,,0,dnr after sadm,1,1,<2 mo. follow-up
2927,3077,78.34399,male,white,,,ARF/MOSF w/Sepsis,ARF/MOSF,1,0,43,10.3984375,107,14,38.29688,130,2,,1.69995117,136,7.40918,284,16,8404,,,no dnr,0,0,no(M2 and SIP pres)
2928,6521,39.73199,male,white,10,under $11k,ARF/MOSF w/Sepsis,ARF/MOSF,4,0,95,8.79882812,66,24,36,183.65625,4.2998047,1.19995117,0.89990234,138,7.399414,,,,1,0,no dnr,0,0,no(M2 and SIP pres)
2929,8671,71.64099,male,white,14,$25-$50k,MOSF w/Malig,ARF/MOSF,3,0,56,36.5,70,40,36.59375,254.28125,2.3999023,1.19995117,1.19995117,138,7.419922,217,76,760,,0,no dnr,0,1,no(M2 and SIP pres)
2930,1512,63.63898,female,hispanic,16,$11-$25k,ARF/MOSF w/Sepsis,ARF/MOSF,2,26,57,23.8984375,105,9,36.59375,256,,38.3984375,3.29980469,138,7.439453,109,66,1965,,,dnr after sadm,1,1,<2 mo. follow-up
2931,2547,23.33499,female,white,13,under $11k,MOSF w/Malig,ARF/MOSF,3,0,47,6.59960938,120,35,36.69531,,,,1.29980469,138,,99,21,,,0,dnr after sadm,1,1,<2 mo. follow-up
2932,8864,78.75696,male,white,8,,MOSF w/Malig,ARF/MOSF,0,0,70,12.7988281,78,24,35.79688,362.9375,,0.29998779,1.09985352,138,7.429688,278,18,,,0,no dnr,0,1,no(M2 and SIP pres)
2933,5645,72.85699,male,black,10,under $11k,ARF/MOSF w/Sepsis,ARF/MOSF,4,9,81,8.59960938,68,20,37.79688,,,0.59997559,0.69995117,138,,116,4,,1,,no dnr,0,1,
2934,6194,51.04199,male,white,14,>$50k,MOSF w/Malig,ARF/MOSF,1,0,94,0,104,24,36.69531,,2.5,3.19970703,1.09985352,127,,,,,,0,no dnr,0,1,SIP>=30
2935,6974,56.73599,female,black,11,under $11k,CHF,COPD/CHF/Cirrhosis,3,0,110,36.59375,118,27,36.29688,57,1.8999023,0.5,0.59997559,136,7.369141,270,22,4155,0,0,no dnr,0,1,no(M2 and SIP pres)
2936,5922,71.784,female,white,8,$11-$25k,Lung Cancer,Cancer,3,0,97,10.6992188,105,24,36.5,323.75,,0.29998779,0.79992676,130,7.459961,,,,0,,no dnr,0,1,no(M2 and SIP pres)
2937,6664,76.89496,male,white,19,,MOSF w/Malig,ARF/MOSF,2,9,89,0.17999268,71,22,38.09375,,,,1.39990234,135,,,,,,6,dnr before sadm,0,1,<2 mo. follow-up
2938,7542,67.86597,male,white,8,under $11k,CHF,COPD/CHF/Cirrhosis,4,37,153,4.69921875,54,38,37.89844,319,3.199707,0.5,0.89990234,142,7.459961,107,7,3154,,0,no dnr,1,1,<2 mo. follow-up
2939,1739,78.672,male,white,12,under $11k,ARF/MOSF w/Sepsis,ARF/MOSF,2,0,109,10.2988281,111,32,37.89844,420,2.7998047,0.79992676,0.89990234,143,7.399414,,,,,5,dnr after sadm,0,1,adl>=4 (>=5 if sur)
2940,8247,84.95599,female,white,,,Colon Cancer,Cancer,1,0,66,25.6992188,63,22,36.5,,,1.09985352,1,137,,,,,,,no dnr,0,1,
2941,4809,66.95099,female,white,,under $11k,ARF/MOSF w/Sepsis,ARF/MOSF,2,61,100,14.8984375,125,14,38.79688,376.625,,,1,137,7.419922,244,19,2235,,,dnr after sadm,1,1,<2 mo. follow-up
2942,1050,91.43896,female,white,14,>$50k,ARF/MOSF w/Sepsis,ARF/MOSF,1,61,75,9.5,75,37,36.5,562.75,2.0996094,0.5,1.09985352,134,7.599609,202,24,670,,6,dnr after sadm,0,0,adl>=4 (>=5 if sur)
2943,5611,70.15997,male,black,,under $11k,Coma,Coma,0,0,52,20.796875,135,22,37.69531,110.90625,,6.39941406,2.79980469,132,7.379883,50,96,126,,0,no dnr,0,0,adl>=4 (>=5 if sur)
2944,3564,41.09799,male,white,,,Lung Cancer,Cancer,1,0,86,8.19921875,116,24,38.09375,366.625,2.7998047,0.59997559,0.69995117,138,7.459961,,,,,,no dnr,0,1,
2945,5885,61.28998,female,white,11,under $11k,CHF,COPD/CHF/Cirrhosis,2,0,73,5.39941406,96,24,36,401.875,3.0996094,0.59997559,0.89990234,138,7.419922,,,,1,,no dnr,0,0,no(M2 and SIP pres)
2946,7284,57.88098,male,black,12,$11-$25k,CHF,COPD/CHF/Cirrhosis,1,0,112,3,153,6,37.89844,160,3,0.5,1,150,7.539062,273,10,4029,0,0,dnr after sadm,0,1,no(M2 and SIP pres)
2947,4154,67.07196,male,white,16,$25-$50k,Lung Cancer,Cancer,1,0,90,6.89941406,72,22,36.69531,,,1.29980469,1,141,,,,,0,0,no dnr,0,1,no(M2 and SIP pres)
2948,5883,54.92999,male,white,12,$25-$50k,ARF/MOSF w/Sepsis,ARF/MOSF,2,0,71,11.5996094,114,34,37.69531,167.5,2.3999023,1.09985352,0.69995117,137,7.469727,,,,0,1,no dnr,0,0,no(M2 and SIP pres)
2949,1092,77.42096,female,white,,,Coma,Coma,0,100,72,41.5,80,14,35.5,122.5,,0.09999084,0.39996338,119,7.599609,127,27,84,,,dnr before sadm,1,1,<2 mo. follow-up
2950,4379,22.116,female,black,12,$11-$25k,ARF/MOSF w/Sepsis,ARF/MOSF,2,0,64,16.1992188,126,40,36.39844,147.5,,,0.79992676,149,7.399414,168,20,1245,,0,dnr after sadm,1,1,<2 mo. follow-up
2951,619,58.58197,male,black,8,$11-$25k,Cirrhosis,COPD/CHF/Cirrhosis,3,0,67,8.3984375,76,20,37.89844,,,,1.5,136,,,,,,,no dnr,0,1,no(M2 and SIP pres)
2952,6398,30.66899,male,black,9,,ARF/MOSF w/Sepsis,ARF/MOSF,1,9,70,19,129,34,39.19531,98.59375,2.199707,1.5,1.69995117,143,7.369141,,,,,0,no dnr,0,0,SIP>=30
2953,3389,77.11694,male,white,11,under $11k,ARF/MOSF w/Sepsis,ARF/MOSF,1,37,55,17.8984375,110,14,36,140,1.5998535,0.39996338,1.09985352,151,7.389648,,,,,7,no dnr,1,1,<2 mo. follow-up
2954,4929,57.51099,male,white,16,$25-$50k,ARF/MOSF w/Sepsis,ARF/MOSF,1,0,58,11.7988281,155,40,37.89844,130,2.5,6.89941406,1.19995117,134,7.609375,167,48,2002,,0,no dnr,0,0,no(M2 and SIP pres)
2955,3500,83.32397,male,white,23,$11-$25k,ARF/MOSF w/Sepsis,ARF/MOSF,4,0,90,15.5,118,24,35.59375,282.5625,2.5,3.59960938,0.69995117,131,7.449219,,,,2,1,dnr after sadm,0,1,SIP>=30
2956,7959,74.86694,female,white,8,under $11k,COPD,COPD/CHF/Cirrhosis,1,0,77,12.8984375,71,32,36.39844,233.3125,,,0.89990234,139,7.379883,,,,0,1,no dnr,0,0,no(M2 and SIP pres)
2957,1978,47.35098,female,white,12,$25-$50k,CHF,COPD/CHF/Cirrhosis,4,0,68,12.1992188,78,28,36.29688,187.75,,,3.5,136,7.40918,,,,1,1,no dnr,0,1,no(M2 and SIP pres)
2958,3802,51.80798,male,white,16,$11-$25k,ARF/MOSF w/Sepsis,ARF/MOSF,1,0,69,18.8984375,110,10,36.29688,90,2.2998047,7.29980469,1.29980469,150,7.5,,,,,3,dnr after sadm,0,1,no(M2 and SIP pres)
2959,6816,79.258,male,black,12,under $11k,Lung Cancer,Cancer,1,26,107,19.0976562,107,24,36.59375,165.28125,2.2998047,2,7.39941406,135,7.319336,242,80,790,,5,dnr after sadm,0,1,<2 mo. follow-up
2960,1229,59.95297,male,white,12,$11-$25k,Cirrhosis,COPD/CHF/Cirrhosis,3,0,108,36.6953125,130,28,37.89844,,2.3999023,0.59997559,2.39990234,142,,122,71,510,1,2,no dnr,0,0,adl>=4 (>=5 if sur)
2961,6840,56.86499,male,black,16,$25-$50k,Coma,Coma,2,100,61,6.79980469,94,8,36.5,336.625,2.3999023,0.5,0.79992676,137,7.469727,160,15,1855,,1,dnr after sadm,1,1,<2 mo. follow-up
2962,6281,62.66898,female,hispanic,12,under $11k,CHF,COPD/CHF/Cirrhosis,2,0,79,7.19921875,101,18,36,309.5,4.3994141,0.79992676,0.79992676,135,7.469727,,,,0,0,no dnr,0,0,no(M2 and SIP pres)
2963,7969,62.63898,male,white,12,under $11k,MOSF w/Malig,ARF/MOSF,1,0,111,8.19921875,65,24,35.79688,328,,,1.5,139,7.379883,,,,0,0,no dnr,0,1,no(M2 and SIP pres)
2964,5530,65.82098,female,white,17,$11-$25k,ARF/MOSF w/Sepsis,ARF/MOSF,0,0,75,1.5,104,20,36.5,466.625,2.0996094,2.39990234,0.79992676,136,7.509766,143,8,1050,,7,no dnr,0,0,no(M2 and SIP pres)
2965,5967,35.09399,male,white,12,,ARF/MOSF w/Sepsis,ARF/MOSF,0,0,107,9.5,108,12,38.5,305,1.7998047,1.59985352,0.69995117,134,7.519531,,,,,,no dnr,0,0,no(M2 and SIP pres)
2966,4774,49.02399,male,black,13,,Cirrhosis,COPD/CHF/Cirrhosis,4,0,68,18.8984375,80,23,35.39844,244,,,2.29980469,126,7.519531,326,75,3145,0,0,no dnr,0,1,<2 mo. follow-up
2967,7551,92.65399,female,white,,under $11k,Coma,Coma,1,55,53,5.5,78,10,39,124,3.699707,0.59997559,1.39990234,130,7.279297,225,29,2125,,1,dnr after sadm,1,1,<2 mo. follow-up
2968,348,38.90799,female,white,13,,ARF/MOSF w/Sepsis,ARF/MOSF,2,0,107,18.6992188,120,28,37.5,280,,,4.29980469,125,7.289062,,,,,3,no dnr,0,1,
2969,8286,61.60999,male,white,14,$11-$25k,Coma,Coma,1,100,111,14.1992188,101,28,38.59375,422.5,4.5996094,0.5,1.39990234,142,7.30957,,,,,,dnr after sadm,1,1,<2 mo. follow-up
2970,1301,73.99896,female,white,12,under $11k,COPD,COPD/CHF/Cirrhosis,3,0,50,30.6992188,55,36,35.5,,,1.29980469,2.29980469,122,,105,40,209,,,dnr after sadm,0,1,no(M2 and SIP pres)
2971,2203,87.61096,male,white,8,under $11k,CHF,COPD/CHF/Cirrhosis,5,0,107,9.3984375,60,20,36.59375,218.5,,,2.09960938,145,7.479492,,,,,1,dnr after sadm,0,1,adl>=4 (>=5 if sur)
2972,9067,69.36597,male,white,12,$25-$50k,ARF/MOSF w/Sepsis,ARF/MOSF,0,0,120,10.8984375,110,32,35.5,163.25,2.5,0.29998779,1.09985352,149,7.449219,149,30,4375,0,0,no dnr,0,0,no(M2 and SIP pres)
2973,729,72.323,male,white,,,Colon Cancer,Cancer,2,0,81,16.296875,112,20,39.19531,,3.0996094,,0.79992676,128,,,,,,,dnr after sadm,0,1,
2974,1077,89.77997,male,white,,,Coma,Coma,2,100,78,17.296875,80,9,38.5,237.5,,,1.19995117,149,7.449219,107,39,350,,,dnr after sadm,1,1,<2 mo. follow-up
2975,2371,69.43994,male,white,9,under $11k,COPD,COPD/CHF/Cirrhosis,2,0,50,26,105,24,38,118.875,,,1.59985352,136,7.259766,,,,,,no dnr,1,1,<2 mo. follow-up
2976,5658,75.29395,male,white,16,>$50k,MOSF w/Malig,ARF/MOSF,1,44,152,5.5,60,30,38.69531,228.5625,,,0.89990234,134,7.439453,103,13,1320,,0,dnr after sadm,1,1,<2 mo. follow-up
2977,1609,70.80396,female,white,12,,Lung Cancer,Cancer,4,0,73,11.7988281,120,28,36.09375,395.1875,3.3999023,0.5,1.19995117,135,7.449219,,,,,1,dnr after sadm,0,1,<2 mo. follow-up
2978,232,80.09595,male,white,12,$11-$25k,CHF,COPD/CHF/Cirrhosis,2,0,93,,80,20,36.79688,,,,0.69995117,131,,,,,5,6,no dnr,0,1,SIP>=30
2979,4606,49.383,female,white,,,Lung Cancer,Cancer,1,0,108,12.0996094,135,35,36.09375,256.625,2.7998047,0.29998779,0.5,143,7.5,155,12,3155,,,no dnr,0,1,
2980,8386,65.17499,male,white,12,under $11k,COPD,COPD/CHF/Cirrhosis,2,26,79,7.89941406,103,36,37.89844,185.6875,2.3999023,0.59997559,1,138,7.469727,,,,,3,dnr after sadm,0,0,adl>=4 (>=5 if sur)
2981,1307,64.34796,male,hispanic,14,,Cirrhosis,COPD/CHF/Cirrhosis,1,0,63,3.69970703,136,32,36.19531,,2.5,,0.79992676,133,,,15,1250,2,,no dnr,0,0,
2982,6349,57.60699,female,white,12,$25-$50k,ARF/MOSF w/Sepsis,ARF/MOSF,0,0,115,16.296875,124,32,38.69531,311.1875,2.0996094,2.09960938,2.29980469,138,7.339844,,,,,1,no dnr,0,1,no(M2 and SIP pres)
2983,7537,64.12,male,white,12,$11-$25k,CHF,COPD/CHF/Cirrhosis,7,0,125,3.89990234,72,22,36.29688,309.5,,,1.19995117,146,7.429688,108,27,2075,0,1,dnr after sadm,0,0,no(M2 and SIP pres)
2984,8069,86.29199,female,white,,under $11k,Coma,Coma,1,9,55,3.89990234,66,16,36.29688,409.5,3.8999023,0.39996338,1.5,137,7.329102,,,,,,dnr after sadm,0,1,adl>=4 (>=5 if sur)
2985,3620,62.439,female,black,,,Lung Cancer,Cancer,1,0,76,8,100,24,36.29688,271.375,,0.79992676,1.09985352,140,7.459961,,,,,,no dnr,0,1,
2986,2636,85.336,male,white,8,under $11k,COPD,COPD/CHF/Cirrhosis,2,9,73,15.5996094,135,28,40.19531,230,2.0996094,0.39996338,0.5,158,7.379883,148,3.299805,1870,,3,dnr before sadm,0,1,adl>=4 (>=5 if sur)
2987,8726,74.08899,female,white,8,,COPD,COPD/CHF/Cirrhosis,3,0,61,11.0996094,87,24,35.79688,195.90625,,1.29980469,1.5,138,7.359375,153,29,,2,1,dnr after sadm,0,1,SIP>=30
2988,3073,78.97296,male,white,12,$11-$25k,ARF/MOSF w/Sepsis,ARF/MOSF,3,0,77,5,110,20,36.09375,392.5625,,,1.19995117,135,7.449219,112,21,1100,0,0,no dnr,0,0,no(M2 and SIP pres)
2989,4132,56.64099,male,white,12,,Lung Cancer,Cancer,1,0,84,18,126,22,37,319,2.8999023,,0.69995117,141,7.479492,,,,0,0,dnr after sadm,0,1,
2990,1234,65.01794,male,white,16,$11-$25k,ARF/MOSF w/Sepsis,ARF/MOSF,0,0,108,7.79980469,105,18,36.69531,127.26562,2.5,0.29998779,1.09985352,139,7.419922,93,17,5930,,1,no dnr,0,0,
2991,5123,70.32196,male,white,4,under $11k,ARF/MOSF w/Sepsis,ARF/MOSF,3,0,30,7.79980469,135,33,40.59375,305,,,5.79980469,144,7.319336,90,54,140,,0,no dnr,0,1,no(M2 and SIP pres)
2992,9089,51.452,female,white,12,$11-$25k,Lung Cancer,Cancer,1,0,118,9.59960938,60,16,36.19531,,3.5996094,0.39996338,2.59960938,135,,154,59,1450,,,no dnr,0,1,no(M2 and SIP pres)
2993,8335,81.48096,female,white,16,,Coma,Coma,0,100,117,,134,32,38.5,377.75,3.0996094,0.69995117,1.09985352,131,7.489258,,,,,,dnr after sadm,1,1,<2 mo. follow-up
2994,8302,83.19495,female,white,12,,Lung Cancer,Cancer,2,0,74,12.2988281,77,24,36.69531,,2.699707,0.59997559,0.89990234,134,,,,,,,dnr after sadm,0,1,adl>=4 (>=5 if sur)
2995,416,62.45297,male,white,16,>$50k,CHF,COPD/CHF/Cirrhosis,2,0,63,7.89941406,100,20,36.59375,,,,1.39990234,134,,,,,0,,no dnr,0,0,no(M2 and SIP pres)
2996,5245,65.43195,male,white,15,>$50k,Lung Cancer,Cancer,2,0,65,14,135,6,38.5,185,,0.29998779,0.89990234,142,7.449219,92,7,3515,0,0,no dnr,0,1,no(M2 and SIP pres)
2997,2237,76.56897,male,white,12,,ARF/MOSF w/Sepsis,ARF/MOSF,0,0,53,5.39941406,63,30,38.59375,220,,0.5,0.79992676,136,7.419922,,,,0,0,no dnr,0,0,no(M2 and SIP pres)
2998,6287,42.25299,male,white,0,under $11k,Cirrhosis,COPD/CHF/Cirrhosis,1,0,112,3.69970703,104,20,37.59375,,2.5,0.79992676,0.69995117,138,,,,,,6,no dnr,0,1,adl>=4 (>=5 if sur)
2999,5303,46.612,female,white,12,under $11k,ARF/MOSF w/Sepsis,ARF/MOSF,3,0,105,3.59960938,100,24,37.5,,,0.29998779,1,143,,93,11,2400,,0,no dnr,0,1,
3000,7900,76.909,male,white,,,Lung Cancer,Cancer,2,0,63,6.39941406,76,24,36.39844,,,,1.39990234,135,,,,,,,no dnr,0,1,
3001,6454,72.04895,male,white,12,$11-$25k,CHF,COPD/CHF/Cirrhosis,2,0,143,11,64,16,36.19531,220,4,1.39990234,1.29980469,137,7.619141,,,,0,,no dnr,0,0,no(M2 and SIP pres)
3002,2213,70.23999,female,white,11,$11-$25k,ARF/MOSF w/Sepsis,ARF/MOSF,1,0,64,8.19921875,64,20,38.09375,130.59375,,,1.19995117,135,7.469727,,,,2,1,no dnr,0,0,no(M2 and SIP pres)
3003,3914,64.07397,male,black,8,under $11k,Lung Cancer,Cancer,1,0,73,28.6992188,114,27,36,123.32812,3.0996094,2.5,6.19921875,135,7.379883,,,,,0,dnr after sadm,1,1,<2 mo. follow-up
3004,5292,62.51099,female,white,12,$25-$50k,Lung Cancer,Cancer,2,0,72,3.89990234,68,20,35.79688,,4,0.59997559,0.79992676,138,,191,23,4475,0,0,no dnr,0,0,no(M2 and SIP pres)
3005,2743,87.71497,male,white,,,Coma,Coma,0,0,80,20.5976562,110,25,37.79688,,2.5996094,,1.19995117,133,,93,21,1475,,,dnr after sadm,1,1,<2 mo. follow-up
3006,3794,28.211,male,black,12,,Coma,Coma,1,100,133,30.0976562,126,12,38.69531,172.5,,0.79992676,1.89990234,143,7.5,,,,,0,dnr after sadm,1,1,<2 mo. follow-up
3007,8411,79.90997,male,white,8,under $11k,ARF/MOSF w/Sepsis,ARF/MOSF,1,9,68,20.6992188,78,22,36.69531,,,,1,133,,,,,,3,dnr after sadm,0,1,adl>=4 (>=5 if sur)
3008,6036,59.94299,male,white,8,,CHF,COPD/CHF/Cirrhosis,6,0,67,8.5,58,22,35.5,276.1875,3.699707,1,1.59985352,137,7.459961,,,,2,3,dnr after sadm,0,1,
3009,1332,69.46198,male,white,15,$25-$50k,ARF/MOSF w/Sepsis,ARF/MOSF,2,0,156,112.1875,135,35,38.29688,100,,,3.5,139,7.279297,,73,0,,,no dnr,0,0,no(M2 and SIP pres)
3010,1793,77.56097,female,hispanic,12,under $11k,CHF,COPD/CHF/Cirrhosis,2,0,107,7.79980469,78,24,35.79688,,,0.89990234,1.39990234,137,,,,,0,,no dnr,0,0,no(M2 and SIP pres)
3011,2113,68.22198,male,white,14,$11-$25k,CHF,COPD/CHF/Cirrhosis,2,0,80,7.39941406,90,25,36.19531,,4,,1.69995117,141,,,,,0,,no dnr,0,0,no(M2 and SIP pres)
3012,6362,77.46997,female,white,11,$11-$25k,ARF/MOSF w/Sepsis,ARF/MOSF,3,37,135,7.89941406,63,16,36.69531,71.42188,,,0.89990234,141,7.359375,,,,,7,no dnr,0,0,adl>=4 (>=5 if sur)
3013,4128,71.79999,male,white,6,,COPD,COPD/CHF/Cirrhosis,1,0,100,9.3984375,110,22,36.29688,156,3.199707,0.09999084,0.69995117,141,7.359375,,,,1,0,no dnr,0,0,
3014,3255,54.543,male,white,12,$11-$25k,ARF/MOSF w/Sepsis,ARF/MOSF,0,0,109,16.5,118,40,38.79688,176.34375,1.3999023,0.19998169,0.79992676,136,7.389648,,,,,2,no dnr,0,1,
3015,677,42.03699,male,white,20,>$50k,Cirrhosis,COPD/CHF/Cirrhosis,1,0,77,6.79980469,82,20,36.39844,,1.3999023,17.296875,2,128,,,,,,0,dnr after sadm,1,1,<2 mo. follow-up
3016,410,60.84097,male,white,16,,CHF,COPD/CHF/Cirrhosis,1,26,63,10.6992188,110,18,37.09375,120,2.8999023,1.09985352,1.59985352,136,7.489258,,,,,,no dnr,1,1,<2 mo. follow-up
3017,8238,53.00998,male,white,10,,Lung Cancer,Cancer,2,0,67,0.19998169,66,24,38.69531,,3.3999023,1.19995117,1.19995117,129,,,,,,,no dnr,0,1,no(M2 and SIP pres)
3018,8924,66.39294,male,white,15,$25-$50k,Lung Cancer,Cancer,1,0,71,7.39941406,114,29,38.89844,354.25,,,3.39990234,137,7.399414,239,76,675,0,,no dnr,0,1,
3019,3186,63.37598,female,other,10,,COPD,COPD/CHF/Cirrhosis,5,0,55,19.1992188,70,28,35.59375,370.3125,3.0996094,1.19995117,2.5,146,7.519531,251,67,1560,0,1,no dnr,0,0,no(M2 and SIP pres)
3020,5221,75.85498,male,white,6,$11-$25k,ARF/MOSF w/Sepsis,ARF/MOSF,0,94,73,11.8984375,150,16,38.59375,61.66406,2.0996094,,0.89990234,140,7.349609,113,18,3500,,1,dnr after sadm,1,1,<2 mo. follow-up
3021,6196,54.63898,male,white,12,$25-$50k,ARF/MOSF w/Sepsis,ARF/MOSF,3,0,121,16.6992188,130,24,36.29688,350,2.8999023,0.69995117,0.69995117,133,7.429688,,,,,6,dnr after sadm,0,0,
3022,6352,73.02899,female,white,12,>$50k,Coma,Coma,2,9,104,10.0996094,160,28,37.79688,297.5625,2.7998047,0.39996338,0.5,143,7.429688,,,,,7,no dnr,0,0,adl>=4 (>=5 if sur)
3023,6752,51.431,male,white,9,$25-$50k,ARF/MOSF w/Sepsis,ARF/MOSF,1,9,113,7.59960938,95,16,36.29688,,,1.69995117,0.59997559,130,,193,25,,,0,dnr after sadm,1,1,<2 mo. follow-up
3024,2443,91.16797,female,white,14,$11-$25k,COPD,COPD/CHF/Cirrhosis,2,9,67,6.59960938,80,20,36.09375,173.3125,,,0.79992676,136,7.259766,106,6,,,6,dnr after sadm,1,1,<2 mo. follow-up
3025,6689,74.81696,female,black,10,under $11k,COPD,COPD/CHF/Cirrhosis,4,0,107,15.5996094,111,38,36.19531,164.5,3.2998047,0.59997559,1.89990234,138,7.339844,,,,1,0,no dnr,0,0,no(M2 and SIP pres)
3026,1869,91.88995,female,white,,>$50k,CHF,COPD/CHF/Cirrhosis,2,0,75,8.69921875,60,24,36.69531,400,4.5996094,,1.89990234,135,7.259766,,,,,3,dnr after sadm,0,0,no(M2 and SIP pres)
3027,2096,76.57996,male,white,16,,ARF/MOSF w/Sepsis,ARF/MOSF,1,0,56,15.2988281,110,12,38.29688,170,2.8999023,13.8984375,3.09960938,137,7.379883,,,,,0,no dnr,0,1,<2 mo. follow-up
3028,5247,77.12,male,white,12,$25-$50k,ARF/MOSF w/Sepsis,ARF/MOSF,2,9,107,10,109,28,36.59375,176.1875,4,0.29998779,0.89990234,139,7.379883,132,15,1600,1,1,no dnr,0,1,no(M2 and SIP pres)
3029,5932,19.674,male,white,14,,ARF/MOSF w/Sepsis,ARF/MOSF,0,100,105,22,146,14,39.19531,252.5,1.8999023,9.69921875,7.89941406,148,7.419922,,,,,,no dnr,1,1,<2 mo. follow-up
3030,566,32.70599,female,white,21,,ARF/MOSF w/Sepsis,ARF/MOSF,0,55,122,7.29980469,105,15,36.19531,192.5,4,9.5,3.79980469,149,7.449219,,,,,3,no dnr,1,1,
3031,150,58.41498,female,white,14,$25-$50k,Colon Cancer,Cancer,1,0,91,5.09960938,88,24,37,,,1,1,138,,,,,,,no dnr,0,1,
3032,981,62.965,male,white,,,CHF,COPD/CHF/Cirrhosis,4,0,115,8.5,75,20,36,,,0.19998169,4.69921875,139,,104,50,1175,,,no dnr,0,1,
3033,5995,40.76898,female,white,12,$11-$25k,Cirrhosis,COPD/CHF/Cirrhosis,2,0,64,6,114,20,38.19531,,2.699707,1.89990234,0.59997559,124,,,,,2,2,no dnr,0,1,no(M2 and SIP pres)
3034,5799,33.59598,female,white,12,$11-$25k,MOSF w/Malig,ARF/MOSF,1,9,60,14.7988281,60,10,38.19531,283.3125,2.5996094,1.29980469,9.09960938,134,7.379883,249,39,0,,0,no dnr,0,0,no(M2 and SIP pres)
3035,7926,64.74194,female,white,15,$11-$25k,ARF/MOSF w/Sepsis,ARF/MOSF,1,0,127,10.1992188,104,42,39.19531,84,2.5,3.39990234,2.09960938,137,7.399414,,,,,0,no dnr,0,0,no(M2 and SIP pres)
3036,4021,52.57498,male,white,,,Lung Cancer,Cancer,1,0,115,12.1992188,84,20,36.89844,,,0.79992676,1.09985352,139,,,,,,,no dnr,0,1,adl>=4 (>=5 if sur)
3037,7441,61.478,female,white,15,$25-$50k,Coma,Coma,1,0,82,11,125,24,36,257.125,3,0.79992676,0.89990234,135,7.469727,96,15,1025,,0,no dnr,0,0,SIP>=30
3038,4906,60.66299,male,white,,,ARF/MOSF w/Sepsis,ARF/MOSF,0,9,52,21,145,10,39.29688,182.21875,1.8999023,2.89990234,1.5,139,7.5,196,55,330,,,dnr after sadm,1,1,<2 mo. follow-up
3039,228,56.20499,male,white,,,Lung Cancer,Cancer,2,0,107,8.19921875,92,20,37.19531,304.75,4.1992188,0.29998779,0.89990234,135,7.439453,,,,,,no dnr,0,1,no(M2 and SIP pres)
3040,6649,80.39398,male,white,8,,Coma,Coma,2,55,144,18.0976562,120,24,38,,,1.09985352,1.29980469,129,7.469727,,,,,5,dnr after sadm,0,1,<2 mo. follow-up
3041,4598,83.76495,male,white,9,$11-$25k,CHF,COPD/CHF/Cirrhosis,3,0,124,12.2988281,136,26,38.39844,142,4.5996094,0.19998169,1.29980469,144,7.419922,474,20,2155,3,3,no dnr,0,1,adl>=4 (>=5 if sur)
3042,1645,31.56699,male,white,18,,ARF/MOSF w/Sepsis,ARF/MOSF,3,0,57,17.6992188,130,34,39.59375,167.34375,2.699707,0.79992676,1.5,138,7.379883,,,,1,1,no dnr,0,0,
3043,6900,55.96198,female,white,7,,CHF,COPD/CHF/Cirrhosis,3,0,120,0.79992676,119,40,35.39844,,,,1.5,142,,314,23,605,0,3,no dnr,0,1,no(M2 and SIP pres)
3044,8213,67.38898,male,white,8,under $11k,MOSF w/Malig,ARF/MOSF,4,61,107,15,36,30,38.09375,214.28125,,,1,133,7.489258,,,,,3,dnr after sadm,0,1,<2 mo. follow-up
3045,3950,56.556,female,white,12,$25-$50k,Colon Cancer,Cancer,1,0,103,6,100,28,38.5,,2.8999023,1.19995117,0.59997559,140,,,,,0,1,no dnr,0,1,no(M2 and SIP pres)
3046,5727,64.05695,female,black,,,Coma,Coma,2,100,187,8.3984375,55,40,38.69531,254.28125,,,0.79992676,145,7.449219,123,13,1930,,,no dnr,1,1,<2 mo. follow-up
3047,6240,55.27399,male,white,12,,Coma,Coma,2,100,58,12.7988281,30,22,41.69531,127.14062,,2.89990234,3.39990234,134,7.389648,,,,,0,dnr after sadm,1,1,<2 mo. follow-up
3048,6948,41.83698,male,white,8,,Coma,Coma,0,61,124,9.79882812,45,42,37.79688,105,2.7998047,0.59997559,1,137,7.459961,124,17,2945,,1,dnr after sadm,1,1,<2 mo. follow-up
3049,6709,40.57999,male,white,12,,ARF/MOSF w/Sepsis,ARF/MOSF,0,9,60,12,132,14,38.39844,108,1.6999512,2.89990234,4.79980469,142,7.279297,,,,,1,no dnr,0,0,SIP>=30
3050,7370,51.409,male,white,11,under $11k,Cirrhosis,COPD/CHF/Cirrhosis,2,0,83,13.2988281,100,10,36.89844,158,4.0996094,2.09960938,0.59997559,132,7.389648,116,13,2690,,0,no dnr,0,0,SIP>=30
3051,3289,64.98596,male,white,12,$11-$25k,CHF,COPD/CHF/Cirrhosis,2,0,53,6.59960938,50,22,36.39844,,,,1.39990234,135,,,,,0,0,no dnr,0,1,no(M2 and SIP pres)
3052,6295,87.55597,female,white,8,$11-$25k,CHF,COPD/CHF/Cirrhosis,3,0,110,6.79980469,96,24,36.09375,,3.699707,0.89990234,1.09985352,142,,,,,5,6,dnr after sadm,0,1,SIP>=30
3053,7894,86.185,female,white,8,under $11k,COPD,COPD/CHF/Cirrhosis,3,0,66,6.69921875,79,22,36.79688,382.5625,,,1,139,7.40918,,,,2,,dnr after sadm,0,1,
3054,8317,70.86395,male,white,8,$11-$25k,CHF,COPD/CHF/Cirrhosis,2,0,53,10.0996094,56,12,38.39844,,2.699707,1.79980469,1,133,,,,,0,,dnr after sadm,0,1,no(M2 and SIP pres)
3055,3759,73.56299,male,white,,,MOSF w/Malig,ARF/MOSF,2,0,47,0.09999084,190,32,36.09375,304,2.2998047,0.29998779,3.09960938,143,7.40918,,,,,,dnr after sadm,0,1,
3056,7280,56.60199,male,white,,under $11k,COPD,COPD/CHF/Cirrhosis,2,0,99,18.5,100,24,36.89844,137.5,3,1,2.29980469,142,7.349609,232,46,1175,,1,no dnr,0,1,no(M2 and SIP pres)
3057,8049,64.61896,male,white,12,under $11k,COPD,COPD/CHF/Cirrhosis,4,0,104,5.19921875,114,24,36.39844,230.40625,4.3994141,0.69995117,0.69995117,127,7.289062,,,,0,3,dnr after sadm,0,1,
3058,1154,44.00299,male,hispanic,12,$11-$25k,Lung Cancer,Cancer,1,0,95,10.0996094,100,22,36.5,,,0.19998169,0.79992676,134,,,13,1900,1,,no dnr,0,1,SIP>=30
3059,4804,78.52997,male,white,16,$11-$25k,Coma,Coma,2,44,133,0.09999084,110,43,36,116.3125,,20.5,1.29980469,152,7.459961,231,51,3460,,0,dnr after sadm,1,1,<2 mo. follow-up
3060,170,53.62097,female,white,12,,Cirrhosis,COPD/CHF/Cirrhosis,2,0,76,6.5,88,18,37.19531,,2.199707,1.5,1.09985352,128,,,,,,,no dnr,0,1,<2 mo. follow-up
3061,2408,77.24298,male,white,12,$25-$50k,COPD,COPD/CHF/Cirrhosis,3,0,87,12.3984375,80,20,36.09375,395,,,1.69995117,139,7.329102,,,,,,no dnr,0,1,no(M2 and SIP pres)
3062,8772,33.09497,male,white,,,ARF/MOSF w/Sepsis,ARF/MOSF,2,0,113,10.1992188,59,28,38.79688,200,,,1.59985352,137,7.479492,121,17,2440,,,no dnr,0,0,
3063,8117,62.35498,male,white,12,under $11k,COPD,COPD/CHF/Cirrhosis,2,0,52,6.39941406,148,31,36.39844,210,,,0.59997559,130,7.369141,,,,,2,dnr after sadm,0,1,<2 mo. follow-up
3064,7675,64.68695,male,white,7,$11-$25k,CHF,COPD/CHF/Cirrhosis,6,0,67,19.5,112,35,38.79688,266.625,1.7998047,1.29980469,1.19995117,145,7.469727,154,31,1881,0,5,no dnr,0,1,no(M2 and SIP pres)
3065,2741,92.33899,female,white,18,under $11k,ARF/MOSF w/Sepsis,ARF/MOSF,3,0,52,8.5,81,8,38.89844,295,,,1.09985352,139,7.419922,101,18,2212,0,,no dnr,0,1,SIP>=30
3066,6703,70.40094,male,white,8,$11-$25k,CHF,COPD/CHF/Cirrhosis,4,0,108,7.59960938,74,22,36.29688,380.9375,3.5996094,1,1.59985352,140,7.5,,,,,,dnr after sadm,0,1,
3067,7910,74.30298,male,white,,,COPD,COPD/CHF/Cirrhosis,1,0,102,8.79882812,84,28,36.39844,264,,,1.19995117,138,7.379883,,,,,,no dnr,0,0,
3068,580,54.69699,male,white,18,>$50k,MOSF w/Malig,ARF/MOSF,1,26,82,0.59997559,115,34,36.5,171.40625,4.1992188,26.6992188,7.29980469,151,7.419922,,,,,,dnr after sadm,1,1,<2 mo. follow-up
3069,541,29.588,male,black,12,$11-$25k,ARF/MOSF w/Sepsis,ARF/MOSF,4,41,115,1.89990234,120,38,35.79688,305,,3.39990234,5.59960938,137,7.389648,,,,,,no dnr,0,0,adl>=4 (>=5 if sur)
3070,4585,45.59598,female,black,11,$11-$25k,ARF/MOSF w/Sepsis,ARF/MOSF,1,0,96,7.29980469,70,20,36.29688,,4.0996094,1,1.5,136,,139,31,,5,0,no dnr,0,0,
3071,6639,42.59799,male,white,12,under $11k,Lung Cancer,Cancer,3,0,137,14,113,30,35.09375,55,1.0998535,5.5,0.39996338,134,7.399414,,,,,6,dnr after sadm,1,1,<2 mo. follow-up
3072,2381,80.27399,male,white,16,>$50k,Colon Cancer,Cancer,2,0,97,4.59960938,80,20,36.69531,,,,1.19995117,140,,,,,3,1,no dnr,0,1,no(M2 and SIP pres)
3073,6546,62.73798,male,black,12,under $11k,ARF/MOSF w/Sepsis,ARF/MOSF,1,0,45,12,157,24,38.19531,64,2.3999023,0.59997559,0.5,133,7.369141,,,,,2,dnr after sadm,1,1,<2 mo. follow-up
3074,4940,50.36798,female,black,18,$11-$25k,Coma,Coma,1,0,67,19,95,28,36.69531,228.5625,,,1.59985352,142,7.399414,83,30,,,7,no dnr,1,1,<2 mo. follow-up
3075,1195,79.56696,female,white,,,Coma,Coma,4,61,107,20.8984375,70,14,38.39844,435,,,0.79992676,134,7.549805,,10,1620,,,dnr after sadm,1,1,<2 mo. follow-up
3076,1748,79.64996,male,white,15,under $11k,COPD,COPD/CHF/Cirrhosis,2,0,85,7.29980469,86,20,36.79688,588.25,,,0.89990234,145,7.439453,,,,,4,no dnr,0,0,no(M2 and SIP pres)
3077,4542,71.10699,female,white,10,under $11k,COPD,COPD/CHF/Cirrhosis,2,0,55,39.59375,104,10,36.59375,164,,1.59985352,1.89990234,133,7.339844,253,122,618,,0,dnr after sadm,0,1,no(M2 and SIP pres)
3078,2182,84.62994,female,white,9,,COPD,COPD/CHF/Cirrhosis,3,9,80,9.8984375,60,30,36.09375,190.46875,3.5996094,,1.19995117,138,7.449219,,,,,5,dnr before sadm,0,1,<2 mo. follow-up
3079,675,19.17,female,hispanic,12,,CHF,COPD/CHF/Cirrhosis,2,0,46,16.1992188,170,47,36,31.66406,,,1.59985352,131,7.189453,,,,,,no dnr,0,0,
3080,6764,66.73798,male,white,10,$11-$25k,CHF,COPD/CHF/Cirrhosis,2,0,130,13.0996094,65,10,36.5,356.625,,0.59997559,1.29980469,138,7.339844,256,11,,0,0,no dnr,0,1,no(M2 and SIP pres)
3081,8044,70.11597,female,white,,,CHF,COPD/CHF/Cirrhosis,3,0,111,6.19921875,60,20,36.19531,432,4.1992188,3,2.19970703,142,7.449219,,,,,,dnr after sadm,0,1,
3082,2832,54.79797,male,white,,,Lung Cancer,Cancer,1,0,159,9.09960938,128,42,36.59375,,4.5996094,0.79992676,2,141,,91,33,3748,,,no dnr,1,1,<2 mo. follow-up
3083,7056,58.82498,female,white,12,under $11k,ARF/MOSF w/Sepsis,ARF/MOSF,4,0,61,18.1992188,108,10,39,234,,,0.59997559,137,7.519531,116,9,3299,,5,no dnr,0,0,
3084,6761,69.32794,female,white,11,under $11k,Lung Cancer,Cancer,1,0,63,7.09960938,75,28,36.09375,,3.699707,1,3.19970703,143,,84,75,2400,1,2,no dnr,0,1,no(M2 and SIP pres)
3085,4576,59.34598,male,black,0,$11-$25k,Coma,Coma,1,94,138,7.59960938,84,22,36.29688,,4.0996094,1,1,140,,83,10,210,,0,dnr after sadm,1,1,<2 mo. follow-up
3086,265,65.53595,male,black,27,>$50k,MOSF w/Malig,ARF/MOSF,1,0,108,10.6992188,100,12,39.29688,220,2.2998047,0.89990234,1.79980469,136,7.40918,,,,,,no dnr,0,1,no(M2 and SIP pres)
3087,509,51.87698,male,white,16,>$50k,Lung Cancer,Cancer,1,0,91,3.89990234,100,20,36.59375,285.6875,2.8999023,0.29998779,0.89990234,133,7.519531,,,,0,0,no dnr,0,1,no(M2 and SIP pres)
3088,7102,76.56396,male,white,20,$11-$25k,Cirrhosis,COPD/CHF/Cirrhosis,6,41,107,20.6992188,103,34,35.59375,167.5,2.199707,0.39996338,1.29980469,142,7.359375,157,12,5360,,2,dnr before sadm,1,1,<2 mo. follow-up
3089,6627,70.59796,male,white,,,ARF/MOSF w/Sepsis,ARF/MOSF,2,55,44,16.5,116,12,35.09375,105,1.2998047,2.89990234,4.59960938,146,7.219727,,,,,,no dnr,1,1,<2 mo. follow-up
3090,4550,59.48798,male,white,12,$11-$25k,Colon Cancer,Cancer,1,0,70,7.69921875,64,18,36.39844,,3.199707,0.5,1,139,,113,9,4000,0,0,no dnr,0,1,SIP>=30
3091,7967,69.02399,male,white,8,$11-$25k,Cirrhosis,COPD/CHF/Cirrhosis,2,0,114,12.3984375,106,24,38,414.25,2.699707,3.19970703,1.69995117,136,7.529297,,,,,7,dnr after sadm,0,1,<2 mo. follow-up
3092,593,59.69299,female,white,,,MOSF w/Malig,ARF/MOSF,1,44,73,4.29980469,128,8,38.39844,95,,,1.69995117,155,7.369141,,,,,,dnr after sadm,1,1,<2 mo. follow-up
3093,7672,63.92599,female,black,10,under $11k,Cirrhosis,COPD/CHF/Cirrhosis,3,0,59,13.3984375,129,36,38.5,151.40625,2,0.79992676,0.59997559,134,7.439453,316,5,5730,,,no dnr,0,0,no(M2 and SIP pres)
3094,2357,65.88599,male,white,12,under $11k,ARF/MOSF w/Sepsis,ARF/MOSF,2,0,45,11,72,38,38.5,244.4375,2.699707,1.09985352,2.5,141,7.40918,,,,3,3,dnr after sadm,1,1,<2 mo. follow-up
3095,3293,69.30597,female,white,12,$11-$25k,CHF,COPD/CHF/Cirrhosis,1,0,84,7.19921875,96,30,37,385.6875,,,1.5,139,7.479492,,,,0,0,no dnr,0,1,<2 mo. follow-up
3096,1402,58.68597,female,black,12,$11-$25k,Lung Cancer,Cancer,1,0,57,44,125,35,36,233.3125,,,1,136,7.449219,415,34,1870,,0,no dnr,0,1,no(M2 and SIP pres)
3097,641,77.67596,female,black,14,$11-$25k,ARF/MOSF w/Sepsis,ARF/MOSF,2,0,85,11.3984375,110,20,36.89844,260,2.5,,1.19995117,134,7.449219,,,,,2,no dnr,0,1,<2 mo. follow-up
3098,4101,73.01599,female,white,11,under $11k,ARF/MOSF w/Sepsis,ARF/MOSF,1,41,54,12,116,10,38.5,182.84375,2.199707,7.5,4.19921875,133,7.339844,,,,,0,dnr after sadm,1,1,<2 mo. follow-up
3099,1778,60.35599,male,white,,,Colon Cancer,Cancer,1,0,49,8.19921875,130,36,35.09375,,2.3999023,20.1992188,2.79980469,137,,,,,,,dnr after sadm,1,1,<2 mo. follow-up
3100,954,33.59097,male,hispanic,16,$25-$50k,ARF/MOSF w/Sepsis,ARF/MOSF,2,0,81,2.09960938,95,16,37.59375,40,,0.69995117,2.29980469,138,7.549805,120,38,2096,2,,no dnr,0,0,no(M2 and SIP pres)
3101,7899,69.26196,female,white,13,$25-$50k,COPD,COPD/CHF/Cirrhosis,1,26,129,11.8984375,156,10,38.59375,168,4.5,0.29998779,1,134,7.339844,,,,,0,no dnr,0,0,no(M2 and SIP pres)
3102,694,40.39999,male,white,,,Lung Cancer,Cancer,3,0,90,6.29980469,104,18,36.59375,,,,0.89990234,139,,,,,,,no dnr,0,1,no(M2 and SIP pres)
3103,969,32.07397,female,hispanic,,,ARF/MOSF w/Sepsis,ARF/MOSF,5,41,62,2.5,130,35,33.69531,323,2.3999023,21.5,0.39996338,148,7.399414,296,33,2530,,0,no dnr,0,0,Coma or Intub
3104,8830,63.98898,male,white,,,Lung Cancer,Cancer,3,100,68,4.59960938,39,22,35.89844,466.625,,0.89990234,1.19995117,142,7.529297,132,26,1850,,,dnr after sadm,1,1,<2 mo. follow-up
3105,8453,41.862,female,white,,,ARF/MOSF w/Sepsis,ARF/MOSF,2,26,143,8,100,20,36.69531,,4.1992188,0.69995117,1.39990234,138,,101,18,,,,no dnr,0,1,
3106,4736,64.96399,male,white,12,$11-$25k,MOSF w/Malig,ARF/MOSF,2,0,113,13.8984375,115,26,39.19531,96.65625,,1.59985352,1,142,7.399414,114,18,3270,,,dnr after sadm,1,1,<2 mo. follow-up
3107,1439,70.56494,female,white,20,,Lung Cancer,Cancer,1,0,63,10.3984375,75,16,36.29688,,3.699707,2.39990234,1.5,126,,94,24,3625,,,no dnr,0,1,no(M2 and SIP pres)
3108,7764,69.28094,male,white,8,under $11k,Colon Cancer,Cancer,1,0,128,12.5,116,20,35.39844,,,1.39990234,1.09985352,139,,,,,1,2,no dnr,0,1,<2 mo. follow-up
3109,4125,69.04297,female,white,7,,ARF/MOSF w/Sepsis,ARF/MOSF,2,26,62,13.7988281,66,39,36.59375,147.5,2.5,2.5,2.09960938,145,7.169922,,,,,6,dnr after sadm,1,1,<2 mo. follow-up
3110,3860,63.88498,male,white,12,under $11k,MOSF w/Malig,ARF/MOSF,1,0,42,0.29998779,210,40,40.09375,57,3.199707,3.59960938,1.69995117,154,7.389648,,,,,3,dnr after sadm,1,1,<2 mo. follow-up
3111,8867,48.68698,female,white,13,under $11k,Cirrhosis,COPD/CHF/Cirrhosis,1,0,129,12.3984375,85,22,36.5,,3.8999023,0.59997559,1,135,,148,27,,,0,dnr after sadm,0,0,SIP>=30
3112,1294,23.76999,female,hispanic,16,$11-$25k,ARF/MOSF w/Sepsis,ARF/MOSF,0,9,70,10.5996094,96,20,37.59375,309.5,4.0996094,0.29998779,0.79992676,135,7.429688,126,11,2890,,0,no dnr,0,1,<2 mo. follow-up
3113,3766,63.64398,male,white,16,$11-$25k,Colon Cancer,Cancer,1,0,113,11.0996094,94,16,36.29688,,2.5996094,2,1.59985352,131,,,,,,4,no dnr,0,1,<2 mo. follow-up
3114,5626,81.24799,male,white,5,$11-$25k,ARF/MOSF w/Sepsis,ARF/MOSF,2,0,73,8.29882812,100,22,36.5,,,,2,133,,88,34,,,6,dnr after sadm,0,1,adl>=4 (>=5 if sur)
3115,8473,63.93997,female,white,14,$11-$25k,Coma,Coma,1,100,66,12,118,22,38.5,145.09375,2.5996094,0.5,2.59960938,149,7.40918,149,53,2745,,0,no dnr,0,0,adl>=4 (>=5 if sur)
3116,2473,70.69098,female,white,12,under $11k,Colon Cancer,Cancer,1,0,58,11.6992188,74,8,37.89844,180,3.3999023,,1.19995117,142,7.389648,151,24,2885,,7,dnr after sadm,1,1,<2 mo. follow-up
3117,1371,71.89294,male,white,31,>$50k,CHF,COPD/CHF/Cirrhosis,2,0,83,8,80,16,37,,2.8999023,8.8984375,1.29980469,132,,,21,760,,,no dnr,0,0,no(M2 and SIP pres)
3118,6047,59.13498,female,white,12,under $11k,Cirrhosis,COPD/CHF/Cirrhosis,2,0,62,6.79980469,120,23,36.59375,,2.5996094,2.09960938,1.29980469,135,,,,,0,2,no dnr,0,1,no(M2 and SIP pres)
3119,400,38.35699,female,white,,,Colon Cancer,Cancer,1,0,71,8.3984375,80,16,36.79688,,3,0.5,0.79992676,139,,,,,,,no dnr,0,1,
3120,6093,54.13599,male,black,9,under $11k,ARF/MOSF w/Sepsis,ARF/MOSF,2,41,119,17,131,30,38.59375,217.9375,2.5,0.39996338,0.59997559,139,7.389648,,,,,6,no dnr,0,1,
3121,5784,71.31598,female,white,12,,MOSF w/Malig,ARF/MOSF,1,26,107,9.5,72,24,36.39844,,3.7998047,0.39996338,0.5,141,,210,3,1975,,1,dnr after sadm,1,1,<2 mo. follow-up
3122,3117,41.46198,male,white,12,$25-$50k,MOSF w/Malig,ARF/MOSF,2,0,72,10.0996094,65,20,35.79688,148.3125,3.3999023,0.39996338,1.89990234,135,7.239258,191,49,1560,,,dnr after sadm,1,1,<2 mo. follow-up
3123,3957,77.86694,male,white,16,$11-$25k,ARF/MOSF w/Sepsis,ARF/MOSF,2,9,75,21.5976562,140,9,38.29688,187.5,,,2.19970703,151,7.389648,,,,,,dnr after sadm,0,0,adl>=4 (>=5 if sur)
3124,779,85.862,female,white,,$11-$25k,COPD,COPD/CHF/Cirrhosis,1,0,128,11.2988281,155,14,36.19531,155,2.699707,,1.79980469,137,7.469727,,,,,,dnr after sadm,1,1,<2 mo. follow-up
3125,3847,62.64798,female,white,,,MOSF w/Malig,ARF/MOSF,1,37,113,13.7988281,136,33,36.19531,55,,,0.69995117,130,7.419922,,,,,1,dnr after sadm,1,1,<2 mo. follow-up
3126,1492,66.92096,female,hispanic,,under $11k,ARF/MOSF w/Sepsis,ARF/MOSF,1,100,103,20.1992188,105,20,36.79688,,,,0.69995117,141,,172,9,1750,,0,no dnr,1,1,<2 mo. follow-up
3127,4275,29.62099,female,white,12,>$50k,ARF/MOSF w/Sepsis,ARF/MOSF,1,89,75,2.69970703,50,29,35.29688,256,2.699707,0.59997559,0.5,118,7.449219,,,,,7,no dnr,0,1,<2 mo. follow-up
3128,1406,58.98199,male,asian,12,$25-$50k,ARF/MOSF w/Sepsis,ARF/MOSF,2,26,57,7.79980469,105,12,36.59375,163.5,2.3999023,36.3984375,5.19921875,135,7.109375,98,48,240,0,1,no dnr,0,0,no(M2 and SIP pres)
3129,7936,70.78699,male,white,8,,Lung Cancer,Cancer,3,0,68,14.0996094,69,32,36.29688,,,,1.5,132,,,,,,0,dnr after sadm,0,1,
3130,6014,46.57098,male,white,8,$11-$25k,Cirrhosis,COPD/CHF/Cirrhosis,2,9,72,9.09960938,88,22,37.79688,331.875,2.199707,3.89990234,0.69995117,134,7.459961,,,,0,2,no dnr,0,0,no(M2 and SIP pres)
3131,917,79.97797,male,white,10,$11-$25k,ARF/MOSF w/Sepsis,ARF/MOSF,3,55,58,9.29882812,70,12,38.19531,127.5,,2.19970703,4.59960938,129,7.40918,97,87,2631,,6,dnr after sadm,1,1,<2 mo. follow-up
3132,3158,78.45898,male,white,3,$11-$25k,ARF/MOSF w/Sepsis,ARF/MOSF,2,0,111,0.09999084,130,16,35.59375,145,2,2.69970703,3,130,7.259766,116,67,243,0,0,no dnr,0,1,no(M2 and SIP pres)
3133,3068,89.71399,male,white,17,,ARF/MOSF w/Sepsis,ARF/MOSF,1,0,113,14,70,20,38.29688,247.59375,2.8999023,0.59997559,1,130,7.519531,171,17,6625,,0,no dnr,0,0,no(M2 and SIP pres)
3134,8685,77.61298,male,white,13,$11-$25k,COPD,COPD/CHF/Cirrhosis,3,0,71,17.1992188,162,30,39.39844,145,1.7998047,0.29998779,0.59997559,126,7.399414,182,12,2175,0,1,no dnr,0,0,
3135,3867,42.38199,male,white,12,$11-$25k,ARF/MOSF w/Sepsis,ARF/MOSF,1,61,100,10.3984375,104,22,39.09375,165.28125,,,0.59997559,145,7.40918,,,,,7,no dnr,0,1,
3136,7357,66.31598,female,white,8,under $11k,COPD,COPD/CHF/Cirrhosis,2,0,61,113.59375,63,20,36.69531,,,,2,129,,76,39,1650,,0,,0,0,no(M2 and SIP pres)
3137,857,52.99698,male,white,16,>$50k,ARF/MOSF w/Sepsis,ARF/MOSF,1,100,42,6.79980469,105,29,35.5,307.5,,6.39941406,8,145,7.389648,658,98,0,,,dnr after sadm,1,1,<2 mo. follow-up
3138,7317,74.66095,female,white,12,under $11k,ARF/MOSF w/Sepsis,ARF/MOSF,2,0,77,15.8984375,78,22,35.59375,,2.3999023,0.5,3.69970703,136,,85,73,2400,,0,no dnr,0,0,no(M2 and SIP pres)
3139,3808,33.49799,male,black,10,under $11k,ARF/MOSF w/Sepsis,ARF/MOSF,0,0,46,10.1992188,114,34,34.89844,138.3125,3.2998047,0.79992676,0.5,138,7.339844,,,,,5,no dnr,0,0,adl>=4 (>=5 if sur)
3140,2703,83.88196,female,black,15,under $11k,ARF/MOSF w/Sepsis,ARF/MOSF,2,0,111,2.79980469,105,38,36.69531,151.65625,2.5996094,1.69995117,3.79980469,145,7.40918,340,73,3525,,0,no dnr,0,0,no(M2 and SIP pres)
3141,105,61.56897,female,white,8,under $11k,CHF,COPD/CHF/Cirrhosis,2,0,90,6.5,80,20,36,,4.6992188,1.09985352,1.69995117,134,,,,,1,1,no dnr,0,0,no(M2 and SIP pres)
3142,2664,85.99298,female,white,12,under $11k,ARF/MOSF w/Sepsis,ARF/MOSF,2,0,67,13.5,60,6,38.79688,136.65625,4.0996094,0.79992676,2,142,7.419922,157,24,645,,0,dnr after sadm,1,1,<2 mo. follow-up
3143,3069,63.51297,female,white,,under $11k,ARF/MOSF w/Sepsis,ARF/MOSF,2,0,53,8.8984375,120,20,37,196.28125,,,1.09985352,148,7.269531,136,43,,,1,dnr after sadm,0,0,adl>=4 (>=5 if sur)
3144,9050,61.09497,male,white,12,,Colon Cancer,Cancer,2,0,104,,118,18,36.09375,,,,0.79992676,133,,128,18,3350,0,0,dnr after sadm,0,1,<2 mo. follow-up
3145,739,25.89699,male,hispanic,,,ARF/MOSF w/Sepsis,ARF/MOSF,3,0,153,7.09960938,110,24,35.89844,76,2.7998047,0.79992676,2.19970703,136,7.389648,,,,,5,no dnr,0,0,adl>=4 (>=5 if sur)
3146,8147,80.78894,male,white,7,under $11k,COPD,COPD/CHF/Cirrhosis,4,0,70,7,114,28,35.69531,460,,0.79992676,1.19995117,138,7.339844,,,,,,no dnr,0,1,
3147,6282,73.36597,male,white,12,under $11k,ARF/MOSF w/Sepsis,ARF/MOSF,4,9,66,11.0996094,109,24,36.09375,210,2.5,1.5,5.69921875,136,7.419922,,,,,0,dnr after sadm,1,1,<2 mo. follow-up
3148,4420,71.02496,female,black,13,,Coma,Coma,0,100,116,11,160,10,38.19531,266.625,,,0.89990234,128,7.489258,144,16,2700,,0,dnr after sadm,1,1,<2 mo. follow-up
3149,8423,84.159,female,white,14,,Coma,Coma,1,61,123,17.8984375,150,36,38.19531,,,,0.69995117,136,,,,,,0,no dnr,0,1,<2 mo. follow-up
3150,824,86.04199,male,white,12,under $11k,ARF/MOSF w/Sepsis,ARF/MOSF,0,37,115,0.59997559,110,12,36.89844,231.40625,,,1.19995117,144,7.5,,,,,0,dnr after sadm,1,1,<2 mo. follow-up
3151,6622,48.05499,male,black,10,,ARF/MOSF w/Sepsis,ARF/MOSF,2,0,98,23.1992188,148,48,38,184.4375,,,1.29980469,145,7.379883,,,,,0,dnr after sadm,1,1,<2 mo. follow-up
3152,1619,95.56494,female,white,8,under $11k,CHF,COPD/CHF/Cirrhosis,2,0,77,12.6992188,160,28,36.69531,460,4,1.19995117,1.69995117,144,7.459961,,,,,2,no dnr,0,1,adl>=4 (>=5 if sur)
3153,460,84.29297,female,white,,,CHF,COPD/CHF/Cirrhosis,3,0,103,9.3984375,130,20,36,423.75,,,1.29980469,137,7.609375,,,,,,no dnr,0,1,
3154,9054,45.35498,female,white,12,,ARF/MOSF w/Sepsis,ARF/MOSF,3,0,81,8.69921875,53,24,35.09375,,3.2998047,0.5,1.69995117,131,,108,33,3100,0,0,no dnr,0,0,SIP>=30
3155,4436,81.78796,female,white,6,,ARF/MOSF w/Sepsis,ARF/MOSF,1,9,56,15.5,106,10,36.59375,324,2.5,4.59960938,3.79980469,145,7.30957,95,62,2367,,1,no dnr,0,0,no(M2 and SIP pres)
3156,8285,80.08997,female,white,15,$11-$25k,COPD,COPD/CHF/Cirrhosis,3,0,71,10.7988281,87,16,36,223.78125,4.8994141,0.79992676,0.79992676,139,7.419922,,,,,,dnr after sadm,0,1,no(M2 and SIP pres)
3157,3721,68.53699,male,white,6,under $11k,CHF,COPD/CHF/Cirrhosis,4,0,65,10.2988281,70,28,38.39844,,,,1.19995117,135,,,,,1,0,no dnr,0,1,<2 mo. follow-up
3158,5343,75.99695,male,white,8,$11-$25k,MOSF w/Malig,ARF/MOSF,1,0,82,24.6992188,105,12,36,,,0.09999084,1.29980469,134,,84,28,1460,,7,dnr after sadm,1,1,<2 mo. follow-up
3159,3233,81.06995,female,white,16,$25-$50k,ARF/MOSF w/Sepsis,ARF/MOSF,2,9,115,24,142,36,37.69531,143.3125,2.5,0.79992676,1.5,155,7.389648,,,,,2,dnr before sadm,1,1,<2 mo. follow-up
3160,4166,34.15698,female,white,18,>$50k,CHF,COPD/CHF/Cirrhosis,0,0,112,8.29882812,110,26,36.79688,266.625,2.8999023,0.89990234,1,136,7.469727,,,,1,1,no dnr,0,0,
3161,1639,42.01498,male,white,17,under $11k,ARF/MOSF w/Sepsis,ARF/MOSF,2,0,73,7.59960938,50,16,36.79688,309.5,4.6992188,1.29980469,0.59997559,135,7.449219,,,,0,,no dnr,0,0,no(M2 and SIP pres)
3162,4772,67.73999,male,white,12,$11-$25k,Colon Cancer,Cancer,1,0,62,9.3984375,135,31,35.69531,223.3125,,2.29980469,1.89990234,138,7.429688,69,30,785,0,0,no dnr,0,1,no(M2 and SIP pres)
3163,5066,45.17697,male,black,12,under $11k,ARF/MOSF w/Sepsis,ARF/MOSF,0,0,59,10.3984375,130,12,36.59375,160,2.0996094,,0.39996338,137,7.40918,134,13,1585,0,0,no dnr,0,0,no(M2 and SIP pres)
3164,7131,44.34998,male,black,12,under $11k,Lung Cancer,Cancer,2,0,118,6.89941406,61,22,36.59375,460,1.5,0.39996338,3.69970703,133,7.40918,383,50,2646,6,6,dnr after sadm,0,1,<2 mo. follow-up
3165,2883,79.01398,male,white,12,$25-$50k,ARF/MOSF w/Sepsis,ARF/MOSF,4,0,93,3.79980469,100,20,36.59375,,,,1.39990234,140,,118,35,,,2,dnr after sadm,1,1,<2 mo. follow-up
3166,2556,64.28198,female,white,12,under $11k,ARF/MOSF w/Sepsis,ARF/MOSF,2,0,109,13,100,34,37.69531,251.84375,3.7998047,,1.09985352,137,7.329102,250,34,1100,1,1,no dnr,0,0,SIP>=30
3167,8324,66.32397,male,white,12,$11-$25k,MOSF w/Malig,ARF/MOSF,2,0,67,8.29882812,65,10,38.59375,85.70312,1.7998047,0.29998779,1.09985352,134,7.439453,,,,,0,no dnr,0,1,
3168,5912,64.36694,female,white,11,under $11k,Colon Cancer,Cancer,2,0,71,10.5996094,80,24,36.39844,,,0.69995117,0.89990234,131,,,,,2,4,no dnr,0,1,no(M2 and SIP pres)
3169,6133,51.72098,male,black,11,$11-$25k,MOSF w/Malig,ARF/MOSF,2,61,55,0.11999512,164,58,38.5,205,2.7998047,0.59997559,5.09960938,133,7.299805,,,,,0,dnr after sadm,0,1,no(M2 and SIP pres)
3170,7498,76.75299,female,black,,under $11k,ARF/MOSF w/Sepsis,ARF/MOSF,5,9,173,27,22,8,35.89844,193.3125,,1.79980469,1.09985352,140,7.459961,331,21,1554,,1,dnr after sadm,1,1,<2 mo. follow-up
3171,8129,76.159,male,white,8,$11-$25k,Lung Cancer,Cancer,2,0,67,18.5976562,66,24,36.29688,,,,1,132,,,,,0,,no dnr,0,1,no(M2 and SIP pres)
3172,825,80.646,female,white,13,under $11k,CHF,COPD/CHF/Cirrhosis,2,0,80,7.5,60,22,36.39844,328.5625,,,1.29980469,142,7.489258,,,,,,no dnr,0,1,no(M2 and SIP pres)
3173,4728,83.77496,male,black,7,under $11k,COPD,COPD/CHF/Cirrhosis,1,0,45,14.7988281,105,27,38.89844,182.5,,1.5,5.89941406,129,7.339844,95,82,115,0,0,no dnr,0,0,no(M2 and SIP pres)
3174,6329,57.49799,female,white,,under $11k,ARF/MOSF w/Sepsis,ARF/MOSF,1,0,65,2.19970703,108,14,36.59375,316,2.199707,0.59997559,0.69995117,132,7.519531,,,,,1,no dnr,0,0,no(M2 and SIP pres)
3175,7874,66.34595,female,white,12,$11-$25k,COPD,COPD/CHF/Cirrhosis,4,9,66,16.0976562,128,28,37,195.8125,3.8999023,0.5,0.79992676,138,7.419922,,,,1,3,dnr after sadm,0,0,no(M2 and SIP pres)
3176,2828,51.38898,male,white,13,$11-$25k,Lung Cancer,Cancer,4,0,51,4.89941406,60,6,35.19531,130.59375,2.8999023,0.5,2.29980469,141,7.099609,204,80,1090,0,0,no dnr,0,1,no(M2 and SIP pres)
3177,4750,43.38098,female,black,16,$25-$50k,ARF/MOSF w/Sepsis,ARF/MOSF,3,41,50,5,145,40,33.89844,55,4.6992188,4.09960938,2.29980469,152,7.439453,393,25,2750,,0,no dnr,0,0,no(M2 and SIP pres)
3178,5050,39.81699,male,black,12,under $11k,ARF/MOSF w/Sepsis,ARF/MOSF,2,41,110,8.19921875,80,20,37,404.75,3.2998047,1.19995117,1.09985352,139,7.469727,81,21,2300,,,no dnr,0,1,
3179,7896,70.93994,female,white,12,,Lung Cancer,Cancer,2,0,69,15,73,28,35,,3.3999023,0.59997559,0.59997559,128,,,,,0,,dnr after sadm,0,1,<2 mo. follow-up
3180,8629,77.05096,male,white,16,,Lung Cancer,Cancer,3,0,73,12.5996094,120,10,38.29688,211.09375,2.2998047,1.19995117,1.19995117,136,7.529297,145,12,4225,0,0,no dnr,0,1,adl>=4 (>=5 if sur)
3181,8425,62.58197,female,white,12,$11-$25k,ARF/MOSF w/Sepsis,ARF/MOSF,3,0,91,12.3984375,104,24,38.59375,140,3.0996094,1.09985352,0.89990234,139,7.379883,,,,0,0,no dnr,0,0,no(M2 and SIP pres)
3182,1765,25.782,male,other,18,$25-$50k,ARF/MOSF w/Sepsis,ARF/MOSF,0,0,73,5.5,76,24,39.09375,,2.7998047,0.19998169,1.29980469,140,,,,,0,1,no dnr,0,0,no(M2 and SIP pres)
3183,8874,53.95798,female,white,12,$25-$50k,Cirrhosis,COPD/CHF/Cirrhosis,2,26,57,11.7988281,88,30,39,182.5,3.0996094,2.39990234,1.19995117,137,7.509766,152,15,1424,,6,dnr after sadm,0,0,no(M2 and SIP pres)
3184,1340,43.25497,male,white,15,$25-$50k,ARF/MOSF w/Sepsis,ARF/MOSF,3,26,62,14.6992188,125,26,38.59375,173.3125,,2.29980469,1.89990234,145,7.429688,241,38,1926,1,,no dnr,0,0,no(M2 and SIP pres)
3185,5954,60.68698,female,white,15,$25-$50k,MOSF w/Malig,ARF/MOSF,1,37,114,0,136,32,39.59375,293.3125,2.2998047,2.39990234,0.5,137,7.539062,,,,,1,dnr after sadm,1,1,<2 mo. follow-up
3186,8149,74.25598,female,white,8,$11-$25k,Colon Cancer,Cancer,1,0,104,7.29980469,74,24,38,,4,0.5,1.09985352,136,,,,,,0,dnr after sadm,0,1,no(M2 and SIP pres)
3187,439,65.71399,male,white,,,Coma,Coma,2,55,43,14.8984375,80,26,38.89844,174,,9.8984375,7.69921875,137,7.449219,,,,,,dnr after sadm,1,1,<2 mo. follow-up
3188,3192,82.96198,female,white,9,under $11k,CHF,COPD/CHF/Cirrhosis,2,0,74,8.29882812,72,40,34.79688,,1.8999023,3.5,0.89990234,138,,299,35,1505,0,,no dnr,0,0,no(M2 and SIP pres)
3189,2931,60.78,male,white,12,>$50k,ARF/MOSF w/Sepsis,ARF/MOSF,3,0,59,10.0996094,78,28,37.89844,150,3.699707,0.69995117,1,142,7.459961,114,26,2064,0,0,no dnr,0,0,no(M2 and SIP pres)
3190,8169,82.31299,male,white,8,under $11k,Coma,Coma,0,100,42,15.0996094,114,20,35.89844,12,3,0.59997559,1.39990234,145,7.389648,,,,,0,dnr after sadm,0,1,<2 mo. follow-up
3191,6191,76.73895,male,white,12,under $11k,ARF/MOSF w/Sepsis,ARF/MOSF,0,44,72,22.1992188,108,44,38.19531,112.32812,1.7998047,2.59960938,5.39941406,146,7.449219,,,,,,dnr after sadm,1,1,<2 mo. follow-up
3192,384,57.52798,male,white,,,Coma,Coma,0,94,60,19.796875,75,15,36.89844,210,,,1,137,7.469727,,,,,,no dnr,0,0,
3193,1926,46.08398,female,black,12,,Lung Cancer,Cancer,1,0,93,12.6992188,76,16,36.69531,,3.5996094,0.39996338,1,135,,,,,0,0,dnr after sadm,0,0,no(M2 and SIP pres)
3194,8858,63.97498,male,white,12,under $11k,Lung Cancer,Cancer,2,0,59,6.59960938,113,11,36.39844,100,2.5,9.5,1.39990234,140,7.569336,108,31,3470,0,2,dnr after sadm,0,1,adl>=4 (>=5 if sur)
3195,506,60.23297,male,other,,,Lung Cancer,Cancer,1,0,79,19.8984375,160,16,36.39844,228.5625,4.1992188,1.29980469,1.79980469,134,7.459961,,,,,,dnr after sadm,0,1,<2 mo. follow-up
3196,1566,65.25397,female,white,18,$25-$50k,Coma,Coma,1,44,58,14.7988281,75,38,37.89844,526.5,,,0.79992676,141,7.389648,144,11,1150,,0,no dnr,0,1,adl>=4 (>=5 if sur)
3197,4879,79.31799,male,white,12,$11-$25k,ARF/MOSF w/Sepsis,ARF/MOSF,3,44,128,19.296875,160,14,35.09375,330,,,1,136,7.40918,138,26,1700,,0,dnr after sadm,0,1,adl>=4 (>=5 if sur)
3198,3661,81.31696,male,black,8,,CHF,COPD/CHF/Cirrhosis,4,0,63,3.39990234,66,16,36.09375,,3.2998047,0.19998169,4.79980469,147,,,,,0,0,no dnr,0,1,<2 mo. follow-up
3199,7005,69.383,female,hispanic,4,under $11k,ARF/MOSF w/Sepsis,ARF/MOSF,0,0,73,6.09960938,76,24,35,,3.2998047,1.59985352,1.5,143,,45,33,,,0,dnr after sadm,1,1,adl>=4 (>=5 if sur)
3200,3837,71.78894,male,white,12,under $11k,CHF,COPD/CHF/Cirrhosis,4,0,82,5.79980469,76,20,35.79688,304.75,,0.39996338,1.79980469,144,7.389648,,,,0,0,no dnr,0,1,no(M2 and SIP pres)
3201,3315,52.047,male,white,,,CHF,COPD/CHF/Cirrhosis,3,0,88,,100,32,35.29688,197.5,3.699707,1.69995117,1,133,7.449219,,,,,,no dnr,1,1,<2 mo. follow-up
3202,6844,62.75198,female,white,12,,Coma,Coma,0,61,50,7.09960938,50,10,34.09375,380.9375,2.5,0.5,1.5,150,7.399414,47,33,2535,,0,no dnr,0,0,no(M2 and SIP pres)
3203,9016,88.46497,female,white,8,,MOSF w/Malig,ARF/MOSF,0,9,63,7.69921875,64,16,36.29688,,3.3999023,0.39996338,1.29980469,134,,101,24,950,5,6,no dnr,0,0,no(M2 and SIP pres)
3204,8325,62.63699,male,white,11,under $11k,CHF,COPD/CHF/Cirrhosis,1,0,75,8.5,60,20,36.59375,107.5,3.8999023,0.69995117,1.19995117,136,7.389648,,,,0,,no dnr,0,1,no(M2 and SIP pres)
3205,3082,83.81396,male,white,12,$25-$50k,ARF/MOSF w/Sepsis,ARF/MOSF,3,0,137,16.5,66,10,36.89844,120,3.5996094,0.79992676,0.69995117,136,7.379883,315,15,2680,,6,dnr after sadm,1,1,<2 mo. follow-up
3206,2830,34.793,female,black,10,under $11k,ARF/MOSF w/Sepsis,ARF/MOSF,1,0,122,12.2988281,102,8,37.79688,250,3.2998047,,0.79992676,134,7.449219,155,23,1035,0,0,no dnr,0,0,no(M2 and SIP pres)
3207,6202,72.13696,male,white,9,under $11k,MOSF w/Malig,ARF/MOSF,2,0,62,0.25,108,23,38.09375,361.875,1.7998047,10.8984375,2.29980469,140,7.329102,,,,2,1,dnr after sadm,0,1,no(M2 and SIP pres)
3208,2614,42.62299,female,white,13,,Lung Cancer,Cancer,1,0,57,19.796875,70,20,36.09375,433.3125,2.199707,0.5,1.39990234,142,7.479492,93,41,,2,3,no dnr,0,0,
3209,2392,54.36798,male,white,12,,ARF/MOSF w/Sepsis,ARF/MOSF,0,0,61,7.59960938,150,52,39.29688,102.5,2.5,0.39996338,1.19995117,134,7.229492,,,,,0,no dnr,0,0,no(M2 and SIP pres)
3210,59,72.55896,female,white,,,COPD,COPD/CHF/Cirrhosis,3,0,123,13.2988281,98,32,37.19531,144.875,,,0.5,136,7.339844,,,,,,dnr after sadm,1,1,<2 mo. follow-up
3211,7076,58.23398,female,white,12,,ARF/MOSF w/Sepsis,ARF/MOSF,2,0,53,16.296875,63,10,35,132,2.2998047,0.59997559,8.19921875,125,7.299805,152,124,290,,0,no dnr,0,1,no(M2 and SIP pres)
3212,1379,63.685,female,white,11,$11-$25k,Coma,Coma,3,100,52,0.04999542,105,10,35.69531,131,,15.0996094,3.09960938,142,7.239258,326,32,0,,3,dnr after sadm,1,1,<2 mo. follow-up
3213,7635,74.02899,female,black,9,under $11k,Cirrhosis,COPD/CHF/Cirrhosis,1,9,61,7.69921875,122,10,38.09375,150,1.1999512,1.5,1.19995117,131,7.379883,103,12,1120,,2,dnr before sadm,1,1,<2 mo. follow-up
3214,3560,49.43997,female,hispanic,16,>$50k,Colon Cancer,Cancer,1,0,83,8.29882812,72,18,36.39844,,,1,0.89990234,135,,,,,,0,no dnr,0,1,no(M2 and SIP pres)
3215,3039,88.04095,female,white,12,>$50k,CHF,COPD/CHF/Cirrhosis,2,9,105,10,85,20,36,,4.0996094,0.29998779,1.29980469,133,,164,9,,,1,no dnr,0,1,no(M2 and SIP pres)
3216,6367,62.34097,female,white,12,$11-$25k,ARF/MOSF w/Sepsis,ARF/MOSF,1,0,38,4.79980469,120,24,37.59375,,2.5996094,17.8984375,10.3984375,134,,,,,,,no dnr,1,1,<2 mo. follow-up
3217,4071,73.13898,female,white,13,under $11k,ARF/MOSF w/Sepsis,ARF/MOSF,1,26,107,12.5996094,116,10,38.69531,260,2.3999023,0.69995117,1.79980469,146,7.40918,,,,,0,no dnr,0,0,adl>=4 (>=5 if sur)
3218,5326,67.94495,male,white,,under $11k,ARF/MOSF w/Sepsis,ARF/MOSF,1,0,107,8.69921875,80,20,37.5,,,0.39996338,1,140,,83,6,2840,,0,dnr after sadm,0,1,adl>=4 (>=5 if sur)
3219,1464,39.78098,male,white,14,>$50k,ARF/MOSF w/Sepsis,ARF/MOSF,1,0,102,11.0996094,80,24,36.39844,,,1.29980469,1.19995117,136,,161,16,1425,0,,no dnr,0,0,
3220,4241,76.20496,male,white,12,$11-$25k,MOSF w/Malig,ARF/MOSF,2,41,59,0.09999084,136,28,36.39844,250,1.8999023,2.19970703,2.09960938,143,7.429688,,,,,3,dnr before sadm,1,1,<2 mo. follow-up
3221,5479,59.75598,male,white,8,,ARF/MOSF w/Sepsis,ARF/MOSF,1,0,100,10.8984375,104,20,37,,3.0996094,1,0.89990234,133,,102,8,,,0,no dnr,0,0,adl>=4 (>=5 if sur)
3222,2385,83.06396,male,white,11,under $11k,Cirrhosis,COPD/CHF/Cirrhosis,3,0,68,13.2988281,60,20,35.59375,,,2,2.29980469,131,,,,,1,0,dnr after sadm,0,1,no(M2 and SIP pres)
3223,7430,66.48895,male,white,10,$11-$25k,ARF/MOSF w/Sepsis,ARF/MOSF,2,0,60,18.3984375,109,26,38.09375,116.65625,2.199707,4.89941406,2.09960938,138,7.389648,152,44,1675,5,,no dnr,0,1,adl>=4 (>=5 if sur)
3224,771,35.31799,female,black,,,ARF/MOSF w/Sepsis,ARF/MOSF,0,37,70,11,130,22,38.89844,37,,1.19995117,0.79992676,134,7.199219,,,,,,no dnr,1,1,<2 mo. follow-up
3225,3360,68.50696,female,white,,,ARF/MOSF w/Sepsis,ARF/MOSF,0,41,107,28.296875,100,36,36.09375,250,3.199707,1.29980469,0.69995117,131,7.439453,,,,,,dnr after sadm,1,1,<2 mo. follow-up
3226,5704,68.70398,female,white,14,,ARF/MOSF w/Sepsis,ARF/MOSF,1,41,135,13.7988281,115,40,36.79688,225,,,1,143,7.399414,154,17,4350,,0,no dnr,0,0,no(M2 and SIP pres)
3227,4900,59.32599,male,white,10,,COPD,COPD/CHF/Cirrhosis,2,0,48,22.0976562,115,8,38.69531,220,2.2998047,0.69995117,1.39990234,144,7.429688,227,18,3620,0,,no dnr,0,1,no(M2 and SIP pres)
3228,2538,68.31195,female,white,9,under $11k,CHF,COPD/CHF/Cirrhosis,3,9,107,11.3984375,70,20,37.79688,171.40625,,,1.69995117,143,7.389648,107,31,,,6,dnr after sadm,1,1,<2 mo. follow-up
3229,431,53.38498,female,white,11,under $11k,ARF/MOSF w/Sepsis,ARF/MOSF,2,0,73,5.19921875,120,12,38.39844,190,3.8999023,0.29998779,7.39941406,128,7.359375,,,,,,no dnr,0,0,no(M2 and SIP pres)
3230,268,40.63199,male,hispanic,1,$11-$25k,CHF,COPD/CHF/Cirrhosis,1,0,95,,94,26,36,,,,1.5,140,,,,,,0,no dnr,0,0,no(M2 and SIP pres)
3231,4002,70.14899,female,white,7,,Coma,Coma,1,100,70,16.5976562,64,28,38.5,220,2.5,1.09985352,2.69970703,135,7.579102,,,,,,dnr after sadm,1,1,<2 mo. follow-up
3232,2002,76.28497,male,white,12,$11-$25k,ARF/MOSF w/Sepsis,ARF/MOSF,3,0,58,13.0996094,60,24,36.59375,285.6875,2.2998047,0.59997559,1.5,139,7.319336,,,,3,3,no dnr,0,1,adl>=4 (>=5 if sur)
3233,322,58.09698,male,hispanic,15,$25-$50k,ARF/MOSF w/Sepsis,ARF/MOSF,1,0,57,16.5976562,120,10,38.29688,192,3.199707,0.5,1.09985352,137,7.549805,,,,,,no dnr,0,0,no(M2 and SIP pres)
3234,4955,80.51996,female,white,12,,ARF/MOSF w/Sepsis,ARF/MOSF,2,9,42,19.0976562,75,38,39,126.65625,,1.79980469,3.19970703,139,7.459961,155,71,375,,0,dnr after sadm,1,1,<2 mo. follow-up
3235,1284,45.08698,male,asian,18,,ARF/MOSF w/Sepsis,ARF/MOSF,4,44,77,15.8984375,80,20,36.29688,,,20.5976562,2.19970703,131,,76,11,2250,,,dnr after sadm,1,1,<2 mo. follow-up
3236,3241,29.33299,female,white,10,,ARF/MOSF w/Sepsis,ARF/MOSF,0,0,62,27.796875,62,16,38.79688,118.45312,1.8999023,3,0.89990234,140,7.449219,,,,,0,no dnr,0,0,
3237,2582,77.86694,female,white,8,under $11k,ARF/MOSF w/Sepsis,ARF/MOSF,4,41,60,8.79882812,52,50,38.79688,171,2.5996094,0.69995117,0.89990234,141,7.369141,96,14,3450,,,dnr after sadm,1,1,<2 mo. follow-up
3238,7426,68.64099,female,black,12,$11-$25k,CHF,COPD/CHF/Cirrhosis,4,9,65,5.69921875,69,24,36.09375,220,3.0996094,0.79992676,0.79992676,136,7.469727,98,10,,,5,dnr before sadm,0,1,no(M2 and SIP pres)
3239,7787,59.02298,female,white,,,CHF,COPD/CHF/Cirrhosis,2,0,79,6.79980469,73,24,37.69531,309.5,,,1,139,7.479492,,,,,,no dnr,0,1,
3240,6210,66.48895,male,white,14,under $11k,ARF/MOSF w/Sepsis,ARF/MOSF,1,0,82,23.296875,111,24,36.19531,289.9375,3.8999023,0.5,1.09985352,132,7.25,,,,0,1,no dnr,0,1,
3241,6351,37.91397,male,white,15,under $11k,MOSF w/Malig,ARF/MOSF,1,0,103,6.79980469,128,24,38.69531,,,,3.5,137,,,,,1,2,no dnr,0,1,<2 mo. follow-up
3242,5121,66.57098,male,white,12,under $11k,ARF/MOSF w/Sepsis,ARF/MOSF,1,100,103,7.39941406,85,22,36.89844,,,0.39996338,1.29980469,140,,95,24,,,,dnr after sadm,1,1,<2 mo. follow-up
3243,3478,71.48798,female,white,8,$11-$25k,CHF,COPD/CHF/Cirrhosis,4,0,83,7.09960938,54,16,36.59375,,4,0.69995117,1,139,,,,,2,5,no dnr,0,1,SIP>=30
3244,6829,78.05298,male,white,,,COPD,COPD/CHF/Cirrhosis,4,9,111,9.3984375,120,10,36,217.5,1.6999512,3.79980469,3.79980469,138,7.359375,80,55,435,7,5,no dnr,0,0,adl>=4 (>=5 if sur)
3245,5065,76.271,male,white,13,under $11k,COPD,COPD/CHF/Cirrhosis,1,9,65,10.0996094,65,24,34.69531,388,,,1.89990234,127,7.459961,211,50,930,0,3,no dnr,0,0,no(M2 and SIP pres)
3246,2714,72.534,male,white,8,,COPD,COPD/CHF/Cirrhosis,3,9,61,23.1992188,130,10,38.69531,270,,,1.19995117,147,7.389648,155,46,2159,,4,no dnr,0,1,<2 mo. follow-up
3247,1627,78.26099,male,,,,COPD,COPD/CHF/Cirrhosis,3,0,75,7,103,20,38,127.5,,,1.09985352,128,7.509766,,,,2,,dnr before sadm,0,1,no(M2 and SIP pres)
3248,8009,72.29797,female,white,8,,ARF/MOSF w/Sepsis,ARF/MOSF,0,0,77,16.5,130,36,38.59375,140,2.8999023,0.79992676,2.29980469,137,7.459961,,,,,7,dnr after sadm,1,1,<2 mo. follow-up
3249,654,61.99597,male,white,12,under $11k,CHF,COPD/CHF/Cirrhosis,2,0,66,5.79980469,70,26,36,,,1.29980469,1.39990234,131,,,,,0,1,no dnr,0,0,no(M2 and SIP pres)
3250,8061,58.58499,male,white,10,under $11k,Lung Cancer,Cancer,1,0,107,5.79980469,74,20,36.39844,,4.6992188,0.39996338,0.79992676,141,,,,,0,3,no dnr,0,1,no(M2 and SIP pres)
3251,7353,46.34399,male,white,11,under $11k,COPD,COPD/CHF/Cirrhosis,1,0,124,10.3984375,104,24,36,257.125,,0.39996338,1.19995117,133,7.429688,150,14,800,,1,no dnr,0,0,no(M2 and SIP pres)
3252,3064,57.133,female,white,14,$25-$50k,ARF/MOSF w/Sepsis,ARF/MOSF,1,0,83,7.89941406,70,30,36.09375,190.46875,3.5996094,0.79992676,1,142,7.459961,117,27,500,0,0,no dnr,0,0,no(M2 and SIP pres)
3253,2162,70.03998,female,white,,,Lung Cancer,Cancer,2,0,77,5.79980469,70,25,36.09375,,3.7998047,1.39990234,0.69995117,143,,,,,,,dnr after sadm,0,1,
3254,8488,77.29498,male,white,8,,ARF/MOSF w/Sepsis,ARF/MOSF,0,0,82,6.19921875,96,24,36.79688,140.90625,3.8999023,1.59985352,1.09985352,142,7.419922,153,13,750,,1,dnr after sadm,1,1,<2 mo. follow-up
3255,7706,64.99896,female,black,11,under $11k,CHF,COPD/CHF/Cirrhosis,3,0,122,9.29882812,120,40,36.09375,162.5,3.199707,0.29998779,1.29980469,140,7.439453,323,25,2371,,0,no dnr,0,1,no(M2 and SIP pres)
3256,8496,58.34399,male,white,,,Lung Cancer,Cancer,2,26,105,11.7988281,78,16,36,302.8125,4.1992188,0.69995117,1.39990234,126,7.399414,79,15,2800,,,no dnr,0,1,
3257,4923,70.21997,female,white,12,,Colon Cancer,Cancer,1,0,55,15.1992188,145,0,36.69531,190,,,2.29980469,136,7.489258,361,48,2670,1,0,no dnr,0,0,no(M2 and SIP pres)
3258,5763,64.84094,male,white,16,$11-$25k,Lung Cancer,Cancer,0,0,65,10.3984375,115,29,38.59375,243.3125,,1,1.79980469,138,7.509766,117,24,4410,,2,no dnr,0,1,<2 mo. follow-up
3259,6856,63.814,male,white,12,$25-$50k,ARF/MOSF w/Sepsis,ARF/MOSF,3,9,134,8.29882812,129,8,38,193.3125,2.7998047,1.69995117,0.89990234,147,7.5,62,11,7220,1,0,no dnr,0,1,
3260,3714,60.39697,male,black,8,,CHF,COPD/CHF/Cirrhosis,1,0,61,5,118,25,35.59375,,,,4.09960938,130,,,,,,,dnr after sadm,0,1,<2 mo. follow-up
3261,3988,54.92099,male,white,7,,ARF/MOSF w/Sepsis,ARF/MOSF,0,37,77,11,70,38,36.09375,312,1.7998047,9.59960938,9.19921875,132,7.399414,,,,,0,no dnr,0,0,no(M2 and SIP pres)
3262,426,90.13794,male,,24,,MOSF w/Malig,ARF/MOSF,2,44,63,25.1992188,65,28,36.5,172.5,2,2.89990234,1.79980469,138,7.479492,,,,,,dnr before sadm,0,1,<2 mo. follow-up
3263,819,68.20294,female,white,14,under $11k,Colon Cancer,Cancer,2,0,113,15.5996094,108,28,37.19531,,,1.29980469,0.79992676,137,,,,,0,0,no dnr,0,1,no(M2 and SIP pres)
3264,3316,57.34198,male,white,12,$25-$50k,Colon Cancer,Cancer,2,0,129,2.89990234,95,20,36.5,,3.699707,0.39996338,1.09985352,139,,,,,1,0,no dnr,0,1,no(M2 and SIP pres)
3265,5060,76.23798,male,white,3,,COPD,COPD/CHF/Cirrhosis,6,0,98,10.3984375,95,24,36.89844,223.3125,3.0996094,1.29980469,1.5,139,7.359375,94,31,2760,,6,dnr after sadm,1,1,<2 mo. follow-up
3266,3029,73.03198,male,white,,,Coma,Coma,2,100,73,12.5996094,72,4,36.29688,,2.5996094,0.29998779,0.89990234,138,,143,31,260,,,no dnr,0,0,
3267,1909,83.55896,male,white,,under $11k,COPD,COPD/CHF/Cirrhosis,1,0,107,16.796875,60,25,36.69531,117.5,,,1.5,144,7.279297,,,,1,1,no dnr,0,1,no(M2 and SIP pres)
3268,897,63.79498,female,white,16,>$50k,Lung Cancer,Cancer,1,0,101,6.39941406,120,24,36.19531,,4.1992188,0.39996338,0.89990234,140,,79,,2200,4,,no dnr,0,1,adl>=4 (>=5 if sur)
3269,8489,66.75397,male,white,15,$25-$50k,CHF,COPD/CHF/Cirrhosis,4,0,115,8.8984375,126,40,38.89844,377.5,2.5,0.69995117,1.79980469,144,7.469727,191,52,2915,1,6,no dnr,0,1,<2 mo. follow-up
3270,893,64.58295,male,white,12,$25-$50k,Lung Cancer,Cancer,2,0,81,5.69921875,84,20,37.79688,,,,0.79992676,140,,92,11,2775,,0,no dnr,0,1,
3271,5305,41.60699,male,white,12,,ARF/MOSF w/Sepsis,ARF/MOSF,2,37,73,8.09960938,114,28,36.5,291.375,3.8999023,0.59997559,0.5,139,7.319336,80,9,2050,,2,no dnr,0,0,no(M2 and SIP pres)
3272,514,62.27197,male,white,16,,ARF/MOSF w/Sepsis,ARF/MOSF,4,0,68,6.79980469,140,36,38,369.5625,3.3999023,6.09960938,7.29980469,132,7.5,,,,,0,dnr after sadm,1,1,<2 mo. follow-up
3273,1834,65.53894,male,white,19,>$50k,CHF,COPD/CHF/Cirrhosis,1,0,85,5.59960938,92,22,37.19531,385.6875,,,1.5,136,7.5,,,,0,0,no dnr,0,0,
3274,7507,57.96298,male,white,12,$11-$25k,Cirrhosis,COPD/CHF/Cirrhosis,3,100,69,13.6992188,107,28,37.5,185.6875,2.7998047,0.39996338,1.5,130,7.429688,119,26,7.5,,2,dnr after sadm,1,1,<2 mo. follow-up
3275,3338,51.63898,male,white,12,$11-$25k,COPD,COPD/CHF/Cirrhosis,2,0,132,10.8984375,138,11,37.79688,202.5,,,2.19970703,151,7.40918,,,,,0,no dnr,0,0,
3276,1646,56.961,male,white,16,$25-$50k,Cirrhosis,COPD/CHF/Cirrhosis,3,0,71,6,77,32,37,306.625,2.5,2.5,0.79992676,135,7.429688,,,,0,,no dnr,0,0,no(M2 and SIP pres)
3277,7398,47.78598,male,white,8,$11-$25k,ARF/MOSF w/Sepsis,ARF/MOSF,2,0,83,16.5,72,24,35.5,238.09375,2.5,0.89990234,1.19995117,148,7.539062,104,12,,,7,no dnr,0,0,adl>=4 (>=5 if sur)
3278,6509,68.64099,male,black,12,under $11k,MOSF w/Malig,ARF/MOSF,2,0,68,0.89990234,85,28,38.89844,,1.8999023,1.29980469,0.69995117,138,,,,,0,6,dnr after sadm,0,1,SIP>=30
3279,8369,74.04498,male,white,14,$25-$50k,MOSF w/Malig,ARF/MOSF,1,0,105,5.19921875,104,36,36.59375,352.5,,,1.39990234,141,7.769531,,,,,5,dnr after sadm,0,1,<2 mo. follow-up
3280,2596,82.12994,female,white,8,under $11k,COPD,COPD/CHF/Cirrhosis,4,0,39,13.5996094,125,34,38.39844,148.96875,3.0996094,1.39990234,2.59960938,136,7.359375,110,94,107,2,1,dnr after sadm,0,1,<2 mo. follow-up
3281,3997,69.98499,female,white,16,>$50k,Colon Cancer,Cancer,1,0,122,31.0976562,76,28,35.79688,,2.699707,0.09999084,0.59997559,137,7.479492,,,,2,0,no dnr,0,1,adl>=4 (>=5 if sur)
3282,7470,85.95197,male,black,6,under $11k,CHF,COPD/CHF/Cirrhosis,1,0,70,4.79980469,114,16,37.79688,,4.0996094,0.39996338,1,133,,178,12,,5,4,no dnr,0,0,no(M2 and SIP pres)
3283,8470,62.20099,male,white,8,$25-$50k,Lung Cancer,Cancer,3,0,101,14.0996094,63,38,36.5,171.40625,3.199707,0.89990234,1.09985352,130,7.469727,156,37,3945,,4,dnr after sadm,0,1,<2 mo. follow-up
3284,229,65.88599,female,white,,,ARF/MOSF w/Sepsis,ARF/MOSF,0,26,61,8.3984375,60,30,37,217.125,1.8999023,0.69995117,0.5,139,7.489258,,,,,,no dnr,0,0,
3285,1114,88.18298,female,white,,,CHF,COPD/CHF/Cirrhosis,3,0,70,5.89941406,65,28,36.5,187.75,,,1.19995117,142,7.439453,179,17,1480,,,no dnr,0,0,
3286,4543,53.73898,female,white,16,>$50k,MOSF w/Malig,ARF/MOSF,2,0,119,9.3984375,44,42,39.79688,363.3125,,,1.09985352,143,7.519531,133,17,2230,,0,dnr after sadm,1,1,adl>=4 (>=5 if sur)
3287,4886,75.77295,male,white,16,>$50k,ARF/MOSF w/Sepsis,ARF/MOSF,1,0,117,6.5,100,20,36.29688,,,0.59997559,1,138,,103,15,,,5,no dnr,0,0,SIP>=30
3288,3501,57.65399,male,black,,,CHF,COPD/CHF/Cirrhosis,3,0,63,6.69921875,60,22,37.19531,,,1,1.39990234,140,,,,,,,no dnr,0,1,
3289,2652,55.85199,female,white,16,$25-$50k,ARF/MOSF w/Sepsis,ARF/MOSF,1,0,33,0.5,150,12,38.69531,60,4.1992188,1.19995117,1.69995117,140,7.319336,159,22,450,,,no dnr,0,0,no(M2 and SIP pres)
3290,4691,63.685,female,white,,,Lung Cancer,Cancer,1,0,82,8.3984375,75,20,37.19531,,4.0996094,0.39996338,0.79992676,141,,122,6,,,,no dnr,0,1,
3291,1140,63.91199,female,white,18,>$50k,CHF,COPD/CHF/Cirrhosis,3,0,107,9.79882812,68,20,36.5,,3.3999023,0.19998169,2.39990234,139,,151,48,875,4,,no dnr,0,0,
3292,846,76.05499,male,white,14,,CHF,COPD/CHF/Cirrhosis,5,0,101,6.79980469,114,20,36.79688,,,0.59997559,1.69995117,139,,161,39,2390,6,,no dnr,0,0,no(M2 and SIP pres)
3293,4062,37.06198,female,white,12,,MOSF w/Malig,ARF/MOSF,0,0,73,0.29998779,144,32,39.29688,206.65625,1.6999512,0.39996338,1,154,7.379883,,,,,1,dnr after sadm,0,1,adl>=4 (>=5 if sur)
3294,8017,68.45697,male,white,8,under $11k,COPD,COPD/CHF/Cirrhosis,2,0,68,11.2988281,82,24,35.5,280.9375,4.5996094,0.69995117,1.19995117,136,7.459961,,,,0,0,no dnr,0,0,no(M2 and SIP pres)
3295,591,72.46497,female,black,,,Lung Cancer,Cancer,2,0,83,13,74,20,36.19531,,,,0.79992676,135,,,,,,,no dnr,0,1,<2 mo. follow-up
3296,7354,44.64899,male,white,,under $11k,COPD,COPD/CHF/Cirrhosis,3,0,58,3.5,96,20,38.69531,,,,1,139,,143,4,2250,0,3,no dnr,0,0,no(M2 and SIP pres)
3297,7170,52.99399,male,white,,,Cirrhosis,COPD/CHF/Cirrhosis,2,0,118,6.89941406,76,20,35.59375,381.625,4.0996094,1.19995117,1.59985352,131,7.429688,120,55,1450,,,dnr after sadm,1,1,<2 mo. follow-up
3298,6067,67.55896,male,white,,$11-$25k,ARF/MOSF w/Sepsis,ARF/MOSF,2,9,139,17.5,100,24,35.09375,115,2.5996094,0.89990234,8,134,7.40918,,,,0,0,no dnr,0,1,<2 mo. follow-up
3299,6354,78.98199,female,black,14,,CHF,COPD/CHF/Cirrhosis,4,9,110,16.5976562,97,24,36.39844,460,,0.79992676,1.59985352,134,7.509766,,,,0,,dnr after sadm,0,1,SIP>=30
3300,3639,48.586,male,white,6,$11-$25k,ARF/MOSF w/Sepsis,ARF/MOSF,0,0,103,23.0976562,132,28,39.39844,192.5,,2.69970703,1.19995117,149,7.439453,,,,,0,no dnr,0,0,adl>=4 (>=5 if sur)
3301,8257,60.87598,male,white,12,under $11k,ARF/MOSF w/Sepsis,ARF/MOSF,2,0,119,7.19921875,125,22,36.39844,300,4.2998047,0.5,1.89990234,139,7.40918,,,,,1,no dnr,0,0,no(M2 and SIP pres)
3302,1629,60.86798,male,white,4,,ARF/MOSF w/Sepsis,ARF/MOSF,2,9,129,10.2988281,114,28,37.19531,376.625,,,10.8984375,134,7.339844,,,,,2,no dnr,0,1,
3303,1356,71.99695,female,white,,,Coma,Coma,0,44,105,15.5,135,26,39,340,,,0.79992676,125,7.529297,114,16,4950,,,no dnr,0,1,
3304,6599,70.836,female,white,12,under $11k,CHF,COPD/CHF/Cirrhosis,4,0,72,6.29980469,63,20,36.5,,4.5,0.5,1.29980469,138,,,,,0,0,no dnr,0,0,no(M2 and SIP pres)
3305,3354,59.87399,female,white,16,$11-$25k,ARF/MOSF w/Sepsis,ARF/MOSF,0,41,67,9.69921875,118,36,39.5,106.65625,2.5,0.89990234,0.59997559,135,7.479492,,,,,0,no dnr,0,1,SIP>=30
3306,2845,68.78296,female,black,6,,Coma,Coma,3,44,61,15.7988281,135,8,37.69531,175,2.5,0.39996338,1,142,7.359375,301,19,5240,,1,no dnr,0,1,no(M2 and SIP pres)
3307,8083,18.16299,male,white,11,under $11k,MOSF w/Malig,ARF/MOSF,2,0,99,0.39996338,162,30,35.59375,,2.8999023,1.09985352,0.89990234,128,,,,,,0,dnr after sadm,1,1,<2 mo. follow-up
3308,2722,70.20898,male,white,12,$25-$50k,Cirrhosis,COPD/CHF/Cirrhosis,1,0,103,5.19921875,68,22,37.69531,263.3125,,,3.5,131,7.40918,245,65,2395,1,2,no dnr,0,1,SIP>=30
3309,4253,44.89798,male,white,12,under $11k,Cirrhosis,COPD/CHF/Cirrhosis,3,26,45,5.59960938,174,36,38.19531,206,2.199707,11.6992188,1.19995117,132,7.55957,,,,,3,no dnr,1,1,<2 mo. follow-up
3310,6344,82.32196,female,white,,,ARF/MOSF w/Sepsis,ARF/MOSF,1,9,145,15.0996094,60,14,36.69531,229.15625,2.699707,0.39996338,0.59997559,137,7.399414,,,,,,no dnr,0,1,
3311,1951,88.50696,male,white,,under $11k,CHF,COPD/CHF/Cirrhosis,3,9,83,7.89941406,80,25,37.79688,390.4375,3.8999023,1.69995117,2.29980469,133,7.459961,,,,,6,dnr after sadm,1,1,<2 mo. follow-up
3312,8632,90.38495,male,white,8,,CHF,COPD/CHF/Cirrhosis,5,0,69,14.6992188,146,26,38.09375,,2.5996094,0.39996338,0.89990234,134,,125,13,950,,,dnr after sadm,0,1,<2 mo. follow-up
3313,3934,50.11398,male,black,,under $11k,CHF,COPD/CHF/Cirrhosis,2,0,115,5.79980469,100,28,36.69531,304.75,,,0.89990234,141,7.419922,,,,0,,no dnr,0,0,
3314,4600,73.57996,male,white,14,$11-$25k,MOSF w/Malig,ARF/MOSF,2,0,0,1.19995117,0,0,38.89844,93.32812,,1.79980469,3.79980469,136,7.259766,91,88,1510,,,dnr after sadm,1,1,<2 mo. follow-up
3315,3361,36.16199,female,white,12,,Coma,Coma,0,100,77,18.796875,110,25,36.19531,277.125,3.5996094,1.29980469,0.89990234,137,7.489258,,,,,0,no dnr,0,0,adl>=4 (>=5 if sur)
3316,427,20.09599,female,black,12,$11-$25k,CHF,COPD/CHF/Cirrhosis,3,0,63,16.5,125,32,39,,,,1.39990234,130,,,,,0,2,no dnr,0,1,no(M2 and SIP pres)
3317,7593,76.72296,female,black,8,under $11k,MOSF w/Malig,ARF/MOSF,1,0,99,8.29882812,106,16,35.5,500,3.4399414,5.29980469,1.39990234,130,7.509766,51,42,,0,0,no dnr,0,1,no(M2 and SIP pres)
3318,8770,18.18999,female,white,11,,Coma,Coma,0,94,117,16.6992188,76,32,36,188,,0.29998779,0.79992676,139,7.429688,183,16,1625,,0,no dnr,0,0,no(M2 and SIP pres)
3319,2500,91.25299,female,white,8,under $11k,ARF/MOSF w/Sepsis,ARF/MOSF,3,0,55,9.79882812,120,6,38,218,2.199707,,1.89990234,148,7.40918,79,41,632,,,dnr after sadm,1,1,<2 mo. follow-up
3320,7884,75.422,male,white,8,,CHF,COPD/CHF/Cirrhosis,2,0,123,6.19921875,56,24,35.69531,342.8125,4,0.79992676,1.39990234,138,7.509766,,,,0,0,no dnr,0,0,no(M2 and SIP pres)
3321,754,74.74896,male,white,,,CHF,COPD/CHF/Cirrhosis,1,0,65,5,110,24,36,,5.5,0.79992676,1.5,130,,,,,,,no dnr,0,1,
3322,7297,49.18799,male,white,12,under $11k,Lung Cancer,Cancer,1,0,69,11.1992188,105,24,35.59375,185.6875,3.5996094,0.89990234,0.89990234,133,7.269531,422,13,3490,0,,no dnr,0,0,
3323,3954,65.13599,male,white,11,$25-$50k,ARF/MOSF w/Sepsis,ARF/MOSF,1,0,53,20,116,28,39,194,3.2998047,4.79980469,2.19970703,130,7.439453,,,,,0,no dnr,0,1,no(M2 and SIP pres)
3324,8590,73.25397,female,white,8,,CHF,COPD/CHF/Cirrhosis,4,0,71,,98,24,36.09375,180.9375,4.5,0.29998779,1.39990234,143,7.369141,179,28,,0,0,no dnr,0,1,no(M2 and SIP pres)
3325,902,80.46295,male,white,16,>$50k,CHF,COPD/CHF/Cirrhosis,2,0,82,5.5,80,20,36.5,,3.199707,0.79992676,1.19995117,142,,91,26,2500,1,1,no dnr,0,0,no(M2 and SIP pres)
3326,4771,42.01498,male,white,13,$11-$25k,ARF/MOSF w/Sepsis,ARF/MOSF,2,0,72,12,115,24,36.59375,262.9375,,,0.89990234,140,7.389648,157,21,2085,,,no dnr,0,0,
3327,931,81.50897,male,white,12,under $11k,CHF,COPD/CHF/Cirrhosis,5,0,111,6.19921875,80,26,36,,,,1.89990234,140,,,33,950,,4,no dnr,0,0,adl>=4 (>=5 if sur)
3328,8556,71.98395,male,white,12,,ARF/MOSF w/Sepsis,ARF/MOSF,3,0,115,10.5,74,22,38.09375,112.5,,,1.69995117,137,7.429688,115,17,2095,,0,no dnr,0,1,no(M2 and SIP pres)
3329,4015,33.66998,male,black,14,,Colon Cancer,Cancer,1,0,107,17.1992188,84,24,36.29688,,2.699707,0.79992676,0.79992676,137,,,,,1,6,no dnr,0,1,<2 mo. follow-up
3330,8395,73.26996,female,white,,,COPD,COPD/CHF/Cirrhosis,2,26,55,7.29980469,71,8,37.59375,187.5,2.7998047,0.89990234,2.5,142,7.669922,,,,,,dnr after sadm,0,0,
3331,4830,44.81897,female,black,9,,ARF/MOSF w/Sepsis,ARF/MOSF,3,0,153,16.5,115,29,39.09375,283.3125,,0.89990234,0.79992676,138,7.419922,173,8,4400,,1,no dnr,0,0,no(M2 and SIP pres)
3332,5846,68.90094,male,white,10,under $11k,Colon Cancer,Cancer,1,0,73,4.89941406,94,20,36.59375,,2,1.09985352,0.59997559,129,,,,,1,6,no dnr,0,1,<2 mo. follow-up
3333,4490,66.41498,female,white,11,under $11k,ARF/MOSF w/Sepsis,ARF/MOSF,3,0,69,9.29882812,114,33,38,233.3125,2.699707,0.89990234,0.89990234,134,7.489258,135,17,2980,,6,dnr after sadm,1,1,<2 mo. follow-up
3334,5243,72.422,male,white,12,$11-$25k,ARF/MOSF w/Sepsis,ARF/MOSF,0,0,65,11.5,140,16,39.09375,292,1.7998047,1.09985352,1.79980469,137,7.259766,121,14,2850,,0,no dnr,0,1,no(M2 and SIP pres)
3335,936,35.76498,female,white,13,$25-$50k,ARF/MOSF w/Sepsis,ARF/MOSF,4,0,130,16,120,20,39,114.28125,2.5996094,0.5,0.59997559,136,7.40918,104,11,3540,,5,no dnr,0,0,no(M2 and SIP pres)
3336,1408,77.74396,female,white,18,under $11k,CHF,COPD/CHF/Cirrhosis,3,0,57,5.89941406,135,22,36.89844,,3.5996094,0.79992676,1.19995117,134,,,25,3120,5,5,no dnr,1,1,<2 mo. follow-up
3337,6334,71.95599,female,black,,,MOSF w/Malig,ARF/MOSF,2,0,72,0.79992676,79,22,35.39844,,,,0.5,143,,,,,,6,no dnr,0,1,<2 mo. follow-up
3338,2145,77.53296,female,white,12,under $11k,COPD,COPD/CHF/Cirrhosis,1,0,67,26.0976562,132,42,36.19531,223.78125,3.8999023,,1,138,7.329102,,,,1,0,no dnr,0,0,no(M2 and SIP pres)
3339,1860,85.89996,female,white,,under $11k,ARF/MOSF w/Sepsis,ARF/MOSF,1,0,57,8.69921875,64,20,37.39844,,2.699707,1.79980469,0.79992676,142,,,,,,7,dnr after sadm,0,1,adl>=4 (>=5 if sur)
3340,6965,75.36499,male,white,10,under $11k,ARF/MOSF w/Sepsis,ARF/MOSF,2,9,63,10,69,38,37.59375,342,2.199707,2.39990234,0.79992676,136,7.319336,108,32,1797,,4,dnr after sadm,1,1,<2 mo. follow-up
3341,5435,49.71698,female,white,10,under $11k,ARF/MOSF w/Sepsis,ARF/MOSF,1,41,138,15.2988281,125,20,38,242,2.0996094,1.19995117,0.59997559,132,7.279297,153,12,1915,,,dnr after sadm,1,1,<2 mo. follow-up
3342,6350,31.20099,female,white,8,$11-$25k,ARF/MOSF w/Sepsis,ARF/MOSF,1,0,70,9.5,122,34,39.29688,59.19531,2.3999023,0.69995117,0.79992676,135,7.399414,,,,,0,dnr after sadm,1,1,<2 mo. follow-up
3343,2687,66.63898,female,black,12,under $11k,COPD,COPD/CHF/Cirrhosis,2,0,71,3.69970703,74,20,38.09375,419,,,0.59997559,139,7.449219,101,3,3900,0,0,no dnr,0,1,
3344,718,46.08099,male,hispanic,14,under $11k,CHF,COPD/CHF/Cirrhosis,2,0,67,,50,16,37.79688,,,0.19998169,0.89990234,138,,,,,0,1,no dnr,0,0,no(M2 and SIP pres)
3345,974,23.24199,female,white,16,under $11k,MOSF w/Malig,ARF/MOSF,2,26,142,2.09960938,65,14,38.39844,220,,47.796875,3,141,7.389648,,115,3750,,,dnr after sadm,1,1,<2 mo. follow-up
3346,2297,79.86896,female,white,12,,ARF/MOSF w/Sepsis,ARF/MOSF,2,0,49,5.79980469,74,28,36.59375,230.59375,2.7998047,,1.09985352,128,7.479492,,,,1,0,dnr after sadm,0,0,no(M2 and SIP pres)
3347,5440,34.34399,female,black,14,$11-$25k,ARF/MOSF w/Sepsis,ARF/MOSF,0,9,53,3.09960938,115,10,36.39844,302.8125,1.3999023,2.19970703,0.69995117,134,7.299805,81,27,3160,,0,no dnr,0,0,no(M2 and SIP pres)
3348,8768,31.22198,male,white,16,>$50k,CHF,COPD/CHF/Cirrhosis,4,0,61,10.7988281,58,15,36.79688,91.82812,,1,0.89990234,139,7.419922,163,11,2685,0,0,no dnr,0,1,no(M2 and SIP pres)
3349,4281,44.909,male,white,12,,ARF/MOSF w/Sepsis,ARF/MOSF,3,26,46,10.8984375,122,33,36.09375,,2.5996094,1,1.29980469,144,,94,20,4950,,0,dnr after sadm,1,1,<2 mo. follow-up
3350,7682,49.54999,female,white,10,$25-$50k,ARF/MOSF w/Sepsis,ARF/MOSF,4,0,83,9.79882812,72,20,35.79688,225.90625,3.0996094,0.69995117,1.89990234,132,7.419922,92,25,,,4,no dnr,0,1,adl>=4 (>=5 if sur)
3351,9066,79.61694,male,white,12,,Lung Cancer,Cancer,1,0,64,8,112,24,38.69531,314.25,4.2998047,0.59997559,1.19995117,139,7.519531,123,16,1775,,0,no dnr,0,1,<2 mo. follow-up
3352,6613,75.09698,male,white,12,under $11k,CHF,COPD/CHF/Cirrhosis,3,0,99,9.09960938,93,20,35.69531,338.0625,,,1.69995117,142,7.449219,,,,0,0,no dnr,0,0,
3353,6336,73.81,male,white,6,under $11k,COPD,COPD/CHF/Cirrhosis,2,0,103,7.59960938,189,30,36.19531,222.21875,3.0996094,0.29998779,0.79992676,137,7.479492,,,,1,,dnr after sadm,0,1,no(M2 and SIP pres)
3354,4525,63.84698,male,white,20,>$50k,ARF/MOSF w/Sepsis,ARF/MOSF,2,100,73,14.6992188,130,32,36.19531,300,2.5996094,1.09985352,2,141,7.439453,150,28,443,,,dnr after sadm,1,1,<2 mo. follow-up
3355,1593,71.18994,male,black,8,under $11k,COPD,COPD/CHF/Cirrhosis,3,0,107,15.2988281,78,28,36.29688,400,,,1.59985352,142,7.449219,,,,,,no dnr,0,1,SIP>=30
3356,2372,63.625,female,white,12,under $11k,COPD,COPD/CHF/Cirrhosis,2,9,93,8.59960938,100,20,36.69531,344.4375,,,0.79992676,142,7.319336,,,,0,1,dnr after sadm,0,0,no(M2 and SIP pres)
3357,6544,61.76599,female,white,,$25-$50k,Coma,Coma,3,100,135,26.6992188,144,12,39.5,130,3.0996094,0.39996338,0.89990234,149,7.399414,,,,,,dnr after sadm,1,1,<2 mo. follow-up
3358,8979,74.46698,male,white,12,,COPD,COPD/CHF/Cirrhosis,2,0,51,,106,40,39.09375,92.5,3,0.69995117,1.29980469,132,7.479492,240,25,1150,0,0,dnr before sadm,0,0,no(M2 and SIP pres)
3359,5275,68.07397,male,white,20,>$50k,Cirrhosis,COPD/CHF/Cirrhosis,3,0,82,4.5,60,24,36.59375,,,0.39996338,1,140,,98,12,,,,dnr after sadm,0,1,<2 mo. follow-up
3360,3313,54.168,male,white,8,under $11k,ARF/MOSF w/Sepsis,ARF/MOSF,4,9,87,15.5996094,90,26,35,336.625,,,9.09960938,135,7.419922,,,,,0,no dnr,0,1,no(M2 and SIP pres)
3361,6557,82.58698,female,white,8,under $11k,ARF/MOSF w/Sepsis,ARF/MOSF,2,26,162,12.3984375,130,12,36.69531,325.6875,,1.59985352,2,131,7.349609,,,,,2,dnr after sadm,1,1,adl>=4 (>=5 if sur)
3362,2097,91.47198,female,white,17,>$50k,MOSF w/Malig,ARF/MOSF,2,9,53,1.59985352,120,26,36.19531,390,,,1,138,7.5,,,,,4,dnr after sadm,0,1,adl>=4 (>=5 if sur)
3363,304,61.34399,female,hispanic,11,,Colon Cancer,Cancer,2,9,140,9.79882812,70,26,37.5,380,3.199707,0.89990234,0.89990234,140,7.379883,,,,1,,no dnr,0,1,no(M2 and SIP pres)
3364,3747,58.55399,male,white,11,$25-$50k,Lung Cancer,Cancer,1,100,73,0.39996338,114,40,38.39844,252.375,2.199707,2.19970703,0.89990234,160,7.489258,,,,,7,dnr after sadm,1,1,<2 mo. follow-up
3365,6529,61.81799,male,white,13,$25-$50k,ARF/MOSF w/Sepsis,ARF/MOSF,2,9,102,10.7988281,71,36,36.19531,320,2.5996094,0.59997559,1.19995117,141,7.479492,,,,0,0,no dnr,0,0,no(M2 and SIP pres)
3366,5757,60.698,female,white,14,$25-$50k,MOSF w/Malig,ARF/MOSF,1,9,102,7,120,24,38.69531,168.5625,2.199707,,1.09985352,150,7.469727,98,20,2425,,5,no dnr,1,1,<2 mo. follow-up
3367,1434,75.20898,female,hispanic,14,,CHF,COPD/CHF/Cirrhosis,2,0,67,20.5976562,55,25,36,371,,0.29998779,1.19995117,129,7.609375,289,25,1466,0,0,no dnr,0,1,no(M2 and SIP pres)
3368,8612,43.31799,male,white,12,,ARF/MOSF w/Sepsis,ARF/MOSF,2,0,94,11.7988281,76,20,35.69531,400,3.699707,0.5,1.09985352,138,7.399414,144,32,1500,,,no dnr,1,1,<2 mo. follow-up
3369,5569,58.94897,male,white,22,>$50k,Lung Cancer,Cancer,1,0,78,10.0996094,75,25,36.09375,356.625,2.7998047,0.69995117,0.79992676,141,7.40918,91,18,2040,,0,no dnr,0,1,
3370,8605,69.10895,male,white,12,$11-$25k,Colon Cancer,Cancer,5,0,143,,118,28,36.69531,117.5,,,1.69995117,124,7.319336,157,34,430,1,,no dnr,0,1,no(M2 and SIP pres)
3371,4130,74.36798,female,black,,under $11k,MOSF w/Malig,ARF/MOSF,1,0,57,11.0996094,70,28,36.69531,412,2.7998047,0.89990234,1.69995117,143,7.339844,,,,,,no dnr,0,0,no(M2 and SIP pres)
3372,4621,54.021,male,white,10,under $11k,ARF/MOSF w/Sepsis,ARF/MOSF,0,0,92,5.09960938,70,20,37,,1,3.79980469,0.79992676,136,,69,10,4900,,0,no dnr,0,0,SIP>=30
3373,4156,67.77295,female,white,11,under $11k,ARF/MOSF w/Sepsis,ARF/MOSF,3,44,94,22,130,28,38.5,186.65625,,0.79992676,1.59985352,135,7.329102,,,,5,6,no dnr,1,1,<2 mo. follow-up
3374,3484,55.62799,male,white,13,$11-$25k,ARF/MOSF w/Sepsis,ARF/MOSF,0,0,63,11.5996094,110,12,38.5,145,2.699707,,1.19995117,128,7.439453,,,,,0,no dnr,0,1,
3375,6321,52.73398,female,white,16,>$50k,MOSF w/Malig,ARF/MOSF,1,41,61,37.796875,47,14,37.59375,122.21875,2.8999023,0.79992676,0.59997559,139,7.229492,,,,,0,no dnr,0,1,
3376,1630,57.11697,male,white,12,>$50k,Lung Cancer,Cancer,1,0,93,6.69921875,84,20,38,,,0.39996338,1,142,,,,,,2,no dnr,0,1,
3377,3542,72.03595,female,white,16,$25-$50k,ARF/MOSF w/Sepsis,ARF/MOSF,1,0,123,11.6992188,78,25,35.89844,310,,,2.09960938,136,7.399414,,,,0,0,no dnr,0,1,no(M2 and SIP pres)
3378,5301,72.59698,male,white,8,$25-$50k,MOSF w/Malig,ARF/MOSF,2,9,128,10.7988281,115,12,36.89844,292.5,3.199707,1.69995117,0.59997559,146,7.40918,279,24,4000,0,1,no dnr,0,1,adl>=4 (>=5 if sur)
3379,1297,71.06396,male,white,12,$25-$50k,ARF/MOSF w/Sepsis,ARF/MOSF,2,0,40,13.2988281,115,36,38.79688,125,,,1.59985352,143,7.519531,,29,1920,1,1,no dnr,0,0,
3380,1800,75.086,male,white,10,,ARF/MOSF w/Sepsis,ARF/MOSF,1,0,55,13.1992188,118,12,38.5,101.42188,,,0.69995117,141,7.419922,,,,,0,dnr after sadm,1,1,<2 mo. follow-up
3381,3678,61.42398,male,white,12,$25-$50k,ARF/MOSF w/Sepsis,ARF/MOSF,1,0,61,10,126,32,38.79688,127.14062,,1.59985352,1.19995117,131,7.359375,,,,,0,dnr after sadm,1,1,<2 mo. follow-up
3382,7061,34.59299,male,black,11,under $11k,COPD,COPD/CHF/Cirrhosis,4,0,61,6.59960938,63,10,36.29688,195,3.3999023,0.59997559,0.79992676,140,7.129883,124,9,2067,1,,no dnr,0,0,
3383,7363,43.66098,female,hispanic,12,under $11k,Colon Cancer,Cancer,1,0,70,27,126,12,36.59375,133.3125,2.5996094,1.09985352,3.29980469,128,7.40918,347,66,1089,1,4,no dnr,0,1,adl>=4 (>=5 if sur)
3384,2386,89.67297,female,white,30,$25-$50k,MOSF w/Malig,ARF/MOSF,3,9,120,19.3984375,78,28,37.89844,170,,0.89990234,4.19921875,136,7.389648,,,,1,,dnr after sadm,1,1,<2 mo. follow-up
3385,5956,81.17999,female,white,12,$25-$50k,CHF,COPD/CHF/Cirrhosis,3,0,81,7.59960938,113,16,36.5,302.375,3.199707,0.59997559,1.59985352,138,7.479492,,,,0,0,no dnr,0,0,no(M2 and SIP pres)
3386,8003,77.31696,male,white,8,under $11k,COPD,COPD/CHF/Cirrhosis,4,0,67,7.79980469,107,28,36.39844,432,4.3994141,0.39996338,0.89990234,145,7.359375,,,,,,dnr after sadm,0,1,
3387,3164,69.76294,female,white,10,under $11k,COPD,COPD/CHF/Cirrhosis,2,0,80,4.19921875,70,20,36.09375,,1.6999512,3.29980469,1.19995117,132,,88,32,,1,1,no dnr,0,0,no(M2 and SIP pres)
3388,4817,61.41498,male,white,12,,ARF/MOSF w/Sepsis,ARF/MOSF,2,0,64,15.5,98,20,35.19531,480.9375,2.2998047,7.39941406,2.29980469,135,7.509766,114,74,305,,0,dnr after sadm,1,1,<2 mo. follow-up
3389,8857,74.42798,female,white,5,under $11k,Colon Cancer,Cancer,2,0,98,10.2988281,77,24,35.69531,304,,0.79992676,0.89990234,137,7.349609,334,17,,1,0,no dnr,0,1,
3390,3392,72.47894,male,white,,,Lung Cancer,Cancer,1,100,43,12.2988281,0,0,36.59375,108.32812,,0.79992676,0.89990234,133,7.179688,,,,,,no dnr,1,1,<2 mo. follow-up
3391,4383,56.23798,female,white,17,$25-$50k,MOSF w/Malig,ARF/MOSF,1,0,80,8.09960938,76,20,35.5,,4.0996094,0.39996338,0.29998779,138,,91,14,1400,,6,dnr after sadm,1,1,<2 mo. follow-up
3392,6061,75.58099,female,white,12,under $11k,CHF,COPD/CHF/Cirrhosis,4,0,82,7.09960938,72,20,35.69531,394.75,3.3999023,4,2,134,7.40918,,,,3,1,no dnr,0,1,SIP>=30
3393,3128,69.19397,female,white,12,,ARF/MOSF w/Sepsis,ARF/MOSF,2,0,57,6.59960938,100,25,36.19531,304,3.2998047,1.79980469,1.09985352,142,7.479492,109,14,,3,,dnr after sadm,0,1,adl>=4 (>=5 if sur)
3394,4109,72.849,male,black,,,COPD,COPD/CHF/Cirrhosis,3,0,79,9.5,156,40,37.59375,217.84375,2.5,0.29998779,1,139,7.439453,,,,,5,no dnr,0,1,adl>=4 (>=5 if sur)
3395,2012,65.91595,female,white,,,ARF/MOSF w/Sepsis,ARF/MOSF,2,0,30,13.6992188,0,0,38.79688,255,,,6.29980469,137,7.289062,,,,,,dnr after sadm,1,1,<2 mo. follow-up
3396,2007,83.46899,female,white,14,$11-$25k,COPD,COPD/CHF/Cirrhosis,1,9,107,6.69921875,60,25,35.59375,404.3125,,,0.59997559,138,7.399414,,,,1,0,dnr after sadm,0,1,adl>=4 (>=5 if sur)
3397,3005,82.80096,male,white,11,$11-$25k,ARF/MOSF w/Sepsis,ARF/MOSF,4,9,59,6.69921875,66,28,37.29688,,2.199707,0.59997559,1.79980469,134,,196,88,2350,,5,dnr before sadm,0,1,adl>=4 (>=5 if sur)
3398,4032,66.52698,female,white,16,,ARF/MOSF w/Sepsis,ARF/MOSF,1,26,50,8.69921875,110,25,35.69531,111.65625,2.699707,0.29998779,1.09985352,141,7.339844,,,,,1,dnr after sadm,1,1,<2 mo. follow-up
3399,1890,55.66098,female,white,12,,ARF/MOSF w/Sepsis,ARF/MOSF,1,0,53,13.5996094,109,32,39.09375,118.32812,,,0.79992676,134,7.419922,,,,0,0,no dnr,0,1,<2 mo. follow-up
3400,2882,85.97095,female,white,14,under $11k,ARF/MOSF w/Sepsis,ARF/MOSF,2,0,105,,70,20,36.19531,264,,,,140,7.369141,,,3300,,2,dnr after sadm,1,1,<2 mo. follow-up
3401,6421,54.12698,male,white,14,$11-$25k,ARF/MOSF w/Sepsis,ARF/MOSF,2,0,111,19.8984375,129,12,36.5,246.65625,3,1,0.59997559,128,7.469727,,,,,0,no dnr,0,1,<2 mo. follow-up
3402,1541,94.54895,female,black,,,ARF/MOSF w/Sepsis,ARF/MOSF,0,55,107,13.7988281,64,24,36.79688,195.21875,3.5996094,,0.89990234,140,7.349609,175,13,1500,,6,dnr after sadm,1,1,<2 mo. follow-up
3403,1841,61.306,female,white,,,ARF/MOSF w/Sepsis,ARF/MOSF,1,0,41,34.3984375,210,24,38.39844,96.25,3,,1.39990234,144,7.30957,,,,,,dnr after sadm,0,1,
3404,3607,72.56097,male,black,8,under $11k,CHF,COPD/CHF/Cirrhosis,2,0,103,4.69921875,82,24,37,223.3125,3.199707,,2,136,7.389648,,,,0,0,no dnr,0,0,SIP>=30
3405,8441,72.97498,female,white,8,under $11k,COPD,COPD/CHF/Cirrhosis,2,0,68,6.29980469,113,28,37.19531,244.4375,,,1,137,7.359375,108,6,1384,0,0,no dnr,0,0,no(M2 and SIP pres)
3406,8640,45.125,male,other,9,under $11k,MOSF w/Malig,ARF/MOSF,2,0,124,12.1992188,162,35,38,217.125,3.199707,3.79980469,4.19921875,134,7.279297,163,55,3675,,0,dnr after sadm,0,1,<2 mo. follow-up
3407,5540,68.92297,female,white,12,under $11k,Lung Cancer,Cancer,2,0,102,7.09960938,120,38,35.39844,180,,0.29998779,0.5,142,7.489258,282,16,2675,0,5,no dnr,0,1,
3408,7981,75.25299,male,white,5,,Lung Cancer,Cancer,1,0,98,4.59960938,79,24,35.09375,,3.699707,0.69995117,1.5,135,,,,,,,no dnr,0,1,no(M2 and SIP pres)
3409,638,75.23096,male,white,20,$25-$50k,CHF,COPD/CHF/Cirrhosis,1,0,68,6.59960938,70,24,36.69531,,,,2.29980469,135,,,,,0,0,no dnr,0,1,no(M2 and SIP pres)
3410,3656,56.51199,male,white,12,$25-$50k,Colon Cancer,Cancer,1,0,89,8.79882812,98,20,35.19531,,3.199707,0.59997559,3.19970703,138,,,,,0,0,no dnr,0,1,<2 mo. follow-up
3411,1029,42.09399,female,black,12,under $11k,Lung Cancer,Cancer,1,0,81,14,120,16,36.39844,,4.1992188,0.09999084,1,139,,97,7,2220,2,3,no dnr,0,1,
3412,4355,58.50198,male,white,,,MOSF w/Malig,ARF/MOSF,1,0,61,0.19998169,186,36,38.59375,275.5,1.8999023,1,1.69995117,140,7.419922,200,34,650,,,dnr after sadm,1,1,<2 mo. follow-up
3413,2218,70.36597,female,,,,Lung Cancer,Cancer,1,0,83,5.09960938,84,20,36.69531,,,,0.89990234,144,,,,,,,no dnr,0,1,
3414,5098,33.577,female,black,13,$25-$50k,MOSF w/Malig,ARF/MOSF,1,0,130,8.8984375,64,22,35.59375,,3.0996094,0.79992676,1.59985352,134,,129,34,,,0,no dnr,0,0,no(M2 and SIP pres)
3415,298,60.58899,male,white,12,>$50k,Lung Cancer,Cancer,2,9,117,12.3984375,135,26,36.5,,,0.29998779,1.09985352,133,,,,,,0,dnr after sadm,1,1,<2 mo. follow-up
3416,7574,76.57996,male,white,10,$11-$25k,Coma,Coma,2,61,69,11.5996094,171,55,38.79688,142.5,2.7998047,0.89990234,1.39990234,144,7.519531,107,17,1092,,0,dnr after sadm,1,1,<2 mo. follow-up
3417,3517,47.39999,female,white,15,>$50k,Colon Cancer,Cancer,1,0,93,5.19921875,68,24,37.39844,,,0.39996338,0.5,140,,,,,0,0,no dnr,0,1,no(M2 and SIP pres)
3418,7748,83.66296,male,white,8,under $11k,CHF,COPD/CHF/Cirrhosis,2,0,76,9.8984375,63,24,35.79688,366.625,,,1.29980469,139,7.469727,,,,0,1,dnr after sadm,0,0,no(M2 and SIP pres)
3419,4403,47.75598,male,black,,,Coma,Coma,1,44,117,11.5996094,134,21,37.09375,274.25,,0.5,2.09960938,135,7.369141,97,67,2030,,,dnr after sadm,1,1,<2 mo. follow-up
3420,7371,78.41199,male,white,12,under $11k,ARF/MOSF w/Sepsis,ARF/MOSF,0,0,52,20.0976562,128,28,40,106.65625,1.7998047,3.39990234,2.69970703,134,7.299805,54,29,885,,5,no dnr,0,1,
3421,3234,78.10797,male,black,10,under $11k,ARF/MOSF w/Sepsis,ARF/MOSF,1,37,107,6.39941406,118,26,38.5,260,1.8999023,4.69921875,2,139,7.429688,,,,,0,dnr after sadm,1,1,<2 mo. follow-up
3422,2332,86.51099,female,white,,under $11k,Coma,Coma,1,61,97,19.296875,70,20,38.19531,,,,0.89990234,138,,,,,,2,dnr before sadm,0,1,<2 mo. follow-up
3423,5276,48.33698,male,black,13,,Lung Cancer,Cancer,2,0,73,11.7988281,75,22,36.19531,390.4375,,0.39996338,1.29980469,136,7.479492,66,19,2000,,,no dnr,0,0,SIP>=30
3424,27,82.41498,female,white,,,Lung Cancer,Cancer,0,44,75,6.79980469,114,20,37.19531,,3.0996094,,1.79980469,131,,,,,,,dnr before sadm,1,1,<2 mo. follow-up
3425,5145,72.909,male,white,3,under $11k,Coma,Coma,2,100,117,2.39990234,165,53,39.69531,132.5,3.0996094,0.5,1.19995117,133,7.359375,157,10,4550,,1,dnr after sadm,1,1,<2 mo. follow-up
3426,6450,83.17596,male,black,10,under $11k,CHF,COPD/CHF/Cirrhosis,2,0,96,4.69921875,73,24,35,395.1875,3.0996094,1.39990234,1.59985352,134,7.40918,,,,4,0,no dnr,0,1,SIP>=30
3427,405,41.02698,male,white,16,under $11k,ARF/MOSF w/Sepsis,ARF/MOSF,2,37,57,4,120,18,35.19531,175,,9.59960938,2,141,7.429688,,,,,,dnr after sadm,1,1,<2 mo. follow-up
3428,7875,80.45697,male,white,18,,ARF/MOSF w/Sepsis,ARF/MOSF,1,9,77,7.59960938,112,28,37.79688,228.5625,,,2.29980469,150,7.509766,,,,,,no dnr,0,1,
3429,1041,60.504,male,white,13,under $11k,Cirrhosis,COPD/CHF/Cirrhosis,3,0,62,15.1992188,60,22,36.39844,,2.3999023,19.796875,3.39990234,145,,188,131,700,,,dnr after sadm,1,1,<2 mo. follow-up
3430,7019,38.59799,female,white,12,$25-$50k,ARF/MOSF w/Sepsis,ARF/MOSF,2,0,61,13.5,129,34,38.09375,172,1.5,2.59960938,1.59985352,136,7.299805,144,37,1710,,5,no dnr,0,1,<2 mo. follow-up
3431,5513,64.28497,male,black,7,under $11k,ARF/MOSF w/Sepsis,ARF/MOSF,0,0,52,13.6992188,135,12,38.39844,142,,7.79980469,0.89990234,150,7.549805,226,22,1535,0,1,no dnr,0,0,no(M2 and SIP pres)
3432,5550,40.63199,male,white,14,$25-$50k,ARF/MOSF w/Sepsis,ARF/MOSF,4,9,99,8.19921875,72,20,36.89844,,4.3994141,0.59997559,1,143,,90,7,5000,,0,no dnr,0,0,adl>=4 (>=5 if sur)
3433,4743,76.61597,female,white,10,,CHF,COPD/CHF/Cirrhosis,3,0,112,15.8984375,165,46,37.69531,,3.699707,,0.89990234,138,,129,23,1110,0,,no dnr,0,0,no(M2 and SIP pres)
3434,6891,49.41498,male,white,12,under $11k,ARF/MOSF w/Sepsis,ARF/MOSF,1,26,116,10.0996094,74,12,40,330,3,0.69995117,1.09985352,131,7.479492,117,13,2240,,2,dnr after sadm,1,1,adl>=4 (>=5 if sur)
3435,3846,50.297,male,white,17,$25-$50k,CHF,COPD/CHF/Cirrhosis,3,0,79,6,76,28,36.29688,342.8125,,1.19995117,1.09985352,138,7.459961,,,,,2,dnr after sadm,0,1,<2 mo. follow-up
3436,70,72.15594,male,white,12,>$50k,ARF/MOSF w/Sepsis,ARF/MOSF,1,26,75,17.296875,120,24,38.29688,257.5,2.5996094,4.89941406,0.69995117,135,7.5,,,,,,no dnr,0,0,adl>=4 (>=5 if sur)
3437,7328,77.47797,female,white,9,under $11k,ARF/MOSF w/Sepsis,ARF/MOSF,1,0,99,9.59960938,60,20,35.69531,,,1.09985352,3.29980469,135,,233,68,1150,0,,no dnr,0,1,no(M2 and SIP pres)
3438,110,79.96997,male,other,14,$11-$25k,CHF,COPD/CHF/Cirrhosis,2,0,69,11.1992188,62,20,36.5,352.375,,,1.5,140,7.469727,,,,0,,no dnr,0,1,
3439,799,47.82498,male,white,14,under $11k,Cirrhosis,COPD/CHF/Cirrhosis,4,0,84,2.89990234,80,16,35.59375,380,2.7998047,0.39996338,0.79992676,140,7.439453,,,,0,,no dnr,0,1,
3440,4476,69.224,female,white,11,,ARF/MOSF w/Sepsis,ARF/MOSF,0,0,69,20.796875,116,45,36.89844,210,6,,1.69995117,134,7.5,101,59,2885,0,,no dnr,0,0,no(M2 and SIP pres)
3441,5974,57.36099,male,hispanic,8,under $11k,CHF,COPD/CHF/Cirrhosis,2,0,77,10.3984375,81,24,35.09375,366.625,3.5996094,0.69995117,1.39990234,134,7.459961,,,,1,,no dnr,0,1,SIP>=30
3442,4307,64.12897,male,white,12,$11-$25k,ARF/MOSF w/Sepsis,ARF/MOSF,0,41,71,13.6992188,111,10,39.19531,305,4.1992188,0.19998169,0.39996338,140,7.399414,154,13,1193,,0,no dnr,0,0,no(M2 and SIP pres)
3443,8988,83.39496,female,white,13,,ARF/MOSF w/Sepsis,ARF/MOSF,0,0,79,8.19921875,67,24,37.89844,316,2.8999023,0.19998169,0.69995117,138,7.419922,124,18,1000,0,0,no dnr,0,0,adl>=4 (>=5 if sur)
3444,889,73.94897,male,asian,,,ARF/MOSF w/Sepsis,ARF/MOSF,4,44,62,6.19921875,115,30,38,127.5,,0.39996338,2.69970703,135,7.509766,160,64,5055,,,dnr after sadm,0,1,<2 mo. follow-up
3445,1062,65.90796,female,white,17,>$50k,Colon Cancer,Cancer,1,0,85,9.19921875,82,20,36.59375,,3.199707,0.59997559,0.79992676,139,,,9,,,,no dnr,0,1,no(M2 and SIP pres)
3446,4238,73.37994,female,black,,,ARF/MOSF w/Sepsis,ARF/MOSF,0,41,124,6.29980469,116,28,37.79688,204,,,0.89990234,144,7.439453,,,,,0,no dnr,0,1,
3447,3188,31.72899,female,black,16,>$50k,ARF/MOSF w/Sepsis,ARF/MOSF,0,0,130,6.89941406,80,20,37,,,,2.69970703,144,,79,36,1400,,,no dnr,0,0,no(M2 and SIP pres)
3448,35,56.48999,female,hispanic,12,,CHF,COPD/CHF/Cirrhosis,1,0,38,,92,20,36,,,,6,133,,,,,,,no dnr,0,1,
3449,6017,56.85397,female,white,10,$11-$25k,ARF/MOSF w/Sepsis,ARF/MOSF,2,0,131,12.6992188,83,31,35.69531,314.8125,2.199707,0.19998169,2.5,133,7.389648,,,,5,6,no dnr,0,1,no(M2 and SIP pres)
3450,7177,52.88199,male,white,7,under $11k,CHF,COPD/CHF/Cirrhosis,3,0,119,21.5,115,8,38.19531,305.6875,2.0996094,5.5,1.89990234,149,7.459961,245,80,2510,0,,no dnr,0,0,no(M2 and SIP pres)
3451,7311,54.25299,female,white,12,under $11k,COPD,COPD/CHF/Cirrhosis,2,0,104,10.7988281,96,24,36.29688,200,2.8999023,1.59985352,1.19995117,130,7.399414,85,17,,0,1,no dnr,0,0,no(M2 and SIP pres)
3452,1428,58.823,female,white,14,$11-$25k,CHF,COPD/CHF/Cirrhosis,1,0,98,19.5,115,29,38.69531,585,,0.69995117,0.59997559,131,7.519531,172,12,3055,,,no dnr,0,1,
3453,5412,65.28998,female,white,16,>$50k,ARF/MOSF w/Sepsis,ARF/MOSF,1,44,27,18.1992188,180,22,38.19531,243.3125,,,1.59985352,142,7.30957,211,26,0,,0,no dnr,0,0,adl>=4 (>=5 if sur)
3454,7425,64.64899,female,white,12,under $11k,Lung Cancer,Cancer,1,0,119,19.1992188,111,10,36.5,80,3.3999023,0.29998779,1.79980469,138,7.419922,292,35,4150,1,0,dnr after sadm,0,1,<2 mo. follow-up
3455,6022,65.55499,male,black,,,ARF/MOSF w/Sepsis,ARF/MOSF,1,100,31,58.59375,0,36,38.29688,52,2.699707,5.69921875,0.59997559,132,7.119141,,,,,,no dnr,1,1,<2 mo. follow-up
3456,8614,72.86798,female,white,13,$11-$25k,Lung Cancer,Cancer,1,0,50,12.8984375,104,8,39.29688,273.3125,2.5,12.2988281,2.29980469,146,7.539062,123,51,1850,3,5,dnr after sadm,0,1,no(M2 and SIP pres)
3457,386,46.51099,male,black,15,$25-$50k,Cirrhosis,COPD/CHF/Cirrhosis,1,100,67,17.5976562,110,36,39,420,1.5,31.5976562,5.5,137,7.629883,,,,,6,no dnr,0,0,adl>=4 (>=5 if sur)
3458,8250,76.55597,male,white,8,$11-$25k,Colon Cancer,Cancer,3,0,137,9.3984375,81,20,35.89844,347.5625,3.199707,1,0.89990234,134,7.469727,,,,1,1,dnr after sadm,1,1,<2 mo. follow-up
3459,433,68.45996,female,black,,under $11k,ARF/MOSF w/Sepsis,ARF/MOSF,1,41,100,7.29980469,60,22,37.79688,222,,0.79992676,0.69995117,138,7.469727,,,,,,dnr after sadm,0,1,adl>=4 (>=5 if sur)
3460,7093,74.64996,male,white,11,,MOSF w/Malig,ARF/MOSF,1,0,101,41.796875,74,28,35.89844,219.03125,3.699707,2.39990234,0.89990234,137,7.519531,97,33,,0,0,dnr after sadm,0,1,<2 mo. follow-up
3461,743,61.77399,male,white,12,>$50k,CHF,COPD/CHF/Cirrhosis,2,0,110,6,70,16,36.59375,,3.5996094,0.69995117,1.29980469,141,,,,,0,0,no dnr,0,1,no(M2 and SIP pres)
3462,7656,72.04095,male,black,11,under $11k,Lung Cancer,Cancer,3,0,69,4.5,140,44,38.5,277.75,2.7998047,2.29980469,1.69995117,127,7.509766,194,32,,0,0,dnr after sadm,0,1,<2 mo. follow-up
3463,1494,52.323,male,white,14,$11-$25k,CHF,COPD/CHF/Cirrhosis,2,0,55,11.2988281,35,10,35,262.5,1.8999023,20.5,1.69995117,138,7.40918,229,55,2211,,,no dnr,0,0,no(M2 and SIP pres)
3464,3999,23.19199,male,black,12,under $11k,ARF/MOSF w/Sepsis,ARF/MOSF,0,0,122,15.1992188,114,41,37.69531,220,,,0.19998169,136,7.589844,,,,,5,no dnr,0,1,adl>=4 (>=5 if sur)
3465,3260,70.01196,male,black,,,COPD,COPD/CHF/Cirrhosis,3,0,113,13.0996094,70,20,36.19531,252.375,,,1.09985352,138,7.479492,,,,,,no dnr,0,1,
3466,1156,82.33496,female,white,14,$25-$50k,Coma,Coma,2,44,113,36.09375,116,22,38.89844,,,,0.89990234,136,,112,11,425,,,dnr after sadm,1,1,<2 mo. follow-up
3467,6815,41.95999,female,white,12,,ARF/MOSF w/Sepsis,ARF/MOSF,3,0,76,7.89941406,124,24,36.39844,167.34375,2.3999023,6,3,133,7.359375,173,70,638,,0,dnr after sadm,1,1,<2 mo. follow-up
3468,2273,73.82599,male,white,12,$25-$50k,CHF,COPD/CHF/Cirrhosis,2,0,70,10.5996094,108,25,36.69531,323.75,,,1.59985352,138,7.469727,,,,0,0,no dnr,0,1,<2 mo. follow-up
3469,8410,67.30695,female,white,12,under $11k,ARF/MOSF w/Sepsis,ARF/MOSF,2,0,118,22.796875,120,26,36.59375,128.5625,2.7998047,0.5,1.59985352,141,7.25,,,,,,dnr after sadm,0,1,<2 mo. follow-up
3470,4560,77.17999,female,black,8,under $11k,ARF/MOSF w/Sepsis,ARF/MOSF,4,9,67,19.8984375,124,14,38.89844,250,,0.5,0.69995117,147,7.40918,186,3,4880,,4,dnr after sadm,1,1,<2 mo. follow-up
3471,6404,62.93198,female,black,12,under $11k,ARF/MOSF w/Sepsis,ARF/MOSF,0,0,58,17.5,129,30,36.39844,150,2.199707,0.39996338,0.79992676,141,7.459961,,,,,0,no dnr,0,1,no(M2 and SIP pres)
3472,6647,52.09,male,black,12,under $11k,ARF/MOSF w/Sepsis,ARF/MOSF,1,26,142,38.8984375,68,10,36.5,134,3.199707,1.39990234,2.59960938,155,7.399414,,,,,7,no dnr,0,1,adl>=4 (>=5 if sur)
3473,7984,66.99194,male,white,,,Coma,Coma,1,0,101,12.0996094,71,24,35.59375,261.875,3.699707,0.69995117,0.89990234,137,7.479492,,,,,,dnr after sadm,0,1,
3474,3236,27.76199,female,black,12,under $11k,ARF/MOSF w/Sepsis,ARF/MOSF,3,44,60,13.6992188,152,12,35.69531,76.65625,1.5998535,13.0996094,3.59960938,132,7.40918,,,,,0,dnr after sadm,1,1,<2 mo. follow-up
3475,2045,82.15698,female,white,,,ARF/MOSF w/Sepsis,ARF/MOSF,2,0,59,5.39941406,60,26,37.69531,276.625,3.699707,,2.19970703,142,7.449219,,,,4,6,dnr after sadm,0,1,adl>=4 (>=5 if sur)
3476,8309,73.34698,female,white,,,ARF/MOSF w/Sepsis,ARF/MOSF,0,0,120,23.3984375,60,24,36.69531,145,3.8999023,0.39996338,1,141,7.429688,,,,,5,no dnr,0,0,no(M2 and SIP pres)
3477,1671,63.10699,male,white,,,CHF,COPD/CHF/Cirrhosis,3,0,106,7.29980469,62,6,34.79688,341,,,1.19995117,134,7.509766,,,,2,,no dnr,0,1,no(M2 and SIP pres)
3478,3543,71.79199,female,white,12,$11-$25k,MOSF w/Malig,ARF/MOSF,1,61,63,7.09960938,110,25,36,220,2.7998047,15.2988281,3.59960938,130,7.449219,,,,,1,dnr after sadm,1,1,<2 mo. follow-up
3479,4297,34.853,female,white,16,$25-$50k,ARF/MOSF w/Sepsis,ARF/MOSF,0,0,69,0.69995117,77,32,39.39844,170,2.7998047,2.09960938,2.79980469,134,7.469727,118,46,3410,,7,no dnr,0,0,no(M2 and SIP pres)
3480,4785,52.99899,male,white,12,>$50k,MOSF w/Malig,ARF/MOSF,1,0,122,17.1992188,115,22,38.89844,292.5625,,,1.79980469,139,7.40918,251,25,3165,,0,dnr after sadm,1,1,<2 mo. follow-up
3481,8433,87.461,female,white,8,under $11k,CHF,COPD/CHF/Cirrhosis,2,0,93,2.19970703,60,20,36.19531,,3.199707,2.09960938,0.59997559,138,,103,13,,0,3,dnr after sadm,0,1,<2 mo. follow-up
3482,4126,26.519,female,black,12,under $11k,ARF/MOSF w/Sepsis,ARF/MOSF,1,0,145,49.6953125,166,56,38.89844,132.625,1.5,2.79980469,1.09985352,132,7.429688,,,,1,1,no dnr,0,0,no(M2 and SIP pres)
3483,5981,65.11694,female,black,11,under $11k,CHF,COPD/CHF/Cirrhosis,5,0,108,5.79980469,62,28,36.09375,,3.2998047,0.59997559,2.79980469,135,,,,,5,5,no dnr,0,1,adl>=4 (>=5 if sur)
3484,3998,65.62396,male,black,3,,ARF/MOSF w/Sepsis,ARF/MOSF,1,0,75,10,130,24,36.5,,,,0.79992676,139,,,,,,3,dnr after sadm,0,1,
3485,1508,34.23999,female,white,12,$11-$25k,CHF,COPD/CHF/Cirrhosis,3,0,58,10.5996094,115,31,38.19531,162.5,3.8999023,31,4.19921875,135,7.489258,174,83,0,0,,no dnr,0,0,no(M2 and SIP pres)
3486,7880,61.47299,male,white,10,,ARF/MOSF w/Sepsis,ARF/MOSF,0,0,80,16.796875,67,20,36.29688,126.51562,4.6992188,0.59997559,1.29980469,138,7.319336,,,,,0,no dnr,0,1,
3487,7667,41.84,female,white,13,under $11k,ARF/MOSF w/Sepsis,ARF/MOSF,1,0,70,18.1992188,107,10,36.69531,267.5,2.2998047,0.39996338,0.59997559,134,7.359375,156,8,1584,,0,no dnr,0,0,adl>=4 (>=5 if sur)
3488,5808,26.44199,male,black,10,under $11k,ARF/MOSF w/Sepsis,ARF/MOSF,1,0,118,11.3984375,75,8,36,316.625,1.8999023,5.19921875,1.29980469,134,7.359375,176,25,1325,,,no dnr,0,0,no(M2 and SIP pres)
3489,8515,66.85596,female,hispanic,12,$11-$25k,ARF/MOSF w/Sepsis,ARF/MOSF,2,0,109,1.09985352,81,24,36.19531,292.5625,4,0.79992676,1.09985352,141,7.379883,209,24,700,,,no dnr,0,0,no(M2 and SIP pres)
3490,6384,79.13995,male,white,8,$11-$25k,ARF/MOSF w/Sepsis,ARF/MOSF,2,0,106,11.0996094,111,28,36,224.46875,3.0996094,0.59997559,1.09985352,140,7.389648,,,,3,4,no dnr,0,1,no(M2 and SIP pres)
3491,7633,51.11298,male,black,14,under $11k,COPD,COPD/CHF/Cirrhosis,2,0,74,10.1992188,92,36,36,380.9375,2.7998047,5.29980469,1.69995117,132,7.419922,108,38,1625,,3,no dnr,0,0,no(M2 and SIP pres)
3492,6416,75.78094,female,white,12,under $11k,CHF,COPD/CHF/Cirrhosis,3,0,76,9.8984375,78,24,36,536,3.5996094,1.19995117,1.29980469,137,7.589844,,,,0,0,no dnr,0,1,<2 mo. follow-up
3493,3818,53.771,male,black,7,under $11k,ARF/MOSF w/Sepsis,ARF/MOSF,1,0,65,21.5976562,136,40,39.69531,127.5,1.0998535,,0.5,135,7.489258,,,,,0,dnr after sadm,1,1,<2 mo. follow-up
3494,5416,57.02899,male,white,0,under $11k,Lung Cancer,Cancer,1,0,120,3,115,10,38.5,167.5,3.2998047,2.59960938,0.89990234,146,7.30957,89,19,2110,,1,no dnr,0,1,<2 mo. follow-up
3495,3935,59.28497,male,white,12,$25-$50k,Lung Cancer,Cancer,1,0,103,20.1992188,100,20,37,290.4375,2.0996094,0.19998169,0.5,138,7.5,,,,4,6,dnr after sadm,1,1,<2 mo. follow-up
3496,908,76.44098,male,white,12,$25-$50k,ARF/MOSF w/Sepsis,ARF/MOSF,2,0,78,21.296875,84,16,36,250,3,0.39996338,5.5,131,7.40918,189,69,2560,0,0,no dnr,0,1,no(M2 and SIP pres)
3497,3731,61.33099,male,white,10,$11-$25k,Lung Cancer,Cancer,2,0,93,9.5,124,28,36.79688,,3.3999023,0.29998779,0.69995117,140,,,,,2,2,no dnr,0,1,adl>=4 (>=5 if sur)
3498,7779,41.50299,male,white,14,$25-$50k,Lung Cancer,Cancer,1,0,102,,76,20,36.79688,,,,,140,,,,,0,0,no dnr,0,1,no(M2 and SIP pres)
3499,5314,78.79297,female,black,,,ARF/MOSF w/Sepsis,ARF/MOSF,2,41,70,3.09960938,115,42,38.19531,157.5,,,3,133,7.5,115,66,680,,,dnr after sadm,1,1,<2 mo. follow-up
3500,6231,64.34796,female,white,11,under $11k,MOSF w/Malig,ARF/MOSF,1,0,63,13,122,28,38.09375,176,2.699707,0.29998779,0.79992676,138,7.429688,,,,0,0,,1,1,<2 mo. follow-up
3501,184,47.633,female,asian,,,ARF/MOSF w/Sepsis,ARF/MOSF,1,0,25,4.5,125,10,36,167.34375,,32.3984375,3.59960938,142,7.5,,,,,,dnr after sadm,1,1,<2 mo. follow-up
3502,1966,78.95099,female,black,,under $11k,COPD,COPD/CHF/Cirrhosis,1,0,117,7.44921875,150,26,36.09375,448,,,1.09985352,134,7.399414,,,,0,1,no dnr,0,0,no(M2 and SIP pres)
3503,6592,65.44598,male,white,13,,ARF/MOSF w/Sepsis,ARF/MOSF,5,0,33,40.3984375,167,38,36,360,2.7998047,1.59985352,5.89941406,126,7.40918,,,,,0,no dnr,0,1,
3504,4078,54.86398,male,white,,,Cirrhosis,COPD/CHF/Cirrhosis,3,9,83,8.19921875,106,24,36.19531,347.5625,2,11.1992188,0.89990234,130,7.529297,,,,1,2,dnr after sadm,0,0,
3505,7330,48.52597,male,hispanic,3,$11-$25k,ARF/MOSF w/Sepsis,ARF/MOSF,1,37,135,6.79980469,150,35,36.39844,112.23438,3.0996094,0.79992676,2.29980469,131,7.379883,245,34,1545,,0,no dnr,0,0,no(M2 and SIP pres)
3506,7310,69.54095,male,black,6,under $11k,CHF,COPD/CHF/Cirrhosis,3,0,117,14.7988281,109,8,40.09375,186,2.699707,0.59997559,8,134,7.419922,287,55,128,0,1,no dnr,0,0,no(M2 and SIP pres)
3507,3475,67.95898,male,black,4,under $11k,CHF,COPD/CHF/Cirrhosis,3,0,82,7.59960938,80,16,36.29688,290.4375,,,1.19995117,139,7.5,,,,0,2,no dnr,0,1,no(M2 and SIP pres)
3508,1486,78.27496,female,asian,,,Coma,Coma,0,37,52,12.8984375,120,40,39.79688,148.875,3.3999023,,3.59960938,143,7.459961,,87,73,,,no dnr,1,1,<2 mo. follow-up
3509,7115,77.49799,female,white,10,under $11k,Coma,Coma,0,44,113,17.0976562,152,10,39.79688,190,,,0.89990234,143,7.429688,176,22,3695,,0,dnr after sadm,1,1,<2 mo. follow-up
3510,4723,21.489,female,black,2,,ARF/MOSF w/Sepsis,ARF/MOSF,1,0,105,11.3984375,115,24,38.09375,134.6875,,,1,136,7.439453,131,23,2720,0,,no dnr,0,0,no(M2 and SIP pres)
3511,4707,72.16998,female,white,16,under $11k,COPD,COPD/CHF/Cirrhosis,2,0,85,5.79980469,105,24,35.39844,,,0.79992676,1,143,,77,13,3425,0,1,dnr before sadm,0,1,<2 mo. follow-up
3512,4191,39.01398,female,hispanic,16,$25-$50k,Colon Cancer,Cancer,1,0,85,9.3984375,76,20,36.29688,,3.7998047,0.59997559,0.59997559,142,,,,,1,,no dnr,0,1,no(M2 and SIP pres)
3513,6030,68.13098,female,black,13,under $11k,MOSF w/Malig,ARF/MOSF,2,0,65,16.8984375,106,22,36,141.71875,2.0996094,0.69995117,0.79992676,139,7.189453,,,,0,0,no dnr,0,1,SIP>=30
3514,5900,46.98398,female,white,12,,MOSF w/Malig,ARF/MOSF,2,100,79,2.19970703,124,36,38.79688,,2.699707,0.79992676,1.09985352,130,,,,,,4,dnr before sadm,1,1,<2 mo. follow-up
3515,8535,77.36896,male,white,8,under $11k,COPD,COPD/CHF/Cirrhosis,3,0,59,7.5,72,28,36.19531,266.625,,,1.69995117,148,7.469727,165,32,2490,,2,no dnr,0,1,adl>=4 (>=5 if sur)
3516,3112,65.98499,male,white,8,under $11k,Lung Cancer,Cancer,1,0,70,,80,20,34.39844,,,,1.39990234,126,,115,38,350,,3,dnr after sadm,0,1,<2 mo. follow-up
3517,7607,64.05499,male,black,7,under $11k,MOSF w/Malig,ARF/MOSF,1,0,97,13.6992188,72,20,36.29688,252.375,,,1.09985352,138,7.369141,141,25,2150,6,6,no dnr,1,1,<2 mo. follow-up
3518,5935,61.17499,male,white,12,under $11k,ARF/MOSF w/Sepsis,ARF/MOSF,1,0,54,23.5976562,73,12,36.5,173.3125,1.1999512,0.39996338,4.09960938,131,7.399414,,,,,3,dnr after sadm,1,1,<2 mo. follow-up
3519,5634,46.58698,female,black,18,>$50k,ARF/MOSF w/Sepsis,ARF/MOSF,1,37,113,,55,30,36.5,,,,,140,,420,,4005,,0,no dnr,0,1,adl>=4 (>=5 if sur)
3520,3599,42.935,male,black,,,Coma,Coma,0,100,78,17,54,12,38,323.3125,,,0.79992676,142,7.5,,,,,,no dnr,1,1,<2 mo. follow-up
3521,1764,77.98798,female,white,12,under $11k,COPD,COPD/CHF/Cirrhosis,0,0,50,9.59960938,112,8,38.39844,332.5,3.199707,,0.5,136,7.389648,,,,,0,dnr after sadm,1,1,<2 mo. follow-up
3522,6775,51.52399,female,white,8,under $11k,COPD,COPD/CHF/Cirrhosis,3,0,68,6.09960938,115,20,37.79688,324,,0.79992676,0.69995117,137,7.439453,132,6,2450,4,4,no dnr,0,0,SIP>=30
3523,2437,95.33496,female,white,,>$50k,COPD,COPD/CHF/Cirrhosis,1,0,60,4.29980469,80,15,36.69531,,2.2998047,7.69921875,1,133,,76,23,1150,,4,dnr after sadm,0,1,no(M2 and SIP pres)
3524,564,49.08698,male,white,14,,ARF/MOSF w/Sepsis,ARF/MOSF,2,37,48,37.59375,145,28,38.29688,118,4.7998047,19.296875,4.69921875,142,7.389648,,,,,,dnr after sadm,1,1,<2 mo. follow-up
3525,2447,72.10999,male,white,,,ARF/MOSF w/Sepsis,ARF/MOSF,6,0,50,13.5,68,30,36.09375,396.625,,0.29998779,1.5,150,7.389648,306,22,855,,,dnr after sadm,1,1,<2 mo. follow-up
3526,3830,64.30096,male,white,8,$25-$50k,Colon Cancer,Cancer,1,0,103,10,100,20,36.59375,,2.8999023,1.09985352,0.59997559,135,,,,,0,0,no dnr,0,1,SIP>=30
3527,6834,63.16199,female,white,13,under $11k,ARF/MOSF w/Sepsis,ARF/MOSF,2,55,118,8.09960938,64,12,38.69531,187.5,2,8,0.79992676,136,7.419922,79,12,4825,,0,dnr after sadm,1,1,<2 mo. follow-up
3528,1825,65.05096,male,white,16,$25-$50k,Lung Cancer,Cancer,2,0,85,4.79980469,72,18,36.29688,,3.5996094,0.79992676,0.79992676,147,,,,,4,0,no dnr,0,1,SIP>=30
3529,5987,75.48297,male,white,10,under $11k,ARF/MOSF w/Sepsis,ARF/MOSF,1,9,66,19.296875,114,12,39,160,1.7998047,5.29980469,3.69970703,136,7.40918,,,,,0,dnr after sadm,1,1,<2 mo. follow-up
3530,3163,41.69199,male,white,15,$11-$25k,Lung Cancer,Cancer,2,0,102,10.5996094,70,30,36.89844,121.65625,,7.29980469,1,142,7.459961,91,16,3955,,,no dnr,0,1,no(M2 and SIP pres)
3531,3181,93.09796,female,white,9,under $11k,ARF/MOSF w/Sepsis,ARF/MOSF,2,9,48,10.0996094,105,24,37.79688,80,3.0996094,0.79992676,1.19995117,132,7.469727,153,20,1850,,7,no dnr,0,1,<2 mo. follow-up
3532,1366,46.04199,female,white,,,Colon Cancer,Cancer,1,0,51,,95,20,35.89844,,,,1.69995117,128,,,27,2750,,,no dnr,0,1,
3533,3138,66.32196,female,white,,,Cirrhosis,COPD/CHF/Cirrhosis,6,0,73,6.5,80,25,36.09375,242.84375,3.5996094,0.5,2.39990234,143,7.539062,50,68,2100,,,dnr after sadm,1,1,<2 mo. follow-up
3534,4597,40.70398,male,black,12,under $11k,CHF,COPD/CHF/Cirrhosis,3,0,79,7.59960938,116,24,37.79688,,,0.39996338,1,141,,103,14,1925,2,6,dnr after sadm,0,1,adl>=4 (>=5 if sur)
3535,275,81.24597,female,white,,,Coma,Coma,1,100,58,8.5,70,30,37.5,178,2.5,1.5,2.29980469,135,7.369141,,,,,,dnr before sadm,1,1,<2 mo. follow-up
3536,8339,57.952,male,white,7,$25-$50k,Lung Cancer,Cancer,1,0,63,8.59960938,62,24,36.09375,,4.0996094,0.5,1.19995117,133,,,,,2,1,no dnr,0,1,no(M2 and SIP pres)
3537,6106,74.38696,female,white,12,under $11k,MOSF w/Malig,ARF/MOSF,3,9,110,0,108,30,36,,2,1.09985352,1.79980469,127,,,,,7,6,no dnr,1,1,<2 mo. follow-up
3538,6451,72.28699,male,white,12,$11-$25k,ARF/MOSF w/Sepsis,ARF/MOSF,3,0,129,10,60,28,36.19531,178.96875,2.5,1.69995117,1,137,7.379883,,,,,0,dnr after sadm,0,1,no(M2 and SIP pres)
3539,3398,30.63699,female,black,,,ARF/MOSF w/Sepsis,ARF/MOSF,0,0,131,16.0976562,220,36,35.5,465,,32.59375,1.69995117,151,7.509766,,,,,,no dnr,1,1,<2 mo. follow-up
3540,6152,40.54999,male,white,12,$11-$25k,Coma,Coma,1,9,107,13,57,12,36.79688,416.625,4.1992188,0.79992676,0.69995117,137,7.419922,,,,,0,no dnr,0,0,no(M2 and SIP pres)
3541,2992,53.55499,female,white,14,>$50k,ARF/MOSF w/Sepsis,ARF/MOSF,1,0,97,7.79980469,70,25,36.09375,,,,0.79992676,139,,162,13,1600,,1,no dnr,0,0,SIP>=30
3542,8609,72.48199,female,white,12,,COPD,COPD/CHF/Cirrhosis,3,0,77,8.59960938,67,28,35.89844,,,,1,139,,115,18,1470,5,6,no dnr,1,1,<2 mo. follow-up
3543,4924,77.35498,male,white,12,,ARF/MOSF w/Sepsis,ARF/MOSF,1,0,128,14.8984375,110,35,36,98.75,,1.59985352,0.69995117,136,7.519531,267,26,1535,,2,dnr after sadm,0,1,
3544,7594,60.76398,female,white,1,under $11k,ARF/MOSF w/Sepsis,ARF/MOSF,2,9,101,10.0996094,72,24,36.59375,,4.2998047,0.59997559,1.5,138,,107,17,1925,,0,dnr after sadm,0,1,adl>=4 (>=5 if sur)
3545,8792,74.85297,male,white,8,$25-$50k,Coma,Coma,2,100,59,5.89941406,76,30,35.79688,,4.0996094,2,2.69970703,138,,98,58,1125,,0,no dnr,0,0,
3546,3658,58.94299,female,white,10,under $11k,CHF,COPD/CHF/Cirrhosis,0,0,65,9.8984375,80,20,36.29688,323.75,,,1.19995117,140,7.439453,,,,0,0,no dnr,0,1,no(M2 and SIP pres)
3547,5824,40.55899,female,black,12,under $11k,Cirrhosis,COPD/CHF/Cirrhosis,6,0,145,5.59960938,82,30,36,336.0625,2.8999023,3.09960938,8.3984375,135,7.399414,,,,0,0,no dnr,0,1,SIP>=30
3548,2248,70.935,male,white,12,,ARF/MOSF w/Sepsis,ARF/MOSF,0,0,73,18.1992188,98,22,36.29688,294.25,2.199707,0.59997559,0.89990234,139,7.399414,,,,4,4,dnr after sadm,0,1,no(M2 and SIP pres)
3549,6401,55.431,male,white,10,under $11k,ARF/MOSF w/Sepsis,ARF/MOSF,4,0,60,7.29980469,45,24,36.09375,156,2.5996094,6.69921875,2.69970703,132,7.479492,,,,,0,no dnr,0,1,no(M2 and SIP pres)
3550,3060,72.46295,female,white,10,,ARF/MOSF w/Sepsis,ARF/MOSF,3,0,79,6.59960938,117,25,38.09375,,,0.29998779,0.5,130,,307,2,2675,1,2,no dnr,0,1,no(M2 and SIP pres)
3551,5739,59.06897,female,black,12,$11-$25k,COPD,COPD/CHF/Cirrhosis,1,0,68,15.6992188,115,10,35.69531,174.0625,,2.69970703,2.89990234,145,7.469727,128,117,2360,0,,no dnr,0,0,
3552,1263,79.81396,male,white,16,$25-$50k,ARF/MOSF w/Sepsis,ARF/MOSF,1,37,45,16,95,48,39.5,133.3125,,6.29980469,1.19995117,152,7.479492,165,50,2496,,0,no dnr,0,1,adl>=4 (>=5 if sur)
3553,6876,29.33099,female,white,15,under $11k,MOSF w/Malig,ARF/MOSF,2,0,64,11.0996094,110,28,36.69531,209.5,4.0996094,0.59997559,1.09985352,142,7.389648,176,22,1500,,2,no dnr,1,1,<2 mo. follow-up
3554,6693,61.435,female,white,,under $11k,COPD,COPD/CHF/Cirrhosis,2,0,74,35,126,10,36.59375,240,2.7998047,0.5,0.59997559,144,7.339844,,,,,0,no dnr,0,0,no(M2 and SIP pres)
3555,7580,57.98499,female,white,12,$11-$25k,COPD,COPD/CHF/Cirrhosis,6,0,120,3.79980469,77,20,37,,3.2998047,1,1,134,,176,10,,0,1,no dnr,0,1,
3556,5719,72.73395,female,black,14,under $11k,COPD,COPD/CHF/Cirrhosis,1,26,122,24.5976562,100,30,35.19531,436.625,,0.59997559,1.19995117,144,7.369141,261,22,3005,,0,no dnr,0,1,SIP>=30
3557,7239,75.78094,male,black,11,under $11k,ARF/MOSF w/Sepsis,ARF/MOSF,0,0,65,34.8984375,101,22,39,376.1875,2.8999023,1.59985352,2,133,7.519531,151,61,1875,,0,no dnr,0,0,no(M2 and SIP pres)
3558,2485,71.00897,female,white,12,under $11k,Coma,Coma,3,100,57,27.796875,80,20,36.09375,252.375,,,1.09985352,132,7.459961,90,30,1100,,6,dnr after sadm,1,1,<2 mo. follow-up
3559,4648,24.709,male,black,16,,ARF/MOSF w/Sepsis,ARF/MOSF,0,0,72,16.5976562,55,26,36.19531,177.125,2.3999023,0.39996338,1.19995117,141,7.419922,92,19,5445,,0,no dnr,0,0,
3560,7148,63.63898,male,white,11,under $11k,ARF/MOSF w/Sepsis,ARF/MOSF,1,0,117,11.0996094,100,21,37.59375,203.6875,3.2998047,0.59997559,3.59960938,146,7.439453,103,63,2540,0,0,no dnr,0,1,no(M2 and SIP pres)
3561,6745,34.44199,male,white,15,,ARF/MOSF w/Sepsis,ARF/MOSF,1,9,65,8.69921875,95,29,38.39844,159.15625,,,3.5,136,7.30957,151,77,1920,,0,no dnr,0,0,adl>=4 (>=5 if sur)
3562,6920,72.80499,female,white,12,,MOSF w/Malig,ARF/MOSF,1,0,77,19.796875,83,22,36.19531,153.03125,,,2,127,7.519531,119,39,1300,,2,dnr before sadm,0,1,
3563,3711,72.94196,male,white,12,$25-$50k,COPD,COPD/CHF/Cirrhosis,2,0,127,19.5976562,130,34,37.69531,260,2.5,,0.79992676,148,7.429688,,,,,0,dnr after sadm,1,1,adl>=4 (>=5 if sur)
3564,41,73.40698,male,white,,,Colon Cancer,Cancer,1,0,71,16.5,76,10,37,,4,0.59997559,0.79992676,141,,,,,,,no dnr,0,0,
3565,7773,59.01199,male,white,12,$25-$50k,CHF,COPD/CHF/Cirrhosis,1,37,75,17.6992188,135,40,39.19531,176,4,1.29980469,1.69995117,145,7.459961,,,,,0,no dnr,0,1,adl>=4 (>=5 if sur)
3566,5567,68.99097,male,black,2,,CHF,COPD/CHF/Cirrhosis,3,0,159,11.6992188,50,10,36.79688,197.125,,10.7988281,1.39990234,153,7.469727,155,42,1595,0,0,no dnr,0,0,no(M2 and SIP pres)
3567,581,75.66095,male,white,12,under $11k,CHF,COPD/CHF/Cirrhosis,2,0,55,9.8984375,70,22,36.69531,,3.5996094,1,2.59960938,135,,,,,,,no dnr,0,0,no(M2 and SIP pres)
3568,5867,49.26797,female,white,12,under $11k,MOSF w/Malig,ARF/MOSF,2,0,47,10.8984375,51,44,34.09375,251.65625,2.5996094,1.89990234,2.39990234,133,7.229492,,,,,,dnr after sadm,1,1,<2 mo. follow-up
3569,558,72.98798,female,asian,12,,Coma,Coma,1,100,45,28.3984375,185,36,38.29688,423.3125,3.3999023,0.59997559,1,141,7.469727,,,,,,dnr after sadm,1,1,<2 mo. follow-up
3570,7512,71.35394,male,white,12,$11-$25k,Colon Cancer,Cancer,3,0,118,8.5,120,28,37.69531,306.625,2.5,14.6992188,0.69995117,145,7.489258,74,10,4655,0,1,no dnr,0,1,no(M2 and SIP pres)
3571,6917,44.94699,female,white,,,Coma,Coma,0,100,134,3.69970703,69,28,36.59375,130,2.7998047,0.79992676,0.69995117,133,7.419922,246,17,2475,,,no dnr,1,1,<2 mo. follow-up
3572,5183,56.89499,male,black,,,CHF,COPD/CHF/Cirrhosis,3,0,62,26.8984375,75,36,35.79688,115.70312,2.2998047,0.89990234,5,137,7.329102,148,69,66,,,no dnr,0,0,
3573,8567,77.28998,male,white,12,$11-$25k,ARF/MOSF w/Sepsis,ARF/MOSF,1,9,61,7.39941406,70,20,36.29688,309.5,4.2998047,0.29998779,1.19995117,138,7.419922,124,14,1450,,0,dnr after sadm,1,1,<2 mo. follow-up
3574,3920,42.14099,male,white,12,,CHF,COPD/CHF/Cirrhosis,2,0,59,7.39941406,74,24,37.79688,376.625,,1,1.09985352,132,7.469727,,,,0,0,no dnr,0,0,no(M2 and SIP pres)
3575,1011,61.80698,female,white,20,>$50k,COPD,COPD/CHF/Cirrhosis,2,0,73,10.0996094,102,32,35.79688,266.625,,,1,131,7.389648,,17,2400,1,0,no dnr,0,1,
3576,5873,48.45999,female,white,,,Cirrhosis,COPD/CHF/Cirrhosis,4,0,91,6.5,105,20,36.5,338.0625,2.7998047,4.59960938,1,134,7.429688,,,,1,,no dnr,0,1,SIP>=30
3577,7930,74.31097,male,white,,,ARF/MOSF w/Sepsis,ARF/MOSF,0,0,72,12.0996094,116,42,38.19531,192.5,3.5996094,0.69995117,2.09960938,131,7.40918,,,,,,dnr after sadm,1,1,<2 mo. follow-up
3578,4734,78.09698,female,white,8,under $11k,ARF/MOSF w/Sepsis,ARF/MOSF,1,0,100,7.59960938,64,24,39.29688,,3.8999023,1.39990234,0.89990234,141,,92,6,,,6,dnr after sadm,1,1,<2 mo. follow-up
3579,3496,56.45999,male,white,,,ARF/MOSF w/Sepsis,ARF/MOSF,1,44,67,16.0976562,110,36,38.59375,230,2.5996094,2.59960938,8.5,134,7.319336,,,,,,no dnr,0,0,
3580,6116,57.10098,female,white,10,,MOSF w/Malig,ARF/MOSF,1,37,68,12.6992188,68,22,36.19531,169.5625,3.0996094,0.79992676,0.39996338,127,7.459961,,,,,6,dnr after sadm,1,1,<2 mo. follow-up
3581,2514,72.52594,female,black,,,ARF/MOSF w/Sepsis,ARF/MOSF,1,0,55,9.8984375,112,40,38.19531,165.28125,4.1992188,0.59997559,1.09985352,136,7.30957,282,24,1930,,0,no dnr,0,0,adl>=4 (>=5 if sur)
3582,5623,51.504,female,black,16,$25-$50k,ARF/MOSF w/Sepsis,ARF/MOSF,3,9,78,22.5,70,32,35.09375,190,2.8999023,0.39996338,0.79992676,138,7.359375,208,12,1920,,0,dnr after sadm,1,1,<2 mo. follow-up
3583,6326,60.98599,male,white,8,$11-$25k,ARF/MOSF w/Sepsis,ARF/MOSF,0,0,108,9.8984375,107,30,38.39844,337.5,1.8999023,23.5976562,0.89990234,138,7.439453,,,,,0,no dnr,0,0,SIP>=30
3584,6053,61.75998,male,white,0,under $11k,COPD,COPD/CHF/Cirrhosis,3,0,71,6.19921875,104,22,36.29688,189.1875,,,1.39990234,137,7.239258,,,,2,6,dnr after sadm,0,1,<2 mo. follow-up
3585,6515,41.50897,female,black,12,$11-$25k,Coma,Coma,0,44,65,28.5,140,43,39.19531,448.875,2.2998047,1.79980469,1.19995117,145,7.389648,,,,,0,no dnr,0,1,no(M2 and SIP pres)
3586,6233,57.771,male,white,8,under $11k,COPD,COPD/CHF/Cirrhosis,4,0,114,9.3984375,124,27,37.69531,206.4375,3.0996094,1.39990234,1.09985352,137,7.40918,,,,6,6,no dnr,0,0,adl>=4 (>=5 if sur)
3587,3297,82.086,female,black,10,under $11k,Coma,Coma,1,100,103,7.09960938,80,16,36.79688,263.25,,,1.29980469,144,7.379883,,,,,5,dnr after sadm,1,1,<2 mo. follow-up
3588,8107,72.68195,male,white,12,under $11k,CHF,COPD/CHF/Cirrhosis,6,0,62,7.79980469,74,32,36.09375,357.125,,0.59997559,1.79980469,131,7.399414,,,,0,,dnr after sadm,0,1,no(M2 and SIP pres)
3589,6073,64.34497,female,white,12,,ARF/MOSF w/Sepsis,ARF/MOSF,5,0,65,10.1992188,114,12,36.5,146.15625,2.3999023,0.5,1.59985352,138,7.539062,,,,,0,dnr after sadm,1,1,adl>=4 (>=5 if sur)
3590,84,43.30197,male,hispanic,14,under $11k,Cirrhosis,COPD/CHF/Cirrhosis,3,0,83,10,80,20,37,,2.0996094,13,1,130,,,,,3,2,no dnr,1,1,<2 mo. follow-up
3591,4278,55.491,female,white,15,$25-$50k,ARF/MOSF w/Sepsis,ARF/MOSF,0,0,111,6.89941406,110,40,38.29688,373.3125,2.3999023,,0.5,141,7.349609,,,,,0,no dnr,0,0,SIP>=30
3592,2900,21.20699,female,white,12,,ARF/MOSF w/Sepsis,ARF/MOSF,0,0,124,10,160,37,39.09375,356,2.699707,4.09960938,1,149,7.459961,89,28,1596,0,0,no dnr,0,0,no(M2 and SIP pres)
3593,2557,61.823,female,hispanic,18,>$50k,Coma,Coma,0,100,52,1.09985352,64,30,36.29688,,2.5,7.89941406,0.59997559,139,,110,15,1040,,0,no dnr,0,1,Coma or Intub
3594,3878,53.04898,female,other,,,Coma,Coma,0,61,62,2.29980469,136,27,37.89844,273.3125,,,1.39990234,150,7.5,,,,,7,dnr after sadm,1,1,<2 mo. follow-up
3595,1164,48.42697,female,white,,,ARF/MOSF w/Sepsis,ARF/MOSF,2,26,102,14.3984375,105,35,38.5,156,2.3999023,,0.59997559,144,7.479492,154,8,3140,,,no dnr,0,0,
3596,7749,75.01196,male,white,12,,CHF,COPD/CHF/Cirrhosis,3,0,109,10.2988281,73,28,36.39844,276.1875,,1.09985352,3.69970703,139,7.449219,,,,0,0,dnr after sadm,0,1,no(M2 and SIP pres)
3597,2740,70.20398,female,white,11,$11-$25k,COPD,COPD/CHF/Cirrhosis,4,0,107,4.59960938,69,28,38.19531,,,,1.5,134,,333,17,3480,2,,no dnr,0,0,no(M2 and SIP pres)
3598,1292,55.13797,male,white,14,,Lung Cancer,Cancer,3,0,48,0.5,140,34,39.79688,120,,,0.79992676,157,7.379883,,24,3935,,0,no dnr,0,0,
3599,7945,73.89996,male,white,8,under $11k,COPD,COPD/CHF/Cirrhosis,2,0,78,12.5996094,106,26,38.59375,80,2.8999023,1.09985352,1.19995117,139,7.469727,,,,,1,no dnr,0,0,adl>=4 (>=5 if sur)
3600,3764,50.29199,male,white,16,>$50k,MOSF w/Malig,ARF/MOSF,1,0,59,31,102,22,36.79688,396,1.5998535,0.89990234,7.19921875,131,7.389648,,,,0,0,no dnr,0,0,no(M2 and SIP pres)
3601,6253,56.34198,male,white,16,$25-$50k,MOSF w/Malig,ARF/MOSF,2,0,105,0.29998779,122,22,36,,3.0996094,1.59985352,0.89990234,124,,,,,0,1,no dnr,0,1,no(M2 and SIP pres)
3602,8240,61.19598,male,white,8,,ARF/MOSF w/Sepsis,ARF/MOSF,0,0,42,13.8984375,144,28,38.69531,92,2.8999023,1.39990234,1.5,133,7.699219,,,,,0,no dnr,0,1,adl>=4 (>=5 if sur)
3603,5847,68.48199,male,white,14,$11-$25k,ARF/MOSF w/Sepsis,ARF/MOSF,1,0,53,13.3984375,71,10,36.5,262.9375,1.8999023,0.19998169,1.69995117,135,7.399414,,,,0,0,no dnr,0,0,no(M2 and SIP pres)
3604,8876,56.31998,male,white,16,under $11k,COPD,COPD/CHF/Cirrhosis,3,0,127,12.7988281,143,24,36.19531,110,3.699707,2,1.39990234,135,7.189453,113,34,900,,,no dnr,0,0,no(M2 and SIP pres)
3605,7615,38.021,female,white,11,$11-$25k,CHF,COPD/CHF/Cirrhosis,2,0,103,17,141,28,38.5,190,2.0996094,2.89990234,0.69995117,128,7.509766,99,17,7495,,,no dnr,0,0,no(M2 and SIP pres)
3606,1524,20.29599,female,hispanic,12,,MOSF w/Malig,ARF/MOSF,2,0,122,21.1992188,155,10,38,,3.7998047,0.5,1.19995117,143,,122,8,2397,,1,no dnr,1,1,<2 mo. follow-up
3607,1843,89.31396,male,white,,,COPD,COPD/CHF/Cirrhosis,2,9,123,10.8984375,62,28,38.09375,286.625,3.0996094,,1.79980469,148,7.5,,,,,0,dnr before sadm,1,1,<2 mo. follow-up
3608,4504,79.23297,female,white,7,under $11k,COPD,COPD/CHF/Cirrhosis,2,0,103,14.6992188,128,42,36.69531,364,1.8999023,6.39941406,2.19970703,147,7.389648,113,43,1670,,0,no dnr,0,1,SIP>=30
3609,2283,79.96399,male,white,8,under $11k,ARF/MOSF w/Sepsis,ARF/MOSF,1,0,83,9.09960938,80,20,35.59375,180,2.199707,,0.59997559,135,7.469727,,,,0,0,dnr after sadm,1,1,<2 mo. follow-up
3610,2948,75.51294,male,white,10,$11-$25k,Colon Cancer,Cancer,4,0,93,9.79882812,80,20,37,340,,,0.89990234,146,7.389648,110,37,58.695312,2,1,dnr after sadm,0,1,<2 mo. follow-up
3611,8880,81.95496,male,white,8,,ARF/MOSF w/Sepsis,ARF/MOSF,0,0,73,13.7988281,61,20,36.79688,,,,1,138,,162,15,2850,,2,dnr after sadm,1,1,<2 mo. follow-up
3612,3851,43.46899,male,white,16,>$50k,CHF,COPD/CHF/Cirrhosis,2,0,79,7,60,16,36,,,1.59985352,1.19995117,142,,,,,0,0,no dnr,0,0,no(M2 and SIP pres)
3613,2233,52.62097,male,white,20,>$50k,MOSF w/Malig,ARF/MOSF,1,0,46,80.59375,72,28,37.89844,87.14062,2.8999023,1.79980469,3.69970703,125,7.349609,,,,,0,dnr after sadm,1,1,<2 mo. follow-up
3614,4925,48.40198,male,white,16,$25-$50k,Lung Cancer,Cancer,1,0,135,30.8984375,125,18,38,208.5625,,7.29980469,1.19995117,141,7.439453,109,35,1350,0,1,no dnr,0,1,<2 mo. follow-up
3615,5553,47.89297,male,black,10,under $11k,Coma,Coma,4,9,48,0.09999084,65,28,35.59375,376.1875,2,0.5,0.59997559,136,7.509766,173,22,3050,3,0,no dnr,1,1,<2 mo. follow-up
3616,5291,68.10394,male,white,12,,Lung Cancer,Cancer,1,0,122,8.5,105,25,37.59375,220,2.7998047,0.39996338,1.29980469,136,7.299805,187,27,1330,0,,no dnr,0,1,no(M2 and SIP pres)
3617,8246,67.86896,female,white,12,$11-$25k,CHF,COPD/CHF/Cirrhosis,2,0,103,6.19921875,132,76,36.19531,,3.3999023,0.79992676,2.59960938,141,,,,,3,2,no dnr,0,0,no(M2 and SIP pres)
3618,6734,67.31,female,white,16,$25-$50k,MOSF w/Malig,ARF/MOSF,1,0,83,5.5,100,18,36.69531,274.0625,,0.39996338,0.69995117,137,7.389648,242,10,,1,2,dnr after sadm,1,1,<2 mo. follow-up
3619,5856,69.06494,female,white,12,under $11k,CHF,COPD/CHF/Cirrhosis,4,0,63,7.69921875,52,18,35.29688,257.75,2.699707,5,1.79980469,121,7.449219,,,,,,no dnr,0,1,
3620,7378,68.37195,female,black,3,under $11k,CHF,COPD/CHF/Cirrhosis,3,0,110,8.09960938,141,30,36,177.5,2.5996094,0.5,1.39990234,144,7.419922,203,40,2558,0,,no dnr,0,1,no(M2 and SIP pres)
3621,2631,81.97095,male,white,3,,ARF/MOSF w/Sepsis,ARF/MOSF,1,0,131,18,66,4,38.39844,379,3.0996094,1.09985352,11.2988281,137,7.229492,135,72,375,,,no dnr,0,0,no(M2 and SIP pres)
3622,5725,53.01599,male,black,11,under $11k,ARF/MOSF w/Sepsis,ARF/MOSF,1,44,65,17.296875,52,29,35.5,396,,41.59375,5.69921875,143,7.189453,60,80,180,,0,dnr after sadm,1,1,<2 mo. follow-up
3623,5940,78.45599,female,white,11,under $11k,CHF,COPD/CHF/Cirrhosis,3,0,66,9.5,76,20,35.59375,,,,0.89990234,133,,,,,2,1,no dnr,0,1,SIP>=30
3624,2086,57.892,male,black,,,Lung Cancer,Cancer,2,0,71,4.79980469,110,24,37.09375,266.625,,,1.09985352,139,7.489258,,,,,0,no dnr,0,1,adl>=4 (>=5 if sur)
3625,2009,77.008,male,white,9,under $11k,CHF,COPD/CHF/Cirrhosis,3,0,80,10.2988281,80,20,35.59375,357.125,,,1.5,139,7.399414,,,,0,0,no dnr,0,0,no(M2 and SIP pres)
3626,3673,69.72998,female,white,6,,CHF,COPD/CHF/Cirrhosis,3,0,69,5.69921875,66,16,36.89844,,2.699707,3.39990234,0.79992676,127,,,,,1,0,no dnr,0,1,SIP>=30
3627,911,95.70697,female,white,14,>$50k,ARF/MOSF w/Sepsis,ARF/MOSF,2,100,65,35.09375,115,40,36,374,,,1.69995117,137,7.299805,395,44,20,,,dnr before sadm,1,1,<2 mo. follow-up
3628,53,74.54297,female,white,12,under $11k,COPD,COPD/CHF/Cirrhosis,2,0,83,14.1992188,92,22,36.39844,164,3.2998047,0.29998779,0.79992676,137,7.449219,,,,0,0,no dnr,0,0,no(M2 and SIP pres)
3629,2786,93.008,female,white,12,,ARF/MOSF w/Sepsis,ARF/MOSF,1,0,56,10.2988281,68,30,36.09375,450,3.0996094,,1.59985352,143,7.339844,112,58,950,,7,dnr after sadm,1,1,<2 mo. follow-up
3630,6939,74.11896,female,black,,under $11k,ARF/MOSF w/Sepsis,ARF/MOSF,4,0,124,11.2988281,100,14,36.59375,360,3.0996094,0.89990234,9.19921875,128,7.40918,370,82,0,,5,no dnr,0,1,
3631,6204,61.37997,female,white,9,under $11k,COPD,COPD/CHF/Cirrhosis,2,0,154,8.59960938,141,30,37.69531,150,3.0996094,0.59997559,0.59997559,141,7.319336,,,,1,0,no dnr,0,1,no(M2 and SIP pres)
3632,8528,83.02795,female,white,12,,ARF/MOSF w/Sepsis,ARF/MOSF,2,44,102,7.29980469,60,24,35.69531,285.6875,3.3999023,0.79992676,1.59985352,134,7.579102,88,39,,,5,dnr after sadm,0,1,<2 mo. follow-up
3633,2339,94.26996,female,white,12,>$50k,Coma,Coma,2,100,43,32.8984375,70,30,35.59375,552,3.0996094,0.69995117,1.79980469,151,7.609375,,,,,7,dnr after sadm,1,1,<2 mo. follow-up
3634,2103,66.72699,female,white,8,,ARF/MOSF w/Sepsis,ARF/MOSF,2,0,69,5.19921875,52,28,36.39844,169.375,3.199707,,4.79980469,145,7.349609,,,,2,1,no dnr,0,0,no(M2 and SIP pres)
3635,7165,68.73895,female,black,10,under $11k,MOSF w/Malig,ARF/MOSF,1,0,45,26.6992188,122,44,40.79688,305,2,1.69995117,6,134,7.299805,73,76,0,,0,dnr after sadm,1,1,<2 mo. follow-up
3636,3465,85.57996,male,white,16,,ARF/MOSF w/Sepsis,ARF/MOSF,0,0,60,23.5,62,18,37.09375,149,2.2998047,0.69995117,1.19995117,135,7.389648,,,,,0,dnr after sadm,1,1,<2 mo. follow-up
3637,7702,53.51999,female,white,9,under $11k,CHF,COPD/CHF/Cirrhosis,5,0,77,7.5,101,20,35.39844,,3.0996094,0.39996338,0.59997559,138,,114,9,,6,1,no dnr,0,1,adl>=4 (>=5 if sur)
3638,4413,70.75696,male,white,3,$11-$25k,COPD,COPD/CHF/Cirrhosis,0,41,63,6.29980469,116,20,38.19531,,,0.59997559,0.59997559,139,,96,8,,,0,dnr after sadm,1,1,<2 mo. follow-up
3639,6695,29.073,male,white,12,$25-$50k,CHF,COPD/CHF/Cirrhosis,1,0,79,14.1992188,79,22,37,380.9375,3.8999023,2.19970703,0.89990234,134,7.429688,,,,,,no dnr,0,1,no(M2 and SIP pres)
3640,518,60.87299,female,black,12,under $11k,CHF,COPD/CHF/Cirrhosis,5,0,67,9.79882812,75,20,36.29688,,,1.39990234,1.19995117,131,,,,,,,no dnr,0,1,no(M2 and SIP pres)
3641,3385,62.806,male,white,10,$25-$50k,Lung Cancer,Cancer,2,0,135,15.0996094,92,20,36.79688,,4.0996094,0.5,1.5,135,,,,,0,0,no dnr,0,1,no(M2 and SIP pres)
3642,3071,67.38696,female,white,12,$11-$25k,ARF/MOSF w/Sepsis,ARF/MOSF,2,9,87,9.5,80,20,36.09375,,2.5996094,,1.09985352,132,,81,23,,6,6,dnr after sadm,0,0,no(M2 and SIP pres)
3643,5684,65.47797,male,white,12,$11-$25k,COPD,COPD/CHF/Cirrhosis,2,0,70,8.79882812,110,16,36.39844,217.5,2.8999023,,4.5,130,7.419922,74,113,2510,6,4,no dnr,1,1,<2 mo. follow-up
3644,5494,64.80499,male,white,,,Coma,Coma,1,100,65,0.09999084,75,25,35.59375,271.375,2.2998047,1.29980469,1,139,7.429688,178,28,2040,,3,no dnr,0,1,adl>=4 (>=5 if sur)
3645,3391,50.64999,male,white,14,$25-$50k,ARF/MOSF w/Sepsis,ARF/MOSF,0,0,82,8.3984375,70,16,37.29688,466.625,,0.39996338,1.09985352,141,7.379883,,,,1,0,no dnr,0,0,no(M2 and SIP pres)
3646,8588,74.54297,male,white,12,$11-$25k,CHF,COPD/CHF/Cirrhosis,4,0,58,10.5,70,12,38.5,160,2.0996094,0.69995117,0.59997559,134,7.469727,106,9,2990,0,1,dnr after sadm,0,1,no(M2 and SIP pres)
3647,7304,43.76999,male,white,10,under $11k,Cirrhosis,COPD/CHF/Cirrhosis,2,0,115,7.59960938,68,24,36.19531,351.375,2.2998047,0.29998779,2.39990234,129,7.359375,74,45,1569,0,1,no dnr,0,0,no(M2 and SIP pres)
3648,8638,76.68994,male,white,,,CHF,COPD/CHF/Cirrhosis,3,0,107,16.5976562,53,16,36.79688,,,,0.79992676,138,,117,8,3025,,,no dnr,0,0,
3649,3305,65.396,male,black,,,Coma,Coma,1,100,80,30.296875,130,32,37.89844,240,2.7998047,,2.19970703,133,7.419922,,,,,,dnr after sadm,1,1,<2 mo. follow-up
3650,5794,76.23499,male,white,12,under $11k,ARF/MOSF w/Sepsis,ARF/MOSF,0,26,118,10.8984375,55,12,35.89844,190,,1.59985352,1.59985352,136,7.399414,154,29,7560,,1,no dnr,0,0,no(M2 and SIP pres)
3651,6699,60.44098,male,white,10,under $11k,Coma,Coma,1,100,36,11.5,72,22,34,188.5625,2.199707,0.39996338,0.79992676,135,7.509766,,,,,,dnr after sadm,1,1,<2 mo. follow-up
3652,8709,38.90799,female,white,12,$11-$25k,ARF/MOSF w/Sepsis,ARF/MOSF,2,0,81,10.0996094,74,22,35.79688,,3.5996094,2.89990234,1.09985352,125,,111,9,,,1,no dnr,0,0,
3653,662,67.37,female,white,12,under $11k,Cirrhosis,COPD/CHF/Cirrhosis,3,0,71,4.39941406,72,20,36.39844,,2.5996094,1.89990234,4.69921875,140,,,,,5,,dnr after sadm,0,1,adl>=4 (>=5 if sur)
3654,476,59.62198,male,white,12,>$50k,Lung Cancer,Cancer,2,0,96,11.6992188,104,20,36.19531,,,,1.19995117,135,,,,,0,0,no dnr,0,1,no(M2 and SIP pres)
3655,8689,40.09299,male,white,18,$25-$50k,CHF,COPD/CHF/Cirrhosis,3,0,110,29.5,86,28,36.19531,240,,0.29998779,1.09985352,131,7.419922,346,29,3325,,0,no dnr,0,1,no(M2 and SIP pres)
3656,1388,70.71295,female,white,,,Colon Cancer,Cancer,1,0,77,4.79980469,78,20,35.69531,,3.8999023,3,1.5,138,,111,31,1825,,,no dnr,0,0,
3657,6603,63.52597,female,white,,,ARF/MOSF w/Sepsis,ARF/MOSF,1,0,50,22.0976562,114,22,38.79688,101.42188,2.0996094,1.29980469,1.59985352,130,7.429688,,,,,,no dnr,0,0,
3658,5672,81.71899,female,black,,under $11k,Coma,Coma,2,44,113,43.3984375,125,29,38,187.5,2.5,1.39990234,6.69921875,139,7.329102,112,87,2055,,3,dnr after sadm,1,1,<2 mo. follow-up
3659,8714,63.24197,female,white,12,,COPD,COPD/CHF/Cirrhosis,7,0,72,,53,22,36.19531,,,,1,137,,90,17,2250,0,1,no dnr,0,0,no(M2 and SIP pres)
3660,3450,57.57397,male,white,12,under $11k,CHF,COPD/CHF/Cirrhosis,3,0,74,6.19921875,108,14,35,264,2.8999023,0.69995117,1.59985352,135,7.469727,,,,2,0,no dnr,1,1,<2 mo. follow-up
3661,3826,65.84497,male,white,8,$11-$25k,CHF,COPD/CHF/Cirrhosis,2,0,56,7.5,96,26,34.89844,173.3125,,,0.69995117,130,7.509766,,,,0,0,no dnr,0,1,<2 mo. follow-up
3662,4915,60.65399,male,white,8,,ARF/MOSF w/Sepsis,ARF/MOSF,1,0,42,1.29980469,75,12,35.69531,230,2.5,22.296875,2.19970703,146,7.339844,157,84,340,0,0,no dnr,0,1,no(M2 and SIP pres)
3663,5173,55.61899,male,white,8,,ARF/MOSF w/Sepsis,ARF/MOSF,4,41,120,5.29980469,60,26,36.19531,276,,0.39996338,1,144,7.379883,194,18,2250,,1,no dnr,0,0,no(M2 and SIP pres)
3664,9018,75.16998,female,white,8,,COPD,COPD/CHF/Cirrhosis,3,26,119,13.1992188,104,28,35.59375,264,3.5996094,0.79992676,1.09985352,131,7.269531,316,21,,,0,no dnr,0,0,no(M2 and SIP pres)
3665,1466,64.25696,male,white,14,under $11k,ARF/MOSF w/Sepsis,ARF/MOSF,1,9,62,7.39941406,70,14,36.19531,,,,1.5,137,,,13,2095,,0,no dnr,0,0,no(M2 and SIP pres)
3666,7100,64.22198,female,white,12,,CHF,COPD/CHF/Cirrhosis,7,9,109,43.59375,128,8,36.89844,290,1.3999023,1.89990234,0.79992676,135,7.449219,174,18,3067,0,1,dnr after sadm,0,1,no(M2 and SIP pres)
3667,8291,63.33499,male,white,16,,CHF,COPD/CHF/Cirrhosis,3,0,59,10.5,39,20,36.39844,,,,1.5,138,,,,,0,0,no dnr,0,1,no(M2 and SIP pres)
3668,2630,54.16599,female,white,12,$11-$25k,ARF/MOSF w/Sepsis,ARF/MOSF,1,0,77,14.0996094,108,22,38.69531,212.5,2.8999023,1.89990234,0.89990234,142,7.419922,100,27,1875,,0,no dnr,0,0,adl>=4 (>=5 if sur)
3669,4778,78.461,male,white,12,,CHF,COPD/CHF/Cirrhosis,3,0,83,12.5996094,100,22,36.79688,,3.699707,,0.89990234,136,,108,34,,1,1,no dnr,0,0,no(M2 and SIP pres)
3670,3801,37.70798,male,black,12,under $11k,ARF/MOSF w/Sepsis,ARF/MOSF,4,41,123,2.39990234,120,22,39.19531,485.6875,1.3999023,3.79980469,0.89990234,145,7.489258,,,,,1,dnr after sadm,0,1,no(M2 and SIP pres)
3671,3537,26.92699,male,other,10,under $11k,ARF/MOSF w/Sepsis,ARF/MOSF,2,0,67,16.796875,140,36,37.5,130,2.7998047,5.5,5.39941406,134,7.289062,,,,,0,dnr after sadm,1,1,<2 mo. follow-up
3672,1444,56.56097,male,white,16,>$50k,ARF/MOSF w/Sepsis,ARF/MOSF,0,26,72,9.79882812,72,28,36.39844,,,,0.69995117,136,,159,7,3625,,,no dnr,0,0,
3673,8105,68.74695,male,white,6,under $11k,Coma,Coma,1,55,131,12.7988281,71,24,39,,5.0996094,0.59997559,2,136,,,,,,0,dnr after sadm,0,1,<2 mo. follow-up
3674,5090,77.57397,female,white,7,under $11k,ARF/MOSF w/Sepsis,ARF/MOSF,1,0,105,7.89941406,80,20,36.79688,,,0.19998169,0.59997559,142,,101,11,,1,0,no dnr,0,0,adl>=4 (>=5 if sur)
3675,5055,50.14398,male,white,12,under $11k,ARF/MOSF w/Sepsis,ARF/MOSF,2,0,60,6.09960938,125,13,38.79688,158,,5.29980469,1.39990234,149,7.379883,283,16,3430,1,0,no dnr,0,0,SIP>=30
3676,3924,58.29199,male,white,,,ARF/MOSF w/Sepsis,ARF/MOSF,3,100,70,15.5996094,0,0,35.5,228,,0.39996338,3.5,124,7.15918,,,,,3,dnr before sadm,1,1,<2 mo. follow-up
3677,6940,76.79895,female,white,7,under $11k,COPD,COPD/CHF/Cirrhosis,4,0,65,7.89941406,79,20,36,,2.5996094,0.29998779,0.79992676,133,,115,13,1800,0,0,no dnr,0,1,no(M2 and SIP pres)
3678,4559,49.29199,female,white,9,$25-$50k,ARF/MOSF w/Sepsis,ARF/MOSF,1,0,75,10.7988281,110,24,36.5,309.5,3.3999023,0.5,0.69995117,134,7.459961,101,9,1700,,1,no dnr,0,1,
3679,4859,71.18695,female,black,,,ARF/MOSF w/Sepsis,ARF/MOSF,2,44,67,10,119,26,37.69531,,2.0996094,0.89990234,0.39996338,134,,174,3,,,,dnr after sadm,1,1,<2 mo. follow-up
3680,667,43.47699,male,hispanic,12,$11-$25k,ARF/MOSF w/Sepsis,ARF/MOSF,4,26,48,5.59960938,130,20,37.5,130,2.2998047,21.0976562,1.39990234,130,7.589844,,,,,0,dnr after sadm,1,1,<2 mo. follow-up
3681,7966,77.26794,female,white,,,Lung Cancer,Cancer,2,0,81,,76,20,35.79688,,,,0.69995117,140,,,,,,,no dnr,0,1,
3682,3473,66.38995,female,black,,,ARF/MOSF w/Sepsis,ARF/MOSF,1,0,99,8.79882812,62,15,36.89844,319,,,0.59997559,140,7.419922,,,,,,no dnr,0,1,
3683,1655,77.32495,male,white,16,>$50k,MOSF w/Malig,ARF/MOSF,2,0,107,100,82,30,37.69531,122.5,,1.5,1.5,146,7.439453,,,,0,,no dnr,0,1,<2 mo. follow-up
3684,6809,36.73898,female,black,14,,CHF,COPD/CHF/Cirrhosis,1,0,47,0.79992676,124,36,35.79688,177.75,2.5,0.69995117,2.09960938,136,7.40918,99,54,1280,0,0,no dnr,0,0,no(M2 and SIP pres)
3685,2487,77.06494,female,white,11,$11-$25k,CHF,COPD/CHF/Cirrhosis,2,0,67,20.1992188,90,20,36.5,404.75,3.7998047,4.09960938,1.79980469,143,7.549805,89,44,,7,3,no dnr,0,1,no(M2 and SIP pres)
3686,477,78.12695,female,white,11,$11-$25k,ARF/MOSF w/Sepsis,ARF/MOSF,1,100,60,24.0976562,70,44,38.89844,96.65625,2,,1.09985352,141,7.429688,,,,,7,no dnr,1,1,<2 mo. follow-up
3687,957,65.09497,female,white,18,,ARF/MOSF w/Sepsis,ARF/MOSF,0,26,103,11.0996094,105,10,39.39844,240,3.7998047,,0.69995117,136,7.539062,152,12,4090,,0,no dnr,0,0,adl>=4 (>=5 if sur)
3688,5377,71.258,male,black,11,$11-$25k,Coma,Coma,2,94,80,10.8984375,112,20,34.5,,3.2998047,0.5,1,138,,108,16,,,,dnr after sadm,1,1,<2 mo. follow-up
3689,1570,85.45099,male,white,20,,ARF/MOSF w/Sepsis,ARF/MOSF,1,94,78,10.8984375,125,22,38.19531,122.4375,,0.29998779,4.89941406,133,7.319336,373,117,1475,,,no dnr,1,1,<2 mo. follow-up
3690,7278,72.77197,male,black,9,under $11k,Cirrhosis,COPD/CHF/Cirrhosis,3,0,139,1.39990234,167,32,32,154,4.2998047,0.79992676,2.09960938,132,7.419922,196,24,3685,1,1,no dnr,0,1,no(M2 and SIP pres)
3691,3063,90.84198,female,white,,,CHF,COPD/CHF/Cirrhosis,6,0,72,10.8984375,72,24,36.19531,225.6875,,,1.89990234,141,7.399414,133,58,2300,,4,dnr before sadm,0,1,adl>=4 (>=5 if sur)
3692,3831,74.836,male,white,10,,ARF/MOSF w/Sepsis,ARF/MOSF,3,9,114,11.5996094,154,51,38,176.65625,3,0.09999084,5.09960938,148,7.429688,,,,,3,no dnr,1,1,<2 mo. follow-up
3693,4828,34.439,male,white,12,$25-$50k,ARF/MOSF w/Sepsis,ARF/MOSF,0,94,75,10.8984375,125,25,38.59375,438.0625,,0.59997559,3.5,137,7.329102,108,29,790,,0,no dnr,0,0,
3694,3532,56.97998,male,white,12,$11-$25k,MOSF w/Malig,ARF/MOSF,2,0,89,100,90,36,38.79688,133.3125,,,1.59985352,137,7.459961,,,,0,0,no dnr,0,1,adl>=4 (>=5 if sur)
3695,2621,43.64398,male,white,12,under $11k,Cirrhosis,COPD/CHF/Cirrhosis,4,0,100,6.79980469,80,20,37.19531,478.3125,3.2998047,0.19998169,1.09985352,137,7.419922,189,19,1150,,0,dnr after sadm,1,1,<2 mo. follow-up
3696,664,68.87897,female,black,,,ARF/MOSF w/Sepsis,ARF/MOSF,3,0,80,25.8984375,115,28,36.89844,,2.199707,0.39996338,2,129,,,,,,,no dnr,0,1,<2 mo. follow-up
3697,4801,54.59497,male,white,16,>$50k,Colon Cancer,Cancer,1,0,56,6.09960938,145,55,38.69531,140,1.7998047,0.79992676,1.5,143,7.449219,289,39,1340,0,0,no dnr,0,1,no(M2 and SIP pres)
3698,602,69.66498,male,black,6,under $11k,Lung Cancer,Cancer,2,0,109,12.5,70,20,36.39844,,4.3994141,0.19998169,1.19995117,136,,,,,0,,no dnr,0,1,no(M2 and SIP pres)
3699,6040,40.82098,female,black,13,under $11k,ARF/MOSF w/Sepsis,ARF/MOSF,1,0,62,27.1992188,157,12,37.59375,330,1.7998047,0.39996338,0.29998779,155,7.269531,,,,,7,no dnr,0,0,adl>=4 (>=5 if sur)
3700,6883,43.754,female,black,2,under $11k,Lung Cancer,Cancer,1,0,47,15.0996094,150,30,36.59375,177.53125,2.8999023,2.79980469,1.29980469,154,7.369141,192,36,1670,7,5,dnr after sadm,1,1,<2 mo. follow-up
3701,6961,68.646,male,white,16,,Colon Cancer,Cancer,1,0,105,5.5,128,30,36.09375,390.4375,2.3999023,0.89990234,0.5,137,7.449219,71,16,1945,0,0,no dnr,0,0,no(M2 and SIP pres)
3702,3773,68.37195,female,white,,,Coma,Coma,0,94,110,9.69921875,42,11,36.89844,250,,,0.59997559,148,7.479492,,,,,0,dnr after sadm,1,1,<2 mo. follow-up
3703,4687,64.02997,female,white,20,,Colon Cancer,Cancer,1,0,78,23.0976562,120,44,38.29688,210,1.5998535,3.89990234,0.79992676,129,7.489258,189,12,2745,0,0,no dnr,0,1,no(M2 and SIP pres)
3704,7049,41.16599,male,black,10,under $11k,ARF/MOSF w/Sepsis,ARF/MOSF,4,9,174,7.59960938,116,40,38.69531,263.3125,2.5996094,0.5,0.59997559,136,7.479492,368,15,1807,1,0,no dnr,0,1,
3705,7432,27.409,male,white,,,CHF,COPD/CHF/Cirrhosis,2,0,140,8.5,60,48,38.09375,263.3125,3.3999023,0.79992676,1.09985352,137,7.319336,109,16,1681,,,no dnr,0,1,
3706,3909,77.63696,female,white,,,ARF/MOSF w/Sepsis,ARF/MOSF,1,0,37,26,96,38,35.79688,108.32812,,,1.69995117,141,7.129883,,,,,,dnr after sadm,1,1,<2 mo. follow-up
3707,2995,81.06494,male,white,12,>$50k,CHF,COPD/CHF/Cirrhosis,4,0,111,13,110,34,39.59375,162,,,1.5,135,7.439453,158,37,3650,0,,no dnr,0,1,<2 mo. follow-up
3708,5201,41.26199,male,black,18,$25-$50k,ARF/MOSF w/Sepsis,ARF/MOSF,0,0,45,19,125,14,39.09375,77,,0.79992676,0.89990234,131,7.319336,346,18,2912,,0,no dnr,0,0,no(M2 and SIP pres)
3709,3249,33.73297,female,white,10,under $11k,CHF,COPD/CHF/Cirrhosis,0,0,77,20.3984375,110,16,37.09375,328,,0.39996338,0.69995117,138,7.429688,,,,,3,no dnr,0,0,no(M2 and SIP pres)
3710,6381,88.28699,male,white,13,,MOSF w/Malig,ARF/MOSF,1,44,111,20.1992188,142,28,37.89844,169.09375,2.199707,1.89990234,0.79992676,145,7.479492,,,,,2,dnr after sadm,1,1,<2 mo. follow-up
3711,4244,68.32599,male,white,12,$11-$25k,CHF,COPD/CHF/Cirrhosis,3,0,46,12.1992188,60,32,36.39844,338.0625,,,1,128,7.519531,,,,1,0,no dnr,0,1,<2 mo. follow-up
3712,1042,29.53299,male,black,17,under $11k,MOSF w/Malig,ARF/MOSF,1,0,81,5.59960938,125,22,36.79688,,,,1.29980469,138,,,12,3000,0,,no dnr,0,1,
3713,4225,72.34198,male,white,8,,Lung Cancer,Cancer,2,0,109,11.8984375,76,16,36.79688,,3.0996094,0.29998779,0.89990234,140,,,,,,,no dnr,0,1,no(M2 and SIP pres)
3714,2299,83.37,male,white,17,,ARF/MOSF w/Sepsis,ARF/MOSF,2,0,55,18.796875,63,28,36,428,2.0996094,0.5,1.39990234,135,7.5,,,,,0,no dnr,0,1,no(M2 and SIP pres)
3715,5212,85.185,female,white,16,,Coma,Coma,0,100,53,14.2988281,125,30,38.79688,130,,,1.39990234,138,7.40918,106,27,2730,,,dnr after sadm,1,1,<2 mo. follow-up
3716,4875,75.90094,male,white,12,$11-$25k,CHF,COPD/CHF/Cirrhosis,3,0,112,11.7988281,45,35,39,188.5625,,,0.79992676,133,7.399414,148,14,3950,,,no dnr,0,1,SIP>=30
3717,5258,74.83899,female,white,14,under $11k,COPD,COPD/CHF/Cirrhosis,1,0,68,14.2988281,125,42,39,124.48438,2.7998047,0.69995117,0.89990234,138,7.429688,106,29,1525,1,1,no dnr,0,0,SIP>=30
3718,1181,44.13699,female,white,17,$25-$50k,Lung Cancer,Cancer,1,0,92,13,110,26,35.59375,257.125,,,0.59997559,134,7.5,128,20,820,,,no dnr,0,1,
3719,8910,53.73297,female,white,12,$11-$25k,Coma,Coma,0,61,74,21.3984375,60,8,38.69531,188,2.3999023,1,1.79980469,151,7.419922,243,63,3300,,0,dnr after sadm,1,1,<2 mo. follow-up
3720,7143,67.28296,female,white,14,under $11k,Cirrhosis,COPD/CHF/Cirrhosis,3,0,75,20.296875,68,10,38.09375,231.40625,4.2998047,0.5,1,141,7.469727,107,16,704,0,,no dnr,0,0,
3721,2526,83.74799,female,white,12,under $11k,COPD,COPD/CHF/Cirrhosis,4,0,67,17,100,25,36.39844,264,3.3999023,1.09985352,2.59960938,136,7.429688,145,77,,0,,no dnr,0,1,no(M2 and SIP pres)
3722,2067,46.448,male,white,,,Coma,Coma,0,0,39,8.79882812,130,8,34,162.5,2.5996094,,0.79992676,144,7.379883,,,,,,dnr after sadm,0,0,
3723,8725,65.49799,female,white,12,$25-$50k,Colon Cancer,Cancer,1,0,69,9.19921875,69,24,35.59375,193.3125,,0.59997559,1.09985352,151,7.25,97,19,,2,1,no dnr,0,1,no(M2 and SIP pres)
3724,2707,90.18799,female,white,12,under $11k,ARF/MOSF w/Sepsis,ARF/MOSF,0,0,110,15,80,20,37.19531,169.375,3,,1.69995117,139,7.299805,103,30,3175,1,0,no dnr,0,0,no(M2 and SIP pres)
3725,3427,39.43597,male,white,,,ARF/MOSF w/Sepsis,ARF/MOSF,0,0,59,16.8984375,115,60,38.29688,226.65625,,0.59997559,1.09985352,133,7.379883,,,,,,dnr after sadm,1,1,<2 mo. follow-up
3726,321,67.00098,male,white,12,,CHF,COPD/CHF/Cirrhosis,1,0,42,7.79980469,85,20,36.89844,,3.5996094,0.19998169,1.39990234,138,,,,,,,no dnr,0,1,<2 mo. follow-up
3727,2702,82.92999,female,white,12,,ARF/MOSF w/Sepsis,ARF/MOSF,2,0,73,7.19921875,60,15,35.79688,,,,2,142,,105,41,1275,3,0,no dnr,0,1,no(M2 and SIP pres)
3728,1211,51.702,female,white,13,$25-$50k,ARF/MOSF w/Sepsis,ARF/MOSF,1,44,62,10.0996094,125,43,38.69531,154,2.7998047,,1.09985352,146,7.469727,389,20,2220,,1,no dnr,0,0,
3729,4068,52.38599,male,black,12,under $11k,ARF/MOSF w/Sepsis,ARF/MOSF,2,0,65,11.7988281,106,8,37.39844,110,,,2.89990234,136,7.389648,,,,,,no dnr,0,1,<2 mo. follow-up
3730,5534,40.84097,male,white,14,under $11k,ARF/MOSF w/Sepsis,ARF/MOSF,0,0,83,11.7988281,58,20,36.59375,,,6.09960938,0.89990234,138,,93,11,1000,1,1,no dnr,0,0,SIP>=30
3731,6003,55.63898,male,white,8,under $11k,Lung Cancer,Cancer,5,0,77,24.0976562,124,30,37.39844,414.25,3.7998047,0.59997559,1.09985352,134,7.40918,,,,0,1,dnr after sadm,1,1,<2 mo. follow-up
3732,4499,66.00995,male,white,14,$11-$25k,CHF,COPD/CHF/Cirrhosis,4,0,153,15.8984375,140,14,36.89844,280,4,0.39996338,0.59997559,143,7.479492,186,23,2510,0,,no dnr,0,1,no(M2 and SIP pres)
3733,8542,70.84698,female,hispanic,12,,ARF/MOSF w/Sepsis,ARF/MOSF,3,26,55,14.2988281,250,24,35.79688,200,,,0.89990234,131,7.389648,213,11,2875,,0,no dnr,0,0,
3734,4066,57.34399,female,white,12,$11-$25k,Cirrhosis,COPD/CHF/Cirrhosis,1,0,70,3.89990234,74,20,36.79688,,2.5,2.5,0.89990234,138,,,,,1,0,no dnr,0,0,no(M2 and SIP pres)
3735,3545,66.15698,male,white,,,Lung Cancer,Cancer,1,0,99,3.89990234,88,20,36,,,0.19998169,0.79992676,135,,,,,,,no dnr,0,1,
3736,7832,54.31897,female,white,12,$11-$25k,Coma,Coma,0,89,79,11.7988281,70,30,38.39844,148,3.5996094,2.19970703,0.69995117,137,7.479492,,,,,2,dnr after sadm,1,1,<2 mo. follow-up
3737,5724,72.97498,female,white,6,under $11k,COPD,COPD/CHF/Cirrhosis,2,44,124,17.796875,69,28,36,447,,,1.19995117,136,7.509766,203,19,750,,3,dnr after sadm,0,0,no(M2 and SIP pres)
3738,250,54.056,male,white,18,$25-$50k,Coma,Coma,2,55,110,29.5976562,165,34,39.19531,223.3125,,1.89990234,1.69995117,128,7.5,,,,,1,dnr after sadm,1,1,<2 mo. follow-up
3739,618,62.42599,male,white,,,Lung Cancer,Cancer,1,0,83,12.7988281,78,20,36.39844,,,,1,138,,,,,,0,no dnr,0,1,no(M2 and SIP pres)
3740,8789,69.91895,male,white,12,$11-$25k,CHF,COPD/CHF/Cirrhosis,2,0,72,3.89990234,42,20,35.79688,,4,0.39996338,0.79992676,138,,144,12,3250,0,,no dnr,0,0,no(M2 and SIP pres)
3741,4474,36.38098,male,white,8,under $11k,ARF/MOSF w/Sepsis,ARF/MOSF,3,0,70,4,80,28,36.09375,,,3.69970703,1.19995117,139,,88,13,3670,5,4,no dnr,0,0,SIP>=30
3742,4036,71.83795,male,white,11,$11-$25k,Lung Cancer,Cancer,4,0,99,5.59960938,96,24,36.79688,,3.3999023,8.79882812,0.79992676,139,,,,,,0,no dnr,0,1,
3743,2429,69.125,female,black,9,under $11k,COPD,COPD/CHF/Cirrhosis,4,0,93,6.5,80,20,36.09375,,,,1,139,,107,17,6050,0,1,no dnr,0,0,no(M2 and SIP pres)
3744,6717,36.98297,male,black,12,under $11k,CHF,COPD/CHF/Cirrhosis,1,0,73,,107,28,35.89844,280,2.3999023,2.39990234,1.29980469,127,7.449219,,,,0,0,no dnr,0,1,SIP>=30
3745,875,49.92499,male,white,17,>$50k,Colon Cancer,Cancer,1,0,70,11.0996094,120,20,39.59375,,,,,140,,,,3450,0,0,no dnr,0,1,no(M2 and SIP pres)
3746,8251,37.63397,male,white,12,>$50k,CHF,COPD/CHF/Cirrhosis,3,0,71,,150,24,36.19531,,,,1,139,,,,,0,0,no dnr,0,0,no(M2 and SIP pres)
3747,4064,35.71799,female,white,12,$25-$50k,MOSF w/Malig,ARF/MOSF,2,0,59,14.2988281,144,9,36.79688,286.625,2.2998047,,5.5,134,7.289062,,,,0,0,dnr after sadm,1,1,<2 mo. follow-up
3748,1218,75.047,female,white,,,Cirrhosis,COPD/CHF/Cirrhosis,4,37,103,7.5,75,40,38.19531,740,2.699707,4,0.59997559,129,7.329102,323,7,2730,,6,no dnr,1,1,<2 mo. follow-up
3749,4172,65.90594,male,white,,,Cirrhosis,COPD/CHF/Cirrhosis,1,0,73,8.09960938,76,22,35.29688,457.125,1.7998047,26.296875,3.5,130,7.419922,,,,5,,no dnr,1,1,<2 mo. follow-up
3750,5539,64.98596,female,black,9,under $11k,ARF/MOSF w/Sepsis,ARF/MOSF,2,9,33,19.1992188,125,20,36.19531,230,1.5998535,0.59997559,4,136,7.439453,354,34,435,4,1,no dnr,0,0,no(M2 and SIP pres)
3751,1558,59.31,female,white,14,>$50k,MOSF w/Malig,ARF/MOSF,1,0,62,2.29980469,105,31,39.29688,162,2.199707,2.29980469,1.59985352,151,7.549805,148,78,2126,5,5,no dnr,0,1,SIP>=30
3752,2587,65.89197,female,white,12,under $11k,MOSF w/Malig,ARF/MOSF,3,0,109,24.1992188,113,24,36.39844,356,1.5998535,26.796875,3.89990234,150,7.419922,153,147,1600,,,no dnr,0,1,<2 mo. follow-up
3753,6410,66.31598,male,white,11,under $11k,ARF/MOSF w/Sepsis,ARF/MOSF,3,0,127,11.8984375,72,24,35,364,2.5,1,1.79980469,144,7.359375,,,,0,0,no dnr,0,0,
3754,4261,64.961,female,black,11,under $11k,MOSF w/Malig,ARF/MOSF,0,37,137,,106,30,38.5,350,2,,2,132,7.469727,,,,,1,no dnr,0,1,adl>=4 (>=5 if sur)
3755,457,22.825,male,white,,,MOSF w/Malig,ARF/MOSF,3,0,43,2.89990234,145,28,38.69531,146,,6.5,4.29980469,139,7.359375,,,,,,dnr after sadm,1,1,<2 mo. follow-up
3756,1019,82.98999,male,white,8,$11-$25k,CHF,COPD/CHF/Cirrhosis,2,0,73,9.5,60,28,36.19531,,3.8999023,1,1.89990234,139,,113,32,4750,0,0,no dnr,0,1,no(M2 and SIP pres)
3757,2114,64.72296,female,white,12,$11-$25k,COPD,COPD/CHF/Cirrhosis,2,0,57,14.6992188,101,36,36.19531,116.3125,3,0.5,0.79992676,136,7.439453,,,,0,0,no dnr,0,1,no(M2 and SIP pres)
3758,1309,59.75598,male,white,14,>$50k,Cirrhosis,COPD/CHF/Cirrhosis,4,0,113,12.5996094,135,49,39.5,130,,,1.39990234,143,7.479492,148,24,1710,,,no dnr,0,0,no(M2 and SIP pres)
3759,5543,63.61099,female,white,,,COPD,COPD/CHF/Cirrhosis,2,26,62,4.89941406,105,20,35.39844,,,2.29980469,1,137,,89,18,4600,,0,no dnr,0,0,no(M2 and SIP pres)
3760,6038,56.82397,male,white,12,under $11k,ARF/MOSF w/Sepsis,ARF/MOSF,3,0,40,18.5976562,104,42,36.69531,128.3125,1.8999023,1.5,4.79980469,128,7.279297,,,,,0,dnr after sadm,1,1,<2 mo. follow-up
3761,515,48.353,male,white,,,ARF/MOSF w/Sepsis,ARF/MOSF,4,100,20,49.8984375,135,24,36.29688,76,4.3994141,24.0976562,3.39990234,149,7.239258,,,,,,dnr after sadm,1,1,<2 mo. follow-up
3762,4362,67.89294,male,white,12,,CHF,COPD/CHF/Cirrhosis,2,0,71,25.5,100,20,37.69531,,,,1.79980469,135,,58,17,,,0,no dnr,0,0,no(M2 and SIP pres)
3763,7023,47.20297,male,white,13,under $11k,ARF/MOSF w/Sepsis,ARF/MOSF,1,44,107,4.19921875,138,28,39.39844,204,2.5,0.79992676,1.19995117,155,7.379883,113,22,2130,,7,dnr after sadm,1,1,<2 mo. follow-up
3764,1531,72.13995,male,black,12,$11-$25k,Lung Cancer,Cancer,3,0,130,8.19921875,110,6,37.5,370,2.5996094,0.89990234,0.89990234,144,7.579102,333,8,3020,,1,dnr after sadm,1,1,<2 mo. follow-up
3765,6455,40.63498,male,white,13,under $11k,Cirrhosis,COPD/CHF/Cirrhosis,3,0,102,4,130,24,38.39844,,2.0996094,8.8984375,0.59997559,133,,,,,1,,no dnr,0,0,no(M2 and SIP pres)
3766,5774,73.81494,male,white,12,$11-$25k,Lung Cancer,Cancer,1,0,28,12,0,0,38.39844,306.625,3.8999023,,11.7988281,153,7.40918,192,87,0,0,,no dnr,0,0,no(M2 and SIP pres)
3767,6425,68.698,male,white,,under $11k,COPD,COPD/CHF/Cirrhosis,4,26,104,11.2988281,109,28,36,437,3,0.59997559,0.89990234,141,7.439453,,,,7,,no dnr,0,0,adl>=4 (>=5 if sur)
3768,4876,58.58197,male,black,8,$11-$25k,ARF/MOSF w/Sepsis,ARF/MOSF,1,9,80,13,72,20,36.89844,,3.2998047,0.59997559,0.79992676,138,,171,3,2500,,0,no dnr,0,0,no(M2 and SIP pres)
3769,2772,64.08197,male,black,,,ARF/MOSF w/Sepsis,ARF/MOSF,4,0,63,7.09960938,120,42,36.89844,135,3.199707,1.19995117,0.79992676,146,7.429688,131,17,1010,0,0,no dnr,0,1,no(M2 and SIP pres)
3770,2017,63.25299,male,white,12,$25-$50k,Colon Cancer,Cancer,1,0,103,10.5996094,100,20,36.69531,,3.199707,6.39941406,0.69995117,131,,,,,0,,no dnr,0,1,<2 mo. follow-up
3771,8112,75.06897,male,white,10,,CHF,COPD/CHF/Cirrhosis,2,0,107,9.29882812,60,24,35.69531,304.75,3.8999023,1.09985352,2.69970703,141,7.479492,,,,,,dnr after sadm,0,0,
3772,5865,36.62698,male,white,,,ARF/MOSF w/Sepsis,ARF/MOSF,4,0,68,6.5,68,20,35.79688,514.25,2.7998047,0.39996338,0.59997559,130,7.429688,,,,,,no dnr,0,1,
3773,141,51.98398,female,white,17,>$50k,Colon Cancer,Cancer,1,0,95,13.8984375,64,18,37.5,300,4.5996094,1.09985352,0.59997559,137,7.469727,,,,0,1,no dnr,0,1,no(M2 and SIP pres)
3774,1166,41.487,male,black,,,Colon Cancer,Cancer,1,0,108,3.5,135,24,37.89844,,4.5,,1.29980469,139,,90,12,3021,,,no dnr,0,0,
3775,3499,83.61096,male,black,,,CHF,COPD/CHF/Cirrhosis,4,0,67,7.5,64,28,37.29688,,,1.09985352,2.89990234,132,,,,,,,no dnr,0,1,
3776,5604,54.793,female,white,10,$25-$50k,COPD,COPD/CHF/Cirrhosis,3,0,71,6.89941406,100,18,36.5,361.875,,0.69995117,0.79992676,138,7.439453,86,8,2400,,,no dnr,0,0,SIP>=30
3777,7343,69.21594,male,black,11,under $11k,CHF,COPD/CHF/Cirrhosis,4,0,63,11.1992188,110,30,35,,4.3994141,1.89990234,1.89990234,136,,97,35,1075,0,,no dnr,0,0,no(M2 and SIP pres)
3778,7446,78.73798,female,black,8,under $11k,CHF,COPD/CHF/Cirrhosis,4,0,65,1.5,76,20,35.39844,,3.199707,1.29980469,2,141,,109,14,1800,7,,dnr after sadm,1,1,<2 mo. follow-up
3779,8295,78.42798,female,white,,,ARF/MOSF w/Sepsis,ARF/MOSF,2,9,81,22.5,128,26,38.29688,351.375,,,2.69970703,137,7.449219,,,,,,dnr after sadm,0,0,
3780,7674,54.93997,female,white,11,under $11k,Coma,Coma,2,0,132,6.09960938,73,27,38.19531,177.5,2.3999023,0.69995117,6.29980469,139,7.5,176,80,1390,,3,dnr after sadm,0,1,<2 mo. follow-up
3781,2688,79.50696,female,white,14,$11-$25k,CHF,COPD/CHF/Cirrhosis,4,0,52,13.5996094,107,24,37.79688,230.59375,3.3999023,,2,141,7.40918,388,52,1780,0,,no dnr,0,1,no(M2 and SIP pres)
3782,2477,34.72098,male,white,19,$11-$25k,ARF/MOSF w/Sepsis,ARF/MOSF,1,0,133,26.296875,134,22,36.09375,236.71875,3.3999023,1.39990234,4.5,147,7.389648,111,125,1355,,,no dnr,0,0,no(M2 and SIP pres)
3783,2208,64.13696,male,white,12,$25-$50k,ARF/MOSF w/Sepsis,ARF/MOSF,2,0,70,13,125,33,38.19531,296,,,1.09985352,135,7.429688,,,,,0,no dnr,0,1,no(M2 and SIP pres)
3784,7644,61.45898,male,white,12,under $11k,COPD,COPD/CHF/Cirrhosis,2,0,134,11.5996094,105,8,38.79688,192.5,2.699707,0.59997559,2.5,143,7.429688,284,51,1386,0,,no dnr,0,0,
3785,6294,72.98297,female,black,7,under $11k,CHF,COPD/CHF/Cirrhosis,5,0,103,5.79980469,65,20,36.19531,366.1875,3.8999023,0.39996338,6.59960938,135,7.389648,,,,1,,no dnr,0,1,
3786,7701,71.34296,male,white,10,under $11k,COPD,COPD/CHF/Cirrhosis,2,0,98,13.2988281,96,20,37.19531,285.6875,4.0996094,1,1.09985352,136,7.389648,158,21,,0,,no dnr,0,0,no(M2 and SIP pres)
3787,681,55.24698,female,white,11,under $11k,CHF,COPD/CHF/Cirrhosis,3,0,87,9.19921875,84,20,36,257.125,,0.5,1.19995117,140,7.509766,,,,2,,no dnr,0,1,
3788,4387,46.73499,male,white,13,$11-$25k,Colon Cancer,Cancer,1,0,69,9.19921875,80,26,36.5,260,,,6.79980469,130,7.339844,100,82,0,0,0,no dnr,0,1,no(M2 and SIP pres)
3789,1132,77.28998,male,white,12,$11-$25k,CHF,COPD/CHF/Cirrhosis,3,0,65,5.79980469,68,16,36,,,,1.39990234,130,,,26,3220,0,,no dnr,0,0,no(M2 and SIP pres)
3790,1801,63.93399,male,white,12,,ARF/MOSF w/Sepsis,ARF/MOSF,2,0,49,10.7988281,122,38,38.79688,174,2.5996094,0.89990234,5.19921875,139,7.349609,,,,0,,no dnr,0,1,
3791,3556,74.29395,female,white,7,under $11k,ARF/MOSF w/Sepsis,ARF/MOSF,4,0,67,25.0976562,66,16,36.69531,194.28125,,0.59997559,1.59985352,141,7.449219,,,,0,5,no dnr,0,1,no(M2 and SIP pres)
3792,1622,84.33099,male,white,12,$11-$25k,ARF/MOSF w/Sepsis,ARF/MOSF,0,0,75,10.3984375,68,16,38.5,108,3.7998047,0.29998779,1.39990234,142,7.40918,,,,0,,no dnr,0,0,no(M2 and SIP pres)
3793,3908,53.185,male,black,,,MOSF w/Malig,ARF/MOSF,2,41,48,13,52,30,35.19531,104,2.0996094,0.69995117,2.39990234,136,7.339844,,,,,,no dnr,0,1,<2 mo. follow-up
3794,7859,84.75598,male,white,6,under $11k,ARF/MOSF w/Sepsis,ARF/MOSF,1,9,71,12.0996094,106,24,38.59375,280,3.5996094,0.69995117,1.79980469,132,7.419922,,,,,5,no dnr,1,1,<2 mo. follow-up
3795,6902,26.14099,male,black,12,$11-$25k,ARF/MOSF w/Sepsis,ARF/MOSF,0,0,64,12.7988281,147,22,39.09375,140,3.0996094,3.29980469,8,154,7.459961,287,70,374,,0,no dnr,0,0,no(M2 and SIP pres)
3796,4619,37.55499,male,white,14,,ARF/MOSF w/Sepsis,ARF/MOSF,2,0,108,5.39941406,135,35,38.39844,142.5,1.5,8.5,1.09985352,145,7.399414,52,20,2180,,0,no dnr,0,0,no(M2 and SIP pres)
3797,687,41.75497,female,white,16,>$50k,Coma,Coma,6,100,40,31.5976562,120,26,38.59375,260,,,3.79980469,146,7.599609,,,,,5,dnr after sadm,1,1,<2 mo. follow-up
3798,7883,54.98398,male,white,,,Cirrhosis,COPD/CHF/Cirrhosis,4,100,139,15.6992188,62,30,35.39844,266.625,2.199707,21.1992188,3.59960938,140,7.419922,,,,,,dnr after sadm,1,1,<2 mo. follow-up
3799,8546,69.495,male,white,8,,ARF/MOSF w/Sepsis,ARF/MOSF,0,9,49,7,102,8,38,283.3125,,,0.69995117,137,7.40918,252,18,3360,,0,no dnr,0,0,no(M2 and SIP pres)
3800,3535,76.11798,male,white,12,$11-$25k,CHF,COPD/CHF/Cirrhosis,3,0,97,4.19921875,74,20,35.79688,,4,2.09960938,1.79980469,140,,,,,0,0,no dnr,0,1,no(M2 and SIP pres)
3801,3943,40.34998,female,black,12,under $11k,ARF/MOSF w/Sepsis,ARF/MOSF,5,0,87,13.6992188,80,20,35.59375,125,2.7998047,0.29998779,8.3984375,127,7.40918,,,,0,0,no dnr,0,0,no(M2 and SIP pres)
3802,4518,59.76199,male,black,6,$11-$25k,Lung Cancer,Cancer,1,0,77,7.09960938,80,20,36.09375,,3.699707,0.5,0.79992676,139,,157,12,2650,2,2,no dnr,0,1,SIP>=30
3803,7445,42.43399,male,white,13,,Cirrhosis,COPD/CHF/Cirrhosis,5,0,109,5.79980469,108,26,36,268,3.7998047,3.69970703,1.19995117,137,7.379883,173,24,,,0,no dnr,1,1,<2 mo. follow-up
3804,1547,68.07397,male,white,8,$11-$25k,COPD,COPD/CHF/Cirrhosis,1,0,73,6.29980469,75,22,36.5,260,,1.09985352,1,134,7.5,,6,2622,5,6,no dnr,0,1,<2 mo. follow-up
3805,6536,53.66699,female,white,11,under $11k,COPD,COPD/CHF/Cirrhosis,3,0,100,8.8984375,118,22,36.29688,264,,,0.69995117,133,7.389648,,,,2,1,no dnr,0,0,adl>=4 (>=5 if sur)
3806,2611,90.448,female,white,12,$25-$50k,ARF/MOSF w/Sepsis,ARF/MOSF,2,9,77,12.3984375,120,25,38.59375,368,,0.69995117,1,136,7.419922,103,11,850,,1,no dnr,0,1,no(M2 and SIP pres)
3807,8561,74.43097,male,white,12,,CHF,COPD/CHF/Cirrhosis,3,0,56,17.6992188,136,30,38.69531,420.375,2.199707,1.59985352,1.19995117,135,7.40918,183,19,2125,0,0,dnr before sadm,0,0,no(M2 and SIP pres)
3808,8598,70.09698,female,white,8,$11-$25k,Coma,Coma,4,41,97,78.796875,112,30,35.89844,146.125,,,1.5,142,7.319336,326,39,1440,,6,no dnr,0,0,adl>=4 (>=5 if sur)
3809,6550,58.37097,female,white,10,under $11k,COPD,COPD/CHF/Cirrhosis,2,0,96,15,107,28,36.19531,380,4.7998047,0.79992676,1,150,7.419922,,,,0,0,no dnr,0,1,SIP>=30
3810,3161,78.76794,male,white,13,,ARF/MOSF w/Sepsis,ARF/MOSF,4,9,97,10.6992188,70,25,36.79688,,,,2.79980469,141,,154,46,1750,,2,no dnr,0,0,adl>=4 (>=5 if sur)
3811,5393,80.86499,female,black,,under $11k,ARF/MOSF w/Sepsis,ARF/MOSF,0,0,50,23.8984375,78,12,34.79688,383.3125,3.199707,0.39996338,5.59960938,140,7.469727,129,101,0,,0,dnr after sadm,1,1,<2 mo. follow-up
3812,860,70.20398,male,white,10,$25-$50k,Lung Cancer,Cancer,1,0,123,,78,18,36.79688,,,,0.89990234,137,,,5,5170,0,0,no dnr,0,1,SIP>=30
3813,1641,74.77899,male,white,9,under $11k,CHF,COPD/CHF/Cirrhosis,1,0,65,11.1992188,68,22,36,,,,1.59985352,135,,,,,0,0,no dnr,0,1,no(M2 and SIP pres)
3814,3522,41.79599,female,black,,,ARF/MOSF w/Sepsis,ARF/MOSF,4,0,0,20.6992188,0,0,39.69531,531,,0.39996338,7.09960938,168,7.469727,,,,0,,no dnr,1,1,<2 mo. follow-up
3815,2056,52.10397,male,white,12,$25-$50k,MOSF w/Malig,ARF/MOSF,1,0,60,0.09999084,120,8,36.59375,182.84375,2.199707,,1.69995117,138,7.449219,,,,,0,dnr after sadm,1,1,<2 mo. follow-up
3816,4182,40.82999,male,black,,,Cirrhosis,COPD/CHF/Cirrhosis,4,9,83,13,108,20,36.29688,323.75,1.0998535,13.5,1.19995117,146,7.469727,,,,,,no dnr,0,1,
3817,2991,66.10297,female,black,12,$11-$25k,COPD,COPD/CHF/Cirrhosis,4,0,87,7.09960938,80,20,36.69531,,,0.39996338,3.5,142,,88,70,1375,0,,no dnr,0,1,no(M2 and SIP pres)
3818,5706,38.116,male,hispanic,,$11-$25k,Coma,Coma,0,44,82,5.5,115,3,38.79688,255,2.699707,3.89990234,0.79992676,150,7.459961,98,10,4680,,0,no dnr,0,0,adl>=4 (>=5 if sur)
3819,8929,68.84595,female,white,14,,Coma,Coma,0,55,105,24.3984375,130,10,39.39844,132,,,4.69921875,137,7.449219,139,123,955,,,dnr after sadm,0,0,
3820,7577,52.698,female,white,9,under $11k,COPD,COPD/CHF/Cirrhosis,2,0,127,16.296875,107,24,38.19531,288,2.5996094,1,2.09960938,140,7.329102,81,63,3993,,3,no dnr,0,0,no(M2 and SIP pres)
3821,5863,68.20496,male,white,15,$25-$50k,Colon Cancer,Cancer,3,0,75,10.5,56,16,36.39844,,,,2.09960938,135,,,,,1,0,no dnr,0,1,no(M2 and SIP pres)
3822,588,84.33899,female,white,,,ARF/MOSF w/Sepsis,ARF/MOSF,1,26,110,12.7988281,70,16,35.89844,134.6875,,,5,134,7.5,,,,,,dnr after sadm,1,1,<2 mo. follow-up
3823,7495,66.18195,female,white,,,ARF/MOSF w/Sepsis,ARF/MOSF,1,9,63,7.19921875,75,12,38.29688,231,1.7998047,1,1.09985352,138,7.339844,271,18,1525,,,no dnr,0,0,SIP>=30
3824,6850,67.836,male,white,12,under $11k,ARF/MOSF w/Sepsis,ARF/MOSF,1,9,74,17.296875,65,36,37.69531,108.32812,2.3999023,9.69921875,1.29980469,129,7.469727,74,32,2419,0,0,no dnr,0,0,SIP>=30
3825,2761,66.51294,female,white,,,COPD,COPD/CHF/Cirrhosis,5,0,63,14,130,35,36.59375,150,2.2998047,0.19998169,0.79992676,145,7.519531,111,12,1180,,,no dnr,0,0,
3826,8494,40.86798,female,white,12,$11-$25k,CHF,COPD/CHF/Cirrhosis,1,0,50,18.6992188,109,8,35.5,256.3125,1.6999512,9,4.79980469,141,7.399414,221,57,0,,,no dnr,0,0,no(M2 and SIP pres)
3827,7856,78.91595,male,white,12,$25-$50k,CHF,COPD/CHF/Cirrhosis,3,0,56,12.1992188,77,32,35.59375,323.75,3.7998047,0.29998779,3.29980469,132,7.529297,,,,1,5,dnr after sadm,1,1,<2 mo. follow-up
3828,663,57.46698,male,asian,16,$11-$25k,ARF/MOSF w/Sepsis,ARF/MOSF,1,0,73,15.5996094,120,16,36.5,83.67188,,3.79980469,0.79992676,141,7.449219,,,,,,dnr after sadm,1,1,<2 mo. follow-up
3829,1859,65.87799,female,white,14,>$50k,ARF/MOSF w/Sepsis,ARF/MOSF,1,0,47,15.0996094,110,22,39.19531,150,2,2.5,1.59985352,145,7.329102,,,,,,no dnr,1,1,<2 mo. follow-up
3830,7025,39.03897,male,black,12,$11-$25k,Cirrhosis,COPD/CHF/Cirrhosis,3,0,67,14,118,10,40.29688,185,2.5996094,3.29980469,1.59985352,136,7.429688,78,36,2261,,1,dnr after sadm,1,1,<2 mo. follow-up
3831,800,70.14899,male,white,,,CHF,COPD/CHF/Cirrhosis,2,0,73,7.59960938,90,18,36,,,1.09985352,1.09985352,140,,,,,,,no dnr,0,1,
3832,2730,77.65399,female,white,,,ARF/MOSF w/Sepsis,ARF/MOSF,2,0,53,13.1992188,72,10,38.29688,80,2.5996094,,2.59960938,130,7.319336,121,62,2362,,,no dnr,0,0,
3833,4239,54.431,female,white,,,Colon Cancer,Cancer,1,0,76,5,104,20,39,,2.7998047,,0.89990234,137,,,,,,,no dnr,0,1,
3834,441,62.10797,male,white,7,under $11k,CHF,COPD/CHF/Cirrhosis,2,0,95,5.5,75,22,36,,3.8999023,,1.29980469,138,,,,,2,5,no dnr,0,1,SIP>=30
3835,8755,92.68195,male,white,12,under $11k,CHF,COPD/CHF/Cirrhosis,2,0,68,16.0976562,107,24,36.39844,165,4.0996094,0.19998169,1.19995117,132,7.339844,446,42,3150,0,0,no dnr,0,0,no(M2 and SIP pres)
3836,4328,84.23499,male,black,,,ARF/MOSF w/Sepsis,ARF/MOSF,0,0,119,5.69921875,114,27,36.59375,140.8125,,15,5,154,7.479492,104,78,3560,,0,dnr after sadm,0,1,no(M2 and SIP pres)
3837,6743,54.853,female,white,12,>$50k,MOSF w/Malig,ARF/MOSF,4,0,113,20.6992188,75,11,38.79688,290,,,6.5,132,7.389648,85,44,230,,2,dnr after sadm,1,1,<2 mo. follow-up
3838,7722,84.50696,female,black,,under $11k,Coma,Coma,2,0,103,19.1992188,66,20,38.59375,,2.699707,1,1.89990234,128,,116,36,1550,,4,dnr after sadm,1,1,adl>=4 (>=5 if sur)
3839,8719,74.41199,male,white,12,,CHF,COPD/CHF/Cirrhosis,4,0,80,4.79980469,81,24,36.5,480.9375,2.0996094,8.19921875,1.69995117,133,7.40918,127,28,1600,1,1,dnr after sadm,0,1,no(M2 and SIP pres)
3840,7792,72.28497,male,white,8,,ARF/MOSF w/Sepsis,ARF/MOSF,0,0,117,12.6992188,68,46,39.19531,288.5625,3.0996094,2.39990234,1,145,7.449219,,,,,0,no dnr,0,0,
3841,1147,35.50198,female,black,14,under $11k,ARF/MOSF w/Sepsis,ARF/MOSF,2,26,68,2.69970703,115,26,39.5,118.51562,3.3999023,2.19970703,1.19995117,136,7.539062,174,24,3550,,,no dnr,0,0,no(M2 and SIP pres)
3842,3573,63.28,male,white,12,$11-$25k,Lung Cancer,Cancer,1,0,103,4.79980469,100,20,36.29688,,,0.29998779,1,139,,,,,0,0,no dnr,0,1,no(M2 and SIP pres)
3843,1251,64.66296,female,white,15,$11-$25k,CHF,COPD/CHF/Cirrhosis,2,0,58,12.1992188,145,26,36.19531,,2.8999023,0.69995117,1,129,,92,13,1265,0,,no dnr,0,0,
3844,4339,79.98096,female,other,,,Coma,Coma,2,100,36,57.796875,224,32,36.09375,41,2.0996094,0.69995117,1.79980469,135,7.30957,123,50,580,,,dnr after sadm,1,1,<2 mo. follow-up
3845,9034,73.98999,male,white,12,$11-$25k,CHF,COPD/CHF/Cirrhosis,4,0,68,10.7988281,78,28,36,456.625,,0.59997559,1.19995117,128,7.459961,124,23,1380,1,1,dnr after sadm,0,0,no(M2 and SIP pres)
3846,7791,68.96399,male,white,12,,COPD,COPD/CHF/Cirrhosis,1,0,114,8.59960938,43,28,37.89844,202.84375,3.699707,0.59997559,1.19995117,140,7.40918,,,,1,,no dnr,0,0,no(M2 and SIP pres)
3847,8450,61.43997,female,white,,,ARF/MOSF w/Sepsis,ARF/MOSF,2,0,63,21.6992188,126,22,39.19531,166,1.3999023,2.5,1,149,7.419922,108,15,2063,0,,no dnr,1,1,<2 mo. follow-up
3848,1194,20.991,male,white,13,>$50k,ARF/MOSF w/Sepsis,ARF/MOSF,3,26,65,17.3984375,95,26,38.5,135,,0.39996338,10,146,7.439453,155,40,0,0,0,no dnr,0,0,
3849,465,85.35199,female,white,,,ARF/MOSF w/Sepsis,ARF/MOSF,1,0,33,14,120,35,35.89844,170,3.7998047,35.6953125,2.59960938,137,7.5,,,,,1,dnr before sadm,1,1,<2 mo. follow-up
3850,1674,46.27798,male,white,16,$25-$50k,Lung Cancer,Cancer,1,0,93,8.69921875,110,20,36.19531,,3.2998047,,0.89990234,140,,,,,0,0,no dnr,0,0,no(M2 and SIP pres)
3851,7837,83.17596,male,white,6,$11-$25k,COPD,COPD/CHF/Cirrhosis,2,0,67,13.5,102,28,38,278.25,4.3994141,0.39996338,1.29980469,137,7.419922,,,,1,1,dnr after sadm,1,1,<2 mo. follow-up
3852,194,53.30298,female,white,,,Colon Cancer,Cancer,1,0,89,10.1992188,120,20,39.69531,,,0.39996338,0.69995117,138,,,,,2,,no dnr,0,0,no(M2 and SIP pres)
3853,7738,69.19098,female,white,10,under $11k,ARF/MOSF w/Sepsis,ARF/MOSF,1,0,63,18.796875,64,18,36.39844,,4.1992188,0.89990234,1.19995117,139,,175,27,875,,2,no dnr,0,0,SIP>=30
3854,5478,88.487,female,white,15,under $11k,Coma,Coma,1,100,48,4.29980469,65,24,38.09375,57,,0.5,2.89990234,140,7.30957,149,30,140,,5,dnr after sadm,1,1,<2 mo. follow-up
3855,4273,58.92999,female,white,12,under $11k,ARF/MOSF w/Sepsis,ARF/MOSF,0,37,137,16.8984375,160,29,39,360,1.5998535,0.69995117,0.39996338,136,7.459961,,,,,1,no dnr,0,0,adl>=4 (>=5 if sur)
3856,4195,72.70398,male,white,4,,ARF/MOSF w/Sepsis,ARF/MOSF,2,0,132,21.796875,126,23,38.69531,110,2.2998047,0.29998779,0.69995117,133,7.429688,,,,,0,dnr after sadm,0,1,no(M2 and SIP pres)
3857,2327,76.38098,male,white,12,$11-$25k,ARF/MOSF w/Sepsis,ARF/MOSF,3,100,80,8,110,36,39.39844,161,,,1.29980469,145,7.489258,,,,,3,dnr after sadm,0,0,adl>=4 (>=5 if sur)
3858,8836,66.71899,female,white,12,$11-$25k,MOSF w/Malig,ARF/MOSF,2,0,76,7.39941406,74,24,35.89844,222.71875,4,1.79980469,1,142,7.319336,92,28,1220,0,0,no dnr,0,1,no(M2 and SIP pres)
3859,5026,33.78,female,white,12,$11-$25k,ARF/MOSF w/Sepsis,ARF/MOSF,1,0,58,3.39990234,110,10,36.09375,126,,2.5,0.79992676,146,7.469727,217,25,3120,,,no dnr,0,0,no(M2 and SIP pres)
3860,1521,60.22198,male,black,,,CHF,COPD/CHF/Cirrhosis,3,0,65,11.5,70,24,35.89844,,,,0.89990234,134,,104,18,2675,,,no dnr,0,1,<2 mo. follow-up
3861,3205,29.517,male,white,19,under $11k,ARF/MOSF w/Sepsis,ARF/MOSF,3,0,97,5.69921875,100,20,38.89844,195.21875,,,1.59985352,138,7.5,137,22,,,0,dnr after sadm,1,1,<2 mo. follow-up
3862,3001,48.37799,male,white,12,,MOSF w/Malig,ARF/MOSF,1,0,45,13.5,100,20,38.29688,,2.3999023,0.19998169,1,134,,77,17,800,0,0,no dnr,0,1,
3863,1584,29.10899,female,white,,,ARF/MOSF w/Sepsis,ARF/MOSF,3,26,60,19.296875,135,20,37,70,2.5996094,,2.5,131,7.239258,92,80,1109,,,no dnr,0,1,<2 mo. follow-up
3864,2074,61.23999,female,black,8,under $11k,Cirrhosis,COPD/CHF/Cirrhosis,3,0,129,6.79980469,70,16,36.09375,,2.199707,,0.79992676,143,,,,,0,0,no dnr,1,1,<2 mo. follow-up
3865,4153,84.69299,male,black,16,,ARF/MOSF w/Sepsis,ARF/MOSF,1,44,111,12.3984375,60,3,36.5,217.125,2.8999023,0.79992676,3.09960938,142,7.40918,,,,,5,dnr after sadm,1,1,<2 mo. follow-up
3866,2005,52.28497,male,white,,,COPD,COPD/CHF/Cirrhosis,3,0,104,17.3984375,101,28,36.29688,257.125,,,0.69995117,138,7.389648,,,,0,,no dnr,0,1,no(M2 and SIP pres)
3867,5001,43.23599,male,black,12,$25-$50k,ARF/MOSF w/Sepsis,ARF/MOSF,0,0,110,30.3984375,80,27,38.69531,56.66406,2.8999023,0.89990234,2.29980469,126,7.5,340,39,740,,0,no dnr,1,1,<2 mo. follow-up
3868,2569,95.60596,female,white,4,,ARF/MOSF w/Sepsis,ARF/MOSF,1,0,74,10.3984375,62,10,38.09375,373.3125,2.7998047,0.5,5.69921875,132,7.229492,104,78,1510,0,1,dnr before sadm,0,0,no(M2 and SIP pres)
3869,5947,53.81497,female,white,11,under $11k,COPD,COPD/CHF/Cirrhosis,1,0,66,13.2988281,132,30,35.79688,274.0625,3.0996094,0.29998779,0.5,138,7.449219,,,,7,6,dnr before sadm,0,1,no(M2 and SIP pres)
3870,6098,81.44598,female,white,8,under $11k,ARF/MOSF w/Sepsis,ARF/MOSF,0,0,63,9.5,69,24,36,318.3125,4,0.69995117,1.29980469,135,7.439453,,,,0,0,no dnr,0,0,no(M2 and SIP pres)
3871,4611,80.58295,male,white,16,,ARF/MOSF w/Sepsis,ARF/MOSF,3,0,117,7.39941406,100,24,36.39844,240,,,1.29980469,141,7.449219,87,22,100,,,dnr after sadm,1,1,<2 mo. follow-up
3872,6462,59.69299,male,white,12,under $11k,MOSF w/Malig,ARF/MOSF,1,9,57,23.796875,114,30,35.39844,278.3125,2.8999023,2.5,1.89990234,135,7.519531,,,,0,6,,1,1,<2 mo. follow-up
3873,2041,73.487,female,black,12,,Colon Cancer,Cancer,1,0,109,9.5,72,20,36.09375,,2.5,0.39996338,1,134,,,,,4,2,dnr before sadm,0,1,<2 mo. follow-up
3874,7606,72.13995,male,white,12,under $11k,CHF,COPD/CHF/Cirrhosis,3,0,77,13.7988281,200,30,36,,1.5998535,5.19921875,1.39990234,128,,59,31,1275,,,no dnr,0,0,no(M2 and SIP pres)
3875,815,50.64499,male,white,14,$11-$25k,Cirrhosis,COPD/CHF/Cirrhosis,1,0,77,10.8984375,72,22,36.19531,,,,1.29980469,130,,,,,1,,no dnr,0,1,<2 mo. follow-up
3876,4469,81.94897,female,white,10,under $11k,ARF/MOSF w/Sepsis,ARF/MOSF,1,0,62,5.69921875,110,46,36.09375,165.6875,,,4.89941406,128,7.399414,148,76,1495,0,0,no dnr,0,0,no(M2 and SIP pres)
3877,2539,42.74597,male,white,16,>$50k,Cirrhosis,COPD/CHF/Cirrhosis,3,0,85,3.59960938,72,16,37.39844,,3.5996094,0.89990234,0.89990234,137,,114,9,3200,0,0,no dnr,0,0,no(M2 and SIP pres)
3878,5904,50.62799,female,black,9,under $11k,Lung Cancer,Cancer,3,0,69,5.69921875,118,26,36.29688,,3.2998047,0.59997559,0.69995117,132,,,,,0,,no dnr,0,1,<2 mo. follow-up
3879,5970,60.71698,male,white,10,under $11k,ARF/MOSF w/Sepsis,ARF/MOSF,2,0,61,10.3984375,118,10,37,164.4375,3,1.39990234,1,137,7.399414,,,,,,no dnr,0,1,SIP>=30
3880,5040,75.63599,female,white,14,,ARF/MOSF w/Sepsis,ARF/MOSF,0,37,53,10.8984375,105,12,37,162.5,,,1.29980469,125,7.459961,96,25,1650,,0,dnr after sadm,0,0,SIP>=30
3881,2581,62.327,male,white,,,Lung Cancer,Cancer,2,0,57,8.19921875,74,24,37.79688,,,,1.29980469,130,,169,39,900,,,dnr before sadm,1,1,<2 mo. follow-up
3882,7913,78.073,male,white,8,,COPD,COPD/CHF/Cirrhosis,1,0,68,7.09960938,122,40,36.19531,234.78125,3.449707,0.5,1,140,7.369141,,,,,1,dnr after sadm,0,1,no(M2 and SIP pres)
3883,2156,65.08698,male,white,,,CHF,COPD/CHF/Cirrhosis,3,0,83,7.79980469,100,20,37.79688,648.125,,,1.19995117,136,7.40918,,,,,,no dnr,0,0,
3884,5871,67.19495,male,black,12,under $11k,ARF/MOSF w/Sepsis,ARF/MOSF,2,0,76,20.296875,150,9,35.79688,300,2.7998047,0.5,0.79992676,129,7.439453,,,,1,6,no dnr,0,1,adl>=4 (>=5 if sur)
3885,2311,62.24197,male,black,11,under $11k,CHF,COPD/CHF/Cirrhosis,3,0,83,5.5,80,20,36.09375,316,3.199707,0.69995117,1,139,7.429688,,,,0,1,no dnr,0,1,<2 mo. follow-up
3886,5372,69.08997,male,black,3,under $11k,COPD,COPD/CHF/Cirrhosis,2,9,55,12.5,125,0,38.09375,340,2.0996094,0.69995117,0.89990234,137,7.379883,154,11,3330,,0,dnr after sadm,1,1,<2 mo. follow-up
3887,8698,70.35999,female,white,12,,Colon Cancer,Cancer,1,9,65,22,98,12,39.79688,165,10.8984375,8.79882812,1.5,133,7.439453,164,55,2325,0,,dnr after sadm,0,1,<2 mo. follow-up
3888,7137,62.71899,female,white,8,$25-$50k,Coma,Coma,0,100,45,17.5976562,200,36,36.09375,114,1.8999023,21.8984375,2.59960938,124,7.30957,34,12,144,,1,dnr after sadm,1,1,<2 mo. follow-up
3889,4516,47.37299,female,black,16,,Cirrhosis,COPD/CHF/Cirrhosis,3,0,97,28.796875,106,46,38,151,2.3999023,1.5,1.29980469,136,7.449219,87,17,2950,,1,dnr after sadm,1,1,<2 mo. follow-up
3890,520,48.62399,female,white,16,$11-$25k,MOSF w/Malig,ARF/MOSF,2,0,62,8.09960938,110,20,37.5,,2.3999023,2,2.09960938,141,,,,,,6,dnr after sadm,0,1,
3891,7294,74.51599,female,white,13,under $11k,MOSF w/Malig,ARF/MOSF,2,26,64,7.89941406,62,22,36.69531,266.625,3.8999023,0.69995117,0.79992676,148,7.399414,152,18,2950,,0,dnr after sadm,1,1,<2 mo. follow-up
3892,5309,44.57199,female,white,12,,ARF/MOSF w/Sepsis,ARF/MOSF,3,26,63,16.6992188,115,22,37.69531,157.125,1.8999023,4.69921875,0.39996338,135,7.439453,100,13,2675,5,1,no dnr,0,0,SIP>=30
3893,366,49.28998,male,white,16,$25-$50k,ARF/MOSF w/Sepsis,ARF/MOSF,1,0,47,2.39990234,160,40,34,85,,,3,139,7.069336,,,,,,no dnr,1,1,<2 mo. follow-up
3894,1587,47.978,male,white,,,CHF,COPD/CHF/Cirrhosis,2,0,122,9.5,120,30,38,75.5,,,0.89990234,132,7.519531,,19,2560,,,no dnr,0,0,
3895,6869,59.41699,male,hispanic,9,under $11k,CHF,COPD/CHF/Cirrhosis,3,0,135,19.8984375,111,7,38.39844,340,3.2998047,0.89990234,0.79992676,136,7.449219,138,5,3625,4,,no dnr,0,0,SIP>=30
3896,6571,58.034,female,white,12,under $11k,ARF/MOSF w/Sepsis,ARF/MOSF,1,0,103,13.6992188,114,10,39,202,2.0996094,2.79980469,0.69995117,144,7.399414,,,,,6,no dnr,0,0,SIP>=30
3897,1554,18.502,female,hispanic,10,under $11k,ARF/MOSF w/Sepsis,ARF/MOSF,0,37,115,15.0996094,125,20,38.5,,5.6992188,,0.69995117,149,,151,20,3865,,,no dnr,0,0,SIP>=30
3898,2101,72.95599,male,white,12,$25-$50k,ARF/MOSF w/Sepsis,ARF/MOSF,3,0,42,5.69921875,80,24,37.5,359.25,3.8999023,1.09985352,8.09960938,135,7.439453,,,,1,0,no dnr,0,1,no(M2 and SIP pres)
3899,2301,61.25897,female,black,19,under $11k,Lung Cancer,Cancer,1,0,87,,110,10,36.69531,404.75,3,,0.59997559,131,7.449219,,,,1,,dnr after sadm,0,1,SIP>=30
3900,5542,37.97098,male,black,12,,ARF/MOSF w/Sepsis,ARF/MOSF,1,0,133,4.5,110,28,38.5,323.75,,1.5,0.69995117,137,7.439453,66,10,2835,,4,dnr after sadm,0,0,no(M2 and SIP pres)
3901,6502,51.15698,male,white,8,$11-$25k,MOSF w/Malig,ARF/MOSF,1,0,75,0,130,36,37.19531,120,2.8999023,0.5,1.5,142,7.209961,,,,,,dnr after sadm,1,1,<2 mo. follow-up
3902,4455,45.25098,male,black,16,,ARF/MOSF w/Sepsis,ARF/MOSF,0,0,162,5.79980469,126,8,38.69531,303.3125,2.5996094,4.5,3,136,7.429688,59,121,2195,,,no dnr,0,0,no(M2 and SIP pres)
3903,6504,63.98599,female,white,16,$11-$25k,Cirrhosis,COPD/CHF/Cirrhosis,4,0,60,17,136,42,36.09375,67,4.1992188,11.6992188,2.39990234,149,7.359375,,,,,0,dnr after sadm,1,1,<2 mo. follow-up
3904,6064,48.76398,male,white,8,under $11k,COPD,COPD/CHF/Cirrhosis,5,0,78,20.5976562,75,24,35.59375,208,4.5996094,0.69995117,1,136,7.229492,,,,0,,no dnr,0,1,no(M2 and SIP pres)
3905,6985,40.92499,female,white,12,$25-$50k,Cirrhosis,COPD/CHF/Cirrhosis,1,0,112,9.8984375,48,24,36,272,,,1.69995117,138,7.439453,178,39,2400,1,3,no dnr,0,1,SIP>=30
3906,632,43.64697,female,white,12,>$50k,ARF/MOSF w/Sepsis,ARF/MOSF,1,26,110,18.6992188,110,8,36.69531,390,2.3999023,0.69995117,2.5,127,7.399414,,,,,,no dnr,0,1,adl>=4 (>=5 if sur)
3907,5013,62.20898,male,white,11,under $11k,COPD,COPD/CHF/Cirrhosis,2,0,68,10.5996094,115,35,37.89844,157.125,2.7998047,1.19995117,2.29980469,134,7.239258,306,35,2394,0,0,no dnr,0,1,no(M2 and SIP pres)
3908,8675,67.625,male,white,8,under $11k,Colon Cancer,Cancer,1,0,76,10.5996094,60,32,35.59375,142.84375,,,1,141,7.399414,247,21,4750,,,no dnr,0,1,
3909,5665,72.71198,male,white,12,>$50k,CHF,COPD/CHF/Cirrhosis,3,0,73,5.69921875,96,20,36.29688,,3.8999023,0.5,0.79992676,137,,90,5,5175,0,0,no dnr,0,0,no(M2 and SIP pres)
3910,8917,71.72595,female,white,13,$11-$25k,Coma,Coma,4,9,142,13.0996094,64,28,35.69531,305,2.2998047,0.29998779,8.8984375,134,7.519531,308,67,,,1,dnr after sadm,0,1,adl>=4 (>=5 if sur)
3911,7661,68.0,female,white,,,Coma,Coma,1,100,102,7.69921875,104,20,36,290.4375,4,0.5,1.19995117,141,7.439453,93,12,,,,dnr after sadm,1,1,<2 mo. follow-up
3912,2661,67.26099,male,white,,,Lung Cancer,Cancer,2,0,100,24.6992188,80,25,36.09375,436,3.199707,,1,129,7.429688,124,14,,,,dnr after sadm,1,1,<2 mo. follow-up
3913,8922,69.771,male,white,12,>$50k,Lung Cancer,Cancer,1,0,57,16.8984375,165,40,38.19531,280.75,,,1.29980469,138,7.369141,274,32,1250,0,0,no dnr,0,0,no(M2 and SIP pres)
3914,3458,49.71698,male,white,16,>$50k,ARF/MOSF w/Sepsis,ARF/MOSF,0,0,83,11.5996094,140,36,39,73.32812,2,0.19998169,0.59997559,147,7.479492,,,,,0,dnr after sadm,1,1,adl>=4 (>=5 if sur)
3915,8692,85.06494,female,white,12,under $11k,COPD,COPD/CHF/Cirrhosis,2,9,74,5.89941406,77,20,36.59375,204.75,,1,1,134,7.469727,118,10,3425,1,6,dnr after sadm,0,1,adl>=4 (>=5 if sur)
3916,1457,31.17599,female,hispanic,11,$11-$25k,ARF/MOSF w/Sepsis,ARF/MOSF,4,61,70,,70,20,36.5,521.625,,0.89990234,1.79980469,131,7.429688,157,19,2050,,7,dnr after sadm,1,1,<2 mo. follow-up
3917,8194,74.55695,male,white,11,,COPD,COPD/CHF/Cirrhosis,3,0,71,9.29882812,60,20,36.19531,376.1875,4.7998047,0.5,1.29980469,141,7.459961,,,,,,no dnr,0,0,
3918,2744,49.155,male,white,16,>$50k,Cirrhosis,COPD/CHF/Cirrhosis,7,0,60,22.1992188,108,30,38.59375,135,2.8999023,1.39990234,1,136,7.319336,164,26,2140,3,3,dnr after sadm,0,1,<2 mo. follow-up
3919,462,42.28897,female,white,15,$11-$25k,Cirrhosis,COPD/CHF/Cirrhosis,2,0,70,2.59960938,72,20,37,,2.7998047,11.8984375,0.89990234,133,,,,,1,,no dnr,0,0,no(M2 and SIP pres)
3920,3049,61.76297,female,white,,,COPD,COPD/CHF/Cirrhosis,3,0,51,9.8984375,126,20,39.09375,85.70312,2.5,1.59985352,0.69995117,149,7.369141,404,11,6020,,,dnr after sadm,1,1,<2 mo. follow-up
3921,2455,79.76996,male,white,11,$11-$25k,CHF,COPD/CHF/Cirrhosis,3,0,63,3,50,25,37.5,352.375,4.3994141,0.39996338,1.39990234,139,7.439453,86,11,1025,0,1,dnr after sadm,0,1,no(M2 and SIP pres)
3922,2773,77.59296,male,white,12,,ARF/MOSF w/Sepsis,ARF/MOSF,4,9,101,4.89941406,55,25,36.19531,266.625,4.3994141,0.5,0.69995117,144,7.439453,117,15,3200,3,1,dnr after sadm,0,1,<2 mo. follow-up
3923,6694,45.89999,female,white,16,under $11k,Cirrhosis,COPD/CHF/Cirrhosis,2,9,78,10.0996094,110,24,37.79688,338.0625,2.7998047,30,0.79992676,134,7.479492,,,,4,0,no dnr,0,1,adl>=4 (>=5 if sur)
3924,4761,65.31696,female,white,14,,ARF/MOSF w/Sepsis,ARF/MOSF,1,37,60,20.5976562,125,10,38.39844,276.625,2.3999023,,0.89990234,135,7.429688,179,9,990,,0,no dnr,0,0,no(M2 and SIP pres)
3925,659,81.67596,female,white,,,ARF/MOSF w/Sepsis,ARF/MOSF,2,41,58,16,60,10,37.19531,74.4375,,,0.89990234,135,7.429688,,,,,,dnr after sadm,1,1,<2 mo. follow-up
3926,2106,75.28497,female,white,16,$25-$50k,ARF/MOSF w/Sepsis,ARF/MOSF,0,9,49,16.0976562,116,28,35.79688,163.25,2.699707,1.59985352,1.69995117,149,7.449219,,,,,1,dnr after sadm,1,1,<2 mo. follow-up
3927,47,56.19397,male,other,6,,ARF/MOSF w/Sepsis,ARF/MOSF,0,26,68,26.6992188,130,28,38.5,121.65625,1.6999512,3.89990234,2.09960938,131,7.449219,,,,,3,dnr after sadm,1,1,<2 mo. follow-up
3928,1963,47.866,male,white,9,>$50k,CHF,COPD/CHF/Cirrhosis,2,0,70,5.09960938,80,16,36.69531,,4,0.89990234,1.59985352,144,,,,,0,0,no dnr,0,0,no(M2 and SIP pres)
3929,6293,62.689,female,white,15,$25-$50k,ARF/MOSF w/Sepsis,ARF/MOSF,1,44,112,17.1992188,117,27,38.69531,89.85938,2.0996094,5.59960938,0.59997559,128,7.449219,,,,,4,no dnr,1,1,<2 mo. follow-up
3930,811,82.88599,male,white,14,$11-$25k,CHF,COPD/CHF/Cirrhosis,3,0,85,10.0996094,65,16,36.5,,,,1.09985352,139,,,,,0,,no dnr,0,0,no(M2 and SIP pres)
3931,403,35.25,female,white,,,MOSF w/Malig,ARF/MOSF,1,0,60,6.79980469,135,33,39,128.875,3,0.19998169,5.5,133,7.519531,,,,,,no dnr,0,1,
3932,4979,65.08398,female,black,11,under $11k,Coma,Coma,1,9,77,12.2988281,100,20,36.69531,,3.0996094,0.39996338,1,142,,92,16,,,1,dnr after sadm,0,1,adl>=4 (>=5 if sur)
3933,5294,62.38199,male,white,12,$11-$25k,Cirrhosis,COPD/CHF/Cirrhosis,4,9,38,15.2988281,150,24,35.69531,,,,0.79992676,135,,111,28,915,0,,no dnr,0,1,<2 mo. follow-up
3934,4831,74.78699,male,white,14,,CHF,COPD/CHF/Cirrhosis,4,0,72,18.796875,125,32,36.59375,266.625,1.8999023,1.29980469,3.29980469,136,7.469727,99,74,120,1,,dnr after sadm,1,1,<2 mo. follow-up
3935,2739,68.88196,male,white,13,$11-$25k,COPD,COPD/CHF/Cirrhosis,4,0,60,11.5996094,80,36,33.79688,96.65625,2.5,2.09960938,2.39990234,149,7.529297,85,54,1735,1,0,no dnr,0,1,no(M2 and SIP pres)
3936,6198,77.63397,male,white,8,$11-$25k,ARF/MOSF w/Sepsis,ARF/MOSF,0,26,65,3.5,73,34,38.59375,183.21875,1.6999512,2.89990234,1.69995117,145,7.429688,,,,,1,no dnr,0,1,adl>=4 (>=5 if sur)
3937,1001,33.67798,female,black,14,,ARF/MOSF w/Sepsis,ARF/MOSF,3,0,118,13.2988281,105,36,37.79688,255,,16.796875,3.89990234,147,7.469727,350,66,3025,,0,no dnr,1,1,<2 mo. follow-up
3938,1792,58.82498,male,black,12,under $11k,Lung Cancer,Cancer,1,0,103,3.39990234,64,20,36.59375,,3.7998047,0.19998169,1,141,,,,,0,,no dnr,0,1,no(M2 and SIP pres)
3939,3230,73.15796,male,white,8,$11-$25k,Lung Cancer,Cancer,1,9,100,17.1992188,130,40,35.89844,131.65625,2.0996094,,0.79992676,137,7.5,178,22,700,2,1,dnr after sadm,1,1,<2 mo. follow-up
3940,4627,66.95099,male,white,12,$25-$50k,Colon Cancer,Cancer,1,0,144,12.2988281,70,37,35.59375,,,,2.09960938,137,,190,126,1700,0,0,no dnr,0,1,no(M2 and SIP pres)
3941,9000,64.31195,female,white,12,$25-$50k,ARF/MOSF w/Sepsis,ARF/MOSF,1,41,115,7.19921875,130,28,35.69531,276,,,0.79992676,143,7.429688,103,11,2200,,0,dnr after sadm,1,1,<2 mo. follow-up
3942,1412,67.16998,male,white,,,ARF/MOSF w/Sepsis,ARF/MOSF,3,0,73,14.1992188,55,24,36.5,,2.5996094,0.69995117,1.59985352,135,,165,37,4220,,,dnr after sadm,1,1,<2 mo. follow-up
3943,5340,61.77698,female,white,12,$25-$50k,ARF/MOSF w/Sepsis,ARF/MOSF,1,0,110,22.6992188,110,8,38.39844,185.6875,,0.59997559,1.09985352,131,7.449219,164,14,2700,,0,no dnr,0,0,no(M2 and SIP pres)
3944,5170,78.64795,female,white,8,,ARF/MOSF w/Sepsis,ARF/MOSF,2,0,38,3.59960938,130,8,34.79688,152,2,0.69995117,2.09960938,130,7.429688,33,24,3280,0,0,no dnr,0,0,no(M2 and SIP pres)
3945,4254,69.20197,female,white,,,Lung Cancer,Cancer,1,0,93,9.29882812,100,16,35.39844,,,0.5,0.89990234,138,,,,,,,no dnr,0,1,<2 mo. follow-up
3946,6646,48.00497,male,black,12,under $11k,Cirrhosis,COPD/CHF/Cirrhosis,3,0,97,6.89941406,114,20,36.69531,295.1875,2.8999023,4.5,0.79992676,132,7.439453,,,,3,4,no dnr,0,0,no(M2 and SIP pres)
3947,8937,75.96399,male,white,8,,ARF/MOSF w/Sepsis,ARF/MOSF,0,0,110,11.5996094,73,28,36,271.375,,1.09985352,1.5,142,7.529297,107,31,825,,0,no dnr,0,0,no(M2 and SIP pres)
3948,2263,31.034,male,white,8,under $11k,ARF/MOSF w/Sepsis,ARF/MOSF,2,0,50,13,122,8,33.39844,240,2.699707,0.39996338,0.59997559,138,7.419922,,,,,,dnr after sadm,1,1,<2 mo. follow-up
3949,2575,49.85397,male,white,24,>$50k,MOSF w/Malig,ARF/MOSF,1,0,57,11.7988281,120,26,39.19531,128,2.7998047,0.59997559,0.79992676,133,7.419922,128,9,2279,,0,dnr after sadm,1,1,<2 mo. follow-up
3950,8971,72.19397,female,white,12,under $11k,COPD,COPD/CHF/Cirrhosis,3,0,64,9.3984375,108,10,37.79688,187.5,,0.29998779,2,141,7.389648,94,43,1100,,0,no dnr,0,0,no(M2 and SIP pres)
3951,7948,60.931,male,white,,,Lung Cancer,Cancer,2,26,56,18.8984375,126,24,36.39844,319,3.199707,1.39990234,1.29980469,143,7.379883,,,,,,dnr after sadm,1,1,<2 mo. follow-up
3952,5268,59.00598,male,other,14,>$50k,ARF/MOSF w/Sepsis,ARF/MOSF,3,37,58,10.3984375,75,16,35.09375,123.32812,2.0996094,0.59997559,5,133,7.419922,216,98,625,,6,no dnr,0,1,
3953,7283,70.81195,female,white,9,under $11k,Lung Cancer,Cancer,1,0,139,17.6992188,131,35,39.09375,173.3125,2.5,0.39996338,1.19995117,153,7.419922,280,18,6520,0,,dnr after sadm,0,1,adl>=4 (>=5 if sur)
3954,4881,49.28098,male,white,13,under $11k,Cirrhosis,COPD/CHF/Cirrhosis,3,100,58,19.0976562,190,47,37.69531,176,2.199707,11.2988281,0.79992676,143,7.449219,234,7,7790,,0,dnr after sadm,0,1,<2 mo. follow-up
3955,278,52.37198,male,black,12,under $11k,COPD,COPD/CHF/Cirrhosis,3,0,102,15.5,80,18,37,300,,,1,140,7.429688,,,,1,,no dnr,0,1,no(M2 and SIP pres)
3956,1261,59.70697,female,white,12,,ARF/MOSF w/Sepsis,ARF/MOSF,4,44,58,3.09960938,125,35,39.5,110,,0.79992676,1.09985352,139,7.5,,35,3805,,4,dnr after sadm,1,1,<2 mo. follow-up
3957,5961,61.25098,male,white,8,,ARF/MOSF w/Sepsis,ARF/MOSF,4,0,74,15.2988281,111,35,36,205.65625,2.5996094,2.39990234,1.09985352,129,7.469727,,,,7,,dnr after sadm,0,1,
3958,8842,79.995,female,white,9,$25-$50k,COPD,COPD/CHF/Cirrhosis,7,9,102,3.89990234,63,24,35.79688,,,,0.89990234,139,,100,9,,,6,dnr after sadm,0,1,adl>=4 (>=5 if sur)
3959,6602,45.90799,male,white,12,$11-$25k,ARF/MOSF w/Sepsis,ARF/MOSF,1,0,107,24.5976562,129,22,38.59375,245,2.0996094,9.29882812,2.69970703,144,7.40918,,,,,3,no dnr,1,1,<2 mo. follow-up
3960,6888,78.17896,female,white,12,,ARF/MOSF w/Sepsis,ARF/MOSF,5,9,45,18.296875,100,20,37.59375,300,,,0.89990234,138,7.399414,100,15,1355,,7,dnr after sadm,1,1,<2 mo. follow-up
3961,550,20.24399,male,hispanic,12,,CHF,COPD/CHF/Cirrhosis,2,0,60,8.69921875,70,24,36,,,,1.59985352,128,,,,,,,no dnr,0,1,no(M2 and SIP pres)
3962,1489,47.20898,male,white,12,$25-$50k,CHF,COPD/CHF/Cirrhosis,3,0,163,17,116,22,36,300,,,1.19995117,139,7.379883,282,26,1925,,0,no dnr,0,0,
3963,1325,46.31598,female,black,14,under $11k,ARF/MOSF w/Sepsis,ARF/MOSF,1,0,67,28.3984375,115,40,38.29688,360,,,1.89990234,137,7.439453,207,84,2360,,,no dnr,0,1,
3964,6708,50.10797,female,white,13,$11-$25k,MOSF w/Malig,ARF/MOSF,1,9,74,0,101,20,35.79688,,2.5996094,0.5,0.89990234,133,,,,,0,0,no dnr,0,1,SIP>=30
3965,3317,67.92096,male,white,11,$11-$25k,CHF,COPD/CHF/Cirrhosis,3,0,83,,72,22,37,,,,1.29980469,139,,,,,2,7,no dnr,0,1,no(M2 and SIP pres)
3966,1880,82.83099,female,white,12,$25-$50k,COPD,COPD/CHF/Cirrhosis,2,0,65,,71,35,36.89844,220,3.7998047,0.5,3,140,7.379883,,,,6,,dnr after sadm,0,1,adl>=4 (>=5 if sur)
3967,2751,68.50696,female,white,12,,Lung Cancer,Cancer,1,0,67,8.8984375,76,24,36.59375,306.0625,,,2.29980469,139,7.419922,298,33,928,,,no dnr,0,1,<2 mo. follow-up
3968,4551,31.797,male,white,11,$11-$25k,ARF/MOSF w/Sepsis,ARF/MOSF,1,0,109,3.39990234,116,28,36.5,320,3,0.39996338,0.89990234,129,7.479492,76,13,3820,,1,dnr after sadm,0,0,no(M2 and SIP pres)
3969,2997,71.64398,male,white,12,>$50k,ARF/MOSF w/Sepsis,ARF/MOSF,2,0,56,10.5,70,6,37.79688,232.5,2,0.19998169,1.19995117,143,7.479492,152,21,3200,,,no dnr,0,1,<2 mo. follow-up
3970,332,54.67798,male,white,14,,CHF,COPD/CHF/Cirrhosis,2,0,58,,65,18,36.09375,,2.5,1.79980469,1.29980469,145,7.5,,,,3,,no dnr,0,1,<2 mo. follow-up
3971,8509,49.37698,male,white,13,$25-$50k,ARF/MOSF w/Sepsis,ARF/MOSF,2,41,105,10.6992188,81,24,36.19531,,,,1.59985352,136,,218,19,2375,,1,no dnr,0,0,no(M2 and SIP pres)
3972,5767,34.75699,male,black,8,,ARF/MOSF w/Sepsis,ARF/MOSF,1,44,58,13.1992188,118,50,38.39844,206.65625,,1.59985352,1.19995117,135,7.449219,351,37,3605,,0,no dnr,0,0,no(M2 and SIP pres)
3973,5352,55.25299,male,white,,,COPD,COPD/CHF/Cirrhosis,1,0,107,22.6992188,175,11,37.89844,226.65625,2.2998047,19.3984375,6.69921875,132,7.399414,167,99,105,,,no dnr,0,0,
3974,4577,52.94199,female,white,12,>$50k,ARF/MOSF w/Sepsis,ARF/MOSF,2,0,81,100,104,11,36.39844,159.15625,,,3.89990234,135,7.319336,240,98,1356,3,0,no dnr,0,0,no(M2 and SIP pres)
3975,1507,68.51196,male,black,14,under $11k,ARF/MOSF w/Sepsis,ARF/MOSF,0,26,55,6.5,115,16,35.89844,,,,1.79980469,137,,,26,1375,,5,no dnr,0,1,SIP>=30
3976,3166,73.28998,female,white,12,,ARF/MOSF w/Sepsis,ARF/MOSF,3,9,80,12.7988281,60,28,36.69531,78.32812,2,,0.79992676,148,7.439453,120,30,2125,0,0,no dnr,0,1,no(M2 and SIP pres)
3977,5458,31.22499,male,white,11,$25-$50k,ARF/MOSF w/Sepsis,ARF/MOSF,0,44,83,8.59960938,105,20,36.29688,,3.5996094,0.5,0.89990234,134,,121,14,,,7,no dnr,0,1,adl>=4 (>=5 if sur)
3978,7252,25.31999,female,white,13,under $11k,ARF/MOSF w/Sepsis,ARF/MOSF,0,0,77,8.19921875,52,16,36.19531,,3.7998047,0.59997559,1.29980469,126,,86,18,2885,0,3,no dnr,0,0,no(M2 and SIP pres)
3979,8820,54.12997,female,white,13,under $11k,ARF/MOSF w/Sepsis,ARF/MOSF,2,0,108,8.09960938,79,20,35.39844,,3.3999023,0.69995117,1,134,,111,19,3175,6,5,no dnr,0,1,SIP>=30
3980,2633,89.84796,male,white,,,ARF/MOSF w/Sepsis,ARF/MOSF,3,9,59,22.0976562,132,34,37.59375,142.84375,4.1992188,0.39996338,0.89990234,137,7.399414,153,10,1450,,,dnr before sadm,0,0,
3981,1,62.84998,male,other,11,$11-$25k,Lung Cancer,Cancer,0,0,97,6,69,22,36,388,1.7998047,0.19998169,1.19995117,141,7.459961,,,,7,7,no dnr,0,0,
3982,5605,58.61697,male,white,0,under $11k,ARF/MOSF w/Sepsis,ARF/MOSF,2,0,53,6.79980469,108,20,38,,,8.19921875,0.69995117,130,,80,9,1185,,0,dnr after sadm,1,1,<2 mo. follow-up
3983,8467,56.41299,female,white,12,$25-$50k,Colon Cancer,Cancer,2,0,68,14.6992188,60,32,36.29688,501.625,3.5996094,1.19995117,0.59997559,132,7.449219,125,20,1766,1,0,no dnr,0,1,no(M2 and SIP pres)
3984,4868,70.77594,female,white,12,$11-$25k,MOSF w/Malig,ARF/MOSF,2,44,62,2.5,125,33,37.79688,404,2.5996094,1.69995117,2.19970703,149,7.40918,74,25,1550,,5,dnr after sadm,1,1,<2 mo. follow-up
3985,2905,81.00995,male,white,16,,Lung Cancer,Cancer,1,0,72,10.5996094,103,12,36.39844,241.65625,2.699707,0.39996338,0.69995117,143,7.40918,292,26,1375,,3,dnr after sadm,0,1,<2 mo. follow-up
3986,2470,73.185,male,white,12,>$50k,COPD,COPD/CHF/Cirrhosis,2,0,58,14.0996094,107,28,39.09375,330,,,0.79992676,134,7.40918,252,16,1500,0,0,dnr after sadm,0,1,<2 mo. follow-up
3987,2820,69.42395,male,white,10,,Lung Cancer,Cancer,2,0,56,12,130,14,40.09375,58,2.2998047,0.69995117,0.79992676,136,7.369141,119,8,2320,2,,no dnr,0,1,no(M2 and SIP pres)
3988,6031,75.64996,female,white,13,,COPD,COPD/CHF/Cirrhosis,3,0,121,43.09375,114,36,36.39844,319.1875,2.3999023,0.79992676,0.89990234,140,7.419922,,,,,6,dnr before sadm,0,1,adl>=4 (>=5 if sur)
3989,8449,66.80597,female,white,8,,COPD,COPD/CHF/Cirrhosis,1,0,116,16.1992188,139,10,35.89844,195.46875,2,2,1.19995117,143,7.449219,296,47,3455,,,no dnr,0,0,no(M2 and SIP pres)
3990,5664,68.646,female,white,12,$11-$25k,ARF/MOSF w/Sepsis,ARF/MOSF,0,0,67,9.29882812,70,20,36.5,,2.0996094,1.39990234,1.29980469,132,,59,40,4450,1,,no dnr,0,0,no(M2 and SIP pres)
3991,3445,73.04596,female,black,16,$11-$25k,ARF/MOSF w/Sepsis,ARF/MOSF,3,0,67,6.39941406,68,10,38.29688,533.25,1.1999512,0.29998779,2.09960938,141,7.419922,,,,,6,no dnr,1,1,<2 mo. follow-up
3992,6713,49.28699,male,white,,under $11k,ARF/MOSF w/Sepsis,ARF/MOSF,1,0,115,34.09375,140,28,38,347.5625,2.3999023,3.39990234,0.5,137,7.489258,,,,,,no dnr,1,1,<2 mo. follow-up
3993,4467,61.72498,female,white,9,under $11k,Coma,Coma,0,89,107,18,146,7,38.29688,292,3.3999023,0.5,1.29980469,147,7.459961,376,23,1660,,,dnr after sadm,1,1,<2 mo. follow-up
3994,3723,84.79895,male,black,16,under $11k,Coma,Coma,2,100,140,13.2988281,124,9,36,280.9375,2.699707,1,1.19995117,141,7.359375,,,,,7,no dnr,1,1,<2 mo. follow-up
3995,6315,83.15399,male,white,7,under $11k,MOSF w/Malig,ARF/MOSF,1,0,66,1.09985352,58,22,35.5,,2.699707,0.89990234,0.89990234,134,,,,,,0,dnr after sadm,0,1,adl>=4 (>=5 if sur)
3996,831,55.87698,female,white,,,COPD,COPD/CHF/Cirrhosis,5,26,63,11.7988281,95,10,37.69531,187.5,3.699707,0.5,2,137,7.299805,,,,,,dnr after sadm,0,1,
3997,2214,44.04898,female,black,12,$25-$50k,Colon Cancer,Cancer,1,0,103,17.6992188,120,24,39.39844,,2.2998047,1.19995117,0.69995117,134,,,,,0,0,no dnr,0,1,<2 mo. follow-up
3998,4095,45.89499,male,white,9,under $11k,CHF,COPD/CHF/Cirrhosis,2,0,75,7.89941406,76,16,35.79688,272,,,0.69995117,134,7.479492,,,,0,,no dnr,0,1,
3999,3789,56.30899,female,white,12,$11-$25k,ARF/MOSF w/Sepsis,ARF/MOSF,2,0,81,11.2988281,118,32,37.09375,144.875,,0.69995117,1.09985352,136,7.449219,,,,1,2,no dnr,0,1,adl>=4 (>=5 if sur)
4000,5180,65.94397,female,black,4,under $11k,Cirrhosis,COPD/CHF/Cirrhosis,4,100,67,10.2988281,55,35,38.59375,212.5,,5,3.69970703,136,7.469727,286,82,4600,,4,dnr after sadm,1,1,<2 mo. follow-up
4001,5870,50.46997,female,white,12,under $11k,MOSF w/Malig,ARF/MOSF,4,0,63,2.19970703,90,20,38.39844,,4.0996094,4,1.79980469,136,,,,,0,0,no dnr,0,1,no(M2 and SIP pres)
4002,6970,67.34595,female,white,11,under $11k,Coma,Coma,0,94,127,12.0996094,76,24,35.69531,348.125,3.199707,0.69995117,1.29980469,143,7.459961,74,26,1100,,1,no dnr,0,1,<2 mo. follow-up
4003,4199,76.18097,female,white,13,under $11k,Colon Cancer,Cancer,1,0,100,3.09960938,68,20,36.79688,,3.2998047,0.29998779,0.79992676,143,,,,,0,0,no dnr,0,0,no(M2 and SIP pres)
4004,7258,60.375,male,white,,,Cirrhosis,COPD/CHF/Cirrhosis,5,9,62,18,101,26,35.89844,272,2.3999023,1.79980469,0.79992676,121,7.399414,111,57,725,,,no dnr,0,0,
4005,5172,79.37897,male,white,,,Coma,Coma,0,41,136,7.09960938,45,12,38,286.625,2.7998047,,2,137,7.389648,288,31,1715,,,no dnr,0,0,
4006,2657,40.17499,female,white,16,$25-$50k,ARF/MOSF w/Sepsis,ARF/MOSF,1,0,76,5.09960938,64,12,36.39844,,4.2998047,0.29998779,1.09985352,137,,93,23,,0,1,no dnr,0,0,no(M2 and SIP pres)
4007,7845,67.74298,female,white,15,$11-$25k,COPD,COPD/CHF/Cirrhosis,4,9,71,7.79980469,110,8,37.79688,100,3.7998047,0.79992676,1.29980469,133,7.469727,,,,,0,no dnr,1,1,<2 mo. follow-up
4008,8985,76.22498,male,white,13,,ARF/MOSF w/Sepsis,ARF/MOSF,1,0,71,10.8984375,158,32,35.79688,244.4375,2.7998047,0.5,2.19970703,141,7.40918,144,49,2550,0,1,dnr before sadm,0,0,no(M2 and SIP pres)
4009,1807,43.26898,male,white,,,ARF/MOSF w/Sepsis,ARF/MOSF,2,0,43,28,140,26,39,72,2.2998047,4,3.79980469,137,7.279297,,,,,,no dnr,1,1,<2 mo. follow-up
4010,3281,39.31,male,black,13,,ARF/MOSF w/Sepsis,ARF/MOSF,3,0,94,21.6992188,120,24,37.29688,363.3125,,8.79882812,1.89990234,132,7.359375,,,,2,3,dnr after sadm,1,1,<2 mo. follow-up
4011,7591,57.383,male,white,15,under $11k,CHF,COPD/CHF/Cirrhosis,1,0,131,5.89941406,53,38,38.59375,158,2.5996094,7,0.79992676,137,7.399414,176,28,1868,0,0,no dnr,0,0,SIP>=30
4012,559,50.28897,female,white,,,Colon Cancer,Cancer,1,0,83,9.3984375,84,20,38,,,0.59997559,1.39990234,136,,,,,,,no dnr,0,1,
4013,1484,56.00299,male,white,10,,CHF,COPD/CHF/Cirrhosis,2,0,68,46.5,150,40,39.29688,130,3,16.0976562,2.29980469,150,7.539062,300,63,2420,0,0,no dnr,0,0,
4014,2767,49.82898,male,black,,,ARF/MOSF w/Sepsis,ARF/MOSF,3,0,163,5.39941406,150,37,38,72,2.5,0.59997559,0.79992676,142,7.369141,163,31,1625,,,dnr after sadm,1,1,<2 mo. follow-up
4015,6114,61.20499,male,white,,under $11k,ARF/MOSF w/Sepsis,ARF/MOSF,2,0,75,17.0976562,120,24,36.39844,149.96875,2.7998047,17.296875,0.69995117,136,7.439453,,,,1,0,dnr after sadm,0,0,no(M2 and SIP pres)
4016,4429,72.71497,female,white,,,ARF/MOSF w/Sepsis,ARF/MOSF,2,0,103,4.09960938,110,9,37.89844,225.6875,,0.69995117,3.59960938,143,7.329102,91,81,2357,,5,dnr after sadm,1,1,<2 mo. follow-up
4017,6946,76.28998,female,white,13,under $11k,Coma,Coma,0,0,128,18.0976562,129,10,40.09375,273.3125,2.199707,1.69995117,5.5,147,7.369141,227,113,3695,,0,no dnr,0,0,adl>=4 (>=5 if sur)
4018,516,78.33795,male,white,,,Coma,Coma,0,100,50,6.59960938,150,22,37.5,143.3125,,,2.09960938,128,7.40918,,,,,,dnr after sadm,1,1,<2 mo. follow-up
4019,2978,66.58496,male,white,12,under $11k,ARF/MOSF w/Sepsis,ARF/MOSF,3,0,49,9.8984375,70,16,36.09375,371.375,,0.59997559,14.5,135,7.339844,88,83,0,0,1,no dnr,0,1,adl>=4 (>=5 if sur)
4020,8562,86.63397,male,white,8,under $11k,CHF,COPD/CHF/Cirrhosis,3,0,71,11,200,22,36.19531,,3.8999023,0.39996338,1.39990234,136,,119,24,3180,2,0,dnr before sadm,0,1,no(M2 and SIP pres)
4021,8352,58.55197,male,white,12,,Colon Cancer,Cancer,1,0,115,5.79980469,124,20,36.59375,,3.2998047,16.796875,1.09985352,135,,,,,,,no dnr,0,1,adl>=4 (>=5 if sur)
4022,7321,71.70697,male,white,12,$25-$50k,Lung Cancer,Cancer,2,9,77,16.0976562,72,24,36.5,138.75,3.0996094,0.39996338,1.19995117,138,7.019531,114,34,1575,,0,dnr after sadm,1,1,<2 mo. follow-up
4023,4114,57.58197,female,white,9,,Lung Cancer,Cancer,1,0,78,8.29882812,116,20,36.59375,,,0.39996338,0.59997559,133,,,,,6,,no dnr,0,1,no(M2 and SIP pres)
4024,6583,70.84698,male,white,9,under $11k,Lung Cancer,Cancer,3,0,99,44.8984375,110,20,36.5,,4.0996094,0.5,1.29980469,140,,,,,0,1,no dnr,0,1,no(M2 and SIP pres)
4025,3386,45.38498,female,black,,,ARF/MOSF w/Sepsis,ARF/MOSF,2,0,80,5.89941406,115,26,36.09375,282.8125,,,0.69995117,130,7.339844,,,,,,dnr after sadm,1,1,<2 mo. follow-up
4026,6221,26.75699,female,white,12,>$50k,ARF/MOSF w/Sepsis,ARF/MOSF,0,41,80,19.8984375,139,24,38,255.96875,1.7998047,1.39990234,0.79992676,138,7.399414,,,,,0,no dnr,0,0,SIP>=30
4027,4540,42.83398,female,black,12,,ARF/MOSF w/Sepsis,ARF/MOSF,1,0,53,17.5,120,14,38.39844,147.125,2.5996094,1,1,135,7.489258,124,16,2320,,0,no dnr,0,0,adl>=4 (>=5 if sur)
4028,737,60.65399,male,white,,,ARF/MOSF w/Sepsis,ARF/MOSF,2,26,63,5.19921875,125,8,38.89844,114,2.3999023,1.5,1.79980469,137,7.399414,,,,,,dnr after sadm,1,1,<2 mo. follow-up
4029,6105,61.95999,female,white,12,$11-$25k,ARF/MOSF w/Sepsis,ARF/MOSF,2,0,72,3.39990234,118,32,36.79688,520.875,2.5996094,0.29998779,0.09999084,135,7.389648,,,,6,6,dnr after sadm,0,0,adl>=4 (>=5 if sur)
4030,5282,73.37396,male,white,6,under $11k,ARF/MOSF w/Sepsis,ARF/MOSF,2,0,77,5.09960938,80,20,35.89844,,,,0.69995117,137,,93,6,3200,1,,no dnr,1,1,<2 mo. follow-up
4031,7046,78.74298,female,white,9,$11-$25k,MOSF w/Malig,ARF/MOSF,1,0,85,28.6992188,64,20,37.69531,,3.7998047,0.69995117,1,130,,76,6,1875,1,,no dnr,1,1,<2 mo. follow-up
4032,8932,56.76898,female,white,15,>$50k,ARF/MOSF w/Sepsis,ARF/MOSF,0,44,100,15,120,26,36.09375,253.3125,,,0.69995117,131,7.459961,144,11,1950,,0,no dnr,0,0,no(M2 and SIP pres)
4033,3521,63.80798,male,white,12,,CHF,COPD/CHF/Cirrhosis,4,0,84,6.19921875,90,20,36.79688,,,,0.89990234,141,,,,,0,1,no dnr,0,1,no(M2 and SIP pres)
4034,529,46.22598,male,hispanic,12,under $11k,CHF,COPD/CHF/Cirrhosis,4,0,61,13.5,145,8,38.39844,155.09375,2.8999023,1.39990234,1,129,7.5,,,,,0,no dnr,0,0,no(M2 and SIP pres)
4035,4938,80.23798,female,black,8,,ARF/MOSF w/Sepsis,ARF/MOSF,0,0,50,5.39941406,195,30,39.19531,270,3.199707,0.89990234,4.89941406,136,7.459961,149,47,460,,5,no dnr,0,0,adl>=4 (>=5 if sur)
4036,4807,46.155,male,white,10,,ARF/MOSF w/Sepsis,ARF/MOSF,1,0,58,11.2988281,115,41,36.69531,63,,14.3984375,2.39990234,150,7.339844,90,10,355,,3,no dnr,0,0,no(M2 and SIP pres)
4037,916,77.99298,male,black,21,$25-$50k,CHF,COPD/CHF/Cirrhosis,0,26,53,21.1992188,65,28,37.59375,246.65625,,0.79992676,2.59960938,129,7.289062,108,73,162,,,dnr after sadm,1,1,<2 mo. follow-up
4038,6284,63.54797,male,white,12,$11-$25k,CHF,COPD/CHF/Cirrhosis,2,0,72,7.39941406,76,24,38.19531,252,3.5996094,1.59985352,1.09985352,133,7.449219,,,,0,0,no dnr,0,1,no(M2 and SIP pres)
4039,4549,63.74298,female,white,15,$25-$50k,CHF,COPD/CHF/Cirrhosis,1,0,119,16.5976562,66,34,35.29688,376,3.199707,1,0.79992676,139,7.449219,199,27,3485,0,2,no dnr,0,0,no(M2 and SIP pres)
4040,2226,62.48599,female,white,,,Colon Cancer,Cancer,1,0,70,22,110,22,35.59375,,2.199707,14,0.69995117,134,,,,,5,,dnr after sadm,1,1,<2 mo. follow-up
4041,3925,65.86395,male,black,,under $11k,Lung Cancer,Cancer,1,0,75,11,88,28,37.19531,228.5625,4,0.5,0.79992676,130,7.489258,,,,,2,dnr after sadm,0,1,no(M2 and SIP pres)
4042,4592,58.09998,male,white,,,Lung Cancer,Cancer,2,0,27,15.5996094,135,12,37.89844,218,1.7998047,,2.39990234,135,7.289062,43,48,140,,,no dnr,0,1,
4043,4293,67.67395,male,hispanic,12,>$50k,ARF/MOSF w/Sepsis,ARF/MOSF,0,37,70,5.89941406,80,20,35.59375,400,,,2.09960938,143,7.5,139,24,,,0,dnr after sadm,1,1,<2 mo. follow-up
4044,7956,61.27298,male,white,16,>$50k,Lung Cancer,Cancer,4,0,79,9.29882812,83,20,36.89844,,4.1992188,0.19998169,0.89990234,137,,,,,0,0,no dnr,0,1,no(M2 and SIP pres)
4045,4377,24.05699,female,white,12,$11-$25k,ARF/MOSF w/Sepsis,ARF/MOSF,0,0,58,31.5,140,35,38,146.9375,2,1.29980469,4,146,7.349609,108,67,5,,0,no dnr,0,0,no(M2 and SIP pres)
4046,6235,48.35898,female,white,7,under $11k,ARF/MOSF w/Sepsis,ARF/MOSF,4,0,43,11.1992188,164,36,39.79688,89,2.3999023,1.89990234,0.69995117,137,7.389648,,,,,0,no dnr,1,1,<2 mo. follow-up
4047,8379,65.875,male,white,11,under $11k,Lung Cancer,Cancer,2,0,71,22.8984375,67,26,35.09375,,3.7998047,0.5,0.89990234,124,,,,,,,no dnr,0,0,no(M2 and SIP pres)
4048,5364,77.76294,female,white,12,,COPD,COPD/CHF/Cirrhosis,3,0,65,46.296875,80,32,38.29688,265,3.199707,0.69995117,1.5,133,7.429688,95,24,1680,0,,no dnr,0,0,
4049,8766,71.28796,male,white,12,,Lung Cancer,Cancer,2,0,101,9.8984375,66,20,35.79688,347.5625,2.699707,0.19998169,0.59997559,128,7.459961,120,14,3400,4,2,dnr after sadm,0,1,<2 mo. follow-up
4050,7767,54.93198,female,white,8,,Lung Cancer,Cancer,2,0,96,20.5976562,83,24,35.39844,,3.699707,0.29998779,0.89990234,133,,,,,0,,no dnr,0,1,
4051,4931,62.80899,female,white,12,$25-$50k,MOSF w/Malig,ARF/MOSF,1,26,112,17.5976562,135,44,38.59375,146.65625,2.5996094,0.5,1.69995117,149,7.429688,148,23,1530,,6,dnr after sadm,1,1,<2 mo. follow-up
4052,3036,73.08997,male,white,15,>$50k,Colon Cancer,Cancer,1,0,51,16.3984375,65,24,35.59375,,2.699707,0.39996338,0.69995117,147,,88,22,3020,,,no dnr,0,0,no(M2 and SIP pres)
4053,1662,85.85596,male,white,,,COPD,COPD/CHF/Cirrhosis,1,0,105,3.29980469,78,22,35.89844,233.3125,,,3,140,7.289062,,,,5,3,no dnr,0,1,adl>=4 (>=5 if sur)
4054,4846,61.06497,male,white,20,,Lung Cancer,Cancer,1,0,112,6.5,125,28,35.89844,110.20312,,,0.5,138,7.509766,145,21,3535,0,0,no dnr,0,0,no(M2 and SIP pres)
4055,7827,66.69397,female,white,,,ARF/MOSF w/Sepsis,ARF/MOSF,1,0,67,10.7988281,156,8,37.79688,116,,,2.29980469,132,7.589844,,,,,,no dnr,1,1,<2 mo. follow-up
4056,708,51.18698,male,white,,,Colon Cancer,Cancer,3,0,120,11.3984375,140,20,39.5,,,0.29998779,1.69995117,135,,,,,,,no dnr,0,1,
4057,3114,73.77997,female,white,12,,Colon Cancer,Cancer,1,9,57,16,138,40,38.09375,182,2.5996094,1.29980469,0.89990234,139,7.449219,250,24,1515,,,no dnr,0,1,
4058,8394,76.70599,male,white,11,under $11k,COPD,COPD/CHF/Cirrhosis,3,44,70,15.8984375,116,40,38.29688,215,1.7998047,0.29998779,1,140,7.389648,,,,,6,dnr after sadm,0,1,<2 mo. follow-up
4059,6145,65.19397,male,white,11,,ARF/MOSF w/Sepsis,ARF/MOSF,2,9,140,7.79980469,160,50,38.39844,66.65625,2.5996094,2.09960938,1.39990234,138,7.359375,,,,,0,dnr after sadm,1,1,<2 mo. follow-up
4060,7516,41.97098,female,white,16,>$50k,ARF/MOSF w/Sepsis,ARF/MOSF,0,0,87,7.29980469,72,24,37.59375,,,,0.89990234,136,,211,17,,,0,no dnr,1,1,<2 mo. follow-up
4061,840,70.90796,male,white,12,$11-$25k,ARF/MOSF w/Sepsis,ARF/MOSF,1,9,50,26.1992188,120,28,38.69531,392.5625,,5.5,2.19970703,133,7.509766,213,65,5880,,,dnr after sadm,1,1,<2 mo. follow-up
4062,3413,45.97098,male,white,14,$11-$25k,CHF,COPD/CHF/Cirrhosis,1,0,80,14.3984375,114,26,36.79688,283.3125,2.7998047,1.39990234,1,125,7.369141,,,,0,0,no dnr,0,0,no(M2 and SIP pres)
4063,3772,57.91397,female,hispanic,12,,ARF/MOSF w/Sepsis,ARF/MOSF,1,9,119,14.1992188,116,40,38.29688,213.3125,,0.29998779,0.79992676,134,7.40918,,,,,2,no dnr,0,1,
4064,4658,72.83795,male,white,12,,CHF,COPD/CHF/Cirrhosis,2,0,42,21.296875,60,10,36.69531,370,,,5.59960938,128,7.30957,377,106,500,,,no dnr,0,1,no(M2 and SIP pres)
4065,7990,64.24597,female,white,12,under $11k,Lung Cancer,Cancer,3,0,70,6.39941406,130,28,38.59375,,3.5996094,0.29998779,0.69995117,132,,,,,,1,no dnr,0,1,no(M2 and SIP pres)
4066,655,50.97598,male,white,16,>$50k,ARF/MOSF w/Sepsis,ARF/MOSF,4,0,138,14.2988281,120,16,38.29688,84,3.5996094,1.19995117,1.19995117,143,7.439453,,,,,0,dnr after sadm,0,0,no(M2 and SIP pres)
4067,4970,60.54498,female,white,5,under $11k,COPD,COPD/CHF/Cirrhosis,1,44,89,5.69921875,60,20,36.5,,,0.5,1,140,,142,16,2975,,0,dnr after sadm,1,1,<2 mo. follow-up
4068,2808,18.754,female,other,13,,ARF/MOSF w/Sepsis,ARF/MOSF,0,0,124,16.0976562,50,24,38.5,105,,,1.5,142,7.399414,172,35,1664,0,1,no dnr,0,0,no(M2 and SIP pres)
4069,261,45.892,male,black,,,ARF/MOSF w/Sepsis,ARF/MOSF,0,9,115,9.79882812,145,32,38.69531,510,2,0.29998779,0.89990234,136,7.40918,,,,,,no dnr,0,1,
4070,5155,49.26199,male,white,10,under $11k,Cirrhosis,COPD/CHF/Cirrhosis,4,0,62,15.5996094,35,33,35,190,2.5996094,,2.69970703,138,7.369141,224,134,240,5,3,no dnr,0,1,SIP>=30
4071,2403,52.86499,female,white,11,>$50k,Lung Cancer,Cancer,1,0,80,15.7988281,70,30,37.69531,,2.8999023,0.19998169,0.79992676,141,,,,,3,5,dnr after sadm,0,1,<2 mo. follow-up
4072,7976,54.366,male,white,,,Lung Cancer,Cancer,2,0,106,11.5996094,73,20,36.19531,,4.2998047,0.39996338,0.79992676,135,,,,,,,dnr after sadm,0,1,<2 mo. follow-up
4073,6525,66.64197,male,white,3,under $11k,COPD,COPD/CHF/Cirrhosis,2,0,109,16.3984375,81,32,35.29688,208,3,0.79992676,0.79992676,138,7.389648,,,,1,3,no dnr,0,0,SIP>=30
4074,2954,77.54999,female,white,14,$11-$25k,ARF/MOSF w/Sepsis,ARF/MOSF,0,0,121,12.7988281,107,24,38.59375,,3.3999023,,8.8984375,133,,116,106,200,,0,dnr after sadm,1,1,<2 mo. follow-up
4075,2809,77.05695,male,white,16,,MOSF w/Malig,ARF/MOSF,3,0,52,7,120,29,36.79688,95.90625,,,0.89990234,131,7.489258,95,17,4300,1,0,no dnr,0,1,no(M2 and SIP pres)
4076,6683,81.224,female,white,10,under $11k,COPD,COPD/CHF/Cirrhosis,4,0,75,3.59960938,70,20,35.79688,204.75,4.3994141,0.69995117,0.69995117,136,7.299805,,,,1,1,dnr after sadm,0,1,<2 mo. follow-up
4077,5573,56.70099,male,white,11,,Lung Cancer,Cancer,2,9,58,15.3984375,60,12,36,292,,1.59985352,1.09985352,133,7.479492,99,42,1640,,3,dnr before sadm,0,1,<2 mo. follow-up
4078,5676,68.84094,female,white,,,COPD,COPD/CHF/Cirrhosis,1,0,72,5.5,115,14,37.09375,210,3.2998047,0.69995117,0.59997559,136,7.379883,96,3,3905,,,dnr after sadm,0,1,<2 mo. follow-up
4079,8419,75.93195,male,white,6,under $11k,CHF,COPD/CHF/Cirrhosis,2,0,63,5.09960938,70,29,36.39844,,,,2,131,,,,,,0,no dnr,0,1,no(M2 and SIP pres)
4080,1472,53.75198,male,white,,,ARF/MOSF w/Sepsis,ARF/MOSF,1,0,67,22.796875,130,10,37.89844,200,,0.79992676,0.89990234,138,7.479492,227,16,1245,,,no dnr,1,1,<2 mo. follow-up
4081,1111,40.84598,male,white,13,$11-$25k,Cirrhosis,COPD/CHF/Cirrhosis,6,0,99,7.29980469,130,24,38.39844,,2.699707,6.39941406,1.69995117,131,,199,21,740,1,,no dnr,0,0,
4082,1460,52.24899,male,white,,$11-$25k,ARF/MOSF w/Sepsis,ARF/MOSF,0,26,112,10.2988281,120,40,35.89844,332,,,1.79980469,138,7.469727,,48,3240,,0,no dnr,0,0,
4083,6333,66.07495,female,white,,under $11k,ARF/MOSF w/Sepsis,ARF/MOSF,1,37,57,14,105,36,38.09375,180,1.5998535,0.29998779,1.19995117,141,7.40918,,,,,6,no dnr,0,1,adl>=4 (>=5 if sur)
4084,7514,63.211,male,black,,under $11k,Lung Cancer,Cancer,2,0,115,8.69921875,80,28,36.39844,186.9375,4,1.79980469,1.19995117,139,7.40918,170,32,3030,,0,dnr after sadm,1,1,<2 mo. follow-up
4085,4531,36.62097,female,white,12,$25-$50k,ARF/MOSF w/Sepsis,ARF/MOSF,2,37,69,19.8984375,66,20,37.39844,148.96875,2.699707,,3.89990234,130,7.5,237,62,2970,,0,dnr after sadm,1,1,<2 mo. follow-up
4086,8706,68.38898,female,white,11,,COPD,COPD/CHF/Cirrhosis,5,0,78,7,83,20,35.89844,323.75,3.8999023,0.89990234,1.89990234,143,7.519531,95,39,1975,1,0,no dnr,0,0,no(M2 and SIP pres)
4087,646,63.38699,male,white,,,Lung Cancer,Cancer,1,0,79,12.3984375,82,20,36.39844,,,,0.89990234,135,,,,,,,no dnr,0,1,<2 mo. follow-up
4088,8230,78.20398,female,white,12,,Coma,Coma,2,44,117,14.1992188,70,55,39.09375,255,,,1.5,141,7.459961,,,,,1,no dnr,0,1,no(M2 and SIP pres)
4089,6452,68.01099,male,black,5,under $11k,ARF/MOSF w/Sepsis,ARF/MOSF,2,0,59,11.5996094,107,12,36.59375,126.82812,1.1999512,1.5,1.39990234,147,7.319336,,,,,0,no dnr,0,0,adl>=4 (>=5 if sur)
4090,3822,44.71198,female,black,10,under $11k,MOSF w/Malig,ARF/MOSF,2,0,82,30.3984375,136,37,38.09375,193.3125,1.7998047,0.39996338,0.89990234,148,7.509766,,,,0,,dnr after sadm,1,1,<2 mo. follow-up
4091,8980,73.47595,male,white,8,,COPD,COPD/CHF/Cirrhosis,2,37,115,12,76,29,36.29688,223.3125,,,0.89990234,135,7.349609,177,17,2025,,0,no dnr,0,0,no(M2 and SIP pres)
4092,5671,34.60098,female,black,12,,ARF/MOSF w/Sepsis,ARF/MOSF,0,0,62,8.29882812,125,44,36.69531,280,2.5996094,1.5,1.29980469,138,7.419922,108,28,2315,,0,no dnr,0,0,no(M2 and SIP pres)
4093,8565,55.82498,female,white,14,>$50k,Lung Cancer,Cancer,1,0,68,7.29980469,59,24,35.79688,336,4.1992188,1.79980469,1.69995117,139,7.449219,165,31,1150,,,no dnr,0,0,
4094,1341,73.90594,male,white,,,Colon Cancer,Cancer,2,26,62,15.3984375,75,6,35.39844,87,2.3999023,28.0976562,1.39990234,130,7.439453,145,22,3695,,,dnr after sadm,0,1,<2 mo. follow-up
4095,4010,74.89697,male,white,18,$11-$25k,CHF,COPD/CHF/Cirrhosis,1,0,75,14.3984375,96,12,36.59375,288,2.8999023,1.19995117,1.59985352,131,7.429688,,,,0,0,no dnr,0,0,no(M2 and SIP pres)
4096,3672,68.59399,female,black,6,,CHF,COPD/CHF/Cirrhosis,5,0,61,19.796875,108,27,35.59375,404,,,1.89990234,124,7.5,,,,1,0,dnr after sadm,1,1,<2 mo. follow-up
4097,6801,73.59296,male,black,6,under $11k,ARF/MOSF w/Sepsis,ARF/MOSF,3,44,53,21.796875,67,28,35.5,,2.199707,0.19998169,0.69995117,131,,80,12,750,,0,no dnr,1,1,<2 mo. follow-up
4098,9051,30.683,male,other,,,Coma,Coma,1,100,101,17.3984375,77,12,36.39844,177.125,,,0.79992676,139,7.369141,132,15,1975,,,dnr after sadm,1,1,<2 mo. follow-up
4099,3623,69.93799,male,black,8,under $11k,Coma,Coma,1,100,69,19.5976562,130,22,40,147.5,,0.5,3.69970703,146,7.449219,,,,,0,no dnr,1,1,<2 mo. follow-up
4100,7290,54.34399,male,black,16,under $11k,CHF,COPD/CHF/Cirrhosis,3,0,78,10.6992188,120,20,36.89844,,2.5,3.29980469,0.79992676,119,,426,15,1200,0,0,no dnr,0,0,no(M2 and SIP pres)
4101,8294,62.185,male,white,20,>$50k,ARF/MOSF w/Sepsis,ARF/MOSF,0,37,53,35.09375,70,28,34.39844,137.5,3.2998047,5,6.29980469,136,7.349609,,,,,0,dnr after sadm,1,1,<2 mo. follow-up
4102,651,85.11694,male,white,8,$11-$25k,CHF,COPD/CHF/Cirrhosis,4,0,66,9.19921875,70,28,36,,3.7998047,0.89990234,3.19970703,128,,,,,,3,dnr after sadm,0,1,<2 mo. follow-up
4103,757,77.396,male,white,14,$25-$50k,CHF,COPD/CHF/Cirrhosis,3,0,80,9.29882812,80,20,37.09375,357.125,,0.39996338,1.29980469,137,7.469727,,,,0,,no dnr,0,0,no(M2 and SIP pres)
4104,1017,64.32898,male,white,12,under $11k,Lung Cancer,Cancer,1,0,69,14.2988281,66,18,36.59375,,,,1.19995117,141,,85,28,,,,no dnr,0,1,
4105,5171,41.11697,female,black,10,under $11k,ARF/MOSF w/Sepsis,ARF/MOSF,2,9,126,4.19921875,70,26,38.09375,371.375,,,1.29980469,137,7.369141,87,7,2800,,1,no dnr,0,0,adl>=4 (>=5 if sur)
4106,6593,54.98199,male,white,,under $11k,ARF/MOSF w/Sepsis,ARF/MOSF,2,0,129,21.8984375,178,34,36.79688,172,1.8999023,0.59997559,3.29980469,134,7.509766,,,,,6,no dnr,0,1,
4107,3093,64.63196,female,white,13,$25-$50k,Lung Cancer,Cancer,1,0,60,6.19921875,75,22,36.59375,714.25,3.199707,0.5,0.59997559,137,7.069336,400,10,9000,1,1,no dnr,0,0,no(M2 and SIP pres)
4108,8848,65.487,male,white,7,under $11k,CHF,COPD/CHF/Cirrhosis,2,37,58,9.69921875,77,32,35.5,,,,1.39990234,136,,108,41,,0,0,dnr after sadm,0,1,<2 mo. follow-up
4109,8236,76.53894,male,white,12,$25-$50k,Colon Cancer,Cancer,2,0,111,11.6992188,53,20,36.69531,,4.1992188,0.59997559,1.5,142,,,,,0,0,no dnr,0,1,no(M2 and SIP pres)
4110,1624,46.74597,female,white,16,,ARF/MOSF w/Sepsis,ARF/MOSF,0,0,103,3.09960938,158,10,39.59375,200,2.199707,3.59960938,0.69995117,132,7.279297,,,,,0,no dnr,0,0,adl>=4 (>=5 if sur)
4111,6591,66.21198,male,white,12,$11-$25k,Lung Cancer,Cancer,3,0,69,12.5996094,96,28,35,90,2.8999023,1.09985352,0.59997559,130,7.209961,,,,,6,dnr after sadm,1,1,<2 mo. follow-up
4112,4298,68.39996,male,white,,,ARF/MOSF w/Sepsis,ARF/MOSF,2,0,63,6.29980469,110,6,39.89844,312.5,,,1.39990234,132,7.329102,165,10,6990,,0,dnr after sadm,0,0,adl>=4 (>=5 if sur)
4113,5224,38.56299,female,,,,ARF/MOSF w/Sepsis,ARF/MOSF,0,0,65,6.5,55,16,36.5,177.5,,,1.19995117,137,7.459961,152,33,1400,,,dnr after sadm,1,1,<2 mo. follow-up
4114,2766,84.82098,female,white,18,>$50k,ARF/MOSF w/Sepsis,ARF/MOSF,2,0,53,14.7988281,106,10,39.29688,108.32812,2.2998047,0.59997559,8.19921875,147,7.429688,109,40,0,,6,dnr after sadm,1,1,<2 mo. follow-up
4115,2638,70.28894,male,white,,,MOSF w/Malig,ARF/MOSF,4,0,122,13.5996094,71,24,38.19531,144.875,,,0.69995117,141,7.509766,116,32,3066,,,dnr after sadm,1,1,<2 mo. follow-up
4116,3303,70.14899,male,white,8,,MOSF w/Malig,ARF/MOSF,1,9,94,6.29980469,112,16,37.09375,226.90625,2.5,1.5,0.89990234,139,7.40918,,,,,4,dnr after sadm,0,1,SIP>=30
4117,6983,79.07495,female,white,,,ARF/MOSF w/Sepsis,ARF/MOSF,0,9,98,8.19921875,118,22,37.69531,,2.7998047,4.09960938,0.79992676,130,,89,3,,,,dnr after sadm,1,1,<2 mo. follow-up
4118,7871,72.50696,female,white,16,$11-$25k,Cirrhosis,COPD/CHF/Cirrhosis,1,0,125,16.5976562,135,10,38.5,198,2.5996094,3.69970703,1.09985352,138,7.479492,,,,,0,dnr after sadm,0,1,<2 mo. follow-up
4119,8217,79.36499,female,white,8,under $11k,ARF/MOSF w/Sepsis,ARF/MOSF,0,0,70,23,72,28,36.29688,360,,,1.69995117,141,7.449219,,,,,1,no dnr,0,1,adl>=4 (>=5 if sur)
4120,5614,61.73297,female,other,9,,CHF,COPD/CHF/Cirrhosis,2,9,68,5.69921875,74,28,36.29688,,,,1.89990234,138,,79,41,1000,,0,dnr after sadm,0,0,no(M2 and SIP pres)
4121,7484,74.58997,female,white,2,under $11k,Coma,Coma,1,89,119,13.7988281,120,23,36.19531,104,3.3999023,0.59997559,2.19970703,134,7.469727,160,33,1725,,,dnr after sadm,1,1,<2 mo. follow-up
4122,3084,72.94196,female,white,,,COPD,COPD/CHF/Cirrhosis,3,0,97,12.1992188,110,25,35.79688,420,3.199707,0.39996338,0.69995117,144,7.449219,158,11,,,,no dnr,1,1,<2 mo. follow-up
4123,2653,64.51495,male,white,,,Lung Cancer,Cancer,3,0,113,7.5,70,25,36.69531,280.9375,,,1,141,7.369141,153,19,,,,no dnr,0,0,
4124,2609,72.30896,male,white,13,$11-$25k,ARF/MOSF w/Sepsis,ARF/MOSF,1,0,77,11.1992188,80,20,36.09375,476.1875,2.5,0.59997559,4.19921875,147,7.40918,77,107,400,0,0,no dnr,0,0,no(M2 and SIP pres)
4125,3346,75.40594,male,black,,,ARF/MOSF w/Sepsis,ARF/MOSF,1,9,110,25,114,35,37.29688,202.5,2,5.39941406,1.59985352,150,7.429688,,,,,,no dnr,0,0,
4126,4968,77.04297,male,white,10,$25-$50k,ARF/MOSF w/Sepsis,ARF/MOSF,1,0,65,11,135,45,38,182.84375,,1.5,1.19995117,143,7.40918,97,16,3390,,0,no dnr,0,0,no(M2 and SIP pres)
4127,2300,63.91498,male,white,,,Cirrhosis,COPD/CHF/Cirrhosis,4,0,73,7.89941406,70,20,36.69531,,3.3999023,0.79992676,2.19970703,129,,,,,6,,no dnr,0,1,SIP>=30
4128,2338,84.12897,female,white,16,,Coma,Coma,1,100,53,9.29882812,110,35,35,140,3,,1.19995117,148,7.319336,,,,,1,dnr after sadm,1,1,<2 mo. follow-up
4129,2591,68.99896,female,white,16,>$50k,Lung Cancer,Cancer,3,0,137,7,56,50,37.89844,293.3125,,,0.79992676,141,7.399414,166,20,1610,2,2,no dnr,0,1,<2 mo. follow-up
4130,2822,24.474,female,hispanic,10,,ARF/MOSF w/Sepsis,ARF/MOSF,1,0,67,12.7988281,112,58,38.89844,169.375,,,0.59997559,141,7.439453,121,2,1375,,1,no dnr,0,0,SIP>=30
4131,8954,68.76398,female,white,8,under $11k,COPD,COPD/CHF/Cirrhosis,4,9,136,7.89941406,126,36,36.19531,233.3125,,0.5,1.29980469,140,7.379883,174,21,1300,,7,dnr before sadm,0,1,<2 mo. follow-up
4132,2314,32.58899,male,white,11,$11-$25k,ARF/MOSF w/Sepsis,ARF/MOSF,0,0,113,12.5996094,110,32,38.69531,130,,1,0.89990234,139,7.379883,,,,,1,no dnr,0,1,no(M2 and SIP pres)
4133,3913,61.15298,male,white,4,under $11k,CHF,COPD/CHF/Cirrhosis,2,0,60,7.19921875,62,36,35.89844,,,,1.09985352,139,7.399414,,,,2,,no dnr,0,1,no(M2 and SIP pres)
4134,7410,29.084,female,black,9,under $11k,Coma,Coma,1,100,53,14.0996094,121,10,39,254,3.199707,0.69995117,3.79980469,129,7.489258,105,50,388,,,no dnr,1,1,<2 mo. follow-up
4135,3615,69.02899,male,white,10,,MOSF w/Malig,ARF/MOSF,1,0,70,0.19998169,104,42,36.09375,142.5,1.8999023,,1.19995117,132,7.55957,,,,,0,no dnr,0,1,no(M2 and SIP pres)
4136,6143,66.89697,female,white,1,under $11k,ARF/MOSF w/Sepsis,ARF/MOSF,2,0,107,9.3984375,55,22,35.59375,390.75,3.2998047,2,0.5,123,7.429688,,,,1,0,no dnr,0,0,
4137,8195,70.11096,male,white,,,COPD,COPD/CHF/Cirrhosis,1,0,105,36.3984375,110,36,38.29688,242.84375,4,0.39996338,1.39990234,136,7.5,,,,,,dnr after sadm,1,1,<2 mo. follow-up
4138,2105,59.737,male,white,14,$25-$50k,Lung Cancer,Cancer,1,0,117,6.5,120,25,36.09375,,3.199707,,1,139,,,,,,0,no dnr,0,1,<2 mo. follow-up
4139,793,60.37198,male,white,18,$25-$50k,ARF/MOSF w/Sepsis,ARF/MOSF,0,37,132,7.79980469,110,10,38.39844,272.6875,2,3,1.19995117,136,7.459961,,,,,0,no dnr,0,0,
4140,992,62.75998,female,white,16,,ARF/MOSF w/Sepsis,ARF/MOSF,4,44,112,6.09960938,125,28,36.5,305,3.8999023,6,2.89990234,146,7.509766,349,59,0,,0,no dnr,0,0,
4141,2871,90.27795,female,white,10,,ARF/MOSF w/Sepsis,ARF/MOSF,2,0,68,7,80,20,35.89844,180,2,6.09960938,0.89990234,132,7.299805,117,24,1425,3,6,dnr after sadm,0,1,<2 mo. follow-up
4142,1563,60.26599,female,black,12,$25-$50k,CHF,COPD/CHF/Cirrhosis,4,0,65,15,125,40,38.89844,262.8125,,,0.79992676,152,7.519531,244,30,2795,0,,no dnr,0,0,
4143,5453,70.64496,female,white,12,under $11k,ARF/MOSF w/Sepsis,ARF/MOSF,2,0,73,10.2988281,75,20,38.29688,452.375,,,0.69995117,134,7.469727,136,10,,6,6,dnr after sadm,0,0,adl>=4 (>=5 if sur)
4144,2243,83.35095,female,white,,,CHF,COPD/CHF/Cirrhosis,4,0,110,7.69921875,70,25,36.59375,,,0.89990234,2.09960938,140,,,,,3,5,no dnr,0,1,
4145,2077,73.30298,male,white,,under $11k,COPD,COPD/CHF/Cirrhosis,2,0,57,9.09960938,132,38,36.5,250,,,0.69995117,137,7.379883,,,,,,dnr after sadm,1,1,<2 mo. follow-up
4146,4354,67.49298,male,white,15,$25-$50k,Colon Cancer,Cancer,1,0,105,12.6992188,160,26,38.59375,125,2.699707,0.69995117,0.59997559,141,7.459961,222,14,1785,1,4,no dnr,0,1,no(M2 and SIP pres)
4147,2420,85.224,male,white,20,>$50k,ARF/MOSF w/Sepsis,ARF/MOSF,6,0,81,9.59960938,100,20,38.39844,,,,0.79992676,132,,108,12,2650,,7,dnr after sadm,1,1,<2 mo. follow-up
4148,5889,64.73395,male,white,11,$11-$25k,Colon Cancer,Cancer,1,0,110,7.19921875,60,20,36,,,0.39996338,6.69921875,141,,,,,0,0,no dnr,0,1,<2 mo. follow-up
4149,7016,55.737,male,white,24,>$50k,Colon Cancer,Cancer,1,0,61,18,116,25,36.59375,266.625,1.6999512,1.09985352,2.19970703,129,7.339844,71,120,1380,1,,no dnr,0,1,
4150,1429,31.79999,female,black,12,under $11k,ARF/MOSF w/Sepsis,ARF/MOSF,5,26,115,14.6992188,140,24,39.29688,402.5,,5.29980469,1.09985352,128,7.459961,221,18,3765,,2,dnr after sadm,1,1,<2 mo. follow-up
4151,2160,58.28598,male,white,,,ARF/MOSF w/Sepsis,ARF/MOSF,3,0,43,35.5,120,14,40.39844,106.65625,2.0996094,,2.39990234,131,7.399414,,,,,,dnr after sadm,1,1,<2 mo. follow-up
4152,6666,67.87396,male,hispanic,7,under $11k,ARF/MOSF w/Sepsis,ARF/MOSF,3,0,114,11.5996094,67,30,36.59375,380,2.8999023,0.5,0.89990234,139,7.529297,,,,1,1,no dnr,0,1,<2 mo. follow-up
4153,8189,61.71399,female,white,12,,Coma,Coma,0,61,123,19.296875,68,8,38,210,4.7998047,0.89990234,1.09985352,147,7.439453,,,,,0,no dnr,0,1,
4154,3416,60.30399,male,black,12,$11-$25k,Colon Cancer,Cancer,1,0,93,4.89941406,112,28,39.79688,,,0.69995117,0.69995117,133,,,,,2,0,no dnr,0,1,<2 mo. follow-up
4155,7836,53.5,female,white,8,under $11k,Lung Cancer,Cancer,2,0,98,15.5,74,20,36.09375,,3.8999023,0.5,0.89990234,132,,,,,2,0,no dnr,0,1,adl>=4 (>=5 if sur)
4156,8548,69.81,female,white,13,under $11k,COPD,COPD/CHF/Cirrhosis,6,0,115,10.0996094,72,24,38.09375,115.375,3.199707,0.5,1,135,7.429688,131,15,2745,2,,dnr after sadm,0,1,no(M2 and SIP pres)
4157,201,63.69299,female,white,11,$11-$25k,CHF,COPD/CHF/Cirrhosis,3,0,52,10.6992188,122,32,39.09375,,,,0.89990234,134,,,,,3,3,dnr after sadm,0,1,SIP>=30
4158,8342,64.07898,female,white,14,under $11k,Colon Cancer,Cancer,1,9,76,,93,16,36.29688,,,,,140,,,,,,0,no dnr,0,1,
4159,8098,72.14197,female,white,,,COPD,COPD/CHF/Cirrhosis,3,9,124,12,67,44,37.59375,132.125,4.0996094,0.5,1,142,7.359375,,,,,,dnr after sadm,0,0,
4160,5899,58.21997,male,white,14,under $11k,Lung Cancer,Cancer,2,0,87,11.1992188,72,16,36.59375,238.09375,4.2998047,,1,140,7.40918,,,,0,,no dnr,0,0,
4161,3871,71.51495,male,black,,,Coma,Coma,1,61,60,12.6992188,114,12,39.5,208.5625,,,9.79882812,140,7.449219,,,,,0,dnr after sadm,1,1,<2 mo. follow-up
4162,6403,24.63499,male,white,8,under $11k,ARF/MOSF w/Sepsis,ARF/MOSF,0,0,62,42.3984375,122,32,40.09375,115,1.5,2.69970703,1.19995117,142,7.369141,,,,,0,no dnr,1,1,<2 mo. follow-up
4163,2104,72.45996,female,white,12,$11-$25k,ARF/MOSF w/Sepsis,ARF/MOSF,2,0,43,21.5,111,42,38.69531,275,2.3999023,0.09999084,0.79992676,144,7.289062,,,,,7,dnr after sadm,1,1,<2 mo. follow-up
4164,4442,45.50598,male,white,15,$25-$50k,Cirrhosis,COPD/CHF/Cirrhosis,3,44,114,9.29882812,70,24,36.69531,,,,1.29980469,141,,97,24,,,0,no dnr,1,1,<2 mo. follow-up
4165,5205,32.62399,male,black,12,$11-$25k,CHF,COPD/CHF/Cirrhosis,3,0,70,5.39941406,72,24,36.69531,459.25,,0.5,1.29980469,135,7.429688,62,24,850,0,0,no dnr,0,0,
4166,5422,63.92599,male,white,10,under $11k,Coma,Coma,1,55,108,18.5976562,120,20,35.79688,660,,,0.69995117,136,7.449219,156,15,700,,0,dnr after sadm,1,1,<2 mo. follow-up
4167,7622,76.84296,male,black,3,under $11k,CHF,COPD/CHF/Cirrhosis,3,0,108,15.5,126,13,39.29688,212,2.3999023,0.39996338,1.09985352,143,7.329102,101,27,1958,0,0,no dnr,0,0,
4168,1152,34.47198,male,white,,,ARF/MOSF w/Sepsis,ARF/MOSF,0,26,83,8.69921875,105,32,36.59375,247.59375,,,0.89990234,135,7.5,149,16,1000,,,no dnr,0,0,
4169,5229,62.41199,male,black,12,$11-$25k,CHF,COPD/CHF/Cirrhosis,6,0,47,29.6992188,125,42,38.79688,161.65625,,0.39996338,1.29980469,146,7.389648,376,81,1277,2,2,no dnr,0,1,adl>=4 (>=5 if sur)
4170,3951,82.58197,female,white,10,,ARF/MOSF w/Sepsis,ARF/MOSF,0,26,47,17,106,10,36.09375,260,,10,6.09960938,123,7.319336,,,,,0,dnr after sadm,1,1,<2 mo. follow-up
4171,4725,65.23798,male,white,,,ARF/MOSF w/Sepsis,ARF/MOSF,1,0,33,11.1992188,150,36,39.59375,157.5,2.3999023,2.59960938,3.89990234,135,7.369141,38,55,80,,0,no dnr,0,1,no(M2 and SIP pres)
4172,4788,57.30298,female,white,12,$11-$25k,COPD,COPD/CHF/Cirrhosis,3,0,118,18,102,40,35.09375,142.5,,,1.29980469,135,7.399414,180,29,3060,,,no dnr,0,0,no(M2 and SIP pres)
4173,8884,82.71899,female,white,13,under $11k,ARF/MOSF w/Sepsis,ARF/MOSF,1,0,83,11.1992188,101,28,39.09375,,,,0.89990234,138,,130,6,3175,,6,no dnr,0,0,adl>=4 (>=5 if sur)
4174,7963,68.69299,male,white,12,,Cirrhosis,COPD/CHF/Cirrhosis,0,0,103,12.0996094,104,34,37.89844,250,2.5,1,1.69995117,149,7.439453,,,,,1,dnr after sadm,1,1,<2 mo. follow-up
4175,6665,57.55798,female,white,12,$25-$50k,ARF/MOSF w/Sepsis,ARF/MOSF,1,9,61,15.1992188,132,28,37.59375,106.65625,1.2998047,5.5,0.69995117,130,7.389648,,,,,0,no dnr,1,1,<2 mo. follow-up
4176,3962,34.56299,male,white,,,Lung Cancer,Cancer,1,0,87,11.8984375,84,20,36.09375,266.625,3.699707,0.5,0.69995117,140,7.469727,,,,,,no dnr,0,1,
4177,2958,41.202,female,white,,,ARF/MOSF w/Sepsis,ARF/MOSF,2,0,44,21.8984375,105,10,38.5,92,2.699707,,2.59960938,137,7.419922,173,55,953,,,no dnr,0,0,
4178,24,50.724,female,asian,12,$25-$50k,Lung Cancer,Cancer,0,0,71,9.79882812,88,24,37.39844,,,,0.89990234,141,,,,,,,no dnr,0,1,no(M2 and SIP pres)
4179,3879,61.06198,male,white,12,>$50k,Coma,Coma,1,26,105,18.8984375,74,8,36.5,310,,,1.09985352,135,7.479492,,,,0,0,no dnr,0,0,no(M2 and SIP pres)
4180,4840,59.51297,male,white,12,$25-$50k,CHF,COPD/CHF/Cirrhosis,3,0,72,12,75,4,38.39844,215,2,,1.39990234,140,7.40918,128,26,2605,0,0,no dnr,0,0,no(M2 and SIP pres)
4181,3184,50.92099,female,white,11,under $11k,ARF/MOSF w/Sepsis,ARF/MOSF,5,0,73,12.2988281,143,30,38.29688,528.25,2.5996094,1.19995117,0.79992676,132,7.349609,211,24,627,,2,no dnr,0,0,SIP>=30
4182,5628,49.52197,male,white,12,>$50k,Lung Cancer,Cancer,1,0,112,9.19921875,105,41,37.79688,161.21875,,,0.89990234,140,7.449219,135,13,2850,0,0,dnr after sadm,0,1,<2 mo. follow-up
4183,7524,76.41595,male,hispanic,12,under $11k,CHF,COPD/CHF/Cirrhosis,2,0,66,9.5,78,26,36,212.875,3.0996094,0.89990234,1.39990234,131,7.40918,137,33,2581,1,0,no dnr,0,0,SIP>=30
4184,2732,42.69998,male,hispanic,14,under $11k,COPD,COPD/CHF/Cirrhosis,3,0,107,12.3984375,111,36,38.79688,156,3.699707,,0.89990234,145,7.459961,105,31,1640,0,,no dnr,0,0,
4185,7585,65.01599,male,white,10,under $11k,MOSF w/Malig,ARF/MOSF,1,9,69,0.79992676,146,24,36.39844,,2,1,0.69995117,131,,117,11,5050,,1,dnr after sadm,1,1,<2 mo. follow-up
4186,1795,78.43695,female,white,14,$25-$50k,MOSF w/Malig,ARF/MOSF,2,0,49,1.39990234,140,24,39,138,1.7998047,1.59985352,1.09985352,144,7.319336,,,,,0,dnr after sadm,1,1,<2 mo. follow-up
4187,5923,59.35098,male,white,12,$25-$50k,ARF/MOSF w/Sepsis,ARF/MOSF,2,0,57,,67,28,38.5,208.15625,1.2998047,1,1.59985352,156,7.449219,,,,,6,no dnr,0,1,SIP>=30
4188,6169,53.55197,male,white,11,under $11k,ARF/MOSF w/Sepsis,ARF/MOSF,2,0,70,10.0996094,111,28,38.69531,122.84375,2.7998047,2.89990234,0.59997559,147,7.449219,,,,,0,no dnr,0,0,no(M2 and SIP pres)
4189,8620,81.77399,male,white,16,,ARF/MOSF w/Sepsis,ARF/MOSF,0,41,96,9.69921875,65,20,36.59375,,3.7998047,0.79992676,1,134,,311,19,,,,dnr after sadm,0,1,<2 mo. follow-up
4190,4397,26.045,male,black,9,,ARF/MOSF w/Sepsis,ARF/MOSF,2,0,51,12,114,24,38.19531,276.625,,,3.39990234,133,7.399414,296,57,3085,,5,,0,0,no(M2 and SIP pres)
4191,5449,29.782,male,black,12,under $11k,ARF/MOSF w/Sepsis,ARF/MOSF,0,0,100,7.29980469,64,32,36.59375,204.75,,,0.69995117,139,7.299805,159,29,3050,,,no dnr,0,0,
4192,175,65.45697,female,black,13,$11-$25k,Lung Cancer,Cancer,1,0,90,18.8984375,68,18,36.19531,285.6875,3.7998047,0.69995117,1,134,7.459961,,,,0,5,dnr after sadm,1,1,<2 mo. follow-up
4193,688,48.14798,male,white,,,ARF/MOSF w/Sepsis,ARF/MOSF,1,0,78,14.0996094,82,18,36.79688,86,,0.69995117,1,138,7.40918,,,,,,no dnr,0,0,
4194,1180,52.36099,male,white,14,under $11k,CHF,COPD/CHF/Cirrhosis,2,0,68,16.3984375,110,22,36.5,,4.5996094,,2.59960938,141,,139,125,4050,0,0,no dnr,0,1,no(M2 and SIP pres)
4195,6420,71.73999,male,white,12,,ARF/MOSF w/Sepsis,ARF/MOSF,0,44,61,12.2988281,130,32,37.89844,135.53125,2.0996094,0.59997559,0.79992676,137,7.429688,,,,,,dnr after sadm,1,1,<2 mo. follow-up
4196,3090,66.37598,female,black,10,,CHF,COPD/CHF/Cirrhosis,5,0,60,17.5,40,20,35.79688,,,,2.29980469,150,,98,93,925,,6,no dnr,0,1,<2 mo. follow-up
4197,1713,42.78998,female,,,,MOSF w/Malig,ARF/MOSF,1,0,49,3.89990234,128,28,34.5,436,,8.5,3.89990234,138,7.209961,,,,,,dnr after sadm,1,1,<2 mo. follow-up
4198,4932,51.16498,male,white,15,>$50k,Lung Cancer,Cancer,1,0,130,14.5,75,25,38.09375,300,,0.5,1.5,146,7.449219,384,39,3890,0,0,no dnr,0,1,no(M2 and SIP pres)
4199,5596,77.80396,male,white,12,under $11k,Cirrhosis,COPD/CHF/Cirrhosis,2,0,115,13.5996094,75,14,36.69531,511,,,0.89990234,135,7.379883,131,20,1100,,0,no dnr,0,1,<2 mo. follow-up
4200,1047,47.21997,male,white,14,under $11k,CHF,COPD/CHF/Cirrhosis,4,0,75,5.89941406,75,32,37.5,,,,1.5,138,,102,19,2100,4,3,no dnr,0,1,adl>=4 (>=5 if sur)
4201,1435,59.55099,male,white,,,ARF/MOSF w/Sepsis,ARF/MOSF,1,0,68,13.6992188,145,32,37.69531,344,,,0.79992676,140,7.539062,133,14,2183,,,dnr after sadm,1,1,<2 mo. follow-up
4202,6746,60.64899,female,white,8,$11-$25k,COPD,COPD/CHF/Cirrhosis,4,0,0,12.1992188,0,0,36.09375,157,,,0.89990234,143,7.239258,141,15,3040,4,,no dnr,0,1,no(M2 and SIP pres)
4203,5699,40.129,male,black,12,,ARF/MOSF w/Sepsis,ARF/MOSF,0,0,42,22,155,37,34.69531,234.28125,1.3999023,1.69995117,1.39990234,144,7.199219,57,27,1260,,0,dnr after sadm,1,1,<2 mo. follow-up
4204,6006,59.32397,male,white,10,under $11k,ARF/MOSF w/Sepsis,ARF/MOSF,3,0,119,17.296875,111,28,36.5,232,2.8999023,0.5,0.79992676,119,7.359375,,,,2,1,no dnr,0,1,no(M2 and SIP pres)
4205,6814,30.765,male,white,,,MOSF w/Malig,ARF/MOSF,0,0,83,10.5996094,135,20,35.89844,476,3.8999023,0.39996338,1.29980469,139,7.399414,404,22,3800,,,no dnr,0,1,
4206,1386,68.65997,male,white,,,ARF/MOSF w/Sepsis,ARF/MOSF,0,0,60,25.1992188,105,28,38,332.5,,,3.19970703,142,7.489258,212,49,585,,0,no dnr,0,0,
4207,7136,60.70398,female,white,9,$11-$25k,Cirrhosis,COPD/CHF/Cirrhosis,4,0,85,6.59960938,88,24,37,270.3125,,,1.19995117,137,7.399414,118,25,100,0,0,no dnr,0,0,no(M2 and SIP pres)
4208,1008,75.97296,male,white,16,$25-$50k,CHF,COPD/CHF/Cirrhosis,2,0,68,13.3984375,70,22,39,,,,4,142,,150,34,50,3,3,no dnr,0,1,
4209,6847,85.284,female,white,12,under $11k,ARF/MOSF w/Sepsis,ARF/MOSF,3,9,73,40.6953125,77,38,35.69531,104,2,0.59997559,2.69970703,141,7.5,152,59,319,2,1,dnr after sadm,0,1,<2 mo. follow-up
4210,2151,64.19696,female,white,12,under $11k,ARF/MOSF w/Sepsis,ARF/MOSF,1,0,46,19.1992188,123,12,39.09375,175,3.5996094,,0.29998779,137,7.379883,,,,,7,dnr after sadm,1,1,<2 mo. follow-up
4211,4520,77.659,male,white,12,under $11k,ARF/MOSF w/Sepsis,ARF/MOSF,1,9,115,9.5,70,23,36.09375,,3.699707,0.79992676,1.19995117,142,,112,7,4600,,0,no dnr,0,1,adl>=4 (>=5 if sur)
4212,4877,76.12299,male,white,,,ARF/MOSF w/Sepsis,ARF/MOSF,1,0,45,11.3984375,145,41,38.19531,151.40625,2.699707,1.39990234,0.69995117,139,7.05957,68,7,2005,,,dnr after sadm,1,1,<2 mo. follow-up
4213,9,85.65594,male,black,12,,Lung Cancer,Cancer,2,26,97,9.69921875,56,20,36.59375,357.125,,0.39996338,1,143,7.449219,,,,,7,dnr after sadm,0,1,
4214,1478,71.12396,female,black,,,ARF/MOSF w/Sepsis,ARF/MOSF,1,44,111,8,110,30,36.39844,197.5,,,0.79992676,136,7.449219,265,14,1150,,,dnr after sadm,1,1,<2 mo. follow-up
4215,8278,53.72998,male,white,11,>$50k,Coma,Coma,4,94,57,34.59375,108,12,39.19531,180,4.5,0.5,1.29980469,133,7.40918,,,,,0,dnr after sadm,0,1,<2 mo. follow-up
4216,5668,74.93195,male,white,11,$11-$25k,ARF/MOSF w/Sepsis,ARF/MOSF,2,9,77,5.79980469,66,24,36.39844,,,2,1.69995117,132,,88,34,1200,,7,,1,1,<2 mo. follow-up
4217,7030,52.94498,female,white,12,$25-$50k,COPD,COPD/CHF/Cirrhosis,3,0,48,2.59960938,105,12,38.09375,68,1.8999023,1.79980469,0.59997559,136,7.419922,102,17,1158,6,,dnr after sadm,0,0,SIP>=30
4218,8907,78.43896,female,white,10,under $11k,Lung Cancer,Cancer,4,0,114,14.0996094,81,28,36.19531,237.03125,,,1.19995117,146,7.449219,166,23,2900,0,,dnr before sadm,0,1,no(M2 and SIP pres)
4219,2272,86.80597,male,white,20,>$50k,ARF/MOSF w/Sepsis,ARF/MOSF,1,0,43,9.5,66,12,38.09375,150,2.7998047,0.59997559,5.69921875,136,7.30957,,,,,1,dnr after sadm,1,1,<2 mo. follow-up
4220,3993,68.18597,male,white,13,$25-$50k,Lung Cancer,Cancer,2,0,83,13.0996094,80,20,37.5,,,0.19998169,0.69995117,134,,,,,3,2,no dnr,0,1,adl>=4 (>=5 if sur)
4221,3995,43.58698,female,white,,,ARF/MOSF w/Sepsis,ARF/MOSF,1,0,114,15.8984375,134,10,38.5,140,2.7998047,5.5,0.79992676,142,7.459961,,,,,0,no dnr,0,1,adl>=4 (>=5 if sur)
4222,2223,55.93198,female,black,14,,ARF/MOSF w/Sepsis,ARF/MOSF,2,0,61,10,110,6,36.59375,216,2.5,0.29998779,2.79980469,134,7.469727,,,,0,0,no dnr,0,1,no(M2 and SIP pres)
4223,8336,71.737,male,white,12,$11-$25k,Lung Cancer,Cancer,2,0,110,7.29980469,89,20,35.69531,,4.3994141,0.19998169,1,137,,,,,,,no dnr,0,0,no(M2 and SIP pres)
4224,376,64.25195,male,white,6,,CHF,COPD/CHF/Cirrhosis,2,0,73,3.89990234,110,24,36.39844,256.625,,,1.5,136,7.339844,,,,,,no dnr,0,1,no(M2 and SIP pres)
4225,2436,75.15399,female,white,12,>$50k,ARF/MOSF w/Sepsis,ARF/MOSF,1,0,53,11.0996094,62,10,38.19531,410,2.7998047,0.19998169,0.69995117,128,7.40918,96,14,2820,0,0,no dnr,0,1,no(M2 and SIP pres)
4226,8118,71.07196,male,white,,,ARF/MOSF w/Sepsis,ARF/MOSF,3,0,57,15.6992188,102,12,38.09375,178,2.5,1.79980469,2.69970703,139,7.339844,,,,,6,no dnr,0,0,no(M2 and SIP pres)
4227,3981,59.95099,male,white,6,under $11k,ARF/MOSF w/Sepsis,ARF/MOSF,3,9,109,9.29882812,126,32,35.39844,168.5625,,,1.59985352,138,7.469727,,,,5,7,no dnr,0,1,SIP>=30
4228,1788,35.76199,male,white,15,$11-$25k,ARF/MOSF w/Sepsis,ARF/MOSF,1,0,53,14.5,106,22,38,212.21875,2.2998047,1.5,1.09985352,138,7.469727,,,,2,,no dnr,0,0,no(M2 and SIP pres)
4229,4575,58.33499,male,white,9,$11-$25k,ARF/MOSF w/Sepsis,ARF/MOSF,1,0,55,10.3984375,110,14,36.09375,170,,,0.5,141,7.389648,196,3,2480,,5,no dnr,0,0,SIP>=30
4230,7760,67.46594,male,white,8,,Lung Cancer,Cancer,1,0,109,4.19921875,100,24,35.5,,3.199707,0.29998779,1.09985352,136,,,,,0,0,dnr after sadm,0,1,
4231,3368,71.69098,male,white,,,Coma,Coma,2,100,55,10.5,152,50,38,282.8125,,0.5,7.5,138,7.219727,,,,,,dnr after sadm,1,1,<2 mo. follow-up
4232,3705,49.56299,male,white,12,$11-$25k,Lung Cancer,Cancer,1,0,75,10.1992188,100,24,35.29688,,,0.89990234,0.89990234,129,,,,,2,0,no dnr,0,1,adl>=4 (>=5 if sur)
4233,254,50.97897,male,white,14,under $11k,COPD,COPD/CHF/Cirrhosis,2,0,122,9.09960938,110,32,36.5,124.48438,,,0.79992676,137,7.419922,,,,1,1,no dnr,0,1,no(M2 and SIP pres)
4234,200,77.09497,male,white,16,>$50k,CHF,COPD/CHF/Cirrhosis,2,9,93,11.5996094,86,22,36.59375,,,,3.39990234,137,,,,,3,0,no dnr,0,1,
4235,5978,71.10498,male,white,12,under $11k,Lung Cancer,Cancer,1,0,80,6.09960938,116,20,36.79688,416.1875,2.5996094,0.19998169,1.09985352,131,7.389648,,,,0,2,no dnr,0,1,
4236,6082,64.849,female,black,12,under $11k,ARF/MOSF w/Sepsis,ARF/MOSF,3,44,54,12.3984375,111,30,35,300,2.699707,1.59985352,2.79980469,142,7.40918,,,,5,5,no dnr,0,1,adl>=4 (>=5 if sur)
4237,4916,55.181,male,white,12,$25-$50k,Lung Cancer,Cancer,1,0,118,14,125,10,36.69531,260.6875,4.0996094,,0.69995117,140,7.369141,119,11,2670,2,0,no dnr,0,1,SIP>=30
4238,2188,94.10797,female,white,12,$25-$50k,ARF/MOSF w/Sepsis,ARF/MOSF,0,9,70,9.29882812,80,20,36.69531,295,,0.39996338,1.09985352,140,7.299805,,,,4,,dnr after sadm,0,1,<2 mo. follow-up
4239,203,53.52197,female,white,12,$11-$25k,COPD,COPD/CHF/Cirrhosis,3,9,92,,112,36,37.5,174.96875,3.2998047,0.29998779,0.69995117,139,7.369141,,,,,,no dnr,0,0,no(M2 and SIP pres)
4240,2046,83.16199,male,white,19,,ARF/MOSF w/Sepsis,ARF/MOSF,2,0,43,9.5,120,38,38.39844,123.32812,4.0996094,1.09985352,2.59960938,141,7.339844,,,,,,no dnr,1,1,<2 mo. follow-up
4241,9026,64.25494,male,white,9,under $11k,COPD,COPD/CHF/Cirrhosis,4,0,64,13.5996094,100,28,36.19531,105,3,4.89941406,0.79992676,131,7.479492,155,19,1400,,,no dnr,0,0,
4242,3617,28.465,female,white,16,$25-$50k,ARF/MOSF w/Sepsis,ARF/MOSF,1,0,111,30.1992188,150,24,37.79688,112.71875,2.8999023,0.29998779,5.89941406,142,7.40918,,,,,0,no dnr,0,0,adl>=4 (>=5 if sur)
4243,510,69.50299,male,white,12,under $11k,CHF,COPD/CHF/Cirrhosis,3,0,53,14.5996094,110,20,36.89844,306,,,1.69995117,127,7.269531,,,,0,,no dnr,0,1,<2 mo. follow-up
4244,2167,86.61694,male,white,12,$25-$50k,ARF/MOSF w/Sepsis,ARF/MOSF,2,0,53,12.6992188,66,32,36.09375,280,4.5,1.79980469,1.29980469,143,7.40918,,,,0,0,no dnr,0,1,no(M2 and SIP pres)
4245,237,70.48596,male,white,,,ARF/MOSF w/Sepsis,ARF/MOSF,1,0,62,14.0996094,80,15,38.5,146,2.3999023,0.39996338,1.09985352,134,7.449219,,,,,,no dnr,0,1,
4246,7466,38.35999,male,black,12,under $11k,CHF,COPD/CHF/Cirrhosis,1,0,66,15.2988281,146,40,36,177.125,3.0996094,1.09985352,0.89990234,146,7.30957,229,20,1900,0,0,no dnr,0,1,no(M2 and SIP pres)
4247,1993,61.56299,male,white,12,$25-$50k,ARF/MOSF w/Sepsis,ARF/MOSF,1,9,103,7.79980469,70,20,36.09375,447.5625,3.0996094,0.69995117,1.09985352,140,7.579102,,,,0,0,no dnr,0,0,no(M2 and SIP pres)
4248,2075,85.05396,male,white,,,ARF/MOSF w/Sepsis,ARF/MOSF,3,44,50,6.59960938,48,37,38.09375,237.5,,,3,144,7.30957,,,,,4,dnr after sadm,0,1,adl>=4 (>=5 if sur)
4249,7634,59.61899,female,white,6,under $11k,ARF/MOSF w/Sepsis,ARF/MOSF,2,0,65,8.5,104,24,39,200,2.8999023,16.0976562,1.39990234,136,7.489258,127,22,2250,0,0,no dnr,0,0,no(M2 and SIP pres)
4250,7646,69.96899,male,white,8,under $11k,COPD,COPD/CHF/Cirrhosis,2,9,70,23.296875,106,40,38.09375,795.125,1.7998047,0.89990234,0.59997559,134,7.469727,88,12,2290,,,no dnr,0,0,SIP>=30
4251,6812,80.73895,female,white,8,under $11k,COPD,COPD/CHF/Cirrhosis,1,0,81,0.04999542,104,22,40,,2.5,1.79980469,1,132,,254,13,4725,0,0,dnr after sadm,0,0,no(M2 and SIP pres)
4252,7535,23.11299,male,black,12,under $11k,Coma,Coma,0,61,107,11.7988281,76,24,37.89844,,3.5996094,0.5,3.09960938,135,,104,33,5300,,0,no dnr,0,0,adl>=4 (>=5 if sur)
4253,6340,39.56998,female,white,,under $11k,Lung Cancer,Cancer,2,0,66,13.2988281,70,24,35.09375,,1.3999023,0.59997559,0.39996338,147,,,,,,,dnr after sadm,1,1,<2 mo. follow-up
4254,8043,81.23798,male,white,12,under $11k,CHF,COPD/CHF/Cirrhosis,3,0,66,6.5,67,26,35.09375,314.25,,,3.19970703,138,7.389648,,,,1,0,dnr after sadm,0,1,no(M2 and SIP pres)
4255,8252,79.57599,female,white,7,under $11k,Lung Cancer,Cancer,1,0,69,8.69921875,106,24,36.5,,3.199707,0.29998779,0.79992676,136,,,,,,,dnr after sadm,0,1,<2 mo. follow-up
4256,389,42.29199,female,white,,,MOSF w/Malig,ARF/MOSF,2,0,42,14.2988281,115,35,38.39844,32,,1.69995117,3.5,125,7.25,,,,,,dnr after sadm,1,1,<2 mo. follow-up
4257,5975,82.63696,male,white,14,,ARF/MOSF w/Sepsis,ARF/MOSF,0,0,71,20,62,24,35.69531,287.5,2.2998047,0.89990234,7.19921875,146,7.419922,,,,,1,no dnr,0,0,no(M2 and SIP pres)
4258,5117,66.935,male,white,,,MOSF w/Malig,ARF/MOSF,1,9,77,3.59960938,75,24,35.59375,360,3.199707,2.19970703,3.79980469,135,7.369141,161,101,780,,,dnr after sadm,0,1,
4259,7548,63.88797,male,white,,under $11k,COPD,COPD/CHF/Cirrhosis,4,0,100,4.79980469,72,16,36.09375,504.75,5.1992188,5.29980469,1.09985352,135,7.439453,155,13,4150,,0,no dnr,0,0,adl>=4 (>=5 if sur)
4260,2367,83.39996,male,white,12,,ARF/MOSF w/Sepsis,ARF/MOSF,3,9,73,4.89941406,137,40,36.09375,,3.2998047,1.39990234,2.29980469,150,7.449219,,,,,2,dnr after sadm,0,1,adl>=4 (>=5 if sur)
4261,7560,72.50696,male,white,0,under $11k,CHF,COPD/CHF/Cirrhosis,1,0,116,14.0996094,147,26,36.79688,328.5625,4,0.69995117,1,135,7.469727,109,16,1750,,,no dnr,0,1,
4262,2333,76.88397,male,other,7,under $11k,COPD,COPD/CHF/Cirrhosis,1,0,83,7.89941406,100,25,36.09375,150,,,1.09985352,138,7.30957,,,,1,,dnr before sadm,0,1,no(M2 and SIP pres)
4263,3618,54.409,female,black,,,Lung Cancer,Cancer,1,0,117,8.09960938,62,18,36.89844,,,0.5,1.5,136,,,,,,,no dnr,0,1,
4264,3969,48.728,male,black,,,CHF,COPD/CHF/Cirrhosis,3,0,106,5.69921875,84,20,35.79688,,3.0996094,2.19970703,1.69995117,134,,,,,0,,no dnr,0,1,
4265,8167,88.79895,male,white,6,under $11k,Coma,Coma,1,100,61,8.19921875,66,10,38.79688,352.375,4.0996094,1.69995117,2,138,7.429688,,,,,3,no dnr,1,1,<2 mo. follow-up
4266,8226,71.88794,male,white,8,,CHF,COPD/CHF/Cirrhosis,3,0,63,7.69921875,46,32,36,342.8125,,,1.69995117,139,7.40918,,,,,0,no dnr,0,0,no(M2 and SIP pres)
4267,8197,63.16498,female,white,12,$11-$25k,Lung Cancer,Cancer,1,0,73,2,107,16,37.89844,,,,1,129,,,,,,,no dnr,0,1,no(M2 and SIP pres)
4268,3778,46.13797,male,white,,,ARF/MOSF w/Sepsis,ARF/MOSF,1,9,151,22.5976562,136,25,38.89844,116,3.2998047,1.79980469,0.89990234,132,7.449219,,,,,,no dnr,0,0,
4269,7127,74.64496,male,white,9,,Lung Cancer,Cancer,3,0,57,22.8984375,63,8,35.69531,325.6875,2.8999023,0.89990234,12,137,7.399414,117,154,0,0,0,dnr after sadm,0,1,
4270,530,76.77197,male,white,,,ARF/MOSF w/Sepsis,ARF/MOSF,0,0,70,18.0976562,60,20,38.79688,151.65625,2.2998047,,1.09985352,133,7.5,,,,,,no dnr,0,0,
4271,1901,52.961,male,black,,,Lung Cancer,Cancer,1,41,83,32.1953125,112,16,37.39844,,2.7998047,1.09985352,0.69995117,142,,,,,,1,dnr before sadm,1,1,<2 mo. follow-up
4272,3153,83.20099,male,white,12,under $11k,Lung Cancer,Cancer,3,41,67,9.29882812,87,16,36.09375,,,,0.69995117,132,,147,14,,,7,no dnr,0,1,<2 mo. follow-up
4273,8902,79.29596,male,white,8,,CHF,COPD/CHF/Cirrhosis,4,0,53,15.8984375,150,20,37.5,245,2.5996094,0.39996338,8.59960938,140,7.219727,178,61,0,1,1,no dnr,0,1,no(M2 and SIP pres)
4274,5274,33.75198,female,white,11,$25-$50k,ARF/MOSF w/Sepsis,ARF/MOSF,3,0,72,7.69921875,115,20,37.79688,233.3125,,,0.89990234,144,7.339844,133,24,,,6,no dnr,0,1,<2 mo. follow-up
4275,7670,57.91898,male,white,12,$11-$25k,ARF/MOSF w/Sepsis,ARF/MOSF,3,0,80,,76,20,38.5,,,,,140,,,,4100,,5,dnr after sadm,1,1,
4276,5436,39.32098,male,black,10,under $11k,ARF/MOSF w/Sepsis,ARF/MOSF,0,0,53,22.8984375,130,24,39.19531,132,,,1,135,7.419922,99,14,1665,,5,no dnr,0,0,
4277,6811,48.91699,female,white,13,$11-$25k,ARF/MOSF w/Sepsis,ARF/MOSF,0,0,79,9.29882812,118,24,36,404.75,3.699707,0.59997559,2.19970703,132,7.489258,110,55,1645,1,,no dnr,0,0,no(M2 and SIP pres)
4278,8421,69.711,male,white,8,,Lung Cancer,Cancer,2,0,108,5.79980469,107,18,35.89844,,,,1.29980469,125,,,,,0,0,no dnr,0,1,no(M2 and SIP pres)
4279,8056,46.16299,female,white,10,$11-$25k,ARF/MOSF w/Sepsis,ARF/MOSF,1,0,72,15.8984375,101,24,37.79688,385.6875,2.7998047,0.19998169,0.69995117,138,7.469727,,,,2,0,no dnr,0,0,no(M2 and SIP pres)
4280,965,75.87695,male,white,19,>$50k,ARF/MOSF w/Sepsis,ARF/MOSF,1,0,68,7.39941406,95,8,37.69531,243.3125,,,1.29980469,133,7.549805,,25,4468,,,no dnr,0,0,no(M2 and SIP pres)
4281,3356,60.03598,male,white,12,under $11k,ARF/MOSF w/Sepsis,ARF/MOSF,0,0,67,3.09960938,75,26,38,353.3125,,1.19995117,2,136,7.449219,,,,,1,dnr after sadm,1,1,<2 mo. follow-up
4282,71,45.56598,male,white,18,$25-$50k,MOSF w/Malig,ARF/MOSF,3,0,33,0.29998779,140,33,38.5,129,2.2998047,31.3984375,4.79980469,142,7.359375,,,,,0,dnr after sadm,1,1,<2 mo. follow-up
4283,7266,58.87997,female,white,10,under $11k,ARF/MOSF w/Sepsis,ARF/MOSF,3,0,109,20.1992188,107,38,36.29688,208.5625,3.3999023,1.5,0.89990234,137,7.449219,133,26,2420,,1,dnr after sadm,1,1,<2 mo. follow-up
4284,4331,63.655,male,white,9,$11-$25k,ARF/MOSF w/Sepsis,ARF/MOSF,1,37,65,4.39941406,106,28,36.69531,340,2.5996094,18.8984375,2.5,134,7.149414,114,67,75,,1,dnr after sadm,1,1,<2 mo. follow-up
4285,3257,54.55399,male,black,14,$11-$25k,CHF,COPD/CHF/Cirrhosis,2,0,90,7.79980469,104,32,36.59375,,,,1.09985352,137,,,,,0,0,no dnr,0,0,no(M2 and SIP pres)
4286,1369,68.68695,male,white,12,>$50k,CHF,COPD/CHF/Cirrhosis,2,0,113,11.5,110,32,36.69531,176,2.2998047,2.09960938,1.5,132,7.449219,173,23,3785,0,,no dnr,0,1,no(M2 and SIP pres)
4287,8566,83.64099,male,white,9,under $11k,COPD,COPD/CHF/Cirrhosis,3,0,96,,69,20,36.89844,,,,,140,,,,2950,0,0,dnr before sadm,0,1,SIP>=30
4288,239,25.487,male,white,,,ARF/MOSF w/Sepsis,ARF/MOSF,1,0,123,1.69995117,100,48,38.5,191.8125,3.0996094,9,2.29980469,143,7.40918,,,,,,dnr after sadm,1,1,<2 mo. follow-up
4289,7319,74.93799,male,black,,under $11k,MOSF w/Malig,ARF/MOSF,4,0,51,13.7988281,80,23,38,92.29688,2.5996094,1.19995117,1.29980469,128,7.569336,373,36,2124,,6,dnr after sadm,1,1,<2 mo. follow-up
4290,1782,69.76898,female,white,12,,Lung Cancer,Cancer,2,0,70,67.296875,116,38,36.79688,338.0625,2.8999023,0.39996338,0.89990234,143,7.459961,,,,0,0,dnr after sadm,1,1,<2 mo. follow-up
4291,8703,85.88898,female,white,16,$11-$25k,Coma,Coma,0,89,66,8.29882812,56,28,36,221.71875,4.2998047,1.09985352,0.89990234,137,7.329102,168,15,1700,,0,dnr after sadm,0,1,<2 mo. follow-up
4292,7493,53.24298,male,black,12,under $11k,CHF,COPD/CHF/Cirrhosis,2,0,111,3.39990234,88,20,37.09375,275,3.199707,2.09960938,1.29980469,133,7.439453,72,22,2470,0,,no dnr,0,0,no(M2 and SIP pres)
4293,8457,67.82495,female,white,,,ARF/MOSF w/Sepsis,ARF/MOSF,2,37,71,10.2988281,122,32,35.79688,409.5,3.7998047,1.69995117,0.79992676,115,7.509766,217,19,5620,,0,no dnr,0,1,no(M2 and SIP pres)
4294,3393,66.90997,female,other,10,$11-$25k,ARF/MOSF w/Sepsis,ARF/MOSF,1,9,72,11.5,120,40,38.09375,271.375,,,1.09985352,138,7.449219,,,,,0,dnr after sadm,1,1,<2 mo. follow-up
4295,900,63.62198,male,white,14,,CHF,COPD/CHF/Cirrhosis,4,0,45,12,115,16,36.59375,,,,1,131,,106,16,2960,0,1,no dnr,0,0,no(M2 and SIP pres)
4296,2277,84.72595,female,white,,under $11k,COPD,COPD/CHF/Cirrhosis,1,0,50,10,48,8,36.29688,248.5625,,,1.5,146,7.489258,,,,,1,dnr after sadm,0,1,adl>=4 (>=5 if sur)
4297,578,59.36798,male,white,12,>$50k,CHF,COPD/CHF/Cirrhosis,2,0,62,5.89941406,145,24,36.5,440,,0.69995117,1.29980469,131,7.549805,,,,,5,no dnr,0,0,
4298,3798,74.80396,male,white,4,$11-$25k,ARF/MOSF w/Sepsis,ARF/MOSF,1,0,64,7.59960938,104,26,38.29688,220,,0.5,1.39990234,135,7.459961,,,,0,0,no dnr,0,0,no(M2 and SIP pres)
4299,7921,61.16898,female,white,12,$11-$25k,COPD,COPD/CHF/Cirrhosis,4,0,145,11,154,24,39.59375,236.65625,2.199707,0.29998779,0.59997559,152,7.319336,,,,,5,dnr after sadm,0,1,
4300,8642,75.85797,female,white,11,,ARF/MOSF w/Sepsis,ARF/MOSF,0,41,68,17,52,10,35.89844,172,,,1.39990234,135,7.359375,103,50,1075,,0,no dnr,0,0,no(M2 and SIP pres)
4301,2242,59.09097,male,white,12,under $11k,Lung Cancer,Cancer,1,0,87,10,100,25,36.69531,,2.8999023,0.5,0.69995117,134,,,,,0,6,dnr after sadm,0,1,<2 mo. follow-up
4302,1431,55.35098,male,white,,,ARF/MOSF w/Sepsis,ARF/MOSF,0,100,65,12.0996094,115,31,37.79688,220,2.699707,46.5,7.79980469,138,7.5,184,96,328,,,no dnr,0,0,
4303,1614,93.75494,female,white,12,,CHF,COPD/CHF/Cirrhosis,2,0,66,5.09960938,140,36,38.69531,,3.7998047,,1.79980469,136,,,,,,7,dnr after sadm,0,1,adl>=4 (>=5 if sur)
4304,8788,68.06,female,white,12,$11-$25k,Lung Cancer,Cancer,2,0,51,12.3984375,45,24,36.69531,217.375,3.5996094,0.39996338,1.29980469,130,7.399414,211,23,1700,,0,no dnr,0,1,no(M2 and SIP pres)
4305,158,46.45898,male,white,16,>$50k,Colon Cancer,Cancer,1,0,89,9.69921875,80,20,37.5,,4.2998047,0.19998169,1.09985352,135,,,,,0,0,no dnr,0,1,no(M2 and SIP pres)
4306,123,78.35699,male,black,12,,CHF,COPD/CHF/Cirrhosis,2,0,60,8.59960938,115,20,36,404.75,,,1.5,137,7.469727,,,,0,1,no dnr,0,1,no(M2 and SIP pres)
4307,6610,64.92297,female,white,12,under $11k,Lung Cancer,Cancer,2,0,54,6.79980469,101,12,36.19531,194.28125,1.8999023,0.59997559,1.29980469,135,7.40918,,,,,3,dnr after sadm,1,1,<2 mo. follow-up
4308,6823,45.05698,male,white,10,under $11k,ARF/MOSF w/Sepsis,ARF/MOSF,0,9,99,25.6992188,107,24,36.39844,228.5625,2.5996094,1.19995117,0.69995117,135,7.399414,84,15,1200,0,0,no dnr,0,0,no(M2 and SIP pres)
4309,420,54.74298,male,white,,,MOSF w/Malig,ARF/MOSF,3,44,72,0.04999542,110,32,37.89844,91.65625,2,,0.59997559,128,7.549805,,,,,,dnr after sadm,1,1,<2 mo. follow-up
4310,4423,69.17499,male,white,8,,ARF/MOSF w/Sepsis,ARF/MOSF,1,0,49,10.5,134,35,36.09375,39,,0.39996338,0.39996338,128,7.419922,169,12,1835,,6,no dnr,0,0,adl>=4 (>=5 if sur)
4311,8602,70.02594,male,white,10,,ARF/MOSF w/Sepsis,ARF/MOSF,2,0,67,7.5,122,24,35.69531,,3.8999023,0.5,1,136,,124,13,1800,,0,no dnr,0,0,no(M2 and SIP pres)
4312,6927,54.60098,male,white,9,under $11k,ARF/MOSF w/Sepsis,ARF/MOSF,4,0,118,14,120,32,36.59375,330,2.8999023,0.69995117,4.5,132,7.449219,245,74,5045,,6,dnr after sadm,1,1,<2 mo. follow-up
4313,2827,54.09399,female,white,14,$11-$25k,Lung Cancer,Cancer,4,9,110,15.5,146,11,36.19531,268,4.7998047,0.39996338,2.19970703,142,7.329102,111,47,1275,,7,dnr before sadm,0,1,adl>=4 (>=5 if sur)
4314,5475,75.90698,male,white,14,,ARF/MOSF w/Sepsis,ARF/MOSF,3,0,62,12.5,65,24,36.79688,260,,,1.19995117,136,7.529297,211,23,2470,7,1,no dnr,0,0,no(M2 and SIP pres)
4315,7482,53.24799,female,white,11,under $11k,ARF/MOSF w/Sepsis,ARF/MOSF,0,9,137,19.3984375,70,9,39.5,177.5,3.699707,0.5,1.39990234,144,7.469727,156,18,4134,,0,no dnr,0,0,
4316,2854,76.04095,male,white,20,$11-$25k,COPD,COPD/CHF/Cirrhosis,3,0,77,6.19921875,80,20,36.09375,,3.2998047,0.59997559,1,138,,73,23,,0,,dnr after sadm,0,0,SIP>=30
4317,5105,46.38998,female,black,,under $11k,ARF/MOSF w/Sepsis,ARF/MOSF,1,41,108,8.69921875,110,36,36.19531,55,,11,1.19995117,148,7.479492,93,31,6590,,6,no dnr,0,0,SIP>=30
4318,2590,72.81,female,white,14,$11-$25k,ARF/MOSF w/Sepsis,ARF/MOSF,3,0,110,7.69921875,70,20,35.89844,114,3.5996094,,1.19995117,146,7.259766,90,23,2631,,,no dnr,0,1,no(M2 and SIP pres)
4319,4396,47.51797,male,black,11,under $11k,ARF/MOSF w/Sepsis,ARF/MOSF,1,9,121,6.59960938,124,10,34.59375,186,1.8999023,5.5,1,132,7.429688,268,15,2350,,0,no dnr,0,0,adl>=4 (>=5 if sur)
4320,4663,73.99298,male,white,7,under $11k,ARF/MOSF w/Sepsis,ARF/MOSF,3,0,63,24.0976562,115,30,35.19531,150,2.5,17.5976562,4.79980469,140,7.379883,328,80,8,0,0,no dnr,1,1,<2 mo. follow-up
4321,5898,64.81299,female,hispanic,9,under $11k,CHF,COPD/CHF/Cirrhosis,4,0,58,8.69921875,44,16,36.09375,,3.5996094,1.09985352,1,140,,,,,0,0,no dnr,0,1,no(M2 and SIP pres)
4322,7641,62.08099,female,white,12,,Coma,Coma,1,55,109,4.89941406,107,10,38,112,2.199707,0.69995117,0.59997559,136,7.469727,192,6,2145,,0,dnr after sadm,1,1,<2 mo. follow-up
4323,8156,57.88098,female,white,12,under $11k,ARF/MOSF w/Sepsis,ARF/MOSF,0,0,49,7.59960938,138,39,39.39844,195,2.8999023,4.89941406,1.59985352,148,7.389648,,,,,1,no dnr,0,0,
4324,5929,68.75299,male,white,,,ARF/MOSF w/Sepsis,ARF/MOSF,2,0,52,2.59960938,122,28,36.79688,132.71875,1.5998535,1.59985352,1.29980469,142,7.329102,,,,,,dnr after sadm,1,1,<2 mo. follow-up
4325,711,56.74197,male,white,18,$11-$25k,Colon Cancer,Cancer,1,0,98,10.5996094,82,20,36.39844,,4.3994141,0.69995117,1.09985352,136,,,,,,0,no dnr,0,1,no(M2 and SIP pres)
4326,2058,75.33197,female,white,9,$11-$25k,ARF/MOSF w/Sepsis,ARF/MOSF,1,0,64,19.5,110,26,36.09375,253.03125,,0.39996338,1.39990234,126,7.429688,,,,,0,dnr after sadm,1,1,<2 mo. follow-up
4327,7941,63.23099,male,white,,,CHF,COPD/CHF/Cirrhosis,4,0,82,7.5,65,24,36.19531,,3.8999023,0.79992676,1.29980469,140,,,,,,,no dnr,0,1,
4328,3050,31.75899,female,white,14,>$50k,ARF/MOSF w/Sepsis,ARF/MOSF,2,0,103,6.79980469,80,20,36.09375,185,,,1.79980469,136,7.329102,124,42,785,0,0,no dnr,0,0,no(M2 and SIP pres)
4329,4618,68.33698,male,white,16,$25-$50k,ARF/MOSF w/Sepsis,ARF/MOSF,0,0,73,5.09960938,128,20,36.39844,,2.5,0.39996338,0.69995117,132,,520,6,200,,0,no dnr,0,0,adl>=4 (>=5 if sur)
4330,3351,59.28,female,black,12,under $11k,ARF/MOSF w/Sepsis,ARF/MOSF,2,44,79,21.5,130,22,37.19531,100,,0.59997559,1.5,130,7.389648,,,,,6,dnr after sadm,1,1,<2 mo. follow-up
4331,3020,61.35199,female,white,8,under $11k,ARF/MOSF w/Sepsis,ARF/MOSF,0,0,70,17.5,144,11,39.79688,200,2.199707,0.19998169,0.69995117,141,7.319336,164,12,3780,,0,no dnr,0,0,adl>=4 (>=5 if sur)
4332,7490,72.48499,female,black,12,under $11k,Colon Cancer,Cancer,1,0,145,14.1992188,62,8,36.29688,390.4375,2.5,0.79992676,1.89990234,152,7.489258,107,82,2561,1,,dnr before sadm,0,1,<2 mo. follow-up
4333,4330,56.797,male,black,,,MOSF w/Malig,ARF/MOSF,2,0,73,13.5,124,36,39,211.40625,2.2998047,0.59997559,0.39996338,134,7.459961,123,5,3425,,,dnr after sadm,1,1,<2 mo. follow-up
4334,3975,62.69998,male,white,13,$11-$25k,ARF/MOSF w/Sepsis,ARF/MOSF,0,26,100,16.296875,124,14,36,255.53125,,,0.69995117,147,7.479492,,,,0,0,no dnr,0,0,no(M2 and SIP pres)
4335,2230,64.47595,male,white,16,>$50k,Lung Cancer,Cancer,2,0,109,7.19921875,96,16,35.89844,,3.2998047,1.39990234,1.09985352,136,,,,,0,0,no dnr,0,1,no(M2 and SIP pres)
4336,8769,75.22198,female,white,8,,CHF,COPD/CHF/Cirrhosis,3,0,61,7.29980469,100,24,39.39844,136,2,0.79992676,10.0996094,135,7.459961,188,72,,,,no dnr,0,1,
4337,6271,60.95297,male,white,9,under $11k,COPD,COPD/CHF/Cirrhosis,1,0,110,10.3984375,133,12,38.69531,120,2.7998047,0.5,1.29980469,138,7.449219,,,,,4,no dnr,0,0,no(M2 and SIP pres)
4338,7095,71.48297,female,hispanic,12,under $11k,Colon Cancer,Cancer,1,9,115,6.39941406,114,24,36.69531,216,3.699707,0.59997559,1.09985352,134,7.349609,103,17,1325,,0,dnr after sadm,0,1,adl>=4 (>=5 if sur)
4339,4547,72.90295,male,white,12,,Lung Cancer,Cancer,2,0,107,14.2988281,124,10,35.69531,127.5,3.2998047,0.5,2.5,131,7.519531,103,128,3145,7,6,no dnr,0,1,<2 mo. follow-up
4340,8882,80.07098,male,white,8,>$50k,ARF/MOSF w/Sepsis,ARF/MOSF,1,0,120,7.29980469,14,10,38.89844,129,3.699707,0.69995117,0.5,137,7.40918,137,15,3525,,0,no dnr,1,1,<2 mo. follow-up
4341,4927,65.93597,female,black,15,under $11k,ARF/MOSF w/Sepsis,ARF/MOSF,1,0,60,16.3984375,125,10,38.19531,133.3125,2.3999023,2.39990234,1.09985352,130,7.489258,97,9,1970,,0,dnr after sadm,1,1,<2 mo. follow-up
4342,5629,19.127,female,white,12,,ARF/MOSF w/Sepsis,ARF/MOSF,0,0,104,8.69921875,112,20,37.5,,3.0996094,0.59997559,0.89990234,135,,314,11,5700,,0,no dnr,0,0,no(M2 and SIP pres)
4343,5517,69.87799,male,white,3,under $11k,ARF/MOSF w/Sepsis,ARF/MOSF,3,9,78,10.2988281,75,6,36.39844,250,1.5998535,,3,148,7.40918,105,52,1680,0,0,no dnr,0,1,no(M2 and SIP pres)
4344,7614,36.13397,male,black,12,under $11k,ARF/MOSF w/Sepsis,ARF/MOSF,1,94,72,4.5,61,20,36.09375,,3,0.5,0.79992676,135,,97,7,3050,,7,dnr after sadm,1,1,<2 mo. follow-up
4345,185,51.54797,male,white,10,,ARF/MOSF w/Sepsis,ARF/MOSF,1,0,65,17.5976562,126,29,37.89844,165,,,0.59997559,132,7.469727,,,,,2,no dnr,0,1,no(M2 and SIP pres)
4346,8758,59.67697,male,white,11,$11-$25k,Lung Cancer,Cancer,2,0,80,20.0976562,81,24,36,278.25,4.2998047,0.5,0.79992676,133,7.379883,136,11,,0,0,dnr after sadm,0,1,SIP>=30
4347,5779,56.38098,female,white,15,under $11k,ARF/MOSF w/Sepsis,ARF/MOSF,1,9,73,12.5,148,24,36.19531,,2.5996094,6.09960938,0.89990234,129,,172,31,465,,6,no dnr,0,0,no(M2 and SIP pres)
4348,5208,52.82098,female,white,12,$11-$25k,Colon Cancer,Cancer,2,0,147,0.19998169,135,30,35.79688,412,2.5996094,11.8984375,2.59960938,142,7.399414,164,105,2060,1,2,no dnr,0,1,no(M2 and SIP pres)
4349,5655,45.76599,male,white,12,,Lung Cancer,Cancer,2,0,72,10.3984375,75,8,39,120,2,0.69995117,1.09985352,140,7.399414,68,17,1770,3,4,dnr after sadm,0,1,<2 mo. follow-up
4350,7032,53.01797,female,white,16,>$50k,MOSF w/Malig,ARF/MOSF,1,0,56,2.09960938,110,20,36.5,,2,10,0.69995117,125,,93,5,2475,0,0,no dnr,0,0,no(M2 and SIP pres)
4351,6938,74.76495,male,white,12,$11-$25k,CHF,COPD/CHF/Cirrhosis,3,0,100,4.29980469,153,48,39.19531,274.0625,1.5998535,1.89990234,2.09960938,152,7.349609,238,41,3657,1,,no dnr,0,0,SIP>=30
4352,7570,58.76797,male,black,12,$11-$25k,Coma,Coma,1,55,109,4.69921875,64,20,36.09375,,3.8999023,0.69995117,1.59985352,140,,153,22,1700,,0,no dnr,0,0,adl>=4 (>=5 if sur)
4353,8623,73.98199,male,white,8,under $11k,CHF,COPD/CHF/Cirrhosis,2,0,52,0.19998169,142,26,39.09375,64,,,1.19995117,142,7.359375,341,36,3500,0,0,no dnr,0,0,no(M2 and SIP pres)
4354,3421,68.99396,female,black,,,ARF/MOSF w/Sepsis,ARF/MOSF,0,9,118,7.19921875,150,20,38.59375,206.65625,2.8999023,,0.79992676,138,7.519531,,,,,,no dnr,0,1,
4355,3790,75.12695,male,black,,,COPD,COPD/CHF/Cirrhosis,3,0,100,15,76,40,36,252.375,,0.19998169,0.79992676,138,7.419922,,,,,6,no dnr,0,0,adl>=4 (>=5 if sur)
4356,6526,64.62695,female,black,7,under $11k,ARF/MOSF w/Sepsis,ARF/MOSF,2,0,53,20.3984375,58,48,36.09375,207.75,2.8999023,0.59997559,4.29980469,146,7.229492,,,,0,0,no dnr,0,0,no(M2 and SIP pres)
4357,2414,87.25494,female,white,12,under $11k,COPD,COPD/CHF/Cirrhosis,1,9,67,8.59960938,100,16,36.89844,,,,1.19995117,138,,,19,750,,2,no dnr,0,1,no(M2 and SIP pres)
4358,1423,76.42999,male,white,12,>$50k,Lung Cancer,Cancer,1,0,70,14.6992188,75,10,38.19531,212,,1.59985352,3.09960938,152,7.519531,492,111,2264,,0,no dnr,0,1,adl>=4 (>=5 if sur)
4359,4325,67.56494,male,white,14,$25-$50k,CHF,COPD/CHF/Cirrhosis,3,0,63,7.29980469,80,20,37.09375,458.3125,,,1.59985352,142,7.359375,111,21,1300,0,0,no dnr,0,0,no(M2 and SIP pres)
4360,2174,79.66095,female,white,15,,ARF/MOSF w/Sepsis,ARF/MOSF,0,0,54,10,67,16,38,236.71875,2.5,,0.89990234,142,7.449219,,,,0,0,no dnr,0,0,
4361,8165,89.54095,female,white,14,,Coma,Coma,0,100,58,9.09960938,110,40,38.5,140.8125,4.5,0.79992676,3,143,7.169922,,,,,1,dnr after sadm,1,1,<2 mo. follow-up
4362,3027,70.02594,male,white,11,,ARF/MOSF w/Sepsis,ARF/MOSF,3,9,67,8.29882812,57,8,38.19531,156,4.5996094,0.59997559,1,140,7.329102,107,10,1410,,,no dnr,0,0,
4363,3116,99.198,female,white,12,under $11k,CHF,COPD/CHF/Cirrhosis,3,0,75,37.6953125,66,22,36.39844,187.5,3.199707,0.39996338,1.59985352,140,7.369141,181,29,4525,1,2,dnr after sadm,0,0,no(M2 and SIP pres)
4364,3419,68.19196,male,white,9,under $11k,COPD,COPD/CHF/Cirrhosis,1,0,83,13.3984375,98,8,35.89844,156,,,1.29980469,152,7.469727,,,,,1,dnr after sadm,1,1,<2 mo. follow-up
4365,605,66.14099,male,white,16,>$50k,COPD,COPD/CHF/Cirrhosis,3,0,108,14.0996094,132,32,36.59375,247.8125,,,1,137,7.289062,,,,,,dnr after sadm,1,1,<2 mo. follow-up
4366,144,31.69099,male,hispanic,14,$11-$25k,ARF/MOSF w/Sepsis,ARF/MOSF,1,0,140,13.3984375,50,28,38.89844,167.5,3.8999023,27.5,0.89990234,137,7.5,,,,0,0,no dnr,0,1,no(M2 and SIP pres)
4367,2513,81.85095,male,white,12,under $11k,ARF/MOSF w/Sepsis,ARF/MOSF,1,0,47,9.59960938,70,24,37.89844,162.84375,1.8999023,,0.69995117,139,7.319336,178,19,1255,,0,no dnr,0,1,no(M2 and SIP pres)
4368,2666,88.53699,female,white,16,>$50k,CHF,COPD/CHF/Cirrhosis,2,100,110,8.5,110,14,38.39844,314,2.7998047,0.39996338,0.5,150,7.339844,300,25,1335,1,4,dnr after sadm,0,1,
4369,9012,40.241,female,white,13,$25-$50k,ARF/MOSF w/Sepsis,ARF/MOSF,2,0,84,8.3984375,76,20,36.39844,,,,1.19995117,134,,159,20,,,,dnr after sadm,1,1,<2 mo. follow-up
4370,2401,87.06097,female,white,12,under $11k,COPD,COPD/CHF/Cirrhosis,3,0,83,6.79980469,60,20,36.09375,185.6875,,0.19998169,1.29980469,142,7.269531,,,,0,0,dnr after sadm,0,1,no(M2 and SIP pres)
4371,1119,83.93994,male,white,14,>$50k,CHF,COPD/CHF/Cirrhosis,3,0,62,12.1992188,75,8,38.09375,285,,,1.5,138,7.429688,255,38,2674,0,0,no dnr,0,1,no(M2 and SIP pres)
4372,1651,88.89795,female,white,,,ARF/MOSF w/Sepsis,ARF/MOSF,2,0,56,6.59960938,51,12,37.59375,247.59375,2.5,0.29998779,0.39996338,140,7.429688,,,,,6,dnr after sadm,0,1,<2 mo. follow-up
4373,4243,47.918,male,black,10,under $11k,Cirrhosis,COPD/CHF/Cirrhosis,2,0,118,15.5996094,91,44,37.89844,,2.3999023,22,1.09985352,136,,,,,0,0,no dnr,0,1,<2 mo. follow-up
4374,1316,50.51099,female,white,15,$25-$50k,ARF/MOSF w/Sepsis,ARF/MOSF,0,9,70,14.7988281,82,22,36.39844,,3.0996094,4.29980469,0.79992676,136,,113,15,800,0,,no dnr,0,0,
4375,826,70.034,male,white,16,,CHF,COPD/CHF/Cirrhosis,2,0,65,8.8984375,85,18,35.89844,,,,2.59960938,136,,,,,2,,no dnr,0,1,no(M2 and SIP pres)
4376,7852,67.521,male,white,12,,COPD,COPD/CHF/Cirrhosis,3,0,100,,114,40,39.29688,136.71875,2.2998047,0.69995117,1.5,134,7.399414,,,,,3,no dnr,0,0,no(M2 and SIP pres)
4377,3668,55.086,male,white,16,>$50k,Lung Cancer,Cancer,1,0,80,2.29980469,78,20,37.69531,,3.199707,1,0.89990234,140,,,,,0,0,no dnr,0,1,no(M2 and SIP pres)
4378,6992,71.52399,male,white,8,,CHF,COPD/CHF/Cirrhosis,4,0,66,10,58,10,37.79688,152,2.2998047,1.09985352,0.89990234,134,7.489258,106,21,1999,1,1,no dnr,0,1,no(M2 and SIP pres)
4379,6470,72.40796,female,white,12,$11-$25k,Cirrhosis,COPD/CHF/Cirrhosis,5,0,108,13.3984375,80,23,36.29688,560,2.8999023,4.89941406,1.69995117,138,7.40918,,,,2,7,no dnr,0,1,no(M2 and SIP pres)
4380,6096,61.69998,female,white,,,Coma,Coma,2,100,145,20.5976562,153,32,40.29688,242.71875,2.2998047,0.39996338,0.59997559,147,7.399414,,,,,,dnr after sadm,1,1,<2 mo. follow-up
4381,6068,55.82999,female,white,12,under $11k,Cirrhosis,COPD/CHF/Cirrhosis,2,0,76,5.89941406,94,22,37.59375,,2,6,0.79992676,129,,,,,0,0,no dnr,0,1,no(M2 and SIP pres)
4382,5910,75.10498,male,black,8,under $11k,CHF,COPD/CHF/Cirrhosis,3,0,122,3.79980469,42,26,36,331.375,3.3999023,1,1.29980469,139,7.449219,,,,1,1,no dnr,0,1,SIP>=30
4383,2889,53.75497,male,white,16,$25-$50k,Cirrhosis,COPD/CHF/Cirrhosis,2,9,110,6.09960938,80,20,36.09375,200,,,1.39990234,141,7.429688,104,25,,1,0,no dnr,0,0,no(M2 and SIP pres)
4384,2788,64.52795,female,white,9,under $11k,ARF/MOSF w/Sepsis,ARF/MOSF,2,0,97,6.89941406,80,20,37.79688,261.875,,,0.89990234,143,7.399414,87,21,250,0,0,no dnr,0,0,no(M2 and SIP pres)
4385,3715,66.35199,female,white,12,under $11k,COPD,COPD/CHF/Cirrhosis,4,0,115,27.3984375,114,26,38,210,,0.39996338,0.79992676,140,7.399414,,,,,0,no dnr,0,1,no(M2 and SIP pres)
4386,2003,95.58099,male,black,4,under $11k,ARF/MOSF w/Sepsis,ARF/MOSF,2,26,58,4,78,30,34.89844,416.625,2.0996094,0.29998779,1.39990234,144,7.429688,,,,,5,dnr after sadm,1,1,<2 mo. follow-up
4387,4048,46.702,female,white,15,>$50k,ARF/MOSF w/Sepsis,ARF/MOSF,0,0,73,11.1992188,74,24,38.29688,177.5,2.3999023,,1.29980469,136,7.449219,,,,,0,no dnr,0,0,no(M2 and SIP pres)
4388,2366,79.06897,female,white,12,,CHF,COPD/CHF/Cirrhosis,4,0,87,11.3984375,80,20,36.69531,271.375,,,1.19995117,141,7.419922,,,,3,0,no dnr,0,1,no(M2 and SIP pres)
4389,3252,50.82797,female,white,,under $11k,Cirrhosis,COPD/CHF/Cirrhosis,1,0,91,10.0996094,125,22,36.89844,,,2.89990234,1.89990234,136,,,,,0,0,no dnr,0,0,SIP>=30
4390,8078,80.65399,male,white,12,under $11k,COPD,COPD/CHF/Cirrhosis,2,0,117,14.7988281,76,32,37.69531,212,3.5996094,0.29998779,1.09985352,136,7.419922,,,,,4,no dnr,0,1,adl>=4 (>=5 if sur)
4391,8290,50.71298,male,white,10,,Coma,Coma,0,0,117,18.796875,72,24,38.59375,163.25,,,0.89990234,138,7.519531,,,,,,no dnr,1,1,<2 mo. follow-up
4392,2193,43.16998,male,white,12,$11-$25k,ARF/MOSF w/Sepsis,ARF/MOSF,1,0,60,12.3984375,58,12,39.59375,97.14062,,0.59997559,1.5,146,7.429688,,,,,0,no dnr,0,0,no(M2 and SIP pres)
4393,5110,60.41599,female,white,12,$11-$25k,ARF/MOSF w/Sepsis,ARF/MOSF,0,9,127,15.0996094,125,32,38.39844,204.0625,,,1.29980469,145,7.459961,191,19,900,,7,no dnr,0,0,no(M2 and SIP pres)
4394,6183,64.41895,female,white,12,under $11k,CHF,COPD/CHF/Cirrhosis,5,0,133,8.69921875,113,48,36.59375,122.5,2.699707,0.59997559,0.89990234,132,7.209961,,,,,7,dnr after sadm,0,1,
4395,8448,66.245,male,white,10,$11-$25k,Colon Cancer,Cancer,1,0,121,10.0996094,80,28,36.09375,52.59375,3.3999023,0.69995117,0.89990234,144,7.30957,134,4,3630,0,0,dnr after sadm,0,1,no(M2 and SIP pres)
4396,8363,75.52594,male,white,10,>$50k,Coma,Coma,1,44,75,32.796875,68,12,39.19531,204,2.2998047,1.19995117,1.89990234,141,7.509766,,,,,0,dnr after sadm,1,1,<2 mo. follow-up
4397,6184,38.98398,male,black,14,under $11k,MOSF w/Malig,ARF/MOSF,2,0,109,25.6992188,108,16,37.89844,434.25,1.7998047,0.59997559,0.79992676,139,7.449219,,,,1,0,no dnr,0,1,no(M2 and SIP pres)
4398,1780,93.77399,female,white,,under $11k,ARF/MOSF w/Sepsis,ARF/MOSF,1,0,50,3.89990234,60,25,36.69531,155,3,0.29998779,0.89990234,145,7.359375,,,,,,dnr after sadm,1,1,<2 mo. follow-up
4399,7505,68.07098,male,white,9,under $11k,Cirrhosis,COPD/CHF/Cirrhosis,6,0,126,11.2988281,120,32,38.89844,167.5,2.2998047,4.59960938,0.69995117,142,7.519531,96,17,1045,,2,no dnr,0,0,adl>=4 (>=5 if sur)
4400,587,90.32196,female,white,16,,ARF/MOSF w/Sepsis,ARF/MOSF,1,26,68,11.0996094,45,12,37,237.5,,,1,133,7.459961,,,,,7,dnr after sadm,0,1,<2 mo. follow-up
4401,7809,35.25497,male,white,12,$11-$25k,CHF,COPD/CHF/Cirrhosis,1,0,110,7.09960938,71,20,36,300,3.2998047,0.69995117,1.19995117,138,7.469727,,,,0,,no dnr,0,0,no(M2 and SIP pres)
4402,2161,67.01196,male,white,12,$11-$25k,ARF/MOSF w/Sepsis,ARF/MOSF,2,0,55,21.3984375,120,12,38.59375,186,,,4.19921875,140,7.359375,,,,,0,no dnr,1,1,<2 mo. follow-up
4403,7723,53.29797,female,white,10,under $11k,ARF/MOSF w/Sepsis,ARF/MOSF,2,37,53,9.5,107,40,36.39844,280.3125,2.5996094,0.5,0.59997559,131,7.469727,96,12,3035,,0,dnr after sadm,0,0,adl>=4 (>=5 if sur)
4404,3173,78.80096,female,white,12,under $11k,ARF/MOSF w/Sepsis,ARF/MOSF,3,0,60,23.8984375,100,16,37.89844,160,4.0996094,2.5,4.59960938,137,7.389648,227,62,202,,7,dnr before sadm,0,1,adl>=4 (>=5 if sur)
4405,8255,89.06494,female,white,8,under $11k,CHF,COPD/CHF/Cirrhosis,3,0,77,12.5996094,63,28,35.89844,468,,,1,140,7.299805,,,,,2,no dnr,0,1,no(M2 and SIP pres)
4406,6702,57.71399,female,black,11,under $11k,MOSF w/Malig,ARF/MOSF,4,9,89,40.09375,96,24,39.59375,261.875,2.5996094,0.5,1.09985352,141,7.489258,,,,,5,dnr after sadm,0,1,<2 mo. follow-up
4407,5996,72.55597,male,white,12,under $11k,Lung Cancer,Cancer,2,0,115,11.8984375,68,32,36.59375,,2.5996094,0.5,0.89990234,135,,,,,0,0,dnr after sadm,1,1,<2 mo. follow-up
4408,9007,40.19699,female,white,12,under $11k,ARF/MOSF w/Sepsis,ARF/MOSF,0,0,119,16.5976562,118,32,36.19531,308,3.2998047,0.39996338,0.69995117,138,7.459961,310,18,2025,,,no dnr,0,0,no(M2 and SIP pres)
4409,5712,55.806,male,black,2,under $11k,ARF/MOSF w/Sepsis,ARF/MOSF,1,0,73,5.19921875,170,26,36.29688,,,2.59960938,1.09985352,140,,95,15,2160,1,2,no dnr,0,0,no(M2 and SIP pres)
4410,8110,70.79297,male,white,6,,Lung Cancer,Cancer,1,0,103,4.69921875,101,18,36.09375,,3.7998047,0.39996338,0.89990234,137,,,,,,,no dnr,0,1,
4411,3628,70.88599,male,white,12,under $11k,ARF/MOSF w/Sepsis,ARF/MOSF,0,26,55,11.3984375,56,10,35.5,134,1.1999512,0.5,1.29980469,142,7.449219,,,,,5,no dnr,0,0,SIP>=30
4412,1482,60.72299,male,white,,,ARF/MOSF w/Sepsis,ARF/MOSF,3,44,143,0.04999542,135,36,35.5,540,3,,1.5,135,7.55957,,29,2480,,,dnr after sadm,1,1,<2 mo. follow-up
4413,615,70.823,female,white,14,under $11k,CHF,COPD/CHF/Cirrhosis,3,0,75,6.89941406,70,20,36,,,,2,141,,,,,0,,no dnr,0,1,<2 mo. follow-up
4414,4012,51.85498,female,white,14,$25-$50k,ARF/MOSF w/Sepsis,ARF/MOSF,0,0,76,8.5,114,24,36.19531,328,,,0.5,137,7.399414,,,,1,0,no dnr,0,0,no(M2 and SIP pres)
4415,7902,70.10498,male,white,8,>$50k,MOSF w/Malig,ARF/MOSF,1,0,73,8.69921875,118,24,38.59375,285.6875,,,1,143,7.479492,,,,,2,no dnr,0,0,
4416,8656,65.75494,male,white,11,$11-$25k,Colon Cancer,Cancer,3,0,99,8.69921875,96,20,36.59375,,3.7998047,0.19998169,0.69995117,127,,96,10,,2,3,dnr after sadm,0,1,adl>=4 (>=5 if sur)
4417,8,86.83899,male,white,,,CHF,COPD/CHF/Cirrhosis,3,26,72,13.5996094,100,26,37.59375,404.75,,,2,139,7.509766,,,,,0,no dnr,0,1,
4418,4554,58.40698,male,white,12,$25-$50k,Lung Cancer,Cancer,1,0,68,2,106,31,36,172.5,2.0996094,22.0976562,3.5,136,7.349609,76,117,130,,,no dnr,0,1,<2 mo. follow-up
4419,760,67.88495,male,white,18,$25-$50k,ARF/MOSF w/Sepsis,ARF/MOSF,0,26,73,25.796875,110,22,36.39844,230,2.7998047,1.79980469,1.39990234,131,7.449219,,,,,,no dnr,1,1,<2 mo. follow-up
4420,3815,55.047,male,white,9,$25-$50k,ARF/MOSF w/Sepsis,ARF/MOSF,1,0,62,10.5,136,22,37.89844,140.8125,,,2,142,7.479492,,,,,0,no dnr,0,0,no(M2 and SIP pres)
4421,8900,67.06097,male,white,8,$11-$25k,Lung Cancer,Cancer,2,0,57,25,120,26,39.09375,237.125,2.199707,0.79992676,1.19995117,138,7.399414,135,19,1815,0,1,no dnr,0,1,no(M2 and SIP pres)
4422,8693,68.84296,male,white,12,$11-$25k,Lung Cancer,Cancer,3,0,60,26.0976562,108,10,38.39844,125,2.2998047,15.1992188,2.19970703,135,7.359375,208,40,3690,3,2,dnr after sadm,0,1,adl>=4 (>=5 if sur)
4423,3777,69.01794,female,white,10,$11-$25k,ARF/MOSF w/Sepsis,ARF/MOSF,2,0,80,10,90,12,38.5,242.84375,,,2.09960938,131,7.479492,,,,,1,no dnr,1,1,<2 mo. follow-up
4424,5601,62.26398,male,black,12,$11-$25k,CHF,COPD/CHF/Cirrhosis,3,0,74,2.09960938,132,36,38.79688,419,,5.69921875,0.69995117,135,7.379883,77,14,1750,0,0,no dnr,0,0,no(M2 and SIP pres)
4425,1469,69.91595,male,white,,,ARF/MOSF w/Sepsis,ARF/MOSF,3,37,130,12.0996094,145,26,39.39844,334,2.0996094,34,2.59960938,156,7.609375,648,96,1775,,,no dnr,0,0,
4426,7696,64.57996,female,hispanic,12,under $11k,CHF,COPD/CHF/Cirrhosis,4,0,62,8.79882812,76,24,36.69531,263.875,2.5,0.29998779,4.89941406,135,7.389648,138,57,3680,1,,no dnr,0,0,SIP>=30
4427,327,52.71997,female,white,20,$11-$25k,Cirrhosis,COPD/CHF/Cirrhosis,3,26,97,9.5,75,18,36.39844,290.4375,,2,2.5,137,7.429688,,,,,,dnr after sadm,1,1,<2 mo. follow-up
4428,6117,70.67798,male,white,10,under $11k,COPD,COPD/CHF/Cirrhosis,5,0,128,11.0996094,136,36,38.29688,323.3125,2.7998047,0.59997559,0.59997559,130,7.40918,,,,,7,no dnr,0,1,adl>=4 (>=5 if sur)
4429,1650,73.35199,male,white,12,under $11k,Cirrhosis,COPD/CHF/Cirrhosis,1,0,73,8.29882812,88,32,38.19531,350,2.699707,,0.89990234,146,7.439453,,,,1,1,no dnr,0,0,no(M2 and SIP pres)
4430,2453,94.04199,female,white,12,,COPD,COPD/CHF/Cirrhosis,3,0,43,6.59960938,71,38,35.59375,309.5,3.699707,0.89990234,2.5,137,7.419922,39,139,364,2,6,dnr after sadm,0,1,SIP>=30
4431,145,65.30896,female,white,12,under $11k,COPD,COPD/CHF/Cirrhosis,1,26,99,14.5996094,150,16,37.39844,348.5625,,,0.69995117,136,7.469727,,,,,,no dnr,0,1,SIP>=30
4432,3219,52.76398,male,white,10,,MOSF w/Malig,ARF/MOSF,1,0,106,10.0996094,62,54,38.19531,217.5,1,,1.69995117,139,7.389648,95,38,500,,0,dnr after sadm,1,1,<2 mo. follow-up
4433,293,60.85699,female,white,,,Lung Cancer,Cancer,0,0,98,3.79980469,110,20,37.5,196,4.1992188,0.09999084,1.09985352,136,7.40918,,,,,,no dnr,0,1,
4434,2137,79.27698,female,white,10,under $11k,COPD,COPD/CHF/Cirrhosis,2,0,60,16.296875,100,20,37.79688,311.625,3.2998047,0.69995117,1.69995117,135,7.399414,,,,,5,dnr after sadm,0,0,adl>=4 (>=5 if sur)
4435,7302,59.00299,male,white,9,$11-$25k,ARF/MOSF w/Sepsis,ARF/MOSF,1,0,110,4,58,8,36.09375,285.6875,3.8999023,1.09985352,1,139,7.419922,141,22,1645,4,4,no dnr,0,0,SIP>=30
4436,3282,62.26398,male,white,13,$25-$50k,Lung Cancer,Cancer,2,0,127,5.39941406,115,20,36,,,,0.79992676,135,,,,,0,0,no dnr,0,1,
4437,6716,62.59299,male,white,10,$11-$25k,Cirrhosis,COPD/CHF/Cirrhosis,7,9,120,20.5,61,33,36,257.125,2.199707,3.09960938,1.29980469,129,7.399414,,,,0,0,dnr after sadm,1,1,<2 mo. follow-up
4438,6648,61.92999,male,white,6,under $11k,COPD,COPD/CHF/Cirrhosis,3,9,117,9.59960938,133,48,35.5,195.8125,3.2998047,1.39990234,0.79992676,137,7.359375,,,,2,1,no dnr,0,1,<2 mo. follow-up
4439,5737,46.18799,female,black,,,Coma,Coma,2,9,127,13.8984375,160,8,36.79688,165,2,1,4.69921875,142,7.429688,164,76,4200,,,no dnr,0,1,
4440,8545,81.60394,male,white,6,under $11k,COPD,COPD/CHF/Cirrhosis,3,26,114,9.69921875,71,24,36.39844,,,,1.09985352,134,,189,18,3675,,,dnr after sadm,0,1,
4441,5490,51.02298,male,black,18,under $11k,ARF/MOSF w/Sepsis,ARF/MOSF,1,0,97,11.5996094,60,20,36.69531,101.65625,4.0996094,0.69995117,6.69921875,134,7.329102,92,46,3205,0,,no dnr,0,0,no(M2 and SIP pres)
4442,8015,84.32898,male,white,8,under $11k,COPD,COPD/CHF/Cirrhosis,4,0,108,11.7988281,74,24,36.09375,240,,,1.09985352,136,7.469727,,,,0,2,dnr after sadm,0,1,no(M2 and SIP pres)
4443,9058,65.51697,female,white,10,,CHF,COPD/CHF/Cirrhosis,5,0,74,12.2988281,134,36,39.5,234.28125,,,0.69995117,140,7.509766,224,21,2285,,,no dnr,0,1,adl>=4 (>=5 if sur)
4444,2641,87.633,male,white,12,$11-$25k,COPD,COPD/CHF/Cirrhosis,2,0,83,3.5,80,30,37,,4.5996094,0.39996338,0.89990234,138,,91,9,4900,,2,no dnr,0,1,SIP>=30
4445,997,57.34698,male,hispanic,12,$11-$25k,ARF/MOSF w/Sepsis,ARF/MOSF,1,0,55,14.3984375,120,36,37,140,2.699707,0.39996338,1,136,7.399414,508,23,4170,,6,no dnr,0,0,no(M2 and SIP pres)
4446,3162,28.44099,male,,,,ARF/MOSF w/Sepsis,ARF/MOSF,1,0,49,8.3984375,53,36,35.79688,169.375,,,1.69995117,134,7.439453,57,26,3025,,,no dnr,0,0,
4447,4695,52.59998,male,white,15,$25-$50k,CHF,COPD/CHF/Cirrhosis,2,0,52,10.5996094,125,26,39.19531,191.40625,,6,5.5,145,7.399414,111,56,1755,0,0,no dnr,0,0,SIP>=30
4448,5597,64.08197,female,white,6,,ARF/MOSF w/Sepsis,ARF/MOSF,2,0,128,13,115,8,36.39844,376.625,,,7.29980469,136,7.299805,100,86,1138,,0,dnr after sadm,1,1,adl>=4 (>=5 if sur)
4449,8306,65.396,male,white,11,under $11k,CHF,COPD/CHF/Cirrhosis,7,0,79,9.59960938,73,28,36.39844,,4.5996094,0.79992676,3,139,,,,,0,0,no dnr,0,1,no(M2 and SIP pres)
4450,8611,71.26099,male,white,3,$11-$25k,MOSF w/Malig,ARF/MOSF,1,44,59,25.6992188,70,40,36.39844,200,,,2.09960938,130,7.399414,138,37,385,,,no dnr,1,1,<2 mo. follow-up
4451,802,72.0,female,black,12,under $11k,CHF,COPD/CHF/Cirrhosis,1,0,83,8.8984375,100,24,37,404.75,,0.59997559,0.89990234,138,7.459961,,,,,,no dnr,0,1,
4452,7590,67.95898,male,white,12,$11-$25k,COPD,COPD/CHF/Cirrhosis,2,0,90,10.1992188,116,20,36.29688,,3.5996094,0.39996338,1.09985352,136,,106,17,1700,0,0,no dnr,0,0,no(M2 and SIP pres)
4453,8762,41.83197,female,white,12,$25-$50k,ARF/MOSF w/Sepsis,ARF/MOSF,1,0,57,10.3984375,167,24,35.89844,,,,1,137,,91,21,,,0,no dnr,0,0,no(M2 and SIP pres)
4454,7235,56.41898,male,white,11,$25-$50k,MOSF w/Malig,ARF/MOSF,2,0,107,8.8984375,80,16,36.29688,319,4.2998047,0.5,1.79980469,137,7.469727,198,23,,1,1,dnr after sadm,1,1,<2 mo. follow-up
4455,2675,45.95798,male,white,12,>$50k,ARF/MOSF w/Sepsis,ARF/MOSF,1,0,111,0.09999084,140,28,36.29688,380,2,0.79992676,3.5,142,7.359375,235,69,2250,0,0,no dnr,0,0,no(M2 and SIP pres)
4456,3526,60.01599,male,white,,,MOSF w/Malig,ARF/MOSF,2,44,44,0.09999084,180,12,37.29688,252.5,1.8999023,4.69921875,3.79980469,153,7.289062,,,,,,dnr after sadm,1,1,<2 mo. follow-up
4457,2177,82.39294,male,white,9,$11-$25k,MOSF w/Malig,ARF/MOSF,3,0,73,8.8984375,70,25,37.79688,188,3.199707,,1.09985352,142,7.399414,,,,0,0,no dnr,0,0,no(M2 and SIP pres)
4458,4645,63.69299,female,black,,,COPD,COPD/CHF/Cirrhosis,1,0,93,7.59960938,70,20,36.29688,228.5625,3.7998047,0.5,2.79980469,135,7.40918,220,61,1900,1,0,no dnr,0,0,no(M2 and SIP pres)
4459,7423,63.10498,male,hispanic,16,under $11k,ARF/MOSF w/Sepsis,ARF/MOSF,0,41,123,11.2988281,114,26,39.19531,148.375,3.0996094,0.79992676,1.5,139,7.449219,160,33,1555,,0,no dnr,1,1,<2 mo. follow-up
4460,5425,30.10799,female,white,14,$25-$50k,ARF/MOSF w/Sepsis,ARF/MOSF,2,0,30,1,175,35,39.09375,131.65625,3.0996094,0.29998779,1.89990234,153,7.149414,9,52,843,,0,,0,0,no(M2 and SIP pres)
4461,7397,68.34796,male,white,12,$11-$25k,ARF/MOSF w/Sepsis,ARF/MOSF,1,0,115,24,122,40,38.59375,200,3.7998047,0.5,0.79992676,143,7.489258,181,14,3230,,1,no dnr,0,0,no(M2 and SIP pres)
4462,4967,55.61398,male,white,12,$25-$50k,Colon Cancer,Cancer,2,0,73,10.5996094,65,24,39.19531,144,,1.19995117,1.29980469,135,7.489258,216,28,3130,3,,no dnr,0,1,<2 mo. follow-up
4463,8366,40.93597,female,white,12,$11-$25k,ARF/MOSF w/Sepsis,ARF/MOSF,1,0,109,12.8984375,108,22,37.69531,93.875,,0.19998169,7.29980469,129,7.349609,,,,0,0,no dnr,0,0,no(M2 and SIP pres)
4464,6162,36.99899,male,white,12,$11-$25k,ARF/MOSF w/Sepsis,ARF/MOSF,1,44,69,14.0996094,111,23,38.39844,127.26562,3.699707,63,5.59960938,139,7.439453,,,,,,dnr after sadm,1,1,<2 mo. follow-up
4465,2478,49.65399,female,white,13,,ARF/MOSF w/Sepsis,ARF/MOSF,3,0,43,5.89941406,111,15,38.59375,336,2.3999023,1.19995117,5.39941406,151,7.389648,99,70,285,,6,dnr after sadm,0,0,adl>=4 (>=5 if sur)
4466,1809,83.30194,male,white,12,under $11k,CHF,COPD/CHF/Cirrhosis,1,0,71,10.3984375,54,24,35.59375,290,,,2.39990234,139,7.449219,,,,0,,dnr after sadm,0,1,no(M2 and SIP pres)
4467,666,35.603,male,white,,,Colon Cancer,Cancer,1,0,79,25.5976562,120,22,39.59375,,3.0996094,0.39996338,0.79992676,133,,,,,,,no dnr,0,1,
4468,8273,73.78796,female,white,12,under $11k,ARF/MOSF w/Sepsis,ARF/MOSF,3,0,44,16.3984375,102,28,38.89844,150,,,1.5,137,7.459961,,,,,5,dnr after sadm,0,1,no(M2 and SIP pres)
4469,961,68.40796,female,white,,,COPD,COPD/CHF/Cirrhosis,6,0,75,4.29980469,60,28,36.59375,339.125,,0.59997559,1.09985352,141,7.369141,89,21,300,,,no dnr,0,0,
4470,3570,64.01099,female,white,12,under $11k,COPD,COPD/CHF/Cirrhosis,1,0,63,4.5,80,22,36.19531,328.5625,3.3999023,0.79992676,0.89990234,145,7.359375,,,,4,6,no dnr,0,0,no(M2 and SIP pres)
4471,8131,83.474,male,white,8,under $11k,COPD,COPD/CHF/Cirrhosis,2,0,106,10,69,24,35.39844,,,,1.29980469,140,,,,,0,0,no dnr,0,0,no(M2 and SIP pres)
4472,1598,79.35095,male,white,7,under $11k,CHF,COPD/CHF/Cirrhosis,4,0,101,10.6992188,74,16,36.09375,155.09375,4.2998047,,1.89990234,131,7.359375,,,,2,1,no dnr,0,1,<2 mo. follow-up
4473,1783,46.349,male,white,,,ARF/MOSF w/Sepsis,ARF/MOSF,1,0,57,23.796875,102,12,37,268.3125,2.3999023,39.296875,3.89990234,138,7.419922,,,,,,dnr after sadm,1,1,<2 mo. follow-up
4474,4209,33.66699,male,white,9,under $11k,Cirrhosis,COPD/CHF/Cirrhosis,3,0,108,5.29980469,74,26,38.5,300,2.2998047,7.39941406,0.69995117,136,7.419922,,,,2,,no dnr,0,0,
4475,8200,88.11499,male,white,5,,COPD,COPD/CHF/Cirrhosis,1,0,105,11.2988281,100,36,36.19531,159.15625,4.3994141,0.39996338,1.69995117,142,7.449219,,,,,0,dnr after sadm,0,1,no(M2 and SIP pres)
4476,5138,66.81494,female,white,14,,MOSF w/Malig,ARF/MOSF,1,0,105,8.19921875,65,14,35.09375,385.6875,,0.39996338,1.89990234,139,7.489258,231,52,1950,,3,dnr after sadm,1,1,<2 mo. follow-up
4477,795,95.66095,female,white,10,,CHF,COPD/CHF/Cirrhosis,1,9,89,11.5996094,84,36,38,262.9375,3.199707,0.79992676,1.09985352,144,7.419922,,,,,4,no dnr,0,1,
4478,3751,78.69397,male,black,,,ARF/MOSF w/Sepsis,ARF/MOSF,1,100,27,9.69921875,26,24,35.5,41,1.5998535,1.09985352,4.79980469,164,7.149414,,,,,,no dnr,1,1,<2 mo. follow-up
4479,6135,71.39795,female,white,8,,Coma,Coma,1,100,141,30.5,167,0,35.79688,375.5,,1,0.79992676,140,7.339844,,,,,0,dnr after sadm,1,1,<2 mo. follow-up
4480,6471,70.67999,male,white,13,$11-$25k,Coma,Coma,2,0,128,7.29980469,130,34,39.19531,118.75,2.5,1.59985352,0.89990234,138,7.5,,,,,0,no dnr,0,1,no(M2 and SIP pres)
4481,6567,55.06897,male,white,11,$25-$50k,ARF/MOSF w/Sepsis,ARF/MOSF,2,44,119,7.39941406,150,28,39.09375,471.375,2.8999023,6.5,0.79992676,129,7.469727,,,,,0,no dnr,0,0,no(M2 and SIP pres)
4482,4888,37.83698,male,asian,16,$25-$50k,MOSF w/Malig,ARF/MOSF,1,0,79,7.19921875,72,20,38.69531,,2.8999023,0.59997559,0.89990234,141,,97,5,4700,0,0,no dnr,0,0,no(M2 and SIP pres)
4483,4685,59.573,female,white,10,$25-$50k,COPD,COPD/CHF/Cirrhosis,1,0,138,12,115,38,37.79688,220,1.8999023,0.39996338,5.39941406,131,7.429688,114,72,780,,,no dnr,0,0,
4484,2051,34.51297,male,white,12,,Coma,Coma,2,0,57,2,58,12,33.5,178,2.2998047,,1.39990234,142,7.40918,,,,,6,no dnr,0,1,adl>=4 (>=5 if sur)
4485,5185,75.87994,female,white,11,under $11k,CHF,COPD/CHF/Cirrhosis,4,9,125,25.6992188,125,32,37.69531,246.65625,,,2.59960938,141,7.399414,249,70,1155,0,0,dnr after sadm,0,1,no(M2 and SIP pres)
4486,3008,74.13794,female,white,,under $11k,ARF/MOSF w/Sepsis,ARF/MOSF,1,0,107,15.2988281,112,27,36.69531,242.84375,,,1.19995117,140,7.439453,150,20,1670,,6,dnr after sadm,0,0,adl>=4 (>=5 if sur)
4487,3154,65.34399,male,white,12,$11-$25k,ARF/MOSF w/Sepsis,ARF/MOSF,2,0,90,12.8984375,100,20,37.19531,290.4375,,,0.79992676,139,7.449219,126,17,,0,0,dnr after sadm,1,1,<2 mo. follow-up
4488,612,42.823,female,white,15,,MOSF w/Malig,ARF/MOSF,1,26,67,3.29980469,130,50,39.59375,116.65625,2.5,,1.5,149,7.329102,,,,,1,no dnr,1,1,Coma or Intub
4489,4368,23.10699,female,black,12,under $11k,ARF/MOSF w/Sepsis,ARF/MOSF,1,0,73,7.59960938,60,16,39.19531,,,,,138,,143,6,1390,0,0,no dnr,0,0,no(M2 and SIP pres)
4490,5833,35.49899,female,white,18,$25-$50k,MOSF w/Malig,ARF/MOSF,1,44,54,3.19970703,176,60,40,98.59375,2.5996094,1.09985352,0.89990234,145,7.289062,,,,,2,no dnr,1,1,<2 mo. follow-up
4491,2789,73.89496,female,white,12,under $11k,MOSF w/Malig,ARF/MOSF,1,0,76,5.39941406,58,28,36.59375,361.875,2.8999023,0.89990234,1.09985352,135,7.439453,133,39,492,,,dnr before sadm,1,1,<2 mo. follow-up
4492,5868,64.88196,male,white,10,$11-$25k,Colon Cancer,Cancer,1,0,73,13.0996094,75,26,35,,1.5998535,1.09985352,0.5,133,,,,,4,,dnr after sadm,1,1,<2 mo. follow-up
4493,2781,66.00397,female,hispanic,13,$11-$25k,MOSF w/Malig,ARF/MOSF,5,0,97,24.5,100,5,37.79688,111.65625,,,1.09985352,137,7.449219,136,29,,2,3,dnr after sadm,0,1,<2 mo. follow-up
4494,827,65.99896,female,white,11,,Cirrhosis,COPD/CHF/Cirrhosis,2,0,75,6.89941406,96,24,38.19531,,2.2998047,2.69970703,0.69995117,131,,,,,5,5,no dnr,0,0,SIP>=30
4495,2622,54.103,male,white,,,ARF/MOSF w/Sepsis,ARF/MOSF,1,0,63,13.5,70,20,36.59375,,1.7998047,6.5,2.79980469,137,,132,82,980,2,1,no dnr,0,0,SIP>=30
4496,6307,68.25494,female,white,12,,ARF/MOSF w/Sepsis,ARF/MOSF,2,0,71,26.0976562,176,8,36.5,198,2.7998047,0.59997559,7,131,7.379883,,,,,0,no dnr,1,1,<2 mo. follow-up
4497,8045,75.56696,male,white,15,$25-$50k,CHF,COPD/CHF/Cirrhosis,2,0,63,10.0996094,62,28,36.19531,,,,1.79980469,129,,,,,0,0,no dnr,0,1,no(M2 and SIP pres)
4498,7949,58.75198,male,white,12,,Lung Cancer,Cancer,4,0,65,6.5,114,20,36,,4.0996094,0.59997559,1.09985352,133,,,,,0,,no dnr,0,1,no(M2 and SIP pres)
4499,4936,76.85999,female,white,14,$11-$25k,ARF/MOSF w/Sepsis,ARF/MOSF,0,0,125,14.2988281,135,12,39,263.3125,3.3999023,1.89990234,0.69995117,138,7.529297,120,11,2985,3,3,no dnr,0,0,no(M2 and SIP pres)
4500,6670,41.306,male,white,14,under $11k,Cirrhosis,COPD/CHF/Cirrhosis,3,0,101,10.2988281,110,20,37.89844,338.0625,3,9.3984375,0.59997559,132,7.519531,,,,0,0,no dnr,0,0,no(M2 and SIP pres)
4501,1737,84.85999,male,black,10,,COPD,COPD/CHF/Cirrhosis,2,0,103,14.3984375,80,22,37.79688,,,,1.39990234,142,7.389648,,,,3,,no dnr,0,1,no(M2 and SIP pres)
4502,5527,52.47598,female,white,,,ARF/MOSF w/Sepsis,ARF/MOSF,2,0,125,12.8984375,125,8,36.29688,172.5,,,1.89990234,145,7.439453,286,19,4385,,,dnr after sadm,1,1,<2 mo. follow-up
4503,6259,79.88794,male,white,12,under $11k,ARF/MOSF w/Sepsis,ARF/MOSF,4,0,73,5.59960938,121,29,36.79688,200,2.5996094,1.09985352,1.79980469,134,7.369141,,,,,7,dnr after sadm,1,1,adl>=4 (>=5 if sur)
4504,533,43.21399,female,,,,MOSF w/Malig,ARF/MOSF,2,26,57,7.69921875,120,36,39.19531,150,,,1.89990234,134,7.5,,,,,,dnr after sadm,1,1,<2 mo. follow-up
4505,6213,69.24597,male,white,8,$11-$25k,ARF/MOSF w/Sepsis,ARF/MOSF,3,0,119,2.19970703,73,10,36.5,214,1.8999023,0.79992676,4.59960938,136,7.369141,,,,,0,dnr after sadm,1,1,<2 mo. follow-up
4506,2364,63.228,male,white,16,>$50k,MOSF w/Malig,ARF/MOSF,1,0,53,2.89990234,56,12,38.39844,63,3,2.19970703,3.39990234,138,7.339844,,,,,0,dnr after sadm,1,1,<2 mo. follow-up
4507,3132,67.37897,male,white,11,,COPD,COPD/CHF/Cirrhosis,6,0,77,14.2988281,130,12,38.89844,354,2,,0.79992676,140,7.479492,154,22,3680,1,0,no dnr,0,0,no(M2 and SIP pres)
4508,8586,72.48999,male,white,14,,ARF/MOSF w/Sepsis,ARF/MOSF,2,0,78,10.6992188,62,20,35.69531,319,,,1.09985352,136,7.509766,131,18,1200,,1,dnr after sadm,0,1,no(M2 and SIP pres)
4509,4351,66.53796,male,white,15,$11-$25k,MOSF w/Malig,ARF/MOSF,2,0,65,17.8984375,20,50,38.79688,226.65625,2.7998047,0.39996338,0.79992676,145,7.439453,176,8,2150,,0,dnr after sadm,1,1,<2 mo. follow-up
4510,1485,58.54599,female,white,,,CHF,COPD/CHF/Cirrhosis,4,0,72,7.79980469,135,10,36.69531,391.8125,,0.39996338,0.69995117,136,7.519531,103,7,5660,,,no dnr,0,0,
4511,1666,81.57196,female,white,12,,CHF,COPD/CHF/Cirrhosis,2,0,113,6.89941406,134,42,38.59375,304,2.699707,0.59997559,0.89990234,132,7.40918,,,,,,dnr after sadm,1,1,<2 mo. follow-up
4512,2276,72.91199,male,white,12,,CHF,COPD/CHF/Cirrhosis,4,0,73,10,80,20,36.69531,102.5,,0.59997559,1.09985352,135,7.439453,,,,,,no dnr,0,1,<2 mo. follow-up
4513,6465,52.82098,female,white,12,under $11k,ARF/MOSF w/Sepsis,ARF/MOSF,3,9,113,14.5996094,131,32,38.69531,162.84375,2.5,0.39996338,1.29980469,134,7.40918,,,,3,2,no dnr,0,0,SIP>=30
4514,7657,61.28998,male,black,,,MOSF w/Malig,ARF/MOSF,2,94,77,11.1992188,120,20,35.69531,304.75,,,0.89990234,139,7.359375,159,23,3100,,,dnr before sadm,1,1,<2 mo. follow-up
4515,6046,76.38898,female,white,8,under $11k,ARF/MOSF w/Sepsis,ARF/MOSF,1,0,103,15.8984375,101,20,36.29688,310,1.8999023,1.59985352,2.5,135,7.349609,,,,0,0,no dnr,0,0,no(M2 and SIP pres)
4516,5522,70.09698,male,white,9,under $11k,ARF/MOSF w/Sepsis,ARF/MOSF,0,0,73,10.5996094,65,7,36.5,182.5,,,1.39990234,138,7.489258,94,19,2010,6,0,no dnr,0,0,adl>=4 (>=5 if sur)
4517,2004,60.79398,male,black,12,,CHF,COPD/CHF/Cirrhosis,3,0,80,6.09960938,100,25,35.59375,,,,1.89990234,149,,,,,0,,dnr after sadm,0,1,no(M2 and SIP pres)
4518,8621,47.23297,male,white,,,ARF/MOSF w/Sepsis,ARF/MOSF,0,0,103,5.69921875,67,22,36.39844,213.03125,2.8999023,3.69970703,0.79992676,141,7.389648,118,13,850,,1,dnr after sadm,0,1,
4519,5590,62.66098,male,white,15,>$50k,Lung Cancer,Cancer,2,0,95,14.6992188,60,10,37,174.28125,,0.69995117,0.69995117,130,7.589844,118,12,3702,0,0,no dnr,0,1,no(M2 and SIP pres)
4520,5997,68.02197,female,black,,under $11k,MOSF w/Malig,ARF/MOSF,4,0,102,1.59985352,116,12,38.89844,344.3125,1.6999512,0.69995117,1.09985352,162,7.349609,,,,,7,dnr after sadm,1,1,<2 mo. follow-up
4521,7334,77.34198,male,black,7,under $11k,CHF,COPD/CHF/Cirrhosis,7,9,111,8.59960938,80,34,34.79688,428.5625,2.7998047,1.39990234,0.69995117,138,7.479492,128,7,,,2,no dnr,0,0,adl>=4 (>=5 if sur)
4522,242,81.77698,female,black,7,,Cirrhosis,COPD/CHF/Cirrhosis,2,0,107,3.59960938,92,26,36.79688,,2.199707,,0.69995117,138,,,,,5,0,no dnr,0,1,SIP>=30
4523,4461,100.67896,male,black,8,under $11k,COPD,COPD/CHF/Cirrhosis,2,0,70,5.39941406,64,8,35.79688,177.5,,,1.29980469,138,7.5,128,38,1545,,7,dnr after sadm,1,1,<2 mo. follow-up
4524,5451,55.87097,female,white,12,,Lung Cancer,Cancer,1,0,55,19.5,160,30,38,320,2.7998047,0.79992676,10,133,7.399414,78,89,200,,,dnr after sadm,1,1,<2 mo. follow-up
4525,6626,67.86298,female,black,8,under $11k,Coma,Coma,2,94,70,17.8984375,144,12,39.09375,225,2.5,0.59997559,0.89990234,131,7.459961,,,,,7,dnr after sadm,1,1,<2 mo. follow-up
4526,6298,49.93597,male,white,18,>$50k,Lung Cancer,Cancer,1,0,73,3.5,104,22,36.19531,,3.0996094,0.29998779,0.5,136,,,,,5,5,no dnr,0,1,SIP>=30
4527,14,68.14197,male,white,12,$11-$25k,CHF,COPD/CHF/Cirrhosis,0,0,68,9.3984375,80,22,36,,,0.59997559,2.59960938,139,,,,,0,0,no dnr,0,1,no(M2 and SIP pres)
4528,1979,79.06598,male,white,9,under $11k,ARF/MOSF w/Sepsis,ARF/MOSF,2,9,63,17,100,7,35.59375,266.625,3.5996094,2.89990234,2.59960938,127,7.269531,,,,,3,dnr before sadm,1,1,<2 mo. follow-up
4529,5111,55.84399,male,black,5,under $11k,ARF/MOSF w/Sepsis,ARF/MOSF,1,9,100,8.3984375,72,32,38.39844,292,3.2998047,0.39996338,0.89990234,133,7.469727,93,23,,0,,no dnr,0,0,
4530,4418,56.63199,male,white,12,under $11k,ARF/MOSF w/Sepsis,ARF/MOSF,1,9,112,22.5976562,67,20,36.79688,,3.2998047,1,1.29980469,136,,93,16,700,,0,dnr after sadm,1,1,<2 mo. follow-up
4531,6788,55.38098,female,white,10,under $11k,COPD,COPD/CHF/Cirrhosis,3,0,92,10.6992188,114,22,37.09375,134.6875,3.3999023,0.19998169,0.89990234,137,7.299805,152,35,,0,0,no dnr,0,1,adl>=4 (>=5 if sur)
4532,2989,77.862,female,white,15,$11-$25k,ARF/MOSF w/Sepsis,ARF/MOSF,3,0,69,6.29980469,72,20,35.79688,,,0.5,1.19995117,142,,106,14,2875,,0,no dnr,0,1,no(M2 and SIP pres)
4533,7271,55.29099,female,white,12,$11-$25k,ARF/MOSF w/Sepsis,ARF/MOSF,0,9,99,4.69921875,88,20,36.89844,180,4.3994141,0.5,1.39990234,131,7.349609,105,16,,6,6,dnr after sadm,1,1,<2 mo. follow-up
4534,5636,74.85797,female,white,,under $11k,ARF/MOSF w/Sepsis,ARF/MOSF,1,44,58,19.6992188,115,56,38.59375,200,3.0996094,36.1953125,4.19921875,137,7.40918,122,136,665,,0,dnr after sadm,0,1,<2 mo. follow-up
4535,162,36.45999,female,white,,,Coma,Coma,0,61,110,16,123,34,39,104,5.6992188,,0.69995117,139,7.5,,,,,,no dnr,0,0,
4536,8277,76.46497,female,white,16,under $11k,Cirrhosis,COPD/CHF/Cirrhosis,3,0,85,7.09960938,92,20,36.39844,338.0625,2.7998047,2.79980469,1.69995117,132,7.489258,,,,1,,dnr after sadm,0,1,<2 mo. follow-up
4537,8101,71.461,male,white,8,under $11k,ARF/MOSF w/Sepsis,ARF/MOSF,0,0,73,8.69921875,60,24,36.29688,128.5625,4.3994141,1.79980469,1.19995117,139,7.469727,,,,0,2,no dnr,0,0,no(M2 and SIP pres)
4538,326,29.769,male,asian,,,ARF/MOSF w/Sepsis,ARF/MOSF,0,0,110,16,120,30,37.69531,397.5,2,4.29980469,0.69995117,135,7.459961,,,,,,no dnr,0,0,
4539,6849,67.08295,male,white,8,under $11k,ARF/MOSF w/Sepsis,ARF/MOSF,1,0,117,9.3984375,77,36,36.39844,,,,0.79992676,126,,112,16,1850,0,1,no dnr,0,0,no(M2 and SIP pres)
4540,630,80.01099,male,white,13,$25-$50k,ARF/MOSF w/Sepsis,ARF/MOSF,1,44,63,15.2988281,100,28,38,277.75,,,1.09985352,148,7.519531,,,,,,dnr after sadm,0,1,<2 mo. follow-up
4541,1139,54.461,male,white,16,>$50k,ARF/MOSF w/Sepsis,ARF/MOSF,2,44,107,44.796875,135,28,37.89844,356.625,,12.7988281,3.59960938,142,7.519531,191,90,3875,,3,no dnr,1,1,<2 mo. follow-up
4542,650,39.63898,male,white,13,,Cirrhosis,COPD/CHF/Cirrhosis,2,0,71,34.3984375,80,20,36.39844,404.75,2.5,29.5976562,5.89941406,122,7.30957,,,,5,0,no dnr,0,0,SIP>=30
4543,1829,87.70996,female,white,16,under $11k,ARF/MOSF w/Sepsis,ARF/MOSF,1,100,61,17.5976562,107,28,36.19531,124.48438,3.3999023,0.79992676,2.5,136,7.299805,,,,,3,no dnr,0,0,adl>=4 (>=5 if sur)
4544,2201,77.82599,female,white,16,$25-$50k,ARF/MOSF w/Sepsis,ARF/MOSF,1,0,60,5.79980469,49,24,36.19531,300,2.7998047,,1.89990234,137,7.449219,,,,0,,dnr before sadm,0,0,no(M2 and SIP pres)
4545,3932,72.78894,male,white,14,>$50k,Lung Cancer,Cancer,2,0,120,11.3984375,120,28,36.09375,,,0.59997559,1.79980469,136,,,,,0,1,no dnr,0,1,no(M2 and SIP pres)
4546,3144,79.80597,female,white,12,,ARF/MOSF w/Sepsis,ARF/MOSF,1,0,107,6.89941406,100,26,35.39844,,4,,1.09985352,139,,106,19,3250,,1,dnr after sadm,0,0,no(M2 and SIP pres)
4547,8356,62.37399,female,white,12,,COPD,COPD/CHF/Cirrhosis,3,0,83,8.5,101,20,36.79688,180.9375,4.2998047,0.5,0.69995117,127,7.449219,,,,,,no dnr,0,0,
4548,6166,49.10098,male,white,12,,ARF/MOSF w/Sepsis,ARF/MOSF,0,44,67,21.1992188,126,9,39.59375,177.5,2.0996094,3.5,1.39990234,145,7.509766,,,,,0,no dnr,0,0,SIP>=30
4549,67,57.19098,male,white,12,$11-$25k,CHF,COPD/CHF/Cirrhosis,2,0,59,16,85,26,36.79688,204.75,,0.5,0.79992676,126,7.449219,,,,0,,no dnr,0,1,<2 mo. follow-up
4550,2797,53.75497,female,white,4,under $11k,Cirrhosis,COPD/CHF/Cirrhosis,4,0,93,4.39941406,80,20,36.69531,246.65625,,,1.19995117,140,7.439453,87,30,1800,5,6,no dnr,0,1,
4551,9042,63.59799,female,white,,under $11k,ARF/MOSF w/Sepsis,ARF/MOSF,1,0,80,12.0996094,74,22,36.39844,,,,0.79992676,135,,205,12,2225,,2,dnr after sadm,0,1,<2 mo. follow-up
4552,7868,61.23199,female,white,8,under $11k,COPD,COPD/CHF/Cirrhosis,3,0,65,12,126,24,38.09375,180,4.0996094,0.39996338,1,136,7.519531,,,,5,,dnr after sadm,0,1,adl>=4 (>=5 if sur)
4553,3527,71.75598,male,black,8,under $11k,ARF/MOSF w/Sepsis,ARF/MOSF,1,9,63,24.796875,110,18,36.39844,170,2.5996094,0.89990234,2.09960938,140,7.5,,,,,0,no dnr,0,1,no(M2 and SIP pres)
4554,4867,84.862,male,white,14,under $11k,ARF/MOSF w/Sepsis,ARF/MOSF,1,44,100,17.6992188,120,30,38.29688,310,2,2.69970703,1.39990234,139,7.419922,121,48,2330,,6,dnr after sadm,1,1,<2 mo. follow-up
4555,3127,80.99896,male,white,14,$25-$50k,Lung Cancer,Cancer,1,9,60,13.6992188,130,12,39.39844,58,,0.69995117,2.89990234,141,7.25,128,30,2226,,,dnr after sadm,1,1,<2 mo. follow-up
4556,1917,52.43799,male,white,,,Lung Cancer,Cancer,3,0,90,10.5,90,20,37.79688,342.8125,4.0996094,2.09960938,1.29980469,136,7.489258,,,,,,no dnr,0,1,
4557,4696,67.685,female,black,12,,ARF/MOSF w/Sepsis,ARF/MOSF,0,55,0,24.1992188,0,0,36.5,413.3125,,,2.09960938,143,7.40918,167,46,1180,,0,dnr after sadm,0,1,<2 mo. follow-up
4558,6945,68.12299,male,white,16,>$50k,ARF/MOSF w/Sepsis,ARF/MOSF,1,9,44,13.2988281,71,14,35.89844,,2.3999023,0.69995117,3.39990234,129,,82,65,1532,,,dnr after sadm,1,1,<2 mo. follow-up
4559,5107,63.17297,female,white,16,>$50k,Colon Cancer,Cancer,1,0,105,19.3984375,75,28,36,170,,0.79992676,1.39990234,148,7.40918,283,64,1470,0,,no dnr,0,1,no(M2 and SIP pres)
4560,5691,63.24399,female,white,10,,Coma,Coma,2,0,77,15.0996094,84,20,36.09375,,4.2998047,0.69995117,1.29980469,142,,92,26,1125,,1,dnr before sadm,0,1,adl>=4 (>=5 if sur)
4561,2953,60.57999,male,white,7,under $11k,ARF/MOSF w/Sepsis,ARF/MOSF,3,0,123,5.79980469,69,42,39.39844,166,2.3999023,,1.69995117,149,7.459961,245,50,1415,0,0,no dnr,0,0,SIP>=30
4562,4582,69.70599,male,white,6,$25-$50k,CHF,COPD/CHF/Cirrhosis,3,0,119,15.1992188,66,36,38.19531,303.3125,,,0.89990234,133,7.509766,200,7,2280,1,7,no dnr,0,0,no(M2 and SIP pres)
4563,5197,76.047,male,white,16,>$50k,COPD,COPD/CHF/Cirrhosis,4,0,52,21.5976562,70,12,38.09375,134,2.5996094,0.79992676,1.29980469,149,7.379883,147,46,910,0,,no dnr,0,0,no(M2 and SIP pres)
4564,6086,51.26099,male,black,8,under $11k,CHF,COPD/CHF/Cirrhosis,3,0,75,8.79882812,96,24,36,314.75,4.1992188,1.19995117,1,137,7.399414,,,,4,5,no dnr,0,1,
4565,4417,58.59799,female,white,0,under $11k,MOSF w/Malig,ARF/MOSF,2,0,134,14.5,120,34,36.39844,226.65625,,0.39996338,2.89990234,138,7.239258,155,61,2070,,7,dnr after sadm,1,1,<2 mo. follow-up
4566,62,30.76199,male,hispanic,10,under $11k,CHF,COPD/CHF/Cirrhosis,1,0,70,6.59960938,122,16,36.5,528.5,,,2.09960938,133,7.459961,,,,0,,no dnr,0,0,no(M2 and SIP pres)
4567,1815,49.61499,female,white,,,MOSF w/Malig,ARF/MOSF,1,0,55,23.1992188,150,10,39.19531,140,1.8999023,,0.5,146,7.359375,,,,,,dnr after sadm,1,1,<2 mo. follow-up
4568,3357,73.57697,female,black,6,under $11k,ARF/MOSF w/Sepsis,ARF/MOSF,2,44,111,15.8984375,116,41,38.5,350,2.7998047,1.09985352,1.59985352,141,7.459961,,,,,2,dnr after sadm,1,1,<2 mo. follow-up
4569,994,38.94299,male,white,14,>$50k,ARF/MOSF w/Sepsis,ARF/MOSF,0,0,108,17.6992188,115,28,36,304,1.8999023,8.8984375,1.19995117,135,7.399414,330,22,1360,,5,no dnr,0,1,adl>=4 (>=5 if sur)
4570,571,73.01794,female,hispanic,,$25-$50k,ARF/MOSF w/Sepsis,ARF/MOSF,0,0,73,13.2988281,65,16,38.39844,390,,,1,120,7.439453,,,,,1,no dnr,0,0,no(M2 and SIP pres)
4571,5187,69.64496,female,white,13,>$50k,ARF/MOSF w/Sepsis,ARF/MOSF,1,0,160,43.1953125,125,28,37.69531,280,2.199707,1.09985352,2.5,151,7.369141,202,59,2110,,0,dnr after sadm,0,1,<2 mo. follow-up
4572,1052,48.94998,female,hispanic,12,under $11k,CHF,COPD/CHF/Cirrhosis,2,0,107,6.89941406,105,22,36,,,,0.79992676,136,,105,12,2470,0,,no dnr,0,0,no(M2 and SIP pres)
4573,1203,23.17,male,black,14,>$50k,ARF/MOSF w/Sepsis,ARF/MOSF,0,0,103,22,96,28,38,155.09375,,,0.79992676,133,7.40918,,8,2900,0,0,no dnr,0,0,
4574,723,39.81897,male,white,13,,ARF/MOSF w/Sepsis,ARF/MOSF,2,100,35,18.3984375,130,15,38.79688,100,2.0996094,20.296875,3,132,7.30957,,,,,,no dnr,1,1,<2 mo. follow-up
4575,8591,70.01196,female,white,,,Coma,Coma,2,0,109,5.5,67,22,36.39844,,3.3999023,0.29998779,0.59997559,133,,119,13,3000,,,no dnr,0,1,
4576,906,62.133,male,white,12,>$50k,CHF,COPD/CHF/Cirrhosis,4,0,47,11.5,80,20,36.79688,,,,3,132,,,77,3885,0,,no dnr,1,1,<2 mo. follow-up
4577,5591,60.54797,male,white,12,$11-$25k,Coma,Coma,0,44,102,12.3984375,100,16,35.69531,376.1875,2.8999023,0.39996338,1.59985352,142,7.419922,117,31,,,1,no dnr,0,1,<2 mo. follow-up
4578,8398,43.63898,male,white,12,$25-$50k,Coma,Coma,0,100,114,25.796875,74,34,36.09375,445,2.699707,0.89990234,0.69995117,129,7.5,,,,,1,dnr after sadm,0,1,<2 mo. follow-up
4579,5304,42.56799,female,black,15,$11-$25k,MOSF w/Malig,ARF/MOSF,2,0,63,4.89941406,105,24,35.89844,,,3.69970703,1.19995117,137,,113,34,,0,0,no dnr,0,1,<2 mo. follow-up
4580,4935,71.16998,female,black,,under $11k,ARF/MOSF w/Sepsis,ARF/MOSF,3,0,123,16.796875,75,16,36.89844,130,2.3999023,,1.29980469,137,7.349609,128,26,2240,,1,no dnr,0,0,SIP>=30
4581,4813,70.25098,female,black,11,,ARF/MOSF w/Sepsis,ARF/MOSF,3,9,103,16,102,24,36.79688,159.15625,,1,0.69995117,145,7.329102,237,6,950,0,0,no dnr,0,1,no(M2 and SIP pres)
4582,9061,65.96594,female,white,12,,COPD,COPD/CHF/Cirrhosis,0,0,75,11.2988281,74,20,35.5,460,,,1.19995117,143,7.389648,154,21,1050,0,2,no dnr,0,0,no(M2 and SIP pres)
4583,8518,53.55197,female,white,12,$11-$25k,Coma,Coma,1,44,38,10.3984375,49,24,35.79688,156.25,3.0996094,8.29882812,3,135,7.269531,74,95,30,,2,no dnr,0,1,<2 mo. follow-up
4584,5237,78.64996,female,white,4,$11-$25k,Coma,Coma,0,100,105,7.79980469,55,12,38.79688,202.5,,0.59997559,2.59960938,133,7.459961,258,66,5620,,2,dnr after sadm,1,1,<2 mo. follow-up
4585,8445,82.55396,female,white,8,under $11k,Cirrhosis,COPD/CHF/Cirrhosis,1,100,67,14.6992188,126,34,35.69531,183.3125,1.7998047,0.79992676,2.89990234,138,7.369141,174,75,4340,,,dnr after sadm,1,1,<2 mo. follow-up
4586,5826,30.407,male,black,12,$11-$25k,MOSF w/Malig,ARF/MOSF,2,0,107,0.31994629,176,32,39.59375,147.125,3.7998047,2.09960938,3.09960938,135,7.379883,,,,,0,no dnr,0,1,no(M2 and SIP pres)
4587,7611,55.38699,male,white,8,under $11k,Lung Cancer,Cancer,2,0,128,7.59960938,83,24,36.59375,312,3.7998047,0.5,2.79980469,134,7.479492,277,34,1625,,6,dnr before sadm,1,1,<2 mo. follow-up
4588,5685,73.04297,female,black,6,under $11k,ARF/MOSF w/Sepsis,ARF/MOSF,2,0,142,5.79980469,115,28,38.59375,227.5,2.699707,,0.69995117,138,7.429688,121,18,2360,,0,no dnr,0,1,adl>=4 (>=5 if sur)
4589,5593,91.27698,female,white,12,,COPD,COPD/CHF/Cirrhosis,2,0,107,7.29980469,105,32,38.5,263.3125,2,,0.69995117,133,7.449219,343,17,4880,,1,no dnr,0,1,adl>=4 (>=5 if sur)
4590,3009,93.21295,female,white,9,,CHF,COPD/CHF/Cirrhosis,2,9,113,5.79980469,50,24,37.79688,371.375,2.0996094,4.29980469,1,142,7.479492,85,27,,1,1,dnr before sadm,0,0,no(M2 and SIP pres)
4591,1168,31.20299,male,other,17,$25-$50k,ARF/MOSF w/Sepsis,ARF/MOSF,0,0,115,17.6992188,145,28,40,138,,2.29980469,0.89990234,130,7.459961,113,7,4995,,0,no dnr,0,0,
4592,2879,78.75995,female,white,12,under $11k,ARF/MOSF w/Sepsis,ARF/MOSF,2,0,111,12.6992188,128,50,38.29688,261.875,3,,7.79980469,140,7.369141,126,82,1600,0,0,no dnr,0,0,no(M2 and SIP pres)
4593,6424,56.13699,female,white,12,$11-$25k,ARF/MOSF w/Sepsis,ARF/MOSF,1,44,68,12.5996094,111,24,36,256.625,2.199707,0.59997559,2.79980469,157,7.209961,,,,,2,no dnr,0,0,SIP>=30
4594,4535,68.62994,male,black,,,ARF/MOSF w/Sepsis,ARF/MOSF,1,37,39,1,144,28,38.89844,160,2.2998047,2.19970703,5,143,7.219727,70,68,975,,0,no dnr,0,0,adl>=4 (>=5 if sur)
4595,4214,31.034,female,white,8,$11-$25k,MOSF w/Malig,ARF/MOSF,1,55,110,11.5996094,124,32,39,300,1.8999023,0.39996338,1.5,146,7.399414,,,,,5,dnr after sadm,0,1,<2 mo. follow-up
4596,5487,65.61798,male,white,12,,Colon Cancer,Cancer,1,0,133,23,115,13,36.89844,304,2.0996094,0.89990234,6.69921875,131,7.369141,102,67,1595,,2,no dnr,0,1,no(M2 and SIP pres)
4597,4086,47.21997,male,black,12,,Coma,Coma,1,100,150,7.09960938,70,10,38.69531,388,1.7998047,0.79992676,5.29980469,145,7.459961,,,,,2,dnr after sadm,1,1,<2 mo. follow-up
4598,5486,84.69299,female,white,8,under $11k,Coma,Coma,0,100,67,0.59997559,125,32,39,420,2.0996094,4.89941406,3.39990234,138,7.329102,193,23,290,,0,dnr after sadm,1,1,<2 mo. follow-up
4599,6256,65.36298,female,white,12,under $11k,CHF,COPD/CHF/Cirrhosis,3,0,71,8.5,82,20,36.5,266.625,,0.89990234,1,135,7.509766,,,,4,0,dnr after sadm,0,1,no(M2 and SIP pres)
4600,5447,58.439,female,white,12,$25-$50k,MOSF w/Malig,ARF/MOSF,1,0,107,10,80,28,36.29688,,3.0996094,0.5,0.59997559,130,,248,9,4800,,,dnr after sadm,1,1,<2 mo. follow-up
4601,3113,64.95599,male,white,10,$11-$25k,Lung Cancer,Cancer,2,0,54,18.296875,121,10,38.79688,165,2.699707,0.89990234,1.39990234,146,7.489258,264,23,3751,0,2,no dnr,0,1,no(M2 and SIP pres)
4602,6851,78.05597,female,black,5,under $11k,ARF/MOSF w/Sepsis,ARF/MOSF,2,0,69,9.5,189,10,38.5,146,1.3999023,2,1.79980469,147,7.599609,208,37,2517,,4,no dnr,0,1,adl>=4 (>=5 if sur)
4603,6623,77.94098,male,white,12,under $11k,ARF/MOSF w/Sepsis,ARF/MOSF,1,61,61,11.2988281,156,26,35.69531,53,2,6.79980469,1.39990234,140,7.199219,,,,,2,dnr after sadm,1,1,<2 mo. follow-up
4604,7173,74.75195,female,white,7,under $11k,Cirrhosis,COPD/CHF/Cirrhosis,3,0,142,5.19921875,70,24,35.89844,323.75,3.8999023,0.89990234,1.29980469,144,7.459961,172,30,1350,0,,dnr after sadm,0,1,
4605,1941,61.30298,male,other,15,,ARF/MOSF w/Sepsis,ARF/MOSF,0,0,68,10,65,32,39.09375,177.5,3.0996094,0.79992676,1.29980469,141,7.379883,,,,,0,no dnr,0,0,no(M2 and SIP pres)
4606,4486,74.06696,female,white,18,$25-$50k,ARF/MOSF w/Sepsis,ARF/MOSF,0,44,117,11.0996094,104,22,38.09375,,,0.89990234,0.79992676,136,,126,6,1200,,,dnr after sadm,0,0,adl>=4 (>=5 if sur)
4607,7814,60.52298,male,white,12,$25-$50k,Lung Cancer,Cancer,2,0,103,,118,28,37,,,,0.89990234,133,,,,,1,,no dnr,0,1,no(M2 and SIP pres)
4608,1591,42.23999,male,white,12,,Cirrhosis,COPD/CHF/Cirrhosis,2,0,67,15,92,20,34.69531,,2.3999023,30.5976562,4.59960938,117,,,,,0,0,dnr after sadm,1,1,<2 mo. follow-up
4609,161,74.60394,male,white,10,,ARF/MOSF w/Sepsis,ARF/MOSF,3,0,157,14.6992188,40,16,36,220,,0.59997559,1.79980469,136,7.359375,,,,,,no dnr,0,1,
4610,2558,28.25999,female,white,11,,ARF/MOSF w/Sepsis,ARF/MOSF,1,0,83,5.69921875,60,20,35.59375,239.125,4,0.5,0.89990234,138,7.369141,171,11,,5,0,no dnr,0,0,no(M2 and SIP pres)
4611,6540,64.91998,male,white,8,under $11k,Lung Cancer,Cancer,1,0,107,12.7988281,118,20,36.69531,,3.5996094,0.89990234,1,136,,,,,,0,no dnr,0,1,<2 mo. follow-up
4612,4306,74.25598,female,white,12,$25-$50k,ARF/MOSF w/Sepsis,ARF/MOSF,1,0,147,13.1992188,69,8,36.89844,330,,,0.89990234,141,7.449219,185,11,2830,,5,no dnr,0,0,no(M2 and SIP pres)
4613,4533,24.101,female,white,12,,ARF/MOSF w/Sepsis,ARF/MOSF,0,0,49,13,60,6,36.79688,265,2.3999023,1.59985352,2,150,7.369141,100,66,1490,2,3,no dnr,0,0,adl>=4 (>=5 if sur)
4614,2847,76.96399,male,white,12,$11-$25k,ARF/MOSF w/Sepsis,ARF/MOSF,2,0,78,29.296875,68,10,35.69531,528.5,2.8999023,1.29980469,1.09985352,139,7.339844,289,33,2260,,0,dnr after sadm,1,1,<2 mo. follow-up
4615,8759,45.38498,male,white,,under $11k,ARF/MOSF w/Sepsis,ARF/MOSF,3,0,63,5.19921875,69,24,35.79688,185,,,1.09985352,145,7.359375,87,25,1425,,,no dnr,0,0,no(M2 and SIP pres)
4616,5937,69.63196,male,white,,,CHF,COPD/CHF/Cirrhosis,4,0,149,12,74,34,36,,3.699707,1.09985352,2.39990234,140,,,,,1,2,no dnr,0,1,no(M2 and SIP pres)
4617,1205,52.88397,male,white,19,>$50k,ARF/MOSF w/Sepsis,ARF/MOSF,3,9,72,21.796875,75,28,37.5,140.8125,2.5,8.19921875,2.39990234,132,7.429688,108,58,3460,,2,no dnr,0,0,no(M2 and SIP pres)
4618,3410,49.89697,male,white,12,$25-$50k,ARF/MOSF w/Sepsis,ARF/MOSF,0,37,73,0.29998779,116,33,37.79688,225,,0.39996338,1.19995117,135,7.40918,,,,,0,no dnr,1,1,<2 mo. follow-up
4619,8840,81.63995,male,white,7,,ARF/MOSF w/Sepsis,ARF/MOSF,0,9,137,13.5996094,60,24,35.69531,369.5625,,,0.89990234,130,7.319336,194,25,1975,,5,dnr after sadm,0,1,SIP>=30
4620,4557,77.26495,male,white,11,,ARF/MOSF w/Sepsis,ARF/MOSF,2,0,111,6.79980469,66,24,36.89844,,,,3.69970703,141,,169,26,1500,,3,dnr after sadm,1,1,<2 mo. follow-up
4621,7898,71.745,female,white,8,under $11k,Coma,Coma,0,89,110,,76,12,38.59375,135.53125,3.8999023,0.69995117,0.69995117,136,7.5,,,,,0,no dnr,0,1,<2 mo. follow-up
4622,3453,66.46698,female,black,10,,ARF/MOSF w/Sepsis,ARF/MOSF,1,100,45,10.5996094,140,36,38.59375,172.5,,,1.5,143,7.319336,,,,,0,dnr after sadm,1,1,<2 mo. follow-up
4623,6148,77.09198,male,white,,,Colon Cancer,Cancer,1,0,76,1.5,72,20,36.5,,3.5996094,1.29980469,1.39990234,137,,,,,,,no dnr,0,1,no(M2 and SIP pres)
4624,9098,64.48499,female,white,11,$11-$25k,Lung Cancer,Cancer,2,0,64,6.19921875,116,8,39.39844,175,3,,1.69995117,129,7.359375,278,59,3828,,,no dnr,0,0,no(M2 and SIP pres)
4625,6966,52.98599,male,white,10,under $11k,Cirrhosis,COPD/CHF/Cirrhosis,5,0,145,12.3984375,71,10,38.89844,257.125,4.0996094,1.09985352,2.89990234,136,7.239258,146,40,3450,1,,no dnr,0,0,SIP>=30
4626,5299,57.547,male,white,16,>$50k,Colon Cancer,Cancer,1,0,108,11.5,125,30,38,250,,,0.89990234,142,7.449219,148,28,1175,0,0,no dnr,0,0,no(M2 and SIP pres)
4627,7499,64.16394,male,white,13,$25-$50k,ARF/MOSF w/Sepsis,ARF/MOSF,1,26,78,10,124,24,35.79688,,3.0996094,2,0.5,128,,83,27,425,,1,no dnr,0,0,
4628,3551,76.06598,male,white,,,CHF,COPD/CHF/Cirrhosis,2,0,79,8.8984375,64,16,35.59375,285.6875,,,2.59960938,138,7.419922,,,,,,no dnr,0,1,
4629,3328,61.68698,female,black,12,under $11k,ARF/MOSF w/Sepsis,ARF/MOSF,3,0,67,11.2988281,110,40,36.69531,160,2.8999023,19.0976562,1.5,148,7.509766,,,,,7,dnr after sadm,1,1,<2 mo. follow-up
4630,5385,47.543,male,white,16,,Lung Cancer,Cancer,1,0,52,21.5,100,12,39,78.5625,,4.19921875,3.79980469,136,7.369141,261,60,135,0,0,no dnr,0,1,no(M2 and SIP pres)
4631,3518,76.11499,female,black,10,under $11k,CHF,COPD/CHF/Cirrhosis,3,0,102,6.69921875,68,20,36.59375,508,,,3.19970703,137,7.379883,,,,0,1,no dnr,0,1,no(M2 and SIP pres)
4632,4939,30.245,male,black,,,Coma,Coma,1,100,47,17.296875,125,38,36.69531,116.65625,,,1.09985352,142,7.299805,273,58,5450,,,no dnr,1,1,<2 mo. follow-up
4633,4409,65.23999,male,white,16,$25-$50k,MOSF w/Malig,ARF/MOSF,1,44,58,11,96,36,36.59375,304,,,2.09960938,133,7.509766,165,60,4485,,0,dnr after sadm,1,1,<2 mo. follow-up
4634,2888,48.97998,female,white,12,$25-$50k,ARF/MOSF w/Sepsis,ARF/MOSF,0,0,119,14.8984375,62,24,38.79688,167.34375,,,2.29980469,140,7.369141,125,31,1965,0,0,no dnr,0,0,no(M2 and SIP pres)
4635,5702,58.55399,male,white,8,$25-$50k,CHF,COPD/CHF/Cirrhosis,2,9,132,11.7988281,125,28,35.29688,,2.199707,0.19998169,3.39990234,129,,237,38,,,0,no dnr,0,0,
4636,864,49.892,male,white,14,under $11k,ARF/MOSF w/Sepsis,ARF/MOSF,1,0,70,2.29980469,125,35,37.89844,,,,2.5,140,,,52,1350,,3,no dnr,1,1,<2 mo. follow-up
4637,7855,69.61499,male,white,8,$11-$25k,Coma,Coma,0,89,111,12.2988281,67,36,39,198.5625,4.2998047,0.69995117,1,140,7.379883,,,,,,dnr after sadm,0,1,<2 mo. follow-up
4638,4221,77.03198,female,white,11,under $11k,Coma,Coma,0,61,108,11.5,106,32,36.09375,414.25,,,0.89990234,134,7.609375,,,,,0,dnr after sadm,1,1,<2 mo. follow-up
4639,3917,43.53998,male,black,,,Lung Cancer,Cancer,2,0,77,6.39941406,124,38,39.89844,376.1875,,2.39990234,0.5,141,7.459961,,,,0,0,no dnr,0,1,<2 mo. follow-up
4640,7126,87.44696,female,white,10,under $11k,CHF,COPD/CHF/Cirrhosis,4,9,54,18.5976562,117,35,39.5,328.5625,2,3.19970703,3.5,130,7.359375,187,44,853,,,no dnr,0,1,adl>=4 (>=5 if sur)
4641,3430,48.84299,female,black,9,$25-$50k,ARF/MOSF w/Sepsis,ARF/MOSF,0,0,77,20.296875,142,10,39.09375,168,2.699707,,0.79992676,135,7.379883,,,,0,0,no dnr,0,0,no(M2 and SIP pres)
4642,6303,73.14197,male,white,,under $11k,Lung Cancer,Cancer,3,0,69,,98,23,38.39844,,,,,140,,,,,,,dnr before sadm,0,1,SIP>=30
4643,5968,62.67798,female,white,10,under $11k,Lung Cancer,Cancer,1,0,108,13.1992188,96,20,36.5,233.3125,3.2998047,0.79992676,0.79992676,132,7.359375,,,,,,dnr after sadm,1,1,<2 mo. follow-up
4644,2026,50.19598,female,white,2,>$50k,Cirrhosis,COPD/CHF/Cirrhosis,2,0,103,12.1992188,80,20,36.09375,,3.699707,0.69995117,3.79980469,125,,,,,1,,no dnr,0,0,no(M2 and SIP pres)
4645,4655,62.08099,male,black,14,$11-$25k,Lung Cancer,Cancer,1,0,62,12.8984375,145,44,39.59375,192.5,,,1.09985352,137,7.469727,138,19,5125,,0,no dnr,0,1,
4646,3582,48.32898,male,black,,,COPD,COPD/CHF/Cirrhosis,3,0,81,4.69921875,80,28,36.79688,190.46875,3.199707,0.5,0.89990234,142,7.279297,,,,,,no dnr,0,1,
4647,1231,77.52496,male,white,10,$11-$25k,Coma,Coma,2,44,55,15.1992188,105,32,35.29688,310,,1,4.5,144,7.619141,151,123,302,,1,dnr after sadm,1,1,<2 mo. follow-up
4648,1705,68.323,female,white,12,,COPD,COPD/CHF/Cirrhosis,3,0,67,9.59960938,122,26,37.79688,227.5,,,1.09985352,132,7.40918,,,,0,1,no dnr,0,1,no(M2 and SIP pres)
4649,4108,69.99896,female,white,11,under $11k,ARF/MOSF w/Sepsis,ARF/MOSF,0,26,65,10.7988281,136,28,39.09375,60,1.5,1,0.5,133,7.459961,,,,0,1,dnr after sadm,1,1,<2 mo. follow-up
4650,4051,50.88599,male,white,,,MOSF w/Malig,ARF/MOSF,2,0,67,6.5,134,30,38.5,98.65625,2.199707,0.39996338,0.79992676,141,7.389648,,,,,,no dnr,1,1,<2 mo. follow-up
4651,8358,70.48596,female,white,16,$11-$25k,ARF/MOSF w/Sepsis,ARF/MOSF,1,0,65,18.5976562,146,38,39.39844,104.07812,2.699707,1.5,0.5,130,7.359375,,,,,,no dnr,0,0,adl>=4 (>=5 if sur)
4652,5823,40.44397,male,white,12,$11-$25k,Cirrhosis,COPD/CHF/Cirrhosis,4,0,96,8.09960938,84,20,39,,1.8999023,8.79882812,0.59997559,135,,,,,1,1,no dnr,0,1,no(M2 and SIP pres)
4653,3466,61.92697,male,black,,under $11k,COPD,COPD/CHF/Cirrhosis,4,0,83,2,80,33,36.69531,216.65625,,0.5,1.69995117,141,7.449219,,,,1,1,no dnr,0,1,
4654,4824,63.67398,female,white,16,$25-$50k,ARF/MOSF w/Sepsis,ARF/MOSF,0,0,83,7.59960938,75,20,35.5,,,,1.59985352,141,,97,13,,0,,no dnr,0,0,no(M2 and SIP pres)
4655,4079,60.46799,male,white,,,COPD,COPD/CHF/Cirrhosis,5,0,115,13,139,32,37.69531,256.625,1.2998047,0.29998779,1.39990234,138,7.349609,,,,,,dnr after sadm,1,1,<2 mo. follow-up
4656,7813,38.18997,female,white,11,$11-$25k,Lung Cancer,Cancer,1,0,97,,93,16,36.59375,,,,0.89990234,140,,,,,3,0,no dnr,0,1,no(M2 and SIP pres)
4657,6953,57.94897,male,white,8,under $11k,Lung Cancer,Cancer,4,0,101,13.7988281,71,16,36,276.1875,4,0.29998779,0.89990234,139,7.399414,160,13,,0,0,no dnr,0,1,
4658,5133,70.95099,male,white,12,,ARF/MOSF w/Sepsis,ARF/MOSF,0,44,62,10.0996094,195,12,38.39844,131.09375,1.5,1.89990234,2,138,7.379883,112,54,1217,,0,dnr after sadm,1,1,<2 mo. follow-up
4659,8008,71.27197,male,white,,,COPD,COPD/CHF/Cirrhosis,2,0,120,11.1992188,112,28,35.89844,256,4.5996094,0.5,1.29980469,138,7.299805,,,,,,dnr after sadm,0,1,<2 mo. follow-up
4660,976,57.28998,male,white,14,>$50k,MOSF w/Malig,ARF/MOSF,2,37,142,1.79980469,130,36,36,297.125,,2,0.79992676,138,7.429688,186,34,4203,,0,dnr after sadm,1,1,<2 mo. follow-up
4661,2880,86.70197,male,white,12,$11-$25k,ARF/MOSF w/Sepsis,ARF/MOSF,2,0,63,0.09999084,109,28,36,144,2.199707,0.69995117,0.69995117,146,7.439453,118,16,3950,,2,no dnr,0,0,adl>=4 (>=5 if sur)
4662,2264,85.52997,female,white,12,under $11k,COPD,COPD/CHF/Cirrhosis,2,0,121,17.3984375,118,30,37.79688,276,3.5996094,0.39996338,0.5,135,7.269531,,,,,1,no dnr,0,1,<2 mo. follow-up
4663,5058,24.02199,female,black,12,,Cirrhosis,COPD/CHF/Cirrhosis,2,44,100,,65,20,36.09375,,,0.69995117,1,139,,88,6,1590,,0,dnr after sadm,1,1,<2 mo. follow-up
4664,8568,85.68695,female,white,15,,CHF,COPD/CHF/Cirrhosis,6,26,101,7.89941406,72,24,36.09375,252.375,,,1.19995117,138,7.319336,133,17,,,4,no dnr,0,1,adl>=4 (>=5 if sur)
4665,5400,63.14899,female,black,12,$11-$25k,Lung Cancer,Cancer,1,0,86,13.5996094,80,18,36.29688,171.40625,,0.69995117,1,135,7.439453,144,19,,4,3,no dnr,0,1,<2 mo. follow-up
4666,8318,80.58295,male,white,,,COPD,COPD/CHF/Cirrhosis,4,0,70,8.59960938,77,30,38.29688,137.5,3.0996094,0.5,0.69995117,138,7.399414,,,,,,dnr after sadm,1,1,<2 mo. follow-up
4667,2081,70.86694,female,white,,,ARF/MOSF w/Sepsis,ARF/MOSF,1,0,57,10.5996094,52,22,39.29688,171.40625,2.5,1.89990234,0.79992676,139,7.439453,,,,0,,no dnr,0,1,
4668,8533,43.50198,male,hispanic,10,,ARF/MOSF w/Sepsis,ARF/MOSF,1,26,113,7.69921875,110,10,38.19531,268.5625,4,0.79992676,0.59997559,140,7.399414,147,9,2000,,0,no dnr,0,0,
4669,3523,49.94098,female,white,14,>$50k,Colon Cancer,Cancer,1,0,103,7.39941406,118,8,36.5,370,3.5996094,0.19998169,0.89990234,142,7.349609,,,,0,0,no dnr,0,1,no(M2 and SIP pres)
4670,74,45.61499,female,white,16,>$50k,Cirrhosis,COPD/CHF/Cirrhosis,3,44,57,13.5996094,112,28,38.59375,134.4375,1.6999512,1.5,0.89990234,139,7.179688,,,,,,dnr after sadm,1,1,<2 mo. follow-up
4671,7572,66.91296,female,white,12,$11-$25k,COPD,COPD/CHF/Cirrhosis,3,0,103,7.59960938,80,24,35.89844,220,3.699707,0.29998779,1,132,7.399414,139,16,1850,,0,no dnr,1,1,<2 mo. follow-up
4672,165,20.83199,male,white,,,MOSF w/Malig,ARF/MOSF,1,0,0,5.79980469,0,0,37.79688,130,4,10.5,3.59960938,132,7.279297,,,,,,dnr after sadm,1,1,<2 mo. follow-up
4673,8279,59.44998,female,white,12,>$50k,Colon Cancer,Cancer,1,0,75,,65,20,36.69531,,,,,140,,,,,0,0,no dnr,0,1,no(M2 and SIP pres)
4674,5526,72.04395,male,white,8,,ARF/MOSF w/Sepsis,ARF/MOSF,3,0,140,26.5976562,135,22,39.29688,75,,,1.59985352,142,7.399414,97,25,1005,0,0,no dnr,0,0,no(M2 and SIP pres)
4675,1141,58.15698,male,white,12,under $11k,CHF,COPD/CHF/Cirrhosis,4,0,72,11.1992188,75,20,36.19531,,,0.59997559,1.29980469,139,,112,18,2390,,,no dnr,0,0,no(M2 and SIP pres)
4676,4708,60.668,male,white,12,$11-$25k,Lung Cancer,Cancer,1,0,133,10.3984375,135,26,35.59375,270,,0.5,1.09985352,139,7.439453,247,21,3745,0,,no dnr,0,1,<2 mo. follow-up
4677,2579,61.91397,female,white,9,$11-$25k,ARF/MOSF w/Sepsis,ARF/MOSF,2,0,73,2.79980469,80,20,36.09375,,2,3.5,0.69995117,131,,294,13,,,7,dnr after sadm,1,1,<2 mo. follow-up
4678,2930,91.71796,female,white,6,under $11k,ARF/MOSF w/Sepsis,ARF/MOSF,4,0,43,15.5,113,16,37.79688,154,1.8999023,0.09999084,0.89990234,146,7.299805,186,14,1338,,2,dnr after sadm,0,0,adl>=4 (>=5 if sur)
4679,5504,44.54999,male,black,12,$25-$50k,CHF,COPD/CHF/Cirrhosis,2,0,75,9.19921875,60,12,36.79688,188.5625,,,3.79980469,130,7.479492,220,72,1240,0,0,no dnr,0,0,no(M2 and SIP pres)
4680,343,43.995,female,white,12,$11-$25k,Cirrhosis,COPD/CHF/Cirrhosis,3,26,80,20.8984375,130,20,36.29688,485,2.7998047,3,1.89990234,136,7.459961,,,,0,1,no dnr,0,0,no(M2 and SIP pres)
4681,549,51.20099,male,asian,,,ARF/MOSF w/Sepsis,ARF/MOSF,2,0,68,22.796875,110,24,37.89844,212.5,1.6999512,4.29980469,3.19970703,133,7.349609,,,,,,dnr after sadm,1,1,<2 mo. follow-up
4682,2331,63.77298,male,hispanic,14,under $11k,COPD,COPD/CHF/Cirrhosis,6,0,83,7.69921875,104,30,36.69531,271.375,4,0.69995117,1.5,141,7.399414,,,,,,no dnr,0,0,no(M2 and SIP pres)
4683,6215,73.55499,male,white,,,ARF/MOSF w/Sepsis,ARF/MOSF,4,9,68,22.3984375,77,29,37.79688,210.46875,2.2998047,0.29998779,1.79980469,145,7.419922,,,,,,no dnr,0,1,
4684,8354,57.36099,female,white,8,$11-$25k,COPD,COPD/CHF/Cirrhosis,2,0,66,11.0996094,114,36,39.59375,192.5625,2.699707,1.5,1,135,7.40918,,,,,3,dnr after sadm,0,0,no(M2 and SIP pres)
4685,7918,71.79498,male,white,13,$11-$25k,COPD,COPD/CHF/Cirrhosis,1,0,103,8,58,28,36.89844,,4.7998047,0.5,1.59985352,145,,,,,0,0,no dnr,0,0,no(M2 and SIP pres)
4686,1925,84.80499,female,white,14,$25-$50k,CHF,COPD/CHF/Cirrhosis,3,9,107,6,80,20,35.59375,276,3,0.5,2.39990234,136,7.5,,,,,7,dnr after sadm,0,1,<2 mo. follow-up
4687,3793,47.51797,female,white,12,$25-$50k,Lung Cancer,Cancer,2,0,99,20.1992188,74,10,36.69531,366.625,3.199707,0.5,0.69995117,143,7.459961,,,,0,0,no dnr,0,1,no(M2 and SIP pres)
4688,6676,85.35498,female,white,10,under $11k,MOSF w/Malig,ARF/MOSF,3,9,53,21.1992188,137,36,37.79688,142.21875,,,1.19995117,132,7.459961,,,,,7,no dnr,0,1,adl>=4 (>=5 if sur)
4689,4634,57.84,female,white,16,,ARF/MOSF w/Sepsis,ARF/MOSF,1,0,148,20.1992188,115,28,36.29688,126.65625,2.5,,3.79980469,147,7.439453,69,64,46,,0,no dnr,0,0,adl>=4 (>=5 if sur)
4690,8001,73.21295,male,white,,,CHF,COPD/CHF/Cirrhosis,2,0,61,10.7988281,118,32,34.5,409.5,3.5996094,2.29980469,2.19970703,136,7.519531,,,,,,dnr after sadm,0,1,
4691,7458,79.53198,female,white,5,under $11k,CHF,COPD/CHF/Cirrhosis,3,9,56,11.0996094,101,42,38.79688,177.5,2.5,1.19995117,0.69995117,140,7.449219,110,17,2700,,0,no dnr,0,1,SIP>=30
4692,945,94.80096,female,white,,,Lung Cancer,Cancer,1,44,65,15.5,78,28,35.39844,,,,0.79992676,133,,108,28,700,,,no dnr,0,1,<2 mo. follow-up
4693,4427,29.09499,male,black,10,,CHF,COPD/CHF/Cirrhosis,3,0,111,18.3984375,134,36,36.5,115,,1.89990234,1,142,7.40918,288,21,1270,0,0,no dnr,0,0,SIP>=30
4694,3051,80.73395,female,white,12,,CHF,COPD/CHF/Cirrhosis,5,0,70,10.5,100,12,38.5,150,2.199707,0.5,1,137,7.389648,110,13,2660,2,5,no dnr,0,1,no(M2 and SIP pres)
4695,5082,71.43896,female,white,4,$11-$25k,Lung Cancer,Cancer,1,0,68,16.3984375,135,36,39.59375,122.21875,3.0996094,1,0.59997559,134,7.509766,78,21,2210,4,5,no dnr,0,1,<2 mo. follow-up
4696,234,60.61899,male,white,14,,CHF,COPD/CHF/Cirrhosis,1,0,50,6.09960938,110,20,36.79688,,3.699707,0.39996338,1.19995117,135,,,,,0,1,no dnr,0,1,no(M2 and SIP pres)
4697,2382,67.03595,male,white,8,under $11k,Colon Cancer,Cancer,1,0,117,19.5976562,110,30,35.69531,316.3125,2.699707,9.5,1.29980469,136,7.40918,,,,3,1,dnr after sadm,1,1,<2 mo. follow-up
4698,196,53.14697,male,asian,14,,CHF,COPD/CHF/Cirrhosis,2,0,75,6.69921875,72,18,36.09375,,4.6992188,2.79980469,1.09985352,136,,,,,0,0,no dnr,0,1,no(M2 and SIP pres)
4699,7142,75.24396,male,white,12,$25-$50k,ARF/MOSF w/Sepsis,ARF/MOSF,4,44,75,9.69921875,76,16,36,,2.0996094,1.39990234,0.69995117,129,,135,16,,,6,dnr after sadm,1,1,<2 mo. follow-up
4700,8413,69.80194,male,white,8,under $11k,COPD,COPD/CHF/Cirrhosis,4,0,112,,70,36,36,132,,,1.29980469,137,7.299805,,,,,,dnr after sadm,0,1,no(M2 and SIP pres)
4701,8345,71.05499,female,white,14,under $11k,MOSF w/Malig,ARF/MOSF,2,0,55,14.7988281,116,31,38.29688,296.625,2.7998047,0.39996338,1.29980469,134,7.419922,,,,,,dnr after sadm,1,1,<2 mo. follow-up
4702,2924,93.89496,male,white,,,COPD,COPD/CHF/Cirrhosis,5,0,117,7.19921875,100,20,38.69531,420,4.1992188,0.5,0.79992676,132,7.539062,133,11,1200,,,no dnr,0,1,
4703,5880,76.64899,male,white,,under $11k,CHF,COPD/CHF/Cirrhosis,5,0,103,7.19921875,76,25,35.69531,283.875,3.3999023,0.39996338,1.09985352,128,7.509766,,,,,,no dnr,0,1,
4704,5760,85.01599,female,white,8,$11-$25k,CHF,COPD/CHF/Cirrhosis,3,0,75,21.5976562,125,44,34.79688,212.5,,22.3984375,0.89990234,139,7.429688,76,9,395,,,no dnr,0,0,no(M2 and SIP pres)
4705,3495,73.41296,female,black,,,ARF/MOSF w/Sepsis,ARF/MOSF,0,44,111,9.5,102,13,35.79688,153.3125,2.699707,12.5996094,4.19921875,126,7.40918,,,,,,dnr after sadm,1,1,<2 mo. follow-up
4706,3222,84.745,male,white,10,,ARF/MOSF w/Sepsis,ARF/MOSF,1,0,122,13.2988281,157,38,36.09375,285,,0.69995117,0.79992676,137,7.299805,209,23,750,0,1,no dnr,0,1,no(M2 and SIP pres)
4707,8802,49.96597,male,white,0,under $11k,ARF/MOSF w/Sepsis,ARF/MOSF,0,26,106,3.69970703,79,28,38.09375,247.59375,4.1992188,0.5,1,134,7.419922,92,4,4425,,7,no dnr,0,1,adl>=4 (>=5 if sur)
4708,7454,50.53799,male,black,16,under $11k,Coma,Coma,2,89,69,12.8984375,131,24,37.79688,336.625,,1.29980469,0.19998169,132,7.489258,118,3,1594,,1,dnr after sadm,1,1,<2 mo. follow-up
4709,7197,77.98798,male,white,8,under $11k,ARF/MOSF w/Sepsis,ARF/MOSF,1,0,63,12.5,69,12,38.19531,275.6875,2.8999023,0.69995117,0.69995117,127,7.469727,172,15,2166,,,dnr after sadm,1,1,<2 mo. follow-up
4710,1896,76.18896,female,white,12,under $11k,ARF/MOSF w/Sepsis,ARF/MOSF,0,0,57,10.1992188,63,6,38.19531,294.25,3.7998047,0.39996338,0.69995117,132,7.439453,,,,,0,dnr after sadm,0,1,no(M2 and SIP pres)
4711,4873,45.26797,male,black,18,under $11k,MOSF w/Malig,ARF/MOSF,1,44,20,12.2988281,0,0,37.79688,154,3.3999023,0.79992676,1.5,135,7.40918,255,31,1310,,0,dnr after sadm,1,1,<2 mo. follow-up
4712,2290,78.87195,male,white,14,$11-$25k,ARF/MOSF w/Sepsis,ARF/MOSF,0,0,117,7.5,50,8,38.39844,128,,,1.09985352,144,7.419922,,,,,0,no dnr,0,0,
4713,2219,38.448,female,white,12,under $11k,ARF/MOSF w/Sepsis,ARF/MOSF,0,0,119,4.59960938,64,20,37.79688,204.75,3.199707,0.09999084,3.59960938,142,7.359375,,,,,,dnr after sadm,1,1,<2 mo. follow-up
4714,1777,80.72296,female,white,,,COPD,COPD/CHF/Cirrhosis,3,9,112,7,160,28,38.19531,161.65625,4.0996094,,2.59960938,141,7.089844,,,,,4,dnr after sadm,0,1,adl>=4 (>=5 if sur)
4715,2603,68.81598,male,white,16,$25-$50k,CHF,COPD/CHF/Cirrhosis,5,0,72,18.3984375,68,16,35.89844,,1.6999512,,0.69995117,137,,68,15,310,2,3,dnr after sadm,1,1,<2 mo. follow-up
4716,2624,83.56195,female,white,12,under $11k,ARF/MOSF w/Sepsis,ARF/MOSF,2,0,63,10.2988281,97,28,38.29688,136.71875,,,0.39996338,136,7.469727,88,12,920,2,2,no dnr,0,0,no(M2 and SIP pres)
4717,2194,80.01599,female,white,12,$11-$25k,ARF/MOSF w/Sepsis,ARF/MOSF,1,0,62,13,62,8,37.79688,153.3125,,,4.5,128,7.389648,,,,,0,dnr before sadm,1,1,<2 mo. follow-up
4718,8471,76.04095,male,white,8,$11-$25k,Coma,Coma,1,100,75,4,80,22,36.29688,376.625,,,1.19995117,139,7.549805,24,18,,,,dnr after sadm,1,1,<2 mo. follow-up
4719,5108,65.89697,female,white,7,under $11k,ARF/MOSF w/Sepsis,ARF/MOSF,3,9,107,5.19921875,108,20,36.5,257.125,3.7998047,0.5,1.19995117,128,7.469727,105,33,1025,,6,dnr after sadm,1,1,<2 mo. follow-up
4720,2434,78.87195,female,white,8,under $11k,ARF/MOSF w/Sepsis,ARF/MOSF,2,0,67,9.8984375,70,8,35.89844,267.5,2.0996094,,5.29980469,133,7.359375,163,97,39,,6,dnr after sadm,0,1,<2 mo. follow-up
4721,7257,33.60999,male,black,10,under $11k,Coma,Coma,4,44,117,12.5996094,61,32,38.39844,176,2,0.69995117,0.89990234,138,7.519531,133,25,4059,,1,dnr after sadm,1,1,<2 mo. follow-up
4722,9083,75.40594,male,white,,,Coma,Coma,2,89,109,15.3984375,110,30,36.19531,222.5,3.699707,0.79992676,0.89990234,140,7.239258,147,18,1515,,0,dnr after sadm,1,1,<2 mo. follow-up
4723,4384,77.22095,female,white,12,under $11k,MOSF w/Malig,ARF/MOSF,2,26,116,18.6992188,146,11,38,270,3.199707,0.39996338,1.29980469,136,7.459961,165,23,2580,,1,dnr after sadm,1,1,<2 mo. follow-up
4724,8058,64.797,male,white,13,$11-$25k,Lung Cancer,Cancer,3,9,85,12.5,74,28,35.59375,216,2.8999023,0.39996338,1,135,7.519531,,,,,,dnr after sadm,0,1,<2 mo. follow-up
4725,8628,75.97296,female,white,12,$25-$50k,MOSF w/Malig,ARF/MOSF,1,44,61,8.3984375,98,34,36.79688,130.59375,,,4.79980469,133,7.459961,106,95,3050,,,dnr after sadm,0,0,adl>=4 (>=5 if sur)
4726,8266,66.71899,female,white,,,Lung Cancer,Cancer,2,0,106,6.19921875,114,24,37.5,,3.8999023,0.29998779,0.89990234,138,,,,,,,no dnr,0,1,
4727,2873,71.64996,male,white,12,$25-$50k,COPD,COPD/CHF/Cirrhosis,5,0,97,11.8984375,80,20,35,233.3125,,,1.09985352,139,7.399414,139,39,550,0,3,dnr after sadm,0,1,SIP>=30
4728,6825,63.23599,male,white,8,under $11k,ARF/MOSF w/Sepsis,ARF/MOSF,3,0,100,11.6992188,82,20,36.19531,224,3.699707,1,0.89990234,138,7.369141,175,17,1550,,2,dnr after sadm,1,1,<2 mo. follow-up
4729,3248,45.91098,female,white,8,under $11k,Cirrhosis,COPD/CHF/Cirrhosis,2,0,69,4.09960938,60,16,37.39844,,2.2998047,2.09960938,1.39990234,135,,,,,0,5,no dnr,0,1,no(M2 and SIP pres)
4730,1802,73.336,male,white,8,,Lung Cancer,Cancer,2,0,79,4.69921875,100,24,36.79688,433.3125,3.3999023,0.59997559,0.79992676,134,7.359375,,,,0,0,dnr after sadm,1,1,<2 mo. follow-up
4731,3280,61.599,female,white,,,ARF/MOSF w/Sepsis,ARF/MOSF,0,100,48,11.0996094,118,12,36.69531,227.5,2.2998047,5.79980469,4.09960938,138,7.359375,,,,,,dnr after sadm,1,1,<2 mo. follow-up
4732,320,65.97095,male,white,,,CHF,COPD/CHF/Cirrhosis,3,0,52,8.8984375,80,32,36.39844,247.59375,3.5996094,1.79980469,1.19995117,136,7.479492,,,,,,no dnr,0,1,
4733,7153,43.31799,female,white,11,>$50k,CHF,COPD/CHF/Cirrhosis,3,0,106,9.3984375,53,22,36.39844,,4.0996094,1.09985352,1,138,,92,14,900,,6,dnr before sadm,0,0,adl>=4 (>=5 if sur)
4734,1769,72.047,female,black,16,$25-$50k,Colon Cancer,Cancer,1,0,73,2.39990234,76,20,37,,,0.89990234,0.89990234,138,,,,,1,0,no dnr,0,1,no(M2 and SIP pres)
4735,888,53.36099,male,white,18,under $11k,ARF/MOSF w/Sepsis,ARF/MOSF,4,0,97,11.5996094,70,32,36.79688,313.3125,3.0996094,7.79980469,2.69970703,140,7.419922,286,96,7660,,0,dnr after sadm,1,1,<2 mo. follow-up
4736,7985,73.63397,male,white,,,ARF/MOSF w/Sepsis,ARF/MOSF,2,0,66,25.296875,104,28,38.79688,142.84375,4,1,1.09985352,130,7.519531,,,,,,no dnr,0,1,
4737,4393,77.24298,male,white,19,,COPD,COPD/CHF/Cirrhosis,2,0,81,8.59960938,76,16,36,,4,0.39996338,0.89990234,143,,99,9,,,2,no dnr,0,1,
4738,7065,38.69397,male,white,11,under $11k,ARF/MOSF w/Sepsis,ARF/MOSF,0,37,101,6.5,170,28,36.69531,,2.8999023,20.8984375,0.39996338,132,,327,15,,,2,no dnr,0,0,no(M2 and SIP pres)
4739,4841,81.52197,female,black,15,,Colon Cancer,Cancer,1,0,108,12.1992188,115,9,38.59375,157.5,,,4.29980469,149,7.509766,233,81,3095,4,3,no dnr,0,1,no(M2 and SIP pres)
4740,8434,63.41998,male,white,,,COPD,COPD/CHF/Cirrhosis,3,0,123,7.79980469,79,32,35.09375,492,3.699707,1.09985352,1.79980469,135,7.439453,131,35,1265,,,no dnr,0,1,
4741,3905,65.83398,male,black,11,$11-$25k,Coma,Coma,1,44,75,6.79980469,11,10,39.29688,386.625,3.0996094,0.59997559,1.5,142,7.429688,,,,,0,dnr after sadm,1,1,<2 mo. follow-up
4742,3396,42.95697,male,white,12,$11-$25k,ARF/MOSF w/Sepsis,ARF/MOSF,0,0,67,28.5,125,24,38.69531,59,1.2998047,1.59985352,4.5,149,7.429688,,,,,2,no dnr,0,0,adl>=4 (>=5 if sur)
4743,5890,72.14496,female,white,12,under $11k,MOSF w/Malig,ARF/MOSF,2,0,115,9.3984375,106,30,36,418.5625,2.5996094,0.19998169,0.69995117,126,7.209961,,,,,6,dnr before sadm,1,1,<2 mo. follow-up
4744,3091,71.80798,male,white,16,$11-$25k,Cirrhosis,COPD/CHF/Cirrhosis,3,0,107,11.5996094,116,28,35.29688,286.625,2.3999023,,0.69995117,130,7.419922,260,21,,0,5,dnr after sadm,1,1,<2 mo. follow-up
4745,6161,61.72498,male,white,11,$25-$50k,CHF,COPD/CHF/Cirrhosis,4,0,99,6,68,24,35.59375,309.5,3.2998047,1.29980469,1.09985352,141,7.389648,,,,,,no dnr,0,1,adl>=4 (>=5 if sur)
4746,7543,25.54099,male,asian,14,under $11k,ARF/MOSF w/Sepsis,ARF/MOSF,0,0,121,20,60,24,36.69531,392,2.8999023,0.39996338,3.89990234,137,7.399414,376,57,,0,,no dnr,0,0,
4747,8322,66.00397,male,white,8,,Lung Cancer,Cancer,2,0,79,7.29980469,130,24,38.5,,3.7998047,0.39996338,1.09985352,123,,,,,1,0,no dnr,0,1,no(M2 and SIP pres)
4748,5207,44.52597,male,black,10,under $11k,ARF/MOSF w/Sepsis,ARF/MOSF,2,0,55,6.39941406,67,20,36.5,,,0.79992676,1,140,,87,29,2475,,0,no dnr,0,1,no(M2 and SIP pres)
4749,5368,66.70496,female,black,12,under $11k,Coma,Coma,1,100,132,11.6992188,65,0,36.09375,400,,,6.09960938,140,7.399414,90,75,1000,,0,dnr after sadm,1,1,<2 mo. follow-up
4750,4406,45.89999,male,hispanic,10,$11-$25k,Lung Cancer,Cancer,0,0,71,6.69921875,54,20,36.5,,,,1.19995117,138,,72,12,2160,0,0,no dnr,0,1,no(M2 and SIP pres)
4751,5469,57.50598,female,white,12,$11-$25k,ARF/MOSF w/Sepsis,ARF/MOSF,0,37,118,7.09960938,125,9,38.29688,240,,,0.89990234,140,7.589844,96,28,1220,,0,no dnr,0,0,no(M2 and SIP pres)
4752,3939,77.96899,female,white,,under $11k,COPD,COPD/CHF/Cirrhosis,1,26,103,12.1992188,96,36,36.09375,260,2.5,5.29980469,0.69995117,129,7.429688,,,,,0,dnr after sadm,1,1,<2 mo. follow-up
4753,3983,52.70898,female,white,10,under $11k,Lung Cancer,Cancer,1,0,77,7.19921875,124,24,38.59375,292,2.3999023,0.39996338,0.69995117,140,7.389648,,,,0,0,no dnr,0,1,<2 mo. follow-up
4754,4628,27.28499,male,white,15,,ARF/MOSF w/Sepsis,ARF/MOSF,2,0,65,10.6992188,95,25,36.29688,120,1.8999023,,3,127,7.379883,132,37,170,,0,no dnr,0,0,no(M2 and SIP pres)
4755,5259,59.504,male,white,12,$11-$25k,MOSF w/Malig,ARF/MOSF,3,44,0,10.5,0,0,36,234.28125,,0.39996338,0.79992676,143,7.399414,133,17,1070,,3,dnr after sadm,1,1,<2 mo. follow-up
4756,7281,69.21594,female,white,,under $11k,ARF/MOSF w/Sepsis,ARF/MOSF,3,0,115,9.79882812,80,12,37.89844,171.09375,2.199707,1.79980469,2.79980469,137,7.509766,99,40,1253,,,no dnr,0,1,
4757,7531,30.39,male,white,11,under $11k,Cirrhosis,COPD/CHF/Cirrhosis,1,0,85,8.59960938,92,20,37.39844,,2.3999023,1.59985352,0.89990234,132,,100,12,,1,0,no dnr,0,1,<2 mo. follow-up
4758,8697,58.185,female,white,12,>$50k,Coma,Coma,0,44,77,,96,22,37.59375,,,,,140,,,,,,0,no dnr,0,0,no(M2 and SIP pres)
4759,863,44.23297,male,hispanic,10,,ARF/MOSF w/Sepsis,ARF/MOSF,0,0,72,19.1992188,75,36,38.89844,136.71875,2.5,3.79980469,1.29980469,143,7.459961,101,26,4005,0,0,no dnr,0,0,no(M2 and SIP pres)
4760,4006,75.15399,male,white,12,under $11k,COPD,COPD/CHF/Cirrhosis,1,0,107,5.5,108,24,36,364,4.2998047,0.39996338,0.89990234,144,7.359375,,,,1,0,no dnr,0,1,no(M2 and SIP pres)
4761,8575,29.32199,male,white,11,under $11k,ARF/MOSF w/Sepsis,ARF/MOSF,1,0,59,19.1992188,155,30,38.79688,217.5,2.0996094,3,1.69995117,144,7.519531,352,67,670,0,0,no dnr,0,0,no(M2 and SIP pres)
4762,8166,91.34595,male,white,8,under $11k,ARF/MOSF w/Sepsis,ARF/MOSF,1,0,47,15.5996094,160,9,39.69531,123.32812,2.5996094,1.39990234,1.69995117,133,7.429688,,,,,2,dnr after sadm,1,1,<2 mo. follow-up
4763,5476,72.93097,male,white,11,$11-$25k,CHF,COPD/CHF/Cirrhosis,1,0,112,4.09960938,105,32,36.29688,330.375,,,0.69995117,136,7.359375,109,16,1460,0,0,no dnr,0,1,no(M2 and SIP pres)
4764,4082,39.67697,male,black,12,$11-$25k,Cirrhosis,COPD/CHF/Cirrhosis,3,0,88,6.19921875,106,28,37.69531,285.6875,1.5998535,5.39941406,1,133,7.449219,,,,0,7,dnr after sadm,0,1,SIP>=30
4765,1538,69.48096,female,hispanic,11,under $11k,Colon Cancer,Cancer,1,0,32,0.04999542,155,22,39,,,1.19995117,1.09985352,133,,,10,7750,,0,no dnr,0,0,
4766,2275,55.06897,male,other,12,,ARF/MOSF w/Sepsis,ARF/MOSF,2,0,63,12.1992188,103,12,38.29688,187.75,3.0996094,,1.39990234,142,7.439453,,,,0,,no dnr,0,1,no(M2 and SIP pres)
4767,4346,44.63498,male,white,16,>$50k,Lung Cancer,Cancer,1,0,116,14.2988281,112,26,36.39844,186.65625,2.3999023,0.69995117,1.39990234,140,7.489258,279,31,3025,0,4,no dnr,0,1,no(M2 and SIP pres)
4768,3004,78.70795,female,white,18,$11-$25k,COPD,COPD/CHF/Cirrhosis,2,0,59,11.7988281,62,28,38.5,302,3.5996094,,2,136,7.40918,95,60,2713,2,,dnr after sadm,0,1,adl>=4 (>=5 if sur)
4769,4564,67.02795,male,white,12,$11-$25k,COPD,COPD/CHF/Cirrhosis,2,0,68,10,66,22,36.59375,364,,,0.79992676,132,7.5,87,7,1190,0,1,no dnr,0,1,no(M2 and SIP pres)
4770,1808,61.63397,male,white,8,under $11k,CHF,COPD/CHF/Cirrhosis,1,0,85,7.19921875,160,24,36.09375,,,2.39990234,1.59985352,141,,,,,0,0,no dnr,0,0,no(M2 and SIP pres)
4771,2961,29.23999,male,white,10,under $11k,ARF/MOSF w/Sepsis,ARF/MOSF,1,0,120,10.5,78,4,38.69531,151,,,0.89990234,143,7.439453,130,21,1730,,,no dnr,0,0,no(M2 and SIP pres)
4772,3702,69.75494,male,white,12,$11-$25k,COPD,COPD/CHF/Cirrhosis,2,0,103,20.6992188,156,26,35,128.5625,,,1.29980469,137,7.539062,,,,,3,dnr after sadm,1,1,<2 mo. follow-up
4773,8501,80.62396,female,white,9,$11-$25k,MOSF w/Malig,ARF/MOSF,3,100,56,16.1992188,96,13,36.09375,,2.3999023,0.79992676,6.5,139,,162,60,304,,,dnr after sadm,1,1,<2 mo. follow-up
4774,6124,80.40198,female,white,8,under $11k,ARF/MOSF w/Sepsis,ARF/MOSF,3,0,101,9.69921875,69,30,36,367.125,4,0.59997559,1.39990234,132,7.339844,,,,1,2,no dnr,0,1,no(M2 and SIP pres)
4775,5063,62.15698,female,white,14,,ARF/MOSF w/Sepsis,ARF/MOSF,1,0,43,27.1992188,0,12,38,164,3.699707,1,1.89990234,126,7.319336,297,30,1650,,0,no dnr,0,0,no(M2 and SIP pres)
4776,115,66.59296,male,black,8,$11-$25k,CHF,COPD/CHF/Cirrhosis,1,0,76,6.5,84,24,36.39844,533.25,3.699707,3.39990234,1.59985352,139,7.479492,,,,1,0,no dnr,0,1,<2 mo. follow-up
4777,4986,21.092,male,white,12,$11-$25k,ARF/MOSF w/Sepsis,ARF/MOSF,0,0,0,12.2988281,0,40,34.89844,45,2.5,0.69995117,1.19995117,136,7.319336,134,67,1130,,,no dnr,0,0,no(M2 and SIP pres)
4778,2315,72.83496,female,hispanic,,under $11k,COPD,COPD/CHF/Cirrhosis,5,0,64,11.7988281,110,8,37.89844,248.3125,3.2998047,0.39996338,2,134,7.439453,,,,4,4,no dnr,0,1,SIP>=30
4779,5625,38.35699,male,black,15,,ARF/MOSF w/Sepsis,ARF/MOSF,0,0,108,24.296875,75,12,38,230,1.7998047,,7.5,130,7.439453,330,73,90,0,0,no dnr,0,0,
4780,1004,74.97894,female,white,18,$25-$50k,MOSF w/Malig,ARF/MOSF,1,37,42,13.0996094,105,25,35.5,121.65625,3.2998047,20,2.29980469,135,7.489258,178,21,18,,2,dnr after sadm,1,1,<2 mo. follow-up
4781,2,60.33899,female,white,12,$11-$25k,Cirrhosis,COPD/CHF/Cirrhosis,2,44,43,17.0976562,112,34,34.59375,98,,,5.5,132,7.25,,,,,1,,1,1,<2 mo. follow-up
4782,7627,62.95099,female,white,11,under $11k,Coma,Coma,0,94,73,16.296875,109,24,36,131.65625,4.5996094,1.89990234,0.79992676,139,7.239258,110,24,1350,,0,dnr after sadm,1,1,<2 mo. follow-up
4783,5481,67.87396,male,white,16,$25-$50k,Lung Cancer,Cancer,1,0,62,19.5,135,40,35.59375,145,2.699707,7.59960938,1.79980469,135,7.479492,238,43,711,4,5,no dnr,0,1,SIP>=30
4784,6569,27.10699,female,white,12,$11-$25k,ARF/MOSF w/Sepsis,ARF/MOSF,2,9,115,18.5,191,27,38.19531,285.6875,1.7998047,3.59960938,0.5,135,7.439453,,,,,7,no dnr,0,0,no(M2 and SIP pres)
4785,6740,61.78198,male,white,,,ARF/MOSF w/Sepsis,ARF/MOSF,3,0,63,10.5996094,71,28,36,195,,1.19995117,1.89990234,147,7.379883,106,41,1020,1,,dnr after sadm,0,0,
4786,3109,61.40198,male,white,12,>$50k,MOSF w/Malig,ARF/MOSF,1,0,104,10,60,12,36.29688,108.32812,,,1.29980469,137,7.399414,97,40,1400,,,dnr after sadm,1,1,<2 mo. follow-up
4787,2775,74.32996,male,white,12,$11-$25k,ARF/MOSF w/Sepsis,ARF/MOSF,6,9,100,,90,25,36.09375,242.84375,,0.29998779,1.09985352,133,7.359375,163,22,,,,dnr after sadm,1,1,<2 mo. follow-up
4788,2078,66.89899,female,white,9,,ARF/MOSF w/Sepsis,ARF/MOSF,1,37,130,11.8984375,110,24,39.09375,138,,,3,145,7.419922,,,,,0,no dnr,1,1,<2 mo. follow-up
4789,4798,48.99698,male,white,9,under $11k,Colon Cancer,Cancer,3,0,65,8.19921875,170,40,38.09375,136,,,0.69995117,132,7.329102,150,7,2570,,,no dnr,0,1,adl>=4 (>=5 if sur)
4790,197,32.44098,male,white,11,,ARF/MOSF w/Sepsis,ARF/MOSF,1,37,51,16.6992188,96,30,37.39844,108.5625,2.3999023,1,0.69995117,143,7.509766,,,,,7,no dnr,0,1,Coma or Intub
4791,1387,53.49197,female,hispanic,4,under $11k,ARF/MOSF w/Sepsis,ARF/MOSF,3,41,65,9.3984375,95,6,36.29688,455,,6.89941406,1.89990234,149,7.539062,73,53,2945,,5,no dnr,0,1,<2 mo. follow-up
4792,1162,85.53595,male,white,12,$11-$25k,ARF/MOSF w/Sepsis,ARF/MOSF,1,0,57,18.0976562,112,40,36.29688,171.40625,,,1.79980469,143,7.389648,160,33,1100,,,dnr after sadm,1,1,<2 mo. follow-up
4793,7805,78.09998,female,white,12,,COPD,COPD/CHF/Cirrhosis,1,0,77,7.19921875,74,28,36.19531,336,3.3999023,0.09999084,0.79992676,137,7.379883,,,,1,1,no dnr,0,1,no(M2 and SIP pres)
4794,967,66.90796,female,white,15,,ARF/MOSF w/Sepsis,ARF/MOSF,2,9,79,6.39941406,110,24,36.39844,138.75,,,1,132,7.509766,168,10,2620,,5,dnr after sadm,0,1,<2 mo. follow-up
4795,955,73.61798,male,white,16,>$50k,MOSF w/Malig,ARF/MOSF,1,41,62,5.59960938,64,24,36,247.59375,2.0996094,0.69995117,0.79992676,134,7.509766,215,15,2410,,5,dnr after sadm,1,1,<2 mo. follow-up
4796,2874,70.17395,male,white,8,under $11k,ARF/MOSF w/Sepsis,ARF/MOSF,4,0,93,,97,24,36.79688,304.3125,,,0.89990234,141,7.399414,112,29,,,7,no dnr,0,0,adl>=4 (>=5 if sur)
4797,316,20.312,male,white,13,,ARF/MOSF w/Sepsis,ARF/MOSF,0,0,117,6.29980469,160,26,40.09375,130,2.8999023,2.5,3,141,7.439453,,,,,3,no dnr,1,1,<2 mo. follow-up
4798,4448,62.49698,female,other,9,,MOSF w/Malig,ARF/MOSF,2,0,110,6.59960938,96,16,35.69531,,,0.29998779,0.79992676,138,,185,17,2225,,,dnr after sadm,1,1,<2 mo. follow-up
4799,6478,55.42499,female,white,,under $11k,ARF/MOSF w/Sepsis,ARF/MOSF,0,0,125,27.796875,109,28,35.69531,464,2.5,7.89941406,1.59985352,133,7.419922,,,,,0,no dnr,0,0,no(M2 and SIP pres)
4800,1826,62.35498,male,white,20,,ARF/MOSF w/Sepsis,ARF/MOSF,2,9,55,2.19970703,105,28,38.69531,179.5625,3.2998047,0.69995117,2.29980469,132,7.469727,,,,,1,dnr after sadm,1,1,<2 mo. follow-up
4801,7260,26.18199,male,hispanic,12,under $11k,ARF/MOSF w/Sepsis,ARF/MOSF,3,0,116,13.6992188,65,38,36,340,,,2,138,7.369141,64,33,2300,7,7,no dnr,0,1,SIP>=30
4802,4629,65.23199,male,white,,,ARF/MOSF w/Sepsis,ARF/MOSF,0,0,57,7.19921875,145,24,36.39844,,,2.79980469,1.39990234,130,,92,46,1700,,0,no dnr,0,0,no(M2 and SIP pres)
4803,7117,74.146,female,white,8,under $11k,CHF,COPD/CHF/Cirrhosis,2,0,116,6.5,116,24,36.39844,224.96875,3.199707,0.89990234,0.5,130,7.459961,102,4,3075,0,1,no dnr,0,0,no(M2 and SIP pres)
4804,249,55.32898,male,asian,12,$25-$50k,Lung Cancer,Cancer,2,0,93,,112,20,37.19531,,,,0.89990234,136,,,,,0,,no dnr,0,0,no(M2 and SIP pres)
4805,6318,35.06097,female,white,14,$25-$50k,MOSF w/Malig,ARF/MOSF,1,0,72,0.1499939,96,22,38.29688,,,,0.59997559,136,,,,,1,0,no dnr,0,1,no(M2 and SIP pres)
4806,3688,60.51199,female,white,12,$11-$25k,Lung Cancer,Cancer,1,0,73,6.69921875,110,16,36.89844,,,0.39996338,0.59997559,137,,,,,1,4,no dnr,0,1,no(M2 and SIP pres)
4807,7058,44.05499,male,white,12,under $11k,CHF,COPD/CHF/Cirrhosis,2,0,73,16.8984375,70,16,35.89844,112.23438,3.0996094,0.59997559,1.19995117,129,7.479492,415,28,2500,0,,no dnr,0,1,no(M2 and SIP pres)
4808,8811,72.77496,male,white,9,,CHF,COPD/CHF/Cirrhosis,5,0,73,10.2988281,60,24,35.59375,244,3.3999023,0.89990234,1.09985352,134,7.519531,130,15,2450,0,0,no dnr,0,1,no(M2 and SIP pres)
4809,8111,42.50497,male,white,12,$25-$50k,Lung Cancer,Cancer,2,0,107,24.3984375,140,28,36.09375,214.28125,3,0.59997559,0.89990234,135,7.489258,,,,2,3,dnr after sadm,0,1,<2 mo. follow-up
4810,2570,62.88599,female,white,16,$25-$50k,ARF/MOSF w/Sepsis,ARF/MOSF,1,9,127,10.2988281,120,35,40,204.75,3.3999023,0.59997559,1.09985352,139,7.429688,151,12,2300,0,4,no dnr,0,1,no(M2 and SIP pres)
4811,7649,49.94397,female,black,12,under $11k,Colon Cancer,Cancer,3,0,129,20.1992188,67,28,38.5,,4.0996094,0.89990234,1.19995117,139,7.489258,100,39,1062,0,0,no dnr,0,1,no(M2 and SIP pres)
4812,271,43.28299,female,,,,MOSF w/Malig,ARF/MOSF,1,100,87,0.29998779,140,44,38.5,259.125,2.699707,3.19970703,1.5,146,7.479492,,,,,,dnr after sadm,1,1,<2 mo. follow-up
4813,125,62.47498,male,white,11,$11-$25k,CHF,COPD/CHF/Cirrhosis,2,0,55,11.2988281,105,24,36.69531,,3.2998047,2.39990234,1.5,125,,,,,1,0,no dnr,0,1,no(M2 and SIP pres)
4814,4872,53.29999,female,hispanic,10,under $11k,Cirrhosis,COPD/CHF/Cirrhosis,0,0,97,5.19921875,70,20,37,,3.699707,0.59997559,0.89990234,140,,98,6,3400,0,6,no dnr,0,1,<2 mo. follow-up
4815,3056,73.69995,male,white,12,$25-$50k,ARF/MOSF w/Sepsis,ARF/MOSF,2,0,73,26,110,12,36,70,2.2998047,0.5,1.59985352,143,7.469727,149,20,949,,,dnr after sadm,0,1,no(M2 and SIP pres)
4816,6273,56.01898,female,black,5,under $11k,ARF/MOSF w/Sepsis,ARF/MOSF,0,0,104,23.3984375,108,30,37.79688,240,2.7998047,0.59997559,0.79992676,139,7.389648,,,,1,0,no dnr,0,0,no(M2 and SIP pres)
4817,3524,66.05096,female,hispanic,12,$25-$50k,Lung Cancer,Cancer,1,0,87,7.89941406,60,20,36.39844,,,0.19998169,0.79992676,143,,,,,0,0,no dnr,0,1,no(M2 and SIP pres)
4818,7996,42.88599,female,white,16,$25-$50k,Colon Cancer,Cancer,1,0,62,2.39990234,81,16,36.39844,,4.6992188,0.39996338,0.89990234,138,,,,,0,0,no dnr,0,1,no(M2 and SIP pres)
4819,2498,80.24896,male,white,12,under $11k,ARF/MOSF w/Sepsis,ARF/MOSF,1,0,127,14.1992188,180,36,38.09375,138,2.8999023,,0.59997559,134,7.5,173,9,2540,,,no dnr,1,1,<2 mo. follow-up
4820,554,53.62097,female,white,,,Colon Cancer,Cancer,1,0,80,9.69921875,105,22,38.19531,476.1875,,,,140,7.40918,,,,,,no dnr,0,0,
4821,266,59.146,male,white,11,,Lung Cancer,Cancer,2,0,74,2.69970703,128,24,38.89844,,,1.19995117,0.89990234,138,,,,,3,3,no dnr,0,1,
4822,2549,83.75397,female,white,,,ARF/MOSF w/Sepsis,ARF/MOSF,2,100,113,,68,20,36.19531,,,,,140,,,,1100,,,no dnr,0,1,
4823,4053,59.35898,male,white,,,COPD,COPD/CHF/Cirrhosis,2,0,113,13.5,110,24,36.5,220,3.199707,0.09999084,0.69995117,147,7.399414,,,,0,4,no dnr,0,1,no(M2 and SIP pres)
4824,5931,58.086,male,white,,,CHF,COPD/CHF/Cirrhosis,3,0,76,11.8984375,104,24,36,,3.3999023,0.89990234,1.09985352,134,,,,,,,no dnr,0,0,
4825,7050,41.29199,male,white,12,under $11k,Colon Cancer,Cancer,1,0,64,12.5,67,35,36.89844,250,,,0.69995117,134,7.479492,191,22,2258,5,1,no dnr,0,1,SIP>=30
4826,7381,77.90295,male,hispanic,,,ARF/MOSF w/Sepsis,ARF/MOSF,1,26,36,35.5,118,10,36,140,1.0998535,0.79992676,2.59960938,131,7.359375,211,48,1935,,0,no dnr,0,0,no(M2 and SIP pres)
4827,8164,47.07498,female,white,,,COPD,COPD/CHF/Cirrhosis,3,44,75,12.6992188,127,8,38.79688,116,3.5996094,0.39996338,0.89990234,141,7.169922,,,,,,no dnr,0,1,
4828,2762,70.20099,female,white,14,$11-$25k,ARF/MOSF w/Sepsis,ARF/MOSF,0,0,100,8.5,110,25,36.69531,,3.3999023,,1.09985352,137,,209,28,800,0,0,no dnr,0,0,no(M2 and SIP pres)
4829,9072,48.405,female,white,13,,MOSF w/Malig,ARF/MOSF,1,44,65,10.6992188,74,24,36.19531,192,,,1,144,7.399414,104,22,2600,,0,dnr after sadm,1,1,<2 mo. follow-up
4830,7554,74.39294,female,white,15,under $11k,Lung Cancer,Cancer,1,0,73,7.59960938,64,24,35.59375,442.8125,2.7998047,1.89990234,1.09985352,136,7.509766,73,26,2375,0,2,dnr after sadm,0,1,<2 mo. follow-up
4831,1862,88.03595,female,white,10,under $11k,ARF/MOSF w/Sepsis,ARF/MOSF,0,0,71,5.5,76,45,38.5,388,,0.5,1.69995117,137,7.40918,,,,1,1,no dnr,0,0,no(M2 and SIP pres)
4832,7224,62.51898,female,hispanic,9,under $11k,Colon Cancer,Cancer,2,9,69,7.39941406,71,32,35.59375,,4.2998047,1.29980469,1.5,139,,88,23,,7,2,dnr after sadm,0,1,<2 mo. follow-up
4833,3912,47.99698,male,white,,,CHF,COPD/CHF/Cirrhosis,1,0,62,14.1992188,126,27,38.29688,384,3,1.09985352,0.79992676,128,7.449219,,,,,,no dnr,0,0,
4834,5056,69.67798,male,white,14,$11-$25k,ARF/MOSF w/Sepsis,ARF/MOSF,2,100,113,3.5,125,35,36.19531,185.6875,,1.79980469,2.19970703,140,7.389648,149,33,1225,,7,dnr after sadm,0,1,adl>=4 (>=5 if sur)
4835,1900,77.72998,female,white,16,,COPD,COPD/CHF/Cirrhosis,1,0,120,7.59960938,60,24,36.19531,380,,,1.09985352,144,7.469727,,,,,,no dnr,0,0,
4836,6365,91.60297,male,black,8,under $11k,ARF/MOSF w/Sepsis,ARF/MOSF,3,26,38,18,82,10,35.39844,189.3125,2.2998047,0.69995117,1.69995117,132,7.459961,,,,,5,no dnr,1,1,<2 mo. follow-up
4837,4127,64.52295,female,white,18,>$50k,COPD,COPD/CHF/Cirrhosis,2,0,73,3.89990234,105,20,36.89844,260.8125,4.3994141,0.29998779,0.69995117,141,7.389648,,,,0,0,no dnr,0,1,no(M2 and SIP pres)
4838,836,74.46698,female,white,14,$11-$25k,ARF/MOSF w/Sepsis,ARF/MOSF,1,41,118,9.59960938,110,24,39.19531,280.9375,3.2998047,0.29998779,0.59997559,130,7.549805,116,3,3690,,0,dnr after sadm,1,1,<2 mo. follow-up
4839,7318,69.74396,male,white,12,$25-$50k,ARF/MOSF w/Sepsis,ARF/MOSF,1,0,126,12.2988281,148,45,39.09375,197.5,2.2998047,4,0.79992676,126,7.389648,435,15,2270,0,0,no dnr,1,1,<2 mo. follow-up
4840,1704,80.75,male,white,12,$11-$25k,ARF/MOSF w/Sepsis,ARF/MOSF,3,0,100,11.3984375,100,26,37.79688,322.5,2.8999023,1.19995117,1.29980469,148,7.359375,,,,1,2,no dnr,0,0,no(M2 and SIP pres)
4841,7044,62.15198,female,white,9,under $11k,CHF,COPD/CHF/Cirrhosis,4,0,69,5.79980469,111,8,37.69531,66,2.7998047,0.89990234,1,133,7.519531,132,18,2585,0,1,no dnr,0,1,no(M2 and SIP pres)
4842,5102,40.80798,male,white,12,under $11k,ARF/MOSF w/Sepsis,ARF/MOSF,1,0,122,9.79882812,55,14,39.5,151.40625,3,1.19995117,0.79992676,140,7.5,291,13,2505,,0,no dnr,1,1,<2 mo. follow-up
4843,72,41.95999,male,white,16,>$50k,Lung Cancer,Cancer,1,0,97,10.7988281,88,20,36.39844,380.9375,3.7998047,0.5,1.09985352,133,7.479492,,,,,,no dnr,0,1,no(M2 and SIP pres)
4844,7291,70.57898,female,white,12,under $11k,Coma,Coma,0,9,61,15.3984375,126,42,36.59375,313.3125,2.0996094,0.59997559,6.5,144,7.359375,55,65,1860,,0,no dnr,0,0,no(M2 and SIP pres)
4845,6897,78.00098,male,white,11,under $11k,COPD,COPD/CHF/Cirrhosis,2,0,69,13,126,28,37.79688,151,2.199707,0.5,0.89990234,146,7.489258,95,13,1315,1,1,no dnr,0,1,
4846,3136,89.72998,female,white,14,,COPD,COPD/CHF/Cirrhosis,6,0,70,12.0996094,60,20,36.5,,3.199707,,2.19970703,131,,99,54,1675,1,,dnr after sadm,0,1,adl>=4 (>=5 if sur)
4847,4102,71.573,male,black,,,COPD,COPD/CHF/Cirrhosis,2,9,80,7.29980469,164,25,36.19531,352.8125,,0.59997559,1,137,7.599609,,,,,,no dnr,0,1,
4848,6012,19.44099,female,white,11,>$50k,ARF/MOSF w/Sepsis,ARF/MOSF,2,89,120,10.1992188,153,60,39.29688,217.65625,3,0.39996338,0.59997559,131,7.469727,,,,,7,dnr after sadm,0,1,adl>=4 (>=5 if sur)
4849,1099,66.49396,male,white,,,Colon Cancer,Cancer,1,0,99,,100,22,38,136.71875,,,1.09985352,129,7.459961,,11,2640,,,no dnr,0,0,
4850,2204,50.81497,female,black,12,$11-$25k,CHF,COPD/CHF/Cirrhosis,3,0,73,4.5,70,20,36.69531,,2.7998047,0.29998779,5.69921875,139,7.389648,,,,0,0,no dnr,0,0,
4851,6924,40.50897,male,white,17,$25-$50k,ARF/MOSF w/Sepsis,ARF/MOSF,1,0,143,6.89941406,130,10,38.29688,95.70312,2.199707,3.39990234,1.5,134,7.419922,145,20,2350,,0,no dnr,0,1,
4852,8059,60.50699,female,white,14,$25-$50k,Cirrhosis,COPD/CHF/Cirrhosis,3,26,101,8.19921875,98,20,37.59375,,2.5,4.69921875,1.19995117,133,,,,,,1,no dnr,0,0,no(M2 and SIP pres)
4853,5841,24.931,male,white,12,under $11k,ARF/MOSF w/Sepsis,ARF/MOSF,1,0,51,21,46,10,35.69531,87.5625,,,0.5,135,7.459961,,,,,6,no dnr,0,0,SIP>=30
4854,519,51.62198,male,black,10,,MOSF w/Malig,ARF/MOSF,1,44,57,0.04999542,145,40,40,178,,2.19970703,7.79980469,133,7.289062,,,,,,no dnr,1,1,<2 mo. follow-up
4855,4893,58.66098,male,black,10,under $11k,COPD,COPD/CHF/Cirrhosis,1,0,65,11.5996094,105,14,38.19531,312,,,1,135,7.359375,144,21,1260,0,,no dnr,0,0,no(M2 and SIP pres)
4856,2427,73.39899,male,hispanic,10,under $11k,Cirrhosis,COPD/CHF/Cirrhosis,5,0,68,0.79992676,120,24,38,297.125,2.3999023,0.79992676,2.09960938,141,7.429688,74,21,4070,3,,dnr after sadm,0,1,adl>=4 (>=5 if sur)
4857,1577,72.01898,male,white,12,$11-$25k,ARF/MOSF w/Sepsis,ARF/MOSF,1,26,78,5.29980469,80,20,36,,,,1.09985352,139,,110,16,3800,,0,no dnr,0,1,<2 mo. follow-up
4858,7329,72.01599,male,white,10,under $11k,Coma,Coma,1,0,116,13.5996094,77,37,38.39844,263.3125,2.5,1.79980469,2.5,148,7.489258,318,32,1777,,6,no dnr,1,1,<2 mo. follow-up
4859,4553,74.672,male,white,8,,MOSF w/Malig,ARF/MOSF,1,0,61,21.296875,104,35,38.5,225,2.2998047,28.5,6.89941406,131,7.349609,142,110,1320,,,dnr after sadm,1,1,<2 mo. follow-up
4860,5669,40.24899,female,white,12,$11-$25k,ARF/MOSF w/Sepsis,ARF/MOSF,0,26,113,3.19970703,72,22,37.69531,,3.8999023,1.29980469,1.19995117,136,,112,13,3600,,0,no dnr,0,0,no(M2 and SIP pres)
4861,8150,71.02295,female,white,,,COPD,COPD/CHF/Cirrhosis,1,0,107,,98,28,36,452,,,,140,7.379883,,,,,,no dnr,0,1,
4862,6979,69.07898,female,white,10,under $11k,Cirrhosis,COPD/CHF/Cirrhosis,2,0,105,5.19921875,78,12,37.79688,185,3.2998047,7.5,0.89990234,150,7.439453,226,26,5165,3,,no dnr,0,1,<2 mo. follow-up
4863,2316,93.02399,male,white,,,ARF/MOSF w/Sepsis,ARF/MOSF,1,0,47,10.8984375,68,10,37.89844,210.1875,3,1,2.39990234,132,7.369141,,,,,,dnr after sadm,1,1,<2 mo. follow-up
4864,4787,62.771,male,white,18,,Colon Cancer,Cancer,2,0,102,13.2988281,95,28,37.29688,128.3125,,0.79992676,7.39941406,137,7.439453,100,78,15,4,1,no dnr,0,1,<2 mo. follow-up
4865,909,77.59094,male,white,8,under $11k,ARF/MOSF w/Sepsis,ARF/MOSF,3,37,57,18,115,32,38.5,224,,1.79980469,3.5,142,7.279297,137,73,1035,,,dnr after sadm,1,1,<2 mo. follow-up
4866,3840,62.37598,male,black,,,ARF/MOSF w/Sepsis,ARF/MOSF,2,0,42,13.5,116,14,35.5,173.46875,2.2998047,,2.59960938,129,7.329102,,,,,,no dnr,1,1,<2 mo. follow-up
4867,34,61.02399,female,white,,,ARF/MOSF w/Sepsis,ARF/MOSF,1,37,80,15.3984375,128,30,38.5,217.5,2.2998047,0.39996338,2.39990234,143,7.329102,,,,,,dnr after sadm,1,1,<2 mo. follow-up
4868,710,63.573,female,white,12,$25-$50k,MOSF w/Malig,ARF/MOSF,1,26,60,4.09960938,130,23,38.69531,107.6875,2,0.59997559,0.89990234,125,7.419922,,,,,,dnr after sadm,1,1,<2 mo. follow-up
4869,4116,74.89697,female,white,9,$11-$25k,COPD,COPD/CHF/Cirrhosis,4,0,105,13.7988281,120,28,36.29688,311.0625,,,1.09985352,138,7.40918,,,,1,1,no dnr,0,1,adl>=4 (>=5 if sur)
4870,8269,64.35596,male,white,,,ARF/MOSF w/Sepsis,ARF/MOSF,1,0,103,9.8984375,58,24,36.59375,325.875,4.0996094,0.59997559,1.5,133,7.429688,,,,,,no dnr,0,0,
4871,7395,65.78497,female,white,12,under $11k,COPD,COPD/CHF/Cirrhosis,3,0,114,12.6992188,72,20,35.59375,,2.7998047,1.69995117,2,130,,113,47,625,,1,no dnr,0,1,SIP>=30
4872,3104,70.54895,female,white,,under $11k,CHF,COPD/CHF/Cirrhosis,3,0,48,16.8984375,105,12,38.09375,59,3.7998047,1.29980469,2.19970703,138,7.359375,183,71,5380,0,1,no dnr,0,0,no(M2 and SIP pres)
4873,5952,65.77399,male,white,15,$25-$50k,Lung Cancer,Cancer,1,0,75,7.19921875,138,32,36,214.96875,3.3999023,0.29998779,0.79992676,135,7.419922,,,,2,,dnr after sadm,0,1,<2 mo. follow-up
4874,8749,79.37299,male,white,8,,CHF,COPD/CHF/Cirrhosis,2,0,117,15.5996094,79,20,36,,3.5996094,0.29998779,1.09985352,134,,141,11,,0,0,no dnr,0,1,no(M2 and SIP pres)
4875,4946,46.89099,male,white,5,under $11k,ARF/MOSF w/Sepsis,ARF/MOSF,4,44,108,11.6992188,115,24,38,297.3125,3.0996094,0.59997559,0.89990234,133,7.469727,133,19,2045,,0,dnr before sadm,1,1,<2 mo. follow-up
4876,1086,49.32199,female,white,14,>$50k,ARF/MOSF w/Sepsis,ARF/MOSF,2,0,56,5.19921875,130,32,36.39844,,,,1.89990234,135,,,58,3210,0,0,no dnr,0,1,no(M2 and SIP pres)
4877,5317,66.22296,male,black,,under $11k,ARF/MOSF w/Sepsis,ARF/MOSF,2,41,58,16.296875,105,28,36,158,1.5998535,5.69921875,3.69970703,130,7.349609,30,35,70,,,no dnr,0,1,no(M2 and SIP pres)
4878,11,47.94498,male,white,12,,CHF,COPD/CHF/Cirrhosis,1,0,70,10.8984375,105,24,36.5,,4.1992188,0.5,1,134,,,,,2,1,no dnr,0,1,no(M2 and SIP pres)
4879,6498,71.54596,female,white,12,$11-$25k,MOSF w/Malig,ARF/MOSF,2,0,74,11.5996094,104,32,36.5,180,2.2998047,1,2.5,133,7.429688,,,,,,dnr after sadm,1,1,<2 mo. follow-up
4880,3045,63.39798,female,white,12,,COPD,COPD/CHF/Cirrhosis,5,0,48,18.0976562,131,14,39.19531,140,2.699707,,1.39990234,148,7.349609,164,19,2095,1,,no dnr,0,0,no(M2 and SIP pres)
4881,4991,61.728,male,white,,,Coma,Coma,0,61,58,3,35,30,34.89844,395.1875,2.5996094,1.29980469,2.09960938,126,7.539062,705,46,3820,,,dnr after sadm,1,1,<2 mo. follow-up
4882,383,83.16199,male,white,,,Coma,Coma,1,89,93,18,150,32,37.89844,593,,,1.19995117,136,7.439453,,,,,,dnr after sadm,1,1,<2 mo. follow-up
4883,7010,72.57794,female,white,10,under $11k,MOSF w/Malig,ARF/MOSF,3,0,60,14.5996094,113,28,38.79688,324,2,3.09960938,0.89990234,137,7.419922,153,33,3.959961,4,2,dnr before sadm,0,1,adl>=4 (>=5 if sur)
4884,3588,63.33499,male,white,8,$25-$50k,Colon Cancer,Cancer,1,0,47,5.09960938,60,12,35.09375,,,0.5,0.89990234,140,,,,,,0,no dnr,0,1,no(M2 and SIP pres)
4885,600,19.866,female,black,11,,CHF,COPD/CHF/Cirrhosis,1,0,47,11.5996094,120,28,38,,3.199707,3.29980469,0.79992676,128,,,,,0,0,no dnr,0,1,no(M2 and SIP pres)
4886,606,53.24597,male,white,12,under $11k,ARF/MOSF w/Sepsis,ARF/MOSF,1,26,57,24.296875,150,37,36,283.625,,15.5996094,2.29980469,142,7.40918,,,,,5,dnr after sadm,1,1,<2 mo. follow-up
4887,5714,76.82397,female,white,12,under $11k,ARF/MOSF w/Sepsis,ARF/MOSF,1,0,72,16.6992188,65,10,37.5,120,,0.89990234,1.29980469,139,7.479492,151,27,940,,1,no dnr,0,0,adl>=4 (>=5 if sur)
4888,4614,78.12195,male,white,6,under $11k,COPD,COPD/CHF/Cirrhosis,4,0,57,3.29980469,115,12,36,117.76562,2.2998047,0.5,7.89941406,126,7.369141,374,73,900,3,5,no dnr,0,1,SIP>=30
4889,2870,49.495,female,black,11,$11-$25k,CHF,COPD/CHF/Cirrhosis,2,0,47,13.7988281,176,8,38.39844,190,2.5996094,0.89990234,0.79992676,146,7.379883,251,16,4505,1,1,no dnr,0,0,no(M2 and SIP pres)
4890,6255,69.37994,female,white,14,$11-$25k,Cirrhosis,COPD/CHF/Cirrhosis,3,0,71,9.5,107,20,36.79688,,1.8999023,3.5,0.69995117,129,,,,,0,0,no dnr,0,1,SIP>=30
4891,7327,30.935,male,white,11,under $11k,ARF/MOSF w/Sepsis,ARF/MOSF,4,9,64,11.5996094,131,60,38.39844,234.28125,2.2998047,1.59985352,0.79992676,147,7.429688,261,18,3870,1,0,no dnr,0,0,no(M2 and SIP pres)
4892,4510,66.47498,female,black,13,$11-$25k,CHF,COPD/CHF/Cirrhosis,3,0,65,16.6992188,104,40,36.5,200,2.3999023,22.5,1.19995117,139,7.459961,199,38,4450,1,,no dnr,0,0,no(M2 and SIP pres)
4893,6434,70.396,male,black,9,under $11k,ARF/MOSF w/Sepsis,ARF/MOSF,1,100,39,15.6992188,158,26,37.89844,81.29688,2.3999023,5.89941406,2.59960938,136,7.30957,,,,,1,no dnr,1,1,<2 mo. follow-up
4894,5004,73.62097,male,black,12,$11-$25k,ARF/MOSF w/Sepsis,ARF/MOSF,1,0,80,4.79980469,75,20,39.19531,,2.7998047,0.59997559,1.09985352,134,,111,9,1300,1,0,no dnr,0,0,no(M2 and SIP pres)
4895,7781,77.25897,male,white,8,under $11k,CHF,COPD/CHF/Cirrhosis,2,0,99,6.29980469,64,32,36.29688,244,3.5996094,0.89990234,1.69995117,137,7.399414,,,,1,3,no dnr,0,1,no(M2 and SIP pres)
4896,2430,58.987,female,white,16,$25-$50k,Colon Cancer,Cancer,1,0,50,8.09960938,50,28,38.09375,171.40625,4.3994141,0.79992676,1.39990234,139,7.449219,109,27,440,,3,dnr after sadm,0,1,<2 mo. follow-up
4897,4449,61.09,female,black,10,,Coma,Coma,1,61,73,51.3984375,106,36,36.5,126.51562,2.5,1.59985352,1.19995117,150,7.479492,100,34,1810,,0,dnr after sadm,1,1,<2 mo. follow-up
4898,3696,72.12299,male,black,12,under $11k,Coma,Coma,2,0,109,15.3984375,82,75,39.09375,185,2.199707,0.69995117,1.79980469,145,7.449219,,,,,0,dnr after sadm,1,1,<2 mo. follow-up
4899,8172,75.87695,male,white,13,$25-$50k,CHF,COPD/CHF/Cirrhosis,2,0,63,9.8984375,73,28,35.79688,295.1875,3.8999023,0.79992676,1.09985352,140,7.399414,,,,0,0,dnr after sadm,0,1,no(M2 and SIP pres)
4900,7149,71.474,male,black,5,under $11k,CHF,COPD/CHF/Cirrhosis,5,0,53,10.1992188,66,28,37,,2.0996094,5.19921875,3.09960938,136,,98,45,190,,4,no dnr,0,0,adl>=4 (>=5 if sur)
4901,8695,24.18599,female,white,12,under $11k,Coma,Coma,2,26,65,19.6992188,118,60,38.59375,73.75,2.5,1.89990234,1,143,7.459961,159,29,2265,0,0,no dnr,0,0,no(M2 and SIP pres)
4902,1581,84.70599,female,white,19,>$50k,ARF/MOSF w/Sepsis,ARF/MOSF,3,44,67,15.8984375,175,14,39.19531,135.6875,4.1992188,9.59960938,2.79980469,156,7.459961,196,83,6910,,,dnr after sadm,1,1,<2 mo. follow-up
4903,1588,65.17999,male,white,14,>$50k,ARF/MOSF w/Sepsis,ARF/MOSF,4,100,73,10,136,20,38.59375,,,0.09999084,0.69995117,135,,,13,4500,,1,dnr after sadm,1,1,<2 mo. follow-up
4904,5998,45.98798,female,white,13,$25-$50k,MOSF w/Malig,ARF/MOSF,1,0,114,5.39941406,136,28,36,304.4375,3.0996094,3.79980469,7.5,134,7.379883,,,,2,4,no dnr,0,1,adl>=4 (>=5 if sur)
4905,1971,47.26898,male,white,,,Cirrhosis,COPD/CHF/Cirrhosis,2,0,80,12.2988281,80,30,36.69531,456,2.7998047,2.59960938,0.69995117,134,7.349609,,,,1,,no dnr,0,0,
4906,2400,87.86298,female,white,12,under $11k,ARF/MOSF w/Sepsis,ARF/MOSF,1,0,53,5.19921875,66,36,35.59375,188,3.5996094,0.79992676,7.19921875,137,7.329102,,,,4,,dnr before sadm,0,0,no(M2 and SIP pres)
4907,1342,59.19498,male,white,,$11-$25k,CHF,COPD/CHF/Cirrhosis,4,0,140,15.0996094,110,50,38,193.3125,,,1.19995117,142,7.549805,160,22,3355,5,4,no dnr,0,1,adl>=4 (>=5 if sur)
4908,3646,65.45898,male,white,,,Cirrhosis,COPD/CHF/Cirrhosis,2,0,73,8.09960938,100,24,38.5,,2.199707,10.2988281,3.19970703,126,,,,,4,,no dnr,0,1,<2 mo. follow-up
4909,4324,57.19098,male,black,10,$11-$25k,COPD,COPD/CHF/Cirrhosis,2,0,100,7.79980469,70,20,36.09375,,3.0996094,0.5,1.29980469,144,,103,16,,0,0,no dnr,0,0,no(M2 and SIP pres)
4910,7679,64.047,female,white,12,under $11k,CHF,COPD/CHF/Cirrhosis,2,0,71,5.69921875,83,20,35.5,,,,1.89990234,137,,181,24,,4,0,no dnr,0,1,SIP>=30
4911,1906,61.98798,male,white,14,$11-$25k,MOSF w/Malig,ARF/MOSF,1,0,52,5.5,110,12,38.89844,145,1.6999512,1.69995117,1.89990234,131,7.30957,,,,,0,no dnr,0,1,SIP>=30
4912,6535,66.81696,male,white,12,,Coma,Coma,0,9,110,7.69921875,57,10,36.79688,190,2.2998047,5.5,1.29980469,153,7.429688,,,,,0,no dnr,0,1,<2 mo. follow-up
4913,683,47.93198,female,white,,,MOSF w/Malig,ARF/MOSF,3,0,60,0.04999542,150,40,36.29688,167.34375,2.5996094,2.19970703,2.89990234,129,7.399414,,,,,,dnr after sadm,1,1,<2 mo. follow-up
4914,2717,88.99396,male,white,16,,COPD,COPD/CHF/Cirrhosis,3,0,55,33,76,11,36.19531,88,2,,0.69995117,147,7.379883,116,11,3531,0,,dnr before sadm,0,1,no(M2 and SIP pres)
4915,5178,27.26099,male,black,12,under $11k,ARF/MOSF w/Sepsis,ARF/MOSF,0,0,118,15.2988281,55,34,38.79688,220,2.3999023,4.09960938,0.79992676,152,7.389648,102,13,4770,0,0,no dnr,0,0,no(M2 and SIP pres)
4916,6021,62.93997,female,white,11,under $11k,CHF,COPD/CHF/Cirrhosis,4,0,110,6.19921875,62,34,36.29688,396.25,3.199707,0.5,1.39990234,136,7.449219,,,,3,5,dnr after sadm,0,1,<2 mo. follow-up
4917,3982,63.064,female,white,,,ARF/MOSF w/Sepsis,ARF/MOSF,1,0,67,11.3984375,120,17,37.79688,141.65625,2.5,0.59997559,1.19995117,156,7.419922,,,,,1,no dnr,0,0,no(M2 and SIP pres)
4918,5723,67.77295,male,white,11,$25-$50k,ARF/MOSF w/Sepsis,ARF/MOSF,2,0,71,19.3984375,72,36,35.79688,296.625,2.699707,0.69995117,0.79992676,137,7.439453,86,11,900,,0,no dnr,0,0,no(M2 and SIP pres)
4919,4138,64.60797,female,black,8,,Colon Cancer,Cancer,1,0,81,10.5996094,64,28,36.39844,352.375,,1.39990234,1.39990234,139,7.5,,,,0,,no dnr,0,1,no(M2 and SIP pres)
4920,2458,79.21997,male,white,12,$11-$25k,COPD,COPD/CHF/Cirrhosis,2,0,60,12.5,130,8,38.5,276,2.2998047,0.69995117,1,144,7.439453,148,11,3310,,0,no dnr,1,1,<2 mo. follow-up
4921,5946,97.51099,female,black,,under $11k,Coma,Coma,2,55,72,11.3984375,60,38,35.29688,204.75,4,0.89990234,1.09985352,137,7.439453,,,,,4,dnr after sadm,1,1,<2 mo. follow-up
4922,4676,47.53699,male,white,12,$25-$50k,ARF/MOSF w/Sepsis,ARF/MOSF,0,0,72,11.5996094,105,16,37.79688,180,,,1.89990234,146,7.40918,255,58,1675,0,0,no dnr,0,0,
4923,6436,57.46198,female,black,12,under $11k,CHF,COPD/CHF/Cirrhosis,4,0,113,7.79980469,55,20,36.19531,457.125,3,0.5,2.19970703,138,7.489258,,,,0,4,no dnr,0,1,no(M2 and SIP pres)
4924,8133,57.36099,male,white,,,Coma,Coma,2,44,72,11.0996094,101,24,38,,,,1.39990234,148,,,,,,,dnr after sadm,1,1,<2 mo. follow-up
4925,2610,56.20798,female,white,,,ARF/MOSF w/Sepsis,ARF/MOSF,2,0,49,18.796875,120,44,36.39844,173.46875,3.5996094,,1.89990234,135,7.429688,92,46,1520,,,no dnr,0,0,
4926,2504,84.01898,male,white,14,$25-$50k,CHF,COPD/CHF/Cirrhosis,4,0,100,11.0996094,100,20,37,,,,0.59997559,136,,172,11,,,,no dnr,0,1,no(M2 and SIP pres)
4927,8323,88.04395,male,white,8,under $11k,CHF,COPD/CHF/Cirrhosis,4,9,102,,83,24,36,,,0.29998779,2.69970703,132,,,,,6,4,no dnr,0,1,no(M2 and SIP pres)
4928,7067,69.67798,male,white,12,$11-$25k,CHF,COPD/CHF/Cirrhosis,3,0,60,15.5996094,122,52,38.09375,140,1.8999023,1.19995117,4.89941406,138,7.389648,160,37,526,6,6,no dnr,0,1,no(M2 and SIP pres)
4929,4891,69.42896,female,black,14,,ARF/MOSF w/Sepsis,ARF/MOSF,0,0,147,7.79980469,120,6,36.09375,253.3125,2.3999023,3.89990234,4.09960938,147,7.399414,177,54,820,,1,no dnr,0,1,adl>=4 (>=5 if sur)
4930,2210,57.20697,male,white,14,$25-$50k,Colon Cancer,Cancer,2,0,77,5.69921875,70,15,36.09375,,4.6992188,0.5,1.09985352,136,,,,,0,0,no dnr,0,0,
4931,8674,65.29999,male,white,10,$11-$25k,Colon Cancer,Cancer,1,0,79,61.1953125,87,24,37,,2.699707,4.19921875,1.59985352,135,,185,14,,0,,dnr after sadm,0,1,no(M2 and SIP pres)
4932,1103,46.78699,male,hispanic,12,under $11k,ARF/MOSF w/Sepsis,ARF/MOSF,4,44,105,7.19921875,120,10,37.79688,435,2.8999023,24,3.5,145,7.479492,180,72,4645,,6,no dnr,0,0,no(M2 and SIP pres)
4933,8315,69.47797,male,white,12,under $11k,MOSF w/Malig,ARF/MOSF,3,0,105,16.296875,120,34,38.19531,86.25,,,2.69970703,124,7.509766,,,,,2,no dnr,1,1,<2 mo. follow-up
4934,5969,66.23096,male,white,10,under $11k,COPD,COPD/CHF/Cirrhosis,5,0,62,8,141,28,35.59375,147.5,3,0.89990234,1,136,7.319336,,,,2,6,no dnr,0,1,no(M2 and SIP pres)
4935,6438,49.86697,female,white,,,Coma,Coma,1,100,45,27.5976562,46,12,33,473.3125,2.699707,0.39996338,0.79992676,127,7.40918,,,,,,dnr after sadm,1,1,<2 mo. follow-up
4936,8038,59.68198,male,white,8,under $11k,ARF/MOSF w/Sepsis,ARF/MOSF,1,26,79,5.79980469,104,32,36.29688,182.5,,,1.19995117,133,7.5,,,,,0,no dnr,0,0,no(M2 and SIP pres)
4937,435,62.50198,male,hispanic,4,$11-$25k,CHF,COPD/CHF/Cirrhosis,4,0,70,9.29882812,60,20,36,352.375,,0.29998779,1.5,138,7.449219,,,,,,no dnr,0,1,
4938,8370,78.33496,male,white,5,$11-$25k,COPD,COPD/CHF/Cirrhosis,3,0,120,13.8984375,59,33,37.79688,180,3.7998047,0.89990234,2.19970703,134,7.299805,,,,,1,dnr after sadm,0,1,adl>=4 (>=5 if sur)
4939,6918,82.12695,male,white,,,ARF/MOSF w/Sepsis,ARF/MOSF,2,0,52,0.32995606,118,16,37.59375,,,,0.79992676,130,,108,6,800,,0,dnr after sadm,1,1,<2 mo. follow-up
4940,4524,56.05698,female,black,15,$11-$25k,ARF/MOSF w/Sepsis,ARF/MOSF,4,61,0,15.7988281,0,0,35.5,232.5,,,2,153,7.449219,378,26,5635,,3,dnr after sadm,1,1,<2 mo. follow-up
4941,3654,35.84399,female,white,17,>$50k,Coma,Coma,0,44,75,18.3984375,130,7,38,396,,0.5,0.89990234,137,7.479492,,,,,0,no dnr,0,0,SIP>=30
4942,2646,31.82999,male,white,15,under $11k,CHF,COPD/CHF/Cirrhosis,3,0,115,14,120,28,38.29688,,,,6.29980469,138,,102,83,3330,0,,no dnr,0,1,no(M2 and SIP pres)
4943,4571,40.30099,female,white,16,$25-$50k,Lung Cancer,Cancer,1,0,0,23.0976562,0,0,39.79688,368,,3.19970703,6.09960938,135,7.419922,187,67,0,0,0,no dnr,0,1,no(M2 and SIP pres)
4944,7081,65.71698,female,white,,under $11k,ARF/MOSF w/Sepsis,ARF/MOSF,1,0,55,14.3984375,107,13,37.69531,154,1.3999023,1.19995117,1.59985352,136,7.349609,402,46,1577,,0,dnr after sadm,1,1,<2 mo. follow-up
4945,7027,72.07098,male,black,10,,ARF/MOSF w/Sepsis,ARF/MOSF,3,0,54,8.29882812,29,16,36.09375,259.25,,0.59997559,3.09960938,129,7.30957,158,69,1575,,6,dnr after sadm,1,1,<2 mo. follow-up
4946,7747,76.07898,male,white,,,Coma,Coma,0,55,125,10.8984375,130,44,39.19531,206.65625,3.5996094,0.39996338,0.89990234,143,7.589844,,,,,,dnr after sadm,0,1,<2 mo. follow-up
4947,7978,71.12897,male,white,6,under $11k,Lung Cancer,Cancer,2,0,118,,81,36,35.69531,,,,1.59985352,138,,,,,,,no dnr,0,1,
4948,4027,55.64999,female,white,13,,ARF/MOSF w/Sepsis,ARF/MOSF,1,37,63,17.296875,110,24,38,253.3125,,0.39996338,4.59960938,143,7.429688,,,,,0,no dnr,0,1,no(M2 and SIP pres)
4949,5551,59.90399,male,white,8,$11-$25k,ARF/MOSF w/Sepsis,ARF/MOSF,2,0,78,5.39941406,72,20,36,,,0.89990234,1,140,,79,14,2000,3,1,,0,1,no(M2 and SIP pres)
4950,6241,33.57999,female,white,,,MOSF w/Malig,ARF/MOSF,1,55,58,20.0976562,157,43,36.39844,46,2.5996094,1.09985352,0.59997559,144,7.25,,,,,,dnr after sadm,1,1,<2 mo. follow-up
4951,4565,47.26099,male,black,6,$11-$25k,CHF,COPD/CHF/Cirrhosis,2,0,63,7.59960938,100,20,37.09375,,,0.39996338,1.19995117,142,,51,6,3200,1,2,no dnr,0,1,no(M2 and SIP pres)
4952,6238,55.86298,male,white,12,$11-$25k,Colon Cancer,Cancer,1,26,103,8.59960938,60,20,36.5,,3.699707,0.29998779,0.69995117,139,,,,,0,1,no dnr,0,1,no(M2 and SIP pres)
4953,3807,52.49799,female,white,12,$11-$25k,ARF/MOSF w/Sepsis,ARF/MOSF,2,100,32,60.09375,0,12,38.09375,58,,17.1992188,4.69921875,128,7.179688,,,,,1,no dnr,1,1,<2 mo. follow-up
4954,3290,90.75397,female,black,7,under $11k,CHF,COPD/CHF/Cirrhosis,2,0,115,1.69995117,76,18,34.89844,,2.699707,0.29998779,0.79992676,146,,,,,4,2,no dnr,0,1,no(M2 and SIP pres)
4955,5742,33.76297,male,white,,,ARF/MOSF w/Sepsis,ARF/MOSF,0,0,74,1.89990234,108,24,37.5,227.5,,,1,132,7.549805,93,10,,,,no dnr,0,0,
4956,1933,74.83398,female,white,12,under $11k,CHF,COPD/CHF/Cirrhosis,4,0,70,11.8984375,100,50,36.09375,263.3125,2.199707,0.39996338,0.79992676,142,7.429688,,,,,4,dnr after sadm,1,1,<2 mo. follow-up
4957,1315,47.47998,female,white,14,$25-$50k,ARF/MOSF w/Sepsis,ARF/MOSF,1,0,62,12.5,135,37,38.59375,347.5,,,1.5,152,7.589844,304,33,2712,0,,no dnr,0,0,
4958,1822,54.66397,female,white,12,,ARF/MOSF w/Sepsis,ARF/MOSF,1,0,57,3.09960938,140,26,35.79688,160,3,33,3.69970703,132,7.379883,,,,,,no dnr,1,1,<2 mo. follow-up
4959,7848,29.50899,female,white,16,$25-$50k,ARF/MOSF w/Sepsis,ARF/MOSF,0,0,78,6.5,104,24,38.59375,100,2.8999023,0.69995117,0.59997559,136,7.509766,,,,,0,dnr after sadm,1,1,<2 mo. follow-up
4960,1657,61.43997,female,black,11,under $11k,Cirrhosis,COPD/CHF/Cirrhosis,4,0,77,6.19921875,94,16,36,,,,18.3984375,137,,,,,5,3,no dnr,0,0,no(M2 and SIP pres)
4961,1372,62.34399,male,white,14,$25-$50k,CHF,COPD/CHF/Cirrhosis,3,0,93,6.59960938,126,24,38.39844,,,0.79992676,0.89990234,140,,113,9,3975,0,0,no dnr,0,0,no(M2 and SIP pres)
4962,4595,66.44995,female,black,,,Coma,Coma,3,55,145,26,144,35,39,84.60938,,0.39996338,0.89990234,139,7.439453,94,19,2595,,7,dnr after sadm,0,1,
4963,2274,62.92999,male,white,,,ARF/MOSF w/Sepsis,ARF/MOSF,4,0,111,14.6992188,115,28,37.89844,150,2.3999023,,1,149,7.369141,,,,,,no dnr,1,1,<2 mo. follow-up
4964,4284,39.26898,female,white,13,$25-$50k,MOSF w/Malig,ARF/MOSF,1,9,73,5.59960938,80,25,37.79688,247.59375,3.5996094,0.69995117,2.5,138,7.489258,104,53,,,1,dnr after sadm,1,1,<2 mo. follow-up
4965,4311,72.60797,male,white,0,,ARF/MOSF w/Sepsis,ARF/MOSF,1,0,49,17.5,120,12,35.69531,121.65625,3.5996094,0.39996338,2.79980469,144,7.279297,121,57,560,0,1,no dnr,0,0,no(M2 and SIP pres)
4966,8905,41.04898,male,white,12,,ARF/MOSF w/Sepsis,ARF/MOSF,5,0,80,6.69921875,48,16,35.59375,,,0.5,1.09985352,138,,125,13,2125,0,5,no dnr,0,1,SIP>=30
4967,4283,50.396,female,white,12,$25-$50k,Coma,Coma,1,44,73,6.79980469,54,22,36.69531,,2.5,2.39990234,0.59997559,137,,66,9,1100,,0,dnr after sadm,0,0,no(M2 and SIP pres)
4968,7308,58.995,male,white,8,$11-$25k,ARF/MOSF w/Sepsis,ARF/MOSF,0,0,60,29,144,32,39.19531,411.375,2.0996094,1.89990234,0.89990234,135,7.509766,110,17,1583,,0,no dnr,0,0,SIP>=30
4969,7166,32.26599,female,white,12,under $11k,ARF/MOSF w/Sepsis,ARF/MOSF,0,0,114,5.5,60,20,36.19531,,3.699707,1,1.39990234,145,,282,31,,,0,no dnr,0,0,
4970,5113,55.26099,male,white,12,$11-$25k,MOSF w/Malig,ARF/MOSF,1,0,58,18.796875,55,24,38.29688,169.375,1.5998535,0.39996338,1,131,7.369141,177,21,1520,,6,dnr after sadm,1,1,<2 mo. follow-up
4971,404,66.18994,female,white,15,under $11k,ARF/MOSF w/Sepsis,ARF/MOSF,2,0,113,13.0996094,110,20,36,232.5,,,1.69995117,143,7.429688,,,,1,,no dnr,0,1,no(M2 and SIP pres)
4972,772,52.827,male,white,14,>$50k,ARF/MOSF w/Sepsis,ARF/MOSF,4,44,53,12.3984375,110,24,39.5,,,25.5976562,7.79980469,145,,,,,,7,dnr after sadm,1,1,<2 mo. follow-up
4973,4056,68.75,female,black,8,>$50k,Coma,Coma,2,0,70,14.5,108,8,36.19531,423.3125,1.1999512,0.29998779,3,134,7.449219,,,,,1,dnr after sadm,1,1,<2 mo. follow-up
4974,8582,64.89294,male,white,12,under $11k,Colon Cancer,Cancer,3,0,66,13.7988281,122,36,36.39844,232.5,,,0.5,129,7.469727,115,14,1950,0,0,dnr after sadm,0,1,<2 mo. follow-up
4975,8013,60.85699,female,white,12,$11-$25k,COPD,COPD/CHF/Cirrhosis,0,0,137,9.59960938,62,14,36.19531,166.65625,3.7998047,0.5,8.29882812,128,7.349609,,,,4,0,no dnr,0,1,no(M2 and SIP pres)
4976,7519,48.27399,female,white,10,$25-$50k,Coma,Coma,0,94,60,12.6992188,64,30,38.5,134,2.699707,0.79992676,0.59997559,140,7.5,104,5,2444,,0,dnr after sadm,1,1,<2 mo. follow-up
4977,8570,43.38898,female,white,12,$25-$50k,ARF/MOSF w/Sepsis,ARF/MOSF,2,0,110,12,72,28,35.69531,108.15625,,,2.59960938,134,7.339844,144,33,1630,,0,no dnr,0,0,no(M2 and SIP pres)
4978,5360,64.93396,female,white,28,>$50k,Colon Cancer,Cancer,1,0,120,8,115,7,36.5,213.3125,2.3999023,0.29998779,0.59997559,135,7.439453,252,15,3820,0,0,no dnr,0,0,no(M2 and SIP pres)
4979,4054,30.33299,female,white,11,under $11k,ARF/MOSF w/Sepsis,ARF/MOSF,1,0,113,11.5996094,130,28,39,132.71875,2,0.19998169,0.59997559,143,7.429688,,,,,0,dnr after sadm,1,1,<2 mo. follow-up
4980,7878,78.396,male,white,14,$25-$50k,COPD,COPD/CHF/Cirrhosis,2,0,124,5.59960938,114,24,36.59375,200,3.7998047,0.39996338,1.19995117,133,7.369141,,,,,,dnr after sadm,0,1,<2 mo. follow-up
4981,7932,63.41397,female,white,8,under $11k,Lung Cancer,Cancer,2,26,112,13.8984375,174,28,36,285.6875,,,1.29980469,139,7.419922,,,,,1,dnr after sadm,0,1,adl>=4 (>=5 if sur)
4982,126,76.41296,female,black,6,,CHF,COPD/CHF/Cirrhosis,2,0,113,3.19970703,80,20,36.29688,,3.0996094,0.79992676,2.19970703,144,,,,,,,no dnr,0,1,adl>=4 (>=5 if sur)
4983,2459,73.16095,female,white,12,$11-$25k,ARF/MOSF w/Sepsis,ARF/MOSF,1,0,69,10.3984375,97,22,36.69531,148.5625,2.7998047,0.29998779,6.5,136,7.319336,82,37,,2,6,dnr after sadm,0,1,adl>=4 (>=5 if sur)
4984,1334,66.98999,female,white,12,under $11k,ARF/MOSF w/Sepsis,ARF/MOSF,2,26,67,35.6953125,130,28,38.59375,345.6875,3.199707,2.39990234,4.5,134,7.519531,,166,5435,,,no dnr,0,1,
4985,3862,59.69299,male,white,7,,CHF,COPD/CHF/Cirrhosis,4,0,65,12.5996094,94,20,35.09375,348,,1.69995117,1.69995117,141,7.449219,,,,3,3,no dnr,0,1,<2 mo. follow-up
4986,5320,61.73898,male,white,16,$25-$50k,Coma,Coma,0,100,49,41.296875,50,7,38.09375,106,,24.796875,3.69970703,135,7.399414,299,41,20,,0,dnr after sadm,1,1,<2 mo. follow-up
4987,4240,70.12195,female,black,,,ARF/MOSF w/Sepsis,ARF/MOSF,1,37,56,14.1992188,124,10,35.69531,237.125,,0.09999084,1.19995117,154,7.529297,,,,,0,dnr after sadm,1,1,<2 mo. follow-up
4988,7757,67.10999,male,white,10,$11-$25k,ARF/MOSF w/Sepsis,ARF/MOSF,1,44,69,26.6992188,108,22,39.09375,250,4.5996094,3.69970703,5.69921875,144,7.359375,,,,,0,dnr after sadm,1,1,<2 mo. follow-up
4989,4803,70.06995,male,white,,,Coma,Coma,1,94,93,7,72,24,36.19531,,3.3999023,0.69995117,4.69921875,143,,281,54,1250,,,dnr after sadm,1,1,<2 mo. follow-up
4990,6244,55.37,male,white,8,$11-$25k,Cirrhosis,COPD/CHF/Cirrhosis,2,0,54,13.5996094,74,28,38.19531,297.5625,2.3999023,17.296875,0.69995117,133,7.5,,,,,,no dnr,0,0,no(M2 and SIP pres)
4991,263,65.89996,male,white,11,$11-$25k,ARF/MOSF w/Sepsis,ARF/MOSF,0,26,130,6.69921875,110,26,38.19531,365,2.0996094,0.19998169,1.19995117,131,7.5,,,,1,,no dnr,0,1,
4992,8525,78.65796,male,white,,,MOSF w/Malig,ARF/MOSF,2,0,63,19.1992188,59,7,38.69531,150,2,0.5,2.29980469,141,7.40918,113,33,1670,,,no dnr,0,1,
4993,7687,70.784,male,white,11,$11-$25k,Lung Cancer,Cancer,1,0,52,7.79980469,232,43,39.09375,67,2.5,0.39996338,0.5,144,7.30957,172,16,584,0,0,no dnr,0,1,adl>=4 (>=5 if sur)
4994,8253,84.51495,male,white,8,under $11k,Coma,Coma,7,61,116,17.1992188,114,34,38.79688,192.5,4,0.39996338,1.89990234,135,7.399414,,,,,6,dnr after sadm,0,1,<2 mo. follow-up
4995,7459,64.23798,female,black,12,under $11k,ARF/MOSF w/Sepsis,ARF/MOSF,1,0,62,16.5976562,114,24,38.19531,350,1.6999512,0.59997559,1.09985352,133,7.40918,102,24,1808,0,0,no dnr,0,0,no(M2 and SIP pres)
4996,6893,61.314,female,white,9,,Lung Cancer,Cancer,3,0,109,9.09960938,78,24,37.09375,216,3.699707,0.5,0.89990234,141,7.369141,146,30,,0,,dnr after sadm,0,1,<2 mo. follow-up
4997,7145,76.271,female,white,8,under $11k,ARF/MOSF w/Sepsis,ARF/MOSF,2,26,107,6.79980469,74,20,35.29688,137.03125,4.1992188,1.29980469,1.89990234,136,7.339844,158,63,1485,,,dnr after sadm,1,1,<2 mo. follow-up
4998,5222,57.17999,female,white,17,under $11k,CHF,COPD/CHF/Cirrhosis,3,9,98,23,115,12,36.69531,187.5,1.0998535,3.29980469,1.39990234,144,7.40918,78,43,1480,0,0,no dnr,0,0,no(M2 and SIP pres)
4999,6935,74.086,male,white,10,under $11k,Cirrhosis,COPD/CHF/Cirrhosis,2,9,39,36.796875,180,36,36.59375,148,2.5,0.29998779,0.59997559,133,7.399414,305,27,1006,6,4,no dnr,0,0,no(M2 and SIP pres)
5000,1184,63.767,male,white,14,$25-$50k,ARF/MOSF w/Sepsis,ARF/MOSF,5,9,62,14.2988281,95,25,36.59375,,,54.796875,4.59960938,132,,,78,0,,,dnr after sadm,1,1,<2 mo. follow-up
