portfolio_row_id,instant,cnt,dteday,season,yr,mnth,hr,holiday,weekday,workingday,weathersit,temp,atemp,hum,windspeed,casual,registered
1,8013,154,2011-12-05,4,0,12,12,0,1,1,2,0.4,0.4091,0.76,0.1045,29,125
2,28,6,2011-01-02,1,0,1,3,0,0,0,2,0.46,0.4545,0.94,0.194,2,4
3,14293,820,2012-08-23,3,1,8,17,0,4,1,1,0.76,0.6818,0.45,0.2239,111,709
4,246,63,2011-01-11,1,0,1,14,0,2,1,2,0.2,0.2273,0.59,0.0896,3,60
5,10645,290,2012-03-24,2,1,3,15,0,6,0,3,0.5,0.4848,0.94,0.4179,118,172
6,11878,4,2012-05-15,2,1,5,2,0,2,1,2,0.56,0.5303,0.88,0.1343,1,3
7,7458,101,2011-11-12,4,0,11,8,0,6,0,1,0.26,0.2576,0.7,0.194,14,87
8,11251,70,2012-04-18,2,1,4,23,0,3,1,2,0.42,0.4242,0.77,0.0,14,56
9,1449,205,2011-03-05,1,0,3,15,0,6,0,2,0.46,0.4545,0.63,0.2985,83,122
10,948,15,2011-02-12,1,0,2,2,0,6,0,1,0.14,0.2121,0.8,0.0,2,13
11,13562,190,2012-07-24,3,1,7,6,0,2,1,1,0.66,0.6061,0.83,0.1343,17,173
12,14187,41,2012-08-19,3,1,8,7,0,0,0,2,0.62,0.6061,0.69,0.1343,12,29
13,2783,224,2011-04-30,2,0,4,20,0,6,0,1,0.44,0.4394,0.62,0.1343,65,159
14,12479,40,2012-06-09,2,1,6,3,0,6,0,1,0.62,0.6212,0.57,0.0,12,28
15,13855,437,2012-08-05,3,1,8,11,0,0,0,1,0.82,0.7879,0.56,0.4179,155,282
16,3741,466,2011-06-09,2,0,6,18,0,4,1,1,0.88,0.803,0.39,0.2836,52,414
17,7638,163,2011-11-19,4,0,11,20,0,6,0,2,0.36,0.3636,0.57,0.1045,48,115
18,6292,426,2011-09-24,4,0,9,17,0,6,0,1,0.66,0.6212,0.74,0.1045,180,246
19,2183,160,2011-04-05,2,0,4,19,0,2,1,1,0.36,0.3333,0.43,0.2985,12,148
20,5231,312,2011-08-10,3,0,8,20,0,3,1,1,0.76,0.6667,0.31,0.1343,59,253
21,1026,52,2011-02-15,1,0,2,10,0,2,1,1,0.24,0.2121,0.27,0.2836,5,47
22,4991,275,2011-07-31,3,0,7,20,0,0,0,1,0.8,0.7576,0.55,0.3284,70,205
23,10870,11,2012-04-03,2,1,4,1,0,2,1,1,0.38,0.3939,0.46,0.2239,0,11
24,5317,183,2011-08-14,3,0,8,10,0,0,0,1,0.7,0.6667,0.79,0.2239,67,116
25,803,56,2011-02-05,1,0,2,21,0,6,0,1,0.26,0.2576,1.0,0.194,3,53
26,4783,9,2011-07-23,3,0,7,4,0,6,0,1,0.76,0.7273,0.66,0.1045,5,4
27,13591,281,2012-07-25,3,1,7,11,0,3,1,1,0.76,0.6667,0.33,0.0,79,202
28,6348,10,2011-09-27,4,0,9,1,0,2,1,1,0.62,0.5455,0.94,0.1642,4,6
29,2626,27,2011-04-24,2,0,4,7,0,0,0,2,0.5,0.4848,1.0,0.0,16,11
30,14141,378,2012-08-17,3,1,8,9,0,5,1,1,0.7,0.2424,0.58,0.1045,58,320
31,15139,45,2012-09-27,4,1,9,23,0,4,1,3,0.62,0.5758,0.83,0.1642,1,44
32,3063,207,2011-05-12,2,0,5,12,0,4,1,1,0.58,0.5455,0.6,0.2239,43,164
33,3415,7,2011-05-27,2,0,5,4,0,5,1,1,0.64,0.6061,0.69,0.1343,2,5
34,1846,134,2011-03-22,2,0,3,15,0,2,1,1,0.5,0.4848,0.42,0.2239,55,79
35,3230,164,2011-05-19,2,0,5,11,0,4,1,3,0.54,0.5152,0.88,0.1642,53,111
36,1344,46,2011-03-01,1,0,3,6,0,2,1,1,0.2,0.1818,0.59,0.2985,0,46
37,12995,404,2012-06-30,3,1,6,15,0,6,0,1,0.88,0.7727,0.3,0.2537,117,287
38,9571,155,2012-02-08,1,1,2,17,0,3,1,3,0.24,0.2576,0.87,0.1045,8,147
39,16371,259,2012-11-19,4,1,11,20,0,1,1,2,0.38,0.3939,0.62,0.2537,7,252
40,2954,119,2011-05-07,2,0,5,23,0,6,0,1,0.5,0.4848,0.59,0.1045,30,89
41,11827,176,2012-05-12,2,1,5,23,0,6,0,1,0.58,0.5455,0.56,0.0896,42,134
42,3586,277,2011-06-03,2,0,6,7,0,5,1,1,0.54,0.5152,0.45,0.2537,25,252
43,8143,95,2011-12-10,4,0,12,22,0,6,0,1,0.22,0.2273,0.41,0.1343,7,88
44,16841,250,2012-12-09,4,1,12,11,0,0,0,2,0.4,0.4091,0.87,0.2985,40,210
45,14980,757,2012-09-21,3,1,9,8,0,5,1,1,0.54,0.5152,0.73,0.1343,31,726
46,1427,228,2011-03-04,1,0,3,17,0,5,1,2,0.36,0.3333,0.5,0.2537,22,206
47,9076,5,2012-01-19,1,1,1,1,0,4,1,1,0.14,0.1515,0.5,0.1642,0,5
48,17172,9,2012-12-23,1,1,12,6,0,0,0,1,0.16,0.197,0.64,0.0896,4,5
49,171,20,2011-01-08,1,0,1,9,0,6,0,3,0.16,0.1818,0.93,0.1045,0,20
50,1704,101,2011-03-16,1,0,3,15,0,3,1,2,0.4,0.4091,0.76,0.2537,22,79
51,5932,285,2011-09-09,3,0,9,16,0,5,1,1,0.74,0.697,0.66,0.1343,41,244
52,10810,621,2012-03-31,2,1,3,12,0,6,0,1,0.48,0.4697,0.67,0.0,263,358
53,12521,253,2012-06-10,2,1,6,21,0,0,0,1,0.72,0.6818,0.62,0.1642,83,170
54,15922,20,2012-11-01,4,1,11,2,0,4,1,1,0.32,0.3333,0.66,0.1343,10,10
55,15395,370,2012-10-08,4,1,10,15,1,1,0,3,0.42,0.4242,0.58,0.194,76,294
56,11956,745,2012-05-18,2,1,5,8,0,5,1,1,0.52,0.5,0.59,0.1343,49,696
57,13195,123,2012-07-08,3,1,7,23,0,0,0,3,0.68,0.6364,0.83,0.0896,25,98
58,9763,289,2012-02-16,1,1,2,17,0,4,1,3,0.34,0.3636,0.87,0.0,8,281
59,15552,10,2012-10-15,4,1,10,4,0,1,1,2,0.56,0.5303,0.68,0.2239,1,9
60,1993,61,2011-03-28,2,0,3,21,0,1,1,1,0.32,0.3333,0.21,0.1343,6,55
61,7137,36,2011-10-29,4,0,10,23,0,6,0,1,0.22,0.2273,0.87,0.194,3,33
62,15500,249,2012-10-13,4,1,10,0,0,6,0,1,0.36,0.3636,0.57,0.0896,31,218
63,8190,121,2011-12-12,4,0,12,21,0,1,1,1,0.26,0.303,0.81,0.0,2,119
64,2317,96,2011-04-11,2,0,4,10,0,1,1,2,0.56,0.5303,0.83,0.2985,41,55
65,6263,29,2011-09-23,4,0,9,12,0,5,1,3,0.62,0.5455,0.94,0.1045,1,28
66,14839,627,2012-09-15,3,1,9,11,0,6,0,1,0.64,0.6212,0.38,0.3881,228,399
67,15434,175,2012-10-10,4,1,10,6,0,3,1,2,0.46,0.4545,0.88,0.0896,3,172
68,17157,153,2012-12-22,1,1,12,15,0,6,0,1,0.32,0.2727,0.33,0.5821,14,139
69,11049,259,2012-04-10,2,1,4,12,0,2,1,1,0.54,0.5152,0.22,0.2836,75,184
70,12906,245,2012-06-26,3,1,6,22,0,2,1,1,0.66,0.6212,0.34,0.2537,26,219
71,8626,10,2011-12-31,1,0,12,4,0,6,0,1,0.38,0.3939,0.71,0.2239,1,9
72,3190,349,2011-05-17,2,0,5,19,0,2,1,1,0.6,0.5909,0.69,0.2537,51,298
73,7780,153,2011-11-25,4,0,11,18,0,5,1,1,0.46,0.4545,0.44,0.0896,45,108
74,14986,412,2012-09-21,3,1,9,14,0,5,1,1,0.7,0.6515,0.54,0.2985,113,299
75,12407,8,2012-06-06,2,1,6,3,0,3,1,1,0.46,0.4545,0.82,0.0,0,8
76,7416,64,2011-11-10,4,0,11,14,0,4,1,3,0.36,0.3333,0.87,0.2836,6,58
77,9944,469,2012-02-24,1,1,2,8,0,5,1,2,0.38,0.3939,0.76,0.3284,17,452
78,12807,362,2012-06-22,3,1,6,19,0,5,1,2,0.76,0.697,0.55,0.5224,45,317
79,7117,8,2011-10-29,4,0,10,3,0,6,0,3,0.3,0.2727,0.81,0.4179,0,8
80,2093,32,2011-04-02,2,0,4,1,0,6,0,1,0.26,0.2727,0.65,0.1343,4,28
81,8721,2,2012-01-04,1,1,1,4,0,3,1,1,0.02,0.0455,0.41,0.194,0,2
82,8095,92,2011-12-08,4,0,12,22,0,4,1,1,0.26,0.2727,0.65,0.1343,8,84
83,7838,34,2011-11-28,4,0,11,5,0,1,1,1,0.4,0.4091,0.87,0.0,0,34
84,1801,226,2011-03-20,1,0,3,17,0,0,0,1,0.4,0.4091,0.35,0.2836,83,143
85,13960,478,2012-08-09,3,1,8,20,0,4,1,1,0.7,0.6515,0.54,0.2836,91,387
86,390,71,2011-01-17,1,0,1,17,1,1,0,1,0.2,0.197,0.51,0.194,4,67
87,7226,266,2011-11-02,4,0,11,16,0,3,1,1,0.48,0.4697,0.51,0.1045,35,231
88,5791,371,2011-09-03,3,0,9,17,0,6,0,1,0.72,0.6818,0.7,0.2239,170,201
89,4836,135,2011-07-25,3,0,7,9,0,1,1,1,0.8,0.803,0.66,0.0,11,124
90,13040,257,2012-07-02,3,1,7,12,0,1,1,1,0.84,0.7273,0.32,0.194,74,183
91,8403,280,2011-12-21,1,0,12,18,0,3,1,2,0.44,0.4394,1.0,0.2985,2,278
92,16106,373,2012-11-08,4,1,11,19,0,4,1,1,0.38,0.3939,0.27,0.3582,14,359
93,11389,691,2012-04-24,2,1,4,17,0,2,1,1,0.52,0.5,0.22,0.3881,72,619
94,6291,449,2011-09-24,4,0,9,16,0,6,0,2,0.64,0.5909,0.78,0.0896,167,282
95,832,3,2011-02-07,1,0,2,2,0,1,1,1,0.2,0.2576,0.8,0.0,0,3
96,11315,628,2012-04-21,2,1,4,15,0,6,0,1,0.72,0.6515,0.39,0.2537,267,361
97,3170,57,2011-05-16,2,0,5,23,0,1,1,1,0.56,0.5303,0.88,0.0896,18,39
98,3535,4,2011-06-01,2,0,6,4,0,3,1,2,0.68,0.6364,0.89,0.2239,0,4
99,16313,320,2012-11-17,4,1,11,10,0,6,0,1,0.36,0.3333,0.46,0.2537,62,258
100,6087,4,2011-09-16,3,0,9,4,0,5,1,1,0.4,0.4091,0.71,0.2836,1,3
101,15374,106,2012-10-07,4,1,10,18,0,0,0,3,0.4,0.4091,0.82,0.194,24,82
102,10918,13,2012-04-05,2,1,4,1,0,4,1,1,0.48,0.4697,0.27,0.3284,4,9
103,2282,87,2011-04-09,2,0,4,22,0,6,0,2,0.36,0.3485,0.93,0.1343,21,66
104,12604,719,2012-06-14,2,1,6,8,0,4,1,1,0.6,0.6061,0.64,0.3284,37,682
105,12923,249,2012-06-27,3,1,6,15,0,3,1,1,0.8,0.697,0.26,0.4627,61,188
106,5528,36,2011-08-23,3,0,8,5,0,2,1,1,0.54,0.5152,0.56,0.194,1,35
107,6300,124,2011-09-25,4,0,9,1,0,0,0,2,0.6,0.5455,0.88,0.1045,31,93
108,3884,638,2011-06-15,2,0,6,17,0,3,1,1,0.74,0.6515,0.28,0.1045,83,555
109,782,39,2011-02-05,1,0,2,0,0,6,0,2,0.24,0.2424,0.7,0.1642,3,36
110,3129,17,2011-05-15,2,0,5,6,0,0,0,2,0.52,0.5,1.0,0.1343,3,14
111,7866,202,2011-11-29,4,0,11,9,0,2,1,3,0.56,0.5303,0.73,0.4179,5,197
112,1787,12,2011-03-20,1,0,3,3,0,0,0,1,0.28,0.2727,0.56,0.2537,1,11
113,342,83,2011-01-15,1,0,1,17,0,6,0,2,0.32,0.303,0.36,0.2836,29,54
114,953,11,2011-02-12,1,0,2,7,0,6,0,1,0.12,0.1515,0.8,0.1045,2,9
115,2790,23,2011-05-01,2,0,5,3,0,0,0,1,0.4,0.4091,0.82,0.1045,8,15
116,81,78,2011-01-04,1,0,1,12,0,2,1,1,0.22,0.2273,0.51,0.1642,12,66
117,6553,190,2011-10-05,4,0,10,14,0,3,1,1,0.64,0.6212,0.41,0.2836,34,156
118,2552,14,2011-04-21,2,0,4,5,0,4,1,2,0.42,0.4242,0.54,0.5522,0,14
119,145,84,2011-01-07,1,0,1,7,0,5,1,1,0.2,0.2121,0.69,0.1343,8,76
120,9990,2,2012-02-26,1,1,2,6,0,0,0,1,0.22,0.197,0.44,0.3284,0,2
121,1706,253,2011-03-16,1,0,3,17,0,3,1,2,0.44,0.4394,0.54,0.2985,37,216
122,4506,146,2011-07-11,3,0,7,15,0,1,1,1,0.86,0.8485,0.56,0.4179,38,108
123,12416,315,2012-06-06,2,1,6,12,0,3,1,1,0.62,0.6212,0.38,0.0,80,235
124,7806,141,2011-11-26,4,0,11,20,0,6,0,2,0.42,0.4242,0.58,0.0,55,86
125,10063,116,2012-02-29,1,1,2,8,0,3,1,2,0.28,0.2879,0.75,0.1045,2,114
126,12629,366,2012-06-15,2,1,6,9,0,5,1,1,0.62,0.6061,0.65,0.1642,58,308
127,5948,119,2011-09-10,3,0,9,8,0,6,0,1,0.62,0.5758,0.83,0.1642,16,103
128,5115,133,2011-08-06,3,0,8,0,0,6,0,1,0.66,0.6061,0.78,0.194,29,104
129,14578,274,2012-09-04,3,1,9,14,0,2,1,1,0.8,0.7576,0.55,0.4179,72,202
130,7826,323,2011-11-27,4,0,11,16,0,0,0,1,0.56,0.5303,0.52,0.2537,94,229
131,5766,381,2011-09-02,3,0,9,16,0,5,1,2,0.7,0.6515,0.61,0.1343,82,299
132,50,1,2011-01-03,1,0,1,4,0,1,1,1,0.16,0.1364,0.47,0.3881,0,1
133,11614,11,2012-05-04,2,1,5,2,0,5,1,1,0.58,0.5455,0.83,0.1343,0,11
134,12288,6,2012-06-01,2,1,6,4,0,5,1,2,0.62,0.5909,0.73,0.0896,1,5
135,2916,188,2011-05-06,2,0,5,9,0,5,1,1,0.46,0.4545,0.67,0.2836,27,161
136,10178,1,2012-03-05,1,1,3,3,0,1,1,1,0.22,0.2273,0.51,0.1642,0,1
137,6493,4,2011-10-03,4,0,10,2,0,1,1,1,0.36,0.3636,0.76,0.1045,0,4
138,8634,273,2011-12-31,1,0,12,12,0,6,0,1,0.52,0.5,0.39,0.2985,93,180
139,6588,28,2011-10-07,4,0,10,1,0,5,1,1,0.44,0.4394,0.88,0.0,3,25
140,16251,267,2012-11-14,4,1,11,20,0,3,1,1,0.3,0.3182,0.52,0.0896,15,252
141,1613,244,2011-03-12,1,0,3,16,0,6,0,1,0.46,0.4545,0.41,0.4478,100,144
142,11626,242,2012-05-04,2,1,5,14,0,5,1,2,0.66,0.6212,0.74,0.2836,83,159
143,9773,1,2012-02-17,1,1,2,3,0,5,1,2,0.28,0.2879,0.93,0.1045,0,1
144,8385,25,2011-12-21,1,0,12,0,0,3,1,2,0.34,0.3333,0.71,0.1343,7,18
145,5784,258,2011-09-03,3,0,9,10,0,6,0,3,0.66,0.6212,0.65,0.2537,90,168
146,1410,12,2011-03-04,1,0,3,0,0,5,1,2,0.2,0.197,0.55,0.194,0,12
147,9325,191,2012-01-29,1,1,1,10,0,0,0,1,0.24,0.2424,0.35,0.1343,38,153
148,12510,413,2012-06-10,2,1,6,10,0,0,0,1,0.76,0.6818,0.4,0.1045,148,265
149,4974,50,2011-07-31,3,0,7,3,0,0,0,1,0.74,0.697,0.66,0.0,24,26
150,3020,611,2011-05-10,2,0,5,17,0,2,1,1,0.64,0.6212,0.33,0.0,79,532
151,12473,339,2012-06-08,2,1,6,21,0,5,1,1,0.7,0.6364,0.37,0.1343,83,256
152,7218,472,2011-11-02,4,0,11,8,0,3,1,1,0.32,0.3485,0.87,0.0,20,452
153,5627,76,2011-08-27,3,0,8,8,0,6,0,2,0.7,0.6667,0.84,0.2537,14,62
154,5392,176,2011-08-17,3,0,8,13,0,3,1,1,0.8,0.7121,0.41,0.194,38,138
155,14825,312,2012-09-14,3,1,9,21,0,5,1,1,0.64,0.6061,0.73,0.2239,42,270
156,17340,33,2012-12-30,1,1,12,8,0,0,0,1,0.24,0.197,0.52,0.4627,1,32
157,11707,113,2012-05-07,2,1,5,23,0,1,1,2,0.54,0.5152,0.45,0.194,21,92
158,2387,337,2011-04-14,2,0,4,8,0,4,1,1,0.42,0.4242,0.58,0.1642,21,316
159,7222,189,2011-11-02,4,0,11,12,0,3,1,1,0.46,0.4545,0.55,0.1642,32,157
160,966,40,2011-02-12,1,0,2,20,0,6,0,1,0.26,0.2576,0.41,0.2239,1,39
161,33,20,2011-01-02,1,0,1,9,0,0,0,2,0.38,0.3939,0.76,0.2239,1,19
162,4349,13,2011-07-05,3,0,7,2,0,2,1,1,0.66,0.6212,0.74,0.0896,8,5
163,2541,441,2011-04-20,2,0,4,18,0,3,1,1,0.74,0.6515,0.3,0.3582,56,385
164,13806,249,2012-08-03,3,1,8,10,0,5,1,2,0.8,0.7424,0.52,0.194,82,167
165,3421,153,2011-05-27,2,0,5,10,0,5,1,1,0.72,0.6667,0.54,0.3881,42,111
166,9711,173,2012-02-14,1,1,2,13,0,2,1,2,0.36,0.3333,0.4,0.2537,6,167
167,15266,177,2012-10-03,4,1,10,6,0,3,1,2,0.6,0.5152,0.94,0.1343,4,173
168,7028,128,2011-10-25,4,0,10,10,0,2,1,1,0.5,0.4848,0.51,0.2537,26,102
169,2145,7,2011-04-04,2,0,4,5,0,1,1,1,0.4,0.4091,0.62,0.2537,0,7
170,9983,91,2012-02-25,1,1,2,23,0,6,0,1,0.24,0.197,0.41,0.4179,7,84
171,15075,556,2012-09-25,4,1,9,7,0,2,1,1,0.44,0.4394,0.77,0.194,17,539
172,16992,272,2012-12-15,4,1,12,18,0,6,0,1,0.38,0.3939,0.58,0.1642,40,232
173,5989,12,2011-09-12,3,0,9,1,0,1,1,1,0.56,0.5303,0.88,0.0,1,11
174,4590,7,2011-07-15,3,0,7,3,0,5,1,1,0.6,0.5909,0.73,0.194,1,6
175,11499,27,2012-04-29,2,1,4,7,0,0,0,2,0.34,0.3333,0.87,0.1343,7,20
176,10037,21,2012-02-28,1,1,2,5,0,2,1,1,0.32,0.2879,0.42,0.3582,1,20
177,644,11,2011-01-30,1,0,1,2,0,0,0,1,0.16,0.2273,0.8,0.0,1,10
178,1647,3,2011-03-14,1,0,3,3,0,1,1,1,0.26,0.2727,0.65,0.1343,0,3
179,6788,207,2011-10-15,4,0,10,9,0,6,0,1,0.52,0.5,0.48,0.2985,50,157
180,16160,108,2012-11-11,4,1,11,1,0,0,0,1,0.34,0.3485,0.76,0.0896,26,82
181,9222,1,2012-01-25,1,1,1,3,0,3,1,1,0.26,0.2576,0.75,0.194,0,1
182,10940,136,2012-04-05,2,1,4,23,0,4,1,1,0.4,0.4091,0.5,0.1343,12,124
183,2914,222,2011-05-06,2,0,5,7,0,5,1,1,0.4,0.4091,0.82,0.0,20,202
184,5950,318,2011-09-10,3,0,9,10,0,6,0,1,0.7,0.6515,0.65,0.2537,85,233
185,1225,4,2011-02-24,1,0,2,2,0,4,1,1,0.2,0.2273,0.64,0.0896,0,4
186,4745,147,2011-07-21,3,0,7,14,0,4,1,1,0.9,0.8939,0.5,0.3582,50,97
187,11555,234,2012-05-01,2,1,5,15,0,2,1,2,0.74,0.6667,0.45,0.2239,48,186
188,6460,228,2011-10-01,4,0,10,17,0,6,0,3,0.4,0.4091,0.76,0.194,58,170
189,1123,119,2011-02-19,1,0,2,12,0,6,0,1,0.44,0.4394,0.18,0.4925,38,81
190,6079,248,2011-09-15,3,0,9,20,0,4,1,1,0.46,0.4545,0.63,0.3284,25,223
191,8575,15,2011-12-29,1,0,12,1,0,4,1,1,0.22,0.2121,0.47,0.2239,0,15
192,8268,5,2011-12-16,4,0,12,3,0,5,1,1,0.46,0.4545,0.82,0.1343,2,3
193,7014,129,2011-10-24,4,0,10,20,0,1,1,1,0.48,0.4697,0.82,0.1045,11,118
194,3066,217,2011-05-12,2,0,5,15,0,4,1,2,0.64,0.6212,0.53,0.2537,54,163
195,8001,24,2011-12-05,4,0,12,0,0,1,1,1,0.32,0.3333,0.87,0.0896,3,21
196,14426,181,2012-08-29,3,1,8,6,0,3,1,1,0.6,0.5909,0.73,0.194,6,175
197,5208,230,2011-08-09,3,0,8,21,0,2,1,1,0.78,0.697,0.46,0.2537,46,184
198,12187,96,2012-05-27,2,1,5,23,0,0,0,3,0.62,0.5758,0.83,0.1343,31,65
199,7704,35,2011-11-22,4,0,11,14,0,2,1,3,0.42,0.4242,1.0,0.0896,4,31
200,15941,267,2012-11-01,4,1,11,21,0,4,1,2,0.38,0.3939,0.54,0.1343,29,238
201,5634,30,2011-08-27,3,0,8,15,0,6,0,3,0.64,0.5758,0.89,0.5522,2,28
202,15051,530,2012-09-24,4,1,9,7,0,1,1,1,0.46,0.4545,0.67,0.1343,17,513
203,14103,649,2012-08-15,3,1,8,19,0,3,1,1,0.7,0.6515,0.61,0.1343,124,525
204,11883,92,2012-05-15,2,1,5,7,0,2,1,3,0.56,0.5303,0.94,0.1343,1,91
205,13506,180,2012-07-21,3,1,7,22,0,6,0,2,0.6,0.5455,0.88,0.1045,40,140
206,9536,100,2012-02-07,1,1,2,6,0,2,1,1,0.32,0.303,0.45,0.2985,2,98
207,4100,557,2011-06-24,3,0,6,17,0,5,1,1,0.76,0.6667,0.37,0.2537,85,472
208,5180,527,2011-08-08,3,0,8,17,0,1,1,1,0.86,0.7727,0.39,0.1642,67,460
209,4016,25,2011-06-21,3,0,6,5,0,2,1,2,0.6,0.5455,0.88,0.1343,3,22
210,14747,326,2012-09-11,3,1,9,15,0,2,1,1,0.7,0.6364,0.28,0.1045,73,253
211,16357,131,2012-11-19,4,1,11,6,0,1,1,2,0.36,0.3333,0.66,0.2537,3,128
212,1914,145,2011-03-25,2,0,3,12,0,5,1,1,0.32,0.303,0.42,0.2537,37,108
213,15637,890,2012-10-18,4,1,10,17,0,4,1,2,0.58,0.5455,0.64,0.3284,102,788
214,10997,84,2012-04-08,2,1,4,8,0,0,0,1,0.4,0.4091,0.3,0.194,19,65
215,6926,6,2011-10-21,4,0,10,4,0,5,1,1,0.36,0.3485,0.71,0.1642,0,6
216,16000,149,2012-11-04,4,1,11,8,0,0,0,1,0.3,0.303,0.56,0.1343,34,115
217,9344,26,2012-01-30,1,1,1,5,0,1,1,1,0.2,0.2121,0.51,0.1343,0,26
218,3964,76,2011-06-19,2,0,6,1,0,0,0,2,0.7,0.6515,0.65,0.0896,17,59
219,8000,45,2011-12-04,4,0,12,23,0,0,0,1,0.34,0.3485,0.87,0.1045,3,42
220,15804,499,2012-10-25,4,1,10,16,0,4,1,1,0.6,0.5909,0.69,0.1642,92,407
221,1398,72,2011-03-03,1,0,3,12,0,4,1,1,0.22,0.2273,0.25,0.1343,7,65
222,14035,110,2012-08-12,3,1,8,23,0,0,0,1,0.68,0.6364,0.61,0.0,25,85
223,3013,127,2011-05-10,2,0,5,10,0,2,1,2,0.56,0.5303,0.37,0.0896,27,100
224,3550,264,2011-06-01,2,0,6,19,0,3,1,2,0.74,0.7121,0.79,0.1642,16,248
225,15767,4,2012-10-24,4,1,10,3,0,3,1,1,0.5,0.4848,0.77,0.0896,0,4
226,5356,16,2011-08-16,3,0,8,1,0,2,1,1,0.64,0.6061,0.69,0.1642,4,12
227,16569,1,2012-11-28,4,1,11,2,0,3,1,2,0.26,0.2576,0.75,0.2239,0,1
228,4513,90,2011-07-11,3,0,7,22,0,1,1,1,0.72,0.697,0.74,0.1343,20,70
229,16766,659,2012-12-06,4,1,12,8,0,4,1,1,0.22,0.2121,0.51,0.2985,13,646
230,17189,25,2012-12-23,1,1,12,23,0,0,0,1,0.24,0.2879,0.6,0.0,3,22
231,7756,37,2011-11-24,4,0,11,18,1,4,0,1,0.42,0.4242,0.5,0.0896,13,24
232,16492,75,2012-11-24,4,1,11,21,0,6,0,1,0.24,0.2273,0.44,0.194,9,66
233,842,66,2011-02-07,1,0,2,12,0,1,1,2,0.32,0.3485,0.62,0.0,7,59
234,12815,42,2012-06-23,3,1,6,3,0,6,0,2,0.64,0.5758,0.83,0.0896,10,32
235,341,128,2011-01-15,1,0,1,16,0,6,0,2,0.34,0.3333,0.34,0.194,33,95
236,4725,497,2011-07-20,3,0,7,18,0,3,1,1,0.84,0.8333,0.59,0.2239,68,429
237,10742,221,2012-03-28,2,1,3,16,0,3,1,3,0.62,0.6212,0.43,0.0896,51,170
238,7739,24,2011-11-24,4,0,11,1,1,4,0,1,0.32,0.2879,0.57,0.4179,1,23
239,347,26,2011-01-15,1,0,1,22,0,6,0,2,0.3,0.3182,0.42,0.1045,0,26
240,1053,82,2011-02-16,1,0,2,14,0,3,1,1,0.46,0.4545,0.28,0.4179,17,65
241,5672,547,2011-08-29,3,0,8,18,0,1,1,1,0.66,0.6212,0.47,0.2537,60,487
242,4357,139,2011-07-05,3,0,7,10,0,2,1,1,0.76,0.697,0.52,0.1045,55,84
243,5494,282,2011-08-21,3,0,8,19,0,0,0,1,0.72,0.6818,0.7,0.2537,81,201
244,7928,73,2011-12-01,4,0,12,23,0,4,1,1,0.26,0.2879,0.7,0.0896,3,70
245,826,26,2011-02-06,1,0,2,20,0,0,0,1,0.28,0.2879,0.61,0.1045,5,21
246,7281,89,2011-11-04,4,0,11,23,0,5,1,1,0.32,0.303,0.49,0.3284,17,72
247,848,175,2011-02-07,1,0,2,18,0,1,1,2,0.34,0.3333,0.66,0.1343,5,170
248,3332,429,2011-05-23,2,0,5,17,0,1,1,3,0.72,0.6818,0.7,0.3881,56,373
249,16625,201,2012-11-30,4,1,11,11,0,5,1,2,0.34,0.3485,0.53,0.0896,31,170
250,10061,104,2012-02-29,1,1,2,6,0,3,1,2,0.28,0.303,0.75,0.0896,4,100
251,16039,53,2012-11-05,4,1,11,23,0,1,1,1,0.26,0.2727,0.6,0.1343,0,53
252,17071,15,2012-12-19,4,1,12,1,0,3,1,1,0.3,0.3182,0.65,0.0896,1,14
253,15467,460,2012-10-11,4,1,10,15,0,4,1,1,0.52,0.5,0.34,0.1642,102,358
254,3110,279,2011-05-14,2,0,5,11,0,6,0,2,0.52,0.5,0.94,0.1343,72,207
255,8975,102,2012-01-14,1,1,1,19,0,6,0,1,0.2,0.197,0.47,0.2239,12,90
256,4266,381,2011-07-01,3,0,7,15,0,5,1,1,0.82,0.697,0.21,0.2537,82,299
257,16403,10,2012-11-21,4,1,11,4,0,3,1,1,0.28,0.2879,0.87,0.1045,0,10
258,14348,134,2012-08-26,3,1,8,0,0,0,0,1,0.64,0.5758,0.89,0.2537,23,111
259,12301,227,2012-06-01,2,1,6,17,0,5,1,3,0.7,0.6515,0.7,0.2537,25,202
260,167,5,2011-01-08,1,0,1,5,0,6,0,2,0.16,0.1667,0.74,0.1642,0,5
261,14638,11,2012-09-07,3,1,9,2,0,5,1,1,0.62,0.5758,0.83,0.0896,1,10
262,13566,218,2012-07-24,3,1,7,10,0,2,1,1,0.82,0.7879,0.56,0.2985,62,156
263,10579,251,2012-03-21,2,1,3,21,0,3,1,1,0.54,0.5152,0.83,0.1045,47,204
264,15577,52,2012-10-16,4,1,10,5,0,2,1,1,0.42,0.4242,0.67,0.2537,5,47
265,1402,71,2011-03-03,1,0,3,16,0,4,1,1,0.26,0.303,0.23,0.0,6,65
266,1218,141,2011-02-23,1,0,2,19,0,3,1,1,0.3,0.3333,0.33,0.0,6,135
267,641,33,2011-01-29,1,0,1,23,0,6,0,1,0.16,0.197,0.8,0.0896,3,30
268,3564,225,2011-06-02,2,0,6,9,0,4,1,1,0.72,0.6364,0.26,0.3582,28,197
269,2982,7,2011-05-09,2,0,5,3,0,1,1,1,0.46,0.4545,0.82,0.0896,0,7
270,17020,89,2012-12-16,4,1,12,22,0,0,0,2,0.4,0.4091,0.82,0.194,6,83
271,8779,178,2012-01-06,1,1,1,14,0,5,1,1,0.46,0.4545,0.36,0.194,26,152
272,4697,152,2011-07-19,3,0,7,14,0,2,1,1,0.86,0.8182,0.5,0.194,41,111
273,8226,239,2011-12-14,4,0,12,9,0,3,1,2,0.3,0.3333,0.61,0.0,9,230
274,15345,710,2012-10-06,4,1,10,13,0,6,0,2,0.64,0.6212,0.57,0.5224,310,400
275,812,1,2011-02-06,1,0,2,6,0,0,0,1,0.26,0.2576,0.6,0.2239,0,1
276,11102,610,2012-04-12,2,1,4,18,0,4,1,1,0.5,0.4848,0.27,0.3881,63,547
277,906,26,2011-02-10,1,0,2,6,0,4,1,2,0.12,0.1212,0.54,0.2836,0,26
278,16054,240,2012-11-06,4,1,11,14,0,2,1,1,0.36,0.3636,0.4,0.1045,44,196
279,15339,84,2012-10-06,4,1,10,7,0,6,0,1,0.54,0.5152,0.83,0.2985,13,71
280,3591,259,2011-06-03,2,0,6,12,0,5,1,1,0.66,0.6212,0.27,0.2836,51,208
281,5446,165,2011-08-19,3,0,8,19,0,5,1,3,0.62,0.5909,0.73,0.4627,33,132
282,12229,781,2012-05-29,2,1,5,17,0,2,1,1,0.82,0.7576,0.46,0.4179,107,674
283,17006,88,2012-12-16,4,1,12,8,0,0,0,2,0.36,0.3485,0.87,0.1343,12,76
284,2788,59,2011-05-01,2,0,5,1,0,0,0,1,0.42,0.4242,0.69,0.1045,9,50
285,5603,404,2011-08-26,3,0,8,8,0,5,1,1,0.66,0.6061,0.83,0.1045,17,387
286,15517,528,2012-10-13,4,1,10,17,0,6,0,1,0.46,0.4545,0.38,0.1642,193,335
287,1722,185,2011-03-17,1,0,3,9,0,4,1,1,0.4,0.4091,0.62,0.2537,23,162
288,16512,181,2012-11-25,4,1,11,17,0,0,0,1,0.28,0.2727,0.41,0.1642,11,170
289,16168,273,2012-11-11,4,1,11,9,0,0,0,1,0.36,0.3788,0.77,0.0,94,179
290,6266,61,2011-09-23,4,0,9,15,0,5,1,3,0.62,0.5455,0.94,0.1045,9,52
291,3361,141,2011-05-24,2,0,5,22,0,2,1,3,0.62,0.5606,0.88,0.2239,26,115
292,4492,10,2011-07-11,3,0,7,1,0,1,1,1,0.7,0.6515,0.61,0.2836,5,5
293,11189,297,2012-04-16,2,1,4,9,1,1,0,1,0.62,0.6061,0.69,0.2239,59,238
294,13313,299,2012-07-13,3,1,7,21,0,5,1,1,0.72,0.6667,0.54,0.0,76,223
295,9907,327,2012-02-22,1,1,2,19,0,3,1,2,0.46,0.4545,0.44,0.2836,22,305
296,6626,496,2011-10-08,4,0,10,15,0,6,0,1,0.66,0.6212,0.39,0.0,262,234
297,2772,156,2011-04-30,2,0,4,9,0,6,0,1,0.44,0.4394,0.51,0.3582,35,121
298,13660,163,2012-07-28,3,1,7,8,0,6,0,1,0.74,0.697,0.66,0.1642,36,127
299,4877,6,2011-07-27,3,0,7,2,0,3,1,1,0.76,0.697,0.52,0.2985,1,5
300,3487,6,2011-05-30,2,0,5,4,1,1,0,1,0.62,0.5455,0.94,0.1642,2,4
301,10096,600,2012-03-01,1,1,3,17,0,4,1,1,0.56,0.5303,0.35,0.2985,49,551
302,6958,343,2011-10-22,4,0,10,12,0,6,0,1,0.46,0.4545,0.55,0.0896,132,211
303,10326,72,2012-03-11,1,1,3,8,0,0,0,1,0.22,0.2273,0.69,0.1343,4,68
304,2316,165,2011-04-11,2,0,4,9,0,1,1,2,0.56,0.5303,0.83,0.2836,33,132
305,10047,166,2012-02-28,1,1,2,15,0,2,1,1,0.42,0.4242,0.26,0.0896,17,149
306,12517,521,2012-06-10,2,1,6,17,0,0,0,1,0.82,0.7424,0.41,0.2836,184,337
307,2638,194,2011-04-24,2,0,4,19,0,0,0,3,0.6,0.5606,0.83,0.2836,62,132
308,2147,157,2011-04-04,2,0,4,7,0,1,1,2,0.44,0.4394,0.54,0.2537,7,150
309,16087,40,2012-11-07,4,1,11,23,0,3,1,3,0.28,0.2727,0.65,0.2239,3,37
310,8487,4,2011-12-25,1,0,12,7,0,0,0,1,0.22,0.2424,0.8,0.1045,0,4
311,10888,558,2012-04-03,2,1,4,19,0,2,1,1,0.56,0.5303,0.26,0.1045,98,460
312,3416,31,2011-05-27,2,0,5,5,0,5,1,1,0.64,0.6061,0.65,0.2836,2,29
313,1215,94,2011-02-23,1,0,2,16,0,3,1,1,0.34,0.3636,0.25,0.0,15,79
314,9679,17,2012-02-13,1,1,2,5,0,1,1,1,0.1,0.1212,0.58,0.1343,0,17
315,9878,124,2012-02-21,1,1,2,14,0,2,1,2,0.32,0.2879,0.53,0.3881,16,108
316,15411,362,2012-10-09,4,1,10,7,0,2,1,1,0.38,0.3939,0.83,0.2537,5,357
317,11721,219,2012-05-08,2,1,5,13,0,2,1,3,0.64,0.6061,0.65,0.2537,53,166
318,4369,155,2011-07-05,3,0,7,22,0,2,1,1,0.76,0.7273,0.66,0.2239,31,124
319,7882,8,2011-11-30,4,0,11,1,0,3,1,1,0.34,0.303,0.66,0.3284,0,8
320,5850,21,2011-09-06,3,0,9,5,0,2,1,3,0.54,0.5152,0.88,0.3582,1,20
321,13201,28,2012-07-09,3,1,7,5,0,1,1,2,0.66,0.6061,0.83,0.2239,1,27
322,3488,7,2011-05-30,2,0,5,5,1,1,0,2,0.62,0.5455,0.94,0.1045,1,6
323,11430,139,2012-04-26,2,1,4,10,0,4,1,2,0.46,0.4545,0.94,0.1642,14,125
324,8912,2,2012-01-12,1,1,1,4,0,4,1,3,0.36,0.3485,0.93,0.194,0,2
325,8304,228,2011-12-17,4,0,12,15,0,6,0,1,0.28,0.2576,0.45,0.2836,33,195
326,1440,4,2011-03-05,1,0,3,6,0,6,0,2,0.3,0.2879,1.0,0.2239,1,3
327,8317,1,2011-12-18,4,0,12,4,0,0,0,1,0.22,0.2121,0.55,0.2239,0,1
328,9307,407,2012-01-28,1,1,1,16,0,6,0,1,0.42,0.4242,0.44,0.3582,131,276
329,871,176,2011-02-08,1,0,2,17,0,2,1,1,0.22,0.1818,0.32,0.5821,4,172
330,7347,528,2011-11-07,4,0,11,17,0,1,1,1,0.5,0.4848,0.45,0.1642,39,489
331,2678,172,2011-04-26,2,0,4,11,0,2,1,1,0.68,0.6364,0.65,0.3881,40,132
332,13329,591,2012-07-14,3,1,7,13,0,6,0,2,0.76,0.7121,0.62,0.0896,219,372
333,6786,57,2011-10-15,4,0,10,7,0,6,0,1,0.4,0.4091,0.76,0.1045,17,40
334,438,35,2011-01-20,1,0,1,6,0,4,1,1,0.22,0.2121,0.6,0.2239,0,35
335,5821,104,2011-09-04,3,0,9,23,0,0,0,2,0.72,0.6818,0.7,0.1642,46,58
336,3459,83,2011-05-29,2,0,5,0,0,0,0,1,0.64,0.5758,0.83,0.2239,32,51
337,17099,35,2012-12-20,4,1,12,5,0,4,1,2,0.3,0.3182,0.7,0.1045,0,35
338,7331,8,2011-11-07,4,0,11,1,0,1,1,1,0.34,0.3636,0.87,0.0,2,6
339,8774,241,2012-01-06,1,1,1,9,0,5,1,1,0.24,0.2424,0.7,0.1642,4,237
340,2420,331,2011-04-15,2,0,4,17,1,5,0,2,0.5,0.4848,0.63,0.3881,64,267
341,1035,145,2011-02-15,1,0,2,19,0,2,1,1,0.28,0.2879,0.26,0.1343,3,142
342,9760,31,2012-02-16,1,1,2,14,0,4,1,3,0.32,0.3182,0.81,0.194,1,30
343,7368,161,2011-11-08,4,0,11,14,0,2,1,1,0.56,0.5303,0.46,0.1045,32,129
344,10525,286,2012-03-19,1,1,3,15,0,1,1,1,0.64,0.6212,0.57,0.2239,97,189
345,10312,354,2012-03-10,1,1,3,17,0,6,0,1,0.36,0.3788,0.23,0.0,104,250
346,11184,6,2012-04-16,2,1,4,4,1,1,0,1,0.54,0.5152,0.77,0.2239,0,6
347,11117,330,2012-04-13,2,1,4,9,0,5,1,1,0.42,0.4242,0.41,0.1642,36,294
348,4221,588,2011-06-29,3,0,6,18,0,3,1,1,0.8,0.697,0.29,0.2985,78,510
349,4058,105,2011-06-22,3,0,6,23,0,3,1,2,0.72,0.697,0.79,0.2239,14,91
350,11215,239,2012-04-17,2,1,4,11,0,2,1,1,0.6,0.6212,0.33,0.4179,65,174
351,11423,6,2012-04-26,2,1,4,3,0,4,1,2,0.48,0.4697,0.55,0.0896,1,5
352,9156,63,2012-01-22,1,1,1,9,0,0,0,2,0.16,0.1515,0.74,0.2239,9,54
353,16623,330,2012-11-30,4,1,11,9,0,5,1,1,0.24,0.2576,0.75,0.0896,17,313
354,3482,135,2011-05-29,2,0,5,23,0,0,0,1,0.66,0.5909,0.89,0.1642,48,87
355,6131,112,2011-09-18,3,0,9,0,0,0,0,1,0.46,0.4545,0.77,0.2239,24,88
356,5763,279,2011-09-02,3,0,9,13,0,5,1,2,0.68,0.6364,0.65,0.1343,72,207
357,12658,573,2012-06-16,2,1,6,14,0,6,0,1,0.72,0.6515,0.37,0.2239,264,309
358,10088,286,2012-03-01,1,1,3,9,0,4,1,1,0.46,0.4545,0.77,0.2537,5,281
359,15304,441,2012-10-04,4,1,10,20,0,4,1,1,0.64,0.6061,0.65,0.1045,50,391
360,14480,410,2012-08-31,3,1,8,12,0,5,1,1,0.86,0.7424,0.26,0.2537,120,290
361,14268,460,2012-08-22,3,1,8,16,0,3,1,3,0.74,0.6818,0.55,0.2239,102,358
362,13240,84,2012-07-10,3,1,7,20,0,2,1,3,0.64,0.5758,0.83,0.2239,9,75
363,10660,18,2012-03-25,2,1,3,6,0,0,0,2,0.4,0.4091,1.0,0.2537,5,13
364,15495,493,2012-10-12,4,1,10,19,0,5,1,1,0.42,0.4242,0.41,0.2239,40,453
365,3518,106,2011-05-31,2,0,5,11,0,2,1,1,0.86,0.803,0.47,0.0,28,78
366,6894,145,2011-10-19,4,0,10,20,0,3,1,3,0.6,0.5152,0.94,0.0896,5,140
367,10477,679,2012-03-17,1,1,3,15,0,6,0,1,0.64,0.6212,0.53,0.1343,357,322
368,15877,225,2012-10-28,4,1,10,17,0,0,0,3,0.46,0.4545,0.77,0.5224,37,188
369,82,97,2011-01-04,1,0,1,13,0,2,1,1,0.24,0.2273,0.56,0.194,18,79
370,2264,3,2011-04-09,2,0,4,4,0,6,0,3,0.3,0.2727,1.0,0.2537,0,3
371,5604,230,2011-08-26,3,0,8,9,0,5,1,1,0.7,0.6667,0.74,0.0,39,191
372,5804,3,2011-09-04,3,0,9,6,0,0,0,1,0.64,0.5758,0.84,0.2239,0,3
373,2155,143,2011-04-04,2,0,4,15,0,1,1,1,0.76,0.6667,0.23,0.5522,47,96
374,16078,161,2012-11-07,4,1,11,14,0,3,1,2,0.32,0.2879,0.53,0.3582,19,142
375,17003,9,2012-12-16,4,1,12,5,0,0,0,2,0.34,0.3636,0.87,0.0,0,9
376,1479,10,2011-03-06,1,0,3,22,0,0,0,2,0.22,0.197,1.0,0.3881,0,10
377,2900,533,2011-05-05,2,0,5,17,0,4,1,1,0.56,0.5303,0.26,0.3881,66,467
378,5675,202,2011-08-29,3,0,8,21,0,1,1,1,0.64,0.6212,0.53,0.194,34,168
379,15555,476,2012-10-15,4,1,10,7,0,1,1,2,0.58,0.5455,0.68,0.3284,15,461
380,16296,580,2012-11-16,4,1,11,17,0,5,1,1,0.36,0.3485,0.46,0.194,41,539
381,11890,184,2012-05-15,2,1,5,14,0,2,1,2,0.64,0.6061,0.73,0.194,39,145
382,4700,513,2011-07-19,3,0,7,17,0,2,1,1,0.8,0.803,0.66,0.0,68,445
383,14593,40,2012-09-05,3,1,9,5,0,3,1,2,0.7,0.6667,0.79,0.2985,1,39
384,10609,10,2012-03-23,2,1,3,3,0,5,1,1,0.52,0.5,0.88,0.1045,4,6
385,7992,296,2011-12-04,4,0,12,15,0,0,0,1,0.42,0.4242,0.62,0.194,69,227
386,8198,20,2011-12-13,4,0,12,5,0,2,1,1,0.18,0.2424,0.86,0.0,0,20
387,16681,174,2012-12-02,4,1,12,19,0,0,0,2,0.4,0.4091,0.82,0.194,16,158
388,3793,190,2011-06-11,2,0,6,22,0,6,0,1,0.66,0.6061,0.78,0.2239,53,137
389,6441,159,2011-09-30,4,0,9,22,0,5,1,1,0.52,0.5,0.55,0.3284,30,129
390,1818,79,2011-03-21,2,0,3,11,0,1,1,2,0.42,0.4242,0.71,0.2985,32,47
391,15420,424,2012-10-09,4,1,10,16,0,2,1,2,0.5,0.4848,0.72,0.1642,70,354
392,10956,537,2012-04-06,2,1,4,15,0,5,1,1,0.5,0.4848,0.27,0.2836,218,319
393,9634,78,2012-02-11,1,1,2,8,0,6,0,3,0.22,0.2273,0.93,0.1343,1,77
394,7060,453,2011-10-26,4,0,10,18,0,3,1,1,0.52,0.5,0.77,0.1642,55,398
395,6865,169,2011-10-18,4,0,10,14,0,2,1,2,0.62,0.6212,0.41,0.1642,32,137
396,1064,6,2011-02-17,1,0,2,1,0,4,1,1,0.34,0.3182,0.53,0.2239,0,6
397,5615,222,2011-08-26,3,0,8,20,0,5,1,1,0.72,0.697,0.79,0.0896,39,183
398,9128,2,2012-01-21,1,1,1,5,0,6,0,3,0.16,0.1818,0.86,0.1045,0,2
399,10589,361,2012-03-22,2,1,3,7,0,4,1,2,0.48,0.4697,1.0,0.0896,29,332
400,14246,625,2012-08-21,3,1,8,18,0,2,1,1,0.72,0.6667,0.54,0.2239,93,532
401,11852,35,2012-05-14,2,1,5,0,0,1,1,2,0.6,0.6212,0.56,0.2537,21,14
402,9751,20,2012-02-16,1,1,2,5,0,4,1,2,0.3,0.3333,0.7,0.0,0,20
403,2734,404,2011-04-28,2,0,4,19,0,4,1,1,0.62,0.6212,0.43,0.2985,57,347
404,5478,51,2011-08-21,3,0,8,3,0,0,0,1,0.66,0.6061,0.83,0.2239,25,26
405,13636,676,2012-07-27,3,1,7,8,0,5,1,1,0.76,0.7273,0.66,0.0896,34,642
406,1486,34,2011-03-07,1,0,3,6,0,1,1,1,0.2,0.1818,0.75,0.3881,3,31
407,8787,135,2012-01-06,1,1,1,22,0,5,1,1,0.36,0.3485,0.5,0.194,12,123
408,223,54,2011-01-10,1,0,1,13,0,1,1,2,0.2,0.1818,0.4,0.2836,4,50
409,13319,40,2012-07-14,3,1,7,3,0,6,0,2,0.7,0.6515,0.54,0.1045,9,31
410,16178,277,2012-11-11,4,1,11,19,0,0,0,1,0.48,0.4697,0.55,0.1343,69,208
411,3057,112,2011-05-12,2,0,5,6,0,4,1,1,0.44,0.4394,0.88,0.0,9,103
412,16667,8,2012-12-02,4,1,12,5,0,0,0,2,0.26,0.303,0.93,0.0,1,7
413,7427,19,2011-11-11,4,0,11,1,1,5,0,1,0.32,0.303,0.57,0.3284,3,16
414,8637,253,2011-12-31,1,0,12,15,0,6,0,1,0.46,0.4545,0.47,0.4925,89,164
415,13585,59,2012-07-25,3,1,7,5,0,3,1,1,0.64,0.6061,0.65,0.1642,5,54
416,10422,623,2012-03-15,1,1,3,8,0,4,1,1,0.44,0.4394,0.77,0.1045,21,602
417,14363,391,2012-08-26,3,1,8,15,0,0,0,3,0.64,0.5758,0.89,0.2836,132,259
418,14391,573,2012-08-27,3,1,8,19,0,1,1,1,0.74,0.697,0.7,0.2239,74,499
419,11434,169,2012-04-26,2,1,4,14,0,4,1,2,0.54,0.5152,0.77,0.194,37,132
420,10443,32,2012-03-16,1,1,3,5,0,5,1,2,0.4,0.4091,0.87,0.2239,2,30
421,4817,283,2011-07-24,3,0,7,14,0,0,0,1,0.86,0.8182,0.5,0.2836,79,204
422,7619,35,2011-11-19,4,0,11,1,0,6,0,1,0.26,0.2273,0.52,0.2985,1,34
423,7616,97,2011-11-18,4,0,11,22,0,5,1,1,0.26,0.2727,0.52,0.1045,9,88
424,16084,256,2012-11-07,4,1,11,20,0,3,1,2,0.32,0.303,0.49,0.3284,7,249
425,15956,292,2012-11-02,4,1,11,12,0,5,1,1,0.42,0.4242,0.41,0.3582,52,240
426,17022,28,2012-12-17,4,1,12,0,0,1,1,2,0.38,0.3939,0.87,0.0,2,26
427,6607,197,2011-10-07,4,0,10,20,0,5,1,1,0.54,0.5152,0.49,0.0,30,167
428,11380,611,2012-04-24,2,1,4,8,0,2,1,1,0.34,0.3182,0.61,0.2537,12,599
429,10573,243,2012-03-21,2,1,3,15,0,3,1,2,0.56,0.5303,0.78,0.0,68,175
430,402,125,2011-01-18,1,0,1,17,0,2,1,2,0.22,0.2273,0.82,0.194,1,124
431,3891,47,2011-06-16,2,0,6,0,0,4,1,1,0.6,0.6212,0.56,0.1045,9,38
432,5727,21,2011-09-01,3,0,9,1,0,4,1,1,0.6,0.5909,0.73,0.0896,7,14
433,1369,110,2011-03-02,1,0,3,7,0,3,1,1,0.22,0.2121,0.64,0.2537,2,108
434,10017,230,2012-02-27,1,1,2,9,0,1,1,1,0.26,0.2576,0.6,0.194,11,219
435,1998,3,2011-03-29,2,0,3,2,0,2,1,1,0.24,0.2121,0.32,0.2985,0,3
436,12340,140,2012-06-03,2,1,6,8,0,0,0,1,0.54,0.5152,0.6,0.0896,30,110
437,16212,18,2012-11-13,4,1,11,5,0,2,1,2,0.34,0.3182,0.87,0.2836,0,18
438,4196,579,2011-06-28,3,0,6,17,0,2,1,3,0.82,0.7879,0.56,0.2836,70,509
439,853,25,2011-02-07,1,0,2,23,0,1,1,2,0.3,0.3333,0.81,0.0,6,19
440,234,12,2011-01-11,1,0,1,0,0,2,1,1,0.14,0.1667,0.59,0.1045,2,10
441,87,182,2011-01-04,1,0,1,18,0,2,1,1,0.26,0.2576,0.48,0.194,3,179
442,13271,10,2012-07-12,3,1,7,3,0,4,1,1,0.64,0.6061,0.69,0.1045,0,10
443,16579,208,2012-11-28,4,1,11,12,0,3,1,1,0.34,0.303,0.42,0.3881,19,189
444,8702,153,2012-01-03,1,1,1,9,0,2,1,1,0.16,0.1364,0.5,0.2836,8,145
445,8145,74,2011-12-11,4,0,12,0,0,0,0,1,0.2,0.197,0.51,0.2239,5,69
446,10277,85,2012-03-09,1,1,3,6,0,5,1,2,0.4,0.4091,0.5,0.3582,2,83
447,11316,639,2012-04-21,2,1,4,16,0,6,0,1,0.7,0.6364,0.42,0.3284,267,372
448,12033,184,2012-05-21,2,1,5,13,0,1,1,3,0.6,0.5606,0.83,0.2537,49,135
449,7051,240,2011-10-26,4,0,10,9,0,3,1,2,0.48,0.4697,0.63,0.2239,14,226
450,13686,381,2012-07-29,3,1,7,10,0,0,0,1,0.74,0.6818,0.62,0.0,123,258
451,12971,230,2012-06-29,3,1,6,15,0,5,1,1,0.96,0.9091,0.36,0.0,47,183
452,14465,307,2012-08-30,3,1,8,21,0,4,1,1,0.72,0.6818,0.66,0.1343,32,275
453,4663,4,2011-07-18,3,0,7,4,0,1,1,1,0.64,0.5909,0.78,0.1642,1,3
454,11704,323,2012-05-07,2,1,5,20,0,1,1,1,0.54,0.5152,0.52,0.2836,46,277
455,2060,85,2011-03-31,2,0,3,16,0,4,1,2,0.3,0.2879,0.87,0.2537,13,72
456,9163,155,2012-01-22,1,1,1,16,0,0,0,2,0.16,0.1515,0.8,0.194,12,143
457,6197,492,2011-09-20,3,0,9,18,0,2,1,1,0.6,0.5606,0.83,0.1045,39,453
458,2458,16,2011-04-17,2,0,4,7,0,0,0,1,0.36,0.3333,0.5,0.3582,2,14
459,17290,51,2012-12-28,1,1,12,6,0,5,1,1,0.22,0.2121,0.64,0.2836,2,49
460,1079,146,2011-02-17,1,0,2,16,0,4,1,2,0.56,0.5303,0.35,0.2985,29,117
461,16914,232,2012-12-12,4,1,12,12,0,3,1,2,0.34,0.3636,0.42,0.0,14,218
462,6289,390,2011-09-24,4,0,9,14,0,6,0,2,0.66,0.6212,0.74,0.1343,164,226
463,2746,240,2011-04-29,2,0,4,7,0,5,1,1,0.52,0.5,0.42,0.194,18,222
464,904,1,2011-02-10,1,0,2,4,0,4,1,2,0.14,0.1364,0.59,0.2239,0,1
465,13656,11,2012-07-28,3,1,7,4,0,6,0,1,0.7,0.6667,0.79,0.194,1,10
466,15540,581,2012-10-14,4,1,10,16,0,0,0,1,0.64,0.6212,0.41,0.2985,203,378
467,15629,387,2012-10-18,4,1,10,9,0,4,1,2,0.5,0.4848,0.77,0.1642,41,346
468,5888,226,2011-09-07,3,0,9,19,0,3,1,2,0.64,0.5758,0.89,0.0,14,212
469,2522,52,2011-04-19,2,0,4,23,0,2,1,1,0.46,0.4545,0.88,0.0896,11,41
470,10527,721,2012-03-19,1,1,3,17,0,1,1,1,0.64,0.6212,0.53,0.2239,106,615
471,12223,197,2012-05-29,2,1,5,11,0,2,1,1,0.76,0.7121,0.62,0.2985,50,147
472,1263,157,2011-02-25,1,0,2,18,0,5,1,1,0.32,0.2879,0.49,0.4925,7,150
473,14752,461,2012-09-11,3,1,9,20,0,2,1,1,0.58,0.5455,0.56,0.1343,40,421
474,4473,25,2011-07-10,3,0,7,6,0,0,0,1,0.64,0.5909,0.78,0.0896,8,17
475,6911,164,2011-10-20,4,0,10,13,0,4,1,1,0.5,0.4848,0.45,0.5821,28,136
476,12165,78,2012-05-27,2,1,5,1,0,0,0,1,0.66,0.6212,0.74,0.2239,17,61
477,13930,236,2012-08-08,3,1,8,14,0,3,1,2,0.8,0.7424,0.52,0.2537,63,173
478,7019,11,2011-10-25,4,0,10,1,0,2,1,1,0.44,0.4394,0.77,0.1343,5,6
479,15842,31,2012-10-27,4,1,10,6,0,6,0,2,0.5,0.4848,0.82,0.194,2,29
480,1820,112,2011-03-21,2,0,3,13,0,1,1,2,0.5,0.4848,0.63,0.2239,35,77
481,10840,432,2012-04-01,2,1,4,18,0,0,0,1,0.52,0.5,0.52,0.2985,153,279
482,4239,233,2011-06-30,3,0,6,12,0,4,1,1,0.76,0.6667,0.35,0.1642,50,183
483,12963,380,2012-06-29,3,1,6,7,0,5,1,1,0.7,0.6515,0.61,0.1045,19,361
484,5249,142,2011-08-11,3,0,8,14,0,4,1,1,0.8,0.697,0.29,0.0,39,103
485,6422,3,2011-09-30,4,0,9,3,0,5,1,1,0.52,0.5,0.83,0.1045,0,3
486,11858,65,2012-05-14,2,1,5,6,0,1,1,3,0.52,0.5,0.94,0.2985,3,62
487,8090,331,2011-12-08,4,0,12,17,0,4,1,1,0.3,0.3182,0.49,0.1045,10,321
488,1086,44,2011-02-17,1,0,2,23,0,4,1,1,0.46,0.4545,0.67,0.2985,4,40
489,7962,124,2011-12-03,4,0,12,9,0,6,0,1,0.26,0.2727,0.7,0.1045,25,99
490,3786,374,2011-06-11,2,0,6,15,0,6,0,1,0.82,0.7727,0.49,0.1045,142,232
491,9964,2,2012-02-25,1,1,2,4,0,6,0,1,0.3,0.2727,0.42,0.3284,0,2
492,5557,146,2011-08-24,3,0,8,10,0,3,1,1,0.7,0.6515,0.58,0.2836,51,95
493,8878,385,2012-01-10,1,1,1,18,0,2,1,1,0.4,0.4091,0.4,0.1045,13,372
494,4495,4,2011-07-11,3,0,7,4,0,1,1,1,0.66,0.6212,0.74,0.2239,0,4
495,1014,43,2011-02-14,1,0,2,21,0,1,1,1,0.36,0.3182,0.5,0.5224,8,35
496,14198,377,2012-08-19,3,1,8,18,0,0,0,2,0.64,0.5909,0.78,0.1045,86,291
497,10641,273,2012-03-24,2,1,3,11,0,6,0,2,0.5,0.4848,0.94,0.194,98,175
498,6748,479,2011-10-13,4,0,10,17,0,4,1,3,0.62,0.5758,0.83,0.2537,47,432
499,654,84,2011-01-30,1,0,1,13,0,0,0,1,0.28,0.2879,0.61,0.1045,13,71
500,2366,61,2011-04-13,2,0,4,11,0,3,1,2,0.42,0.4242,0.82,0.194,4,57
501,513,99,2011-01-23,1,0,1,11,0,0,0,1,0.14,0.1364,0.43,0.2239,22,77
502,8859,62,2012-01-09,1,1,1,22,0,1,1,2,0.2,0.2273,0.92,0.1045,8,54
503,13906,261,2012-08-07,3,1,8,14,0,2,1,2,0.82,0.7576,0.46,0.0,76,185
504,12236,36,2012-05-30,2,1,5,0,0,3,1,3,0.64,0.5758,0.89,0.1045,4,32
505,7557,60,2011-11-16,4,0,11,11,0,3,1,3,0.46,0.4545,0.94,0.0896,7,53
506,3629,64,2011-06-05,2,0,6,2,0,0,0,2,0.64,0.6212,0.61,0.1642,16,48
507,6893,197,2011-10-19,4,0,10,19,0,3,1,2,0.6,0.5455,0.88,0.1343,8,189
508,10306,274,2012-03-10,1,1,3,11,0,6,0,1,0.3,0.2727,0.33,0.3284,56,218
509,14239,256,2012-08-21,3,1,8,11,0,2,1,1,0.7,0.6515,0.54,0.0,61,195
510,16748,218,2012-12-05,4,1,12,14,0,3,1,1,0.48,0.4697,0.33,0.4925,39,179
511,3277,323,2011-05-21,2,0,5,10,0,6,0,1,0.62,0.6061,0.61,0.1045,122,201
512,5849,4,2011-09-06,3,0,9,4,0,2,1,2,0.54,0.5152,0.94,0.2985,1,3
513,15263,7,2012-10-03,4,1,10,3,0,3,1,2,0.6,0.5152,0.94,0.0,0,7
514,6615,10,2011-10-08,4,0,10,4,0,6,0,1,0.42,0.4242,0.94,0.1343,3,7
515,8700,170,2012-01-03,1,1,1,7,0,2,1,1,0.14,0.1212,0.59,0.2537,2,168
516,8831,181,2012-01-08,1,1,1,18,0,0,0,1,0.34,0.3182,0.46,0.2239,19,162
517,13418,162,2012-07-18,3,1,7,6,0,3,1,1,0.72,0.6818,0.7,0.1642,10,152
518,8420,145,2011-12-22,1,0,12,11,0,4,1,2,0.44,0.4394,0.77,0.0,10,135
519,4769,101,2011-07-22,3,0,7,14,0,5,1,1,0.96,1.0,0.48,0.2985,24,77
520,9182,62,2012-01-23,1,1,1,11,0,1,1,2,0.2,0.2273,0.93,0.0896,5,57
521,3668,579,2011-06-06,2,0,6,17,0,1,1,1,0.78,0.6818,0.33,0.2836,63,516
522,6213,133,2011-09-21,3,0,9,10,0,3,1,2,0.6,0.5455,0.88,0.0,30,103
523,772,91,2011-02-04,1,0,2,14,0,5,1,2,0.28,0.2727,0.45,0.1642,15,76
524,1710,78,2011-03-16,1,0,3,21,0,3,1,2,0.42,0.4242,0.58,0.2836,3,75
525,3724,16,2011-06-09,2,0,6,1,0,4,1,1,0.74,0.7121,0.79,0.1045,3,13
526,14627,270,2012-09-06,3,1,9,15,0,4,1,1,0.74,0.697,0.66,0.194,42,228
527,8302,236,2011-12-17,4,0,12,13,0,6,0,2,0.28,0.2727,0.48,0.2537,32,204
528,994,7,2011-02-14,1,0,2,1,0,1,1,1,0.38,0.3939,0.37,0.3582,1,6
529,10593,219,2012-03-22,2,1,3,11,0,4,1,2,0.52,0.5,0.94,0.0,53,166
530,5653,64,2011-08-28,3,0,8,23,0,0,0,1,0.62,0.5909,0.73,0.1045,16,48
531,2386,193,2011-04-14,2,0,4,7,0,4,1,1,0.38,0.3939,0.66,0.0,11,182
532,16062,153,2012-11-06,4,1,11,22,0,2,1,2,0.3,0.2879,0.56,0.2239,17,136
533,215,3,2011-01-10,1,0,1,5,0,1,1,1,0.1,0.1061,0.54,0.2537,0,3
534,15095,10,2012-09-26,4,1,9,3,0,3,1,2,0.58,0.5455,0.64,0.2836,4,6
535,649,12,2011-01-30,1,0,1,8,0,0,0,2,0.14,0.2121,0.86,0.0,1,11
536,11945,299,2012-05-17,2,1,5,21,0,4,1,1,0.58,0.5455,0.4,0.1045,45,254
537,3221,15,2011-05-19,2,0,5,2,0,4,1,1,0.5,0.4848,0.94,0.0,3,12
538,2437,22,2011-04-16,2,0,4,10,0,6,0,3,0.42,0.4242,0.94,0.3881,1,21
539,5952,404,2011-09-10,3,0,9,12,0,6,0,1,0.72,0.6818,0.62,0.2239,144,260
540,11981,292,2012-05-19,2,1,5,9,0,6,0,1,0.56,0.5303,0.43,0.1642,79,213
541,9460,43,2012-02-04,1,1,2,1,0,6,0,1,0.26,0.2727,0.7,0.1045,0,43
542,11014,16,2012-04-09,2,1,4,1,0,1,1,1,0.46,0.4545,0.41,0.1343,4,12
543,10466,2,2012-03-17,1,1,3,4,0,6,0,2,0.42,0.4242,0.94,0.0,0,2
544,2435,45,2011-04-16,2,0,4,8,0,6,0,3,0.4,0.4091,0.87,0.3582,7,38
545,3859,330,2011-06-14,2,0,6,16,0,2,1,1,0.68,0.6364,0.41,0.194,51,279
546,2550,7,2011-04-21,2,0,4,3,0,4,1,2,0.46,0.4545,0.51,0.4627,4,3
547,9384,165,2012-01-31,1,1,1,21,0,2,1,1,0.46,0.4545,0.33,0.2985,3,162
548,7634,287,2011-11-19,4,0,11,16,0,6,0,1,0.42,0.4242,0.38,0.2985,99,188
549,4756,24,2011-07-22,3,0,7,1,0,5,1,1,0.8,0.7879,0.63,0.0,7,17
550,16712,8,2012-12-04,4,1,12,2,0,2,1,1,0.42,0.4242,0.88,0.0896,3,5
551,11691,385,2012-05-07,2,1,5,7,0,1,1,2,0.48,0.4697,0.82,0.1045,18,367
552,10814,535,2012-03-31,2,1,3,16,0,6,0,2,0.5,0.4848,0.63,0.2985,243,292
553,11007,310,2012-04-08,2,1,4,18,0,0,0,1,0.62,0.6061,0.25,0.3284,151,159
554,14772,509,2012-09-12,3,1,9,16,0,3,1,1,0.72,0.6515,0.37,0.1642,90,419
555,5215,5,2011-08-10,3,0,8,4,0,3,1,1,0.7,0.6515,0.54,0.1343,1,4
556,4733,6,2011-07-21,3,0,7,2,0,4,1,2,0.74,0.7273,0.84,0.2239,2,4
557,1575,8,2011-03-11,1,0,3,1,0,5,1,3,0.34,0.3485,1.0,0.1045,0,8
558,16392,590,2012-11-20,4,1,11,17,0,2,1,2,0.4,0.4091,0.71,0.1642,37,553
559,16095,668,2012-11-08,4,1,11,8,0,4,1,1,0.3,0.2879,0.33,0.2836,16,652
560,14488,356,2012-08-31,3,1,8,20,0,5,1,1,0.8,0.7424,0.49,0.1343,102,254
561,13106,133,2012-07-05,3,1,7,6,0,4,1,1,0.72,0.6667,0.58,0.0,3,130
562,16320,403,2012-11-17,4,1,11,17,0,6,0,1,0.38,0.3939,0.4,0.1642,101,302
563,1617,86,2011-03-12,1,0,3,20,0,6,0,1,0.4,0.4091,0.58,0.1045,22,64
564,7021,4,2011-10-25,4,0,10,3,0,2,1,1,0.4,0.4091,0.87,0.0,1,3
565,163,16,2011-01-08,1,0,1,1,0,6,0,2,0.18,0.2121,0.55,0.0896,1,15
566,1784,40,2011-03-20,1,0,3,0,0,0,0,1,0.34,0.303,0.49,0.4179,7,33
567,10995,28,2012-04-08,2,1,4,6,0,0,0,1,0.36,0.3788,0.37,0.0,7,21
568,9495,248,2012-02-05,1,1,2,12,0,0,0,2,0.26,0.2576,0.65,0.194,25,223
569,8451,95,2011-12-23,1,0,12,18,0,5,1,1,0.36,0.3333,0.5,0.2537,4,91
570,817,117,2011-02-06,1,0,2,11,0,0,0,1,0.32,0.303,0.49,0.2537,28,89
571,4541,5,2011-07-13,3,0,7,2,0,3,1,1,0.76,0.697,0.55,0.0,2,3
572,5642,306,2011-08-28,3,0,8,12,0,0,0,1,0.74,0.6667,0.51,0.3881,88,218
573,3811,350,2011-06-12,2,0,6,16,0,0,0,3,0.68,0.6364,0.83,0.2836,115,235
574,8840,3,2012-01-09,1,1,1,3,0,1,1,1,0.24,0.2424,0.52,0.1642,0,3
575,8830,219,2012-01-08,1,1,1,17,0,0,0,1,0.38,0.3939,0.4,0.2239,22,197
576,9452,488,2012-02-03,1,1,2,17,0,5,1,1,0.4,0.4091,0.37,0.0896,30,458
577,11471,26,2012-04-28,2,1,4,3,0,6,0,1,0.34,0.3182,0.49,0.2239,3,23
578,4686,3,2011-07-19,3,0,7,3,0,2,1,1,0.72,0.6818,0.7,0.1642,2,1
579,4593,120,2011-07-15,3,0,7,6,0,5,1,2,0.6,0.5909,0.73,0.1045,12,108
580,2450,35,2011-04-16,2,0,4,23,0,6,0,2,0.44,0.4394,0.77,0.2836,5,30
581,7748,98,2011-11-24,4,0,11,10,1,4,0,1,0.36,0.3788,0.57,0.0,34,64
582,1033,206,2011-02-15,1,0,2,17,0,2,1,1,0.32,0.303,0.22,0.2239,15,191
583,11206,4,2012-04-17,2,1,4,2,0,2,1,1,0.56,0.5303,0.83,0.1045,1,3
584,17235,30,2012-12-25,1,1,12,23,1,2,0,2,0.28,0.2727,0.65,0.2537,4,26
585,10746,362,2012-03-28,2,1,3,20,0,3,1,1,0.6,0.6212,0.56,0.2985,38,324
586,4529,124,2011-07-12,3,0,7,14,0,2,1,1,0.9,0.8485,0.42,0.2985,33,91
587,11845,478,2012-05-13,2,1,5,17,0,0,0,1,0.7,0.6364,0.45,0.4179,191,287
588,13478,622,2012-07-20,3,1,7,18,0,5,1,2,0.66,0.6061,0.78,0.3284,73,549
589,6007,299,2011-09-12,3,0,9,20,0,1,1,1,0.66,0.6212,0.65,0.0,41,258
590,10875,100,2012-04-03,2,1,4,6,0,2,1,1,0.3,0.3182,0.61,0.0896,2,98
591,11940,430,2012-05-17,2,1,5,16,0,4,1,1,0.66,0.6212,0.31,0.194,86,344
592,10396,121,2012-03-14,1,1,3,6,0,3,1,1,0.44,0.4394,0.82,0.0896,1,120
593,13615,212,2012-07-26,3,1,7,11,0,4,1,1,0.8,0.803,0.66,0.2239,69,143
594,9031,2,2012-01-17,1,1,1,4,0,2,1,3,0.32,0.303,0.66,0.3284,0,2
595,8122,66,2011-12-10,4,0,12,1,0,6,0,2,0.26,0.2576,0.7,0.1642,11,55
596,961,174,2011-02-12,1,0,2,15,0,6,0,1,0.34,0.303,0.29,0.4179,47,127
597,1573,27,2011-03-10,1,0,3,23,0,4,1,3,0.34,0.3485,0.0,0.0896,1,26
598,3906,159,2011-06-16,2,0,6,15,0,4,1,2,0.7,0.6515,0.61,0.2985,32,127
599,10960,412,2012-04-06,2,1,4,19,0,5,1,1,0.48,0.4697,0.23,0.2985,115,297
600,13663,457,2012-07-28,3,1,7,11,0,6,0,1,0.84,0.7424,0.39,0.2239,162,295
601,10876,341,2012-04-03,2,1,4,7,0,2,1,1,0.32,0.3333,0.66,0.0896,14,327
602,12277,827,2012-05-31,2,1,5,17,0,4,1,1,0.76,0.6667,0.31,0.1642,85,742
603,1380,201,2011-03-02,1,0,3,18,0,3,1,1,0.46,0.4545,0.23,0.4925,8,193
604,2969,366,2011-05-08,2,0,5,14,0,0,0,1,0.6,0.6212,0.49,0.0,126,240
605,9739,487,2012-02-15,1,1,2,17,0,3,1,1,0.42,0.4242,0.38,0.194,17,470
606,14545,4,2012-09-03,3,1,9,5,1,1,0,1,0.66,0.5909,0.89,0.0,1,3
607,10774,59,2012-03-30,2,1,3,0,0,5,1,1,0.4,0.4091,0.47,0.2985,10,49
608,3661,95,2011-06-06,2,0,6,10,0,1,1,1,0.72,0.6667,0.51,0.2239,31,64
609,9174,1,2012-01-23,1,1,1,3,0,1,1,2,0.18,0.2424,0.86,0.0,0,1
610,11710,16,2012-05-08,2,1,5,2,0,2,1,2,0.52,0.5,0.63,0.2985,9,7
611,14078,854,2012-08-14,3,1,8,18,0,2,1,1,0.76,0.7121,0.62,0.2836,97,757
612,13811,380,2012-08-03,3,1,8,15,0,5,1,1,0.88,0.8182,0.42,0.2537,112,268
613,13774,11,2012-08-02,3,1,8,2,0,4,1,1,0.66,0.6061,0.83,0.0896,3,8
614,14893,842,2012-09-17,3,1,9,17,0,1,1,2,0.64,0.6061,0.65,0.2239,102,740
615,455,31,2011-01-20,1,0,1,23,0,4,1,2,0.24,0.2121,0.65,0.3284,3,28
616,4138,51,2011-06-26,3,0,6,7,0,0,0,1,0.62,0.6061,0.61,0.0,24,27
617,5617,152,2011-08-26,3,0,8,22,0,5,1,1,0.72,0.697,0.79,0.1045,26,126
618,15204,648,2012-09-30,4,1,9,16,0,0,0,1,0.64,0.6212,0.36,0.2239,202,446
619,4003,299,2011-06-20,2,0,6,16,0,1,1,1,0.7,0.6515,0.58,0.1642,61,238
620,5576,26,2011-08-25,3,0,8,5,0,4,1,1,0.66,0.6061,0.83,0.4179,1,25
621,16888,154,2012-12-11,4,1,12,10,0,2,1,1,0.36,0.3333,0.57,0.3284,12,142
622,1483,1,2011-03-07,1,0,3,3,0,1,1,1,0.2,0.1515,0.8,0.5821,0,1
623,10,14,2011-01-01,1,0,1,9,0,6,0,1,0.32,0.3485,0.76,0.0,8,6
624,13423,183,2012-07-18,3,1,7,11,0,3,1,1,0.9,0.8485,0.42,0.0,47,136
625,12664,352,2012-06-16,2,1,6,20,0,6,0,2,0.66,0.6212,0.47,0.194,123,229
626,14442,235,2012-08-29,3,1,8,22,0,3,1,1,0.66,0.6212,0.54,0.0,50,185
627,10944,8,2012-04-06,2,1,4,3,0,5,1,1,0.34,0.303,0.53,0.3284,3,5
628,3348,138,2011-05-24,2,0,5,9,0,2,1,2,0.64,0.6061,0.73,0.194,27,111
629,11820,591,2012-05-12,2,1,5,16,0,6,0,2,0.7,0.6364,0.21,0.194,254,337
630,3089,190,2011-05-13,2,0,5,14,0,5,1,2,0.52,0.5,0.87,0.2836,70,120
631,3944,7,2011-06-18,2,0,6,5,0,6,0,1,0.62,0.5758,0.83,0.0,1,6
632,10405,283,2012-03-14,1,1,3,15,0,3,1,1,0.7,0.6364,0.24,0.0,86,197
633,12408,10,2012-06-06,2,1,6,4,0,3,1,1,0.46,0.4545,0.82,0.1045,3,7
634,3336,188,2011-05-23,2,0,5,21,0,1,1,1,0.64,0.5758,0.89,0.2239,33,155
635,11030,632,2012-04-09,2,1,4,17,0,1,1,1,0.54,0.5152,0.32,0.4179,67,565
636,16730,306,2012-12-04,4,1,12,20,0,2,1,2,0.5,0.4848,0.63,0.2239,34,272
637,10717,200,2012-03-27,2,1,3,15,0,2,1,1,0.42,0.4242,0.2,0.0,42,158
638,74,4,2011-01-04,1,0,1,5,0,2,1,1,0.12,0.1515,0.68,0.1045,0,4
639,1656,75,2011-03-14,1,0,3,13,0,1,1,1,0.38,0.3939,0.36,0.3284,24,51
640,8716,18,2012-01-03,1,1,1,23,0,2,1,1,0.1,0.0758,0.46,0.3881,0,18
641,8629,19,2011-12-31,1,0,12,7,0,6,0,3,0.38,0.3939,0.76,0.0,6,13
642,4484,363,2011-07-10,3,0,7,17,0,0,0,1,0.84,0.7424,0.36,0.2239,146,217
643,14307,425,2012-08-24,3,1,8,7,0,5,1,2,0.64,0.5909,0.78,0.0,13,412
644,12568,386,2012-06-12,2,1,6,20,0,2,1,1,0.68,0.6364,0.83,0.194,36,350
645,14312,371,2012-08-24,3,1,8,12,0,5,1,2,0.76,0.6818,0.45,0.0896,95,276
646,7803,184,2011-11-26,4,0,11,17,0,6,0,2,0.46,0.4545,0.47,0.1343,62,122
647,7633,382,2011-11-19,4,0,11,15,0,6,0,1,0.42,0.4242,0.41,0.194,120,262
648,4023,189,2011-06-21,3,0,6,12,0,2,1,1,0.7,0.6667,0.74,0.1642,40,149
649,14068,618,2012-08-14,3,1,8,8,0,2,1,2,0.66,0.5909,0.89,0.0896,27,591
650,16682,154,2012-12-02,4,1,12,20,0,0,0,2,0.42,0.4242,0.82,0.194,12,142
651,11620,618,2012-05-04,2,1,5,8,0,5,1,1,0.56,0.5303,0.88,0.0,34,584
652,8209,207,2011-12-13,4,0,12,16,0,2,1,1,0.38,0.3939,0.37,0.2537,13,194
653,11098,224,2012-04-12,2,1,4,14,0,4,1,1,0.5,0.4848,0.31,0.3284,74,150
654,10106,3,2012-03-02,1,1,3,3,0,5,1,1,0.32,0.3182,0.57,0.194,0,3
655,5261,15,2011-08-12,3,0,8,2,0,5,1,1,0.62,0.6212,0.57,0.194,0,15
656,15054,198,2012-09-24,4,1,9,10,0,1,1,1,0.54,0.5152,0.49,0.2239,52,146
657,573,5,2011-01-26,1,0,1,1,0,3,1,2,0.24,0.2424,0.65,0.1343,0,5
658,11296,341,2012-04-20,2,1,4,20,0,5,1,1,0.58,0.5455,0.56,0.1642,52,289
659,2007,81,2011-03-29,2,0,3,11,0,2,1,2,0.34,0.303,0.25,0.3881,18,63
660,12605,357,2012-06-14,2,1,6,9,0,4,1,1,0.62,0.6061,0.61,0.2239,45,312
661,11508,587,2012-04-29,2,1,4,16,0,0,0,1,0.6,0.6061,0.28,0.194,240,347
662,3293,68,2011-05-22,2,0,5,2,0,0,0,1,0.52,0.5,0.94,0.1045,18,50
663,2262,17,2011-04-09,2,0,4,2,0,6,0,2,0.32,0.303,0.87,0.2239,2,15
664,3420,227,2011-05-27,2,0,5,9,0,5,1,1,0.7,0.6515,0.65,0.2836,37,190
665,5878,190,2011-09-07,3,0,9,9,0,3,1,3,0.6,0.5455,0.88,0.1343,14,176
666,11031,646,2012-04-09,2,1,4,18,0,1,1,1,0.54,0.5152,0.34,0.2985,60,586
667,15743,1,2012-10-23,4,1,10,3,0,2,1,1,0.44,0.4394,0.77,0.1343,0,1
668,957,114,2011-02-12,1,0,2,11,0,6,0,1,0.3,0.2727,0.28,0.3284,30,84
669,13651,189,2012-07-27,3,1,7,23,0,5,1,1,0.76,0.7273,0.66,0.0,34,155
670,7413,108,2011-11-10,4,0,11,11,0,4,1,2,0.46,0.4545,0.67,0.3881,9,99
671,11325,73,2012-04-22,2,1,4,1,0,0,0,2,0.46,0.4545,0.82,0.3284,10,63
672,1388,3,2011-03-03,1,0,3,2,0,4,1,1,0.2,0.1667,0.27,0.4627,1,2
673,2140,6,2011-04-04,2,0,4,0,0,1,1,1,0.4,0.4091,0.5,0.2239,1,5
674,10733,358,2012-03-28,2,1,3,7,0,3,1,1,0.36,0.3333,0.46,0.3284,10,348
675,4352,20,2011-07-05,3,0,7,5,0,2,1,1,0.66,0.6212,0.69,0.0,1,19
676,395,13,2011-01-17,1,0,1,22,1,1,0,3,0.14,0.1212,0.93,0.2537,0,13
677,872,152,2011-02-08,1,0,2,18,0,2,1,1,0.2,0.1818,0.32,0.3881,1,151
678,14379,433,2012-08-27,3,1,8,7,0,1,1,1,0.66,0.6061,0.83,0.0,15,418
679,3397,143,2011-05-26,2,0,5,10,0,4,1,1,0.7,0.6667,0.74,0.2836,49,94
680,2360,5,2011-04-13,2,0,4,5,0,3,1,3,0.38,0.3939,0.94,0.2537,1,4
681,668,2,2011-01-31,1,0,1,3,0,1,1,1,0.22,0.2273,0.64,0.194,0,2
682,6119,372,2011-09-17,3,0,9,12,0,6,0,2,0.52,0.5,0.67,0.2239,115,257
683,6488,88,2011-10-02,4,0,10,21,0,0,0,1,0.36,0.3485,0.71,0.2239,17,71
684,6622,397,2011-10-08,4,0,10,11,0,6,0,1,0.58,0.5455,0.56,0.0,176,221
685,293,60,2011-01-13,1,0,1,15,0,4,1,1,0.24,0.2121,0.38,0.2985,5,55
686,860,39,2011-02-08,1,0,2,6,0,2,1,1,0.26,0.2273,0.7,0.3284,0,39
687,17139,70,2012-12-21,1,1,12,21,0,5,1,1,0.26,0.2273,0.41,0.4179,2,68
688,14939,311,2012-09-19,3,1,9,15,0,3,1,1,0.62,0.6212,0.35,0.0,57,254
689,8287,106,2011-12-16,4,0,12,22,0,5,1,2,0.3,0.303,0.49,0.1642,6,100
690,4427,457,2011-07-08,3,0,7,8,0,5,1,2,0.72,0.697,0.74,0.2537,36,421
691,5278,385,2011-08-12,3,0,8,19,0,5,1,1,0.74,0.6667,0.42,0.2239,101,284
692,5897,14,2011-09-08,3,0,9,5,0,4,1,3,0.62,0.5455,0.94,0.0896,1,13
693,9895,302,2012-02-22,1,1,2,7,0,3,1,1,0.32,0.3333,0.76,0.0896,10,292
694,2874,129,2011-05-04,2,0,5,15,0,3,1,1,0.48,0.4697,0.51,0.4179,22,107
695,12154,564,2012-05-26,2,1,5,14,0,6,0,1,0.76,0.7273,0.66,0.2239,307,257
696,9727,25,2012-02-15,1,1,2,5,0,3,1,1,0.28,0.2879,0.7,0.1045,0,25
697,7689,33,2011-11-21,4,0,11,23,0,1,1,3,0.4,0.4091,0.87,0.1642,4,29
698,9645,87,2012-02-11,1,1,2,19,0,6,0,2,0.2,0.1515,0.4,0.5522,2,85
699,13717,827,2012-07-30,3,1,7,17,0,1,1,1,0.76,0.697,0.55,0.3284,62,765
700,3201,101,2011-05-18,2,0,5,6,0,3,1,1,0.52,0.5,1.0,0.1343,2,99
701,10384,734,2012-03-13,1,1,3,18,0,2,1,1,0.7,0.6364,0.34,0.2985,96,638
702,14428,808,2012-08-29,3,1,8,8,0,3,1,1,0.66,0.6212,0.61,0.1642,28,780
703,10923,126,2012-04-05,2,1,4,6,0,4,1,1,0.36,0.3333,0.46,0.3284,8,118
704,17072,3,2012-12-19,4,1,12,2,0,3,1,1,0.28,0.303,0.65,0.0896,1,2
705,7147,147,2011-10-30,4,0,10,9,0,0,0,1,0.3,0.2879,0.65,0.2537,55,92
706,3132,134,2011-05-15,2,0,5,9,0,0,0,1,0.58,0.5455,0.83,0.2537,36,98
707,9820,48,2012-02-19,1,1,2,2,0,0,0,2,0.3,0.2879,0.36,0.2836,3,45
708,10302,40,2012-03-10,1,1,3,7,0,6,0,1,0.22,0.2121,0.44,0.2537,4,36
709,1214,72,2011-02-23,1,0,2,15,0,3,1,1,0.34,0.3485,0.25,0.0896,18,54
710,13076,159,2012-07-04,3,1,7,0,1,3,0,1,0.68,0.6364,0.79,0.0896,19,140
711,12827,483,2012-06-23,3,1,6,15,0,6,0,1,0.84,0.7273,0.3,0.3284,217,266
712,14070,208,2012-08-14,3,1,8,10,0,2,1,1,0.7,0.6667,0.79,0.1045,53,155
713,3213,489,2011-05-18,2,0,5,18,0,3,1,1,0.6,0.5909,0.73,0.2239,58,431
714,9304,373,2012-01-28,1,1,1,13,0,6,0,1,0.34,0.3182,0.57,0.2537,80,293
715,10808,313,2012-03-31,2,1,3,10,0,6,0,2,0.4,0.4091,0.76,0.1343,108,205
716,12048,7,2012-05-22,2,1,5,4,0,2,1,2,0.56,0.5303,0.88,0.1642,0,7
717,12617,337,2012-06-14,2,1,6,21,0,4,1,1,0.64,0.6061,0.65,0.1642,67,270
718,5247,214,2011-08-11,3,0,8,12,0,4,1,1,0.78,0.6818,0.31,0.2537,50,164
719,453,57,2011-01-20,1,0,1,21,0,4,1,2,0.24,0.2273,0.6,0.2537,3,54
720,6824,102,2011-10-16,4,0,10,21,0,0,0,1,0.54,0.5152,0.52,0.3881,14,88
721,2587,62,2011-04-22,2,0,4,16,0,5,1,3,0.34,0.3333,0.87,0.1343,4,58
722,14636,96,2012-09-07,3,1,9,0,0,5,1,1,0.64,0.5758,0.89,0.1343,17,79
723,13625,271,2012-07-26,3,1,7,21,0,4,1,1,0.8,0.7424,0.49,0.6119,35,236
724,1182,7,2011-02-22,1,0,2,6,0,2,1,2,0.12,0.1212,0.8,0.2836,0,7
725,727,76,2011-02-02,1,0,2,15,0,3,1,1,0.38,0.3939,0.76,0.3284,10,66
726,446,81,2011-01-20,1,0,1,14,0,4,1,2,0.3,0.303,0.45,0.1343,6,75
727,13454,777,2012-07-19,3,1,7,18,0,4,1,1,0.86,0.7879,0.41,0.194,93,684
728,9195,25,2012-01-24,1,1,1,0,0,2,1,2,0.3,0.2879,1.0,0.2836,6,19
729,9660,91,2012-02-12,1,1,2,10,0,0,0,1,0.12,0.1061,0.42,0.3582,8,83
730,591,79,2011-01-27,1,0,1,19,0,4,1,1,0.2,0.2273,0.69,0.0896,3,76
731,7738,23,2011-11-24,4,0,11,0,1,4,0,1,0.32,0.303,0.57,0.2239,1,22
732,1052,93,2011-02-16,1,0,2,13,0,3,1,1,0.42,0.4242,0.3,0.3582,13,80
733,5996,176,2011-09-12,3,0,9,9,0,1,1,1,0.64,0.6061,0.69,0.0,21,155
734,9225,88,2012-01-25,1,1,1,6,0,3,1,1,0.24,0.2273,0.73,0.2239,1,87
735,6409,167,2011-09-29,4,0,9,14,0,4,1,1,0.68,0.6364,0.51,0.2985,33,134
736,10368,1,2012-03-13,1,1,3,2,0,2,1,3,0.52,0.5,0.72,0.2985,0,1
737,12824,602,2012-06-23,3,1,6,12,0,6,0,1,0.8,0.7273,0.43,0.194,203,399
738,4689,134,2011-07-19,3,0,7,6,0,2,1,2,0.72,0.697,0.74,0.1045,8,126
739,4345,326,2011-07-04,3,0,7,22,1,1,0,2,0.74,0.6818,0.62,0.1343,115,211
740,13358,312,2012-07-15,3,1,7,18,0,0,0,3,0.72,0.697,0.79,0.3582,84,228
741,16689,8,2012-12-03,4,1,12,3,0,1,1,1,0.38,0.3939,0.87,0.0,2,6
742,16246,260,2012-11-14,4,1,11,15,0,3,1,1,0.36,0.3333,0.43,0.2836,32,228
743,17129,162,2012-12-21,1,1,12,11,0,5,1,2,0.32,0.2879,0.42,0.4179,12,150
744,14435,338,2012-08-29,3,1,8,15,0,3,1,1,0.76,0.6818,0.4,0.194,96,242
745,16493,76,2012-11-24,4,1,11,22,0,6,0,1,0.24,0.2273,0.44,0.2537,7,69
746,12597,21,2012-06-14,2,1,6,1,0,4,1,1,0.6,0.6212,0.56,0.2239,4,17
747,14445,23,2012-08-30,3,1,8,1,0,4,1,1,0.64,0.6061,0.65,0.0,6,17
748,348,44,2011-01-15,1,0,1,23,0,6,0,1,0.3,0.2879,0.45,0.2836,5,39
749,2545,117,2011-04-20,2,0,4,22,0,3,1,1,0.62,0.6212,0.41,0.2537,12,105
750,1003,55,2011-02-14,1,0,2,10,0,1,1,1,0.44,0.4394,0.33,0.2239,9,46
751,3885,607,2011-06-15,2,0,6,18,0,3,1,1,0.72,0.6515,0.32,0.1343,80,527
752,11378,120,2012-04-24,2,1,4,6,0,2,1,1,0.3,0.2879,0.7,0.2239,3,117
753,706,168,2011-02-01,1,0,2,18,0,2,1,2,0.24,0.2576,0.81,0.1045,3,165
754,3512,26,2011-05-31,2,0,5,5,0,2,1,1,0.66,0.6061,0.83,0.0896,0,26
755,3001,116,2011-05-09,2,0,5,22,0,1,1,1,0.52,0.5,0.68,0.0896,21,95
756,13334,351,2012-07-14,3,1,7,18,0,6,0,1,0.72,0.697,0.79,0.1343,108,243
757,15773,373,2012-10-24,4,1,10,9,0,3,1,2,0.52,0.5,0.77,0.0896,24,349
758,3828,224,2011-06-13,2,0,6,9,0,1,1,1,0.62,0.6212,0.46,0.3582,35,189
759,7246,179,2011-11-03,4,0,11,12,0,4,1,1,0.5,0.4848,0.51,0.194,17,162
760,1666,19,2011-03-14,1,0,3,23,0,1,1,1,0.32,0.3485,0.53,0.0,2,17
761,2394,142,2011-04-14,2,0,4,15,0,4,1,1,0.6,0.6212,0.31,0.0896,57,85
762,13834,472,2012-08-04,3,1,8,14,0,6,0,1,0.88,0.803,0.4,0.3881,183,289
763,4744,102,2011-07-21,3,0,7,13,0,4,1,1,0.88,0.8939,0.56,0.2985,21,81
764,17140,63,2012-12-21,1,1,12,22,0,5,1,1,0.26,0.2273,0.44,0.2985,6,57
765,1864,75,2011-03-23,2,0,3,10,0,3,1,2,0.34,0.3182,0.81,0.2836,15,60
766,13501,241,2012-07-21,3,1,7,17,0,6,0,3,0.6,0.5455,0.88,0.1642,92,149
767,9754,498,2012-02-16,1,1,2,8,0,4,1,2,0.3,0.3182,0.7,0.0896,9,489
768,3214,331,2011-05-18,2,0,5,19,0,3,1,3,0.56,0.5303,0.88,0.1343,43,288
769,8499,16,2011-12-25,1,0,12,19,0,0,0,1,0.32,0.3333,0.57,0.1343,2,14
770,7595,10,2011-11-18,4,0,11,1,0,5,1,1,0.26,0.2273,0.44,0.3284,0,10
771,3059,421,2011-05-12,2,0,5,8,0,4,1,1,0.48,0.4697,0.82,0.194,27,394
772,17061,246,2012-12-18,4,1,12,15,0,2,1,1,0.46,0.4545,0.44,0.4925,28,218
773,4588,20,2011-07-15,3,0,7,1,0,5,1,1,0.62,0.5909,0.73,0.194,7,13
774,5628,156,2011-08-27,3,0,8,9,0,6,0,2,0.7,0.6667,0.84,0.4179,28,128
775,10087,594,2012-03-01,1,1,3,8,0,4,1,1,0.42,0.4242,0.94,0.1343,15,579
776,8465,27,2011-12-24,1,0,12,8,0,6,0,1,0.28,0.2727,0.7,0.194,0,27
777,5652,98,2011-08-28,3,0,8,22,0,0,0,1,0.64,0.6061,0.69,0.1045,25,73
778,9348,198,2012-01-30,1,1,1,9,0,1,1,1,0.2,0.197,0.47,0.2239,5,193
779,3982,311,2011-06-19,2,0,6,19,0,0,0,1,0.72,0.6818,0.62,0.1343,94,217
780,3084,233,2011-05-13,2,0,5,9,0,5,1,2,0.5,0.4848,0.88,0.194,18,215
781,9067,176,2012-01-18,1,1,1,16,0,3,1,1,0.28,0.2273,0.3,0.5224,13,163
782,17023,15,2012-12-17,4,1,12,1,0,1,1,2,0.38,0.3939,0.87,0.1045,1,14
783,13894,13,2012-08-07,3,1,8,2,0,2,1,1,0.7,0.6667,0.84,0.1343,6,7
784,5210,75,2011-08-09,3,0,8,23,0,2,1,1,0.76,0.6818,0.48,0.2836,22,53
785,16618,3,2012-11-30,4,1,11,4,0,5,1,1,0.22,0.2727,0.75,0.0,0,3
786,15425,225,2012-10-09,4,1,10,21,0,2,1,2,0.48,0.4697,0.77,0.1343,16,209
787,5596,23,2011-08-26,3,0,8,1,0,5,1,1,0.62,0.5758,0.83,0.0,10,13
788,15746,158,2012-10-23,4,1,10,6,0,2,1,1,0.4,0.4091,0.82,0.0896,6,152
789,8476,25,2011-12-24,1,0,12,19,0,6,0,1,0.3,0.3182,0.52,0.0896,1,24
790,13610,181,2012-07-26,3,1,7,6,0,4,1,1,0.66,0.6061,0.78,0.2537,16,165
791,3396,216,2011-05-26,2,0,5,9,0,4,1,1,0.72,0.6818,0.7,0.1642,22,194
792,12066,174,2012-05-22,2,1,5,22,0,2,1,1,0.62,0.5909,0.73,0.0896,17,157
793,4093,145,2011-06-24,3,0,6,10,0,5,1,1,0.8,0.7273,0.43,0.2836,43,102
794,3237,513,2011-05-19,2,0,5,18,0,4,1,1,0.6,0.6212,0.55,0.1642,59,454
795,16019,4,2012-11-05,4,1,11,3,0,1,1,2,0.3,0.2879,0.56,0.2239,1,3
796,2363,164,2011-04-13,2,0,4,8,0,3,1,3,0.38,0.3939,0.94,0.194,6,158
797,10730,1,2012-03-28,2,1,3,4,0,3,1,1,0.36,0.3333,0.43,0.2985,1,0
798,2548,26,2011-04-21,2,0,4,1,0,4,1,1,0.52,0.5,0.45,0.2239,6,20
799,8238,154,2011-12-14,4,0,12,21,0,3,1,2,0.34,0.3333,0.66,0.1642,9,145
800,2547,44,2011-04-21,2,0,4,0,0,4,1,1,0.56,0.5303,0.43,0.3582,11,33
801,3980,397,2011-06-19,2,0,6,17,0,0,0,1,0.74,0.6667,0.51,0.0,159,238
802,788,4,2011-02-05,1,0,2,6,0,6,0,3,0.2,0.2576,1.0,0.0,0,4
803,4406,142,2011-07-07,3,0,7,11,0,4,1,1,0.82,0.7727,0.52,0.1343,30,112
804,8438,8,2011-12-23,1,0,12,5,0,5,1,1,0.36,0.3485,0.93,0.194,0,8
805,129,70,2011-01-06,1,0,1,14,0,4,1,1,0.28,0.2727,0.36,0.1642,11,59
806,6145,311,2011-09-18,3,0,9,14,0,0,0,2,0.58,0.5455,0.56,0.1343,127,184
807,4684,13,2011-07-19,3,0,7,1,0,2,1,2,0.74,0.697,0.66,0.1343,7,6
808,16265,153,2012-11-15,4,1,11,10,0,4,1,2,0.32,0.3333,0.66,0.1343,11,142
809,2074,28,2011-04-01,2,0,4,6,0,5,1,3,0.24,0.2273,0.93,0.2239,2,26
810,3947,131,2011-06-18,2,0,6,8,0,6,0,1,0.66,0.6061,0.78,0.0896,28,103
811,8497,44,2011-12-25,1,0,12,17,0,0,0,1,0.34,0.3333,0.61,0.1343,11,33
812,15604,817,2012-10-17,4,1,10,8,0,3,1,2,0.4,0.4091,0.76,0.0,38,779
813,10748,172,2012-03-28,2,1,3,22,0,3,1,1,0.56,0.5303,0.64,0.1343,21,151
814,1197,82,2011-02-22,1,0,2,21,0,2,1,1,0.2,0.197,0.47,0.2537,2,80
815,8927,330,2012-01-12,1,1,1,19,0,4,1,2,0.42,0.4242,0.71,0.1642,17,313
816,8064,30,2011-12-07,4,0,12,15,0,3,1,3,0.42,0.4242,0.94,0.2239,5,25
817,8699,85,2012-01-03,1,1,1,6,0,2,1,1,0.14,0.1212,0.59,0.2836,4,81
818,13545,240,2012-07-23,3,1,7,13,0,1,1,2,0.8,0.7424,0.52,0.1045,64,176
819,12437,337,2012-06-07,2,1,6,9,0,4,1,1,0.58,0.5455,0.68,0.0,37,300
820,12725,328,2012-06-19,2,1,6,9,0,2,1,1,0.64,0.6061,0.73,0.0896,40,288
821,3092,491,2011-05-13,2,0,5,17,0,5,1,3,0.52,0.5,0.88,0.1642,62,429
822,8851,50,2012-01-09,1,1,1,14,0,1,1,3,0.22,0.2273,0.75,0.1642,5,45
823,9365,2,2012-01-31,1,1,1,2,0,2,1,1,0.3,0.2879,0.42,0.2239,0,2
824,5295,421,2011-08-13,3,0,8,12,0,6,0,2,0.66,0.5909,0.89,0.1642,175,246
825,4673,138,2011-07-18,3,0,7,14,0,1,1,1,0.82,0.7879,0.56,0.3284,32,106
826,5831,152,2011-09-05,3,0,9,9,1,1,0,3,0.68,0.6364,0.74,0.1642,63,89
827,16397,122,2012-11-20,4,1,11,22,0,2,1,1,0.36,0.3788,0.71,0.0,7,115
828,12170,22,2012-05-27,2,1,5,6,0,0,0,1,0.62,0.5758,0.83,0.1642,8,14
829,6360,151,2011-09-27,4,0,9,13,0,2,1,2,0.7,0.6667,0.74,0.2239,29,122
830,5569,181,2011-08-24,3,0,8,22,0,3,1,1,0.7,0.6515,0.65,0.3582,41,140
831,11236,576,2012-04-18,2,1,4,8,0,3,1,3,0.5,0.4848,0.39,0.194,25,551
832,16130,361,2012-11-09,4,1,11,19,0,5,1,1,0.34,0.3485,0.71,0.0896,30,331
833,15586,308,2012-10-16,4,1,10,14,0,2,1,1,0.54,0.5152,0.39,0.2537,94,214
834,7439,236,2011-11-11,4,0,11,13,1,5,0,1,0.38,0.3939,0.37,0.5522,57,179
835,5796,162,2011-09-03,3,0,9,22,0,6,0,1,0.68,0.6364,0.83,0.1045,66,96
836,8865,23,2012-01-10,1,1,1,5,0,2,1,1,0.4,0.4091,0.47,0.2239,0,23
837,14837,342,2012-09-15,3,1,9,9,0,6,0,1,0.6,0.6212,0.43,0.4179,79,263
838,6899,15,2011-10-20,4,0,10,1,0,4,1,1,0.56,0.5303,0.88,0.3582,4,11
839,2693,5,2011-04-27,2,0,4,2,0,3,1,1,0.58,0.5455,0.88,0.2537,0,5
840,16434,232,2012-11-22,4,1,11,11,1,4,0,1,0.42,0.4242,0.41,0.0896,89,143
841,345,41,2011-01-15,1,0,1,20,0,6,0,2,0.32,0.303,0.39,0.2537,6,35
842,336,72,2011-01-15,1,0,1,11,0,6,0,1,0.2,0.197,0.55,0.2239,18,54
843,16497,28,2012-11-25,4,1,11,2,0,0,0,1,0.22,0.197,0.44,0.3582,1,27
844,9570,75,2012-02-08,1,1,2,16,0,3,1,3,0.26,0.2727,0.81,0.1045,2,73
845,16775,617,2012-12-06,4,1,12,17,0,4,1,1,0.3,0.3182,0.45,0.1045,31,586
846,3619,440,2011-06-04,2,0,6,16,0,6,0,2,0.72,0.6515,0.3,0.1343,168,272
847,12126,232,2012-05-25,2,1,5,10,0,5,1,1,0.68,0.6364,0.79,0.1642,69,163
848,3846,2,2011-06-14,2,0,6,3,0,2,1,1,0.58,0.5455,0.53,0.3284,1,1
849,4238,169,2011-06-30,3,0,6,11,0,4,1,1,0.74,0.6515,0.37,0.1343,47,122
850,5851,72,2011-09-06,3,0,9,6,0,2,1,2,0.54,0.5152,0.88,0.3284,0,72
851,1611,166,2011-03-12,1,0,3,14,0,6,0,1,0.4,0.4091,0.5,0.4478,70,96
852,2117,34,2011-04-03,2,0,4,1,0,0,0,1,0.3,0.3182,0.61,0.1045,8,26
853,1374,82,2011-03-02,1,0,3,12,0,3,1,1,0.4,0.4091,0.43,0.194,20,62
854,11724,389,2012-05-08,2,1,5,16,0,2,1,3,0.64,0.6061,0.73,0.2239,54,335
855,9428,450,2012-02-02,1,1,2,17,0,4,1,1,0.42,0.4242,0.54,0.4925,13,437
856,16350,59,2012-11-18,4,1,11,23,0,0,0,1,0.36,0.3485,0.66,0.2239,6,53
857,701,52,2011-02-01,1,0,2,13,0,2,1,2,0.2,0.2576,0.86,0.0,3,49
858,730,182,2011-02-02,1,0,2,18,0,3,1,1,0.34,0.2879,0.42,0.5522,7,175
859,1094,116,2011-02-18,1,0,2,7,0,5,1,2,0.42,0.4242,0.77,0.2239,8,108
860,11174,479,2012-04-15,2,1,4,18,0,0,0,1,0.7,0.6364,0.42,0.2537,184,295
861,7011,614,2011-10-24,4,0,10,17,0,1,1,1,0.52,0.5,0.68,0.1343,87,527
862,17204,33,2012-12-24,1,1,12,15,0,1,1,3,0.24,0.2273,0.87,0.2239,6,27
863,1340,4,2011-03-01,1,0,3,2,0,2,1,1,0.24,0.2121,0.65,0.3881,0,4
864,9575,129,2012-02-08,1,1,2,21,0,3,1,3,0.24,0.2273,0.87,0.194,3,126
865,9489,4,2012-02-05,1,1,2,6,0,0,0,2,0.26,0.2424,0.7,0.2537,0,4
866,14875,94,2012-09-16,3,1,9,23,0,0,0,1,0.54,0.5152,0.68,0.1045,9,85
867,13682,18,2012-07-29,3,1,7,6,0,0,0,1,0.64,0.6061,0.73,0.1642,6,12
868,16839,103,2012-12-09,4,1,12,9,0,0,0,2,0.4,0.4091,0.87,0.2537,9,94
869,9126,13,2012-01-21,1,1,1,3,0,6,0,3,0.14,0.1818,0.93,0.0896,0,13
870,17273,118,2012-12-27,1,1,12,13,0,4,1,1,0.3,0.2727,0.49,0.4627,19,99
871,8186,359,2011-12-12,4,0,12,17,0,1,1,2,0.3,0.3333,0.56,0.0,7,352
872,1235,88,2011-02-24,1,0,2,13,0,4,1,2,0.38,0.3939,0.54,0.2985,16,72
873,8570,79,2011-12-28,1,0,12,20,0,3,1,1,0.24,0.2273,0.41,0.2239,9,70
874,2814,16,2011-05-02,2,0,5,3,0,1,1,1,0.44,0.4394,0.77,0.1343,9,7
875,8522,65,2011-12-26,1,0,12,19,1,1,0,1,0.3,0.3182,0.65,0.0896,16,49
876,7417,62,2011-11-10,4,0,11,15,0,4,1,3,0.36,0.3333,0.81,0.2985,5,57
877,15689,296,2012-10-20,4,1,10,21,0,6,0,1,0.46,0.4545,0.47,0.2239,72,224
878,9105,68,2012-01-20,1,1,1,6,0,5,1,1,0.24,0.2121,0.6,0.2836,0,68
879,11167,528,2012-04-15,2,1,4,11,0,0,0,1,0.62,0.6212,0.46,0.2985,227,301
880,15093,29,2012-09-26,4,1,9,1,0,3,1,1,0.58,0.5455,0.64,0.3284,10,19
881,5299,281,2011-08-13,3,0,8,16,0,6,0,2,0.7,0.6667,0.74,0.2836,148,133
882,12705,225,2012-06-18,2,1,6,13,0,1,1,2,0.58,0.5455,0.73,0.1343,51,174
883,11324,117,2012-04-22,2,1,4,0,0,0,0,2,0.46,0.4545,0.82,0.194,32,85
884,2910,9,2011-05-06,2,0,5,3,0,5,1,1,0.36,0.3636,0.71,0.1045,3,6
885,7855,109,2011-11-28,4,0,11,22,0,1,1,2,0.52,0.5,0.83,0.1045,7,102
886,1309,187,2011-02-27,1,0,2,17,0,0,0,1,0.42,0.4242,0.54,0.194,66,121
887,12369,274,2012-06-04,2,1,6,13,0,1,1,1,0.64,0.6212,0.41,0.3582,85,189
888,672,72,2011-01-31,1,0,1,7,0,1,1,2,0.16,0.1364,0.64,0.2836,1,71
889,10459,152,2012-03-16,1,1,3,21,0,5,1,2,0.44,0.4394,0.94,0.0,8,144
890,10782,593,2012-03-30,2,1,3,8,0,5,1,1,0.32,0.3182,0.66,0.1642,38,555
891,8183,111,2011-12-12,4,0,12,14,0,1,1,2,0.32,0.3333,0.53,0.1343,16,95
892,168,2,2011-01-08,1,0,1,6,0,6,0,2,0.16,0.1667,0.74,0.1642,0,2
893,9898,139,2012-02-22,1,1,2,10,0,3,1,1,0.34,0.3485,0.71,0.0896,17,122
894,16427,3,2012-11-22,4,1,11,4,1,4,0,1,0.22,0.2273,0.8,0.1343,1,2
895,12581,352,2012-06-13,2,1,6,9,0,3,1,2,0.64,0.6061,0.69,0.5821,54,298
896,11043,103,2012-04-10,2,1,4,6,0,2,1,1,0.34,0.3485,0.71,0.1045,3,100
897,3850,365,2011-06-14,2,0,6,7,0,2,1,1,0.56,0.5303,0.52,0.4179,19,346
898,10006,71,2012-02-26,1,1,2,22,0,0,0,1,0.3,0.2879,0.42,0.2239,3,68
899,11741,325,2012-05-09,2,1,5,9,0,3,1,2,0.6,0.5606,0.83,0.0,40,285
900,879,7,2011-02-09,1,0,2,1,0,3,1,1,0.1,0.1061,0.36,0.2239,0,7
901,12047,5,2012-05-22,2,1,5,3,0,2,1,2,0.58,0.5455,0.83,0.1045,0,5
902,14612,65,2012-09-06,3,1,9,0,0,4,1,2,0.7,0.6667,0.84,0.0896,30,35
903,4814,243,2011-07-24,3,0,7,11,0,0,0,1,0.84,0.803,0.53,0.2537,74,169
904,5711,244,2011-08-31,3,0,8,9,0,3,1,1,0.64,0.6061,0.69,0.0896,27,217
905,5657,6,2011-08-29,3,0,8,3,0,1,1,1,0.6,0.5909,0.69,0.1045,1,5
906,4092,231,2011-06-24,3,0,6,9,0,5,1,1,0.74,0.6818,0.62,0.1343,28,203
907,9166,89,2012-01-22,1,1,1,19,0,0,0,3,0.16,0.1818,0.86,0.1045,9,80
908,3673,173,2011-06-06,2,0,6,22,0,1,1,1,0.66,0.6212,0.61,0.0896,36,137
909,6097,225,2011-09-16,3,0,9,14,0,5,1,2,0.54,0.5152,0.45,0.1642,49,176
910,16606,370,2012-11-29,4,1,11,16,0,4,1,1,0.36,0.3485,0.4,0.2239,24,346
911,1684,225,2011-03-15,1,0,3,18,0,2,1,2,0.36,0.3333,0.62,0.2985,18,207
912,2085,281,2011-04-01,2,0,4,17,0,5,1,1,0.34,0.303,0.46,0.3284,36,245
913,13890,207,2012-08-06,3,1,8,22,0,1,1,1,0.74,0.697,0.7,0.0896,50,157
914,2234,81,2011-04-07,2,0,4,22,0,4,1,2,0.4,0.4091,0.76,0.194,18,63
915,13067,401,2012-07-03,3,1,7,15,0,2,1,2,0.9,0.7727,0.24,0.0,71,330
916,10677,65,2012-03-25,2,1,3,23,0,0,0,1,0.48,0.4697,0.82,0.1343,9,56
917,6937,235,2011-10-21,4,0,10,15,0,5,1,1,0.5,0.4848,0.45,0.2836,57,178
918,3824,29,2011-06-13,2,0,6,5,0,1,1,1,0.54,0.5152,0.64,0.3881,2,27
919,16503,34,2012-11-25,4,1,11,8,0,0,0,2,0.22,0.2273,0.51,0.194,2,32
920,14398,15,2012-08-28,3,1,8,2,0,2,1,1,0.68,0.6364,0.83,0.2537,2,13
921,3489,16,2011-05-30,2,0,5,6,1,1,0,2,0.64,0.5606,0.94,0.0896,6,10
922,1532,2,2011-03-09,1,0,3,4,0,3,1,1,0.24,0.2576,0.75,0.1045,0,2
923,9058,263,2012-01-18,1,1,1,7,0,3,1,1,0.32,0.2879,0.42,0.3582,1,262
924,13303,288,2012-07-13,3,1,7,11,0,5,1,2,0.76,0.6818,0.45,0.1343,68,220
925,6208,31,2011-09-21,3,0,9,5,0,3,1,2,0.54,0.5152,1.0,0.1642,1,30
926,3570,188,2011-06-02,2,0,6,15,0,4,1,1,0.8,0.6818,0.21,0.3881,44,144
927,16077,181,2012-11-07,4,1,11,13,0,3,1,2,0.32,0.303,0.53,0.2537,23,158
928,13619,238,2012-07-26,3,1,7,15,0,4,1,1,0.92,0.8939,0.42,0.2985,65,173
929,16533,228,2012-11-26,4,1,11,14,0,1,1,1,0.42,0.4242,0.35,0.0,51,177
930,14968,417,2012-09-20,3,1,9,20,0,4,1,1,0.56,0.5303,0.64,0.1343,57,360
931,9412,17,2012-02-02,1,1,2,1,0,4,1,2,0.46,0.4545,0.55,0.0,3,14
932,13270,9,2012-07-12,3,1,7,2,0,4,1,2,0.66,0.6212,0.65,0.0896,0,9
933,11768,272,2012-05-10,2,1,5,12,0,4,1,1,0.52,0.5,0.48,0.4179,65,207
934,11221,781,2012-04-17,2,1,4,17,0,2,1,1,0.64,0.6061,0.25,0.2985,108,673
935,11136,14,2012-04-14,2,1,4,4,0,6,0,1,0.36,0.3636,0.71,0.1045,5,9
936,8283,295,2011-12-16,4,0,12,18,0,5,1,2,0.32,0.303,0.45,0.2537,10,285
937,4664,17,2011-07-18,3,0,7,5,0,1,1,1,0.64,0.5909,0.78,0.1045,2,15
938,6161,113,2011-09-19,3,0,9,6,0,1,1,1,0.5,0.4848,0.77,0.2239,6,107
939,10642,183,2012-03-24,2,1,3,12,0,6,0,3,0.52,0.5,0.94,0.2239,61,122
940,2361,34,2011-04-13,2,0,4,6,0,3,1,3,0.38,0.3939,0.94,0.2239,1,33
941,1694,3,2011-03-16,1,0,3,5,0,3,1,2,0.3,0.3182,0.93,0.1045,0,3
942,16285,130,2012-11-16,4,1,11,6,0,5,1,2,0.3,0.3182,0.61,0.0896,4,126
943,305,1,2011-01-14,1,0,1,3,0,5,1,1,0.1,0.1364,0.54,0.1045,0,1
944,8099,12,2011-12-09,4,0,12,2,0,5,1,1,0.24,0.2879,0.7,0.0,2,10
945,1651,241,2011-03-14,1,0,3,8,0,1,1,2,0.3,0.303,0.56,0.1343,24,217
946,11901,21,2012-05-16,2,1,5,1,0,3,1,2,0.58,0.5455,0.88,0.1343,7,14
947,6708,10,2011-10-12,4,0,10,1,0,3,1,3,0.56,0.5303,0.83,0.1343,2,8
948,4639,10,2011-07-17,3,0,7,4,0,0,0,1,0.62,0.5909,0.73,0.1642,4,6
949,16458,251,2012-11-23,4,1,11,11,0,5,1,1,0.4,0.4091,0.5,0.194,121,130
950,5854,185,2011-09-06,3,0,9,9,0,2,1,2,0.54,0.5152,0.81,0.4179,18,167
951,4020,275,2011-06-21,3,0,6,9,0,2,1,2,0.62,0.5606,0.88,0.2537,32,243
952,11670,333,2012-05-06,2,1,5,10,0,0,0,2,0.54,0.5152,0.77,0.1045,112,221
953,1,16,2011-01-01,1,0,1,0,0,6,0,1,0.24,0.2879,0.81,0.0,3,13
954,12128,321,2012-05-25,2,1,5,12,0,5,1,1,0.72,0.6818,0.66,0.1045,84,237
955,11056,479,2012-04-10,2,1,4,19,0,2,1,1,0.52,0.5,0.2,0.3582,51,428
956,6219,281,2011-09-21,3,0,9,16,0,3,1,2,0.66,0.6212,0.74,0.1045,51,230
957,7849,264,2011-11-28,4,0,11,16,0,1,1,1,0.56,0.5303,0.6,0.194,24,240
958,5246,187,2011-08-11,3,0,8,11,0,4,1,1,0.76,0.6667,0.35,0.2537,59,128
959,16583,325,2012-11-28,4,1,11,16,0,3,1,1,0.36,0.3333,0.29,0.2537,9,316
960,6030,396,2011-09-13,3,0,9,19,0,2,1,1,0.68,0.6364,0.69,0.1642,55,341
961,3546,152,2011-06-01,2,0,6,15,0,3,1,1,0.9,0.8333,0.39,0.2985,25,127
962,10606,95,2012-03-23,2,1,3,0,0,5,1,1,0.56,0.5303,0.83,0.0,30,65
963,9845,8,2012-02-20,1,1,2,3,1,1,0,2,0.24,0.2273,0.81,0.194,0,8
964,16755,198,2012-12-05,4,1,12,21,0,3,1,1,0.34,0.303,0.46,0.4179,14,184
965,15597,17,2012-10-17,4,1,10,1,0,3,1,1,0.38,0.3939,0.76,0.0,3,14
966,4581,578,2011-07-14,3,0,7,18,0,4,1,1,0.72,0.6515,0.42,0.194,94,484
967,6415,273,2011-09-29,4,0,9,20,0,4,1,1,0.6,0.6212,0.53,0.0896,39,234
968,213,1,2011-01-10,1,0,1,3,0,1,1,1,0.12,0.1212,0.5,0.2239,0,1
969,5650,214,2011-08-28,3,0,8,20,0,0,0,1,0.72,0.6515,0.45,0.1045,64,150
970,9098,56,2012-01-19,1,1,1,23,0,4,1,1,0.26,0.2273,0.48,0.3284,1,55
971,4840,78,2011-07-25,3,0,7,13,0,1,1,2,0.74,0.7121,0.74,0.1343,14,64
972,13479,402,2012-07-20,3,1,7,19,0,5,1,2,0.64,0.5758,0.83,0.2836,44,358
973,13243,103,2012-07-10,3,1,7,23,0,2,1,2,0.64,0.5758,0.89,0.1045,29,74
974,14919,324,2012-09-18,3,1,9,19,0,2,1,2,0.6,0.5455,0.88,0.2985,22,302
975,8723,59,2012-01-04,1,1,1,6,0,3,1,1,0.02,0.0455,0.41,0.1642,0,59
976,12373,834,2012-06-04,2,1,6,17,0,1,1,1,0.64,0.6212,0.38,0.4478,101,733
977,13842,269,2012-08-04,3,1,8,22,0,6,0,1,0.76,0.7273,0.66,0.2836,104,165
978,3730,314,2011-06-09,2,0,6,7,0,4,1,2,0.72,0.697,0.79,0.1343,31,283
979,13352,489,2012-07-15,3,1,7,12,0,0,0,1,0.84,0.7727,0.47,0.1045,153,336
980,4137,20,2011-06-26,3,0,6,6,0,0,0,1,0.6,0.6061,0.64,0.0,7,13
981,14118,199,2012-08-16,3,1,8,10,0,4,1,1,0.74,0.6667,0.48,0.1343,78,121
982,1909,104,2011-03-25,2,0,3,7,0,5,1,1,0.2,0.1818,0.59,0.3582,4,100
983,5211,37,2011-08-10,3,0,8,0,0,3,1,1,0.74,0.6667,0.51,0.2239,19,18
984,671,37,2011-01-31,1,0,1,6,0,1,1,1,0.16,0.1364,0.69,0.3284,0,37
985,12420,452,2012-06-06,2,1,6,16,0,3,1,1,0.64,0.6212,0.41,0.1343,107,345
986,4286,357,2011-07-02,3,0,7,11,0,6,0,1,0.8,0.7121,0.36,0.0896,144,213
987,4915,256,2011-07-28,3,0,7,16,0,4,1,1,0.86,0.803,0.47,0.1642,42,214
988,13972,119,2012-08-10,3,1,8,8,0,5,1,3,0.62,0.5455,0.91,0.1642,7,112
989,10545,230,2012-03-20,1,1,3,11,0,2,1,1,0.58,0.5455,0.83,0.1343,74,156
990,8432,11,2011-12-22,1,0,12,23,0,4,1,3,0.4,0.4091,0.87,0.0,1,10
991,6098,203,2011-09-16,3,0,9,15,0,5,1,2,0.54,0.5152,0.45,0.2239,38,165
992,13348,133,2012-07-15,3,1,7,8,0,0,0,2,0.7,0.6667,0.84,0.1343,37,96
993,11080,235,2012-04-11,2,1,4,20,0,3,1,1,0.36,0.3333,0.46,0.3284,22,213
994,11451,315,2012-04-27,2,1,4,7,0,5,1,1,0.38,0.3939,0.5,0.2836,10,305
995,2715,54,2011-04-28,2,0,4,0,0,4,1,1,0.64,0.5909,0.78,0.3582,13,41
996,5775,74,2011-09-03,3,0,9,1,0,6,0,2,0.64,0.6061,0.69,0.2537,17,57
997,6620,217,2011-10-08,4,0,10,9,0,6,0,1,0.5,0.4848,0.77,0.0,54,163
998,7652,229,2011-11-20,4,0,11,10,0,0,0,2,0.44,0.4394,0.72,0.1045,46,183
999,7987,216,2011-12-04,4,0,12,10,0,0,0,1,0.32,0.3333,0.81,0.1343,36,180
1000,16613,130,2012-11-29,4,1,11,23,0,4,1,1,0.28,0.3182,0.61,0.0,6,124
1001,12182,518,2012-05-27,2,1,5,18,0,0,0,1,0.76,0.7121,0.58,0.2985,266,252
1002,8200,223,2011-12-13,4,0,12,7,0,2,1,1,0.16,0.1667,0.8,0.1642,2,221
1003,3603,93,2011-06-04,2,0,6,0,0,6,0,1,0.56,0.5303,0.52,0.0,24,69
1004,14256,8,2012-08-22,3,1,8,4,0,3,1,1,0.58,0.5455,0.83,0.1045,1,7
1005,3646,357,2011-06-05,2,0,6,19,0,0,0,1,0.68,0.6364,0.65,0.1642,108,249
1006,16967,622,2012-12-14,4,1,12,17,0,5,1,1,0.34,0.3333,0.57,0.1642,40,582
1007,5221,113,2011-08-10,3,0,8,10,0,3,1,1,0.8,0.7273,0.43,0.2239,41,72
1008,16356,39,2012-11-19,4,1,11,5,0,1,1,2,0.36,0.3485,0.66,0.2239,1,38
1009,1888,65,2011-03-24,2,0,3,10,0,4,1,2,0.26,0.2273,0.93,0.3284,10,55
1010,11139,64,2012-04-14,2,1,4,7,0,6,0,1,0.36,0.3636,0.71,0.1045,8,56
1011,8889,22,2012-01-11,1,1,1,5,0,3,1,1,0.2,0.2121,0.8,0.1343,0,22
1012,2529,64,2011-04-20,2,0,4,6,0,3,1,1,0.42,0.4242,0.94,0.1642,2,62
1013,5893,14,2011-09-08,3,0,9,0,0,4,1,3,0.6,0.5,1.0,0.194,3,11
1014,5451,128,2011-08-20,3,0,8,0,0,6,0,1,0.6,0.5455,0.88,0.0,21,107
1015,14283,481,2012-08-23,3,1,8,7,0,4,1,2,0.62,0.5758,0.83,0.0896,18,463
1016,6842,208,2011-10-17,4,0,10,15,0,1,1,1,0.56,0.5303,0.6,0.2537,66,142
1017,1331,79,2011-02-28,1,0,2,17,0,1,1,3,0.4,0.4091,1.0,0.2985,2,77
1018,11851,74,2012-05-13,2,1,5,23,0,0,0,2,0.62,0.6212,0.57,0.2239,17,57
1019,4537,194,2011-07-12,3,0,7,22,0,2,1,1,0.8,0.7273,0.46,0.1343,44,150
1020,10603,374,2012-03-22,2,1,3,21,0,4,1,1,0.58,0.5455,0.78,0.1642,66,308
1021,11113,21,2012-04-13,2,1,4,5,0,5,1,2,0.34,0.3333,0.53,0.1642,2,19
1022,5801,43,2011-09-04,3,0,9,3,0,0,0,1,0.64,0.5758,0.89,0.194,20,23
1023,8910,2,2012-01-12,1,1,1,2,0,4,1,3,0.36,0.3485,0.93,0.2537,1,1
1024,15924,10,2012-11-01,4,1,11,4,0,4,1,2,0.34,0.3485,0.66,0.1045,2,8
1025,15066,172,2012-09-24,4,1,9,22,0,1,1,1,0.5,0.4848,0.51,0.2239,18,154
1026,992,30,2011-02-13,1,0,2,23,0,0,0,1,0.4,0.4091,0.35,0.3582,3,27
1027,5085,523,2011-08-04,3,0,8,18,0,4,1,1,0.7,0.6667,0.74,0.2985,88,435
1028,9141,110,2012-01-21,1,1,1,18,0,6,0,2,0.2,0.1818,0.75,0.3881,3,107
1029,1674,282,2011-03-15,1,0,3,8,0,2,1,1,0.26,0.2879,0.7,0.0896,23,259
1030,7857,22,2011-11-29,4,0,11,0,0,2,1,1,0.52,0.5,0.83,0.0,4,18
1031,16638,108,2012-12-01,4,1,12,0,0,6,0,1,0.26,0.303,0.81,0.0,9,99
1032,16008,435,2012-11-04,4,1,11,16,0,0,0,1,0.4,0.4091,0.4,0.3284,119,316
1033,11502,380,2012-04-29,2,1,4,10,0,0,0,1,0.42,0.4242,0.67,0.0896,127,253
1034,272,137,2011-01-12,1,0,1,18,0,3,1,1,0.2,0.1515,0.47,0.5224,2,135
1035,9131,25,2012-01-21,1,1,1,8,0,6,0,2,0.16,0.1515,0.93,0.2537,3,22
1036,1101,191,2011-02-18,1,0,2,14,0,5,1,1,0.66,0.6212,0.36,0.2985,73,118
1037,1200,6,2011-02-23,1,0,2,0,0,3,1,1,0.14,0.1364,0.5,0.194,0,6
1038,7503,19,2011-11-14,4,0,11,5,0,1,1,2,0.44,0.4394,0.67,0.2537,0,19
1039,13141,576,2012-07-06,3,1,7,17,0,5,1,1,0.92,0.8182,0.29,0.0,90,486
1040,2958,31,2011-05-08,2,0,5,3,0,0,0,1,0.46,0.4545,0.72,0.0896,10,21
1041,11150,481,2012-04-14,2,1,4,18,0,6,0,2,0.62,0.6212,0.35,0.2239,197,284
1042,14510,442,2012-09-01,3,1,9,18,0,6,0,2,0.82,0.7727,0.52,0.0,184,258
1043,7132,43,2011-10-29,4,0,10,18,0,6,0,3,0.22,0.197,0.93,0.3284,6,37
1044,15373,157,2012-10-07,4,1,10,17,0,0,0,3,0.4,0.4091,0.82,0.2239,35,122
1045,205,41,2011-01-09,1,0,1,19,0,0,0,1,0.16,0.1364,0.43,0.3284,1,40
1046,14736,9,2012-09-11,3,1,9,4,0,2,1,1,0.48,0.4697,0.72,0.1045,1,8
1047,1593,76,2011-03-11,1,0,3,20,0,5,1,1,0.3,0.303,0.56,0.1642,6,70
1048,15154,399,2012-09-28,4,1,9,14,0,5,1,2,0.7,0.6515,0.54,0.2537,105,294
1049,2121,5,2011-04-03,2,0,4,5,0,0,0,1,0.28,0.2727,0.65,0.2239,1,4
1050,14870,481,2012-09-16,3,1,9,18,0,0,0,1,0.62,0.6212,0.5,0.1642,120,361
1051,6299,173,2011-09-25,4,0,9,0,0,0,0,2,0.6,0.5455,0.88,0.0,37,136
1052,8739,52,2012-01-04,1,1,1,22,0,3,1,2,0.2,0.2273,0.47,0.0896,4,48
1053,3160,214,2011-05-16,2,0,5,13,0,1,1,1,0.68,0.6364,0.51,0.0,61,153
1054,9300,158,2012-01-28,1,1,1,9,0,6,0,1,0.22,0.2727,0.8,0.0,13,145
1055,8158,268,2011-12-11,4,0,12,13,0,0,0,1,0.3,0.3333,0.31,0.0,44,224
1056,4786,45,2011-07-23,3,0,7,7,0,6,0,1,0.8,0.7424,0.52,0.1045,7,38
1057,16292,278,2012-11-16,4,1,11,13,0,5,1,1,0.42,0.4242,0.38,0.194,52,226
1058,6948,31,2011-10-22,4,0,10,2,0,6,0,1,0.4,0.4091,0.62,0.2537,6,25
1059,2869,31,2011-05-04,2,0,5,10,0,3,1,2,0.34,0.3182,0.93,0.2836,5,26
1060,16052,248,2012-11-06,4,1,11,12,0,2,1,1,0.32,0.3333,0.45,0.1343,31,217
1061,1514,71,2011-03-08,1,0,3,10,0,2,1,2,0.3,0.2879,0.33,0.194,25,46
1062,12812,116,2012-06-23,3,1,6,0,0,6,0,1,0.64,0.5758,0.83,0.0,14,102
1063,15477,37,2012-10-12,4,1,10,1,0,5,1,1,0.4,0.4091,0.66,0.0896,8,29
1064,11408,269,2012-04-25,2,1,4,12,0,3,1,1,0.54,0.5152,0.28,0.2836,49,220
1065,5284,77,2011-08-13,3,0,8,1,0,6,0,2,0.68,0.6364,0.57,0.0896,13,64
1066,16941,280,2012-12-13,4,1,12,15,0,4,1,1,0.36,0.3485,0.34,0.1343,40,240
1067,11277,25,2012-04-20,2,1,4,1,0,5,1,1,0.46,0.4545,0.82,0.194,3,22
1068,5220,180,2011-08-10,3,0,8,9,0,3,1,1,0.76,0.6818,0.48,0.2239,32,148
1069,6856,21,2011-10-18,4,0,10,5,0,2,1,2,0.46,0.4545,0.88,0.0,2,19
1070,13958,811,2012-08-09,3,1,8,18,0,4,1,2,0.82,0.7576,0.46,0.2537,78,733
1071,14949,18,2012-09-20,3,1,9,1,0,4,1,1,0.46,0.4545,0.72,0.1045,4,14
1072,17296,222,2012-12-28,1,1,12,12,0,5,1,2,0.3,0.303,0.49,0.1343,72,150
1073,7139,43,2011-10-30,4,0,10,1,0,0,0,1,0.22,0.2121,0.87,0.2537,9,34
1074,11464,289,2012-04-27,2,1,4,20,0,5,1,1,0.46,0.4545,0.31,0.2836,49,240
1075,6002,212,2011-09-12,3,0,9,15,0,1,1,1,0.74,0.6667,0.48,0.0896,60,152
1076,6247,285,2011-09-22,3,0,9,20,0,4,1,2,0.62,0.5455,0.94,0.1343,35,250
1077,14074,255,2012-08-14,3,1,8,14,0,2,1,1,0.82,0.7424,0.41,0.2239,80,175
1078,7126,50,2011-10-29,4,0,10,12,0,6,0,3,0.24,0.197,0.87,0.4925,6,44
1079,14700,701,2012-09-09,3,1,9,16,0,0,0,1,0.68,0.6364,0.36,0.2836,228,473
1080,6815,444,2011-10-16,4,0,10,12,0,0,0,1,0.58,0.5455,0.35,0.2537,167,277
1081,920,97,2011-02-10,1,0,2,20,0,4,1,1,0.14,0.1818,0.31,0.0896,4,93
1082,16654,443,2012-12-01,4,1,12,16,0,6,0,2,0.38,0.3939,0.66,0.0,89,354
1083,6830,2,2011-10-17,4,0,10,3,0,1,1,1,0.56,0.5303,0.49,0.194,0,2
1084,888,41,2011-02-09,1,0,2,11,0,3,1,2,0.14,0.1515,0.43,0.1642,1,40
1085,6191,60,2011-09-20,3,0,9,12,0,2,1,2,0.56,0.5303,0.94,0.1642,13,47
1086,8150,6,2011-12-11,4,0,12,5,0,0,0,1,0.18,0.2121,0.59,0.1045,0,6
1087,12074,160,2012-05-23,2,1,5,6,0,3,1,1,0.56,0.5303,0.88,0.1045,6,154
1088,13759,234,2012-08-01,3,1,8,11,0,3,1,1,0.76,0.7121,0.58,0.0896,54,180
1089,15751,253,2012-10-23,4,1,10,11,0,2,1,1,0.6,0.6212,0.53,0.0,52,201
1090,4554,46,2011-07-13,3,0,7,15,0,3,1,3,0.64,0.5606,0.94,0.1343,13,33
1091,2546,93,2011-04-20,2,0,4,23,0,3,1,1,0.6,0.6212,0.4,0.3284,14,79
1092,12012,577,2012-05-20,2,1,5,16,0,0,0,1,0.72,0.6515,0.42,0.3582,238,339
1093,183,37,2011-01-08,1,0,1,21,0,6,0,1,0.12,0.1061,0.39,0.3582,2,35
1094,17135,321,2012-12-21,1,1,12,17,0,5,1,2,0.26,0.2273,0.56,0.3284,24,297
1095,16164,12,2012-11-11,4,1,11,5,0,0,0,1,0.3,0.303,0.87,0.1343,0,12
1096,931,140,2011-02-11,1,0,2,9,0,5,1,1,0.12,0.1212,0.74,0.2239,8,132
1097,1080,274,2011-02-17,1,0,2,17,0,4,1,2,0.58,0.5455,0.32,0.2985,18,256
1098,6554,182,2011-10-05,4,0,10,15,0,3,1,1,0.64,0.6212,0.47,0.2836,35,147
1099,11524,596,2012-04-30,2,1,4,8,0,1,1,1,0.4,0.4091,0.43,0.194,17,579
1100,4741,78,2011-07-21,3,0,7,10,0,4,1,2,0.82,0.8636,0.71,0.2239,31,47
1101,10509,46,2012-03-18,1,1,3,23,0,0,0,1,0.48,0.4697,0.82,0.1642,7,39
1102,6517,3,2011-10-04,4,0,10,2,0,2,1,2,0.4,0.4091,0.87,0.0,1,2
1103,3076,20,2011-05-13,2,0,5,1,0,5,1,1,0.52,0.5,0.83,0.1642,5,15
1104,10278,268,2012-03-09,1,1,3,7,0,5,1,2,0.38,0.3939,0.4,0.2985,6,262
1105,6068,209,2011-09-15,3,0,9,9,0,4,1,2,0.64,0.6061,0.73,0.3582,23,186
1106,5398,347,2011-08-17,3,0,8,19,0,3,1,1,0.76,0.697,0.55,0.2239,50,297
1107,8676,16,2012-01-02,1,1,1,7,1,1,0,1,0.24,0.2121,0.32,0.3881,0,16
1108,7431,13,2011-11-11,4,0,11,5,1,5,0,1,0.3,0.2879,0.49,0.2537,0,13
1109,16629,296,2012-11-30,4,1,11,15,0,5,1,2,0.42,0.4242,0.38,0.1045,34,262
1110,3605,59,2011-06-04,2,0,6,2,0,6,0,1,0.54,0.5152,0.56,0.194,18,41
1111,11365,232,2012-04-23,2,1,4,17,0,1,1,3,0.3,0.2727,0.82,0.3284,13,219
1112,3495,366,2011-05-30,2,0,5,12,1,1,0,1,0.86,0.803,0.47,0.1045,179,187
1113,4035,33,2011-06-22,3,0,6,0,0,3,1,1,0.66,0.6061,0.78,0.194,15,18
1114,1844,106,2011-03-22,2,0,3,13,0,2,1,1,0.5,0.4848,0.45,0.2239,21,85
1115,7827,204,2011-11-27,4,0,11,17,0,0,0,1,0.54,0.5152,0.56,0.194,37,167
1116,13217,331,2012-07-09,3,1,7,21,0,1,1,2,0.74,0.6818,0.55,0.0896,33,298
1117,1513,151,2011-03-08,1,0,3,9,0,2,1,1,0.26,0.2576,0.41,0.1642,11,140
1118,16710,55,2012-12-04,4,1,12,0,0,2,1,1,0.42,0.4242,0.88,0.1045,6,49
1119,3260,554,2011-05-20,2,0,5,17,0,5,1,1,0.62,0.6212,0.53,0.0,71,483
1120,7878,125,2011-11-29,4,0,11,21,0,2,1,2,0.38,0.3939,0.87,0.2537,9,116
1121,1661,235,2011-03-14,1,0,3,18,0,1,1,1,0.36,0.3636,0.4,0.1045,25,210
1122,2714,78,2011-04-27,2,0,4,23,0,3,1,2,0.62,0.5606,0.88,0.3582,25,53
1123,12972,351,2012-06-29,3,1,6,16,0,5,1,1,0.96,0.9091,0.36,0.0,59,292
1124,8969,220,2012-01-14,1,1,1,13,0,6,0,1,0.22,0.2121,0.44,0.2836,38,182
1125,10478,685,2012-03-17,1,1,3,16,0,6,0,1,0.64,0.6212,0.5,0.0,367,318
1126,4775,212,2011-07-22,3,0,7,20,0,5,1,1,0.84,0.8182,0.56,0.0,46,166
1127,531,15,2011-01-24,1,0,1,6,0,1,1,1,0.02,0.0758,0.48,0.0896,0,15
1128,729,190,2011-02-02,1,0,2,17,0,3,1,1,0.36,0.3182,0.53,0.5224,7,183
1129,16961,211,2012-12-14,4,1,12,11,0,5,1,1,0.32,0.303,0.65,0.194,31,180
1130,8805,401,2012-01-07,1,1,1,16,0,6,0,2,0.56,0.5303,0.37,0.2836,133,268
1131,1507,7,2011-03-08,1,0,3,3,0,2,1,1,0.24,0.2576,0.52,0.0896,5,2
1132,4535,308,2011-07-12,3,0,7,20,0,2,1,1,0.82,0.7424,0.43,0.194,57,251
1133,4947,133,2011-07-30,3,0,7,0,0,6,0,1,0.76,0.697,0.55,0.194,60,73
1134,7540,441,2011-11-15,4,0,11,18,0,2,1,2,0.5,0.4848,0.72,0.2836,27,414
1135,3419,418,2011-05-27,2,0,5,8,0,5,1,1,0.66,0.6212,0.74,0.2836,25,393
1136,13779,473,2012-08-02,3,1,8,7,0,4,1,1,0.7,0.6667,0.79,0.0,21,452
1137,11859,75,2012-05-14,2,1,5,7,0,1,1,3,0.52,0.5,0.94,0.194,3,72
1138,12087,376,2012-05-23,2,1,5,19,0,3,1,2,0.62,0.5758,0.83,0.1642,40,336
1139,5515,320,2011-08-22,3,0,8,16,0,1,1,1,0.74,0.6515,0.3,0.3881,66,254
1140,7994,245,2011-12-04,4,0,12,17,0,0,0,1,0.38,0.3939,0.76,0.1343,38,207
1141,9515,277,2012-02-06,1,1,2,9,0,1,1,1,0.18,0.2121,0.8,0.1045,8,269
1142,13679,55,2012-07-29,3,1,7,3,0,0,0,1,0.66,0.6212,0.69,0.2239,18,37
1143,1986,80,2011-03-28,2,0,3,14,0,1,1,1,0.32,0.303,0.22,0.2239,15,65
1144,12794,122,2012-06-22,3,1,6,6,0,5,1,2,0.74,0.697,0.66,0.0,4,118
1145,7943,170,2011-12-02,4,0,12,14,0,5,1,1,0.42,0.4242,0.44,0.1045,25,145
1146,5454,51,2011-08-20,3,0,8,3,0,6,0,1,0.62,0.5909,0.78,0.0,9,42
1147,5292,208,2011-08-13,3,0,8,9,0,6,0,2,0.7,0.6667,0.74,0.1642,70,138
1148,10907,258,2012-04-04,2,1,4,14,0,3,1,2,0.62,0.6212,0.46,0.194,82,176
1149,10513,2,2012-03-19,1,1,3,3,0,1,1,1,0.46,0.4545,0.88,0.0896,0,2
1150,12194,20,2012-05-28,2,1,5,6,1,1,0,1,0.62,0.5909,0.73,0.1642,6,14
1151,16002,360,2012-11-04,4,1,11,10,0,0,0,1,0.34,0.3333,0.49,0.194,73,287
1152,7705,34,2011-11-22,4,0,11,15,0,2,1,3,0.44,0.4394,0.94,0.0,2,32
1153,16476,3,2012-11-24,4,1,11,5,0,6,0,1,0.26,0.2273,0.41,0.3284,1,2
1154,14468,82,2012-08-31,3,1,8,0,0,5,1,1,0.68,0.6364,0.83,0.1642,13,69
1155,284,28,2011-01-13,1,0,1,6,0,4,1,1,0.12,0.1515,0.54,0.1343,0,28
1156,4459,416,2011-07-09,3,0,7,16,0,6,0,1,0.82,0.7273,0.38,0.0,171,245
1157,10945,5,2012-04-06,2,1,4,4,0,5,1,1,0.34,0.3182,0.49,0.2537,2,3
1158,10602,424,2012-03-22,2,1,3,20,0,4,1,1,0.62,0.5909,0.73,0.2836,64,360
1159,10052,204,2012-02-28,1,1,2,20,0,2,1,1,0.4,0.4091,0.3,0.1343,2,202
1160,9349,85,2012-01-30,1,1,1,10,0,1,1,1,0.22,0.2121,0.41,0.2836,3,82
1161,11712,5,2012-05-08,2,1,5,4,0,2,1,2,0.52,0.5,0.68,0.3284,0,5
1162,13829,278,2012-08-04,3,1,8,9,0,6,0,1,0.78,0.7576,0.65,0.2239,61,217
1163,11750,372,2012-05-09,2,1,5,18,0,3,1,3,0.52,0.5,0.77,0.5821,23,349
1164,2318,104,2011-04-11,2,0,4,11,0,1,1,2,0.6,0.5909,0.73,0.2985,45,59
1165,15084,495,2012-09-25,4,1,9,16,0,2,1,1,0.66,0.6212,0.39,0.2985,59,436
1166,11532,347,2012-04-30,2,1,4,16,0,1,1,1,0.56,0.5303,0.6,0.194,44,303
1167,11200,375,2012-04-16,2,1,4,20,1,1,0,1,0.74,0.6515,0.37,0.2985,48,327
1168,13410,244,2012-07-17,3,1,7,22,0,2,1,1,0.8,0.7576,0.55,0.2239,29,215
1169,1877,26,2011-03-23,2,0,3,23,0,3,1,3,0.32,0.3333,0.9,0.0,2,24
1170,1291,46,2011-02-26,1,0,2,22,0,6,0,1,0.28,0.2727,0.75,0.2239,8,38
1171,3444,177,2011-05-28,2,0,5,9,0,6,0,1,0.64,0.6061,0.73,0.2537,61,116
1172,1459,39,2011-03-06,1,0,3,1,0,0,0,2,0.42,0.4242,0.77,0.2836,12,27
1173,10435,243,2012-03-15,1,1,3,21,0,4,1,1,0.54,0.5152,0.68,0.2836,36,207
1174,11630,641,2012-05-04,2,1,5,18,0,5,1,1,0.7,0.6515,0.54,0.4627,77,564
1175,15001,17,2012-09-22,3,1,9,5,0,6,0,1,0.56,0.5303,0.83,0.3284,2,15
1176,10764,238,2012-03-29,2,1,3,14,0,4,1,1,0.5,0.4848,0.42,0.3582,63,175
1177,5563,271,2011-08-24,3,0,8,16,0,3,1,1,0.76,0.697,0.52,0.4179,49,222
1178,10031,56,2012-02-27,1,1,2,23,0,1,1,1,0.42,0.4242,0.5,0.1642,6,50
1179,11339,38,2012-04-22,2,1,4,15,0,0,0,3,0.38,0.3939,0.87,0.3881,0,38
1180,1152,101,2011-02-20,1,0,2,18,0,0,0,2,0.34,0.3333,0.36,0.1343,30,71
1181,17315,18,2012-12-29,1,1,12,7,0,6,0,2,0.26,0.2424,0.7,0.1343,1,17
1182,6216,181,2011-09-21,3,0,9,13,0,3,1,2,0.66,0.6212,0.74,0.1642,37,144
1183,253,20,2011-01-11,1,0,1,21,0,2,1,3,0.16,0.197,0.86,0.0896,0,20
1184,2818,209,2011-05-02,2,0,5,7,0,1,1,2,0.46,0.4545,0.82,0.3284,16,193
1185,8761,177,2012-01-05,1,1,1,20,0,4,1,1,0.3,0.3333,0.49,0.0,5,172
1186,14917,338,2012-09-18,3,1,9,17,0,2,1,3,0.6,0.5455,0.88,0.194,36,302
1187,5263,5,2011-08-12,3,0,8,4,0,5,1,1,0.62,0.6212,0.53,0.1343,0,5
1188,7543,168,2011-11-15,4,0,11,21,0,2,1,2,0.5,0.4848,0.77,0.0896,23,145
1189,5732,105,2011-09-01,3,0,9,6,0,4,1,1,0.6,0.5758,0.78,0.0,2,103
1190,6264,34,2011-09-23,4,0,9,13,0,5,1,3,0.6,0.5,1.0,0.0896,7,27
1191,13241,90,2012-07-10,3,1,7,21,0,2,1,3,0.64,0.5758,0.89,0.1045,7,83
1192,15363,35,2012-10-07,4,1,10,7,0,0,0,3,0.42,0.4242,0.58,0.1642,6,29
1193,7871,36,2011-11-29,4,0,11,14,0,2,1,3,0.4,0.4091,0.94,0.194,1,35
1194,7339,174,2011-11-07,4,0,11,9,0,1,1,2,0.34,0.3333,1.0,0.1343,18,156
1195,14872,324,2012-09-16,3,1,9,20,0,0,0,1,0.6,0.6212,0.53,0.1045,57,267
1196,11669,191,2012-05-06,2,1,5,9,0,0,0,2,0.52,0.5,0.83,0.1642,63,128
1197,6803,107,2011-10-16,4,0,10,0,0,0,0,1,0.46,0.4545,0.44,0.1343,22,85
1198,1971,30,2011-03-27,2,0,3,22,0,0,0,1,0.26,0.2576,0.41,0.1642,5,25
1199,14302,16,2012-08-24,3,1,8,2,0,5,1,1,0.66,0.6212,0.69,0.0,1,15
1200,7549,5,2011-11-16,4,0,11,3,0,3,1,2,0.46,0.4545,0.94,0.1045,2,3
1201,1638,147,2011-03-13,1,0,3,18,0,0,0,1,0.4,0.4091,0.43,0.3582,55,92
1202,8829,314,2012-01-08,1,1,1,16,0,0,0,1,0.4,0.4091,0.37,0.2985,58,256
1203,15261,19,2012-10-03,4,1,10,1,0,3,1,2,0.62,0.5455,0.94,0.0,3,16
1204,91,35,2011-01-04,1,0,1,22,0,2,1,1,0.22,0.2576,0.64,0.0896,1,34
1205,526,7,2011-01-24,1,0,1,0,0,1,1,1,0.06,0.0606,0.41,0.194,0,7
1206,8533,35,2011-12-27,1,0,12,6,0,2,1,2,0.3,0.2727,0.61,0.2985,0,35
1207,14838,442,2012-09-15,3,1,9,10,0,6,0,1,0.62,0.6212,0.41,0.3881,119,323
1208,1155,56,2011-02-20,1,0,2,21,0,0,0,2,0.32,0.3485,0.53,0.0,17,39
1209,9523,430,2012-02-06,1,1,2,17,0,1,1,1,0.4,0.4091,0.43,0.2537,13,417
1210,4891,268,2011-07-27,3,0,7,16,0,3,1,1,0.86,0.7273,0.25,0.1642,40,228
1211,14674,626,2012-09-08,3,1,9,14,0,6,0,1,0.82,0.7727,0.52,0.4478,260,366
1212,4278,26,2011-07-02,3,0,7,3,0,6,0,1,0.64,0.6212,0.53,0.0,5,21
1213,346,57,2011-01-15,1,0,1,21,0,6,0,2,0.32,0.303,0.39,0.2239,6,51
1214,6096,223,2011-09-16,3,0,9,13,0,5,1,2,0.54,0.5152,0.42,0.0,55,168
1215,6192,103,2011-09-20,3,0,9,13,0,2,1,2,0.56,0.5303,0.94,0.1343,22,81
1216,9103,3,2012-01-20,1,1,1,4,0,5,1,1,0.22,0.2424,0.6,0.1045,0,3
1217,15925,40,2012-11-01,4,1,11,5,0,4,1,1,0.34,0.3333,0.66,0.1343,1,39
1218,5830,101,2011-09-05,3,0,9,8,1,1,0,2,0.66,0.6061,0.78,0.194,45,56
1219,11250,162,2012-04-18,2,1,4,22,0,3,1,2,0.42,0.4242,0.77,0.0896,9,153
1220,14810,152,2012-09-14,3,1,9,6,0,5,1,1,0.54,0.5152,0.88,0.0,8,144
1221,15660,565,2012-10-19,4,1,10,16,0,5,1,3,0.62,0.6061,0.69,0.3582,131,434
1222,5183,286,2011-08-08,3,0,8,20,0,1,1,1,0.8,0.7576,0.55,0.0,71,215
1223,6614,20,2011-10-08,4,0,10,3,0,6,0,1,0.44,0.4394,0.88,0.0,4,16
1224,3257,197,2011-05-20,2,0,5,14,0,5,1,1,0.62,0.6212,0.53,0.2239,66,131
1225,10791,606,2012-03-30,2,1,3,17,0,5,1,2,0.4,0.4091,0.62,0.2239,93,513
1226,6437,511,2011-09-30,4,0,9,18,0,5,1,1,0.58,0.5455,0.49,0.3582,62,449
1227,10118,78,2012-03-02,1,1,3,15,0,5,1,2,0.42,0.4242,0.5,0.2985,5,73
1228,10837,573,2012-04-01,2,1,4,15,0,0,0,1,0.5,0.4848,0.55,0.2537,295,278
1229,10806,145,2012-03-31,2,1,3,8,0,6,0,2,0.36,0.3485,0.87,0.194,19,126
1230,5293,260,2011-08-13,3,0,8,10,0,6,0,2,0.72,0.697,0.74,0.2239,97,163
1231,2192,1,2011-04-06,2,0,4,4,0,3,1,1,0.24,0.2424,0.65,0.1343,0,1
1232,8704,75,2012-01-03,1,1,1,11,0,2,1,1,0.18,0.1364,0.37,0.5224,12,63
1233,12115,167,2012-05-24,2,1,5,23,0,4,1,2,0.64,0.5909,0.78,0.1343,36,131
1234,3071,276,2011-05-12,2,0,5,20,0,4,1,1,0.6,0.6061,0.64,0.194,56,220
1235,8935,7,2012-01-13,1,1,1,3,0,5,1,1,0.36,0.3333,0.87,0.2537,3,4
1236,8121,77,2011-12-10,4,0,12,0,0,6,0,2,0.26,0.2727,0.81,0.1045,11,66
1237,6672,365,2011-10-10,4,0,10,13,1,1,0,1,0.72,0.6515,0.37,0.0,146,219
1238,1901,33,2011-03-24,2,0,3,23,0,4,1,1,0.24,0.2273,0.65,0.194,9,24
1239,7494,139,2011-11-13,4,0,11,20,0,0,0,1,0.5,0.4848,0.31,0.3582,24,115
1240,3204,202,2011-05-18,2,0,5,9,0,3,1,3,0.56,0.5303,0.83,0.2537,26,176
1241,6980,289,2011-10-23,4,0,10,10,0,0,0,1,0.42,0.4242,0.71,0.0896,104,185
1242,4469,96,2011-07-10,3,0,7,2,0,0,0,1,0.68,0.6364,0.69,0.0896,28,68
1243,14687,46,2012-09-09,3,1,9,3,0,0,0,1,0.54,0.5152,0.73,0.2239,14,32
1244,134,112,2011-01-06,1,0,1,19,0,4,1,1,0.22,0.2576,0.55,0.0896,3,109
1245,1353,64,2011-03-01,1,0,3,15,0,2,1,1,0.34,0.3636,0.34,0.0,7,57
1246,3159,209,2011-05-16,2,0,5,12,0,1,1,1,0.66,0.6212,0.54,0.0896,72,137
1247,72,1,2011-01-04,1,0,1,2,0,2,1,1,0.14,0.1515,0.63,0.1343,0,1
1248,6049,124,2011-09-14,3,0,9,14,0,3,1,1,0.78,0.7121,0.52,0.2239,19,105
1249,14094,233,2012-08-15,3,1,8,10,0,3,1,2,0.72,0.6818,0.62,0.194,70,163
1250,11541,21,2012-05-01,2,1,5,1,0,2,1,2,0.5,0.4848,0.63,0.1343,0,21
1251,13197,18,2012-07-09,3,1,7,1,0,1,1,3,0.7,0.6667,0.89,0.1045,5,13
1252,6806,42,2011-10-16,4,0,10,3,0,0,0,1,0.42,0.4242,0.54,0.1343,11,31
1253,4526,125,2011-07-12,3,0,7,11,0,2,1,1,0.82,0.7727,0.52,0.1642,39,86
1254,8042,262,2011-12-06,4,0,12,17,0,2,1,2,0.46,0.4545,1.0,0.2239,13,249
1255,5096,16,2011-08-05,3,0,8,5,0,5,1,1,0.64,0.5909,0.78,0.0896,0,16
1256,8907,9,2012-01-11,1,1,1,23,0,3,1,3,0.34,0.3182,0.87,0.2239,0,9
1257,11501,185,2012-04-29,2,1,4,9,0,0,0,1,0.4,0.4091,0.71,0.1343,52,133
1258,9310,206,2012-01-28,1,1,1,19,0,6,0,2,0.42,0.4242,0.41,0.5522,33,173
1259,13202,92,2012-07-09,3,1,7,6,0,1,1,3,0.64,0.5758,0.89,0.2537,6,86
1260,9966,13,2012-02-25,1,1,2,6,0,6,0,2,0.3,0.2727,0.42,0.2985,1,12
1261,1326,36,2011-02-28,1,0,2,12,0,1,1,2,0.56,0.5303,0.64,0.2985,0,36
1262,2137,45,2011-04-03,2,0,4,21,0,0,0,2,0.42,0.4242,0.44,0.2239,8,37
1263,4640,12,2011-07-17,3,0,7,5,0,0,0,1,0.64,0.6061,0.69,0.2239,4,8
1264,14059,128,2012-08-13,3,1,8,23,0,1,1,1,0.7,0.6515,0.7,0.2239,28,100
1265,1046,108,2011-02-16,1,0,2,7,0,3,1,2,0.2,0.197,0.55,0.2239,5,103
1266,3347,434,2011-05-24,2,0,5,8,0,2,1,3,0.62,0.5758,0.83,0.2239,31,403
1267,12531,503,2012-06-11,2,1,6,7,0,1,1,1,0.64,0.5909,0.78,0.1045,25,478
1268,12450,228,2012-06-07,2,1,6,22,0,4,1,1,0.6,0.6212,0.46,0.1642,35,193
1269,13060,646,2012-07-03,3,1,7,8,0,2,1,1,0.74,0.6818,0.62,0.0896,42,604
1270,9511,17,2012-02-06,1,1,2,5,0,1,1,1,0.18,0.2121,0.8,0.1045,0,17
1271,16339,442,2012-11-18,4,1,11,12,0,0,0,1,0.4,0.4091,0.62,0.2836,101,341
1272,12378,168,2012-06-04,2,1,6,22,0,1,1,1,0.56,0.5303,0.52,0.2836,41,127
1273,15641,283,2012-10-18,4,1,10,21,0,4,1,2,0.54,0.5152,0.77,0.194,38,245
1274,14136,9,2012-08-17,3,1,8,4,0,5,1,1,0.64,0.2424,0.73,0.1642,0,9
1275,5827,6,2011-09-05,3,0,9,5,1,1,0,2,0.66,0.6212,0.74,0.1642,2,4
1276,16640,50,2012-12-01,4,1,12,2,0,6,0,2,0.26,0.303,0.81,0.0,3,47
1277,9358,306,2012-01-30,1,1,1,19,0,1,1,1,0.3,0.3182,0.45,0.1045,8,298
1278,7161,37,2011-10-30,4,0,10,23,0,0,0,1,0.26,0.303,0.87,0.0,7,30
1279,492,84,2011-01-22,1,0,1,13,0,6,0,1,0.08,0.1667,0.35,0.0,12,72
1280,6408,211,2011-09-29,4,0,9,13,0,4,1,1,0.64,0.6212,0.61,0.194,36,175
1281,9470,270,2012-02-04,1,1,2,11,0,6,0,1,0.3,0.3333,0.7,0.0,46,224
1282,11216,244,2012-04-17,2,1,4,12,0,2,1,1,0.6,0.6212,0.33,0.3582,65,179
1283,5673,367,2011-08-29,3,0,8,19,0,1,1,1,0.66,0.6212,0.47,0.2537,50,317
1284,8116,199,2011-12-09,4,0,12,19,0,5,1,1,0.34,0.3636,0.61,0.0,10,189
1285,16096,275,2012-11-08,4,1,11,9,0,4,1,1,0.32,0.2879,0.31,0.3582,22,253
1286,14460,482,2012-08-30,3,1,8,16,0,4,1,1,0.8,0.7273,0.43,0.1642,77,405
1287,2349,224,2011-04-12,2,0,4,18,0,2,1,3,0.44,0.4394,0.77,0.2239,21,203
1288,2510,72,2011-04-19,2,0,4,11,0,2,1,2,0.54,0.5152,0.68,0.1642,19,53
1289,6992,94,2011-10-23,4,0,10,22,0,0,0,1,0.42,0.4242,0.77,0.1045,25,69
1290,2369,106,2011-04-13,2,0,4,14,0,3,1,2,0.42,0.4242,0.77,0.2537,24,82
1291,7372,462,2011-11-08,4,0,11,18,0,2,1,1,0.48,0.4697,0.55,0.1343,30,432
1292,4354,270,2011-07-05,3,0,7,7,0,2,1,1,0.7,0.6515,0.65,0.0896,22,248
1293,4929,90,2011-07-29,3,0,7,6,0,5,1,2,0.72,0.7121,0.84,0.0,7,83
1294,13211,280,2012-07-09,3,1,7,15,0,1,1,2,0.76,0.6818,0.45,0.2239,66,214
1295,4511,236,2011-07-11,3,0,7,20,0,1,1,1,0.72,0.697,0.74,0.4179,42,194
1296,375,8,2011-01-17,1,0,1,2,1,1,0,2,0.18,0.1667,0.43,0.2537,0,8
1297,5513,225,2011-08-22,3,0,8,14,0,1,1,1,0.74,0.6515,0.3,0.3881,88,137
1298,16937,189,2012-12-13,4,1,12,11,0,4,1,1,0.34,0.3182,0.42,0.2537,25,164
1299,12367,239,2012-06-04,2,1,6,11,0,1,1,1,0.64,0.6212,0.38,0.4925,71,168
1300,7433,121,2011-11-11,4,0,11,7,1,5,0,1,0.28,0.2727,0.45,0.2537,5,116
1301,8648,75,2012-01-01,1,1,1,2,0,0,0,1,0.32,0.3485,0.76,0.0,16,59
1302,516,110,2011-01-23,1,0,1,14,0,0,0,1,0.16,0.1364,0.28,0.3582,17,93
1303,5361,119,2011-08-16,3,0,8,6,0,2,1,1,0.62,0.5909,0.73,0.3284,4,115
1304,7321,306,2011-11-06,4,0,11,15,0,0,0,1,0.48,0.4697,0.51,0.194,96,210
1305,5203,285,2011-08-09,3,0,8,16,0,2,1,1,0.86,0.7727,0.39,0.2985,57,228
1306,8981,42,2012-01-15,1,1,1,1,0,0,0,2,0.16,0.1364,0.47,0.2985,2,40
1307,14159,30,2012-08-18,3,1,8,3,0,6,0,1,0.62,0.5606,0.88,0.194,7,23
1308,11593,21,2012-05-03,2,1,5,5,0,4,1,2,0.46,0.4545,0.88,0.2537,1,20
1309,12587,281,2012-06-13,2,1,6,15,0,3,1,1,0.72,0.6515,0.32,0.4925,65,216
1310,15279,593,2012-10-03,4,1,10,19,0,3,1,1,0.7,0.6515,0.65,0.0,49,544
1311,13341,168,2012-07-15,3,1,7,1,0,0,0,2,0.68,0.6364,0.89,0.1343,49,119
1312,12070,12,2012-05-23,2,1,5,2,0,3,1,2,0.6,0.5606,0.83,0.1642,2,10
1313,6574,144,2011-10-06,4,0,10,11,0,4,1,1,0.54,0.5152,0.49,0.0,29,115
1314,16079,198,2012-11-07,4,1,11,15,0,3,1,2,0.32,0.303,0.53,0.2985,20,178
1315,11370,89,2012-04-23,2,1,4,22,0,1,1,1,0.32,0.3182,0.76,0.194,18,71
1316,4582,400,2011-07-14,3,0,7,19,0,4,1,1,0.72,0.6515,0.39,0.2239,67,333
1317,15546,125,2012-10-14,4,1,10,22,0,0,0,1,0.56,0.5303,0.73,0.3881,38,87
1318,11763,401,2012-05-10,2,1,5,7,0,4,1,1,0.44,0.4394,0.72,0.2985,8,393
1319,5909,113,2011-09-08,3,0,9,17,0,4,1,3,0.64,0.5606,0.94,0.2836,11,102
1320,16150,567,2012-11-10,4,1,11,15,0,6,0,1,0.52,0.5,0.45,0.0,216,351
1321,15720,7,2012-10-22,4,1,10,4,0,1,1,1,0.38,0.3939,0.66,0.0,1,6
1322,17366,120,2012-12-31,1,1,12,10,0,1,1,2,0.2,0.2121,0.69,0.1343,33,87
1323,17190,12,2012-12-24,1,1,12,0,0,1,1,1,0.22,0.2727,0.69,0.0,0,12
1324,11429,201,2012-04-26,2,1,4,9,0,4,1,3,0.46,0.4545,0.88,0.1642,12,189
1325,11924,79,2012-05-17,2,1,5,0,0,4,1,1,0.6,0.5758,0.78,0.1343,30,49
1326,5968,9,2011-09-11,3,0,9,4,0,0,0,1,0.6,0.5606,0.83,0.1343,3,6
1327,15103,227,2012-09-26,4,1,9,11,0,3,1,1,0.64,0.6212,0.61,0.2537,46,181
1328,11353,14,2012-04-23,2,1,4,5,0,1,1,3,0.3,0.2879,0.81,0.2836,0,14
1329,13311,488,2012-07-13,3,1,7,19,0,5,1,1,0.74,0.6667,0.51,0.1642,103,385
1330,6195,264,2011-09-20,3,0,9,16,0,2,1,2,0.6,0.5606,0.83,0.1642,23,241
1331,7637,182,2011-11-19,4,0,11,19,0,6,0,2,0.34,0.3333,0.71,0.1343,33,149
1332,16980,11,2012-12-15,4,1,12,6,0,6,0,2,0.24,0.2879,0.75,0.0,0,11
1333,1345,107,2011-03-01,1,0,3,7,0,2,1,1,0.2,0.1818,0.59,0.3284,2,105
1334,12098,156,2012-05-24,2,1,5,6,0,4,1,2,0.6,0.5455,0.88,0.1642,10,146
1335,9834,212,2012-02-19,1,1,2,16,0,0,0,2,0.32,0.303,0.45,0.2836,62,150
1336,16223,310,2012-11-13,4,1,11,16,0,2,1,1,0.38,0.3939,0.4,0.2985,28,282
1337,10044,183,2012-02-28,1,1,2,12,0,2,1,1,0.36,0.3485,0.34,0.1343,19,164
1338,17100,118,2012-12-20,4,1,12,6,0,4,1,2,0.3,0.3333,0.65,0.0,4,114
1339,9444,270,2012-02-03,1,1,2,9,0,5,1,1,0.24,0.2273,0.65,0.194,18,252
1340,4886,136,2011-07-27,3,0,7,11,0,3,1,1,0.8,0.697,0.31,0.0,42,94
1341,8945,154,2012-01-13,1,1,1,13,0,5,1,1,0.26,0.2121,0.33,0.5224,14,140
1342,14519,42,2012-09-02,3,1,9,3,0,0,0,1,0.66,0.5909,0.89,0.0896,9,33
1343,17118,17,2012-12-21,1,1,12,0,0,5,1,3,0.42,0.4242,0.88,0.2985,0,17
1344,14698,647,2012-09-09,3,1,9,14,0,0,0,1,0.72,0.6515,0.3,0.2836,232,415
1345,5647,398,2011-08-28,3,0,8,17,0,0,0,1,0.76,0.6818,0.4,0.2985,145,253
1346,15131,296,2012-09-27,4,1,9,15,0,4,1,2,0.76,0.6818,0.45,0.0,41,255
1347,7291,141,2011-11-05,4,0,11,9,0,6,0,1,0.3,0.2727,0.56,0.2985,30,111
1348,14582,839,2012-09-04,3,1,9,18,0,2,1,1,0.76,0.7424,0.75,0.2239,94,745
1349,5805,30,2011-09-04,3,0,9,7,0,0,0,1,0.66,0.6061,0.78,0.194,10,20
1350,2865,21,2011-05-04,2,0,5,6,0,3,1,3,0.34,0.303,0.93,0.3881,0,21
1351,1789,9,2011-03-20,1,0,3,5,0,0,0,1,0.26,0.2576,0.6,0.194,3,6
1352,7234,31,2011-11-03,4,0,11,0,0,4,1,1,0.36,0.3636,0.76,0.0896,3,28
1353,14537,171,2012-09-02,3,1,9,21,0,0,0,1,0.7,0.6515,0.7,0.1642,79,92
1354,11758,3,2012-05-10,2,1,5,2,0,4,1,2,0.48,0.4697,0.88,0.1045,0,3
1355,13956,417,2012-08-09,3,1,8,16,0,4,1,1,0.86,0.7727,0.39,0.2537,97,320
1356,315,64,2011-01-14,1,0,1,14,0,5,1,1,0.22,0.2121,0.41,0.2836,5,59
1357,377,3,2011-01-17,1,0,1,4,1,1,0,2,0.18,0.197,0.43,0.1343,1,2
1358,16411,344,2012-11-21,4,1,11,12,0,3,1,1,0.44,0.4394,0.41,0.194,74,270
1359,11028,255,2012-04-09,2,1,4,15,0,1,1,1,0.58,0.5455,0.28,0.5522,82,173
1360,235,3,2011-01-11,1,0,1,1,0,2,1,1,0.14,0.1515,0.59,0.1642,0,3
1361,11790,210,2012-05-11,2,1,5,10,0,5,1,1,0.52,0.5,0.36,0.3284,69,141
1362,14113,37,2012-08-16,3,1,8,5,0,4,1,1,0.6,0.5758,0.78,0.1642,7,30
1363,15193,10,2012-09-30,4,1,9,5,0,0,0,1,0.44,0.4394,0.72,0.0,1,9
1364,738,2,2011-02-03,1,0,2,2,0,4,1,1,0.18,0.1667,0.43,0.2537,0,2
1365,3507,29,2011-05-31,2,0,5,0,0,2,1,1,0.7,0.6667,0.79,0.0896,9,20
1366,14847,478,2012-09-15,3,1,9,19,0,6,0,1,0.62,0.6212,0.41,0.1642,169,309
1367,9293,41,2012-01-28,1,1,1,2,0,6,0,1,0.26,0.303,0.6,0.0,3,38
1368,6943,143,2011-10-21,4,0,10,21,0,5,1,1,0.42,0.4242,0.58,0.1642,31,112
1369,12646,67,2012-06-16,2,1,6,2,0,6,0,1,0.58,0.5455,0.53,0.0,12,55
1370,6451,67,2011-10-01,4,0,10,8,0,6,0,2,0.4,0.4091,0.76,0.3284,9,58
1371,6140,140,2011-09-18,3,0,9,9,0,0,0,1,0.48,0.4697,0.67,0.2537,46,94
1372,6157,13,2011-09-19,3,0,9,2,0,1,1,2,0.52,0.5,0.72,0.1343,6,7
1373,15124,794,2012-09-27,4,1,9,8,0,4,1,1,0.62,0.6061,0.71,0.0896,20,774
1374,12896,308,2012-06-26,3,1,6,12,0,2,1,1,0.66,0.6212,0.34,0.4478,80,228
1375,15719,6,2012-10-22,4,1,10,3,0,1,1,1,0.4,0.4091,0.62,0.0,1,5
1376,1097,95,2011-02-18,1,0,2,10,0,5,1,2,0.44,0.4394,0.72,0.2239,17,78
1377,9092,385,2012-01-19,1,1,1,17,0,4,1,2,0.26,0.2273,0.44,0.3284,21,364
1378,11394,157,2012-04-24,2,1,4,22,0,2,1,1,0.44,0.4394,0.35,0.1045,8,149
1379,8019,399,2011-12-05,4,0,12,18,0,1,1,1,0.44,0.4394,0.77,0.0,13,386
1380,2868,40,2011-05-04,2,0,5,9,0,3,1,3,0.34,0.303,0.93,0.3582,5,35
1381,12220,634,2012-05-29,2,1,5,8,0,2,1,1,0.7,0.6667,0.74,0.194,46,588
1382,5767,455,2011-09-02,3,0,9,17,0,5,1,2,0.68,0.6364,0.65,0.1642,78,377
1383,16228,187,2012-11-13,4,1,11,21,0,2,1,1,0.3,0.2727,0.49,0.3582,9,178
1384,16257,7,2012-11-15,4,1,11,2,0,4,1,2,0.26,0.2576,0.7,0.1642,0,7
1385,16442,44,2012-11-22,4,1,11,19,1,4,0,1,0.36,0.3788,0.76,0.0,13,31
1386,7237,5,2011-11-03,4,0,11,3,0,4,1,1,0.34,0.3333,0.81,0.1343,1,4
1387,6172,568,2011-09-19,3,0,9,17,0,1,1,2,0.58,0.5455,0.64,0.1343,85,483
1388,1375,125,2011-03-02,1,0,3,13,0,3,1,1,0.5,0.4848,0.25,0.0,35,90
1389,16266,166,2012-11-15,4,1,11,11,0,4,1,2,0.34,0.3333,0.61,0.1343,28,138
1390,6468,24,2011-10-02,4,0,10,1,0,0,0,3,0.34,0.3182,0.87,0.2537,1,23
1391,12255,556,2012-05-30,2,1,5,19,0,3,1,1,0.72,0.6667,0.54,0.1642,50,506
1392,13425,203,2012-07-18,3,1,7,13,0,3,1,1,0.94,0.8485,0.33,0.0,49,154
1393,7545,80,2011-11-15,4,0,11,23,0,2,1,2,0.46,0.4545,0.94,0.1045,14,66
1394,646,1,2011-01-30,1,0,1,4,0,0,0,1,0.14,0.2121,0.93,0.0,0,1
1395,14637,29,2012-09-07,3,1,9,1,0,5,1,1,0.62,0.5606,0.88,0.1045,10,19
1396,8332,135,2011-12-18,4,0,12,19,0,0,0,1,0.26,0.2727,0.52,0.1343,5,130
1397,12445,869,2012-06-07,2,1,6,17,0,4,1,1,0.72,0.6515,0.34,0.2537,91,778
1398,7320,320,2011-11-06,4,0,11,14,0,0,0,1,0.46,0.4545,0.55,0.194,101,219
1399,13094,430,2012-07-04,3,1,7,18,1,3,0,1,0.9,0.8485,0.42,0.194,159,271
1400,7931,10,2011-12-02,4,0,12,2,0,5,1,1,0.24,0.2879,0.75,0.0,0,10
1401,2434,21,2011-04-16,2,0,4,7,0,6,0,2,0.4,0.4091,0.82,0.4179,3,18
1402,8047,87,2011-12-06,4,0,12,22,0,2,1,3,0.46,0.4545,1.0,0.1642,5,82
1403,557,144,2011-01-25,1,0,1,9,0,2,1,2,0.2,0.2273,0.64,0.0896,10,134
1404,13607,8,2012-07-26,3,1,7,3,0,4,1,1,0.66,0.6212,0.69,0.2239,0,8
1405,11513,204,2012-04-29,2,1,4,21,0,0,0,1,0.52,0.5,0.48,0.1343,65,139
1406,2616,135,2011-04-23,2,0,4,21,0,6,0,2,0.56,0.5303,0.83,0.2836,32,103
1407,14052,464,2012-08-13,3,1,8,16,0,1,1,1,0.8,0.7121,0.36,0.0896,116,348
1408,566,225,2011-01-25,1,0,1,18,0,2,1,2,0.3,0.3182,0.49,0.0896,7,218
1409,5457,24,2011-08-20,3,0,8,6,0,6,0,2,0.6,0.5606,0.83,0.1343,6,18
1410,12588,392,2012-06-13,2,1,6,16,0,3,1,1,0.72,0.6515,0.3,0.4925,72,320
1411,16571,4,2012-11-28,4,1,11,4,0,3,1,2,0.26,0.2576,0.7,0.194,0,4
1412,10771,224,2012-03-29,2,1,3,21,0,4,1,1,0.44,0.4394,0.44,0.2836,10,214
1413,8030,20,2011-12-06,4,0,12,5,0,2,1,3,0.46,0.4545,0.88,0.2239,0,20
1414,8063,25,2011-12-07,4,0,12,14,0,3,1,3,0.44,0.4394,1.0,0.194,1,24
1415,941,101,2011-02-11,1,0,2,19,0,5,1,1,0.26,0.303,0.33,0.0,7,94
1416,13244,44,2012-07-11,3,1,7,0,0,3,1,2,0.66,0.6061,0.83,0.1343,6,38
1417,7468,203,2011-11-12,4,0,11,18,0,6,0,1,0.42,0.4242,0.58,0.194,53,150
1418,3301,305,2011-05-22,2,0,5,10,0,0,0,1,0.64,0.6061,0.65,0.1343,135,170
1419,6833,114,2011-10-17,4,0,10,6,0,1,1,1,0.5,0.4848,0.55,0.2537,7,107
1420,12353,246,2012-06-03,2,1,6,21,0,0,0,1,0.62,0.6212,0.43,0.1642,66,180
1421,15408,7,2012-10-09,4,1,10,4,0,2,1,3,0.36,0.3485,0.87,0.1642,1,6
1422,8766,8,2012-01-06,1,1,1,1,0,5,1,1,0.22,0.2727,0.75,0.0,2,6
1423,14093,367,2012-08-15,3,1,8,9,0,3,1,2,0.72,0.6818,0.62,0.194,57,310
1424,7817,23,2011-11-27,4,0,11,7,0,0,0,1,0.38,0.3939,0.87,0.2239,12,11
1425,2604,68,2011-04-23,2,0,4,9,0,6,0,2,0.38,0.3939,0.94,0.2985,13,55
1426,11485,322,2012-04-28,2,1,4,17,0,6,0,2,0.42,0.4242,0.41,0.1343,98,224
1427,2119,11,2011-04-03,2,0,4,3,0,0,0,1,0.3,0.3333,0.61,0.0,3,8
1428,4674,164,2011-07-18,3,0,7,15,0,1,1,1,0.84,0.803,0.53,0.3284,53,111
1429,7071,15,2011-10-27,4,0,10,5,0,4,1,3,0.48,0.4697,0.88,0.0896,1,14
1430,14981,383,2012-09-21,3,1,9,9,0,5,1,1,0.58,0.5455,0.68,0.1343,35,348
1431,3963,89,2011-06-19,2,0,6,0,0,0,0,1,0.7,0.6515,0.65,0.0,18,71
1432,5644,447,2011-08-28,3,0,8,14,0,0,0,1,0.78,0.697,0.43,0.4179,157,290
1433,11234,134,2012-04-18,2,1,4,6,0,3,1,2,0.5,0.4848,0.39,0.2836,6,128
1434,14964,457,2012-09-20,3,1,9,16,0,4,1,1,0.64,0.6212,0.47,0.1642,72,385
1435,7795,83,2011-11-26,4,0,11,9,0,6,0,1,0.34,0.3485,0.76,0.0896,16,67
1436,14844,783,2012-09-15,3,1,9,16,0,6,0,2,0.66,0.6212,0.36,0.2239,350,433
1437,4827,34,2011-07-25,3,0,7,0,0,1,1,2,0.76,0.7273,0.7,0.0,17,17
1438,11213,400,2012-04-17,2,1,4,9,0,2,1,1,0.6,0.6212,0.38,0.4925,71,329
1439,2951,219,2011-05-07,2,0,5,20,0,6,0,1,0.56,0.5303,0.43,0.1343,82,137
1440,10073,192,2012-02-29,1,1,2,18,0,3,1,3,0.4,0.4091,0.87,0.0,11,181
1441,15029,276,2012-09-23,4,1,9,9,0,0,0,1,0.5,0.4848,0.51,0.3284,71,205
1442,1616,112,2011-03-12,1,0,3,19,0,6,0,1,0.42,0.4242,0.54,0.0896,26,86
1443,11364,103,2012-04-23,2,1,4,16,0,1,1,3,0.3,0.2727,0.81,0.3582,10,93
1444,7596,10,2011-11-18,4,0,11,2,0,5,1,1,0.24,0.2273,0.44,0.2239,2,8
1445,7506,452,2011-11-14,4,0,11,8,0,1,1,2,0.46,0.4545,0.67,0.194,27,425
1446,7211,10,2011-11-02,4,0,11,1,0,3,1,1,0.3,0.3333,0.87,0.0,2,8
1447,13323,48,2012-07-14,3,1,7,7,0,6,0,1,0.64,0.5909,0.78,0.2836,7,41
1448,3658,299,2011-06-06,2,0,6,7,0,1,1,1,0.62,0.5909,0.78,0.1045,18,281
1449,12039,448,2012-05-21,2,1,5,19,0,1,1,1,0.66,0.6212,0.69,0.0896,57,391
1450,10273,11,2012-03-09,1,1,3,2,0,5,1,3,0.48,0.4697,0.77,0.4179,2,9
1451,12000,16,2012-05-20,2,1,5,4,0,0,0,1,0.52,0.5,0.68,0.0896,2,14
1452,11677,511,2012-05-06,2,1,5,17,0,0,0,2,0.62,0.6061,0.65,0.1343,195,316
1453,14343,354,2012-08-25,3,1,8,19,0,6,0,2,0.64,0.5909,0.78,0.2985,97,257
1454,2923,344,2011-05-06,2,0,5,16,0,5,1,1,0.6,0.6212,0.4,0.2537,82,262
1455,8585,122,2011-12-29,1,0,12,11,0,4,1,2,0.24,0.2576,0.6,0.0896,23,99
1456,14289,346,2012-08-23,3,1,8,13,0,4,1,1,0.82,0.7273,0.38,0.0896,93,253
1457,15436,839,2012-10-10,4,1,10,8,0,3,1,1,0.5,0.4848,0.77,0.1642,33,806
1458,16547,5,2012-11-27,4,1,11,4,0,2,1,3,0.3,0.2879,0.81,0.194,0,5
1459,2797,264,2011-05-01,2,0,5,10,0,0,0,2,0.48,0.4697,0.63,0.194,109,155
1460,843,64,2011-02-07,1,0,2,13,0,1,1,2,0.36,0.3636,0.57,0.0896,10,54
1461,14444,65,2012-08-30,3,1,8,0,0,4,1,1,0.64,0.6061,0.69,0.0,14,51
1462,16688,10,2012-12-03,4,1,12,2,0,1,1,1,0.42,0.4242,0.77,0.1642,1,9
1463,3486,18,2011-05-30,2,0,5,3,1,1,0,1,0.64,0.5606,0.94,0.194,10,8
1464,9115,174,2012-01-20,1,1,1,16,0,5,1,2,0.2,0.2121,0.37,0.1642,11,163
1465,10867,123,2012-04-02,2,1,4,22,0,1,1,1,0.42,0.4242,0.44,0.194,17,106
1466,2292,55,2011-04-10,2,0,4,8,0,0,0,2,0.38,0.3939,0.94,0.0896,17,38
1467,16182,109,2012-11-11,4,1,11,23,0,0,0,1,0.42,0.4242,0.71,0.194,16,93
1468,12356,49,2012-06-04,2,1,6,0,0,1,1,1,0.58,0.5455,0.53,0.0,11,38
1469,13861,382,2012-08-05,3,1,8,17,0,0,0,1,0.82,0.7576,0.46,0.2537,122,260
1470,12555,303,2012-06-12,2,1,6,7,0,2,1,3,0.62,0.5606,0.88,0.2537,16,287
1471,14787,571,2012-09-13,3,1,9,7,0,4,1,1,0.54,0.5152,0.77,0.0,22,549
1472,2431,5,2011-04-16,2,0,4,4,0,6,0,2,0.36,0.3485,0.87,0.2239,1,4
1473,4185,124,2011-06-28,3,0,6,6,0,2,1,1,0.66,0.6061,0.83,0.1642,7,117
1474,8349,141,2011-12-19,4,0,12,12,0,1,1,1,0.3,0.2727,0.61,0.3284,13,128
1475,16597,362,2012-11-29,4,1,11,7,0,4,1,1,0.2,0.2576,0.64,0.0,8,354
1476,16891,254,2012-12-11,4,1,12,13,0,2,1,2,0.38,0.3939,0.5,0.2239,28,226
1477,13294,17,2012-07-13,3,1,7,2,0,5,1,2,0.66,0.6212,0.61,0.0896,2,15
1478,15556,737,2012-10-15,4,1,10,8,0,1,1,2,0.6,0.6061,0.64,0.3881,24,713
1479,17231,36,2012-12-25,1,1,12,19,1,2,0,2,0.32,0.303,0.66,0.2239,16,20
1480,8189,165,2011-12-12,4,0,12,20,0,1,1,1,0.3,0.3182,0.56,0.0896,8,157
1481,14723,346,2012-09-10,3,1,9,15,0,1,1,1,0.66,0.6212,0.31,0.3881,115,231
1482,7526,7,2011-11-15,4,0,11,4,0,2,1,1,0.56,0.5303,0.64,0.2985,1,6
1483,9236,470,2012-01-25,1,1,1,17,0,3,1,1,0.36,0.3485,0.53,0.1642,27,443
1484,10600,801,2012-03-22,2,1,3,18,0,4,1,1,0.66,0.6212,0.65,0.1642,147,654
1485,16951,26,2012-12-14,4,1,12,1,0,5,1,1,0.22,0.2576,0.69,0.0896,0,26
1486,7850,468,2011-11-28,4,0,11,17,0,1,1,1,0.58,0.5455,0.56,0.194,24,444
1487,11406,182,2012-04-25,2,1,4,10,0,3,1,1,0.52,0.5,0.34,0.0,44,138
1488,14873,191,2012-09-16,3,1,9,21,0,0,0,1,0.6,0.6212,0.56,0.1045,43,148
1489,9196,9,2012-01-24,1,1,1,1,0,2,1,2,0.32,0.303,0.93,0.2537,2,7
1490,11706,173,2012-05-07,2,1,5,22,0,1,1,2,0.54,0.5152,0.45,0.2537,26,147
1491,329,5,2011-01-15,1,0,1,4,0,6,0,2,0.16,0.2273,0.59,0.0,0,5
1492,1746,117,2011-03-18,1,0,3,10,0,5,1,1,0.52,0.5,0.53,0.2836,43,74
1493,14895,486,2012-09-17,3,1,9,19,0,1,1,2,0.62,0.5909,0.73,0.1045,51,435
1494,2321,145,2011-04-11,2,0,4,14,0,1,1,2,0.72,0.6667,0.54,0.3582,60,85
1495,16692,138,2012-12-03,4,1,12,6,0,1,1,1,0.36,0.3788,0.93,0.0,2,136
1496,11304,9,2012-04-21,2,1,4,4,0,6,0,1,0.5,0.4848,0.82,0.2537,0,9
1497,41,65,2011-01-02,1,0,1,17,0,0,0,1,0.34,0.3333,0.57,0.194,7,58
1498,11349,2,2012-04-23,2,1,4,1,0,1,1,3,0.34,0.303,0.87,0.3582,1,1
1499,5940,116,2011-09-10,3,0,9,0,0,6,0,1,0.62,0.5455,0.94,0.0,32,84
1500,2489,144,2011-04-18,2,0,4,14,0,1,1,2,0.58,0.5455,0.49,0.194,49,95
1501,3351,170,2011-05-24,2,0,5,12,0,2,1,1,0.76,0.6818,0.45,0.3881,41,129
1502,13492,112,2012-07-21,3,1,7,8,0,6,0,2,0.58,0.5455,0.83,0.2537,18,94
1503,16112,20,2012-11-09,4,1,11,1,0,5,1,1,0.32,0.303,0.53,0.2836,3,17
1504,8882,114,2012-01-10,1,1,1,22,0,2,1,1,0.3,0.303,0.7,0.0896,10,104
1505,13502,177,2012-07-21,3,1,7,18,0,6,0,2,0.6,0.5455,0.88,0.194,51,126
1506,13385,328,2012-07-16,3,1,7,21,0,1,1,1,0.76,0.7273,0.66,0.1343,45,283
1507,1522,235,2011-03-08,1,0,3,18,0,2,1,1,0.34,0.3333,0.27,0.194,21,214
1508,4970,177,2011-07-30,3,0,7,23,0,6,0,1,0.76,0.697,0.55,0.0896,63,114
1509,10461,126,2012-03-16,1,1,3,23,0,5,1,2,0.44,0.4394,0.94,0.0,22,104
1510,11023,178,2012-04-09,2,1,4,10,0,1,1,1,0.5,0.4848,0.27,0.4925,65,113
1511,5873,4,2011-09-07,3,0,9,4,0,3,1,3,0.56,0.5303,0.94,0.1642,0,4
1512,6413,584,2011-09-29,4,0,9,18,0,4,1,1,0.64,0.6212,0.41,0.2239,84,500
1513,16367,380,2012-11-19,4,1,11,16,0,1,1,1,0.42,0.4242,0.58,0.2537,55,325
1514,4235,555,2011-06-30,3,0,6,8,0,4,1,1,0.68,0.6364,0.47,0.2239,44,511
1515,10845,63,2012-04-01,2,1,4,23,0,0,0,3,0.46,0.4545,0.72,0.0,10,53
1516,4409,160,2011-07-07,3,0,7,14,0,4,1,1,0.86,0.7879,0.41,0.2537,39,121
1517,16268,217,2012-11-15,4,1,11,13,0,4,1,2,0.38,0.3939,0.54,0.1045,20,197
1518,2785,143,2011-04-30,2,0,4,22,0,6,0,1,0.44,0.4394,0.67,0.1045,37,106
1519,12495,360,2012-06-09,2,1,6,19,0,6,0,1,0.8,0.697,0.29,0.1642,128,232
1520,3061,147,2011-05-12,2,0,5,10,0,4,1,2,0.54,0.5152,0.68,0.2239,28,119
1521,16663,94,2012-12-02,4,1,12,1,0,0,0,2,0.3,0.3182,0.87,0.0896,10,84
1522,15161,237,2012-09-28,4,1,9,21,0,5,1,3,0.6,0.6212,0.53,0.194,32,205
1523,14047,245,2012-08-13,3,1,8,11,0,1,1,1,0.76,0.6818,0.4,0.0896,94,151
1524,13314,263,2012-07-13,3,1,7,22,0,5,1,1,0.74,0.6667,0.45,0.0,59,204
1525,16856,5,2012-12-10,4,1,12,2,0,1,1,2,0.38,0.3939,0.94,0.1045,2,3
1526,2526,2,2011-04-20,2,0,4,3,0,3,1,1,0.42,0.4242,0.94,0.0,0,2
1527,17281,63,2012-12-27,1,1,12,21,0,4,1,2,0.24,0.2273,0.6,0.2537,12,51
1528,7038,248,2011-10-25,4,0,10,20,0,2,1,1,0.46,0.4545,0.67,0.1045,40,208
1529,4008,206,2011-06-20,2,0,6,21,0,1,1,1,0.64,0.6061,0.73,0.1642,39,167
1530,13043,234,2012-07-02,3,1,7,15,0,1,1,1,0.84,0.7424,0.36,0.194,59,175
1531,12534,147,2012-06-11,2,1,6,10,0,1,1,1,0.72,0.6818,0.62,0.1642,52,95
1532,4589,38,2011-07-15,3,0,7,2,0,5,1,1,0.6,0.5758,0.78,0.1642,16,22
1533,12968,226,2012-06-29,3,1,6,12,0,5,1,2,0.92,0.8788,0.4,0.2537,53,173
1534,5228,584,2011-08-10,3,0,8,17,0,3,1,1,0.84,0.7121,0.26,0.2985,71,513
1535,8048,53,2011-12-06,4,0,12,23,0,2,1,3,0.46,0.4545,1.0,0.1642,5,48
1536,1810,6,2011-03-21,2,0,3,2,0,1,1,2,0.34,0.303,0.71,0.3284,1,5
1537,735,32,2011-02-02,1,0,2,23,0,3,1,1,0.2,0.1667,0.44,0.4478,3,29
1538,12904,505,2012-06-26,3,1,6,20,0,2,1,1,0.7,0.6364,0.3,0.2836,88,417
1539,16727,743,2012-12-04,4,1,12,17,0,2,1,1,0.52,0.5,0.59,0.2239,43,700
1540,4690,315,2011-07-19,3,0,7,7,0,2,1,2,0.74,0.697,0.7,0.1642,28,287
1541,10190,130,2012-03-05,1,1,3,15,0,1,1,2,0.3,0.2879,0.53,0.194,20,110
1542,2312,13,2011-04-11,2,0,4,5,0,1,1,1,0.46,0.4545,0.94,0.194,1,12
1543,3851,486,2011-06-14,2,0,6,8,0,2,1,1,0.58,0.5455,0.49,0.3881,45,441
1544,10286,238,2012-03-09,1,1,3,15,0,5,1,1,0.46,0.4545,0.24,0.2537,50,188
1545,2864,9,2011-05-04,2,0,5,5,0,3,1,3,0.36,0.3333,0.87,0.3284,1,8
1546,9578,26,2012-02-09,1,1,2,0,0,4,1,2,0.24,0.2424,0.87,0.1642,3,23
1547,16709,102,2012-12-03,4,1,12,23,0,1,1,1,0.42,0.4242,0.82,0.1045,9,93
1548,13758,236,2012-08-01,3,1,8,10,0,3,1,1,0.72,0.6818,0.66,0.0896,61,175
1549,13299,380,2012-07-13,3,1,7,7,0,5,1,2,0.7,0.6515,0.54,0.0,27,353
1550,16586,387,2012-11-28,4,1,11,19,0,3,1,1,0.32,0.3182,0.36,0.1642,9,378
1551,11384,224,2012-04-24,2,1,4,12,0,2,1,1,0.48,0.4697,0.29,0.3881,36,188
1552,16165,19,2012-11-11,4,1,11,6,0,0,0,1,0.3,0.3182,0.87,0.0896,3,16
1553,8216,59,2011-12-13,4,0,12,23,0,2,1,1,0.26,0.303,0.7,0.0,4,55
1554,1825,276,2011-03-21,2,0,3,18,0,1,1,2,0.52,0.5,0.72,0.2239,44,232
1555,5762,260,2011-09-02,3,0,9,12,0,5,1,2,0.66,0.6212,0.69,0.2239,82,178
1556,11314,609,2012-04-21,2,1,4,14,0,6,0,1,0.7,0.6364,0.45,0.2836,278,331
1557,6545,117,2011-10-05,4,0,10,6,0,3,1,1,0.44,0.4394,0.82,0.1045,5,112
1558,17124,80,2012-12-21,1,1,12,6,0,5,1,2,0.34,0.2879,0.57,0.5821,4,76
1559,7371,499,2011-11-08,4,0,11,17,0,2,1,1,0.52,0.5,0.43,0.1642,40,459
1560,1141,2,2011-02-20,1,0,2,7,0,0,0,1,0.18,0.1667,0.51,0.2537,0,2
1561,7957,8,2011-12-03,4,0,12,4,0,6,0,1,0.22,0.2273,0.75,0.1343,1,7
1562,170,15,2011-01-08,1,0,1,8,0,6,0,3,0.16,0.1818,0.93,0.1045,0,15
1563,122,95,2011-01-06,1,0,1,7,0,4,1,2,0.16,0.2273,0.59,0.0,0,95
1564,12377,265,2012-06-04,2,1,6,21,0,1,1,1,0.58,0.5455,0.49,0.2537,40,225
1565,10582,41,2012-03-22,2,1,3,0,0,4,1,1,0.52,0.5,0.83,0.0896,9,32
1566,8139,172,2011-12-10,4,0,12,18,0,6,0,1,0.26,0.2576,0.38,0.2239,28,144
1567,11096,259,2012-04-12,2,1,4,12,0,4,1,1,0.46,0.4545,0.41,0.4478,60,199
1568,8264,114,2011-12-15,4,0,12,23,0,4,1,1,0.52,0.5,0.63,0.3284,10,104
1569,16032,360,2012-11-05,4,1,11,16,0,1,1,1,0.36,0.3333,0.43,0.2836,35,325
1570,2068,6,2011-04-01,2,0,4,0,0,5,1,3,0.26,0.2576,1.0,0.1642,0,6
1571,11560,335,2012-05-01,2,1,5,20,0,2,1,1,0.66,0.6212,0.61,0.1642,36,299
1572,13115,254,2012-07-05,3,1,7,15,0,4,1,1,0.92,0.8333,0.33,0.3582,71,183
1573,16060,228,2012-11-06,4,1,11,20,0,2,1,1,0.3,0.2879,0.61,0.2239,10,218
1574,5777,35,2011-09-03,3,0,9,3,0,6,0,1,0.62,0.5909,0.73,0.1642,17,18
1575,8725,315,2012-01-04,1,1,1,8,0,3,1,1,0.02,0.0606,0.44,0.1343,5,310
1576,11611,121,2012-05-03,2,1,5,23,0,4,1,1,0.6,0.5606,0.83,0.0,21,100
1577,12805,646,2012-06-22,3,1,6,17,0,5,1,2,0.82,0.7273,0.38,0.1642,95,551
1578,25,17,2011-01-02,1,0,1,0,0,0,0,2,0.46,0.4545,0.88,0.2985,4,13
1579,6627,451,2011-10-08,4,0,10,16,0,6,0,1,0.64,0.6212,0.44,0.0896,221,230
1580,15049,37,2012-09-24,4,1,9,5,0,1,1,1,0.46,0.4545,0.63,0.0,2,35
1581,13431,516,2012-07-18,3,1,7,19,0,3,1,2,0.76,0.7121,0.62,0.1045,78,438
1582,14675,512,2012-09-08,3,1,9,15,0,6,0,3,0.56,0.5303,0.88,0.2537,175,337
1583,1332,131,2011-02-28,1,0,2,18,0,1,1,3,0.46,0.4545,0.94,0.194,4,127
1584,15698,26,2012-10-21,4,1,10,6,0,0,0,1,0.4,0.4091,0.62,0.0,8,18
1585,16388,267,2012-11-20,4,1,11,13,0,2,1,2,0.44,0.4394,0.58,0.0,49,218
1586,4613,58,2011-07-16,3,0,7,2,0,6,0,1,0.6,0.5909,0.73,0.1343,10,48
1587,465,166,2011-01-21,1,0,1,9,0,5,1,1,0.2,0.1818,0.51,0.3582,7,159
1588,3715,233,2011-06-08,2,0,6,16,0,3,1,1,0.92,0.8788,0.4,0.2239,34,199
1589,7546,31,2011-11-16,4,0,11,0,0,3,1,2,0.46,0.4545,0.94,0.0,5,26
1590,14186,20,2012-08-19,3,1,8,6,0,0,0,2,0.62,0.6061,0.69,0.1045,5,15
1591,16785,5,2012-12-07,4,1,12,3,0,5,1,2,0.26,0.2576,0.81,0.194,0,5
1592,4372,15,2011-07-06,3,0,7,1,0,3,1,1,0.7,0.6667,0.74,0.1343,4,11
1593,146,210,2011-01-07,1,0,1,8,0,5,1,1,0.2,0.197,0.51,0.2537,20,190
1594,15603,464,2012-10-17,4,1,10,7,0,3,1,1,0.36,0.3636,0.81,0.1045,15,449
1595,1419,150,2011-03-04,1,0,3,9,0,5,1,1,0.22,0.2273,0.6,0.1343,12,138
1596,10456,408,2012-03-16,1,1,3,18,0,5,1,3,0.48,0.4697,0.82,0.0896,31,377
1597,5835,389,2011-09-05,3,0,9,13,1,1,0,2,0.74,0.697,0.7,0.1343,154,235
1598,10150,106,2012-03-03,1,1,3,23,0,6,0,1,0.42,0.4242,0.24,0.0,12,94
1599,3748,23,2011-06-10,2,0,6,1,0,5,1,3,0.7,0.6515,0.65,0.2239,5,18
1600,7732,145,2011-11-23,4,0,11,18,0,3,1,2,0.4,0.4091,0.58,0.5224,7,138
1601,17367,157,2012-12-31,1,1,12,11,0,1,1,2,0.22,0.2273,0.6,0.194,43,114
1602,1956,7,2011-03-27,2,0,3,7,0,0,0,3,0.16,0.1667,0.86,0.1642,0,7
1603,1585,111,2011-03-11,1,0,3,12,0,5,1,2,0.34,0.3182,0.53,0.2537,15,96
1604,12683,463,2012-06-17,2,1,6,15,0,0,0,1,0.66,0.6212,0.5,0.2239,203,260
1605,2660,521,2011-04-25,2,0,4,17,0,1,1,1,0.7,0.6515,0.54,0.2985,80,441
1606,6024,184,2011-09-13,3,0,9,13,0,2,1,1,0.74,0.6667,0.51,0.2836,48,136
1607,13688,511,2012-07-29,3,1,7,12,0,0,0,1,0.76,0.697,0.55,0.3284,154,357
1608,12937,47,2012-06-28,3,1,6,5,0,4,1,1,0.62,0.6212,0.57,0.0896,8,39
1609,3577,155,2011-06-02,2,0,6,22,0,4,1,1,0.64,0.6212,0.33,0.2537,14,141
1610,1321,92,2011-02-28,1,0,2,7,0,1,1,2,0.36,0.3636,0.93,0.1045,2,90
1611,11929,35,2012-05-17,2,1,5,5,0,4,1,1,0.56,0.5303,0.68,0.3284,1,34
1612,11864,185,2012-05-14,2,1,5,12,0,1,1,2,0.56,0.5303,0.88,0.2836,53,132
1613,7939,105,2011-12-02,4,0,12,10,0,5,1,1,0.3,0.2879,0.75,0.2239,16,89
1614,13362,130,2012-07-15,3,1,7,22,0,0,0,1,0.72,0.697,0.74,0.1045,34,96
1615,14452,754,2012-08-30,3,1,8,8,0,4,1,1,0.66,0.6212,0.65,0.0,53,701
1616,6790,374,2011-10-15,4,0,10,11,0,6,0,1,0.56,0.5303,0.4,0.3881,153,221
1617,10724,134,2012-03-27,2,1,3,22,0,2,1,1,0.36,0.3485,0.37,0.1343,7,127
1618,2938,40,2011-05-07,2,0,5,7,0,6,0,1,0.48,0.4697,0.59,0.0,8,32
1619,16481,142,2012-11-24,4,1,11,10,0,6,0,2,0.26,0.2273,0.44,0.2985,46,96
1620,2732,455,2011-04-28,2,0,4,17,0,4,1,1,0.64,0.6212,0.47,0.3582,49,406
1621,7665,28,2011-11-20,4,0,11,23,0,0,0,3,0.46,0.4545,0.88,0.0896,3,25
1622,1803,79,2011-03-20,1,0,3,19,0,0,0,1,0.36,0.3333,0.43,0.2836,21,58
1623,12736,458,2012-06-19,2,1,6,20,0,2,1,1,0.8,0.7576,0.55,0.2537,59,399
1624,13447,216,2012-07-19,3,1,7,11,0,4,1,1,0.8,0.7576,0.55,0.1045,54,162
1625,11735,2,2012-05-09,2,1,5,3,0,3,1,3,0.56,0.5303,0.88,0.1642,0,2
1626,5823,54,2011-09-05,3,0,9,1,1,1,0,2,0.68,0.6364,0.79,0.1045,19,35
1627,9206,153,2012-01-24,1,1,1,11,0,2,1,1,0.34,0.3333,0.87,0.1343,30,123
1628,485,2,2011-01-22,1,0,1,6,0,6,0,2,0.02,0.0303,0.44,0.2239,0,2
1629,14730,159,2012-09-10,3,1,9,22,0,1,1,1,0.54,0.5152,0.52,0.1343,15,144
1630,7688,78,2011-11-21,4,0,11,22,0,1,1,3,0.4,0.4091,0.87,0.1343,6,72
1631,14226,161,2012-08-20,3,1,8,22,0,1,1,2,0.6,0.5606,0.83,0.0,25,136
1632,14396,38,2012-08-28,3,1,8,0,0,2,1,1,0.7,0.6667,0.84,0.2537,9,29
1633,11814,411,2012-05-12,2,1,5,10,0,6,0,1,0.56,0.5303,0.49,0.0896,132,279
1634,4766,109,2011-07-22,3,0,7,11,0,5,1,1,0.9,0.8939,0.5,0.1045,23,86
1635,13699,100,2012-07-29,3,1,7,23,0,0,0,1,0.7,0.6515,0.7,0.0,18,82
1636,15376,116,2012-10-07,4,1,10,20,0,0,0,1,0.4,0.4091,0.82,0.1343,19,97
1637,2589,51,2011-04-22,2,0,4,18,0,5,1,3,0.32,0.303,0.93,0.2239,4,47
1638,9641,124,2012-02-11,1,1,2,15,0,6,0,2,0.3,0.2727,0.61,0.2985,12,112
1639,12898,267,2012-06-26,3,1,6,14,0,2,1,1,0.7,0.6364,0.3,0.4627,81,186
1640,9837,119,2012-02-19,1,1,2,19,0,0,0,2,0.3,0.2879,0.52,0.2537,18,101
1641,2347,99,2011-04-12,2,0,4,16,0,2,1,2,0.48,0.4697,0.77,0.3881,19,80
1642,10576,779,2012-03-21,2,1,3,18,0,3,1,1,0.6,0.5909,0.69,0.0,152,627
1643,2661,499,2011-04-25,2,0,4,18,0,1,1,1,0.68,0.6364,0.57,0.3582,74,425
1644,3855,169,2011-06-14,2,0,6,12,0,2,1,1,0.64,0.6212,0.41,0.3582,30,139
1645,9912,42,2012-02-23,1,1,2,0,0,4,1,2,0.44,0.4394,0.47,0.2537,12,30
1646,10531,223,2012-03-19,1,1,3,21,0,1,1,1,0.6,0.6061,0.64,0.1642,33,190
1647,65,110,2011-01-03,1,0,1,19,0,1,1,1,0.2,0.2576,0.47,0.0,8,102
1648,2221,170,2011-04-07,2,0,4,9,0,4,1,2,0.4,0.4091,0.66,0.1343,15,155
1649,873,101,2011-02-08,1,0,2,19,0,2,1,1,0.16,0.1212,0.4,0.4627,1,100
1650,8148,19,2011-12-11,4,0,12,3,0,0,0,1,0.16,0.1818,0.59,0.1343,2,17
1651,106,62,2011-01-05,1,0,1,14,0,3,1,1,0.3,0.2879,0.28,0.194,10,52
1652,2707,218,2011-04-27,2,0,4,16,0,3,1,1,0.7,0.6515,0.7,0.3881,29,189
1653,16240,332,2012-11-14,4,1,11,9,0,3,1,1,0.3,0.2727,0.52,0.3881,22,310
1654,156,123,2011-01-07,1,0,1,18,0,5,1,1,0.2,0.2273,0.4,0.0896,7,116
1655,11210,144,2012-04-17,2,1,4,6,0,2,1,1,0.6,0.6212,0.46,0.2537,8,136
1656,8334,89,2011-12-18,4,0,12,21,0,0,0,1,0.22,0.2727,0.64,0.0,9,80
1657,8827,328,2012-01-08,1,1,1,14,0,0,0,1,0.4,0.4091,0.4,0.194,75,253
1658,986,125,2011-02-13,1,0,2,17,0,0,0,1,0.42,0.4242,0.28,0.3284,30,95
1659,17131,240,2012-12-21,1,1,12,13,0,5,1,2,0.32,0.2879,0.39,0.4179,26,214
1660,8213,161,2011-12-13,4,0,12,20,0,2,1,1,0.32,0.3182,0.49,0.1642,7,154
1661,3772,77,2011-06-11,2,0,6,1,0,6,0,1,0.7,0.6667,0.79,0.0896,10,67
1662,16035,372,2012-11-05,4,1,11,19,0,1,1,1,0.32,0.3182,0.49,0.1642,11,361
1663,15419,254,2012-10-09,4,1,10,15,0,2,1,2,0.52,0.5,0.63,0.1642,59,195
1664,10393,4,2012-03-14,1,1,3,3,0,3,1,1,0.48,0.4697,0.72,0.194,1,3
1665,5120,6,2011-08-06,3,0,8,5,0,6,0,1,0.64,0.5758,0.89,0.0896,2,4
1666,10590,649,2012-03-22,2,1,3,8,0,4,1,2,0.5,0.4848,0.94,0.0896,51,598
1667,6671,365,2011-10-10,4,0,10,12,1,1,0,2,0.7,0.6515,0.48,0.0896,164,201
1668,13192,285,2012-07-08,3,1,7,20,0,0,0,1,0.76,0.7273,0.7,0.0896,79,206
1669,11732,35,2012-05-09,2,1,5,0,0,3,1,2,0.58,0.5455,0.83,0.194,8,27
1670,6448,5,2011-10-01,4,0,10,5,0,6,0,2,0.44,0.4394,0.62,0.2985,1,4
1671,15306,232,2012-10-04,4,1,10,22,0,4,1,1,0.64,0.6212,0.47,0.1343,29,203
1672,15675,65,2012-10-20,4,1,10,7,0,6,0,1,0.4,0.4091,0.82,0.0,6,59
1673,10640,345,2012-03-24,2,1,3,10,0,6,0,2,0.52,0.5,0.88,0.194,148,197
1674,7594,30,2011-11-18,4,0,11,0,0,5,1,1,0.26,0.2576,0.48,0.1642,2,28
1675,1859,10,2011-03-23,2,0,3,5,0,3,1,3,0.32,0.3182,0.87,0.194,0,10
1676,2432,4,2011-04-16,2,0,4,5,0,6,0,2,0.38,0.3939,0.87,0.2836,1,3
1677,7351,139,2011-11-07,4,0,11,21,0,1,1,1,0.38,0.3939,0.82,0.1045,10,129
1678,9150,21,2012-01-22,1,1,1,3,0,0,0,2,0.18,0.1667,0.69,0.2836,1,20
1679,15906,168,2012-10-31,4,1,10,10,0,3,1,1,0.36,0.3333,0.71,0.2836,21,147
1680,11476,158,2012-04-28,2,1,4,8,0,6,0,1,0.38,0.3939,0.4,0.1343,24,134
1681,10335,498,2012-03-11,1,1,3,17,0,0,0,1,0.52,0.5,0.27,0.2985,199,299
1682,6775,196,2011-10-14,4,0,10,20,0,5,1,1,0.52,0.5,0.42,0.194,19,177
1683,7971,224,2011-12-03,4,0,12,18,0,6,0,1,0.34,0.3333,0.53,0.1343,31,193
1684,2396,388,2011-04-14,2,0,4,17,0,4,1,1,0.6,0.6061,0.28,0.0,50,338
1685,5326,259,2011-08-14,3,0,8,19,0,0,0,1,0.72,0.697,0.74,0.2239,75,184
1686,17177,152,2012-12-23,1,1,12,11,0,0,0,1,0.24,0.2273,0.52,0.194,48,104
1687,8535,164,2011-12-27,1,0,12,8,0,2,1,2,0.3,0.303,0.65,0.1642,9,155
1688,2898,147,2011-05-05,2,0,5,15,0,4,1,1,0.56,0.5303,0.26,0.4925,27,120
1689,8960,3,2012-01-14,1,1,1,4,0,6,0,1,0.14,0.1515,0.5,0.1343,0,3
1690,5380,14,2011-08-17,3,0,8,1,0,3,1,1,0.64,0.6061,0.73,0.1642,2,12
1691,7917,148,2011-12-01,4,0,12,12,0,4,1,1,0.36,0.3485,0.46,0.2239,9,139
1692,15349,610,2012-10-06,4,1,10,17,0,6,0,1,0.54,0.5152,0.49,0.3881,268,342
1693,12319,536,2012-06-02,2,1,6,11,0,6,0,1,0.58,0.5455,0.46,0.2836,179,357
1694,12999,374,2012-06-30,3,1,6,19,0,6,0,1,0.84,0.7576,0.44,0.2537,134,240
1695,12665,290,2012-06-16,2,1,6,21,0,6,0,2,0.64,0.6212,0.5,0.2239,98,192
1696,15529,11,2012-10-14,4,1,10,5,0,0,0,1,0.4,0.4091,0.82,0.194,5,6
1697,15847,585,2012-10-27,4,1,10,11,0,6,0,1,0.56,0.5303,0.64,0.2836,197,388
1698,9169,58,2012-01-22,1,1,1,22,0,0,0,2,0.16,0.197,0.93,0.0896,0,58
1699,1474,25,2011-03-06,1,0,3,17,0,0,0,3,0.34,0.303,1.0,0.2985,2,23
1700,16848,198,2012-12-09,4,1,12,18,0,0,0,3,0.36,0.3636,0.93,0.0896,17,181
1701,1063,17,2011-02-17,1,0,2,0,0,4,1,1,0.34,0.3333,0.53,0.194,1,16
1702,15979,340,2012-11-03,4,1,11,11,0,6,0,2,0.36,0.3333,0.46,0.3881,56,284
1703,5928,75,2011-09-09,3,0,9,12,0,5,1,1,0.64,0.5606,0.94,0.0,4,71
1704,14611,150,2012-09-05,3,1,9,23,0,3,1,1,0.7,0.6667,0.84,0.0896,24,126
1705,2789,50,2011-05-01,2,0,5,2,0,0,0,1,0.42,0.4242,0.77,0.1045,7,43
1706,3662,111,2011-06-06,2,0,6,11,0,1,1,1,0.74,0.6667,0.42,0.1343,39,72
1707,8604,32,2011-12-30,1,0,12,6,0,5,1,1,0.24,0.2576,0.7,0.0896,1,31
1708,2809,100,2011-05-01,2,0,5,22,0,0,0,2,0.46,0.4545,0.82,0.0,32,68
1709,11636,153,2012-05-05,2,1,5,0,0,6,0,1,0.6,0.5606,0.83,0.0,42,111
1710,5441,220,2011-08-19,3,0,8,14,0,5,1,1,0.78,0.7273,0.55,0.194,78,142
1711,8729,84,2012-01-04,1,1,1,12,0,3,1,2,0.1,0.1061,0.46,0.194,9,75
1712,874,56,2011-02-08,1,0,2,20,0,2,1,1,0.16,0.1364,0.4,0.3284,3,53
1713,13741,820,2012-07-31,3,1,7,17,0,2,1,1,0.78,0.7121,0.52,0.2239,94,726
1714,11081,165,2012-04-11,2,1,4,21,0,3,1,1,0.34,0.303,0.57,0.3881,11,154
1715,8864,4,2012-01-10,1,1,1,4,0,2,1,2,0.2,0.2121,0.86,0.1642,0,4
1716,10661,39,2012-03-25,2,1,3,7,0,0,0,2,0.4,0.4091,0.94,0.3284,14,25
1717,10350,564,2012-03-12,1,1,3,8,0,1,1,1,0.34,0.3333,0.61,0.1343,17,547
1718,12550,6,2012-06-12,2,1,6,2,0,2,1,2,0.68,0.6364,0.65,0.194,0,6
1719,4787,109,2011-07-23,3,0,7,8,0,6,0,1,0.84,0.7879,0.49,0.2537,24,85
1720,5869,13,2011-09-07,3,0,9,0,0,3,1,2,0.54,0.5152,0.94,0.2239,1,12
1721,14383,229,2012-08-27,3,1,8,11,0,1,1,1,0.74,0.697,0.66,0.194,47,182
1722,12338,22,2012-06-03,2,1,6,6,0,0,0,1,0.46,0.4545,0.82,0.1045,6,16
1723,13039,201,2012-07-02,3,1,7,11,0,1,1,1,0.84,0.7273,0.28,0.2985,67,134
1724,4548,186,2011-07-13,3,0,7,9,0,3,1,1,0.82,0.7424,0.41,0.194,23,163
1725,8639,129,2011-12-31,1,0,12,17,0,6,0,1,0.42,0.4242,0.54,0.194,28,101
1726,13282,209,2012-07-12,3,1,7,14,0,4,1,1,0.78,0.6818,0.33,0.2239,42,167
1727,8695,3,2012-01-03,1,1,1,2,0,2,1,1,0.18,0.1667,0.51,0.2537,0,3
1728,5953,370,2011-09-10,3,0,9,13,0,6,0,1,0.74,0.6818,0.55,0.2836,131,239
1729,2201,112,2011-04-06,2,0,4,13,0,3,1,1,0.46,0.4545,0.38,0.4925,29,83
1730,17136,243,2012-12-21,1,1,12,18,0,5,1,2,0.26,0.2273,0.56,0.2985,7,236
1731,3434,127,2011-05-27,2,0,5,23,0,5,1,1,0.58,0.5455,0.88,0.1343,23,104
1732,8764,60,2012-01-05,1,1,1,23,0,4,1,1,0.24,0.2576,0.7,0.1045,4,56
1733,11994,338,2012-05-19,2,1,5,22,0,6,0,1,0.64,0.6212,0.47,0.0,104,234
1734,3234,188,2011-05-19,2,0,5,15,0,4,1,1,0.56,0.5303,0.78,0.1642,63,125
1735,10193,375,2012-03-05,1,1,3,18,0,1,1,3,0.28,0.2273,0.55,0.6567,12,363
1736,6947,70,2011-10-22,4,0,10,1,0,6,0,1,0.4,0.4091,0.62,0.194,20,50
1737,1889,71,2011-03-24,2,0,3,11,0,4,1,2,0.3,0.2727,0.81,0.2985,10,61
1738,4721,127,2011-07-20,3,0,7,14,0,3,1,1,0.86,0.8333,0.53,0.2239,44,83
1739,13621,738,2012-07-26,3,1,7,17,0,4,1,1,0.9,0.8636,0.45,0.4179,110,628
1740,6314,353,2011-09-25,4,0,9,15,0,0,0,2,0.66,0.6061,0.78,0.0,119,234
1741,16984,273,2012-12-15,4,1,12,10,0,6,0,1,0.32,0.3182,0.61,0.1642,23,250
1742,12457,29,2012-06-08,2,1,6,5,0,5,1,1,0.5,0.4848,0.72,0.1045,1,28
1743,11659,149,2012-05-05,2,1,5,23,0,6,0,2,0.56,0.5303,0.83,0.2836,35,114
1744,8543,46,2011-12-27,1,0,12,16,0,2,1,3,0.44,0.4394,0.88,0.3284,2,44
1745,15248,104,2012-10-02,4,1,10,12,0,2,1,2,0.6,0.5455,0.88,0.194,6,98
1746,7684,192,2011-11-21,4,0,11,18,0,1,1,3,0.42,0.4242,0.88,0.194,8,184
1747,2210,84,2011-04-06,2,0,4,22,0,3,1,1,0.46,0.4545,0.41,0.2836,13,71
1748,1814,18,2011-03-21,2,0,3,7,0,1,1,3,0.3,0.2727,0.87,0.4179,3,15
1749,15953,382,2012-11-02,4,1,11,9,0,5,1,1,0.34,0.3485,0.53,0.1045,27,355
1750,13921,43,2012-08-08,3,1,8,5,0,3,1,2,0.68,0.6364,0.89,0.1642,3,40
1751,13609,42,2012-07-26,3,1,7,5,0,4,1,1,0.66,0.6212,0.74,0.194,2,40
1752,3015,217,2011-05-10,2,0,5,12,0,2,1,2,0.6,0.6212,0.38,0.0,47,170
1753,16737,7,2012-12-05,4,1,12,3,0,3,1,1,0.48,0.4697,0.67,0.1343,0,7
1754,6738,81,2011-10-13,4,0,10,7,0,4,1,3,0.54,0.5152,1.0,0.1343,5,76
1755,5153,322,2011-08-07,3,0,8,14,0,0,0,1,0.86,0.803,0.47,0.194,130,192
1756,740,2,2011-02-03,1,0,2,5,0,4,1,1,0.16,0.1364,0.5,0.2985,0,2
1757,14967,603,2012-09-20,3,1,9,19,0,4,1,1,0.58,0.5455,0.6,0.2239,69,534
1758,3639,335,2011-06-05,2,0,6,12,0,0,0,2,0.64,0.6061,0.69,0.1045,123,212
1759,4358,172,2011-07-05,3,0,7,11,0,2,1,1,0.78,0.697,0.46,0.1045,75,97
1760,15777,306,2012-10-24,4,1,10,13,0,3,1,1,0.66,0.6212,0.54,0.0,65,241
1761,11632,313,2012-05-04,2,1,5,20,0,5,1,1,0.68,0.6364,0.51,0.1045,58,255
1762,3273,28,2011-05-21,2,0,5,6,0,6,0,1,0.5,0.4848,0.82,0.1343,6,22
1763,14540,104,2012-09-03,3,1,9,0,1,1,0,2,0.66,0.5909,0.94,0.0,42,62
1764,1072,179,2011-02-17,1,0,2,9,0,4,1,1,0.36,0.3485,0.57,0.194,16,163
1765,12192,6,2012-05-28,2,1,5,4,1,1,0,1,0.6,0.5758,0.78,0.1343,2,4
1766,10105,6,2012-03-02,1,1,3,2,0,5,1,1,0.34,0.3182,0.53,0.2836,2,4
1767,10865,329,2012-04-02,2,1,4,20,0,1,1,1,0.46,0.4545,0.31,0.1642,48,281
1768,12101,301,2012-05-24,2,1,5,9,0,4,1,1,0.62,0.5909,0.73,0.1642,34,267
1769,3241,79,2011-05-19,2,0,5,22,0,4,1,3,0.5,0.4848,0.82,0.2985,11,68
1770,12441,315,2012-06-07,2,1,6,13,0,4,1,1,0.7,0.6364,0.37,0.2836,65,250
1771,9992,59,2012-02-26,1,1,2,8,0,0,0,1,0.2,0.197,0.51,0.2537,2,57
1772,16305,49,2012-11-17,4,1,11,2,0,6,0,1,0.26,0.2576,0.65,0.194,8,41
1773,7001,285,2011-10-24,4,0,10,7,0,1,1,2,0.38,0.3939,0.94,0.1045,11,274
1774,3680,32,2011-06-07,2,0,6,5,0,2,1,1,0.58,0.5455,0.88,0.1642,2,30
1775,16420,105,2012-11-21,4,1,11,21,0,3,1,1,0.36,0.3788,0.5,0.0,8,97
1776,9228,236,2012-01-25,1,1,1,9,0,3,1,1,0.24,0.2273,0.7,0.2537,18,218
1777,13965,41,2012-08-10,3,1,8,1,0,5,1,1,0.7,0.6515,0.65,0.1045,6,35
1778,3649,130,2011-06-05,2,0,6,22,0,0,0,1,0.64,0.5909,0.78,0.2239,36,94
1779,16389,224,2012-11-20,4,1,11,14,0,2,1,2,0.44,0.4394,0.58,0.1045,47,177
1780,2027,136,2011-03-30,2,0,3,7,0,3,1,2,0.32,0.3333,0.45,0.1045,8,128
1781,14053,818,2012-08-13,3,1,8,17,0,1,1,1,0.8,0.7121,0.36,0.1642,102,716
1782,14463,610,2012-08-30,3,1,8,19,0,4,1,1,0.76,0.6818,0.48,0.1343,78,532
1783,14470,20,2012-08-31,3,1,8,2,0,5,1,1,0.66,0.5909,0.89,0.1343,9,11
1784,10802,8,2012-03-31,2,1,3,4,0,6,0,1,0.42,0.4242,0.77,0.4179,4,4
1785,11247,368,2012-04-18,2,1,4,19,0,3,1,2,0.42,0.4242,0.77,0.1343,26,342
1786,8246,24,2011-12-15,4,0,12,5,0,4,1,2,0.32,0.303,0.7,0.2836,0,24
1787,9638,221,2012-02-11,1,1,2,12,0,6,0,2,0.26,0.2576,0.81,0.1642,25,196
1788,17186,52,2012-12-23,1,1,12,20,0,0,0,1,0.26,0.303,0.65,0.0,0,52
1789,12140,116,2012-05-26,2,1,5,0,0,6,0,1,0.64,0.5758,0.83,0.1642,18,98
1790,11045,692,2012-04-10,2,1,4,8,0,2,1,1,0.38,0.3939,0.62,0.1343,22,670
1791,2656,203,2011-04-25,2,0,4,13,0,1,1,1,0.7,0.6515,0.65,0.2239,57,146
1792,10614,662,2012-03-23,2,1,3,8,0,5,1,2,0.5,0.4848,0.94,0.1343,47,615
1793,14077,812,2012-08-14,3,1,8,17,0,2,1,3,0.76,0.7273,0.66,0.2537,78,734
1794,7583,124,2011-11-17,4,0,11,13,0,4,1,2,0.34,0.303,0.49,0.4478,15,109
1795,3065,191,2011-05-12,2,0,5,14,0,4,1,2,0.62,0.6061,0.61,0.2239,43,148
1796,17217,3,2012-12-25,1,1,12,5,1,2,0,2,0.22,0.2273,0.93,0.1343,2,1
1797,4065,100,2011-06-23,3,0,6,6,0,4,1,1,0.72,0.697,0.74,0.1642,8,92
1798,7985,55,2011-12-04,4,0,12,8,0,0,0,1,0.26,0.303,0.87,0.0,7,48
1799,4103,288,2011-06-24,3,0,6,20,0,5,1,1,0.72,0.6515,0.45,0.1642,66,222
1800,10514,3,2012-03-19,1,1,3,4,0,1,1,1,0.44,0.4394,0.94,0.0,0,3
1801,6248,221,2011-09-22,3,0,9,21,0,4,1,2,0.64,0.5758,0.89,0.0896,27,194
1802,16199,434,2012-11-12,4,1,11,16,1,1,0,1,0.56,0.5303,0.64,0.1642,87,347
1803,6430,217,2011-09-30,4,0,9,11,0,5,1,1,0.64,0.6212,0.57,0.0896,49,168
1804,12257,304,2012-05-30,2,1,5,21,0,3,1,1,0.68,0.6364,0.57,0.1045,41,263
1805,13003,152,2012-06-30,3,1,6,23,0,6,0,1,0.78,0.7424,0.62,0.0896,33,119
1806,8962,5,2012-01-14,1,1,1,6,0,6,0,1,0.14,0.1515,0.5,0.0,0,5
1807,5687,218,2011-08-30,3,0,8,9,0,2,1,1,0.66,0.6212,0.5,0.2239,38,180
1808,13395,526,2012-07-17,3,1,7,7,0,2,1,2,0.74,0.697,0.7,0.0,26,500
1809,1447,190,2011-03-05,1,0,3,13,0,6,0,2,0.46,0.4545,0.67,0.2836,60,130
1810,16230,84,2012-11-13,4,1,11,23,0,2,1,1,0.26,0.2273,0.56,0.2985,6,78
1811,16221,203,2012-11-13,4,1,11,14,0,2,1,1,0.38,0.3939,0.46,0.3881,34,169
1812,12313,12,2012-06-02,2,1,6,5,0,6,0,1,0.5,0.4848,0.72,0.194,1,11
1813,8083,110,2011-12-08,4,0,12,10,0,4,1,1,0.26,0.2273,0.52,0.3284,1,109
1814,783,18,2011-02-05,1,0,2,1,0,6,0,2,0.24,0.2424,0.65,0.1642,1,17
1815,881,2,2011-02-09,1,0,2,3,0,3,1,1,0.06,0.0758,0.45,0.1343,0,2
1816,3227,487,2011-05-19,2,0,5,8,0,4,1,2,0.52,0.5,0.88,0.0,34,453
1817,13293,59,2012-07-13,3,1,7,1,0,5,1,2,0.68,0.6364,0.54,0.1045,17,42
1818,14778,212,2012-09-12,3,1,9,22,0,3,1,1,0.56,0.5303,0.64,0.0896,23,189
1819,16377,5,2012-11-20,4,1,11,2,0,2,1,2,0.32,0.3333,0.76,0.0896,0,5
1820,6008,195,2011-09-12,3,0,9,21,0,1,1,1,0.64,0.6061,0.73,0.0896,29,166
1821,11776,374,2012-05-10,2,1,5,20,0,4,1,1,0.52,0.5,0.4,0.3284,59,315
1822,6188,69,2011-09-20,3,0,9,9,0,2,1,3,0.54,0.5152,0.94,0.2239,5,64
1823,12542,831,2012-06-11,2,1,6,18,0,1,1,2,0.8,0.7273,0.43,0.2985,105,726
1824,11875,75,2012-05-14,2,1,5,23,0,1,1,2,0.58,0.5455,0.78,0.1045,11,64
1825,3294,33,2011-05-22,2,0,5,3,0,0,0,1,0.5,0.4848,1.0,0.1045,10,23
1826,8220,3,2011-12-14,4,0,12,3,0,3,1,1,0.28,0.3182,0.65,0.0,0,3
1827,5537,651,2011-08-23,3,0,8,14,0,2,1,1,0.72,0.6515,0.3,0.0896,149,502
1828,11362,114,2012-04-23,2,1,4,14,0,1,1,3,0.36,0.3182,0.62,0.4478,12,102
1829,15781,963,2012-10-24,4,1,10,17,0,3,1,1,0.66,0.6212,0.47,0.0,87,876
1830,9135,67,2012-01-21,1,1,1,12,0,6,0,2,0.2,0.2121,0.8,0.1642,5,62
1831,12324,644,2012-06-02,2,1,6,16,0,6,0,1,0.64,0.6212,0.38,0.2537,275,369
1832,7629,233,2011-11-19,4,0,11,11,0,6,0,1,0.36,0.3788,0.4,0.0,50,183
1833,10492,11,2012-03-18,1,1,3,6,0,0,0,2,0.4,0.4091,0.94,0.1045,2,9
1834,5774,87,2011-09-03,3,0,9,0,0,6,0,2,0.64,0.6061,0.73,0.1045,22,65
1835,1303,125,2011-02-27,1,0,2,11,0,0,0,1,0.36,0.3485,0.62,0.1343,33,92
1836,7027,223,2011-10-25,4,0,10,9,0,2,1,1,0.48,0.4697,0.55,0.2239,29,194
1837,10973,123,2012-04-07,2,1,4,8,0,6,0,1,0.34,0.3182,0.34,0.2537,29,94
1838,9345,80,2012-01-30,1,1,1,6,0,1,1,1,0.22,0.2121,0.44,0.2537,0,80
1839,5492,270,2011-08-21,3,0,8,17,0,0,0,1,0.72,0.697,0.79,0.1343,91,179
1840,11494,40,2012-04-29,2,1,4,2,0,0,0,2,0.36,0.3636,0.87,0.1045,4,36
1841,16621,352,2012-11-30,4,1,11,7,0,5,1,1,0.22,0.2727,0.8,0.0,6,346
1842,2233,108,2011-04-07,2,0,4,21,0,4,1,2,0.44,0.4394,0.67,0.2836,19,89
1843,2946,378,2011-05-07,2,0,5,15,0,6,0,1,0.6,0.6212,0.38,0.2537,148,230
1844,15901,24,2012-10-31,4,1,10,5,0,3,1,2,0.3,0.303,0.81,0.1343,0,24
1845,1627,10,2011-03-13,1,0,3,7,0,0,0,1,0.36,0.3485,0.62,0.194,2,8
1846,16646,144,2012-12-01,4,1,12,8,0,6,0,2,0.24,0.2424,0.87,0.1343,11,133
1847,15281,209,2012-10-03,4,1,10,21,0,3,1,2,0.66,0.6212,0.74,0.0,14,195
1848,10871,5,2012-04-03,2,1,4,2,0,2,1,1,0.36,0.3485,0.53,0.1642,0,5
1849,2748,230,2011-04-29,2,0,4,9,0,5,1,1,0.54,0.5152,0.39,0.3284,45,185
1850,5710,467,2011-08-31,3,0,8,8,0,3,1,1,0.62,0.6061,0.69,0.0,27,440
1851,31,1,2011-01-02,1,0,1,7,0,0,0,2,0.4,0.4091,0.76,0.194,0,1
1852,13327,439,2012-07-14,3,1,7,11,0,6,0,2,0.72,0.6818,0.7,0.1045,143,296
1853,8686,153,2012-01-02,1,1,1,17,1,1,0,1,0.26,0.2273,0.35,0.3881,17,136
1854,6560,201,2011-10-05,4,0,10,21,0,3,1,1,0.5,0.4848,0.82,0.1045,28,173
1855,14803,170,2012-09-13,3,1,9,23,0,4,1,1,0.58,0.5455,0.73,0.1045,33,137
1856,17141,40,2012-12-21,1,1,12,23,0,5,1,1,0.26,0.2424,0.44,0.2836,1,39
1857,5226,194,2011-08-10,3,0,8,15,0,3,1,1,0.86,0.7424,0.3,0.3284,53,141
1858,8980,59,2012-01-15,1,1,1,0,0,0,0,1,0.16,0.1364,0.47,0.3284,9,50
1859,8749,388,2012-01-05,1,1,1,8,0,4,1,2,0.2,0.2576,0.75,0.0,11,377
1860,9292,58,2012-01-28,1,1,1,1,0,6,0,1,0.3,0.303,0.52,0.1642,1,57
1861,3782,325,2011-06-11,2,0,6,11,0,6,0,1,0.76,0.7121,0.62,0.1343,110,215
1862,578,72,2011-01-26,1,0,1,8,0,3,1,3,0.22,0.2121,0.87,0.2985,3,69
1863,2902,361,2011-05-05,2,0,5,19,0,4,1,1,0.54,0.5152,0.28,0.2239,56,305
1864,9445,129,2012-02-03,1,1,2,10,0,5,1,1,0.28,0.2576,0.56,0.2836,15,114
1865,15522,189,2012-10-13,4,1,10,22,0,6,0,1,0.4,0.4091,0.62,0.0,33,156
1866,13652,191,2012-07-28,3,1,7,0,0,6,0,1,0.74,0.6818,0.62,0.1343,21,170
1867,7270,197,2011-11-04,4,0,11,12,0,5,1,2,0.48,0.4697,0.55,0.4925,44,153
1868,8077,2,2011-12-08,4,0,12,4,0,4,1,2,0.24,0.197,0.6,0.4627,0,2
1869,6303,8,2011-09-25,4,0,9,4,0,0,0,3,0.6,0.5152,0.94,0.1343,3,5
1870,11673,565,2012-05-06,2,1,5,13,0,0,0,2,0.6,0.6061,0.64,0.0,197,368
1871,8685,154,2012-01-02,1,1,1,16,1,1,0,1,0.26,0.2273,0.35,0.4179,10,144
1872,11995,239,2012-05-19,2,1,5,23,0,6,0,1,0.6,0.6212,0.56,0.1642,71,168
1873,15115,115,2012-09-26,4,1,9,23,0,3,1,2,0.6,0.5758,0.78,0.2537,13,102
1874,15870,434,2012-10-28,4,1,10,10,0,0,0,2,0.48,0.4697,0.51,0.4179,120,314
1875,14371,80,2012-08-26,3,1,8,23,0,0,0,1,0.62,0.5758,0.83,0.0896,21,59
1876,3306,331,2011-05-22,2,0,5,15,0,0,0,2,0.66,0.6212,0.61,0.1642,110,221
1877,1518,72,2011-03-08,1,0,3,14,0,2,1,2,0.38,0.3939,0.2,0.0,16,56
1878,14889,343,2012-09-17,3,1,9,13,0,1,1,1,0.64,0.6061,0.65,0.2537,112,231
1879,9044,462,2012-01-17,1,1,1,17,0,2,1,1,0.46,0.4545,0.63,0.4478,20,442
1880,14286,233,2012-08-23,3,1,8,10,0,4,1,1,0.74,0.6818,0.58,0.0896,76,157
1881,1361,25,2011-03-01,1,0,3,23,0,2,1,1,0.24,0.2273,0.65,0.2239,2,23
1882,57,51,2011-01-03,1,0,1,11,0,1,1,1,0.2,0.1818,0.4,0.3284,10,41
1883,9377,160,2012-01-31,1,1,1,14,0,2,1,1,0.5,0.4848,0.29,0.3284,18,142
1884,13821,122,2012-08-04,3,1,8,1,0,6,0,1,0.72,0.7121,0.84,0.194,23,99
1885,10014,90,2012-02-27,1,1,2,6,0,1,1,1,0.24,0.2273,0.7,0.2537,1,89
1886,15573,13,2012-10-16,4,1,10,1,0,2,1,1,0.44,0.4394,0.67,0.194,4,9
1887,8740,32,2012-01-04,1,1,1,23,0,3,1,2,0.2,0.2273,0.44,0.1045,0,32
1888,2138,36,2011-04-03,2,0,4,22,0,0,0,1,0.4,0.4091,0.43,0.1045,7,29
1889,10394,5,2012-03-14,1,1,3,4,0,3,1,1,0.48,0.4697,0.67,0.0896,1,4
1890,10280,284,2012-03-09,1,1,3,9,0,5,1,2,0.34,0.2879,0.42,0.5224,17,267
1891,2866,52,2011-05-04,2,0,5,7,0,3,1,3,0.34,0.303,0.93,0.3582,6,46
1892,14249,280,2012-08-21,3,1,8,21,0,2,1,1,0.64,0.6061,0.73,0.0,41,239
1893,15186,221,2012-09-29,4,1,9,22,0,6,0,1,0.5,0.4848,0.63,0.1045,48,173
1894,12360,8,2012-06-04,2,1,6,4,0,1,1,1,0.54,0.5152,0.64,0.0896,2,6
1895,7189,6,2011-11-01,4,0,11,3,0,2,1,2,0.36,0.3485,0.81,0.1343,1,5
1896,13131,353,2012-07-06,3,1,7,7,0,5,1,1,0.78,0.697,0.46,0.1343,20,333
1897,15423,514,2012-10-09,4,1,10,19,0,2,1,2,0.5,0.4848,0.72,0.1642,31,483
1898,12429,22,2012-06-07,2,1,6,1,0,4,1,1,0.52,0.5,0.77,0.1642,5,17
1899,2250,15,2011-04-08,2,0,4,14,0,5,1,3,0.34,0.3182,0.87,0.2239,2,13
1900,10195,179,2012-03-05,1,1,3,20,0,1,1,1,0.26,0.2273,0.37,0.4627,8,171
1901,3795,119,2011-06-12,2,0,6,0,0,0,0,1,0.66,0.6061,0.78,0.2239,19,100
1902,10142,399,2012-03-03,1,1,3,15,0,6,0,1,0.48,0.4697,0.29,0.2985,145,254
1903,6206,6,2011-09-21,3,0,9,3,0,3,1,2,0.54,0.5152,0.94,0.0896,0,6
1904,9190,220,2012-01-23,1,1,1,19,0,1,1,2,0.26,0.2576,0.93,0.1642,9,211
1905,16758,44,2012-12-06,4,1,12,0,0,4,1,1,0.26,0.2424,0.48,0.2836,1,43
1906,13629,54,2012-07-27,3,1,7,1,0,5,1,1,0.72,0.6818,0.7,0.1045,12,42
1907,12432,6,2012-06-07,2,1,6,4,0,4,1,1,0.46,0.4545,0.88,0.1045,0,6
1908,1259,85,2011-02-25,1,0,2,14,0,5,1,3,0.56,0.5303,0.56,0.6119,14,71
1909,5020,12,2011-08-02,3,0,8,1,0,2,1,1,0.66,0.6212,0.74,0.1045,4,8
1910,16773,270,2012-12-06,4,1,12,15,0,4,1,1,0.32,0.3485,0.39,0.0,38,232
1911,14586,179,2012-09-04,3,1,9,22,0,2,1,1,0.74,0.697,0.7,0.2836,25,154
1912,9180,211,2012-01-23,1,1,1,9,0,1,1,2,0.2,0.2273,0.86,0.0896,13,198
1913,4517,9,2011-07-12,3,0,7,2,0,2,1,1,0.7,0.6667,0.79,0.1045,2,7
1914,11954,182,2012-05-18,2,1,5,6,0,5,1,1,0.44,0.4394,0.77,0.1343,14,168
1915,4879,4,2011-07-27,3,0,7,4,0,3,1,1,0.72,0.6667,0.51,0.194,1,3
1916,16822,507,2012-12-08,4,1,12,16,0,6,0,1,0.42,0.4242,0.82,0.1642,139,368
1917,6438,374,2011-09-30,4,0,9,19,0,5,1,1,0.54,0.5152,0.52,0.2836,42,332
1918,460,1,2011-01-21,1,0,1,4,0,5,1,2,0.22,0.2576,0.87,0.0896,0,1
1919,5937,203,2011-09-09,3,0,9,21,0,5,1,1,0.66,0.5909,0.89,0.0,49,154
1920,15763,111,2012-10-23,4,1,10,23,0,2,1,1,0.54,0.5152,0.73,0.1045,9,102
1921,11470,57,2012-04-28,2,1,4,2,0,6,0,1,0.36,0.3485,0.43,0.1642,8,49
1922,12786,243,2012-06-21,3,1,6,22,0,4,1,1,0.8,0.7879,0.63,0.1642,22,221
1923,7761,21,2011-11-24,4,0,11,23,1,4,0,1,0.34,0.3485,0.76,0.1045,2,19
1924,14653,772,2012-09-07,3,1,9,17,0,5,1,1,0.78,0.7424,0.59,0.3284,88,684
1925,5845,20,2011-09-05,3,0,9,23,1,1,0,3,0.56,0.5303,0.88,0.3881,3,17
1926,2326,284,2011-04-11,2,0,4,19,0,1,1,1,0.72,0.6667,0.51,0.4478,73,211
1927,11366,379,2012-04-23,2,1,4,18,0,1,1,3,0.32,0.3333,0.81,0.1343,10,369
1928,17245,23,2012-12-26,1,1,12,9,0,3,1,3,0.2,0.1818,0.86,0.3284,1,22
1929,17326,110,2012-12-29,1,1,12,18,0,6,0,1,0.3,0.2424,0.7,0.194,8,102
1930,11904,4,2012-05-16,2,1,5,4,0,3,1,1,0.54,0.5152,0.94,0.1343,1,3
1931,14737,44,2012-09-11,3,1,9,5,0,2,1,1,0.46,0.4545,0.72,0.0896,3,41
1932,14780,57,2012-09-13,3,1,9,0,0,4,1,1,0.56,0.5303,0.73,0.0896,11,46
1933,4557,463,2011-07-13,3,0,7,18,0,3,1,1,0.72,0.697,0.79,0.1343,51,412
1934,10012,1,2012-02-27,1,1,2,4,0,1,1,1,0.22,0.2273,0.8,0.1343,0,1
1935,5955,480,2011-09-10,3,0,9,15,0,6,0,1,0.74,0.6818,0.55,0.2239,217,263
1936,8892,499,2012-01-11,1,1,1,8,0,3,1,1,0.2,0.2273,0.82,0.1045,11,488
1937,10689,178,2012-03-26,2,1,3,11,0,1,1,1,0.48,0.4697,0.31,0.5821,47,131
1938,4162,261,2011-06-27,3,0,6,7,0,1,1,2,0.64,0.6061,0.73,0.2239,14,247
1939,11840,531,2012-05-13,2,1,5,12,0,0,0,1,0.64,0.6212,0.57,0.2239,189,342
1940,4004,565,2011-06-20,2,0,6,17,0,1,1,1,0.7,0.6515,0.54,0.0,81,484
1941,10624,830,2012-03-23,2,1,3,18,0,5,1,1,0.7,0.6364,0.45,0.1642,237,593
1942,15323,470,2012-10-05,4,1,10,15,0,5,1,1,0.72,0.6515,0.39,0.2537,150,320
1943,42,53,2011-01-02,1,0,1,18,0,0,0,2,0.36,0.3333,0.46,0.3284,10,43
1944,12742,6,2012-06-20,2,1,6,2,0,3,1,1,0.66,0.6061,0.83,0.1642,1,5
1945,63,157,2011-01-03,1,0,1,17,0,1,1,1,0.24,0.2273,0.3,0.2239,11,146
1946,4108,95,2011-06-25,3,0,6,1,0,6,0,1,0.66,0.6212,0.5,0.1642,20,75
1947,13729,45,2012-07-31,3,1,7,5,0,2,1,1,0.66,0.6061,0.83,0.1642,5,40
1948,12654,435,2012-06-16,2,1,6,10,0,6,0,1,0.64,0.6212,0.47,0.194,139,296
1949,5852,172,2011-09-06,3,0,9,7,0,2,1,2,0.54,0.5152,0.83,0.3582,6,166
1950,4483,372,2011-07-10,3,0,7,16,0,0,0,1,0.84,0.7576,0.41,0.2836,128,244
1951,6990,144,2011-10-23,4,0,10,20,0,0,0,1,0.44,0.4394,0.72,0.0896,32,112
1952,16231,24,2012-11-14,4,1,11,0,0,3,1,1,0.26,0.2424,0.56,0.2836,4,20
1953,5863,373,2011-09-06,3,0,9,18,0,2,1,2,0.54,0.5152,0.88,0.3881,22,351
1954,11606,706,2012-05-03,2,1,5,18,0,4,1,1,0.72,0.6667,0.58,0.1343,64,642
1955,15360,11,2012-10-07,4,1,10,4,0,0,0,2,0.44,0.4394,0.54,0.2537,5,6
1956,8872,140,2012-01-10,1,1,1,12,0,2,1,1,0.42,0.4242,0.38,0.2985,13,127
1957,9124,23,2012-01-21,1,1,1,1,0,6,0,4,0.14,0.1364,0.86,0.194,1,22
1958,6749,268,2011-10-13,4,0,10,18,0,4,1,3,0.62,0.5758,0.83,0.2537,20,248
1959,7215,27,2011-11-02,4,0,11,5,0,3,1,1,0.3,0.3333,0.81,0.0,0,27
1960,9435,38,2012-02-03,1,1,2,0,0,5,1,1,0.32,0.2879,0.53,0.3881,1,37
1961,3481,171,2011-05-29,2,0,5,22,0,0,0,1,0.66,0.5909,0.89,0.1343,78,93
1962,14222,815,2012-08-20,3,1,8,18,0,1,1,2,0.62,0.5909,0.78,0.2537,89,726
1963,11843,499,2012-05-13,2,1,5,15,0,0,0,1,0.72,0.6515,0.45,0.3582,190,309
1964,8786,154,2012-01-06,1,1,1,21,0,5,1,1,0.4,0.4091,0.43,0.2239,17,137
1965,11220,370,2012-04-17,2,1,4,16,0,2,1,1,0.68,0.6212,0.22,0.3582,50,320
1966,12778,176,2012-06-21,3,1,6,14,0,4,1,1,0.88,0.7879,0.37,0.1642,27,149
1967,13324,151,2012-07-14,3,1,7,8,0,6,0,1,0.62,0.5909,0.78,0.2836,33,118
1968,10454,129,2012-03-16,1,1,3,16,0,5,1,3,0.48,0.4697,0.77,0.0,18,111
1969,10065,10,2012-02-29,1,1,2,10,0,3,1,3,0.3,0.303,0.81,0.1642,0,10
1970,14097,294,2012-08-15,3,1,8,13,0,3,1,2,0.78,0.7121,0.49,0.194,88,206
1971,9854,312,2012-02-20,1,1,2,13,1,1,0,1,0.3,0.2879,0.42,0.2836,66,246
1972,6663,6,2011-10-10,4,0,10,4,1,1,0,1,0.46,0.4545,0.94,0.0,2,4
1973,1982,69,2011-03-28,2,0,3,10,0,1,1,1,0.24,0.2273,0.3,0.194,22,47
1974,1504,10,2011-03-08,1,0,3,0,0,2,1,1,0.26,0.2879,0.48,0.0896,1,9
1975,6001,189,2011-09-12,3,0,9,14,0,1,1,1,0.74,0.6667,0.51,0.1642,60,129
1976,10799,82,2012-03-31,2,1,3,1,0,6,0,2,0.4,0.4091,0.76,0.194,17,65
1977,4432,229,2011-07-08,3,0,7,13,0,5,1,2,0.78,0.7576,0.66,0.2836,54,175
1978,9246,6,2012-01-26,1,1,1,3,0,4,1,2,0.28,0.303,0.75,0.0896,1,5
1979,4180,13,2011-06-28,3,0,6,1,0,2,1,1,0.66,0.6212,0.74,0.0,5,8
1980,13194,122,2012-07-08,3,1,7,22,0,0,0,3,0.74,0.697,0.7,0.0896,12,110
1981,9972,258,2012-02-25,1,1,2,12,0,6,0,1,0.32,0.2727,0.29,0.6567,41,217
1982,4033,109,2011-06-21,3,0,6,22,0,2,1,1,0.7,0.6667,0.79,0.1045,12,97
1983,8832,112,2012-01-08,1,1,1,19,0,0,0,1,0.32,0.3182,0.49,0.194,8,104
1984,2440,58,2011-04-16,2,0,4,13,0,6,0,3,0.46,0.4545,0.94,0.5224,9,49
1985,8130,149,2011-12-10,4,0,12,9,0,6,0,1,0.28,0.2576,0.61,0.2836,15,134
1986,358,32,2011-01-16,1,0,1,9,0,0,0,1,0.22,0.2121,0.51,0.2537,3,29
1987,14449,35,2012-08-30,3,1,8,5,0,4,1,1,0.62,0.5909,0.73,0.0,2,33
1988,12615,579,2012-06-14,2,1,6,19,0,4,1,1,0.7,0.6515,0.48,0.2537,96,483
1989,12706,219,2012-06-18,2,1,6,14,0,1,1,2,0.58,0.5455,0.68,0.194,59,160
1990,8325,228,2011-12-18,4,0,12,12,0,0,0,1,0.26,0.2576,0.6,0.2239,26,202
1991,8244,3,2011-12-15,4,0,12,3,0,4,1,2,0.32,0.3333,0.7,0.1343,1,2
1992,15501,146,2012-10-13,4,1,10,1,0,6,0,1,0.34,0.3333,0.53,0.1343,23,123
1993,8588,142,2011-12-29,1,0,12,14,0,4,1,2,0.3,0.3333,0.52,0.0,30,112
1994,9995,227,2012-02-26,1,1,2,11,0,0,0,1,0.28,0.2576,0.41,0.2836,43,184
1995,13845,87,2012-08-05,3,1,8,1,0,0,0,1,0.74,0.697,0.7,0.2537,8,79
1996,12556,613,2012-06-12,2,1,6,8,0,2,1,2,0.62,0.5606,0.88,0.2239,15,598
1997,7248,152,2011-11-03,4,0,11,14,0,4,1,1,0.52,0.5,0.52,0.1642,32,120
1998,15891,115,2012-10-30,4,1,10,19,0,2,1,2,0.5,0.4848,0.68,0.194,6,109
1999,8376,154,2011-12-20,4,0,12,15,0,2,1,2,0.44,0.4394,0.54,0.0,15,139
2000,15862,116,2012-10-28,4,1,10,2,0,0,0,2,0.5,0.4848,0.68,0.2985,17,99
2001,6781,56,2011-10-15,4,0,10,2,0,6,0,1,0.46,0.4545,0.59,0.194,17,39
2002,15695,41,2012-10-21,4,1,10,3,0,0,0,1,0.38,0.3939,0.66,0.0896,12,29
2003,14724,488,2012-09-10,3,1,9,16,0,1,1,1,0.66,0.6212,0.34,0.3284,108,380
2004,15543,336,2012-10-14,4,1,10,19,0,0,0,1,0.56,0.5303,0.64,0.2239,68,268
2005,47,8,2011-01-02,1,0,1,23,0,0,0,1,0.22,0.2273,0.47,0.1642,0,8
2006,3457,161,2011-05-28,2,0,5,22,0,6,0,1,0.66,0.6061,0.78,0.2239,46,115
2007,5610,249,2011-08-26,3,0,8,15,0,5,1,2,0.8,0.7727,0.59,0.194,53,196
2008,6868,625,2011-10-18,4,0,10,17,0,2,1,1,0.6,0.6061,0.6,0.1343,72,553
2009,7585,116,2011-11-17,4,0,11,15,0,4,1,2,0.34,0.303,0.49,0.4478,10,106
2010,16994,201,2012-12-15,4,1,12,20,0,6,0,2,0.36,0.3485,0.57,0.194,23,178
2011,2251,25,2011-04-08,2,0,4,15,0,5,1,3,0.34,0.3182,0.87,0.2239,1,24
2012,5667,218,2011-08-29,3,0,8,13,0,1,1,2,0.7,0.6364,0.39,0.0,48,170
2013,15853,618,2012-10-27,4,1,10,17,0,6,0,2,0.56,0.5303,0.64,0.2836,248,370
2014,2740,31,2011-04-29,2,0,4,1,0,5,1,1,0.5,0.4848,0.45,0.0896,10,21
2015,10745,456,2012-03-28,2,1,3,19,0,3,1,1,0.6,0.6212,0.56,0.194,41,415
2016,5071,7,2011-08-04,3,0,8,4,0,4,1,2,0.68,0.6364,0.89,0.0,0,7
2017,11223,537,2012-04-17,2,1,4,19,0,2,1,1,0.6,0.6061,0.26,0.2537,73,464
2018,3031,2,2011-05-11,2,0,5,4,0,3,1,2,0.48,0.4697,0.88,0.1343,0,2
2019,8508,4,2011-12-26,1,0,12,5,1,1,0,1,0.34,0.303,0.42,0.3881,0,4
2020,11332,51,2012-04-22,2,1,4,8,0,0,0,3,0.4,0.4091,0.82,0.2537,8,43
2021,14165,292,2012-08-18,3,1,8,9,0,6,0,1,0.66,0.6212,0.65,0.2836,81,211
2022,7515,519,2011-11-14,4,0,11,17,0,1,1,1,0.62,0.6212,0.46,0.2537,55,464
2023,10429,287,2012-03-15,1,1,3,15,0,4,1,1,0.72,0.6515,0.32,0.2239,100,187
2024,3677,5,2011-06-07,2,0,6,2,0,2,1,1,0.6,0.5909,0.73,0.0896,3,2
2025,5186,72,2011-08-08,3,0,8,23,0,1,1,1,0.74,0.697,0.66,0.1045,19,53
2026,2554,198,2011-04-21,2,0,4,7,0,4,1,2,0.42,0.4242,0.47,0.4627,15,183
2027,7266,395,2011-11-04,4,0,11,8,0,5,1,2,0.4,0.4091,0.87,0.3582,8,387
2028,11646,432,2012-05-05,2,1,5,10,0,6,0,1,0.66,0.6212,0.65,0.1343,148,284
2029,5882,11,2011-09-07,3,0,9,13,0,3,1,3,0.6,0.5455,0.88,0.0,2,9
2030,5571,52,2011-08-25,3,0,8,0,0,4,1,1,0.68,0.6364,0.74,0.2985,11,41
2031,3162,165,2011-05-16,2,0,5,15,0,1,1,1,0.72,0.6667,0.51,0.0,55,110
2032,6859,499,2011-10-18,4,0,10,8,0,2,1,1,0.5,0.4848,0.77,0.0896,25,474
2033,1103,232,2011-02-18,1,0,2,16,0,5,1,1,0.66,0.6212,0.36,0.2836,68,164
2034,13139,285,2012-07-06,3,1,7,15,0,5,1,1,0.92,0.8182,0.29,0.194,79,206
2035,2674,270,2011-04-26,2,0,4,7,0,2,1,1,0.58,0.5455,0.83,0.2985,16,254
2036,2942,347,2011-05-07,2,0,5,11,0,6,0,1,0.56,0.5303,0.43,0.0,132,215
2037,13082,32,2012-07-04,3,1,7,6,1,3,0,1,0.66,0.6212,0.69,0.0,9,23
2038,3302,373,2011-05-22,2,0,5,11,0,0,0,1,0.7,0.6515,0.54,0.194,164,209
2039,3390,4,2011-05-26,2,0,5,3,0,4,1,1,0.6,0.5455,0.88,0.0896,0,4
2040,4302,33,2011-07-03,3,0,7,3,0,0,0,3,0.68,0.6364,0.65,0.0896,8,25
2041,6106,126,2011-09-16,3,0,9,23,0,5,1,1,0.5,0.4848,0.59,0.0,20,106
2042,2380,10,2011-04-14,2,0,4,1,0,4,1,1,0.38,0.3939,0.76,0.2239,1,9
2043,15588,446,2012-10-16,4,1,10,16,0,2,1,1,0.54,0.5152,0.39,0.2836,79,367
2044,10680,20,2012-03-26,2,1,3,2,0,1,1,1,0.46,0.4545,0.88,0.2239,14,6
2045,2694,7,2011-04-27,2,0,4,3,0,3,1,2,0.58,0.5455,0.88,0.2836,3,4
2046,3398,160,2011-05-26,2,0,5,11,0,4,1,1,0.74,0.697,0.66,0.2239,36,124
2047,15620,57,2012-10-18,4,1,10,0,0,4,1,1,0.46,0.4545,0.88,0.194,4,53
2048,4225,183,2011-06-29,3,0,6,22,0,3,1,1,0.7,0.6364,0.42,0.194,32,151
2049,13873,25,2012-08-06,3,1,8,5,0,1,1,1,0.7,0.6667,0.79,0.194,2,23
2050,2498,46,2011-04-18,2,0,4,23,0,1,1,1,0.5,0.4848,0.59,0.2537,11,35
2051,11711,6,2012-05-08,2,1,5,3,0,2,1,2,0.52,0.5,0.68,0.2836,2,4
2052,15911,230,2012-10-31,4,1,10,15,0,3,1,1,0.42,0.4242,0.54,0.1642,33,197
2053,16502,21,2012-11-25,4,1,11,7,0,0,0,2,0.22,0.2424,0.51,0.1045,2,19
2054,10776,7,2012-03-30,2,1,3,2,0,5,1,1,0.36,0.3333,0.53,0.2985,1,6
2055,17028,108,2012-12-17,4,1,12,6,0,1,1,2,0.36,0.3485,0.93,0.1343,1,107
2056,12053,333,2012-05-22,2,1,5,9,0,2,1,2,0.6,0.5606,0.83,0.1045,46,287
2057,1153,42,2011-02-20,1,0,2,19,0,0,0,2,0.34,0.3333,0.36,0.1343,3,39
2058,7002,398,2011-10-24,4,0,10,8,0,1,1,2,0.42,0.4242,0.88,0.1642,20,378
2059,2099,18,2011-04-02,2,0,4,7,0,6,0,2,0.26,0.2727,0.7,0.1045,2,16
2060,7961,63,2011-12-03,4,0,12,8,0,6,0,1,0.24,0.2576,0.75,0.0896,1,62
2061,3563,467,2011-06-02,2,0,6,8,0,4,1,1,0.7,0.6364,0.32,0.2985,25,442
2062,6826,62,2011-10-16,4,0,10,23,0,0,0,1,0.56,0.5303,0.52,0.4179,14,48
2063,9427,229,2012-02-02,1,1,2,16,0,4,1,1,0.46,0.4545,0.55,0.2836,18,211
2064,4172,604,2011-06-27,3,0,6,17,0,1,1,1,0.74,0.6818,0.55,0.1343,90,514
2065,9770,34,2012-02-17,1,1,2,0,0,5,1,2,0.3,0.3333,0.87,0.0,2,32
2066,5143,6,2011-08-07,3,0,8,4,0,0,0,1,0.7,0.6667,0.84,0.1343,1,5
2067,3761,165,2011-06-10,2,0,6,14,0,5,1,1,0.86,0.7727,0.39,0.0,44,121
2068,8210,398,2011-12-13,4,0,12,17,0,2,1,1,0.36,0.3485,0.4,0.194,17,381
2069,2073,12,2011-04-01,2,0,4,5,0,5,1,3,0.24,0.2273,0.93,0.2239,1,11
2070,13537,51,2012-07-23,3,1,7,5,0,1,1,2,0.66,0.5909,0.94,0.1343,3,48
2071,10445,278,2012-03-16,1,1,3,7,0,5,1,2,0.4,0.4091,0.87,0.194,13,265
2072,16887,334,2012-12-11,4,1,12,9,0,2,1,1,0.34,0.303,0.61,0.3881,12,322
2073,15256,306,2012-10-02,4,1,10,20,0,2,1,3,0.62,0.5455,0.94,0.1343,20,286
2074,7896,115,2011-11-30,4,0,11,15,0,3,1,1,0.36,0.3333,0.46,0.3284,11,104
2075,14328,12,2012-08-25,3,1,8,4,0,6,0,2,0.66,0.6212,0.69,0.1045,3,9
2076,4268,461,2011-07-01,3,0,7,17,0,5,1,1,0.82,0.697,0.21,0.194,99,362
2077,14782,9,2012-09-13,3,1,9,2,0,4,1,1,0.54,0.5152,0.77,0.0,0,9
2078,943,47,2011-02-11,1,0,2,21,0,5,1,1,0.2,0.2121,0.59,0.1343,1,46
2079,10964,113,2012-04-06,2,1,4,23,0,5,1,1,0.42,0.4242,0.3,0.2836,21,92
2080,5745,443,2011-09-01,3,0,9,19,0,4,1,1,0.7,0.6515,0.58,0.1642,79,364
2081,12578,194,2012-06-13,2,1,6,6,0,3,1,1,0.6,0.5606,0.83,0.2239,6,188
2082,11937,327,2012-05-17,2,1,5,13,0,4,1,1,0.62,0.6212,0.41,0.194,86,241
2083,14172,641,2012-08-18,3,1,8,16,0,6,0,1,0.76,0.6667,0.37,0.2537,287,354
2084,7804,185,2011-11-26,4,0,11,18,0,6,0,2,0.42,0.4242,0.62,0.1642,67,118
2085,4647,420,2011-07-17,3,0,7,12,0,0,0,1,0.76,0.697,0.55,0.2836,177,243
2086,7792,10,2011-11-26,4,0,11,6,0,6,0,2,0.3,0.3182,0.75,0.0896,2,8
2087,2913,82,2011-05-06,2,0,5,6,0,5,1,1,0.36,0.3636,0.81,0.0896,8,74
2088,1018,5,2011-02-15,1,0,2,1,0,2,1,1,0.3,0.2424,0.42,0.7761,0,5
2089,13429,370,2012-07-18,3,1,7,17,0,3,1,1,0.74,0.697,0.7,0.2537,35,335
2090,6886,130,2011-10-19,4,0,10,12,0,3,1,3,0.52,0.5,0.94,0.3284,13,117
2091,9049,90,2012-01-17,1,1,1,22,0,2,1,1,0.46,0.4545,0.72,0.3881,5,85
2092,1213,78,2011-02-23,1,0,2,14,0,3,1,1,0.32,0.3333,0.29,0.1045,17,61
2093,4394,98,2011-07-06,3,0,7,23,0,3,1,1,0.68,0.6364,0.83,0.2239,20,78
2094,890,69,2011-02-09,1,0,2,13,0,3,1,1,0.18,0.1667,0.4,0.2537,2,67
2095,5995,408,2011-09-12,3,0,9,8,0,1,1,1,0.6,0.5758,0.78,0.0896,26,382
2096,13520,504,2012-07-22,3,1,7,12,0,0,0,2,0.7,0.6515,0.7,0.1045,178,326
2097,13867,87,2012-08-05,3,1,8,23,0,0,0,2,0.72,0.697,0.79,0.1642,29,58
2098,5543,260,2011-08-23,3,0,8,20,0,2,1,1,0.64,0.6212,0.53,0.2537,54,206
2099,10310,406,2012-03-10,1,1,3,15,0,6,0,1,0.34,0.3636,0.25,0.0,132,274
2100,8788,101,2012-01-06,1,1,1,23,0,5,1,1,0.36,0.3788,0.5,0.0,13,88
2101,138,23,2011-01-06,1,0,1,23,0,4,1,2,0.2,0.197,0.59,0.194,4,19
2102,1002,130,2011-02-14,1,0,2,9,0,1,1,1,0.4,0.4091,0.37,0.3881,8,122
2103,10196,120,2012-03-05,1,1,3,21,0,1,1,1,0.26,0.2273,0.37,0.3881,4,116
2104,3532,17,2011-06-01,2,0,6,1,0,3,1,1,0.7,0.6667,0.84,0.2537,8,9
2105,11530,218,2012-04-30,2,1,4,14,0,1,1,2,0.5,0.4848,0.55,0.1343,56,162
2106,10630,156,2012-03-24,2,1,3,0,0,6,0,1,0.58,0.5455,0.68,0.0,45,111
2107,11344,35,2012-04-22,2,1,4,20,0,0,0,3,0.36,0.3333,0.93,0.4179,1,34
2108,6890,201,2011-10-19,4,0,10,16,0,3,1,3,0.56,0.5303,0.94,0.1642,21,180
2109,846,114,2011-02-07,1,0,2,16,0,1,1,2,0.36,0.3485,0.57,0.1343,16,98
2110,1189,55,2011-02-22,1,0,2,13,0,2,1,1,0.22,0.2273,0.55,0.1642,3,52
2111,9340,9,2012-01-30,1,1,1,1,0,1,1,1,0.26,0.2273,0.6,0.3582,0,9
2112,12832,386,2012-06-23,3,1,6,20,0,6,0,1,0.78,0.6818,0.31,0.194,158,228
2113,6764,180,2011-10-14,4,0,10,9,0,5,1,2,0.56,0.5303,0.94,0.2239,16,164
2114,11574,175,2012-05-02,2,1,5,10,0,3,1,2,0.58,0.5455,0.83,0.1045,28,147
2115,5386,308,2011-08-17,3,0,8,7,0,3,1,1,0.66,0.6212,0.65,0.0896,12,296
2116,601,16,2011-01-28,1,0,1,6,0,5,1,2,0.18,0.197,0.8,0.1343,0,16
2117,10337,258,2012-03-11,1,1,3,19,0,0,0,1,0.5,0.4848,0.31,0.2836,55,203
2118,13666,494,2012-07-28,3,1,7,14,0,6,0,1,0.86,0.7727,0.39,0.2537,186,308
2119,5656,13,2011-08-29,3,0,8,2,0,1,1,1,0.6,0.5909,0.69,0.194,8,5
2120,15776,316,2012-10-24,4,1,10,12,0,3,1,1,0.62,0.6061,0.61,0.0896,48,268
2121,3833,200,2011-06-13,2,0,6,14,0,1,1,1,0.7,0.6364,0.34,0.2537,55,145
2122,10927,246,2012-04-05,2,1,4,10,0,4,1,1,0.42,0.4242,0.35,0.2836,88,158
2123,12586,320,2012-06-13,2,1,6,14,0,3,1,2,0.72,0.6515,0.37,0.4179,98,222
2124,15032,776,2012-09-23,4,1,9,12,0,0,0,1,0.56,0.5303,0.43,0.1045,250,526
2125,5036,556,2011-08-02,3,0,8,17,0,2,1,2,0.9,0.7879,0.27,0.1343,63,493
2126,2943,373,2011-05-07,2,0,5,12,0,6,0,1,0.6,0.6212,0.4,0.194,129,244
2127,16652,479,2012-12-01,4,1,12,14,0,6,0,2,0.36,0.3788,0.71,0.0,110,369
2128,1198,77,2011-02-22,1,0,2,22,0,2,1,1,0.16,0.1515,0.43,0.2537,1,76
2129,927,4,2011-02-11,1,0,2,5,0,5,1,1,0.08,0.1212,0.63,0.0896,0,4
2130,2340,54,2011-04-12,2,0,4,9,0,2,1,3,0.46,0.4545,0.94,0.4925,4,50
2131,3703,6,2011-06-08,2,0,6,4,0,3,1,1,0.62,0.5758,0.83,0.0,0,6
2132,12671,28,2012-06-17,2,1,6,3,0,0,0,1,0.54,0.5152,0.64,0.1045,6,22
2133,15272,358,2012-10-03,4,1,10,12,0,3,1,2,0.7,0.6515,0.7,0.1045,69,289
2134,1594,53,2011-03-11,1,0,3,21,0,5,1,2,0.3,0.2879,0.52,0.2537,10,43
2135,14247,476,2012-08-21,3,1,8,19,0,2,1,3,0.62,0.5909,0.73,0.1045,56,420
2136,8618,91,2011-12-30,1,0,12,20,0,5,1,2,0.34,0.3485,0.66,0.1045,16,75
2137,2854,365,2011-05-03,2,0,5,19,0,2,1,1,0.68,0.6364,0.57,0.3582,42,323
2138,15109,953,2012-09-26,4,1,9,17,0,3,1,1,0.74,0.6667,0.48,0.2985,77,876
2139,17337,2,2012-12-30,1,1,12,5,0,0,0,2,0.26,0.2273,0.48,0.2985,0,2
2140,10790,367,2012-03-30,2,1,3,16,0,5,1,3,0.4,0.4091,0.62,0.2836,75,292
2141,2537,148,2011-04-20,2,0,4,14,0,3,1,1,0.74,0.6515,0.4,0.4627,33,115
2142,14441,313,2012-08-29,3,1,8,21,0,3,1,1,0.66,0.6212,0.54,0.1045,48,265
2143,5756,76,2011-09-02,3,0,9,6,0,5,1,1,0.6,0.5606,0.83,0.1343,3,73
2144,14117,337,2012-08-16,3,1,8,9,0,4,1,1,0.72,0.6667,0.54,0.1045,41,296
2145,5418,174,2011-08-18,3,0,8,15,0,4,1,1,0.8,0.7273,0.46,0.3582,56,118
2146,10238,209,2012-03-07,1,1,3,15,0,3,1,1,0.54,0.5152,0.37,0.4478,44,165
2147,7580,81,2011-11-17,4,0,11,10,0,4,1,2,0.34,0.303,0.61,0.3284,7,74
2148,1319,5,2011-02-28,1,0,2,5,0,1,1,2,0.34,0.3636,0.93,0.0,1,4
2149,7669,4,2011-11-21,4,0,11,3,0,1,1,3,0.44,0.4394,1.0,0.1343,0,4
2150,15583,228,2012-10-16,4,1,10,11,0,2,1,1,0.5,0.4848,0.45,0.4179,56,172
2151,4789,198,2011-07-23,3,0,7,10,0,6,0,1,0.86,0.7879,0.41,0.2239,61,137
2152,6015,8,2011-09-13,3,0,9,4,0,2,1,1,0.56,0.5303,0.88,0.0,2,6
2153,6398,8,2011-09-29,4,0,9,3,0,4,1,2,0.6,0.5152,0.94,0.194,0,8
2154,5348,530,2011-08-15,3,0,8,17,0,1,1,1,0.74,0.6667,0.51,0.2836,59,471
2155,15006,474,2012-09-22,3,1,9,10,0,6,0,1,0.66,0.6212,0.65,0.3284,124,350
2156,9192,120,2012-01-23,1,1,1,21,0,1,1,2,0.26,0.2424,1.0,0.2836,8,112
2157,10134,16,2012-03-03,1,1,3,7,0,6,0,2,0.36,0.3485,0.93,0.1343,2,14
2158,15545,196,2012-10-14,4,1,10,21,0,0,0,1,0.56,0.5303,0.73,0.4478,40,156
2159,14464,471,2012-08-30,3,1,8,20,0,4,1,1,0.74,0.6818,0.58,0.1642,68,403
2160,5009,123,2011-08-01,3,0,8,14,0,1,1,1,0.92,0.8182,0.29,0.194,37,86
2161,14331,102,2012-08-25,3,1,8,7,0,6,0,2,0.64,0.5909,0.78,0.194,14,88
2162,12992,471,2012-06-30,3,1,6,12,0,6,0,1,0.88,0.7727,0.3,0.2537,143,328
2163,1450,204,2011-03-05,1,0,3,16,0,6,0,2,0.48,0.4697,0.59,0.2985,74,130
2164,5369,182,2011-08-16,3,0,8,14,0,2,1,1,0.76,0.6818,0.45,0.4179,65,117
2165,5847,2,2011-09-06,3,0,9,2,0,2,1,3,0.54,0.5152,0.94,0.2537,0,2
2166,8263,124,2011-12-15,4,0,12,22,0,4,1,1,0.52,0.5,0.63,0.3284,8,116
2167,13775,6,2012-08-02,3,1,8,3,0,4,1,1,0.66,0.6061,0.83,0.0,0,6
2168,11116,563,2012-04-13,2,1,4,8,0,5,1,1,0.38,0.3939,0.46,0.1642,24,539
2169,3238,410,2011-05-19,2,0,5,19,0,4,1,1,0.58,0.5455,0.6,0.1343,65,345
2170,14645,344,2012-09-07,3,1,9,9,0,5,1,1,0.7,0.6667,0.79,0.1343,33,311
2171,15206,401,2012-09-30,4,1,9,18,0,0,0,1,0.52,0.5,0.59,0.4478,91,310
2172,10755,32,2012-03-29,2,1,3,5,0,4,1,1,0.5,0.4848,0.45,0.2239,2,30
2173,15092,40,2012-09-26,4,1,9,0,0,3,1,1,0.58,0.5455,0.64,0.2985,6,34
2174,6891,181,2011-10-19,4,0,10,17,0,3,1,3,0.56,0.5303,0.94,0.1642,11,170
2175,11826,274,2012-05-12,2,1,5,22,0,6,0,1,0.56,0.5303,0.68,0.1343,62,212
2176,11284,700,2012-04-20,2,1,4,8,0,5,1,1,0.44,0.4394,0.94,0.0,32,668
2177,5919,2,2011-09-09,3,0,9,3,0,5,1,2,0.62,0.5455,0.94,0.2537,1,1
2178,4848,194,2011-07-25,3,0,7,21,0,1,1,1,0.7,0.6667,0.84,0.0,41,153
2179,13306,369,2012-07-13,3,1,7,14,0,5,1,2,0.8,0.7121,0.38,0.0,120,249
2180,5079,205,2011-08-04,3,0,8,12,0,4,1,2,0.76,0.7121,0.62,0.2239,53,152
2181,8537,60,2011-12-27,1,0,12,10,0,2,1,2,0.32,0.3333,0.66,0.0896,13,47
2182,12339,35,2012-06-03,2,1,6,7,0,0,0,1,0.5,0.4848,0.68,0.1045,6,29
2183,6363,258,2011-09-27,4,0,9,16,0,2,1,2,0.66,0.6061,0.83,0.194,33,225
2184,9408,233,2012-02-01,1,1,2,21,0,3,1,1,0.52,0.5,0.52,0.1642,16,217
2185,401,61,2011-01-18,1,0,1,16,0,2,1,2,0.22,0.2273,0.87,0.194,0,61
2186,2021,10,2011-03-30,2,0,3,1,0,3,1,1,0.32,0.3485,0.39,0.0,1,9
2187,14731,93,2012-09-10,3,1,9,23,0,1,1,1,0.54,0.5152,0.52,0.0,7,86
2188,5091,54,2011-08-05,3,0,8,0,0,5,1,1,0.66,0.6212,0.74,0.1045,13,41
2189,16151,605,2012-11-10,4,1,11,16,0,6,0,1,0.54,0.5152,0.37,0.0,227,378
2190,2115,53,2011-04-02,2,0,4,23,0,6,0,1,0.32,0.3182,0.61,0.1642,20,33
2191,12574,4,2012-06-13,2,1,6,2,0,3,1,1,0.62,0.5758,0.83,0.1343,0,4
2192,15318,260,2012-10-05,4,1,10,10,0,5,1,1,0.66,0.6212,0.54,0.0,68,192
2193,8250,280,2011-12-15,4,0,12,9,0,4,1,2,0.36,0.3333,0.62,0.2836,6,274
2194,17329,60,2012-12-29,1,1,12,21,0,6,0,2,0.28,0.2424,0.56,0.4925,4,56
2195,3478,287,2011-05-29,2,0,5,19,0,0,0,1,0.72,0.697,0.74,0.2537,141,146
2196,5137,120,2011-08-06,3,0,8,22,0,6,0,2,0.7,0.6667,0.84,0.3284,24,96
2197,3452,341,2011-05-28,2,0,5,17,0,6,0,1,0.74,0.6818,0.55,0.2985,180,161
2198,6755,39,2011-10-14,4,0,10,0,0,5,1,1,0.58,0.5455,0.94,0.0896,10,29
2199,10665,323,2012-03-25,2,1,3,11,0,0,0,2,0.4,0.4091,0.94,0.2537,106,217
2200,10320,61,2012-03-11,1,1,3,1,0,0,0,1,0.24,0.2424,0.52,0.1642,4,57
2201,10137,168,2012-03-03,1,1,3,10,0,6,0,2,0.4,0.4091,0.87,0.0,31,137
2202,3252,234,2011-05-20,2,0,5,9,0,5,1,1,0.54,0.5152,0.68,0.2239,35,199
2203,488,40,2011-01-22,1,0,1,9,0,6,0,1,0.04,0.0303,0.41,0.2537,3,37
2204,8279,128,2011-12-16,4,0,12,14,0,5,1,2,0.34,0.3182,0.42,0.2239,13,115
2205,11465,208,2012-04-27,2,1,4,21,0,5,1,1,0.44,0.4394,0.33,0.2985,23,185
2206,6228,11,2011-09-22,3,0,9,1,0,4,1,2,0.6,0.5152,0.94,0.0896,5,6
2207,2518,276,2011-04-19,2,0,4,19,0,2,1,2,0.5,0.4848,0.72,0.194,28,248
2208,9401,192,2012-02-01,1,1,2,14,0,3,1,1,0.62,0.6212,0.33,0.2239,33,159
2209,15883,14,2012-10-28,4,1,10,23,0,0,0,3,0.42,0.4242,0.94,0.3582,2,12
2210,9892,2,2012-02-22,1,1,2,4,0,3,1,1,0.34,0.3333,0.71,0.1642,0,2
2211,4772,306,2011-07-22,3,0,7,17,0,5,1,1,0.88,0.8485,0.47,0.1045,35,271
2212,4849,125,2011-07-25,3,0,7,22,0,1,1,1,0.7,0.6667,0.84,0.0,13,112
2213,14710,17,2012-09-10,3,1,9,2,0,1,1,1,0.54,0.5152,0.6,0.3582,11,6
2214,7235,15,2011-11-03,4,0,11,1,0,4,1,1,0.34,0.3333,0.81,0.1343,3,12
2215,5346,182,2011-08-15,3,0,8,15,0,1,1,3,0.74,0.6818,0.55,0.2985,49,133
2216,8298,100,2011-12-17,4,0,12,9,0,6,0,2,0.26,0.2424,0.56,0.2537,5,95
2217,11598,168,2012-05-03,2,1,5,10,0,4,1,2,0.52,0.5,0.77,0.0,36,132
2218,10639,249,2012-03-24,2,1,3,9,0,6,0,2,0.52,0.5,0.83,0.1343,96,153
2219,15242,179,2012-10-02,4,1,10,6,0,2,1,3,0.58,0.5455,0.83,0.1045,3,176
2220,9455,163,2012-02-03,1,1,2,20,0,5,1,1,0.34,0.3485,0.49,0.1045,8,155
2221,4198,299,2011-06-28,3,0,6,19,0,2,1,2,0.74,0.6818,0.58,0.4627,44,255
2222,2178,76,2011-04-05,2,0,4,14,0,2,1,2,0.36,0.3182,0.57,0.4925,9,67
2223,3513,109,2011-05-31,2,0,5,6,0,2,1,1,0.68,0.6364,0.79,0.0896,11,98
2224,7091,16,2011-10-28,4,0,10,1,0,5,1,1,0.32,0.303,0.66,0.2537,7,9
2225,4470,25,2011-07-10,3,0,7,3,0,0,0,1,0.66,0.6212,0.74,0.0896,6,19
2226,1959,86,2011-03-27,2,0,3,10,0,0,0,2,0.22,0.2121,0.55,0.2239,27,59
2227,16291,290,2012-11-16,4,1,11,12,0,5,1,1,0.4,0.4091,0.43,0.2836,28,262
2228,1887,97,2011-03-24,2,0,3,9,0,4,1,2,0.26,0.2576,0.93,0.2239,3,94
2229,15008,688,2012-09-22,3,1,9,12,0,6,0,1,0.72,0.6667,0.54,0.2985,228,460
2230,3664,180,2011-06-06,2,0,6,13,0,1,1,1,0.78,0.6818,0.35,0.0,28,152
2231,1042,1,2011-02-16,1,0,2,3,0,3,1,2,0.2,0.197,0.47,0.194,0,1
2232,3854,143,2011-06-14,2,0,6,11,0,2,1,1,0.64,0.6212,0.41,0.2836,40,103
2233,10252,29,2012-03-08,1,1,3,5,0,4,1,1,0.42,0.4242,0.77,0.2239,1,28
2234,2302,240,2011-04-10,2,0,4,18,0,0,0,1,0.5,0.4848,0.77,0.194,103,137
2235,1797,203,2011-03-20,1,0,3,13,0,0,0,1,0.38,0.3939,0.34,0.0,88,115
2236,3616,456,2011-06-04,2,0,6,13,0,6,0,1,0.74,0.6515,0.28,0.1343,188,268
2237,15188,147,2012-09-30,4,1,9,0,0,0,0,1,0.5,0.4848,0.59,0.0,35,112
2238,8398,58,2011-12-21,1,0,12,13,0,3,1,3,0.44,0.4394,0.94,0.2985,3,55
2239,7969,305,2011-12-03,4,0,12,16,0,6,0,1,0.38,0.3939,0.46,0.0,75,230
2240,16718,721,2012-12-04,4,1,12,8,0,2,1,2,0.44,0.4394,0.88,0.1642,21,700
2241,13856,491,2012-08-05,3,1,8,12,0,0,0,1,0.86,0.803,0.47,0.5224,161,330
2242,830,15,2011-02-07,1,0,2,0,0,1,1,1,0.24,0.2879,0.65,0.0,1,14
2243,15616,414,2012-10-17,4,1,10,20,0,3,1,1,0.5,0.4848,0.72,0.1343,54,360
2244,14407,218,2012-08-28,3,1,8,11,0,2,1,1,0.78,0.7273,0.55,0.2537,47,171
2245,14284,707,2012-08-23,3,1,8,8,0,4,1,2,0.66,0.6212,0.74,0.0896,45,662
2246,7771,95,2011-11-25,4,0,11,9,0,5,1,1,0.32,0.3485,0.76,0.0,25,70
2247,14511,392,2012-09-01,3,1,9,19,0,6,0,3,0.78,0.7424,0.62,0.0,157,235
2248,408,20,2011-01-18,1,0,1,23,0,2,1,2,0.22,0.2727,0.93,0.0,1,19
2249,7952,95,2011-12-02,4,0,12,23,0,5,1,1,0.32,0.303,0.53,0.2836,14,81
2250,2483,297,2011-04-18,2,0,4,8,0,1,1,1,0.46,0.4545,0.63,0.0,20,277
2251,15771,526,2012-10-24,4,1,10,7,0,3,1,1,0.5,0.4848,0.88,0.0896,20,506
2252,3412,50,2011-05-27,2,0,5,1,0,5,1,1,0.7,0.6515,0.58,0.2985,14,36
2253,4178,81,2011-06-27,3,0,6,23,0,1,1,1,0.68,0.6364,0.69,0.0,16,65
2254,2599,5,2011-04-23,2,0,4,4,0,6,0,3,0.34,0.3636,1.0,0.0,2,3
2255,1961,163,2011-03-27,2,0,3,12,0,0,0,2,0.26,0.2576,0.44,0.2239,43,120
2256,17106,212,2012-12-20,4,1,12,12,0,4,1,2,0.36,0.3485,0.53,0.1642,31,181
2257,6916,469,2011-10-20,4,0,10,18,0,4,1,2,0.46,0.4545,0.51,0.2985,39,430
2258,7779,184,2011-11-25,4,0,11,17,0,5,1,1,0.5,0.4848,0.34,0.1045,57,127
2259,12871,181,2012-06-25,3,1,6,11,0,1,1,1,0.8,0.7273,0.43,0.3284,54,127
2260,11057,282,2012-04-10,2,1,4,20,0,2,1,1,0.46,0.4545,0.28,0.3881,34,248
2261,14135,6,2012-08-17,3,1,8,3,0,5,1,1,0.64,0.2424,0.65,0.1045,0,6
2262,16589,154,2012-11-28,4,1,11,22,0,3,1,1,0.28,0.2727,0.45,0.1642,6,148
2263,12560,95,2012-06-12,2,1,6,12,0,2,1,3,0.66,0.6061,0.83,0.2537,19,76
2264,8746,26,2012-01-05,1,1,1,5,0,4,1,2,0.2,0.2273,0.59,0.0896,0,26
2265,2608,312,2011-04-23,2,0,4,13,0,6,0,1,0.52,0.5,0.83,0.3881,126,186
2266,937,74,2011-02-11,1,0,2,15,0,5,1,1,0.32,0.3182,0.21,0.1642,12,62
2267,3583,6,2011-06-03,2,0,6,4,0,5,1,1,0.52,0.5,0.48,0.3284,1,5
2268,2055,58,2011-03-31,2,0,3,11,0,4,1,3,0.28,0.2727,0.93,0.194,6,52
2269,1001,256,2011-02-14,1,0,2,8,0,1,1,1,0.38,0.3939,0.4,0.4627,7,249
2270,54,154,2011-01-03,1,0,1,8,0,1,1,1,0.14,0.1212,0.5,0.2836,1,153
2271,13766,891,2012-08-01,3,1,8,18,0,3,1,3,0.76,0.7121,0.62,0.2239,105,786
2272,11936,348,2012-05-17,2,1,5,12,0,4,1,1,0.6,0.6212,0.43,0.194,72,276
2273,10936,487,2012-04-05,2,1,4,19,0,4,1,1,0.48,0.4697,0.31,0.2537,64,423
2274,458,2,2011-01-21,1,0,1,2,0,5,1,3,0.24,0.2424,0.75,0.1642,0,2
2275,15775,236,2012-10-24,4,1,10,11,0,3,1,1,0.58,0.5455,0.64,0.0,47,189
2276,9282,197,2012-01-27,1,1,1,15,0,5,1,1,0.48,0.4697,0.51,0.3284,27,170
2277,4401,118,2011-07-07,3,0,7,6,0,4,1,2,0.64,0.5758,0.89,0.1343,11,107
2278,1184,114,2011-02-22,1,0,2,8,0,2,1,2,0.12,0.1212,0.8,0.2537,7,107
2279,2755,299,2011-04-29,2,0,4,16,0,5,1,2,0.54,0.5152,0.42,0.3582,59,240
2280,508,1,2011-01-23,1,0,1,6,0,0,0,2,0.04,0.0758,0.57,0.1045,0,1
2281,9494,182,2012-02-05,1,1,2,11,0,0,0,2,0.26,0.2576,0.7,0.194,22,160
2282,13736,248,2012-07-31,3,1,7,12,0,2,1,1,0.8,0.7273,0.46,0.0,50,198
2283,13265,391,2012-07-11,3,1,7,21,0,3,1,1,0.72,0.6667,0.58,0.2239,69,322
2284,9301,191,2012-01-28,1,1,1,10,0,6,0,1,0.26,0.2727,0.7,0.1343,27,164
2285,15703,547,2012-10-21,4,1,10,11,0,0,0,1,0.52,0.5,0.44,0.3284,191,356
2286,12843,71,2012-06-24,3,1,6,7,0,0,0,1,0.64,0.6061,0.69,0.1045,23,48
2287,7550,4,2011-11-16,4,0,11,4,0,3,1,2,0.44,0.4394,1.0,0.2239,1,3
2288,3566,165,2011-06-02,2,0,6,11,0,4,1,1,0.74,0.6515,0.28,0.3881,42,123
2289,17378,61,2012-12-31,1,1,12,22,0,1,1,1,0.26,0.2727,0.56,0.1343,13,48
2290,6632,187,2011-10-08,4,0,10,21,0,6,0,1,0.52,0.5,0.77,0.0,54,133
2291,164,16,2011-01-08,1,0,1,2,0,6,0,2,0.18,0.2424,0.55,0.0,3,13
2292,16895,601,2012-12-11,4,1,12,17,0,2,1,1,0.32,0.303,0.53,0.2239,21,580
2293,12038,530,2012-05-21,2,1,5,18,0,1,1,1,0.64,0.6061,0.73,0.1045,52,478
2294,14275,140,2012-08-22,3,1,8,23,0,3,1,1,0.64,0.5758,0.83,0.0,27,113
2295,12455,8,2012-06-08,2,1,6,3,0,5,1,1,0.54,0.5152,0.6,0.0896,0,8
2296,11008,276,2012-04-08,2,1,4,19,0,0,0,1,0.6,0.6061,0.23,0.3881,89,187
2297,8717,9,2012-01-04,1,1,1,0,0,3,1,1,0.08,0.0606,0.42,0.3284,0,9
2298,10885,485,2012-04-03,2,1,4,16,0,2,1,1,0.62,0.6061,0.21,0.1642,145,340
2299,10632,69,2012-03-24,2,1,3,2,0,6,0,1,0.54,0.5152,0.77,0.1045,14,55
2300,12379,86,2012-06-04,2,1,6,23,0,1,1,1,0.58,0.5455,0.49,0.2985,8,78
2301,4796,197,2011-07-23,3,0,7,17,0,6,0,1,0.94,0.8788,0.38,0.1343,70,127
2302,11468,103,2012-04-28,2,1,4,0,0,6,0,1,0.38,0.3939,0.43,0.1642,4,99
2303,14301,42,2012-08-24,3,1,8,1,0,5,1,2,0.64,0.6061,0.73,0.0,5,37
2304,16137,44,2012-11-10,4,1,11,2,0,6,0,1,0.32,0.3485,0.81,0.0,2,42
2305,5921,14,2011-09-09,3,0,9,5,0,5,1,2,0.62,0.5455,0.94,0.1343,0,14
2306,1735,87,2011-03-17,1,0,3,22,0,4,1,1,0.4,0.4091,0.66,0.2239,17,70
2307,15589,943,2012-10-16,4,1,10,17,0,2,1,1,0.52,0.5,0.39,0.194,104,839
2308,13083,72,2012-07-04,3,1,7,7,1,3,0,1,0.68,0.6364,0.65,0.0,10,62
2309,16903,21,2012-12-12,4,1,12,1,0,3,1,1,0.28,0.2727,0.61,0.2239,3,18
2310,4281,32,2011-07-02,3,0,7,6,0,6,0,1,0.62,0.6061,0.69,0.1045,11,21
2311,11417,239,2012-04-25,2,1,4,21,0,3,1,1,0.52,0.5,0.52,0.1343,27,212
2312,16083,319,2012-11-07,4,1,11,19,0,3,1,2,0.3,0.2727,0.56,0.2985,17,302
2313,7702,21,2011-11-22,4,0,11,12,0,2,1,3,0.4,0.4091,1.0,0.0896,3,18
2314,13450,197,2012-07-19,3,1,7,14,0,4,1,1,0.86,0.7879,0.44,0.0896,46,151
2315,11432,204,2012-04-26,2,1,4,12,0,4,1,2,0.52,0.5,0.83,0.1343,24,180
2316,4,13,2011-01-01,1,0,1,3,0,6,0,1,0.24,0.2879,0.75,0.0,3,10
2317,13215,631,2012-07-09,3,1,7,19,0,1,1,1,0.74,0.6818,0.55,0.1642,88,543
2318,17077,363,2012-12-19,4,1,12,7,0,3,1,1,0.26,0.2727,0.75,0.1343,3,360
2319,1845,101,2011-03-22,2,0,3,14,0,2,1,1,0.5,0.4848,0.42,0.3284,30,71
2320,13578,269,2012-07-24,3,1,7,22,0,2,1,1,0.74,0.697,0.66,0.2537,43,226
2321,12689,246,2012-06-17,2,1,6,21,0,0,0,1,0.62,0.6212,0.57,0.194,76,170
2322,11579,256,2012-05-02,2,1,5,15,0,3,1,1,0.64,0.6061,0.65,0.194,52,204
2323,1760,76,2011-03-19,1,0,3,0,0,6,0,2,0.6,0.6212,0.53,0.2537,26,50
2324,11595,384,2012-05-03,2,1,5,7,0,4,1,3,0.44,0.4394,0.94,0.1045,8,376
2325,16817,404,2012-12-08,4,1,12,11,0,6,0,2,0.4,0.4091,0.87,0.1045,63,341
2326,5484,231,2011-08-21,3,0,8,9,0,0,0,1,0.72,0.697,0.74,0.2239,80,151
2327,11993,259,2012-05-19,2,1,5,21,0,6,0,1,0.64,0.6212,0.5,0.0,81,178
2328,16385,176,2012-11-20,4,1,11,10,0,2,1,2,0.4,0.4091,0.66,0.0896,32,144
2329,3540,207,2011-06-01,2,0,6,9,0,3,1,2,0.74,0.7121,0.74,0.2239,34,173
2330,7658,306,2011-11-20,4,0,11,16,0,0,0,2,0.52,0.5,0.63,0.1343,81,225
2331,3383,340,2011-05-25,2,0,5,20,0,3,1,1,0.7,0.6515,0.61,0.1642,56,284
2332,11123,352,2012-04-13,2,1,4,15,0,5,1,1,0.54,0.5152,0.28,0.2537,115,237
2333,6556,591,2011-10-05,4,0,10,17,0,3,1,1,0.64,0.6212,0.47,0.2537,66,525
2334,9609,230,2012-02-10,1,1,2,7,0,5,1,1,0.2,0.2121,0.59,0.1642,5,225
2335,4815,246,2011-07-24,3,0,7,12,0,0,0,1,0.9,0.8636,0.45,0.1642,85,161
2336,11823,439,2012-05-12,2,1,5,19,0,6,0,2,0.64,0.6212,0.36,0.1642,166,273
2337,4195,261,2011-06-28,3,0,6,16,0,2,1,1,0.86,0.803,0.47,0.2836,41,220
2338,9037,62,2012-01-17,1,1,1,10,0,2,1,3,0.3,0.2879,0.87,0.2537,1,61
2339,11367,298,2012-04-23,2,1,4,19,0,1,1,2,0.34,0.3182,0.76,0.2239,11,287
2340,6734,6,2011-10-13,4,0,10,3,0,4,1,2,0.54,0.5152,1.0,0.194,2,4
2341,10082,3,2012-03-01,1,1,3,3,0,4,1,1,0.46,0.4545,0.94,0.2239,0,3
2342,367,67,2011-01-16,1,0,1,18,0,0,0,1,0.2,0.2121,0.4,0.1642,11,56
2343,5864,281,2011-09-06,3,0,9,19,0,2,1,2,0.54,0.5152,0.88,0.4179,12,269
2344,16343,372,2012-11-18,4,1,11,16,0,0,0,2,0.4,0.4091,0.62,0.3284,59,313
2345,15200,680,2012-09-30,4,1,9,12,0,0,0,1,0.62,0.6212,0.41,0.2985,206,474
2346,626,34,2011-01-29,1,0,1,8,0,6,0,1,0.18,0.197,0.55,0.1642,3,31
2347,942,63,2011-02-11,1,0,2,20,0,5,1,1,0.22,0.2273,0.55,0.1343,2,61
2348,5825,16,2011-09-05,3,0,9,3,1,1,0,2,0.68,0.6364,0.74,0.2985,4,12
2349,10138,214,2012-03-03,1,1,3,11,0,6,0,2,0.4,0.4091,0.87,0.0896,33,181
2350,4838,107,2011-07-25,3,0,7,11,0,1,1,2,0.84,0.8333,0.59,0.194,24,83
2351,16885,380,2012-12-11,4,1,12,7,0,2,1,1,0.34,0.303,0.66,0.4179,8,372
2352,3242,72,2011-05-19,2,0,5,23,0,4,1,1,0.48,0.4697,0.94,0.0,9,63
2353,3225,103,2011-05-19,2,0,5,6,0,4,1,2,0.5,0.4848,0.94,0.0,17,86
2354,7504,114,2011-11-14,4,0,11,6,0,1,1,2,0.44,0.4394,0.72,0.2239,10,104
2355,1940,216,2011-03-26,2,0,3,14,0,6,0,1,0.34,0.3182,0.29,0.2239,93,123
2356,8561,111,2011-12-28,1,0,12,11,0,3,1,1,0.36,0.3333,0.46,0.3582,18,93
2357,8885,7,2012-01-11,1,1,1,1,0,3,1,1,0.24,0.2576,0.87,0.0896,1,6
2358,11130,215,2012-04-13,2,1,4,22,0,5,1,1,0.44,0.4394,0.62,0.1045,34,181
2359,7408,114,2011-11-10,4,0,11,6,0,4,1,2,0.36,0.3485,1.0,0.1343,4,110
2360,6125,329,2011-09-17,3,0,9,18,0,6,0,2,0.52,0.5,0.72,0.2239,95,234
2361,5549,6,2011-08-24,3,0,8,2,0,3,1,1,0.58,0.5455,0.68,0.1343,2,4
2362,1925,39,2011-03-25,2,0,3,23,0,5,1,2,0.26,0.2424,0.38,0.2836,8,31
2363,1311,102,2011-02-27,1,0,2,19,0,0,0,1,0.4,0.4091,0.54,0.1343,16,86
2364,5524,19,2011-08-23,3,0,8,1,0,2,1,1,0.58,0.5455,0.49,0.194,6,13
2365,7568,46,2011-11-16,4,0,11,22,0,3,1,3,0.42,0.4242,0.88,0.2239,1,45
2366,6154,54,2011-09-18,3,0,9,23,0,0,0,1,0.54,0.5152,0.68,0.194,10,44
2367,13500,326,2012-07-21,3,1,7,16,0,6,0,3,0.6,0.5455,0.88,0.194,130,196
2368,9573,161,2012-02-08,1,1,2,19,0,3,1,3,0.24,0.2576,0.87,0.1045,3,158
2369,14708,41,2012-09-10,3,1,9,0,0,1,1,1,0.56,0.5303,0.52,0.2836,6,35
2370,9185,61,2012-01-23,1,1,1,14,0,1,1,3,0.22,0.2273,0.93,0.194,13,48
2371,638,43,2011-01-29,1,0,1,20,0,6,0,1,0.18,0.2121,0.74,0.0896,1,42
2372,13275,512,2012-07-12,3,1,7,7,0,4,1,1,0.64,0.6061,0.73,0.1343,32,480
2373,9473,276,2012-02-04,1,1,2,14,0,6,0,2,0.32,0.303,0.66,0.2239,47,229
2374,11638,75,2012-05-05,2,1,5,2,0,6,0,1,0.58,0.5455,0.88,0.0,24,51
2375,7420,273,2011-11-10,4,0,11,18,0,4,1,2,0.36,0.3485,0.81,0.1642,10,263
2376,9319,5,2012-01-29,1,1,1,4,0,0,0,1,0.24,0.2576,0.3,0.0,0,5
2377,1077,81,2011-02-17,1,0,2,14,0,4,1,1,0.6,0.6212,0.31,0.2239,26,55
2378,16965,309,2012-12-14,4,1,12,15,0,5,1,1,0.4,0.4091,0.47,0.1642,57,252
2379,12376,461,2012-06-04,2,1,6,20,0,1,1,1,0.6,0.6212,0.4,0.3582,71,390
2380,2246,73,2011-04-08,2,0,4,10,0,5,1,2,0.36,0.3333,0.71,0.2836,10,63
2381,3923,454,2011-06-17,2,0,6,8,0,5,1,2,0.6,0.5606,0.83,0.0,28,426
2382,3985,152,2011-06-19,2,0,6,22,0,0,0,1,0.66,0.6061,0.78,0.2239,38,114
2383,5460,190,2011-08-20,3,0,8,9,0,6,0,1,0.7,0.6515,0.65,0.0,51,139
2384,4580,595,2011-07-14,3,0,7,17,0,4,1,1,0.74,0.6515,0.37,0.1343,78,517
2385,10999,299,2012-04-08,2,1,4,10,0,0,0,1,0.5,0.4848,0.25,0.2239,113,186
2386,9848,44,2012-02-20,1,1,2,7,1,1,0,2,0.22,0.197,0.55,0.3284,2,42
2387,13841,289,2012-08-04,3,1,8,21,0,6,0,1,0.8,0.7727,0.59,0.2537,96,193
2388,12471,555,2012-06-08,2,1,6,19,0,5,1,1,0.74,0.6515,0.3,0.2239,95,460
2389,11224,402,2012-04-17,2,1,4,20,0,2,1,1,0.6,0.6061,0.23,0.2836,44,358
2390,14923,78,2012-09-18,3,1,9,23,0,2,1,2,0.56,0.5303,0.83,0.2239,11,67
2391,3840,218,2011-06-13,2,0,6,21,0,1,1,1,0.64,0.6212,0.41,0.2537,40,178
2392,236,3,2011-01-11,1,0,1,2,0,2,1,2,0.16,0.1515,0.55,0.194,0,3
2393,14402,147,2012-08-28,3,1,8,6,0,2,1,2,0.66,0.5909,0.89,0.1045,3,144
2394,9750,3,2012-02-16,1,1,2,4,0,4,1,3,0.3,0.3182,0.7,0.0896,0,3
2395,11510,487,2012-04-29,2,1,4,18,0,0,0,1,0.6,0.6061,0.26,0.2836,164,323
2396,11584,338,2012-05-02,2,1,5,20,0,3,1,1,0.52,0.5,0.77,0.2537,42,296
2397,8259,377,2011-12-15,4,0,12,18,0,4,1,2,0.52,0.5,0.59,0.2985,14,363
2398,11413,732,2012-04-25,2,1,4,17,0,3,1,1,0.6,0.5909,0.2,0.2985,68,664
2399,7008,206,2011-10-24,4,0,10,14,0,1,1,2,0.54,0.5152,0.64,0.194,63,143
2400,15504,11,2012-10-13,4,1,10,4,0,6,0,1,0.3,0.303,0.65,0.1642,2,9
2401,9023,144,2012-01-16,1,1,1,19,1,1,0,1,0.26,0.2424,0.56,0.2836,10,134
2402,5742,308,2011-09-01,3,0,9,16,0,4,1,1,0.74,0.6667,0.51,0.194,55,253
2403,7766,7,2011-11-25,4,0,11,4,0,5,1,1,0.3,0.3182,0.75,0.1045,4,3
2404,2697,84,2011-04-27,2,0,4,6,0,3,1,1,0.56,0.5303,0.94,0.2537,5,79
2405,2718,3,2011-04-28,2,0,4,3,0,4,1,2,0.64,0.5909,0.78,0.3881,2,1
2406,4041,122,2011-06-22,3,0,6,6,0,3,1,1,0.66,0.6061,0.83,0.0,12,110
2407,15820,734,2012-10-26,4,1,10,8,0,5,1,2,0.54,0.5152,0.88,0.1343,20,714
2408,9902,177,2012-02-22,1,1,2,14,0,3,1,1,0.44,0.4394,0.54,0.3284,35,142
2409,8070,6,2011-12-07,4,0,12,21,0,3,1,3,0.3,0.2576,0.87,0.5224,0,6
2410,9844,20,2012-02-20,1,1,2,2,1,1,0,2,0.24,0.2576,0.87,0.0896,1,19
2411,13989,116,2012-08-11,3,1,8,1,0,6,0,1,0.66,0.6212,0.74,0.2239,32,84
2412,3418,249,2011-05-27,2,0,5,7,0,5,1,1,0.64,0.6061,0.73,0.1642,20,229
2413,14197,343,2012-08-19,3,1,8,17,0,0,0,2,0.64,0.5909,0.78,0.1045,76,267
2414,909,122,2011-02-10,1,0,2,9,0,4,1,1,0.12,0.1061,0.42,0.3582,1,121
2415,824,78,2011-02-06,1,0,2,18,0,0,0,1,0.3,0.303,0.56,0.1642,13,65
2416,12639,467,2012-06-15,2,1,6,19,0,5,1,1,0.7,0.6364,0.42,0.1642,98,369
2417,15259,98,2012-10-02,4,1,10,23,0,2,1,2,0.62,0.5455,0.94,0.0,11,87
2418,132,172,2011-01-06,1,0,1,17,0,4,1,1,0.22,0.2273,0.51,0.1642,9,163
2419,8984,6,2012-01-15,1,1,1,4,0,0,0,2,0.16,0.1364,0.47,0.3881,1,5
2420,993,11,2011-02-14,1,0,2,0,0,1,1,1,0.38,0.3939,0.37,0.3582,3,8
2421,9681,195,2012-02-13,1,1,2,7,0,1,1,1,0.1,0.1061,0.54,0.194,1,194
2422,6342,383,2011-09-26,4,0,9,19,0,1,1,1,0.66,0.6061,0.82,0.0896,36,347
2423,14111,4,2012-08-16,3,1,8,3,0,4,1,1,0.62,0.5909,0.73,0.2537,0,4
2424,11462,654,2012-04-27,2,1,4,18,0,5,1,1,0.52,0.5,0.25,0.3582,94,560
2425,5281,231,2011-08-12,3,0,8,22,0,5,1,1,0.68,0.6364,0.51,0.0,74,157
2426,6313,347,2011-09-25,4,0,9,14,0,0,0,2,0.66,0.6061,0.78,0.0,116,231
2427,16189,71,2012-11-12,4,1,11,6,1,1,0,1,0.38,0.3939,0.87,0.1045,7,64
2428,752,175,2011-02-03,1,0,2,17,0,4,1,1,0.2,0.197,0.4,0.194,5,170
2429,7796,141,2011-11-26,4,0,11,10,0,6,0,1,0.36,0.3788,0.81,0.0,57,84
2430,15542,453,2012-10-14,4,1,10,18,0,0,0,1,0.58,0.5455,0.6,0.2537,134,319
2431,12219,450,2012-05-29,2,1,5,7,0,2,1,1,0.66,0.6061,0.78,0.2239,19,431
2432,11506,653,2012-04-29,2,1,4,14,0,0,0,1,0.54,0.5152,0.34,0.0,281,372
2433,13163,306,2012-07-07,3,1,7,15,0,6,0,1,0.96,0.8485,0.26,0.0,113,193
2434,5336,17,2011-08-15,3,0,8,5,0,1,1,2,0.6,0.5455,0.88,0.194,3,14
2435,10659,6,2012-03-25,2,1,3,5,0,0,0,2,0.4,0.4091,1.0,0.2537,0,6
2436,14982,225,2012-09-21,3,1,9,10,0,5,1,1,0.62,0.6061,0.61,0.2239,44,181
2437,3139,440,2011-05-15,2,0,5,16,0,0,0,1,0.64,0.6061,0.69,0.2537,158,282
2438,8654,14,2012-01-01,1,1,1,8,0,0,0,1,0.26,0.2727,0.87,0.1045,4,10
2439,9000,95,2012-01-15,1,1,1,20,0,0,0,1,0.16,0.1818,0.37,0.1045,10,85
2440,16925,79,2012-12-12,4,1,12,23,0,3,1,2,0.28,0.2727,0.56,0.2239,3,76
2441,14345,208,2012-08-25,3,1,8,21,0,6,0,1,0.62,0.5758,0.83,0.3582,60,148
2442,13747,147,2012-07-31,3,1,7,23,0,2,1,2,0.66,0.6061,0.83,0.1642,20,127
2443,5806,70,2011-09-04,3,0,9,8,0,0,0,1,0.66,0.6061,0.78,0.1642,21,49
2444,7830,104,2011-11-27,4,0,11,20,0,0,0,1,0.5,0.4848,0.63,0.2537,10,94
2445,3115,295,2011-05-14,2,0,5,16,0,6,0,2,0.54,0.5152,0.94,0.194,107,188
2446,5433,93,2011-08-19,3,0,8,6,0,5,1,1,0.64,0.5758,0.83,0.0,2,91
2447,1577,2,2011-03-11,1,0,3,3,0,5,1,2,0.32,0.3333,0.93,0.0896,0,2
2448,5908,156,2011-09-08,3,0,9,16,0,4,1,3,0.64,0.5606,0.94,0.2836,5,151
2449,1352,79,2011-03-01,1,0,3,14,0,2,1,1,0.32,0.3333,0.36,0.1343,18,61
2450,6789,322,2011-10-15,4,0,10,10,0,6,0,1,0.54,0.5152,0.45,0.4478,115,207
2451,17097,4,2012-12-20,4,1,12,3,0,4,1,2,0.3,0.3182,0.7,0.0896,1,3
2452,12540,427,2012-06-11,2,1,6,16,0,1,1,2,0.8,0.7121,0.41,0.4179,87,340
2453,5857,67,2011-09-06,3,0,9,12,0,2,1,3,0.54,0.5152,0.83,0.3881,16,51
2454,12406,11,2012-06-06,2,1,6,2,0,3,1,1,0.5,0.4848,0.68,0.0,4,7
2455,5013,543,2011-08-01,3,0,8,18,0,1,1,1,0.78,0.697,0.43,0.194,68,475
2456,895,170,2011-02-09,1,0,2,18,0,3,1,2,0.18,0.1667,0.47,0.2985,2,168
2457,5982,339,2011-09-11,3,0,9,18,0,0,0,1,0.68,0.6364,0.65,0.2985,110,229
2458,13260,411,2012-07-11,3,1,7,16,0,3,1,1,0.8,0.7121,0.38,0.194,53,358
2459,5239,5,2011-08-11,3,0,8,4,0,4,1,1,0.64,0.6212,0.57,0.1642,1,4
2460,2447,53,2011-04-16,2,0,4,20,0,6,0,3,0.44,0.4394,0.94,0.2239,4,49
2461,5410,308,2011-08-18,3,0,8,7,0,4,1,1,0.64,0.5909,0.78,0.2985,19,289
2462,716,1,2011-02-02,1,0,2,4,0,3,1,3,0.22,0.2121,0.93,0.2836,0,1
2463,11082,134,2012-04-11,2,1,4,22,0,3,1,1,0.34,0.303,0.57,0.3284,4,130
2464,8300,209,2011-12-17,4,0,12,11,0,6,0,2,0.28,0.2576,0.45,0.3284,21,188
2465,6084,26,2011-09-16,3,0,9,1,0,5,1,1,0.42,0.4242,0.67,0.194,7,19
2466,1384,48,2011-03-02,1,0,3,22,0,3,1,1,0.3,0.2576,0.26,0.5522,4,44
2467,6581,538,2011-10-06,4,0,10,18,0,4,1,1,0.54,0.5152,0.64,0.0896,59,479
2468,11839,428,2012-05-13,2,1,5,11,0,0,0,1,0.62,0.6212,0.57,0.2537,150,278
2469,9914,9,2012-02-23,1,1,2,2,0,4,1,2,0.44,0.4394,0.62,0.2239,5,4
2470,1073,88,2011-02-17,1,0,2,10,0,4,1,1,0.38,0.3939,0.54,0.194,18,70
2471,544,106,2011-01-24,1,0,1,19,0,1,1,1,0.14,0.1515,0.54,0.1642,5,101
2472,15147,394,2012-09-28,4,1,9,7,0,5,1,2,0.56,0.5303,0.94,0.0,10,384
2473,10577,582,2012-03-21,2,1,3,19,0,3,1,1,0.6,0.6061,0.64,0.0,86,496
2474,8447,200,2011-12-23,1,0,12,14,0,5,1,1,0.4,0.4091,0.54,0.4179,23,177
2475,1253,73,2011-02-25,1,0,2,8,0,5,1,3,0.36,0.3485,0.93,0.1343,3,70
2476,1817,62,2011-03-21,2,0,3,10,0,1,1,2,0.38,0.3939,0.76,0.3881,17,45
2477,9462,18,2012-02-04,1,1,2,3,0,6,0,1,0.24,0.2879,0.75,0.0,1,17
2478,3542,112,2011-06-01,2,0,6,11,0,3,1,2,0.82,0.803,0.59,0.2239,26,86
2479,6783,6,2011-10-15,4,0,10,4,0,6,0,1,0.42,0.4242,0.67,0.1343,0,6
2480,14341,403,2012-08-25,3,1,8,17,0,6,0,2,0.66,0.6212,0.74,0.3284,132,271
2481,3425,239,2011-05-27,2,0,5,14,0,5,1,1,0.76,0.697,0.55,0.2537,51,188
2482,1670,2,2011-03-15,1,0,3,4,0,2,1,1,0.24,0.2576,0.75,0.0896,1,1
2483,4722,138,2011-07-20,3,0,7,15,0,3,1,1,0.86,0.8182,0.5,0.1642,36,102
2484,8643,52,2011-12-31,1,0,12,21,0,6,0,1,0.4,0.4091,0.58,0.194,2,50
2485,17166,27,2012-12-23,1,1,12,0,0,0,0,1,0.22,0.2121,0.47,0.2836,3,24
2486,6851,31,2011-10-18,4,0,10,0,0,2,1,1,0.48,0.4697,0.82,0.0,8,23
2487,3085,130,2011-05-13,2,0,5,10,0,5,1,2,0.52,0.5,0.83,0.1343,31,99
2488,3829,118,2011-06-13,2,0,6,10,0,1,1,1,0.64,0.6212,0.41,0.3284,38,80
2489,3988,12,2011-06-20,2,0,6,1,0,1,1,1,0.64,0.5758,0.89,0.0896,9,3
2490,6639,14,2011-10-09,4,0,10,4,0,0,0,1,0.44,0.4394,0.88,0.0,7,7
2491,8932,42,2012-01-13,1,1,1,0,0,5,1,2,0.4,0.4091,0.71,0.2836,4,38
2492,15037,723,2012-09-23,4,1,9,17,0,0,0,1,0.56,0.5303,0.35,0.2985,227,496
2493,15499,100,2012-10-12,4,1,10,23,0,5,1,1,0.36,0.3485,0.57,0.194,11,89
2494,2490,176,2011-04-18,2,0,4,15,0,1,1,2,0.6,0.6212,0.43,0.194,64,112
2495,7101,168,2011-10-28,4,0,10,11,0,5,1,1,0.36,0.3485,0.5,0.2239,40,128
2496,5184,186,2011-08-08,3,0,8,21,0,1,1,1,0.76,0.7121,0.58,0.0896,30,156
2497,10403,254,2012-03-14,1,1,3,13,0,3,1,1,0.66,0.6212,0.27,0.2239,57,197
2498,15040,252,2012-09-23,4,1,9,20,0,0,0,1,0.52,0.5,0.42,0.1642,60,192
2499,7295,355,2011-11-05,4,0,11,13,0,6,0,1,0.4,0.4091,0.37,0.1045,148,207
2500,11676,544,2012-05-06,2,1,5,16,0,0,0,2,0.62,0.6061,0.61,0.0,181,363
2501,5490,68,2011-08-21,3,0,8,15,0,0,0,1,0.7,0.6667,0.84,0.2836,17,51
2502,11544,8,2012-05-01,2,1,5,4,0,2,1,2,0.52,0.5,0.72,0.0896,1,7
2503,8265,72,2011-12-16,4,0,12,0,0,5,1,1,0.5,0.4848,0.72,0.3284,12,60
2504,8199,92,2011-12-13,4,0,12,6,0,2,1,1,0.2,0.2576,0.8,0.0,0,92
2505,7229,282,2011-11-02,4,0,11,19,0,3,1,1,0.4,0.4091,0.76,0.1343,25,257
2506,16317,555,2012-11-17,4,1,11,14,0,6,0,1,0.42,0.4242,0.38,0.194,175,380
2507,12487,569,2012-06-09,2,1,6,11,0,6,0,1,0.76,0.6667,0.35,0.0,218,351
2508,7501,7,2011-11-14,4,0,11,3,0,1,1,1,0.44,0.4394,0.67,0.2836,4,3
2509,3589,161,2011-06-03,2,0,6,10,0,5,1,1,0.62,0.6212,0.33,0.2537,54,107
2510,5077,113,2011-08-04,3,0,8,10,0,4,1,1,0.72,0.6667,0.71,0.2985,24,89
2511,9762,118,2012-02-16,1,1,2,16,0,4,1,3,0.34,0.3636,0.81,0.0,8,110
2512,5728,25,2011-09-01,3,0,9,2,0,4,1,1,0.58,0.5455,0.78,0.0896,14,11
2513,7930,15,2011-12-02,4,0,12,1,0,5,1,1,0.24,0.2879,0.75,0.0,1,14
2514,14661,117,2012-09-08,3,1,9,1,0,6,0,2,0.66,0.5909,0.89,0.2836,10,107
2515,11479,358,2012-04-28,2,1,4,11,0,6,0,2,0.38,0.3939,0.4,0.1045,96,262
2516,2412,178,2011-04-15,2,0,4,9,1,5,0,1,0.5,0.4848,0.55,0.194,16,162
2517,15443,319,2012-10-10,4,1,10,15,0,3,1,1,0.6,0.6212,0.4,0.1642,58,261
2518,4134,34,2011-06-26,3,0,6,3,0,0,0,1,0.6,0.6061,0.64,0.1045,12,22
2519,10972,54,2012-04-07,2,1,4,7,0,6,0,1,0.32,0.303,0.33,0.2836,14,40
2520,10123,100,2012-03-02,1,1,3,20,0,5,1,2,0.36,0.3485,0.87,0.194,7,93
2521,6714,259,2011-10-12,4,0,10,7,0,3,1,2,0.54,0.5152,0.88,0.3881,15,244
2522,14235,519,2012-08-21,3,1,8,7,0,2,1,1,0.6,0.5758,0.78,0.1045,19,500
2523,17224,114,2012-12-25,1,1,12,12,1,2,0,1,0.32,0.3333,0.76,0.0896,62,52
2524,10324,10,2012-03-11,1,1,3,6,0,0,0,1,0.24,0.2424,0.7,0.1642,2,8
2525,11133,70,2012-04-14,2,1,4,1,0,6,0,1,0.4,0.4091,0.58,0.1343,10,60
2526,10848,5,2012-04-02,2,1,4,2,0,1,1,3,0.44,0.4394,0.94,0.1343,2,3
2527,10775,27,2012-03-30,2,1,3,1,0,5,1,1,0.38,0.3939,0.5,0.2836,6,21
2528,9955,233,2012-02-24,1,1,2,19,0,5,1,2,0.44,0.4394,0.88,0.1045,6,227
2529,2975,174,2011-05-08,2,0,5,20,0,0,0,1,0.52,0.5,0.77,0.1343,42,132
2530,6836,206,2011-10-17,4,0,10,9,0,1,1,2,0.5,0.4848,0.45,0.2836,26,180
2531,9765,258,2012-02-16,1,1,2,19,0,4,1,2,0.32,0.3182,0.87,0.1642,4,254
2532,448,91,2011-01-20,1,0,1,16,0,4,1,2,0.3,0.303,0.49,0.1343,8,83
2533,12846,452,2012-06-24,3,1,6,10,0,0,0,1,0.76,0.6818,0.4,0.0,161,291
2534,14769,323,2012-09-12,3,1,9,13,0,3,1,1,0.7,0.6364,0.34,0.1343,85,238
2535,13165,279,2012-07-07,3,1,7,17,0,6,0,1,0.96,0.8485,0.26,0.1343,103,176
2536,17213,13,2012-12-25,1,1,12,0,1,2,0,3,0.24,0.2576,0.93,0.0896,3,10
2537,9671,36,2012-02-12,1,1,2,21,0,0,0,1,0.14,0.1212,0.43,0.2985,0,36
2538,6906,426,2011-10-20,4,0,10,8,0,4,1,1,0.44,0.4394,0.67,0.5224,17,409
2539,17005,27,2012-12-16,4,1,12,7,0,0,0,2,0.34,0.3485,0.87,0.0896,5,22
2540,13975,251,2012-08-10,3,1,8,11,0,5,1,3,0.68,0.6364,0.79,0.1343,73,178
2541,4222,401,2011-06-29,3,0,6,19,0,3,1,1,0.76,0.6667,0.35,0.3881,60,341
2542,12148,141,2012-05-26,2,1,5,8,0,6,0,1,0.64,0.5909,0.78,0.1343,38,103
2543,13933,858,2012-08-08,3,1,8,17,0,3,1,2,0.8,0.7576,0.55,0.2836,107,751
2544,16619,40,2012-11-30,4,1,11,5,0,5,1,1,0.2,0.2576,0.8,0.0,1,39
2545,5291,118,2011-08-13,3,0,8,8,0,6,0,2,0.7,0.6515,0.65,0.1642,28,90
2546,7231,168,2011-11-02,4,0,11,21,0,3,1,1,0.38,0.3939,0.71,0.1343,13,155
2547,14325,115,2012-08-25,3,1,8,1,0,6,0,2,0.68,0.6364,0.69,0.0,15,100
2548,15568,256,2012-10-15,4,1,10,20,0,1,1,2,0.52,0.5,0.72,0.3881,19,237
2549,3740,409,2011-06-09,2,0,6,17,0,4,1,1,0.9,0.8182,0.37,0.2537,54,355
2550,10947,80,2012-04-06,2,1,4,6,0,5,1,1,0.3,0.2727,0.49,0.3881,0,80
2551,11253,13,2012-04-19,2,1,4,1,0,4,1,3,0.42,0.4242,0.77,0.1045,2,11
2552,15130,258,2012-09-27,4,1,9,14,0,4,1,2,0.76,0.6818,0.45,0.0896,44,214
2553,10183,428,2012-03-05,1,1,3,8,0,1,1,1,0.2,0.2273,0.59,0.1045,13,415
2554,279,2,2011-01-13,1,0,1,1,0,4,1,1,0.14,0.1212,0.5,0.2836,0,2
2555,9918,91,2012-02-23,1,1,2,6,0,4,1,1,0.36,0.3485,0.87,0.194,3,88
2556,15968,108,2012-11-03,4,1,11,0,0,6,0,1,0.34,0.3333,0.53,0.1642,9,99
2557,16816,287,2012-12-08,4,1,12,10,0,6,0,2,0.4,0.4091,0.87,0.1343,43,244
2558,13432,366,2012-07-18,3,1,7,20,0,3,1,1,0.74,0.6818,0.62,0.0896,56,310
2559,7098,374,2011-10-28,4,0,10,8,0,5,1,1,0.3,0.2879,0.61,0.2836,13,361
2560,9996,305,2012-02-26,1,1,2,12,0,0,0,1,0.3,0.303,0.39,0.1343,49,256
2561,3373,135,2011-05-25,2,0,5,10,0,3,1,1,0.7,0.6515,0.61,0.0896,30,105
2562,8187,357,2011-12-12,4,0,12,18,0,1,1,1,0.3,0.3182,0.56,0.0896,8,349
2563,1096,169,2011-02-18,1,0,2,9,0,5,1,2,0.42,0.4242,0.77,0.194,15,154
2564,3203,453,2011-05-18,2,0,5,8,0,3,1,1,0.56,0.5303,0.88,0.2836,25,428
2565,8874,106,2012-01-10,1,1,1,14,0,2,1,1,0.42,0.4242,0.38,0.2985,10,96
2566,13018,444,2012-07-01,3,1,7,14,0,0,0,1,0.92,0.8333,0.33,0.2537,98,346
2567,10173,62,2012-03-04,1,1,3,22,0,0,0,1,0.26,0.2424,0.41,0.2537,9,53
2568,16040,19,2012-11-06,4,1,11,0,0,2,1,1,0.24,0.2576,0.6,0.1045,1,18
2569,14329,14,2012-08-25,3,1,8,5,0,6,0,2,0.64,0.6061,0.73,0.1642,4,10
2570,9201,89,2012-01-24,1,1,1,6,0,2,1,2,0.32,0.3182,0.93,0.194,1,88
2571,2269,98,2011-04-09,2,0,4,9,0,6,0,2,0.34,0.3485,0.87,0.1045,27,71
2572,8838,5,2012-01-09,1,1,1,1,0,1,1,1,0.24,0.2424,0.6,0.1343,1,4
2573,13618,213,2012-07-26,3,1,7,14,0,4,1,1,0.9,0.8788,0.47,0.2537,62,151
2574,2684,521,2011-04-26,2,0,4,17,0,2,1,1,0.68,0.6364,0.61,0.3582,66,455
2575,7856,46,2011-11-28,4,0,11,23,0,1,1,2,0.52,0.5,0.83,0.1343,5,41
2576,5695,611,2011-08-30,3,0,8,17,0,2,1,1,0.72,0.6515,0.42,0.194,62,549
2577,759,13,2011-02-04,1,0,2,0,0,5,1,2,0.2,0.2576,0.44,0.0,3,10
2578,2812,114,2011-05-02,2,0,5,1,0,1,1,1,0.46,0.4545,0.72,0.1343,41,73
2579,6804,77,2011-10-16,4,0,10,1,0,0,0,1,0.44,0.4394,0.47,0.1343,13,64
2580,1372,76,2011-03-02,1,0,3,10,0,3,1,1,0.32,0.303,0.49,0.2836,11,65
2581,11016,3,2012-04-09,2,1,4,3,0,1,1,1,0.44,0.4394,0.3,0.1642,0,3
2582,7297,343,2011-11-05,4,0,11,15,0,6,0,1,0.4,0.4091,0.37,0.194,141,202
2583,6773,423,2011-10-14,4,0,10,18,0,5,1,1,0.54,0.5152,0.39,0.2836,62,361
2584,2777,452,2011-04-30,2,0,4,14,0,6,0,1,0.54,0.5152,0.39,0.2239,184,268
2585,8555,9,2011-12-28,1,0,12,5,0,3,1,1,0.32,0.2879,0.57,0.3582,0,9
2586,4014,2,2011-06-21,3,0,6,3,0,2,1,3,0.62,0.5758,0.83,0.1642,0,2
2587,9685,90,2012-02-13,1,1,2,11,0,1,1,1,0.22,0.2273,0.37,0.194,5,85
2588,15928,680,2012-11-01,4,1,11,8,0,4,1,2,0.36,0.3788,0.56,0.1045,12,668
2589,17276,174,2012-12-27,1,1,12,16,0,4,1,2,0.26,0.2424,0.52,0.2836,23,151
2590,9324,111,2012-01-29,1,1,1,9,0,0,0,1,0.18,0.197,0.43,0.1343,13,98
2591,8359,107,2011-12-19,4,0,12,22,0,1,1,2,0.36,0.3485,0.57,0.1642,12,95
2592,805,59,2011-02-05,1,0,2,23,0,6,0,1,0.26,0.2576,0.93,0.2239,7,52
2593,13245,14,2012-07-11,3,1,7,1,0,3,1,1,0.64,0.5758,0.89,0.0,3,11
2594,12346,678,2012-06-03,2,1,6,14,0,0,0,1,0.68,0.6364,0.36,0.3284,267,411
2595,14353,16,2012-08-26,3,1,8,5,0,0,0,1,0.64,0.5758,0.89,0.194,3,13
2596,12327,554,2012-06-02,2,1,6,19,0,6,0,1,0.64,0.6212,0.36,0.1642,185,369
2597,13840,312,2012-08-04,3,1,8,20,0,6,0,1,0.82,0.7727,0.52,0.2985,117,195
2598,14001,569,2012-08-11,3,1,8,13,0,6,0,1,0.8,0.7424,0.49,0.3582,228,341
2599,7963,195,2011-12-03,4,0,12,10,0,6,0,1,0.32,0.3333,0.61,0.1343,22,173
2600,13986,218,2012-08-10,3,1,8,22,0,5,1,1,0.72,0.697,0.74,0.2836,50,168
2601,8652,2,2012-01-01,1,1,1,6,0,0,0,1,0.26,0.2727,0.93,0.1343,1,1
2602,8979,76,2012-01-14,1,1,1,23,0,6,0,1,0.16,0.1515,0.47,0.2239,5,71
2603,7752,168,2011-11-24,4,0,11,14,1,4,0,1,0.5,0.4848,0.31,0.2985,74,94
2604,666,7,2011-01-31,1,0,1,1,0,1,1,1,0.22,0.2121,0.64,0.2537,2,5
2605,1587,89,2011-03-11,1,0,3,14,0,5,1,2,0.36,0.3333,0.5,0.3582,25,64
2606,2228,213,2011-04-07,2,0,4,16,0,4,1,1,0.6,0.6212,0.35,0.0,52,161
2607,12044,36,2012-05-22,2,1,5,0,0,2,1,1,0.58,0.5455,0.83,0.2537,10,26
2608,9613,153,2012-02-10,1,1,2,11,0,5,1,2,0.28,0.2879,0.45,0.1045,19,134
2609,5692,209,2011-08-30,3,0,8,14,0,2,1,1,0.74,0.6515,0.33,0.1642,58,151
2610,9703,22,2012-02-14,1,1,2,5,0,2,1,2,0.26,0.2727,0.65,0.1045,2,20
2611,12302,110,2012-06-01,2,1,6,18,0,5,1,3,0.62,0.5606,0.88,0.3582,10,100
2612,149,67,2011-01-07,1,0,1,11,0,5,1,2,0.2,0.197,0.4,0.2239,19,48
2613,13942,14,2012-08-09,3,1,8,2,0,4,1,1,0.7,0.6667,0.84,0.0896,2,12
2614,11157,106,2012-04-15,2,1,4,1,0,0,0,2,0.54,0.5152,0.56,0.1642,17,89
2615,4890,140,2011-07-27,3,0,7,15,0,3,1,1,0.86,0.7424,0.26,0.2537,37,103
2616,16157,193,2012-11-10,4,1,11,22,0,6,0,1,0.38,0.3939,0.71,0.0896,39,154
2617,3041,177,2011-05-11,2,0,5,14,0,3,1,1,0.62,0.6212,0.53,0.0896,36,141
2618,16935,325,2012-12-13,4,1,12,9,0,4,1,1,0.28,0.2727,0.52,0.2537,25,300
2619,4776,190,2011-07-22,3,0,7,21,0,5,1,1,0.82,0.803,0.59,0.0896,38,152
2620,11496,4,2012-04-29,2,1,4,4,0,0,0,2,0.36,0.3485,0.87,0.1343,0,4
2621,15509,266,2012-10-13,4,1,10,9,0,6,0,1,0.36,0.3636,0.5,0.0896,46,220
2622,12375,645,2012-06-04,2,1,6,19,0,1,1,1,0.62,0.6212,0.38,0.4179,91,554
2623,12651,78,2012-06-16,2,1,6,7,0,6,0,1,0.54,0.5152,0.68,0.194,10,68
2624,10672,491,2012-03-25,2,1,3,18,0,0,0,1,0.5,0.4848,0.72,0.0896,202,289
2625,11070,153,2012-04-11,2,1,4,10,0,3,1,2,0.34,0.303,0.49,0.3284,26,127
2626,1436,20,2011-03-05,1,0,3,2,0,6,0,2,0.3,0.2879,0.87,0.194,5,15
2627,9509,3,2012-02-06,1,1,2,2,0,1,1,1,0.22,0.2727,0.75,0.0,0,3
2628,739,1,2011-02-03,1,0,2,3,0,4,1,1,0.18,0.1667,0.43,0.2537,0,1
2629,52,30,2011-01-03,1,0,1,6,0,1,1,1,0.14,0.1061,0.5,0.3881,0,30
2630,4551,174,2011-07-13,3,0,7,12,0,3,1,1,0.84,0.7576,0.41,0.2836,40,134
2631,11094,141,2012-04-12,2,1,4,10,0,4,1,1,0.4,0.4091,0.5,0.2985,38,103
2632,9654,1,2012-02-12,1,1,2,4,0,0,0,2,0.1,0.0455,0.46,0.7164,0,1
2633,2839,4,2011-05-03,2,0,5,4,0,2,1,1,0.52,0.5,0.88,0.2239,3,1
2634,8194,4,2011-12-13,4,0,12,1,0,2,1,1,0.2,0.2576,0.8,0.0,0,4
2635,12502,73,2012-06-10,2,1,6,2,0,0,0,1,0.64,0.6061,0.69,0.1343,17,56
2636,856,2,2011-02-08,1,0,2,2,0,2,1,2,0.26,0.2727,0.93,0.1045,1,1
2637,16644,27,2012-12-01,4,1,12,6,0,6,0,1,0.24,0.2424,0.87,0.1343,7,20
2638,6496,21,2011-10-03,4,0,10,5,0,1,1,2,0.36,0.3636,0.76,0.1045,4,17
2639,10034,3,2012-02-28,1,1,2,2,0,2,1,1,0.4,0.4091,0.54,0.1045,1,2
2640,12569,274,2012-06-12,2,1,6,21,0,2,1,1,0.68,0.6364,0.83,0.1045,41,233
2641,3767,250,2011-06-10,2,0,6,20,0,5,1,1,0.76,0.7121,0.62,0.1045,53,197
2642,1051,86,2011-02-16,1,0,2,12,0,3,1,1,0.38,0.3939,0.32,0.3284,14,72
2643,12780,320,2012-06-21,3,1,6,16,0,4,1,1,0.9,0.8182,0.35,0.1343,37,283
2644,6323,29,2011-09-26,4,0,9,0,0,1,1,2,0.62,0.5455,0.94,0.0,6,23
2645,12684,580,2012-06-17,2,1,6,16,0,0,0,1,0.66,0.6212,0.54,0.2985,240,340
2646,8578,3,2011-12-29,1,0,12,4,0,4,1,1,0.2,0.2121,0.55,0.1642,1,2
2647,11647,575,2012-05-05,2,1,5,11,0,6,0,1,0.7,0.6515,0.58,0.0896,221,354
2648,2294,150,2011-04-10,2,0,4,10,0,0,0,2,0.4,0.4091,0.87,0.0,69,81
2649,4934,161,2011-07-29,3,0,7,11,0,5,1,1,0.92,0.8788,0.4,0.2985,43,118
2650,14319,536,2012-08-24,3,1,8,19,0,5,1,2,0.72,0.6667,0.58,0.1642,106,430
2651,6800,168,2011-10-15,4,0,10,21,0,6,0,1,0.5,0.4848,0.42,0.2239,53,115
2652,14316,515,2012-08-24,3,1,8,16,0,5,1,2,0.76,0.6818,0.48,0.1343,101,414
2653,11274,248,2012-04-19,2,1,4,22,0,4,1,1,0.52,0.5,0.59,0.194,29,219
2654,14190,425,2012-08-19,3,1,8,10,0,0,0,2,0.68,0.6364,0.69,0.0,138,287
2655,16615,19,2012-11-30,4,1,11,1,0,5,1,1,0.24,0.2576,0.7,0.0896,2,17
2656,12476,206,2012-06-09,2,1,6,0,0,6,0,1,0.64,0.6212,0.53,0.1045,54,152
2657,1289,68,2011-02-26,1,0,2,20,0,6,0,1,0.3,0.303,0.56,0.1642,8,60
2658,8379,411,2011-12-20,4,0,12,18,0,2,1,1,0.38,0.3939,0.66,0.194,26,385
2659,13630,26,2012-07-27,3,1,7,2,0,5,1,1,0.7,0.6667,0.79,0.1343,8,18
2660,5911,52,2011-09-08,3,0,9,19,0,4,1,3,0.62,0.5152,1.0,0.3284,1,51
2661,3231,168,2011-05-19,2,0,5,12,0,4,1,2,0.58,0.5455,0.78,0.1045,38,130
2662,5927,72,2011-09-09,3,0,9,11,0,5,1,2,0.62,0.5455,0.94,0.0,6,66
2663,5870,5,2011-09-07,3,0,9,1,0,3,1,3,0.54,0.5152,0.94,0.2537,2,3
2664,12428,59,2012-06-07,2,1,6,0,0,4,1,1,0.52,0.5,0.77,0.1343,9,50
2665,6923,26,2011-10-21,4,0,10,1,0,5,1,1,0.4,0.4091,0.62,0.2239,7,19
2666,2654,147,2011-04-25,2,0,4,11,0,1,1,1,0.64,0.6061,0.73,0.2239,53,94
2667,6953,57,2011-10-22,4,0,10,7,0,6,0,1,0.36,0.3636,0.76,0.1045,8,49
2668,4979,142,2011-07-31,3,0,7,8,0,0,0,1,0.76,0.697,0.55,0.2239,54,88
2669,2400,145,2011-04-14,2,0,4,21,0,4,1,1,0.46,0.4545,0.63,0.1343,19,126
2670,2333,14,2011-04-12,2,0,4,2,0,2,1,2,0.6,0.6212,0.53,0.1343,7,7
2671,15986,297,2012-11-03,4,1,11,18,0,6,0,2,0.36,0.3333,0.46,0.2836,58,239
2672,10801,31,2012-03-31,2,1,3,3,0,6,0,1,0.4,0.4091,0.82,0.2537,10,21
2673,13624,446,2012-07-26,3,1,7,20,0,4,1,1,0.86,0.8182,0.5,0.2537,47,399
2674,6173,540,2011-09-19,3,0,9,18,0,1,1,2,0.56,0.5303,0.68,0.1343,56,484
2675,7143,4,2011-10-30,4,0,10,5,0,0,0,1,0.24,0.2121,0.75,0.2985,0,4
2676,8015,133,2011-12-05,4,0,12,14,0,1,1,2,0.46,0.4545,0.67,0.0,7,126
2677,4696,172,2011-07-19,3,0,7,13,0,2,1,1,0.86,0.8333,0.53,0.1045,33,139
2678,1726,111,2011-03-17,1,0,3,13,0,4,1,2,0.52,0.5,0.42,0.0896,26,85
2679,12287,4,2012-06-01,2,1,6,3,0,5,1,2,0.62,0.5909,0.73,0.0896,0,4
2680,8368,268,2011-12-20,4,0,12,7,0,2,1,2,0.36,0.3788,0.62,0.0,7,261
2681,11824,287,2012-05-12,2,1,5,20,0,6,0,1,0.62,0.6212,0.46,0.1642,113,174
2682,5027,435,2011-08-02,3,0,8,8,0,2,1,1,0.74,0.6818,0.58,0.2836,37,398
2683,3215,213,2011-05-18,2,0,5,20,0,3,1,3,0.56,0.5303,0.88,0.1343,24,189
2684,6658,123,2011-10-09,4,0,10,23,0,0,0,1,0.5,0.4848,0.88,0.1045,38,85
2685,8166,63,2011-12-11,4,0,12,21,0,0,0,1,0.22,0.2727,0.55,0.0,10,53
2686,13691,501,2012-07-29,3,1,7,15,0,0,0,1,0.8,0.7273,0.43,0.1343,195,306
2687,14462,853,2012-08-30,3,1,8,18,0,4,1,1,0.8,0.7121,0.38,0.1343,109,744
2688,8792,20,2012-01-07,1,1,1,3,0,6,0,1,0.32,0.3333,0.57,0.1045,1,19
2689,3117,304,2011-05-14,2,0,5,18,0,6,0,2,0.56,0.5303,0.88,0.2239,88,216
2690,2737,153,2011-04-28,2,0,4,22,0,4,1,1,0.54,0.5152,0.45,0.1642,34,119
2691,3856,209,2011-06-14,2,0,6,13,0,2,1,1,0.64,0.6212,0.44,0.2239,33,176
2692,15450,197,2012-10-10,4,1,10,22,0,3,1,1,0.46,0.4545,0.55,0.2985,27,170
2693,1050,66,2011-02-16,1,0,2,11,0,3,1,1,0.34,0.303,0.34,0.2985,7,59
2694,4289,392,2011-07-02,3,0,7,14,0,6,0,1,0.84,0.7121,0.2,0.0,177,215
2695,5562,204,2011-08-24,3,0,8,15,0,3,1,1,0.76,0.6818,0.48,0.4478,63,141
2696,869,51,2011-02-08,1,0,2,15,0,2,1,1,0.22,0.197,0.35,0.3881,6,45
2697,3006,4,2011-05-10,2,0,5,3,0,2,1,1,0.44,0.4394,0.54,0.194,1,3
2698,6182,3,2011-09-20,3,0,9,3,0,2,1,2,0.54,0.5152,0.83,0.2239,0,3
2699,17032,135,2012-12-17,4,1,12,10,0,1,1,2,0.38,0.3939,0.87,0.0896,15,120
2700,3462,26,2011-05-29,2,0,5,3,0,0,0,1,0.62,0.5606,0.88,0.1045,2,24
2701,1975,5,2011-03-28,2,0,3,2,0,1,1,1,0.22,0.2273,0.44,0.1642,0,5
2702,7169,227,2011-10-31,4,0,10,7,0,1,1,1,0.24,0.2879,0.93,0.0,11,216
2703,10469,86,2012-03-17,1,1,3,7,0,6,0,2,0.4,0.4091,1.0,0.1343,29,57
2704,1439,3,2011-03-05,1,0,3,5,0,6,0,2,0.3,0.303,1.0,0.1343,0,3
2705,12734,795,2012-06-19,2,1,6,18,0,2,1,1,0.8,0.7576,0.55,0.1642,91,704
2706,3423,243,2011-05-27,2,0,5,12,0,5,1,2,0.76,0.697,0.55,0.2985,53,190
2707,3752,28,2011-06-10,2,0,6,5,0,5,1,1,0.66,0.6061,0.78,0.1642,0,28
2708,10884,316,2012-04-03,2,1,4,15,0,2,1,1,0.6,0.5909,0.2,0.194,109,207
2709,3857,159,2011-06-14,2,0,6,14,0,2,1,2,0.64,0.6212,0.47,0.194,41,118
2710,16327,129,2012-11-18,4,1,11,0,0,0,0,2,0.3,0.303,0.7,0.1642,11,118
2711,14994,295,2012-09-21,3,1,9,22,0,5,1,1,0.6,0.5909,0.73,0.194,47,248
2712,3648,165,2011-06-05,2,0,6,21,0,0,0,1,0.64,0.6061,0.73,0.1642,54,111
2713,16810,12,2012-12-08,4,1,12,4,0,6,0,2,0.36,0.3788,0.93,0.0,3,9
2714,10352,137,2012-03-12,1,1,3,10,0,1,1,1,0.4,0.4091,0.5,0.2239,39,98
2715,13091,454,2012-07-04,3,1,7,15,1,3,0,1,0.92,0.8485,0.35,0.2985,155,299
2716,4143,443,2011-06-26,3,0,6,12,0,0,0,1,0.74,0.6515,0.4,0.1642,175,268
2717,15792,5,2012-10-25,4,1,10,4,0,4,1,2,0.52,0.5,0.88,0.1045,1,4
2718,11138,21,2012-04-14,2,1,4,6,0,6,0,1,0.34,0.3333,0.76,0.1642,2,19
2719,14098,255,2012-08-15,3,1,8,14,0,3,1,2,0.76,0.697,0.52,0.2985,94,161
2720,15790,18,2012-10-25,4,1,10,2,0,4,1,1,0.54,0.5152,0.77,0.0,3,15
2721,15631,268,2012-10-18,4,1,10,11,0,4,1,2,0.56,0.5303,0.56,0.2239,79,189
2722,2753,248,2011-04-29,2,0,4,14,0,5,1,1,0.6,0.6212,0.35,0.3284,58,190
2723,6954,114,2011-10-22,4,0,10,8,0,6,0,1,0.4,0.4091,0.71,0.0,26,88
2724,14347,158,2012-08-25,3,1,8,23,0,6,0,2,0.62,0.5758,0.83,0.2537,34,124
2725,1399,80,2011-03-03,1,0,3,13,0,4,1,1,0.22,0.2576,0.25,0.0896,13,67
2726,13302,268,2012-07-13,3,1,7,10,0,5,1,2,0.74,0.6667,0.48,0.0,78,190
2727,15448,392,2012-10-10,4,1,10,20,0,3,1,1,0.52,0.5,0.48,0.4925,21,371
2728,7648,9,2011-11-20,4,0,11,6,0,0,0,2,0.42,0.4242,0.67,0.2537,3,6
2729,11893,678,2012-05-15,2,1,5,17,0,2,1,1,0.68,0.6364,0.65,0.1045,75,603
2730,13405,770,2012-07-17,3,1,7,17,0,2,1,1,0.92,0.8182,0.29,0.0,95,675
2731,14427,554,2012-08-29,3,1,8,7,0,3,1,1,0.64,0.6061,0.65,0.0896,23,531
2732,3843,31,2011-06-14,2,0,6,0,0,2,1,1,0.6,0.6212,0.49,0.194,13,18
2733,8315,41,2011-12-18,4,0,12,2,0,0,0,1,0.22,0.2424,0.55,0.1045,2,39
2734,15822,197,2012-10-26,4,1,10,10,0,5,1,2,0.54,0.5152,0.88,0.1045,41,156
2735,4907,456,2011-07-28,3,0,7,8,0,4,1,1,0.74,0.697,0.66,0.1642,47,409
2736,1165,19,2011-02-21,1,0,2,7,1,1,0,2,0.42,0.4242,0.26,0.2836,3,16
2737,8178,220,2011-12-12,4,0,12,9,0,1,1,2,0.18,0.2121,0.74,0.0896,12,208
2738,10986,234,2012-04-07,2,1,4,21,0,6,0,1,0.5,0.4848,0.2,0.194,75,159
2739,734,40,2011-02-02,1,0,2,22,0,3,1,1,0.22,0.2121,0.44,0.2537,5,35
2740,14741,358,2012-09-11,3,1,9,9,0,2,1,1,0.6,0.6212,0.49,0.0,35,323
2741,8273,459,2011-12-16,4,0,12,8,0,5,1,1,0.36,0.3333,0.46,0.4179,10,449
2742,7355,11,2011-11-08,4,0,11,1,0,2,1,1,0.32,0.3333,0.93,0.1045,3,8
2743,6561,154,2011-10-05,4,0,10,22,0,3,1,1,0.52,0.5,0.72,0.0,20,134
2744,15170,37,2012-09-29,4,1,9,6,0,6,0,1,0.5,0.4848,0.63,0.2537,4,33
2745,2601,11,2011-04-23,2,0,4,6,0,6,0,2,0.34,0.3333,1.0,0.1642,0,11
2746,5618,136,2011-08-26,3,0,8,23,0,5,1,1,0.7,0.6667,0.84,0.0896,22,114
2747,61,72,2011-01-03,1,0,1,15,0,1,1,1,0.26,0.2424,0.3,0.2537,14,58
2748,674,112,2011-01-31,1,0,1,9,0,1,1,2,0.16,0.1364,0.59,0.2985,0,112
2749,1584,81,2011-03-11,1,0,3,11,0,5,1,2,0.32,0.303,0.57,0.2985,14,67
2750,4072,186,2011-06-23,3,0,6,13,0,4,1,2,0.76,0.7121,0.62,0.2836,37,149
2751,7914,224,2011-12-01,4,0,12,9,0,4,1,1,0.3,0.2727,0.52,0.3284,9,215
2752,11505,595,2012-04-29,2,1,4,13,0,0,0,1,0.5,0.4848,0.45,0.1045,226,369
2753,165,7,2011-01-08,1,0,1,3,0,6,0,3,0.18,0.197,0.55,0.1642,0,7
2754,6691,406,2011-10-11,4,0,10,8,0,2,1,2,0.56,0.5303,0.83,0.1045,31,375
2755,13810,331,2012-08-03,3,1,8,14,0,5,1,2,0.86,0.7879,0.44,0.2537,102,229
2756,3281,456,2011-05-21,2,0,5,14,0,6,0,1,0.72,0.6515,0.42,0.0,187,269
2757,612,149,2011-01-28,1,0,1,17,0,5,1,1,0.24,0.2424,0.75,0.1343,2,147
2758,14528,545,2012-09-02,3,1,9,12,0,0,0,3,0.74,0.697,0.7,0.0,248,297
2759,398,22,2011-01-18,1,0,1,13,0,2,1,2,0.2,0.197,0.86,0.2239,0,22
2760,1720,140,2011-03-17,1,0,3,7,0,4,1,1,0.32,0.3333,0.76,0.1343,12,128
2761,2045,5,2011-03-31,2,0,3,1,0,4,1,3,0.24,0.2273,0.93,0.194,1,4
2762,11294,668,2012-04-20,2,1,4,18,0,5,1,1,0.62,0.6212,0.5,0.2836,110,558
2763,11159,45,2012-04-15,2,1,4,3,0,0,0,2,0.52,0.5,0.59,0.1343,18,27
2764,12215,3,2012-05-29,2,1,5,3,0,2,1,1,0.68,0.6364,0.79,0.2836,1,2
2765,6435,360,2011-09-30,4,0,9,16,0,5,1,1,0.62,0.6212,0.53,0.2239,62,298
2766,1979,110,2011-03-28,2,0,3,7,0,1,1,1,0.2,0.1818,0.32,0.3284,6,104
2767,13674,276,2012-07-28,3,1,7,22,0,6,0,1,0.66,0.6061,0.78,0.0896,88,188
2768,12957,42,2012-06-29,3,1,6,1,0,5,1,1,0.74,0.6667,0.51,0.1642,9,33
2769,4865,147,2011-07-26,3,0,7,14,0,2,1,1,0.86,0.7424,0.3,0.2836,46,101
2770,6956,236,2011-10-22,4,0,10,10,0,6,0,2,0.44,0.4394,0.62,0.1045,87,149
2771,2005,172,2011-03-29,2,0,3,9,0,2,1,1,0.28,0.2576,0.28,0.3881,16,156
2772,8586,130,2011-12-29,1,0,12,12,0,4,1,2,0.26,0.2727,0.56,0.1045,12,118
2773,16578,146,2012-11-28,4,1,11,11,0,3,1,1,0.32,0.3182,0.45,0.1642,19,127
2774,1711,59,2011-03-16,1,0,3,22,0,3,1,2,0.4,0.4091,0.62,0.3881,11,48
2775,4978,45,2011-07-31,3,0,7,7,0,0,0,1,0.74,0.6818,0.58,0.1343,19,26
2776,2770,48,2011-04-30,2,0,4,7,0,6,0,1,0.4,0.4091,0.54,0.3881,21,27
2777,615,62,2011-01-28,1,0,1,20,0,5,1,2,0.24,0.2273,0.7,0.194,1,61
2778,8531,3,2011-12-27,1,0,12,4,0,2,1,2,0.3,0.2879,0.65,0.2239,0,3
2779,2236,25,2011-04-08,2,0,4,0,0,5,1,2,0.36,0.3485,0.76,0.2239,4,21
2780,1201,4,2011-02-23,1,0,2,1,0,3,1,1,0.14,0.1515,0.46,0.1642,0,4
2781,8086,124,2011-12-08,4,0,12,13,0,4,1,1,0.3,0.2727,0.49,0.3582,9,115
2782,2374,175,2011-04-13,2,0,4,19,0,3,1,1,0.44,0.4394,0.62,0.2537,15,160
2783,13844,153,2012-08-05,3,1,8,0,0,0,0,1,0.74,0.697,0.7,0.2836,32,121
2784,3477,328,2011-05-29,2,0,5,18,0,0,0,1,0.72,0.697,0.74,0.2836,151,177
2785,5809,337,2011-09-04,3,0,9,11,0,0,0,1,0.74,0.697,0.7,0.1642,174,163
2786,6232,30,2011-09-22,3,0,9,5,0,4,1,2,0.6,0.5152,0.94,0.1045,2,28
2787,10070,90,2012-02-29,1,1,2,15,0,3,1,2,0.4,0.4091,0.82,0.2836,3,87
2788,11342,39,2012-04-22,2,1,4,18,0,0,0,3,0.36,0.3182,0.93,0.4478,1,38
2789,2376,117,2011-04-13,2,0,4,21,0,3,1,1,0.42,0.4242,0.67,0.1642,17,100
2790,7529,319,2011-11-15,4,0,11,7,0,2,1,2,0.54,0.5152,0.68,0.1642,21,298
2791,2826,155,2011-05-02,2,0,5,15,0,1,1,1,0.66,0.6212,0.61,0.194,45,110
2792,1653,84,2011-03-14,1,0,3,10,0,1,1,1,0.34,0.3182,0.42,0.2537,27,57
2793,6498,249,2011-10-03,4,0,10,7,0,1,1,2,0.36,0.3485,0.71,0.1343,8,241
2794,5023,10,2011-08-02,3,0,8,4,0,2,1,1,0.66,0.6212,0.74,0.1045,0,10
2795,16308,11,2012-11-17,4,1,11,5,0,6,0,1,0.24,0.2424,0.7,0.1642,1,10
2796,13787,270,2012-08-02,3,1,8,15,0,4,1,1,0.78,0.7424,0.62,0.4627,68,202
2797,6454,132,2011-10-01,4,0,10,11,0,6,0,3,0.38,0.3939,0.82,0.3284,30,102
2798,4699,277,2011-07-19,3,0,7,16,0,2,1,1,0.9,0.8485,0.42,0.2985,61,216
2799,13156,152,2012-07-07,3,1,7,8,0,6,0,1,0.82,0.8333,0.63,0.194,32,120
2800,15357,109,2012-10-07,4,1,10,1,0,0,0,1,0.44,0.4394,0.54,0.2239,29,80
2801,12449,313,2012-06-07,2,1,6,21,0,4,1,1,0.62,0.6212,0.41,0.3284,30,283
2802,16505,139,2012-11-25,4,1,11,10,0,0,0,1,0.24,0.2273,0.48,0.2537,15,124
2803,5685,357,2011-08-30,3,0,8,7,0,2,1,1,0.56,0.5303,0.68,0.1343,19,338
2804,4638,47,2011-07-17,3,0,7,3,0,0,0,1,0.64,0.6061,0.69,0.2239,21,26
2805,15618,215,2012-10-17,4,1,10,22,0,3,1,1,0.46,0.4545,0.88,0.2537,17,198
2806,16358,386,2012-11-19,4,1,11,7,0,1,1,2,0.36,0.3333,0.66,0.2985,5,381
2807,2911,1,2011-05-06,2,0,5,4,0,5,1,1,0.36,0.3636,0.71,0.1045,0,1
2808,12520,363,2012-06-10,2,1,6,20,0,0,0,1,0.76,0.6818,0.48,0.1642,113,250
2809,7479,5,2011-11-13,4,0,11,5,0,0,0,1,0.34,0.3333,0.61,0.1642,2,3
2810,9040,103,2012-01-17,1,1,1,13,0,2,1,2,0.38,0.3939,0.76,0.3284,8,95
2811,13888,457,2012-08-06,3,1,8,20,0,1,1,1,0.76,0.7273,0.66,0.1642,89,368
2812,5754,4,2011-09-02,3,0,9,4,0,5,1,1,0.6,0.5606,0.83,0.0896,2,2
2813,12700,474,2012-06-18,2,1,6,8,0,1,1,2,0.54,0.5152,0.83,0.194,27,447
2814,16716,153,2012-12-04,4,1,12,6,0,2,1,2,0.36,0.3788,0.93,0.0,3,150
2815,14131,226,2012-08-16,3,1,8,23,0,4,1,1,0.7,0.6515,0.54,0.1045,58,168
2816,1082,175,2011-02-17,1,0,2,19,0,4,1,1,0.48,0.4697,0.55,0.3284,14,161
2817,2509,75,2011-04-19,2,0,4,10,0,2,1,2,0.5,0.4848,0.72,0.2239,15,60
2818,14607,662,2012-09-05,3,1,9,19,0,3,1,1,0.74,0.697,0.7,0.1642,64,598
2819,1485,1,2011-03-07,1,0,3,5,0,1,1,1,0.2,0.1818,0.75,0.3582,0,1
2820,16923,202,2012-12-12,4,1,12,21,0,3,1,2,0.3,0.2879,0.52,0.2537,16,186
2821,4607,343,2011-07-15,3,0,7,20,0,5,1,1,0.7,0.6515,0.51,0.2239,92,251
2822,2429,24,2011-04-16,2,0,4,2,0,6,0,2,0.36,0.3485,0.87,0.1343,5,19
2823,7757,28,2011-11-24,4,0,11,19,1,4,0,1,0.4,0.4091,0.54,0.1045,15,13
2824,655,122,2011-01-30,1,0,1,14,0,0,0,1,0.28,0.303,0.61,0.0896,18,104
2825,5134,171,2011-08-06,3,0,8,19,0,6,0,3,0.72,0.7121,0.84,0.2537,57,114
2826,6737,52,2011-10-13,4,0,10,6,0,4,1,3,0.54,0.5152,1.0,0.0896,1,51
2827,11455,233,2012-04-27,2,1,4,11,0,5,1,1,0.44,0.4394,0.38,0.3284,47,186
2828,13099,183,2012-07-04,3,1,7,23,1,3,0,2,0.78,0.697,0.43,0.0896,31,152
2829,6822,233,2011-10-16,4,0,10,19,0,0,0,1,0.54,0.5152,0.52,0.3881,52,181
2830,4022,171,2011-06-21,3,0,6,11,0,2,1,1,0.66,0.6061,0.83,0.1642,52,119
2831,277,20,2011-01-12,1,0,1,23,0,3,1,1,0.14,0.1061,0.59,0.4179,1,19
2832,13014,366,2012-07-01,3,1,7,10,0,0,0,1,0.86,0.7879,0.44,0.2985,98,268
2833,12174,424,2012-05-27,2,1,5,10,0,0,0,1,0.68,0.6364,0.74,0.2537,209,215
2834,6357,122,2011-09-27,4,0,9,10,0,2,1,3,0.64,0.5606,0.94,0.1642,21,101
2835,10144,385,2012-03-03,1,1,3,17,0,6,0,1,0.5,0.4848,0.23,0.3284,106,279
2836,13059,483,2012-07-03,3,1,7,7,0,2,1,1,0.74,0.6818,0.58,0.0,21,462
2837,11372,13,2012-04-24,2,1,4,0,0,2,1,2,0.32,0.3333,0.76,0.1343,0,13
2838,7124,12,2011-10-29,4,0,10,10,0,6,0,3,0.26,0.2273,0.93,0.3284,0,12
2839,2728,121,2011-04-28,2,0,4,13,0,4,1,2,0.62,0.5758,0.83,0.2985,18,103
2840,7484,241,2011-11-13,4,0,11,10,0,0,0,1,0.44,0.4394,0.44,0.3284,63,178
2841,12439,237,2012-06-07,2,1,6,11,0,4,1,1,0.66,0.6212,0.47,0.2239,67,170
2842,16620,106,2012-11-30,4,1,11,6,0,5,1,1,0.2,0.2576,0.86,0.0,2,104
2843,2623,5,2011-04-24,2,0,4,4,0,0,0,1,0.5,0.4848,0.94,0.0896,0,5
2844,14199,341,2012-08-19,3,1,8,19,0,0,0,2,0.64,0.6061,0.73,0.1343,72,269
2845,8240,51,2011-12-14,4,0,12,23,0,3,1,1,0.32,0.3182,0.7,0.1642,3,48
2846,6352,24,2011-09-27,4,0,9,5,0,2,1,3,0.62,0.5455,0.94,0.0896,0,24
2847,12293,298,2012-06-01,2,1,6,9,0,5,1,2,0.64,0.5758,0.83,0.2239,24,274
2848,3075,52,2011-05-13,2,0,5,0,0,5,1,2,0.52,0.5,0.83,0.1642,6,46
2849,6025,190,2011-09-13,3,0,9,14,0,2,1,1,0.74,0.6667,0.51,0.3284,51,139
2850,10198,31,2012-03-05,1,1,3,23,0,1,1,1,0.22,0.1818,0.37,0.5821,2,29
2851,3311,231,2011-05-22,2,0,5,20,0,0,0,1,0.64,0.6061,0.65,0.1642,57,174
2852,3197,6,2011-05-18,2,0,5,2,0,3,1,3,0.52,0.5,0.94,0.2239,1,5
2853,3766,306,2011-06-10,2,0,6,19,0,5,1,1,0.78,0.7424,0.59,0.194,61,245
2854,15023,54,2012-09-23,4,1,9,3,0,0,0,1,0.48,0.4697,0.55,0.2985,13,41
2855,16525,124,2012-11-26,4,1,11,6,0,1,1,1,0.22,0.2727,0.69,0.0,1,123
2856,8516,140,2011-12-26,1,0,12,13,1,1,0,1,0.38,0.3939,0.4,0.2985,57,83
2857,429,59,2011-01-19,1,0,1,21,0,3,1,1,0.32,0.2879,0.49,0.4179,4,55
2858,16791,301,2012-12-07,4,1,12,9,0,5,1,2,0.3,0.303,0.81,0.1343,10,291
2859,15550,6,2012-10-15,4,1,10,2,0,1,1,2,0.58,0.5455,0.64,0.3582,1,5
2860,14269,783,2012-08-22,3,1,8,17,0,3,1,3,0.74,0.6818,0.55,0.2239,72,711
2861,9994,188,2012-02-26,1,1,2,10,0,0,0,1,0.26,0.2576,0.41,0.1642,27,161
2862,16908,128,2012-12-12,4,1,12,6,0,3,1,2,0.26,0.2424,0.6,0.2537,2,126
2863,4497,121,2011-07-11,3,0,7,6,0,1,1,1,0.68,0.6364,0.74,0.194,19,102
2864,11105,187,2012-04-12,2,1,4,21,0,4,1,1,0.42,0.4242,0.35,0.1343,13,174
2865,14781,28,2012-09-13,3,1,9,1,0,4,1,1,0.54,0.5152,0.77,0.0896,6,22
2866,3490,31,2011-05-30,2,0,5,7,1,1,0,2,0.64,0.5606,0.94,0.0,12,19
2867,5988,16,2011-09-12,3,0,9,0,0,1,1,1,0.56,0.5303,0.88,0.0896,5,11
2868,4747,210,2011-07-21,3,0,7,16,0,4,1,1,0.92,0.9242,0.48,0.2836,43,167
2869,6204,17,2011-09-21,3,0,9,1,0,3,1,1,0.54,0.5152,0.94,0.0,0,17
2870,6885,149,2011-10-19,4,0,10,11,0,3,1,3,0.52,0.5,0.94,0.2537,33,116
2871,15234,207,2012-10-01,4,1,10,22,0,1,1,3,0.54,0.5152,0.77,0.0896,17,190
2872,10212,164,2012-03-06,1,1,3,13,0,2,1,1,0.3,0.303,0.39,0.1343,16,148
2873,16235,6,2012-11-14,4,1,11,4,0,3,1,1,0.22,0.2273,0.69,0.194,0,6
2874,5103,216,2011-08-05,3,0,8,12,0,5,1,1,0.76,0.697,0.52,0.2537,57,159
2875,14760,5,2012-09-12,3,1,9,4,0,3,1,1,0.5,0.4848,0.72,0.0896,0,5
2876,12124,583,2012-05-25,2,1,5,8,0,5,1,2,0.64,0.5758,0.89,0.1045,32,551
2877,9273,72,2012-01-27,1,1,1,6,0,5,1,2,0.42,0.4242,1.0,0.3284,0,72
2878,11703,546,2012-05-07,2,1,5,19,0,1,1,1,0.58,0.5455,0.56,0.3284,83,463
2879,1880,6,2011-03-24,2,0,3,2,0,4,1,2,0.3,0.2879,1.0,0.2537,0,6
2880,10124,101,2012-03-02,1,1,3,21,0,5,1,3,0.36,0.3636,0.87,0.0896,2,99
2881,15114,215,2012-09-26,4,1,9,22,0,3,1,3,0.62,0.6061,0.69,0.194,21,194
2882,2779,464,2011-04-30,2,0,4,16,0,6,0,1,0.58,0.5455,0.37,0.194,191,273
2883,1404,167,2011-03-03,1,0,3,18,0,4,1,1,0.24,0.2121,0.35,0.3284,6,161
2884,1066,4,2011-02-17,1,0,2,3,0,4,1,1,0.34,0.3333,0.53,0.194,3,1
2885,12711,463,2012-06-18,2,1,6,19,0,1,1,2,0.62,0.5909,0.73,0.0896,52,411
2886,3860,569,2011-06-14,2,0,6,17,0,2,1,3,0.64,0.6212,0.5,0.2836,85,484
2887,5949,207,2011-09-10,3,0,9,9,0,6,0,1,0.64,0.5909,0.78,0.2985,39,168
2888,8174,21,2011-12-12,4,0,12,5,0,1,1,1,0.16,0.2273,0.8,0.0,0,21
2889,5082,165,2011-08-04,3,0,8,15,0,4,1,1,0.8,0.7576,0.55,0.2537,50,115
2890,6432,266,2011-09-30,4,0,9,13,0,5,1,2,0.66,0.6212,0.47,0.3284,72,194
2891,8666,83,2012-01-01,1,1,1,20,0,0,0,2,0.44,0.4394,0.62,0.2985,25,58
2892,3027,38,2011-05-11,2,0,5,0,0,3,1,2,0.52,0.5,0.55,0.1343,8,30
2893,13739,144,2012-07-31,3,1,7,15,0,2,1,1,0.76,0.7121,0.62,0.1343,29,115
2894,7254,209,2011-11-03,4,0,11,20,0,4,1,1,0.42,0.4242,0.71,0.1045,11,198
2895,10537,3,2012-03-20,1,1,3,3,0,2,1,2,0.54,0.5152,0.88,0.0,0,3
2896,14231,3,2012-08-21,3,1,8,3,0,2,1,1,0.56,0.5303,0.88,0.0,0,3
2897,11999,66,2012-05-20,2,1,5,3,0,0,0,1,0.54,0.5152,0.56,0.0896,26,40
2898,4808,8,2011-07-24,3,0,7,5,0,0,0,1,0.78,0.7576,0.66,0.0896,5,3
2899,9297,15,2012-01-28,1,1,1,6,0,6,0,1,0.24,0.2879,0.7,0.0,3,12
2900,17319,45,2012-12-29,1,1,12,11,0,6,0,3,0.2,0.2424,0.93,0.0896,7,38
2901,4310,390,2011-07-03,3,0,7,11,0,0,0,1,0.76,0.7121,0.62,0.1045,215,175
2902,15127,294,2012-09-27,4,1,9,11,0,4,1,2,0.72,0.6667,0.51,0.1642,67,227
2903,9516,116,2012-02-06,1,1,2,10,0,1,1,1,0.22,0.2424,0.75,0.1045,20,96
2904,13081,19,2012-07-04,3,1,7,5,1,3,0,1,0.66,0.6212,0.69,0.0,5,14
2905,11480,381,2012-04-28,2,1,4,12,0,6,0,2,0.38,0.3939,0.43,0.0,105,276
2906,16680,203,2012-12-02,4,1,12,18,0,0,0,2,0.44,0.4394,0.72,0.1045,25,178
2907,15659,395,2012-10-19,4,1,10,15,0,5,1,1,0.64,0.6061,0.65,0.2985,93,302
2908,2844,186,2011-05-03,2,0,5,9,0,2,1,2,0.6,0.5758,0.78,0.3582,29,157
2909,7767,5,2011-11-25,4,0,11,5,0,5,1,1,0.28,0.3182,0.75,0.0,2,3
2910,15916,268,2012-10-31,4,1,10,20,0,3,1,2,0.4,0.4091,0.5,0.194,9,259
2911,15727,211,2012-10-22,4,1,10,11,0,1,1,1,0.56,0.5303,0.37,0.1642,63,148
2912,17308,26,2012-12-29,1,1,12,0,0,6,0,2,0.24,0.2424,0.7,0.0,1,25
2913,14166,480,2012-08-18,3,1,8,10,0,6,0,1,0.7,0.6515,0.54,0.1642,166,314
2914,17265,11,2012-12-27,1,1,12,5,0,4,1,1,0.24,0.2424,0.75,0.1642,1,10
2915,5552,27,2011-08-24,3,0,8,5,0,3,1,1,0.56,0.5303,0.73,0.1045,1,26
2916,16011,227,2012-11-04,4,1,11,19,0,0,0,1,0.36,0.3333,0.43,0.2537,24,203
2917,15192,7,2012-09-30,4,1,9,4,0,0,0,1,0.46,0.4545,0.67,0.0896,1,6
2918,11661,121,2012-05-06,2,1,5,1,0,0,0,2,0.54,0.5152,0.83,0.2239,37,84
2919,13587,507,2012-07-25,3,1,7,7,0,3,1,1,0.66,0.6212,0.5,0.3284,34,473
2920,14935,247,2012-09-19,3,1,9,11,0,3,1,1,0.6,0.6212,0.43,0.2537,44,203
2921,11753,34,2012-05-09,2,1,5,21,0,3,1,3,0.5,0.4848,0.82,0.1642,4,30
2922,5288,18,2011-08-13,3,0,8,5,0,6,0,1,0.64,0.6061,0.73,0.1045,3,15
2923,1866,87,2011-03-23,2,0,3,12,0,3,1,2,0.34,0.3182,0.87,0.2239,14,73
2924,1314,69,2011-02-27,1,0,2,22,0,0,0,2,0.38,0.3939,0.62,0.1045,2,67
2925,11581,729,2012-05-02,2,1,5,17,0,3,1,1,0.6,0.5909,0.73,0.2537,70,659
2926,7185,52,2011-10-31,4,0,10,23,0,1,1,2,0.36,0.3485,0.76,0.194,6,46
2927,6382,151,2011-09-28,4,0,9,11,0,3,1,2,0.66,0.6061,0.83,0.1045,24,127
2928,9715,523,2012-02-14,1,1,2,17,0,2,1,1,0.42,0.4242,0.38,0.3582,19,504
2929,6872,206,2011-10-18,4,0,10,21,0,2,1,2,0.54,0.5152,0.68,0.1343,28,178
2930,6933,174,2011-10-21,4,0,10,11,0,5,1,1,0.5,0.4848,0.45,0.2239,39,135
2931,2346,78,2011-04-12,2,0,4,15,0,2,1,2,0.48,0.4697,0.77,0.5224,24,54
2932,7636,208,2011-11-19,4,0,11,18,0,6,0,1,0.38,0.3939,0.46,0.1343,36,172
2933,10235,215,2012-03-07,1,1,3,12,0,3,1,1,0.44,0.4394,0.38,0.3881,40,175
2934,5795,164,2011-09-03,3,0,9,21,0,6,0,1,0.68,0.6364,0.83,0.1343,71,93
2935,8230,133,2011-12-14,4,0,12,13,0,3,1,2,0.36,0.3636,0.57,0.1045,14,119
2936,4779,101,2011-07-23,3,0,7,0,0,6,0,1,0.82,0.7879,0.56,0.0,16,85
2937,11828,98,2012-05-13,2,1,5,0,0,0,0,1,0.56,0.5303,0.64,0.1642,19,79
2938,4073,149,2011-06-23,3,0,6,14,0,4,1,2,0.76,0.7273,0.66,0.2985,46,103
2939,13448,274,2012-07-19,3,1,7,12,0,4,1,1,0.84,0.7879,0.49,0.2836,59,215
2940,12411,547,2012-06-06,2,1,6,7,0,3,1,1,0.5,0.4848,0.72,0.0,16,531
2941,2921,213,2011-05-06,2,0,5,14,0,5,1,1,0.6,0.6212,0.4,0.4478,86,127
2942,15890,143,2012-10-30,4,1,10,18,0,2,1,3,0.3,0.303,0.87,0.1343,4,139
2943,6684,11,2011-10-11,4,0,10,1,0,2,1,2,0.52,0.5,0.94,0.0896,2,9
2944,7074,316,2011-10-27,4,0,10,8,0,4,1,3,0.48,0.4697,0.88,0.194,12,304
2945,9134,63,2012-01-21,1,1,1,11,0,6,0,2,0.18,0.2121,0.86,0.1045,1,62
2946,4675,265,2011-07-18,3,0,7,16,0,1,1,1,0.84,0.803,0.53,0.2836,45,220
2947,4248,323,2011-06-30,3,0,6,21,0,4,1,1,0.72,0.6515,0.37,0.1045,81,242
2948,1506,1,2011-03-08,1,0,3,2,0,2,1,1,0.24,0.2424,0.52,0.1343,1,0
2949,17322,98,2012-12-29,1,1,12,14,0,6,0,2,0.24,0.2424,0.87,0.0896,10,88
2950,13356,495,2012-07-15,3,1,7,16,0,0,0,1,0.86,0.7879,0.41,0.2239,152,343
2951,4174,396,2011-06-27,3,0,6,19,0,1,1,1,0.72,0.6818,0.62,0.194,56,340
2952,3609,28,2011-06-04,2,0,6,6,0,6,0,1,0.54,0.5152,0.6,0.0,11,17
2953,8514,91,2011-12-26,1,0,12,11,1,1,0,1,0.34,0.2879,0.46,0.5821,40,51
2954,7598,5,2011-11-18,4,0,11,4,0,5,1,1,0.22,0.2273,0.44,0.1642,0,5
2955,3101,52,2011-05-14,2,0,5,2,0,6,0,2,0.5,0.4848,0.88,0.1343,15,37
2956,1865,71,2011-03-23,2,0,3,11,0,3,1,2,0.34,0.3333,0.87,0.194,18,53
2957,11027,218,2012-04-09,2,1,4,14,0,1,1,1,0.56,0.5303,0.28,0.5522,66,152
2958,7167,18,2011-10-31,4,0,10,5,0,1,1,1,0.22,0.2727,0.93,0.0,0,18
2959,12505,13,2012-06-10,2,1,6,5,0,0,0,1,0.62,0.6061,0.69,0.0896,3,10
2960,6365,356,2011-09-27,4,0,9,18,0,2,1,2,0.64,0.5758,0.89,0.2239,31,325
2961,11350,4,2012-04-23,2,1,4,2,0,1,1,2,0.32,0.303,0.87,0.3284,1,3
2962,127,84,2011-01-06,1,0,1,12,0,4,1,1,0.26,0.2879,0.35,0.0,6,78
2963,16143,146,2012-11-10,4,1,11,8,0,6,0,1,0.32,0.3485,0.76,0.0,16,130
2964,14523,42,2012-09-02,3,1,9,7,0,0,0,1,0.66,0.5909,0.94,0.0896,13,29
2965,13984,370,2012-08-10,3,1,8,20,0,5,1,1,0.74,0.697,0.66,0.2985,55,315
2966,2639,105,2011-04-24,2,0,4,20,0,0,0,3,0.6,0.5606,0.83,0.2836,34,71
2967,14965,976,2012-09-20,3,1,9,17,0,4,1,1,0.64,0.6212,0.5,0.2239,91,885
2968,8722,14,2012-01-04,1,1,1,5,0,3,1,1,0.02,0.0455,0.41,0.194,0,14
2969,2514,127,2011-04-19,2,0,4,15,0,2,1,2,0.54,0.5152,0.65,0.1642,44,83
2970,15220,784,2012-10-01,4,1,10,8,0,1,1,2,0.46,0.4545,0.77,0.1045,40,744
2971,11666,17,2012-05-06,2,1,5,6,0,0,0,3,0.52,0.5,0.83,0.2239,3,14
2972,517,77,2011-01-23,1,0,1,15,0,0,0,1,0.16,0.1364,0.28,0.3582,13,64
2973,6962,359,2011-10-22,4,0,10,16,0,6,0,1,0.5,0.4848,0.45,0.194,169,190
2974,4508,514,2011-07-11,3,0,7,17,0,1,1,1,0.86,0.8485,0.56,0.4179,59,455
2975,5894,4,2011-09-08,3,0,9,1,0,4,1,3,0.62,0.5455,0.94,0.1045,0,4
2976,5505,112,2011-08-22,3,0,8,6,0,1,1,1,0.66,0.6212,0.61,0.2985,6,106
2977,7537,191,2011-11-15,4,0,11,15,0,2,1,2,0.54,0.5152,0.6,0.1343,36,155
2978,12848,556,2012-06-24,3,1,6,12,0,0,0,1,0.8,0.697,0.33,0.2239,227,329
2979,5109,466,2011-08-05,3,0,8,18,0,5,1,1,0.76,0.697,0.52,0.2537,105,361
2980,10948,246,2012-04-06,2,1,4,7,0,5,1,1,0.3,0.2879,0.49,0.2836,15,231
2981,17361,9,2012-12-31,1,1,12,5,0,1,1,1,0.16,0.1515,0.64,0.194,0,9
2982,10256,301,2012-03-08,1,1,3,9,0,4,1,1,0.46,0.4545,0.72,0.4627,19,282
2983,14801,317,2012-09-13,3,1,9,21,0,4,1,1,0.62,0.6061,0.65,0.1045,26,291
2984,6677,473,2011-10-10,4,0,10,18,1,1,0,2,0.64,0.6212,0.53,0.0,108,365
2985,9189,282,2012-01-23,1,1,1,18,0,1,1,2,0.24,0.2424,0.93,0.1343,7,275
2986,13422,138,2012-07-18,3,1,7,10,0,3,1,1,0.9,0.8485,0.42,0.194,39,99
2987,8804,449,2012-01-07,1,1,1,15,0,6,0,1,0.58,0.5455,0.37,0.2985,132,317
2988,8361,21,2011-12-20,4,0,12,0,0,2,1,1,0.36,0.3636,0.57,0.1045,0,21
2989,1243,83,2011-02-24,1,0,2,21,0,4,1,2,0.34,0.303,0.87,0.3284,7,76
2990,1754,331,2011-03-18,1,0,3,18,0,5,1,1,0.68,0.6364,0.39,0.1642,84,247
2991,6074,135,2011-09-15,3,0,9,15,0,4,1,2,0.6,0.5909,0.69,0.4179,25,110
2992,718,18,2011-02-02,1,0,2,6,0,3,1,3,0.22,0.2424,0.93,0.1045,1,17
2993,4900,29,2011-07-28,3,0,7,1,0,4,1,1,0.72,0.6667,0.51,0.0,3,26
2994,3435,94,2011-05-28,2,0,5,0,0,6,0,1,0.58,0.5455,0.88,0.1343,15,79
2995,12440,336,2012-06-07,2,1,6,12,0,4,1,1,0.7,0.6364,0.42,0.0,62,274
2996,2255,53,2011-04-08,2,0,4,19,0,5,1,3,0.3,0.2727,0.93,0.4179,1,52
2997,10244,188,2012-03-07,1,1,3,21,0,3,1,1,0.44,0.4394,0.62,0.2537,11,177
2998,7703,26,2011-11-22,4,0,11,13,0,2,1,3,0.42,0.4242,1.0,0.0896,4,22
2999,93,6,2011-01-05,1,0,1,0,0,3,1,1,0.2,0.2576,0.64,0.0,0,6
3000,1645,1,2011-03-14,1,0,3,1,0,1,1,1,0.26,0.2879,0.65,0.0896,0,1
3001,16567,23,2012-11-28,4,1,11,0,0,3,1,2,0.26,0.2424,0.75,0.2537,1,22
3002,5214,4,2011-08-10,3,0,8,3,0,3,1,1,0.7,0.6515,0.58,0.1642,1,3
3003,16309,21,2012-11-17,4,1,11,6,0,6,0,1,0.24,0.2273,0.7,0.2239,0,21
3004,5856,89,2011-09-06,3,0,9,11,0,2,1,3,0.54,0.5152,0.83,0.3881,11,78
3005,10911,759,2012-04-04,2,1,4,18,0,3,1,1,0.66,0.6212,0.41,0.2537,113,646
3006,585,43,2011-01-26,1,0,1,15,0,3,1,3,0.22,0.1818,0.93,0.4627,1,42
3007,9476,67,2012-02-04,1,1,2,17,0,6,0,3,0.3,0.2879,0.7,0.194,13,54
3008,14598,235,2012-09-05,3,1,9,10,0,3,1,2,0.76,0.7273,0.7,0.1642,54,181
3009,4279,11,2011-07-02,3,0,7,4,0,6,0,1,0.62,0.6061,0.61,0.0,3,8
3010,6541,3,2011-10-05,4,0,10,2,0,3,1,1,0.46,0.4545,0.82,0.1642,1,2
3011,1992,112,2011-03-28,2,0,3,20,0,1,1,1,0.32,0.3333,0.22,0.1045,5,107
3012,363,91,2011-01-16,1,0,1,14,0,0,0,1,0.28,0.2727,0.36,0.2537,22,69
3013,1751,173,2011-03-18,1,0,3,15,0,5,1,2,0.68,0.6364,0.39,0.3582,62,111
3014,11092,624,2012-04-12,2,1,4,8,0,4,1,1,0.32,0.303,0.66,0.3284,20,604
3015,12092,56,2012-05-24,2,1,5,0,0,4,1,1,0.6,0.5606,0.83,0.0896,7,49
3016,15627,508,2012-10-18,4,1,10,7,0,4,1,1,0.44,0.4394,0.88,0.2537,20,488
3017,7415,96,2011-11-10,4,0,11,13,0,4,1,3,0.36,0.3333,0.81,0.3582,9,87
3018,15004,218,2012-09-22,3,1,9,8,0,6,0,1,0.6,0.5909,0.73,0.2985,21,197
3019,15527,28,2012-10-14,4,1,10,3,0,0,0,1,0.42,0.4242,0.77,0.2985,3,25
3020,5121,27,2011-08-06,3,0,8,6,0,6,0,1,0.64,0.5758,0.89,0.1045,5,22
3021,1525,75,2011-03-08,1,0,3,21,0,2,1,1,0.3,0.2879,0.49,0.194,7,68
3022,16047,387,2012-11-06,4,1,11,7,0,2,1,1,0.2,0.2121,0.69,0.1642,9,378
3023,12052,590,2012-05-22,2,1,5,8,0,2,1,2,0.56,0.5303,0.88,0.1343,20,570
3024,16719,336,2012-12-04,4,1,12,9,0,2,1,1,0.46,0.4545,0.82,0.1045,19,317
3025,5415,173,2011-08-18,3,0,8,12,0,4,1,1,0.8,0.7424,0.52,0.2836,34,139
3026,2991,195,2011-05-09,2,0,5,12,0,1,1,1,0.6,0.6212,0.43,0.194,35,160
3027,3280,462,2011-05-21,2,0,5,13,0,6,0,1,0.7,0.6364,0.45,0.0,191,271
3028,5684,119,2011-08-30,3,0,8,6,0,2,1,1,0.54,0.5152,0.73,0.1045,4,115
3029,1193,196,2011-02-22,1,0,2,17,0,2,1,1,0.22,0.2121,0.51,0.2239,8,188
3030,7276,374,2011-11-04,4,0,11,18,0,5,1,1,0.42,0.4242,0.32,0.4627,35,339
3031,11197,712,2012-04-16,2,1,4,17,1,1,0,1,0.8,0.697,0.33,0.3881,111,601
3032,11258,120,2012-04-19,2,1,4,6,0,4,1,2,0.4,0.4091,0.82,0.1045,4,116
3033,12329,316,2012-06-02,2,1,6,21,0,6,0,1,0.6,0.6212,0.4,0.1045,96,220
3034,5443,327,2011-08-19,3,0,8,16,0,5,1,1,0.8,0.7424,0.49,0.0,66,261
3035,6897,69,2011-10-19,4,0,10,23,0,3,1,2,0.58,0.5455,0.94,0.3582,14,55
3036,8458,16,2011-12-24,1,0,12,1,0,6,0,2,0.32,0.3485,0.66,0.0,1,15
3037,14797,884,2012-09-13,3,1,9,17,0,4,1,1,0.72,0.6515,0.42,0.194,97,787
3038,11489,84,2012-04-28,2,1,4,21,0,6,0,3,0.36,0.3485,0.71,0.194,12,72
3039,3134,322,2011-05-15,2,0,5,11,0,0,0,1,0.6,0.5758,0.78,0.2239,120,202
3040,13896,9,2012-08-07,3,1,8,4,0,2,1,1,0.68,0.6364,0.83,0.1343,2,7
3041,3901,121,2011-06-16,2,0,6,10,0,4,1,2,0.66,0.6212,0.61,0.2537,18,103
3042,8233,245,2011-12-14,4,0,12,16,0,3,1,2,0.38,0.3939,0.54,0.1045,12,233
3043,15558,168,2012-10-15,4,1,10,10,0,1,1,2,0.6,0.5909,0.73,0.3881,43,125
3044,5679,13,2011-08-30,3,0,8,1,0,2,1,1,0.56,0.5303,0.68,0.1045,6,7
3045,4961,305,2011-07-30,3,0,7,14,0,6,0,1,0.9,0.7879,0.29,0.0,112,193
3046,791,20,2011-02-05,1,0,2,9,0,6,0,3,0.2,0.2273,1.0,0.0896,3,17
3047,8479,20,2011-12-24,1,0,12,22,0,6,0,1,0.24,0.2879,0.52,0.0,8,12
3048,12929,367,2012-06-27,3,1,6,21,0,3,1,1,0.74,0.6515,0.35,0.1343,54,313
3049,15789,28,2012-10-25,4,1,10,1,0,4,1,1,0.58,0.5455,0.68,0.0,6,22
3050,15138,47,2012-09-27,4,1,9,22,0,4,1,3,0.62,0.5758,0.83,0.2985,2,45
3051,3594,212,2011-06-03,2,0,6,15,0,5,1,1,0.7,0.6364,0.28,0.2836,56,156
3052,8612,245,2011-12-30,1,0,12,14,0,5,1,2,0.4,0.4091,0.47,0.0896,67,178
3053,3886,416,2011-06-15,2,0,6,19,0,3,1,1,0.7,0.6364,0.37,0.2836,54,362
3054,4183,8,2011-06-28,3,0,6,4,0,2,1,1,0.66,0.6212,0.74,0.0,1,7
3055,16037,152,2012-11-05,4,1,11,21,0,1,1,1,0.3,0.2879,0.52,0.2836,8,144
3056,7607,177,2011-11-18,4,0,11,13,0,5,1,1,0.34,0.3182,0.31,0.2239,31,146
3057,1926,28,2011-03-26,2,0,3,0,0,6,0,2,0.26,0.2424,0.38,0.2836,3,25
3058,13277,327,2012-07-12,3,1,7,9,0,4,1,1,0.72,0.6667,0.58,0.1045,42,285
3059,14840,706,2012-09-15,3,1,9,12,0,6,0,1,0.66,0.6212,0.36,0.3582,287,419
3060,4098,216,2011-06-24,3,0,6,15,0,5,1,1,0.82,0.7273,0.34,0.3881,69,147
3061,16794,240,2012-12-07,4,1,12,12,0,5,1,2,0.34,0.3333,0.71,0.194,36,204
3062,12834,279,2012-06-23,3,1,6,22,0,6,0,1,0.74,0.6515,0.37,0.1045,101,178
3063,10121,160,2012-03-02,1,1,3,18,0,5,1,3,0.36,0.3485,0.87,0.194,6,154
3064,13824,13,2012-08-04,3,1,8,4,0,6,0,1,0.72,0.697,0.79,0.194,2,11
3065,13036,568,2012-07-02,3,1,7,8,0,1,1,1,0.76,0.697,0.52,0.194,20,548
3066,4659,51,2011-07-18,3,0,7,0,0,1,1,1,0.7,0.6667,0.74,0.1343,21,30
3067,15034,666,2012-09-23,4,1,9,14,0,0,0,1,0.6,0.6212,0.38,0.194,266,400
3068,15946,10,2012-11-02,4,1,11,2,0,5,1,1,0.32,0.3182,0.66,0.1642,3,7
3069,2354,39,2011-04-12,2,0,4,23,0,2,1,2,0.4,0.4091,0.94,0.2537,8,31
3070,15074,194,2012-09-25,4,1,9,6,0,2,1,1,0.44,0.4394,0.77,0.2239,5,189
3071,3331,279,2011-05-23,2,0,5,16,0,1,1,2,0.72,0.6818,0.62,0.2985,56,223
3072,13384,454,2012-07-16,3,1,7,20,0,1,1,1,0.8,0.7727,0.59,0.1343,66,388
3073,9099,27,2012-01-20,1,1,1,0,0,5,1,2,0.26,0.2273,0.48,0.2985,3,24
3074,5977,350,2011-09-11,3,0,9,13,0,0,0,1,0.74,0.6818,0.58,0.1045,119,231
3075,6612,65,2011-10-08,4,0,10,1,0,6,0,1,0.46,0.4545,0.82,0.0,14,51
3076,6089,93,2011-09-16,3,0,9,6,0,5,1,1,0.38,0.3939,0.71,0.2239,6,87
3077,11059,127,2012-04-10,2,1,4,22,0,2,1,1,0.4,0.4091,0.37,0.4925,9,118
3078,2606,232,2011-04-23,2,0,4,11,0,6,0,2,0.46,0.4545,0.88,0.2239,68,164
3079,12179,535,2012-05-27,2,1,5,15,0,0,0,1,0.78,0.7121,0.52,0.2836,290,245
3080,13860,421,2012-08-05,3,1,8,16,0,0,0,1,0.82,0.7576,0.46,0.2537,143,278
3081,14906,167,2012-09-18,3,1,9,6,0,2,1,2,0.64,0.5758,0.89,0.3284,4,163
3082,16277,153,2012-11-15,4,1,11,22,0,4,1,2,0.32,0.3182,0.66,0.1642,10,143
3083,11242,51,2012-04-18,2,1,4,14,0,3,1,3,0.44,0.4394,0.72,0.1045,8,43
3084,11010,130,2012-04-08,2,1,4,21,0,0,0,1,0.52,0.5,0.34,0.2239,53,77
3085,12386,184,2012-06-05,2,1,6,6,0,2,1,1,0.48,0.4697,0.82,0.2537,7,177
3086,16330,46,2012-11-18,4,1,11,3,0,0,0,2,0.3,0.303,0.81,0.1642,9,37
3087,4144,442,2011-06-26,3,0,6,13,0,0,0,1,0.74,0.6515,0.4,0.0,197,245
3088,6480,308,2011-10-02,4,0,10,13,0,0,0,3,0.4,0.4091,0.62,0.2239,84,224
3089,5373,570,2011-08-16,3,0,8,18,0,2,1,1,0.76,0.6818,0.45,0.2239,54,516
3090,650,38,2011-01-30,1,0,1,9,0,0,0,2,0.16,0.2273,0.8,0.0,4,34
3091,1266,63,2011-02-25,1,0,2,21,0,5,1,1,0.28,0.2576,0.48,0.3881,7,56
3092,9466,28,2012-02-04,1,1,2,7,0,6,0,2,0.24,0.2424,0.87,0.1343,1,27
3093,16876,126,2012-12-10,4,1,12,22,0,1,1,2,0.5,0.4848,0.82,0.2239,11,115
3094,6727,90,2011-10-12,4,0,10,20,0,3,1,3,0.54,0.5152,0.94,0.1045,9,81
3095,8674,4,2012-01-02,1,1,1,5,1,1,0,1,0.28,0.2576,0.45,0.3284,1,3
3096,15608,332,2012-10-17,4,1,10,12,0,3,1,2,0.52,0.5,0.48,0.1642,71,261
3097,1644,11,2011-03-14,1,0,3,0,0,1,1,1,0.26,0.2727,0.65,0.1045,4,7
3098,11692,639,2012-05-07,2,1,5,8,0,1,1,2,0.5,0.4848,0.82,0.194,31,608
3099,12777,172,2012-06-21,3,1,6,13,0,4,1,1,0.9,0.8182,0.35,0.0,31,141
3100,17119,9,2012-12-21,1,1,12,1,0,5,1,3,0.44,0.4394,0.88,0.3881,2,7
3101,8355,354,2011-12-19,4,0,12,18,0,1,1,1,0.36,0.3485,0.5,0.194,11,343
3102,11352,3,2012-04-23,2,1,4,4,0,1,1,3,0.3,0.2879,0.81,0.2836,0,3
3103,2397,337,2011-04-14,2,0,4,18,0,4,1,1,0.56,0.5303,0.3,0.0,47,290
3104,12207,395,2012-05-28,2,1,5,19,1,1,0,1,0.8,0.7576,0.55,0.2985,148,247
3105,2110,179,2011-04-02,2,0,4,18,0,6,0,1,0.38,0.3939,0.54,0.194,69,110
3106,7332,2,2011-11-07,4,0,11,2,0,1,1,1,0.32,0.3485,0.93,0.0,0,2
3107,7749,142,2011-11-24,4,0,11,11,1,4,0,1,0.42,0.4242,0.41,0.2985,52,90
3108,12791,7,2012-06-22,3,1,6,3,0,5,1,1,0.74,0.7121,0.79,0.0,1,6
3109,13874,141,2012-08-06,3,1,8,6,0,1,1,2,0.7,0.6667,0.79,0.2239,4,137
3110,8417,343,2011-12-22,1,0,12,8,0,4,1,2,0.36,0.3788,0.87,0.0,10,333
3111,3771,117,2011-06-11,2,0,6,0,0,6,0,1,0.7,0.6667,0.79,0.1343,28,89
3112,203,62,2011-01-09,1,0,1,17,0,0,0,1,0.18,0.1515,0.37,0.3881,3,59
3113,9424,137,2012-02-02,1,1,2,13,0,4,1,2,0.42,0.4242,0.77,0.0,13,124
3114,14285,412,2012-08-23,3,1,8,9,0,4,1,2,0.7,0.6515,0.7,0.0,58,354
3115,15125,335,2012-09-27,4,1,9,9,0,4,1,1,0.66,0.6212,0.65,0.0,30,305
3116,8445,170,2011-12-23,1,0,12,12,0,5,1,1,0.4,0.4091,0.54,0.5224,14,156
3117,3966,30,2011-06-19,2,0,6,3,0,0,0,2,0.66,0.6061,0.78,0.1343,14,16
3118,4748,414,2011-07-21,3,0,7,17,0,4,1,1,0.92,0.9091,0.45,0.2985,40,374
3119,13547,281,2012-07-23,3,1,7,15,0,1,1,1,0.8,0.7576,0.55,0.194,76,205
3120,8050,13,2011-12-07,4,0,12,1,0,3,1,2,0.46,0.4545,1.0,0.2537,4,9
3121,2430,14,2011-04-16,2,0,4,3,0,6,0,2,0.36,0.3485,0.87,0.1642,5,9
3122,5945,8,2011-09-10,3,0,9,5,0,6,0,1,0.58,0.5455,0.94,0.1343,2,6
3123,4454,290,2011-07-09,3,0,7,11,0,6,0,1,0.78,0.697,0.46,0.2985,101,189
3124,15475,186,2012-10-11,4,1,10,23,0,4,1,1,0.42,0.4242,0.58,0.0896,10,176
3125,9788,377,2012-02-17,1,1,2,18,0,5,1,1,0.4,0.4091,0.35,0.2537,15,362
3126,13730,194,2012-07-31,3,1,7,6,0,2,1,1,0.64,0.5758,0.89,0.1642,2,192
3127,5040,254,2011-08-02,3,0,8,21,0,2,1,1,0.8,0.7424,0.52,0.2239,53,201
3128,2928,152,2011-05-06,2,0,5,21,0,5,1,1,0.48,0.4697,0.67,0.1343,22,130
3129,6066,338,2011-09-15,3,0,9,7,0,4,1,2,0.62,0.5909,0.78,0.194,17,321
3130,5640,142,2011-08-28,3,0,8,10,0,0,0,1,0.7,0.6515,0.61,0.6119,27,115
3131,1328,25,2011-02-28,1,0,2,14,0,1,1,3,0.42,0.4242,1.0,0.2985,1,24
3132,17288,4,2012-12-28,1,1,12,4,0,5,1,2,0.24,0.2576,0.6,0.1045,0,4
3133,4650,324,2011-07-17,3,0,7,15,0,0,0,1,0.82,0.7424,0.43,0.2985,129,195
3134,16975,95,2012-12-15,4,1,12,1,0,6,0,2,0.26,0.2879,0.81,0.0896,9,86
3135,8621,73,2011-12-30,1,0,12,23,0,5,1,2,0.36,0.3333,0.66,0.2537,13,60
3136,12163,150,2012-05-26,2,1,5,23,0,6,0,1,0.7,0.6667,0.74,0.2537,36,114
3137,2423,118,2011-04-15,2,0,4,20,1,5,0,2,0.4,0.4091,0.76,0.3284,26,92
3138,12800,254,2012-06-22,3,1,6,12,0,5,1,1,0.84,0.7879,0.49,0.1343,63,191
3139,14109,21,2012-08-16,3,1,8,1,0,4,1,1,0.64,0.6061,0.73,0.0,3,18
3140,1478,7,2011-03-06,1,0,3,21,0,0,0,3,0.24,0.1818,0.93,0.6119,1,6
3141,2544,172,2011-04-20,2,0,4,21,0,3,1,1,0.66,0.6212,0.36,0.2836,38,134
3142,11265,238,2012-04-19,2,1,4,13,0,4,1,1,0.56,0.5303,0.46,0.0,52,186
3143,7937,445,2011-12-02,4,0,12,8,0,5,1,1,0.24,0.2879,0.87,0.0,13,432
3144,7790,4,2011-11-26,4,0,11,4,0,6,0,1,0.3,0.3333,0.81,0.0,0,4
3145,9469,224,2012-02-04,1,1,2,10,0,6,0,1,0.24,0.2576,0.87,0.1045,31,193
3146,3022,434,2011-05-10,2,0,5,19,0,2,1,1,0.6,0.6212,0.43,0.2239,69,365
3147,6754,47,2011-10-13,4,0,10,23,0,4,1,2,0.58,0.5455,0.88,0.194,2,45
3148,11248,260,2012-04-18,2,1,4,20,0,3,1,2,0.42,0.4242,0.77,0.1045,8,252
3149,3636,164,2011-06-05,2,0,6,9,0,0,0,2,0.6,0.5758,0.78,0.194,53,111
3150,9215,229,2012-01-24,1,1,1,20,0,2,1,1,0.32,0.3485,0.76,0.0,18,211
3151,7324,185,2011-11-06,4,0,11,18,0,0,0,1,0.42,0.4242,0.71,0.1045,39,146
3152,6461,140,2011-10-01,4,0,10,18,0,6,0,3,0.38,0.3939,0.87,0.2239,23,117
3153,2235,54,2011-04-07,2,0,4,23,0,4,1,1,0.38,0.3939,0.76,0.2537,9,45
3154,14575,198,2012-09-04,3,1,9,11,0,2,1,2,0.74,0.697,0.7,0.2836,39,159
3155,3374,140,2011-05-25,2,0,5,11,0,3,1,1,0.74,0.6667,0.51,0.0896,36,104
3156,3086,146,2011-05-13,2,0,5,11,0,5,1,2,0.52,0.5,0.83,0.1642,56,90
3157,9351,134,2012-01-30,1,1,1,12,0,1,1,1,0.26,0.2273,0.35,0.3881,5,129
3158,12659,583,2012-06-16,2,1,6,15,0,6,0,1,0.74,0.6515,0.35,0.2537,295,288
3159,12562,60,2012-06-12,2,1,6,14,0,2,1,3,0.64,0.5758,0.89,0.2537,12,48
3160,3734,118,2011-06-09,2,0,6,11,0,4,1,1,0.9,0.8485,0.42,0.2239,36,82
3161,8566,167,2011-12-28,1,0,12,16,0,3,1,1,0.3,0.2727,0.36,0.4179,23,144
3162,10407,782,2012-03-14,1,1,3,17,0,3,1,1,0.7,0.6364,0.28,0.0896,140,642
3163,6794,377,2011-10-15,4,0,10,15,0,6,0,1,0.62,0.6212,0.31,0.4925,166,211
3164,68,20,2011-01-03,1,0,1,22,0,1,1,1,0.14,0.1515,0.69,0.1343,0,20
3165,10854,317,2012-04-02,2,1,4,9,0,1,1,1,0.38,0.3939,0.54,0.3582,52,265
3166,9734,163,2012-02-15,1,1,2,12,0,3,1,1,0.38,0.3939,0.46,0.3881,11,152
3167,5198,149,2011-08-09,3,0,8,11,0,2,1,1,0.8,0.7727,0.59,0.2239,61,88
3168,7004,129,2011-10-24,4,0,10,10,0,1,1,2,0.46,0.4545,0.82,0.2537,47,82
3169,963,137,2011-02-12,1,0,2,17,0,6,0,1,0.32,0.2879,0.31,0.5224,24,113
3170,16698,268,2012-12-03,4,1,12,12,0,1,1,1,0.52,0.5,0.68,0.1642,40,228
3171,7385,300,2011-11-09,4,0,11,7,0,3,1,1,0.3,0.3333,0.87,0.0,0,300
3172,13300,713,2012-07-13,3,1,7,8,0,5,1,2,0.7,0.6515,0.54,0.0,53,660
3173,8800,324,2012-01-07,1,1,1,11,0,6,0,1,0.34,0.3182,0.57,0.2239,74,250
3174,17253,53,2012-12-26,1,1,12,17,0,3,1,3,0.26,0.2273,0.93,0.3582,2,51
3175,7903,87,2011-11-30,4,0,11,22,0,3,1,1,0.3,0.2727,0.56,0.2985,5,82
3176,2223,122,2011-04-07,2,0,4,11,0,4,1,2,0.46,0.4545,0.55,0.0,36,86
3177,14089,39,2012-08-15,3,1,8,5,0,3,1,1,0.64,0.5909,0.78,0.1045,4,35
3178,15572,48,2012-10-16,4,1,10,0,0,2,1,1,0.46,0.4545,0.63,0.3881,3,45
3179,15972,16,2012-11-03,4,1,11,4,0,6,0,2,0.32,0.303,0.49,0.2985,8,8
3180,3164,274,2011-05-16,2,0,5,17,0,1,1,1,0.58,0.5455,0.88,0.2239,47,227
3181,4606,394,2011-07-15,3,0,7,19,0,5,1,1,0.7,0.6364,0.45,0.2239,114,280
3182,6935,206,2011-10-21,4,0,10,13,0,5,1,1,0.48,0.4697,0.48,0.3284,43,163
3183,1461,11,2011-03-06,1,0,3,3,0,0,0,2,0.42,0.4242,0.82,0.2985,2,9
3184,15245,86,2012-10-02,4,1,10,9,0,2,1,3,0.58,0.5455,0.88,0.1343,3,83
3185,16511,228,2012-11-25,4,1,11,16,0,0,0,1,0.3,0.2879,0.39,0.2239,25,203
3186,13905,253,2012-08-07,3,1,8,13,0,2,1,2,0.8,0.7424,0.52,0.194,68,185
3187,11667,36,2012-05-06,2,1,5,7,0,0,0,3,0.52,0.5,0.83,0.1642,5,31
3188,12538,259,2012-06-11,2,1,6,14,0,1,1,2,0.82,0.7273,0.34,0.2836,66,193
3189,6974,6,2011-10-23,4,0,10,4,0,0,0,1,0.34,0.3636,0.87,0.0,5,1
3190,6251,52,2011-09-23,4,0,9,0,0,5,1,2,0.62,0.5455,0.94,0.0896,11,41
3191,4584,261,2011-07-14,3,0,7,21,0,4,1,1,0.66,0.6212,0.5,0.1343,58,203
3192,15526,66,2012-10-14,4,1,10,2,0,0,0,1,0.4,0.4091,0.76,0.0896,8,58
3193,9777,226,2012-02-17,1,1,2,7,0,5,1,2,0.28,0.2879,0.93,0.1045,4,222
3194,4472,17,2011-07-10,3,0,7,5,0,0,0,1,0.66,0.6212,0.74,0.0,7,10
3195,14330,30,2012-08-25,3,1,8,6,0,6,0,2,0.64,0.5909,0.78,0.1642,5,25
3196,2525,2,2011-04-20,2,0,4,2,0,3,1,1,0.42,0.4242,0.94,0.1642,0,2
3197,6715,404,2011-10-12,4,0,10,8,0,3,1,2,0.54,0.5152,0.88,0.3881,27,377
3198,13959,623,2012-08-09,3,1,8,19,0,4,1,1,0.8,0.7576,0.55,0.194,90,533
3199,16024,648,2012-11-05,4,1,11,8,0,1,1,2,0.3,0.2879,0.49,0.2239,19,629
3200,7158,92,2011-10-30,4,0,10,20,0,0,0,1,0.34,0.3636,0.57,0.0,18,74
3201,10169,184,2012-03-04,1,1,3,18,0,0,0,1,0.32,0.2727,0.33,0.6119,20,164
3202,16049,363,2012-11-06,4,1,11,9,0,2,1,1,0.26,0.2576,0.6,0.1642,25,338
3203,9328,316,2012-01-29,1,1,1,13,0,0,0,1,0.32,0.303,0.26,0.2239,78,238
3204,14871,403,2012-09-16,3,1,9,19,0,0,0,1,0.62,0.6212,0.5,0.1343,91,312
3205,1371,148,2011-03-02,1,0,3,9,0,3,1,1,0.28,0.2576,0.56,0.2985,7,141
3206,7592,84,2011-11-17,4,0,11,22,0,4,1,1,0.26,0.2424,0.52,0.2537,1,83
3207,534,102,2011-01-24,1,0,1,9,0,1,1,1,0.06,0.1515,0.41,0.0,4,98
3208,13951,260,2012-08-09,3,1,8,11,0,4,1,1,0.84,0.7576,0.44,0.0,94,166
3209,8972,206,2012-01-14,1,1,1,16,0,6,0,1,0.24,0.2273,0.38,0.2239,28,178
3210,14298,198,2012-08-23,3,1,8,22,0,4,1,2,0.68,0.6364,0.61,0.1045,21,177
3211,4264,292,2011-07-01,3,0,7,13,0,5,1,1,0.8,0.6818,0.24,0.0,83,209
3212,9383,238,2012-01-31,1,1,1,20,0,2,1,1,0.4,0.4091,0.58,0.1045,15,223
3213,5853,364,2011-09-06,3,0,9,8,0,2,1,3,0.54,0.5152,0.83,0.3881,15,349
3214,12458,139,2012-06-08,2,1,6,6,0,5,1,1,0.52,0.5,0.68,0.0896,8,131
3215,8820,24,2012-01-08,1,1,1,7,0,0,0,2,0.3,0.3333,0.52,0.0,1,23
3216,15840,13,2012-10-27,4,1,10,4,0,6,0,2,0.5,0.4848,0.88,0.1642,1,12
3217,11336,61,2012-04-22,2,1,4,12,0,0,0,3,0.38,0.3939,0.87,0.3284,5,56
3218,12688,302,2012-06-17,2,1,6,20,0,0,0,1,0.62,0.6212,0.57,0.194,101,201
3219,15225,305,2012-10-01,4,1,10,13,0,1,1,2,0.6,0.6212,0.43,0.1642,80,225
3220,14521,12,2012-09-02,3,1,9,5,0,0,0,1,0.66,0.5909,0.89,0.0,2,10
3221,12026,79,2012-05-21,2,1,5,6,0,1,1,3,0.56,0.5303,0.88,0.2985,3,76
3222,15013,646,2012-09-22,3,1,9,17,0,6,0,1,0.74,0.6667,0.51,0.3284,195,451
3223,6624,485,2011-10-08,4,0,10,13,0,6,0,1,0.62,0.6212,0.46,0.1045,256,229
3224,687,34,2011-01-31,1,0,1,22,0,1,1,2,0.16,0.1818,0.59,0.1045,0,34
3225,4655,262,2011-07-17,3,0,7,20,0,0,0,1,0.76,0.7121,0.58,0.2537,85,177
3226,13147,164,2012-07-06,3,1,7,23,0,5,1,1,0.8,0.7879,0.63,0.1045,27,137
3227,17369,203,2012-12-31,1,1,12,13,0,1,1,2,0.26,0.2576,0.44,0.1642,38,165
3228,6308,155,2011-09-25,4,0,9,9,0,0,0,2,0.64,0.5758,0.83,0.0,55,100
3229,15531,51,2012-10-14,4,1,10,7,0,0,0,1,0.42,0.4242,0.82,0.2239,7,44
3230,3245,8,2011-05-20,2,0,5,2,0,5,1,1,0.44,0.4394,1.0,0.0896,4,4
3231,2184,91,2011-04-05,2,0,4,20,0,2,1,1,0.34,0.3182,0.46,0.2836,4,87
3232,4112,14,2011-06-25,3,0,6,5,0,6,0,1,0.62,0.6061,0.61,0.1343,6,8
3233,11431,151,2012-04-26,2,1,4,11,0,4,1,2,0.46,0.4545,0.94,0.2239,16,135
3234,6305,17,2011-09-25,4,0,9,6,0,0,0,2,0.6,0.5455,0.88,0.1045,4,13
3235,17082,236,2012-12-19,4,1,12,12,0,3,1,1,0.4,0.4091,0.54,0.2836,33,203
3236,9630,4,2012-02-11,1,1,2,4,0,6,0,3,0.24,0.2273,0.87,0.2239,0,4
3237,12276,487,2012-05-31,2,1,5,16,0,4,1,1,0.76,0.6667,0.33,0.2836,103,384
3238,6060,20,2011-09-15,3,0,9,1,0,4,1,1,0.64,0.6061,0.69,0.1642,0,20
3239,3445,276,2011-05-28,2,0,5,10,0,6,0,1,0.7,0.6515,0.65,0.2239,110,166
3240,15666,190,2012-10-19,4,1,10,22,0,5,1,1,0.5,0.4848,0.77,0.0896,14,176
3241,3428,491,2011-05-27,2,0,5,17,0,5,1,1,0.74,0.6818,0.58,0.3881,77,414
3242,9205,116,2012-01-24,1,1,1,10,0,2,1,1,0.32,0.3333,0.93,0.0896,23,93
3243,10611,34,2012-03-23,2,1,3,5,0,5,1,2,0.5,0.4848,0.94,0.0,5,29
3244,8160,266,2011-12-11,4,0,12,15,0,0,0,1,0.3,0.3333,0.26,0.0,47,219
3245,5733,342,2011-09-01,3,0,9,7,0,4,1,1,0.6,0.5758,0.78,0.0,7,335
3246,15861,133,2012-10-28,4,1,10,1,0,0,0,2,0.5,0.4848,0.72,0.2836,22,111
3247,636,68,2011-01-29,1,0,1,18,0,6,0,1,0.22,0.2273,0.69,0.1343,9,59
3248,14689,55,2012-09-09,3,1,9,5,0,0,0,1,0.52,0.5,0.77,0.194,16,39
3249,1871,273,2011-03-23,2,0,3,17,0,3,1,2,0.4,0.4091,0.76,0.2239,28,245
3250,12835,225,2012-06-23,3,1,6,23,0,6,0,1,0.72,0.6515,0.44,0.0,69,156
3251,16383,665,2012-11-20,4,1,11,8,0,2,1,1,0.34,0.3333,0.71,0.1343,16,649
3252,7436,200,2011-11-11,4,0,11,10,1,5,0,1,0.32,0.2727,0.42,0.5522,38,162
3253,915,50,2011-02-10,1,0,2,15,0,4,1,1,0.2,0.197,0.25,0.2537,0,50
3254,15137,253,2012-09-27,4,1,9,21,0,4,1,3,0.62,0.5758,0.83,0.2985,18,235
3255,9768,111,2012-02-16,1,1,2,22,0,4,1,2,0.32,0.3485,0.81,0.0,3,108
3256,6174,374,2011-09-19,3,0,9,19,0,1,1,2,0.56,0.5303,0.68,0.1045,41,333
3257,8743,4,2012-01-05,1,1,1,2,0,4,1,1,0.2,0.2273,0.51,0.0896,0,4
3258,349,39,2011-01-16,1,0,1,0,0,0,0,1,0.26,0.303,0.56,0.0,6,33
3259,16703,708,2012-12-03,4,1,12,17,0,1,1,1,0.52,0.5,0.63,0.1045,43,665
3260,11830,82,2012-05-13,2,1,5,2,0,0,0,2,0.54,0.5152,0.68,0.1642,22,60
3261,8857,132,2012-01-09,1,1,1,20,0,1,1,2,0.2,0.2273,0.86,0.0896,5,127
3262,2752,308,2011-04-29,2,0,4,13,0,5,1,1,0.56,0.5303,0.37,0.2985,74,234
3263,15673,13,2012-10-20,4,1,10,5,0,6,0,1,0.4,0.4091,0.82,0.0,6,7
3264,7409,272,2011-11-10,4,0,11,7,0,4,1,2,0.38,0.3939,0.94,0.1642,6,266
3265,8682,176,2012-01-02,1,1,1,13,1,1,0,1,0.3,0.2727,0.36,0.2985,26,150
3266,13719,665,2012-07-30,3,1,7,19,0,1,1,1,0.82,0.7727,0.52,0.1642,81,584
3267,15839,26,2012-10-27,4,1,10,3,0,6,0,1,0.5,0.4848,0.88,0.1642,5,21
3268,17070,41,2012-12-19,4,1,12,0,0,3,1,1,0.3,0.3182,0.61,0.0,6,35
3269,9959,86,2012-02-24,1,1,2,23,0,5,1,1,0.38,0.3939,0.37,0.6866,10,76
3270,4089,91,2011-06-24,3,0,6,6,0,5,1,1,0.66,0.6061,0.83,0.1343,4,87
3271,1967,137,2011-03-27,2,0,3,18,0,0,0,1,0.3,0.2879,0.33,0.194,32,105
3272,14424,10,2012-08-29,3,1,8,4,0,3,1,1,0.6,0.5909,0.73,0.2239,2,8
3273,567,146,2011-01-25,1,0,1,19,0,2,1,2,0.26,0.2576,0.65,0.1642,13,133
3274,9034,126,2012-01-17,1,1,1,7,0,2,1,3,0.3,0.2879,0.81,0.2239,5,121
3275,5887,237,2011-09-07,3,0,9,18,0,3,1,3,0.64,0.5758,0.89,0.0,18,219
3276,9835,157,2012-02-19,1,1,2,17,0,0,0,2,0.3,0.2879,0.49,0.2537,22,135
3277,3812,252,2011-06-12,2,0,6,17,0,0,0,3,0.68,0.6364,0.83,0.2836,94,158
3278,7020,5,2011-10-25,4,0,10,2,0,2,1,1,0.42,0.4242,0.82,0.1343,2,3
3279,14699,696,2012-09-09,3,1,9,15,0,0,0,1,0.72,0.6515,0.32,0.2537,284,412
3280,13008,4,2012-07-01,3,1,7,4,0,0,0,1,0.7,0.6667,0.79,0.194,0,4
3281,8554,4,2011-12-28,1,0,12,3,0,3,1,1,0.32,0.303,0.61,0.2537,0,4
3282,17299,225,2012-12-28,1,1,12,15,0,5,1,2,0.3,0.3182,0.49,0.0,74,151
3283,11173,623,2012-04-15,2,1,4,17,0,0,0,1,0.7,0.6364,0.42,0.3284,262,361
3284,12585,255,2012-06-13,2,1,6,13,0,3,1,2,0.7,0.6364,0.45,0.3881,52,203
3285,14484,528,2012-08-31,3,1,8,16,0,5,1,1,0.9,0.7879,0.27,0.2537,111,417
3286,16770,235,2012-12-06,4,1,12,12,0,4,1,1,0.28,0.3182,0.41,0.0,29,206
3287,4597,166,2011-07-15,3,0,7,10,0,5,1,2,0.66,0.6212,0.61,0.1642,59,107
3288,3461,61,2011-05-29,2,0,5,2,0,0,0,1,0.62,0.5606,0.88,0.1045,12,49
3289,5031,157,2011-08-02,3,0,8,12,0,2,1,1,0.86,0.7424,0.3,0.2836,45,112
3290,12259,160,2012-05-30,2,1,5,23,0,3,1,1,0.66,0.6212,0.65,0.1045,39,121
3291,16829,162,2012-12-08,4,1,12,23,0,6,0,2,0.4,0.4091,0.94,0.0,18,144
3292,13475,216,2012-07-20,3,1,7,15,0,5,1,2,0.7,0.6667,0.84,0.2985,47,169
3293,12850,551,2012-06-24,3,1,6,14,0,0,0,1,0.84,0.7273,0.3,0.2985,253,298
3294,9265,142,2012-01-26,1,1,1,22,0,4,1,1,0.38,0.3939,0.82,0.1045,3,139
3295,4926,11,2011-07-29,3,0,7,3,0,5,1,1,0.74,0.7121,0.79,0.0,2,9
3296,13790,767,2012-08-02,3,1,8,18,0,4,1,1,0.8,0.7727,0.59,0.2239,86,681
3297,16582,179,2012-11-28,4,1,11,15,0,3,1,1,0.36,0.3333,0.32,0.3284,7,172
3298,1414,1,2011-03-04,1,0,3,4,0,5,1,2,0.18,0.1818,0.74,0.194,1,0
3299,11559,487,2012-05-01,2,1,5,19,0,2,1,1,0.7,0.6515,0.54,0.1343,58,429
3300,14477,398,2012-08-31,3,1,8,9,0,5,1,1,0.74,0.697,0.7,0.0,61,337
3301,1791,14,2011-03-20,1,0,3,7,0,0,0,1,0.24,0.2273,0.6,0.2239,5,9
3302,7162,23,2011-10-31,4,0,10,0,0,1,1,1,0.26,0.303,0.87,0.0,3,20
3303,592,59,2011-01-27,1,0,1,20,0,4,1,1,0.18,0.2121,0.74,0.0896,4,55
3304,16531,210,2012-11-26,4,1,11,12,0,1,1,1,0.42,0.4242,0.35,0.1045,22,188
3305,11622,199,2012-05-04,2,1,5,10,0,5,1,2,0.62,0.5909,0.73,0.1343,45,154
3306,12186,59,2012-05-27,2,1,5,22,0,0,0,3,0.62,0.5758,0.83,0.0,9,50
3307,7841,407,2011-11-28,4,0,11,8,0,1,1,2,0.42,0.4242,0.94,0.0,13,394
3308,169,9,2011-01-08,1,0,1,7,0,6,0,2,0.16,0.1818,0.74,0.1045,1,8
3309,11742,153,2012-05-09,2,1,5,10,0,3,1,2,0.62,0.6061,0.65,0.2537,40,113
3310,7369,188,2011-11-08,4,0,11,15,0,2,1,1,0.58,0.5455,0.46,0.1045,33,155
3311,14176,341,2012-08-18,3,1,8,20,0,6,0,1,0.7,0.6364,0.45,0.1045,99,242
3312,907,99,2011-02-10,1,0,2,7,0,4,1,1,0.1,0.0758,0.5,0.4179,0,99
3313,11211,461,2012-04-17,2,1,4,7,0,2,1,1,0.6,0.6212,0.43,0.2537,18,443
3314,5302,237,2011-08-13,3,0,8,19,0,6,0,2,0.68,0.6364,0.79,0.2836,67,170
3315,3064,218,2011-05-12,2,0,5,13,0,4,1,2,0.62,0.6212,0.57,0.2985,48,170
3316,14963,291,2012-09-20,3,1,9,15,0,4,1,1,0.66,0.6212,0.47,0.194,60,231
3317,10236,205,2012-03-07,1,1,3,13,0,3,1,1,0.5,0.4848,0.34,0.4179,26,179
3318,12772,590,2012-06-21,3,1,6,8,0,4,1,1,0.74,0.697,0.7,0.0,27,563
3319,5659,17,2011-08-29,3,0,8,5,0,1,1,1,0.56,0.5303,0.73,0.1343,0,17
3320,12493,495,2012-06-09,2,1,6,17,0,6,0,1,0.84,0.7121,0.24,0.0,238,257
3321,778,71,2011-02-04,1,0,2,20,0,5,1,2,0.24,0.2424,0.65,0.1642,2,69
3322,11021,617,2012-04-09,2,1,4,8,0,1,1,1,0.44,0.4394,0.3,0.194,22,595
3323,3867,52,2011-06-15,2,0,6,0,0,3,1,1,0.56,0.5303,0.64,0.3582,8,44
3324,7148,178,2011-10-30,4,0,10,10,0,0,0,1,0.32,0.3333,0.61,0.0896,53,125
3325,11103,433,2012-04-12,2,1,4,19,0,4,1,1,0.46,0.4545,0.31,0.2985,50,383
3326,1183,40,2011-02-22,1,0,2,7,0,2,1,2,0.12,0.1212,0.8,0.2836,0,40
3327,17203,46,2012-12-24,1,1,12,14,0,1,1,3,0.24,0.2576,0.87,0.1045,13,33
3328,4025,152,2011-06-21,3,0,6,14,0,2,1,1,0.76,0.7121,0.62,0.2239,44,108
3329,10644,223,2012-03-24,2,1,3,14,0,6,0,3,0.52,0.5,0.88,0.3582,63,160
3330,1802,156,2011-03-20,1,0,3,18,0,0,0,1,0.38,0.3939,0.4,0.3582,58,98
3331,15955,221,2012-11-02,4,1,11,11,0,5,1,1,0.42,0.4242,0.41,0.4179,42,179
3332,7448,91,2011-11-11,4,0,11,22,1,5,0,1,0.32,0.3182,0.39,0.194,13,78
3333,7569,31,2011-11-16,4,0,11,23,0,3,1,3,0.42,0.4242,0.88,0.1343,3,28
3334,6179,25,2011-09-20,3,0,9,0,0,2,1,2,0.56,0.5303,0.73,0.1642,4,21
3335,2936,7,2011-05-07,2,0,5,5,0,6,0,1,0.46,0.4545,0.59,0.1343,4,3
3336,810,2,2011-02-06,1,0,2,4,0,0,0,1,0.26,0.2273,0.6,0.3582,0,2
3337,2833,125,2011-05-02,2,0,5,22,0,1,1,2,0.6,0.5909,0.73,0.0,28,97
3338,8181,145,2011-12-12,4,0,12,12,0,1,1,1,0.28,0.2879,0.52,0.1045,7,138
3339,7327,88,2011-11-06,4,0,11,21,0,0,0,1,0.36,0.3636,0.81,0.0896,11,77
3340,16624,169,2012-11-30,4,1,11,10,0,5,1,2,0.3,0.3333,0.65,0.0,10,159
3341,1146,182,2011-02-20,1,0,2,12,0,0,0,1,0.3,0.3182,0.33,0.1045,62,120
3342,16868,210,2012-12-10,4,1,12,14,0,1,1,2,0.5,0.4848,0.94,0.2239,31,179
3343,3933,450,2011-06-17,2,0,6,18,0,5,1,3,0.76,0.6818,0.4,0.194,62,388
3344,15285,25,2012-10-04,4,1,10,1,0,4,1,2,0.62,0.5455,0.94,0.0,2,23
3345,2034,80,2011-03-30,2,0,3,14,0,3,1,2,0.36,0.3333,0.46,0.2985,16,64
3346,10479,648,2012-03-17,1,1,3,17,0,6,0,1,0.64,0.6212,0.5,0.1343,291,357
3347,12612,438,2012-06-14,2,1,6,16,0,4,1,1,0.72,0.6667,0.51,0.2836,70,368
3348,2859,27,2011-05-04,2,0,5,0,0,3,1,3,0.52,0.5,0.77,0.1642,5,22
3349,13538,157,2012-07-23,3,1,7,6,0,1,1,2,0.68,0.6364,0.89,0.0896,9,148
3350,1550,21,2011-03-09,1,0,3,22,0,3,1,3,0.32,0.3182,0.93,0.1642,4,17
3351,14635,169,2012-09-06,3,1,9,23,0,4,1,1,0.64,0.5758,0.89,0.1642,19,150
3352,7582,121,2011-11-17,4,0,11,12,0,4,1,2,0.34,0.303,0.53,0.2985,6,115
3353,2760,195,2011-04-29,2,0,4,21,0,5,1,1,0.46,0.4545,0.51,0.194,50,145
3354,3379,299,2011-05-25,2,0,5,16,0,3,1,1,0.74,0.6667,0.51,0.2836,61,238
3355,2520,122,2011-04-19,2,0,4,21,0,2,1,2,0.5,0.4848,0.72,0.1343,8,114
3356,11087,5,2012-04-12,2,1,4,3,0,4,1,1,0.32,0.303,0.61,0.2537,2,3
3357,12620,94,2012-06-15,2,1,6,0,0,5,1,1,0.6,0.5909,0.73,0.1642,26,68
3358,5990,2,2011-09-12,3,0,9,2,0,1,1,1,0.56,0.5303,0.88,0.0,2,0
3359,10812,551,2012-03-31,2,1,3,14,0,6,0,2,0.5,0.4848,0.63,0.2537,240,311
3360,9903,195,2012-02-22,1,1,2,15,0,3,1,1,0.5,0.4848,0.31,0.4179,34,161
3361,10457,296,2012-03-16,1,1,3,19,0,5,1,2,0.46,0.4545,0.88,0.0,23,273
3362,4338,408,2011-07-04,3,0,7,15,1,1,0,1,0.82,0.7424,0.43,0.0896,224,184
3363,14499,66,2012-09-01,3,1,9,7,0,6,0,2,0.74,0.6818,0.58,0.1343,8,58
3364,17246,8,2012-12-26,1,1,12,10,0,3,1,3,0.2,0.1818,0.86,0.2985,0,8
3365,2511,103,2011-04-19,2,0,4,12,0,2,1,2,0.54,0.5152,0.64,0.0896,19,84
3366,8024,62,2011-12-05,4,0,12,23,0,1,1,2,0.46,0.4545,0.88,0.1343,8,54
3367,12090,159,2012-05-23,2,1,5,22,0,3,1,2,0.62,0.5758,0.83,0.1642,23,136
3368,9285,383,2012-01-27,1,1,1,18,0,5,1,1,0.4,0.4091,0.5,0.4925,20,363
3369,13150,58,2012-07-07,3,1,7,2,0,6,0,1,0.76,0.7424,0.72,0.1642,11,47
3370,7032,200,2011-10-25,4,0,10,14,0,2,1,1,0.56,0.5303,0.4,0.2537,66,134
3371,15344,743,2012-10-06,4,1,10,12,0,6,0,1,0.7,0.6515,0.54,0.1045,362,381
3372,7100,130,2011-10-28,4,0,10,10,0,5,1,1,0.34,0.3182,0.57,0.2239,28,102
3373,1284,165,2011-02-26,1,0,2,15,0,6,0,2,0.36,0.3333,0.4,0.2836,40,125
3374,17306,62,2012-12-28,1,1,12,22,0,5,1,2,0.24,0.2576,0.7,0.0896,13,49
3375,8902,98,2012-01-11,1,1,1,18,0,3,1,3,0.34,0.3333,0.87,0.194,2,96
3376,2531,396,2011-04-20,2,0,4,8,0,3,1,1,0.62,0.6061,0.69,0.4627,22,374
3377,17025,3,2012-12-17,4,1,12,3,0,1,1,2,0.36,0.3788,0.93,0.0,0,3
3378,13210,242,2012-07-09,3,1,7,14,0,1,1,2,0.74,0.6818,0.55,0.2537,58,184
3379,5377,152,2011-08-16,3,0,8,22,0,2,1,1,0.7,0.6515,0.61,0.0,31,121
3380,17089,336,2012-12-19,4,1,12,19,0,3,1,1,0.38,0.3939,0.5,0.3881,7,329
3381,12133,653,2012-05-25,2,1,5,17,0,5,1,1,0.76,0.7121,0.62,0.2836,124,529
3382,16333,15,2012-11-18,4,1,11,6,0,0,0,1,0.28,0.2727,0.81,0.1642,2,13
3383,1826,221,2011-03-21,2,0,3,19,0,1,1,1,0.58,0.5455,0.6,0.4179,22,199
3384,1022,30,2011-02-15,1,0,2,6,0,2,1,1,0.2,0.1818,0.32,0.3284,0,30
3385,2675,449,2011-04-26,2,0,4,8,0,2,1,1,0.58,0.5455,0.83,0.2985,32,417
3386,3439,4,2011-05-28,2,0,5,4,0,6,0,1,0.56,0.5303,0.88,0.2537,0,4
3387,639,36,2011-01-29,1,0,1,21,0,6,0,1,0.18,0.2121,0.74,0.0896,1,35
3388,14120,343,2012-08-16,3,1,8,12,0,4,1,1,0.8,0.697,0.33,0.1045,96,247
3389,2479,6,2011-04-18,2,0,4,4,0,1,1,1,0.4,0.4091,0.87,0.1642,2,4
3390,7155,245,2011-10-30,4,0,10,17,0,0,0,1,0.4,0.4091,0.35,0.1045,54,191
3391,10437,97,2012-03-15,1,1,3,23,0,4,1,1,0.48,0.4697,0.72,0.194,12,85
3392,128,67,2011-01-06,1,0,1,13,0,4,1,1,0.26,0.2727,0.35,0.1045,12,55
3393,8271,82,2011-12-16,4,0,12,6,0,5,1,2,0.44,0.4394,0.33,0.2985,2,80
3394,11458,300,2012-04-27,2,1,4,14,0,5,1,1,0.46,0.4545,0.33,0.3284,94,206
3395,16833,48,2012-12-09,4,1,12,3,0,0,0,2,0.4,0.4091,0.87,0.1045,14,34
3396,4988,320,2011-07-31,3,0,7,17,0,0,0,1,0.92,0.7727,0.16,0.1642,114,206
3397,3655,8,2011-06-06,2,0,6,4,0,1,1,1,0.56,0.5303,0.94,0.1045,4,4
3398,9537,299,2012-02-07,1,1,2,7,0,2,1,1,0.32,0.3485,0.45,0.0,6,293
3399,3726,2,2011-06-09,2,0,6,3,0,4,1,2,0.72,0.7121,0.84,0.1045,0,2
3400,14058,192,2012-08-13,3,1,8,22,0,1,1,1,0.72,0.6818,0.62,0.3284,44,148
3401,13991,21,2012-08-11,3,1,8,3,0,6,0,3,0.62,0.5758,0.83,0.1642,2,19
3402,11897,109,2012-05-15,2,1,5,21,0,2,1,3,0.64,0.6061,0.73,0.2836,11,98
3403,14646,224,2012-09-07,3,1,9,10,0,5,1,1,0.72,0.697,0.74,0.1343,53,171
3404,13379,237,2012-07-16,3,1,7,15,0,1,1,1,0.86,0.803,0.47,0.2537,61,176
3405,3935,232,2011-06-17,2,0,6,20,0,5,1,1,0.64,0.5909,0.78,0.1045,40,192
3406,15474,177,2012-10-11,4,1,10,22,0,4,1,1,0.4,0.4091,0.66,0.1642,10,167
3407,7050,464,2011-10-26,4,0,10,8,0,3,1,2,0.44,0.4394,0.67,0.194,26,438
3408,2106,190,2011-04-02,2,0,4,14,0,6,0,3,0.32,0.303,0.76,0.3284,97,93
3409,14437,870,2012-08-29,3,1,8,17,0,3,1,1,0.78,0.6818,0.35,0.2239,108,762
3410,6236,203,2011-09-22,3,0,9,9,0,4,1,2,0.62,0.5455,0.94,0.194,35,168
3411,6904,92,2011-10-20,4,0,10,6,0,4,1,1,0.44,0.4394,0.82,0.4179,5,87
3412,4116,186,2011-06-25,3,0,6,9,0,6,0,1,0.72,0.6515,0.45,0.2537,47,139
3413,10386,351,2012-03-13,1,1,3,20,0,2,1,1,0.6,0.6212,0.49,0.1642,45,306
3414,15417,238,2012-10-09,4,1,10,13,0,2,1,2,0.5,0.4848,0.67,0.1343,54,184
3415,7187,11,2011-11-01,4,0,11,1,0,2,1,1,0.36,0.3485,0.81,0.1343,3,8
3416,4819,249,2011-07-24,3,0,7,16,0,0,0,1,0.9,0.8485,0.42,0.2537,62,187
3417,8397,61,2011-12-21,1,0,12,12,0,3,1,3,0.46,0.4545,0.88,0.3881,3,58
3418,16971,172,2012-12-14,4,1,12,21,0,5,1,1,0.3,0.303,0.75,0.1642,7,165
3419,8416,186,2011-12-22,1,0,12,7,0,4,1,1,0.34,0.3636,0.93,0.0,4,182
3420,8362,6,2011-12-20,4,0,12,1,0,2,1,1,0.36,0.3788,0.53,0.0,0,6
3421,1748,195,2011-03-18,1,0,3,12,0,5,1,2,0.56,0.5303,0.49,0.3582,72,123
3422,1469,79,2011-03-06,1,0,3,12,0,0,0,2,0.46,0.4545,0.94,0.3284,10,69
3423,3153,104,2011-05-16,2,0,5,6,0,1,1,1,0.52,0.5,0.88,0.1642,11,93
3424,12998,339,2012-06-30,3,1,6,18,0,6,0,1,0.88,0.7879,0.35,0.0,91,248
3425,7933,3,2011-12-02,4,0,12,4,0,5,1,1,0.22,0.2727,0.8,0.0,0,3
3426,12626,151,2012-06-15,2,1,6,6,0,5,1,1,0.54,0.5152,0.83,0.1343,9,142
3427,16283,5,2012-11-16,4,1,11,4,0,5,1,2,0.3,0.3182,0.65,0.1045,0,5
3428,15991,148,2012-11-03,4,1,11,23,0,6,0,1,0.32,0.3333,0.57,0.1045,15,133
3429,16701,268,2012-12-03,4,1,12,15,0,1,1,1,0.6,0.6212,0.56,0.0,58,210
3430,16271,342,2012-11-15,4,1,11,16,0,4,1,2,0.36,0.3485,0.57,0.194,24,318
3431,7022,5,2011-10-25,4,0,10,4,0,2,1,1,0.38,0.3939,0.87,0.1343,0,5
3432,7884,1,2011-11-30,4,0,11,3,0,3,1,1,0.32,0.3182,0.7,0.1642,0,1
3433,8237,175,2011-12-14,4,0,12,20,0,3,1,2,0.34,0.3485,0.66,0.1045,6,169
3434,10319,69,2012-03-11,1,1,3,0,0,0,0,1,0.26,0.2879,0.44,0.0896,7,62
3435,2600,7,2011-04-23,2,0,4,5,0,6,0,3,0.34,0.3636,1.0,0.0,1,6
3436,8710,245,2012-01-03,1,1,1,17,0,2,1,1,0.14,0.1061,0.26,0.4627,4,241
3437,5964,108,2011-09-11,3,0,9,0,0,0,0,1,0.62,0.5606,0.88,0.0,29,79
3438,11771,271,2012-05-10,2,1,5,15,0,4,1,1,0.54,0.5152,0.37,0.3881,79,192
3439,14263,267,2012-08-22,3,1,8,11,0,3,1,1,0.72,0.6667,0.58,0.0896,71,196
3440,3911,201,2011-06-16,2,0,6,20,0,4,1,1,0.62,0.5758,0.83,0.3284,25,176
3441,4605,496,2011-07-15,3,0,7,18,0,5,1,1,0.72,0.6515,0.45,0.2239,102,394
3442,4911,186,2011-07-28,3,0,7,12,0,4,1,1,0.84,0.803,0.53,0.2537,35,151
3443,15327,500,2012-10-05,4,1,10,19,0,5,1,1,0.62,0.5909,0.73,0.1642,67,433
3444,13496,457,2012-07-21,3,1,7,12,0,6,0,3,0.6,0.5606,0.83,0.2239,156,301
3445,16279,65,2012-11-16,4,1,11,0,0,5,1,2,0.32,0.3333,0.66,0.1045,7,58
3446,1090,8,2011-02-18,1,0,2,3,0,5,1,1,0.46,0.4545,0.67,0.2537,2,6
3447,13880,285,2012-08-06,3,1,8,12,0,1,1,2,0.78,0.7273,0.55,0.0896,72,213
3448,4007,316,2011-06-20,2,0,6,20,0,1,1,1,0.66,0.6212,0.69,0.2239,52,264
3449,3282,506,2011-05-21,2,0,5,15,0,6,0,1,0.72,0.6515,0.45,0.2537,232,274
3450,16188,24,2012-11-12,4,1,11,5,1,1,0,1,0.38,0.3939,0.87,0.0,1,23
3451,9168,44,2012-01-22,1,1,1,21,0,0,0,3,0.16,0.1818,0.86,0.1045,8,36
3452,8065,31,2011-12-07,4,0,12,16,0,3,1,3,0.42,0.4242,0.94,0.194,3,28
3453,5435,398,2011-08-19,3,0,8,8,0,5,1,2,0.66,0.6061,0.83,0.0,30,368
3454,14405,395,2012-08-28,3,1,8,9,0,2,1,2,0.7,0.6667,0.79,0.1642,44,351
3455,5798,109,2011-09-04,3,0,9,0,0,0,0,1,0.66,0.5909,0.89,0.194,33,76
3456,9867,3,2012-02-21,1,1,2,2,0,2,1,1,0.24,0.2879,0.6,0.0,0,3
3457,10133,7,2012-03-03,1,1,3,6,0,6,0,2,0.36,0.3636,0.93,0.0896,1,6
3458,4634,168,2011-07-16,3,0,7,23,0,6,0,1,0.68,0.6364,0.61,0.2239,61,107
3459,15929,331,2012-11-01,4,1,11,9,0,4,1,3,0.36,0.3636,0.57,0.1045,21,310
3460,6411,291,2011-09-29,4,0,9,16,0,4,1,1,0.68,0.6364,0.41,0.3582,64,227
3461,1637,241,2011-03-13,1,0,3,17,0,0,0,1,0.44,0.4394,0.41,0.3582,98,143
3462,10496,351,2012-03-18,1,1,3,10,0,0,0,2,0.42,0.4242,0.88,0.1045,139,212
3463,597,3,2011-01-28,1,0,1,1,0,5,1,2,0.2,0.2121,0.75,0.1343,1,2
3464,6315,464,2011-09-25,4,0,9,16,0,0,0,1,0.7,0.6515,0.7,0.0,144,320
3465,11054,744,2012-04-10,2,1,4,17,0,2,1,1,0.56,0.5303,0.21,0.5224,88,656
3466,10291,159,2012-03-09,1,1,3,20,0,5,1,1,0.38,0.3939,0.32,0.3582,3,156
3467,6486,162,2011-10-02,4,0,10,19,0,0,0,2,0.38,0.3939,0.76,0.1642,34,128
3468,16253,173,2012-11-14,4,1,11,22,0,3,1,1,0.28,0.3182,0.61,0.0,6,167
3469,6739,209,2011-10-13,4,0,10,8,0,4,1,3,0.54,0.5152,1.0,0.0896,10,199
3470,9073,78,2012-01-18,1,1,1,22,0,3,1,1,0.18,0.1667,0.47,0.2537,4,74
3471,219,94,2011-01-10,1,0,1,9,0,1,1,2,0.14,0.1212,0.5,0.2537,2,92
3472,16499,2,2012-11-25,4,1,11,4,0,0,0,1,0.22,0.2727,0.44,0.0,1,1
3473,11684,34,2012-05-07,2,1,5,0,0,1,1,2,0.52,0.5,0.77,0.1343,13,21
3474,4956,174,2011-07-30,3,0,7,9,0,6,0,1,0.82,0.7576,0.46,0.2985,49,125
3475,2539,255,2011-04-20,2,0,4,16,0,3,1,2,0.76,0.6667,0.35,0.3582,54,201
3476,13058,154,2012-07-03,3,1,7,6,0,2,1,1,0.7,0.6515,0.65,0.1343,5,149
3477,10200,6,2012-03-06,1,1,3,1,0,2,1,1,0.2,0.197,0.44,0.2537,0,6
3478,10202,1,2012-03-06,1,1,3,3,0,2,1,1,0.18,0.1667,0.51,0.2836,0,1
3479,14955,534,2012-09-20,3,1,9,7,0,4,1,1,0.46,0.4545,0.82,0.1045,20,514
3480,142,1,2011-01-07,1,0,1,4,0,5,1,2,0.2,0.2121,0.69,0.1343,0,1
3481,8668,66,2012-01-01,1,1,1,22,0,0,0,1,0.46,0.4545,0.55,0.4179,13,53
3482,5736,138,2011-09-01,3,0,9,10,0,4,1,1,0.68,0.6364,0.61,0.1343,46,92
3483,16071,319,2012-11-07,4,1,11,7,0,3,1,2,0.26,0.2273,0.56,0.2985,5,314
3484,6288,460,2011-09-24,4,0,9,13,0,6,0,1,0.64,0.5909,0.78,0.0,170,290
3485,11193,263,2012-04-16,2,1,4,13,1,1,0,1,0.74,0.6667,0.45,0.2985,79,184
3486,9184,37,2012-01-23,1,1,1,13,0,1,1,3,0.22,0.2576,0.93,0.0896,5,32
3487,6752,123,2011-10-13,4,0,10,21,0,4,1,1,0.62,0.5758,0.83,0.194,8,115
3488,10208,233,2012-03-06,1,1,3,9,0,2,1,1,0.22,0.2727,0.47,0.0,11,222
3489,8423,159,2011-12-22,1,0,12,14,0,4,1,2,0.46,0.4545,0.63,0.0,23,136
3490,13735,224,2012-07-31,3,1,7,11,0,2,1,1,0.76,0.7121,0.58,0.0,54,170
3491,4311,404,2011-07-03,3,0,7,12,0,0,0,1,0.8,0.7576,0.55,0.1045,198,206
3492,13850,19,2012-08-05,3,1,8,6,0,0,0,1,0.72,0.697,0.79,0.2537,7,12
3493,8890,74,2012-01-11,1,1,1,6,0,3,1,1,0.2,0.2121,0.86,0.1343,2,72
3494,15983,448,2012-11-03,4,1,11,15,0,6,0,2,0.36,0.3182,0.46,0.4478,117,331
3495,10648,137,2012-03-24,2,1,3,18,0,6,0,3,0.46,0.4545,0.94,0.2239,27,110
3496,9232,212,2012-01-25,1,1,1,13,0,3,1,1,0.34,0.3333,0.49,0.1343,63,149
3497,12614,823,2012-06-14,2,1,6,18,0,4,1,1,0.74,0.6667,0.42,0.194,107,716
3498,14295,633,2012-08-23,3,1,8,19,0,4,1,1,0.72,0.6667,0.51,0.0896,96,537
3499,11017,5,2012-04-09,2,1,4,4,0,1,1,1,0.44,0.4394,0.24,0.194,2,3
3500,5370,159,2011-08-16,3,0,8,15,0,2,1,1,0.8,0.7121,0.41,0.2985,36,123
3501,16372,203,2012-11-19,4,1,11,21,0,1,1,2,0.38,0.3939,0.54,0.2239,15,188
3502,622,8,2011-01-29,1,0,1,3,0,6,0,1,0.2,0.2121,0.64,0.1343,3,5
3503,2295,202,2011-04-10,2,0,4,11,0,0,0,2,0.4,0.4091,0.87,0.1343,93,109
3504,9009,6,2012-01-16,1,1,1,5,1,1,0,1,0.12,0.1667,0.54,0.0896,1,5
3505,304,1,2011-01-14,1,0,1,2,0,5,1,1,0.1,0.1212,0.54,0.1343,0,1
3506,11106,158,2012-04-12,2,1,4,22,0,4,1,1,0.42,0.4242,0.35,0.194,15,143
3507,8645,31,2011-12-31,1,0,12,23,0,6,0,1,0.36,0.3788,0.66,0.0,4,27
3508,15511,527,2012-10-13,4,1,10,11,0,6,0,1,0.42,0.4242,0.35,0.1343,192,335
3509,9171,19,2012-01-23,1,1,1,0,0,1,1,2,0.18,0.2424,0.86,0.0,2,17
3510,2200,134,2011-04-06,2,0,4,12,0,3,1,1,0.44,0.4394,0.41,0.2537,22,112
3511,13945,41,2012-08-09,3,1,8,5,0,4,1,2,0.66,0.5909,0.94,0.0,4,37
3512,7751,175,2011-11-24,4,0,11,13,1,4,0,1,0.48,0.4697,0.33,0.2239,84,91
3513,15757,938,2012-10-23,4,1,10,17,0,2,1,1,0.68,0.6364,0.41,0.0,67,871
3514,12200,525,2012-05-28,2,1,5,12,1,1,0,1,0.76,0.7121,0.62,0.1343,233,292
3515,6717,113,2011-10-12,4,0,10,10,0,3,1,2,0.54,0.5152,0.88,0.3881,15,98
3516,14940,466,2012-09-19,3,1,9,16,0,3,1,1,0.62,0.6212,0.35,0.0,69,397
3517,15470,692,2012-10-11,4,1,10,18,0,4,1,1,0.46,0.4545,0.44,0.1642,64,628
3518,10618,471,2012-03-23,2,1,3,12,0,5,1,2,0.66,0.6212,0.61,0.2239,199,272
3519,10578,374,2012-03-21,2,1,3,20,0,3,1,1,0.56,0.5303,0.78,0.0896,76,298
3520,3647,279,2011-06-05,2,0,6,20,0,0,0,1,0.66,0.6212,0.69,0.194,84,195
3521,16169,405,2012-11-11,4,1,11,10,0,0,0,1,0.4,0.4091,0.69,0.1045,133,272
3522,8811,109,2012-01-07,1,1,1,22,0,6,0,1,0.44,0.4394,0.38,0.2537,16,93
3523,2586,75,2011-04-22,2,0,4,15,0,5,1,3,0.34,0.3333,0.87,0.194,13,62
3524,178,76,2011-01-08,1,0,1,16,0,6,0,1,0.18,0.1364,0.29,0.4478,8,68
3525,16410,241,2012-11-21,4,1,11,11,0,3,1,1,0.4,0.4091,0.5,0.194,43,198
3526,3305,316,2011-05-22,2,0,5,14,0,0,0,3,0.62,0.6061,0.69,0.194,125,191
3527,9388,4,2012-02-01,1,1,2,1,0,3,1,1,0.44,0.4394,0.41,0.2836,0,4
3528,16424,42,2012-11-22,4,1,11,1,1,4,0,1,0.28,0.303,0.65,0.0896,5,37
3529,9598,199,2012-02-09,1,1,2,20,0,4,1,1,0.32,0.3485,0.36,0.0,2,197
3530,14140,668,2012-08-17,3,1,8,8,0,5,1,1,0.68,0.2424,0.65,0.1343,43,625
3531,15948,7,2012-11-02,4,1,11,4,0,5,1,1,0.3,0.3182,0.7,0.1045,1,6
3532,9376,198,2012-01-31,1,1,1,13,0,2,1,1,0.46,0.4545,0.36,0.2239,27,171
3533,9018,181,2012-01-16,1,1,1,14,1,1,0,1,0.24,0.2121,0.44,0.3881,23,158
3534,12333,121,2012-06-03,2,1,6,1,0,0,0,1,0.54,0.5152,0.56,0.1343,21,100
3535,1984,79,2011-03-28,2,0,3,12,0,1,1,2,0.26,0.2727,0.25,0.0,8,71
3536,9672,28,2012-02-12,1,1,2,22,0,0,0,1,0.14,0.1515,0.43,0.1642,0,28
3537,2187,26,2011-04-05,2,0,4,23,0,2,1,1,0.3,0.2879,0.49,0.2836,3,23
3538,7820,189,2011-11-27,4,0,11,10,0,0,0,1,0.46,0.4545,0.72,0.2836,58,131
3539,7531,200,2011-11-15,4,0,11,9,0,2,1,2,0.56,0.5303,0.64,0.0896,26,174
3540,15497,190,2012-10-12,4,1,10,21,0,5,1,1,0.4,0.4091,0.54,0.194,21,169
3541,6009,150,2011-09-12,3,0,9,22,0,1,1,1,0.62,0.5758,0.83,0.1642,16,134
3542,15036,691,2012-09-23,4,1,9,16,0,0,0,1,0.6,0.6212,0.33,0.3284,254,437
3543,1463,2,2011-03-06,1,0,3,6,0,0,0,2,0.42,0.4242,0.94,0.3582,1,1
3544,3264,195,2011-05-20,2,0,5,21,0,5,1,1,0.56,0.5303,0.64,0.1045,40,155
3545,3288,227,2011-05-21,2,0,5,21,0,6,0,1,0.62,0.6061,0.61,0.1045,77,150
3546,5837,253,2011-09-05,3,0,9,15,1,1,0,2,0.68,0.6364,0.79,0.2836,111,142
3547,6475,64,2011-10-02,4,0,10,8,0,0,0,2,0.34,0.3333,0.76,0.194,14,50
3548,10838,511,2012-04-01,2,1,4,16,0,0,0,1,0.52,0.5,0.52,0.2537,236,275
3549,15525,112,2012-10-14,4,1,10,1,0,0,0,1,0.42,0.4242,0.77,0.2836,16,96
3550,6942,184,2011-10-21,4,0,10,20,0,5,1,2,0.44,0.4394,0.54,0.2239,29,155
3551,2149,158,2011-04-04,2,0,4,9,0,1,1,2,0.5,0.4848,0.51,0.3881,24,134
3552,1955,2,2011-03-27,2,0,3,6,0,0,0,3,0.16,0.1818,0.86,0.1343,0,2
3553,8605,95,2011-12-30,1,0,12,7,0,5,1,1,0.24,0.2576,0.75,0.0896,3,92
3554,2568,184,2011-04-21,2,0,4,21,0,4,1,1,0.42,0.4242,0.47,0.194,25,159
3555,3631,12,2011-06-05,2,0,6,4,0,0,0,2,0.62,0.6061,0.65,0.1642,4,8
3556,1578,7,2011-03-11,1,0,3,5,0,5,1,1,0.3,0.2879,0.81,0.2239,1,6
3557,9257,128,2012-01-26,1,1,1,14,0,4,1,2,0.4,0.4091,0.71,0.1045,16,112
3558,8955,65,2012-01-13,1,1,1,23,0,5,1,1,0.18,0.1818,0.47,0.194,5,60
3559,14647,296,2012-09-07,3,1,9,11,0,5,1,1,0.76,0.7121,0.62,0.1343,81,215
3560,875,54,2011-02-08,1,0,2,21,0,2,1,1,0.14,0.1061,0.33,0.4627,8,46
3561,15668,123,2012-10-20,4,1,10,0,0,6,0,1,0.46,0.4545,0.82,0.1343,13,110
3562,13707,469,2012-07-30,3,1,7,7,0,1,1,1,0.7,0.6667,0.79,0.0896,14,455
3563,13032,12,2012-07-02,3,1,7,4,0,1,1,2,0.72,0.6667,0.54,0.2985,2,10
3564,5053,68,2011-08-03,3,0,8,10,0,3,1,3,0.74,0.6818,0.58,0.0896,9,59
3565,4030,425,2011-06-21,3,0,6,19,0,2,1,2,0.74,0.7121,0.74,0.2239,67,358
3566,13755,487,2012-08-01,3,1,8,7,0,3,1,2,0.64,0.5758,0.83,0.1343,19,468
3567,7644,56,2011-11-20,4,0,11,2,0,0,0,1,0.4,0.4091,0.62,0.2836,12,44
3568,4695,153,2011-07-19,3,0,7,12,0,2,1,1,0.84,0.8182,0.56,0.0896,26,127
3569,4373,5,2011-07-06,3,0,7,2,0,3,1,1,0.7,0.6667,0.79,0.0896,1,4
3570,8270,26,2011-12-16,4,0,12,5,0,5,1,1,0.48,0.4697,0.44,0.3881,0,26
3571,5290,44,2011-08-13,3,0,8,7,0,6,0,2,0.66,0.6212,0.74,0.194,10,34
3572,3087,223,2011-05-13,2,0,5,12,0,5,1,2,0.52,0.5,0.88,0.194,53,170
3573,12023,2,2012-05-21,2,1,5,3,0,1,1,2,0.56,0.5303,0.88,0.2985,0,2
3574,8681,202,2012-01-02,1,1,1,12,1,1,0,1,0.28,0.2727,0.36,0.2537,41,161
3575,4505,134,2011-07-11,3,0,7,14,0,1,1,1,0.86,0.8333,0.53,0.2836,40,94
3576,2813,35,2011-05-02,2,0,5,2,0,1,1,2,0.44,0.4394,0.77,0.2239,16,19
3577,12852,461,2012-06-24,3,1,6,16,0,0,0,1,0.84,0.7273,0.3,0.2537,181,280
3578,12413,303,2012-06-06,2,1,6,9,0,3,1,1,0.56,0.5303,0.6,0.0896,35,268
3579,10892,79,2012-04-03,2,1,4,23,0,2,1,1,0.5,0.4848,0.59,0.0,13,66
3580,11918,846,2012-05-16,2,1,5,18,0,3,1,1,0.72,0.6667,0.51,0.2239,97,749
3581,17053,355,2012-12-18,4,1,12,7,0,2,1,1,0.36,0.3485,0.93,0.1343,4,351
3582,16303,106,2012-11-17,4,1,11,0,0,6,0,1,0.3,0.303,0.52,0.1642,11,95
3583,15593,195,2012-10-16,4,1,10,21,0,2,1,1,0.46,0.4545,0.63,0.0,19,176
3584,4944,163,2011-07-29,3,0,7,21,0,5,1,1,0.82,0.7576,0.46,0.1642,29,134
3585,2508,162,2011-04-19,2,0,4,9,0,2,1,3,0.52,0.5,0.63,0.0896,23,139
3586,11643,87,2012-05-05,2,1,5,7,0,6,0,1,0.56,0.5303,0.88,0.0,8,79
3587,9284,422,2012-01-27,1,1,1,17,0,5,1,1,0.42,0.4242,0.5,0.5821,16,406
3588,742,87,2011-02-03,1,0,2,7,0,4,1,1,0.14,0.1212,0.5,0.3284,1,86
3589,5350,397,2011-08-15,3,0,8,19,0,1,1,1,0.7,0.6515,0.65,0.0,54,343
3590,5564,567,2011-08-24,3,0,8,17,0,3,1,1,0.76,0.697,0.52,0.3582,83,484
3591,5038,454,2011-08-02,3,0,8,19,0,2,1,2,0.86,0.7576,0.36,0.2239,85,369
3592,2075,95,2011-04-01,2,0,4,7,0,5,1,3,0.24,0.2424,0.93,0.0,4,91
3593,11292,580,2012-04-20,2,1,4,16,0,5,1,1,0.66,0.6212,0.44,0.194,151,429
3594,11190,224,2012-04-16,2,1,4,10,1,1,0,1,0.62,0.6061,0.69,0.2537,75,149
3595,5815,376,2011-09-04,3,0,9,17,0,0,0,1,0.76,0.7273,0.66,0.2239,204,172
3596,1654,71,2011-03-14,1,0,3,11,0,1,1,1,0.36,0.3333,0.4,0.2537,26,45
3597,6966,159,2011-10-22,4,0,10,20,0,6,0,1,0.42,0.4242,0.67,0.0,48,111
3598,12480,8,2012-06-09,2,1,6,4,0,6,0,1,0.62,0.6212,0.57,0.0,2,6
3599,5934,410,2011-09-09,3,0,9,18,0,5,1,1,0.7,0.6667,0.79,0.194,33,377
3600,1010,243,2011-02-14,1,0,2,17,0,1,1,1,0.46,0.4545,0.33,0.6119,25,218
3601,17227,107,2012-12-25,1,1,12,15,1,2,0,1,0.36,0.3333,0.5,0.2537,51,56
3602,15690,202,2012-10-20,4,1,10,22,0,6,0,1,0.44,0.4394,0.51,0.1045,47,155
3603,110,169,2011-01-05,1,0,1,18,0,3,1,1,0.24,0.2424,0.38,0.1343,3,166
3604,10831,275,2012-04-01,2,1,4,9,0,0,0,2,0.36,0.3485,0.81,0.1343,102,173
3605,14112,5,2012-08-16,3,1,8,4,0,4,1,1,0.62,0.5909,0.73,0.2239,2,3
3606,15461,355,2012-10-11,4,1,10,9,0,4,1,1,0.4,0.4091,0.43,0.3881,27,328
3607,12134,522,2012-05-25,2,1,5,18,0,5,1,1,0.76,0.7121,0.62,0.194,131,391
3608,11795,439,2012-05-11,2,1,5,15,0,5,1,1,0.62,0.6061,0.25,0.194,140,299
3609,13181,242,2012-07-08,3,1,7,9,0,0,0,1,0.86,0.8182,0.5,0.1045,70,172
3610,1764,3,2011-03-19,1,0,3,4,0,6,0,1,0.52,0.5,0.34,0.4179,1,2
3611,14971,154,2012-09-20,3,1,9,23,0,4,1,1,0.54,0.5152,0.68,0.1045,17,137
3612,14244,467,2012-08-21,3,1,8,16,0,2,1,1,0.76,0.6667,0.37,0.0,109,358
3613,3122,44,2011-05-14,2,0,5,23,0,6,0,3,0.52,0.5,1.0,0.194,11,33
3614,868,64,2011-02-08,1,0,2,14,0,2,1,1,0.22,0.197,0.37,0.4179,3,61
3615,4084,28,2011-06-24,3,0,6,1,0,5,1,1,0.66,0.6061,0.83,0.3284,8,20
3616,8131,192,2011-12-10,4,0,12,10,0,6,0,1,0.32,0.303,0.57,0.2537,31,161
3617,3642,417,2011-06-05,2,0,6,15,0,0,0,1,0.7,0.6515,0.54,0.0,161,256
3618,15178,750,2012-09-29,4,1,9,14,0,6,0,1,0.6,0.6212,0.4,0.2537,302,448
3619,7589,217,2011-11-17,4,0,11,19,0,4,1,1,0.3,0.2879,0.45,0.2239,7,210
3620,1960,108,2011-03-27,2,0,3,11,0,0,0,2,0.24,0.2424,0.48,0.1642,23,85
3621,14619,482,2012-09-06,3,1,9,7,0,4,1,2,0.7,0.6667,0.84,0.1045,21,461
3622,14064,5,2012-08-14,3,1,8,4,0,2,1,2,0.68,0.6364,0.83,0.194,0,5
3623,16906,4,2012-12-12,4,1,12,4,0,3,1,1,0.26,0.303,0.6,0.0,0,4
3624,166,1,2011-01-08,1,0,1,4,0,6,0,3,0.18,0.197,0.55,0.1642,0,1
3625,10991,32,2012-04-08,2,1,4,2,0,0,0,1,0.44,0.4394,0.24,0.2239,7,25
3626,13408,427,2012-07-17,3,1,7,20,0,2,1,1,0.86,0.7576,0.34,0.1642,52,375
3627,16926,32,2012-12-13,4,1,12,0,0,4,1,2,0.28,0.2727,0.52,0.2239,1,31
3628,6462,126,2011-10-01,4,0,10,19,0,6,0,2,0.38,0.3939,0.82,0.194,27,99
3629,745,52,2011-02-03,1,0,2,10,0,4,1,1,0.18,0.1515,0.43,0.3284,2,50
3630,14255,7,2012-08-22,3,1,8,3,0,3,1,1,0.62,0.5909,0.78,0.0,0,7
3631,11072,182,2012-04-11,2,1,4,12,0,3,1,2,0.36,0.3333,0.46,0.3881,35,147
3632,472,97,2011-01-21,1,0,1,16,0,5,1,1,0.16,0.1364,0.26,0.3582,0,97
3633,14267,316,2012-08-22,3,1,8,15,0,3,1,1,0.76,0.6818,0.48,0.1343,94,222
3634,15412,713,2012-10-09,4,1,10,8,0,2,1,2,0.42,0.4242,0.8,0.194,15,698
3635,10276,29,2012-03-09,1,1,3,5,0,5,1,3,0.4,0.4091,0.66,0.2836,2,27
3636,10333,487,2012-03-11,1,1,3,15,0,0,0,1,0.5,0.4848,0.29,0.2985,201,286
3637,13554,209,2012-07-23,3,1,7,22,0,1,1,1,0.74,0.6818,0.62,0.194,40,169
3638,10504,459,2012-03-18,1,1,3,18,0,0,0,1,0.56,0.5303,0.64,0.1642,165,294
3639,7725,116,2011-11-23,4,0,11,11,0,3,1,2,0.5,0.4848,0.72,0.4179,9,107
3640,669,2,2011-01-31,1,0,1,4,0,1,1,1,0.2,0.197,0.59,0.2239,0,2
3641,13579,192,2012-07-24,3,1,7,23,0,2,1,1,0.74,0.6818,0.58,0.3284,38,154
3642,5265,76,2011-08-12,3,0,8,6,0,5,1,1,0.62,0.6212,0.5,0.1343,3,73
3643,16922,268,2012-12-12,4,1,12,20,0,3,1,1,0.3,0.2879,0.52,0.2836,25,243
3644,4989,304,2011-07-31,3,0,7,18,0,0,0,1,0.86,0.7879,0.41,0.2836,91,213
3645,2164,22,2011-04-05,2,0,4,0,0,2,1,1,0.62,0.6212,0.5,0.1045,10,12
3646,6506,101,2011-10-03,4,0,10,15,0,1,1,3,0.4,0.4091,0.76,0.0,22,79
3647,3322,236,2011-05-23,2,0,5,7,0,1,1,2,0.56,0.5303,0.94,0.1045,13,223
3648,197,49,2011-01-09,1,0,1,11,0,0,0,1,0.16,0.1212,0.4,0.5224,2,47
3649,13574,877,2012-07-24,3,1,7,18,0,2,1,1,0.76,0.7121,0.62,0.3284,110,767
3650,10175,17,2012-03-05,1,1,3,0,0,1,1,1,0.24,0.2273,0.44,0.194,2,15
3651,17058,313,2012-12-18,4,1,12,12,0,2,1,3,0.48,0.4697,0.48,0.2537,49,264
3652,5820,155,2011-09-04,3,0,9,22,0,0,0,2,0.72,0.697,0.74,0.2836,70,85
3653,16017,8,2012-11-05,4,1,11,1,0,1,1,2,0.3,0.303,0.56,0.1642,0,8
3654,2046,5,2011-03-31,2,0,3,2,0,4,1,3,0.24,0.2273,0.93,0.194,0,5
3655,10877,604,2012-04-03,2,1,4,8,0,2,1,1,0.34,0.3636,0.57,0.0,27,577
3656,16089,12,2012-11-08,4,1,11,1,0,4,1,3,0.3,0.2727,0.52,0.3582,1,11
3657,11000,404,2012-04-08,2,1,4,11,0,0,0,1,0.5,0.4848,0.25,0.2836,195,209
3658,1030,79,2011-02-15,1,0,2,14,0,2,1,1,0.34,0.3182,0.19,0.2239,10,69
3659,4842,112,2011-07-25,3,0,7,15,0,1,1,1,0.7,0.6667,0.84,0.3881,16,96
3660,11269,748,2012-04-19,2,1,4,17,0,4,1,1,0.6,0.6212,0.43,0.0896,85,663
3661,441,143,2011-01-20,1,0,1,9,0,4,1,2,0.24,0.2273,0.52,0.2239,3,140
3662,2761,146,2011-04-29,2,0,4,22,0,5,1,1,0.42,0.4242,0.58,0.1642,36,110
3663,15750,221,2012-10-23,4,1,10,10,0,2,1,1,0.54,0.5152,0.6,0.0,50,171
3664,10750,48,2012-03-29,2,1,3,0,0,4,1,1,0.54,0.5152,0.68,0.194,10,38
3665,14688,28,2012-09-09,3,1,9,4,0,0,0,1,0.52,0.5,0.77,0.2537,12,16
3666,11863,79,2012-05-14,2,1,5,11,0,1,1,2,0.56,0.5303,0.83,0.2239,12,67
3667,16767,276,2012-12-06,4,1,12,9,0,4,1,1,0.24,0.2273,0.48,0.194,19,257
3668,14541,55,2012-09-03,3,1,9,1,1,1,0,2,0.68,0.6364,0.89,0.1642,18,37
3669,9260,413,2012-01-26,1,1,1,17,0,4,1,2,0.42,0.4242,0.71,0.0,16,397
3670,17065,353,2012-12-18,4,1,12,19,0,2,1,1,0.38,0.3939,0.46,0.3881,19,334
3671,10718,305,2012-03-27,2,1,3,16,0,2,1,1,0.42,0.4242,0.2,0.0,38,267
3672,13571,285,2012-07-24,3,1,7,15,0,2,1,1,0.82,0.7727,0.49,0.2985,73,212
3673,4012,14,2011-06-21,3,0,6,1,0,2,1,3,0.62,0.5909,0.78,0.1642,2,12
3674,9670,57,2012-02-12,1,1,2,20,0,0,0,1,0.14,0.1212,0.42,0.3284,1,56
3675,15333,141,2012-10-06,4,1,10,1,0,6,0,1,0.56,0.5303,0.83,0.2537,25,116
3676,12344,684,2012-06-03,2,1,6,12,0,0,0,1,0.66,0.6212,0.39,0.2985,276,408
3677,8844,240,2012-01-09,1,1,1,7,0,1,1,2,0.22,0.2424,0.6,0.1045,1,239
3678,14448,8,2012-08-30,3,1,8,4,0,4,1,1,0.62,0.5909,0.73,0.0,4,4
3679,5525,6,2011-08-23,3,0,8,2,0,2,1,1,0.56,0.5303,0.52,0.194,2,4
3680,558,55,2011-01-25,1,0,1,10,0,2,1,2,0.22,0.2424,0.6,0.1045,6,49
3681,6054,381,2011-09-14,3,0,9,19,0,3,1,2,0.7,0.6515,0.7,0.1045,44,337
3682,10042,132,2012-02-28,1,1,2,10,0,2,1,1,0.3,0.2727,0.42,0.2985,14,118
3683,7160,71,2011-10-30,4,0,10,22,0,0,0,1,0.3,0.3333,0.75,0.0,13,58
3684,11899,71,2012-05-15,2,1,5,23,0,2,1,3,0.56,0.5303,0.88,0.1045,13,58
3685,7173,128,2011-10-31,4,0,10,11,0,1,1,1,0.4,0.4091,0.5,0.1343,31,97
3686,16532,217,2012-11-26,4,1,11,13,0,1,1,1,0.42,0.4242,0.35,0.1045,20,197
3687,15465,291,2012-10-11,4,1,10,13,0,4,1,1,0.5,0.4848,0.31,0.1045,48,243
3688,9626,53,2012-02-11,1,1,2,0,0,6,0,2,0.3,0.303,0.7,0.1343,3,50
3689,14133,54,2012-08-17,3,1,8,1,0,5,1,1,0.66,0.2424,0.65,0.1045,16,38
3690,5871,6,2011-09-07,3,0,9,2,0,3,1,2,0.54,0.5152,0.94,0.2239,2,4
3691,4922,123,2011-07-28,3,0,7,23,0,4,1,1,0.76,0.7424,0.75,0.194,28,95
3692,4923,57,2011-07-29,3,0,7,0,0,5,1,1,0.74,0.7121,0.79,0.1642,12,45
3693,12955,171,2012-06-28,3,1,6,23,0,4,1,1,0.74,0.6667,0.48,0.1343,26,145
3694,6346,75,2011-09-26,4,0,9,23,0,1,1,1,0.62,0.5455,0.94,0.1343,11,64
3695,8128,11,2011-12-10,4,0,12,7,0,6,0,1,0.24,0.2273,0.65,0.194,0,11
3696,13232,272,2012-07-10,3,1,7,12,0,2,1,1,0.8,0.7121,0.41,0.1343,69,203
3697,9810,404,2012-02-18,1,1,2,16,0,6,0,1,0.44,0.4394,0.44,0.3284,186,218
3698,3926,181,2011-06-17,2,0,6,11,0,5,1,1,0.68,0.6364,0.69,0.2537,43,138
3699,10189,128,2012-03-05,1,1,3,14,0,1,1,2,0.28,0.2576,0.57,0.3582,13,115
3700,2686,328,2011-04-26,2,0,4,19,0,2,1,1,0.64,0.6061,0.73,0.4179,42,286
3701,10699,186,2012-03-26,2,1,3,21,0,1,1,1,0.38,0.3939,0.25,0.4925,11,175
3702,11099,211,2012-04-12,2,1,4,15,0,4,1,1,0.48,0.4697,0.31,0.2537,42,169
3703,14993,312,2012-09-21,3,1,9,21,0,5,1,1,0.6,0.5909,0.73,0.2537,46,266
3704,14204,26,2012-08-20,3,1,8,0,0,1,1,2,0.6,0.5606,0.83,0.1045,1,25
3705,505,18,2011-01-23,1,0,1,2,0,0,0,1,0.02,0.0606,0.62,0.1343,3,15
3706,8720,1,2012-01-04,1,1,1,3,0,3,1,1,0.02,0.0152,0.34,0.2836,0,1
3707,1133,44,2011-02-19,1,0,2,22,0,6,0,1,0.3,0.2576,0.28,0.4925,2,42
3708,13823,30,2012-08-04,3,1,8,3,0,6,0,1,0.72,0.7121,0.84,0.1343,11,19
3709,10681,1,2012-03-26,2,1,3,3,0,1,1,1,0.46,0.4545,0.82,0.194,0,1
3710,7114,19,2011-10-29,4,0,10,0,0,6,0,3,0.28,0.2576,0.87,0.2985,0,19
3711,29,3,2011-01-02,1,0,1,4,0,0,0,2,0.46,0.4545,0.94,0.194,2,1
3712,524,28,2011-01-23,1,0,1,22,0,0,0,1,0.08,0.0909,0.38,0.194,5,23
3713,10553,555,2012-03-20,1,1,3,19,0,2,1,1,0.58,0.5455,0.73,0.1343,75,480
3714,11374,3,2012-04-24,2,1,4,2,0,2,1,1,0.32,0.3182,0.81,0.194,0,3
3715,13668,487,2012-07-28,3,1,7,16,0,6,0,1,0.86,0.7727,0.39,0.2239,208,279
3716,17073,5,2012-12-19,4,1,12,3,0,3,1,1,0.26,0.2727,0.75,0.1343,0,5
3717,13470,233,2012-07-20,3,1,7,10,0,5,1,2,0.7,0.6667,0.79,0.1642,51,182
3718,9695,147,2012-02-13,1,1,2,21,0,1,1,1,0.28,0.2879,0.45,0.1343,2,145
3719,10167,299,2012-03-04,1,1,3,16,0,0,0,1,0.36,0.3182,0.29,0.4925,68,231
3720,910,35,2011-02-10,1,0,2,10,0,4,1,1,0.12,0.1061,0.42,0.2985,1,34
3721,9503,50,2012-02-05,1,1,2,20,0,0,0,1,0.28,0.2727,0.56,0.194,3,47
3722,1111,29,2011-02-19,1,0,2,0,0,6,0,1,0.48,0.4697,0.12,0.4925,6,23
3723,10691,301,2012-03-26,2,1,3,13,0,1,1,1,0.48,0.4697,0.29,0.6866,79,222
3724,9586,484,2012-02-09,1,1,2,8,0,4,1,1,0.2,0.197,0.64,0.2537,11,473
3725,6390,372,2011-09-28,4,0,9,19,0,3,1,3,0.66,0.6061,0.83,0.2537,57,315
3726,8791,38,2012-01-07,1,1,1,2,0,6,0,1,0.36,0.3636,0.5,0.1045,2,36
3727,75,36,2011-01-04,1,0,1,6,0,2,1,1,0.12,0.1515,0.74,0.1045,0,36
3728,6123,305,2011-09-17,3,0,9,16,0,6,0,1,0.54,0.5152,0.68,0.2537,116,189
3729,6636,78,2011-10-09,4,0,10,1,0,0,0,1,0.46,0.4545,0.88,0.0,15,63
3730,15658,365,2012-10-19,4,1,10,14,0,5,1,1,0.66,0.6212,0.61,0.2537,88,277
3731,6205,6,2011-09-21,3,0,9,2,0,3,1,1,0.54,0.5152,0.94,0.0,1,5
3732,4622,396,2011-07-16,3,0,7,11,0,6,0,1,0.74,0.6667,0.48,0.2239,171,225
3733,14814,246,2012-09-14,3,1,9,10,0,5,1,2,0.68,0.6364,0.65,0.0,75,171
3734,9010,13,2012-01-16,1,1,1,6,1,1,0,1,0.1,0.1364,0.54,0.0896,0,13
3735,14758,11,2012-09-12,3,1,9,2,0,3,1,1,0.52,0.5,0.72,0.0896,2,9
3736,5788,380,2011-09-03,3,0,9,14,0,6,0,2,0.72,0.6818,0.66,0.1642,204,176
3737,5125,290,2011-08-06,3,0,8,10,0,6,0,2,0.74,0.697,0.7,0.2836,91,199
3738,4730,99,2011-07-20,3,0,7,23,0,3,1,1,0.76,0.7424,0.75,0.2537,26,73
3739,10365,63,2012-03-12,1,1,3,23,0,1,1,1,0.56,0.5303,0.56,0.2239,10,53
3740,13041,236,2012-07-02,3,1,7,13,0,1,1,1,0.86,0.7576,0.34,0.2239,74,162
3741,15852,612,2012-10-27,4,1,10,16,0,6,0,2,0.56,0.5303,0.64,0.2836,257,355
3742,3548,486,2011-06-01,2,0,6,17,0,3,1,1,0.86,0.803,0.47,0.2985,52,434
3743,3777,40,2011-06-11,2,0,6,6,0,6,0,1,0.7,0.6515,0.61,0.1343,9,31
3744,1692,3,2011-03-16,1,0,3,3,0,3,1,2,0.28,0.2727,1.0,0.2239,1,2
3745,11623,258,2012-05-04,2,1,5,11,0,5,1,2,0.7,0.6515,0.61,0.0,77,181
3746,2551,6,2011-04-21,2,0,4,4,0,4,1,2,0.44,0.4394,0.54,0.4478,2,4
3747,16723,272,2012-12-04,4,1,12,13,0,2,1,2,0.54,0.5152,0.64,0.1642,39,233
3748,15547,105,2012-10-14,4,1,10,23,0,0,0,2,0.56,0.5303,0.68,0.2836,27,78
3749,10833,451,2012-04-01,2,1,4,11,0,0,0,2,0.4,0.4091,0.71,0.194,180,271
3750,11815,522,2012-05-12,2,1,5,11,0,6,0,1,0.62,0.6212,0.41,0.0896,157,365
3751,11093,287,2012-04-12,2,1,4,9,0,4,1,1,0.36,0.3333,0.57,0.3582,16,271
3752,4887,169,2011-07-27,3,0,7,12,0,3,1,1,0.82,0.7121,0.3,0.2836,37,132
3753,4068,227,2011-06-23,3,0,6,9,0,4,1,2,0.74,0.697,0.7,0.1343,33,194
3754,2427,43,2011-04-16,2,0,4,0,0,6,0,2,0.36,0.3485,0.81,0.2239,7,36
3755,10440,4,2012-03-16,1,1,3,2,0,5,1,2,0.42,0.4242,0.82,0.194,0,4
3756,4946,116,2011-07-29,3,0,7,23,0,5,1,1,0.78,0.7121,0.52,0.1045,26,90
3757,4436,167,2011-07-08,3,0,7,17,0,5,1,3,0.66,0.5909,0.89,0.4478,6,161
3758,99,88,2011-01-05,1,0,1,7,0,3,1,1,0.18,0.1818,0.43,0.194,1,87
3759,40,76,2011-01-02,1,0,1,16,0,0,0,3,0.34,0.3333,0.71,0.1642,9,67
3760,11648,550,2012-05-05,2,1,5,12,0,6,0,1,0.72,0.6667,0.58,0.1045,220,330
3761,15453,11,2012-10-11,4,1,10,1,0,4,1,1,0.44,0.4394,0.47,0.194,1,10
3762,14896,340,2012-09-17,3,1,9,20,0,1,1,2,0.62,0.5909,0.73,0.1343,32,308
3763,8303,237,2011-12-17,4,0,12,14,0,6,0,1,0.28,0.2576,0.45,0.3582,30,207
3764,16645,63,2012-12-01,4,1,12,7,0,6,0,2,0.24,0.2424,0.87,0.1343,7,56
3765,12745,39,2012-06-20,2,1,6,5,0,3,1,1,0.66,0.6061,0.83,0.0896,2,37
3766,14938,286,2012-09-19,3,1,9,14,0,3,1,1,0.62,0.6212,0.38,0.2537,59,227
3767,16554,65,2012-11-27,4,1,11,11,0,2,1,3,0.3,0.2727,0.87,0.2985,6,59
3768,10099,254,2012-03-01,1,1,3,20,0,4,1,1,0.44,0.4394,0.44,0.4179,12,242
3769,6760,17,2011-10-14,4,0,10,5,0,5,1,2,0.56,0.5303,0.94,0.1642,0,17
3770,5993,109,2011-09-12,3,0,9,6,0,1,1,1,0.56,0.5303,0.83,0.0,1,108
3771,15510,347,2012-10-13,4,1,10,10,0,6,0,1,0.4,0.4091,0.43,0.0,82,265
3772,8378,431,2011-12-20,4,0,12,17,0,2,1,1,0.4,0.4091,0.62,0.1642,14,417
3773,13455,533,2012-07-19,3,1,7,19,0,4,1,1,0.84,0.7576,0.44,0.2537,53,480
3774,13359,312,2012-07-15,3,1,7,19,0,0,0,1,0.72,0.7121,0.84,0.2239,109,203
3775,2505,65,2011-04-19,2,0,4,6,0,2,1,2,0.48,0.4697,0.67,0.0,2,63
3776,2808,105,2011-05-01,2,0,5,21,0,0,0,2,0.46,0.4545,0.82,0.0,23,82
3777,8182,166,2011-12-12,4,0,12,13,0,1,1,2,0.3,0.3182,0.52,0.1045,13,153
3778,11687,5,2012-05-07,2,1,5,3,0,1,1,1,0.5,0.4848,0.77,0.194,2,3
3779,6018,362,2011-09-13,3,0,9,7,0,2,1,1,0.58,0.5455,0.83,0.0896,14,348
3780,2736,194,2011-04-28,2,0,4,21,0,4,1,1,0.56,0.5303,0.46,0.1343,27,167
3781,9593,134,2012-02-09,1,1,2,15,0,4,1,1,0.32,0.303,0.36,0.2985,14,120
3782,15829,817,2012-10-26,4,1,10,17,0,5,1,2,0.56,0.5303,0.76,0.194,125,692
3783,14083,167,2012-08-14,3,1,8,23,0,2,1,1,0.72,0.6818,0.66,0.1642,53,114
3784,3858,178,2011-06-14,2,0,6,15,0,2,1,1,0.64,0.6212,0.47,0.1642,42,136
3785,10785,201,2012-03-30,2,1,3,11,0,5,1,2,0.36,0.3788,0.53,0.0,48,153
3786,17352,72,2012-12-30,1,1,12,20,0,0,0,1,0.22,0.197,0.47,0.3284,9,63
3787,13543,198,2012-07-23,3,1,7,11,0,1,1,2,0.8,0.7424,0.52,0.1642,69,129
3788,5665,138,2011-08-29,3,0,8,11,0,1,1,1,0.66,0.6212,0.47,0.1642,38,100
3789,5896,3,2011-09-08,3,0,9,4,0,4,1,2,0.62,0.5455,0.94,0.0896,0,3
3790,528,1,2011-01-24,1,0,1,3,0,1,1,1,0.04,0.0303,0.45,0.2537,0,1
3791,6821,328,2011-10-16,4,0,10,18,0,0,0,1,0.56,0.5303,0.49,0.4478,102,226
3792,5260,23,2011-08-12,3,0,8,1,0,5,1,1,0.64,0.6212,0.53,0.1343,4,19
3793,5272,253,2011-08-12,3,0,8,13,0,5,1,1,0.78,0.6818,0.29,0.0896,74,179
3794,1242,89,2011-02-24,1,0,2,20,0,4,1,2,0.34,0.303,0.93,0.3582,2,87
3795,3440,7,2011-05-28,2,0,5,5,0,6,0,1,0.56,0.5303,0.88,0.2239,4,3
3796,7948,265,2011-12-02,4,0,12,19,0,5,1,1,0.34,0.3182,0.53,0.2537,13,252
3797,13564,743,2012-07-24,3,1,7,8,0,2,1,1,0.74,0.697,0.7,0.194,49,694
3798,13570,244,2012-07-24,3,1,7,14,0,2,1,2,0.84,0.803,0.53,0.2239,48,196
3799,9799,1,2012-02-18,1,1,2,5,0,6,0,1,0.24,0.2576,0.7,0.0896,0,1
3800,12006,432,2012-05-20,2,1,5,10,0,0,0,1,0.66,0.6212,0.34,0.2985,174,258
3801,15712,195,2012-10-21,4,1,10,20,0,0,0,1,0.48,0.4697,0.44,0.194,35,160
3802,1169,90,2011-02-21,1,0,2,11,1,1,0,2,0.32,0.3333,0.57,0.1045,20,70
3803,6576,191,2011-10-06,4,0,10,13,0,4,1,1,0.56,0.5303,0.46,0.0896,33,158
3804,17046,18,2012-12-18,4,1,12,0,0,2,1,2,0.44,0.4394,0.94,0.1343,0,18
3805,12188,65,2012-05-28,2,1,5,0,1,1,0,1,0.62,0.5758,0.83,0.2239,21,44
3806,10836,561,2012-04-01,2,1,4,14,0,0,0,2,0.48,0.4697,0.55,0.2239,283,278
3807,11287,254,2012-04-20,2,1,4,11,0,5,1,1,0.54,0.5152,0.68,0.1642,64,190
3808,11100,353,2012-04-12,2,1,4,16,0,4,1,1,0.48,0.4697,0.31,0.2836,54,299
3809,5185,147,2011-08-08,3,0,8,22,0,1,1,1,0.76,0.7121,0.58,0.1045,26,121
3810,14597,290,2012-09-05,3,1,9,9,0,3,1,1,0.74,0.697,0.7,0.2537,27,263
3811,2709,412,2011-04-27,2,0,4,18,0,3,1,3,0.66,0.6061,0.83,0.3881,46,366
3812,12975,363,2012-06-29,3,1,6,19,0,5,1,1,0.9,0.8788,0.47,0.194,60,303
3813,10872,3,2012-04-03,2,1,4,3,0,2,1,1,0.38,0.3939,0.46,0.0,0,3
3814,16058,497,2012-11-06,4,1,11,18,0,2,1,1,0.32,0.303,0.57,0.2985,20,477
3815,15770,173,2012-10-24,4,1,10,6,0,3,1,1,0.48,0.4697,0.82,0.1045,11,162
3816,15657,375,2012-10-19,4,1,10,13,0,5,1,1,0.62,0.5909,0.73,0.2239,87,288
3817,14525,232,2012-09-02,3,1,9,9,0,0,0,2,0.7,0.6667,0.84,0.0,88,144
3818,3526,285,2011-05-31,2,0,5,19,0,2,1,1,0.78,0.7424,0.62,0.1045,39,246
3819,10620,432,2012-03-23,2,1,3,14,0,5,1,2,0.72,0.6515,0.42,0.1045,208,224
3820,3624,185,2011-06-04,2,0,6,21,0,6,0,2,0.66,0.6212,0.47,0.1045,46,139
3821,5118,42,2011-08-06,3,0,8,3,0,6,0,2,0.66,0.6061,0.78,0.1642,14,28
3822,5257,157,2011-08-11,3,0,8,22,0,4,1,1,0.7,0.6515,0.48,0.0,34,123
3823,407,33,2011-01-18,1,0,1,22,0,2,1,2,0.22,0.2576,0.93,0.0896,0,33
3824,6521,112,2011-10-04,4,0,10,6,0,2,1,1,0.4,0.4091,0.82,0.1045,3,109
3825,14145,357,2012-08-17,3,1,8,13,0,5,1,1,0.84,0.2424,0.36,0.3881,103,254
3826,13158,325,2012-07-07,3,1,7,10,0,6,0,1,0.92,0.8636,0.37,0.2239,100,225
3827,1403,202,2011-03-03,1,0,3,17,0,4,1,1,0.26,0.303,0.22,0.0,17,185
3828,14163,64,2012-08-18,3,1,8,7,0,6,0,1,0.6,0.5606,0.83,0.2239,12,52
3829,10955,490,2012-04-06,2,1,4,14,0,5,1,1,0.48,0.4697,0.29,0.3881,240,250
3830,2726,84,2011-04-28,2,0,4,11,0,4,1,2,0.62,0.5758,0.83,0.2836,10,74
3831,15778,301,2012-10-24,4,1,10,14,0,3,1,1,0.74,0.6515,0.3,0.2537,64,237
3832,15199,591,2012-09-30,4,1,9,11,0,0,0,1,0.6,0.6212,0.43,0.2239,222,369
3833,4797,196,2011-07-23,3,0,7,18,0,6,0,1,0.92,0.8788,0.4,0.2239,62,134
3834,2507,351,2011-04-19,2,0,4,8,0,2,1,2,0.5,0.4848,0.68,0.1343,20,331
3835,6048,178,2011-09-14,3,0,9,13,0,3,1,1,0.76,0.697,0.55,0.2537,39,139
3836,4111,11,2011-06-25,3,0,6,4,0,6,0,1,0.64,0.6212,0.57,0.194,7,4
3837,5339,355,2011-08-15,3,0,8,8,0,1,1,1,0.64,0.5909,0.78,0.3284,29,326
3838,4967,206,2011-07-30,3,0,7,20,0,6,0,1,0.82,0.7424,0.43,0.1343,74,132
3839,7728,213,2011-11-23,4,0,11,14,0,3,1,1,0.42,0.4242,0.54,0.4627,13,200
3840,6993,49,2011-10-23,4,0,10,23,0,0,0,1,0.42,0.4242,0.77,0.1642,18,31
3841,4629,428,2011-07-16,3,0,7,18,0,6,0,1,0.76,0.6818,0.45,0.2836,185,243
3842,7426,66,2011-11-11,4,0,11,0,1,5,0,1,0.34,0.3182,0.53,0.2537,10,56
3843,10820,156,2012-03-31,2,1,3,22,0,6,0,2,0.38,0.3939,0.71,0.2537,40,116
3844,7802,275,2011-11-26,4,0,11,16,0,6,0,2,0.46,0.4545,0.47,0.1343,137,138
3845,6241,183,2011-09-22,3,0,9,14,0,4,1,2,0.66,0.6061,0.83,0.2239,41,142
3846,2850,154,2011-05-03,2,0,5,15,0,2,1,2,0.7,0.6515,0.58,0.4478,37,117
3847,10738,268,2012-03-28,2,1,3,12,0,3,1,2,0.54,0.5152,0.39,0.3582,50,218
3848,8353,208,2011-12-19,4,0,12,16,0,1,1,1,0.4,0.4091,0.4,0.2537,19,189
3849,2443,33,2011-04-16,2,0,4,16,0,6,0,3,0.5,0.4848,0.88,0.4627,6,27
3850,2417,163,2011-04-15,2,0,4,14,1,5,0,1,0.54,0.5152,0.52,0.2537,57,106
3851,9357,410,2012-01-30,1,1,1,18,0,1,1,1,0.34,0.3333,0.23,0.1642,11,399
3852,11005,476,2012-04-08,2,1,4,16,0,0,0,1,0.64,0.6061,0.19,0.3284,232,244
3853,9419,445,2012-02-02,1,1,2,8,0,4,1,3,0.4,0.4091,0.87,0.0,9,436
3854,8795,7,2012-01-07,1,1,1,6,0,6,0,1,0.26,0.2727,0.75,0.1045,0,7
3855,11254,6,2012-04-19,2,1,4,2,0,4,1,2,0.42,0.4242,0.77,0.0,2,4
3856,6456,125,2011-10-01,4,0,10,13,0,6,0,2,0.4,0.4091,0.82,0.3284,27,98
3857,12205,405,2012-05-28,2,1,5,17,1,1,0,1,0.82,0.7879,0.56,0.2985,158,247
3858,5601,105,2011-08-26,3,0,8,6,0,5,1,1,0.62,0.5606,0.88,0.0,5,100
3859,6233,101,2011-09-22,3,0,9,6,0,4,1,2,0.6,0.5,1.0,0.1343,7,94
3860,12111,492,2012-05-24,2,1,5,19,0,4,1,1,0.7,0.6515,0.61,0.2985,76,416
3861,10141,430,2012-03-03,1,1,3,14,0,6,0,2,0.46,0.4545,0.44,0.3582,151,279
3862,5941,83,2011-09-10,3,0,9,1,0,6,0,2,0.62,0.5455,0.94,0.0,16,67
3863,588,24,2011-01-27,1,0,1,16,0,4,1,1,0.22,0.2273,0.55,0.194,1,23
3864,16996,156,2012-12-15,4,1,12,22,0,6,0,1,0.36,0.3485,0.62,0.194,22,134
3865,12631,286,2012-06-15,2,1,6,11,0,5,1,1,0.66,0.6212,0.5,0.194,106,180
3866,9893,30,2012-02-22,1,1,2,5,0,3,1,1,0.32,0.3333,0.7,0.1045,1,29
3867,5759,220,2011-09-02,3,0,9,9,0,5,1,2,0.62,0.5758,0.83,0.1045,30,190
3868,13023,382,2012-07-01,3,1,7,19,0,0,0,1,0.84,0.7424,0.39,0.1343,103,279
3869,13980,467,2012-08-10,3,1,8,16,0,5,1,1,0.78,0.7273,0.55,0.2985,96,371
3870,8301,244,2011-12-17,4,0,12,12,0,6,0,2,0.28,0.2576,0.45,0.2836,28,216
3871,11235,418,2012-04-18,2,1,4,7,0,3,1,2,0.5,0.4848,0.39,0.194,10,408
3872,6017,122,2011-09-13,3,0,9,6,0,2,1,1,0.56,0.5303,0.88,0.1045,6,116
3873,1109,107,2011-02-18,1,0,2,22,0,5,1,1,0.54,0.5152,0.1,0.2537,19,88
3874,4009,130,2011-06-20,2,0,6,22,0,1,1,2,0.64,0.6061,0.73,0.2239,24,106
3875,14377,36,2012-08-27,3,1,8,5,0,1,1,1,0.62,0.5606,0.88,0.0,4,32
3876,13048,395,2012-07-02,3,1,7,20,0,1,1,1,0.78,0.697,0.43,0.1343,38,357
3877,10428,258,2012-03-15,1,1,3,14,0,4,1,2,0.72,0.6515,0.3,0.1045,81,177
3878,11281,25,2012-04-20,2,1,4,5,0,5,1,1,0.42,0.4242,0.94,0.0,1,24
3879,16070,118,2012-11-07,4,1,11,6,0,3,1,2,0.26,0.2424,0.56,0.2836,3,115
3880,6572,208,2011-10-06,4,0,10,9,0,4,1,1,0.46,0.4545,0.63,0.194,20,188
3881,16346,210,2012-11-18,4,1,11,19,0,0,0,1,0.36,0.3485,0.66,0.1642,16,194
3882,15070,14,2012-09-25,4,1,9,2,0,2,1,1,0.42,0.4242,0.77,0.1343,5,9
3883,14483,526,2012-08-31,3,1,8,15,0,5,1,1,0.9,0.7879,0.27,0.2985,109,417
3884,5101,163,2011-08-05,3,0,8,10,0,5,1,1,0.74,0.6818,0.55,0.1343,50,113
3885,708,74,2011-02-01,1,0,2,20,0,2,1,2,0.22,0.2273,0.87,0.1343,5,69
3886,11065,27,2012-04-11,2,1,4,5,0,3,1,1,0.28,0.2727,0.56,0.194,1,26
3887,10634,7,2012-03-24,2,1,3,4,0,6,0,1,0.52,0.5,0.83,0.0896,1,6
3888,1500,92,2011-03-07,1,0,3,20,0,1,1,1,0.3,0.303,0.33,0.1642,5,87
3889,11398,7,2012-04-25,2,1,4,2,0,3,1,1,0.36,0.3788,0.62,0.0,1,6
3890,12336,13,2012-06-03,2,1,6,4,0,0,0,1,0.5,0.4848,0.72,0.0896,1,12
3891,14590,9,2012-09-05,3,1,9,2,0,3,1,1,0.7,0.6667,0.84,0.194,0,9
3892,8470,121,2011-12-24,1,0,12,13,0,6,0,1,0.34,0.303,0.39,0.2985,24,97
3893,3067,288,2011-05-12,2,0,5,16,0,4,1,2,0.64,0.6212,0.57,0.2537,50,238
3894,3339,35,2011-05-24,2,0,5,0,0,2,1,2,0.6,0.5152,0.94,0.194,12,23
3895,971,24,2011-02-13,1,0,2,1,0,0,0,1,0.2,0.2273,0.59,0.0896,1,23
3896,15707,623,2012-10-21,4,1,10,15,0,0,0,1,0.56,0.5303,0.35,0.3284,240,383
3897,4852,12,2011-07-26,3,0,7,1,0,2,1,1,0.7,0.6667,0.79,0.1045,6,6
3898,7325,151,2011-11-06,4,0,11,19,0,0,0,1,0.38,0.3939,0.76,0.194,21,130
3899,17147,5,2012-12-22,1,1,12,5,0,6,0,1,0.26,0.2273,0.48,0.4179,0,5
3900,7610,209,2011-11-18,4,0,11,16,0,5,1,1,0.34,0.3333,0.29,0.1343,19,190
3901,5770,196,2011-09-02,3,0,9,20,0,5,1,1,0.64,0.6061,0.73,0.0,38,158
3902,683,156,2011-01-31,1,0,1,18,0,1,1,2,0.16,0.1515,0.55,0.2239,3,153
3903,2167,4,2011-04-05,2,0,4,3,0,2,1,2,0.54,0.5152,0.73,0.3284,1,3
3904,14831,37,2012-09-15,3,1,9,3,0,6,0,1,0.6,0.5909,0.73,0.2537,6,31
3905,15247,99,2012-10-02,4,1,10,11,0,2,1,3,0.58,0.5455,0.94,0.1343,7,92
3906,16366,257,2012-11-19,4,1,11,15,0,1,1,1,0.44,0.4394,0.54,0.194,44,213
3907,12594,238,2012-06-13,2,1,6,22,0,3,1,1,0.62,0.6212,0.5,0.2985,29,209
3908,16915,238,2012-12-12,4,1,12,13,0,3,1,2,0.34,0.3636,0.42,0.0,18,220
3909,2481,54,2011-04-18,2,0,4,6,0,1,1,1,0.4,0.4091,0.82,0.0,3,51
3910,10679,28,2012-03-26,2,1,3,1,0,1,1,1,0.48,0.4697,0.82,0.2537,18,10
3911,3974,377,2011-06-19,2,0,6,11,0,0,0,2,0.72,0.6667,0.58,0.0896,141,236
3912,12085,285,2012-05-23,2,1,5,17,0,3,1,3,0.64,0.6061,0.69,0.1045,45,240
3913,4371,37,2011-07-06,3,0,7,0,0,3,1,1,0.72,0.697,0.74,0.194,11,26
3914,13800,12,2012-08-03,3,1,8,4,0,5,1,1,0.66,0.6061,0.83,0.2537,1,11
3915,7824,313,2011-11-27,4,0,11,14,0,0,0,1,0.62,0.6212,0.43,0.4627,113,200
3916,9622,151,2012-02-10,1,1,2,20,0,5,1,2,0.32,0.3485,0.57,0.0,7,144
3917,16015,53,2012-11-04,4,1,11,23,0,0,0,2,0.3,0.303,0.56,0.1642,12,41
3918,6252,31,2011-09-23,4,0,9,1,0,5,1,2,0.6,0.5,1.0,0.0,2,29
3919,12065,261,2012-05-22,2,1,5,21,0,2,1,1,0.62,0.5909,0.78,0.1343,28,233
3920,4560,250,2011-07-13,3,0,7,21,0,3,1,1,0.7,0.6667,0.79,0.1045,56,194
3921,1957,14,2011-03-27,2,0,3,8,0,0,0,1,0.2,0.197,0.69,0.2239,6,8
3922,10453,107,2012-03-16,1,1,3,15,0,5,1,3,0.46,0.4545,0.82,0.1045,19,88
3923,9585,267,2012-02-09,1,1,2,7,0,4,1,1,0.2,0.197,0.69,0.2537,4,263
3924,5425,135,2011-08-18,3,0,8,22,0,4,1,2,0.7,0.6667,0.74,0.1045,18,117
3925,5048,24,2011-08-03,3,0,8,5,0,3,1,2,0.76,0.697,0.55,0.0896,2,22
3926,1205,36,2011-02-23,1,0,2,6,0,3,1,1,0.12,0.1515,0.5,0.1045,0,36
3927,12079,197,2012-05-23,2,1,5,11,0,3,1,1,0.64,0.6061,0.73,0.0,46,151
3928,426,161,2011-01-19,1,0,1,18,0,3,1,1,0.34,0.3182,0.61,0.2836,5,156
3929,15985,410,2012-11-03,4,1,11,17,0,6,0,2,0.36,0.3333,0.46,0.2985,112,298
3930,16359,663,2012-11-19,4,1,11,8,0,1,1,2,0.36,0.3333,0.66,0.2985,13,650
3931,3154,272,2011-05-16,2,0,5,7,0,1,1,1,0.52,0.5,0.83,0.2836,27,245
3932,5947,52,2011-09-10,3,0,9,7,0,6,0,1,0.6,0.5455,0.88,0.1343,9,43
3933,7835,13,2011-11-28,4,0,11,1,0,1,1,1,0.46,0.4545,0.77,0.2985,1,12
3934,14809,41,2012-09-14,3,1,9,5,0,5,1,1,0.54,0.5152,0.83,0.0,1,40
3935,9068,346,2012-01-18,1,1,1,17,0,3,1,1,0.26,0.2121,0.33,0.4478,8,338
3936,7104,185,2011-10-28,4,0,10,14,0,5,1,2,0.36,0.3485,0.46,0.194,33,152
3937,9842,41,2012-02-20,1,1,2,0,1,1,0,2,0.24,0.2576,0.87,0.0896,5,36
3938,6339,313,2011-09-26,4,0,9,16,0,1,1,1,0.7,0.6515,0.65,0.1642,74,239
3939,6104,163,2011-09-16,3,0,9,21,0,5,1,2,0.5,0.4848,0.63,0.0,39,124
3940,6914,234,2011-10-20,4,0,10,16,0,4,1,2,0.48,0.4697,0.51,0.4478,31,203
3941,17098,6,2012-12-20,4,1,12,4,0,4,1,2,0.3,0.3182,0.7,0.0896,0,6
3942,12227,256,2012-05-29,2,1,5,15,0,2,1,1,0.82,0.7727,0.49,0.3881,71,185
3943,10401,220,2012-03-14,1,1,3,11,0,3,1,2,0.62,0.6212,0.41,0.1642,65,155
3944,15047,5,2012-09-24,4,1,9,3,0,1,1,1,0.46,0.4545,0.63,0.1642,0,5
3945,6792,394,2011-10-15,4,0,10,13,0,6,0,1,0.6,0.6212,0.35,0.4627,171,223
3946,14701,671,2012-09-09,3,1,9,17,0,0,0,1,0.7,0.6364,0.37,0.2537,213,458
3947,15518,473,2012-10-13,4,1,10,18,0,6,0,1,0.46,0.4545,0.44,0.1343,174,299
3948,928,24,2011-02-11,1,0,2,6,0,5,1,1,0.1,0.1818,0.68,0.0,1,23
3949,2365,46,2011-04-13,2,0,4,10,0,3,1,2,0.4,0.4091,0.87,0.194,4,42
3950,12116,73,2012-05-25,2,1,5,0,0,5,1,1,0.62,0.5758,0.83,0.1343,10,63
3951,6668,219,2011-10-10,4,0,10,9,1,1,0,1,0.54,0.5152,0.77,0.0,58,161
3952,8833,126,2012-01-08,1,1,1,20,0,0,0,1,0.3,0.303,0.52,0.1642,7,119
3953,15664,229,2012-10-19,4,1,10,20,0,5,1,1,0.52,0.5,0.77,0.194,13,216
3954,9007,3,2012-01-16,1,1,1,3,1,1,0,1,0.12,0.197,0.5,0.0,0,3
3955,1876,44,2011-03-23,2,0,3,22,0,3,1,2,0.32,0.3182,0.93,0.1642,6,38
3956,10706,3,2012-03-27,2,1,3,4,0,2,1,1,0.24,0.2121,0.32,0.3582,0,3
3957,9921,242,2012-02-23,1,1,2,9,0,4,1,1,0.36,0.3333,0.81,0.2537,14,228
3958,15724,728,2012-10-22,4,1,10,8,0,1,1,1,0.44,0.4394,0.67,0.0,32,696
3959,5917,8,2011-09-09,3,0,9,1,0,5,1,2,0.62,0.5152,1.0,0.1642,0,8
3960,4595,564,2011-07-15,3,0,7,8,0,5,1,1,0.64,0.6061,0.65,0.2537,50,514
3961,2729,142,2011-04-28,2,0,4,14,0,4,1,1,0.62,0.5758,0.83,0.2985,21,121
3962,8677,53,2012-01-02,1,1,1,8,1,1,0,1,0.24,0.2273,0.35,0.2537,2,51
3963,14584,385,2012-09-04,3,1,9,20,0,2,1,1,0.74,0.697,0.7,0.2537,47,338
3964,5498,68,2011-08-21,3,0,8,23,0,0,0,1,0.7,0.6667,0.74,0.1642,20,48
3965,4694,127,2011-07-19,3,0,7,11,0,2,1,1,0.82,0.803,0.59,0.0,29,98
3966,16832,78,2012-12-09,4,1,12,2,0,0,0,2,0.4,0.4091,0.87,0.1045,8,70
3967,2998,384,2011-05-09,2,0,5,19,0,1,1,1,0.58,0.5455,0.43,0.194,45,339
3968,13480,251,2012-07-20,3,1,7,20,0,5,1,3,0.64,0.5758,0.83,0.3881,35,216
3969,11539,60,2012-04-30,2,1,4,23,0,1,1,2,0.52,0.5,0.55,0.2239,10,50
3970,12680,615,2012-06-17,2,1,6,12,0,0,0,1,0.62,0.6212,0.57,0.0,260,355
3971,3038,141,2011-05-11,2,0,5,11,0,3,1,1,0.56,0.5303,0.64,0.0896,18,123
3972,7734,68,2011-11-23,4,0,11,20,0,3,1,1,0.36,0.3333,0.62,0.3881,1,67
3973,12714,164,2012-06-18,2,1,6,22,0,1,1,2,0.62,0.5909,0.73,0.1642,21,143
3974,16572,39,2012-11-28,4,1,11,5,0,3,1,2,0.26,0.2727,0.7,0.1343,0,39
3975,16590,78,2012-11-28,4,1,11,23,0,3,1,1,0.26,0.2727,0.48,0.1343,5,73
3976,11333,79,2012-04-22,2,1,4,9,0,0,0,3,0.4,0.4091,0.82,0.2537,8,71
3977,4383,152,2011-07-06,3,0,7,12,0,3,1,2,0.74,0.697,0.66,0.0896,38,114
3978,6375,4,2011-09-28,4,0,9,4,0,3,1,1,0.6,0.5455,0.88,0.0,1,3
3979,9411,31,2012-02-02,1,1,2,0,0,4,1,1,0.46,0.4545,0.59,0.1343,7,24
3980,8464,10,2011-12-24,1,0,12,7,0,6,0,1,0.3,0.2727,0.7,0.3582,0,10
3981,4591,10,2011-07-15,3,0,7,4,0,5,1,1,0.6,0.5909,0.73,0.1642,2,8
3982,1432,44,2011-03-04,1,0,3,22,0,5,1,1,0.3,0.2879,0.7,0.194,4,40
3983,7859,5,2011-11-29,4,0,11,2,0,2,1,2,0.5,0.4848,0.88,0.0,0,5
3984,11802,234,2012-05-11,2,1,5,22,0,5,1,1,0.56,0.5303,0.35,0.2239,44,190
3985,10594,272,2012-03-22,2,1,3,12,0,4,1,2,0.54,0.5152,0.88,0.194,48,224
3986,2216,1,2011-04-07,2,0,4,4,0,4,1,1,0.34,0.3333,0.76,0.194,0,1
3987,14849,296,2012-09-15,3,1,9,21,0,6,0,1,0.56,0.5303,0.52,0.1045,86,210
3988,16857,4,2012-12-10,4,1,12,3,0,1,1,2,0.38,0.3939,0.94,0.1045,0,4
3989,3207,54,2011-05-18,2,0,5,12,0,3,1,1,0.56,0.5303,0.94,0.2985,12,42
3990,13968,7,2012-08-10,3,1,8,4,0,5,1,3,0.7,0.6667,0.84,0.2836,0,7
3991,653,97,2011-01-30,1,0,1,12,0,0,0,1,0.3,0.3182,0.52,0.1045,10,87
3992,5613,410,2011-08-26,3,0,8,18,0,5,1,2,0.74,0.7121,0.74,0.1343,40,370
3993,436,1,2011-01-20,1,0,1,4,0,4,1,1,0.26,0.2576,0.56,0.1642,0,1
3994,10709,286,2012-03-27,2,1,3,7,0,2,1,1,0.22,0.2273,0.37,0.194,9,277
3995,9875,86,2012-02-21,1,1,2,11,0,2,1,2,0.26,0.2424,0.7,0.2836,5,81
3996,5744,531,2011-09-01,3,0,9,18,0,4,1,1,0.72,0.6667,0.54,0.2239,69,462
3997,8613,292,2011-12-30,1,0,12,15,0,5,1,1,0.42,0.4242,0.44,0.0,56,236
3998,14491,174,2012-08-31,3,1,8,23,0,5,1,1,0.74,0.6818,0.62,0.1045,32,142
3999,1442,45,2011-03-05,1,0,3,8,0,6,0,2,0.3,0.2727,1.0,0.2985,11,34
4000,191,1,2011-01-09,1,0,1,5,0,0,0,1,0.08,0.0909,0.53,0.194,0,1
4001,16669,31,2012-12-02,4,1,12,7,0,0,0,2,0.24,0.2424,0.93,0.1343,5,26
4002,10075,97,2012-02-29,1,1,2,20,0,3,1,3,0.42,0.4242,0.88,0.1642,2,95
4003,1921,135,2011-03-25,2,0,3,19,0,5,1,2,0.3,0.2879,0.36,0.2836,9,126
4004,3692,539,2011-06-07,2,0,6,17,0,2,1,1,0.8,0.7273,0.43,0.2537,64,475
4005,1406,70,2011-03-03,1,0,3,20,0,4,1,1,0.2,0.2273,0.4,0.0896,1,69
4006,7278,186,2011-11-04,4,0,11,20,0,5,1,1,0.36,0.3333,0.43,0.2836,15,171
4007,15933,248,2012-11-01,4,1,11,13,0,4,1,2,0.4,0.4091,0.58,0.1642,49,199
4008,4228,32,2011-06-30,3,0,6,1,0,4,1,1,0.64,0.6212,0.53,0.1343,13,19
4009,13940,67,2012-08-09,3,1,8,0,0,4,1,1,0.72,0.697,0.74,0.194,16,51
4010,16149,627,2012-11-10,4,1,11,14,0,6,0,1,0.54,0.5152,0.37,0.0,280,347
4011,15981,449,2012-11-03,4,1,11,13,0,6,0,2,0.36,0.3333,0.46,0.3582,110,339
4012,4325,63,2011-07-04,3,0,7,2,1,1,0,1,0.64,0.5758,0.83,0.0,33,30
4013,3205,106,2011-05-18,2,0,5,10,0,3,1,3,0.54,0.5152,0.88,0.2836,33,73
4014,12256,431,2012-05-30,2,1,5,20,0,3,1,2,0.54,0.5152,0.6,0.1343,57,374
4015,12368,282,2012-06-04,2,1,6,12,0,1,1,1,0.64,0.6212,0.41,0.4478,62,220
4016,3453,385,2011-05-28,2,0,5,18,0,6,0,1,0.72,0.6818,0.62,0.2537,173,212
4017,15155,392,2012-09-28,4,1,9,15,0,5,1,2,0.68,0.6364,0.54,0.2836,104,288
4018,1860,44,2011-03-23,2,0,3,6,0,3,1,2,0.34,0.3182,0.87,0.2537,1,43
4019,14640,8,2012-09-07,3,1,9,4,0,5,1,1,0.62,0.5606,0.88,0.0,1,7
4020,14245,878,2012-08-21,3,1,8,17,0,2,1,1,0.74,0.6667,0.51,0.2836,92,786
4021,16034,542,2012-11-05,4,1,11,18,0,1,1,1,0.34,0.3182,0.46,0.2239,19,523
4022,1530,2,2011-03-09,1,0,3,2,0,3,1,1,0.26,0.2727,0.52,0.1343,1,1
4023,9160,199,2012-01-22,1,1,1,13,0,0,0,2,0.16,0.1818,0.8,0.1343,24,175
4024,10147,149,2012-03-03,1,1,3,20,0,6,0,1,0.44,0.4394,0.3,0.1343,28,121
4025,15014,598,2012-09-22,3,1,9,18,0,6,0,1,0.72,0.6667,0.54,0.2836,171,427
4026,2690,78,2011-04-26,2,0,4,23,0,2,1,2,0.6,0.5606,0.83,0.2239,7,71
4027,1554,1,2011-03-10,1,0,3,2,0,4,1,3,0.34,0.3182,0.0,0.2537,0,1
4028,13364,43,2012-07-16,3,1,7,0,0,1,1,3,0.72,0.697,0.79,0.1045,11,32
4029,14087,11,2012-08-15,3,1,8,3,0,3,1,1,0.66,0.6212,0.74,0.1045,1,10
4030,1527,41,2011-03-08,1,0,3,23,0,2,1,1,0.28,0.2727,0.61,0.194,3,38
4031,9606,2,2012-02-10,1,1,2,4,0,5,1,1,0.26,0.2879,0.56,0.0896,0,2
4032,5395,300,2011-08-17,3,0,8,16,0,3,1,1,0.82,0.7424,0.43,0.2239,62,238
4033,3235,302,2011-05-19,2,0,5,16,0,4,1,1,0.58,0.5455,0.64,0.194,55,247
4034,4822,240,2011-07-24,3,0,7,19,0,0,0,1,0.86,0.803,0.47,0.1642,70,170
4035,5333,3,2011-08-15,3,0,8,2,0,1,1,2,0.6,0.5606,0.83,0.0,0,3
4036,5661,284,2011-08-29,3,0,8,7,0,1,1,1,0.6,0.6061,0.6,0.2239,11,273
4037,2502,3,2011-04-19,2,0,4,3,0,2,1,1,0.48,0.4697,0.63,0.2239,0,3
4038,1023,105,2011-02-15,1,0,2,7,0,2,1,1,0.2,0.1818,0.32,0.3582,2,103
4039,16104,592,2012-11-08,4,1,11,17,0,4,1,1,0.4,0.4091,0.2,0.2985,36,556
4040,5175,182,2011-08-08,3,0,8,12,0,1,1,1,0.82,0.7576,0.46,0.2537,48,134
4041,535,40,2011-01-24,1,0,1,10,0,1,1,1,0.1,0.1364,0.42,0.0,6,34
4042,5387,487,2011-08-17,3,0,8,8,0,3,1,1,0.7,0.6515,0.54,0.1642,35,452
4043,8880,200,2012-01-10,1,1,1,20,0,2,1,1,0.34,0.3485,0.53,0.1045,10,190
4044,9815,114,2012-02-18,1,1,2,21,0,6,0,1,0.44,0.4394,0.33,0.2985,25,89
4045,4737,117,2011-07-21,3,0,7,6,0,4,1,2,0.72,0.7121,0.84,0.1045,6,111
4046,16146,466,2012-11-10,4,1,11,11,0,6,0,1,0.4,0.4091,0.58,0.1045,143,323
4047,14910,160,2012-09-18,3,1,9,10,0,2,1,3,0.68,0.6364,0.79,0.6418,30,130
4048,7815,5,2011-11-27,4,0,11,5,0,0,0,1,0.36,0.3485,0.87,0.194,0,5
4049,11387,236,2012-04-24,2,1,4,15,0,2,1,1,0.5,0.4848,0.23,0.4179,60,176
4050,3584,28,2011-06-03,2,0,6,5,0,5,1,1,0.52,0.5,0.48,0.3582,4,24
4051,16752,609,2012-12-05,4,1,12,18,0,3,1,1,0.42,0.4242,0.35,0.4478,29,580
4052,4081,162,2011-06-23,3,0,6,22,0,4,1,2,0.7,0.6667,0.74,0.2239,23,139
4053,6370,93,2011-09-27,4,0,9,23,0,2,1,1,0.6,0.5455,0.88,0.0896,11,82
4054,6016,20,2011-09-13,3,0,9,5,0,2,1,1,0.56,0.5303,0.88,0.0,1,19
4055,14591,4,2012-09-05,3,1,9,3,0,3,1,1,0.7,0.6667,0.79,0.2836,0,4
4056,2747,421,2011-04-29,2,0,4,8,0,5,1,1,0.54,0.5152,0.39,0.2985,35,386
4057,11777,230,2012-05-10,2,1,5,21,0,4,1,1,0.5,0.4848,0.42,0.194,19,211
4058,11933,346,2012-05-17,2,1,5,9,0,4,1,1,0.54,0.5152,0.52,0.4179,57,289
4059,3438,15,2011-05-28,2,0,5,3,0,6,0,1,0.56,0.5303,0.88,0.2239,2,13
4060,17051,36,2012-12-18,4,1,12,5,0,2,1,1,0.38,0.3939,0.87,0.0896,0,36
4061,6846,333,2011-10-17,4,0,10,19,0,1,1,1,0.54,0.5152,0.68,0.1045,45,288
4062,13105,29,2012-07-05,3,1,7,5,0,4,1,1,0.72,0.6818,0.62,0.0,1,28
4063,16679,303,2012-12-02,4,1,12,17,0,0,0,3,0.4,0.4091,0.76,0.194,59,244
4064,1534,49,2011-03-09,1,0,3,6,0,3,1,2,0.24,0.2576,0.85,0.1045,5,44
4065,3587,502,2011-06-03,2,0,6,8,0,5,1,2,0.56,0.5303,0.43,0.3284,31,471
4066,4341,418,2011-07-04,3,0,7,18,1,1,0,1,0.8,0.7273,0.46,0.1343,222,196
4067,9322,12,2012-01-29,1,1,1,7,0,0,0,1,0.2,0.2121,0.37,0.1343,0,12
4068,6687,5,2011-10-11,4,0,10,4,0,2,1,2,0.52,0.5,0.88,0.1343,0,5
4069,16215,211,2012-11-13,4,1,11,8,0,2,1,3,0.32,0.303,0.87,0.2537,4,207
4070,1936,125,2011-03-26,2,0,3,10,0,6,0,1,0.26,0.2576,0.41,0.1642,32,93
4071,7690,14,2011-11-22,4,0,11,0,0,2,1,3,0.38,0.3939,0.94,0.1045,0,14
4072,13259,276,2012-07-11,3,1,7,15,0,3,1,1,0.8,0.7121,0.41,0.2537,56,220
4073,8744,4,2012-01-05,1,1,1,3,0,4,1,1,0.2,0.2576,0.61,0.0,0,4
4074,6249,187,2011-09-22,3,0,9,22,0,4,1,2,0.62,0.5152,1.0,0.0896,21,166
4075,796,55,2011-02-05,1,0,2,14,0,6,0,3,0.22,0.2727,1.0,0.0,5,50
4076,6107,108,2011-09-17,3,0,9,0,0,6,0,1,0.46,0.4545,0.72,0.1642,28,80
4077,15606,228,2012-10-17,4,1,10,10,0,3,1,2,0.46,0.4545,0.67,0.0,60,168
4078,9530,23,2012-02-07,1,1,2,0,0,2,1,1,0.3,0.2879,0.7,0.194,1,22
4079,7247,169,2011-11-03,4,0,11,13,0,4,1,2,0.52,0.5,0.48,0.2537,19,150
4080,5906,120,2011-09-08,3,0,9,14,0,4,1,2,0.7,0.6667,0.79,0.3582,15,105
4081,4392,241,2011-07-06,3,0,7,21,0,3,1,1,0.7,0.6667,0.79,0.194,66,175
4082,10122,174,2012-03-02,1,1,3,19,0,5,1,3,0.36,0.3485,0.87,0.194,12,162
4083,2905,165,2011-05-05,2,0,5,22,0,4,1,1,0.48,0.4697,0.39,0.194,30,135
4084,5034,168,2011-08-02,3,0,8,15,0,2,1,1,0.9,0.7727,0.25,0.2836,48,120
4085,4056,247,2011-06-22,3,0,6,21,0,3,1,1,0.74,0.7121,0.79,0.1642,31,216
4086,2086,241,2011-04-01,2,0,4,18,0,5,1,1,0.34,0.303,0.46,0.3284,36,205
4087,3847,3,2011-06-14,2,0,6,4,0,2,1,1,0.54,0.5152,0.6,0.2537,0,3
4088,13961,336,2012-08-09,3,1,8,21,0,4,1,2,0.7,0.6515,0.58,0.1642,50,286
4089,5429,8,2011-08-19,3,0,8,2,0,5,1,3,0.64,0.5758,0.83,0.0,0,8
4090,12403,113,2012-06-05,2,1,6,23,0,2,1,1,0.54,0.5152,0.56,0.0896,20,93
4091,14924,26,2012-09-19,3,1,9,0,0,3,1,2,0.56,0.5303,0.68,0.2836,3,23
4092,11488,102,2012-04-28,2,1,4,20,0,6,0,2,0.38,0.3939,0.66,0.0,21,81
4093,17115,26,2012-12-20,4,1,12,21,0,4,1,3,0.34,0.3333,0.76,0.1642,1,25
4094,2098,12,2011-04-02,2,0,4,6,0,6,0,1,0.26,0.2727,0.7,0.1045,5,7
4095,14132,88,2012-08-17,3,1,8,0,0,5,1,1,0.68,0.2424,0.57,0.1642,21,67
4096,1498,233,2011-03-07,1,0,3,18,0,1,1,1,0.32,0.303,0.31,0.2239,19,214
4097,717,3,2011-02-02,1,0,2,5,0,3,1,3,0.22,0.2424,0.93,0.1045,0,3
4098,2990,125,2011-05-09,2,0,5,11,0,1,1,1,0.6,0.6212,0.46,0.2239,26,99
4099,1378,139,2011-03-02,1,0,3,16,0,3,1,1,0.54,0.5152,0.19,0.3284,27,112
4100,15365,86,2012-10-07,4,1,10,9,0,0,0,3,0.4,0.4091,0.71,0.1343,16,70
4101,4965,299,2011-07-30,3,0,7,18,0,6,0,1,0.88,0.7576,0.28,0.194,92,207
4102,16872,564,2012-12-10,4,1,12,18,0,1,1,2,0.46,0.4545,0.88,0.2836,20,544
4103,8658,201,2012-01-01,1,1,1,12,0,0,0,1,0.4,0.4091,0.62,0.2836,58,143
4104,5880,10,2011-09-07,3,0,9,11,0,3,1,3,0.6,0.5152,0.94,0.0,1,9
4105,16864,133,2012-12-10,4,1,12,10,0,1,1,2,0.44,0.4394,0.94,0.2239,12,121
4106,2219,160,2011-04-07,2,0,4,7,0,4,1,2,0.34,0.3333,0.76,0.1642,8,152
4107,9167,74,2012-01-22,1,1,1,20,0,0,0,3,0.16,0.1667,0.86,0.1642,5,69
4108,6158,5,2011-09-19,3,0,9,3,0,1,1,2,0.5,0.4848,0.77,0.1343,1,4
4109,7975,114,2011-12-03,4,0,12,22,0,6,0,2,0.32,0.3333,0.61,0.0896,17,97
4110,10414,60,2012-03-15,1,1,3,0,0,4,1,1,0.54,0.5152,0.49,0.1343,14,46
4111,2906,115,2011-05-05,2,0,5,23,0,4,1,1,0.46,0.4545,0.41,0.194,16,99
4112,16038,115,2012-11-05,4,1,11,22,0,1,1,1,0.28,0.2727,0.56,0.194,4,111
4113,8999,110,2012-01-15,1,1,1,19,0,0,0,1,0.16,0.1667,0.37,0.1642,9,101
4114,1144,104,2011-02-20,1,0,2,10,0,0,0,2,0.26,0.2576,0.41,0.194,34,70
4115,15612,466,2012-10-17,4,1,10,16,0,3,1,1,0.56,0.5303,0.52,0.194,70,396
4116,7397,304,2011-11-09,4,0,11,19,0,3,1,1,0.44,0.4394,0.72,0.1045,12,292
4117,7242,402,2011-11-03,4,0,11,8,0,4,1,2,0.34,0.3485,0.81,0.0896,8,394
4118,3876,207,2011-06-15,2,0,6,9,0,3,1,1,0.6,0.6212,0.49,0.0,22,185
4119,5098,270,2011-08-05,3,0,8,7,0,5,1,1,0.66,0.6061,0.78,0.1343,23,247
4120,6683,30,2011-10-11,4,0,10,0,0,2,1,2,0.54,0.5152,0.88,0.0,14,16
4121,14726,968,2012-09-10,3,1,9,18,0,1,1,1,0.62,0.6212,0.35,0.2985,111,857
4122,10858,281,2012-04-02,2,1,4,13,0,1,1,1,0.46,0.4545,0.36,0.2985,97,184
4123,5358,6,2011-08-16,3,0,8,3,0,2,1,1,0.62,0.5909,0.73,0.2239,1,5
4124,2378,62,2011-04-13,2,0,4,23,0,3,1,1,0.4,0.4091,0.71,0.1343,5,57
4125,10625,686,2012-03-23,2,1,3,19,0,5,1,1,0.66,0.6212,0.5,0.194,213,473
4126,13649,260,2012-07-27,3,1,7,21,0,5,1,1,0.78,0.7424,0.59,0.1045,71,189
4127,9051,17,2012-01-18,1,1,1,0,0,3,1,2,0.46,0.4545,0.77,0.3284,3,14
4128,7723,167,2011-11-23,4,0,11,9,0,3,1,2,0.52,0.5,0.94,0.194,3,164
4129,6113,22,2011-09-17,3,0,9,6,0,6,0,2,0.46,0.4545,0.72,0.2239,5,17
4130,16216,110,2012-11-13,4,1,11,9,0,2,1,3,0.32,0.303,0.81,0.3284,1,109
4131,8622,44,2011-12-31,1,0,12,0,0,6,0,2,0.38,0.3939,0.62,0.3284,7,37
4132,11953,34,2012-05-18,2,1,5,5,0,5,1,1,0.46,0.4545,0.77,0.1045,1,33
4133,1271,12,2011-02-26,1,0,2,2,0,6,0,1,0.22,0.197,0.6,0.3582,3,9
4134,17304,97,2012-12-28,1,1,12,20,0,5,1,2,0.24,0.2576,0.65,0.1045,14,83
4135,3040,193,2011-05-11,2,0,5,13,0,3,1,1,0.62,0.6212,0.5,0.0,36,157
4136,16028,244,2012-11-05,4,1,11,12,0,1,1,1,0.36,0.3333,0.43,0.3284,38,206
4137,10893,41,2012-04-04,2,1,4,0,0,3,1,1,0.48,0.4697,0.48,0.0,18,23
4138,8949,332,2012-01-13,1,1,1,17,0,5,1,1,0.28,0.2424,0.33,0.4179,15,317
4139,8214,139,2011-12-13,4,0,12,21,0,2,1,1,0.3,0.303,0.52,0.1642,5,134
4140,15549,29,2012-10-15,4,1,10,1,0,1,1,2,0.58,0.5455,0.64,0.3881,5,24
4141,14770,278,2012-09-12,3,1,9,14,0,3,1,1,0.7,0.6364,0.37,0.1642,78,200
4142,15324,634,2012-10-05,4,1,10,16,0,5,1,1,0.72,0.6515,0.37,0.0,153,481
4143,3576,248,2011-06-02,2,0,6,21,0,4,1,1,0.66,0.6212,0.31,0.194,33,215
4144,14359,482,2012-08-26,3,1,8,11,0,0,0,1,0.74,0.697,0.66,0.3582,150,332
4145,5331,25,2011-08-15,3,0,8,0,0,1,1,3,0.6,0.5455,0.88,0.0896,7,18
4146,728,103,2011-02-02,1,0,2,16,0,3,1,1,0.36,0.3333,0.71,0.2985,8,95
4147,8072,16,2011-12-07,4,0,12,23,0,3,1,1,0.24,0.2121,0.93,0.3881,0,16
4148,3719,280,2011-06-08,2,0,6,20,0,3,1,1,0.8,0.7879,0.63,0.1343,55,225
4149,12830,481,2012-06-23,3,1,6,18,0,6,0,1,0.82,0.7121,0.26,0.2985,194,287
4150,1336,76,2011-02-28,1,0,2,22,0,1,1,3,0.34,0.303,0.93,0.4179,4,72
4151,10494,96,2012-03-18,1,1,3,8,0,0,0,2,0.42,0.4242,0.88,0.1045,25,71
4152,16910,688,2012-12-12,4,1,12,8,0,3,1,2,0.26,0.2576,0.65,0.1642,18,670
4153,13798,14,2012-08-03,3,1,8,2,0,5,1,1,0.68,0.6364,0.79,0.2239,0,14
4154,9894,90,2012-02-22,1,1,2,6,0,3,1,1,0.32,0.3182,0.76,0.1642,5,85
4155,8457,23,2011-12-24,1,0,12,0,0,6,0,2,0.32,0.3182,0.7,0.1642,3,20
4156,4959,341,2011-07-30,3,0,7,12,0,6,0,1,0.84,0.7273,0.32,0.1642,111,230
4157,13589,342,2012-07-25,3,1,7,9,0,3,1,1,0.72,0.6515,0.37,0.2985,65,277
4158,3848,26,2011-06-14,2,0,6,5,0,2,1,1,0.54,0.5152,0.56,0.3284,3,23
4159,10067,70,2012-02-29,1,1,2,12,0,3,1,3,0.32,0.303,0.93,0.3284,1,69
4160,5196,175,2011-08-09,3,0,8,9,0,2,1,2,0.78,0.7424,0.62,0.1343,34,141
4161,7113,39,2011-10-28,4,0,10,23,0,5,1,3,0.3,0.2727,0.81,0.3284,8,31
4162,13523,624,2012-07-22,3,1,7,15,0,0,0,1,0.72,0.6818,0.66,0.1045,254,370
4163,643,29,2011-01-30,1,0,1,1,0,0,0,1,0.14,0.2121,0.8,0.0,7,22
4164,7996,173,2011-12-04,4,0,12,19,0,0,0,1,0.38,0.3939,0.76,0.0,15,158
4165,268,44,2011-01-12,1,0,1,14,0,3,1,1,0.2,0.1818,0.47,0.3284,0,44
4166,15592,432,2012-10-16,4,1,10,20,0,2,1,1,0.46,0.4545,0.55,0.0,35,397
4167,7214,4,2011-11-02,4,0,11,4,0,3,1,1,0.3,0.3333,0.87,0.0,0,4
4168,12421,724,2012-06-06,2,1,6,17,0,3,1,1,0.62,0.6212,0.43,0.1343,72,652
4169,560,106,2011-01-25,1,0,1,12,0,2,1,2,0.26,0.2879,0.56,0.0896,21,85
4170,14173,635,2012-08-18,3,1,8,17,0,6,0,1,0.76,0.6667,0.37,0.2239,256,379
4171,16990,413,2012-12-15,4,1,12,16,0,6,0,1,0.4,0.4091,0.5,0.1343,85,328
4172,1196,105,2011-02-22,1,0,2,20,0,2,1,1,0.2,0.197,0.47,0.2239,3,102
4173,1443,63,2011-03-05,1,0,3,9,0,6,0,2,0.32,0.303,0.93,0.2239,15,48
4174,16962,273,2012-12-14,4,1,12,12,0,5,1,1,0.36,0.3485,0.5,0.194,29,244
4175,9039,86,2012-01-17,1,1,1,12,0,2,1,2,0.32,0.303,0.87,0.2836,3,83
4176,15644,56,2012-10-19,4,1,10,0,0,5,1,2,0.56,0.5303,0.83,0.1045,5,51
4177,4742,106,2011-07-21,3,0,7,11,0,4,1,2,0.86,0.8939,0.63,0.2985,27,79
4178,5154,326,2011-08-07,3,0,8,15,0,0,0,3,0.72,0.697,0.74,0.2985,118,208
4179,3218,59,2011-05-18,2,0,5,23,0,3,1,1,0.52,0.5,0.94,0.0896,10,49
4180,7763,14,2011-11-25,4,0,11,1,0,5,1,1,0.34,0.3636,0.76,0.0,2,12
4181,11428,362,2012-04-26,2,1,4,8,0,4,1,3,0.46,0.4545,0.82,0.194,4,358
4182,1553,2,2011-03-10,1,0,3,1,0,4,1,3,0.34,0.3182,0.0,0.2537,0,2
4183,5677,75,2011-08-29,3,0,8,23,0,1,1,1,0.6,0.6061,0.6,0.0896,19,56
4184,7376,108,2011-11-08,4,0,11,22,0,2,1,1,0.36,0.3788,0.87,0.0,13,95
4185,16953,12,2012-12-14,4,1,12,3,0,5,1,1,0.2,0.2273,0.69,0.1045,0,12
4186,8091,318,2011-12-08,4,0,12,18,0,4,1,1,0.28,0.2727,0.52,0.2239,12,306
4187,7553,137,2011-11-16,4,0,11,7,0,3,1,3,0.46,0.4545,0.94,0.0,7,130
4188,15055,238,2012-09-24,4,1,9,11,0,1,1,1,0.56,0.5303,0.37,0.194,71,167
4189,2436,29,2011-04-16,2,0,4,9,0,6,0,3,0.4,0.4091,1.0,0.2985,2,27
4190,2915,450,2011-05-06,2,0,5,8,0,5,1,1,0.42,0.4242,0.77,0.2537,35,415
4191,710,36,2011-02-01,1,0,2,22,0,2,1,2,0.22,0.2576,0.87,0.0896,2,34
4192,11064,2,2012-04-11,2,1,4,3,0,3,1,1,0.3,0.2879,0.49,0.2239,0,2
4193,12903,612,2012-06-26,3,1,6,19,0,2,1,1,0.72,0.6515,0.28,0.2239,83,529
4194,13871,5,2012-08-06,3,1,8,3,0,1,1,3,0.72,0.697,0.79,0.0896,0,5
4195,2261,20,2011-04-09,2,0,4,1,0,6,0,2,0.3,0.303,0.87,0.1343,3,17
4196,11894,733,2012-05-15,2,1,5,18,0,2,1,1,0.7,0.6515,0.61,0.0896,68,665
4197,17176,93,2012-12-23,1,1,12,10,0,0,0,1,0.22,0.2273,0.64,0.194,26,67
4198,3572,572,2011-06-02,2,0,6,17,0,4,1,1,0.76,0.6515,0.2,0.5224,88,484
4199,17345,169,2012-12-30,1,1,12,13,0,0,0,1,0.3,0.2576,0.36,0.6567,49,120
4200,12575,8,2012-06-13,2,1,6,3,0,3,1,1,0.62,0.5758,0.83,0.194,1,7
4201,785,11,2011-02-05,1,0,2,3,0,6,0,2,0.24,0.2424,0.75,0.1642,1,10
4202,9063,161,2012-01-18,1,1,1,12,0,3,1,1,0.3,0.2576,0.39,0.4925,6,155
4203,2105,137,2011-04-02,2,0,4,13,0,6,0,1,0.34,0.3333,0.81,0.1343,56,81
4204,8560,96,2011-12-28,1,0,12,10,0,3,1,1,0.34,0.3182,0.57,0.2239,12,84
4205,2723,398,2011-04-28,2,0,4,8,0,4,1,2,0.66,0.6061,0.78,0.4478,31,367
4206,12164,137,2012-05-27,2,1,5,0,0,0,0,2,0.68,0.6364,0.69,0.1642,48,89
4207,2448,14,2011-04-16,2,0,4,21,0,6,0,2,0.44,0.4394,0.94,0.0,1,13
4208,10766,388,2012-03-29,2,1,3,16,0,4,1,1,0.52,0.5,0.36,0.3284,67,321
4209,12076,719,2012-05-23,2,1,5,8,0,3,1,1,0.58,0.5455,0.83,0.0,38,681
4210,9977,159,2012-02-25,1,1,2,17,0,6,0,1,0.3,0.2727,0.33,0.3582,16,143
4211,598,2,2011-01-28,1,0,1,2,0,5,1,2,0.2,0.2121,0.75,0.1642,0,2
4212,15375,114,2012-10-07,4,1,10,19,0,0,0,2,0.4,0.4091,0.82,0.1045,17,97
4213,3074,103,2011-05-12,2,0,5,23,0,4,1,2,0.54,0.5152,0.77,0.194,16,87
4214,270,68,2011-01-12,1,0,1,16,0,3,1,1,0.22,0.197,0.44,0.3284,5,63
4215,2950,267,2011-05-07,2,0,5,19,0,6,0,1,0.56,0.5303,0.43,0.194,88,179
4216,1043,1,2011-02-16,1,0,2,4,0,3,1,1,0.2,0.197,0.51,0.194,0,1
4217,16893,270,2012-12-11,4,1,12,15,0,2,1,2,0.38,0.3939,0.5,0.2239,20,250
4218,8253,157,2011-12-15,4,0,12,12,0,4,1,2,0.46,0.4545,0.59,0.4925,17,140
4219,12943,211,2012-06-28,3,1,6,11,0,4,1,1,0.8,0.697,0.31,0.194,41,170
4220,16046,149,2012-11-06,4,1,11,6,0,2,1,1,0.22,0.2273,0.69,0.1343,6,143
4221,16402,2,2012-11-21,4,1,11,3,0,3,1,1,0.28,0.2879,0.87,0.1045,0,2
4222,2198,69,2011-04-06,2,0,4,10,0,3,1,1,0.4,0.4091,0.37,0.3881,21,48
4223,10727,8,2012-03-28,2,1,3,1,0,3,1,1,0.36,0.3333,0.46,0.2985,0,8
4224,2811,177,2011-05-02,2,0,5,0,0,1,1,1,0.46,0.4545,0.72,0.1343,68,109
4225,1156,47,2011-02-20,1,0,2,22,0,0,0,2,0.32,0.303,0.57,0.2239,4,43
4226,10315,121,2012-03-10,1,1,3,20,0,6,0,1,0.32,0.3333,0.33,0.1343,20,101
4227,12078,191,2012-05-23,2,1,5,10,0,3,1,1,0.62,0.5909,0.78,0.0896,52,139
4228,8473,99,2011-12-24,1,0,12,16,0,6,0,1,0.32,0.3182,0.42,0.194,25,74
4229,14985,421,2012-09-21,3,1,9,13,0,5,1,1,0.7,0.6515,0.54,0.1642,105,316
4230,2803,214,2011-05-01,2,0,5,16,0,0,0,2,0.5,0.4848,0.72,0.194,75,139
4231,3468,152,2011-05-29,2,0,5,9,0,0,0,2,0.62,0.5455,0.94,0.2537,74,78
4232,1592,118,2011-03-11,1,0,3,19,0,5,1,1,0.3,0.2727,0.56,0.3284,7,111
4233,11536,309,2012-04-30,2,1,4,20,0,1,1,2,0.52,0.5,0.59,0.194,28,281
4234,8374,181,2011-12-20,4,0,12,13,0,2,1,2,0.44,0.4394,0.54,0.1343,18,163
4235,15080,302,2012-09-25,4,1,9,12,0,2,1,1,0.62,0.6212,0.43,0.2836,69,233
4236,4973,67,2011-07-31,3,0,7,2,0,0,0,1,0.74,0.697,0.66,0.0896,19,48
4237,13474,229,2012-07-20,3,1,7,14,0,5,1,3,0.7,0.6667,0.84,0.1642,53,176
4238,9267,38,2012-01-27,1,1,1,0,0,5,1,2,0.4,0.4091,0.82,0.2537,6,32
4239,5003,382,2011-08-01,3,0,8,8,0,1,1,1,0.8,0.7273,0.43,0.194,35,347
4240,12783,499,2012-06-21,3,1,6,19,0,4,1,1,0.88,0.803,0.39,0.2239,84,415
4241,9839,36,2012-02-19,1,1,2,21,0,0,0,3,0.26,0.2576,0.65,0.1642,3,33
4242,14242,302,2012-08-21,3,1,8,14,0,2,1,1,0.76,0.6667,0.37,0.0896,110,192
4243,12303,45,2012-06-01,2,1,6,19,0,5,1,3,0.62,0.5606,0.88,0.3582,4,41
4244,7049,299,2011-10-26,4,0,10,7,0,3,1,1,0.42,0.4242,0.71,0.1642,15,284
4245,5176,151,2011-08-08,3,0,8,13,0,1,1,1,0.84,0.7576,0.44,0.2985,43,108
4246,1749,175,2011-03-18,1,0,3,13,0,5,1,1,0.64,0.6212,0.41,0.2836,57,118
4247,7663,105,2011-11-20,4,0,11,21,0,0,0,2,0.48,0.4697,0.77,0.0896,11,94
4248,11185,38,2012-04-16,2,1,4,5,1,1,0,1,0.54,0.5152,0.77,0.2239,4,34
4249,5264,26,2011-08-12,3,0,8,5,0,5,1,1,0.6,0.6212,0.56,0.1343,2,24
4250,4602,237,2011-07-15,3,0,7,15,0,5,1,1,0.72,0.6515,0.45,0.1642,74,163
4251,9937,18,2012-02-24,1,1,2,1,0,5,1,1,0.44,0.4394,0.62,0.194,3,15
4252,5024,21,2011-08-02,3,0,8,5,0,2,1,1,0.66,0.6212,0.74,0.1343,4,17
4253,10100,197,2012-03-01,1,1,3,21,0,4,1,1,0.42,0.4242,0.47,0.4627,7,190
4254,12572,34,2012-06-13,2,1,6,0,0,3,1,2,0.66,0.5909,0.94,0.194,7,27
4255,13955,267,2012-08-09,3,1,8,15,0,4,1,1,0.88,0.7727,0.32,0.2239,63,204
4256,11688,2,2012-05-07,2,1,5,4,0,1,1,2,0.46,0.4545,0.88,0.1343,0,2
4257,13382,794,2012-07-16,3,1,7,18,0,1,1,1,0.84,0.803,0.53,0.0,97,697
4258,1070,126,2011-02-17,1,0,2,7,0,4,1,1,0.32,0.3333,0.57,0.1045,7,119
4259,6876,16,2011-10-19,4,0,10,1,0,3,1,2,0.52,0.5,0.77,0.194,7,9
4260,16090,6,2012-11-08,4,1,11,2,0,4,1,2,0.3,0.2879,0.49,0.2239,1,5
4261,1602,2,2011-03-12,1,0,3,5,0,6,0,1,0.22,0.2273,0.69,0.194,0,2
4262,9564,108,2012-02-08,1,1,2,10,0,3,1,2,0.26,0.2576,0.7,0.2239,1,107
4263,9873,217,2012-02-21,1,1,2,9,0,2,1,1,0.2,0.2273,0.75,0.1045,6,211
4264,8040,45,2011-12-06,4,0,12,15,0,2,1,3,0.5,0.4848,1.0,0.194,2,43
4265,15484,745,2012-10-12,4,1,10,8,0,5,1,1,0.42,0.4242,0.71,0.0896,34,711
4266,10931,287,2012-04-05,2,1,4,14,0,4,1,1,0.46,0.4545,0.33,0.1642,143,144
4267,4818,238,2011-07-24,3,0,7,15,0,0,0,1,0.9,0.8485,0.42,0.2537,68,170
4268,17243,26,2012-12-26,1,1,12,7,0,3,1,3,0.2,0.1818,0.86,0.3284,0,26
4269,473,161,2011-01-21,1,0,1,17,0,5,1,1,0.14,0.1212,0.28,0.3582,10,151
4270,6970,88,2011-10-23,4,0,10,0,0,0,0,1,0.36,0.3788,0.87,0.0,24,64
4271,6078,232,2011-09-15,3,0,9,19,0,4,1,1,0.46,0.4545,0.67,0.4627,20,212
4272,7313,28,2011-11-06,4,0,11,7,0,0,0,1,0.26,0.2727,0.87,0.1045,4,24
4273,951,1,2011-02-12,1,0,2,5,0,6,0,1,0.12,0.1667,0.74,0.0896,0,1
4274,10943,11,2012-04-06,2,1,4,2,0,5,1,1,0.36,0.3333,0.5,0.3881,6,5
4275,4750,284,2011-07-21,3,0,7,19,0,4,1,1,0.86,0.9242,0.67,0.2836,51,233
4276,6731,15,2011-10-13,4,0,10,0,0,4,1,2,0.54,0.5152,0.94,0.1343,1,14
4277,7696,64,2011-11-22,4,0,11,6,0,2,1,2,0.38,0.3939,0.94,0.1045,1,63
4278,13222,16,2012-07-10,3,1,7,2,0,2,1,1,0.7,0.6667,0.74,0.1343,1,15
4279,8082,225,2011-12-08,4,0,12,9,0,4,1,1,0.24,0.2121,0.52,0.3881,7,218
4280,546,59,2011-01-24,1,0,1,21,0,1,1,1,0.14,0.1515,0.63,0.1642,6,53
4281,9627,45,2012-02-11,1,1,2,1,0,6,0,3,0.28,0.2879,0.81,0.1343,2,43
4282,10245,159,2012-03-07,1,1,3,22,0,3,1,1,0.46,0.4545,0.59,0.2985,10,149
4283,10716,184,2012-03-27,2,1,3,14,0,2,1,1,0.4,0.4091,0.24,0.1343,37,147
4284,12082,248,2012-05-23,2,1,5,14,0,3,1,1,0.68,0.6364,0.65,0.1343,67,181
4285,12482,80,2012-06-09,2,1,6,6,0,6,0,1,0.56,0.5303,0.64,0.1045,17,63
4286,11358,100,2012-04-23,2,1,4,10,0,1,1,2,0.32,0.303,0.7,0.3284,12,88
4287,10010,4,2012-02-27,1,1,2,2,0,1,1,1,0.26,0.2273,0.7,0.2985,0,4
4288,11992,315,2012-05-19,2,1,5,20,0,6,0,1,0.68,0.6364,0.41,0.0896,118,197
4289,12980,69,2012-06-30,3,1,6,0,0,6,0,3,0.64,0.5758,0.89,0.1642,4,65
4290,818,174,2011-02-06,1,0,2,12,0,0,0,1,0.34,0.3333,0.46,0.0,48,126
4291,10103,46,2012-03-02,1,1,3,0,0,5,1,1,0.34,0.3333,0.53,0.1642,1,45
4292,13398,159,2012-07-17,3,1,7,10,0,2,1,2,0.84,0.7879,0.49,0.194,37,122
4293,6875,34,2011-10-19,4,0,10,0,0,3,1,2,0.52,0.5,0.77,0.194,11,23
4294,15389,332,2012-10-08,4,1,10,9,1,1,0,2,0.38,0.3939,0.66,0.1642,59,273
4295,15523,125,2012-10-13,4,1,10,23,0,6,0,1,0.42,0.4242,0.58,0.2985,27,98
4296,16172,686,2012-11-11,4,1,11,13,0,0,0,1,0.54,0.5152,0.45,0.1045,262,424
4297,6534,345,2011-10-04,4,0,10,19,0,2,1,1,0.52,0.5,0.68,0.2239,35,310
4298,15548,48,2012-10-15,4,1,10,0,0,1,1,2,0.56,0.5303,0.73,0.2537,17,31
4299,15717,11,2012-10-22,4,1,10,1,0,1,1,1,0.4,0.4091,0.71,0.0,0,11
4300,15506,28,2012-10-13,4,1,10,6,0,6,0,1,0.3,0.2879,0.61,0.194,5,23
4301,3608,8,2011-06-04,2,0,6,5,0,6,0,1,0.5,0.4848,0.64,0.0,3,5
4302,14975,12,2012-09-21,3,1,9,3,0,5,1,1,0.5,0.4848,0.77,0.0896,1,11
4303,7392,179,2011-11-09,4,0,11,14,0,3,1,1,0.52,0.5,0.48,0.1642,26,153
4304,3102,35,2011-05-14,2,0,5,3,0,6,0,2,0.5,0.4848,0.88,0.1343,5,30
4305,4798,217,2011-07-23,3,0,7,19,0,6,0,2,0.82,0.803,0.59,0.1343,80,137
4306,4764,208,2011-07-22,3,0,7,9,0,5,1,1,0.86,0.8939,0.63,0.0896,31,177
4307,7910,24,2011-12-01,4,0,12,5,0,4,1,1,0.26,0.2424,0.56,0.2537,1,23
4308,16734,37,2012-12-05,4,1,12,0,0,3,1,1,0.5,0.4848,0.59,0.2836,6,31
4309,11551,229,2012-05-01,2,1,5,11,0,2,1,2,0.66,0.6212,0.65,0.2836,50,179
4310,14104,427,2012-08-15,3,1,8,20,0,3,1,1,0.7,0.6515,0.61,0.1343,72,355
4311,16726,435,2012-12-04,4,1,12,16,0,2,1,1,0.58,0.5455,0.49,0.2836,44,391
4312,6825,130,2011-10-16,4,0,10,22,0,0,0,1,0.56,0.5303,0.49,0.4179,42,88
4313,880,3,2011-02-09,1,0,2,2,0,3,1,1,0.08,0.0758,0.38,0.2836,1,2
4314,7341,128,2011-11-07,4,0,11,11,0,1,1,1,0.42,0.4242,0.77,0.1045,28,100
4315,5730,7,2011-09-01,3,0,9,4,0,4,1,1,0.56,0.5303,0.83,0.0896,0,7
4316,3268,72,2011-05-21,2,0,5,1,0,6,0,1,0.52,0.5,0.72,0.0,8,64
4317,13752,4,2012-08-01,3,1,8,4,0,3,1,2,0.64,0.5909,0.78,0.1343,1,3
4318,5256,206,2011-08-11,3,0,8,21,0,4,1,1,0.7,0.6515,0.48,0.0896,35,171
4319,9227,513,2012-01-25,1,1,1,8,0,3,1,1,0.24,0.2273,0.7,0.2537,18,495
4320,9982,82,2012-02-25,1,1,2,22,0,6,0,1,0.24,0.197,0.38,0.4627,4,78
4321,13744,452,2012-07-31,3,1,7,20,0,2,1,3,0.7,0.6515,0.7,0.194,55,397
4322,11807,34,2012-05-12,2,1,5,3,0,6,0,1,0.48,0.4697,0.59,0.0,14,20
4323,12579,505,2012-06-13,2,1,6,7,0,3,1,1,0.6,0.5606,0.83,0.2985,25,480
4324,10228,18,2012-03-07,1,1,3,5,0,3,1,1,0.28,0.2576,0.56,0.2985,0,18
4325,12853,532,2012-06-24,3,1,6,17,0,0,0,1,0.84,0.7273,0.32,0.2537,203,329
4326,11972,148,2012-05-19,2,1,5,0,0,6,0,1,0.52,0.5,0.48,0.1045,30,118
4327,4691,412,2011-07-19,3,0,7,8,0,2,1,2,0.76,0.7273,0.7,0.1642,31,381
4328,5480,8,2011-08-21,3,0,8,5,0,0,0,1,0.66,0.5909,0.89,0.2985,0,8
4329,1783,50,2011-03-19,1,0,3,23,0,6,0,1,0.38,0.3939,0.4,0.2985,13,37
4330,4366,368,2011-07-05,3,0,7,19,0,2,1,1,0.8,0.7727,0.59,0.1343,71,297
4331,9433,109,2012-02-02,1,1,2,22,0,4,1,1,0.32,0.2879,0.49,0.4179,3,106
4332,2229,343,2011-04-07,2,0,4,17,0,4,1,1,0.52,0.5,0.52,0.2836,63,280
4333,9985,55,2012-02-26,1,1,2,1,0,0,0,1,0.24,0.2121,0.44,0.3284,5,50
4334,7623,2,2011-11-19,4,0,11,5,0,6,0,1,0.24,0.2273,0.56,0.2537,0,2
4335,2113,77,2011-04-02,2,0,4,21,0,6,0,1,0.32,0.303,0.61,0.2537,24,53
4336,16272,563,2012-11-15,4,1,11,17,0,4,1,2,0.36,0.3485,0.57,0.2239,22,541
4337,7601,216,2011-11-18,4,0,11,7,0,5,1,1,0.22,0.2273,0.44,0.1642,5,211
4338,6276,79,2011-09-24,4,0,9,1,0,6,0,2,0.58,0.5455,0.94,0.0896,18,61
4339,5706,5,2011-08-31,3,0,8,4,0,3,1,1,0.56,0.5303,0.73,0.0,0,5
4340,8521,75,2011-12-26,1,0,12,18,1,1,0,1,0.32,0.3333,0.49,0.0896,21,54
4341,2649,66,2011-04-25,2,0,4,6,0,1,1,2,0.5,0.4848,1.0,0.0,7,59
4342,4963,302,2011-07-30,3,0,7,16,0,6,0,1,0.9,0.7879,0.27,0.2239,126,176
4343,6564,22,2011-10-06,4,0,10,1,0,4,1,1,0.48,0.4697,0.63,0.194,5,17
4344,12870,184,2012-06-25,3,1,6,10,0,1,1,1,0.76,0.697,0.55,0.1642,58,126
4345,8638,195,2011-12-31,1,0,12,16,0,6,0,1,0.44,0.4394,0.51,0.3881,52,143
4346,6126,256,2011-09-17,3,0,9,19,0,6,0,1,0.52,0.5,0.68,0.1343,70,186
4347,10805,44,2012-03-31,2,1,3,7,0,6,0,2,0.36,0.3485,0.87,0.1642,5,39
4348,547,35,2011-01-24,1,0,1,22,0,1,1,2,0.14,0.1364,0.63,0.2239,3,32
4349,9961,46,2012-02-25,1,1,2,1,0,6,0,1,0.34,0.303,0.42,0.3582,4,42
4350,12414,203,2012-06-06,2,1,6,10,0,3,1,1,0.6,0.6212,0.46,0.0896,55,148
4351,5519,268,2011-08-22,3,0,8,20,0,1,1,1,0.66,0.6212,0.34,0.194,21,247
4352,14817,408,2012-09-14,3,1,9,13,0,5,1,2,0.7,0.6515,0.54,0.194,107,301
4353,5943,37,2011-09-10,3,0,9,3,0,6,0,1,0.58,0.5455,1.0,0.1343,8,29
4354,6181,5,2011-09-20,3,0,9,2,0,2,1,2,0.54,0.5152,0.88,0.1642,1,4
4355,5946,6,2011-09-10,3,0,9,6,0,6,0,1,0.58,0.5455,0.94,0.1642,0,6
4356,10239,288,2012-03-07,1,1,3,16,0,3,1,1,0.56,0.5303,0.37,0.4179,34,254
4357,1275,7,2011-02-26,1,0,2,6,0,6,0,1,0.22,0.2727,0.6,0.0,1,6
4358,13611,495,2012-07-26,3,1,7,7,0,4,1,1,0.7,0.6667,0.74,0.2537,17,478
4359,3962,150,2011-06-18,2,0,6,23,0,6,0,2,0.72,0.6818,0.62,0.0,53,97
4360,4570,334,2011-07-14,3,0,7,7,0,4,1,1,0.62,0.6212,0.53,0.2537,23,311
4361,2467,343,2011-04-17,2,0,4,16,0,0,0,1,0.54,0.5152,0.3,0.3582,161,182
4362,602,60,2011-01-28,1,0,1,7,0,5,1,2,0.16,0.197,0.86,0.0896,2,58
4363,5006,119,2011-08-01,3,0,8,11,0,1,1,1,0.88,0.7727,0.32,0.1642,53,66
4364,11153,220,2012-04-14,2,1,4,21,0,6,0,2,0.56,0.5303,0.43,0.1343,53,167
4365,14228,59,2012-08-21,3,1,8,0,0,2,1,2,0.6,0.5606,0.83,0.0896,7,52
4366,4443,121,2011-07-09,3,0,7,0,0,6,0,2,0.66,0.6061,0.83,0.1343,31,90
4367,9970,183,2012-02-25,1,1,2,10,0,6,0,1,0.26,0.2273,0.6,0.3582,24,159
4368,7729,207,2011-11-23,4,0,11,15,0,3,1,2,0.42,0.4242,0.54,0.4478,13,194
4369,4820,249,2011-07-24,3,0,7,17,0,0,0,1,0.9,0.8333,0.39,0.1045,75,174
4370,3557,6,2011-06-02,2,0,6,2,0,4,1,1,0.7,0.6364,0.39,0.0,0,6
4371,4384,140,2011-07-06,3,0,7,13,0,3,1,2,0.74,0.697,0.7,0.1045,33,107
4372,8184,132,2011-12-12,4,0,12,15,0,1,1,2,0.32,0.3333,0.57,0.1045,8,124
4373,1161,5,2011-02-21,1,0,2,3,1,1,0,2,0.34,0.303,0.42,0.2985,2,3
4374,1798,279,2011-03-20,1,0,3,14,0,0,0,1,0.4,0.4091,0.3,0.0,145,134
4375,9661,124,2012-02-12,1,1,2,11,0,0,0,1,0.12,0.1061,0.42,0.2985,3,121
4376,12981,58,2012-06-30,3,1,6,1,0,6,0,3,0.64,0.5758,0.89,0.2239,3,55
4377,14958,190,2012-09-20,3,1,9,10,0,4,1,1,0.58,0.5455,0.53,0.0896,33,157
4378,6389,524,2011-09-28,4,0,9,18,0,3,1,3,0.66,0.6061,0.83,0.2537,65,459
4379,1239,177,2011-02-24,1,0,2,17,0,4,1,3,0.36,0.3485,0.66,0.194,9,168
4380,1148,212,2011-02-20,1,0,2,14,0,0,0,1,0.36,0.3485,0.27,0.1642,108,104
4381,4566,6,2011-07-14,3,0,7,3,0,4,1,1,0.62,0.6212,0.57,0.2985,1,5
4382,6420,23,2011-09-30,4,0,9,1,0,5,1,1,0.52,0.5,0.77,0.0896,5,18
4383,8031,86,2011-12-06,4,0,12,6,0,2,1,2,0.44,0.4394,0.94,0.2836,5,81
4384,1223,11,2011-02-24,1,0,2,0,0,4,1,1,0.22,0.2576,0.55,0.0896,0,11
4385,6377,114,2011-09-28,4,0,9,6,0,3,1,3,0.6,0.5152,0.94,0.1642,3,111
4386,1920,198,2011-03-25,2,0,3,18,0,5,1,1,0.3,0.2879,0.39,0.2537,8,190
4387,4937,148,2011-07-29,3,0,7,14,0,5,1,1,0.96,0.8636,0.3,0.2239,34,114
4388,6850,62,2011-10-17,4,0,10,23,0,1,1,2,0.48,0.4697,0.88,0.0,10,52
4389,14894,774,2012-09-17,3,1,9,18,0,1,1,2,0.62,0.5909,0.73,0.1642,66,708
4390,6874,70,2011-10-18,4,0,10,23,0,2,1,2,0.52,0.5,0.77,0.194,7,63
4391,9614,176,2012-02-10,1,1,2,12,0,5,1,2,0.3,0.303,0.42,0.1343,8,168
4392,6903,26,2011-10-20,4,0,10,5,0,4,1,1,0.48,0.4697,0.82,0.3582,2,24
4393,9508,6,2012-02-06,1,1,2,1,0,1,1,1,0.22,0.2576,0.75,0.0896,0,6
4394,10271,54,2012-03-09,1,1,3,0,0,5,1,2,0.58,0.5455,0.49,0.4627,3,51
4395,14418,216,2012-08-28,3,1,8,22,0,2,1,1,0.7,0.6515,0.54,0.0,20,196
4396,11877,19,2012-05-15,2,1,5,1,0,2,1,3,0.56,0.5303,0.88,0.1343,5,14
4397,5124,215,2011-08-06,3,0,8,9,0,6,0,1,0.74,0.697,0.7,0.2239,60,155
4398,1059,118,2011-02-16,1,0,2,20,0,3,1,1,0.38,0.3939,0.43,0.194,10,108
4399,2245,185,2011-04-08,2,0,4,9,0,5,1,2,0.36,0.3485,0.76,0.194,17,168
4400,16927,23,2012-12-13,4,1,12,1,0,4,1,2,0.28,0.2576,0.52,0.2836,4,19
4401,3916,23,2011-06-17,2,0,6,1,0,5,1,1,0.56,0.5303,0.94,0.1343,4,19
4402,6224,200,2011-09-21,3,0,9,21,0,3,1,2,0.6,0.5,1.0,0.0896,25,175
4403,7544,128,2011-11-15,4,0,11,22,0,2,1,2,0.46,0.4545,0.88,0.1045,19,109
4404,1297,2,2011-02-27,1,0,2,4,0,0,0,1,0.24,0.2424,0.87,0.1343,0,2
4405,5689,175,2011-08-30,3,0,8,11,0,2,1,1,0.72,0.6515,0.37,0.194,60,115
4406,502,33,2011-01-22,1,0,1,23,0,6,0,1,0.04,0.0758,0.57,0.1045,2,31
4407,7770,74,2011-11-25,4,0,11,8,0,5,1,1,0.26,0.2727,0.81,0.1343,6,68
4408,9447,216,2012-02-03,1,1,2,12,0,5,1,1,0.34,0.3333,0.46,0.1343,25,191
4409,13727,6,2012-07-31,3,1,7,3,0,2,1,1,0.66,0.6061,0.83,0.0896,1,5
4410,2036,36,2011-03-30,2,0,3,16,0,3,1,3,0.28,0.2727,0.87,0.2537,0,36
4411,13153,14,2012-07-07,3,1,7,5,0,6,0,1,0.74,0.7121,0.74,0.194,2,12
4412,7292,227,2011-11-05,4,0,11,10,0,6,0,1,0.32,0.303,0.53,0.2537,56,171
4413,254,29,2011-01-11,1,0,1,22,0,2,1,3,0.16,0.1818,0.93,0.1045,1,28
4414,16263,646,2012-11-15,4,1,11,8,0,4,1,2,0.3,0.2879,0.61,0.2239,21,625
4415,17280,91,2012-12-27,1,1,12,20,0,4,1,1,0.24,0.2424,0.6,0.1642,12,79
4416,13681,17,2012-07-29,3,1,7,5,0,0,0,1,0.62,0.5909,0.78,0.194,3,14
4417,16318,549,2012-11-17,4,1,11,15,0,6,0,1,0.42,0.4242,0.35,0.2985,175,374
4418,13316,191,2012-07-14,3,1,7,0,0,6,0,2,0.72,0.6667,0.48,0.0896,35,156
4419,14154,213,2012-08-17,3,1,8,22,0,5,1,3,0.66,0.2424,0.83,0.194,43,170
4420,14771,318,2012-09-12,3,1,9,15,0,3,1,1,0.72,0.6515,0.37,0.1343,75,243
4421,6820,405,2011-10-16,4,0,10,17,0,0,0,1,0.58,0.5455,0.49,0.4627,152,253
4422,6711,7,2011-10-12,4,0,10,4,0,3,1,3,0.54,0.5152,0.94,0.3881,1,6
4423,10512,8,2012-03-19,1,1,3,2,0,1,1,1,0.46,0.4545,0.88,0.1642,1,7
4424,6839,205,2011-10-17,4,0,10,12,0,1,1,1,0.56,0.5303,0.4,0.0896,39,166
4425,16966,417,2012-12-14,4,1,12,16,0,5,1,1,0.38,0.3939,0.54,0.194,45,372
4426,7390,180,2011-11-09,4,0,11,12,0,3,1,1,0.5,0.4848,0.51,0.1642,24,156
4427,529,1,2011-01-24,1,0,1,4,0,1,1,1,0.02,0.0606,0.48,0.1343,0,1
4428,10112,314,2012-03-02,1,1,3,9,0,5,1,1,0.3,0.3333,0.81,0.0,15,299
4429,10516,120,2012-03-19,1,1,3,6,0,1,1,1,0.46,0.4545,0.88,0.1343,2,118
4430,13342,115,2012-07-15,3,1,7,2,0,0,0,2,0.68,0.6364,0.89,0.1642,29,86
4431,13612,729,2012-07-26,3,1,7,8,0,4,1,2,0.7,0.6667,0.74,0.2537,49,680
4432,6582,343,2011-10-06,4,0,10,19,0,4,1,1,0.52,0.5,0.59,0.1045,38,305
4433,15148,705,2012-09-28,4,1,9,8,0,5,1,1,0.6,0.5606,0.83,0.0896,31,674
4434,7308,29,2011-11-06,4,0,11,2,0,0,0,1,0.26,0.303,0.81,0.0,6,23
4435,7570,24,2011-11-17,4,0,11,0,0,4,1,2,0.42,0.4242,0.88,0.2537,2,22
4436,12343,511,2012-06-03,2,1,6,11,0,0,0,1,0.64,0.6212,0.41,0.2537,199,312
4437,8354,378,2011-12-19,4,0,12,17,0,1,1,1,0.38,0.3939,0.46,0.194,16,362
4438,7500,17,2011-11-14,4,0,11,2,0,1,1,1,0.46,0.4545,0.63,0.3582,7,10
4439,3469,251,2011-05-29,2,0,5,10,0,0,0,2,0.66,0.6061,0.83,0.2239,130,121
4440,12317,332,2012-06-02,2,1,6,9,0,6,0,1,0.56,0.5303,0.6,0.2537,89,243
4441,5527,5,2011-08-23,3,0,8,4,0,2,1,1,0.54,0.5152,0.56,0.1642,0,5
4442,11730,147,2012-05-08,2,1,5,22,0,2,1,3,0.6,0.5758,0.78,0.2537,13,134
4443,7991,323,2011-12-04,4,0,12,14,0,0,0,1,0.42,0.4242,0.62,0.1343,77,246
4444,16031,231,2012-11-05,4,1,11,15,0,1,1,1,0.38,0.3939,0.4,0.2836,24,207
4445,9721,57,2012-02-14,1,1,2,23,0,2,1,2,0.36,0.3636,0.5,0.0896,2,55
4446,10899,126,2012-04-04,2,1,4,6,0,3,1,2,0.42,0.4242,0.58,0.0,6,120
4447,9827,93,2012-02-19,1,1,2,9,0,0,0,2,0.24,0.2273,0.56,0.2537,20,73
4448,9781,142,2012-02-17,1,1,2,11,0,5,1,1,0.36,0.3333,0.62,0.4179,9,133
4449,11854,2,2012-05-14,2,1,5,2,0,1,1,1,0.6,0.6061,0.6,0.2985,1,1
4450,12598,9,2012-06-14,2,1,6,2,0,4,1,2,0.62,0.6212,0.53,0.2537,1,8
4451,130,62,2011-01-06,1,0,1,15,0,4,1,1,0.28,0.2727,0.36,0.0,8,54
4452,11911,267,2012-05-16,2,1,5,11,0,3,1,1,0.7,0.6515,0.54,0.1343,55,212
4453,4251,68,2011-07-01,3,0,7,0,0,5,1,1,0.66,0.6212,0.5,0.0,20,48
4454,6221,408,2011-09-21,3,0,9,18,0,3,1,3,0.64,0.5758,0.83,0.1642,24,384
4455,9735,170,2012-02-15,1,1,2,13,0,3,1,1,0.4,0.4091,0.43,0.2836,11,159
4456,4749,382,2011-07-21,3,0,7,18,0,4,1,1,0.9,0.8939,0.5,0.2836,39,343
4457,10767,703,2012-03-29,2,1,3,17,0,4,1,1,0.52,0.5,0.38,0.3881,83,620
4458,6345,136,2011-09-26,4,0,9,22,0,1,1,1,0.62,0.5455,0.94,0.1343,14,122
4459,7298,335,2011-11-05,4,0,11,16,0,6,0,1,0.4,0.4091,0.4,0.2239,128,207
4460,14846,614,2012-09-15,3,1,9,18,0,6,0,2,0.64,0.6212,0.36,0.2836,232,382
4461,10554,377,2012-03-20,1,1,3,20,0,2,1,1,0.58,0.5455,0.68,0.0896,78,299
4462,404,99,2011-01-18,1,0,1,19,0,2,1,2,0.22,0.2273,0.8,0.1343,1,98
4463,5430,3,2011-08-19,3,0,8,3,0,5,1,1,0.64,0.5909,0.78,0.0,2,1
4464,7509,128,2011-11-14,4,0,11,11,0,1,1,2,0.54,0.5152,0.6,0.2836,22,106
4465,13899,502,2012-08-07,3,1,8,7,0,2,1,2,0.7,0.6667,0.74,0.1343,21,481
4466,14633,272,2012-09-06,3,1,9,21,0,4,1,1,0.64,0.5758,0.89,0.1642,32,240
4467,14036,47,2012-08-13,3,1,8,0,0,1,1,1,0.66,0.6212,0.65,0.1045,14,33
4468,8306,165,2011-12-17,4,0,12,17,0,6,0,1,0.26,0.2576,0.48,0.2239,12,153
4469,12233,71,2012-05-29,2,1,5,21,0,2,1,3,0.6,0.5455,0.88,0.4478,3,68
4470,14641,40,2012-09-07,3,1,9,5,0,5,1,1,0.62,0.5606,0.88,0.0,1,39
4471,2875,195,2011-05-04,2,0,5,16,0,3,1,1,0.5,0.4848,0.45,0.4627,22,173
4472,14599,217,2012-09-05,3,1,9,11,0,3,1,2,0.78,0.7424,0.62,0.1642,61,156
4473,17267,90,2012-12-27,1,1,12,7,0,4,1,1,0.24,0.2273,0.7,0.2239,0,90
4474,261,54,2011-01-12,1,0,1,7,0,3,1,1,0.14,0.1515,0.69,0.1343,0,54
4475,16456,112,2012-11-23,4,1,11,9,0,5,1,1,0.28,0.2879,0.75,0.1045,32,80
4476,13466,126,2012-07-20,3,1,7,6,0,5,1,2,0.66,0.5909,0.89,0.1642,3,123
4477,3757,111,2011-06-10,2,0,6,10,0,5,1,1,0.78,0.7121,0.52,0.0,23,88
4478,70,5,2011-01-04,1,0,1,0,0,2,1,1,0.16,0.1818,0.55,0.1045,0,5
4479,16192,397,2012-11-12,4,1,11,9,1,1,0,1,0.44,0.4394,0.88,0.1045,60,337
4480,3220,6,2011-05-19,2,0,5,1,0,4,1,1,0.5,0.4848,0.94,0.0,2,4
4481,5477,64,2011-08-21,3,0,8,2,0,0,0,1,0.68,0.6364,0.79,0.194,13,51
4482,4164,187,2011-06-27,3,0,6,9,0,1,1,2,0.72,0.6667,0.54,0.0,37,150
4483,12042,142,2012-05-21,2,1,5,22,0,1,1,2,0.62,0.5909,0.73,0.1642,26,116
4484,14025,543,2012-08-12,3,1,8,13,0,0,0,1,0.78,0.697,0.4,0.0,178,365
4485,2463,354,2011-04-17,2,0,4,12,0,0,0,1,0.46,0.4545,0.38,0.3881,167,187
4486,13833,527,2012-08-04,3,1,8,13,0,6,0,1,0.88,0.8182,0.42,0.2985,195,332
4487,7400,114,2011-11-09,4,0,11,22,0,3,1,1,0.4,0.4091,0.87,0.0,9,105
4488,6105,167,2011-09-16,3,0,9,22,0,5,1,1,0.48,0.4697,0.67,0.0896,32,135
4489,10528,801,2012-03-19,1,1,3,18,0,1,1,1,0.64,0.6212,0.57,0.2537,120,681
4490,9611,275,2012-02-10,1,1,2,9,0,5,1,1,0.22,0.2273,0.55,0.1642,10,265
4491,9154,13,2012-01-22,1,1,1,7,0,0,0,2,0.16,0.1515,0.74,0.2239,2,11
4492,206,38,2011-01-09,1,0,1,20,0,0,0,1,0.14,0.1212,0.46,0.2537,0,38
4493,2907,56,2011-05-06,2,0,5,0,0,5,1,1,0.44,0.4394,0.44,0.1642,13,43
4494,6117,249,2011-09-17,3,0,9,10,0,6,0,2,0.5,0.4848,0.68,0.2836,72,177
4495,2758,270,2011-04-29,2,0,4,19,0,5,1,1,0.46,0.4545,0.55,0.3284,40,230
4496,14110,15,2012-08-16,3,1,8,2,0,4,1,1,0.64,0.6061,0.69,0.194,0,15
4497,13822,84,2012-08-04,3,1,8,2,0,6,0,1,0.72,0.7121,0.84,0.1343,20,64
4498,7712,87,2011-11-22,4,0,11,22,0,2,1,2,0.5,0.4848,0.94,0.194,6,81
4499,13214,872,2012-07-09,3,1,7,18,0,1,1,1,0.76,0.6818,0.48,0.1343,82,790
4500,816,89,2011-02-06,1,0,2,10,0,0,0,1,0.3,0.2879,0.52,0.2537,15,74
4501,7048,92,2011-10-26,4,0,10,6,0,3,1,1,0.42,0.4242,0.71,0.2239,0,92
4502,9194,37,2012-01-23,1,1,1,23,0,1,1,2,0.28,0.2576,0.93,0.3284,2,35
4503,14755,109,2012-09-11,3,1,9,23,0,2,1,1,0.54,0.5152,0.68,0.1045,18,91
4504,11629,643,2012-05-04,2,1,5,17,0,5,1,1,0.7,0.6515,0.54,0.4627,96,547
4505,6646,423,2011-10-09,4,0,10,11,0,0,0,1,0.62,0.6212,0.53,0.0896,189,234
4506,5907,139,2011-09-08,3,0,9,15,0,4,1,3,0.66,0.5909,0.89,0.2985,24,115
4507,5070,3,2011-08-04,3,0,8,3,0,4,1,3,0.66,0.5909,0.94,0.0896,0,3
4508,16574,409,2012-11-28,4,1,11,7,0,3,1,2,0.26,0.2576,0.56,0.194,6,403
4509,14546,15,2012-09-03,3,1,9,6,1,1,0,1,0.66,0.5909,0.94,0.0,3,12
4510,13102,18,2012-07-05,3,1,7,2,0,4,1,1,0.74,0.6667,0.51,0.0,4,14
4511,14278,20,2012-08-23,3,1,8,2,0,4,1,1,0.62,0.5758,0.83,0.0,9,11
4512,14610,219,2012-09-05,3,1,9,22,0,3,1,1,0.72,0.697,0.79,0.0,38,181
4513,13378,212,2012-07-16,3,1,7,14,0,1,1,1,0.88,0.8182,0.42,0.1045,53,159
4514,16815,170,2012-12-08,4,1,12,9,0,6,0,2,0.38,0.3939,0.94,0.0,17,153
4515,12043,97,2012-05-21,2,1,5,23,0,1,1,1,0.62,0.5909,0.73,0.2836,18,79
4516,3606,18,2011-06-04,2,0,6,3,0,6,0,1,0.52,0.5,0.59,0.1045,8,10
4517,9438,4,2012-02-03,1,1,2,3,0,5,1,1,0.28,0.2576,0.56,0.2985,0,4
4518,7973,127,2011-12-03,4,0,12,20,0,6,0,1,0.3,0.3182,0.61,0.0896,17,110
4519,9804,205,2012-02-18,1,1,2,10,0,6,0,1,0.26,0.2727,0.81,0.1045,48,157
4520,5599,8,2011-08-26,3,0,8,4,0,5,1,1,0.62,0.5606,0.88,0.0,2,6
4521,8856,190,2012-01-09,1,1,1,19,0,1,1,3,0.2,0.2273,0.93,0.0896,3,187
4522,16086,60,2012-11-07,4,1,11,22,0,3,1,3,0.3,0.2879,0.56,0.2537,4,56
4523,5999,184,2011-09-12,3,0,9,12,0,1,1,1,0.72,0.6667,0.51,0.194,37,147
4524,4807,6,2011-07-24,3,0,7,4,0,0,0,1,0.78,0.7576,0.66,0.1045,1,5
4525,11201,271,2012-04-16,2,1,4,21,1,1,0,1,0.68,0.6364,0.51,0.2537,39,232
4526,7070,4,2011-10-27,4,0,10,4,0,4,1,3,0.48,0.4697,0.88,0.0,1,3
4527,5931,188,2011-09-09,3,0,9,15,0,5,1,1,0.74,0.697,0.66,0.0,27,161
4528,3905,153,2011-06-16,2,0,6,14,0,4,1,2,0.72,0.6667,0.54,0.3284,39,114
4529,4770,133,2011-07-22,3,0,7,15,0,5,1,1,0.94,0.9848,0.51,0.2985,32,101
4530,7664,40,2011-11-20,4,0,11,22,0,0,0,3,0.46,0.4545,0.88,0.0896,5,35
4531,1785,24,2011-03-20,1,0,3,1,0,0,0,1,0.32,0.2879,0.53,0.3582,2,22
4532,13784,286,2012-08-02,3,1,8,12,0,4,1,1,0.84,0.7576,0.44,0.1343,56,230
4533,9551,190,2012-02-07,1,1,2,21,0,2,1,1,0.34,0.3485,0.61,0.1045,20,170
4534,17300,250,2012-12-28,1,1,12,16,0,5,1,1,0.3,0.303,0.49,0.1343,42,208
4535,1792,37,2011-03-20,1,0,3,8,0,0,0,1,0.28,0.2727,0.56,0.1642,7,30
4536,7102,213,2011-10-28,4,0,10,12,0,5,1,2,0.38,0.3939,0.4,0.1642,46,167
4537,12106,252,2012-05-24,2,1,5,14,0,4,1,1,0.74,0.6818,0.55,0.2239,72,180
4538,5253,571,2011-08-11,3,0,8,18,0,4,1,1,0.78,0.6818,0.29,0.0896,74,497
4539,6548,219,2011-10-05,4,0,10,9,0,3,1,1,0.54,0.5152,0.6,0.2985,32,187
4540,15514,597,2012-10-13,4,1,10,14,0,6,0,1,0.48,0.4697,0.33,0.194,243,354
4541,6776,178,2011-10-14,4,0,10,21,0,5,1,1,0.5,0.4848,0.45,0.194,22,156
4542,4853,7,2011-07-26,3,0,7,2,0,2,1,1,0.68,0.6364,0.89,0.1045,1,6
4543,5169,95,2011-08-08,3,0,8,6,0,1,1,1,0.7,0.6515,0.65,0.2836,8,87
4544,12142,64,2012-05-26,2,1,5,2,0,6,0,1,0.64,0.5758,0.89,0.1343,9,55
4545,12269,311,2012-05-31,2,1,5,9,0,4,1,1,0.66,0.6212,0.47,0.2537,47,264
4546,2962,23,2011-05-08,2,0,5,7,0,0,0,2,0.46,0.4545,0.82,0.0,8,15
4547,6809,10,2011-10-16,4,0,10,6,0,0,0,1,0.38,0.3939,0.66,0.1642,3,7
4548,1953,14,2011-03-27,2,0,3,3,0,0,0,3,0.2,0.197,0.69,0.2239,0,14
4549,3745,153,2011-06-09,2,0,6,22,0,4,1,2,0.74,0.6818,0.58,0.1642,22,131
4550,4118,331,2011-06-25,3,0,6,11,0,6,0,1,0.74,0.6667,0.42,0.0,122,209
4551,6697,171,2011-10-11,4,0,10,14,0,2,1,3,0.6,0.5909,0.73,0.1045,54,117
4552,9843,15,2012-02-20,1,1,2,1,1,1,0,2,0.24,0.2576,0.87,0.0896,3,12
4553,16061,151,2012-11-06,4,1,11,21,0,2,1,2,0.3,0.2879,0.56,0.2537,14,137
4554,4213,126,2011-06-29,3,0,6,10,0,3,1,1,0.74,0.6667,0.42,0.2836,31,95
4555,2275,201,2011-04-09,2,0,4,15,0,6,0,2,0.36,0.3788,0.87,0.0,85,116
4556,2645,10,2011-04-25,2,0,4,2,0,1,1,1,0.54,0.5152,1.0,0.0896,1,9
4557,8103,63,2011-12-09,4,0,12,6,0,5,1,1,0.22,0.2576,0.8,0.0896,1,62
4558,379,5,2011-01-17,1,0,1,6,1,1,0,2,0.18,0.1818,0.43,0.194,0,5
4559,8667,71,2012-01-01,1,1,1,21,0,0,0,2,0.44,0.4394,0.67,0.2537,10,61
4560,4630,406,2011-07-16,3,0,7,19,0,6,0,1,0.74,0.6818,0.48,0.194,164,242
4561,8396,56,2011-12-21,1,0,12,11,0,3,1,2,0.48,0.4697,0.82,0.4179,3,53
4562,8011,87,2011-12-05,4,0,12,10,0,1,1,2,0.36,0.3636,0.87,0.0896,9,78
4563,9003,29,2012-01-15,1,1,1,23,0,0,0,1,0.16,0.197,0.43,0.0896,3,26
4564,11245,488,2012-04-18,2,1,4,17,0,3,1,2,0.42,0.4242,0.77,0.194,46,442
4565,10427,273,2012-03-15,1,1,3,13,0,4,1,2,0.66,0.6212,0.41,0.0896,62,211
4566,15812,71,2012-10-26,4,1,10,0,0,5,1,2,0.54,0.5152,0.77,0.0,6,65
4567,172,61,2011-01-08,1,0,1,10,0,6,0,2,0.18,0.197,0.8,0.1642,5,56
4568,5892,24,2011-09-07,3,0,9,23,0,3,1,3,0.62,0.5455,0.94,0.194,3,21
4569,13460,34,2012-07-20,3,1,7,0,0,5,1,3,0.66,0.5909,0.89,0.0896,2,32
4570,3011,425,2011-05-10,2,0,5,8,0,2,1,2,0.5,0.4848,0.51,0.1045,28,397
4571,2438,31,2011-04-16,2,0,4,11,0,6,0,3,0.42,0.4242,0.94,0.4478,4,27
4572,3483,103,2011-05-30,2,0,5,0,1,1,0,1,0.64,0.5606,0.94,0.194,38,65
4573,2404,15,2011-04-15,2,0,4,1,1,5,0,1,0.44,0.4394,0.62,0.0,6,9
4574,5645,469,2011-08-28,3,0,8,15,0,0,0,1,0.78,0.697,0.43,0.3582,155,314
4575,2625,13,2011-04-24,2,0,4,6,0,0,0,2,0.5,0.4848,1.0,0.0,10,3
4576,2453,29,2011-04-17,2,0,4,2,0,0,0,1,0.4,0.4091,0.62,0.194,4,25
4577,3095,152,2011-05-13,2,0,5,20,0,5,1,2,0.52,0.5,0.83,0.1343,22,130
4578,12511,499,2012-06-10,2,1,6,11,0,0,0,1,0.76,0.6818,0.45,0.0896,184,315
4579,4275,115,2011-07-02,3,0,7,0,0,6,0,1,0.68,0.6364,0.47,0.0896,31,84
4580,2230,333,2011-04-07,2,0,4,18,0,4,1,1,0.48,0.4697,0.55,0.2537,68,265
4581,8756,119,2012-01-05,1,1,1,15,0,4,1,1,0.36,0.3333,0.34,0.2836,6,113
4582,13344,19,2012-07-15,3,1,7,4,0,0,0,2,0.68,0.6364,0.89,0.1045,8,11
4583,9175,1,2012-01-23,1,1,1,4,0,1,1,2,0.2,0.2576,0.8,0.0,0,1
4584,6419,60,2011-09-30,4,0,9,0,0,5,1,1,0.52,0.5,0.83,0.1045,7,53
4585,6304,3,2011-09-25,4,0,9,5,0,0,0,1,0.6,0.5455,0.88,0.0896,1,2
4586,5789,388,2011-09-03,3,0,9,15,0,6,0,1,0.72,0.6818,0.7,0.1642,187,201
4587,11582,813,2012-05-02,2,1,5,18,0,3,1,1,0.56,0.5303,0.73,0.2239,43,770
4588,17163,53,2012-12-22,1,1,12,21,0,6,0,1,0.22,0.2121,0.51,0.2836,4,49
4589,4668,203,2011-07-18,3,0,7,9,0,1,1,1,0.74,0.697,0.67,0.2239,33,170
4590,15961,638,2012-11-02,4,1,11,17,0,5,1,1,0.38,0.3939,0.4,0.3284,57,581
4591,17162,61,2012-12-22,1,1,12,20,0,6,0,1,0.24,0.2424,0.48,0.1642,6,55
4592,3527,251,2011-05-31,2,0,5,20,0,2,1,1,0.78,0.7424,0.62,0.1045,38,213
4593,10770,335,2012-03-29,2,1,3,20,0,4,1,1,0.46,0.4545,0.38,0.2985,34,301
4594,8136,299,2011-12-10,4,0,12,15,0,6,0,1,0.34,0.303,0.34,0.3582,60,239
4595,2762,113,2011-04-29,2,0,4,23,0,5,1,2,0.44,0.4394,0.54,0.0896,25,88
4596,6023,187,2011-09-13,3,0,9,12,0,2,1,1,0.72,0.6667,0.58,0.2239,43,144
4597,916,80,2011-02-10,1,0,2,16,0,4,1,1,0.2,0.1818,0.27,0.2985,4,76
4598,2047,1,2011-03-31,2,0,3,3,0,4,1,3,0.24,0.2273,0.93,0.2239,0,1
4599,10588,136,2012-03-22,2,1,3,6,0,4,1,2,0.48,0.4697,1.0,0.0896,10,126
4600,12673,17,2012-06-17,2,1,6,5,0,0,0,1,0.54,0.5152,0.68,0.1343,4,13
4601,10013,16,2012-02-27,1,1,2,5,0,1,1,1,0.22,0.2273,0.8,0.1343,0,16
4602,10857,281,2012-04-02,2,1,4,12,0,1,1,1,0.44,0.4394,0.44,0.4478,100,181
4603,9354,138,2012-01-30,1,1,1,15,0,1,1,1,0.32,0.3182,0.24,0.194,7,131
4604,13728,6,2012-07-31,3,1,7,4,0,2,1,1,0.66,0.6061,0.83,0.0896,0,6
4605,13694,419,2012-07-29,3,1,7,18,0,0,0,1,0.8,0.7121,0.41,0.2985,117,302
4606,2218,64,2011-04-07,2,0,4,6,0,4,1,1,0.32,0.303,0.81,0.2537,5,59
4607,16316,525,2012-11-17,4,1,11,13,0,6,0,1,0.42,0.4242,0.38,0.2537,179,346
4608,12695,4,2012-06-18,2,1,6,3,0,1,1,2,0.52,0.5,0.83,0.2239,1,3
4609,6035,33,2011-09-14,3,0,9,0,0,3,1,1,0.62,0.5909,0.78,0.0896,5,28
4610,14945,349,2012-09-19,3,1,9,21,0,3,1,1,0.5,0.4848,0.59,0.1642,25,324
4611,6281,18,2011-09-24,4,0,9,6,0,6,0,2,0.56,0.5303,0.94,0.1045,6,12
4612,4099,327,2011-06-24,3,0,6,16,0,5,1,1,0.8,0.697,0.33,0.4179,80,247
4613,1400,78,2011-03-03,1,0,3,14,0,4,1,1,0.24,0.2576,0.21,0.1045,18,60
4614,1628,34,2011-03-13,1,0,3,8,0,0,0,1,0.4,0.4091,0.5,0.2985,11,23
4615,17088,569,2012-12-19,4,1,12,18,0,3,1,1,0.38,0.3939,0.5,0.3582,23,546
4616,568,119,2011-01-25,1,0,1,20,0,2,1,1,0.24,0.2273,0.65,0.194,16,103
4617,16617,4,2012-11-30,4,1,11,3,0,5,1,1,0.24,0.2879,0.75,0.0,0,4
4618,9712,124,2012-02-14,1,1,2,14,0,2,1,1,0.4,0.4091,0.4,0.2239,13,111
4619,7552,56,2011-11-16,4,0,11,6,0,3,1,2,0.46,0.4545,0.94,0.0896,4,52
4620,3722,116,2011-06-08,2,0,6,23,0,3,1,1,0.76,0.7424,0.75,0.194,18,98
4621,1574,6,2011-03-11,1,0,3,0,0,5,1,2,0.34,0.3485,1.0,0.0896,0,6
4622,15068,64,2012-09-25,4,1,9,0,0,2,1,1,0.46,0.4545,0.67,0.1642,8,56
4623,14681,181,2012-09-08,3,1,9,21,0,6,0,2,0.6,0.5606,0.83,0.1642,26,155
4624,15569,206,2012-10-15,4,1,10,21,0,1,1,1,0.52,0.5,0.59,0.3284,16,190
4625,13536,8,2012-07-23,3,1,7,4,0,1,1,2,0.66,0.5909,0.94,0.1343,0,8
4626,5938,160,2011-09-09,3,0,9,22,0,5,1,1,0.62,0.5455,0.94,0.0,33,127
4627,6148,325,2011-09-18,3,0,9,17,0,0,0,2,0.56,0.5303,0.64,0.194,95,230
4628,5612,489,2011-08-26,3,0,8,17,0,5,1,1,0.74,0.7121,0.74,0.2537,56,433
4629,14171,596,2012-08-18,3,1,8,15,0,6,0,1,0.76,0.6667,0.37,0.2239,250,346
4630,551,2,2011-01-25,1,0,1,2,0,2,1,1,0.16,0.1515,0.69,0.2239,0,2
4631,16844,232,2012-12-09,4,1,12,14,0,0,0,2,0.38,0.3939,0.87,0.194,42,190
4632,4698,158,2011-07-19,3,0,7,15,0,2,1,1,0.88,0.8182,0.44,0.194,48,110
4633,16696,136,2012-12-03,4,1,12,10,0,1,1,1,0.44,0.4394,0.77,0.1343,31,105
4634,15418,244,2012-10-09,4,1,10,14,0,2,1,2,0.54,0.5152,0.64,0.194,43,201
4635,8410,15,2011-12-22,1,0,12,1,0,4,1,1,0.44,0.4394,0.94,0.0896,0,15
4636,1508,2,2011-03-08,1,0,3,4,0,2,1,1,0.22,0.2727,0.64,0.0,0,2
4637,11147,658,2012-04-14,2,1,4,15,0,6,0,2,0.64,0.6212,0.27,0.3582,311,347
4638,13600,567,2012-07-25,3,1,7,20,0,3,1,1,0.74,0.6515,0.4,0.1642,106,461
4639,6490,25,2011-10-02,4,0,10,23,0,0,0,1,0.36,0.3636,0.81,0.0896,6,19
4640,13553,296,2012-07-23,3,1,7,21,0,1,1,1,0.76,0.7121,0.62,0.194,45,251
4641,1590,223,2011-03-11,1,0,3,17,0,5,1,1,0.34,0.3182,0.49,0.2239,23,200
4642,2934,18,2011-05-07,2,0,5,3,0,6,0,1,0.42,0.4242,0.77,0.0896,9,9
4643,6395,40,2011-09-29,4,0,9,0,0,4,1,1,0.6,0.5152,0.94,0.194,7,33
4644,15117,21,2012-09-27,4,1,9,1,0,4,1,1,0.6,0.5758,0.78,0.0896,5,16
4645,11214,217,2012-04-17,2,1,4,10,0,2,1,1,0.6,0.6212,0.38,0.4179,52,165
4646,1255,49,2011-02-25,1,0,2,10,0,5,1,3,0.42,0.4242,0.94,0.3284,7,42
4647,5334,7,2011-08-15,3,0,8,3,0,1,1,1,0.6,0.5606,0.83,0.194,1,6
4648,7953,75,2011-12-03,4,0,12,0,0,6,0,1,0.3,0.2879,0.56,0.2537,10,65
4649,7447,83,2011-11-11,4,0,11,21,1,5,0,1,0.3,0.303,0.45,0.1642,4,79
4650,88,112,2011-01-04,1,0,1,19,0,2,1,1,0.24,0.2576,0.48,0.1045,2,110
4651,350,23,2011-01-16,1,0,1,1,0,0,0,1,0.26,0.2727,0.56,0.1343,4,19
4652,14669,348,2012-09-08,3,1,9,9,0,6,0,1,0.7,0.6667,0.74,0.3881,87,261
4653,11018,32,2012-04-09,2,1,4,5,0,1,1,1,0.44,0.4394,0.24,0.194,2,30
4654,5718,309,2011-08-31,3,0,8,16,0,3,1,1,0.74,0.6667,0.42,0.1343,46,263
4655,15196,144,2012-09-30,4,1,9,8,0,0,0,1,0.48,0.4697,0.67,0.1045,18,126
4656,3551,256,2011-06-01,2,0,6,20,0,3,1,2,0.74,0.7121,0.79,0.2537,23,233
4657,9729,321,2012-02-15,1,1,2,7,0,3,1,2,0.3,0.2879,0.65,0.194,3,318
4658,8705,74,2012-01-03,1,1,1,12,0,2,1,1,0.18,0.1364,0.37,0.5224,4,70
4659,8390,28,2011-12-21,1,0,12,5,0,3,1,2,0.38,0.3939,0.82,0.1045,0,28
4660,6936,198,2011-10-21,4,0,10,14,0,5,1,1,0.52,0.5,0.42,0.2985,67,131
4661,357,18,2011-01-16,1,0,1,8,0,0,0,1,0.22,0.2121,0.55,0.2836,0,18
4662,6439,230,2011-09-30,4,0,9,20,0,5,1,1,0.54,0.5152,0.52,0.2836,28,202
4663,2315,314,2011-04-11,2,0,4,8,0,1,1,2,0.52,0.5,0.88,0.2836,28,286
4664,11195,275,2012-04-16,2,1,4,15,1,1,0,1,0.8,0.697,0.33,0.4478,81,194
4665,16736,9,2012-12-05,4,1,12,2,0,3,1,1,0.46,0.4545,0.67,0.1642,2,7
4666,2533,131,2011-04-20,2,0,4,10,0,3,1,1,0.62,0.6061,0.69,0.0896,45,86
4667,6500,153,2011-10-03,4,0,10,9,0,1,1,2,0.4,0.4091,0.66,0.0896,12,141
4668,9107,425,2012-01-20,1,1,1,8,0,5,1,1,0.22,0.2121,0.64,0.2537,4,421
4669,8217,22,2011-12-14,4,0,12,0,0,3,1,1,0.26,0.303,0.75,0.0,0,22
4670,8504,11,2011-12-26,1,0,12,0,1,1,0,1,0.22,0.2273,0.75,0.1642,5,6
4671,9497,243,2012-02-05,1,1,2,14,0,0,0,1,0.3,0.303,0.61,0.1642,40,203
4672,9060,202,2012-01-18,1,1,1,9,0,3,1,1,0.28,0.2576,0.52,0.3284,6,196
4673,1945,138,2011-03-26,2,0,3,19,0,6,0,2,0.28,0.2727,0.45,0.2537,45,93
4674,2602,19,2011-04-23,2,0,4,7,0,6,0,3,0.34,0.3333,1.0,0.1642,2,17
4675,14224,261,2012-08-20,3,1,8,20,0,1,1,2,0.62,0.5758,0.83,0.2836,30,231
4676,8156,197,2011-12-11,4,0,12,11,0,0,0,1,0.26,0.303,0.35,0.0,31,166
4677,12185,143,2012-05-27,2,1,5,21,0,0,0,3,0.66,0.6212,0.69,0.4179,64,79
4678,2925,470,2011-05-06,2,0,5,18,0,5,1,3,0.54,0.5152,0.52,0.3582,85,385
4679,8175,64,2011-12-12,4,0,12,6,0,1,1,1,0.16,0.1818,0.8,0.1045,1,63
4680,3599,293,2011-06-03,2,0,6,20,0,5,1,1,0.64,0.6212,0.29,0.1642,57,236
4681,11991,432,2012-05-19,2,1,5,19,0,6,0,1,0.7,0.6364,0.39,0.1343,203,229
4682,6259,317,2011-09-23,4,0,9,8,0,5,1,3,0.62,0.5455,0.94,0.1343,20,297
4683,6887,106,2011-10-19,4,0,10,13,0,3,1,2,0.54,0.5152,0.94,0.2836,20,86
4684,2409,47,2011-04-15,2,0,4,6,1,5,0,1,0.36,0.3636,0.81,0.0896,5,42
4685,16001,217,2012-11-04,4,1,11,9,0,0,0,1,0.32,0.3333,0.53,0.0,56,161
4686,13508,113,2012-07-22,3,1,7,0,0,0,0,2,0.6,0.5455,0.88,0.1045,17,96
4687,15346,576,2012-10-06,4,1,10,14,0,6,0,2,0.6,0.6212,0.56,0.4179,269,307
4688,16121,197,2012-11-09,4,1,11,10,0,5,1,1,0.36,0.3333,0.5,0.3284,34,163
4689,6910,199,2011-10-20,4,0,10,12,0,4,1,1,0.48,0.4697,0.48,0.5224,28,171
4690,8125,3,2011-12-10,4,0,12,4,0,6,0,2,0.26,0.2727,0.65,0.1045,0,3
4691,13527,522,2012-07-22,3,1,7,19,0,0,0,1,0.72,0.6818,0.7,0.1642,180,342
4692,14999,45,2012-09-22,3,1,9,3,0,6,0,1,0.56,0.5303,0.83,0.2836,6,39
4693,34,53,2011-01-02,1,0,1,10,0,0,0,2,0.36,0.3485,0.81,0.2239,7,46
4694,15697,10,2012-10-21,4,1,10,5,0,0,0,1,0.38,0.3939,0.66,0.0896,6,4
4695,7084,240,2011-10-27,4,0,10,18,0,4,1,2,0.48,0.4697,0.67,0.4627,14,226
4696,16751,605,2012-12-05,4,1,12,17,0,3,1,1,0.44,0.4394,0.35,0.2836,29,576
4697,2000,2,2011-03-29,2,0,3,4,0,2,1,1,0.2,0.2121,0.44,0.1642,1,1
4698,6399,7,2011-09-29,4,0,9,4,0,4,1,2,0.6,0.5455,0.88,0.194,2,5
4699,9858,253,2012-02-20,1,1,2,17,1,1,0,1,0.38,0.3939,0.27,0.2537,27,226
4700,3120,59,2011-05-14,2,0,5,21,0,6,0,3,0.54,0.5152,0.94,0.2239,15,44
4701,3098,119,2011-05-13,2,0,5,23,0,5,1,3,0.5,0.4848,0.88,0.1642,31,88
4702,13317,118,2012-07-14,3,1,7,1,0,6,0,2,0.7,0.6515,0.51,0.1045,13,105
4703,318,159,2011-01-14,1,0,1,17,0,5,1,1,0.22,0.2273,0.41,0.1642,4,155
4704,11757,11,2012-05-10,2,1,5,1,0,4,1,2,0.48,0.4697,0.88,0.1343,2,9
4705,11800,341,2012-05-11,2,1,5,20,0,5,1,1,0.62,0.6061,0.25,0.1343,64,277
4706,3096,154,2011-05-13,2,0,5,21,0,5,1,2,0.52,0.5,0.84,0.1642,24,130
4707,5635,24,2011-08-27,3,0,8,16,0,6,0,3,0.64,0.5758,0.89,0.5224,10,14
4708,5688,137,2011-08-30,3,0,8,10,0,2,1,1,0.7,0.6364,0.39,0.2239,28,109
4709,10210,130,2012-03-06,1,1,3,11,0,2,1,1,0.26,0.2576,0.41,0.1642,20,110
4710,17145,7,2012-12-22,1,1,12,3,0,6,0,1,0.26,0.2121,0.48,0.4478,0,7
4711,972,20,2011-02-13,1,0,2,2,0,0,0,2,0.2,0.2273,0.75,0.0896,1,19
4712,13622,688,2012-07-26,3,1,7,18,0,4,1,1,0.92,0.8788,0.4,0.3582,73,615
4713,6164,215,2011-09-19,3,0,9,9,0,1,1,2,0.54,0.5152,0.68,0.1642,32,183
4714,6778,95,2011-10-14,4,0,10,23,0,5,1,1,0.46,0.4545,0.59,0.1642,15,80
4715,15382,15,2012-10-08,4,1,10,2,1,1,0,1,0.34,0.3333,0.81,0.194,3,12
4716,8644,38,2011-12-31,1,0,12,22,0,6,0,1,0.38,0.3939,0.62,0.1343,2,36
4717,12757,691,2012-06-20,2,1,6,17,0,3,1,1,0.9,0.8182,0.37,0.0,80,611
4718,2521,112,2011-04-19,2,0,4,22,0,2,1,1,0.48,0.4697,0.77,0.0896,3,109
4719,16243,240,2012-11-14,4,1,11,12,0,3,1,1,0.34,0.3333,0.46,0.0,40,200
4720,663,21,2011-01-30,1,0,1,22,0,0,0,2,0.24,0.2273,0.7,0.194,2,19
4721,6198,337,2011-09-20,3,0,9,19,0,2,1,1,0.58,0.5455,0.88,0.0,43,294
4722,7300,237,2011-11-05,4,0,11,18,0,6,0,1,0.36,0.3636,0.5,0.0896,52,185
4723,6261,35,2011-09-23,4,0,9,10,0,5,1,3,0.62,0.5152,1.0,0.1045,7,28
4724,7626,92,2011-11-19,4,0,11,8,0,6,0,1,0.26,0.2424,0.56,0.2537,12,80
4725,1283,211,2011-02-26,1,0,2,14,0,6,0,2,0.34,0.303,0.36,0.3284,57,154
4726,10049,530,2012-02-28,1,1,2,17,0,2,1,1,0.42,0.4242,0.26,0.0896,33,497
4727,1430,87,2011-03-04,1,0,3,20,0,5,1,2,0.3,0.2879,0.7,0.194,9,78
4728,12264,8,2012-05-31,2,1,5,4,0,4,1,1,0.62,0.6061,0.69,0.0,0,8
4729,8768,4,2012-01-06,1,1,1,3,0,5,1,1,0.22,0.2424,0.69,0.1045,1,3
4730,13586,190,2012-07-25,3,1,7,6,0,3,1,1,0.64,0.6061,0.65,0.194,11,179
4731,5199,185,2011-08-09,3,0,8,12,0,2,1,1,0.82,0.7879,0.56,0.194,60,125
4732,5920,3,2011-09-09,3,0,9,4,0,5,1,3,0.62,0.5455,0.94,0.1642,0,3
4733,1897,138,2011-03-24,2,0,3,19,0,4,1,1,0.3,0.2727,0.56,0.3881,16,122
4734,2191,4,2011-04-06,2,0,4,3,0,3,1,1,0.26,0.2727,0.6,0.1343,0,4
4735,6951,8,2011-10-22,4,0,10,5,0,6,0,1,0.38,0.3939,0.66,0.0,1,7
4736,14067,179,2012-08-14,3,1,8,7,0,2,1,2,0.66,0.6061,0.83,0.0896,1,178
4737,6417,175,2011-09-29,4,0,9,22,0,4,1,1,0.56,0.5303,0.68,0.0,25,150
4738,9278,105,2012-01-27,1,1,1,11,0,5,1,2,0.48,0.4697,0.94,0.1343,10,95
4739,4558,419,2011-07-13,3,0,7,19,0,3,1,1,0.7,0.6667,0.79,0.1045,79,340
4740,5623,4,2011-08-27,3,0,8,4,0,6,0,2,0.7,0.6667,0.84,0.2239,1,3
4741,9097,90,2012-01-19,1,1,1,22,0,4,1,2,0.26,0.2273,0.44,0.4179,0,90
4742,13231,249,2012-07-10,3,1,7,11,0,2,1,1,0.8,0.7273,0.46,0.194,92,157
4743,6312,369,2011-09-25,4,0,9,13,0,0,0,2,0.68,0.6364,0.74,0.0,122,247
4744,7375,182,2011-11-08,4,0,11,21,0,2,1,1,0.4,0.4091,0.76,0.0,16,166
4745,5450,106,2011-08-19,3,0,8,23,0,5,1,2,0.6,0.5455,0.88,0.0896,18,88
4746,12430,12,2012-06-07,2,1,6,2,0,4,1,1,0.52,0.5,0.77,0.0896,0,12
4747,3792,220,2011-06-11,2,0,6,21,0,6,0,1,0.66,0.6212,0.74,0.2239,76,144
4748,11088,1,2012-04-12,2,1,4,4,0,4,1,1,0.3,0.2879,0.61,0.2239,0,1
4749,12919,209,2012-06-27,3,1,6,11,0,3,1,1,0.74,0.6515,0.3,0.3284,64,145
4750,13639,251,2012-07-27,3,1,7,11,0,5,1,1,0.84,0.7727,0.47,0.3284,67,184
4751,10095,361,2012-03-01,1,1,3,16,0,4,1,1,0.58,0.5455,0.32,0.2985,38,323
4752,8858,79,2012-01-09,1,1,1,21,0,1,1,2,0.2,0.2576,0.93,0.0,1,78
4753,4888,180,2011-07-27,3,0,7,13,0,3,1,1,0.84,0.7273,0.3,0.3582,29,151
4754,2050,36,2011-03-31,2,0,3,6,0,4,1,3,0.24,0.2121,0.93,0.2985,2,34
4755,15625,42,2012-10-18,4,1,10,5,0,4,1,1,0.44,0.4394,0.82,0.2239,1,41
4756,4295,284,2011-07-02,3,0,7,20,0,6,0,1,0.76,0.6818,0.45,0.2836,136,148
4757,6879,3,2011-10-19,4,0,10,5,0,3,1,3,0.5,0.4848,1.0,0.1045,0,3
4758,15764,46,2012-10-24,4,1,10,0,0,3,1,1,0.54,0.5152,0.73,0.0896,7,39
4759,5365,111,2011-08-16,3,0,8,10,0,2,1,1,0.7,0.6515,0.58,0.3881,28,83
4760,2087,136,2011-04-01,2,0,4,19,0,5,1,1,0.34,0.303,0.49,0.3284,16,120
4761,7089,68,2011-10-27,4,0,10,23,0,4,1,1,0.34,0.303,0.61,0.4179,8,60
4762,7179,486,2011-10-31,4,0,10,17,0,1,1,1,0.42,0.4242,0.54,0.1343,44,442
4763,13763,295,2012-08-01,3,1,8,15,0,3,1,1,0.82,0.7576,0.46,0.1642,89,206
4764,12675,48,2012-06-17,2,1,6,7,0,0,0,1,0.52,0.5,0.72,0.0896,18,30
4765,3896,25,2011-06-16,2,0,6,5,0,4,1,1,0.6,0.6061,0.64,0.194,7,18
4766,925,7,2011-02-11,1,0,2,1,0,5,1,1,0.1,0.1364,0.54,0.0896,1,6
4767,471,65,2011-01-21,1,0,1,15,0,5,1,1,0.16,0.1212,0.26,0.4478,4,61
4768,13252,674,2012-07-11,3,1,7,8,0,3,1,2,0.68,0.6364,0.79,0.1642,30,644
4769,5357,4,2011-08-16,3,0,8,2,0,2,1,1,0.62,0.5909,0.73,0.2239,1,3
4770,5204,532,2011-08-09,3,0,8,17,0,2,1,1,0.8,0.7576,0.55,0.1642,79,453
4771,14579,292,2012-09-04,3,1,9,15,0,2,1,1,0.8,0.7727,0.59,0.4627,68,224
4772,15203,649,2012-09-30,4,1,9,15,0,0,0,1,0.64,0.6212,0.36,0.2537,230,419
4773,1170,93,2011-02-21,1,0,2,12,1,1,0,2,0.32,0.3182,0.66,0.194,26,67
4774,1139,1,2011-02-20,1,0,2,4,0,0,0,1,0.22,0.1818,0.44,0.5522,0,1
4775,11865,176,2012-05-14,2,1,5,13,0,1,1,2,0.62,0.5909,0.73,0.2239,33,143
4776,2108,196,2011-04-02,2,0,4,16,0,6,0,1,0.38,0.3939,0.62,0.3284,111,85
4777,1264,90,2011-02-25,1,0,2,19,0,5,1,1,0.3,0.2727,0.52,0.4478,4,86
4778,15288,10,2012-10-04,4,1,10,4,0,4,1,2,0.64,0.5758,0.89,0.0,0,10
4779,14369,166,2012-08-26,3,1,8,21,0,0,0,1,0.64,0.5758,0.83,0.1343,26,140
4780,7107,446,2011-10-28,4,0,10,17,0,5,1,2,0.36,0.3485,0.5,0.1343,35,411
4781,6391,102,2011-09-28,4,0,9,20,0,3,1,3,0.6,0.5606,0.83,0.2985,11,91
4782,7808,65,2011-11-26,4,0,11,22,0,6,0,2,0.38,0.3939,0.76,0.0,14,51
4783,8951,206,2012-01-13,1,1,1,19,0,5,1,1,0.26,0.2424,0.38,0.2836,7,199
4784,7617,59,2011-11-18,4,0,11,23,0,5,1,1,0.26,0.2727,0.6,0.1343,5,54
4785,1013,70,2011-02-14,1,0,2,20,0,1,1,1,0.36,0.3182,0.46,0.4627,5,65
4786,2603,47,2011-04-23,2,0,4,8,0,6,0,2,0.36,0.3333,1.0,0.2537,15,32
4787,15958,262,2012-11-02,4,1,11,14,0,5,1,2,0.4,0.4091,0.4,0.4925,63,199
4788,6950,8,2011-10-22,4,0,10,4,0,6,0,1,0.38,0.3939,0.66,0.0896,4,4
4789,746,64,2011-02-03,1,0,2,11,0,4,1,1,0.18,0.1364,0.43,0.4478,9,55
4790,10869,33,2012-04-03,2,1,4,0,0,2,1,1,0.4,0.4091,0.43,0.1343,1,32
4791,9286,251,2012-01-27,1,1,1,19,0,5,1,1,0.36,0.3333,0.5,0.3881,10,241
4792,15513,670,2012-10-13,4,1,10,13,0,6,0,1,0.46,0.4545,0.36,0.194,235,435
4793,8159,242,2011-12-11,4,0,12,14,0,0,0,1,0.3,0.3333,0.28,0.0,44,198
4794,6995,15,2011-10-24,4,0,10,1,0,1,1,1,0.4,0.4091,0.82,0.1343,7,8
4795,16997,119,2012-12-15,4,1,12,23,0,6,0,2,0.36,0.3485,0.62,0.1343,11,108
4796,182,28,2011-01-08,1,0,1,20,0,6,0,1,0.12,0.1212,0.36,0.2537,0,28
4797,11634,232,2012-05-04,2,1,5,22,0,5,1,1,0.6,0.5606,0.83,0.1343,50,182
4798,3127,13,2011-05-15,2,0,5,4,0,0,0,2,0.52,0.5,1.0,0.0,5,8
4799,2893,128,2011-05-05,2,0,5,10,0,4,1,1,0.5,0.4848,0.39,0.2836,30,98
4800,12178,547,2012-05-27,2,1,5,14,0,0,0,1,0.76,0.7121,0.58,0.2537,317,230
4801,2610,397,2011-04-23,2,0,4,15,0,6,0,1,0.6,0.5909,0.73,0.3881,171,226
4802,1360,47,2011-03-01,1,0,3,22,0,2,1,1,0.24,0.2727,0.62,0.1045,3,44
4803,11531,231,2012-04-30,2,1,4,15,0,1,1,2,0.52,0.5,0.55,0.1045,55,176
4804,7999,64,2011-12-04,4,0,12,22,0,0,0,1,0.34,0.3485,0.87,0.1045,5,59
4805,5216,32,2011-08-10,3,0,8,5,0,3,1,1,0.68,0.6364,0.61,0.0896,2,30
4806,14252,55,2012-08-22,3,1,8,0,0,3,1,1,0.62,0.5758,0.83,0.1045,9,46
4807,15211,57,2012-09-30,4,1,9,23,0,0,0,1,0.48,0.4697,0.72,0.0896,8,49
4808,15397,497,2012-10-08,4,1,10,17,1,1,0,2,0.42,0.4242,0.66,0.2537,81,416
4809,16535,346,2012-11-26,4,1,11,16,0,1,1,1,0.44,0.4394,0.3,0.0,49,297
4810,7401,66,2011-11-09,4,0,11,23,0,3,1,1,0.38,0.3939,0.87,0.0,5,61
4811,11282,113,2012-04-20,2,1,4,6,0,5,1,1,0.42,0.4242,0.88,0.0,8,105
4812,3195,23,2011-05-18,2,0,5,0,0,3,1,2,0.54,0.5152,0.88,0.2239,8,15
4813,3579,68,2011-06-03,2,0,6,0,0,5,1,1,0.62,0.6212,0.38,0.2836,15,53
4814,8802,445,2012-01-07,1,1,1,13,0,6,0,1,0.44,0.4394,0.44,0.194,149,296
4815,10874,27,2012-04-03,2,1,4,5,0,2,1,1,0.32,0.3333,0.66,0.0896,2,25
4816,36,93,2011-01-02,1,0,1,12,0,0,0,2,0.36,0.3333,0.66,0.2985,20,73
4817,126,59,2011-01-06,1,0,1,11,0,4,1,1,0.22,0.2576,0.44,0.0896,2,57
4818,9778,520,2012-02-17,1,1,2,8,0,5,1,2,0.26,0.303,1.0,0.0,4,516
4819,10959,484,2012-04-06,2,1,4,18,0,5,1,1,0.5,0.4848,0.22,0.4627,104,380
4820,776,155,2011-02-04,1,0,2,18,0,5,1,2,0.24,0.2576,0.6,0.1045,3,152
4821,17013,338,2012-12-16,4,1,12,15,0,0,0,2,0.38,0.3939,0.82,0.1045,46,292
4822,3801,14,2011-06-12,2,0,6,6,0,0,0,1,0.62,0.5606,0.88,0.1045,5,9
4823,9448,198,2012-02-03,1,1,2,13,0,5,1,1,0.36,0.3636,0.46,0.0,25,173
4824,8034,204,2011-12-06,4,0,12,9,0,2,1,2,0.46,0.4545,0.94,0.2239,4,200
4825,12491,555,2012-06-09,2,1,6,15,0,6,0,1,0.84,0.7121,0.2,0.2985,218,337
4826,2778,499,2011-04-30,2,0,4,15,0,6,0,1,0.56,0.5303,0.37,0.1343,217,282
4827,11694,190,2012-05-07,2,1,5,10,0,1,1,2,0.52,0.5,0.77,0.194,62,128
4828,15541,539,2012-10-14,4,1,10,17,0,0,0,1,0.64,0.6212,0.44,0.194,193,346
4829,6202,81,2011-09-20,3,0,9,23,0,2,1,1,0.56,0.5303,0.94,0.0,11,70
4830,15807,542,2012-10-25,4,1,10,19,0,4,1,1,0.54,0.5152,0.83,0.194,45,497
4831,2476,19,2011-04-18,2,0,4,1,0,1,1,1,0.46,0.4545,0.47,0.1343,11,8
4832,11083,61,2012-04-11,2,1,4,23,0,3,1,1,0.34,0.303,0.57,0.2985,9,52
4833,4261,170,2011-07-01,3,0,7,10,0,5,1,1,0.76,0.6667,0.33,0.1642,61,109
4834,837,95,2011-02-07,1,0,2,7,0,1,1,1,0.18,0.2424,0.86,0.0,6,89
4835,16968,455,2012-12-14,4,1,12,18,0,5,1,1,0.36,0.3485,0.46,0.1343,23,432
4836,7954,71,2011-12-03,4,0,12,1,0,6,0,1,0.26,0.2576,0.65,0.194,9,62
4837,11089,21,2012-04-12,2,1,4,5,0,4,1,1,0.3,0.2879,0.61,0.2239,0,21
4838,3952,327,2011-06-18,2,0,6,13,0,6,0,1,0.76,0.697,0.55,0.0,135,192
4839,11779,135,2012-05-10,2,1,5,23,0,4,1,1,0.48,0.4697,0.48,0.1045,23,112
4840,10970,2,2012-04-07,2,1,4,5,0,6,0,1,0.32,0.3182,0.33,0.1642,0,2
4841,10458,235,2012-03-16,1,1,3,20,0,5,1,1,0.46,0.4545,0.88,0.0,31,204
4842,14046,199,2012-08-13,3,1,8,10,0,1,1,2,0.76,0.6818,0.4,0.0,88,111
4843,7938,246,2011-12-02,4,0,12,9,0,5,1,1,0.28,0.3182,0.81,0.0,12,234
4844,12307,73,2012-06-01,2,1,6,23,0,5,1,3,0.6,0.5455,0.88,0.1343,6,67
4845,7045,3,2011-10-26,4,0,10,3,0,3,1,1,0.44,0.4394,0.67,0.2239,0,3
4846,864,48,2011-02-08,1,0,2,10,0,2,1,1,0.22,0.1818,0.47,0.5522,4,44
4847,1007,90,2011-02-14,1,0,2,14,0,1,1,1,0.6,0.5909,0.15,0.4925,14,76
4848,1794,136,2011-03-20,1,0,3,10,0,0,0,2,0.32,0.3485,0.45,0.0,55,81
4849,5737,192,2011-09-01,3,0,9,11,0,4,1,1,0.72,0.6667,0.51,0.1343,51,141
4850,16085,126,2012-11-07,4,1,11,21,0,3,1,2,0.32,0.303,0.49,0.2985,5,121
4851,10022,158,2012-02-27,1,1,2,14,0,1,1,1,0.46,0.4545,0.36,0.2836,24,134
4852,3126,32,2011-05-15,2,0,5,3,0,0,0,2,0.52,0.5,1.0,0.0,11,21
4853,2999,239,2011-05-09,2,0,5,20,0,1,1,1,0.54,0.5152,0.49,0.194,25,214
4854,10163,327,2012-03-04,1,1,3,12,0,0,0,1,0.34,0.303,0.42,0.3582,71,256
4855,12775,161,2012-06-21,3,1,6,11,0,4,1,1,0.86,0.7879,0.41,0.1343,40,121
4856,5382,5,2011-08-17,3,0,8,3,0,3,1,1,0.64,0.5909,0.78,0.0,1,4
4857,13212,413,2012-07-09,3,1,7,16,0,1,1,1,0.78,0.697,0.4,0.2836,88,325
4858,10194,226,2012-03-05,1,1,3,19,0,1,1,1,0.26,0.2576,0.53,0.2239,6,220
4859,101,115,2011-01-05,1,0,1,9,0,3,1,1,0.22,0.197,0.37,0.3284,6,109
4860,2325,383,2011-04-11,2,0,4,18,0,1,1,1,0.72,0.6667,0.51,0.3881,93,290
4861,14750,877,2012-09-11,3,1,9,18,0,2,1,1,0.64,0.6212,0.36,0.1642,110,767
4862,1533,8,2011-03-09,1,0,3,5,0,3,1,2,0.24,0.2424,0.81,0.1343,1,7
4863,15048,8,2012-09-24,4,1,9,4,0,1,1,1,0.44,0.4394,0.67,0.1045,0,8
4864,8608,118,2011-12-30,1,0,12,10,0,5,1,1,0.3,0.2879,0.65,0.2537,10,108
4865,8005,7,2011-12-05,4,0,12,4,0,1,1,1,0.3,0.3182,0.87,0.1045,0,7
4866,1923,75,2011-03-25,2,0,3,21,0,5,1,2,0.3,0.303,0.39,0.1642,11,64
4867,12132,584,2012-05-25,2,1,5,16,0,5,1,1,0.78,0.7121,0.52,0.2239,137,447
4868,5411,420,2011-08-18,3,0,8,8,0,4,1,1,0.66,0.6212,0.74,0.2836,27,393
4869,834,2,2011-02-07,1,0,2,4,0,1,1,1,0.2,0.2576,0.86,0.0,1,1
4870,9589,99,2012-02-09,1,1,2,11,0,4,1,1,0.24,0.2273,0.52,0.2239,4,95
4871,7630,311,2011-11-19,4,0,11,12,0,6,0,1,0.4,0.4091,0.35,0.2836,93,218
4872,10084,18,2012-03-01,1,1,3,5,0,4,1,1,0.48,0.4697,0.88,0.1642,0,18
4873,3142,231,2011-05-15,2,0,5,19,0,0,0,1,0.56,0.5303,0.83,0.1045,78,153
4874,8967,178,2012-01-14,1,1,1,11,0,6,0,1,0.2,0.197,0.4,0.194,28,150
4875,16118,341,2012-11-09,4,1,11,7,0,5,1,1,0.26,0.2727,0.65,0.1343,9,332
4876,10953,337,2012-04-06,2,1,4,12,0,5,1,1,0.42,0.4242,0.35,0.2985,113,224
4877,11898,83,2012-05-15,2,1,5,22,0,2,1,1,0.58,0.5455,0.78,0.2239,9,74
4878,6129,143,2011-09-17,3,0,9,22,0,6,0,1,0.5,0.4848,0.72,0.2239,31,112
4879,2506,188,2011-04-19,2,0,4,7,0,2,1,2,0.52,0.5,0.55,0.0,22,166
4880,2206,325,2011-04-06,2,0,4,18,0,3,1,1,0.52,0.5,0.29,0.3582,43,282
4881,3388,16,2011-05-26,2,0,5,1,0,4,1,1,0.64,0.6061,0.73,0.1343,3,13
4882,1482,2,2011-03-07,1,0,3,1,0,1,1,3,0.2,0.1818,1.0,0.3284,0,2
4883,11926,16,2012-05-17,2,1,5,2,0,4,1,1,0.6,0.5758,0.78,0.1642,8,8
4884,11392,285,2012-04-24,2,1,4,20,0,2,1,1,0.48,0.4697,0.21,0.3284,16,269
4885,16524,41,2012-11-26,4,1,11,5,0,1,1,1,0.22,0.2273,0.69,0.1642,0,41
4886,14765,328,2012-09-12,3,1,9,9,0,3,1,1,0.6,0.6061,0.64,0.1343,50,278
4887,13458,68,2012-07-19,3,1,7,22,0,4,1,3,0.66,0.5909,0.89,0.2537,6,62
4888,5311,3,2011-08-14,3,0,8,4,0,0,0,3,0.64,0.5606,0.94,0.194,1,2
4889,6608,166,2011-10-07,4,0,10,21,0,5,1,1,0.5,0.4848,0.68,0.0,22,144
4890,4132,90,2011-06-26,3,0,6,1,0,0,0,1,0.64,0.6212,0.53,0.1045,17,73
4891,9390,3,2012-02-01,1,1,2,3,0,3,1,1,0.44,0.4394,0.44,0.194,0,3
4892,12513,492,2012-06-10,2,1,6,13,0,0,0,1,0.84,0.7273,0.28,0.1343,204,288
4893,12155,513,2012-05-26,2,1,5,15,0,6,0,1,0.76,0.7273,0.66,0.2836,274,239
4894,16065,92,2012-11-07,4,1,11,1,0,3,1,2,0.28,0.2727,0.61,0.2537,6,86
4895,6987,340,2011-10-23,4,0,10,17,0,0,0,1,0.5,0.4848,0.63,0.1343,120,220
4896,10113,132,2012-03-02,1,1,3,10,0,5,1,1,0.36,0.3485,0.5,0.1642,14,118
4897,4212,221,2011-06-29,3,0,6,9,0,3,1,1,0.72,0.6515,0.45,0.3881,32,189
4898,9908,274,2012-02-22,1,1,2,20,0,3,1,2,0.44,0.4394,0.47,0.194,25,249
4899,15190,92,2012-09-30,4,1,9,2,0,0,0,1,0.48,0.4697,0.63,0.0,21,71
4900,15913,723,2012-10-31,4,1,10,17,0,3,1,2,0.4,0.4091,0.58,0.1642,39,684
4901,14686,96,2012-09-09,3,1,9,2,0,0,0,1,0.54,0.5152,0.77,0.2836,15,81
4902,14712,5,2012-09-10,3,1,9,4,0,1,1,1,0.52,0.5,0.68,0.2836,1,4
4903,12703,121,2012-06-18,2,1,6,11,0,1,1,2,0.54,0.5152,0.88,0.1642,25,96
4904,6813,347,2011-10-16,4,0,10,10,0,0,0,1,0.54,0.5152,0.45,0.2537,121,226
4905,7974,109,2011-12-03,4,0,12,21,0,6,0,2,0.3,0.3182,0.61,0.0896,5,104
4906,16739,49,2012-12-05,4,1,12,5,0,3,1,1,0.5,0.4848,0.59,0.2836,1,48
4907,10913,372,2012-04-04,2,1,4,20,0,3,1,1,0.64,0.6212,0.27,0.2239,39,333
4908,13239,414,2012-07-10,3,1,7,19,0,2,1,3,0.7,0.6667,0.74,0.2239,55,359
4909,7695,18,2011-11-22,4,0,11,5,0,2,1,3,0.38,0.3939,0.94,0.1642,1,17
4910,527,1,2011-01-24,1,0,1,1,0,1,1,1,0.04,0.0455,0.45,0.194,0,1
4911,1325,87,2011-02-28,1,0,2,11,0,1,1,2,0.56,0.5303,0.64,0.2985,13,74
4912,4019,401,2011-06-21,3,0,6,8,0,2,1,2,0.62,0.5606,0.88,0.1045,33,368
4913,8292,26,2011-12-17,4,0,12,3,0,6,0,1,0.26,0.2576,0.6,0.194,4,22
4914,1630,122,2011-03-13,1,0,3,10,0,0,0,1,0.42,0.4242,0.47,0.2537,36,86
4915,16245,181,2012-11-14,4,1,11,14,0,3,1,1,0.36,0.3485,0.43,0.1343,20,161
4916,7419,177,2011-11-10,4,0,11,17,0,4,1,3,0.36,0.3485,0.81,0.2239,9,168
4917,11042,24,2012-04-10,2,1,4,5,0,2,1,1,0.34,0.3333,0.71,0.1343,0,24
4918,2878,296,2011-05-04,2,0,5,19,0,3,1,1,0.42,0.4242,0.58,0.3582,30,266
4919,3672,189,2011-06-06,2,0,6,21,0,1,1,1,0.66,0.6212,0.57,0.0896,29,160
4920,16828,160,2012-12-08,4,1,12,22,0,6,0,2,0.38,0.3939,0.94,0.1045,23,137
4921,4559,342,2011-07-13,3,0,7,20,0,3,1,1,0.7,0.6667,0.84,0.1642,61,281
4922,7950,111,2011-12-02,4,0,12,21,0,5,1,1,0.34,0.3333,0.49,0.194,9,102
4923,5388,209,2011-08-17,3,0,8,9,0,3,1,1,0.74,0.6667,0.48,0.0896,31,178
4924,9480,78,2012-02-04,1,1,2,21,0,6,0,3,0.24,0.2424,0.93,0.1343,4,74
4925,12359,5,2012-06-04,2,1,6,3,0,1,1,2,0.56,0.5303,0.6,0.1642,0,5
4926,12486,466,2012-06-09,2,1,6,10,0,6,0,1,0.7,0.6515,0.51,0.1045,168,298
4927,15885,116,2012-10-30,4,1,10,13,0,2,1,3,0.3,0.2727,0.81,0.3582,11,105
4928,3365,8,2011-05-25,2,0,5,2,0,3,1,2,0.56,0.5303,0.94,0.0,0,8
4929,10409,472,2012-03-14,1,1,3,19,0,3,1,1,0.64,0.6212,0.33,0.1642,70,402
4930,2838,2,2011-05-03,2,0,5,3,0,2,1,1,0.54,0.5152,0.83,0.2836,0,2
4931,4816,252,2011-07-24,3,0,7,13,0,0,0,1,0.86,0.803,0.47,0.2239,90,162
4932,545,81,2011-01-24,1,0,1,20,0,1,1,1,0.14,0.1364,0.59,0.194,1,80
4933,15670,78,2012-10-20,4,1,10,2,0,6,0,1,0.44,0.4394,0.77,0.1045,9,69
4934,901,16,2011-02-10,1,0,2,0,0,4,1,3,0.14,0.1364,0.86,0.194,0,16
4935,14419,109,2012-08-28,3,1,8,23,0,2,1,1,0.68,0.6364,0.57,0.0,17,92
4936,6392,74,2011-09-28,4,0,9,21,0,3,1,3,0.6,0.5455,0.88,0.2537,7,67
4937,14682,194,2012-09-08,3,1,9,22,0,6,0,2,0.58,0.5455,0.78,0.2985,18,176
4938,7782,95,2011-11-25,4,0,11,20,0,5,1,1,0.4,0.4091,0.58,0.0896,19,76
4939,11225,297,2012-04-17,2,1,4,21,0,2,1,1,0.56,0.5303,0.26,0.2985,37,260
4940,4292,349,2011-07-02,3,0,7,17,0,6,0,1,0.84,0.7273,0.3,0.2239,179,170
4941,8770,13,2012-01-06,1,1,1,5,0,5,1,2,0.2,0.2121,0.8,0.1343,0,13
4942,4656,207,2011-07-17,3,0,7,21,0,0,0,1,0.74,0.6818,0.62,0.2239,59,148
4943,12387,569,2012-06-05,2,1,6,7,0,2,1,1,0.48,0.4697,0.77,0.2985,29,540
4944,9615,192,2012-02-10,1,1,2,13,0,5,1,2,0.3,0.3182,0.42,0.0896,22,170
4945,13603,239,2012-07-25,3,1,7,23,0,3,1,1,0.68,0.6364,0.57,0.2985,52,187
4946,2455,7,2011-04-17,2,0,4,4,0,0,0,1,0.36,0.3636,0.76,0.1045,2,5
4947,14829,109,2012-09-15,3,1,9,1,0,6,0,1,0.6,0.5909,0.73,0.0,8,101
4948,12089,245,2012-05-23,2,1,5,21,0,3,1,2,0.62,0.5758,0.83,0.0,24,221
4949,4502,128,2011-07-11,3,0,7,11,0,1,1,1,0.82,0.7879,0.56,0.2985,39,89
4950,1294,37,2011-02-27,1,0,2,1,0,0,0,1,0.26,0.2576,0.87,0.194,7,30
4951,4229,8,2011-06-30,3,0,6,2,0,4,1,1,0.62,0.6212,0.57,0.1343,2,6
4952,5095,7,2011-08-05,3,0,8,4,0,5,1,1,0.64,0.5909,0.78,0.1343,1,6
4953,13742,857,2012-07-31,3,1,7,18,0,2,1,1,0.76,0.697,0.55,0.2836,99,758
4954,16838,69,2012-12-09,4,1,12,8,0,0,0,3,0.4,0.4091,0.87,0.1642,1,68
4955,9740,468,2012-02-15,1,1,2,18,0,3,1,1,0.4,0.4091,0.4,0.2239,9,459
4956,6552,219,2011-10-05,4,0,10,13,0,3,1,1,0.64,0.6212,0.41,0.2239,30,189
4957,15973,9,2012-11-03,4,1,11,5,0,6,0,2,0.32,0.303,0.49,0.2537,1,8
4958,855,4,2011-02-08,1,0,2,1,0,2,1,2,0.28,0.3182,0.87,0.0,0,4
4959,11896,263,2012-05-15,2,1,5,20,0,2,1,3,0.64,0.6061,0.73,0.1343,30,233
4960,16211,9,2012-11-13,4,1,11,4,0,2,1,2,0.36,0.3333,0.81,0.3881,0,9
4961,4587,80,2011-07-15,3,0,7,0,0,5,1,1,0.62,0.5909,0.73,0.2239,23,57
4962,15184,315,2012-09-29,4,1,9,20,0,6,0,1,0.52,0.5,0.55,0.194,88,227
4963,15340,206,2012-10-06,4,1,10,8,0,6,0,1,0.56,0.5303,0.83,0.194,22,184
4964,7149,240,2011-10-30,4,0,10,11,0,0,0,1,0.36,0.3485,0.53,0.2239,58,182
4965,6921,90,2011-10-20,4,0,10,23,0,4,1,1,0.42,0.4242,0.58,0.2537,7,83
4966,16776,565,2012-12-06,4,1,12,18,0,4,1,1,0.28,0.2727,0.45,0.1642,23,542
4967,6005,571,2011-09-12,3,0,9,18,0,1,1,1,0.7,0.6515,0.54,0.194,56,515
4968,10465,26,2012-03-17,1,1,3,3,0,6,0,2,0.44,0.4394,0.88,0.0,2,24
4969,3427,419,2011-05-27,2,0,5,16,0,5,1,2,0.76,0.697,0.55,0.3881,63,356
4970,6150,245,2011-09-18,3,0,9,19,0,0,0,2,0.54,0.5152,0.68,0.1045,54,191
4971,14535,292,2012-09-02,3,1,9,19,0,0,0,2,0.7,0.6667,0.84,0.2239,140,152
4972,8853,49,2012-01-09,1,1,1,16,0,1,1,3,0.22,0.2576,0.87,0.0896,3,46
4973,15035,640,2012-09-23,4,1,9,15,0,0,0,1,0.6,0.6212,0.33,0.2239,265,375
4974,1335,80,2011-02-28,1,0,2,21,0,1,1,2,0.38,0.3939,0.87,0.3881,2,78
4975,4676,545,2011-07-18,3,0,7,17,0,1,1,1,0.84,0.7879,0.49,0.3284,72,473
4976,4010,60,2011-06-20,2,0,6,23,0,1,1,1,0.62,0.5909,0.78,0.2537,10,50
4977,15118,16,2012-09-27,4,1,9,2,0,4,1,1,0.6,0.5758,0.78,0.0896,3,13
4978,10231,566,2012-03-07,1,1,3,8,0,3,1,1,0.28,0.2576,0.61,0.2985,12,554
4979,6642,44,2011-10-09,4,0,10,7,0,0,0,1,0.44,0.4394,0.86,0.0,18,26
4980,12962,163,2012-06-29,3,1,6,6,0,5,1,2,0.7,0.6515,0.61,0.1642,15,148
4981,1210,69,2011-02-23,1,0,2,11,0,3,1,1,0.24,0.2576,0.41,0.1045,16,53
4982,15290,133,2012-10-04,4,1,10,6,0,4,1,3,0.62,0.5455,0.94,0.0896,1,132
4983,11278,21,2012-04-20,2,1,4,2,0,5,1,1,0.44,0.4394,0.88,0.194,3,18
4984,6058,72,2011-09-14,3,0,9,23,0,3,1,2,0.64,0.6061,0.69,0.1045,10,62
4985,12273,293,2012-05-31,2,1,5,13,0,4,1,1,0.74,0.6515,0.35,0.1343,77,216
4986,16639,69,2012-12-01,4,1,12,1,0,6,0,1,0.26,0.303,0.81,0.0,5,64
4987,12512,502,2012-06-10,2,1,6,12,0,0,0,1,0.82,0.7121,0.3,0.0,173,329
4988,15865,28,2012-10-28,4,1,10,5,0,0,0,2,0.5,0.4848,0.63,0.2985,6,22
4989,3219,29,2011-05-19,2,0,5,0,0,4,1,1,0.52,0.5,0.94,0.1045,6,23
4990,2637,270,2011-04-24,2,0,4,18,0,0,0,1,0.64,0.6061,0.69,0.1642,96,174
4991,11354,45,2012-04-23,2,1,4,6,0,1,1,2,0.3,0.2727,0.81,0.2985,2,43
4992,2840,14,2011-05-03,2,0,5,5,0,2,1,1,0.52,0.5,0.88,0.1343,0,14
4993,14794,274,2012-09-13,3,1,9,14,0,4,1,1,0.72,0.6515,0.39,0.1343,60,214
4994,7288,23,2011-11-05,4,0,11,6,0,6,0,1,0.26,0.2424,0.6,0.2537,3,20
4995,11029,391,2012-04-09,2,1,4,16,0,1,1,1,0.56,0.5303,0.3,0.4179,81,310
4996,4267,427,2011-07-01,3,0,7,16,0,5,1,1,0.82,0.697,0.17,0.0,85,342
4997,6549,133,2011-10-05,4,0,10,10,0,3,1,1,0.56,0.5303,0.56,0.3881,30,103
4998,8632,128,2011-12-31,1,0,12,10,0,6,0,1,0.4,0.4091,0.76,0.1642,20,108
4999,11917,873,2012-05-16,2,1,5,17,0,3,1,1,0.72,0.6667,0.51,0.194,104,769
5000,4897,180,2011-07-27,3,0,7,22,0,3,1,1,0.72,0.6667,0.48,0.0,37,143
