participant_id,date,study_day,day_of_week,weekend,fatigue_today,change_vs_yesterday,physical_exhaustion,mental_exhaustion,sport_today,wear_minutes,activitycounts_mean,activitycounts_std,energyexpenditure_mean,energyexpenditure_std,hr_mean,hr_std,hrv_mean,hrv_std,resp_mean,resp_std,steps_mean,steps_std,skintemperature_mean,skintemperature_std,fatigue_tomorrow
1,2019-03-14,1,Thursday,0,2.0,Worse,Never,Sometimes,No,562,3.0903361342660713,5.0235092594140625,1710.7736870967858,1211.6950701763242,76.90307699509947,11.35866630660213,35.661351168546254,9.52610859518231,17.21078583407183,3.5615629476699686,6.351785714285715,18.70817688379493,34.350696428571425,1.5118344887173518,2.0
1,2019-03-15,2,Friday,0,2.0,Better,Sometimes,Sometimes,Yes,1440,3.700695394145349,7.800586890681534,1889.9326690051598,1810.0445750753447,76.10062088048316,21.939460219219374,40.45121990951307,13.416281615752464,16.398203686969016,3.773693141603992,9.281976744186046,32.18772880827562,34.71234011627907,1.2113581903498625,1.0
1,2019-03-16,3,Saturday,1,1.0,Same,Never,Never,No,1440,2.499419886025148,3.2380361897545873,1578.1041785403108,682.5411909644263,70.72152927723907,12.086188800218732,40.715389580823626,12.333325367366902,16.870502157194846,3.971592320187292,13.498520710059172,30.07102371207361,34.556098372781065,0.8436192095812914,1.0
1,2019-03-17,4,Sunday,1,1.0,Same,Sometimes,Never,Yes,1440,2.123794885787015,3.464785926084364,1407.3496763299763,462.1240395741558,66.6758331014195,11.63603313176831,43.28040663405522,10.862500663760162,16.283371331451356,3.539833898886313,3.6270783847980996,12.39048232450803,35.155233570863025,0.9156311230423733,2.0
1,2019-03-18,5,Monday,0,2.0,Worse,Sometimes,Never,Yes,1440,3.7960668373813746,8.103762530716262,1793.1771555042867,1632.6969788029994,71.2031150272734,20.345624296061697,43.811735322031105,11.20702044807013,16.008759016499603,3.426784185119597,12.19068736141907,37.4682587821905,34.55894678492239,1.1583999160519782,
1,2019-03-20,7,Wednesday,0,3.0,Worse,Sometimes,Sometimes,Yes,1440,4.055689189976952,7.243321351024605,2021.6068959052568,1926.8090339775968,75.6512747412696,23.491437607064892,46.06405696168133,11.522621663799145,16.249404313725936,4.241721407546816,10.004089219330854,31.701995809812455,34.678877323420075,1.2602169375670667,1.0
1,2019-03-21,8,Thursday,0,1.0,Better,Never,Never,No,784,2.2325861287608695,3.3464540166367596,1379.7320150051153,448.8587033455033,64.98022071023018,9.677218156715142,45.42777206284649,11.372955533198466,14.658868264198958,3.0025685688358688,2.421994884910486,10.198964427859435,34.570153452685425,0.9609551516937909,
2,2019-04-16,1,Tuesday,0,3.0,Better,Never,Never,No,162,2.524812393888889,3.719541266145432,1865.5390719259258,1475.2694267154911,82.7532332295679,19.153253664844986,41.17705180344594,10.58460283282387,17.355408101858064,4.918101599174267,5.228395061728395,17.06155268481945,34.92447530864198,0.9623948854475434,
3,2019-03-21,1,Thursday,0,7.0,Same,Never,Sometimes,No,555,1.600596760106884,1.7350051557290203,1881.283153255815,1255.775881414064,87.70611458806921,18.771424866432195,32.879121768035716,8.897180855908925,18.71553348644259,5.714904975599117,3.11231884057971,15.76132302524574,34.59048007246377,1.3512222387979527,6.0
3,2019-03-22,2,Friday,0,6.0,Better,Regularly,Never,Yes,1440,2.066222715172956,3.4476094528690995,2190.2559933435846,1936.6452756931237,85.046911075139,27.081050485008426,35.3343834007772,9.827492051331786,18.78360398920532,5.456022472255821,5.130503144654088,21.937690470085492,33.83391116352201,1.6267535396143673,4.0
3,2019-03-23,3,Saturday,1,4.0,Better,Sometimes,Never,Yes,1440,1.7853299854047255,1.6421490532471263,2262.9169397668443,1553.8069315051587,89.44058753418446,23.53200239879737,34.56891419607714,9.34281570809368,21.087766443840092,5.843565883580731,1.427591463414634,8.864137724364953,35.1521112804878,1.828535936286775,8.0
3,2019-03-24,4,Sunday,1,8.0,Worse,Never,Sometimes,Yes,1440,1.5157715256652176,1.7098917123988444,1448.0344033926085,471.74886330606824,73.55358517949708,15.002660912395257,37.889468331641915,10.267532513353265,17.470605174164476,3.80510862890823,1.5811594202898551,7.565613889210481,33.86254710144928,1.9570468925083777,7.0
3,2019-03-25,5,Monday,0,7.0,Worse,Never,Often,Yes,1440,1.7758396730378547,3.322815549854954,1704.8689646041798,1418.6206558563545,77.34405469475928,21.997881600879953,35.5008617011324,8.443252383985362,18.035790030498372,4.352043636324555,1.7176656151419558,10.358945601656329,34.41345031545741,1.2842204032393203,3.0
3,2019-03-26,6,Tuesday,0,3.0,Better,Never,Never,No,1440,1.621423666392996,2.0907885328536273,1528.0126175637508,635.0164330178804,76.96464569041277,18.203000992108898,34.581990599809195,9.926854696853981,17.727570169129955,4.300005456194938,2.606225680933852,12.409885461230749,33.86620622568093,1.1008874678111362,7.0
3,2019-03-27,7,Wednesday,0,7.0,Worse,Never,Regularly,No,1440,1.5395676984140565,1.7705197640070924,1589.6136906368984,735.1782329937517,78.15409404811162,18.86604066206441,36.159158652326504,10.005868146281381,19.40876542018669,4.756455375425607,1.296409472880061,6.5322648476738,34.311478227654696,1.0404235878100059,4.0
3,2019-03-28,8,Thursday,0,4.0,Better,Never,Sometimes,Yes,1440,1.9321403256746987,3.9332231464533485,1760.3793681990962,1338.1673280823975,78.7479786522515,22.61767545183588,34.71057212309907,9.638732232288438,18.34221170018224,4.898456992560854,2.0120481927710845,11.716952185707978,34.272055722891565,1.593365350704701,
4,2019-03-25,1,Monday,0,3.0,Better,Never,Sometimes,No,822,1.5037450499744525,1.6933251464124741,1848.0135444116788,1283.8247567747244,101.77514956148418,10.620090743824633,22.082871759035086,6.480341938307412,22.82415930002466,4.584614755731499,3.462287104622871,16.578397919841446,,,3.0
4,2019-03-26,2,Tuesday,0,3.0,Same,Never,Never,No,1440,1.504584567286331,1.8478443226030914,1784.7087014232372,1129.476899816163,92.8792481937871,15.5856209933199,29.620451518964835,9.571928367048372,21.720575981354198,4.8551924364792765,3.161870503597122,16.26615781145695,,,4.0
4,2019-03-27,3,Wednesday,0,4.0,Worse,Regularly,Regularly,No,1440,1.3954672774278498,1.7386374752188654,1651.9046994398989,1094.828603216589,94.97001104120464,12.665138609592102,24.886707833817642,8.709195984132531,22.247802141923533,4.233691758513983,2.9473304473304474,14.804652286711669,,,3.0
4,2019-03-28,4,Thursday,0,3.0,Better,Never,Never,No,1440,1.4723032066078716,2.180949707857205,1640.9598217508747,975.6720615666665,88.09623796908626,12.787485793753774,29.638955428797722,8.645991458262987,21.370265635908748,3.8965736816475927,3.2864431486880465,16.453954668922233,,,
4,2019-03-30,6,Saturday,1,3.0,Better,Never,Never,No,1440,1.9937694700754853,2.54197098040167,1883.9749872268942,1447.2484857863876,96.02087929759072,14.605927697143962,25.89183818056839,10.388978419750226,21.639117712575054,4.601932031345831,6.634795111430625,22.50500305554151,,,4.0
4,2019-03-31,7,Sunday,1,4.0,Same,Sometimes,Never,,1440,1.8123918978680957,2.409460374037256,2232.802074366381,1654.7035360861473,93.09403171314214,19.414978420229552,29.482628688518147,9.565015074977918,23.000987814676975,4.757914814765154,5.786479802143446,21.455143518281634,,,4.0
4,2019-04-01,8,Monday,0,4.0,Worse,Sometimes,Sometimes,,1440,1.861340524431232,2.626332196194629,1615.2415071482378,913.2129544872616,89.36373007863112,11.113401239744533,28.539129102922317,9.957102812351211,22.440772405674487,3.626634475453776,3.0451289398280803,14.979320437586386,,,
5,2019-04-03,1,Wednesday,0,9.0,Same,Sometimes,Often,No,1440,1.891974633408922,2.627808724702533,1688.622681843316,928.7293253340362,89.23769722901197,13.013244289119346,40.522248350896554,11.77222977489964,18.14645941166434,6.67102988045703,4.826022304832714,19.457089715395625,34.81076208178438,0.8020274689263066,6.0
5,2019-04-04,2,Thursday,0,6.0,Better,Sometimes,Sometimes,No,1440,2.0259949079179953,2.357272548219731,2067.221126862946,1350.3076316475951,92.58522363456969,16.059617134103558,43.42725972450054,13.860144328197288,20.23668452674022,5.757290308652126,10.447228549734245,27.986448935157124,34.37945709946849,0.849829831359833,
5,2019-04-06,4,Saturday,1,6.0,Better,Regularly,Sometimes,Yes,1440,2.1419779587875913,2.37471901936492,1906.1703396890584,1100.6873528331978,96.46347589802457,10.6226916042791,39.74109597302452,9.419378535329207,23.311355700271122,4.921066906442624,10.883941605839416,29.055053995556122,31.666032846715332,5.337458013412314,9.0
5,2019-04-07,5,Sunday,1,9.0,Better,Sometimes,Sometimes,Yes,1440,2.7865802807938933,2.8620148384690207,2401.128462230098,1357.9977989515864,98.32720882512277,13.020108746314499,39.36652403174439,8.898378326481403,22.96397139089335,5.707004255489654,11.014176663031625,27.332035998364947,33.19550708833152,1.405502788560228,5.0
5,2019-04-08,6,Monday,0,5.0,Worse,Sometimes,Regularly,No,1440,1.8587692244757665,2.1997841403021567,1860.0074068984175,1350.1041144051994,94.01151726345962,13.796387407903914,36.04004826469945,6.437668737860765,21.615117080061328,4.699740371092086,6.789317507418398,24.56436533247313,35.57005440158259,1.5325325483946446,
6,2019-04-03,1,Wednesday,0,7.0,Worse,Regularly,Regularly,No,1440,1.2846517914482758,1.189916403033294,1264.0477669620689,251.99024345235415,68.34835882758621,5.352788076192893,66.65166801238095,12.045076513749567,17.991266029655172,3.614100467252864,0.0,0.0,34.72344827586207,0.3999511207820009,
6,2019-04-05,3,Friday,0,2.0,Better,Sometimes,Sometimes,No,1440,2.327843137,2.300568300261292,1967.3475708392,1312.2677714380163,92.92686179776,12.685556593514454,28.384487648205127,5.929537770803636,23.25214862252101,3.588098432845119,15.312,34.80693664644559,33.39192,1.3553644587818512,8.0
6,2019-04-06,4,Saturday,1,8.0,Same,Sometimes,Sometimes,No,1440,2.728410512787234,3.278937791285837,1290.8281076374467,388.9116909284332,78.52361851347825,6.211309566558288,28.331463291,13.767458806536148,18.500701983333336,4.053723441912233,13.851063829787234,35.241390390700396,31.11010638297872,2.947054072430285,10.0
6,2019-04-07,5,Sunday,1,10.0,Better,Never,Never,No,1440,2.2032563022075893,2.321123195934765,1528.2926600510714,869.4578267013197,74.09075256432735,13.877262402288054,45.31707707183946,16.157163208586297,17.75837104505324,3.935089664981687,14.602678571428571,31.11849607835076,31.896830357142857,2.2713521281766447,9.0
6,2019-04-08,6,Monday,0,9.0,Same,Sometimes,Sometimes,No,1440,2.0805840232696897,2.291541623970825,1607.2663126,674.4450791224425,84.53353343360381,10.855902176633077,34.24626544976401,11.270040256968333,21.16088138194103,4.252313808005242,8.219570405727923,25.610432585789635,33.71806682577566,1.0994385628212098,
7,2019-05-06,1,Monday,0,2.0,Better,Sometimes,Never,Yes,1440,1.6855788875487805,1.9393301778019647,1587.3415505159423,887.6298400078639,75.42968947996671,13.558307799956285,35.748662887639256,7.1134313908066265,17.240403388908266,4.42618824764113,4.348115299334811,17.73521775223554,34.099639689578716,1.571185569281292,1.0
7,2019-05-07,2,Tuesday,0,1.0,Same,Never,Never,No,1440,1.398063178915169,1.9688889343937457,1416.3174210156722,390.5423922072571,70.9250869812509,9.456321985007913,39.16875723788206,8.22279976655557,16.38677975212274,3.4026419116245505,3.508267433501078,16.00273481403814,34.47481308411215,0.9438007507539169,
8,2019-06-03,1,Monday,0,8.0,Worse,Often,Often,No,881,2.2438449060250627,4.459224918880418,1369.4510063693483,478.99147624948984,65.907293678219,12.46443159203123,44.83349314801739,10.265715119019667,15.891472145512822,3.73618551382273,2.9511278195488724,13.867770149329452,33.68336466165414,1.2759085088930897,4.0
8,2019-06-04,2,Tuesday,0,4.0,Better,Regularly,Regularly,No,1440,1.763270461601757,2.0310745758282103,1471.175800944905,540.6236594348617,71.19645495738772,12.557286312204573,40.88915401498138,12.909114430897713,17.274934680689178,3.883988145431897,5.051976573938506,18.433035117312638,33.90078330893119,1.2499674755796433,3.0
8,2019-06-05,3,Wednesday,0,3.0,Better,Sometimes,Sometimes,No,1440,1.729055258122054,2.074324157782542,1430.5806385922558,455.4830300769597,72.08354753163754,10.870369784368075,35.393636650214106,9.265358428317244,16.721164341981584,4.0425023389024215,4.425925925925926,18.09612267419448,34.00957491582491,1.3037246268114768,3.0
8,2019-06-06,4,Thursday,0,3.0,Better,Sometimes,Never,No,1440,1.4773394384199101,1.7265248236439583,1349.6729913307634,177.15912625246656,66.12780879738773,7.310164411908002,42.623984549561754,12.692536704819277,14.95579122619333,2.8489703395743353,2.302395209580838,12.1148632621945,33.657335329341315,1.6240047747601412,3.0
8,2019-06-07,5,Friday,0,3.0,Better,Sometimes,Sometimes,No,1440,1.805027875684484,2.753793738407181,1499.5251006410986,733.7679645138234,73.02486372082149,16.928199393759602,41.80898769794031,20.323017745564506,17.688355761625616,4.195573836748379,5.639198218262806,21.691999236064248,32.93761692650334,1.7273489187259845,
8,2019-06-09,7,Sunday,1,2.0,Better,Sometimes,Never,No,1440,1.504372505418075,1.878686760126718,1420.5715330686994,407.15728839464384,69.78329922095658,10.680788941901941,38.95157871019308,10.256356687249689,16.21447075760149,3.2494906400326573,3.5165319617927993,13.517088259780326,34.897018736223366,0.9638570779655483,
8,2019-06-11,9,Tuesday,0,1.0,Better,Never,Never,No,1440,2.017985314493689,2.2102209566124706,1510.6089086792426,627.5233242417637,73.6093532793866,11.446308913220696,34.761018721299344,10.315236967537446,16.971563510697234,3.466737295070341,7.336605890603086,21.10870788504596,33.75927769985975,1.5280502985534432,5.0
8,2019-06-12,10,Wednesday,0,5.0,Worse,Regularly,Sometimes,No,1440,1.5100311644395694,1.6170727749576717,1362.8323992471026,241.10680366005093,70.13620779899296,8.314939901640674,37.079490962471134,10.754121124017505,18.710277560280325,5.937825537309137,2.379139072847682,12.659794021886109,32.078402317880794,3.814749198434152,5.0
8,2019-06-13,11,Thursday,0,5.0,Same,Regularly,Sometimes,No,1440,1.3856657582186964,1.5780327118261845,1334.9750411527446,118.53789885210163,67.0057095101619,7.532865981128019,38.08879074463918,10.467931621353317,16.330491395506012,2.9403233780909908,0.8987993138936535,5.689389138713201,32.273867924528304,2.275547136142689,
9,2019-05-06,1,Monday,0,8.0,Better,Sometimes,Never,Yes,855,2.0559229606153844,2.4414652687728617,1384.1491573674555,260.80937403011063,64.81774761157396,9.156628473899033,30.400165661716624,6.675260403673996,14.968141141330133,2.837780555092485,7.1159763313609465,22.8395556289183,34.377668639053255,1.114769070096279,9.0
9,2019-05-07,2,Tuesday,0,9.0,Better,Sometimes,Never,Yes,1440,2.98416848186,7.001347703739566,1749.4635109617109,1496.5936025337796,66.96721901473408,23.68943652855083,27.318027583611617,7.347822416065884,14.998170560996716,4.2939791715731115,14.0,38.997766562799235,32.65510740740741,1.7605838709533856,7.0
9,2019-05-08,3,Wednesday,0,7.0,Worse,Never,Never,No,1440,1.9706022606015736,4.398749232678338,1424.358422385651,668.9414498507391,59.05494593543432,12.333141292300969,29.7507217042126,8.271009981213952,13.87266442073225,2.552798183637843,5.452789699570816,21.960209740015312,33.50176680972818,1.5059443504088255,8.0
9,2019-05-09,4,Thursday,0,8.0,Same,Never,Never,No,1440,1.718595130046154,2.001373295917585,1364.8991529541393,223.50110365050028,59.6109677949739,10.609346235739535,33.51242756338462,10.015382906147167,14.229534610340734,2.821901547999916,5.671794871794872,22.342097675038072,33.35634065934066,1.3977633989687333,8.0
9,2019-05-10,5,Friday,0,8.0,Same,Never,Never,No,1440,1.7290424433989937,2.2271904412727466,1374.2925844710999,253.95064444784106,64.37049970598922,9.06187762907763,26.11452427026039,10.06001530744596,15.554104773290348,4.053562146627798,5.4672897196261685,21.412903083805187,32.81346872753415,2.352989952861235,6.0
9,2019-05-11,6,Saturday,1,6.0,Worse,Never,Never,Yes,1440,1.9706180340896657,2.642050316087663,1407.2065890613296,329.46977934738476,61.275680625596955,12.688236157711726,31.192151331068498,7.867345354588287,14.713460249181589,3.340716714177042,12.243920972644377,34.1636043789002,33.19747340425532,1.4754974862708885,9.0
9,2019-05-12,7,Sunday,1,9.0,Better,Sometimes,Never,Yes,1440,3.21568627415035,8.334714961280278,1798.2501314144754,1609.4269002110732,65.75290063713287,25.488959428804936,29.52185055085664,8.136658957964533,14.854386245652307,4.155486197138483,14.698951048951049,40.783952170825714,33.3196993006993,1.5097682336880942,
10,2019-05-06,1,Monday,0,2.0,Better,Sometimes,Never,No,766,1.745921897826891,2.6412456373479967,1382.834457634958,341.1749832789965,70.07655374720812,8.415675201732197,41.060356136919744,8.383574761120997,15.39981287601211,3.0076523119445966,4.490756302521008,19.15753841302615,36.071100840336136,1.2074499759242847,
10,2019-05-08,3,Wednesday,0,2.0,Better,Sometimes,Never,No,1440,1.4211764702116363,1.9599452496662286,1412.9023670436218,461.6397581036124,70.15875705514203,11.694209200920223,38.20842124741674,7.5976868002278914,14.876406221073582,3.2641910403165015,3.453090909090909,16.817427113094553,36.02409818181818,1.1041296313842095,
10,2019-05-10,5,Friday,0,3.0,Worse,Sometimes,Sometimes,No,1440,1.57870370334375,2.449041717868815,1441.57551501625,540.3881567259245,71.60734897886806,11.793215393763175,39.18829108782237,8.913459941914985,15.848706561522238,4.532475195571985,3.517361111111111,17.195834094225365,36.36211111111111,1.008562329435983,3.0
10,2019-05-11,6,Saturday,1,3.0,Worse,Sometimes,Sometimes,No,1440,1.7243838882962137,2.846016830147745,1495.9912020233778,532.1399529782975,73.70248306996285,13.358552232481884,32.54777767328237,6.774868486205355,15.715880929136082,4.112370133761093,3.0438010393466963,15.61142226084631,35.9747438752784,1.4383389500025061,2.0
10,2019-05-12,7,Sunday,1,2.0,Same,Sometimes,Sometimes,Yes,1440,2.0654525151014234,4.3716369414917455,1684.2073113945728,1413.4396106465103,75.61314294002702,19.505074136978838,29.01055899054645,8.47355066009515,15.556876145798494,4.525379086664525,9.150355871886122,33.15952953231807,35.968656583629894,2.2128400139581474,
10,2019-05-14,9,Tuesday,0,2.0,Better,Never,Never,No,942,1.1871746212617866,1.6588013601609501,1457.1053540282876,645.604723550333,67.34273739182282,16.755477249096845,36.92717216376782,8.143022746045576,16.86581164456825,5.821221562367534,2.838709677419355,16.311678255947363,33.91653846153846,4.2388691935625875,
11,2019-05-09,1,Thursday,0,6.0,Same,Regularly,Often,No,826,1.7849079022363636,1.93915640045866,1401.229309969212,366.0032528502352,74.93487986798543,7.152977826819974,37.62924728855576,8.646628992541439,17.41346696550247,3.576504850881399,5.242424242424242,20.12761214886023,33.06359393939394,0.6951130722520252,5.0
11,2019-05-10,2,Friday,0,5.0,Better,Sometimes,Sometimes,No,1440,1.5249893829902912,1.8898758551294619,1424.972088193204,437.9798422224405,74.53365545711294,8.445627866664065,28.54158475241689,9.311897790988246,17.302018299051028,3.568023587043154,5.002987303958178,19.62956625827175,33.966109036594474,1.130709950027704,5.0
11,2019-05-11,3,Saturday,1,5.0,Better,Sometimes,Never,No,1440,1.1510999959547135,1.0642499560310086,1348.4174737084102,170.97484399770715,70.0440766067037,9.112846586225881,30.03733769225,9.069804301433368,16.183346513588123,3.411637557641687,0.634011090573013,5.232527277817611,34.15330406654344,1.6956897834739997,5.0
11,2019-05-12,4,Sunday,1,5.0,Same,Sometimes,Sometimes,No,1440,1.1125780316201164,1.5819499869133358,1324.0603438899416,68.82086482385118,69.83145769456739,7.335314954535867,30.941080410754545,9.211463881792652,16.16714594878232,2.8722246788209143,0.10390689941812137,1.7549577118437965,34.539576059850376,1.4726983886454545,6.0
11,2019-05-13,5,Monday,0,6.0,Worse,Sometimes,Sometimes,No,1440,1.6949696541986607,2.4200566060246804,1460.9229236208407,563.361166170379,79.2895695734773,11.420555535011191,35.44012171607685,11.080064532980723,18.49810490691997,4.5313541730856794,2.252232142857143,11.71813078976062,33.50891741071429,1.1623038268997126,6.0
11,2019-05-14,6,Tuesday,0,6.0,Same,Regularly,Sometimes,Yes,1440,2.1416705708754527,3.305976998204794,1787.6647785961623,1325.3034830152897,84.93143195522477,17.536362691648048,28.13023722781361,11.03445456339497,19.60833107852174,4.798263799538333,2.4873280231716146,10.784013538580794,33.5987509051412,1.5044879528349944,4.0
11,2019-05-15,7,Wednesday,0,4.0,Better,Never,Sometimes,No,1440,1.9060170741441373,3.0432455656044426,1501.4959153582522,610.6915170996921,79.60447357996266,10.173432346225313,30.306409413971377,10.688356523461312,18.524038555691483,3.9541004696846778,3.287528005974608,14.521832996243175,34.241075429424946,1.1699531282952522,
12,2019-05-09,1,Thursday,0,6.0,Same,Sometimes,Regularly,Yes,517,1.709226325870155,1.9434737482573463,1397.6402054252712,513.9112324288459,73.9367433055531,13.134597846517263,44.47997944421801,12.218958008445444,17.37180189539189,3.78221057396099,2.4786821705426356,15.480571318818972,33.35769379844961,1.5430848598503313,7.0
12,2019-05-10,2,Friday,0,7.0,Same,Sometimes,Often,Yes,1440,1.4662729953104245,1.831082580001136,1389.9347085332047,368.76839194010483,70.72017116622814,10.493488989548961,41.19605482687285,12.95771755920434,15.653704422882852,3.057283266048161,2.3474903474903477,14.650530513091152,33.490567567567574,3.119746119222897,5.0
12,2019-05-11,3,Saturday,1,5.0,Better,Sometimes,Sometimes,Yes,1440,1.998511672626655,4.413669861032861,1498.609073343601,895.5134667343858,72.45442913394102,15.255109080205413,41.035575391334625,14.038580005251054,16.178108999314865,3.899870176004694,4.0609002647837595,22.416724532473054,33.118331862312445,1.7114267024818752,8.0
12,2019-05-12,4,Sunday,1,8.0,Worse,Often,Often,Yes,1440,1.8583006532035555,3.196469639686369,1522.1632793110577,746.6607601364757,71.56310885316682,13.960597794572388,40.76169380547437,12.868597550169081,14.900433881748846,3.3860608395168477,3.5244444444444443,16.278781731989,33.79171111111111,1.996053909831346,7.0
12,2019-05-13,5,Monday,0,7.0,Better,Regularly,Regularly,Yes,1440,1.4703416987845765,1.6215279638904585,1389.6106373441576,383.3659139248085,68.16381546601181,11.644229495544156,46.37625974461338,10.33734088442943,15.310262902492704,3.600686921356902,2.90360435875943,16.26665162590336,34.170481978206205,1.9289852297680226,7.0
12,2019-05-14,6,Tuesday,0,7.0,Same,Sometimes,Often,Yes,1440,2.0659321127137464,4.121499566907966,1540.6289952268655,934.5478139030863,76.26854091458853,16.32872194855227,41.75580757134375,11.968585742089672,16.594809785467127,4.500245262667501,6.151057401812689,25.798594718178602,32.64791163141994,2.6656631190840723,5.0
12,2019-05-15,7,Wednesday,0,5.0,Better,Sometimes,Sometimes,Yes,1440,2.0912477575660673,3.8819796471518333,1583.656454107099,958.210589991605,73.51063974931063,16.255621409477865,46.42485403445959,10.935430683583643,15.341472813999163,3.70062893639636,9.07896794370602,30.976580383692426,33.188858483189996,1.628278715521083,4.0
12,2019-05-16,8,Thursday,0,4.0,Better,Never,Sometimes,No,1440,1.5941677574154989,2.1065911806126345,1474.49983591385,581.2638625937528,69.8173862822974,13.408942498615263,49.55617330020448,15.017646062274999,15.202382120645217,3.9135979845914175,6.227535037098104,23.59884066644234,32.36582028029678,1.788666732204552,
13,2019-06-11,1,Tuesday,0,3.0,Same,Sometimes,Sometimes,Yes,827,1.9304360193216443,2.1396396923021475,2039.643315361185,1446.9197340076814,92.56610111837209,16.171039868633773,26.394089038744912,10.074890895866739,21.93654143464604,5.680316423282835,4.892382103990326,17.535071118678506,32.56088270858525,0.8965847600694423,1.0
13,2019-06-12,2,Wednesday,0,1.0,Better,Never,Never,No,1440,1.363170727821192,1.4363095207527952,1408.501826294187,421.9723933385739,73.69610028278555,8.762559648718737,31.327387943345165,6.651925751482968,17.084782859982962,4.230024879537508,2.933038999264165,14.888068053311658,33.51550404709345,1.7260219230181089,2.0
13,2019-06-13,3,Thursday,0,2.0,Same,Never,Sometimes,Yes,1440,1.7526547853882863,1.9528924912734107,1701.9932311018076,1020.9329671912711,80.51232786863966,16.708604048438456,30.867419973608698,9.078253519342084,18.732819987082422,5.85323392413521,2.873463485177151,12.394178880544773,33.934768618944325,1.196610165045312,2.0
13,2019-06-14,4,Friday,0,2.0,Same,Never,Sometimes,Yes,1440,1.7013888885736606,1.7165405115158143,1467.5868100686755,485.71281886092873,76.34761902788217,10.437512931017174,28.718110549538704,8.148639107359369,18.22378312049428,4.259296529877094,4.084449404761905,16.131202218928596,34.0511290922619,1.5559721716652422,2.0
13,2019-06-15,5,Saturday,1,2.0,Better,Sometimes,Never,No,1440,1.529617082089753,1.835989027593051,1446.305299147644,471.1749145555097,74.71761416970764,10.061219767299875,29.777170435156695,7.870587513443747,17.602711819660392,3.9952349302378467,3.456993268511593,14.843791851196961,34.27569932685116,1.7804037402764097,1.0
13,2019-06-16,6,Sunday,1,1.0,Same,Never,Never,No,1440,1.5515771522526236,2.180118305396657,1393.048633877961,318.9199142046046,76.2245849708177,9.553610684491606,28.312977337616577,9.80370046010547,18.082002908636568,3.8857041831854,1.035232383808096,6.714706239176839,33.440026236881565,1.3842596619724965,
13,2019-06-18,8,Tuesday,0,1.0,Same,Never,Never,Yes,1440,2.1700108612001943,2.614356322546764,1961.63624159413,1296.990406394145,84.50171819270955,22.3042762314671,26.121049085648036,8.41960128300655,20.47873704430242,8.319932110700867,4.480077745383868,17.69677699320578,33.9352380952381,1.3149486854609949,1.0
13,2019-06-19,9,Wednesday,0,1.0,Better,Never,Never,Yes,777,1.3453662421571164,1.9721277291852854,1364.629269334011,310.76281001076273,69.45320114568138,9.210354911901,21.370541298690764,5.942401861712529,15.485089660895953,3.4205957540418193,0.722735674676525,7.703343472179669,34.879768946395565,1.6453317779336605,
14,2019-06-11,1,Tuesday,0,2.0,Better,Sometimes,Sometimes,Yes,890,5.0445389613165075,7.092766312803618,3921.724259946385,3606.579536826356,108.04723708265077,34.97779209462625,29.81470732317204,6.246083316063238,21.120150709350256,6.078210240994738,5.394270122783083,16.897838964174518,33.999706684856754,1.9323161347779,3.0
14,2019-06-12,2,Wednesday,0,3.0,Better,Sometimes,Sometimes,No,1440,1.7878419801106196,2.6473823638487417,1517.7043175997787,721.8299547369353,76.43040992505162,13.261918156702096,32.64882613499512,10.724409237840751,17.114139138049254,4.471884402624922,1.657079646017699,11.291427765589857,34.99979351032449,1.2406905118764808,
14,2019-06-14,4,Friday,0,2.0,Better,Sometimes,Sometimes,Yes,1440,2.8520499105498534,4.842302899405849,2212.15970742522,2250.643442044166,84.60867382034559,26.197873282108677,31.12758601256757,9.258264219191148,18.157573846450706,5.218668346250203,0.9450146627565983,6.894705194639444,35.337177419354845,0.9417993670290349,4.0
14,2019-06-15,5,Saturday,1,4.0,Same,Often,Often,No,1440,1.6637151195557363,1.82316239768354,1338.87317095642,217.3100007511016,69.57765107177525,10.290591949326348,34.74041308912458,7.606003356992546,16.011936836201166,3.567908462619401,1.7778681855166802,11.901412269913234,33.91376322213181,0.7431483011308264,4.0
14,2019-06-16,6,Sunday,1,4.0,Same,Sometimes,Sometimes,No,1440,1.5065430671132898,1.6570322947680853,1363.0051335673202,216.57615450037554,68.94766982017441,9.103832003156102,32.22990896100091,8.635998604404003,15.490449092164454,3.461557524183255,3.840958605664488,17.542808312781965,34.78754538852578,1.1829415424641616,4.0
14,2019-06-17,7,Monday,0,4.0,Better,Sometimes,Sometimes,No,1440,1.7749780956902927,3.1566142188694686,1449.873607847596,754.1366883784275,71.21069296328197,13.541952930739294,33.67140185218965,6.752872403032349,16.800764225684997,3.4840268115931794,0.9499229583975347,7.007416766514368,35.20986132511556,0.8870442350705258,
14,2019-06-19,9,Wednesday,0,3.0,Same,Sometimes,Never,No,613,1.588491605403595,2.9400928544190568,1481.9113737563725,806.7030209357812,71.19725617360197,13.674442503827995,28.10096377990403,7.563339423996129,16.266137275938128,3.863194075016283,0.40522875816993464,4.064033951713167,34.919468954248366,0.9490880301905311,
15,2019-06-07,1,Friday,0,1.0,Same,Sometimes,Never,Yes,851,1.9840423810345962,2.449737077236832,1375.4966226429983,355.6618453883116,62.2303235730033,8.807416985914168,31.521321959960552,8.545110191565845,14.016545781555557,3.4229148544241275,4.159802306425041,17.36995524390822,34.10390444810544,1.0957013942266365,1.0
15,2019-06-08,2,Saturday,1,1.0,Same,Sometimes,Never,Yes,1440,2.8969856596014925,6.55088070294049,1509.2525603801491,979.0768344522152,66.17205400445773,19.113695583402155,40.61000750323077,15.274079174941456,16.249731601584305,4.218352940884532,6.137313432835821,26.316093355131493,34.49213059701493,1.8491866169335403,1.0
15,2019-06-09,3,Sunday,1,1.0,Worse,Sometimes,Never,Yes,1440,1.459566074536771,1.858151452172015,1423.4171409426035,626.8693350874964,60.98070613628064,12.423130853882393,27.66372190548566,13.501850748151282,15.499122360550563,3.1607997238610865,3.8926458157227386,18.651160604474608,35.1875528317836,1.5219529878298228,1.0
15,2019-06-10,4,Monday,0,1.0,Same,Never,Never,Yes,1440,1.6310633423290373,2.0367493555405036,1424.475896638135,626.6734839760047,57.29765707175041,17.357103664798665,44.72423110112524,15.761981678464341,13.975759499234043,4.606146201970991,1.3631539044730856,6.212538674553301,33.493866565579985,2.917880097678363,1.0
15,2019-06-11,5,Tuesday,0,1.0,Same,Sometimes,Often,Yes,1440,1.4260506214334052,2.9578251497882606,1363.8446044167026,364.65957030060514,59.3535917716954,21.058366432950173,47.271071359784735,11.632502158028533,20.05242762925665,9.647778841860537,0.15694744420446363,2.08151350131812,29.406609071274296,5.424850027723294,1.0
15,2019-06-12,6,Wednesday,0,1.0,Same,Sometimes,Sometimes,Yes,1440,1.0495484496257261,1.5487048285682496,1327.6629032463568,104.77535679587159,59.46929874434232,11.93663264850487,31.091953090102216,9.926191516280031,22.462924594797872,9.897880406286149,0.5535269709543569,6.5314087498628695,31.881414937759338,3.8902838936080557,
15,2019-06-14,8,Friday,0,1.0,Worse,Sometimes,Sometimes,No,1440,1.4407174991880276,1.7623240787185337,1438.5302569649118,687.5263006137188,66.26825443051862,21.65905486079289,37.394746395253684,10.884073120940375,20.345213174513276,9.113841626766067,0.2831926323867997,3.349175325351852,31.593737528779737,3.898833133981495,1.0
15,2019-06-15,9,Saturday,1,1.0,Same,Sometimes,Never,No,1440,1.815629163881068,3.950435899890592,1361.117121975971,322.83174809206815,61.0678961496875,11.68443923583917,34.21190739316109,11.398648540692328,15.078312433565385,4.054896682134913,2.5266990291262137,13.490891244206681,33.139733009708735,1.9437268136750654,
15,2019-06-17,11,Monday,0,1.0,Same,Sometimes,Sometimes,Yes,1440,3.4584605227321177,9.01495685285618,1689.28650392216,1392.822485491669,61.32888546272328,25.06745292877007,55.43684027893204,12.53016176101885,12.791200982536662,3.5246486118973026,10.830995792426368,35.60476480298028,34.983485273492285,2.0383459207972145,
16,2019-05-20,1,Monday,0,2.0,Better,Sometimes,Never,Yes,865,2.4635611467052025,4.357308801503176,1922.799253494682,1775.1129991236348,87.22092612569047,19.370136653658847,32.38329839209115,6.753870273446585,18.92911455559975,4.190810626604167,11.417341040462428,35.1708847503934,33.565520231213874,1.4927935361416333,2.0
16,2019-05-21,2,Tuesday,0,2.0,Worse,Sometimes,Sometimes,No,1440,1.810596578721828,2.238074543375422,1480.3581060695824,619.6314183356831,77.96971312548897,11.648725033624023,36.715321341113025,7.682907941514903,18.566224201991172,2.9383708869159557,3.740740740740741,17.784543490009284,34.40894799054374,1.5251386709893504,6.0
16,2019-05-22,3,Wednesday,0,6.0,Worse,Sometimes,Regularly,Yes,1440,2.2139715198380228,4.041715511327629,1732.7507387007604,1485.1565894436471,80.8828984189861,19.599250856506103,38.985333090772315,10.322119944215359,18.278771074367725,4.530867398031976,8.498859315589353,30.858058065216884,33.83022053231939,2.507822872564272,2.0
16,2019-05-23,4,Thursday,0,2.0,Better,Never,Sometimes,No,1440,1.774593359753551,2.0907328600096817,1539.161877406754,718.794791790571,85.659853784989,14.119780709375373,34.0941701439374,9.984811838198125,19.944928224895456,4.235112842604104,3.6431107954545454,17.167946554396377,34.00922230113636,2.187901560002522,2.0
16,2019-05-24,5,Friday,0,2.0,Same,Sometimes,Sometimes,No,1440,1.7400166505490482,1.8326313257654028,1510.8263548653001,640.5507078332195,80.80490119493294,14.309243069154718,36.71226913882653,10.16484246161955,18.568790010089394,4.535808371933276,3.992679355783309,18.788234312108962,34.116497071742316,1.8207152548340837,
16,2019-05-26,7,Sunday,1,2.0,Same,Sometimes,Sometimes,Yes,1440,2.8802294473361463,4.253669891607447,1833.5157921604784,1109.3286492548418,89.28693613630602,13.218678210568566,34.58779892188776,10.873009571140038,20.480092014921095,4.457203029546964,11.59423347398031,29.562756984137312,30.801262306610404,2.559254189151574,2.0
16,2019-05-27,8,Monday,0,2.0,Same,Sometimes,Sometimes,Yes,1440,2.281162464673363,4.047769664160983,1725.0310422908483,1390.814939031234,80.8255284011814,18.214551726852203,37.11936271581854,11.297201338105454,19.055030582884616,4.048386401350481,8.433779761904763,30.253558726796893,34.248686755952384,2.0970567445036314,
17,2019-05-20,1,Monday,0,1.0,Same,Never,Never,Yes,833,1.4674104932460985,1.5363325619323045,1345.5212629715486,200.49037620873702,71.8609604820798,8.469591164905943,23.385472419039044,5.9255568694947485,16.449791436189024,2.955404712508551,1.9819927971188476,11.359230927927586,35.378181272509,1.1002367094677312,1.0
17,2019-05-21,2,Tuesday,0,1.0,Same,Never,Never,Yes,1440,1.4983014478731003,1.9076580656755857,1402.1265927598024,375.997673205293,72.20266854663373,9.642889615854232,26.828555591614556,10.897097949831048,17.496475218493384,3.6749924591513046,4.578267477203648,19.961273122641515,34.97219604863222,1.134212882097511,3.0
17,2019-05-22,3,Wednesday,0,3.0,Worse,Sometimes,Sometimes,Yes,1440,2.4548624342073433,5.590657881691615,1656.0513758556515,1273.123163534154,74.97360526316282,17.416718285077724,29.409776900718132,12.259105890616407,18.328849369331795,3.7482553630682838,7.913606911447085,28.911292739339395,34.6650935925126,1.5081487324873848,3.0
17,2019-05-23,4,Thursday,0,3.0,Same,Sometimes,Regularly,Yes,1440,1.7055738375611886,3.6205789077711685,1434.303541357063,503.3609285115182,73.40180920956942,12.004536909834387,26.653478761714855,9.634976256824329,17.458604943447558,4.038633465368186,4.058566433566433,17.541029917781636,35.099602272727275,1.091370086151669,1.0
17,2019-05-24,5,Friday,0,1.0,Better,Never,Regularly,No,1440,1.6740304365530192,2.7149164983199348,1436.5323892847275,507.10803521607085,74.54549334645542,9.818735724735614,24.744311116543805,10.174184218409993,17.027445781366843,3.6684459680659702,3.414580265095729,16.17178395839547,35.0803645066274,1.0905846108143358,1.0
17,2019-05-25,6,Saturday,1,1.0,Better,Never,Never,Yes,1440,1.4506270972936937,3.2148741362637625,1342.5637465052253,127.46468665287647,73.18135310909828,5.930195623110923,20.98601290204781,9.577432723209558,16.942036337491864,2.856319044348073,0.718018018018018,4.527118930038002,35.065445945945946,1.3458409381161922,2.0
17,2019-05-26,7,Sunday,1,2.0,Better,Sometimes,Never,Yes,1440,5.368581449875366,10.51604325373752,2078.72004053934,1874.8531781583563,81.65680498724963,24.505153360348757,21.305242050012158,9.130736978654275,17.21055440464772,4.830791070847984,0.8900293255131965,5.503650785862703,34.73529508797654,2.002617021745927,1.0
17,2019-05-27,8,Monday,0,1.0,Same,Never,Sometimes,Yes,1440,1.803798923427678,3.2398131209749654,1427.4155391177483,493.8416314785127,70.31209490356864,10.138263509251,26.960576651113122,10.946676540945585,16.947066434604316,3.0289385915187577,3.161845191555903,14.957516731220721,34.964190774042216,1.311905379859818,
18,2019-05-27,1,Monday,0,3.0,Better,Sometimes,Sometimes,No,885,2.2143888763820225,3.029935665621412,1453.447115962422,531.4899303119836,76.0941420624647,10.498658232086221,,,14.331564752063157,3.2458508017472316,4.388264669163545,17.513146836301672,33.65313358302122,1.8514614277330277,4.0
18,2019-05-28,2,Tuesday,0,4.0,Worse,Never,Regularly,Yes,1440,1.8826500293810606,2.640391959325842,1466.5579467555303,632.6037869939922,72.74799161459316,10.999935637312996,99.74216801818181,9.138409908997588,14.016235978547787,3.694277766966354,4.665909090909091,19.329858151458073,35.3554696969697,1.4901638096265566,1.0
18,2019-05-29,3,Wednesday,0,1.0,Better,Never,Never,No,1440,1.575435729488889,2.15420566902741,1350.9236900253472,149.4628817401274,71.41865635172582,7.413175044826607,79.33809888269663,26.91837165621858,13.568539602380055,2.592411346661687,1.1388888888888888,5.98876770161384,35.42398958333333,0.8891623181992585,1.0
18,2019-05-30,4,Thursday,0,1.0,Same,Never,Never,Yes,1440,1.635099859989938,2.642976059664981,1360.6837584459752,246.71302378850723,70.75316615427755,11.377458022444475,99.64727164615384,7.783768339503594,13.717454748866558,4.205772564277253,1.21671826625387,7.376208897254236,35.09170278637771,1.946073288020509,1.0
18,2019-05-31,5,Friday,0,1.0,Same,Sometimes,Never,Yes,1440,2.3830854177435343,3.2370336814757823,1647.7608341194396,1044.1614120751522,77.90482649837818,16.061784450067446,90.59624165857143,16.046646644341077,15.134826476919105,4.297540025940957,3.3254310344827585,10.709267529996103,35.4384375,1.3710134356770505,3.0
18,2019-06-01,6,Saturday,1,3.0,Worse,Never,Sometimes,No,1440,1.6290253324408759,1.7249908758723125,1348.7776638376642,183.17669742557732,70.37423721097882,7.721609809075511,91.33840952317203,31.006958859864792,14.70816984899488,3.188735417613017,0.9956204379562044,6.369781983294443,36.008697080291974,1.0502046130206608,4.0
18,2019-06-02,7,Sunday,1,4.0,Same,Never,Sometimes,No,1440,1.6190214400218068,2.023504293796064,1364.8177726295482,233.86186757182105,74.1099737102498,7.680665894461932,99.44268301283505,30.41192954291888,15.352991417675826,3.5537683273503533,1.3761682242990654,6.970895443165875,36.196072819314644,0.8047997351826998,2.0
18,2019-06-03,8,Monday,0,2.0,Better,Never,Sometimes,No,1440,1.6010254673175288,1.935658908652627,1409.8151109178018,478.02318291338685,71.56696315715212,10.464361617006373,74.06517207364864,26.495721531837862,14.419329720571005,4.35783894764094,2.9647988505747125,15.255487166022117,36.05483117816092,0.9907600562658558,
19,2019-03-05,1,Tuesday,0,6.0,Same,Sometimes,Often,Yes,533,2.035831217750469,2.135140525124761,1459.980768822514,465.2297777793765,75.71228063362102,12.43742212695221,32.63046934602409,8.184389274523907,17.96458597754302,4.902743841841091,6.943714821763602,24.0989622996203,34.88330206378987,1.0920457782960604,1.0
19,2019-03-06,2,Wednesday,0,1.0,Worse,Often,Sometimes,No,1440,1.9596075486219056,3.2154404669059544,1424.9724127270067,414.05452521656446,67.54564604264151,13.195855909293773,38.30390200574879,10.252909212438999,14.948854246068938,4.06750842082431,7.2685671417854465,23.874827687745714,34.921882970742686,1.4314453110356924,6.0
19,2019-03-07,3,Thursday,0,6.0,Same,Regularly,Sometimes,Yes,1440,2.6235725056358974,4.979739641807221,1600.9905273251572,991.9292523855825,74.90444801763489,17.8538304439372,38.12709477294231,9.93060573443356,16.18478822821938,5.07787073539447,8.471062271062271,25.15704496280876,34.62707692307692,1.3450271822202529,4.0
19,2019-03-08,4,Friday,0,4.0,Better,Sometimes,Sometimes,No,1440,1.9288920384676205,2.4086094378577565,1362.838765815286,219.83463407541524,67.81321356161388,10.679217628296565,40.22481833245155,10.645753039391298,14.936869749505748,4.002658452215964,3.9103915662650603,15.987663306210662,34.83582831325302,1.5414429520485362,3.0
19,2019-03-09,5,Saturday,1,3.0,Better,Sometimes,Never,No,1440,1.8179213226931106,2.4225257231862214,1375.6032804478498,347.37084233422445,65.97584577718355,12.592251895440373,42.960388476815204,8.641194947335793,15.297587239222937,4.8686233543495545,5.22964509394572,18.826976523461646,34.33220250521921,1.356906133713566,3.0
19,2019-03-10,6,Sunday,1,3.0,Same,Sometimes,Never,No,1440,1.7921236288008475,1.9493725512191693,1397.8335764853812,454.6017684509219,67.69775853105932,10.745744430690493,36.29637398148428,9.442324818300524,15.380732112212993,4.211427013215875,3.8135593220338984,16.674387317317837,34.886922669491526,1.4642846799438636,5.0
19,2019-03-11,7,Monday,0,5.0,Worse,Sometimes,Sometimes,No,1440,1.718631178393916,1.9462438068611574,1347.240521198707,220.75544330851486,67.57717855777862,11.233028709701372,39.43143811232775,10.497574472289825,14.674233550874613,4.02777096726361,3.4612167300380228,14.92001817029225,34.386821292775664,0.8846805927251187,
20,2019-06-15,1,Saturday,1,6.0,Better,Regularly,Regularly,Yes,1440,2.920873700149409,5.122669332117582,1696.4044265256427,1384.8281389255587,74.64961607170677,20.16098750854409,32.54003691753181,10.913372174908742,15.38531661307476,4.111563732968219,11.19874913134121,32.45914472564226,33.9942043085476,1.922198142269851,
20,2019-06-17,3,Monday,0,8.0,Better,Sometimes,Sometimes,No,1440,1.7043025737938389,1.9494507595684876,1398.0048215827014,397.75923655025446,66.37072620350516,9.096098233596926,33.81881662408684,13.188377521814576,15.051122934408944,3.2181700463868927,4.582148499210111,17.623588588817285,35.51572669826225,0.7702476791931526,6.0
20,2019-06-18,4,Tuesday,0,6.0,Worse,Regularly,Regularly,Yes,1440,2.8439799985780803,4.744787797337979,1777.0566490293766,1352.2814671660974,71.95069177293479,20.417924375534472,35.898049902005575,12.066258697321201,15.06550212769795,4.1584985120179,11.936962750716333,34.01503412836988,36.01703080229226,1.3080943258644477,
20,2019-06-21,7,Friday,0,6.0,Same,Regularly,Sometimes,No,1440,1.5556353314027898,1.8553142022822902,1353.8696838387445,212.41579418021408,59.733800733106456,10.388911915532319,39.40889758330139,9.628336134598237,13.752545016620903,3.3210418531311237,1.8204010462074978,9.533490275721503,35.02809067131648,1.2882614129947867,
21,2019-07-04,1,Thursday,0,3.0,Same,Never,Never,Yes,889,2.9886148005403226,5.102911197937508,1619.8951473787633,930.3245337576594,82.30642380077131,12.990252045403125,32.020181070132885,9.164687663285525,18.94056094697842,4.253438217871068,3.122311827956989,13.47715626835411,35.23786290322581,0.828416659374446,4.0
21,2019-07-05,2,Friday,0,4.0,Worse,Sometimes,Never,Yes,1440,1.9584808957077828,3.7069074747831996,1392.329157626285,323.9194685172235,73.63063994932304,9.656887965916134,28.694501490222418,9.293719521352449,17.958302940741046,3.27454997758565,1.9118942731277533,8.716256540337952,35.60355726872247,0.8158881467839252,2.0
21,2019-07-06,3,Saturday,1,2.0,Better,Never,Never,No,1440,1.8336429305529824,2.001240892725826,1371.9904695789473,233.242729190754,71.9037210983146,7.0704217557130855,32.136051977894326,7.529279464935862,17.59890491613234,2.9828166524287623,4.593684210526316,16.230211442047747,34.57738596491228,0.8298678899020793,2.0
21,2019-07-07,4,Sunday,1,2.0,Same,Never,Never,Yes,1440,1.9233803801728764,1.9103271262749375,1443.470995499255,483.76362394856096,74.71540323121461,10.907457085769051,30.943747793199332,10.36435040018863,18.1616119202128,4.1401561463692325,5.606929955290611,20.885896206925256,35.16394560357675,0.9496406491077418,3.0
21,2019-07-08,5,Monday,0,3.0,Same,Sometimes,Never,Yes,1440,2.519709722088729,4.728751773874808,1482.1109159472423,675.0465339394408,72.14882188585446,13.024437914228583,32.78297287753792,9.95553957317239,16.41232396307174,3.1939391950481344,2.5835331734612312,12.200066255012665,34.09822941646683,1.8656298567845502,2.0
21,2019-07-09,6,Tuesday,0,2.0,Same,Sometimes,Never,Yes,1440,2.4831723730858206,4.8995524275604625,1517.8885300447762,734.7459041255345,70.42679621095238,14.327439749519279,30.905579759423244,6.241051161755407,16.707964833964997,3.17110020893485,2.4097014925373132,11.862042244657454,34.09279104477612,1.5236506687354576,2.0
21,2019-07-10,7,Wednesday,0,2.0,Same,Sometimes,Never,Yes,1440,2.3727709948792453,4.4163284531184015,1550.508253018868,868.9626453371346,70.80304650971712,15.855906726300057,32.97623146661035,7.952523833660004,16.06890483459223,3.3851261878047954,2.415849056603774,11.572635030458528,34.01056603773585,1.7864626107819344,2.0
21,2019-07-11,8,Thursday,0,2.0,Same,Never,Never,Yes,520,2.4954751127634616,6.052993752654603,1563.349365,998.6975295575596,66.07841966288271,17.199528882621028,30.792615244389026,5.006470648211267,15.048843402504184,2.9015250868605715,0.948076923076923,6.91645688707429,35.24002884615384,1.8759401109162126,
22,2019-05-24,1,Friday,0,6.0,Worse,Often,Regularly,Yes,1440,2.210613974976834,4.4359360547793525,1517.3968796633203,891.1639411728718,68.66847963094489,17.69210206973048,44.69741019699164,9.615060620616587,16.66398388169433,3.456051225378995,5.793436293436294,17.397108281655086,34.18163127413127,1.513773000629209,5.0
22,2019-05-25,2,Saturday,1,5.0,Better,Regularly,Sometimes,Yes,1440,1.725068521639785,3.663132100431223,1440.6642593449462,528.9298762059634,58.4185333706681,14.360885069182354,55.670612272748684,13.96378643563579,14.367980603414091,3.0139953977289395,3.649462365591398,14.924413962064593,35.18762365591398,1.3578777441316825,4.0
22,2019-05-26,3,Sunday,1,4.0,Same,Regularly,Sometimes,Yes,1440,3.3810677825280897,8.878312969406778,1776.883893174382,1589.0877826922394,67.44291948942418,24.463950116729286,47.077293181340075,10.166530868263493,15.577005573426817,4.410623895102129,10.960674157303371,35.806602621550994,34.80897471910112,1.5659817465931714,
22,2019-05-28,5,Tuesday,0,3.0,Better,Never,Sometimes,Yes,1440,1.6939254491696512,2.5394306149051404,1378.234236144392,397.74970655192857,62.729268011103585,9.60290443277821,38.87092824434457,12.292718473241687,14.111021871554216,2.830253194364397,5.186616399622997,19.4284621487388,33.613411875589065,1.9835308828494205,3.0
22,2019-05-29,6,Wednesday,0,3.0,Same,Sometimes,Sometimes,Yes,1440,2.364785914060408,3.3886574860277077,1405.7305706121144,501.84697340111956,64.31352912929167,13.7074128570154,50.91166588208475,12.913854612645023,14.183271077731563,3.1457900174019433,6.972244897959183,19.74972193745124,33.730791836734696,1.9732745383063581,1.0
22,2019-05-30,7,Thursday,0,1.0,Better,Never,Never,Yes,1440,2.5248179267851425,5.66817684099731,1524.8300371922742,855.7076653655464,72.79603603893479,17.150678173039733,50.980318746766166,10.265335097422577,16.11170329877251,4.670809013054506,8.429714285714285,29.24374656751425,29.728285714285715,3.0963127599090354,2.0
22,2019-05-31,8,Friday,0,2.0,Same,Sometimes,Never,No,1440,2.1105922336562273,3.3910317945577075,1412.5952943236562,403.2416765099328,68.19659826202235,14.257360385847646,50.566195075076685,10.84499622226402,17.89257276375797,6.510577480119201,5.032046613255645,18.361501704947756,32.07471230881282,3.691352891420118,
23,2017-12-19,1,Tuesday,0,1.0,Better,Never,Never,,828,1.640803560384049,2.004541037982578,1033.8196319018405,460.67741287108294,65.42056096589681,7.095146469402148,61.279784184987655,13.881396687178198,16.088678307772447,1.6612018149564893,0.912883435582822,5.369265379672928,33.67862576687117,1.5889863027548843,1.0
23,2017-12-20,2,Wednesday,0,1.0,Same,Never,Never,,1440,1.5104861911149772,1.4179679381239783,1075.0468986384267,467.0261718439288,64.39896685049168,7.536889960400153,64.38177871169582,14.493846283016683,16.459151854988637,1.9539253838671802,1.3645990922844176,8.531291790791169,34.45173600605143,1.5795266567547985,1.0
23,2017-12-21,3,Thursday,0,1.0,Same,Never,Never,,1440,1.6746713663543071,2.2917185537312106,1120.936329588015,596.4030134177764,65.43906264963267,7.646447361976101,54.57240586011381,13.735294176891854,16.31145025780691,1.8438032053850937,3.602247191011236,15.892437200245247,33.98631086142322,2.0140083917634146,1.0
23,2017-12-22,4,Friday,0,1.0,Same,Never,Never,,1440,1.4537007316936867,1.5162798951423995,1080.646921278254,462.85809938681126,67.9320657700234,7.230824952881402,45.47117747660157,10.0695873021519,16.56446302093203,1.934700278872938,1.1870615744349182,6.567844968996095,34.57931021044427,1.6316334939111332,4.0
23,2017-12-23,5,Saturday,1,4.0,Worse,Never,Sometimes,,1440,1.5598768429975207,1.8871122980944224,1161.7280991735538,514.1924290073642,70.51436268419356,9.53653597353513,44.14709960728033,9.171058235233483,16.667291649269707,1.7205162209137035,2.0165289256198347,9.722266846768543,34.80233884297521,1.5562724099454173,3.0
23,2017-12-24,6,Sunday,1,3.0,Worse,Never,Sometimes,,1440,1.825516893307867,2.054256618565983,1275.5416036308623,594.5664723916094,71.63119669132476,9.411644546111711,46.74362790269939,10.918578951554409,16.594459096510267,1.8763823552884613,4.148260211800302,16.741589027874973,33.36133888048412,1.9647619738956263,2.0
23,2017-12-25,7,Monday,0,2.0,Better,Never,Never,,1440,1.4358001261305682,1.7436945353048916,1153.016129032258,472.716449258872,69.83131404883935,7.895994769089278,40.459876718550504,11.248966188624664,17.25251908481937,2.0537305413857028,1.4761904761904763,7.671421049976832,34.39835637480799,1.7652565518378345,5.0
23,2017-12-26,8,Tuesday,0,5.0,Worse,Sometimes,Never,,1440,1.925962085793361,2.220604215439549,1499.1634854771785,880.5227366147243,76.04651874124585,13.341119178677124,38.10098344253378,7.801729876524393,17.578333257269684,1.9583037352156465,4.410788381742739,16.643258583331143,34.413497925311205,1.9234629021422736,2.0
23,2017-12-27,9,Wednesday,0,2.0,Better,Never,Never,,1440,1.7129304870144804,2.122296296041961,1288.9701873935264,860.1108633892305,70.80371889576661,11.12990806958352,40.49017144513926,10.385131291762548,16.698069408508285,1.8108681056862572,7.043441226575809,25.941352710975405,33.720132027257236,2.8276583588100053,6.0
23,2017-12-28,10,Thursday,0,6.0,Worse,Regularly,Sometimes,,1440,1.8876803548067924,2.7523020106703204,1382.0188679245282,955.7109114792347,68.48628049420377,13.758992163034264,53.72051625210483,13.560159376245409,16.17985158100843,2.283851451555281,10.26867924528302,29.511715505985986,33.42243773584906,2.7090175413533957,3.0
23,2017-12-29,11,Friday,0,3.0,Better,Sometimes,Never,,1440,1.8977384460973452,2.2961319126920823,1449.6674041297936,909.0718071488974,71.7585274524059,13.573888045471211,47.79936080872641,9.626473977478048,16.483251425861237,2.062153563866369,8.013274336283185,26.133178090191933,33.40457227138643,2.6106633379556254,2.0
23,2017-12-30,12,Saturday,1,2.0,Same,Never,Never,,1440,2.2960714532117437,2.4002873037347507,1747.5338078291816,1088.987656269729,72.79057995665775,14.311684537121485,42.726127897527675,12.435832083487178,17.25941211437299,1.9698622083159816,20.85320284697509,39.671298354755784,33.59624110320285,2.594590971537209,2.0
23,2017-12-31,13,Sunday,1,2.0,Same,Never,Never,,1440,2.0856007598447137,2.0873608221973825,1508.5044052863436,966.0927335256645,76.75842913019846,11.929235228257243,43.53961258752252,10.200487498551983,16.345872626575222,1.7866804854790248,9.672907488986784,29.72772165802654,32.722637665198235,1.3287163387727121,2.0
23,2018-01-01,14,Monday,0,2.0,Better,Never,Never,,1440,2.3850515813231707,2.5463238466441322,1576.0505226480836,1063.373204881222,75.60717695226003,11.744185678926977,42.21065143595803,13.100899323450948,16.54476126042355,2.126988849039293,13.653310104529616,32.997292132455854,32.80567944250871,2.387620557541729,9.0
23,2018-01-02,15,Tuesday,0,9.0,Worse,Always,Always,,1440,1.296016981903134,1.3285915558063028,1341.7286324786326,677.4290849094358,79.99924305727727,14.34953851354532,27.28009992753076,11.313171503221577,17.97196154098501,2.073403420555909,2.6837606837606836,13.692363546494539,35.44143874643875,1.9644032905092474,8.0
23,2018-01-03,16,Wednesday,0,8.0,Better,Always,Often,,1440,1.4051814644269176,1.258481438466879,1200.4066570188133,602.0433885001806,68.28793497656523,10.927511669288185,55.57560668627366,18.658323284961543,16.07589739904203,2.3927708603177913,1.8813314037626627,8.046447517077635,33.506758321273516,1.856599602764429,7.0
23,2018-01-04,17,Thursday,0,7.0,Better,Regularly,Regularly,,1440,1.7042947565057833,1.7819445556929092,1392.0956887486857,748.8284170639131,72.2808969014511,13.748129459127364,52.70769105364807,16.780222614302033,16.045824414458774,2.0942245183477843,5.1335436382754995,18.086809382528926,32.69123028391167,1.6117231251603523,7.0
23,2018-01-05,18,Friday,0,7.0,Same,Regularly,Regularly,,1440,1.2507035393723815,1.3829404754763934,1092.4934057408843,496.3444695458167,60.94859584342391,10.396685348937558,64.2571629457545,15.157762302754882,16.4190192687669,2.1553621414333373,0.5593483320403414,4.532809126933359,34.18447245927076,2.2031651763919267,6.0
23,2018-01-06,19,Saturday,1,6.0,Better,Regularly,Sometimes,,1440,1.2048228724223744,1.4147338576671638,1027.6514459665145,398.0779127853802,57.40088040920792,9.355496674872287,73.00779169282758,14.459812283678007,16.521586255990083,1.9747330444158202,1.2838660578386605,8.77201801446061,34.09373287671233,2.1136759407878705,6.0
23,2018-01-07,20,Sunday,1,6.0,Same,Regularly,Sometimes,,1440,1.5837327520014814,1.9208716186097727,1192.9911111111112,629.1263300285262,63.203252758948146,12.738508174008997,67.0716311593667,18.782562064824923,16.04947827164528,2.065334215156167,6.358518518518519,23.66936942448161,34.6505074074074,2.1856382137383936,5.0
23,2018-01-08,21,Monday,0,5.0,Same,Sometimes,Regularly,,1440,1.2421900306191975,1.3887660797448134,1073.1164437450825,501.16416029484367,64.41392559405831,8.70819360558127,52.60587809648089,10.773024610469015,16.344354336457414,1.9846182497952405,2.1101494885916603,13.130195381830278,34.41469708890637,1.503292661292343,4.0
23,2018-01-09,22,Tuesday,0,4.0,Better,Sometimes,Sometimes,,1440,1.153440168490212,1.1303635010496067,1033.5358890701468,461.6231070869804,62.9808627568597,8.438080775675568,60.632068987043404,12.64962715302301,16.48423040165822,1.8783132299298517,1.0432300163132138,8.960079664785031,34.84864192495922,1.3148673600537493,3.0
23,2018-01-10,23,Wednesday,0,3.0,Better,Sometimes,Sometimes,,1440,1.996698235813885,4.625988322295851,1366.8471196454948,1228.1273991786347,72.09498056620001,21.99394117872205,53.089072424724925,17.01222270443697,16.58977939088688,2.1588107327240285,2.9940915805022157,12.674676136913414,33.41557237813885,1.7245793174504924,3.0
23,2018-01-11,24,Thursday,0,3.0,Same,Never,Sometimes,,1440,1.2257531361226053,1.2461515844880782,1092.272030651341,520.668241308218,68.30716732101915,10.239850697868205,47.851690738815385,14.698213807592163,16.844691284886505,1.8508426659082953,1.7195402298850575,11.614835807336844,35.771180076628355,1.0405256468192845,1.0
23,2018-01-12,25,Friday,0,1.0,Better,Never,Never,,1440,1.435767756037871,2.377220568780266,1161.5905834186285,626.8286120189973,69.66136147712892,15.88789015983724,45.662027276836156,13.185783202768816,16.29559861643483,2.6720508621632235,2.8147389969293757,14.972292297365493,33.41878710337769,3.6481188782878817,4.0
23,2018-01-13,26,Saturday,1,4.0,Worse,Sometimes,Never,,1440,2.0543978874062736,2.0894494208146797,1681.4131599081868,917.7798761923707,74.6978664669755,17.34574370368631,55.54141529939582,21.634338202624406,17.039125132896924,2.1845932997753863,7.384085692425401,20.1927766902241,34.410646518745224,1.5582538300925473,4.0
23,2018-01-14,27,Sunday,1,4.0,Same,Never,Sometimes,,1440,1.626357605907063,1.9025807093683056,1250.760594795539,702.6335075388251,72.2825571357569,13.834435139465526,48.617070164740916,16.683560884656195,16.246885239458585,2.4977269450817543,4.3962825278810405,19.022460514540736,33.57580669144981,3.0078894400783645,2.0
23,2018-01-15,28,Monday,0,2.0,Same,Never,Sometimes,,1440,1.6108480246517944,1.9262540914105084,1150.7740058195927,655.5136356682043,71.98026842722223,16.162744502794013,51.46849957027613,17.354859841189285,15.793193657915271,2.745740773179432,3.197866149369544,16.337509266546533,33.3357759456838,1.965618131795236,5.0
23,2018-01-16,29,Tuesday,0,5.0,Worse,Regularly,Never,,1440,2.3678653644242917,4.6048411949983725,1586.4995951417004,1297.5295991133298,75.82396887541803,23.848754365608304,52.13732079570339,22.64020008533914,16.64314801009267,2.24549887135723,9.11497975708502,31.29987330293813,34.194279352226715,2.3146502371019726,5.0
23,2018-01-17,30,Wednesday,0,5.0,Same,Sometimes,Sometimes,,1440,2.289425036377921,5.693363427891263,1499.0072522159548,1404.160334257524,75.26746238976594,21.76320468709089,45.707064224005016,14.649510970613386,16.66428728497419,2.0088919023313303,4.169218372280419,15.909179338078568,34.56818291700242,1.9680520145151166,2.0
23,2018-01-18,31,Thursday,0,2.0,Better,Never,Sometimes,,1440,1.6028465436942085,1.965117488980385,1277.353667953668,752.9656410383514,71.58070183391439,12.919479346253091,44.64763726486593,10.344660078451735,16.81162286557377,1.7815890718969947,4.422393822393823,17.838272908407657,34.53147104247104,1.9635797657974672,1.0
23,2018-01-19,32,Friday,0,1.0,Better,Never,Never,,1440,1.7620237436465083,2.1179375523033754,1317.5802735781137,742.9751724277313,72.53080738951044,13.326503673284414,48.449338689089586,14.25841111836973,16.980206746517315,1.7310638669378502,4.562994960403167,17.332602792252782,34.24842332613391,1.841809610679533,1.0
23,2018-01-20,33,Saturday,1,1.0,Same,Never,Never,,1440,2.1059539431541583,2.3261768121649964,1623.2829614604464,1138.5149977293106,79.25468268510143,15.223783584001206,40.01114436800414,10.409898007874311,16.94156040136364,2.1684181416666237,11.708924949290061,32.45034412714288,33.9665770791075,2.1745803312122938,3.0
23,2018-01-21,34,Sunday,1,3.0,Worse,Sometimes,Never,,1440,1.7802441728015095,2.2454664321459816,1342.3871698113207,933.7617721433171,68.30584613294029,12.99573841677711,59.21141453435321,19.183323169061055,16.060291123162223,1.9432698794162822,8.955471698113207,28.353407016596492,34.71448679245283,1.2645761625383352,3.0
23,2018-01-22,35,Monday,0,3.0,Same,Sometimes,Never,,1440,2.427608814100619,4.941634515241458,1640.3699690402477,1387.937189872934,76.77597478258164,21.223255576536623,46.981054704095314,15.835358219111363,16.598517443042436,2.013407101037714,4.987616099071207,15.7367923020497,34.15654411764706,2.437275433177169,5.0
23,2018-01-23,36,Tuesday,0,5.0,Worse,Sometimes,Sometimes,,1440,2.8829745151491353,6.688811692630418,1760.1044668587897,1489.2147904297844,80.08901247616944,22.278463459660735,38.03319439397719,9.794659930905993,17.15802910770924,2.0125306295747234,7.223342939481268,22.479033950138493,34.263497838616715,2.219359947060586,3.0
23,2018-01-24,37,Wednesday,0,3.0,Better,Never,Sometimes,,1440,1.7484202980166115,2.7292637288816026,1202.5581395348838,648.260354377429,70.35139522527015,11.707772996253409,47.061854936509675,11.704143535096351,16.50316532214167,2.0994170360308115,3.7691029900332227,14.838555142910689,34.64008720930233,1.8850663539088928,6.0
23,2018-01-25,38,Thursday,0,6.0,Worse,Regularly,Sometimes,,1440,1.7307911533597382,2.1894401472300795,1195.8502906976744,629.2518034271168,71.4033128552,10.600173399367138,45.83496633836988,12.253696352974044,16.24737581730226,1.865606397730476,3.947674418604651,16.89661036600136,34.27521802325581,1.303477442589776,7.0
23,2018-01-26,39,Friday,0,7.0,Worse,Regularly,Regularly,,1440,1.391100835875546,2.0934357440477442,1245.3515283842794,698.4780370586509,76.71941029495994,12.591419723022184,35.178239165826604,15.878351981225755,17.60669354813002,1.935578049750293,3.549490538573508,17.168632253678144,36.13407205240175,1.3603111635451575,10.0
23,2018-01-27,40,Saturday,1,10.0,Worse,Always,Always,,1440,1.0698679467493877,1.093241103286903,1167.9346938775511,606.0381688239577,86.73445113379903,11.133251566747468,18.209956974914075,5.987832473810254,19.45666549844853,2.266903553756491,0.39102040816326533,4.740461804991488,37.741697959183675,1.4398882174083698,8.0
23,2018-01-28,41,Sunday,1,8.0,Better,Always,Always,,1440,0.9747899155082707,1.1707137496804372,1041.7473684210527,302.56065329258337,79.06467704252822,9.320686630559559,23.682482248689343,10.279288917621066,18.417673333069978,1.9321550088367467,0.0,0.0,36.179154135338344,1.507256082412716,7.0
23,2018-01-29,42,Monday,0,7.0,Better,Often,Often,,1440,0.9527980957163068,0.643106724699327,1077.3261355174982,386.06560405629574,72.35507693478034,10.490756594187225,29.570591225716328,8.885343458557038,16.880949736037312,1.8670833879010273,0.0,0.0,35.8780938198064,1.1247568109990504,8.0
23,2018-01-30,43,Tuesday,0,8.0,Worse,Always,Often,,1440,1.424230106307996,1.693996890834825,1272.0315893385982,644.5694958416094,73.02553969688056,11.726925022168913,37.977642483485596,10.969036846122519,16.586162848077226,2.1166197435351415,1.9141164856860808,12.474223546862135,34.049052319842055,1.465797342080568,7.0
23,2018-01-31,44,Wednesday,0,7.0,Better,Often,Sometimes,,1440,1.1288198294113208,1.1092623451618069,1051.966037735849,396.47252724215093,61.48971275317976,8.467216226289665,53.460353117431815,13.753341267841174,17.069400838794408,2.2688274806467024,0.519245283018868,4.48838373513664,35.11111320754717,1.1189120042599918,6.0
23,2018-02-01,45,Thursday,0,6.0,Better,Regularly,Sometimes,,1440,1.0498366008854165,0.9177795332539856,998.9895833333334,270.421170991019,56.3076747250372,8.223456573460005,69.50055390517576,21.08391127518406,15.551548590760627,1.7940742528943006,0.41220238095238093,3.6973798737371597,34.02597098214286,0.9806044824780942,5.0
23,2018-02-02,46,Friday,0,5.0,Same,Sometimes,Sometimes,,1440,1.4784375284623235,1.7343010529733494,1168.4442700156985,652.385456920637,58.797669219229554,13.443444072274373,65.58183176133494,22.605798885356123,16.02358363370537,2.0997119448682326,3.69701726844584,17.172957986039407,33.40985871271586,2.118950299746346,4.0
23,2018-02-03,47,Saturday,1,4.0,Better,Sometimes,Never,,1440,1.581579926075896,2.00947373784988,1162.6148981026001,574.4952661289855,59.85626372942294,13.038909220772794,74.33638004849276,21.76960820225495,15.66701339356051,2.0388835477614946,0.6865776528460998,4.835276317827076,32.339209416725225,1.8349261944162163,3.0
23,2018-02-04,48,Sunday,1,3.0,Better,Sometimes,Never,,1440,1.2588631408444444,1.1932231116081937,1061.641414141414,435.4720666485545,63.69636339417172,10.481179915997155,65.41054403964687,24.3681771857135,16.12784498628008,1.8377803293127946,0.4767676767676768,4.095543171439663,33.541459595959594,1.5894814341184706,
23,2018-02-05,49,Monday,0,,Better,,,,1440,1.4568051204146146,2.046943714469639,1616.94027095695,1229.571777512418,63.2703166618283,13.74177510871523,66.6809232267742,23.782799853283244,16.854460839180142,2.4031023917047376,2.630659253375695,13.99782110437077,33.95206513105639,2.1198139711739077,4.0
23,2018-02-06,50,Tuesday,0,4.0,Better,Regularly,Sometimes,,1440,1.631703627286754,1.9463488568728917,2382.755127827802,1466.4198764341056,68.28475965889294,14.746521729744643,53.30491473151137,19.080982050868304,17.418066030270865,2.8858005879006243,4.006550218340611,18.316687734455954,34.04232168850073,1.4891536219264858,1.0
23,2018-02-07,51,Wednesday,0,1.0,Same,Never,Sometimes,,1440,1.6332492361783295,1.947715482720945,2263.6679075256584,1216.240998124311,65.45410393917922,13.177586753600433,56.00873996141989,15.338144711253031,17.030977696752647,3.0104807424079403,2.7441685477802857,13.31299011503034,33.41104213694507,1.6071646654208744,3.0
23,2018-02-08,52,Thursday,0,3.0,Worse,Never,Sometimes,,1440,1.4636756897960577,1.674424981320574,2298.2588801576194,1313.4916593224634,67.98180304896054,13.413443447659867,52.03296063533486,14.86490931375051,18.37691171542759,2.7487348960153226,3.299469294920394,15.536796345749883,34.493586050037905,1.0650010999671173,1.0
23,2018-02-09,53,Friday,0,1.0,Better,Never,Never,,1440,1.5589914294422933,1.9718047199871414,2609.2898796798213,1726.657493526033,71.16239081180937,17.311389268668538,45.92528877455303,16.01664665366478,17.87283414565575,3.477780843489688,4.464631422189129,19.601166173079466,34.47858153387938,1.317623230767369,
23,2018-02-11,55,Sunday,1,3.0,Worse,Sometimes,Never,,1440,1.6145082535517787,2.1736268506583896,2590.0865865217393,1610.8994149287212,75.49318506539558,10.50174384396175,36.779025578870055,9.28104081439993,19.306507683402558,2.649215107542532,5.917786561264822,23.312432336114718,35.20318972332016,1.4534318985067185,3.0
23,2018-02-12,56,Monday,0,3.0,Same,Never,Sometimes,,1440,1.3657366266276434,1.4838047906141385,2378.3688609614046,1403.2701568414316,71.33063111293806,11.935084043300677,39.895876683543726,10.525665832963508,18.493541507240852,2.6097535329297403,1.649546827794562,10.251021361206833,34.66756797583081,1.6558964407796644,2.0
23,2018-02-13,57,Tuesday,0,2.0,Better,Never,Never,,1440,1.5267778749746268,1.901330008253885,2494.878707608955,1453.1671482941592,70.35717302307692,11.220245569185428,46.0272369528211,7.723077043528718,18.22204306065442,2.5897760465665463,4.029850746268656,17.806083619613556,34.40366044776119,1.860404400556495,5.0
23,2018-02-14,58,Wednesday,0,5.0,Worse,Regularly,Never,,1440,2.425292597392248,3.1507280387913177,3954.7078234282944,2269.2068869645905,88.05143982550388,24.975974961983255,34.4349641568123,10.785594983784417,19.320320905889844,4.717116551457508,8.622480620155038,21.39094789194886,33.131895348837205,3.2774945658339,3.0
23,2018-02-15,59,Thursday,0,3.0,Better,Sometimes,Never,,1440,1.537536480249813,1.7285773813445044,2607.711867972326,1473.7932245239933,74.54288935121915,10.230192007346444,39.34554678119369,8.389356216175086,18.98523797119155,2.588019290833767,3.6058339566192967,17.314441259223923,35.547438294689606,1.2878005001215242,4.0
23,2018-02-16,60,Friday,0,4.0,Worse,Sometimes,Sometimes,,1440,1.521522389010317,1.9603626356623254,2409.028169522476,1266.5264952078073,72.22275887230656,9.853533258630367,44.49023919288706,9.927064475839344,18.196812276788105,2.5881820508667457,3.122328666175387,15.687529887886882,33.38767133382461,1.8182651910208882,1.0
23,2018-02-17,61,Saturday,1,1.0,Better,Never,Never,,1440,0.9879675136145553,0.8691139112594524,1949.6706089158133,422.1995129367882,66.9694473917536,5.490231822813749,44.45864903014427,11.16672099415471,18.496412836367238,2.3890157969307024,0.16621743036837378,2.1428838598613273,34.80547169811321,2.1102619210236475,
23,2018-02-19,63,Monday,0,2.0,Worse,Never,Never,,1440,1.2741840918488372,1.6246436048366146,2209.7823131882888,1128.1243436461675,68.23864195062345,8.514482060755805,43.77634357951179,8.826090996454596,18.139202613322148,2.1776573219088298,2.083056478405316,13.928259794671522,35.22806063122923,1.2856508572811955,1.0
23,2018-02-20,64,Tuesday,0,1.0,Same,Never,Never,,1440,1.6708437757852965,1.8688761080311487,2701.468629822974,1650.114079162056,72.900092325602,11.905914701275329,40.582638817184055,7.644818352989139,18.701538323956157,2.6552997455335325,6.510442773600668,22.741331537270828,33.68610693400167,1.998799892509176,4.0
23,2018-02-21,65,Wednesday,0,4.0,Worse,Never,Regularly,,1440,1.275673473764095,1.4713081540061221,2188.6126390736645,1030.926656448579,70.00220408949518,10.116429756067236,42.961588318624536,9.788377200285469,18.367195203827254,3.0116262943070344,1.4161721068249258,8.859688552833449,35.0181268545994,1.4279806985764576,3.0
23,2018-02-22,66,Thursday,0,3.0,Same,Never,Sometimes,,1440,1.4219557166022971,1.877371001148862,2228.8111897379754,1169.6056926966157,71.38869405121407,9.624364977050334,43.17998342601738,9.874669385010382,18.68864118626087,2.6951209719043043,2.16367552045944,13.485536152909125,34.73775305096913,1.810352585810125,5.0
23,2018-02-23,67,Friday,0,5.0,Worse,Sometimes,Regularly,,1440,1.642135191515473,1.9464428398706024,2590.945134124403,1412.4081475822059,76.01170735574844,11.027373599355604,39.98005484389937,9.62811352267186,18.887798336491056,2.511009395434349,2.9946949602122017,15.569085779474616,33.37507957559682,1.6566394288444204,1.0
23,2018-02-24,68,Saturday,1,1.0,Better,Never,Never,,1440,1.420858197989372,1.5563980502996555,2629.9842123405797,1493.756329282778,75.00727476413527,12.00543913581686,38.51058650766082,9.352627441940335,19.361180846451894,2.8641505431112666,2.2946859903381642,12.243149143131205,34.611917874396134,2.6874897090387124,1.0
23,2018-02-25,69,Sunday,1,1.0,Better,Never,Never,,1440,1.6920673911933488,2.1966140875301465,2605.5533955412993,1413.429145848741,73.2289208986079,11.335616903623777,37.10230713529695,10.930333253219038,18.009635808480724,2.651933412575571,4.266047950502707,17.652486460968174,34.63661252900232,2.0408123729401626,3.0
23,2018-02-26,70,Monday,0,3.0,Worse,Sometimes,Sometimes,,1440,2.7068313660983607,6.727472862242533,3056.6294427746293,2593.28089095044,77.8435792893647,20.41907069312683,38.769450033674644,9.664823398588613,18.115426168189416,3.6529877922280987,4.024199843871975,14.222568163311125,34.58380952380953,1.6473242175579859,2.0
23,2018-02-27,71,Tuesday,0,2.0,Better,Never,Sometimes,,1440,1.5207168836945701,2.0666979943063812,2394.559053785822,1344.16819837189,76.23396170598039,9.985698916862662,31.898393160189823,8.957046589690803,19.189232048801212,2.804395735037114,3.3446455505279036,16.244906243355256,34.794573906485674,1.69925234041932,5.0
23,2018-02-28,72,Wednesday,0,5.0,Worse,Regularly,Sometimes,,1440,2.661298739742966,5.4707943469204,3646.6971340107225,2706.9923635825276,84.16382308910755,20.032065486312643,34.88005321956408,9.511252878882345,19.161140280610184,3.337743417025571,7.204562737642585,22.22737716772144,33.167555133079844,1.8995069985950168,5.0
23,2018-03-01,73,Thursday,0,5.0,Same,Sometimes,Sometimes,,1150,1.5886581643745743,1.966600175096824,2567.219874693984,1613.1347683042588,74.7200851504105,13.129433070270352,36.97541782720046,9.481009169787141,18.466391159886705,2.951913342434006,5.0442678774120315,20.549034304692597,34.971311010215665,2.183369167443868,
24,2017-12-31,1,Sunday,1,3.0,Same,Sometimes,Never,,2,0.784313725,0.0,292.0,345.0681092190352,59.119471105,2.514888390712308,34.123655915,0.6462803881376448,14.033886084999999,0.04792216098272783,0.0,0.0,34.705,0.02121320343559723,4.0
24,2018-01-01,2,Monday,0,4.0,Worse,Regularly,Regularly,,1440,2.401590979748533,3.3220053129893876,1642.5440067057837,1351.7166502762082,64.32240824053827,21.17897812087472,48.43346496768603,16.00464831636571,14.88633630559256,2.5733447612791918,15.038558256496229,35.12755073640096,32.15479463537301,1.9523252194038203,4.0
24,2018-01-02,3,Tuesday,0,4.0,Better,Sometimes,Never,,1440,2.9057938962090226,5.118773544849715,1639.581954887218,1216.7090645488724,66.21476421070136,26.33782439908506,58.17938764515638,21.874674118622018,14.549676208773015,2.6572000193455545,9.728571428571428,23.266393514737732,32.622052631578946,1.6117975622662566,3.0
24,2018-01-03,4,Wednesday,0,3.0,Better,Sometimes,Never,,1440,1.574234403234651,1.9396349640385433,1159.1396131202691,655.6266047084528,58.84181591752733,12.937930196508134,53.13962691364177,18.10254774200329,14.606839595527426,1.812359277108958,4.140454163162321,18.032507686497624,33.88158536585366,1.060403481823659,3.0
24,2018-01-04,5,Thursday,0,3.0,Same,Sometimes,Never,,1440,3.7564053697149027,6.18988702969402,1844.1652267818574,1180.2516303945426,77.45912921191767,20.37361864851195,38.5735622830137,13.399322007345063,15.551654323092341,2.6130656662042013,16.490280777537798,30.04791511456145,33.020480561555075,1.5750050574436574,3.0
24,2018-01-05,6,Friday,0,3.0,Worse,Sometimes,Sometimes,,1440,2.306338027859155,2.925360298842654,1477.0140845070423,1105.2365360783679,61.88226928500444,17.454438263829314,59.82365753090909,20.78379135917748,14.248782538190692,2.1483032444796293,12.171654929577464,30.288532124022748,33.14099031690141,1.595884274478352,4.0
24,2018-01-06,7,Saturday,1,4.0,Same,Sometimes,Never,,1440,2.071227104013865,3.0758030620021533,1327.3821490467938,914.9481866629229,58.59196474790393,13.91059500745074,58.17282521801527,18.237278754531847,13.838719984401083,2.1987588433106797,9.323223570190642,25.99253408066173,32.76430675909879,2.109995261769497,3.0
24,2018-01-07,8,Sunday,1,3.0,Better,Never,Never,,1440,2.362673536247445,3.507383962384588,1563.8839416058395,1160.9361391446905,61.58862307419166,21.255186415209042,62.82993314677109,19.663263298840754,13.987421361536898,2.8319786209553794,11.678102189781022,29.45051988173346,33.14806569343065,1.7842117983807566,4.0
24,2018-01-08,9,Monday,0,4.0,Worse,Sometimes,Sometimes,,1440,3.0607511818924733,5.1031081924273405,1747.07910906298,1317.9018941685927,73.06079917763888,26.47391764274456,49.696033274311844,20.932551840817467,14.212527841738,2.9564146260299875,10.794930875576037,25.922996099646827,33.410437788018434,2.0518825836709182,4.0
24,2018-01-09,10,Tuesday,0,4.0,Worse,Regularly,Sometimes,,1440,2.601970883688006,4.1828813304802,1566.3568800588669,1216.6976956930755,69.36391021631074,21.403515225222975,50.31356845168429,19.013553873662016,14.234521708708492,2.5911034014799226,11.688741721854305,29.844211820655104,32.59199043414275,2.333450033337391,4.0
24,2018-01-10,11,Wednesday,0,4.0,Better,Sometimes,Sometimes,,1440,2.9168915269281346,4.917648766679153,1647.93501529052,1301.3248035885629,72.93574452543277,23.833566163299636,46.00211186359186,18.627127369939622,14.843354328386678,2.5793668021549556,11.587920489296636,27.228311376787893,32.81673929663609,2.228533801845506,3.0
24,2018-01-11,12,Thursday,0,3.0,Better,Sometimes,Sometimes,,1440,2.367021674687548,4.283821850734898,1295.1084797555386,884.4749244002743,67.28787047047365,18.876863294662424,51.27782627133387,16.83922108984791,14.59717284261804,2.1160813806985583,6.017570664629488,19.666302461408552,33.612864782276546,1.8074651427912956,3.0
24,2018-01-12,13,Friday,0,3.0,Better,Sometimes,Sometimes,,1440,2.7450980389059954,4.655356940426442,1541.2857142857142,1162.9337842091538,70.2838708311564,21.504195300854164,51.87292458396593,17.44015834973027,14.69590219414515,2.4155483012660555,11.837897853441895,29.94782499528266,32.88791635825314,1.7879790494150056,4.0
24,2018-01-13,14,Saturday,1,4.0,Worse,Sometimes,Sometimes,,1440,0.8931793571503067,1.1366152592869099,958.4049079754601,52.0268615527882,61.15056369128165,21.07143453263919,57.9457222721246,21.68190514644147,13.467677304777778,1.810919041266961,0.0,0.0,30.170628834355828,3.702635720443903,4.0
24,2018-01-14,15,Sunday,1,4.0,Same,Regularly,Sometimes,,1440,0.8073817757466063,0.7668175380095618,959.1022624434389,25.07043419251747,110.74629313066063,10.706355478987122,18.468701843142988,4.214766736629302,10.37500239091312,1.4677883853327285,0.0,0.0,22.23906334841629,0.2333666944944918,
24,2018-02-01,33,Thursday,0,5.0,Same,Sometimes,Sometimes,,1440,2.4718670073673916,3.6141047137997955,1372.3391304347826,1072.5949984388635,72.940688418878,20.399474457059522,45.530494285856484,13.9925214023046,14.104069442823333,2.4735570237440405,8.942391304347826,25.678898301852414,32.90490760869565,2.698291013396807,6.0
24,2018-02-02,34,Friday,0,6.0,Worse,Regularly,Regularly,,1440,2.4852566977923662,4.198450043594561,1331.496183206107,1013.5676483366608,66.99457973388378,19.989693934490635,51.93610799311869,22.65151519589374,14.254449166376643,2.3042260647382182,9.338167938931297,26.778398983194897,32.973454198473284,2.5865675295630712,6.0
24,2018-02-03,35,Saturday,1,6.0,Same,Regularly,Regularly,,1440,3.243235438232695,4.850301501025734,1821.7437407952873,1354.0451529448917,71.58899809878139,23.789445816046104,52.48923493973108,16.977522535385784,15.123074776469435,2.8360470869460737,16.477908689248896,33.48822467362545,32.4609941089838,2.0268715175913465,5.0
24,2018-02-04,36,Sunday,1,5.0,Better,Sometimes,Sometimes,,1440,2.4585551656571005,3.2466249910879665,1562.2575423105225,1120.0272777882822,63.54399686284342,15.683578941779006,55.27398717442975,16.145937315787148,14.874454406571429,2.4280814104733563,13.93009565857248,32.80066945740403,32.89568800588668,1.9455377708380113,5.0
24,2018-02-05,37,Monday,0,5.0,Same,Often,Regularly,,1440,2.888408304197794,4.7907407611596735,1655.883088235294,1210.9781627584057,72.4928331539631,23.471902290187032,46.16142411035214,18.88778732485415,15.142854135891893,2.461462006919883,12.97720588235294,30.642810249742613,32.717915441176466,2.172471789390967,5.0
24,2018-02-06,38,Tuesday,0,5.0,Same,Regularly,Sometimes,,1440,2.7517550227098764,4.783616516557395,1554.7453703703704,1147.611977518447,69.04797998829193,19.84003405865772,51.07650901716318,20.43202971266115,14.763112745792544,2.084110170198476,12.510030864197532,30.705147400887746,33.34855324074074,2.7236287843045384,4.0
24,2018-02-07,39,Wednesday,0,4.0,Same,Sometimes,Sometimes,,1440,2.8202282361357036,4.814921192972558,5076.612481857765,3473.652574938433,75.00370950638747,24.59250906413508,47.29610252938552,20.563239825385356,15.929125181549486,3.8087325475348903,0.11596385542168675,1.9909633008443461,33.12521044992743,2.4604869358499726,4.0
24,2018-02-08,40,Thursday,0,4.0,Better,Regularly,Sometimes,,1440,2.275967635813383,3.364701458364268,5621.340520446097,2107.2870666525173,68.56209013933582,19.080974458714117,49.70521105917252,19.364348502856945,14.362491157367158,3.3071106281974516,0.0,0.0,32.600914498141265,2.2295249309068494,5.0
24,2018-02-09,41,Friday,0,5.0,Worse,Regularly,Often,,1440,2.9336995495136184,4.112696059864973,6241.43579766537,2451.0893544153237,70.4872744238099,23.317295881627302,53.14017991670399,21.044299607779593,14.81893177452196,3.5052574012203537,0.0,0.0,32.08794552529183,2.191598492748278,6.0
24,2018-02-10,42,Saturday,1,6.0,Same,Regularly,Regularly,,1440,2.3723492305116447,2.982949517005611,5868.299854439592,2180.744042772414,66.09022051635834,15.610274786613315,55.76761342404965,19.79267706351718,14.478733835515472,3.361356388834366,0.0,0.0,32.962194323144104,1.8413929045497637,5.0
24,2018-02-11,43,Sunday,1,5.0,Better,Sometimes,Sometimes,,1440,2.4758070525171103,3.6910953276171905,5912.411406844107,2096.5305032389456,61.09309081851032,17.19771796469044,56.92408088220354,14.61572682019722,13.25915921072059,2.619068815013603,0.0,0.0,32.74704182509506,0.9726172510926316,5.0
24,2018-02-12,44,Monday,0,5.0,Same,Sometimes,Regularly,,1440,1.8887387936945024,2.5251808173559995,5260.461377870563,1902.2217561066934,61.77096347526836,15.241750870584148,52.922603106014755,19.327625167885714,14.346505317126894,2.7452144654148816,0.0,0.0,33.763444676409186,1.808350802402173,6.0
24,2018-02-13,45,Tuesday,0,6.0,Worse,Sometimes,Regularly,,1440,1.9430337093973178,2.8341621945316757,5583.865884325231,1664.1803257142972,70.57944858585577,14.990144324509012,50.46534858040835,19.053219581371234,14.731444865284828,3.4366280104957596,0.0,0.0,33.376202849958084,1.4125387233838933,6.0
24,2018-02-14,46,Wednesday,0,6.0,Same,Sometimes,Often,,1440,1.7824229156932423,2.2841566513853153,5550.495823842065,1785.6412782215318,68.68943977111451,14.892485767051593,46.569509983921726,16.578842947634264,15.044013453029459,3.422548128631038,0.0,0.0,33.872065299924074,1.8631241192080126,
24,2018-02-20,52,Tuesday,0,4.0,Same,Sometimes,Sometimes,,1440,2.2981948103034533,4.439162338358341,5695.918442321822,2076.5027931503237,65.37532466962445,18.902602564097474,49.75841325388037,19.26631089749845,14.397541842688115,3.31658776574279,0.0,0.0,33.72827700220426,1.1435190733028737,
24,2018-02-22,54,Thursday,0,4.0,Worse,Sometimes,Sometimes,,1440,2.1071817030134934,2.2490789068284345,5508.7301349325335,1938.013252148172,73.24979503932332,11.786074550106012,44.229923126583074,10.969743957612602,16.461491309025917,2.919762123159818,0.0,0.0,33.595569715142425,1.5378109483207347,
24,2018-02-26,58,Monday,0,6.0,Worse,Regularly,Often,,1440,2.8861915133499623,5.423092424848941,6223.907029478458,2284.483579186739,73.62442627130699,25.48125975387237,47.8845129794182,20.44282681271919,15.57457535764441,3.695758861406597,0.0,0.0,33.36069160997732,2.492718267009218,7.0
24,2018-02-27,59,Tuesday,0,7.0,Same,Often,Often,,1440,1.8097965774764047,3.1556860110267086,5246.191011235955,1615.0288912460119,65.04762441843727,16.829353513643944,43.25532591179376,16.802602915145293,14.647644143299383,2.311162428934789,0.0,0.0,34.046265917602994,1.9332151096345687,
24,2018-03-01,61,Thursday,0,4.0,Better,Regularly,Regularly,,1440,2.6906896189977254,4.446646992281015,5854.212282031843,2287.673250992988,66.91072623051146,20.264239044731266,51.05951334355537,20.591622833630407,14.62379249749639,3.289159836607747,0.0,0.0,33.22606141015921,2.1464706649868996,5.0
24,2018-03-02,62,Friday,0,5.0,Same,Regularly,Regularly,,1440,2.268790849358333,3.1077984226441853,5674.373611111111,2272.2258212519,66.67627600180478,19.241035383416076,49.1326185470457,16.938156679330216,14.454683221060014,3.0527046994597584,0.0,0.0,32.871177083333336,2.0659947772507357,
24,2018-03-04,64,Sunday,1,3.0,Better,Sometimes,Sometimes,,1440,2.795210208604012,4.988569631041446,3289.1971832028976,2441.7398305833503,65.8662160737249,23.285190685269736,58.74073925906842,24.124835676824013,14.278148015079617,3.7144770046466906,12.886329866270431,30.29637504503715,32.62714338781575,1.2730433901108555,4.0
24,2018-03-05,65,Monday,0,4.0,Better,Sometimes,Sometimes,,1440,2.5750131467157087,3.8570189197803812,3051.9567221670804,2303.655710836574,66.5702981729738,19.37171490091041,54.83600986989681,20.40118180310082,14.656253319711864,3.5098082700122615,10.726436781609195,28.66454140564946,33.83174329501916,1.8117704177908542,6.0
24,2018-03-06,66,Tuesday,0,6.0,Worse,Regularly,Regularly,,1440,2.358435999449115,3.6210554779825426,2940.6839599631267,2123.293404532014,66.50632338590674,20.17887974716632,55.77680560916314,21.456450333062467,15.02360901849885,3.6632191219722725,11.14306784660767,28.5739830162916,33.23031710914454,2.098964612730053,3.0
24,2018-03-07,67,Wednesday,0,3.0,Better,Sometimes,Sometimes,,1440,2.852235177345954,4.679605258988433,3110.9828167426876,2405.35858925962,69.32267236163189,23.547313173587813,53.326601034006494,21.23995102651293,14.418032409906273,4.087355974854946,12.058648849294729,28.89925070804704,33.41884187082405,1.871760230918848,
24,2018-03-09,69,Friday,0,4.0,Same,Sometimes,Sometimes,,1440,2.7001574349153286,4.631593595936537,2881.6894675865697,2169.24306226777,64.6741632073607,20.029109050886078,61.38503498779242,17.63161450183544,13.731891832981747,3.1757842496391175,8.037956204379562,22.730967384072265,32.55483576642336,1.5619661075999791,4.0
24,2018-03-10,70,Saturday,1,4.0,Worse,Sometimes,Sometimes,,1440,1.405379355672811,1.7013384052275329,2176.6665605056837,1061.2972299100861,53.13645354333846,11.870445600602325,69.22842638291601,19.343538477475725,12.351651420556589,2.110887112331768,2.3256528417818743,10.977526805499021,31.56692012288786,1.2375614047524799,
24,2018-03-13,73,Tuesday,0,3.0,Same,Sometimes,Sometimes,,1440,2.4269803918688,4.069600323154145,2789.4874856413794,1949.502044712762,66.78255438323978,18.213586521361005,50.921231973271816,20.234943697501812,14.489132280202972,3.3936698991128282,8.7408,26.006250699021138,32.493412189254215,1.8813881239609613,
24,2018-03-15,75,Thursday,0,5.0,Worse,Sometimes,Regularly,,1440,2.9091195151614846,4.49446660101662,3022.507253285757,2284.5339795684463,67.2491631822211,18.30286962341222,50.415054327216716,16.315816108837087,15.096222633734568,3.081626179883355,13.792377131394183,31.70654889826943,33.06731695085256,1.8462959086160107,5.0
24,2018-03-16,76,Friday,0,5.0,Same,Sometimes,Regularly,,1440,2.6933455101369086,4.496953600256424,2826.5670516249825,2184.7734613169596,65.26931105526204,23.375598731095785,56.65011594204513,19.88772246053948,13.93772928038807,3.738394005400129,10.525052928722653,25.672141914828178,32.157858151023284,1.6571894760058152,
24,2018-03-20,80,Tuesday,0,5.0,Better,Sometimes,Regularly,,1440,2.927720107410784,3.620279777509714,3328.225505850392,2521.3035918725864,73.40599611707677,20.429861532127987,45.41476223743524,15.148454901069249,15.98336880352659,3.669281496766915,15.909803921568628,33.23461226441243,32.88817156862745,2.246923109331894,4.0
24,2018-03-21,81,Wednesday,0,4.0,Better,Sometimes,Sometimes,,1440,3.0551646493002393,4.993377795742906,3296.4350868744023,2569.6598310646677,69.12546635597123,26.261070400319753,54.14423977525676,21.881138750672548,14.297483315958496,3.847447987662686,10.555023923444976,25.191018000541757,33.39294258373206,2.360370482755003,3.0
24,2018-03-22,82,Thursday,0,3.0,Better,Sometimes,Sometimes,,1440,2.9592363258539476,3.9357615535441495,2842.1592332671053,2103.370181711096,68.51499246200792,16.466600756831077,49.47578622178242,13.293069540952516,14.893736798273352,2.9590629107100974,11.282894736842104,28.163464536389384,33.60002631578947,1.6405421432199625,5.0
24,2018-03-23,83,Friday,0,5.0,Worse,Sometimes,Regularly,,1440,2.4343487391510417,4.654736473070587,2796.2765792220016,2293.480662109804,64.63856730051377,18.009473175212182,51.3737238747015,13.618228957545886,14.194879626209552,3.2390598702171713,10.517857142857142,27.86532300070126,32.219739583333336,2.1809547696508873,6.0
24,2018-03-24,84,Saturday,1,6.0,Same,Sometimes,Regularly,,1440,1.611986317485258,2.501558986812856,2616.0220111140047,1971.1900547633936,58.9717823407257,16.444541025323193,56.78341584803973,16.115420290010615,13.339445526327477,2.568839393316617,7.631449631449631,24.478306656894635,31.477628992628993,1.7733079608959192,
24,2018-03-26,86,Monday,0,3.0,Better,Sometimes,Never,,1440,3.43369508580402,5.303177308828853,3543.614580701149,2297.49713837172,68.89258650237545,21.27237120089027,56.7975985667103,16.260076811247632,14.298804937130924,3.5978757192465314,14.587221823402729,28.283123858965663,31.914698492462314,1.5306124871279578,
24,2018-03-28,88,Wednesday,0,3.0,Same,Sometimes,Sometimes,,1440,2.7157720682824182,3.6366284684338255,3390.2496159019884,2088.0486702417315,66.64192517157726,17.89331940800713,56.368466797265484,18.085184398264257,15.057561680552373,3.4630431846296914,8.180588703261733,23.221551432387923,33.74023866348449,1.7991245169218568,
24,2018-03-31,91,Saturday,1,3.0,Better,Never,Sometimes,,1440,2.047177401902808,3.1668272602756353,2694.625908000504,2033.4628407755845,60.25951625249637,13.617098375953011,55.097657692876496,17.061312651054486,14.328012350184855,2.8115898818179694,10.853851691864651,29.98704489599975,32.71237221022318,1.5906457030307164,
24,2018-04-02,93,Monday,0,3.0,Same,Sometimes,Sometimes,,1440,2.4932016599233577,3.637465898300115,3315.867017320438,2633.075202179346,67.40143598036029,23.87962904195713,49.28367311024816,17.317485673405063,13.795995296081943,3.1605407599221778,13.646715328467153,32.229285058057485,32.663109489051095,1.8642906388893075,4.0
24,2018-04-03,94,Tuesday,0,4.0,Worse,Sometimes,Sometimes,,1440,2.998530307676417,5.0411587379310445,3262.9778682269653,2417.090909883009,75.39362288008257,22.88799252931495,45.7431445298042,22.26680141619478,14.720928445904669,3.7156470705239646,12.53473491773309,28.497318216598632,34.21633912248629,1.922446051954797,
24,2018-04-05,96,Thursday,0,4.0,Worse,Sometimes,Regularly,,1440,2.42116909427116,4.71511814664429,2767.9805040557208,1946.0212620115396,70.48849040930087,18.359015194249437,54.69792900980446,20.57727364595642,14.79015892533253,3.538251106920341,7.109717868338558,22.87196484950959,33.46962774294671,1.6064571537411751,4.0
24,2018-04-06,97,Friday,0,4.0,Better,Sometimes,Sometimes,,1440,3.547535041333333,5.260312531343859,3676.5288552723696,2719.9335281597973,79.76549887943676,22.078777126401302,48.37644965039655,16.200918303342593,15.756513856420213,4.314753049374596,15.588003933136676,32.356137889160166,32.666106194690265,2.237515028879049,
24,2018-04-08,99,Sunday,1,4.0,Same,Sometimes,Never,,1440,2.58834888014265,3.1811955478153626,3324.715995245185,2276.4303516857226,66.17330813609614,19.55644762793559,59.30975861857639,18.468544184838038,14.200556474520944,3.373801607840526,12.93482983345402,29.655878204676146,32.920814627081825,1.286259423014317,
24,2018-04-11,102,Wednesday,0,3.0,Better,Sometimes,Never,,1440,3.898724538149515,6.648095621761151,3556.859116568932,2514.818671675154,78.84464720177053,20.43827265739679,40.71038111453271,15.634688871462329,14.970932706782845,3.774944422118313,15.444660194174757,30.51849230907892,32.73381553398058,2.027711613545659,4.0
24,2018-04-12,103,Thursday,0,4.0,Same,Sometimes,Never,,1440,2.313183337534562,4.5670184130144325,2455.333914474654,1687.661880371522,68.64435464626727,20.241572150627608,52.54402582158121,17.737034445271163,14.800847323878571,3.765172979374072,5.663594470046083,19.760142306282873,33.20138632872504,2.2833485350289062,4.0
24,2018-04-13,104,Friday,0,4.0,Same,Sometimes,Sometimes,,1440,2.5668973468757352,4.811526964204693,2848.7007918073527,1931.0901039445919,68.16276674095485,19.7456531613735,49.07014376425532,17.2858891222314,15.138908600702745,3.7470589578980276,7.197794117647059,21.203276875156757,32.611066176470594,1.7013111971604875,
24,2018-04-17,108,Tuesday,0,4.0,Worse,Sometimes,Regularly,,1440,2.412914683014848,4.022284115007951,2773.4274367029693,2091.3263669983958,65.53004175245901,18.661145704201225,54.983352915751844,19.808523477806183,14.589815467936008,3.2391219017095763,10.15441722345954,26.857057661330167,32.872902746844844,2.15727023319612,3.0
24,2018-04-18,109,Wednesday,0,3.0,Better,Sometimes,Sometimes,,1440,3.1832504514531603,6.208478486947609,3100.944788336405,2397.191959856595,73.23938785736239,22.88558555299034,50.02465058722892,18.942748468499566,14.503289723577907,3.8960163808036197,10.114242193450114,26.188733143313048,32.834162223914696,1.7690538992667433,4.0
24,2018-04-19,110,Thursday,0,4.0,Same,Sometimes,Sometimes,,1440,2.336161848275061,4.943815410416191,2366.568594913814,1444.981610514413,64.544616192898,13.570123038063,57.9062726426671,20.597216281447338,14.067492494401526,3.079871199473228,3.0220588235294117,14.293917490612484,33.51476161369193,1.8388844599195147,
24,2018-04-22,113,Sunday,1,4.0,Worse,Sometimes,Regularly,,1440,,,,,,,,,,,,,,,
24,2018-04-24,115,Tuesday,0,3.0,Better,Sometimes,Sometimes,,1440,,,,,,,,,,,,,,,
24,2018-04-26,117,Thursday,0,5.0,Worse,Sometimes,Regularly,,1440,,,,,,,,,,,,,,,4.0
24,2018-04-27,118,Friday,0,4.0,Better,Regularly,Sometimes,,1440,,,,,,,,,,,,,,,
24,2018-04-29,120,Sunday,1,5.0,Worse,Sometimes,Regularly,,1440,,,,,,,,,,,,,,,
24,2018-05-01,122,Tuesday,0,2.0,Better,Sometimes,Sometimes,,1440,2.901539864291592,3.364136072691899,3777.7249819469425,2979.102465333477,72.8971638321109,22.062796779497553,46.30013792286282,13.850360310000854,14.103009132211065,3.383148941472241,20.325581395348838,40.04291479679049,33.25487410071942,1.1553419143594585,
24,2018-05-03,124,Thursday,0,2.0,Same,Sometimes,Never,,1440,,,,,,,,,,,,,,,4.0
24,2018-05-04,125,Friday,0,4.0,Worse,Sometimes,Sometimes,,1440,,,,,,,,,,,,,,,
24,2018-05-06,127,Sunday,1,2.0,Same,Never,Never,,1440,,,,,,,,,,,,,,,3.0
24,2018-05-07,128,Monday,0,3.0,Worse,Sometimes,Sometimes,,1440,3.2029205122740043,3.8946517806152676,3374.233710370726,2373.9456949416262,75.76463176239234,16.824705214127466,45.25745390122333,10.924889507715404,15.326217993266921,3.741238516570368,11.70023419203747,27.376735572194747,33.23512295081967,2.0445997014438793,
24,2018-05-10,131,Thursday,0,4.0,Same,Sometimes,Regularly,,1440,3.065094602714129,3.5574671002561518,3585.6348938313254,2539.487896178341,70.49173407542506,18.188957529394273,55.07497159928199,13.590234461706299,14.477715861957906,3.2958958740347293,15.456736035049287,32.9481008203536,33.25542716319825,1.395255464333527,4.0
24,2018-05-11,132,Friday,0,4.0,Same,Sometimes,Sometimes,,1440,1.6331336708342037,2.786609626019876,2431.3503651683595,1349.927237300364,59.59443797052424,17.087980339705243,62.325084694097896,17.46500982403019,12.924776787807389,2.4320818085540106,4.044386422976501,12.85578585246616,33.023438320209976,1.808182668287022,4.0
24,2018-05-12,133,Saturday,1,4.0,Same,Sometimes,Sometimes,,1440,3.4519607840508333,6.451753732249463,3699.1486596741665,2457.577513895387,77.8227095322613,22.288639120173446,52.957416812508754,19.695913103744118,14.34747322973964,3.913480977397047,8.8875,20.854390387046706,33.35734166666666,1.6746824278926744,
24,2018-05-14,135,Monday,0,3.0,Worse,Sometimes,Sometimes,,1440,2.367967747581308,4.1155184429173195,2972.9638736140187,1979.64860108215,73.22081153375,18.89944736240438,50.60939740870466,18.296599877596062,15.269949275654405,3.4495827067458054,5.35607476635514,18.987892738265284,34.28305607476636,1.746057970012755,
24,2018-05-16,137,Wednesday,0,4.0,Worse,Sometimes,Regularly,,1440,1.7760100478526692,2.388977955987645,2387.006966295587,1471.9636039627167,74.03036125757143,15.212605419316597,46.22993124647887,13.9656170943314,14.760148855698612,2.824920431929869,1.311743772241993,8.949902362538534,33.334950177935944,1.9675765037440822,5.0
24,2018-05-17,138,Thursday,0,5.0,Worse,Regularly,Regularly,,1440,1.7591691006056476,2.077789624078474,2427.8995421371956,1256.1506562196596,69.99555541774068,10.467379179569596,45.39764975252451,13.875853219735442,15.10841345751948,3.33799380857285,2.118792599805258,11.93196712518252,33.91447419668939,1.2525750926142716,5.0
24,2018-05-18,139,Friday,0,5.0,Better,Regularly,Sometimes,,1440,2.067950303031031,2.2589310268080904,2510.3050426234236,1674.3569234313784,69.96724397516033,12.665669321608554,51.78894715004237,14.021002755154846,15.691554613540651,2.5962332564174466,4.293293293293293,18.27657329281726,33.35456956956957,1.0746572203253086,7.0
24,2018-05-19,140,Saturday,1,7.0,Worse,Regularly,Regularly,,1440,2.945236065219462,3.853837453058087,3374.9244759358385,2199.302971633469,74.23833139837696,18.300185393469647,48.14897367844888,12.180630860148161,15.44117708438731,3.2012880965257464,10.841614906832298,25.349837601154707,32.57479813664597,1.6796965355197013,
24,2018-07-06,188,Friday,0,7.0,Same,Sometimes,Regularly,,1440,2.5490196075497513,4.649248476639635,1825.1586543845772,1397.4414641828323,68.09529262526185,16.16808443317297,40.08179954145834,8.556050136579127,15.588061836260637,3.9326480729175035,13.75870646766169,29.676879777615973,33.349514925373136,1.2748566790607316,
24,2018-07-08,190,Sunday,1,6.0,Better,Sometimes,Sometimes,,1440,2.0472108438025844,2.545188366527434,1417.0505566218235,480.29851042232605,58.58412884580219,13.17191482524654,45.4067976616835,12.148518142495007,15.239210313265117,2.9934374373038604,10.305814788226849,28.974296512690817,34.46205312275664,1.5861552880316443,6.0
24,2018-07-09,191,Monday,0,6.0,Same,Sometimes,Sometimes,,1440,1.7766206253818453,2.314002408301405,1436.9721928422357,510.4627372617819,55.778509636421056,14.87976949925273,50.25010218673358,15.6975785185347,13.649334940294779,3.653394750867014,7.538634658664666,24.774800422451058,34.28347711927982,1.280109018018432,6.0
24,2018-07-10,192,Tuesday,0,6.0,Worse,Sometimes,Regularly,,1440,2.613031466604811,4.097030393005951,1887.669453252483,1871.1629539236817,65.73294472641003,22.79536532799243,47.69682610111622,11.507632560388593,13.993390756870285,4.19234369876773,10.584192439862543,29.06423563244778,34.08237542955327,1.4777041338694112,
24,2018-07-12,194,Thursday,0,7.0,Worse,Sometimes,Sometimes,,1440,2.223194110080855,3.3817246650604766,1443.3847872180297,528.5929677537989,64.25573562393488,11.773648951566456,49.132108710492474,13.809688852509774,13.701663850995192,3.1540193556603047,7.565985130111524,25.90918513713769,33.85877788104089,1.2601533749078688,8.0
24,2018-07-13,195,Friday,0,8.0,Worse,Regularly,Often,,1440,2.4099821743752727,4.279743123665026,1735.4371563287273,1290.886838246477,69.12837062169118,16.92812527462428,45.506374310405526,13.88466007442826,14.780229018313271,4.062115876263292,9.300363636363636,27.525493672330708,34.578996363636364,1.402315696344386,6.0
24,2018-07-14,196,Saturday,1,6.0,Better,Sometimes,Never,,1440,2.587274909619592,5.082669294415963,1908.9485945993472,1830.723067197193,66.96558589991804,24.119920143018295,54.68391787232698,19.960132909336867,14.730841861766152,4.45907032586341,14.582040816326531,35.36876235333701,34.1789306122449,1.598708309564405,5.0
24,2018-07-15,197,Sunday,1,5.0,Better,Sometimes,Never,,1440,1.6331708616231555,2.13762017005767,1351.3738855635643,314.98858566723464,59.190927159965945,10.816371235099178,43.47355945812577,12.51176495720968,13.562116008347724,2.3837846963135787,4.30533484676504,19.816569769164357,33.649404086265605,1.0594755146175703,6.0
24,2018-07-16,198,Monday,0,6.0,Worse,Sometimes,Sometimes,,1440,2.471821063430389,4.901355348431348,1829.800760955464,1689.2373407335976,65.2291006213024,22.896560688722104,55.259647153358706,21.88508124693599,14.711950101399372,4.432277271714007,12.429640718562874,33.25578304277956,34.181938622754494,0.9412549511802709,5.0
24,2018-07-17,199,Tuesday,0,5.0,Better,Sometimes,Never,,1440,1.7796107369564576,2.4854966451081455,1384.5229108390406,445.46545946142936,59.113779567577545,13.20205746049471,47.46544124054291,15.213597102947869,13.849909509613791,2.894230341563182,6.4959409594095945,24.809447021309413,33.29990036900369,1.5351310120597172,5.0
24,2018-07-18,200,Wednesday,0,5.0,Better,Sometimes,Never,,1440,2.4746354054241992,4.677524518012862,1880.2242305929537,1674.3073506007993,65.47551304776269,22.155620840149247,51.79860824052632,13.61514949304389,14.6181711848246,3.8671614974045077,10.600711743772242,29.742664101743273,33.63391459074733,0.8421916234395674,6.0
24,2018-07-19,201,Thursday,0,6.0,Worse,Sometimes,Sometimes,,1440,1.6952556267958747,2.2431872843766607,1397.4624929571123,359.36559241794225,63.70516574301994,10.933126236487102,39.17506069099369,13.542736385837063,15.018795728220846,2.7229532405337293,4.547652916073969,19.878891454206656,34.62954125177809,1.122195493371511,
24,2018-07-21,203,Saturday,1,8.0,Same,Sometimes,Regularly,,1440,1.7371238185327298,1.8800598704402682,1417.3034324424095,513.9438912193526,59.33552918063503,12.204430865852148,43.39423862942191,12.827672678106516,14.220786839254624,2.8229738003853804,6.985376044568246,22.851935056285285,33.93074512534819,1.1455489236114627,7.0
24,2018-07-22,204,Sunday,1,7.0,Better,Sometimes,Sometimes,,1440,2.0846394981034484,2.410715043060563,1524.5760541915283,636.192022588178,62.8279046250157,14.98442025606807,41.70839459284577,13.362366762539235,15.359639333751874,3.4916703540532694,14.280564263322884,33.42693006138037,34.32289968652037,1.821668761169133,
24,2018-07-24,206,Tuesday,0,5.0,Better,Sometimes,Sometimes,,1440,3.3986928101578098,7.830281290584056,1845.437210105137,1306.6593913989393,68.783914456212,22.56807524575693,42.42362829860852,14.320546325756212,15.840894990216741,3.56256139314868,9.16988727858293,23.35659096456662,34.92647342995169,1.9928625873859083,5.0
24,2018-07-25,207,Wednesday,0,5.0,Same,Sometimes,Sometimes,,1440,2.7528106549462934,5.811334901379636,1807.8188809350906,1482.5324755130061,67.24064322465027,24.172468859538508,41.53678601137547,13.547701023697813,15.514322498001578,4.850100309654978,9.462934947049924,24.87657167250835,34.32335476550681,1.0827360227402687,6.0
24,2018-07-26,208,Thursday,0,6.0,Worse,Sometimes,Regularly,,1440,2.1175905517305473,4.02464420723995,1502.1380795775071,632.2570870227814,63.13828060059766,14.428406271009118,42.0387568986751,14.20843613905188,14.550732179664665,3.3969909061537935,7.075648414985591,21.856203337013667,34.66743515850144,1.3139790993993892,5.0
24,2018-07-27,209,Friday,0,5.0,Same,Sometimes,Regularly,,1440,2.7697938049370254,6.619212413371982,1663.48612491302,1173.2599693136976,65.09986822248085,21.204235119316714,46.793082151183015,11.59950606285793,14.979022737524762,4.1329577086512055,8.512139605462822,25.979480626868742,34.79971547799697,1.1054097211946579,5.0
24,2018-07-28,210,Saturday,1,5.0,Better,Sometimes,Sometimes,,1440,2.464698699708425,3.1829612534376404,1466.6692176359268,450.8677911500921,62.27673764504425,13.46077147118603,46.188277961499445,14.752594497650888,14.579035528173712,3.128991388027307,9.661538461538461,26.36159606128323,33.96289010989011,1.4312917574531845,5.0
24,2018-07-29,211,Sunday,1,5.0,Better,Sometimes,Sometimes,,1440,1.9443124580831987,2.4890696033400532,1474.224513807512,434.8606570484009,58.45688411555376,12.616773281046978,40.457544201982074,11.278021816773656,14.289732433356544,3.0606488980107245,9.953957996768983,27.734891968469636,34.37041599353796,1.0455992432555725,5.0
24,2018-07-30,212,Monday,0,5.0,Better,Sometimes,Sometimes,,1440,2.9119671464498524,5.566153396160495,1741.0255630742624,1232.2445354748827,68.34266295011128,22.661029969406265,44.54294818452869,12.207586023839909,15.686152889270334,4.405469371686377,9.472713864306785,26.114423075298923,35.462418879056045,1.5869320621243796,
24,2018-08-01,214,Wednesday,0,4.0,Better,Never,Sometimes,,1440,2.397038022809052,3.105369251898762,1655.498574681966,862.1969680016506,63.55726083542289,15.612183615712846,49.653072628848484,14.999103724191421,14.37152740245634,4.461380890035353,16.588401697312587,35.67090724029819,33.947489391796324,1.9030236003036645,5.0
24,2018-08-02,215,Thursday,0,5.0,Same,Sometimes,Never,,1440,2.952448755279879,3.5501708784494665,1789.8593891293494,989.3193974455617,64.95798180548437,17.54826551629871,54.1799818548929,16.93320839648859,14.316046148447393,3.9573927865104306,24.36459909228442,42.26849279483772,33.75743192133132,1.5052130851721945,5.0
24,2018-08-03,216,Friday,0,5.0,Same,Sometimes,Sometimes,,1440,2.0513045125636635,2.430098798730034,1470.6254283193596,545.1228886127759,58.173830570538115,12.774862226328036,52.26060450546667,14.96681227135012,14.141060060937978,3.127026518431453,9.596425912137006,25.73595232471289,35.07409530900968,0.8997774297570349,3.0
24,2018-08-04,217,Saturday,1,3.0,Same,Never,Sometimes,,1013,1.4207459880463968,1.6879889717303094,1385.8017796753209,216.61436712744185,57.32117704,10.474906873420938,49.23777285664089,13.506000155282429,13.990268450571286,2.7534593494410684,5.157946692991115,19.746834652260517,35.43742349457058,0.7733932568646174,
25,2018-02-08,1,Thursday,0,3.0,Same,Never,Sometimes,,1440,2.0298609171595574,3.0459015911407734,1441.4636650868879,1031.8613638337285,74.91446972061709,21.48446631069702,32.47233068736116,10.808831836759419,15.270608802205249,2.409012895602454,5.162717219589258,15.45541797764931,33.69060426540285,1.2556302333075702,3.0
25,2018-02-09,2,Friday,0,3.0,Worse,Sometimes,Never,,1440,1.8250492826101306,3.167061538319615,2421.6880995745973,1413.1246828262588,70.96459164234977,13.297803368331948,34.960975523372454,9.599125101647008,16.613988065077105,2.844750884807831,4.691481197237145,16.63066716042031,34.12337682271681,1.6477049490315374,
25,2018-02-11,4,Sunday,1,2.0,Better,Never,Never,,1440,1.9985825652618474,2.2909264989105904,2933.968196298795,1382.075139808189,72.43021170413654,10.26052522862148,36.84438161540674,14.83709090183,16.81536821316883,3.3405902777004237,7.446586345381526,19.74942910957973,33.51584738955824,2.0289421021462797,2.0
25,2018-02-12,5,Monday,0,2.0,Same,Never,Never,,1440,2.07210215764558,2.771316299927836,2741.4756065855636,1515.2133644914552,68.81268162442011,11.92093153529304,40.00556310548904,12.472013838406792,16.60133657240427,3.3093050997917834,5.9448499594485,15.980513950875476,34.00015409570154,1.641580464381938,2.0
25,2018-02-13,6,Tuesday,0,2.0,Same,Never,Never,,1440,1.990081635432685,2.8540393267393886,2469.2013384435018,1540.9452030080874,69.49193170169134,14.712226889995211,34.77589128280979,9.747127732262665,16.589485581470026,3.3958880747972033,5.147859922178989,17.118469071293983,33.69485992217899,1.5431131232686808,2.0
25,2018-02-14,7,Wednesday,0,2.0,Same,Never,Never,,1440,2.6136338226978335,3.8223053907248907,3233.1124458575823,2409.2214642602103,81.77811977952382,20.685195996377416,38.46793798778235,10.952816195358226,18.576972657826925,3.3975196510284262,7.952109464082098,20.55324937918085,33.229013683010265,1.6705767507593998,2.0
25,2018-02-15,8,Thursday,0,2.0,Same,Never,Never,,1440,1.855713430934048,2.9840683295542547,2453.42473694188,1426.7987758263243,67.13491433679869,13.317964962282383,35.146230707259015,9.498159134564165,15.66225242864165,3.233647339690885,4.685902720527618,17.36929807517253,34.18754740313273,1.5331313080402957,2.0
25,2018-02-16,9,Friday,0,2.0,Better,Never,Never,,1440,1.0144027440542986,1.239430874498586,2050.3977986811465,677.8903818089698,61.62198079773414,8.83973290548398,32.550532013577985,8.939977735564868,14.349055135518912,2.7594953104811855,0.31975867269984914,3.3780460488034043,34.1643665158371,1.636042325965751,
25,2018-02-18,11,Sunday,1,3.0,Worse,Regularly,Sometimes,,1440,5.622602566067527,10.608221337460321,3972.735889460835,3212.9632599716488,86.14548898821572,28.645538479723143,25.586158032955275,11.301697423658267,15.899539835086248,3.9175051165452373,13.389275074478649,25.989281399929006,32.83634061569017,2.344393790874031,
25,2018-02-20,13,Tuesday,0,1.0,Same,Often,Never,,1440,1.6039051600313807,2.4693597258159414,2163.3545669546024,1070.70189674917,71.99644296069222,11.196406112694348,32.75217142994725,12.919214987231745,16.68756293697397,2.331016492453381,2.3064853556485354,10.507598835547089,33.65172594142259,1.1559183707282605,2.0
25,2018-02-21,14,Wednesday,0,2.0,Same,Sometimes,Sometimes,,1440,2.135837654828435,3.1228262271520792,2857.42916451946,1827.213975779083,73.95078170767442,17.27966218755052,40.02716977688834,10.253000974741129,17.227519064292704,3.5132363318212714,4.745830023828435,15.697423806329015,34.18856632247816,1.3031713296712018,4.0
25,2018-02-22,15,Thursday,0,4.0,Worse,Regularly,Regularly,,1440,1.8630820021872854,2.774822535266021,2791.986025143127,1614.6525087299972,68.26716593857142,15.642404315049447,32.82092674248276,10.333571987292423,15.951506226938271,4.183246409258196,3.6821305841924397,12.090891733973862,33.746280068728524,1.2782432486290527,2.0
25,2018-02-23,16,Friday,0,2.0,Better,Sometimes,Sometimes,,1440,1.3211951443333332,1.5288843905845748,2102.3645979607145,807.6690355072997,69.02601723024097,11.469278399809543,37.01071511974359,8.837365216527422,15.791688066743903,2.7564591939159446,1.6547619047619047,7.42106095688212,32.78994047619047,1.2807197463549054,
25,2018-02-25,18,Sunday,1,2.0,Better,Sometimes,Never,,1440,1.6380171368310992,1.7889936023858333,2700.1813941771225,1355.9630160781892,74.28712638282005,9.91354171459545,26.839861410429226,9.354148580526076,17.15521365643795,3.293179926461543,2.3038427167113493,10.741918519756089,34.23200625558534,1.874325190663125,3.0
25,2018-02-26,19,Monday,0,3.0,Worse,Regularly,Regularly,,1440,1.264570343876728,1.381594096697445,2338.3409691082948,1028.089753724926,71.2077431185599,8.88735505413818,27.77286999004684,9.657702057547318,17.00558052759237,2.7113984175130375,1.390552995391705,7.53940838642247,33.942188940092166,1.4529346832488976,3.0
25,2018-02-27,20,Tuesday,0,3.0,Worse,Never,Sometimes,,1440,1.6775825831082207,2.5817040384164653,2524.7216631664933,1666.697238762072,68.88410314582727,14.96219493616194,36.218812458006504,9.340200366101737,16.19746544061651,3.3741954249809427,3.575442247658689,15.0572788474076,33.948683662851195,1.4329653330279515,2.0
25,2018-02-28,21,Wednesday,0,2.0,Worse,Often,Sometimes,,1440,2.956640069059937,4.259215629467142,3370.291695996372,1908.3064945209624,82.85911980238171,14.371859861824545,35.51634741073702,7.780687979298961,19.53461797876094,2.7712777465530865,8.022082018927446,20.689828947641825,32.96791798107255,1.5590279315036513,2.0
25,2018-03-01,22,Thursday,0,2.0,Better,Sometimes,Never,,1440,2.045621780343267,3.1133199807390532,2623.6105486267106,1697.4793403416488,71.74413916166853,14.611143325556478,34.98721286209195,12.078258538731987,16.663566120914187,3.5227470858177505,2.8642384105960264,11.905163990484771,33.40352649006623,1.843774251190408,2.0
25,2018-03-02,23,Friday,0,2.0,Same,Sometimes,Never,,1440,,,,,,,,,,,,,,,
25,2018-03-04,25,Sunday,1,2.0,Better,Sometimes,Never,,1440,,,,,,,,,,,,,,,2.0
25,2018-03-05,26,Monday,0,2.0,Same,Regularly,Never,,1440,,,,,,,,,,,,,,,
25,2018-03-07,28,Wednesday,0,3.0,Worse,Sometimes,Often,,777,2.2281639925000003,5.566215550321981,1622.8926010454545,415.7042340613286,65.76712537772727,2.5593862779128873,46.082126348636365,5.063702020085042,17.24639669909091,1.2769678029193812,0.0,0.0,34.31568181818182,0.08992451139104395,
26,2018-01-26,1,Friday,0,8.0,Worse,Regularly,Often,,1440,1.7139597029693723,2.937094423959122,1124.4356814701378,563.168234731785,64.41846979388507,13.818266851196737,58.69588922511811,15.583627493112314,14.933114000715946,2.0571415268385866,3.9655436447166923,13.911197547795895,35.20195252679939,0.7669044963728006,7.0
26,2018-01-27,2,Saturday,1,7.0,Better,Sometimes,Sometimes,,1440,2.321197819783668,2.596520347925964,1477.6232091690545,1033.327376954051,64.97368215959169,16.04485902484852,61.91517476289008,15.242450632583568,14.798573122237213,2.5956045459789507,8.97134670487106,27.12100660352913,34.915451289398284,0.9117874310876267,6.0
26,2018-01-28,3,Sunday,1,6.0,Better,Sometimes,Sometimes,,1440,1.5008825911175994,2.056615535025289,1033.4209245742093,471.18148554622456,59.41645688996732,11.960957201817916,64.24225495982368,21.34537329637571,14.763856769142269,1.9431113555132176,2.030008110300081,11.443958938453035,35.33618410381184,1.2013250669844644,9.0
26,2018-01-29,4,Monday,0,9.0,Worse,Regularly,Always,,1440,2.2645848460030864,2.4326033111590513,1360.2121913580247,708.892434645474,64.07484284145833,13.420840501449367,62.01407608500801,16.413675141143106,15.022564597819953,2.0699989200503084,4.973765432098766,16.86620316744335,34.818387345679014,1.3163000618917557,6.0
26,2018-01-30,5,Tuesday,0,6.0,Better,Sometimes,Often,,1440,2.602420278159043,5.271134671896373,1430.2948627726953,1249.5677391905183,70.06682802653683,23.274065416732203,58.35691774101453,18.43420147378885,14.748712464921725,2.3683271528683467,6.595355383532723,18.11991219208761,35.52841660802252,0.6944379312796947,7.0
26,2018-01-31,6,Wednesday,0,7.0,Worse,Sometimes,Often,,1440,1.6773793160926902,2.5187293986947323,1105.1024868123586,556.9813071523945,61.96790301274303,13.221191312723635,67.37522083424594,18.1207661852456,15.154028911763815,2.0491470791364113,4.622456669178598,15.810239984881045,35.2999133383572,0.7714664568161071,7.0
26,2018-02-01,7,Thursday,0,7.0,Same,Sometimes,Regularly,,1440,1.752165982309593,2.621460017991466,1138.0850290697674,618.7698312276758,62.29140872456396,14.561671403925791,63.1331049048245,16.25481730500211,15.043149370338236,1.9622799024002497,4.636627906976744,15.699549824547402,35.579295058139536,0.6787841087797678,7.0
26,2018-02-02,8,Friday,0,7.0,Same,Regularly,Sometimes,,1440,2.5523926845063576,5.082799712054852,1417.4584891548243,1181.1165312697701,67.90406389698424,22.680562455504397,64.47169715026914,17.60405025644674,14.643589577313374,2.318783761393814,6.795811518324608,17.97897259293151,35.111364996260285,1.2093317870497764,3.0
26,2018-02-03,9,Saturday,1,3.0,Better,Sometimes,Never,,1440,1.4124168181950114,2.570030359767299,1003.3469387755102,368.3210175623173,57.76265086742814,9.333296917250161,71.08697083935658,15.988503951686107,14.951650131019084,2.1181534764454617,1.6379440665154952,8.062519286956295,34.83422902494331,1.0262654686322468,4.0
26,2018-02-04,10,Sunday,1,4.0,Same,Sometimes,Sometimes,,1440,1.918397218562986,5.004009581191608,1131.8421461897356,923.1898249459836,61.72272047340343,16.327047876376792,63.579757130874306,20.328059655332112,14.590426589541766,2.1224372149807444,4.459564541213064,20.933978065127533,34.875268273716955,1.2175537388392776,4.0
26,2018-02-05,11,Monday,0,4.0,Same,Sometimes,Sometimes,,1440,1.5219949810588902,2.436044989632189,1104.5679019263873,516.4607378819138,58.052142211744055,13.083766547867864,63.69092269410611,15.55313238202993,14.879272113443557,1.9416922504212386,2.8357870894677237,12.047675001186313,35.709003397508496,0.9222093855421883,2.0
26,2018-02-06,12,Tuesday,0,2.0,Better,Sometimes,Sometimes,,1440,2.034681109868308,2.705599236342117,2350.364541896467,1562.5717154095282,68.14093779310825,11.139374180584998,56.81119046231386,11.277023385053544,15.13603231314037,2.212682418294235,5.3286937901498925,18.146601139373,35.01790149892934,0.8442600703490367,2.0
26,2018-02-07,13,Wednesday,0,2.0,Same,Sometimes,Regularly,,1440,1.8124254378143525,2.708035680527988,2242.291195923089,1338.8793740277745,61.76909947025,14.143299006308048,57.8258998127639,14.685836052234432,14.625764958324345,2.7855404005187627,5.0007800312012485,18.329770412854426,35.65929017160686,0.9568606390878046,1.0
26,2018-02-08,14,Thursday,0,1.0,Better,Sometimes,Never,,1440,1.5261608747191933,2.273523638986678,2068.9788406105304,979.6911261142923,61.0768151510546,13.338124919956517,65.56772604851568,16.462074244922256,15.147113960886793,2.2147104811586,2.5026138909634055,10.786858141209665,34.79659820761762,1.041733485391401,2.0
26,2018-02-09,15,Friday,0,2.0,Worse,Regularly,Sometimes,,1440,1.992212487516312,3.2888601741601575,2281.4277518465956,1364.2635178417336,63.881218655202275,15.749855588095633,58.669737273462104,16.564428364029613,15.35915736680822,2.3849944243211443,4.998581560283688,16.381930124631786,35.28401773049646,0.827591983723615,2.0
26,2018-02-10,16,Saturday,1,2.0,Better,Sometimes,Never,,1440,1.5413733057212355,2.162372605101075,2039.397928898919,896.7393195489252,59.023898321044086,10.058063796680678,66.85977934626497,21.452710373429166,15.016400911266873,1.9824720951729147,2.026254826254826,10.170156182013312,34.944521235521236,1.1691446407563548,1.0
26,2018-02-11,17,Sunday,1,1.0,Better,Never,Never,,1440,1.704384822850821,1.9115701136275876,2240.8648656189152,1262.622600738014,60.96379208698356,11.863232584245239,63.88654247318851,15.811303634605114,14.560559815530981,2.088935774009719,2.2455389007851534,12.511524248186149,34.63029978586724,0.8001283040371445,5.0
26,2018-02-12,18,Monday,0,5.0,Worse,Sometimes,Often,,1440,1.7836621049622357,3.3614812425483915,2091.6793860309667,1132.3495955012154,60.45590569195915,13.220407937174105,65.3344163207596,15.8335359015099,14.888767536597404,2.0989420327329307,2.6480362537764353,11.53698528206279,35.10087990936556,0.8393425512244652,4.0
26,2018-02-13,19,Tuesday,0,4.0,Better,Regularly,Often,,1440,1.792717086511278,2.790848121023257,2240.80695298015,1174.1242175397178,63.24340322511681,13.761661154266665,59.70323349239231,14.068211641200142,15.216414368883738,2.690094397361175,4.154887218045113,15.329294784177046,35.52298872180451,0.8494486526075319,7.0
26,2018-02-14,20,Wednesday,0,7.0,Worse,Regularly,Often,,1440,1.6867151351250935,3.0478437739805013,2195.6432696292136,1109.5515200450961,63.512416578179774,14.17986591263167,60.01278175733077,13.655217225549393,15.794338066828006,2.3094383863471233,3.737078651685393,13.841161334278109,35.34821722846442,0.7077786941642592,7.0
26,2018-02-15,21,Thursday,0,7.0,Worse,Often,Often,,1440,1.8070971700809777,2.9051571932180043,2226.7632642254393,1206.2211035928449,63.90473817739264,14.994389847366202,57.57439438721563,15.345528083195898,15.417033747469041,2.512476310178477,4.433155080213904,15.183923401731938,35.257696715049654,0.6809874781592483,
26,2018-02-17,23,Saturday,1,4.0,Better,Sometimes,Regularly,,1440,1.5625091043164934,2.213334688062256,2112.8379313689447,964.1568182754645,64.42106939125,10.443117395240453,58.42862880423921,14.798821937253363,15.783979155728293,2.0651796741722186,2.3922734026745913,11.429332889214553,35.59945765230312,0.8517579259251733,
26,2018-02-19,25,Monday,0,4.0,Better,Sometimes,Regularly,,1440,1.8891402711538463,2.2933056734937742,2653.896021137648,1646.031479590966,67.87358713115556,15.164743706951734,53.27360183040927,12.444514732977403,15.912917483297074,2.9392571144677,6.616863905325443,21.293645655499382,35.656453402366864,1.0249928486560094,7.0
26,2018-02-20,26,Tuesday,0,7.0,Worse,Regularly,Often,,1440,1.269561029994543,2.4814328399021575,2072.358367691678,848.1934723571156,57.03826770214387,10.41385004103274,66.4137669391092,17.57749680834579,14.946602508739744,1.9736518989218699,1.6766712141882674,9.812057033109177,35.89953615279673,1.616894662656044,6.0
26,2018-02-21,27,Wednesday,0,6.0,Same,Regularly,Regularly,,1440,1.5444202368888889,1.7669413462794723,2300.470133985597,957.4026374307804,73.178724900679,9.88514667581069,45.76488900497925,8.021138513886001,16.985376923649483,2.2820850127378156,1.4012345679012346,6.675506739212896,35.79623456790124,0.5981955844333758,6.0
26,2018-02-22,28,Thursday,0,6.0,Better,Regularly,Often,,1440,1.5112680942478829,2.0324149648375887,2138.616761682063,1061.8156286427686,64.77754615886836,12.983898574607057,57.970116757308,13.969129972649652,15.582655735133908,2.0016091897673975,3.3579676674364896,13.277195976579346,34.9453194765204,0.7520143685402119,5.0
26,2018-02-23,29,Friday,0,5.0,Better,Sometimes,Always,,1440,1.6459669710866203,2.520130811424865,2354.565908923898,1426.901400083906,65.91724447718266,16.412188057923373,55.38738980646448,17.967083910488498,15.911859106247633,2.5725712960047087,5.4284609435421505,18.338716945112036,35.16433488012375,0.8110886541871911,
26,2018-02-25,31,Sunday,1,6.0,Same,Regularly,Sometimes,,1440,1.4676731408669796,2.1695850311146567,2098.654042716745,871.3747842236817,61.74455749753328,10.780894460147106,58.028687260694326,15.694347598691126,15.17366077183373,2.0259992999743353,2.8528951486697967,12.940207784885608,35.1493779342723,1.1323927828322542,3.0
26,2018-02-26,32,Monday,0,3.0,Worse,Sometimes,Sometimes,,1440,1.6967026507378278,2.712517656050667,2148.9249823797754,1149.858395654226,63.42242902135682,13.024791623949174,61.837217032046695,14.343839977412344,15.420975483761978,2.2137693698473266,3.155056179775281,12.166477137820848,35.27042322097378,0.7804377283846208,6.0
26,2018-02-27,33,Tuesday,0,6.0,Worse,Sometimes,Regularly,,1440,1.7576821770119404,2.8320750843443685,2288.0850065700743,1350.8028394526389,64.98331994466417,14.510500495118809,59.58641512068164,17.192747862271787,15.443806681266919,2.4534200306266283,4.399253731343284,17.883980073835705,34.840876865671646,0.824928989490542,6.0
26,2018-02-28,34,Wednesday,0,6.0,Same,Sometimes,Regularly,,1440,1.6664402478098537,2.1658715881866817,2334.5891751408776,1276.4674188097708,69.03435165374034,15.967944974530273,52.6417488697508,14.378743369944505,15.68860934180836,2.6392317928147633,4.966897613548884,17.78729781277259,35.07455350269438,1.2682348059948538,6.0
26,2018-03-01,35,Thursday,0,6.0,Worse,Regularly,Often,,1440,1.6542046646039679,2.311686297189037,2183.681381355621,1165.658610029695,65.13527633490081,13.049614715108541,53.50509442700447,13.403999158605902,15.365875050881433,2.4953702643526006,3.7413666421748712,15.126402731697443,35.31584864070537,0.720820939674718,
26,2018-07-24,180,Tuesday,0,8.0,Better,Sometimes,Often,,1440,1.6884209301701185,2.312705120728845,1637.5836554284024,1015.3798213171907,66.08443300654815,12.398810827096398,43.68577365177367,10.079367977327427,16.518864823321564,2.964507615590277,3.2433431952662723,12.854735281703116,35.66163831360947,0.9462705423949261,
26,2018-07-26,182,Thursday,0,7.0,Worse,Regularly,Sometimes,,1440,2.1906470746595215,5.291039887786721,1772.9609929692,1671.8235455230374,67.86414063336086,16.23031965102844,44.27402289547406,11.97344296880646,16.99876321197024,2.6556898635703403,4.875515251442704,20.89471886003907,36.08658697444353,0.6323675783803436,4.0
26,2018-07-27,183,Friday,0,4.0,Better,Sometimes,Regularly,,1440,1.6342867418646787,2.3498970806239763,1642.958240211162,1105.606652883143,68.35440097682722,13.525140469374637,43.62070930609917,12.509304339789344,16.970286651914844,2.862420543589238,3.632262996941896,15.703793139745613,36.195015290519876,0.8729139302828505,
26,2018-07-29,185,Sunday,1,5.0,Same,Sometimes,Sometimes,,1440,1.5661035126403862,2.6790326262969386,1553.1190832482703,723.0612212900893,62.96023235101449,11.157002053866028,48.74519494317116,12.693648369399265,16.44066143749143,2.69738835249087,3.6025744167337086,15.678217341366114,36.215510860820594,0.9987403703555403,6.0
26,2018-07-30,186,Monday,0,6.0,Worse,Regularly,Sometimes,,1440,1.785782716649837,2.7880111128555627,1674.0707604696254,1079.297790135879,63.40617324160423,14.542054597127722,48.16354203062443,14.839382685922656,15.936039461504214,2.969712725463089,6.6832247557003255,22.422805628407936,35.861942182410424,1.087351538506528,3.0
26,2018-07-31,187,Tuesday,0,3.0,Better,Sometimes,Sometimes,,1440,1.6159159612282517,2.1437031089124066,1496.5425039075797,787.4596371556783,62.51323743122309,12.153312461232849,52.135863080280636,13.83868625680617,15.326662516503973,2.6372594294257246,3.3996554694229113,14.844439335708875,35.56507751937985,0.9894101094466567,
26,2018-08-02,189,Thursday,0,7.0,Worse,Regularly,Sometimes,,1440,1.438072099516896,2.134766994372904,1678.7874006579475,1059.975294657921,61.9205126228786,13.49408809038316,44.58577863180739,10.652546249346265,16.754968522261965,3.0832623306820164,5.405506883604506,19.38013787547243,36.021214017521906,0.5085671089093475,5.0
26,2018-08-03,190,Friday,0,5.0,Same,Sometimes,Regularly,,1440,1.833800186402198,3.211151650750029,1855.5866699843957,1309.2349511260522,70.5960938648607,16.223946267073384,46.94549257331428,14.291009870684707,17.648587867959673,3.662302868506295,4.361172161172161,15.799164342867899,36.54243223443223,0.8907342044667845,
26,2018-08-05,192,Sunday,1,6.0,Worse,Often,Sometimes,,1440,1.430938572249497,1.4844453092281285,1575.646501389155,868.2400468607833,64.34239955163142,12.475685797136101,50.94432313621064,16.273013016202054,16.259476026896447,2.7767876129186218,2.0020120724346078,10.265263043552675,36.92916498993964,0.5470187506259774,3.0
26,2018-08-06,193,Monday,0,3.0,Better,Sometimes,Sometimes,,1440,1.8878176762375296,2.6310682852569824,1731.0899402882026,1064.7192176832366,64.53535892400159,13.764823991670106,52.38028136967228,15.960346081112947,16.272193424051387,3.049149917232852,7.718923198733175,23.132074755980803,36.29123911322249,0.7919377755874326,
26,2018-08-08,195,Wednesday,0,7.0,Worse,Regularly,Regularly,,1440,1.726981940962692,2.8345061912160316,1667.1030168385516,1055.763576506643,65.37573300374174,14.456042506442628,52.41180205435708,17.384842502870352,16.48090097175315,3.4991961009625054,4.329919531821507,16.425531992542275,35.8004608632041,0.8917465259324512,
26,2018-08-10,197,Friday,0,2.0,Better,Sometimes,Sometimes,,1440,1.9291991115454545,2.3542152953074718,1859.346259020335,1190.4969526857255,68.2738319387071,16.03079990282141,48.085715594410445,18.400504632629357,16.820482428191713,3.175504184908734,4.33652312599681,16.732580184107334,35.81068979266348,0.7727849576987507,3.0
26,2018-08-11,198,Saturday,1,3.0,Same,Often,Regularly,,1440,1.9087972350444444,2.555628707854523,1752.5278508466668,951.7332810663625,65.89159035625767,13.77308455124022,52.53044030751852,19.553266494607463,16.411200228018707,3.3598587293960906,6.198467432950191,19.43144305615331,35.66295402298851,0.8345920751681838,
26,2018-08-13,200,Monday,0,3.0,Better,Sometimes,Sometimes,,1440,1.6239401162364864,2.4364712706406517,1684.7539270826858,1175.8381326283302,63.40887934351206,15.237443394753523,55.88141990330409,16.471786464127582,16.992222993201715,4.695447009782173,3.689189189189189,13.404293404543253,35.04769847972973,1.4053403318468798,5.0
26,2018-08-14,201,Tuesday,0,5.0,Worse,Sometimes,Regularly,,1440,1.7791755252868975,2.594944605408125,1801.103020833434,1249.2083130294868,67.87283618677736,16.219253507201074,48.6134105871695,18.159396403201505,17.017139555070607,3.07131990801925,5.140813253012048,16.756482463148988,35.42211219879518,0.7382105547346325,6.0
26,2018-08-15,202,Wednesday,0,6.0,Worse,Often,Sometimes,,89,1.7228464416629212,1.3437492622280924,1679.2621981089887,663.1747815191628,69.0188549524719,4.691291887937091,42.01107323150685,6.297325610001926,16.59193706750562,2.6451195344972507,1.9213483146067416,8.663172732766721,35.73988764044944,0.22753618284702404,
27,2018-02-07,1,Wednesday,0,5.0,Worse,Often,Sometimes,,702,1.8518518515612534,2.0824249612160766,1546.1467236467236,952.1661226325524,81.04483645094152,12.107621126213932,37.62732737286533,6.669177144254379,16.601650098457142,1.6913013951057745,7.747863247863248,24.1733035507684,35.80062678062678,0.940919303569418,3.0
27,2018-02-08,2,Thursday,0,3.0,Better,Often,Sometimes,,1440,1.5944968688845575,1.8254075483480303,1542.6859273103448,866.5154213108757,78.08067462032983,13.615456059732706,42.7601638613273,13.909167047542926,16.00177563863083,1.7999478741564072,4.131934032983509,17.97670367938573,35.39291979010495,1.3584444162795843,3.0
27,2018-02-09,3,Friday,0,3.0,Better,Sometimes,Sometimes,,1440,1.8474945530618057,2.4055806393422507,2713.2255946304863,1625.8228381219385,76.61382581216273,12.45141948300422,47.33775556292598,13.629745006669179,16.980387823244193,3.1893939139724052,5.377083333333333,19.354996118299834,34.98769444444444,1.1213117738618519,1.0
27,2018-02-10,4,Saturday,1,1.0,Better,Sometimes,Never,,1440,2.005409059872414,2.1695308366013104,3166.029143117931,1891.45136435489,74.11591508013794,13.853387986805698,52.50007132288195,16.959595826582934,18.437634585520833,3.831820484336632,7.748275862068965,22.55839206105755,35.46629310344828,1.2066468022949561,2.0
27,2018-02-11,5,Sunday,1,2.0,Same,Sometimes,Never,,1440,,,,,,,,,,,,,,,3.0
27,2018-02-12,6,Monday,0,3.0,Same,Sometimes,Never,,1440,,,,,,,,,,,,,,,3.0
27,2018-02-13,7,Tuesday,0,3.0,Worse,Regularly,Sometimes,,1440,,,,,,,,,,,,,,,4.0
27,2018-02-14,8,Wednesday,0,4.0,Worse,Regularly,Regularly,,1440,,,,,,,,,,,,,,,4.0
27,2018-02-15,9,Thursday,0,4.0,Same,Regularly,Regularly,,1440,,,,,,,,,,,,,,,3.0
27,2018-02-16,10,Friday,0,3.0,Better,Sometimes,Sometimes,,1440,,,,,,,,,,,,,,,2.0
27,2018-02-17,11,Saturday,1,2.0,Better,Never,Never,,1440,,,,,,,,,,,,,,,1.0
27,2018-02-18,12,Sunday,1,1.0,Same,Never,Never,,1440,,,,,,,,,,,,,,,3.0
27,2018-02-19,13,Monday,0,3.0,Worse,Regularly,Sometimes,,1440,,,,,,,,,,,,,,,2.0
27,2018-02-20,14,Tuesday,0,2.0,Same,Sometimes,Never,,1440,,,,,,,,,,,,,,,1.0
27,2018-02-21,15,Wednesday,0,1.0,Better,Sometimes,Never,,1440,,,,,,,,,,,,,,,1.0
27,2018-02-22,16,Thursday,0,1.0,Same,Sometimes,Never,,1440,,,,,,,,,,,,,,,
27,2018-02-24,18,Saturday,1,2.0,Worse,Sometimes,Sometimes,,1440,,,,,,,,,,,,,,,1.0
27,2018-02-25,19,Sunday,1,1.0,Better,Sometimes,Never,,1440,,,,,,,,,,,,,,,
27,2018-02-27,21,Tuesday,0,3.0,Worse,Regularly,Never,,1440,,,,,,,,,,,,,,,2.0
27,2018-02-28,22,Wednesday,0,2.0,Same,Sometimes,Never,,1440,,,,,,,,,,,,,,,1.0
27,2018-03-01,23,Thursday,0,1.0,Better,Sometimes,Never,,1440,,,,,,,,,,,,,,,
27,2018-03-03,25,Saturday,1,1.0,Same,Sometimes,Never,,1440,,,,,,,,,,,,,,,2.0
27,2018-03-04,26,Sunday,1,2.0,Worse,Regularly,Sometimes,,1440,,,,,,,,,,,,,,,4.0
27,2018-03-05,27,Monday,0,4.0,Worse,Often,Regularly,,1440,,,,,,,,,,,,,,,5.0
27,2018-03-06,28,Tuesday,0,5.0,Worse,Always,Regularly,,1440,,,,,,,,,,,,,,,2.0
27,2018-03-07,29,Wednesday,0,2.0,Better,Sometimes,Sometimes,,1440,,,,,,,,,,,,,,,3.0
27,2018-03-08,30,Thursday,0,3.0,Same,Often,Sometimes,,1440,,,,,,,,,,,,,,,
27,2018-08-10,185,Friday,0,2.0,Better,Never,Never,,1440,1.5817453738926055,1.8009604784591982,2058.8706591345067,1203.3917556155525,70.2830122683979,6.810071909625813,47.35613212327402,9.226135999510497,16.855178822756184,2.1372362774340723,2.3380281690140845,12.907970179892333,35.12494718309859,1.1362464105530585,
27,2018-08-12,187,Sunday,1,1.0,Same,Never,Never,,1440,1.3261600932857143,1.376177515772413,1376.4498396276645,81.5408770021182,66.8325153570975,7.312653390047929,47.60028305936631,15.772993971526448,15.846738263905305,2.3919055626003076,0.544973544973545,4.416828812394538,35.17189720332577,0.8020748613577917,1.0
27,2018-08-13,188,Monday,0,1.0,Same,Never,Never,,1440,1.9572433936884877,1.9195345098267176,1546.0768678510158,329.75252015509375,77.02161772900678,7.387324276511708,37.04190183220588,8.826044709026327,17.252127801800455,3.9025958038728064,3.8261851015801356,12.5818241608492,34.58220090293454,0.8934081487092966,1.0
27,2018-08-14,189,Tuesday,0,1.0,Same,Never,Never,,1440,1.7411100030059323,2.0292951391471776,1562.5646373378813,576.4588513320898,71.5865623284661,11.501264986348119,46.40987698900842,13.992435184165965,15.9411833276868,3.384192688305805,5.933898305084746,21.952467041720137,34.56984322033898,0.6392027118736434,
27,2018-08-16,191,Thursday,0,1.0,Same,Never,Never,,1440,2.001085018640316,2.596561072808991,1571.4388291950356,597.3537003037751,69.5497223107607,12.513726441954347,50.75116647144014,17.25515143788371,16.499711067895376,3.019959730846815,7.425296442687747,24.22522861307776,35.1901581027668,1.0532443166189016,2.0
27,2018-08-17,192,Friday,0,2.0,Worse,Never,Sometimes,,1440,1.5088675916362357,1.684051123591054,1485.8811648823173,450.2793411627169,67.66804579002812,10.159485244816384,50.71317436754124,13.860389206273064,15.46937382791051,2.754199681946018,3.2478932584269664,15.975110069373043,34.62017556179775,0.9233960875927323,2.0
27,2018-08-18,193,Saturday,1,2.0,Worse,Sometimes,Never,,1440,2.994765046383886,3.8180182421850026,1746.5953910389892,763.0635891366012,84.41057908352273,13.162987758499476,38.49814272819608,7.410721134263556,18.90335991130442,4.837161000513691,7.139020537124803,19.099082347261838,34.75415481832544,1.304066833067726,1.0
27,2018-08-19,194,Sunday,1,1.0,Better,Never,Never,,1440,1.5668736185125225,1.9975136186157962,1409.0268426550629,217.06794998979186,67.75544761512981,8.232947239051892,47.94079497296333,9.766315029707473,15.825024599969396,2.785831384575239,1.941860465116279,9.543530805835283,35.812374776386406,0.9649177280966862,1.0
27,2018-08-20,195,Monday,0,1.0,Same,Never,Never,,1440,1.8474314037962962,2.2943636439916224,1432.0665582841386,233.21459316184553,70.26094340845286,9.529759129035936,49.782071083186814,14.925748418894004,15.900912234703675,3.419658214814836,4.544283413848631,16.559176826078122,34.76938808373591,0.9808776164351838,
27,2018-08-22,197,Wednesday,0,1.0,Same,Never,Never,,1440,1.4728555618362627,1.8714404079116371,1485.7193962425533,393.74569060936705,70.974277329963,9.657596800126607,46.23922775702519,13.427868160189755,16.800275099682242,2.768856061227748,3.1803885291396856,15.366444449972501,35.90055966697502,0.9549652341943469,
27,2018-08-24,199,Friday,0,3.0,Worse,Sometimes,Sometimes,,1440,1.834893047839015,2.198711144417579,1531.089284876894,521.4216876528628,73.63321918242424,8.472981999578252,42.79412606794181,6.566061025423051,17.01515883975528,3.105553275249271,4.4043560606060606,18.34550812080552,34.747746212121214,0.8713105213585799,
27,2018-08-26,201,Sunday,1,1.0,Better,Sometimes,Never,,1440,2.072516157,2.3720544191664015,1390.9034615539106,333.9590648678211,75.56074669438686,9.599359167263337,44.55227975105882,10.410879262075463,18.03042685770723,3.4679668424258696,5.217877094972067,18.19252175468435,34.71373603351955,1.781733590906754,1.0
27,2018-08-27,202,Monday,0,1.0,Better,Sometimes,Never,,1440,2.1986353295170584,2.255171254824998,1378.2345457846855,318.4564539025208,70.4260219539348,11.26165470300301,56.1439019105593,17.049533545841673,16.564116603772096,3.392657027938375,2.8119787717968157,14.560411819853758,34.60436315390447,0.8511256783643846,1.0
27,2018-08-28,203,Tuesday,0,1.0,Better,Never,Never,,1440,2.0066506132153994,2.407901550970673,1468.4498529409357,574.2327422537829,78.16241575942495,9.083880719664032,40.76613916731814,8.747612526883282,18.46425265427542,3.505229126526414,5.2748538011695905,20.567426086709634,34.159541910331384,1.0082495261701363,
27,2018-08-31,206,Friday,0,3.0,Worse,Sometimes,Sometimes,,1440,1.461727134470716,1.6537255704135374,1432.918538951193,488.2374742975306,74.72900106600578,9.873239121468238,40.708882012933756,12.146224484262783,17.03778186261971,2.6915642849980976,3.642805495300072,17.6999747748248,34.709707158351414,1.0528512408955049,2.0
27,2018-09-01,207,Saturday,1,2.0,Better,Sometimes,Never,,1440,2.019989318366537,2.4410515719317867,1398.5203770754865,319.9930564775216,76.02356254683801,10.893074873182385,46.79761645567246,17.38898332347813,17.63418521338039,3.1781347822158037,3.424124513618677,15.879654789892841,35.275404669260695,1.110314162121444,1.0
27,2018-09-02,208,Sunday,1,1.0,Better,Never,Never,,1440,1.9912612147406819,2.3016078952539365,1411.0996325884219,411.3742401396905,73.83113704264869,11.100304776121037,46.51702566088487,10.181940366644007,17.037996635888536,3.137487837024087,2.7708168120539254,14.20805623409959,34.607113402061856,1.126891264871669,
27,2018-09-04,210,Tuesday,0,1.0,Same,Never,Never,,1440,0.955791910413284,0.6751148779277707,1327.3660441861623,54.276479418675414,65.73650690587802,5.436178103320878,47.78404273246269,12.962499690457108,15.89207595604436,1.6919716813133014,0.0,0.0,35.521660516605166,1.7180664482979682,2.0
27,2018-09-05,211,Wednesday,0,2.0,Worse,Sometimes,Sometimes,,1440,1.7085972847292308,2.147280773118677,1479.4243749976154,647.6901405472585,75.6398778935208,11.223548636886061,38.86847286811419,10.182838578247603,17.067923767602696,3.2640705297692625,4.93,21.02131749126382,34.78653846153846,1.0011591138614364,1.0
27,2018-09-06,212,Thursday,0,1.0,Same,Never,Never,,1440,2.160947712178472,2.266835362714506,1456.382861165486,463.81461952940543,75.90626536603641,10.505817954736118,45.870302820986396,10.22656474207572,17.106584724757425,3.68408861216146,4.788194444444445,17.978993210875007,34.29178125,1.0525711450318007,2.0
27,2018-09-07,213,Friday,0,2.0,Same,Never,Never,,1440,2.3526223495292684,2.372773864369699,1617.5463778662602,827.215133864918,80.70900791344995,13.269127137102425,39.90688625049066,13.330019926978494,17.811526743582995,4.456486248671142,3.1910569105691056,13.612984445201654,34.401459349593495,1.8316545374503967,
27,2018-09-09,215,Sunday,1,3.0,Same,Sometimes,Never,,1440,1.5854230134621514,2.0196492516538886,1367.8716730000997,242.6362906516553,68.10609227150547,8.924624623591066,56.22711801310905,19.77066341540175,16.105943796381432,2.477854306427116,3.194223107569721,15.698528437681604,35.031967131474104,1.180867117193939,2.0
27,2018-09-10,216,Monday,0,2.0,Better,Sometimes,Never,,1440,2.322933674345086,2.5952798882823225,1431.8862196726932,583.6011089378819,71.99815103651163,12.94299470324759,58.7472009449702,17.939459191551627,16.385881913701663,4.15424598859846,1.1920480120030008,6.080962496725499,34.68524756189047,0.7486202364930601,2.0
27,2018-09-11,217,Tuesday,0,2.0,Same,Sometimes,Never,,1440,1.9093603404694695,2.3192281981053573,1458.1531479957357,523.1884958817922,75.11680803616231,9.408737635066887,39.85480324083818,7.22761686567622,16.79170264012347,3.178063235009805,7.135135135135135,23.69611293637301,33.94163663663664,1.106776652362852,1.0
27,2018-09-12,218,Wednesday,0,1.0,Better,Never,Never,,1440,1.7010607518180327,2.215211869471218,1446.0201879101476,571.624302074206,69.87970976651354,13.050585843908598,47.82650852215459,16.58163770175719,16.488173149878275,3.4456029765576215,4.885245901639344,20.14821891717063,34.07894262295082,0.915971642141391,1.0
27,2018-09-13,219,Thursday,0,1.0,Same,Never,Never,,401,0.9510575879055116,1.993038950281529,1329.9237484110236,32.45563384392529,61.13091022569554,7.356607110511736,56.817026166096255,14.505660748925996,15.322429013894737,1.773305655150964,0.0,0.0,33.996955380577425,1.4045571209098695,
28,2018-08-09,1,Thursday,0,5.0,Same,Never,Never,,1440,3.3129615480805197,4.525699248757686,2001.0867700184415,1048.8057689265684,84.6874967019636,13.712671076159547,37.90364455725589,11.775539866185992,19.78317466190996,4.421568963026075,8.48961038961039,22.11309201807,35.04998701298702,1.0548248795364605,4.0
28,2018-08-10,2,Friday,0,4.0,Same,Never,Sometimes,,1440,2.139008705516519,3.4743701220669934,1616.1634931254312,746.84361195466,74.82377583775806,14.910616722425674,46.07644389897032,16.615708159652677,16.92102863707506,3.9326279353754305,3.4464141821112007,13.137752991428892,34.67564464141821,1.2897246781358467,
28,2018-08-13,5,Monday,0,4.0,Same,Sometimes,Regularly,,1440,1.5898692807124999,1.9067618872403809,1435.5580723369167,330.5041282780153,76.87400807544554,8.144426657776952,35.63308364936932,14.563894377391907,17.60680979107,2.942483102980917,0.49166666666666664,5.915720257464396,34.105666666666664,1.9280394071101308,6.0
28,2018-08-14,6,Tuesday,0,6.0,Worse,Never,Sometimes,,1440,2.189629167112732,2.859313874678841,1564.0266338147214,543.4688714767765,77.33757135652463,9.86366715243929,36.612024815402634,9.594226905158129,17.866487933187248,3.0083516480690182,4.031830238726791,15.616555559263123,34.81769230769231,0.6418246572012308,
28,2018-08-16,8,Thursday,0,5.0,Better,Sometimes,Sometimes,,474,1.025991791631783,1.2321241979466708,1373.780245120969,256.4710539882346,64.28082017302324,8.13518121520034,54.79543440423256,14.48016545903119,14.930440313595238,3.997457521757795,0.37209302325581395,3.0789097252714908,34.291259689922484,0.8743363588948408,
