portfolio_row_id,Age,Sex,Management,Severity,Diagnosis,BMI,Height,Weight,Length_of_Stay,Alvarado_Score,Paedriatic_Appendicitis_Score,Appendix_on_US,Appendix_Diameter,Migratory_Pain,Lower_Right_Abd_Pain,Contralateral_Rebound_Tenderness,Coughing_Pain,Nausea,Loss_of_Appetite,Body_Temperature,WBC_Count,Neutrophil_Percentage,Segmented_Neutrophils,Neutrophilia,RBC_Count,Hemoglobin,RDW,Thrombocyte_Count,Ketones_in_Urine,RBC_in_Urine
1,13.83,male,primary surgical,uncomplicated,appendicitis,23.83,160,61,5,6,4,yes,12,no,yes,no,no,yes,no,37.5,12.9,70.3,,no,4.61,13.3,13.3,241,no,no
2,13.89,female,primary surgical,uncomplicated,appendicitis,18.03,158,45,4,8,5,yes,8,yes,yes,yes,no,no,no,37.5,15.8,76.4,,yes,4.62,13.5,12.8,263,no,no
3,14.34,female,conservative,uncomplicated,no appendicitis,21.26,149,47.2,4,6,6,yes,4,no,yes,no,no,yes,yes,38.9,8,83.1,,yes,5.29,14.8,13.1,197,+++,+
4,7.74,female,conservative,uncomplicated,no appendicitis,22.04,120.5,32,3,5,3,no,,no,yes,yes,no,no,no,38.8,9.8,54.5,,no,5.1,14,12,305,+,+
5,14.62,female,primary surgical,complicated,appendicitis,12.19,167,34,17,7,5,yes,14,no,yes,no,no,yes,no,37.8,11.5,84.5,,yes,4.56,14.3,12.2,297,no,no
6,16.38,female,conservative,uncomplicated,no appendicitis,17.3,165,46.8,3,4,4,yes,4.6,no,yes,no,no,yes,yes,36.5,8.5,48.3,,no,4.53,13.2,11.9,267,no,no
7,13.47,female,conservative,uncomplicated,no appendicitis,18.53,168,52.3,7,6,7,no,,yes,yes,yes,yes,yes,yes,37,7,43.4,,no,4.33,13,12.7,200,no,no
8,15.72,female,conservative,uncomplicated,no appendicitis,,,52,3,4,3,no,,no,yes,no,no,no,no,36.8,11.3,68.9,,no,4.64,12.9,11.8,408,no,no
9,13.39,female,conservative,uncomplicated,appendicitis,17.5,153,40.7,3,6,6,yes,8.5,yes,yes,no,no,yes,yes,38.1,6.8,73.7,,no,5.19,14.1,12.4,267,+++,no
10,12.7,male,primary surgical,complicated,appendicitis,26.81,165,73,8,8,6,yes,14,no,yes,yes,no,no,yes,37.3,24.2,,81,yes,5.38,13.7,14.5,441,,
11,9.95,female,primary surgical,complicated,appendicitis,18.26,148,40,6,8,6,no,,no,yes,yes,no,no,yes,36.4,16.4,,82,yes,4.31,12.6,11.9,356,,
12,17.21,female,conservative,uncomplicated,no appendicitis,26.05,160,66.7,3,,,no,,no,yes,yes,no,yes,no,37.2,11.9,,,,4.38,13,12.9,286,no,no
13,15.11,male,conservative,uncomplicated,no appendicitis,17.71,165.5,48.5,3,4,4,yes,3.2,no,yes,no,no,yes,yes,36.8,7.8,73.7,,no,5.67,15.2,12.8,213,no,no
14,12.55,male,conservative,uncomplicated,no appendicitis,20.32,161.5,53,3,2,2,no,,no,yes,no,no,no,no,37.2,7.6,55,,no,4.94,14.9,12.7,320,no,no
15,15.48,female,primary surgical,complicated,appendicitis,24.91,170,72,7,8,6,yes,10,no,yes,yes,no,yes,yes,37.2,14.9,,63,no,4.37,11.7,12.9,233,no,no
16,12.78,female,primary surgical,uncomplicated,appendicitis,17.91,162,47,4,10,10,yes,11,yes,yes,yes,yes,yes,yes,38.2,16.1,85.7,,yes,4.3,12.2,11.7,223,+,no
17,11.07,male,conservative,uncomplicated,appendicitis,16.1,141,32,3,6,5,yes,9,no,yes,no,no,yes,no,37.2,16.1,80.9,,yes,4.76,13.9,12.7,294,no,no
18,12.51,female,conservative,uncomplicated,no appendicitis,17.89,151,40.8,4,3,2,yes,4,no,yes,no,no,no,no,37.5,8.7,52.9,,no,4.83,13.8,13.3,287,,
19,10.37,male,conservative,uncomplicated,appendicitis,21,138,40,3,8,6,yes,6,no,yes,yes,no,yes,no,38.5,10.6,83.6,,yes,4.59,13,12.1,247,,
20,11.85,female,conservative,uncomplicated,appendicitis,22.31,164,60,3,5,6,yes,6.3,yes,yes,no,yes,yes,no,37.4,5.4,49.8,,no,4.79,13.3,12.2,237,no,+
21,12.2,male,conservative,uncomplicated,no appendicitis,16.91,149.5,37.8,3,7,6,yes,5,no,yes,no,no,yes,yes,36.3,10.2,79.1,,yes,4.67,13.6,12.5,304,no,no
22,10.99,male,secondary surgical,uncomplicated,appendicitis,19.17,148,42,4,8,6,yes,8,no,yes,no,no,yes,yes,37.5,18.5,76.6,,yes,5.51,15.3,13.3,222,no,no
23,6.64,male,primary surgical,complicated,appendicitis,12.82,128,21,14,9,7,yes,4.5,no,yes,yes,no,yes,yes,38.7,17.9,94.2,,yes,4.91,14,12.5,295,+++,no
24,15.92,male,conservative,uncomplicated,no appendicitis,21.9,180,71,2,2,2,yes,7,no,yes,no,no,no,no,37,5.2,62,,no,4.69,14.3,11.7,197,no,no
25,9.85,male,primary surgical,complicated,appendicitis,15.01,139,29,8,,,yes,7.2,yes,yes,no,yes,yes,yes,36.8,20.6,,,,4.89,13.2,12.4,385,+++,no
26,13.46,male,conservative,uncomplicated,appendicitis,14.71,169,42,3,8,8,yes,6.5,no,yes,yes,yes,yes,yes,36.5,18.2,89.7,,yes,4.97,14.5,13.9,267,no,no
27,6.38,female,conservative,uncomplicated,no appendicitis,13.89,120,20,3,7,4,no,,no,yes,no,no,no,no,37.8,18.7,78.1,,yes,4.75,13.4,11.5,436,++,no
28,14.16,male,conservative,uncomplicated,appendicitis,,,75,3,6,5,yes,8,yes,yes,yes,no,yes,yes,37.2,5.6,,64,no,5.57,14.8,13,250,,
29,14.2,female,primary surgical,complicated,appendicitis,20.96,162,55,28,9,6,yes,,yes,yes,yes,no,yes,yes,37.2,17.1,84.6,,yes,3.62,10,14.2,443,+++,++
30,15.89,female,conservative,uncomplicated,appendicitis,23.1,143.5,47.5,4,7,6,yes,11,no,yes,no,no,no,yes,37.9,17.4,78.3,,yes,4.92,14.6,12.8,219,+++,+
31,12.24,male,conservative,uncomplicated,appendicitis,15.59,153,36.5,3,5,5,yes,6.6,no,yes,yes,yes,yes,no,36.8,4.1,49.6,,no,4.49,11.9,14.5,245,+++,no
32,10.34,male,conservative,uncomplicated,appendicitis,15.98,148,35,2,4,4,yes,6,no,yes,no,no,yes,yes,37,8.2,48.4,,no,5.01,14.1,12.5,274,+,+
33,9.43,female,conservative,uncomplicated,no appendicitis,15.95,146,34,2,4,4,no,,no,yes,no,no,yes,yes,37.2,8,46.9,,no,4.31,13.9,12,233,no,no
34,10.58,male,conservative,uncomplicated,no appendicitis,17.3,140,34,3,5,4,no,,no,yes,no,no,no,no,37.8,11.1,71.7,,no,5.08,13.1,12.6,395,no,no
35,11.38,male,primary surgical,uncomplicated,appendicitis,21.08,154,50,4,8,9,yes,12,no,yes,no,yes,yes,yes,38.5,24.1,86,,yes,4.81,13.6,12.5,362,no,no
36,12.09,male,conservative,uncomplicated,no appendicitis,17.6,143,36,2,2,2,yes,6,no,yes,no,no,no,no,37,7.3,69.6,,no,4.9,14.3,11.3,354,,
37,11.9,male,conservative,uncomplicated,appendicitis,16.84,140,33,3,10,10,yes,6.6,yes,yes,yes,yes,yes,yes,38.2,12.4,77.2,,yes,4.68,13.1,13.7,355,+++,no
38,13.9,female,conservative,uncomplicated,no appendicitis,23.8,152,54.7,3,3,3,no,,no,yes,no,no,no,no,37.3,7.1,51.1,,no,4.74,13.5,12.8,217,no,no
39,12.31,female,primary surgical,complicated,appendicitis,24.62,157.4,61,6,10,9,no,,yes,yes,yes,yes,yes,no,38,17.9,83.5,,yes,5.25,14.5,13.3,252,+,+
40,8.69,female,conservative,uncomplicated,appendicitis,16,139,31,4,8,8,yes,7.7,no,yes,yes,yes,yes,yes,37.3,10.7,56,,no,4.15,12.2,11.8,284,++,no
41,6.49,male,primary surgical,complicated,appendicitis,16.24,119,23,6,6,7,no,,no,yes,yes,yes,no,yes,38.9,9.3,77.8,,yes,4.92,13.4,12.7,187,++,no
42,11.55,female,primary surgical,uncomplicated,appendicitis,17.53,152,40.5,6,9,7,yes,10,no,yes,yes,yes,yes,no,37.8,12.6,85.1,,yes,5.04,14.7,12.3,255,+++,+
43,11.67,female,conservative,uncomplicated,no appendicitis,23.38,163.5,62.5,5,2,2,yes,5,no,yes,no,no,no,no,36.8,9.2,60.3,,no,4.61,12.9,13.9,296,no,+
44,5.34,male,conservative,uncomplicated,no appendicitis,15.66,113,20,2,5,6,no,,no,yes,no,yes,no,no,38,10.4,,74,no,4.71,14.1,13.3,310,++,no
45,15.57,male,conservative,uncomplicated,no appendicitis,16.79,176,52,3,5,5,yes,4,yes,yes,yes,yes,no,no,37.7,8.6,62.7,,no,5.37,15.4,12.8,238,,
46,15.63,male,conservative,uncomplicated,no appendicitis,19.34,185,66.2,3,6,5,yes,2.7,no,yes,no,no,no,no,39.9,15.3,88.5,,yes,5.48,16.3,11.9,368,+++,no
47,11.39,male,conservative,uncomplicated,no appendicitis,16.85,149,37.4,3,7,6,no,,no,yes,no,no,yes,no,38.1,18.4,86.9,,yes,5.16,14.4,13.2,418,no,no
48,16.13,male,primary surgical,complicated,appendicitis,19.93,182,66,7,8,7,yes,10,yes,yes,yes,no,yes,yes,37.3,22.5,87.1,,yes,4.74,14.4,12.7,153,+++,++
49,10.9,female,conservative,uncomplicated,appendicitis,22.07,150.5,50,3,5,4,yes,7,yes,yes,no,no,no,no,36.8,10.2,63.4,,no,4.82,13.4,12.7,332,no,no
50,10.51,female,conservative,uncomplicated,appendicitis,17.8,150,40,3,7,8,yes,7.7,no,yes,no,yes,yes,yes,36.3,16.1,84.5,,yes,4.55,13.2,11.5,332,no,no
51,14.25,male,conservative,uncomplicated,appendicitis,22.43,158,56,3,5,5,yes,7.1,no,yes,no,no,yes,yes,36.8,8.9,86.4,,yes,4.56,13.2,13.8,210,+,no
52,7.88,male,primary surgical,complicated,appendicitis,18.7,130,31.6,7,7,6,yes,10,no,yes,no,no,yes,no,38.2,22.7,90.5,,yes,5.05,13.5,12.3,457,,
53,15.73,male,conservative,uncomplicated,appendicitis,18.46,178,58.5,3,4,4,yes,11,no,yes,no,no,yes,yes,37.2,8.8,50.7,,no,5.46,15.3,12.8,200,no,+
54,14.95,female,secondary surgical,uncomplicated,,20.32,163,54,3,,,,,,,,,,,,,,,,,,,,,
55,3.43,male,primary surgical,complicated,appendicitis,14.58,98,14,8,10,8,yes,9.8,yes,yes,yes,no,yes,yes,37.9,16.1,84,,yes,4.2,11.3,12.7,291,no,no
56,14.74,male,primary surgical,complicated,appendicitis,22.2,175,68,5,9,7,no,,yes,yes,yes,no,yes,no,39.2,29.9,81.7,,yes,5.47,15.8,12.8,346,,
57,11.98,male,conservative,uncomplicated,no appendicitis,26.4,143,54,2,4,6,no,,no,yes,no,yes,yes,yes,37,4.8,57.6,,no,4.5,12.9,,224,,
58,10.98,female,conservative,uncomplicated,appendicitis,12.9,142,26,3,6,5,yes,8,yes,yes,no,no,no,no,37.2,13.3,77,,yes,5.18,13.8,11.9,275,no,no
59,10.72,male,conservative,uncomplicated,no appendicitis,20.5,153,48,3,6,6,no,,no,yes,yes,yes,no,no,38.8,11.4,54,,no,5.23,13.8,13.5,276,,
60,15.18,male,primary surgical,uncomplicated,no appendicitis,16.26,170,47,8,6,5,no,,no,yes,no,no,yes,no,39,9.6,88.1,,yes,4.66,13.5,13.5,267,+++,+
61,3.33,male,primary surgical,uncomplicated,appendicitis,15.31,96.3,14.2,4,6,7,yes,8,no,yes,no,yes,yes,yes,38.5,33.3,79.8,,yes,4.42,12.9,13.5,330,,
62,14.36,male,secondary surgical,uncomplicated,appendicitis,18.82,163,50,4,10,7,yes,9,yes,yes,yes,,yes,yes,37.5,14.3,80.4,,yes,4.84,14,12.7,271,+,+
63,12.62,female,conservative,uncomplicated,no appendicitis,20.8,161,54,4,4,3,yes,5.2,no,yes,yes,no,no,yes,36.9,9.8,43.6,,no,4.78,13.8,12.4,253,+,+++
64,15.71,female,conservative,uncomplicated,appendicitis,19.84,168,56,4,6,7,yes,6,yes,yes,yes,yes,yes,yes,37,9.2,70.2,,no,5.1,14.4,14.2,238,no,no
65,9.32,male,primary surgical,uncomplicated,appendicitis,14.92,132,26,4,8,7,yes,12.7,yes,yes,,,yes,yes,36.5,18.6,88.3,,yes,4.24,12.2,12.4,283,+++,no
66,3.19,female,primary surgical,complicated,appendicitis,13.3,95,12,9,6,5,no,,no,yes,no,no,yes,no,38.6,6.6,74,,no,3.87,10.3,12.9,260,,
67,5.33,male,conservative,uncomplicated,no appendicitis,15.04,121.5,22.2,2,2,2,no,,no,no,no,no,yes,yes,36.3,3.5,,67,no,5.26,14.4,12.8,277,+++,no
68,16.12,female,conservative,uncomplicated,no appendicitis,22.5,166,62,2,4,4,no,,yes,yes,no,no,no,yes,36.4,9.8,71.4,,no,4.62,11.6,18,451,+++,++
69,3.2,male,primary surgical,complicated,appendicitis,14.79,104,16,7,6,5,yes,10,no,no,no,no,yes,yes,36.8,14.6,79,,yes,4.63,12.4,12.5,401,+++,+
70,14.48,female,conservative,uncomplicated,appendicitis,22.66,165,61.7,3,4,6,yes,6.8,yes,yes,no,yes,yes,no,37.2,9,57.3,,no,4.54,12.7,12.9,264,no,no
71,11.09,female,conservative,uncomplicated,no appendicitis,16.43,147,35.5,3,7,6,yes,3,yes,yes,no,no,yes,no,36.4,12.2,77.6,,yes,4.9,13.1,13.3,347,,
72,4.77,female,conservative,uncomplicated,no appendicitis,14.06,108,16.4,3,7,5,no,,no,yes,no,no,no,no,39,28.2,76,,yes,4.74,12.8,13.7,385,+++,++
73,6.18,male,conservative,uncomplicated,no appendicitis,14.86,116,20,3,7,6,no,,no,yes,no,no,yes,no,38.9,17.5,85.5,,yes,4.6,12.5,13.5,349,no,no
74,13.89,male,conservative,uncomplicated,no appendicitis,18,149,40,4,,,no,,no,no,no,no,no,yes,37,10.6,,,,4.79,13.5,12.9,330,no,+
75,9.97,female,conservative,uncomplicated,no appendicitis,16.61,127.5,27,3,5,3,no,,no,yes,yes,no,no,no,37,12.3,47.3,,no,5.03,13.7,12.4,152,no,+
76,9.34,female,conservative,uncomplicated,no appendicitis,19.04,137.5,36,3,2,2,no,,no,yes,no,no,no,no,37,7,53.1,,no,4.9,13.6,12.4,190,no,no
77,12.98,female,conservative,uncomplicated,appendicitis,20.2,159,51,4,7,5,yes,9,no,yes,yes,no,yes,yes,37.2,13.3,74.5,,no,4.96,13.8,12.5,292,no,no
78,16.66,male,conservative,uncomplicated,appendicitis,21.5,174,65,5,6,7,yes,9,yes,yes,yes,yes,yes,yes,36.6,6.6,53.3,,no,5.31,15.8,11.9,254,+,no
79,10.49,male,conservative,uncomplicated,no appendicitis,15.8,140,31,3,8,8,no,,no,yes,yes,yes,no,yes,37.9,15.9,88,,yes,4.35,13.3,11.2,269,+,no
80,5.72,female,primary surgical,uncomplicated,appendicitis,14.36,118,20,5,5,4,no,,no,yes,yes,no,no,yes,39.1,7.7,70,,no,4.51,12.2,12.9,221,++,+
81,14.57,female,conservative,uncomplicated,no appendicitis,24.9,150,56,2,4,5,yes,5.9,no,yes,yes,yes,no,yes,36.1,7.4,60.3,,no,4.77,13.2,13.2,330,no,no
82,6.64,female,conservative,uncomplicated,no appendicitis,16,125,24.5,3,5,4,no,,no,no,no,no,no,yes,37.9,16.3,80.8,,yes,4.98,13.5,12.1,328,+,no
83,13.1,female,primary surgical,complicated,appendicitis,17.72,162,46.5,10,8,9,no,,no,yes,no,yes,yes,yes,38.6,10.4,,72,no,3.8,10.6,12.9,161,,
84,14.58,female,conservative,uncomplicated,no appendicitis,29.34,162,77,4,3,3,no,,no,yes,no,no,yes,no,36.8,7,43.3,,no,4.54,13,12.7,262,no,
85,8.13,female,primary surgical,complicated,appendicitis,18.51,123,28,9,7,5,yes,12,no,yes,yes,no,yes,yes,38,8.1,81.7,,yes,5.31,14.4,13,215,+++,+++
86,5.92,male,primary surgical,uncomplicated,appendicitis,12.93,118,18,4,7,8,yes,9,no,yes,no,no,yes,yes,37,23.5,86.1,,no,5.09,13.2,13.8,324,+++,no
87,15.12,female,secondary surgical,uncomplicated,appendicitis,21.05,166,58,4,,,no,,,,,,,,37.5,8.2,62,,no,5.2,14.9,12.1,341,,
88,13.19,male,primary surgical,uncomplicated,appendicitis,,,43.5,8,9,6,no,,no,yes,yes,no,yes,yes,37.4,18.4,82,,yes,4.39,12.4,13.2,273,,
89,14.49,female,conservative,uncomplicated,no appendicitis,30.44,168,85.9,5,4,3,no,,no,yes,yes,no,yes,no,37,6.5,47.8,,no,4.51,13.1,14,221,no,no
90,0.53,male,primary surgical,uncomplicated,appendicitis,20.37,176,63.1,3,7,4,yes,10,no,yes,yes,no,no,no,37.5,14.5,77.3,,yes,5.18,14.5,11.8,232,,
91,14.43,female,conservative,uncomplicated,no appendicitis,17.6,160,45,4,,,yes,5,no,yes,yes,yes,yes,yes,37.1,8.8,,,,4.28,13.5,12.8,226,no,no
92,11.04,female,conservative,uncomplicated,no appendicitis,20.78,152,48,3,8,8,yes,5,yes,yes,yes,yes,yes,no,37,10.3,79.8,,yes,5.04,14.6,11.8,270,no,+++
93,13.72,female,primary surgical,uncomplicated,appendicitis,18.19,177,57,5,7,8,yes,8,no,yes,yes,yes,no,yes,38.7,15.7,80.4,,yes,3.85,11.7,12.4,234,++,no
94,14.59,female,primary surgical,uncomplicated,appendicitis,28.44,156,69.2,7,4,3,yes,10,yes,yes,yes,no,no,no,36.5,7.8,50.7,,no,4.61,13.4,12.6,284,no,no
95,10.57,female,primary surgical,complicated,appendicitis,17.75,130,30,8,7,6,yes,13,no,yes,yes,no,yes,yes,38.3,3.5,83,,yes,4.85,13.5,12.3,268,,
96,13.92,female,primary surgical,complicated,appendicitis,26.99,170,78,10,,,no,,no,yes,no,no,yes,no,39.5,22.9,,,,,,,,+,no
97,0,male,primary surgical,uncomplicated,appendicitis,17.1,164,46,6,6,4,yes,11,no,yes,no,no,no,no,37.4,14.4,81.5,,yes,5.1,14.2,12.9,242,,
98,5.01,male,primary surgical,uncomplicated,appendicitis,14.89,103,15.8,5,3,3,yes,11,no,yes,no,no,yes,no,37.3,13.1,68.4,,no,4.27,11.5,12.6,259,no,no
99,13.7,male,conservative,uncomplicated,appendicitis,21.77,166,60,3,6,4,yes,11,no,yes,no,no,no,yes,37.9,12.5,73.2,,no,4.69,12.7,12.1,256,no,no
100,14.74,male,conservative,uncomplicated,no appendicitis,22.9,155,55,4,3,3,yes,5,yes,yes,no,no,no,no,36.3,8,69.3,,no,4.94,14,12.1,191,no,no
101,8.06,male,primary surgical,complicated,appendicitis,14.18,142,28.6,8,8,7,yes,7,no,yes,no,no,yes,yes,37.6,14.8,80,,yes,4.64,12.3,13.7,197,+++,no
102,17.56,female,conservative,uncomplicated,no appendicitis,19.1,165,52,3,5,4,yes,,no,yes,no,no,no,no,37.3,11.2,70.3,,no,4.36,12.8,11.8,340,no,no
103,9.12,male,primary surgical,uncomplicated,appendicitis,16.38,143,33.5,5,5,4,yes,9,no,yes,yes,no,no,yes,38,17.71,55,,no,5.53,14.5,,305,+++,+
104,14.93,female,conservative,uncomplicated,no appendicitis,25,165,68,3,3,3,yes,9,no,yes,no,no,no,yes,36.2,7.3,64.4,,no,4.24,13.6,11.7,245,no,no
105,6.25,female,primary surgical,complicated,appendicitis,14.86325803,116,20,8,8,8,yes,9,no,yes,yes,yes,yes,yes,37.1,15.3,79.2,,yes,4.5,12.8,12.3,341,,
106,10.1,female,primary surgical,uncomplicated,appendicitis,19.04,152,44,5,8,8,yes,13,yes,yes,no,yes,yes,no,37.6,13.8,86.6,,yes,4.39,12.6,12.9,361,,
107,16.86,male,primary surgical,uncomplicated,appendicitis,23.98,180,77.7,4,9,7,no,,no,yes,yes,no,yes,yes,38.1,17.2,78.7,,yes,5.36,16.6,12.5,208,,
108,11.33,female,conservative,uncomplicated,no appendicitis,19.04,151.5,43.7,3,3,3,no,,no,yes,no,no,no,yes,36,6.9,56.4,,no,4.54,13,12.6,310,,
109,13.94,male,conservative,uncomplicated,no appendicitis,16,142.5,32.5,3,3,2,yes,3.7,no,yes,yes,no,no,no,37.1,7.4,49.1,,no,5.37,13.9,12.8,246,no,no
110,11.38,male,conservative,uncomplicated,no appendicitis,17.33,150,39,3,5,6,yes,4.7,no,yes,no,yes,no,yes,36.8,15.3,66.7,,no,5.33,14.1,14.1,299,no,no
111,4.78,female,primary surgical,complicated,appendicitis,16.5,103,17.5,5,8,7,yes,8,no,yes,no,no,yes,yes,37.5,12.7,83.7,,yes,4.84,12.4,14.2,98,,
112,16.19,female,conservative,uncomplicated,no appendicitis,19.53,160,50,3,6,5,no,,no,yes,no,no,yes,no,37.2,11.6,76.7,,yes,4.06,11.5,12.9,168,no,no
113,9.45,female,primary surgical,uncomplicated,appendicitis,20.27,149,45,6,8,6,yes,8.5,no,yes,no,no,yes,yes,37.4,17.7,85.6,,yes,4.88,13.4,12.9,240,++,no
114,10.65,female,conservative,uncomplicated,appendicitis,13.3,136.5,25,3,7,6,yes,8.2,no,yes,no,no,yes,yes,36.2,18.6,93.9,,yes,4.83,12.6,13.3,349,+++,no
115,5,female,conservative,uncomplicated,no appendicitis,16.02,106,18,3,6,5,no,,no,yes,no,no,no,no,38.4,18,83.2,,yes,3.96,11.5,12.4,274,no,+
116,9.86,male,conservative,uncomplicated,no appendicitis,14.5,141.4,29,3,2,2,yes,5.3,no,yes,no,yes,no,no,36.8,4.7,39.5,,no,4.44,13.1,12.5,165,,
117,11.15,male,conservative,uncomplicated,appendicitis,17.5,155,42,3,4,6,yes,6,no,yes,no,yes,yes,yes,36.8,7.5,59.6,,no,5.18,13.8,13.3,234,no,no
118,7.44,female,primary surgical,complicated,appendicitis,15.09,130,25.5,7,8,7,yes,9,no,yes,no,no,yes,yes,38.3,17.8,87.3,,yes,4.44,12.3,11.6,288,+++,no
119,9.02,female,primary surgical,complicated,appendicitis,15.04,134,27,12,,,no,,no,yes,no,no,yes,yes,37.6,,,,,,,,,,
120,10.54,male,conservative,uncomplicated,no appendicitis,15.99,133.5,28.5,3,3,3,yes,6,no,yes,no,no,no,yes,37.2,6.6,55.3,,no,4.41,12.3,12.8,239,no,no
121,8.89,female,conservative,uncomplicated,no appendicitis,15.5,132,27,3,5,6,yes,5,yes,yes,yes,yes,yes,no,37,7.1,54.8,,no,4.52,12.3,12.9,265,no,no
122,0.04,male,primary surgical,complicated,appendicitis,14.1,53,3.96,12,4,4,yes,10,no,yes,no,no,no,yes,38.7,8.7,62.6,,no,4.59,15.3,,440,no,+++
123,15.5,female,primary surgical,complicated,appendicitis,20.03,158,50,7,5,4,no,,no,no,no,no,yes,yes,37.2,20.9,87,,yes,4.36,11.9,15.6,165,+++,+
124,13.26,female,conservative,uncomplicated,appendicitis,24.2,160,62,2,2,4,yes,6,no,yes,no,yes,no,no,36,7.4,53,,no,4.48,12.9,12.3,266,no,no
125,10.9,female,conservative,uncomplicated,no appendicitis,13.7,135,24.5,2,0,1,yes,4.8,yes,no,no,no,no,no,36.7,8.7,63.5,,no,4.74,15.3,12.8,324,no,no
126,12.59,male,conservative,uncomplicated,no appendicitis,16.94,147.8,37,3,5,5,no,,yes,yes,no,no,yes,no,39,6,,52,no,4.75,14,12.3,320,no,no
127,5.72,female,primary surgical,complicated,no appendicitis,14.49,126,23,11,3,3,no,,no,no,no,no,yes,yes,40,8.3,71,,no,4.08,11.5,13.1,165,no,+
128,17.72,male,conservative,uncomplicated,appendicitis,22.7,178,72,3,8,7,yes,6,yes,yes,no,no,yes,yes,36.5,14.7,80.9,,yes,5.99,15.6,13.7,225,++,no
129,12.8,male,conservative,uncomplicated,appendicitis,15.6,152,35.8,3,5,6,yes,6,no,yes,yes,yes,yes,yes,37.1,8.7,74.3,,no,5.16,14.2,12.9,272,no,+
130,9.77,female,primary surgical,uncomplicated,appendicitis,17.35,141.2,34.6,7,9,6,yes,11,no,yes,yes,no,yes,yes,37.2,30.5,79.2,,yes,5.11,14.6,13.8,366,no,+
131,9.24,male,conservative,uncomplicated,appendicitis,20.68,141.5,41.4,3,4,3,yes,6,no,yes,no,no,no,no,36.8,14.9,68.9,,no,4.84,12.1,14.9,311,++,no
132,11.81,female,conservative,uncomplicated,appendicitis,15.97,166,44,2,8,7,yes,7.8,no,yes,yes,yes,yes,no,37,15.7,83.7,,yes,5.2,14.4,12.8,249,,
133,9.25,male,primary surgical,complicated,appendicitis,15.23,138,29,8,7,5,yes,8,no,yes,no,no,yes,no,37.5,23.8,79.2,,yes,4.91,13.7,79.2,353,no,no
134,16.19,male,conservative,uncomplicated,appendicitis,22,172,65,3,5,4,yes,13,yes,yes,no,no,no,no,36.4,12.7,73.2,,no,5.31,16.1,12.3,192,no,+++
135,6.67,female,conservative,uncomplicated,no appendicitis,25.04,124,38.5,3,9,7,yes,3.5,no,yes,yes,no,yes,yes,39.6,16.8,92.4,,yes,5.27,13.2,13.7,444,+,no
136,14.79,male,primary surgical,uncomplicated,appendicitis,23.23,166,64,4,7,8,yes,10,yes,yes,no,yes,yes,no,36.8,20.6,83.8,,yes,5.63,15.3,12.9,315,no,no
137,7.55,female,primary surgical,uncomplicated,appendicitis,16.76,136,31,3,5,3,yes,,no,yes,no,no,no,no,37.8,16.1,63.6,,no,4.51,12.6,11.7,361,,
138,6.39,male,conservative,uncomplicated,appendicitis,15.7,110,18.5,3,7,6,yes,8.4,no,yes,yes,no,no,yes,37,15.5,89.6,,yes,4.5,12.9,12.1,304,++,no
139,14.1,male,conservative,uncomplicated,no appendicitis,31.9,147,69.5,2,5,4,no,,yes,yes,yes,no,no,yes,36.9,8.1,64.8,,no,5.26,15.7,12.7,151,no,no
140,5.29,female,primary surgical,complicated,appendicitis,13.87,105,15,9,10,10,no,,yes,yes,yes,yes,yes,yes,38,28.8,89.2,,yes,4.3,12.1,12.8,406,,
141,9,male,primary surgical,uncomplicated,appendicitis,17.68,147,38.2,5,8,8,yes,10,no,yes,yes,yes,yes,no,38.2,14,87.1,,yes,4.5,12.1,13.7,275,,
142,3.74,male,primary surgical,uncomplicated,appendicitis,15.31,103.5,16.4,6,5,5,no,,no,yes,no,no,yes,yes,37,14.8,,69,no,4.31,11.4,12.7,286,+,no
143,12.06,female,conservative,uncomplicated,appendicitis,17.4,157,43,3,2,4,yes,6.6,no,yes,no,yes,no,no,36.2,8.7,48,,no,4.98,14,12.1,316,no,+
144,10.62,female,primary surgical,uncomplicated,appendicitis,23.98,137,45,6,,,yes,10,no,yes,yes,yes,yes,yes,39.2,14.7,,,,4.93,13.4,12.7,294,no,no
145,4.52,female,conservative,uncomplicated,no appendicitis,14,110,16.5,4,8,9,no,,no,yes,no,yes,yes,yes,37.3,22.1,87.6,,yes,5.03,13.1,13.5,365,no,no
146,12.68,female,conservative,uncomplicated,appendicitis,,,39,3,4,5,yes,6.5,no,yes,yes,yes,no,yes,37.1,7.3,59.7,,no,4.34,12.7,12.4,218,no,no
147,9.72,female,primary surgical,complicated,appendicitis,17.6,141,35,7,7,6,yes,15,no,yes,no,no,yes,yes,37.8,19.1,81,,yes,4.43,12.1,13.2,316,,
148,11.79,female,conservative,uncomplicated,no appendicitis,19.2,137,36,2,6,6,yes,4,no,yes,yes,yes,no,no,36.6,14.6,77.7,,yes,4.73,13.1,12.2,251,no,+
149,9.5,female,conservative,uncomplicated,appendicitis,16.6,144.5,35.4,3,5,6,yes,6,no,yes,yes,yes,yes,yes,37.1,9.7,62.5,,no,4.78,13.8,12,335,,
150,10.75,female,conservative,uncomplicated,no appendicitis,22.9,155,54.5,3,7,7,yes,5,no,yes,yes,yes,no,no,37.7,10.3,81.2,,yes,4.79,13,13.7,254,no,no
151,11.35,female,conservative,uncomplicated,no appendicitis,25.6,163,68,3,6,4,no,,no,yes,yes,no,no,no,36.8,12.1,78.2,,yes,4.37,12.3,14.6,271,no,no
152,7.1,male,conservative,uncomplicated,no appendicitis,15.28,120,22,2,4,3,no,,no,no,no,no,yes,no,37.1,13,86.1,,yes,4.78,13.4,12.4,410,no,no
153,6.76,male,primary surgical,complicated,appendicitis,22.47,141.5,45,10,6,4,yes,,no,yes,yes,no,no,no,39,12,68.3,,no,4.75,13.1,13.5,201,,
154,9.19,female,conservative,uncomplicated,appendicitis,15.43,144,32,3,10,9,yes,7.5,yes,yes,yes,yes,yes,yes,37.8,13.6,79.2,,yes,4.93,12.8,14.1,302,no,+
155,7.3,female,conservative,uncomplicated,appendicitis,15.9,123,23.5,3,9,7,yes,6.2,yes,yes,yes,no,yes,yes,37.4,21.1,71.8,,no,4.64,12.9,13.4,249,no,+
156,17.82,female,conservative,uncomplicated,no appendicitis,,,52,2,4,6,yes,5,no,yes,no,yes,yes,yes,37,9.4,53.9,,no,4.48,14.2,12.3,241,+++,no
157,13.76,female,conservative,uncomplicated,appendicitis,20.1,161,51.5,3,5,4,yes,7.4,yes,yes,no,no,no,no,36.9,11.5,70.7,,no,4.59,13.2,12.6,255,no,no
158,13.19,male,primary surgical,uncomplicated,appendicitis,21.19,164,57,5,6,7,yes,11,no,yes,no,yes,yes,no,37,15.4,89.4,,yes,5.04,13.9,13.1,206,no,no
159,16.23,female,secondary surgical,uncomplicated,appendicitis,21.77,166,60,6,,,yes,11,no,yes,yes,no,yes,yes,37,8.1,,,,3.83,10.6,13.6,238,,
160,12.04,female,primary surgical,complicated,appendicitis,15.22,170.4,44.2,6,8,6,no,,no,yes,no,no,yes,no,38.1,19.4,86,,yes,4.76,12.8,13.2,286,++,no
161,10.55,male,conservative,uncomplicated,appendicitis,18.1,141,36,3,6,7,yes,9,no,yes,no,yes,no,yes,37.4,11,73.2,,no,4.67,13.4,13.4,279,no,no
162,17.79,male,conservative,uncomplicated,no appendicitis,18.4,173,55,2,5,6,no,,no,yes,yes,yes,no,yes,37,6.8,77.9,,yes,5.03,14.6,12,171,+,no
163,14.35,female,secondary surgical,uncomplicated,appendicitis,19.74,151,45,7,4,6,no,,no,yes,no,yes,yes,yes,38,8.8,58.5,,no,4.49,13.8,12.2,246,no,no
164,11.46,female,primary surgical,uncomplicated,appendicitis,16.87,154,40,8,9,7,yes,12,no,yes,yes,no,yes,yes,37.6,15.5,78,,yes,4.96,14,12.3,254,+++,no
165,12.82,male,conservative,uncomplicated,appendicitis,16.67,149,37,3,7,4,yes,8.8,no,yes,no,no,no,no,37.5,14.8,83.3,,yes,5.53,12.7,13.5,282,+++,no
166,12.59,male,conservative,uncomplicated,appendicitis,16.7,148.5,36.5,3,5,4,yes,7.5,no,yes,no,no,no,no,36.8,11.1,75.8,,yes,4.76,13.9,12.6,297,no,no
167,15.07,male,primary surgical,uncomplicated,appendicitis,32.18,174.5,98,6,4,4,yes,12,yes,yes,no,no,yes,no,36.6,7.5,58.4,,no,4.98,14,14.6,290,,
168,9.05,female,primary surgical,uncomplicated,appendicitis,15.37,126.5,24.6,4,7,6,no,,no,yes,no,no,yes,no,38.6,13.4,84.1,,yes,4.6,12.6,13.6,335,,
169,17.08,female,conservative,uncomplicated,no appendicitis,28.09,164.5,76,2,5,4,yes,4.5,no,no,no,no,yes,no,36.2,12.3,55.9,,no,4.85,14.9,12.9,296,no,no
170,8.47,male,primary surgical,uncomplicated,appendicitis,,,24,5,10,8,yes,4.5,yes,yes,yes,no,yes,yes,38.6,18.1,88,,yes,4.11,11.9,12.4,318,,
171,12.8,male,primary surgical,complicated,appendicitis,22.06,155,53,21,10,10,yes,13,yes,yes,yes,yes,yes,yes,38.4,25,82.9,,yes,4.56,10.7,14.8,508,++,no
172,11.36,female,conservative,uncomplicated,appendicitis,13.9,142,28,3,9,7,yes,8,yes,yes,yes,no,yes,yes,36.8,11.4,84.6,,yes,4.35,12.7,12.4,183,+++,+
173,11.62,male,conservative,uncomplicated,no appendicitis,25.96,150,58.4,3,2,4,no,,no,yes,no,yes,no,no,37,7,,59,no,4.56,12.2,12.5,361,no,no
174,7.34,female,primary surgical,complicated,appendicitis,15.62,125,24.4,8,9,7,no,,no,yes,yes,no,yes,yes,38.2,16.1,88.8,,yes,4.83,13.4,11.6,247,,
175,11.77,male,conservative,uncomplicated,appendicitis,13.33,152,30.8,3,6,5,yes,11,no,yes,no,no,yes,no,37.2,12.9,75.2,,yes,4.5,12.6,13.2,260,no,+++
176,14.4,female,secondary surgical,uncomplicated,appendicitis,17.04,161.8,44.6,3,2,4,no,,no,yes,no,yes,no,no,37.2,6.7,56.1,,no,5.27,15.8,12.6,315,no,no
177,7.9,male,conservative,uncomplicated,no appendicitis,15.7,131,26.7,3,7,6,yes,3.7,no,yes,no,no,no,yes,37.3,20.9,76,,yes,4.61,13.4,12,350,+++,+
178,7.25,male,primary surgical,uncomplicated,appendicitis,14.73,129.5,24.7,4,8,9,no,,no,yes,no,yes,yes,yes,37.5,19.1,79.9,,yes,4.61,11.7,13.2,360,no,no
179,10.32,female,primary surgical,uncomplicated,appendicitis,14.66,130.6,25,6,5,3,yes,6,no,yes,yes,no,no,yes,37.5,4.4,38.6,,no,4.79,13.2,12.8,253,no,no
180,9.26,male,primary surgical,complicated,appendicitis,14.06,138.6,27,6,6,4,yes,12,no,yes,no,no,no,yes,38,19,91.2,,yes,5.24,14.8,12.6,291,+++,no
181,16.9,female,primary surgical,complicated,appendicitis,33.08,173,99,21,8,6,yes,9,no,yes,yes,no,yes,yes,36.9,26.4,83.6,,yes,4.59,14.2,12.6,237,+++,no
182,11.27,female,conservative,uncomplicated,no appendicitis,15.48,146,33,3,4,4,yes,5,no,yes,no,no,yes,yes,36.6,7.7,56.1,,no,5.14,14.6,11.7,389,no,no
183,9.66,male,primary surgical,uncomplicated,appendicitis,16.22,149,36,4,10,10,yes,9,yes,yes,yes,yes,yes,yes,38,19.9,79,,yes,4.63,13.1,13.8,282,+,no
184,17.45,male,conservative,uncomplicated,no appendicitis,17.18,174,52,2,2,2,yes,7.2,no,yes,no,no,no,no,36.8,7.5,44.8,,no,5.03,14.8,13.5,316,no,+
185,6.48,male,primary surgical,uncomplicated,appendicitis,12.15,120,17.5,8,6,4,yes,9,no,yes,no,no,no,no,36.8,16.9,78.4,,yes,4.73,13,12.3,278,++,+++
186,15.21,female,conservative,uncomplicated,appendicitis,35.38,155,85,3,7,8,yes,8.5,yes,yes,no,yes,yes,yes,36.8,12.4,68.4,,no,4.62,12.8,13.8,542,no,+
187,10.01,male,conservative,uncomplicated,no appendicitis,24.1,155,58.1,2,7,7,no,,yes,yes,no,no,yes,yes,38,8.3,75.5,,yes,4.93,13.7,12,296,no,no
188,11.96,female,primary surgical,uncomplicated,appendicitis,21.88,160,56,1,4,6,no,,no,yes,yes,no,yes,yes,37.7,19.9,84.3,,yes,4.56,12.3,13,323,+,no
189,9.27,male,conservative,uncomplicated,no appendicitis,23.34,163,62,2,2,2,no,,no,yes,no,no,no,no,36.8,8.6,49.4,,no,5.49,14.2,13.7,294,no,no
190,11.05,female,conservative,uncomplicated,no appendicitis,20.7,149,46.3,3,2,1,yes,6,no,no,no,no,no,no,36,12.2,70.3,,no,4.46,12.9,12.3,383,,
191,10.95,male,conservative,uncomplicated,appendicitis,,,36,3,8,8,yes,7,no,yes,yes,yes,yes,yes,37,14.3,87.8,,yes,4.91,13.8,11.8,403,+++,no
192,12.9,female,conservative,uncomplicated,no appendicitis,17.1,153,40,3,8,7,no,,no,yes,no,no,yes,yes,38.4,26.9,90,,yes,4.85,14.2,13.1,418,+++,+++
193,8.64,male,primary surgical,uncomplicated,appendicitis,21.36,136,39.5,5,9,8,no,,no,yes,yes,yes,yes,no,39,15.8,77.9,,yes,5.37,14.2,14.2,350,+,+
194,13.37,female,conservative,uncomplicated,no appendicitis,20.4,161,53,3,2,4,yes,5.3,no,yes,no,yes,no,no,36.7,6.2,53.2,,no,4.44,12.3,12.1,249,no,no
195,7.59,female,conservative,uncomplicated,appendicitis,12.81,134,23,3,4,5,yes,6,yes,yes,no,yes,no,no,37.5,7.4,54.2,,no,4.9,13.5,12.4,280,no,no
196,17.1,male,conservative,uncomplicated,no appendicitis,23.42,182.5,78,3,6,4,no,,no,yes,yes,no,yes,no,37,8.7,77.5,,yes,4.93,15,12.6,261,+,no
197,16.16,female,conservative,uncomplicated,no appendicitis,21.23,158,53,3,5,5,yes,5,no,yes,no,no,yes,yes,37.2,8.9,75,,yes,4.84,13.2,13,205,+++,no
198,9.9,male,conservative,uncomplicated,no appendicitis,14.4,146,30.7,2,7,4,no,,no,yes,no,no,no,no,37.9,17.1,86.7,,yes,5.01,13.9,12.6,255,+++,no
199,16.68,female,conservative,uncomplicated,appendicitis,20.3,169,58,3,4,3,yes,6.8,no,yes,no,no,no,no,36.8,10.8,65.1,,no,4.57,13.6,12.6,240,no,no
200,11.81,male,conservative,uncomplicated,appendicitis,24.2,156,59.1,4,4,5,yes,8,no,no,no,yes,yes,yes,36.2,17.8,,73,no,4.8,13.8,12.9,296,no,no
201,8.25,male,conservative,uncomplicated,appendicitis,17.63,136,32.6,3,5,4,yes,6.4,no,yes,yes,no,yes,yes,36.6,9.8,63,,no,4.56,12.6,13.3,253,no,no
202,6.29,male,conservative,uncomplicated,no appendicitis,13.9,120,20,2,10,10,no,,yes,yes,yes,yes,yes,yes,38.3,19.1,79.7,,yes,4.9,12.7,12.2,221,no,no
203,10.25,male,conservative,uncomplicated,no appendicitis,16.8,160,43,3,6,5,no,,no,yes,no,no,yes,no,39,4.6,83,,yes,4,11.9,12.6,146,+++,no
204,8.17,male,primary surgical,complicated,appendicitis,17.59,146,37.5,5,8,6,yes,10,no,yes,yes,no,yes,yes,37,18.1,,91,yes,4.61,12.5,12.7,302,,
205,12.51,male,conservative,uncomplicated,appendicitis,18.59,148.5,41,3,7,6,yes,7,no,yes,no,no,yes,no,38,10.9,80,,yes,4.83,13.9,12.1,207,,
206,11.92,male,primary surgical,uncomplicated,appendicitis,15.86,159,40.1,4,9,9,yes,9,yes,yes,no,yes,yes,yes,37.8,19.5,79.9,,yes,4.92,13.3,13.3,300,,
207,16.78,male,primary surgical,complicated,appendicitis,20.58,162,54,9,5,6,yes,7,no,yes,no,yes,yes,yes,37.3,6.2,71.8,,no,4.95,12.6,13.8,232,no,+
208,12.44,female,conservative,uncomplicated,appendicitis,22.39,171.7,66,3,6,4,yes,7,no,yes,yes,no,yes,no,37.2,10.6,68.2,,no,4.87,14.1,12.9,290,,
209,10.15,female,primary surgical,uncomplicated,appendicitis,18.44,150,41.5,4,9,7,yes,8,yes,yes,yes,no,yes,yes,38.1,13.9,81.3,,yes,4.48,12.5,12.8,208,no,no
210,12.9,female,conservative,uncomplicated,no appendicitis,19.14,160,49,3,7,4,no,,no,yes,no,no,yes,no,37.8,11.9,55.2,,no,4.91,13.2,13.5,226,+,no
211,15.97,female,conservative,uncomplicated,no appendicitis,7.83,174,23.7,4,2,2,no,,no,yes,no,no,no,no,37,6.8,59.5,,no,4.73,14.2,12.2,233,no,no
212,14.42,female,secondary surgical,uncomplicated,appendicitis,23.24,151,53,6,,,no,,no,yes,yes,no,no,no,36.8,7.6,,,,4.58,13.1,12.8,234,,
213,8.2,female,primary surgical,complicated,appendicitis,13.75,133.5,24.5,9,7,6,yes,8,no,yes,no,no,yes,yes,37,15.7,87.8,,yes,4.75,12.8,11.9,285,++,+
214,10.49,male,primary surgical,uncomplicated,appendicitis,16.24,143,33.2,5,6,5,yes,13,no,yes,no,no,no,yes,38.6,16.9,61,,no,4.61,12.8,13.4,230,+,no
215,10.1,male,conservative,uncomplicated,no appendicitis,17.71,136.5,33,2,4,4,no,,no,yes,no,no,yes,no,36.7,13.1,62.6,,no,5.09,14.3,12.2,254,no,no
216,8.24,male,primary surgical,uncomplicated,appendicitis,20.41,146,43.5,4,7,6,no,,no,yes,no,no,yes,no,38.2,20.7,85.8,,yes,,,,,,
217,12.97,female,conservative,uncomplicated,no appendicitis,19.5,152,44.8,3,2,2,no,,no,yes,no,no,no,no,36,6.4,41,,no,4.01,12.3,11.6,367,no,no
218,9.18,male,conservative,uncomplicated,appendicitis,20.5,145,43,2,7,5,yes,9,no,yes,yes,no,yes,yes,36.8,17.7,,61,no,5.02,12.9,13.6,265,no,no
219,11.98,male,conservative,uncomplicated,no appendicitis,17.07,145,35.9,3,4,2,yes,4.3,no,yes,yes,no,no,no,37.8,5.6,41.1,,no,4.41,11.9,13.4,389,no,no
220,13.81,female,conservative,uncomplicated,appendicitis,16.38,162,43,3,6,6,yes,9,yes,yes,no,no,yes,no,38,8.4,80.3,,yes,4.44,13.1,12.6,175,no,no
221,5.77,male,conservative,uncomplicated,no appendicitis,19.65,125,30.7,3,5,4,yes,4.8,no,yes,yes,no,yes,no,39.7,11.4,65,,no,5.1,13.6,13.5,305,no,+
222,11.83,female,conservative,uncomplicated,appendicitis,17.26,156,42,3,9,5,yes,8.2,yes,yes,yes,no,yes,no,37.8,10.4,70.6,,no,4.82,12.7,12.6,265,+,no
223,10.24,male,conservative,uncomplicated,no appendicitis,14.65,134.5,26.5,3,4,4,no,,yes,yes,no,no,no,yes,37.2,6.9,66.1,,no,5.03,14.3,13.4,204,no,no
224,9.1,male,conservative,uncomplicated,no appendicitis,,,25,3,7,5,no,,no,no,yes,no,yes,yes,37.6,16.4,88.6,,yes,4.8,13.5,11.8,368,+++,no
225,17.09,female,secondary surgical,complicated,appendicitis,20.43,158,51,6,5,3,no,,no,no,no,no,no,yes,37.8,17.4,89.2,,yes,4.52,13.1,12.8,310,,
226,8.89,female,primary surgical,uncomplicated,appendicitis,17.29,139,33.4,4,9,8,yes,12,no,yes,yes,yes,yes,yes,37.7,16.7,84.1,,yes,4.54,12.8,13.2,276,,
227,7.74,female,conservative,uncomplicated,appendicitis,14.5,126,22.5,3,5,5,yes,8.5,yes,yes,no,no,yes,yes,36.8,8.5,61.4,,no,4.6,13.1,12.2,351,no,no
228,11.22,male,primary surgical,uncomplicated,appendicitis,22.67,148.5,50,4,8,7,no,,no,yes,no,no,yes,yes,38.5,14.7,83.8,,yes,5.11,13.6,13.9,297,,
229,3.27,female,conservative,uncomplicated,appendicitis,15.75,87.7,12.2,6,8,7,yes,10,no,yes,no,no,yes,yes,38.9,17.9,87.1,,yes,4.73,12.4,14.2,342,+++,no
230,6.76,female,conservative,uncomplicated,no appendicitis,15.5,122,22.9,3,7,8,yes,5,yes,yes,no,yes,no,no,37.4,19.7,75.5,,yes,4.77,13.4,12.2,330,,
231,17.06,female,conservative,uncomplicated,no appendicitis,24.5,176,76,2,3,2,yes,8.2,no,yes,yes,no,no,no,37.2,6.3,,32,no,4.92,15.1,12.1,199,no,+++
232,10.58,male,primary surgical,complicated,appendicitis,16.84,140,33,7,9,9,yes,10,no,yes,yes,yes,yes,yes,38.2,19.8,77,,yes,4.79,13.1,12.3,257,,
233,4.48,male,primary surgical,uncomplicated,appendicitis,14.51,105,16,5,6,5,yes,11,yes,yes,no,no,no,no,37.6,18.7,,72,no,4.11,10.9,13.6,393,,
234,6.36,female,conservative,uncomplicated,appendicitis,13.19,120,19,3,8,6,yes,7,yes,yes,yes,no,no,no,38.2,20.9,77,,yes,4.76,10.9,16.5,231,no,+
235,10.34,male,primary surgical,complicated,appendicitis,19.43,138,37,6,7,6,no,,no,yes,no,no,yes,no,38.8,23.7,88,,yes,4.8,13,14.5,356,no,+
236,13.57,female,conservative,uncomplicated,no appendicitis,21.8,153,51,3,5,6,no,5.8,no,yes,yes,yes,yes,yes,36.6,8.4,53.8,,no,4.4,12.7,12.4,289,,
237,10.52,male,primary surgical,uncomplicated,appendicitis,22.28,134,40,5,8,5,yes,7,no,yes,yes,no,no,yes,37.8,18.2,87.7,,yes,4.32,12.2,11.6,259,,
238,3.16,male,conservative,uncomplicated,no appendicitis,14.11,96,13,3,6,5,yes,4,no,yes,no,no,no,no,38.5,15.4,,88,yes,4.42,11.8,13.4,110,,
239,11.84,male,conservative,uncomplicated,appendicitis,17.75,152,41,3,6,7,yes,8.7,yes,yes,no,yes,no,no,38.8,11.6,62.2,,no,4.92,13.6,13.2,294,no,no
240,12.15,male,primary surgical,uncomplicated,appendicitis,14.42,165.5,39.5,5,5,4,yes,7.9,no,yes,no,no,yes,no,36.8,12.5,74.9,,no,4.85,13.6,12.9,283,no,no
241,14.81,male,primary surgical,complicated,appendicitis,35.49,161,92,13,9,8,no,,no,yes,yes,yes,yes,yes,37.4,17.4,85,,yes,5.79,16.5,13.1,223,,
242,16.76,female,conservative,uncomplicated,no appendicitis,25.06,149.5,56,4,3,4,no,,no,yes,yes,yes,no,no,36.8,9.8,63,,no,4.42,13.3,12.7,262,no,+
243,9.69,male,primary surgical,uncomplicated,appendicitis,14.7,133,26,5,7,6,no,,no,yes,no,no,yes,no,38.4,24,94.1,,yes,4.93,12.7,13.1,354,,
244,13.6,female,conservative,uncomplicated,no appendicitis,20.9,150,47,3,1,1,no,,no,no,no,no,no,yes,36.6,9,70.2,,no,4.45,12.4,12.1,254,no,no
245,10.67,male,conservative,uncomplicated,no appendicitis,19.71,137,37,4,9,10,no,,yes,yes,no,yes,yes,yes,38.1,15.5,84.4,,yes,5.44,13.5,13.2,383,+++,no
246,8.56,female,conservative,uncomplicated,no appendicitis,16.3,138,30.5,3,4,3,yes,4,no,no,yes,no,yes,yes,36.4,8.4,83.4,,yes,4.37,11.5,12.6,234,no,no
247,5.71,male,conservative,uncomplicated,appendicitis,,,19.5,2,9,8,yes,7,yes,yes,no,no,yes,yes,38.4,11.6,90.6,,yes,4.34,11.7,12.4,126,+++,+
248,12.43,female,primary surgical,complicated,appendicitis,18.66,157,46,7,9,7,yes,12,yes,yes,yes,no,yes,yes,37.1,16.4,90.2,,yes,4.62,13.5,12.7,256,+++,no
249,3.99,male,conservative,uncomplicated,no appendicitis,14.4,101.5,14.5,2,7,6,no,,no,yes,no,no,yes,yes,37.4,18.4,71.9,,no,4.23,11.9,12.7,337,++,++
250,10.05,female,conservative,uncomplicated,no appendicitis,20.3,148.5,45,3,0,0,yes,6.8,no,no,no,no,no,no,36.3,9.1,40.3,,no,4.37,12.1,13.1,246,no,no
251,12.27,female,conservative,uncomplicated,no appendicitis,20,158,50,3,5,4,yes,5.5,yes,yes,yes,no,no,yes,36.8,8.2,45.7,,no,4.45,12.8,12.6,250,no,no
252,5.12,male,primary surgical,complicated,appendicitis,15.39,114,20,7,7,5,yes,,no,yes,no,no,yes,no,37.5,18.8,85.9,,yes,4.41,12.4,12.5,346,,
253,9.04,female,conservative,uncomplicated,no appendicitis,16.2,134,29.4,3,5,5,yes,5.3,yes,yes,no,no,yes,yes,36,5.1,44.5,,no,4.92,13.7,12.6,244,+,+
254,11.37,female,conservative,uncomplicated,no appendicitis,12.55,140,24.6,4,7,6,no,,no,yes,no,no,no,yes,38.3,15.5,81.1,,yes,5.19,14.3,12.6,305,+,no
255,11.05,female,conservative,uncomplicated,no appendicitis,25.63,146.5,55,5,4,4,no,,yes,yes,no,no,yes,no,37,8.5,42.8,,no,4.37,11.9,12.1,345,no,no
256,14.93,male,conservative,uncomplicated,appendicitis,21.03,181,68.9,3,4,5,yes,6,yes,yes,yes,yes,no,no,36.4,9.7,61.3,,no,5.77,17.5,12.8,222,no,no
257,11.26,female,conservative,uncomplicated,appendicitis,23,161.5,60,3,2,2,yes,10.7,no,yes,no,no,no,no,36.8,6.4,45.3,,no,5.19,14.6,13.5,244,,
258,7.12,female,primary surgical,uncomplicated,appendicitis,14.65,128,24,4,8,6,yes,15,yes,yes,yes,no,no,yes,36.6,13.1,,86,yes,4.19,12.2,11.7,238,,
259,12.55,male,primary surgical,uncomplicated,appendicitis,12.96,162,34,4,,,yes,13,yes,yes,no,no,yes,no,37.8,16,,,,,,,,,
260,10.9,male,conservative,uncomplicated,no appendicitis,21.17,145,44.5,2,5,6,no,,yes,yes,yes,yes,yes,no,36.4,9.7,56.2,,no,5.24,14.4,12.7,374,no,no
261,15.87,female,conservative,uncomplicated,no appendicitis,19,166.5,53.3,3,2,2,no,,no,yes,no,no,no,no,37,5.2,46.1,,no,4.27,12.9,12.2,267,no,no
262,9.32,male,conservative,uncomplicated,no appendicitis,16.83,129,28,2,,,no,,no,no,no,no,yes,no,37.5,,,,,,,,,,
263,7.2,female,conservative,uncomplicated,appendicitis,14.1,125,22,3,7,6,yes,8.5,no,yes,no,no,yes,yes,36.6,16.5,83.1,,yes,5.07,14.3,12.6,313,++,no
264,11.44,male,conservative,uncomplicated,appendicitis,24.33,154.4,58,3,6,7,yes,12,yes,yes,no,yes,no,yes,37,18.2,,54,no,4.87,12.8,13.2,359,no,no
265,10.33,male,conservative,uncomplicated,no appendicitis,15.22,149,33.8,3,2,2,yes,7,no,yes,no,no,no,no,36.2,7,,46,no,5.02,13.9,12.8,241,,
266,12.29,female,primary surgical,uncomplicated,appendicitis,23.63,144,49,5,,,no,,,yes,,,yes,,37.2,7,29.5,,no,5,14,13.1,276,,
267,9.49,male,conservative,uncomplicated,appendicitis,14.6,136,27,3,9,9,yes,11,yes,yes,no,yes,yes,yes,37.2,15.6,82.1,,yes,4.3,11.8,12.6,196,+++,no
268,16.8,female,conservative,uncomplicated,no appendicitis,37,162,97,2,7,6,no,,yes,yes,no,no,no,yes,37.6,10.9,69.6,,no,4.69,13,12.1,265,no,no
269,12.32,male,primary surgical,complicated,appendicitis,16.02,154,37.8,12,9,7,yes,8,yes,yes,no,no,yes,yes,37.6,15.7,83.3,,yes,4.8,13.9,12.3,306,+++,no
270,6.56,male,conservative,uncomplicated,appendicitis,22.5,135,41,3,7,6,yes,10.6,no,yes,no,no,yes,yes,36.4,17.4,87.1,,yes,4.74,12.3,13.9,318,+,no
271,13.7,male,conservative,uncomplicated,appendicitis,15.4,167,43.4,3,5,6,yes,7.5,yes,yes,no,yes,no,no,36.7,12.4,65.7,,no,4.69,12.4,14.4,247,no,no
272,11.38,male,conservative,uncomplicated,appendicitis,22.1,141,44.2,3,4,4,yes,9,no,yes,no,no,yes,yes,36.6,6.3,42.2,,no,4.36,12.5,11.7,339,+,no
273,9.2,male,conservative,uncomplicated,no appendicitis,16.6,143,33.5,9,5,4,yes,5.4,no,yes,yes,no,yes,yes,37.1,6.1,60.1,,no,4.54,12.7,12.8,280,no,no
274,13.82,female,conservative,uncomplicated,appendicitis,27.11,150,61,3,5,6,yes,6,no,yes,yes,yes,yes,yes,36.8,7.7,61.5,,no,4.19,11.6,13,279,no,no
275,13.99,female,primary surgical,uncomplicated,appendicitis,19,173.5,57.2,7,8,9,yes,10,yes,yes,no,yes,yes,yes,37.2,16.1,81.9,,yes,4.46,12.3,13.5,264,no,no
276,3.83,male,primary surgical,uncomplicated,appendicitis,15.72,104,17,5,8,8,yes,9,yes,yes,no,no,yes,yes,37,15.9,,80,yes,4.53,11.9,13.6,320,++,no
277,7.2,male,primary surgical,uncomplicated,appendicitis,14.3,129.3,23.9,5,9,8,yes,14,yes,yes,no,yes,yes,no,37.5,17.8,77,,yes,4.97,14.3,12.7,345,+++,no
278,8.1,male,primary surgical,complicated,appendicitis,14.81,135,27,10,9,6,yes,6,yes,yes,yes,no,yes,yes,37.8,16.6,61,,no,5.08,12.4,13.4,252,,
279,10.87,male,primary surgical,complicated,appendicitis,14.81,137.5,28,5,6,4,yes,9,yes,yes,yes,no,yes,no,37.6,10.3,68.1,,no,5.49,14.8,12.2,223,no,no
280,7.45,male,primary surgical,uncomplicated,appendicitis,17.75,130,30,4,9,8,yes,7,no,yes,yes,yes,yes,yes,37.4,17.6,89.4,,yes,4.84,13.1,13,275,,
281,17.43,female,primary surgical,complicated,appendicitis,8.95,129,29,4,8,8,yes,11,no,yes,yes,no,yes,yes,37,19.4,92.9,,yes,4.74,13.4,12,261,+,no
282,5.33,male,conservative,uncomplicated,no appendicitis,17.4,127,28,4,9,8,yes,3.5,yes,yes,no,no,yes,yes,38.3,33.6,83.6,,yes,4.3,11.9,12,393,++,no
283,12.3,male,conservative,uncomplicated,no appendicitis,15.07,148,33,3,2,2,no,,no,yes,no,no,no,no,37,6.5,27.2,,no,5.25,15,12.5,309,no,no
284,11.21,female,conservative,uncomplicated,no appendicitis,13.34,138,25.4,4,8,5,yes,4,no,yes,no,no,yes,no,37.6,16.7,82.6,,yes,4.51,12.6,12.5,351,+++,no
285,13.86,male,conservative,uncomplicated,appendicitis,23.8,160.5,61.3,3,7,4,yes,6.3,no,yes,yes,no,yes,no,37.2,10.6,44.1,,no,4.58,14,11.9,320,+++,+
286,12.1,male,conservative,uncomplicated,no appendicitis,15.74,161,40.8,3,3,3,yes,4,yes,yes,no,no,no,no,36.8,5.6,59.1,,no,4.54,12.5,13.1,272,no,no
287,13.94,female,conservative,uncomplicated,no appendicitis,21.87,167,61,3,6,4,no,,no,yes,yes,no,no,no,36.6,17.1,80.5,,yes,4.59,12.8,12.5,308,,
288,14.27,male,primary surgical,complicated,appendicitis,23.51,165,64,8,9,6,no,,no,yes,yes,no,yes,yes,37.4,14.3,87,,yes,4.92,13.2,12.5,336,+,no
289,13.49,female,conservative,uncomplicated,no appendicitis,17.15,162,45,3,5,6,no,,no,yes,no,yes,no,yes,37.2,13.7,65,,no,4.78,10.6,14.9,497,,
290,11.06,female,conservative,uncomplicated,no appendicitis,19.2,146,41,3,7,8,yes,4.6,no,yes,no,yes,yes,yes,36.4,21.8,81.8,,yes,4.63,12.9,12.2,391,no,no
291,11.05,female,conservative,uncomplicated,no appendicitis,26.01,152.5,60.5,3,5,6,yes,5,no,yes,yes,yes,yes,yes,37,7.5,50.8,,no,5.09,13.4,11.9,283,++,no
292,9.44,female,conservative,uncomplicated,no appendicitis,18.6,142.5,37.8,3,9,8,no,,yes,yes,no,no,yes,yes,37.7,21.2,85.7,,yes,4.45,13,12.6,357,no,no
293,12.97,male,primary surgical,uncomplicated,appendicitis,17.8,148,39,5,6,4,yes,11,no,yes,yes,no,yes,yes,37.2,10.1,73.5,,no,5.4,15.1,12.5,308,+++,no
294,8.71,female,conservative,uncomplicated,appendicitis,19.25,140.5,38,4,6,5,yes,8,no,yes,no,no,no,no,38,19.5,83,,yes,4.39,12.4,13.7,340,,
295,3.79,male,conservative,uncomplicated,no appendicitis,15.1,106,17,3,5,6,yes,5.5,no,no,no,yes,yes,yes,36.9,16,91.3,,yes,4.46,11.8,12.6,351,,
296,15.05,female,conservative,uncomplicated,no appendicitis,18.37,165,50,2,3,3,yes,5,no,yes,no,no,yes,no,36.8,9,78.2,,yes,4.52,13.5,11.8,204,no,no
297,14.87,male,conservative,uncomplicated,no appendicitis,16.19,177.5,51,3,3,2,yes,5,no,yes,yes,no,no,no,36,12.9,67,,no,5.25,15.3,12.4,252,no,no
298,12.96,male,conservative,uncomplicated,appendicitis,19.23,146,41,3,6,5,yes,9,no,yes,no,no,yes,no,37.2,16.2,87.6,,yes,4.82,13,11.8,387,,
299,15.38,female,conservative,uncomplicated,appendicitis,18.1,163,47.6,3,6,6,yes,7,yes,yes,no,no,yes,yes,37.4,8.3,66.9,,no,4.73,13.6,12.6,220,+++,no
300,4.39,male,conservative,uncomplicated,no appendicitis,15.1,103,16,5,6,5,no,,no,yes,no,no,no,yes,39,14.4,73.8,,no,4.99,12.9,11.9,490,++,++
301,16.22,female,primary surgical,complicated,appendicitis,25.23,169.5,72.5,9,9,6,no,,yes,yes,yes,no,yes,no,37.8,16.6,86.4,,yes,4.32,13.5,12.3,298,no,no
302,8.16,male,conservative,uncomplicated,no appendicitis,16.8,140,33,2,5,4,no,,no,no,no,no,yes,yes,36.2,21.7,77.1,,yes,4.74,13,12.7,385,no,no
303,11.96,male,primary surgical,uncomplicated,appendicitis,24.86,169,71,4,9,6,yes,8,yes,yes,yes,no,yes,yes,36.9,13.1,83.8,,yes,4.78,12.2,14.4,249,++,no
304,13.54,female,conservative,uncomplicated,appendicitis,17.4,166,48,3,5,6,yes,6,no,yes,yes,yes,yes,yes,36.8,6.4,49.8,,no,4.51,12.5,11.9,286,no,no
305,9.79,female,conservative,uncomplicated,appendicitis,18.86,141,37.5,4,6,5,yes,8.3,no,yes,no,no,no,no,39.4,11.7,77.4,,yes,4.98,13.1,13.7,210,no,no
306,13.37,male,secondary surgical,uncomplicated,appendicitis,,,,3,,,,,no,yes,,,no,,,6.9,,,,,,,,,
307,13.43,male,conservative,uncomplicated,no appendicitis,13.78,158,34.4,3,4,4,yes,4,no,yes,no,no,yes,no,37.8,4,,62,no,4.6,12.9,13.1,221,,
308,15.37,male,conservative,uncomplicated,appendicitis,18.3,181,60,2,8,7,yes,7,yes,yes,no,no,yes,yes,36.9,19.2,92.3,,yes,5.16,15.6,12.2,353,,
309,15.44,male,primary surgical,complicated,appendicitis,22.85,182,75.7,4,8,6,yes,7,no,yes,no,no,yes,no,39,18.7,,83,yes,5.4,15,12.7,275,+++,no
310,16.72,male,conservative,uncomplicated,no appendicitis,18.5,180,60,3,5,4,yes,4,no,yes,no,no,no,yes,37,10.7,67.7,,no,5.57,15.5,13.3,224,++,no
311,16.58,female,conservative,uncomplicated,no appendicitis,18.8,158,47,3,4,4,no,,no,yes,no,no,yes,yes,37,9.6,68.4,,no,4.28,13.9,12.7,352,++,
312,10.77,male,primary surgical,complicated,appendicitis,21.79,150,49,7,9,9,yes,11,yes,yes,no,yes,yes,yes,37.8,22.5,83.5,,yes,5.49,14.9,13.4,260,+++,no
313,10.56,male,conservative,uncomplicated,appendicitis,22.81,151,52,3,6,4,yes,13,no,yes,yes,no,no,no,37.2,17.7,,87,yes,4.89,13.1,12.4,360,no,+
314,13.19,male,primary surgical,uncomplicated,appendicitis,24.59,157.5,61,6,6,5,yes,10,no,yes,no,no,no,no,38.5,18.5,84.5,,yes,5.07,13.5,12.6,347,no,no
315,11.3,female,conservative,uncomplicated,no appendicitis,16,152,37,3,2,2,yes,6,no,yes,no,no,no,no,36.7,8.6,66.1,,no,5.44,14.4,12.5,263,no,no
316,12.96,female,conservative,uncomplicated,no appendicitis,16.83,168,47.5,6,5,6,yes,5.6,no,yes,yes,yes,yes,yes,36.5,8.8,60.6,,no,4.87,14.2,13.7,274,no,no
317,11.4,female,conservative,uncomplicated,no appendicitis,16.3,145.5,34.5,3,4,4,no,4.5,no,yes,no,no,yes,yes,37,8.2,67.5,,no,5.2,14.2,13,206,+++,no
318,12.43,male,conservative,uncomplicated,no appendicitis,19.38,170,56,3,8,6,no,,no,yes,no,no,yes,no,39,15,83.6,,yes,4.7,13.5,12.9,248,++,+
319,16.78,female,conservative,uncomplicated,no appendicitis,18.63,158,46.5,3,3,4,no,,no,yes,no,no,no,no,37.7,8,53.5,,no,4.76,14.3,12.2,238,no,no
320,10.71,male,primary surgical,uncomplicated,appendicitis,18.74,147,40.5,5,8,8,yes,9.4,no,yes,yes,yes,yes,yes,36.7,19.8,91.3,,yes,4.77,13.9,12.4,357,+++,+
321,12.24,male,primary surgical,uncomplicated,appendicitis,17.22,150.5,39,4,6,4,yes,,no,yes,yes,no,no,no,37.2,15.3,82,,yes,5.25,13.9,13.2,208,,
322,11.91,male,primary surgical,uncomplicated,appendicitis,15.97,137.5,30.2,6,8,5,yes,5.5,no,yes,yes,no,yes,no,37.5,25.7,90.2,,yes,4.73,13.3,12.3,414,no,no
323,14.6,male,primary surgical,complicated,appendicitis,29.24,179.4,94.1,9,7,4,no,,no,no,yes,no,yes,no,39.5,16.2,77.9,,yes,4.88,14.5,14,233,+,+++
324,13.22,female,conservative,uncomplicated,no appendicitis,23.6,171,69,3,3,3,yes,6.2,yes,yes,no,no,no,no,36.2,6.7,52.7,,no,4.92,14.2,12.3,406,no,no
325,8.32,male,primary surgical,complicated,appendicitis,13.24,128,21.7,4,8,7,no,,no,yes,no,no,yes,yes,38,18.8,91.4,,yes,4.91,13.1,13.7,244,,
326,15.11,male,primary surgical,complicated,appendicitis,24.97,179,80,6,3,3,yes,12,no,yes,no,no,no,yes,36.9,6.9,74.2,,no,4.54,14.1,12.3,170,+,no
327,12.49828884,female,secondary surgical,complicated,appendicitis,18.49112426,156,45,6,,,,,no,yes,no,,,,,15,,,,,,,,,
328,16.59,male,primary surgical,complicated,appendicitis,21.73,179.5,70,14,6,4,yes,5,no,yes,yes,no,yes,yes,37.7,37.7,88,,yes,4.89,15,13.2,181,+,+
329,8.29,male,primary surgical,uncomplicated,appendicitis,14.12,132,24.6,8,9,7,no,,no,yes,yes,no,yes,yes,37.9,20,83.4,,yes,4.36,11.2,13.2,354,+++,no
330,16.23,male,conservative,uncomplicated,appendicitis,17.84,174,54,3,8,9,yes,10,no,yes,no,yes,yes,yes,38,13,80,,yes,4.81,14.3,12.5,238,+++,+++
331,17.24,female,conservative,uncomplicated,appendicitis,33.1,163,88,3,3,5,yes,9.3,yes,yes,no,yes,no,no,36.1,6.5,57.9,,no,4.93,14.2,12.8,271,no,no
332,9.92,male,primary surgical,uncomplicated,appendicitis,14.47,144,30,4,8,8,yes,7,yes,yes,no,yes,no,yes,37.6,13.9,,82.2,yes,5.1,13.7,13.3,245,,
333,14.29,female,conservative,uncomplicated,appendicitis,18.32,167.5,51.4,3,6,4,yes,9,no,yes,yes,no,yes,no,37.2,11.2,74.7,,no,4.73,13.7,12.3,322,no,no
334,8.58,male,conservative,uncomplicated,no appendicitis,18.8,138,35.8,3,3,2,yes,6.7,no,yes,no,no,no,no,37.4,6.3,44.4,,no,5.23,14,12.9,331,no,no
335,2.8,male,primary surgical,complicated,appendicitis,14.77,92,12.5,13,6,5,no,,no,no,no,no,yes,yes,39.6,21.9,76.1,,yes,4.28,10.7,12.1,455,,
336,11.96,female,conservative,uncomplicated,no appendicitis,21.22,161,55,4,8,6,no,,no,yes,no,no,yes,yes,37.8,11.3,79.7,,yes,4.95,14,12.4,278,+++,no
337,7.99,female,primary surgical,uncomplicated,appendicitis,13.55,128,22.1,5,5,4,yes,5,no,yes,yes,no,yes,yes,36.5,7,57.4,,no,4.73,13.8,12.1,251,+++,no
338,15.21,female,conservative,uncomplicated,no appendicitis,22.55,169.5,64.8,2,,,yes,4,no,yes,no,no,yes,no,37.5,6.9,,,,4.48,12.8,12.4,194,,
339,3.7,male,primary surgical,uncomplicated,appendicitis,12.25,103,13,,5,3,no,,no,no,no,no,yes,yes,37.8,18.5,75,,no,4.22,10.6,16.3,708,,
340,16.51,male,primary surgical,complicated,appendicitis,20.78,190,75,6,10,10,yes,5.4,yes,yes,yes,yes,yes,yes,37.6,18.7,92.1,,yes,5.29,14.9,13.1,359,+,no
341,15.9,female,primary surgical,uncomplicated,appendicitis,19.18,159,48.5,6,6,7,yes,,yes,yes,yes,yes,yes,yes,37.2,7.6,64.4,,no,4.65,13.8,12.5,361,no,no
342,8.15,female,conservative,uncomplicated,appendicitis,15.68,136,29,4,5,4,yes,6.5,no,yes,no,no,no,no,38.4,11,,68,no,4.2,10.9,13.5,197,+++,no
343,8.67,female,conservative,uncomplicated,no appendicitis,12.8,140,25,4,5,4,no,,no,yes,yes,no,yes,yes,36.8,6.9,55,,no,4.31,11.5,12.4,412,no,no
344,11.82,male,conservative,uncomplicated,appendicitis,16.7,147,36,3,7,5,yes,8,no,yes,yes,no,no,no,37.5,21.4,90,,yes,4.43,12.4,12.6,365,no,no
345,15.68,female,primary surgical,uncomplicated,appendicitis,19.6,166,54,4,9,7,yes,8.8,yes,yes,yes,no,yes,yes,36.3,14.9,86.1,,yes,4.45,11.6,13.6,236,no,no
346,17.52,female,primary surgical,uncomplicated,appendicitis,31.84,155,76.5,3,4,5,yes,6,yes,yes,yes,yes,no,no,37.3,8.4,53.5,,no,4.69,13.4,13,341,no,no
347,11.15,male,primary surgical,complicated,appendicitis,14.43,143,29.5,7,8,6,yes,10,no,yes,yes,no,yes,yes,37.2,15.4,81.8,,yes,4.27,11.9,11.9,315,,
348,17.46,female,conservative,uncomplicated,no appendicitis,23.1,162.5,61,3,7,7,no,,no,yes,no,yes,yes,no,36.8,13.1,80.8,,yes,4.9,13.5,13.9,276,+++,no
349,7.06,female,conservative,uncomplicated,no appendicitis,,,21.5,2,3,3,no,,no,no,no,no,yes,yes,36.8,8,79.6,,yes,4.89,12,13.9,412,,
350,11.42,female,conservative,uncomplicated,no appendicitis,21.93,151,50,3,3,5,no,,no,yes,no,yes,yes,no,36.9,7.9,43.3,,no,4.67,13.9,12.6,314,no,no
351,10.86,male,conservative,uncomplicated,no appendicitis,14.1,141,28,5,4,3,yes,5.7,yes,yes,yes,no,no,no,36.2,8.4,,54,no,4.51,12.9,12,273,,
352,9.75,male,conservative,uncomplicated,appendicitis,15.9,141.5,32,3,5,6,yes,10,no,yes,no,yes,yes,no,35.9,14.8,68.4,,no,4.56,13.6,12.3,302,no,no
353,11.01,male,conservative,uncomplicated,appendicitis,16,148,35,4,9,8,yes,7.6,yes,yes,no,no,yes,yes,38.1,16.9,78.7,,yes,4.5,11.9,13.8,344,++,no
354,12.87,male,conservative,uncomplicated,appendicitis,29.94,168.5,85,5,8,6,yes,6.3,yes,yes,no,no,yes,yes,36,12.3,77.5,,yes,4.72,11.8,15.1,311,+,no
355,10.19,female,conservative,uncomplicated,no appendicitis,16.86,144.5,35.2,4,3,2,no,,no,yes,no,no,no,no,37.3,9.1,51.3,,no,4.43,12.8,12.5,296,no,no
356,15.65,female,conservative,uncomplicated,no appendicitis,23,163,61,3,,,no,,no,no,no,no,no,yes,36.5,13.9,,,,4.67,12.7,13.9,199,++,no
357,9.53,female,conservative,uncomplicated,no appendicitis,14.08,141,28,3,,,no,,no,yes,no,yes,no,no,38.8,7.7,,,,5,13,,225,+++,no
358,9.94,male,conservative,uncomplicated,no appendicitis,15.3,140,29.5,3,8,6,no,,yes,yes,yes,no,no,no,37.4,18.6,75.2,,yes,5.29,14.3,13.5,433,+++,+
359,13.02,male,primary surgical,uncomplicated,appendicitis,19.33,164,52,5,10,10,yes,12,yes,yes,yes,yes,yes,yes,38.3,17.2,89.6,,yes,5.09,13.9,12.5,330,,
360,10.34,male,primary surgical,uncomplicated,appendicitis,19.82,141,39.4,4,10,7,yes,10,yes,yes,yes,no,yes,yes,37.7,22.5,86,,yes,,,,,,
361,15.02,female,primary surgical,uncomplicated,appendicitis,20.81,159,52.6,4,,,yes,12,yes,yes,yes,no,yes,yes,37.2,7.2,,,,4.92,14.2,13.4,205,++,++
362,10.78,female,conservative,uncomplicated,no appendicitis,17.1,145,36,2,6,5,yes,3.5,no,yes,yes,no,yes,yes,37.4,5.9,54.6,,no,4.68,13.1,12,287,no,no
363,9.51,male,conservative,uncomplicated,no appendicitis,19.03,147.5,41.4,3,9,6,yes,4.5,no,yes,yes,no,yes,yes,37.8,12.4,81.1,,yes,5,14.2,12.5,235,no,no
364,9.71,female,conservative,uncomplicated,no appendicitis,32.37,135,59,3,4,3,yes,5,no,yes,no,no,no,no,37,11.1,43.5,,no,4.75,13.7,12.2,283,,
365,9.25,male,conservative,uncomplicated,no appendicitis,25.9,139,50,3,7,6,no,,yes,yes,no,no,yes,yes,36.9,17.2,72.8,,no,5.15,12.8,14.8,393,++,no
366,12.83,male,primary surgical,uncomplicated,appendicitis,16.02,158,40,8,8,6,yes,9.5,no,yes,yes,no,no,yes,38.2,10.2,86.2,,yes,4.58,12,12.9,446,no,+++
367,13.26,female,conservative,uncomplicated,no appendicitis,20.4,155,49,2,4,4,no,,yes,yes,no,no,yes,no,36.8,9.4,72.9,,no,4.44,13.3,12.3,267,no,no
368,9.37,male,primary surgical,uncomplicated,appendicitis,18.79,135.5,34.5,4,6,7,yes,8.9,yes,yes,yes,yes,yes,no,36.8,9.9,79.4,,yes,4.93,12.4,12.6,198,no,no
369,13.49,male,conservative,uncomplicated,no appendicitis,28.6,163,76,5,3,3,no,,no,yes,no,yes,no,no,36.2,9.6,50.4,,no,5.01,14.2,13.9,414,+,no
370,11.48,male,conservative,uncomplicated,appendicitis,17.35,141,34.5,3,8,8,yes,6,yes,yes,yes,yes,yes,no,39,17.7,70.7,,no,5.24,14.8,12.8,297,,
371,11.67,female,primary surgical,uncomplicated,appendicitis,16.85,139.5,32.8,4,6,6,yes,6,yes,yes,yes,yes,no,yes,37.5,14.4,84.5,,yes,5.52,15.4,13.4,413,,
372,12.29,male,primary surgical,uncomplicated,appendicitis,22.31,150,50.2,5,7,6,yes,11,yes,yes,no,no,yes,no,37.2,18.4,75.5,,yes,5.22,14.9,13.1,263,no,no
373,15.53,female,conservative,uncomplicated,no appendicitis,22.86,166,63,3,8,6,no,,no,yes,yes,no,yes,no,38,14.2,88.9,,yes,5.2,14.9,12.9,319,no,+
374,8.68,male,secondary surgical,uncomplicated,appendicitis,16.6,131.9,28.55,4,2,2,yes,4.4,no,yes,no,no,no,no,36,8.4,70.9,,no,5.12,14.8,12.7,383,no,no
375,9.68,female,conservative,uncomplicated,appendicitis,17.6,143,36,3,4,2,yes,9,no,yes,no,no,no,no,37.4,6.1,49.3,,no,4.38,11.3,13.6,223,+++,+
376,15.83,female,conservative,uncomplicated,appendicitis,25.2,153,59,3,7,6,yes,12,yes,yes,no,no,yes,yes,36.7,12.8,77.9,,yes,4.33,10.1,15.9,310,+,+++
377,9.46,male,conservative,uncomplicated,appendicitis,14.22,136,26.3,4,4,2,yes,7.5,no,no,no,no,yes,no,37.8,7.3,79.1,,yes,4.59,12.2,13.1,308,+++,+
378,12.41,female,conservative,uncomplicated,no appendicitis,18.76,150.5,42.5,3,6,5,yes,3.7,no,yes,yes,no,yes,yes,37.2,9.1,75,,yes,5.49,16.3,12.6,311,no,no
379,13.52,female,conservative,uncomplicated,no appendicitis,18.96,164,51,3,4,4,no,,no,no,no,no,yes,no,36.8,11.1,84.1,,yes,4.66,12.4,14.1,287,no,no
380,9.28,male,primary surgical,uncomplicated,appendicitis,16.25,142.5,33,4,5,4,yes,7.5,no,yes,no,no,no,yes,37,15.7,74.9,,no,4.59,12.8,13,279,no,no
381,14.34,male,conservative,uncomplicated,appendicitis,14.9,174,45.5,3,4,4,yes,8,no,yes,no,no,yes,yes,37.1,5.8,47.2,,no,4.78,12.9,12.6,220,no,no
382,7.84,female,conservative,uncomplicated,no appendicitis,23.2,136,43,4,8,7,no,,no,yes,no,no,yes,yes,37.9,18.8,80,,yes,4.35,11.1,12.9,285,++,++
383,14.02,male,conservative,uncomplicated,no appendicitis,15.82,159,40,3,2,4,no,,no,yes,no,yes,no,no,37,8.6,,51,no,4.61,13.6,12.7,390,no,no
384,11.33,female,conservative,uncomplicated,no appendicitis,28.17,156.5,69,5,5,3,no,,no,yes,no,no,no,no,37,10.8,69,,no,4.63,12.4,13.1,275,+,no
385,14.65,female,primary surgical,complicated,appendicitis,17.84,162.3,47,5,6,5,yes,10,no,yes,no,no,yes,no,38,14.6,74.9,,no,4.58,12.8,13.6,251,no,no
386,9.18,male,conservative,uncomplicated,appendicitis,14.5,144,30,2,7,8,yes,15,no,yes,no,yes,yes,yes,37,14.9,93.4,,yes,4.57,14.2,12.1,242,,
387,15.12,female,conservative,uncomplicated,appendicitis,23.6,160.5,60.8,3,8,6,yes,7.3,yes,yes,yes,no,yes,no,38.7,13,,73,no,4.63,13.5,13.5,274,no,no
388,9.24,male,conservative,uncomplicated,appendicitis,16.71,134,30,3,7,5,yes,10,no,yes,no,no,yes,no,37.6,10.9,80.9,,yes,4.81,12.4,12.7,341,,
389,12.93,male,conservative,uncomplicated,appendicitis,23.62,159.5,60.1,3,10,9,yes,8,yes,yes,yes,yes,yes,yes,37.4,11.3,84.2,,yes,5.18,15.1,12.8,298,+++,+
390,12.17,female,conservative,uncomplicated,no appendicitis,22.2,145.5,47,4,6,5,no,,no,yes,yes,no,yes,yes,38.2,7.5,57.7,,no,5.14,14.3,12.9,366,++,no
391,12.39,female,conservative,uncomplicated,no appendicitis,20.91,157.4,51.8,4,2,2,no,,no,yes,no,no,no,no,36.4,8.8,56.4,,no,5.49,13.5,14.5,417,no,no
392,5.08,female,primary surgical,complicated,appendicitis,17.7,114,23,7,6,6,no,,no,yes,yes,yes,yes,no,38.5,22,,82,yes,5.05,14.2,13.1,207,+++,no
393,14.66,female,conservative,uncomplicated,no appendicitis,29.8,169,85,3,4,4,no,,no,yes,no,no,yes,yes,36.4,8.5,51.5,,no,4.55,12.9,12.5,261,no,no
394,10.83,,secondary surgical,uncomplicated,appendicitis,14.29,140,28.5,4,9,9,yes,7,yes,yes,yes,yes,yes,yes,37.4,11,74,,no,5.06,14.4,12.6,325,,
395,10.27,female,primary surgical,complicated,appendicitis,14.44,138,27.5,20,,,yes,9,,,,,,,37.8,,,,,,,,,+++,no
396,11.05,female,primary surgical,complicated,appendicitis,15.32,131.5,26.5,2,6,7,no,,no,no,no,yes,yes,yes,39,15.9,91.5,,yes,4.28,12.2,13,272,++,no
397,7.82,male,conservative,uncomplicated,no appendicitis,18.66,133,33,4,7,7,yes,4.2,yes,yes,yes,yes,no,yes,36.2,10.9,50.5,,no,4.43,12.4,12.6,382,no,no
398,14.2,female,primary surgical,uncomplicated,appendicitis,19.93,156.3,48.7,11,5,3,no,,no,yes,yes,no,yes,no,37.2,8.1,43.5,,no,4.79,14,11.5,236,+++,no
399,7.26,male,primary surgical,uncomplicated,appendicitis,13.93,122.8,21,5,8,7,yes,12,no,yes,yes,yes,no,yes,37.8,15.1,84,,yes,5,13.6,14.6,250,no,no
400,15.35,male,conservative,uncomplicated,appendicitis,15.62,164,42,4,5,3,yes,10,no,yes,no,no,no,no,36.8,10.1,65.4,,no,5.2,14.9,12.9,221,++,no
401,12.52,male,primary surgical,uncomplicated,appendicitis,15.65,143,32,5,6,5,no,,no,yes,no,no,no,yes,36.4,13.2,85.5,,yes,4.99,14.7,12.8,255,+++,no
402,12.53,male,conservative,uncomplicated,no appendicitis,29.32,152.3,68,3,7,7,no,,yes,yes,yes,yes,no,no,36.8,11,82.4,,yes,5.33,14.4,13.5,153,,
403,5.48,male,primary surgical,uncomplicated,appendicitis,15.34,117,21,5,9,9,yes,8,no,yes,yes,yes,yes,yes,38.7,15.1,88.9,,yes,4.82,13.4,12.7,288,+++,+
404,16.87,female,primary surgical,complicated,appendicitis,27.78,179,89,8,,,no,,no,yes,no,yes,yes,yes,37.2,16.9,,,,5.45,16,13.1,360,+,+++
405,12.61,female,primary surgical,complicated,appendicitis,18.37,165,50,7,5,4,yes,13.2,no,yes,yes,no,yes,no,38.2,6.6,68.4,,no,4.73,13.5,13.3,99,,
406,11.04,female,conservative,uncomplicated,no appendicitis,17.36,161,45,3,8,5,no,,yes,yes,yes,no,yes,no,37,10.9,81.6,,yes,4.93,14.6,12.5,291,+,no
407,15.71,male,conservative,uncomplicated,no appendicitis,17.7,181,58,4,6,7,no,,yes,yes,no,no,yes,yes,39.5,8.7,72.7,,no,5.12,13.8,13.7,204,no,no
408,15,male,primary surgical,uncomplicated,appendicitis,19.62,182,65,5,8,6,yes,10,yes,yes,yes,no,yes,yes,37,10.3,74.7,,no,4.94,15.2,12.6,190,+,no
409,8.86,female,primary surgical,uncomplicated,appendicitis,15.75,119,22.3,3,7,6,yes,15,yes,yes,no,no,yes,no,37,12.2,77.7,,yes,4.76,13.5,12.9,250,,
410,16.93,female,primary surgical,complicated,appendicitis,19.15,177,60,10,10,10,yes,10,yes,yes,yes,yes,yes,yes,38.2,20.4,86.6,,yes,5.14,12.4,14,316,+,no
411,12.02,male,conservative,uncomplicated,appendicitis,20.17,145.5,42.7,2,7,5,yes,6,no,yes,no,no,yes,no,37.4,18.9,85,,yes,4.69,12.6,13.7,307,no,no
412,10.36,female,conservative,uncomplicated,appendicitis,16.3,138,31,3,7,6,yes,10,no,yes,no,no,yes,yes,38.3,16.7,73.5,,no,4.83,13.3,11.8,239,no,no
413,9.89,male,primary surgical,uncomplicated,appendicitis,21.08,154,50,7,6,4,yes,7,yes,yes,yes,no,no,no,37,13.5,68.4,,no,4.43,12.8,12,237,no,no
414,4.08,male,primary surgical,uncomplicated,appendicitis,14.6,104.7,16,6,7,4,no,,no,yes,no,no,no,no,37.8,16.3,90.6,,yes,4.69,8.2,21.6,446,+++,no
415,9.67,female,conservative,uncomplicated,no appendicitis,15.73,136,29.1,3,5,4,no,,no,yes,no,no,no,no,36.2,19.4,88.3,,yes,5.38,14.1,12.6,414,,
416,15.26,male,conservative,uncomplicated,no appendicitis,15.9,174,47.5,3,5,5,no,,no,yes,yes,yes,no,no,36.7,10.4,54.1,,no,5.32,14.6,13.1,298,no,no
417,12.15,male,conservative,uncomplicated,no appendicitis,22.29,166.5,61.8,2,,,no,,no,yes,no,no,no,no,38.4,10.3,,,,4.71,13.8,13.2,293,no,no
418,5.86,male,conservative,uncomplicated,no appendicitis,17.77,115,23.5,3,6,6,yes,5,no,yes,no,no,no,yes,38.7,13.9,71.9,,no,4.93,13.4,14.6,333,no,no
419,11.4,male,conservative,uncomplicated,appendicitis,,,45,3,10,8,yes,7,yes,yes,yes,no,yes,yes,38.8,11.3,91,,yes,4.56,13.2,12.6,268,no,no
420,12.63,male,conservative,uncomplicated,no appendicitis,21.25,181.5,70,3,4,3,no,,no,yes,no,no,no,no,37,11.2,72.9,,no,5.34,15.2,12.6,315,no,no
421,5.53,female,conservative,uncomplicated,appendicitis,13,118,18.1,4,9,10,yes,6.5,yes,yes,no,yes,yes,yes,38.5,15,87.2,,yes,4.46,12.2,13.2,441,,
422,11.51,male,primary surgical,complicated,appendicitis,21.87,151.5,50.2,8,7,6,yes,6,no,yes,no,no,yes,no,38.2,14.2,82.3,,yes,4.61,12.8,13,336,,
423,4.23,male,primary surgical,uncomplicated,appendicitis,15.83,92,13.4,10,3,2,no,,no,no,no,no,yes,yes,37.9,4,74,,no,5.38,13,13.7,456,+++,no
424,15.83,female,conservative,uncomplicated,no appendicitis,19.1,168,54,2,2,2,no,,no,yes,no,no,no,no,37.1,8.1,60.9,,no,4.66,13.2,12.9,306,no,no
425,15.28,male,conservative,uncomplicated,no appendicitis,20.45,181,67,3,4,4,no,,no,yes,no,no,yes,yes,36.8,6.2,62,,no,5.13,14.5,14.3,188,no,no
426,15.09,male,conservative,uncomplicated,no appendicitis,18.7,192,69,2,4,3,no,,no,no,yes,no,yes,yes,37.1,8.7,76.8,,yes,4.98,13.5,12.7,188,no,no
427,12.7,female,conservative,uncomplicated,appendicitis,17.3,165,46.5,3,4,4,yes,6.6,no,yes,no,no,yes,yes,36.7,8.4,62.7,,no,4.93,14.6,12.3,264,no,no
428,9.76,male,conservative,uncomplicated,appendicitis,14.18,141.5,28.4,3,4,4,yes,6,yes,yes,no,no,no,yes,36,6.9,43.5,,no,4.94,13.9,12.2,226,no,no
429,10.25,male,primary surgical,complicated,appendicitis,16.89,146,36,6,5,4,yes,9,no,yes,no,no,no,no,36.8,16.2,84.3,,yes,4.49,12.6,12.8,227,,
430,6.9,female,conservative,uncomplicated,no appendicitis,12.9,115,16.7,3,4,3,yes,5,no,no,yes,no,yes,yes,37,10,83.5,,yes,4.5,12.6,11.9,359,no,+
431,11.55,male,primary surgical,complicated,appendicitis,14.43,143,29.5,19,9,7,yes,9,no,yes,yes,no,yes,yes,38.3,18.6,80,,yes,4.46,12.2,12.7,234,+++,no
432,12.52,male,primary surgical,complicated,appendicitis,16.65,155,40,7,9,9,no,,yes,yes,yes,yes,yes,yes,36.8,17.7,88.3,,yes,5.47,15,13.2,200,,
433,12.41,female,primary surgical,complicated,appendicitis,12.6,152,29.1,4,8,8,yes,8,no,yes,yes,yes,yes,no,38.8,14.9,93.2,,yes,4.55,14.1,12.5,226,,
434,13.83,male,conservative,uncomplicated,no appendicitis,29.8,169,85.4,3,5,5,no,,yes,yes,no,no,yes,yes,36.4,9.7,42.5,,no,5.52,15,14.6,369,+,no
435,14.61,female,conservative,uncomplicated,no appendicitis,21.1,164.8,57.3,3,,,no,,no,yes,no,no,yes,no,38.4,6.2,,,,4.98,14.1,13,205,,
436,15.89,female,conservative,uncomplicated,appendicitis,19.6,175,60,2,6,5,no,6,yes,yes,no,no,no,no,36.3,11.8,77.5,,yes,4.5,12.1,14.2,284,,
437,17.37,female,conservative,uncomplicated,no appendicitis,22.64,153,53,3,6,5,no,,no,yes,no,no,yes,no,36.2,19.8,83.3,,yes,4.72,14.4,12.8,305,no,+++
438,15.57,male,primary surgical,uncomplicated,appendicitis,18.21,183,61,5,8,7,yes,10,yes,yes,no,no,yes,yes,36.8,13.6,87.4,,yes,5.06,15.4,12,234,+++,no
439,15.07,female,simultaneous appendectomy,uncomplicated,no appendicitis,18.83,158,47,4,5,7,no,,no,yes,no,yes,yes,yes,37.2,8.6,83.8,,yes,4.54,14,12.2,176,no,no
440,12.1,female,conservative,uncomplicated,no appendicitis,19.1,160,49,2,3,3,no,,no,yes,no,no,no,yes,35.6,8.1,57.7,,no,4.73,13.1,12.6,277,no,no
441,15.81,female,conservative,uncomplicated,no appendicitis,22.61,164,60.8,3,3,2,yes,5,no,yes,yes,no,no,no,37.3,7.6,55.1,,no,4.48,13.2,14,252,no,+++
442,11.08,female,conservative,uncomplicated,appendicitis,16.9,163,45,3,5,6,yes,7,no,yes,yes,yes,yes,yes,36.9,8.1,44,,no,4.44,12.6,13.6,311,no,no
443,10.01,male,conservative,uncomplicated,appendicitis,18.94,134,34,3,5,5,yes,7,no,yes,no,yes,no,no,37.3,12,71.9,,no,4.8,13.1,12.7,241,,
444,9.75,female,primary surgical,uncomplicated,appendicitis,18.49,143,37.8,4,10,9,yes,8,yes,yes,yes,yes,yes,yes,37.5,17.2,87,,yes,4.68,12.9,12.5,270,+++,no
445,9.61,male,primary surgical,uncomplicated,appendicitis,14.9,140,29.2,4,,,yes,9,no,no,yes,no,yes,yes,38.7,14.3,,,,5.18,14.8,12.9,340,+++,+++
446,11.63,female,primary surgical,complicated,appendicitis,16.34,154.5,39,6,,,no,,no,yes,yes,yes,yes,yes,37.8,20,,,,,,,,,
447,2.06,male,primary surgical,complicated,appendicitis,15.43,90,12.5,9,,,yes,10,no,yes,,,yes,yes,37,8.6,49,,no,4.93,12.7,13.9,267,,
448,12.51,male,conservative,uncomplicated,appendicitis,16.76,144.5,35,3,5,4,yes,7.8,no,yes,yes,no,yes,yes,37,8.3,67.1,,no,4.74,13.5,12.1,224,no,no
449,15.66,female,conservative,uncomplicated,no appendicitis,20.1,164,54,2,3,3,yes,6,no,yes,no,no,no,yes,37,6,53.8,,no,4.25,12.5,13.9,250,+,no
450,11.88,female,conservative,uncomplicated,no appendicitis,20.7,154,48.5,2,5,3,no,,no,yes,yes,no,no,no,36.8,11,73.7,,no,4.4,13.2,12.8,262,++,+
451,11.48,female,primary surgical,uncomplicated,appendicitis,29.24,158,73,8,9,9,yes,11,no,yes,yes,yes,yes,yes,38,18.4,80,,yes,4.61,12.5,13.5,289,++,no
452,14.95,female,secondary surgical,uncomplicated,appendicitis,20.31,160,52,10,5,4,yes,7.5,yes,yes,yes,no,no,no,36.1,7.9,51.8,,no,5.03,14.3,12.8,205,+,no
453,13.56,female,conservative,uncomplicated,no appendicitis,28.6,157,70.5,2,2,1,no,,no,no,no,no,no,no,37.2,15,68.9,,no,5.02,14.2,14.1,420,no,no
454,12.22,female,conservative,uncomplicated,no appendicitis,20.03,154,47.5,3,9,8,no,,yes,yes,yes,yes,no,no,38.4,13,77.4,,yes,4.94,13.5,13.4,253,+,++
455,11.38,female,conservative,uncomplicated,no appendicitis,30.63,149,68,3,3,3,no,,no,yes,no,no,no,no,38.4,8.7,43,,no,4.82,13.3,12.2,255,no,no
456,12.67,male,conservative,uncomplicated,appendicitis,17.4,168,49,2,3,4,yes,7.2,no,yes,yes,yes,no,no,36.6,5.7,52.9,,no,4.71,13.5,12.2,214,no,no
457,4.15,female,conservative,uncomplicated,no appendicitis,15.13,106,17,3,6,4,no,,no,yes,no,no,no,no,37.5,17.9,84,,yes,4.63,12.3,13.4,288,no,no
458,14.97,female,secondary surgical,uncomplicated,appendicitis,,,52,,5,4,yes,7.5,yes,yes,yes,no,no,yes,,7.9,51.8,,no,5.03,14.3,12.8,205,+,no
459,13.64,female,conservative,uncomplicated,appendicitis,21.2,158,53,3,5,4,yes,7.2,yes,yes,yes,no,no,no,37.5,7.4,52.6,,no,4.94,14.5,13.3,277,no,no
460,7.21,male,conservative,uncomplicated,no appendicitis,15.38,127.5,25,3,3,2,yes,9.5,no,yes,no,no,no,no,36.8,7.1,72.9,,no,5.04,13.1,13.5,406,+++,no
461,11.07,female,conservative,uncomplicated,no appendicitis,24.5,147,53,3,7,5,no,,no,yes,yes,no,no,yes,37.8,11,73.4,,no,4.84,14.2,12.4,327,++,+
462,13.94,male,primary surgical,uncomplicated,appendicitis,17.93,167,50,4,7,6,yes,8.1,no,yes,yes,yes,no,no,37.4,16.2,77.5,,yes,4.86,12.9,13.2,326,,
463,11.37,female,conservative,uncomplicated,no appendicitis,14,130.5,24,3,6,5,yes,5,yes,yes,yes,no,yes,yes,37.1,8.1,65.5,,no,4.59,13.3,12.2,272,,
464,15.49,female,conservative,uncomplicated,no appendicitis,20.58,167,57.4,3,7,5,no,,no,yes,yes,no,no,no,38,12.2,85.4,,yes,4.39,13.1,13.7,227,+++,no
465,15.16,female,conservative,uncomplicated,no appendicitis,20.8,167,58,3,,,no,,no,yes,no,no,yes,yes,37.2,9,,,,4.49,13.4,12.1,332,+++,no
466,11.12,male,primary surgical,complicated,appendicitis,20.25,144,42,8,5,4,no,,no,no,no,no,yes,no,38,23,,,,,,,,,
467,15.39,female,conservative,uncomplicated,no appendicitis,26.93,161,69.8,3,5,5,yes,5,no,yes,no,no,yes,no,37.2,12.1,67.7,,no,4.82,13.9,12.8,208,,
468,14.99,female,conservative,uncomplicated,no appendicitis,17.92,164,48.2,2,5,3,no,,no,yes,no,no,yes,no,37.5,8.8,72.8,,no,4.1,13.1,11.8,204,,
469,3.37,male,conservative,uncomplicated,no appendicitis,14.19,94.6,12.7,3,7,5,no,,no,yes,no,no,no,no,38.5,14.8,79,,yes,4.4,12.1,12.4,329,++,no
470,14.17,female,conservative,uncomplicated,no appendicitis,21.28,166.5,59,4,3,4,no,,no,yes,yes,yes,no,no,37,5.6,,41,no,4.29,12.3,11.9,278,no,+++
471,12.36,male,primary surgical,complicated,appendicitis,18.78,168,53,14,7,7,yes,9.1,no,yes,yes,yes,yes,no,38.3,13.5,,58,no,4.5,13.9,12.3,236,,
472,5.92,male,primary surgical,complicated,appendicitis,16.06,123,24.3,9,6,6,yes,,yes,yes,no,no,yes,yes,39,11.8,82.8,,yes,5.33,12.9,14.7,309,,
473,12.47,female,primary surgical,uncomplicated,appendicitis,15.37,142,31,5,9,6,yes,7,yes,yes,yes,no,yes,no,37.9,12.2,77.2,,yes,5.16,14.6,12.1,247,no,no
474,15.05,male,conservative,uncomplicated,no appendicitis,19.27,175,59,3,3,3,yes,7,no,yes,no,no,no,yes,36.8,8.9,55.7,,no,5.81,15.8,13.3,189,no,no
475,10.74,male,conservative,uncomplicated,appendicitis,26.98,146,57.5,4,5,3,yes,9,no,yes,no,no,no,no,37.3,10.2,74.9,,no,5.66,16.1,12.9,277,+,no
476,9.58,female,primary surgical,complicated,appendicitis,14.18,132,24.7,8,10,10,yes,7,yes,yes,yes,yes,yes,yes,38.4,13.5,80.3,,yes,5.04,13.9,13.1,277,+++,+
477,15.81,female,conservative,uncomplicated,no appendicitis,22.81,152,52.7,3,7,7,yes,4.5,yes,yes,yes,yes,yes,no,36.8,11.3,,63,no,4.88,13.5,12.5,442,no,no
478,3.57,male,primary surgical,complicated,appendicitis,11.34,115,15,9,8,9,no,,no,yes,no,yes,yes,yes,38.2,14.3,83.8,,yes,4.78,12.5,13,225,+++,no
479,7.56,female,primary surgical,complicated,appendicitis,12.6,121.5,18.6,8,7,5,yes,9.1,no,yes,yes,no,no,no,38.3,18.7,91.9,,yes,4.77,12.8,13.1,214,,
480,14.58,female,conservative,uncomplicated,no appendicitis,22.98,155,55.2,4,9,9,yes,4.6,yes,yes,no,yes,yes,no,38.7,14,91.6,,yes,4.6,13.5,12.6,234,+++,no
481,16.31,male,conservative,uncomplicated,appendicitis,30.8,183,103,3,6,7,yes,8,yes,yes,yes,yes,yes,yes,36.9,5.8,54.4,,no,5.02,14.8,11.6,341,+,no
482,10.13,male,conservative,uncomplicated,no appendicitis,17.2,132,30,3,8,9,no,,yes,yes,no,yes,yes,yes,36.5,13.7,81.3,,yes,5.06,11.4,15.1,312,+++,+
483,11.34,female,primary surgical,uncomplicated,appendicitis,21.77,157.2,53.8,4,7,5,yes,7,no,yes,no,no,no,no,38.2,10.2,75.6,,yes,4.4,12.3,12.5,245,++,no
484,15.86,male,primary surgical,uncomplicated,appendicitis,20.44,167,57,7,8,8,no,,no,yes,yes,yes,yes,no,38.6,21.9,85.4,,yes,5.44,16.2,12.5,210,no,no
485,10.79,female,primary surgical,complicated,appendicitis,29.98,178,95,6,10,7,no,,yes,yes,yes,no,yes,yes,37.4,25.8,97.7,,yes,4.66,13.2,12.7,335,+,+
486,8.62,male,conservative,uncomplicated,no appendicitis,15.87,148.5,35,3,5,4,yes,4.5,no,yes,yes,no,no,no,39.3,5.4,79.6,,yes,4.45,12.6,12.7,167,no,no
487,13.25,male,conservative,uncomplicated,no appendicitis,30.86,161,80,3,4,3,no,,no,yes,no,no,no,no,36.8,11.1,,54,no,5.22,13.7,12.9,438,,
488,14.63,female,primary surgical,uncomplicated,appendicitis,18.44,161,47.8,8,7,6,yes,6,no,yes,no,no,yes,no,39.1,12.6,80.1,,yes,4.25,13.3,12.1,208,no,no
489,5.14,male,conservative,uncomplicated,appendicitis,13.56,116.5,18.4,3,4,3,yes,6.9,no,no,no,no,yes,no,38.6,4.3,78.3,,yes,4.47,12.3,13.5,183,++,no
490,13.16,female,primary surgical,uncomplicated,appendicitis,15.94,168,45,4,5,6,yes,8,no,yes,no,yes,no,yes,36.7,12.7,65.4,,no,4.78,12.4,13.7,357,no,+
491,9.11,female,conservative,uncomplicated,no appendicitis,23.98,138.5,46,3,4,4,no,,no,yes,no,no,yes,no,37.8,7.1,49.6,,no,5.42,14.3,13.1,401,no,+
492,13.83,male,primary surgical,uncomplicated,appendicitis,21.75,147,47,5,3,2,yes,11,no,yes,no,no,no,no,37.9,9.4,71.1,,no,4.92,13.2,12.7,234,,
493,12.42,male,conservative,uncomplicated,appendicitis,16.2,147,34.5,3,5,3,yes,8,no,yes,yes,no,no,no,37.1,13.3,72.4,,no,4.93,13.8,12.9,200,no,no
494,11.95,male,conservative,uncomplicated,no appendicitis,18.7,162,49,3,7,6,no,,no,yes,no,no,yes,yes,36,16.7,90,,yes,4.84,12.7,12.4,236,++,+
495,6.64,male,primary surgical,complicated,appendicitis,15.37,121,22.5,7,9,7,yes,8,yes,yes,yes,no,yes,yes,38.8,14,77.1,,yes,4.52,11.7,13,187,+,no
496,4.61,male,primary surgical,complicated,appendicitis,17.03,107,19.5,9,,,yes,5,no,yes,no,yes,yes,yes,37,16.7,,74,no,5.01,11.4,15.7,402,+++,no
497,11.22,male,conservative,uncomplicated,appendicitis,14.9,142,30,3,6,6,yes,7,no,yes,yes,yes,no,no,36.8,15.1,86.2,,yes,4.26,12.1,12.3,314,no,no
498,10.88,male,conservative,uncomplicated,no appendicitis,15.5,145.7,33,3,3,4,no,,no,yes,yes,yes,no,no,36.8,4.9,51.1,,no,5.15,13.6,13.1,245,,
499,9.53,female,conservative,uncomplicated,no appendicitis,26.1,149,58,2,3,2,no,,no,yes,yes,no,no,no,37.1,7.4,57.2,,no,4.76,12.6,12,373,no,no
500,17.02,female,primary surgical,uncomplicated,appendicitis,18.73,165,51,5,6,3,yes,7.5,no,yes,yes,no,no,no,37,10.9,,65,no,4.62,13,12.2,358,+++,+++
501,12.63,male,conservative,uncomplicated,no appendicitis,22.21,163,59,3,4,5,yes,4,no,yes,no,yes,no,no,37,10.6,55.6,,no,5.06,14.4,12.6,270,no,no
502,14.52,male,conservative,uncomplicated,no appendicitis,16.79,181,55,3,4,4,yes,4.5,yes,yes,no,no,yes,no,37,9,57.3,,no,4.9,14.5,12.1,193,no,no
503,14.79,male,primary surgical,uncomplicated,appendicitis,17.37,154,41.2,5,4,3,yes,9,yes,yes,yes,no,no,no,36.3,5,50.3,,no,5.19,13.7,14,286,no,no
504,11.37,male,primary surgical,uncomplicated,appendicitis,20.93,145,44,5,7,6,yes,11.4,no,yes,no,no,yes,yes,36.4,15.2,86.9,,yes,4.9,13.6,86.9,281,no,no
505,5.11,female,primary surgical,complicated,appendicitis,14.24,106,16,8,8,7,yes,8.6,yes,yes,no,no,yes,no,38.5,18,91.1,,yes,3.79,11.4,12.8,383,no,no
506,10.51,female,conservative,uncomplicated,no appendicitis,14.1,153,33,3,4,6,yes,4,no,yes,no,yes,yes,yes,37.1,8,45.4,,no,5.03,14.6,11.9,265,++,no
507,11.03,male,primary surgical,uncomplicated,appendicitis,24.62,151.5,56.5,10,6,4,yes,9,no,yes,no,no,no,no,37.8,11,80.2,,yes,4.85,13.7,12.9,263,no,no
508,4.28,male,primary surgical,complicated,appendicitis,13.38,116,18,10,9,7,no,,no,yes,yes,no,yes,yes,38.9,18.5,87,,yes,4.34,12.2,12.6,402,+,no
509,9.4,male,conservative,uncomplicated,no appendicitis,16.6,141,33,2,9,7,no,,no,yes,yes,no,yes,yes,37.4,16.1,86.3,,yes,5.06,13.7,12.9,232,+++,+
510,13.8,male,conservative,uncomplicated,appendicitis,20.6,162,54,3,7,8,yes,10,no,yes,no,yes,yes,yes,36.9,10.9,88.8,,yes,4.47,13,12.3,260,+++,+
511,14.52,male,conservative,uncomplicated,no appendicitis,26.75,156,65.1,3,,,yes,3.8,yes,yes,no,no,yes,yes,36.6,11.5,,,,4.34,12.2,13.2,227,no,no
512,3.96,female,primary surgical,uncomplicated,appendicitis,16,100,16,3,8,9,yes,14,no,yes,no,yes,yes,yes,39.2,26.6,85,,yes,4.2,11.6,13.7,349,+,no
513,16.44,male,conservative,uncomplicated,appendicitis,23.62,173.5,71.1,3,7,6,yes,7.3,yes,yes,no,no,no,no,38.2,21.7,84.2,,yes,5.19,15.2,11.9,248,no,no
514,14.42,female,secondary surgical,uncomplicated,appendicitis,23.24,151,53,6,,,no,,,,,,,,36.8,7.6,,,,4.58,13.1,12.8,234,,
515,7.21,female,conservative,uncomplicated,no appendicitis,17.44,110.5,21.3,3,6,7,no,,no,yes,yes,yes,yes,yes,38,7.1,,59,no,4.96,13.7,14.2,170,+,+
516,13.02,male,primary surgical,uncomplicated,appendicitis,18.42,145.5,39,4,2,2,yes,7,no,yes,no,no,no,no,36.8,5.1,54.1,,no,4.45,12.4,13.4,250,,
517,14.6,male,conservative,uncomplicated,no appendicitis,23.19,154,55,3,3,3,no,,no,yes,no,no,yes,no,37,6.2,41.2,,no,4.81,12.9,14.9,151,no,no
518,14.43,female,conservative,uncomplicated,no appendicitis,20.53,150.5,46.5,2,2,4,yes,5,no,yes,no,yes,no,no,37,7.7,63.2,,no,4.77,13,11.9,230,no,no
519,12.41,female,primary surgical,uncomplicated,appendicitis,25.25,166.5,70,4,8,7,yes,7.5,yes,yes,no,no,no,yes,39.4,11.4,76.6,,yes,4.95,13.7,13.4,243,,
520,17.71,male,primary surgical,uncomplicated,appendicitis,21.57,180,69.9,4,8,6,yes,10.7,no,yes,no,no,yes,yes,37.9,18.7,84,,yes,5.37,15.6,12.2,342,,
521,9.18,female,primary surgical,uncomplicated,appendicitis,16.44,139.5,32,5,9,5,yes,7,no,yes,yes,no,yes,no,37.8,15.4,77.2,,yes,4.91,13.4,13.1,208,+++,++
522,16.43,male,conservative,uncomplicated,no appendicitis,26.6,170,77,2,,,no,,no,yes,no,no,yes,yes,36.5,7,,,,4.33,13.3,11.9,146,no,no
523,12.59,female,secondary surgical,uncomplicated,appendicitis,15.62,164,42,4,8,5,yes,10,no,yes,yes,no,no,yes,37.8,20.4,84.7,,yes,4.57,13.3,11.7,278,,
524,14.71,female,conservative,uncomplicated,appendicitis,18.5,174,56,2,8,7,yes,7,yes,yes,no,no,no,yes,39.8,10.1,93.7,,yes,4.11,12.3,12.4,198,,
525,14.14,female,conservative,uncomplicated,no appendicitis,23.3,163,62,4,5,3,no,,no,yes,yes,no,no,no,36.6,13.2,74.8,,no,3.98,11.4,12.2,300,no,no
526,8.88,female,primary surgical,complicated,appendicitis,14.03,133.5,25,7,7,8,yes,9,yes,yes,yes,yes,yes,yes,36.3,9.2,88,,yes,4.89,13.8,12.5,261,,
527,12.87,female,conservative,uncomplicated,no appendicitis,15.15,162.5,40,3,7,4,no,,no,yes,yes,no,no,no,38.6,13.6,84,,yes,5.16,15.5,12.3,259,,
528,5.03,male,conservative,uncomplicated,appendicitis,14.52,115,19.2,2,6,5,yes,6,no,yes,no,no,no,no,40,13.7,,79,yes,4.79,12.8,14.4,231,,
529,15.42,male,primary surgical,uncomplicated,appendicitis,16.71,173,50,5,6,4,yes,8,no,yes,yes,no,no,no,36.8,17.1,86.2,,yes,4.89,15.2,12.1,222,,
530,12.11,male,primary surgical,complicated,appendicitis,20.56,146.3,44,7,,,yes,12,yes,yes,no,yes,yes,yes,38.4,19,,,,4.43,12.1,11.9,266,no,no
531,13.27,female,conservative,uncomplicated,no appendicitis,20.45,164,55,3,2,2,yes,6.5,no,yes,no,no,no,no,37.2,4.2,50.6,,no,4.95,14.3,13.1,221,no,no
532,17.21,male,conservative,uncomplicated,appendicitis,18,178,57,4,5,4,yes,9,no,yes,no,no,no,no,36.9,10.7,82.6,,yes,5.4,16.5,12,206,,
533,16.29,female,conservative,uncomplicated,appendicitis,18.6,175,57,3,7,6,yes,8,yes,yes,no,no,no,yes,36.7,13.8,82.5,,yes,4.49,12.7,12.1,236,+,+
534,12.61,male,conservative,uncomplicated,no appendicitis,28.06,172,83,3,2,2,no,,no,yes,no,no,no,no,36.8,5.1,61.4,,no,5.43,15.4,12,207,no,no
535,7.37,male,primary surgical,complicated,appendicitis,19.66,131.5,34,7,7,6,no,,no,yes,no,no,no,yes,36.4,23.6,79,,yes,5.16,13.3,13.9,445,,
536,7.53,male,primary surgical,complicated,appendicitis,,,23.3,7,7,5,yes,7.5,no,yes,no,no,no,yes,37.8,15.9,82.8,,yes,4.37,36,12.2,366,,
537,4.62,female,primary surgical,complicated,appendicitis,19.24,114,25,12,7,6,no,,no,yes,no,no,yes,yes,38,14.2,75,,no,4.81,12.9,13.4,316,,
538,8.87,male,conservative,uncomplicated,no appendicitis,14.59,134.5,26.4,3,6,5,no,,yes,yes,no,no,yes,yes,37.9,5,70.1,,no,5.09,14.7,12.4,182,no,no
539,9.25,male,secondary surgical,uncomplicated,appendicitis,18.81,144,39,4,8,6,no,,no,yes,yes,no,yes,yes,36.8,16.4,92.2,,yes,4.54,12.9,12.7,277,no,no
540,13.54,male,conservative,uncomplicated,no appendicitis,18.23,170.5,53,2,2,2,no,4,no,yes,no,no,no,no,36.8,5.8,42.1,,no,5.54,13.9,13.7,253,,
541,13.24,female,conservative,uncomplicated,no appendicitis,21.3,165,58,3,2,2,no,,no,yes,no,no,no,no,36.9,10,,63,no,5.06,13.9,12.1,382,no,no
542,11,female,conservative,uncomplicated,no appendicitis,22.46,156.5,55,3,4,3,yes,2.9,no,yes,yes,no,yes,no,37,7.8,36.1,,no,5.02,14.1,12.8,291,no,+
543,10.12,male,primary surgical,complicated,appendicitis,15.41,140,30.2,8,9,9,no,,no,yes,yes,yes,yes,yes,39.8,13.8,79,,yes,4.56,12.9,12.2,246,+++,+++
544,7.11,male,primary surgical,uncomplicated,appendicitis,17.08,121,25,5,7,6,yes,12,no,yes,no,no,yes,no,38.2,16.5,80.8,,yes,4.77,13.3,12.8,367,,
545,8.76,male,primary surgical,uncomplicated,appendicitis,19.81,131,34,4,7,5,yes,10,no,yes,yes,no,yes,no,36.9,20.3,87.7,,yes,4.69,12.9,11.9,236,no,no
546,12.82,male,primary surgical,uncomplicated,appendicitis,16.98,158,42.4,5,4,6,yes,8,no,yes,no,yes,no,yes,37,6.4,,,,,,,,+++,++
547,4.24,male,primary surgical,complicated,appendicitis,15.42,105,17,5,,,yes,8,no,yes,yes,no,yes,no,37.9,,,,,,,,,,
548,10.56,male,conservative,uncomplicated,no appendicitis,15.6,142.5,32,3,4,3,no,,no,no,yes,no,yes,yes,37.8,9.8,67.2,,no,4.62,13.5,11.8,266,+++,+
549,9.04,female,primary surgical,uncomplicated,appendicitis,16.33,140,32,5,,,yes,11,no,yes,no,no,no,yes,37.7,14.8,,,,,,,,no,no
550,10.65,female,primary surgical,uncomplicated,appendicitis,17.05,146.3,36.5,4,8,6,yes,8.5,yes,yes,yes,no,no,yes,37,10.9,75.5,,yes,5.14,14.1,13.1,225,,
551,9.26,male,conservative,uncomplicated,appendicitis,18.68,144.5,39,2,7,6,yes,11.8,yes,yes,no,no,yes,no,36.8,15.1,91.8,,yes,5.37,14.6,13.3,197,,
552,6.11,female,primary surgical,complicated,appendicitis,14.65,128,24,7,8,7,yes,6,no,yes,yes,yes,no,yes,37.5,15.5,78.9,,yes,4.46,12.6,13.8,432,,
553,7.81,male,primary surgical,uncomplicated,appendicitis,,,23,9,8,8,yes,6,no,yes,yes,yes,yes,yes,36,13,87.6,,yes,4.44,12.4,13,403,++,+
554,1.73,male,conservative,uncomplicated,no appendicitis,17.93,83.5,12.5,3,5,5,yes,5.4,no,yes,no,no,yes,yes,38.8,7.9,57,,no,4.75,12.1,13.7,310,,
555,7.38,male,primary surgical,uncomplicated,appendicitis,16.24,128,26.6,5,7,5,yes,12,no,yes,yes,no,no,no,38.2,19.1,86.7,,yes,4.73,12.7,13.7,327,,
556,9.58,male,conservative,uncomplicated,no appendicitis,19.02,145,40,3,3,2,no,,no,yes,no,no,no,no,37.6,8.5,58.5,,no,4.43,12.2,13.1,223,,
557,12.06,female,conservative,uncomplicated,appendicitis,17.6,144,36.5,3,7,5,yes,6.2,yes,yes,no,no,no,no,38,10.7,72.7,,no,4.34,12.5,12,219,+,no
558,13.89,female,conservative,uncomplicated,appendicitis,26.8,158,67,3,4,6,yes,8.3,no,yes,no,yes,yes,yes,37.1,8.1,50.1,,no,5.18,14.2,13.7,277,no,no
559,15.01,female,conservative,uncomplicated,no appendicitis,22.5,166,62,3,4,4,no,,no,yes,no,no,yes,yes,37,8,63.9,,no,4.32,12.2,12,176,no,
560,10.4,male,conservative,uncomplicated,appendicitis,22.2,143.5,46,1,5,4,yes,13,no,yes,no,no,no,no,36.8,12.9,77.8,,yes,5.08,13.8,13,275,,
561,7.19,male,secondary surgical,uncomplicated,appendicitis,13.21,130.5,22.5,2,9,7,yes,8,yes,yes,yes,no,yes,yes,36.6,20.8,,76,yes,4.77,13.3,12.9,423,,
562,10.43,male,conservative,uncomplicated,appendicitis,16.19,146,34.5,3,4,3,yes,6,no,yes,no,no,no,no,37,12.4,57.9,,no,5.04,14.4,12.6,365,no,no
563,9.58,male,conservative,uncomplicated,no appendicitis,15.2,146,32.4,4,4,6,yes,4.6,no,yes,no,yes,yes,yes,36.6,8.9,41.6,,no,4.74,12.9,13.6,192,no,no
564,12.31,female,primary surgical,uncomplicated,appendicitis,20.44,150,46,4,7,8,no,,yes,yes,no,yes,no,no,38.5,17.3,88,,yes,4.98,14.6,12.5,274,no,no
565,17.28,male,primary surgical,uncomplicated,appendicitis,19.49,171,57,7,6,4,yes,7,no,yes,no,no,yes,no,36.8,12.6,70.4,,no,5.29,14.9,12.6,332,+,+
566,15.75,female,conservative,uncomplicated,no appendicitis,30.73,170,88.8,3,5,4,no,,no,yes,no,no,yes,no,36.8,14.7,70.2,,no,4.96,13.2,13,331,no,+
567,9.96,male,secondary surgical,uncomplicated,appendicitis,13.51,146.5,29,5,9,8,yes,11,yes,yes,no,yes,yes,yes,37,14.6,,83,yes,4.64,13.8,12.1,273,,
568,7.18,male,primary surgical,complicated,appendicitis,13.71,122,20.4,7,10,10,no,,yes,yes,yes,yes,yes,yes,39.3,23.1,79,,yes,4.48,12.6,12.2,310,,
569,14.23,male,conservative,uncomplicated,appendicitis,,,54,4,5,4,yes,9,no,yes,yes,no,yes,yes,36.5,6.6,50.4,,no,4.73,14.3,12.3,228,no,no
570,12.83,female,primary surgical,complicated,appendicitis,19.13,168,54,7,8,7,yes,10,yes,yes,no,no,no,yes,38.2,13.1,78.8,,yes,4.77,14.2,11.7,192,no,+++
571,12.16,male,conservative,uncomplicated,no appendicitis,24.6,160,63,3,5,4,no,,no,yes,no,no,no,no,37.4,11.5,74.3,,no,4.81,13.9,12.1,233,no,no
572,15.21,female,conservative,uncomplicated,no appendicitis,20.8,158,52,3,4,4,no,,yes,yes,no,no,no,yes,36.2,5.9,61.5,,no,4.67,13.5,12.6,223,++,no
573,8.01,male,primary surgical,uncomplicated,appendicitis,15.24,125.5,24,6,2,4,yes,8,no,yes,no,yes,no,no,37,7.4,65.4,,no,4.87,13.2,12.3,353,,
574,16.33,male,conservative,uncomplicated,no appendicitis,24.06,173,72,2,4,3,yes,5.2,no,yes,yes,no,yes,no,36.2,4.5,41.2,,no,4.74,15.1,12.5,128,no,no
575,17.87,male,primary surgical,uncomplicated,appendicitis,17.7,175,54.2,4,2,2,yes,10,no,yes,no,no,no,no,37.2,9.2,73.4,,no,5.12,15.2,13.3,200,,
576,8.86,male,primary surgical,uncomplicated,appendicitis,15.14,136,28,3,8,5,yes,9,no,yes,yes,no,yes,no,36.8,24.2,88.8,,yes,5.02,14.7,12.9,344,+++,no
577,11.87,male,conservative,uncomplicated,appendicitis,15.7,147,34,2,8,9,yes,9,yes,yes,no,yes,no,yes,38,17.1,80.5,,yes,4.75,13.2,12.1,319,no,no
578,10.76,male,conservative,uncomplicated,appendicitis,17.6,138.5,34.4,4,8,8,yes,9,no,yes,yes,yes,yes,yes,36.9,18.1,84.7,,yes,4.9,12.6,12.5,295,,
579,11.13,female,conservative,uncomplicated,no appendicitis,14.23,141.5,28.5,3,2,2,yes,4,no,no,no,no,yes,yes,37,9,49.4,,no,6,10,18.7,365,,
580,16.99,female,primary surgical,complicated,appendicitis,,168,59,6,,,no,,yes,yes,yes,no,no,yes,37.5,24.8,,,,3.75,11.6,11.6,419,++,no
581,11.76,male,primary surgical,uncomplicated,appendicitis,15.07,148,33,4,4,4,yes,5,no,yes,yes,yes,no,no,37.5,6.5,72.8,,no,4.74,13.2,12.6,169,no,no
582,8.09,male,conservative,uncomplicated,no appendicitis,16.5,128,27,3,7,6,yes,3,no,yes,no,no,yes,yes,36.8,14,86.1,,yes,14,14.7,13.6,289,+,+
583,12.93,male,conservative,uncomplicated,appendicitis,15.4,171,45,2,4,3,yes,7,no,yes,no,no,no,no,36.6,15.9,74.5,,no,4.95,12.8,12.8,260,,
584,17.49,female,conservative,uncomplicated,no appendicitis,17.72,165,48.25,3,2,2,no,,no,yes,no,no,no,no,26.9,5.8,62.9,,no,4.36,13.8,12.4,205,no,
585,4.38,male,primary surgical,complicated,appendicitis,18.33,106,20.6,11,,,no,,,,,,yes,yes,37.3,18.3,,,,4.79,11.8,15.3,432,,
586,7.9,female,conservative,uncomplicated,appendicitis,15.3,132.5,26.5,3,4,4,yes,6,no,yes,no,no,yes,yes,37.1,6.5,29.7,,no,4.7,13,11.7,246,no,no
587,12.27,male,conservative,uncomplicated,no appendicitis,15.95,149.8,35.8,3,,,no,,no,yes,no,no,no,no,36.6,5.7,,,,4.52,12.6,12.7,238,,
588,7.45,male,conservative,uncomplicated,no appendicitis,12.39,146,26.4,3,7,6,no,,no,yes,no,no,yes,no,38.1,17.5,83,,yes,4.62,12.7,12.1,346,no,+
589,11.65,male,conservative,uncomplicated,no appendicitis,27.4,172,81,2,6,7,no,,no,yes,no,yes,yes,yes,37.1,10.8,63.8,,no,5.01,13.8,12.6,266,,
590,9.99,female,conservative,uncomplicated,no appendicitis,18.9,140,37,3,5,4,no,,yes,yes,yes,no,no,no,37.8,9.7,68.4,,no,4.99,13.5,12.1,368,no,no
591,15.13,male,conservative,uncomplicated,no appendicitis,21.78,156,53,3,3,3,yes,6.7,no,yes,no,no,no,yes,36,7.8,50.3,,no,5.06,15.5,13.1,199,no,no
592,12.39,female,conservative,uncomplicated,appendicitis,16.34,158.4,41,3,6,5,yes,9,no,yes,yes,yes,no,no,37,13.1,71,,no,4.6,13.1,12.7,222,+++,no
593,9.95,female,conservative,uncomplicated,no appendicitis,16.4,143.5,34.1,4,5,5,yes,5.5,yes,yes,no,no,yes,yes,37,5.6,,60,no,5.07,14.4,11.9,270,,
594,15.7,male,conservative,uncomplicated,no appendicitis,25.5,175,78,3,2,2,yes,8,no,yes,no,no,no,no,37,6.9,57,,no,5.3,15.8,12.2,223,no,+
595,10.97,female,conservative,uncomplicated,no appendicitis,23.31,145,49,3,,,no,,no,yes,no,yes,yes,no,37.2,10.5,,,,5.16,14,12.9,258,no,no
596,9.92,female,conservative,uncomplicated,appendicitis,15.09,144.5,31.5,3,8,6,yes,9.7,no,yes,no,no,yes,yes,37.8,13.4,81.7,,yes,4.72,13.3,12.5,242,,
597,12.89,male,conservative,uncomplicated,appendicitis,23.86,146.2,51,3,4,4,yes,7.4,no,yes,yes,no,no,yes,37.8,8.6,54.9,,no,5.96,12.9,14.8,350,no,no
598,15.32,female,primary surgical,uncomplicated,appendicitis,18.08,176,56,5,8,8,no,,no,yes,yes,yes,yes,yes,36.5,12.4,79,,yes,4.59,14,12.2,261,,
599,8.47,male,conservative,uncomplicated,no appendicitis,16.04,129.5,26.9,3,6,6,no,,yes,yes,no,no,yes,yes,38.1,6.7,35.1,,no,5.1,14.5,12.7,399,no,no
600,8.97,female,conservative,uncomplicated,no appendicitis,16.11,125.3,25.3,3,7,5,yes,5.6,no,yes,no,no,no,no,38.8,13.9,84.5,,yes,4.47,12.7,13.2,229,+++,no
601,10.59,male,conservative,uncomplicated,appendicitis,16.8,140,33,3,6,6,yes,9,no,yes,yes,yes,no,no,37.3,10.1,69.5,,no,4.65,12.1,12.7,366,no,no
602,10.94,male,primary surgical,uncomplicated,appendicitis,15.75,138,30,4,7,5,yes,10,no,yes,yes,no,yes,no,36.8,16.1,85.5,,yes,4.8,14,13,340,,
603,13.49,female,primary surgical,uncomplicated,appendicitis,18.43,158,46,4,2,2,yes,10.9,no,yes,no,no,no,no,37.2,6.9,51,,no,4.45,13.5,12,302,no,no
604,10.74,female,conservative,uncomplicated,appendicitis,15.82,140,31,3,5,4,yes,10,yes,yes,no,no,yes,no,37.2,8.6,40.6,,no,4.87,13.4,11.9,323,++,no
605,11.27,female,conservative,uncomplicated,no appendicitis,15.19,152,35.1,3,6,7,yes,4.7,no,yes,yes,yes,yes,no,38,8.7,64.8,,no,,,,,no,no
606,8.67,female,conservative,uncomplicated,appendicitis,15.99,133.5,28.5,3,6,4,yes,8,no,yes,yes,no,no,no,38.2,12.5,72.2,,no,4.35,12.8,12.2,295,no,no
607,7.4,male,conservative,uncomplicated,appendicitis,15.2,123,23,2,9,7,yes,7,yes,yes,yes,no,no,yes,38,15,84.5,,yes,4.9,13.7,12.6,197,,
608,9.56,female,conservative,uncomplicated,no appendicitis,15.94,133.7,28.5,3,2,2,yes,6.6,no,yes,no,no,no,no,37.2,9.4,40,,no,4.75,13.5,12.6,285,no,no
609,10.11,male,primary surgical,complicated,appendicitis,14.92,143,30.5,5,4,6,yes,12,no,yes,no,yes,yes,yes,36.6,8.4,,56,no,4.93,13.9,11.8,284,no,no
610,16.52,female,conservative,uncomplicated,appendicitis,19.6,158,49,3,,,yes,8,no,yes,no,no,yes,yes,37.3,14.5,,,,4.31,12.7,,245,no,
611,14.58,female,primary surgical,uncomplicated,appendicitis,20.52,171,60,5,,,yes,8,yes,yes,yes,no,no,yes,37.3,14.7,,,,4.75,13.2,11.9,242,no,no
612,11.05,male,conservative,uncomplicated,no appendicitis,30.7,121,45,3,6,7,no,,yes,yes,yes,yes,yes,yes,36.9,9.5,71.4,,no,4.96,12.5,13.3,249,++,no
613,14.21,female,primary surgical,uncomplicated,appendicitis,25.64,158,64,7,4,4,no,,yes,yes,no,no,no,no,38.2,2.6,,53,no,4.96,11.2,14,134,no,no
614,6.27,male,conservative,uncomplicated,appendicitis,16.5,128,26.5,1,5,5,yes,6,no,yes,yes,yes,no,no,36.9,13.1,71.3,,no,4.65,13.2,12.2,283,no,no
615,15.33,male,primary surgical,uncomplicated,appendicitis,20.62,167,57.5,4,9,8,yes,7,no,yes,yes,yes,yes,yes,37.8,16.4,76.2,,yes,5.57,16.4,12.6,223,,
616,12.19,male,conservative,uncomplicated,appendicitis,18.59,159,47,3,5,3,yes,7.4,no,yes,yes,no,no,no,37,11.7,67.2,,no,5.08,14.6,12.7,284,no,no
617,10.21,female,primary surgical,complicated,appendicitis,15.59,145.5,33,7,9,8,no,,yes,yes,no,no,yes,yes,38.4,17,88.4,,yes,4.95,13.5,12.7,276,+++,+++
618,14.49,male,conservative,uncomplicated,no appendicitis,19.38,163.5,51.8,6,4,5,yes,4.3,no,yes,no,yes,yes,no,37.4,5,55.1,,no,4.83,12,15.2,181,no,no
619,5.81,male,conservative,uncomplicated,appendicitis,14.69,119,20.8,3,6,5,yes,7,no,yes,no,no,yes,no,37.1,22.8,83,,yes,4.77,13,,322,no,no
620,10.97,male,primary surgical,uncomplicated,appendicitis,18.11,135,33,4,9,6,yes,6,yes,yes,yes,no,yes,no,37.8,18.1,80.8,,yes,4.48,12.8,12.3,233,,
621,8.04,female,primary surgical,complicated,appendicitis,14.31,124,22,9,8,7,no,,no,yes,yes,yes,no,yes,37.9,19.4,,84,yes,4.89,12.9,12.3,473,+++,no
622,8.83,male,conservative,uncomplicated,appendicitis,,,33.8,3,8,8,yes,10,yes,yes,yes,yes,no,no,37.3,12,81.1,,yes,5.26,13.4,14.6,267,no,no
623,15.48,female,conservative,uncomplicated,no appendicitis,22.4,169,64,5,6,5,no,,yes,yes,yes,no,yes,yes,36.9,5.8,51.3,,no,4.02,11.7,13.9,212,,
624,11.24,female,primary surgical,uncomplicated,appendicitis,16.89,150,38,9,9,9,yes,9,no,yes,yes,yes,yes,yes,38.1,10.7,85.7,,yes,4.82,13.5,12.6,272,+,no
625,8.76,female,primary surgical,complicated,appendicitis,15.36,135,28,4,,,yes,8,yes,yes,no,yes,yes,yes,39,12.5,,,,4.38,12.6,13.1,208,no,no
626,8.36,female,primary surgical,uncomplicated,appendicitis,14,121,20.5,5,7,6,yes,9,no,yes,yes,yes,no,no,37.8,14.2,86.6,,yes,4.59,12.6,13.3,187,,
627,6.28,male,conservative,uncomplicated,no appendicitis,14.98,132,26.1,3,3,3,yes,5.8,no,yes,no,no,no,no,38.2,7.9,70,,no,4.87,12.8,13.8,219,no,no
628,12.99,female,primary surgical,complicated,appendicitis,,,50,8,6,7,no,,no,yes,yes,yes,yes,yes,36.8,9.1,88.7,,yes,4.98,13.6,13.2,308,+++,no
629,4.39,female,conservative,uncomplicated,no appendicitis,19.6,106,22,2,5,4,yes,4.5,no,yes,no,no,no,no,36.9,16.79,77.7,,yes,4.65,12.2,12.3,314,,
630,14.2,male,conservative,uncomplicated,appendicitis,18.3,170,53,2,8,8,yes,9,no,yes,yes,yes,yes,yes,36.5,14.4,80.8,,yes,4.98,13.7,12.8,293,,
631,12.71,female,conservative,uncomplicated,no appendicitis,15.11,156.5,37,1,5,3,no,,no,yes,no,no,no,no,37.2,11.9,67.8,,no,4.29,12.9,12.4,258,+++,
632,6,male,conservative,uncomplicated,no appendicitis,11.9,123,18,3,8,7,yes,5.8,no,yes,no,no,yes,yes,39.2,19.4,76.8,,yes,4.17,11.4,14.3,269,no,no
633,10.72,female,conservative,uncomplicated,no appendicitis,13.45,143,27.5,4,3,5,yes,5,yes,yes,no,yes,no,no,37.2,9.2,,38,no,4.48,12.3,12.2,365,no,no
634,10.81,female,primary surgical,uncomplicated,appendicitis,18.12,138,34.5,5,8,5,yes,,no,yes,yes,no,yes,no,37.5,15.9,78.4,,yes,4.6,12.9,12.2,320,,
635,10.37,male,conservative,uncomplicated,no appendicitis,16,156,39,3,3,5,yes,5.5,no,yes,no,yes,no,no,37.4,5.6,38.6,,no,4.8,14,12.6,275,no,no
636,15.88,female,primary surgical,uncomplicated,appendicitis,19.84,171,58,5,8,9,yes,8,no,yes,no,yes,yes,yes,38.9,16.4,79.5,,yes,4.56,13.6,12.6,241,+++,no
637,11.27,female,conservative,uncomplicated,no appendicitis,17.1,146.7,37.4,3,2,2,yes,5,no,yes,no,no,no,no,37.2,5.7,32.2,,no,4.72,13.2,12.4,276,,
638,0.85,male,conservative,uncomplicated,no appendicitis,18.49,143,37.8,3,8,7,yes,,yes,yes,no,no,no,yes,38.8,11.1,87.9,,yes,4.91,14,13,273,no,no
639,5.93,male,conservative,uncomplicated,no appendicitis,12.51,109.5,15,3,6,3,yes,5,no,yes,no,no,no,no,37.8,10.4,56.4,,no,4.74,12.5,13.4,396,+++,no
640,14.99,female,primary surgical,uncomplicated,appendicitis,19.91,152,46,4,5,3,no,,no,yes,no,no,no,no,37.3,14.6,68.5,,no,4.49,12.7,12.8,328,no,no
641,11.69,male,conservative,uncomplicated,appendicitis,19.27,154,45.7,3,6,5,yes,6.2,no,yes,no,no,no,no,38.7,12,84,,yes,4.92,13.5,13.1,201,,
642,15.18,female,conservative,uncomplicated,no appendicitis,25.4,151,58,3,4,5,no,,no,yes,no,yes,no,no,36.3,15.8,56.6,,no,4.54,13.3,11.9,304,+,+
643,11.45,female,conservative,uncomplicated,no appendicitis,19.84,146.2,42.4,4,3,3,yes,4,no,yes,no,no,yes,no,37.2,8.2,55.3,,no,5.35,14.8,12.1,356,no,no
644,11.9,female,conservative,uncomplicated,no appendicitis,16.7,153,38.5,3,4,4,no,,yes,yes,no,no,no,no,37.3,8,47.1,,no,4.84,13.5,12.6,405,no,no
645,9.08,male,primary surgical,uncomplicated,appendicitis,17.65,143,36.1,4,8,6,no,,no,yes,no,no,yes,no,38.2,21.4,85.2,,yes,4.81,13.7,12.5,279,++,no
646,5.42,male,conservative,uncomplicated,no appendicitis,15.7,112,19.7,3,6,5,no,,yes,yes,no,no,no,no,39,8.8,80,,yes,4.38,12.1,,268,+++,no
647,2.6,male,primary surgical,uncomplicated,appendicitis,14.88,97,14,8,5,5,no,,no,yes,no,no,yes,yes,37.3,8.2,61,,no,4.35,9.7,16.1,221,+,+
648,4.3,female,primary surgical,complicated,appendicitis,14.51,105,16,6,7,6,yes,8,no,yes,yes,no,yes,yes,38,8.1,77.3,,yes,5.94,15.6,12.9,222,,
649,10.46,male,primary surgical,uncomplicated,appendicitis,14.7,133,26,5,7,9,yes,11,yes,yes,yes,no,yes,yes,36.7,14.3,91.5,,yes,4.85,13,12.9,328,+++,no
650,11.81,female,primary surgical,uncomplicated,appendicitis,20.55,156,50,5,6,4,yes,8,no,yes,no,no,no,no,37.4,13.6,76.5,,yes,5.02,13.8,13,292,no,no
651,14.1,male,conservative,uncomplicated,no appendicitis,18.82,163,50,3,2,2,no,,no,yes,no,no,no,no,36.8,7,56.1,,no,4.81,13.3,13.9,234,no,no
652,14.84,female,conservative,uncomplicated,no appendicitis,20.3,160,52,3,3,3,yes,3.5,no,yes,no,yes,no,no,37.3,7,69.5,,no,3.92,11.5,11.9,199,no,no
653,15.98,female,conservative,uncomplicated,appendicitis,19.7,164,53,4,8,8,yes,9,no,yes,yes,yes,yes,yes,36.5,17,91,,yes,4.1,12.2,11.9,245,,
654,10.9,male,conservative,uncomplicated,no appendicitis,23.3,148,51,5,,,yes,5.6,yes,yes,no,no,yes,yes,36.2,7.9,,,,4.41,12.5,12.3,324,+,no
655,17.66,female,conservative,uncomplicated,no appendicitis,26.2,167,73,3,3,3,no,,no,yes,no,no,no,yes,36.7,6.7,47.4,,no,4.4,13.3,12.1,292,no,+++
656,7.99,female,conservative,uncomplicated,no appendicitis,18.85,142,38,3,5,3,yes,4,no,yes,no,no,no,no,37.2,11.4,58.8,,no,5.06,13.2,13.7,376,+,no
657,4.76,male,conservative,uncomplicated,no appendicitis,16.2,111,19.9,3,8,7,no,,no,yes,no,no,yes,yes,38.4,15.8,86.4,,yes,4.99,13.2,13.9,243,,
658,10.17,female,primary surgical,uncomplicated,appendicitis,16.28,144.5,34,4,7,6,yes,7,yes,yes,no,no,yes,no,37,16.8,87.1,,yes,4.72,13,13.2,297,no,no
659,8.58,female,conservative,uncomplicated,no appendicitis,18.06,170,52.2,3,3,3,no,,no,yes,no,no,no,yes,36.8,9.1,68.1,,no,4.11,12.6,11.6,307,+++,++
660,14.2,male,conservative,uncomplicated,no appendicitis,16.16,165,44,3,4,4,no,,no,yes,no,no,yes,yes,36.6,5.1,44.9,,no,4.95,13.2,12.7,289,no,no
661,13.47,male,primary surgical,complicated,appendicitis,23.31,155,56,8,9,7,yes,12,yes,yes,no,no,yes,yes,38.4,27.3,78.6,,yes,5.34,15.6,12.8,277,+++,++
662,7.26,male,conservative,uncomplicated,no appendicitis,15.4,130,25.6,4,2,2,yes,8,no,yes,no,no,no,no,36.9,6.9,46.2,,no,4.86,13.5,12.5,275,no,no
663,12.57,female,conservative,uncomplicated,appendicitis,17.3,170,50,1,6,5,yes,6.3,no,yes,no,no,yes,no,37.3,13.4,84.4,,yes,4.3,12.3,12.9,236,no,no
664,10.8,female,conservative,uncomplicated,appendicitis,21.8,146.5,47,3,8,8,yes,9.6,no,yes,yes,yes,yes,yes,36.5,15.6,81.8,,yes,5.87,14.6,14.2,282,+,+
665,10.64,male,conservative,uncomplicated,appendicitis,23.5,146,49.5,3,4,3,yes,8,no,no,no,no,yes,yes,36.7,10.7,66.4,,no,4.93,13.9,12,326,+,no
666,14.11,female,conservative,uncomplicated,no appendicitis,18.5,156,45,3,5,6,no,,no,yes,yes,yes,yes,yes,37.1,8.1,,46,no,5.05,13.3,13.2,344,no,no
667,13.83,male,conservative,uncomplicated,appendicitis,,,48,3,4,4,yes,6,no,yes,no,no,yes,yes,36.2,7.3,46.1,,no,5.17,14.4,14.3,248,no,no
668,11.18,female,conservative,uncomplicated,no appendicitis,16.7,151,37.9,3,8,7,no,,no,yes,no,no,yes,yes,38.4,18,85,,yes,4.43,13.1,12.3,298,+,+
669,8.34,female,conservative,uncomplicated,appendicitis,13,130,21.5,2,4,4,yes,6.3,no,yes,no,no,yes,yes,36.7,9.1,70.5,,no,4.9,13.1,12.1,466,no,+
670,12.01,male,conservative,uncomplicated,no appendicitis,28.91,160,74,3,5,6,no,,yes,yes,yes,yes,yes,no,37,7.5,56.3,,no,4.91,13.8,13.5,305,,
671,12.7,female,conservative,uncomplicated,no appendicitis,27.7,159,69.5,3,,,no,,yes,yes,yes,yes,yes,yes,36.9,9.3,,,,4.78,11.7,15.2,351,no,no
672,9.53,male,conservative,uncomplicated,no appendicitis,16.6,132,29,3,9,8,no,,yes,yes,no,no,yes,yes,37.7,17.6,81,,yes,4.67,12.5,12.6,339,no,no
673,10.9,female,primary surgical,complicated,appendicitis,20.28,157,50,7,9,5,yes,11,no,yes,yes,no,yes,no,37.8,27.5,89.7,,yes,4.58,12.1,14,435,++,+
674,10.76,male,primary surgical,complicated,appendicitis,15.82,140,31,6,5,5,no,,no,yes,no,no,yes,yes,38.3,9.2,71.9,,no,4.18,11.9,12,380,,
675,12.66,male,secondary surgical,complicated,appendicitis,17.6,145,37,8,7,6,no,,no,yes,yes,no,yes,yes,36.3,16.3,92.1,,yes,5.01,14,13.1,259,+++,+++
676,11.26,male,primary surgical,uncomplicated,appendicitis,16.89,151,38.5,5,7,5,yes,8,no,yes,yes,no,no,yes,36.8,18.8,88.9,,yes,5.07,13.6,12.9,357,+,no
677,9.19,male,conservative,uncomplicated,no appendicitis,15.3,133,27.2,2,6,5,yes,5,yes,yes,yes,no,yes,yes,36.4,5.3,59.8,,no,4.06,11.4,12.8,91,no,no
678,14.15,male,conservative,uncomplicated,no appendicitis,,,50,3,8,7,no,,yes,yes,no,no,yes,yes,36,11.9,78.3,,yes,4.33,12.6,13.1,189,no,no
679,12.19,female,conservative,uncomplicated,no appendicitis,23.81,169,68,3,4,4,no,,no,yes,no,no,yes,no,39,7.1,50.7,,no,4.98,13.1,13.8,377,no,+
680,15.66,male,conservative,uncomplicated,appendicitis,19.71,183,66,3,5,4,yes,6.8,no,yes,no,no,no,no,37.1,15.9,76.5,,yes,5.34,16.3,12.3,265,,
681,6.7,male,conservative,uncomplicated,no appendicitis,15.84,120.5,23,3,7,4,yes,5,no,yes,yes,no,no,no,37.5,20.9,80.7,,yes,4.49,12.1,12.5,382,,
682,12.48,female,conservative,uncomplicated,no appendicitis,22.1,131,38,3,5,4,no,,yes,yes,yes,no,no,yes,36.5,6,49.9,,no,4.33,12.5,12.9,250,no,no
683,16.83,female,conservative,uncomplicated,no appendicitis,17.7,178,56,3,6,7,no,,yes,yes,yes,yes,yes,yes,37.2,5.5,66.9,,no,4.77,14.8,13.6,199,+,no
684,7.72,male,conservative,uncomplicated,no appendicitis,20.1,129.5,33.8,3,3,4,yes,5.5,no,yes,no,yes,no,yes,37.2,6.7,,39,no,5.26,14,13,367,+++,+
685,2.13,female,primary surgical,complicated,appendicitis,15.43,90,12.5,7,3,3,no,,no,yes,no,no,no,no,39.8,25.2,67,,no,4.23,11.7,12.5,380,,
686,9.39,female,conservative,uncomplicated,no appendicitis,14.92,128.4,24.6,4,5,4,no,,yes,yes,no,no,no,no,37.9,6,53.5,,no,5.16,14.5,12.5,283,+,no
687,14.4,female,conservative,uncomplicated,no appendicitis,19.6,166,54,3,5,3,no,,no,yes,yes,no,no,yes,37.5,6.2,62.4,,no,5.28,13.9,13.9,316,no,no
688,12.5,male,secondary surgical,uncomplicated,appendicitis,14.91,151,34,5,8,5,yes,7,no,yes,yes,no,yes,yes,37.4,14.2,78.9,,yes,4.85,12.9,13.2,368,+,no
689,11.44,male,conservative,uncomplicated,appendicitis,17.94,153,42,4,6,7,yes,10.2,yes,yes,no,yes,no,no,37.8,13.4,58.6,,no,4.81,14,12.8,381,no,no
690,5.11,female,primary surgical,uncomplicated,appendicitis,16.35,116,22,6,9,6,yes,7,no,yes,yes,no,yes,no,40.2,19.4,89.7,,yes,4.55,12.8,13,387,+++,++
691,11.01,female,primary surgical,complicated,appendicitis,13.71,162.5,36.2,9,6,5,yes,12,no,yes,no,no,yes,yes,40,21.7,79,,yes,5.1,12.8,14,216,+++,+
692,11.48,female,primary surgical,uncomplicated,appendicitis,18.81,144,39,9,4,3,yes,5.1,no,yes,no,no,no,no,38.6,4.4,,33,no,4.8,14,12.8,313,+++,no
693,12.53,male,conservative,uncomplicated,no appendicitis,16.49,159,41.7,6,6,5,yes,5.9,no,yes,no,no,yes,no,38.7,13.3,,66,no,4.56,12.7,13,281,+,+
694,9.39,female,conservative,uncomplicated,no appendicitis,15.3,139.8,30,3,3,5,no,,yes,yes,no,yes,no,no,36.9,6,51.2,,no,4.33,12.4,12.6,190,no,no
695,17.2,female,conservative,uncomplicated,no appendicitis,22.37,175,68.5,2,7,5,no,,no,yes,no,no,yes,no,37.6,15.9,85.5,,yes,4.71,12.7,12.4,200,no,+++
696,16.37,female,conservative,uncomplicated,no appendicitis,20.6,165,56,3,7,6,no,,yes,yes,no,no,yes,yes,36,11.4,63,,no,4.64,13.6,13.2,258,no,no
697,13.83,female,secondary surgical,uncomplicated,appendicitis,17.3,170,50,5,3,2,no,,no,yes,yes,,no,no,37.1,5.5,57,,no,4.16,12.6,12.2,336,no,+++
698,12.56,male,conservative,uncomplicated,no appendicitis,21.77,148.5,48,3,5,4,no,,no,yes,no,no,yes,no,37.4,7.9,76.7,,yes,5.64,13.3,13.7,316,no,no
699,14.6,male,conservative,uncomplicated,appendicitis,18.2,164,48.5,3,10,8,yes,10,yes,yes,yes,no,yes,yes,37.6,18.7,84.3,,yes,4.76,14.4,12.4,205,++,no
700,15.72,female,conservative,uncomplicated,no appendicitis,19.96,166,55,2,2,1,no,,no,no,no,no,no,no,37,17.3,50.2,,no,4.19,12.3,11.9,317,no,no
701,5.16,male,conservative,uncomplicated,appendicitis,,,23,3,,,yes,7,no,yes,no,no,no,no,37.8,15.5,,,,4.22,11.7,13.7,251,,
702,12.76,male,primary surgical,uncomplicated,appendicitis,18.08,149,40.15,4,8,6,yes,10,no,yes,no,no,yes,no,38.4,10,87.4,,yes,5.08,14.9,12.5,207,+++,no
703,13.96,female,conservative,uncomplicated,no appendicitis,27.78,166.5,77,3,4,5,no,,no,yes,yes,yes,yes,no,36.8,8.7,49,,no,4.35,12.9,12.4,233,no,no
704,13.29,male,conservative,uncomplicated,appendicitis,29.02,160,74.3,4,6,4,yes,11.9,no,yes,yes,no,yes,no,36.8,13,,61,no,5.03,14,14.7,298,no,no
705,10.51,male,primary surgical,uncomplicated,appendicitis,14.93,134.5,27,4,8,5,yes,9,no,yes,no,no,yes,no,37.4,12.8,81,,yes,5.03,12.5,14.1,286,+++,no
706,,,,,,,,,,,,,,,,,,,,,,,,,,,,,,
707,12.56,female,secondary surgical,uncomplicated,no appendicitis,15.79,151,36,,,,no,,,,,,,,,5.8,61.4,,no,5.04,13.7,13.2,247,,
708,14.99,female,conservative,uncomplicated,no appendicitis,20.8,161,54,3,4,3,yes,5.1,no,yes,no,no,no,no,37.1,12.2,73.5,,no,4.54,13.7,12.5,307,,
709,8.19,male,conservative,uncomplicated,appendicitis,14.8,130,25,3,8,7,yes,10,no,yes,no,no,yes,yes,37.7,16.8,75.5,,yes,4.81,13.4,11.9,386,+,no
710,9.33,female,conservative,uncomplicated,no appendicitis,15.38,127.5,25,5,5,4,yes,5,no,yes,no,no,no,yes,36.4,7.6,54.1,,no,5.09,15,11.9,302,no,no
711,15.38,female,primary surgical,uncomplicated,appendicitis,23.41,163,62.2,8,9,6,yes,10,no,yes,yes,no,yes,yes,37.3,19.4,84.6,,yes,4.56,13.6,84.6,221,+++,+
712,14.15,female,conservative,uncomplicated,appendicitis,23.5,165,64,3,5,4,yes,6.5,no,no,no,no,yes,no,37.6,16.3,87.7,,yes,4.76,13.8,12.1,325,no,no
713,12.68,female,conservative,uncomplicated,appendicitis,16.9,148,37,3,4,3,yes,7.1,no,yes,yes,no,no,yes,37,7.7,68.2,,no,5.27,14.8,12.2,254,++,+
714,9.49,male,conservative,uncomplicated,no appendicitis,16.2,129,27,3,3,3,yes,5.5,yes,yes,no,no,no,no,36.6,6.2,36.7,,no,4.43,12,12.3,263,,
715,12.79,male,primary surgical,complicated,appendicitis,22.83,158,57,8,,,no,,yes,yes,,,yes,yes,38.4,20.4,,,,5.66,15.7,13.5,457,+,+
716,6.79,male,conservative,uncomplicated,no appendicitis,14.2,130,24,3,4,3,no,,yes,yes,no,no,no,no,37.2,6.3,49.2,,no,5.38,14.7,13,251,+,no
717,10.36,male,primary surgical,uncomplicated,appendicitis,17.24,146.5,37,6,7,5,yes,17,no,yes,no,no,yes,no,36.4,12.9,84.8,,yes,5.2,13.5,12.4,288,+++,no
718,12.27,female,conservative,uncomplicated,appendicitis,19.6,172,58,3,4,3,yes,9,no,yes,no,no,no,no,36.6,14.7,72.2,,no,4.72,13.7,11.9,318,,
719,16.82,female,primary surgical,uncomplicated,appendicitis,18.59,164,50,5,6,5,yes,11,no,yes,no,yes,no,no,37.6,10.7,71.7,,no,5.23,14.7,12.7,253,+,no
720,11.2,female,primary surgical,complicated,appendicitis,16.67,149,37,6,9,9,yes,12,no,yes,yes,yes,yes,yes,37.2,25.2,,78,yes,4.99,14.4,12,306,+++,+
721,15.59,female,conservative,uncomplicated,no appendicitis,19.05,173,57,3,8,6,no,,yes,yes,yes,no,yes,no,38.5,7.6,84,,yes,4.75,13.9,13.1,151,+++,+++
722,10.16,female,conservative,uncomplicated,no appendicitis,21.02,142.2,42.5,2,9,6,no,,yes,yes,yes,no,yes,no,37.4,15,72.5,,no,4.73,12.5,12.9,318,no,no
723,6.79,male,conservative,uncomplicated,appendicitis,18.6,129,31,3,7,8,yes,6,no,yes,no,yes,no,yes,37.3,16.3,81.1,,yes,5.21,13.6,13.2,331,+,no
724,8.47,male,conservative,uncomplicated,no appendicitis,21,138,40,2,7,6,no,,no,yes,no,no,yes,yes,36.9,17.7,89.6,,yes,6.44,15,15,317,+++,no
725,13.93,male,primary surgical,uncomplicated,appendicitis,28.39,172,84,3,,,,,,,,,,,,5.4,,,,5.23,15.5,13.2,260,,
726,16.77,female,conservative,uncomplicated,appendicitis,25.4,166,70,3,5,4,yes,10,no,yes,no,no,no,no,37,17.4,81,,yes,4.61,13.4,12.7,343,,
727,13.38,male,conservative,uncomplicated,appendicitis,17.7,163,47,3,9,8,yes,9,yes,yes,no,no,yes,yes,37.7,12.3,79.6,,yes,4.42,12.9,12.6,305,no,no
728,11.5,male,secondary surgical,complicated,appendicitis,15.39,154,36.5,6,9,8,yes,10,no,yes,yes,yes,yes,yes,37.4,20,85.5,,yes,4.83,13.4,12.1,266,,
729,11.05,male,conservative,uncomplicated,no appendicitis,33.3,145,69.8,3,5,3,no,,no,no,yes,no,yes,yes,36.6,12,50.5,,no,4.54,13.2,12.2,531,no,no
730,17.79,female,conservative,uncomplicated,appendicitis,17.8,164,48,4,6,5,yes,6,no,yes,no,no,no,no,37.5,15.5,81.8,,yes,4.79,13.9,12.2,176,no,no
731,13.73,male,primary surgical,complicated,appendicitis,16.9,190,61,7,7,6,no,,no,yes,no,no,yes,yes,37.2,18.3,82.1,,yes,4.38,12,14.7,356,,
732,11.11,male,conservative,uncomplicated,no appendicitis,23.12,158.4,58,4,6,6,no,,yes,yes,no,no,yes,yes,38.6,8.6,73.7,,no,4.78,12.5,14.5,186,+++,no
733,10.3,male,conservative,uncomplicated,appendicitis,18.87,149.2,42,3,3,4,yes,6.7,no,yes,yes,yes,no,no,37.2,9.1,66.3,,no,4.27,11.8,13.2,226,,
734,15.29,female,conservative,uncomplicated,no appendicitis,21.97,167.6,61.7,3,4,6,no,,no,yes,no,yes,yes,yes,36.8,5.7,61.5,,no,5.19,12.8,14.2,249,no,no
735,4.94,female,primary surgical,complicated,appendicitis,15.28,120,22,5,8,9,no,,no,yes,,yes,yes,yes,38.2,23.8,77,,yes,4.58,11.8,13,187,,
736,14.61,male,conservative,uncomplicated,no appendicitis,11.03,188,39,3,6,5,yes,3.5,no,yes,no,no,yes,no,36.8,10.5,76.7,,yes,4.74,13.6,12.9,174,no,no
737,10.93,male,conservative,uncomplicated,no appendicitis,18.4,137.5,35,3,3,3,yes,6,yes,yes,no,no,no,no,36.5,6.8,51,,no,5.13,14,13.3,338,no,no
738,8.09,male,conservative,uncomplicated,appendicitis,16.1,127,25.5,2,7,6,yes,7,yes,yes,no,no,no,yes,37.2,21.09,82,,yes,5.01,13.7,,370,+++,+++
739,8.98,female,conservative,uncomplicated,no appendicitis,19.4,140,38.5,3,5,6,no,,no,yes,yes,yes,yes,yes,36.7,10,69.1,,no,4.77,12.7,12.6,337,no,no
740,15.9,female,conservative,uncomplicated,appendicitis,,,54,3,4,4,yes,6.5,no,yes,no,no,yes,yes,37,5.4,54,,no,4.91,14.6,13.6,225,no,++
741,12.56,male,conservative,uncomplicated,appendicitis,24.82,175,76,3,4,4,yes,7,yes,yes,no,no,no,no,37.4,7,,68,no,5.5,15.1,13.1,361,,
742,11.24,male,primary surgical,complicated,appendicitis,21.49,151,49,8,10,9,yes,12,yes,yes,yes,yes,yes,yes,37.8,24.3,80.3,,yes,4.57,13.2,11.7,355,+++,+++
743,16.28,female,conservative,uncomplicated,no appendicitis,20.5,174,62.2,3,,,no,,no,yes,no,yes,no,yes,36.6,8.2,,,,4.14,11.7,12.7,225,no,no
744,7.24,male,conservative,uncomplicated,no appendicitis,13.95,136.5,26,4,5,4,no,,no,yes,no,no,no,no,38.2,11.4,,62,no,4.96,14.1,12.6,303,no,no
745,11.51,male,primary surgical,uncomplicated,appendicitis,18.17,146.5,39,4,2,2,yes,8,no,yes,no,no,no,no,36.8,9.3,70,,no,4.64,13.2,12.7,291,no,no
746,13.98,male,conservative,uncomplicated,appendicitis,20.6,172,60.9,3,5,4,yes,7,yes,yes,yes,no,no,no,36.7,8.36,79.8,,yes,4.84,14.9,14.6,247,,
747,11.29,female,conservative,uncomplicated,no appendicitis,22.3,160,57,2,2,1,no,,no,no,no,no,no,no,36.9,11.1,70.3,,no,4.76,11.9,13.5,339,,
748,14.86,male,conservative,uncomplicated,no appendicitis,24.62,178,78,3,9,7,no,,no,yes,yes,no,yes,yes,39.5,11,80.9,,yes,4.63,13.1,13.5,239,,
749,8.94,male,primary surgical,uncomplicated,appendicitis,14.91,138.5,28.6,3,4,3,yes,8.7,no,yes,no,no,no,no,36.5,13.7,71,,no,5.21,13.7,13.7,290,,
750,15.79,female,conservative,uncomplicated,no appendicitis,23,160,59,3,6,7,yes,5,yes,yes,yes,yes,yes,yes,36.3,5.1,53,,no,5.01,13.6,14.7,173,no,+
751,10.45,male,conservative,uncomplicated,no appendicitis,16.9,145.5,35.5,3,,,yes,6,no,yes,no,no,no,no,37,6.1,,,,4.98,14,12.4,233,+,no
752,12.46,male,primary surgical,uncomplicated,appendicitis,19.29,161,50,5,9,8,yes,9,no,yes,yes,yes,yes,yes,37.7,14.3,84.5,,,4.59,13.1,12.5,241,+++,no
753,16.86,female,conservative,uncomplicated,no appendicitis,35.4,154,84,3,4,4,no,,no,yes,no,no,yes,no,37.4,7.2,68.3,,no,4.62,12,13.6,221,no,no
754,17.3,male,conservative,uncomplicated,no appendicitis,22.7,173,68,3,3,4,yes,4,no,yes,yes,yes,no,no,36.6,5,,39,no,4.83,14.3,12,168,,
755,10.58,female,conservative,uncomplicated,appendicitis,18.6,152,43,3,8,6,yes,9,no,yes,yes,no,yes,yes,36,13.4,84.1,,yes,4.96,13.6,12.4,250,+,no
756,8.15,male,primary surgical,uncomplicated,appendicitis,15.87,128,26,8,2,4,yes,6.5,no,yes,no,yes,no,no,37.2,9.4,62.9,,no,4.93,13.2,14.4,372,,
757,5.18,male,conservative,uncomplicated,no appendicitis,13.31,113,17,3,6,5,no,,no,yes,no,no,yes,no,38.8,9.5,83.1,,yes,4.82,13.3,13.3,366,+++,+
758,4.69,female,primary surgical,uncomplicated,appendicitis,14.55,105.5,16.2,3,7,5,no,,no,yes,no,no,yes,yes,37.5,14.5,67,,no,4.54,10.6,15.2,326,no,no
759,8.58,male,primary surgical,uncomplicated,appendicitis,17.48,131,30,4,5,4,yes,8,no,yes,no,no,no,yes,36.2,11.7,64,,no,4.87,13.6,13,263,no,+
760,4.71,male,conservative,uncomplicated,no appendicitis,13.29,108,15.5,3,9,6,no,,no,yes,yes,no,yes,yes,37.4,19.9,75.2,,yes,4.89,12.7,14.9,437,,
761,10.18,male,primary surgical,uncomplicated,appendicitis,38.16,151,87,4,8,7,yes,7.3,no,yes,yes,yes,no,no,38.2,15.1,81,,yes,5.12,14,12.1,267,+++,no
762,15.32,female,conservative,uncomplicated,no appendicitis,21.93,154,52,3,5,6,yes,5,no,yes,no,yes,no,no,36.8,10.1,78.6,,yes,5.01,13.6,12.7,361,no,no
763,11.27,female,conservative,uncomplicated,appendicitis,15.98,156.2,39,3,4,2,yes,9.1,no,yes,no,no,no,no,37.5,8.9,57.7,,no,4.87,13.8,12.7,297,+++,no
764,11.42,male,primary surgical,uncomplicated,appendicitis,14.54,140,28.5,4,8,6,yes,8,no,yes,yes,no,yes,yes,35.9,25.3,84.2,,yes,4.84,13.9,12.1,296,+,no
765,17.05,female,primary surgical,uncomplicated,appendicitis,24.51,169,70,5,7,6,yes,8,yes,yes,no,no,yes,no,38,11.2,67.7,,no,4.05,13.3,11.8,243,no,no
766,8.73,female,conservative,uncomplicated,appendicitis,14.9,132,26,3,4,3,yes,6,yes,yes,yes,no,no,no,36.6,8.1,62,,no,4.47,12.9,11.8,210,no,no
767,7.71,female,conservative,uncomplicated,appendicitis,21.3,130,36,3,5,3,yes,8,no,yes,yes,no,no,no,36.8,15.4,64.5,,no,4.59,11.8,13.3,301,no,++
768,8.5,male,conservative,uncomplicated,appendicitis,19.4,140,38,3,8,7,yes,6.2,no,yes,no,no,yes,yes,37.6,12.2,83.3,,yes,5.05,13.7,12,286,no,no
769,11.87,female,conservative,uncomplicated,appendicitis,16.89,151,38.5,2,4,4,yes,7,no,yes,no,no,yes,no,39.2,9.7,70.8,,no,4.75,13.1,12.4,229,no,no
770,16.25,female,secondary surgical,uncomplicated,appendicitis,31.38,174,95,4,6,5,yes,14,no,yes,no,no,yes,yes,35.8,15.2,64.3,,no,5.07,14,13,347,+,+++
771,5.83,male,primary surgical,complicated,appendicitis,,,20.5,8,7,7,no,,no,yes,,yes,no,yes,39,18.5,81.9,,yes,4.4,11.4,13.3,171,+++,no
772,14.55,male,primary surgical,uncomplicated,appendicitis,18.31,184,62,4,5,4,no,,no,yes,no,no,no,no,39.4,13.8,67.7,,no,5.32,15.1,13.6,171,,
773,11.96,female,conservative,uncomplicated,no appendicitis,15.9,144,33,2,3,5,no,,no,yes,no,yes,no,no,37.3,6.7,48.4,,no,4.23,11.7,12.3,199,,
774,7.42,female,primary surgical,complicated,appendicitis,,,25,5,8,6,no,,no,yes,no,no,yes,yes,37.8,21.8,89.4,,yes,5.24,14.8,12.7,546,,
775,11.25,male,conservative,uncomplicated,no appendicitis,20.25,161,52.5,3,,,no,,no,yes,no,no,no,no,36.9,5.7,,,,,,,,,
776,7.02,male,conservative,uncomplicated,no appendicitis,10.9,132,19,2,8,7,yes,4,no,yes,no,no,yes,yes,38.2,19.9,93.8,,yes,4.47,11.9,13.6,340,+++,no
777,14.97,female,conservative,uncomplicated,no appendicitis,20.57,165,56,3,3,3,yes,5,yes,yes,no,no,no,no,37.1,8.2,56,,no,4.72,14.2,11.8,283,no,no
778,9.14,male,primary surgical,complicated,appendicitis,15.25,135.5,28,7,8,7,yes,12,no,yes,no,no,yes,yes,38.6,20.3,91,,yes,4.93,13.6,13.2,366,+++,+
779,10.65,male,conservative,uncomplicated,no appendicitis,18.11,140,35.5,3,5,5,yes,5.5,no,yes,no,yes,no,no,37.8,15.7,67.1,,no,4.8,13.9,13.2,292,no,no
780,12.92,female,conservative,uncomplicated,appendicitis,19.14,164.5,51.8,3,3,5,yes,7,no,yes,no,yes,no,yes,37.2,6.4,38.7,,no,4.61,13.8,12.4,245,no,no
781,18.36,female,secondary surgical,uncomplicated,appendicitis,,,,4,8,7,no,,yes,yes,yes,no,yes,yes,36.2,10.3,59.9,,no,4.26,12.3,13.1,248,no,no
782,8.38,female,primary surgical,uncomplicated,appendicitis,14.52,132.5,25.5,3,8,6,yes,6,no,yes,yes,no,yes,no,39.2,12.4,81.8,,yes,4.4,12,13.1,305,,
