portfolio_row_id,Room_Occupancy_Count,Date,Time,S1_Temp,S2_Temp,S3_Temp,S4_Temp,S1_Light,S2_Light,S3_Light,S4_Light,S1_Sound,S2_Sound,S3_Sound,S4_Sound,S5_CO2,S5_CO2_Slope,S6_PIR,S7_PIR
1,0,2017/12/23,06:39:51,25.06,25.06,24.44,25.38,0,0,0,0,0.08,0.05,0.07,0.05,355,0.0,0,0
2,0,2017/12/26,06:48:04,25.19,25.19,24.63,25.38,0,0,0,0,0.08,0.05,0.06,0.11,350,-0.0692307692308,0,0
3,0,2017/12/25,14:09:52,25.38,25.38,25.31,26.0,19,23,81,59,0.07,0.05,0.05,0.1,355,0.0,0,0
4,0,2017/12/26,06:24:04,25.19,25.19,24.63,25.44,0,0,0,0,0.07,0.05,0.06,0.1,355,0.0,0,0
5,0,2017/12/23,23:16:30,25.5,25.5,25.0,25.63,0,0,0,0,0.06,0.05,0.05,0.06,380,0.0,0,0
6,0,2017/12/24,07:23:06,25.13,25.13,24.5,25.38,1,1,10,6,0.07,0.05,0.07,0.07,355,0.0307692307692,0,0
7,0,2017/12/23,21:28:16,25.69,25.69,25.31,25.81,0,0,0,0,0.07,0.05,0.06,0.06,630,-2.33461538462,0,0
8,0,2017/12/23,07:31:56,25.06,25.06,24.44,25.38,2,2,12,7,0.08,0.05,0.07,0.05,355,0.0115384615385,0,0
9,0,2017/12/23,01:03:22,25.31,25.38,24.88,25.75,0,0,0,0,0.07,0.05,0.06,0.06,370,-0.242307692308,0,0
10,0,2017/12/22,23:58:01,25.38,25.44,25.0,25.75,0,0,0,0,0.07,0.05,0.06,0.06,380,0.0,0,0
11,0,2017/12/26,00:49:08,25.38,25.38,24.94,25.81,0,0,0,0,0.08,0.05,0.06,0.09,355,0.0,0,0
12,3,2017/12/23,18:05:03,26.25,26.19,25.88,26.31,150,235,185,10,0.38,0.5,0.94,0.63,895,3.81538461538,0,0
13,0,2017/12/25,20:51:42,25.44,25.44,25.06,25.94,0,0,0,0,0.08,0.05,0.06,0.09,355,-0.107692307692,0,0
14,0,2017/12/26,03:06:28,25.31,25.31,24.88,25.75,0,0,0,0,0.08,0.05,0.06,0.1,355,0.0,0,0
15,0,2017/12/26,00:43:00,25.38,25.38,25.0,25.81,0,0,0,0,0.07,0.04,0.07,0.09,355,0.0,0,0
16,0,2017/12/23,20:58:39,25.88,25.75,25.44,26.06,0,0,0,0,0.07,0.05,0.06,0.07,750,-2.02692307692,0,0
17,0,2018/01/10,19:06:53,25.63,25.69,25.38,25.75,0,0,0,0,0.09,0.04,0.06,0.08,615,-1.13846153846,0,0
18,2,2017/12/22,12:18:32,25.63,28.0,25.13,26.06,156,243,78,60,0.71,0.69,0.25,0.17,630,1.81153846154,1,1
19,0,2017/12/24,01:30:47,25.38,25.38,24.88,25.75,0,0,0,0,0.06,0.05,0.06,0.06,365,0.0,0,0
20,3,2017/12/23,18:06:04,26.25,26.19,25.88,26.38,150,234,185,10,0.6,0.3,0.08,0.09,905,3.85384615385,0,1
21,0,2017/12/23,05:54:24,25.13,25.13,24.5,25.31,0,0,0,0,0.08,0.04,0.07,0.05,355,-0.0346153846154,0,0
22,0,2018/01/11,02:56:07,25.19,25.19,24.69,25.25,0,0,0,0,0.06,0.05,0.05,0.08,345,0.0,0,0
23,0,2018/01/10,19:22:43,25.63,25.63,25.31,25.69,0,0,0,0,0.08,0.04,0.05,0.09,550,-2.04230769231,0,0
24,3,2017/12/22,13:18:16,26.0,28.0,25.69,26.19,164,252,225,70,0.61,0.45,3.65,0.87,850,5.81153846154,1,1
25,0,2017/12/25,13:07:04,25.31,25.31,25.19,26.0,17,20,74,53,0.08,0.04,0.07,0.09,355,0.0,0,0
26,0,2017/12/23,10:32:10,25.13,25.13,24.75,25.63,10,11,50,35,0.08,0.06,0.06,0.06,360,0.138461538462,0,0
27,0,2017/12/23,21:03:15,25.81,25.75,25.44,26.06,0,0,0,0,0.07,0.04,0.06,0.07,730,-2.08461538462,0,0
28,0,2017/12/22,22:59:49,25.5,25.5,25.06,25.88,0,0,0,0,0.07,0.05,0.06,0.06,390,-0.757692307692,0,0
29,0,2017/12/25,17:11:39,25.44,25.44,25.25,26.19,1,1,6,5,0.08,0.06,0.06,0.09,350,0.0,0,0
30,0,2017/12/26,05:30:58,25.19,25.25,24.75,25.56,0,0,0,0,0.07,0.05,0.06,0.1,355,0.0,0,0
31,0,2017/12/24,03:40:59,25.25,25.31,24.75,25.63,0,0,0,0,0.07,0.05,0.05,0.06,360,0.0,0,0
32,0,2017/12/26,05:46:48,25.19,25.25,24.69,25.5,0,0,0,0,0.08,0.05,0.06,0.1,355,0.0,0,0
33,2,2017/12/23,13:26:47,25.94,25.94,25.31,26.25,162,253,81,60,0.77,0.39,0.27,0.18,510,2.31923076923,1,0
34,0,2017/12/23,01:45:14,25.31,25.31,24.88,25.75,0,0,0,0,0.07,0.05,0.06,0.06,370,0.0,0,0
35,0,2018/01/11,04:27:00,25.13,25.19,24.69,25.25,0,0,0,0,0.07,0.05,0.05,0.09,345,0.0,0,0
36,0,2018/01/10,20:21:56,25.5,25.5,25.13,25.63,0,0,0,0,0.08,0.04,0.06,0.08,390,-0.442307692308,0,0
37,0,2018/01/11,00:59:11,25.19,25.25,24.81,25.25,0,0,0,0,0.07,0.05,0.06,0.08,345,0.0,0,0
38,0,2017/12/23,07:44:41,25.06,25.0,24.5,25.38,3,3,16,11,0.09,0.05,0.06,0.06,355,0.00384615384615,0,0
39,0,2017/12/24,01:45:05,25.38,25.38,24.88,25.75,0,0,0,0,0.07,0.05,0.06,0.06,365,0.0,0,0
40,0,2018/01/10,20:28:04,25.5,25.44,25.19,25.56,0,0,0,0,0.07,0.05,0.05,0.08,385,-0.319230769231,0,0
41,0,2017/12/24,08:26:24,25.13,25.13,24.56,25.44,6,6,32,21,0.07,0.05,0.06,0.06,360,0.0,0,0
42,0,2017/12/22,21:20:46,25.69,25.75,25.38,25.88,0,0,0,0,0.07,0.05,0.07,0.06,650,-2.31923076923,0,0
43,0,2017/12/24,07:58:50,25.06,25.13,24.5,25.38,4,5,23,15,0.07,0.05,0.06,0.06,360,0.0307692307692,0,0
44,0,2017/12/24,08:50:24,25.13,25.13,24.63,25.31,6,7,35,22,0.06,0.04,0.06,0.06,360,-0.0346153846154,0,0
45,0,2018/01/10,18:13:47,25.88,26.06,25.56,25.88,0,0,0,0,0.07,0.04,0.06,0.08,800,-1.73846153846,0,0
46,0,2018/01/10,20:18:22,25.5,25.5,25.19,25.63,0,0,0,0,0.08,0.05,0.05,0.09,390,-1.56923076923,0,0
47,3,2017/12/22,13:28:59,26.0,27.75,25.81,26.25,162,247,254,69,0.56,2.61,2.24,0.75,880,1.36538461538,1,1
48,3,2017/12/23,18:19:51,26.25,26.25,25.88,26.38,149,234,185,10,0.21,0.13,0.16,0.1,965,2.11538461538,0,1
49,3,2017/12/23,18:37:13,26.25,26.38,25.88,26.38,150,234,185,10,0.12,0.14,0.29,0.08,1040,2.06923076923,0,0
50,0,2017/12/26,06:33:46,25.19,25.19,24.63,25.44,0,0,0,0,0.07,0.06,0.06,0.1,355,-0.0307692307692,0,0
51,2,2017/12/22,17:31:31,26.25,25.75,25.88,26.31,116,24,177,9,0.55,0.39,1.53,0.39,800,1.95769230769,1,1
52,0,2017/12/23,03:19:11,25.19,25.25,24.75,25.63,0,0,0,0,0.07,0.05,0.06,0.05,365,-0.0538461538462,0,0
53,0,2017/12/23,03:46:15,25.25,25.19,24.69,25.56,0,0,0,0,0.07,0.06,0.06,0.06,360,-0.184615384615,0,0
54,0,2017/12/23,07:31:25,25.06,25.0,24.44,25.31,2,2,11,7,0.08,0.05,0.06,0.06,355,0.0153846153846,0,0
55,0,2017/12/23,08:28:05,25.06,25.0,24.5,25.25,5,6,30,20,0.08,0.05,0.06,0.06,360,0.0,0,0
56,0,2017/12/23,09:21:42,25.06,25.06,24.63,25.31,7,7,36,24,0.08,0.05,0.06,0.06,360,-0.0538461538462,0,0
57,0,2017/12/26,02:43:30,25.31,25.31,24.88,25.69,0,0,0,0,0.07,0.05,0.07,0.1,355,0.0,0,0
58,0,2017/12/26,04:32:15,25.25,25.31,24.81,25.63,0,0,0,0,0.08,0.05,0.06,0.1,355,0.0,0,0
59,0,2017/12/25,14:33:22,25.38,25.44,25.38,26.13,19,23,84,60,0.07,0.06,0.06,0.09,355,0.0,0,0
60,0,2018/01/11,00:05:04,25.25,25.25,24.88,25.38,0,0,0,0,0.08,0.05,0.06,0.08,345,0.0,0,0
61,0,2017/12/23,14:32:39,25.94,26.94,25.5,26.31,14,14,70,50,0.07,0.06,0.06,0.06,605,-0.765384615385,0,0
62,0,2017/12/24,07:27:41,25.13,25.13,24.5,25.44,1,2,11,7,0.07,0.05,0.05,0.06,360,0.0230769230769,0,0
63,0,2017/12/24,05:14:26,25.19,25.25,24.63,25.56,0,0,0,0,0.06,0.05,0.06,0.06,360,0.0192307692308,0,0
64,0,2017/12/26,06:32:45,25.19,25.19,24.63,25.44,0,0,0,0,0.07,0.05,0.06,0.1,355,-0.0538461538462,0,0
65,2,2017/12/23,18:54:35,26.25,26.31,25.94,26.31,113,19,177,7,0.2,0.05,0.42,0.07,1030,-1.4,0,0
66,0,2018/01/10,19:40:04,25.56,25.56,25.19,25.63,0,0,0,0,0.07,0.04,0.06,0.09,495,-1.73076923077,0,0
67,0,2017/12/22,22:35:18,25.5,25.56,25.13,25.88,0,0,0,0,0.08,0.05,0.06,0.06,425,-1.08076923077,0,0
68,0,2017/12/26,01:12:37,25.38,25.38,24.94,25.81,0,0,0,0,0.08,0.06,0.06,0.1,355,0.0,0,0
69,0,2017/12/24,03:14:26,25.31,25.31,24.81,25.69,0,0,0,0,0.06,0.05,0.05,0.07,360,0.0115384615385,0,0
70,0,2017/12/26,04:47:04,25.25,25.25,24.75,25.63,0,0,0,0,0.07,0.05,0.07,0.09,355,0.0,0,0
71,0,2017/12/25,17:58:06,25.44,25.44,25.25,26.06,0,0,0,0,0.08,0.06,0.06,0.1,350,0.0,1,0
72,2,2017/12/23,19:27:15,26.25,26.13,25.94,26.31,114,19,180,7,0.77,0.28,0.22,0.15,1005,-0.511538461538,0,0
73,0,2018/01/10,20:46:27,25.5,25.44,25.06,25.63,0,0,0,0,0.07,0.05,0.06,0.09,380,-0.296153846154,0,0
74,1,2017/12/23,16:30:05,26.06,26.75,25.5,26.31,116,20,24,17,0.06,0.06,0.06,0.08,535,0.95,0,0
75,0,2018/01/10,19:35:59,25.56,25.56,25.25,25.69,0,0,0,0,0.06,0.04,0.05,0.09,495,-1.81923076923,0,0
76,0,2017/12/26,00:35:20,25.38,25.38,24.94,25.81,0,0,0,0,0.07,0.04,0.07,0.1,355,0.0,0,0
77,0,2017/12/26,00:01:08,25.38,25.38,25.0,25.81,0,0,0,0,0.07,0.05,0.06,0.08,355,0.0,0,0
78,0,2017/12/26,02:09:48,25.31,25.31,24.88,25.75,0,0,0,0,0.07,0.05,0.06,0.09,355,0.0,0,0
79,0,2017/12/24,00:27:29,25.38,25.44,24.94,25.63,0,0,0,0,0.07,0.05,0.06,0.06,370,0.0,0,0
80,0,2018/01/11,03:57:53,25.19,25.13,24.69,25.25,0,0,0,0,0.08,0.04,0.05,0.08,345,0.0,0,0
81,0,2017/12/22,14:59:22,25.88,26.06,25.75,26.31,14,18,82,51,0.08,0.04,0.07,0.07,715,-2.74230769231,0,0
82,0,2017/12/24,00:57:06,25.44,25.44,24.94,25.69,0,0,0,0,0.07,0.04,0.07,0.06,365,-0.153846153846,0,0
83,0,2017/12/23,10:49:01,25.13,25.13,24.81,25.69,10,12,51,35,0.08,0.05,0.06,0.06,360,0.0269230769231,0,0
84,0,2017/12/25,18:27:13,25.44,25.44,25.19,26.0,0,0,0,0,0.07,0.05,0.06,0.11,355,-0.0615384615385,0,0
85,0,2017/12/24,08:37:08,25.13,25.13,24.56,25.38,6,7,34,23,0.07,0.05,0.06,0.07,360,0.0,0,0
86,0,2018/01/11,08:45:52,25.13,25.06,24.63,25.13,6,7,33,22,0.08,0.05,0.06,0.1,345,0.0,0,0
87,0,2017/12/26,05:08:00,25.25,25.25,24.75,25.56,0,0,0,0,0.08,0.05,0.06,0.1,355,0.0,0,0
88,0,2017/12/25,14:35:24,25.38,25.38,25.38,26.13,19,23,83,60,0.08,0.05,0.07,0.1,355,0.0,0,0
89,0,2017/12/26,03:04:26,25.31,25.31,24.88,25.75,0,0,0,0,0.08,0.05,0.06,0.1,355,0.0,0,0
90,0,2018/01/11,08:05:31,25.13,25.06,24.56,25.13,5,5,24,17,0.08,0.05,0.05,0.09,345,0.0,0,0
91,0,2018/01/10,21:39:02,25.31,25.38,25.06,25.56,0,0,0,0,0.07,0.05,0.06,0.08,365,-0.161538461538,0,0
92,0,2017/12/24,08:03:56,25.06,25.13,24.5,25.44,5,5,25,17,0.07,0.05,0.06,0.06,360,0.0,0,0
93,0,2017/12/24,06:28:28,25.13,25.19,24.56,25.44,0,0,0,0,0.06,0.05,0.06,0.06,355,-0.146153846154,0,0
94,0,2017/12/22,22:47:03,25.5,25.5,25.06,25.88,0,0,0,0,0.06,0.05,0.06,0.06,410,-0.869230769231,0,0
95,2,2017/12/23,12:59:13,25.75,25.63,25.25,26.06,160,251,81,60,1.46,1.59,0.69,0.69,390,0.380769230769,1,1
96,0,2017/12/24,04:33:04,25.25,25.25,24.69,25.56,0,0,0,0,0.06,0.05,0.05,0.07,360,0.0,0,0
97,0,2017/12/23,02:40:23,25.25,25.31,24.75,25.69,0,0,0,0,0.07,0.05,0.06,0.07,365,0.0,0,0
98,2,2017/12/23,13:14:01,25.88,25.81,25.31,26.19,160,248,79,59,0.17,0.45,0.16,0.07,445,2.25769230769,1,0
99,0,2017/12/24,04:00:54,25.25,25.25,24.69,25.63,0,0,0,0,0.07,0.05,0.06,0.06,360,0.0,0,0
100,0,2018/01/10,22:08:08,25.38,25.38,25.0,25.5,0,0,0,0,0.07,0.04,0.05,0.09,355,-0.119230769231,0,0
101,1,2017/12/23,12:34:11,25.63,25.38,25.19,26.06,123,38,68,49,0.27,0.11,0.12,0.07,375,0.276923076923,0,0
102,0,2017/12/23,06:53:38,25.06,25.06,24.44,25.31,0,0,1,1,0.08,0.05,0.06,0.06,355,0.00384615384615,0,0
103,0,2017/12/23,23:56:51,25.38,25.44,24.94,25.56,0,0,0,0,0.07,0.05,0.06,0.06,370,-0.288461538462,0,0
104,2,2017/12/23,13:49:15,26.06,26.94,25.44,26.31,161,249,83,62,0.62,1.19,0.42,0.28,575,2.68461538462,1,0
105,3,2017/12/22,13:24:23,26.0,27.88,25.75,26.19,164,253,272,71,1.24,0.17,0.61,0.23,860,1.08461538462,1,1
106,1,2017/12/23,16:18:51,26.06,26.81,25.56,26.31,117,21,27,20,0.17,0.06,0.06,0.06,505,1.61153846154,0,0
107,0,2018/01/10,22:19:22,25.31,25.38,24.94,25.44,0,0,0,0,0.07,0.05,0.05,0.1,355,-0.0461538461538,0,0
108,0,2018/01/11,02:35:41,25.19,25.19,24.69,25.25,0,0,0,0,0.08,0.04,0.06,0.08,345,0.0,0,0
109,0,2018/01/11,06:01:27,25.13,25.06,24.56,25.19,0,0,0,0,0.08,0.04,0.06,0.09,345,0.0,0,0
110,0,2017/12/26,03:18:44,25.31,25.31,24.81,25.69,0,0,0,0,0.08,0.05,0.06,0.09,355,0.0,0,0
111,0,2017/12/26,04:55:14,25.25,25.25,24.75,25.63,0,0,0,0,0.07,0.05,0.07,0.1,355,0.0,0,0
112,0,2017/12/24,01:36:24,25.38,25.38,24.88,25.75,0,0,0,0,0.06,0.05,0.06,0.07,365,0.0,0,0
113,3,2018/01/10,16:51:04,25.88,26.06,25.75,25.88,3,4,20,13,0.37,0.33,0.14,0.12,740,2.57692307692,1,0
114,0,2017/12/23,21:35:25,25.69,25.63,25.31,25.88,0,0,0,0,0.06,0.05,0.07,0.07,590,-2.93846153846,0,0
115,3,2018/01/10,17:01:47,25.88,26.13,25.75,25.94,142,232,183,25,0.19,0.27,0.1,0.09,780,1.66538461538,1,1
116,1,2017/12/23,16:26:30,26.06,26.81,25.5,26.31,117,21,25,18,0.12,0.11,0.06,0.06,530,1.25384615385,0,0
117,0,2018/01/11,02:35:11,25.19,25.19,24.75,25.31,0,0,0,0,0.07,0.05,0.06,0.08,345,0.0,0,0
118,0,2017/12/23,01:00:49,25.38,25.38,24.94,25.75,0,0,0,0,0.07,0.05,0.06,0.06,370,-0.219230769231,0,0
119,0,2017/12/26,00:19:31,25.38,25.38,24.94,25.81,0,0,0,0,0.08,0.05,0.06,0.1,355,0.0,0,0
120,3,2017/12/22,13:25:25,26.0,27.88,25.81,26.19,164,253,270,70,0.15,0.14,0.07,0.07,860,0.880769230769,0,1
121,2,2017/12/23,19:03:46,26.25,26.25,25.94,26.31,114,19,180,7,0.07,0.13,0.11,0.06,1030,0.338461538462,1,0
122,0,2017/12/23,10:51:03,25.13,25.13,24.81,25.75,11,12,53,36,0.08,0.05,0.06,0.06,360,0.0846153846154,0,0
123,0,2017/12/23,00:34:47,25.38,25.38,24.94,25.69,0,0,0,0,0.07,0.05,0.07,0.07,375,0.0,0,0
124,0,2017/12/23,00:52:08,25.38,25.38,24.88,25.81,0,0,0,0,0.07,0.06,0.06,0.05,375,0.0,0,0
125,0,2017/12/23,00:03:38,25.38,25.38,25.0,25.81,0,0,0,0,0.07,0.06,0.06,0.06,380,0.0,0,0
126,0,2017/12/23,09:23:45,25.06,25.06,24.63,25.38,6,7,35,23,0.08,0.06,0.06,0.06,360,-0.0230769230769,0,0
127,0,2017/12/25,13:29:32,25.31,25.31,25.19,26.0,17,20,73,53,0.07,0.06,0.06,0.1,355,0.0,0,0
128,0,2017/12/23,14:38:16,25.88,27.0,25.5,26.38,14,15,71,52,0.07,0.06,0.06,0.07,565,-3.29615384615,0,0
129,0,2017/12/25,23:22:20,25.38,25.38,25.0,25.81,0,0,0,0,0.08,0.06,0.06,0.11,355,0.0,0,0
130,0,2017/12/24,05:58:51,25.19,25.19,24.56,25.5,0,0,0,0,0.07,0.05,0.07,0.06,360,-0.0230769230769,0,0
131,0,2017/12/26,05:22:48,25.25,25.25,24.69,25.56,0,0,0,0,0.08,0.04,0.05,0.11,355,0.0,0,0
132,0,2017/12/26,02:52:41,25.31,25.31,24.81,25.69,0,0,0,0,0.08,0.05,0.07,0.1,355,0.0,0,0
133,0,2017/12/22,22:45:00,25.5,25.56,25.13,25.88,0,0,0,0,0.06,0.04,0.05,0.06,410,-1.05384615385,0,0
134,3,2018/01/10,15:56:57,25.69,26.38,25.56,25.75,9,9,33,30,0.43,0.27,0.1,0.15,425,2.44230769231,1,1
135,0,2018/01/11,08:16:15,25.13,25.06,24.63,25.13,5,6,29,20,0.08,0.05,0.06,0.08,345,0.0,0,0
136,0,2017/12/26,04:14:23,25.25,25.31,24.75,25.63,0,0,0,0,0.07,0.05,0.07,0.1,355,0.0,0,0
137,0,2017/12/26,00:49:38,25.38,25.38,24.94,25.88,0,0,0,0,0.08,0.04,0.06,0.1,355,0.0,0,0
138,0,2018/01/11,00:11:42,25.25,25.25,24.88,25.38,0,0,0,0,0.07,0.04,0.05,0.08,345,0.0,0,0
139,0,2017/12/24,00:46:53,25.44,25.44,24.94,25.69,0,0,0,0,0.08,0.04,0.06,0.06,370,-0.0230769230769,0,0
140,0,2018/01/11,01:00:12,25.19,25.25,24.81,25.31,0,0,0,0,0.08,0.04,0.06,0.09,345,0.0,0,0
141,1,2017/12/23,16:16:48,26.06,26.81,25.5,26.38,118,22,28,20,2.02,0.15,0.11,0.11,505,1.39615384615,0,0
142,2,2017/12/22,11:33:05,25.38,25.31,24.88,25.75,157,242,68,53,0.23,0.32,0.13,0.11,450,0.688461538462,0,0
143,0,2017/12/26,00:36:22,25.31,25.38,24.94,25.81,0,0,0,0,0.08,0.05,0.05,0.09,355,0.0,0,0
144,0,2018/01/10,20:45:26,25.5,25.44,25.13,25.63,0,0,0,0,0.08,0.05,0.06,0.09,380,-0.3,0,0
145,0,2018/01/11,06:04:31,25.13,25.13,24.56,25.19,0,0,0,0,0.08,0.04,0.05,0.09,345,0.0,0,0
146,3,2018/01/10,16:54:08,25.88,26.06,25.75,25.94,3,3,18,11,0.12,0.05,0.08,0.09,760,2.93461538462,0,0
147,3,2017/12/22,13:39:42,26.06,27.19,25.88,26.31,165,254,278,72,1.09,1.45,2.84,0.47,870,-0.911538461538,1,1
148,0,2017/12/25,18:41:30,25.44,25.44,25.13,26.06,0,0,0,0,0.08,0.05,0.07,0.1,355,0.103846153846,0,0
149,3,2017/12/22,13:59:37,26.13,27.19,26.0,26.38,165,256,279,72,0.1,0.05,0.07,0.07,935,1.69230769231,0,0
150,0,2017/12/23,10:48:30,25.13,25.13,24.81,25.69,10,12,51,35,0.15,0.15,0.17,0.07,360,0.0538461538462,0,0
151,0,2017/12/24,07:49:39,25.06,25.13,24.56,25.38,4,4,19,13,0.07,0.04,0.06,0.06,360,0.00769230769231,0,0
152,0,2017/12/25,13:21:22,25.31,25.31,25.25,26.0,17,21,75,54,0.15,0.11,0.1,0.1,355,0.0,0,0
153,0,2017/12/25,21:55:01,25.38,25.44,25.06,25.88,0,0,0,0,0.07,0.06,0.06,0.1,355,-0.0615384615385,0,0
154,3,2017/12/22,13:50:26,26.06,27.0,26.0,26.31,164,254,274,70,1.2,0.28,0.22,0.11,910,1.44615384615,1,1
155,0,2017/12/25,21:52:28,25.38,25.44,25.06,25.81,0,0,0,0,0.08,0.05,0.06,0.1,355,-0.05,0,0
156,0,2017/12/23,03:21:44,25.19,25.25,24.75,25.63,0,0,0,0,0.07,0.05,0.06,0.06,365,-0.0307692307692,0,0
157,0,2017/12/23,03:39:37,25.25,25.19,24.69,25.5,0,0,0,0,0.08,0.05,0.06,0.05,365,-0.0346153846154,0,0
158,0,2017/12/24,01:36:55,25.38,25.38,24.88,25.75,0,0,0,0,0.07,0.05,0.06,0.06,365,0.0,0,0
159,0,2017/12/22,20:09:17,26.0,26.19,25.75,26.19,0,0,0,0,0.07,0.05,0.06,0.08,1005,-3.22692307692,0,0
160,0,2017/12/25,21:48:23,25.38,25.44,25.06,25.88,0,0,0,0,0.08,0.05,0.06,0.1,355,0.0230769230769,0,0
161,0,2018/01/11,07:09:22,25.06,25.06,24.56,25.13,0,0,4,2,0.07,0.06,0.06,0.08,345,0.0,0,0
162,0,2017/12/24,00:16:15,25.44,25.44,25.0,25.69,0,0,0,0,0.07,0.05,0.06,0.06,370,0.0,0,0
163,3,2017/12/23,18:25:59,26.25,26.31,25.94,26.31,149,234,185,10,0.09,0.21,0.08,0.07,990,2.11538461538,0,0
164,0,2018/01/11,00:28:02,25.25,25.25,24.81,25.31,0,0,0,0,0.07,0.05,0.05,0.08,345,0.0,0,0
165,0,2017/12/26,04:41:27,25.25,25.25,24.75,25.63,0,0,0,0,0.07,0.05,0.06,0.09,355,0.0,0,0
166,0,2017/12/23,02:32:44,25.31,25.31,24.81,25.69,0,0,0,0,0.07,0.06,0.05,0.05,365,0.0,0,0
167,0,2017/12/23,14:31:07,25.94,26.94,25.5,26.31,14,14,67,49,0.09,0.09,0.1,0.07,615,-0.242307692308,0,0
168,0,2017/12/25,12:03:15,25.19,25.19,25.0,25.81,16,19,71,52,0.08,0.09,0.06,0.1,355,0.0,0,0
169,0,2017/12/25,17:41:15,25.44,25.44,25.25,26.06,0,0,1,1,0.08,0.05,0.06,0.1,350,-7.69801162017e-19,0,0
170,0,2018/01/10,22:58:41,25.31,25.31,24.94,25.38,0,0,0,0,0.07,0.04,0.05,0.09,345,-0.265384615385,0,0
171,0,2017/12/25,12:32:21,25.25,25.25,25.13,25.88,17,20,75,53,0.07,0.05,0.06,0.1,355,0.0,0,0
172,3,2017/12/23,18:08:37,26.25,26.25,25.88,26.38,150,234,185,10,0.08,0.15,0.08,0.07,915,4.06538461538,0,0
173,0,2017/12/24,03:46:36,25.25,25.31,24.75,25.63,0,0,0,0,0.07,0.04,0.06,0.06,360,0.0,0,0
174,0,2018/01/11,01:54:20,25.19,25.19,24.75,25.31,0,0,0,0,0.07,0.05,0.06,0.08,345,0.0,0,0
175,2,2017/12/23,13:07:53,25.81,25.75,25.31,26.19,159,249,74,54,1.14,0.32,0.21,0.08,415,1.12692307692,1,0
176,0,2017/12/24,00:23:54,25.44,25.44,24.94,25.69,0,0,0,0,0.07,0.05,0.06,0.06,370,0.0,0,0
177,2,2018/01/10,17:29:22,25.94,26.19,25.88,25.94,146,231,171,20,0.37,0.39,0.81,0.14,840,1.65769230769,1,0
178,0,2017/12/25,20:18:31,25.44,25.5,25.06,25.94,0,0,0,0,0.07,0.05,0.07,0.11,355,-0.0461538461538,0,0
179,0,2017/12/26,06:39:54,25.19,25.19,24.63,25.38,0,0,0,0,0.08,0.06,0.06,0.09,350,0.00769230769231,0,0
180,2,2017/12/23,13:44:08,26.0,26.06,25.44,26.31,161,250,83,62,0.31,0.69,0.15,0.15,560,4.87307692308,0,0
181,0,2017/12/24,08:02:55,25.06,25.13,24.5,25.44,5,5,24,16,0.07,0.05,0.06,0.06,360,0.0,0,0
182,0,2018/01/10,20:04:35,25.5,25.5,25.19,25.63,0,0,0,0,0.07,0.05,0.06,0.09,420,-1.45769230769,0,0
183,0,2017/12/25,19:44:49,25.44,25.5,25.13,26.0,0,0,0,0,0.08,0.05,0.07,0.1,355,0.126923076923,0,0
184,0,2017/12/26,00:15:26,25.38,25.38,24.94,25.88,0,0,0,0,0.07,0.05,0.06,0.1,355,0.0,0,0
185,0,2017/12/25,22:18:00,25.38,25.44,25.06,25.88,0,0,0,0,0.07,0.05,0.06,0.1,355,0.0,0,0
186,2,2017/12/22,16:50:09,26.13,25.75,25.69,26.31,116,26,186,19,0.23,0.08,0.11,0.08,675,2.13461538462,0,1
187,0,2017/12/22,23:43:13,25.44,25.44,25.0,25.75,0,0,0,0,0.07,0.05,0.06,0.06,380,-0.192307692308,0,0
188,0,2017/12/23,08:46:28,25.06,25.06,24.56,25.31,6,6,33,22,0.07,0.05,0.06,0.06,360,0.0,0,0
189,0,2017/12/22,23:18:12,25.44,25.5,25.06,25.75,0,0,0,0,0.06,0.05,0.06,0.06,385,-0.211538461538,0,0
190,0,2017/12/25,15:26:58,25.44,25.44,25.38,26.13,11,14,56,41,0.08,0.06,0.06,0.11,355,0.0,0,0
191,0,2018/01/11,00:15:17,25.25,25.25,24.81,25.31,0,0,0,0,0.07,0.05,0.05,0.08,345,0.0,0,0
192,0,2017/12/24,02:37:10,25.31,25.38,24.81,25.69,0,0,0,0,0.07,0.05,0.06,0.07,365,0.0115384615385,0,0
193,0,2017/12/23,22:16:15,25.56,25.56,25.19,25.75,0,0,0,0,0.07,0.05,0.06,0.06,450,-2.06153846154,0,0
194,0,2017/12/25,13:22:54,25.31,25.31,25.25,26.06,17,20,75,54,0.08,0.05,0.06,0.1,355,0.0,0,0
195,0,2017/12/23,15:18:05,25.75,26.81,25.5,26.25,10,10,54,40,0.08,0.06,0.06,0.07,460,-1.48846153846,0,0
196,0,2018/01/10,19:53:51,25.5,25.5,25.19,25.63,0,0,0,0,0.07,0.05,0.05,0.09,445,-1.66153846154,0,0
197,2,2017/12/22,16:51:41,26.19,25.75,25.75,26.31,116,26,185,18,0.49,0.56,0.32,0.4,680,2.48846153846,0,1
198,0,2017/12/23,00:46:31,25.38,25.38,24.94,25.69,0,0,0,0,0.07,0.05,0.07,0.06,375,0.0,0,0
199,0,2017/12/23,02:52:08,25.31,25.25,24.81,25.63,0,0,0,0,0.07,0.05,0.06,0.06,365,0.0,0,0
200,2,2018/01/10,17:27:19,25.94,26.13,25.88,25.94,146,231,172,20,0.37,0.44,1.26,0.22,835,0.507692307692,1,1
201,0,2017/12/25,17:56:04,25.44,25.44,25.25,26.06,0,0,0,0,0.08,0.05,0.05,0.09,350,0.0,0,0
202,0,2017/12/26,03:41:42,25.31,25.31,24.81,25.69,0,0,0,0,0.08,0.05,0.07,0.1,355,0.0,0,0
203,1,2017/12/23,15:48:43,25.94,26.81,25.5,26.25,121,25,45,33,0.21,0.06,0.09,0.06,430,0.946153846154,0,0
204,0,2017/12/25,14:29:47,25.38,25.44,25.31,26.13,20,24,85,62,0.08,0.05,0.06,0.11,355,0.0,0,0
205,0,2018/01/11,02:25:29,25.19,25.19,24.75,25.25,0,0,0,0,0.07,0.05,0.06,0.09,345,0.0,0,0
206,0,2017/12/23,04:37:18,25.19,25.19,24.63,25.44,0,0,0,0,0.08,0.05,0.06,0.06,360,0.0,0,0
207,0,2017/12/25,16:22:38,25.44,25.44,25.38,26.13,5,5,27,20,0.08,0.05,0.07,0.11,350,-0.157692307692,0,0
208,0,2017/12/24,06:37:39,25.13,25.19,24.5,25.44,0,0,0,0,0.06,0.05,0.06,0.06,355,0.134615384615,0,0
209,0,2017/12/23,21:17:32,25.81,25.69,25.38,26.0,0,0,0,0,0.06,0.06,0.06,0.07,680,-1.55,0,0
210,0,2017/12/25,19:05:00,25.44,25.44,25.13,26.06,0,0,0,0,0.08,0.05,0.06,0.1,350,0.0961538461538,0,0
211,0,2017/12/25,17:29:00,25.44,25.44,25.25,26.13,0,0,3,2,0.08,0.05,0.06,0.11,350,0.0,0,0
212,0,2017/12/25,11:59:40,25.25,25.19,25.0,25.88,15,17,68,49,0.08,0.05,0.16,0.11,355,0.0,0,0
213,3,2017/12/22,18:05:43,26.31,26.44,26.0,26.38,148,234,177,10,0.24,0.83,0.89,0.15,975,4.42307692308,1,0
214,0,2017/12/24,08:14:40,25.06,25.13,24.5,25.44,5,5,29,20,0.07,0.05,0.06,0.07,360,0.0,0,0
215,0,2017/12/22,19:45:17,26.25,26.75,26.0,26.31,0,0,0,0,0.08,0.05,0.11,0.07,1200,-1.75769230769,0,0
216,0,2018/01/11,01:14:30,25.19,25.25,24.75,25.38,0,0,0,0,0.07,0.05,0.06,0.08,345,0.0,0,0
217,0,2017/12/26,02:44:31,25.31,25.38,24.88,25.75,0,0,0,0,0.07,0.05,0.05,0.1,355,0.0,0,0
218,0,2017/12/24,08:33:03,25.13,25.13,24.56,25.44,6,6,33,22,0.07,0.05,0.06,0.06,360,0.0,0,0
219,1,2017/12/23,11:59:59,25.44,25.25,25.0,25.88,123,36,65,46,0.08,0.06,0.07,0.06,360,0.0,1,0
220,0,2017/12/24,02:23:53,25.38,25.38,24.88,25.69,0,0,0,0,0.07,0.05,0.06,0.06,365,0.0,0,0
221,0,2017/12/22,21:38:38,25.63,25.69,25.25,25.88,0,0,0,0,0.07,0.05,0.07,0.06,585,-1.73461538462,0,0
222,0,2017/12/23,05:30:55,25.13,25.13,24.5,25.31,0,0,0,0,0.08,0.05,0.06,0.06,360,0.0,0,0
223,0,2018/01/10,20:20:55,25.5,25.44,25.19,25.63,0,0,0,0,0.07,0.04,0.06,0.08,390,-0.742307692308,0,0
224,0,2017/12/25,19:57:35,25.44,25.44,25.13,26.0,0,0,0,0,0.08,0.05,0.06,0.1,350,-0.0384615384615,0,0
225,0,2017/12/26,04:45:32,25.25,25.31,24.81,25.63,0,0,0,0,0.08,0.06,0.06,0.1,355,0.0,0,0
226,0,2017/12/25,15:26:28,25.44,25.44,25.44,26.13,11,14,57,41,0.08,0.05,0.06,0.1,355,0.0,0,0
227,0,2017/12/25,11:48:27,25.19,25.19,25.0,25.88,14,17,65,46,0.09,0.08,0.1,0.1,355,0.0,0,0
228,0,2017/12/25,18:21:05,25.44,25.44,25.19,26.0,0,0,0,0,0.08,0.05,0.07,0.1,355,0.0576923076923,0,0
229,0,2017/12/24,07:45:34,25.06,25.13,24.5,25.44,3,3,17,12,0.07,0.04,0.06,0.07,360,0.0807692307692,0,0
230,0,2018/01/10,23:41:35,25.25,25.31,24.88,25.38,0,0,0,0,0.07,0.04,0.05,0.08,345,0.0,0,0
231,0,2017/12/25,20:19:32,25.44,25.44,25.13,25.94,0,0,0,0,0.08,0.05,0.06,0.1,355,0.0269230769231,0,0
232,0,2017/12/25,22:11:52,25.38,25.44,25.06,25.81,0,0,0,0,0.13,0.05,0.06,0.1,355,0.0461538461538,0,0
233,0,2017/12/25,13:17:17,25.31,25.31,25.19,26.06,17,20,75,54,0.07,0.05,0.06,0.1,355,0.0,0,0
234,0,2018/01/11,00:14:46,25.25,25.25,24.88,25.31,0,0,0,0,0.08,0.05,0.05,0.09,345,0.0,0,0
235,0,2017/12/23,07:21:12,25.06,25.06,24.44,25.31,1,1,9,5,0.08,0.05,0.06,0.06,355,0.0,0,0
236,0,2017/12/23,09:50:18,25.06,25.06,24.63,25.44,8,9,41,28,0.08,0.05,0.07,0.06,360,-0.00384615384615,0,0
237,0,2017/12/25,21:10:05,25.38,25.44,25.06,25.94,0,0,0,0,0.08,0.05,0.06,0.1,355,0.165384615385,0,0
238,0,2017/12/26,01:48:52,25.38,25.38,24.88,25.75,0,0,0,0,0.07,0.05,0.06,0.1,355,0.0,0,0
239,0,2017/12/26,07:09:00,25.06,25.13,24.56,25.25,0,0,5,3,0.08,0.05,0.06,0.09,350,-0.165384615385,0,0
240,0,2017/12/26,03:31:30,25.31,25.31,24.81,25.63,0,0,0,0,0.08,0.05,0.07,0.09,355,0.0,0,0
241,0,2017/12/24,06:14:40,25.13,25.19,24.56,25.44,0,0,0,0,0.06,0.05,0.06,0.06,355,0.0307692307692,0,0
242,0,2017/12/25,11:31:36,25.25,25.19,24.94,25.81,12,14,55,40,0.08,0.05,0.06,0.1,355,0.0,0,0
243,0,2017/12/22,23:48:50,25.44,25.44,25.0,25.81,0,0,0,0,0.07,0.05,0.06,0.06,380,-0.276923076923,0,0
244,0,2017/12/23,23:22:38,25.44,25.44,25.0,25.56,0,0,0,0,0.07,0.05,0.06,0.06,375,-0.0461538461538,0,0
245,0,2017/12/23,10:21:57,25.13,25.13,24.75,25.63,10,11,49,33,0.08,0.05,0.06,0.06,355,-0.184615384615,0,0
246,0,2017/12/26,07:33:31,25.13,25.06,24.56,25.19,2,2,12,8,0.07,0.05,0.07,0.09,350,0.0,0,0
247,0,2018/01/10,23:10:57,25.31,25.31,24.88,25.38,0,0,0,0,0.08,0.04,0.06,0.09,345,0.0,0,0
248,0,2017/12/26,03:09:02,25.31,25.31,24.81,25.69,0,0,0,0,0.07,0.05,0.06,0.09,355,0.0,0,0
249,0,2017/12/22,20:47:34,25.81,25.88,25.44,26.06,0,0,0,0,0.07,0.04,0.06,0.06,795,-2.25384615385,0,0
250,0,2017/12/22,21:23:49,25.69,25.75,25.31,25.94,0,0,0,0,0.07,0.06,0.06,0.07,635,-2.06538461538,0,0
251,1,2017/12/22,11:00:24,25.06,24.88,24.63,25.56,123,35,57,44,0.15,0.05,0.06,0.06,395,-0.0923076923077,0,0
252,0,2018/01/11,01:21:08,25.19,25.25,24.81,25.31,0,0,0,0,0.07,0.05,0.05,0.08,345,0.0,0,0
253,0,2018/01/10,22:18:52,25.31,25.38,25.0,25.44,0,0,0,0,0.08,0.04,0.06,0.08,355,-0.0884615384615,0,0
254,0,2017/12/24,06:20:17,25.13,25.19,24.56,25.5,0,0,0,0,0.06,0.05,0.06,0.06,355,-0.161538461538,0,0
255,0,2017/12/25,10:05:18,25.06,25.06,24.69,25.69,9,10,44,29,0.08,0.05,0.07,0.1,355,0.0,0,0
256,0,2017/12/23,05:46:14,25.13,25.13,24.56,25.38,0,0,0,0,0.08,0.05,0.06,0.06,355,-0.0461538461538,0,0
257,3,2017/12/22,19:14:39,26.31,27.88,26.06,26.44,150,239,181,11,0.58,0.59,0.15,0.61,1220,-0.503846153846,1,1
258,0,2017/12/23,11:08:55,25.19,25.19,24.88,25.81,12,14,57,40,0.08,0.05,0.06,0.06,360,-0.111538461538,0,0
259,0,2017/12/25,19:28:59,25.44,25.44,25.13,26.0,0,0,0,0,0.07,0.05,0.06,0.11,355,-0.0461538461538,0,0
260,0,2017/12/26,06:13:21,25.19,25.19,24.63,25.44,0,0,0,0,0.08,0.05,0.06,0.09,355,0.0,0,0
261,0,2017/12/23,06:12:17,25.06,25.13,24.5,25.19,0,0,0,0,0.08,0.05,0.06,0.05,355,-0.103846153846,0,0
262,1,2017/12/22,16:15:57,26.13,25.75,25.56,26.31,117,27,45,26,0.16,0.05,0.15,0.07,605,0.788461538462,0,0
263,0,2018/01/10,22:09:10,25.38,25.38,25.0,25.44,0,0,0,0,0.07,0.04,0.05,0.08,355,-0.184615384615,0,0
264,0,2017/12/24,08:12:07,25.13,25.13,24.5,25.44,5,5,28,19,0.07,0.05,0.06,0.07,360,0.0,0,0
265,0,2017/12/25,19:17:15,25.44,25.44,25.19,26.0,0,0,0,0,0.08,0.05,0.06,0.09,355,0.115384615385,0,0
266,0,2017/12/22,15:07:01,25.81,25.94,25.75,26.31,15,19,89,54,0.08,0.05,0.06,0.06,680,-2.68076923077,0,0
267,3,2018/01/10,16:11:45,25.75,26.19,25.63,25.81,7,6,36,24,0.38,0.57,0.16,0.1,500,2.08076923077,1,1
268,2,2017/12/22,12:06:47,25.63,27.31,25.06,25.94,157,244,76,59,0.48,0.08,0.08,0.07,595,1.55,1,0
269,0,2017/12/24,06:51:26,25.13,25.13,24.5,25.44,0,0,1,1,0.07,0.04,0.05,0.07,360,-0.0538461538462,0,0
270,0,2017/12/24,09:10:50,25.13,25.13,24.56,25.31,7,7,35,24,0.07,0.06,0.07,0.1,355,-0.0807692307692,0,0
271,0,2017/12/26,02:16:57,25.31,25.38,24.94,25.75,0,0,0,0,0.08,0.05,0.06,0.1,355,0.0,0,0
272,0,2017/12/23,05:22:14,25.13,25.19,24.56,25.44,0,0,0,0,0.08,0.05,0.06,0.05,360,0.0,0,0
273,0,2017/12/25,17:48:24,25.44,25.44,25.19,26.06,0,0,0,0,0.08,0.05,0.06,0.11,350,0.0,0,0
274,0,2018/01/10,22:45:25,25.31,25.31,24.94,25.44,0,0,0,0,0.07,0.05,0.05,0.09,350,0.0,0,0
275,0,2017/12/26,07:41:10,25.0,25.06,24.56,25.13,2,3,14,10,0.08,0.05,0.06,0.11,350,0.0,0,0
276,0,2018/01/10,21:50:47,25.38,25.38,25.0,25.5,0,0,0,0,0.07,0.04,0.06,0.09,360,-0.276923076923,0,0
277,0,2017/12/26,03:58:33,25.25,25.31,24.81,25.63,0,0,0,0,0.08,0.05,0.06,0.1,355,0.0,0,0
278,0,2017/12/22,19:54:59,26.13,26.44,25.81,26.31,0,0,0,0,0.08,0.05,0.07,0.07,1110,-5.02307692308,0,0
279,0,2017/12/24,00:28:30,25.44,25.44,25.0,25.69,0,0,0,0,0.06,0.04,0.06,0.06,370,0.0,0,0
280,0,2017/12/25,23:18:15,25.38,25.44,25.0,25.81,0,0,0,0,0.08,0.05,0.06,0.11,355,0.0,0,0
281,0,2017/12/23,21:26:13,25.69,25.69,25.31,25.88,0,0,0,0,0.06,0.05,0.06,0.06,640,-2.35,0,0
282,3,2017/12/22,17:59:35,26.31,26.5,25.94,26.38,148,235,178,10,1.73,0.09,0.17,0.07,930,2.58846153846,1,1
283,0,2017/12/24,07:01:39,25.06,25.13,24.5,25.44,0,0,3,2,0.06,0.06,0.06,0.05,355,-0.1,0,0
284,0,2017/12/26,03:45:17,25.31,25.31,24.81,25.69,0,0,0,0,0.08,0.05,0.05,0.1,355,0.0,0,0
285,0,2017/12/22,22:30:43,25.56,25.56,25.13,25.88,0,0,0,0,0.07,0.05,0.05,0.06,435,-1.21538461538,0,0
286,0,2017/12/24,06:48:22,25.13,25.13,24.5,25.44,0,0,0,0,0.06,0.05,0.06,0.06,355,0.0846153846154,0,0
287,0,2017/12/26,00:44:01,25.38,25.38,24.94,25.81,0,0,0,0,0.08,0.06,0.06,0.09,355,0.0,0,0
288,0,2018/01/11,00:38:15,25.25,25.31,24.81,25.31,0,0,0,0,0.07,0.05,0.06,0.08,345,0.0,0,0
289,0,2017/12/26,03:49:22,25.25,25.31,24.81,25.63,0,0,0,0,0.07,0.06,0.06,0.1,355,0.0,0,0
290,0,2018/01/11,02:51:00,25.19,25.19,24.75,25.25,0,0,0,0,0.07,0.04,0.06,0.08,345,0.0,0,0
291,3,2017/12/22,17:43:15,26.25,25.88,25.88,26.38,149,238,179,11,1.02,0.79,2.23,0.79,830,0.976923076923,1,1
292,0,2017/12/23,01:18:41,25.31,25.31,24.88,25.75,0,0,0,0,0.06,0.05,0.06,0.06,370,0.0,0,0
293,0,2017/12/23,01:08:29,25.38,25.31,24.88,25.75,0,0,0,0,0.07,0.05,0.06,0.06,370,-0.107692307692,0,0
294,0,2017/12/25,17:07:33,25.44,25.44,25.25,26.13,1,1,7,5,0.07,0.05,0.06,0.1,350,0.0,0,0
295,0,2017/12/25,22:43:31,25.38,25.38,25.06,25.88,0,0,0,0,0.08,0.06,0.06,0.1,355,0.0,0,0
296,0,2017/12/24,08:15:41,25.06,25.13,24.5,25.5,5,5,29,20,0.07,0.05,0.06,0.06,360,0.0,0,0
297,0,2017/12/25,14:56:51,25.38,25.44,25.38,26.19,14,18,68,49,0.08,0.05,0.07,0.11,355,0.0,0,0
298,0,2017/12/26,08:48:34,25.06,25.06,24.63,25.38,6,6,33,22,0.07,0.05,0.06,0.1,350,0.0,0,0
299,0,2017/12/23,00:26:37,25.38,25.38,24.94,25.75,0,0,0,0,0.08,0.05,0.06,0.07,375,-7.69801162017e-19,0,0
300,0,2018/01/11,03:26:14,25.19,25.19,24.69,25.31,0,0,0,0,0.07,0.04,0.06,0.08,345,0.0,0,0
301,0,2017/12/25,12:19:05,25.25,25.25,25.06,25.81,16,19,73,53,0.08,0.05,0.06,0.1,355,0.0,0,0
302,0,2017/12/25,14:54:48,25.38,25.44,25.38,26.19,14,18,66,48,0.08,0.06,0.06,0.1,355,0.0,0,0
303,0,2017/12/23,15:02:16,25.81,26.88,25.5,26.25,11,12,59,43,0.07,0.06,0.06,0.06,510,-1.45384615385,0,0
304,0,2017/12/26,05:39:39,25.19,25.25,24.69,25.56,0,0,0,0,0.07,0.06,0.06,0.1,355,0.0,0,0
305,0,2017/12/24,05:39:27,25.19,25.19,24.63,25.5,0,0,0,0,0.07,0.05,0.06,0.06,360,3.0792046480700003e-18,0,0
306,0,2017/12/23,09:49:47,25.06,25.06,24.63,25.44,8,9,41,28,0.08,0.06,0.06,0.05,360,-0.0115384615385,0,0
307,0,2017/12/24,00:25:26,25.44,25.44,24.94,25.69,0,0,0,0,0.06,0.05,0.05,0.06,370,0.0,0,0
308,0,2018/01/11,03:05:18,25.19,25.19,24.75,25.31,0,0,0,0,0.07,0.04,0.05,0.08,345,0.0,0,0
309,0,2017/12/23,11:47:44,25.19,25.25,25.0,25.88,14,15,63,45,0.08,0.05,0.06,0.06,360,-0.1,0,0
310,0,2017/12/24,00:02:28,25.44,25.44,25.0,25.56,0,0,0,0,0.07,0.05,0.05,0.06,370,-0.153846153846,0,0
311,0,2017/12/25,14:11:24,25.38,25.38,25.31,26.06,18,22,80,58,0.07,0.05,0.05,0.09,355,0.0,0,0
312,1,2017/12/23,12:05:36,25.44,25.31,25.06,25.88,124,38,72,52,1.1,0.43,0.48,0.11,365,0.161538461538,0,0
313,0,2017/12/25,23:13:08,25.38,25.38,25.0,25.88,0,0,0,0,0.07,0.05,0.06,0.1,355,0.0,0,0
314,0,2017/12/22,23:11:33,25.44,25.5,25.06,25.88,0,0,0,0,0.06,0.04,0.05,0.06,390,0.0,0,0
315,0,2017/12/26,06:05:41,25.19,25.25,24.69,25.5,0,0,0,0,0.07,0.06,0.06,0.1,355,0.0,0,0
316,2,2017/12/23,19:32:52,26.25,26.13,25.94,26.25,114,19,180,7,0.39,0.06,0.1,0.06,1015,-0.415384615385,0,0
317,3,2017/12/22,13:43:48,26.06,27.31,25.94,26.25,165,254,277,70,0.1,0.75,1.12,0.1,880,0.980769230769,1,1
318,0,2017/12/25,23:34:35,25.38,25.44,25.0,25.88,0,0,0,0,0.08,0.05,0.06,0.1,355,0.0,0,0
319,0,2017/12/26,08:49:05,25.06,25.06,24.63,25.31,6,6,33,22,0.08,0.06,0.07,0.1,350,0.0,0,0
320,1,2017/12/22,11:24:24,25.31,25.0,24.81,25.75,124,36,60,46,0.35,0.05,0.05,0.11,440,0.915384615385,0,0
321,0,2017/12/22,21:42:43,25.63,25.69,25.25,25.88,0,0,0,0,0.08,0.06,0.06,0.06,575,-1.58461538462,0,0
322,0,2017/12/24,06:49:24,25.13,25.13,24.5,25.44,0,0,1,1,0.07,0.04,0.05,0.06,360,0.0307692307692,0,0
323,0,2017/12/22,20:08:15,26.0,26.19,25.75,26.19,0,0,0,0,0.07,0.05,0.06,0.06,1015,-3.71538461538,0,0
324,0,2017/12/23,02:42:26,25.25,25.25,24.81,25.63,0,0,0,0,0.07,0.05,0.06,0.07,365,0.0,0,0
325,0,2017/12/25,11:31:05,25.19,25.19,24.94,25.81,12,14,56,40,0.08,0.05,0.07,0.1,355,0.0,0,0
326,0,2017/12/24,00:11:39,25.44,25.44,24.94,25.69,0,0,0,0,0.07,0.04,0.06,0.06,370,0.0,0,0
327,0,2017/12/23,11:11:29,25.19,25.19,24.88,25.75,13,14,59,42,0.08,0.05,0.06,0.06,360,-0.05,0,0
328,0,2017/12/24,04:41:14,25.19,25.25,24.69,25.63,0,0,0,0,0.06,0.05,0.06,0.06,360,0.0,0,0
329,0,2017/12/24,01:18:32,25.38,25.38,24.88,25.75,0,0,0,0,0.07,0.04,0.07,0.05,365,0.0,0,0
330,0,2017/12/23,22:49:27,25.56,25.5,25.06,25.69,0,0,0,0,0.06,0.05,0.06,0.06,385,-0.261538461538,0,0
331,0,2017/12/23,00:25:35,25.38,25.44,24.94,25.75,0,0,0,0,0.06,0.05,0.05,0.06,375,0.00769230769231,0,0
332,0,2017/12/22,21:51:54,25.63,25.63,25.25,25.88,0,0,0,0,0.07,0.05,0.06,0.06,535,-1.70769230769,0,0
333,0,2017/12/24,01:39:59,25.38,25.38,24.88,25.69,0,0,0,0,0.06,0.05,0.06,0.06,365,0.0,0,0
334,0,2017/12/25,14:40:00,25.38,25.44,25.38,26.13,18,22,82,59,0.08,0.06,0.06,0.1,355,0.0,0,0
335,0,2017/12/24,01:16:30,25.38,25.44,24.94,25.69,0,0,0,0,0.07,0.05,0.06,0.07,365,0.0,0,0
336,0,2017/12/23,09:04:51,25.0,25.06,24.56,25.25,6,6,33,21,0.08,0.05,0.06,0.06,360,0.0,0,0
337,0,2017/12/23,20:39:45,25.88,25.81,25.5,26.06,0,0,0,0,0.06,0.05,0.06,0.07,830,-1.46923076923,0,0
338,0,2017/12/24,00:34:07,25.44,25.44,24.94,25.69,0,0,0,0,0.06,0.05,0.06,0.06,370,0.0,0,0
339,0,2017/12/23,23:12:56,25.44,25.5,25.06,25.56,0,0,0,0,0.06,0.05,0.06,0.06,380,-0.0269230769231,0,0
340,0,2017/12/25,10:23:10,25.13,25.06,24.69,25.63,10,11,48,33,0.07,0.04,0.06,0.1,355,0.0,0,0
341,0,2017/12/23,06:08:11,25.13,25.06,24.5,25.19,0,0,0,0,0.08,0.04,0.07,0.07,355,-0.0807692307692,0,0
342,0,2017/12/26,03:20:16,25.31,25.31,24.81,25.75,0,0,0,0,0.08,0.05,0.06,0.1,355,0.0,0,0
343,0,2017/12/23,21:45:37,25.69,25.63,25.31,25.81,0,0,0,0,0.06,0.05,0.06,0.07,555,-2.01538461538,0,0
344,0,2017/12/24,06:34:35,25.13,25.13,24.56,25.44,0,0,0,0,0.07,0.05,0.06,0.06,360,0.215384615385,0,0
345,0,2017/12/24,00:43:18,25.44,25.44,24.94,25.69,0,0,0,0,0.07,0.05,0.06,0.06,370,-0.0730769230769,0,0
346,0,2017/12/23,01:25:20,25.38,25.31,24.88,25.75,0,0,0,0,0.07,0.05,0.06,0.06,370,0.0,0,0
347,0,2017/12/22,20:17:27,25.94,26.13,25.69,26.13,0,0,0,0,0.07,0.04,0.06,0.07,965,-2.57307692308,0,0
348,0,2017/12/26,08:44:29,25.13,25.06,24.63,25.38,6,6,33,22,0.08,0.04,0.08,0.1,350,0.0,0,0
349,0,2017/12/25,18:36:55,25.44,25.44,25.13,26.06,0,0,0,0,0.07,0.05,0.06,0.1,355,0.169230769231,0,0
350,0,2018/01/11,01:37:29,25.19,25.25,24.75,25.25,0,0,0,0,0.07,0.04,0.07,0.08,345,0.0,0,0
351,0,2017/12/26,08:46:31,25.06,25.06,24.63,25.38,6,6,33,23,0.08,0.06,0.08,0.09,350,0.0,0,0
352,0,2018/01/10,18:11:44,25.88,26.06,25.63,25.88,0,0,0,0,0.13,0.12,0.18,0.09,805,-1.65,0,0
353,1,2017/12/23,12:27:03,25.63,25.31,25.13,25.94,123,37,68,49,0.77,0.27,0.21,0.17,375,0.0884615384615,0,0
354,2,2017/12/22,11:56:04,25.56,25.75,25.0,25.94,155,232,75,58,0.54,0.78,0.29,0.21,565,2.36923076923,1,1
355,3,2017/12/22,18:25:38,26.25,26.75,26.0,26.38,149,235,179,10,2.32,1.07,3.54,1.52,1075,2.56923076923,1,1
356,0,2018/01/11,02:10:40,25.19,25.19,24.75,25.25,0,0,0,0,0.07,0.04,0.06,0.08,345,0.0,0,0
357,0,2017/12/23,06:29:07,25.06,25.06,24.5,25.31,0,0,0,0,0.08,0.05,0.06,0.05,355,-0.0269230769231,0,0
358,0,2017/12/26,00:57:18,25.38,25.38,24.94,25.81,0,0,0,0,0.08,0.05,0.05,0.1,355,0.0,0,0
359,0,2017/12/26,00:23:36,25.38,25.38,24.94,25.81,0,0,0,0,0.08,0.04,0.06,0.1,355,0.0,0,0
360,0,2017/12/26,00:44:32,25.38,25.38,24.94,25.81,0,0,0,0,0.07,0.05,0.06,0.09,355,0.0,0,0
361,0,2017/12/26,03:02:54,25.31,25.31,24.88,25.69,0,0,0,0,0.08,0.05,0.07,0.1,355,0.0,0,0
362,0,2017/12/25,20:28:13,25.44,25.5,25.06,25.94,0,0,0,0,0.08,0.05,0.05,0.1,355,-0.0538461538462,0,0
363,0,2018/01/11,01:26:45,25.19,25.25,24.75,25.25,0,0,0,0,0.07,0.04,0.05,0.08,345,0.0,0,0
364,0,2017/12/24,06:43:47,25.13,25.19,24.5,25.44,0,0,0,0,0.07,0.05,0.06,0.06,360,-0.103846153846,0,0
365,0,2017/12/22,23:38:37,25.44,25.44,25.0,25.81,0,0,0,0,0.07,0.05,0.06,0.06,385,0.0,0,0
366,2,2017/12/23,19:35:25,26.25,26.13,25.94,26.25,114,19,180,7,0.13,0.08,0.14,0.07,1030,0.334615384615,0,0
367,0,2018/01/11,05:58:54,25.13,25.06,24.63,25.19,0,0,0,0,0.08,0.04,0.05,0.09,345,0.0,0,0
368,0,2017/12/23,20:16:47,26.06,25.94,25.69,26.13,0,0,0,0,0.07,0.04,0.06,0.05,920,-2.75384615385,0,0
369,2,2017/12/23,19:05:18,26.19,26.25,25.94,26.31,114,19,179,7,0.12,0.1,0.16,0.08,1035,0.0846153846154,1,0
370,0,2018/01/11,08:06:02,25.06,25.0,24.56,25.13,5,5,24,17,0.08,0.04,0.06,0.09,345,0.0,0,0
371,0,2017/12/23,22:22:23,25.56,25.56,25.13,25.69,0,0,0,0,0.07,0.05,0.06,0.07,430,-1.4,0,0
372,0,2017/12/23,04:25:03,25.19,25.19,24.69,25.5,0,0,0,0,0.08,0.05,0.06,0.06,360,0.0,0,0
373,0,2017/12/26,04:03:40,25.31,25.31,24.81,25.69,0,0,0,0,0.07,0.05,0.06,0.1,355,0.0,0,0
374,3,2018/01/10,15:32:26,25.5,26.0,25.38,25.69,10,13,56,35,0.39,0.53,0.14,0.12,370,1.18461538462,0,0
375,0,2017/12/26,03:34:33,25.31,25.31,24.81,25.69,0,0,0,0,0.08,0.05,0.07,0.1,355,0.0,0,0
376,0,2017/12/22,22:42:58,25.5,25.56,25.13,25.94,0,0,0,0,0.07,0.06,0.05,0.06,405,-1.16153846154,0,0
377,0,2017/12/24,01:06:17,25.38,25.44,24.88,25.75,0,0,0,0,0.07,0.05,0.06,0.06,365,-0.0269230769231,0,0
378,0,2017/12/23,04:32:12,25.19,25.19,24.63,25.44,0,0,0,0,0.07,0.05,0.06,0.07,360,0.0,0,0
379,0,2017/12/23,01:43:12,25.31,25.31,24.81,25.75,0,0,0,0,0.07,0.04,0.07,0.06,370,0.0,0,0
380,0,2017/12/23,21:47:40,25.69,25.63,25.31,25.81,0,0,0,0,0.06,0.05,0.07,0.07,545,-2.14615384615,0,0
381,0,2017/12/23,11:05:21,25.19,25.19,24.88,25.75,11,13,54,39,0.08,0.05,0.06,0.07,355,-0.0923076923077,0,0
382,0,2017/12/25,09:39:46,25.06,25.06,24.63,25.38,8,8,40,27,0.08,0.04,0.06,0.09,355,0.0,0,0
383,2,2017/12/22,17:25:23,26.19,25.81,25.75,26.31,114,24,176,10,2.59,1.8,3.65,1.54,795,1.85384615385,0,1
384,0,2018/01/11,01:53:49,25.19,25.25,24.75,25.25,0,0,0,0,0.07,0.04,0.06,0.08,345,0.0,0,0
385,1,2017/12/23,12:33:10,25.69,25.38,25.13,26.0,123,37,67,49,0.61,0.13,0.18,0.15,375,0.296153846154,0,0
386,0,2018/01/11,05:16:31,25.13,25.13,24.63,25.25,0,0,0,0,0.07,0.05,0.06,0.08,345,0.0,0,0
387,0,2017/12/23,04:55:41,25.13,25.13,24.56,25.5,0,0,0,0,0.08,0.05,0.07,0.06,360,0.0,0,0
388,0,2017/12/26,03:16:10,25.31,25.31,24.81,25.69,0,0,0,0,0.08,0.05,0.06,0.1,355,0.0,0,0
389,0,2017/12/24,05:04:13,25.19,25.25,24.63,25.5,0,0,0,0,0.07,0.05,0.06,0.06,360,0.0,0,0
390,0,2018/01/11,07:52:46,25.06,25.06,24.56,25.06,4,4,18,14,0.08,0.05,0.05,0.09,345,0.0,0,0
391,2,2017/12/22,16:48:07,26.13,25.75,25.75,26.31,117,26,188,20,0.47,0.37,1.04,0.15,660,1.39615384615,1,1
392,0,2018/01/11,04:10:39,25.13,25.13,24.63,25.25,0,0,0,0,0.08,0.04,0.05,0.09,345,0.0,0,0
393,3,2017/12/22,18:34:19,26.25,26.63,25.94,26.38,150,236,180,10,0.9,0.69,1.33,0.88,1105,2.41923076923,0,1
394,0,2017/12/23,09:56:56,25.13,25.06,24.69,25.38,9,9,43,29,0.09,0.06,0.06,0.06,355,-0.0846153846154,0,0
395,0,2017/12/24,02:01:56,25.38,25.38,24.88,25.69,0,0,0,0,0.06,0.05,0.05,0.06,365,0.0,0,0
396,0,2017/12/24,05:22:05,25.19,25.19,24.63,25.5,0,0,0,0,0.07,0.05,0.07,0.06,360,0.0,0,0
397,0,2017/12/23,14:46:26,25.88,26.94,25.56,26.31,13,13,64,46,0.09,0.12,0.12,0.07,530,-3.20769230769,0,0
398,0,2018/01/11,06:12:10,25.13,25.06,24.56,25.19,0,0,0,0,0.08,0.04,0.05,0.09,345,0.0,0,0
399,0,2017/12/26,00:09:18,25.38,25.38,25.0,25.81,0,0,0,0,0.07,0.05,0.06,0.1,355,0.0,0,0
400,0,2017/12/23,02:22:00,25.31,25.31,24.81,25.63,0,0,0,0,0.07,0.05,0.06,0.06,365,-0.0115384615385,0,0
401,0,2018/01/11,02:30:04,25.19,25.19,24.69,25.25,0,0,0,0,0.07,0.05,0.05,0.08,345,0.0,0,0
402,0,2018/01/10,19:17:06,25.63,25.63,25.25,25.75,0,0,0,0,0.07,0.05,0.05,0.09,575,-1.64230769231,0,0
403,0,2017/12/25,10:33:23,25.13,25.13,24.75,25.75,10,12,49,35,0.08,0.04,0.06,0.1,355,0.0,0,0
404,0,2017/12/25,13:31:35,25.31,25.31,25.25,26.0,17,20,73,53,0.08,0.05,0.05,0.09,355,0.0,0,0
405,0,2017/12/23,19:59:25,26.19,26.0,25.88,26.25,0,0,0,0,0.07,0.05,0.06,0.07,1015,0.453846153846,0,0
406,3,2018/01/10,16:06:08,25.69,26.13,25.56,25.81,7,7,29,26,0.14,0.82,0.14,0.09,475,3.00769230769,1,0
407,0,2017/12/24,06:30:30,25.13,25.19,24.56,25.44,0,0,0,0,0.07,0.04,0.06,0.06,355,-0.05,0,0
408,0,2017/12/25,12:37:58,25.25,25.25,25.13,25.88,17,20,73,53,0.08,0.05,0.06,0.1,355,0.0,0,0
409,2,2017/12/23,17:22:10,26.19,25.81,25.75,26.31,116,22,186,10,0.41,0.51,1.85,0.51,735,2.65384615385,0,0
410,0,2018/01/11,02:48:27,25.19,25.19,24.75,25.25,0,0,0,0,0.07,0.04,0.05,0.08,345,0.0,0,0
411,0,2017/12/24,08:31:31,25.13,25.13,24.56,25.44,6,6,33,21,0.06,0.05,0.06,0.06,360,0.0,0,0
412,1,2017/12/23,11:57:26,25.44,25.25,25.0,25.81,123,37,68,49,0.07,0.16,0.08,0.07,360,0.0730769230769,0,0
413,0,2017/12/22,20:40:25,25.81,25.94,25.56,26.06,0,0,0,0,0.08,0.04,0.06,0.06,825,-3.13076923077,0,0
414,0,2018/01/11,03:35:56,25.19,25.19,24.69,25.31,0,0,0,0,0.08,0.05,0.06,0.08,345,0.0,0,0
415,0,2017/12/23,08:04:06,25.06,25.06,24.44,25.31,5,5,24,16,0.08,0.05,0.06,0.05,360,0.15,0,0
416,1,2017/12/22,11:27:28,25.31,25.25,24.88,25.75,123,31,61,46,0.48,0.31,0.53,0.1,450,1.1,1,1
417,0,2017/12/26,07:27:23,25.06,25.06,24.56,25.25,1,1,10,6,0.08,0.05,0.06,0.09,350,0.0,0,0
418,0,2018/01/11,05:19:04,25.13,25.13,24.56,25.25,0,0,0,0,0.09,0.05,0.05,0.08,345,0.0,0,0
419,0,2017/12/23,06:18:55,25.06,25.13,24.44,25.19,0,0,0,0,0.08,0.05,0.06,0.05,355,-0.0846153846154,0,0
420,0,2017/12/26,07:04:24,25.13,25.19,24.56,25.25,0,0,4,2,0.07,0.06,0.05,0.1,350,0.00769230769231,0,0
421,0,2018/01/10,18:36:15,25.75,25.81,25.44,25.81,0,0,0,0,0.07,0.05,0.06,0.1,725,-1.49615384615,0,0
422,0,2017/12/25,22:37:24,25.38,25.38,25.0,25.94,0,0,0,0,0.08,0.05,0.08,0.11,355,0.0,0,0
423,3,2017/12/23,17:57:23,26.25,26.19,25.81,26.31,149,235,185,11,0.49,0.4,1.7,0.44,835,1.97307692308,1,1
424,0,2017/12/26,05:21:16,25.25,25.25,24.75,25.56,0,0,0,0,0.07,0.05,0.06,0.09,355,0.0,0,0
425,0,2017/12/22,23:19:43,25.44,25.44,25.0,25.75,0,0,0,0,0.07,0.04,0.07,0.06,385,-0.269230769231,0,0
426,0,2017/12/22,21:13:06,25.69,25.75,25.38,25.94,0,0,0,0,0.07,0.05,0.07,0.06,675,-2.28846153846,0,0
427,0,2017/12/26,04:33:16,25.25,25.25,24.75,25.63,0,0,0,0,0.08,0.05,0.06,0.1,355,0.0,0,0
428,0,2017/12/24,00:49:26,25.44,25.44,24.94,25.69,0,0,0,0,0.07,0.04,0.06,0.06,370,-0.1,0,0
429,1,2017/12/23,15:53:19,25.94,26.81,25.5,26.31,120,24,42,31,0.69,0.14,0.13,0.11,450,1.20769230769,0,0
430,0,2017/12/23,04:14:50,25.19,25.19,24.69,25.56,0,0,0,0,0.08,0.05,0.06,0.06,360,0.0,0,0
431,0,2017/12/23,21:10:54,25.81,25.69,25.38,26.06,0,0,0,0,0.07,0.05,0.06,0.07,700,-1.86153846154,0,0
432,2,2017/12/23,16:54:35,26.13,25.81,25.63,26.38,118,24,194,15,0.48,0.21,1.07,0.16,595,1.42307692308,1,0
433,0,2018/01/10,21:31:23,25.38,25.44,25.06,25.5,0,0,0,0,0.07,0.05,0.06,0.08,365,-0.219230769231,0,0
434,0,2018/01/10,20:03:03,25.56,25.5,25.19,25.63,0,0,0,0,0.08,0.05,0.05,0.08,425,-1.58461538462,0,0
435,0,2018/01/11,02:57:08,25.19,25.19,24.75,25.25,0,0,0,0,0.07,0.05,0.06,0.09,345,0.0,0,0
436,0,2017/12/26,07:09:31,25.13,25.13,24.56,25.25,0,0,5,3,0.08,0.05,0.06,0.1,350,-0.134615384615,0,0
437,0,2017/12/23,15:03:17,25.81,26.88,25.5,26.25,11,12,60,44,0.09,0.07,0.06,0.06,510,-1.50769230769,0,0
438,0,2017/12/24,04:50:26,25.25,25.25,24.69,25.56,0,0,0,0,0.06,0.05,0.05,0.07,360,0.0,0,0
439,0,2017/12/25,13:02:29,25.31,25.31,25.19,25.94,17,20,76,54,0.08,0.04,0.06,0.1,355,0.0,0,0
440,0,2017/12/23,11:42:37,25.19,25.19,25.0,25.81,14,16,65,46,0.08,0.05,0.06,0.07,355,-0.0346153846154,0,0
441,0,2017/12/26,05:42:43,25.19,25.25,24.69,25.5,0,0,0,0,0.07,0.05,0.06,0.1,355,0.0,0,0
442,0,2017/12/26,08:11:48,25.06,25.06,24.56,25.19,5,5,26,18,0.08,0.05,0.06,0.11,350,0.0,0,0
443,3,2017/12/23,18:13:44,26.19,26.25,25.88,26.38,149,234,185,10,0.12,0.22,0.45,0.09,945,2.90769230769,0,0
444,0,2017/12/25,22:22:35,25.38,25.44,25.06,25.94,0,0,0,0,0.07,0.05,0.06,0.1,355,0.0,0,0
445,3,2017/12/22,17:58:04,26.25,26.56,25.94,26.38,147,234,177,10,1.81,1.33,2.37,0.65,905,2.16153846154,1,1
446,0,2017/12/24,02:15:43,25.38,25.38,24.88,25.75,0,0,0,0,0.06,0.05,0.06,0.07,365,0.0,0,0
447,1,2017/12/22,15:40:43,25.94,25.81,25.63,26.31,119,33,65,41,0.07,0.05,0.16,0.06,565,-0.861538461538,1,0
448,0,2017/12/24,08:40:42,25.13,25.13,24.56,25.38,6,7,35,23,0.06,0.05,0.06,0.07,360,0.0,0,0
449,3,2017/12/22,14:06:46,26.19,27.19,26.06,26.38,163,254,268,74,0.61,0.41,3.67,0.4,970,1.67307692308,1,1
450,0,2017/12/25,22:30:15,25.44,25.44,25.06,25.94,0,0,0,0,0.08,0.05,0.05,0.09,355,0.0,0,0
451,0,2017/12/23,23:34:53,25.44,25.44,25.0,25.63,0,0,0,0,0.06,0.05,0.07,0.06,375,0.0,0,0
452,0,2018/01/10,20:41:21,25.5,25.44,25.13,25.63,0,0,0,0,0.07,0.05,0.06,0.1,380,-0.161538461538,0,0
453,2,2017/12/22,17:23:51,26.19,25.75,25.81,26.31,114,24,175,10,0.09,0.06,0.08,0.06,775,1.44230769231,0,0
454,0,2017/12/23,09:06:54,25.0,25.06,24.56,25.25,6,6,34,22,0.08,0.05,0.06,0.06,360,0.0,0,0
455,0,2017/12/23,22:18:49,25.63,25.56,25.19,25.75,0,0,0,0,0.07,0.05,0.06,0.07,445,-1.48076923077,0,0
456,0,2017/12/26,01:17:43,25.38,25.38,24.94,25.75,0,0,0,0,0.07,0.05,0.06,0.1,355,0.0,0,0
457,0,2017/12/25,17:36:40,25.44,25.44,25.25,26.06,0,0,1,1,0.08,0.05,0.06,0.1,350,0.0346153846154,0,0
458,0,2017/12/26,09:04:54,25.13,25.13,24.69,25.19,6,6,33,22,0.08,0.05,0.06,0.1,350,0.0,0,0
459,0,2018/01/11,02:28:32,25.19,25.19,24.75,25.31,0,0,0,0,0.07,0.04,0.06,0.09,345,0.0,0,0
460,3,2018/01/10,16:14:18,25.75,26.13,25.69,25.81,7,7,39,24,0.26,0.4,0.15,0.09,520,2.06923076923,0,0
461,2,2017/12/23,13:43:38,26.0,26.0,25.44,26.25,161,253,84,61,1.74,0.74,0.69,0.54,560,5.07692307692,0,1
462,0,2017/12/23,08:11:45,25.06,25.06,24.44,25.38,5,5,27,18,0.08,0.05,0.07,0.06,360,0.0807692307692,0,0
463,0,2017/12/24,02:43:48,25.31,25.38,24.81,25.69,0,0,0,0,0.07,0.05,0.06,0.06,360,-0.0807692307692,0,0
464,0,2017/12/23,00:07:13,25.38,25.38,25.0,25.75,0,0,0,0,0.07,0.05,0.06,0.07,380,0.0,0,0
465,0,2017/12/25,16:59:54,25.44,25.44,25.31,26.19,1,2,10,7,0.08,0.06,0.06,0.1,350,0.0,0,0
466,0,2017/12/24,07:37:23,25.06,25.13,24.5,25.38,2,2,14,9,0.07,0.05,0.06,0.06,360,-0.0923076923077,0,0
467,1,2017/12/22,10:56:50,25.06,24.88,24.63,25.56,123,35,58,44,0.57,0.17,0.21,0.13,390,-0.630769230769,1,0
468,3,2017/12/22,18:06:44,26.31,26.44,26.0,26.44,148,234,178,10,0.24,0.76,0.4,0.14,980,4.55,1,0
469,0,2017/12/23,01:23:48,25.38,25.31,24.88,25.75,0,0,0,0,0.07,0.04,0.06,0.06,370,0.0,0,0
470,0,2017/12/25,23:47:21,25.38,25.38,25.0,25.81,0,0,0,0,0.08,0.05,0.07,0.1,355,0.0,0,0
471,0,2017/12/25,12:52:16,25.25,25.31,25.13,25.88,17,20,74,53,0.08,0.05,0.08,0.09,355,0.0,0,0
472,2,2017/12/22,12:25:10,25.69,28.38,25.13,26.06,157,244,80,62,2.36,0.63,0.46,0.37,645,0.834615384615,1,0
473,0,2018/01/11,08:26:58,25.13,25.06,24.63,25.19,6,6,31,20,0.08,0.05,0.05,0.08,345,0.0,0,0
474,0,2017/12/23,22:01:27,25.63,25.63,25.19,25.75,0,0,0,0,0.08,0.05,0.09,0.06,505,-1.56923076923,0,0
475,2,2017/12/22,16:47:36,26.13,25.75,25.75,26.25,117,26,188,20,0.34,0.2,0.57,0.08,665,1.30769230769,0,0
476,0,2017/12/26,01:35:05,25.31,25.38,24.94,25.81,0,0,0,0,0.07,0.05,0.06,0.1,355,0.0,0,0
477,0,2017/12/23,22:29:32,25.56,25.56,25.13,25.69,0,0,0,0,0.07,0.05,0.06,0.07,405,-1.44230769231,0,0
478,2,2017/12/23,19:05:49,26.19,26.25,25.94,26.31,114,19,180,7,0.39,0.06,0.68,0.11,1040,0.0461538461538,0,0
479,0,2017/12/24,02:23:23,25.38,25.38,24.88,25.75,0,0,0,0,0.06,0.05,0.06,0.06,365,0.0,0,0
480,0,2017/12/26,03:29:27,25.31,25.31,24.81,25.69,0,0,0,0,0.07,0.06,0.07,0.1,355,0.0,0,0
481,0,2017/12/23,01:05:56,25.38,25.38,24.88,25.75,0,0,0,0,0.06,0.05,0.06,0.06,370,-0.223076923077,0,0
482,0,2017/12/23,02:48:03,25.31,25.25,24.75,25.63,0,0,0,0,0.07,0.05,0.07,0.05,365,0.0,0,0
483,0,2018/01/11,03:21:08,25.19,25.19,24.69,25.25,0,0,0,0,0.08,0.04,0.06,0.08,345,0.0,0,0
484,0,2017/12/23,02:04:39,25.31,25.31,24.81,25.69,0,0,0,0,0.07,0.04,0.07,0.07,370,-0.138461538462,0,0
485,0,2017/12/23,22:50:59,25.56,25.5,25.06,25.69,0,0,0,0,0.06,0.05,0.06,0.06,385,-0.284615384615,0,0
486,1,2017/12/23,16:04:33,26.0,26.75,25.56,26.31,119,23,35,25,0.8,0.14,0.07,0.08,475,1.34230769231,0,0
487,2,2017/12/22,11:43:48,25.44,25.56,24.94,25.81,155,235,71,54,2.95,1.27,0.25,0.17,510,2.72307692308,1,1
488,0,2018/01/11,07:37:26,25.06,25.06,24.56,25.19,2,2,12,7,0.08,0.04,0.05,0.08,345,0.0,0,0
489,0,2017/12/23,20:29:02,25.94,25.88,25.56,26.06,0,0,0,0,0.07,0.04,0.06,0.06,860,-2.7,0,0
490,0,2017/12/22,19:43:14,26.31,26.88,26.0,26.31,0,0,0,0,0.07,0.05,0.06,0.07,1215,-0.126923076923,0,0
491,0,2017/12/23,00:45:00,25.38,25.38,24.94,25.75,0,0,0,0,0.07,0.05,0.06,0.06,375,0.0,0,0
492,0,2017/12/25,21:30:31,25.38,25.44,25.06,25.88,0,0,0,0,0.08,0.05,0.06,0.1,355,-0.0423076923077,0,0
493,0,2017/12/26,01:31:30,25.38,25.38,24.94,25.81,0,0,0,0,0.08,0.05,0.06,0.1,355,0.0,0,0
494,0,2017/12/25,21:22:20,25.38,25.44,25.06,25.94,0,0,0,0,0.08,0.05,0.07,0.1,355,0.00769230769231,0,0
495,0,2017/12/23,04:39:21,25.19,25.19,24.63,25.44,0,0,0,0,0.08,0.05,0.06,0.05,360,0.0,0,0
496,0,2018/01/10,22:25:30,25.31,25.38,25.0,25.44,0,0,0,0,0.07,0.05,0.05,0.09,355,0.0,0,0
497,0,2017/12/25,17:16:45,25.44,25.44,25.25,26.13,0,0,5,4,0.11,0.05,0.06,0.1,350,0.0,0,0
498,0,2017/12/24,04:23:53,25.25,25.25,24.69,25.63,0,0,0,0,0.07,0.04,0.06,0.06,360,0.0,0,0
499,0,2017/12/25,12:47:10,25.31,25.25,25.13,25.94,17,20,73,53,0.08,0.05,0.06,0.1,355,0.0,0,0
500,0,2017/12/23,07:24:47,25.06,25.06,24.44,25.31,1,1,10,6,0.08,0.05,0.06,0.06,355,0.0,0,0
501,0,2017/12/23,11:02:48,25.19,25.19,24.81,25.69,12,14,58,40,0.08,0.05,0.06,0.06,360,-0.0115384615385,0,0
502,0,2017/12/23,02:27:37,25.31,25.25,24.81,25.69,0,0,0,0,0.07,0.05,0.06,0.06,365,-0.0461538461538,0,0
503,3,2017/12/22,18:17:58,26.25,26.38,26.0,26.44,148,234,178,10,0.21,1.26,0.21,0.12,1040,2.61923076923,0,1
504,0,2018/01/11,08:35:39,25.13,25.06,24.69,25.19,6,7,32,21,0.08,0.05,0.06,0.09,345,0.0,0,0
505,0,2018/01/10,20:18:53,25.5,25.44,25.13,25.63,0,0,0,0,0.07,0.05,0.06,0.09,390,-1.42692307692,0,0
506,0,2017/12/24,06:49:54,25.13,25.13,24.56,25.44,0,0,1,1,0.07,0.06,0.06,0.06,360,0.0230769230769,0,0
507,0,2017/12/23,01:22:47,25.31,25.31,24.88,25.69,0,0,0,0,0.07,0.05,0.06,0.06,370,0.0,0,0
508,0,2017/12/22,21:24:51,25.69,25.75,25.31,25.94,0,0,0,0,0.07,0.06,0.06,0.06,625,-2.20384615385,0,0
509,0,2018/01/11,08:25:57,25.13,25.06,24.63,25.19,6,6,31,21,0.08,0.05,0.06,0.09,345,0.0,0,0
510,0,2018/01/10,19:02:48,25.63,25.69,25.31,25.75,0,0,0,0,0.08,0.05,0.05,0.09,625,-1.49230769231,0,0
511,0,2017/12/23,19:58:24,26.19,26.0,25.88,26.25,0,0,0,0,0.06,0.05,0.06,0.06,1005,0.703846153846,0,0
512,0,2017/12/26,03:45:47,25.31,25.31,24.81,25.69,0,0,0,0,0.07,0.05,0.06,0.09,355,0.0,0,0
513,0,2017/12/23,00:21:00,25.38,25.44,24.94,25.75,0,0,0,0,0.07,0.05,0.07,0.06,375,-0.223076923077,0,0
514,0,2017/12/25,09:29:03,25.06,25.0,24.56,25.38,7,8,37,24,0.07,0.05,0.06,0.1,355,0.0,0,0
515,3,2017/12/23,17:52:17,26.25,26.13,25.81,26.31,150,236,186,11,0.61,0.15,0.12,0.11,810,1.45384615385,1,1
516,3,2018/01/10,15:51:20,25.63,26.38,25.5,25.75,9,9,50,30,0.21,0.37,0.29,0.12,390,0.580769230769,1,1
517,0,2017/12/23,05:54:55,25.13,25.13,24.5,25.38,0,0,0,0,0.08,0.04,0.06,0.06,355,-0.0576923076923,0,0
518,0,2017/12/24,04:07:32,25.25,25.31,24.69,25.63,0,0,0,0,0.06,0.05,0.06,0.06,360,0.0,0,0
519,0,2017/12/25,15:51:59,25.44,25.44,25.44,26.19,8,10,41,30,0.08,0.05,0.06,0.1,355,0.0,0,0
520,2,2017/12/23,19:07:20,26.25,26.25,25.94,26.31,114,19,179,7,0.1,0.05,0.1,0.07,1035,-0.242307692308,1,0
521,0,2017/12/22,22:16:25,25.56,25.56,25.19,25.88,0,0,0,0,0.06,0.05,0.06,0.06,470,-1.18461538462,0,0
522,0,2017/12/23,23:54:48,25.38,25.44,24.94,25.56,0,0,0,0,0.07,0.04,0.06,0.06,370,-0.253846153846,0,0
523,0,2017/12/22,23:02:53,25.44,25.5,25.06,25.88,0,0,0,0,0.07,0.05,0.06,0.06,390,-0.111538461538,0,0
524,0,2018/01/11,07:21:37,25.06,25.06,24.56,25.19,1,1,7,5,0.08,0.05,0.05,0.09,345,0.0,0,0
525,0,2018/01/10,21:02:47,25.44,25.44,25.06,25.56,0,0,0,0,0.07,0.04,0.05,0.08,375,-0.280769230769,0,0
526,0,2017/12/25,09:40:17,25.06,25.06,24.63,25.31,8,8,40,27,0.07,0.04,0.05,0.1,355,0.0,0,0
527,0,2017/12/23,08:22:59,25.06,25.06,24.5,25.31,5,5,29,20,0.08,0.05,0.07,0.06,360,0.0,0,0
528,3,2018/01/10,15:50:49,25.69,26.38,25.5,25.75,9,10,49,30,0.48,0.77,0.24,0.14,385,0.55,1,1
529,0,2017/12/23,23:21:37,25.5,25.44,25.0,25.56,0,0,0,0,0.08,0.05,0.06,0.06,380,0.0,0,0
530,0,2017/12/26,00:08:47,25.38,25.44,25.0,25.88,0,0,0,0,0.08,0.06,0.06,0.1,355,0.0,0,0
531,0,2017/12/25,09:46:55,25.06,25.06,24.63,25.5,8,9,42,29,0.08,0.05,0.06,0.09,355,0.0,0,0
532,0,2017/12/22,23:49:51,25.44,25.44,25.0,25.81,0,0,0,0,0.06,0.05,0.06,0.06,380,-0.242307692308,0,0
533,0,2017/12/23,00:57:45,25.38,25.38,24.88,25.75,0,0,0,0,0.07,0.05,0.07,0.06,370,-0.0884615384615,0,0
534,0,2017/12/25,12:12:57,25.25,25.25,25.06,25.81,17,20,76,54,0.07,0.05,0.06,0.09,355,0.0,0,0
535,0,2017/12/25,12:43:35,25.31,25.31,25.13,25.88,16,19,70,50,0.07,0.05,0.06,0.1,355,0.0,0,0
536,0,2017/12/23,20:32:06,25.94,25.81,25.56,26.06,0,0,0,0,0.07,0.05,0.06,0.06,845,-2.57307692308,0,0
537,0,2017/12/22,15:18:46,25.81,25.88,25.69,26.31,13,17,80,50,0.08,0.05,0.06,0.06,630,-2.67307692308,0,0
538,0,2017/12/23,09:44:10,25.06,25.06,24.63,25.44,8,8,40,26,0.08,0.05,0.06,0.06,355,-0.0384615384615,0,0
539,2,2018/01/10,17:41:37,26.0,26.19,25.81,26.0,142,226,7,7,1.12,0.57,0.18,0.11,850,0.0653846153846,1,0
540,0,2017/12/26,00:07:16,25.38,25.38,25.0,25.81,0,0,0,0,0.07,0.06,0.07,0.1,355,0.0,0,0
541,0,2017/12/23,02:21:30,25.25,25.31,24.81,25.63,0,0,0,0,0.08,0.06,0.06,0.06,365,-0.05,0,0
542,0,2017/12/23,03:40:07,25.19,25.25,24.69,25.5,0,0,0,0,0.07,0.05,0.06,0.06,365,0.00384615384615,0,0
543,1,2017/12/22,15:51:26,26.0,25.81,25.63,26.25,119,31,61,38,0.54,0.05,0.23,0.06,585,0.326923076923,0,0
544,0,2017/12/24,02:55:02,25.31,25.38,24.75,25.69,0,0,0,0,0.06,0.05,0.06,0.05,360,0.0230769230769,0,0
545,0,2017/12/24,07:28:12,25.06,25.19,24.5,25.38,2,2,11,7,0.06,0.05,0.06,0.06,360,0.0346153846154,0,0
546,0,2017/12/26,00:02:09,25.38,25.38,25.0,25.88,0,0,0,0,0.07,0.05,0.06,0.1,355,0.0,0,0
547,0,2017/12/26,07:23:18,25.13,25.13,24.56,25.19,1,1,9,5,0.08,0.05,0.06,0.1,350,0.0,0,0
548,0,2017/12/25,15:55:34,25.44,25.44,25.44,26.13,7,9,40,29,0.07,0.05,0.06,0.1,355,0.0,0,0
549,0,2018/01/11,05:09:22,25.13,25.13,24.63,25.25,0,0,0,0,0.08,0.05,0.05,0.08,345,0.0,0,0
550,0,2017/12/23,05:36:01,25.13,25.13,24.5,25.31,0,0,0,0,0.07,0.05,0.06,0.06,360,0.0,0,0
551,0,2017/12/25,22:51:11,25.38,25.44,25.06,25.88,0,0,0,0,0.08,0.05,0.06,0.1,355,0.0,0,0
552,0,2017/12/24,00:07:03,25.44,25.44,24.94,25.63,0,0,0,0,0.07,0.05,0.06,0.06,370,0.0,0,0
553,0,2017/12/25,22:26:40,25.38,25.44,25.06,25.94,0,0,0,0,0.08,0.06,0.06,0.09,355,0.0,0,0
554,2,2017/12/23,19:20:06,26.25,26.19,26.0,26.31,114,19,179,7,1.57,0.54,0.61,0.25,1025,-1.0,1,1
555,0,2017/12/25,21:41:14,25.38,25.44,25.06,25.88,0,0,0,0,0.08,0.05,0.07,0.1,355,-0.0307692307692,0,0
556,0,2017/12/22,21:49:21,25.63,25.63,25.25,25.94,0,0,0,0,0.07,0.05,0.07,0.06,550,-1.90384615385,0,0
557,3,2017/12/23,18:37:44,26.25,26.38,25.94,26.31,150,234,185,10,0.18,0.18,0.18,0.08,1035,2.07692307692,0,0
558,3,2017/12/22,13:08:03,25.94,28.19,25.5,26.19,163,249,229,70,0.68,0.52,2.41,0.31,810,3.28846153846,1,1
559,0,2017/12/23,02:59:47,25.25,25.25,24.75,25.63,0,0,0,0,0.06,0.05,0.07,0.06,365,0.0,0,0
560,0,2018/01/11,01:30:51,25.19,25.19,24.75,25.25,0,0,0,0,0.07,0.05,0.05,0.09,345,0.0,0,0
561,0,2017/12/25,17:49:26,25.44,25.44,25.25,26.06,0,0,0,0,0.08,0.05,0.05,0.1,350,0.0,0,0
562,0,2017/12/24,01:32:19,25.38,25.38,24.94,25.75,0,0,0,0,0.08,0.05,0.06,0.07,365,0.0,0,0
563,0,2017/12/23,07:47:15,25.0,25.0,24.44,25.31,3,3,17,12,0.08,0.05,0.08,0.06,355,0.00384615384615,0,0
564,0,2018/01/10,18:45:57,25.69,25.75,25.44,25.75,0,0,0,0,0.08,0.04,0.05,0.08,665,-3.00384615385,0,0
565,0,2017/12/26,02:06:13,25.31,25.38,24.88,25.81,0,0,0,0,0.08,0.05,0.07,0.1,355,0.0,0,0
566,0,2018/01/10,23:55:52,25.25,25.31,24.88,25.38,0,0,0,0,0.07,0.04,0.05,0.08,345,0.0,0,0
567,0,2017/12/22,20:19:29,25.94,26.13,25.63,26.13,0,0,0,0,0.08,0.07,0.06,0.06,940,-2.82692307692,0,0
568,3,2017/12/23,18:32:37,26.25,26.31,25.88,26.44,150,235,186,10,0.24,0.2,0.29,0.12,1010,2.13846153846,0,0
569,0,2017/12/26,08:02:06,25.06,25.06,24.56,25.06,5,5,23,16,0.08,0.05,0.05,0.1,350,0.0,0,0
570,0,2017/12/22,19:39:40,26.31,27.06,26.06,26.31,0,0,0,0,0.07,0.05,2.81,0.06,1240,1.90384615385,0,0
571,0,2017/12/25,10:07:21,25.06,25.06,24.69,25.63,9,10,44,30,0.07,0.05,0.06,0.09,355,0.0,0,0
572,0,2017/12/24,07:44:32,25.06,25.13,24.5,25.44,3,3,17,11,0.07,0.05,0.06,0.06,360,0.0576923076923,0,0
573,1,2017/12/23,12:29:05,25.63,25.31,25.13,25.94,123,37,69,49,1.05,0.37,0.18,0.18,375,0.219230769231,0,0
574,0,2017/12/25,18:58:52,25.44,25.44,25.13,26.0,0,0,0,0,0.07,0.05,0.06,0.1,350,-0.0923076923077,0,0
575,0,2017/12/25,14:12:56,25.31,25.38,25.31,26.06,19,23,80,58,0.11,0.14,0.12,0.1,355,0.0,0,0
576,2,2017/12/23,19:10:55,26.25,26.19,25.94,26.38,114,19,178,7,0.07,0.06,0.11,0.06,1035,-0.453846153846,0,0
577,0,2017/12/22,23:55:59,25.44,25.44,24.94,25.75,0,0,0,0,0.07,0.05,0.07,0.06,380,0.0,0,0
578,0,2017/12/23,21:16:01,25.75,25.75,25.38,26.06,0,0,0,0,0.07,0.05,0.07,0.07,685,-1.33461538462,0,0
579,0,2017/12/23,23:31:49,25.44,25.44,25.0,25.5,0,0,0,0,0.07,0.04,0.06,0.06,375,-0.219230769231,0,0
580,0,2017/12/23,20:27:30,25.94,25.81,25.63,26.06,0,0,0,0,0.06,0.04,0.06,0.06,860,-2.81153846154,0,0
581,0,2017/12/26,00:09:49,25.44,25.38,24.94,25.88,0,0,0,0,0.08,0.06,0.07,0.1,355,0.0,0,0
582,0,2017/12/26,01:13:38,25.38,25.38,24.94,25.88,0,0,0,0,0.07,0.06,0.06,0.09,355,0.0,0,0
583,3,2018/01/10,15:43:40,25.63,26.25,25.44,25.69,10,10,38,34,0.34,0.43,0.71,0.09,375,0.276923076923,0,1
584,2,2018/01/10,17:13:32,25.94,26.13,25.81,25.94,147,232,177,23,0.41,0.39,0.86,0.2,815,1.57692307692,1,1
585,0,2017/12/23,06:47:00,25.06,25.06,24.44,25.31,0,0,0,0,0.07,0.05,0.06,0.06,355,0.0,0,0
586,0,2017/12/24,07:34:50,25.06,25.13,24.5,25.5,2,2,13,9,0.06,0.05,0.06,0.07,360,0.0576923076923,0,0
587,0,2017/12/26,09:05:25,25.06,25.06,24.69,25.25,6,6,33,22,0.08,0.05,0.07,0.1,350,0.0,0,0
588,0,2017/12/23,10:46:28,25.19,25.13,24.81,25.69,10,11,50,35,0.08,0.05,0.07,0.06,360,0.123076923077,0,0
589,0,2017/12/23,08:41:53,25.06,25.0,24.5,25.38,6,6,31,21,0.07,0.05,0.06,0.05,360,0.0,0,0
590,0,2018/01/11,02:06:04,25.19,25.25,24.69,25.25,0,0,0,0,0.07,0.04,0.06,0.09,345,0.0,0,0
591,3,2017/12/22,17:48:22,26.25,25.94,25.94,26.31,149,237,180,11,0.85,0.56,1.97,0.53,855,1.45384615385,1,1
592,0,2017/12/25,13:57:37,25.38,25.38,25.31,26.0,20,24,83,60,0.11,0.05,0.06,0.1,355,0.0,0,0
593,0,2018/01/10,19:13:31,25.63,25.63,25.31,25.69,0,0,0,0,0.08,0.05,0.05,0.09,590,-1.64615384615,0,0
594,2,2017/12/23,19:50:14,26.25,26.19,25.94,26.25,114,19,182,7,0.83,0.26,1.58,0.43,1020,-1.09230769231,1,1
595,0,2017/12/25,18:18:32,25.44,25.44,25.19,26.0,0,0,0,0,0.07,0.05,0.06,0.09,350,0.115384615385,0,0
596,0,2017/12/24,01:25:41,25.38,25.38,24.88,25.75,0,0,0,0,0.06,0.05,0.06,0.06,365,0.0,0,0
597,0,2018/01/11,04:03:30,25.19,25.13,24.63,25.31,0,0,0,0,0.08,0.04,0.05,0.08,345,0.0,0,0
598,0,2017/12/23,00:19:58,25.38,25.38,24.94,25.75,0,0,0,0,0.07,0.05,0.07,0.06,380,-0.242307692308,0,0
599,0,2017/12/24,00:07:34,25.44,25.44,24.94,25.63,0,0,0,0,0.07,0.05,0.06,0.06,370,0.0,0,0
600,0,2017/12/22,21:04:25,25.75,25.81,25.38,25.94,0,0,0,0,0.07,0.05,0.06,0.06,715,-2.2,0,0
601,0,2017/12/26,00:00:37,25.38,25.38,25.0,25.81,0,0,0,0,0.08,0.06,0.07,0.1,355,0.0,0,0
602,0,2017/12/25,09:28:33,25.06,25.06,24.56,25.44,7,8,37,24,0.08,0.05,0.06,0.11,355,0.0,0,0
603,0,2017/12/22,20:38:23,25.88,25.94,25.56,26.06,0,0,0,0,0.07,0.05,0.07,0.07,830,-3.40769230769,0,0
604,0,2017/12/23,14:59:42,25.81,26.88,25.5,26.31,11,12,58,42,0.07,0.36,0.17,0.07,515,-0.980769230769,1,0
605,0,2017/12/24,07:15:57,25.13,25.13,24.5,25.44,1,1,7,5,0.07,0.05,0.06,0.06,360,0.103846153846,0,0
606,0,2017/12/24,03:12:24,25.31,25.31,24.75,25.63,0,0,0,0,0.07,0.05,0.06,0.06,360,0.0423076923077,0,0
607,0,2018/01/10,22:50:31,25.31,25.31,24.94,25.38,0,0,0,0,0.07,0.04,0.06,0.09,350,0.0,0,0
608,2,2017/12/23,19:21:38,26.25,26.19,25.94,26.31,114,19,180,7,0.18,0.43,0.5,0.45,1035,-0.742307692308,0,0
609,3,2017/12/22,14:03:42,26.13,27.19,26.0,26.38,165,255,277,72,0.36,0.12,0.21,0.14,945,1.28461538462,0,0
610,2,2017/12/23,17:25:44,26.13,25.88,25.75,26.31,117,22,185,10,0.61,0.54,1.43,0.44,725,1.62307692308,0,1
611,0,2017/12/23,03:07:27,25.25,25.25,24.75,25.69,0,0,0,0,0.06,0.05,0.06,0.07,365,0.0,0,0
612,2,2017/12/23,13:13:30,25.88,25.81,25.31,26.19,160,249,80,59,0.11,0.09,0.08,0.06,445,2.22692307692,0,0
613,0,2017/12/23,06:19:25,25.06,25.06,24.44,25.13,0,0,0,0,0.07,0.05,0.07,0.06,355,-0.0730769230769,0,0
614,0,2017/12/23,09:10:59,25.06,25.06,24.56,25.38,6,7,35,23,0.08,0.05,0.06,0.06,360,0.0,0,0
615,0,2017/12/24,07:52:42,25.13,25.13,24.5,25.44,4,4,20,14,0.06,0.05,0.06,0.06,360,-0.0153846153846,0,0
616,3,2017/12/22,13:43:17,26.06,27.31,25.94,26.25,165,254,276,71,0.97,1.21,3.12,0.68,880,0.865384615385,1,1
617,0,2017/12/22,14:49:39,26.0,26.13,25.81,26.38,16,21,94,58,0.06,0.05,0.07,0.06,765,-3.09615384615,0,0
618,0,2017/12/23,08:04:36,25.06,25.06,24.44,25.38,5,5,24,16,0.08,0.05,0.06,0.06,360,0.2,0,0
619,1,2017/12/22,10:54:47,25.06,24.81,24.56,25.44,122,35,57,43,2.2,0.31,0.33,0.21,390,-0.276923076923,1,1
620,0,2017/12/23,15:04:18,25.81,26.81,25.5,26.25,12,12,62,45,0.08,0.06,0.07,0.06,505,-1.60384615385,0,0
621,0,2017/12/24,03:35:53,25.31,25.31,24.75,25.63,0,0,0,0,0.07,0.05,0.07,0.06,360,0.0,0,0
622,0,2018/01/11,03:02:14,25.19,25.19,24.69,25.25,0,0,0,0,0.07,0.04,0.05,0.08,345,0.0,0,0
623,0,2017/12/26,01:33:33,25.38,25.38,24.94,25.81,0,0,0,0,0.08,0.04,0.06,0.11,355,0.0,0,0
624,0,2017/12/23,01:07:58,25.38,25.38,24.94,25.75,0,0,0,0,0.08,0.05,0.06,0.05,370,-0.138461538462,0,0
625,0,2017/12/25,09:23:26,25.06,25.06,24.56,25.44,7,7,37,24,0.08,0.05,0.06,0.1,355,-0.0461538461538,0,0
626,0,2017/12/24,09:00:06,25.13,25.13,24.63,25.5,7,7,35,23,0.07,0.05,0.06,0.07,360,-0.0192307692308,0,0
627,0,2017/12/24,08:01:23,25.06,25.13,24.56,25.5,5,5,24,16,0.06,0.05,0.06,0.06,360,0.0,0,0
628,0,2017/12/25,12:34:24,25.25,25.31,25.13,25.88,16,20,72,51,0.1,0.07,0.12,0.1,355,0.0,0,0
629,2,2017/12/23,17:14:30,26.19,25.81,25.69,26.31,117,23,188,11,3.6,0.25,0.85,0.23,700,2.41538461538,1,0
630,0,2017/12/25,13:18:49,25.31,25.31,25.19,25.94,17,20,73,53,0.15,0.24,0.07,0.1,355,0.0,0,0
631,0,2017/12/26,08:47:02,25.06,25.06,24.63,25.38,6,6,33,22,0.08,0.05,0.07,0.09,350,0.0,0,0
632,1,2017/12/23,15:28:49,25.81,26.81,25.5,26.25,117,25,49,35,0.8,0.17,0.08,0.1,415,-1.69615384615,0,0
633,1,2017/12/22,16:13:54,26.06,25.75,25.56,26.31,118,27,46,27,0.07,0.05,0.07,0.06,620,0.884615384615,0,0
634,0,2017/12/25,22:08:48,25.38,25.44,25.06,25.88,0,0,0,0,0.09,0.06,0.05,0.09,355,-0.0230769230769,0,0
635,0,2017/12/24,07:32:48,25.06,25.13,24.5,25.38,2,2,13,8,0.07,0.05,0.06,0.06,355,0.0115384615385,0,0
636,0,2017/12/23,10:25:31,25.13,25.13,24.75,25.69,10,10,48,33,0.08,0.05,0.06,0.06,355,-0.153846153846,0,0
637,0,2018/01/11,05:16:01,25.13,25.13,24.63,25.25,0,0,0,0,0.08,0.04,0.05,0.1,345,0.0,0,0
638,2,2018/01/10,17:12:31,25.94,26.13,25.81,25.94,147,233,176,23,0.1,0.14,0.08,0.09,810,1.59230769231,1,1
639,0,2017/12/26,07:24:50,25.06,25.06,24.56,25.19,1,1,10,6,0.08,0.05,0.07,0.1,350,0.0,0,0
640,1,2017/12/23,16:11:11,26.06,26.75,25.56,26.31,118,22,33,22,0.06,0.05,0.11,0.06,490,0.738461538462,0,0
641,0,2017/12/23,09:14:03,25.06,25.06,24.56,25.25,6,7,34,23,0.08,0.06,0.06,0.06,360,0.0,0,0
642,0,2017/12/26,05:11:34,25.25,25.25,24.75,25.56,0,0,0,0,0.08,0.05,0.06,0.1,355,0.0,0,0
643,0,2017/12/24,02:47:23,25.31,25.31,24.81,25.69,0,0,0,0,0.07,0.05,0.06,0.06,360,-0.184615384615,0,0
644,0,2017/12/23,03:50:51,25.19,25.19,24.69,25.56,0,0,0,0,0.08,0.05,0.06,0.05,360,-0.0423076923077,0,0
645,0,2018/01/10,18:34:43,25.75,25.81,25.5,25.81,0,0,0,0,0.08,0.05,0.06,0.09,735,-1.46153846154,0,0
646,0,2017/12/23,00:25:05,25.38,25.38,24.94,25.75,0,0,0,0,0.06,0.05,0.05,0.06,375,-0.0346153846154,0,0
647,2,2017/12/23,13:38:32,25.94,25.94,25.38,26.31,161,253,83,62,0.91,1.18,0.45,0.45,530,1.36153846154,1,0
648,2,2018/01/10,17:44:41,25.94,26.31,25.81,26.0,143,227,6,7,0.29,1.2,0.18,0.08,840,0.730769230769,1,0
649,2,2017/12/22,13:34:05,26.06,27.44,25.88,26.31,165,254,276,71,0.78,0.11,1.93,0.54,865,0.85,1,0
650,0,2018/01/11,03:50:45,25.19,25.19,24.69,25.31,0,0,0,0,0.08,0.04,0.06,0.08,345,0.0,0,0
651,0,2017/12/26,02:02:08,25.31,25.38,24.88,25.81,0,0,0,0,0.08,0.05,0.06,0.1,355,0.0,0,0
652,1,2017/12/23,12:07:38,25.44,25.31,25.06,25.88,124,37,70,50,1.63,0.53,0.59,0.21,365,0.261538461538,0,0
653,0,2017/12/22,15:02:56,25.88,26.0,25.75,26.31,14,19,86,54,0.07,0.05,0.06,0.06,705,-2.56538461538,0,0
654,0,2017/12/25,10:01:44,25.0,25.06,24.69,25.5,9,10,45,31,0.08,0.04,0.06,0.1,355,0.0,0,0
655,0,2017/12/26,07:00:50,25.13,25.13,24.63,25.31,0,0,3,2,0.1,0.06,0.06,0.1,350,-0.00384615384615,0,0
656,0,2017/12/25,12:13:28,25.25,25.25,25.0,25.88,18,20,76,54,0.08,0.06,0.06,0.09,355,0.0,0,0
657,0,2017/12/24,06:26:56,25.13,25.19,24.56,25.44,0,0,0,0,0.06,0.05,0.05,0.05,355,-0.134615384615,0,0
658,0,2017/12/26,03:57:32,25.31,25.31,24.81,25.63,0,0,0,0,0.07,0.05,0.06,0.09,355,0.0,0,0
659,0,2017/12/23,08:36:16,25.06,25.06,24.5,25.31,5,6,31,21,0.08,0.05,0.07,0.05,360,0.0,0,0
660,0,2017/12/26,07:49:20,25.06,25.06,24.56,25.0,3,3,18,13,0.08,0.05,0.06,0.1,350,0.0,0,0
661,0,2017/12/24,02:24:55,25.31,25.38,24.81,25.69,0,0,0,0,0.07,0.06,0.06,0.06,360,-0.0884615384615,0,0
662,0,2017/12/23,21:50:13,25.69,25.63,25.25,25.88,0,0,0,0,0.06,0.04,0.11,0.06,530,-2.18076923077,0,0
663,0,2017/12/22,21:55:29,25.63,25.63,25.25,25.81,0,0,0,0,0.07,0.05,0.06,0.06,525,-1.71153846154,0,0
664,0,2017/12/26,07:44:45,25.06,25.06,24.56,25.13,3,3,16,10,0.08,0.06,0.06,0.1,350,0.0,0,0
665,2,2017/12/22,13:33:04,26.0,27.5,25.88,26.31,165,254,275,70,0.29,0.44,0.92,0.74,870,1.21923076923,0,1
666,3,2017/12/22,18:40:57,26.31,26.69,26.0,26.38,150,237,180,11,0.88,0.42,0.22,0.13,1165,3.15384615385,0,0
667,0,2017/12/23,11:13:31,25.19,25.19,24.88,25.81,13,14,60,42,0.08,0.05,0.06,0.06,360,-0.0423076923077,0,0
668,0,2018/01/11,02:37:13,25.19,25.19,24.69,25.25,0,0,0,0,0.07,0.05,0.05,0.09,345,0.0,0,0
669,1,2017/12/23,16:03:32,26.0,26.81,25.5,26.25,119,23,35,26,0.31,0.22,0.06,0.1,475,1.49230769231,0,0
670,3,2018/01/10,16:37:47,25.81,26.13,25.75,25.81,4,4,29,16,0.16,0.86,0.07,0.09,675,3.51153846154,0,0
671,3,2017/12/23,18:15:46,26.25,26.19,25.88,26.31,149,234,185,10,0.52,0.05,0.12,0.11,940,2.66923076923,0,0
672,0,2017/12/25,20:17:30,25.44,25.44,25.06,26.0,0,0,0,0,0.07,0.05,0.06,0.1,350,-0.161538461538,0,0
673,0,2018/01/11,06:06:33,25.13,25.13,24.56,25.19,0,0,0,0,0.08,0.04,0.05,0.09,345,0.0,0,0
674,0,2018/01/11,03:12:27,25.19,25.19,24.69,25.25,0,0,0,0,0.07,0.05,0.05,0.1,345,0.0,0,0
675,0,2018/01/11,08:38:12,25.06,25.06,24.69,25.19,6,7,32,21,0.08,0.05,0.06,0.09,345,0.0,0,0
676,0,2017/12/23,20:03:00,26.13,26.0,25.81,26.19,0,0,0,0,0.07,0.05,0.07,0.06,990,-1.30769230769,0,0
677,3,2017/12/22,13:45:50,26.13,27.06,26.0,26.31,164,255,278,71,0.12,0.07,0.46,0.08,875,1.11153846154,0,0
678,0,2017/12/24,01:42:32,25.38,25.38,24.88,25.75,0,0,0,0,0.06,0.04,0.06,0.07,365,0.0,0,0
679,0,2017/12/23,00:53:40,25.38,25.38,24.88,25.75,0,0,0,0,0.07,0.05,0.06,0.06,375,0.0,0,0
680,0,2017/12/26,01:21:18,25.38,25.38,24.94,25.81,0,0,0,0,0.07,0.05,0.06,0.09,355,0.0,0,0
681,0,2017/12/25,13:34:39,25.31,25.31,25.25,25.94,16,19,69,50,0.08,0.05,0.06,0.1,355,0.0,0,0
682,0,2017/12/26,07:47:18,25.06,25.06,24.56,25.19,3,3,17,12,0.08,0.04,0.06,0.1,350,0.0,0,0
683,0,2017/12/25,19:40:44,25.44,25.44,25.13,25.94,0,0,0,0,0.08,0.05,0.06,0.11,355,-0.0884615384615,0,0
684,0,2018/01/11,02:17:49,25.19,25.19,24.75,25.25,0,0,0,0,0.07,0.04,0.05,0.09,345,0.0,0,0
685,0,2017/12/23,04:18:56,25.19,25.19,24.63,25.5,0,0,0,0,0.08,0.05,0.06,0.06,360,0.0,0,0
686,0,2017/12/26,06:17:57,25.19,25.19,24.63,25.44,0,0,0,0,0.07,0.05,0.06,0.11,355,0.0,0,0
687,0,2017/12/24,08:28:27,25.13,25.13,24.56,25.44,6,6,32,21,0.06,0.05,0.06,0.06,360,0.0,0,0
688,3,2018/01/10,16:08:11,25.69,26.13,25.63,25.81,7,7,29,26,0.15,0.43,0.19,0.11,475,2.82692307692,0,1
689,0,2017/12/23,07:14:34,25.06,25.06,24.44,25.31,0,0,7,5,0.08,0.05,0.06,0.06,355,0.0,0,0
690,3,2017/12/22,17:38:39,26.19,25.88,25.94,26.38,149,240,180,12,0.08,0.06,0.2,0.07,835,1.81923076923,1,1
691,0,2018/01/11,01:02:15,25.19,25.25,24.81,25.31,0,0,0,0,0.07,0.05,0.06,0.08,345,0.0,0,0
692,0,2017/12/25,23:49:23,25.38,25.38,25.0,25.88,0,0,0,0,0.09,0.05,0.07,0.1,355,0.0,0,0
693,0,2017/12/25,23:56:32,25.38,25.38,25.0,25.81,0,0,0,0,0.08,0.05,0.06,0.1,355,0.0,0,0
694,0,2018/01/11,05:14:59,25.19,25.13,24.63,25.25,0,0,0,0,0.08,0.05,0.06,0.08,345,0.0,0,0
695,0,2018/01/10,23:04:18,25.31,25.31,24.94,25.44,0,0,0,0,0.07,0.05,0.05,0.09,345,-0.115384615385,0,0
696,0,2017/12/23,09:02:18,25.0,25.06,24.56,25.31,6,6,33,21,0.08,0.06,0.07,0.06,360,0.0,0,0
697,1,2017/12/23,15:32:23,25.81,26.81,25.5,26.25,120,26,49,35,0.26,0.08,0.08,0.06,420,-1.82307692308,0,0
698,0,2018/01/11,02:43:51,25.19,25.19,24.69,25.25,0,0,0,0,0.07,0.04,0.05,0.08,345,0.0,0,0
699,3,2017/12/22,13:55:02,26.06,27.25,26.0,26.31,163,255,254,72,0.91,0.23,1.37,0.34,925,2.00769230769,1,1
700,3,2018/01/10,16:24:31,25.75,26.06,25.69,25.88,5,7,24,22,0.09,0.05,0.07,0.08,585,3.61538461538,0,0
701,0,2017/12/26,06:33:16,25.19,25.19,24.63,25.44,0,0,0,0,0.07,0.05,0.06,0.09,355,-0.0423076923077,0,0
702,0,2017/12/24,02:38:42,25.31,25.38,24.81,25.69,0,0,0,0,0.06,0.05,0.06,0.07,360,-0.0423076923077,0,0
703,0,2017/12/25,20:36:54,25.44,25.5,25.13,26.0,0,0,0,0,0.07,0.05,0.05,0.1,355,0.211538461538,0,0
704,0,2017/12/24,04:27:58,25.25,25.25,24.69,25.56,0,0,0,0,0.07,0.05,0.07,0.07,360,0.0,0,0
705,3,2018/01/10,16:03:04,25.69,26.19,25.56,25.75,8,8,30,29,0.14,0.57,0.2,0.09,475,2.67307692308,0,1
706,0,2017/12/22,20:04:10,26.06,26.31,25.81,26.25,0,0,0,0,0.07,0.05,0.06,0.06,1030,-4.87307692308,0,0
707,0,2017/12/23,06:03:05,25.13,25.13,24.5,25.25,0,0,0,0,0.08,0.05,0.07,0.05,355,-0.0307692307692,0,0
708,0,2017/12/24,05:31:47,25.19,25.19,24.63,25.5,0,0,0,0,0.06,0.05,0.07,0.06,360,0.0,0,0
709,0,2017/12/25,13:25:27,25.31,25.31,25.19,26.0,17,20,74,53,0.08,0.05,0.07,0.1,355,0.0,0,0
710,3,2017/12/22,14:00:08,26.13,27.06,26.0,26.31,165,256,279,73,0.11,0.07,0.13,0.12,930,1.51538461538,0,0
711,0,2017/12/23,04:28:07,25.19,25.19,24.63,25.5,0,0,0,0,0.07,0.05,0.06,0.06,360,0.0,0,0
712,0,2017/12/25,21:31:01,25.38,25.44,25.06,25.94,0,0,0,0,0.08,0.05,0.06,0.1,355,-0.00384615384615,0,0
713,0,2017/12/26,03:37:07,25.31,25.31,24.81,25.69,0,0,0,0,0.08,0.05,0.06,0.09,355,0.0,0,0
714,0,2017/12/26,00:27:41,25.38,25.38,24.94,25.81,0,0,0,0,0.08,0.05,0.06,0.1,355,0.0,0,0
715,0,2017/12/23,21:52:46,25.63,25.63,25.25,25.81,0,0,0,0,0.07,0.05,0.06,0.07,525,-1.93846153846,0,0
716,0,2017/12/24,07:17:29,25.13,25.13,24.5,25.44,1,1,7,5,0.06,0.05,0.06,0.06,360,0.161538461538,0,0
717,2,2017/12/22,12:19:33,25.69,28.13,25.13,26.06,157,244,80,61,0.21,0.27,0.13,0.14,635,1.55769230769,1,0
718,0,2017/12/24,05:48:38,25.19,25.19,24.56,25.5,0,0,0,0,0.07,0.05,0.06,0.06,360,0.0,0,0
719,0,2018/01/11,03:41:03,25.19,25.19,24.69,25.31,0,0,0,0,0.08,0.04,0.05,0.09,345,0.0,0,0
720,0,2018/01/11,00:42:51,25.25,25.25,24.81,25.31,0,0,0,0,0.07,0.04,0.05,0.1,345,0.0,0,0
721,0,2017/12/23,00:38:21,25.38,25.38,24.94,25.69,0,0,0,0,0.07,0.05,0.07,0.06,375,0.0,0,0
722,0,2017/12/26,05:17:42,25.25,25.25,24.75,25.56,0,0,0,0,0.08,0.05,0.05,0.1,355,0.0,0,0
723,0,2017/12/23,04:43:26,25.19,25.19,24.63,25.44,0,0,0,0,0.08,0.05,0.06,0.05,360,0.0,0,0
724,0,2017/12/25,22:39:26,25.44,25.44,25.06,25.94,0,0,0,0,0.08,0.05,0.07,0.11,355,0.0,0,0
725,0,2017/12/24,07:29:44,25.06,25.13,24.5,25.38,2,2,11,7,0.07,0.05,0.06,0.07,360,0.0115384615385,0,0
726,0,2017/12/25,17:47:23,25.44,25.44,25.25,26.13,0,0,0,0,0.08,0.05,0.07,0.09,350,-0.0461538461538,0,0
727,2,2017/12/23,19:01:13,26.25,26.25,25.94,26.31,114,19,179,7,0.07,0.58,0.1,0.09,1045,0.403846153846,0,0
728,3,2018/01/10,16:31:40,25.81,26.06,25.69,25.81,5,6,21,19,0.19,0.14,0.22,0.11,620,2.67307692308,0,0
729,0,2018/01/10,21:38:01,25.38,25.38,25.0,25.5,0,0,0,0,0.07,0.04,0.06,0.08,365,-0.219230769231,0,0
730,0,2017/12/25,19:54:31,25.44,25.44,25.13,25.94,0,0,0,0,0.08,0.04,0.06,0.09,350,-0.0923076923077,0,0
731,0,2018/01/10,18:54:38,25.69,25.75,25.38,25.75,0,0,0,0,0.07,0.05,0.05,0.09,645,-1.38076923077,0,0
732,0,2017/12/22,22:46:32,25.5,25.56,25.06,25.88,0,0,0,0,0.07,0.04,0.06,0.06,410,-0.926923076923,0,0
733,0,2017/12/25,10:44:06,25.13,25.13,24.75,25.69,11,12,51,35,0.08,0.05,0.08,0.1,355,0.0,0,0
734,0,2018/01/11,00:50:00,25.19,25.25,24.81,25.31,0,0,0,0,0.07,0.04,0.05,0.08,345,0.0,0,0
735,0,2018/01/10,23:28:18,25.25,25.31,24.88,25.38,0,0,0,0,0.07,0.05,0.06,0.09,345,0.0,0,0
736,0,2017/12/24,05:07:47,25.25,25.25,24.63,25.5,0,0,0,0,0.07,0.05,0.06,0.06,360,-0.0307692307692,0,0
737,0,2017/12/23,07:32:26,25.06,25.0,24.44,25.31,2,2,12,7,0.07,0.05,0.07,0.06,355,0.00769230769231,0,0
738,0,2017/12/22,21:27:54,25.69,25.69,25.31,25.88,0,0,0,0,0.07,0.05,0.06,0.07,620,-2.08076923077,0,0
739,0,2017/12/25,17:50:27,25.44,25.44,25.19,26.13,0,0,0,0,0.08,0.05,0.06,0.1,350,0.0,0,0
740,0,2017/12/25,22:45:34,25.38,25.38,25.06,25.88,0,0,0,0,0.08,0.06,0.07,0.1,355,0.0,0,0
741,3,2017/12/22,14:15:27,26.19,27.31,26.13,26.38,160,247,218,59,0.9,1.02,2.62,0.61,950,0.223076923077,1,1
742,0,2018/01/11,06:20:21,25.13,25.06,24.56,25.19,0,0,0,0,0.08,0.04,0.05,0.09,345,0.0,0,0
743,0,2017/12/22,20:18:28,25.94,26.13,25.69,26.13,0,0,0,0,0.07,0.1,0.07,0.07,950,-2.71538461538,0,0
744,0,2017/12/25,10:47:10,25.13,25.13,24.81,25.69,11,13,53,38,0.08,0.05,0.06,0.09,355,0.0,0,0
745,0,2017/12/25,17:08:04,25.44,25.44,25.31,26.13,1,1,7,5,0.07,0.06,0.06,0.1,350,0.0,0,0
746,0,2017/12/23,06:49:02,25.06,25.06,24.44,25.31,0,0,1,1,0.08,0.05,0.07,0.06,355,0.0384615384615,0,0
747,0,2017/12/22,21:44:45,25.63,25.69,25.25,25.88,0,0,0,0,0.07,0.05,0.05,0.06,560,-1.74615384615,0,0
748,0,2018/01/11,04:30:03,25.19,25.13,24.69,25.25,0,0,0,0,0.08,0.04,0.06,0.09,345,0.0,0,0
749,0,2017/12/24,04:15:43,25.25,25.25,24.69,25.63,0,0,0,0,0.06,0.05,0.05,0.05,360,0.0,0,0
750,0,2018/01/11,01:41:34,25.13,25.19,24.75,25.25,0,0,0,0,0.07,0.05,0.05,0.09,345,0.0,0,0
751,0,2017/12/25,10:00:43,25.06,25.06,24.63,25.5,10,10,46,31,0.08,0.04,0.06,0.09,355,0.0,0,0
752,0,2017/12/25,19:18:16,25.44,25.44,25.13,26.0,0,0,0,0,0.09,0.06,0.06,0.1,355,0.134615384615,0,0
753,0,2017/12/26,07:36:34,25.06,25.06,24.56,25.19,2,2,13,8,0.08,0.05,0.07,0.09,350,0.0,0,0
754,0,2017/12/23,21:41:02,25.63,25.63,25.31,25.81,0,0,0,0,0.07,0.05,0.07,0.06,570,-2.22692307692,0,0
755,0,2018/01/11,04:15:15,25.19,25.13,24.69,25.25,0,0,0,0,0.08,0.04,0.06,0.08,345,0.0,0,0
756,0,2017/12/25,23:08:32,25.38,25.38,25.06,25.88,0,0,0,0,0.08,0.06,0.06,0.1,355,0.0,0,0
757,2,2017/12/23,17:24:43,26.19,25.88,25.75,26.31,117,22,186,10,0.64,0.34,1.32,0.43,735,2.11153846154,0,0
758,0,2017/12/24,06:39:42,25.13,25.13,24.5,25.44,0,0,0,0,0.07,0.05,0.06,0.06,360,0.107692307692,0,0
759,0,2017/12/24,00:58:07,25.38,25.44,24.94,25.69,0,0,0,0,0.07,0.05,0.06,0.06,370,-0.0807692307692,0,0
760,0,2017/12/24,06:38:10,25.13,25.19,24.56,25.44,0,0,0,0,0.07,0.05,0.06,0.06,355,0.0961538461538,0,0
761,0,2017/12/25,21:46:20,25.38,25.44,25.06,25.88,0,0,0,0,0.07,0.04,0.06,0.09,355,0.00769230769231,0,0
762,0,2018/01/11,00:27:01,25.25,25.25,24.81,25.31,0,0,0,0,0.07,0.05,0.06,0.09,345,0.0,0,0
763,0,2017/12/25,20:08:18,25.44,25.44,25.13,26.0,0,0,0,0,0.08,0.05,0.06,0.1,350,0.0346153846154,0,0
764,1,2017/12/23,15:52:49,25.94,26.81,25.5,26.31,120,24,42,31,0.68,0.16,0.12,0.14,450,1.12307692308,1,0
765,3,2017/12/23,18:12:12,26.25,26.25,25.88,26.44,149,234,185,10,0.63,0.54,1.97,0.54,945,3.12692307692,0,1
766,0,2017/12/23,09:46:13,25.06,25.06,24.63,25.38,8,8,40,26,0.07,0.06,0.07,0.06,360,-0.0423076923077,0,0
767,0,2018/01/10,19:19:08,25.63,25.63,25.25,25.75,0,0,0,0,0.07,0.05,0.05,0.08,565,-1.94230769231,0,0
768,0,2018/01/11,00:19:52,25.19,25.25,24.81,25.38,0,0,0,0,0.07,0.04,0.06,0.09,345,0.0,0,0
769,3,2018/01/10,15:46:44,25.63,26.25,25.5,25.69,10,10,53,32,0.1,0.21,0.1,0.08,380,0.480769230769,1,1
770,3,2018/01/10,15:55:55,25.69,26.44,25.56,25.75,9,9,50,30,0.57,0.34,0.23,0.13,420,2.43461538462,1,1
771,0,2018/01/11,06:43:50,25.06,25.06,24.56,25.19,0,0,0,0,0.07,0.04,0.05,0.08,345,0.0,0,0
772,0,2018/01/11,08:28:30,25.13,25.06,24.63,25.19,6,6,31,21,0.08,0.04,0.05,0.08,345,0.0,0,0
773,0,2017/12/23,11:03:49,25.19,25.19,24.81,25.69,11,13,54,39,0.08,0.05,0.06,0.07,355,-0.0423076923077,0,0
774,3,2018/01/10,15:48:16,25.63,26.31,25.5,25.75,9,10,52,31,0.31,0.39,0.16,0.09,380,0.503846153846,1,1
775,0,2017/12/26,03:05:27,25.31,25.31,24.81,25.75,0,0,0,0,0.07,0.05,0.06,0.1,355,0.0,0,0
776,2,2017/12/23,12:51:02,25.69,25.5,25.19,26.06,154,243,72,54,0.78,1.01,0.31,0.31,385,0.126923076923,1,1
777,2,2018/01/10,17:30:54,25.94,26.19,25.88,25.94,145,230,171,20,0.32,0.45,1.15,0.36,840,1.95,1,1
778,2,2017/12/23,17:10:25,26.19,25.88,25.69,26.31,117,23,189,12,0.58,0.41,1.56,0.5,680,2.75769230769,0,1
779,0,2017/12/24,04:55:01,25.25,25.25,24.63,25.56,0,0,0,0,0.07,0.05,0.05,0.06,360,0.0,0,0
780,0,2017/12/24,08:57:33,25.13,25.13,24.63,25.44,6,7,35,23,0.07,0.05,0.06,0.06,355,-0.0269230769231,0,0
781,0,2017/12/26,04:23:34,25.25,25.31,24.75,25.69,0,0,0,0,0.07,0.05,0.06,0.1,355,0.0,0,0
782,0,2017/12/25,11:07:36,25.19,25.13,24.81,25.75,13,14,58,41,0.08,0.05,0.06,0.1,355,0.0,0,0
783,0,2017/12/23,04:07:11,25.19,25.19,24.69,25.56,0,0,0,0,0.09,0.05,0.06,0.06,360,0.0,0,0
784,0,2017/12/23,02:26:36,25.31,25.31,24.81,25.69,0,0,0,0,0.07,0.05,0.07,0.06,365,-0.0807692307692,0,0
785,0,2017/12/25,14:41:01,25.38,25.44,25.38,26.13,18,23,83,60,0.08,0.06,0.06,0.1,355,0.0,0,0
786,0,2017/12/22,22:58:47,25.44,25.5,25.13,25.81,0,0,0,0,0.06,0.05,0.06,0.06,390,-0.942307692308,0,0
787,0,2018/01/10,22:17:20,25.31,25.38,25.0,25.5,0,0,0,0,0.07,0.04,0.05,0.09,355,-0.153846153846,0,0
788,0,2017/12/22,20:23:04,25.94,26.06,25.63,26.06,0,0,0,0,0.06,0.05,0.05,0.07,915,-3.26153846154,0,0
789,0,2017/12/25,22:47:36,25.38,25.44,25.06,25.88,0,0,0,0,0.08,0.05,0.06,0.1,355,0.0,0,0
790,0,2017/12/23,01:39:37,25.31,25.31,24.81,25.81,0,0,0,0,0.06,0.04,0.06,0.06,370,0.0,0,0
791,0,2017/12/23,21:01:12,25.81,25.75,25.44,26.06,0,0,0,0,0.07,0.05,0.06,0.07,735,-2.09230769231,0,0
792,0,2018/01/10,21:13:00,25.44,25.44,25.06,25.56,0,0,0,0,0.07,0.04,0.05,0.09,370,-0.257692307692,0,0
793,0,2017/12/23,10:26:33,25.13,25.13,24.75,25.69,10,10,48,32,0.08,0.05,0.06,0.06,360,-0.126923076923,0,0
794,0,2017/12/22,14:23:06,26.13,26.56,26.0,26.38,19,22,98,61,0.09,0.09,0.1,0.07,965,0.373076923077,0,0
795,0,2018/01/11,01:20:07,25.19,25.25,24.75,25.31,0,0,0,0,0.07,0.04,0.06,0.09,345,0.0,0,0
796,0,2018/01/11,06:42:18,25.06,25.06,24.56,25.19,0,0,0,0,0.08,0.05,0.05,0.09,345,0.0,0,0
797,0,2017/12/26,04:22:02,25.25,25.25,24.75,25.69,0,0,0,0,0.08,0.05,0.07,0.09,355,0.0,0,0
798,0,2017/12/24,02:10:06,25.38,25.38,24.81,25.75,0,0,0,0,0.06,0.05,0.06,0.06,365,0.0,0,0
799,0,2017/12/25,19:26:26,25.44,25.44,25.13,26.06,0,0,0,0,0.07,0.04,0.05,0.09,355,0.0269230769231,0,0
800,0,2017/12/24,03:36:24,25.31,25.31,24.75,25.69,0,0,0,0,0.06,0.05,0.09,0.06,360,0.0,0,0
801,0,2017/12/26,06:08:45,25.19,25.25,24.63,25.5,0,0,0,0,0.08,0.04,0.07,0.09,355,0.0,0,0
802,0,2017/12/24,06:36:07,25.13,25.19,24.5,25.44,0,0,0,0,0.07,0.05,0.05,0.06,355,0.25,0,0
803,0,2017/12/25,21:05:29,25.44,25.44,25.13,25.88,0,0,0,0,0.08,0.05,0.06,0.09,355,0.123076923077,0,0
804,0,2017/12/25,15:21:21,25.44,25.44,25.44,26.19,12,14,59,43,0.08,0.05,0.06,0.1,355,0.0,0,0
805,0,2017/12/22,22:56:45,25.5,25.5,25.06,25.81,0,0,0,0,0.07,0.04,0.05,0.06,390,-1.05384615385,0,0
806,0,2018/01/10,21:37:30,25.38,25.38,25.0,25.5,0,0,0,0,0.08,0.05,0.06,0.09,365,-0.242307692308,0,0
807,0,2018/01/11,00:53:04,25.19,25.25,24.81,25.31,0,0,0,0,0.07,0.04,0.05,0.08,345,0.0,0,0
808,0,2017/12/25,09:57:08,25.06,25.06,24.63,25.5,9,10,45,30,0.08,0.05,0.06,0.09,355,0.0,0,0
809,0,2017/12/23,15:19:07,25.75,26.81,25.5,26.25,10,10,54,39,0.07,0.05,0.06,0.06,450,-1.44230769231,0,0
810,0,2018/01/10,23:31:53,25.25,25.31,24.88,25.38,0,0,0,0,0.07,0.05,0.06,0.09,345,0.0,0,0
811,0,2017/12/23,01:01:50,25.38,25.38,24.94,25.75,0,0,0,0,0.08,0.05,0.06,0.06,375,-0.207692307692,0,0
812,3,2017/12/23,18:21:23,26.25,26.25,25.88,26.38,150,234,185,10,0.21,0.9,0.35,0.29,975,2.07692307692,0,1
813,0,2017/12/26,00:52:42,25.38,25.38,24.94,25.81,0,0,0,0,0.07,0.05,0.06,0.1,355,0.0,0,0
814,0,2018/01/10,18:08:41,25.88,26.13,25.63,25.88,0,0,0,0,0.07,0.05,0.06,0.08,825,-1.21923076923,0,0
815,0,2017/12/23,05:21:13,25.13,25.19,24.56,25.44,0,0,0,0,0.08,0.05,0.06,0.06,360,0.0,0,0
816,0,2017/12/23,22:12:10,25.63,25.63,25.19,25.81,0,0,0,0,0.07,0.05,0.06,0.06,455,-2.27307692308,0,0
817,0,2017/12/25,20:01:40,25.44,25.44,25.13,26.0,0,0,0,0,0.07,0.05,0.07,0.1,350,-0.203846153846,0,0
818,0,2017/12/23,21:39:30,25.69,25.63,25.25,25.81,0,0,0,0,0.06,0.05,0.06,0.06,580,-2.28461538462,0,0
819,0,2018/01/11,06:55:04,25.13,25.06,24.56,25.19,0,0,0,0,0.08,0.04,0.05,0.08,345,0.0,0,0
820,0,2018/01/11,02:01:59,25.19,25.25,24.75,25.25,0,0,0,0,0.08,0.05,0.06,0.08,345,0.0,0,0
821,0,2018/01/10,18:46:58,25.69,25.75,25.38,25.75,0,0,0,0,0.07,0.05,0.06,0.08,665,-3.16923076923,0,0
822,0,2018/01/10,19:11:29,25.63,25.63,25.31,25.69,0,0,0,0,0.08,0.05,0.05,0.08,595,-1.42692307692,0,0
823,0,2017/12/26,00:47:05,25.38,25.38,24.94,25.81,0,0,0,0,0.08,0.04,0.07,0.1,355,0.0,0,0
824,0,2017/12/26,08:49:35,25.13,25.06,24.63,25.38,6,6,33,22,0.08,0.06,0.06,0.11,350,0.0,0,0
825,0,2017/12/24,04:42:16,25.19,25.25,24.69,25.56,0,0,0,0,0.07,0.05,0.06,0.06,360,0.0,0,0
826,2,2017/12/23,17:31:52,26.19,25.88,25.75,26.25,118,22,185,9,0.48,0.21,0.45,0.1,730,-0.780769230769,0,0
827,0,2017/12/23,08:18:54,25.06,25.06,24.5,25.31,5,5,28,19,0.08,0.05,0.06,0.06,360,0.0730769230769,0,0
828,0,2018/01/11,00:17:50,25.19,25.25,24.81,25.31,0,0,0,0,0.07,0.04,0.05,0.08,345,0.0,0,0
829,0,2018/01/10,22:06:37,25.38,25.38,25.0,25.44,0,0,0,0,0.08,0.05,0.05,0.08,360,-0.0423076923077,0,0
830,0,2017/12/25,13:30:34,25.31,25.31,25.25,25.94,17,20,74,53,0.07,0.05,0.06,0.1,355,0.0,0,0
831,0,2017/12/23,02:01:04,25.31,25.31,24.81,25.75,0,0,0,0,0.07,0.04,0.07,0.07,365,-0.215384615385,0,0
832,2,2017/12/22,16:50:40,26.13,25.75,25.75,26.31,116,26,188,19,0.34,0.44,1.58,0.37,680,2.30769230769,0,1
833,0,2018/01/10,19:00:15,25.63,25.69,25.31,25.75,0,0,0,0,0.07,0.05,0.06,0.08,630,-1.64615384615,0,0
834,0,2017/12/24,07:28:43,25.06,25.13,24.56,25.38,2,2,11,7,0.07,0.05,0.06,0.07,360,-0.00384615384615,0,0
835,0,2017/12/26,01:37:07,25.31,25.38,24.88,25.75,0,0,0,0,0.07,0.06,0.06,0.1,355,0.0,0,0
836,0,2017/12/26,07:58:01,25.06,25.06,24.56,25.0,4,4,21,14,0.08,0.05,0.07,0.1,350,0.0,0,0
837,3,2017/12/22,18:53:12,26.31,27.56,26.06,26.38,150,237,180,10,0.4,0.11,0.12,0.1,1210,2.35,0,0
838,0,2017/12/25,16:56:50,25.44,25.44,25.31,26.13,2,2,11,8,0.08,0.05,0.06,0.1,350,-0.0307692307692,0,0
839,0,2017/12/23,03:18:10,25.25,25.25,24.75,25.63,0,0,0,0,0.08,0.05,0.06,0.05,365,-0.0269230769231,0,0
840,3,2017/12/22,17:40:42,26.19,25.88,25.94,26.31,150,239,180,12,1.45,1.15,3.65,1.4,830,1.76538461538,1,1
841,0,2017/12/26,03:29:58,25.31,25.31,24.81,25.69,0,0,0,0,0.08,0.05,0.07,0.1,355,0.0,0,0
842,0,2018/01/11,02:59:41,25.19,25.19,24.69,25.25,0,0,0,0,0.07,0.04,0.06,0.09,345,0.0,0,0
843,0,2017/12/26,02:29:12,25.38,25.31,24.88,25.75,0,0,0,0,0.07,0.05,0.07,0.1,355,0.0,0,0
844,1,2017/12/23,15:58:26,26.0,26.81,25.5,26.25,119,24,38,28,0.1,0.07,0.06,0.06,460,1.49615384615,0,0
845,0,2018/01/11,04:37:43,25.13,25.13,24.63,25.25,0,0,0,0,0.08,0.05,0.06,0.08,345,0.0,0,0
846,0,2017/12/24,02:39:13,25.31,25.38,24.81,25.69,0,0,0,0,0.06,0.05,0.06,0.06,365,-0.00769230769231,0,0
847,3,2018/01/10,16:18:54,25.75,26.06,25.69,25.81,6,8,36,23,0.09,0.05,0.08,0.1,555,3.38846153846,0,0
848,0,2017/12/22,21:48:50,25.63,25.69,25.25,25.81,0,0,0,0,0.07,0.04,0.06,0.07,550,-1.98846153846,0,0
849,0,2018/01/10,20:46:58,25.5,25.44,25.13,25.56,0,0,0,0,0.07,0.04,0.05,0.08,380,-0.288461538462,0,0
850,0,2017/12/24,07:40:27,25.06,25.13,24.5,25.44,2,3,15,10,0.06,0.05,0.06,0.07,360,-0.0230769230769,0,0
851,0,2017/12/25,10:49:43,25.13,25.13,24.81,25.81,11,13,53,38,0.08,0.05,0.06,0.09,355,0.0,0,0
852,1,2017/12/22,15:59:36,26.06,25.81,25.56,26.31,119,29,54,34,0.29,0.11,0.1,0.09,595,1.15384615385,0,0
853,0,2018/01/11,08:21:52,25.13,25.06,24.63,25.13,6,6,30,20,0.08,0.05,0.05,0.08,345,0.0,0,0
854,0,2017/12/26,02:49:07,25.31,25.38,24.88,25.69,0,0,0,0,0.08,0.05,0.06,0.11,355,0.0,0,0
855,0,2017/12/23,05:35:00,25.13,25.13,24.56,25.31,0,0,0,0,0.08,0.05,0.06,0.07,360,0.0,0,0
856,0,2017/12/23,05:00:17,25.13,25.19,24.63,25.5,0,0,0,0,0.07,0.05,0.06,0.05,360,0.0,0,0
857,3,2018/01/10,16:12:46,25.75,26.19,25.63,25.81,6,6,35,23,0.38,0.69,0.28,0.19,510,1.92307692308,1,1
858,0,2017/12/23,14:27:32,25.94,26.94,25.56,26.25,14,14,68,49,0.07,0.07,0.06,0.07,645,0.246153846154,0,0
859,0,2018/01/11,03:01:13,25.19,25.19,24.75,25.25,0,0,0,0,0.07,0.04,0.06,0.08,345,0.0,0,0
860,0,2017/12/26,05:31:59,25.25,25.25,24.69,25.56,0,0,0,0,0.07,0.05,0.06,0.11,355,0.0,0,0
861,0,2017/12/23,20:31:05,25.94,25.81,25.56,26.06,0,0,0,0,0.06,0.05,0.06,0.06,845,-2.70769230769,0,0
862,0,2017/12/26,05:25:52,25.25,25.25,24.69,25.56,0,0,0,0,0.08,0.05,0.07,0.1,355,0.0,0,0
863,0,2018/01/11,04:14:14,25.19,25.13,24.63,25.31,0,0,0,0,0.07,0.05,0.06,0.09,345,0.0,0,0
864,0,2017/12/23,03:22:15,25.19,25.25,24.69,25.56,0,0,0,0,0.06,0.05,0.06,0.06,365,-0.0153846153846,0,0
865,2,2017/12/23,17:08:53,26.19,25.81,25.69,26.38,117,23,189,12,0.7,0.34,1.52,0.32,665,3.04615384615,0,0
866,0,2017/12/26,06:45:00,25.13,25.19,24.63,25.38,0,0,0,0,0.08,0.05,0.06,0.1,355,-0.0538461538462,0,0
867,0,2017/12/26,01:11:05,25.38,25.38,24.94,25.88,0,0,0,0,0.08,0.05,0.07,0.1,355,0.0,0,0
868,0,2017/12/25,15:55:03,25.44,25.44,25.38,26.19,7,10,40,29,0.07,0.04,0.06,0.1,355,0.0,0,0
869,2,2017/12/23,13:56:54,26.06,27.06,25.5,26.31,160,249,78,58,0.81,1.17,0.27,0.23,600,1.63846153846,1,1
870,0,2017/12/23,21:46:08,25.69,25.63,25.25,25.81,0,0,0,0,0.07,0.05,0.06,0.06,550,-2.03076923077,0,0
871,0,2017/12/23,01:58:00,25.31,25.31,24.81,25.69,0,0,0,0,0.07,0.05,0.06,0.05,365,-0.176923076923,0,0
872,0,2017/12/26,06:35:18,25.19,25.19,24.63,25.38,0,0,0,0,0.08,0.05,0.06,0.1,355,-0.0346153846154,0,0
873,0,2017/12/26,02:05:43,25.38,25.38,24.88,25.75,0,0,0,0,0.08,0.05,0.06,0.11,355,0.0,0,0
874,0,2017/12/23,01:29:55,25.31,25.31,24.88,25.75,0,0,0,0,0.06,0.04,0.06,0.06,370,0.0,0,0
875,3,2018/01/10,16:25:32,25.75,26.06,25.69,25.88,5,7,24,22,0.08,0.13,0.06,0.09,595,3.66538461538,0,0
876,0,2017/12/23,20:39:15,25.88,25.81,25.56,26.06,0,0,0,0,0.07,0.11,0.13,0.07,830,-1.54230769231,0,0
877,1,2017/12/22,10:58:52,25.06,24.81,24.63,25.56,123,35,58,44,0.23,0.07,0.08,0.06,395,-0.542307692308,1,0
878,2,2017/12/23,12:50:32,25.69,25.5,25.19,26.0,154,235,73,54,0.37,0.5,0.17,0.1,385,0.0884615384615,1,1
879,0,2017/12/23,08:24:31,25.06,25.06,24.5,25.31,5,5,29,20,0.07,0.05,0.06,0.05,360,0.0,0,0
880,0,2018/01/11,08:44:50,25.13,25.06,24.63,25.19,6,7,33,21,0.08,0.05,0.05,0.08,345,0.0,0,0
881,0,2017/12/23,14:24:59,25.94,27.0,25.56,26.31,14,14,68,49,0.08,0.05,0.06,0.06,640,-0.903846153846,0,0
882,0,2017/12/23,06:31:41,25.06,25.06,24.44,25.31,0,0,0,0,0.08,0.04,0.06,0.06,355,-7.69801162017e-19,0,0
883,0,2018/01/11,08:02:58,25.06,25.06,24.56,25.13,5,5,23,16,0.08,0.04,0.06,0.09,345,0.0,0,0
884,2,2017/12/22,16:38:25,26.13,25.75,25.63,26.25,118,27,197,23,0.44,0.24,0.75,0.28,630,0.353846153846,1,1
885,0,2017/12/25,22:16:28,25.38,25.44,25.0,25.88,0,0,0,0,0.08,0.05,0.06,0.1,355,0.0884615384615,0,0
886,2,2017/12/22,11:56:34,25.56,25.75,25.0,25.88,155,232,75,58,0.41,1.05,0.29,0.17,570,2.32307692308,1,1
887,2,2017/12/23,18:41:49,26.31,26.44,25.94,26.38,150,19,183,7,0.28,0.85,0.26,0.17,1055,2.10769230769,1,1
888,0,2017/12/25,16:10:22,25.44,25.44,25.38,26.13,6,7,35,24,0.08,0.05,0.06,0.1,350,-0.0307692307692,0,0
889,0,2017/12/22,23:36:04,25.44,25.44,25.0,25.81,0,0,0,0,0.07,0.05,0.06,0.06,385,0.0,0,0
890,0,2017/12/22,22:55:13,25.5,25.5,25.06,25.81,0,0,0,0,0.06,0.05,0.06,0.06,390,-0.884615384615,0,0
891,0,2017/12/25,23:32:32,25.38,25.44,25.0,25.88,0,0,0,0,0.08,0.05,0.06,0.09,355,0.0,0,0
892,0,2018/01/11,02:53:03,25.19,25.19,24.75,25.25,0,0,0,0,0.07,0.05,0.06,0.08,345,0.0,0,0
893,0,2018/01/11,08:54:02,25.13,25.13,24.69,25.19,6,7,33,21,0.08,0.05,0.05,0.08,345,0.0,0,0
894,0,2017/12/24,02:51:58,25.31,25.31,24.81,25.69,0,0,0,0,0.07,0.05,0.06,0.06,365,-0.0423076923077,0,0
895,0,2017/12/24,08:40:11,25.13,25.13,24.56,25.31,6,7,35,23,0.08,0.05,0.05,0.06,360,0.0,0,0
896,0,2017/12/25,13:08:36,25.31,25.31,25.19,25.94,17,20,73,53,0.09,0.05,0.07,0.09,355,0.0,0,0
897,0,2017/12/25,23:58:35,25.38,25.38,25.0,25.88,0,0,0,0,0.08,0.05,0.06,0.1,355,0.0,0,0
898,0,2017/12/26,07:40:09,25.06,25.06,24.56,25.13,2,2,14,9,0.07,0.05,0.06,0.1,350,0.0,0,0
899,0,2017/12/23,05:44:12,25.13,25.13,24.56,25.31,0,0,0,0,0.08,0.05,0.06,0.07,360,0.0,0,0
900,2,2017/12/23,19:26:14,26.25,26.19,25.94,26.25,114,19,179,7,0.21,0.05,0.56,0.07,1010,-0.473076923077,0,0
901,3,2018/01/10,16:28:05,25.81,26.06,25.69,25.88,5,7,24,21,0.24,0.12,0.08,0.09,605,3.58076923077,1,1
902,3,2017/12/22,18:13:53,26.25,26.31,26.0,26.38,149,235,178,10,0.9,0.83,2.85,0.93,1015,2.65384615385,1,1
903,0,2017/12/26,00:54:14,25.38,25.38,24.94,25.81,0,0,0,0,0.08,0.05,0.06,0.09,355,0.0,0,0
904,0,2017/12/25,19:37:10,25.44,25.44,25.13,26.06,0,0,0,0,0.07,0.05,0.06,0.1,350,-0.138461538462,0,0
905,0,2017/12/25,18:16:29,25.44,25.44,25.19,26.06,0,0,0,0,0.08,0.05,0.06,0.12,355,0.211538461538,0,0
906,0,2017/12/25,21:34:36,25.38,25.44,25.06,25.88,0,0,0,0,0.08,0.06,0.06,0.09,355,0.2,0,0
907,0,2018/01/11,01:13:29,25.19,25.25,24.75,25.31,0,0,0,0,0.07,0.04,0.06,0.08,345,0.0,0,0
908,0,2017/12/25,13:36:41,25.31,25.31,25.25,26.0,15,18,68,49,0.08,0.05,0.05,0.1,355,0.0,0,0
909,0,2017/12/23,11:43:08,25.25,25.19,24.94,25.88,14,16,65,46,0.08,0.05,0.06,0.06,355,-0.0653846153846,0,0
910,0,2017/12/25,09:24:58,25.06,25.06,24.56,25.44,7,7,37,24,0.07,0.05,0.06,0.1,355,0.0,0,0
911,3,2017/12/23,18:08:07,26.25,26.19,25.88,26.38,150,235,185,10,0.09,0.17,0.18,0.08,915,4.06153846154,0,1
912,0,2018/01/11,05:34:23,25.13,25.13,24.63,25.25,0,0,0,0,0.08,0.04,0.06,0.08,345,0.0,0,0
913,1,2017/12/23,12:18:52,25.5,25.31,25.13,25.94,123,37,68,49,0.55,0.2,0.17,0.12,370,0.292307692308,0,0
914,1,2017/12/22,11:16:45,25.25,24.94,24.75,25.63,123,35,60,45,0.24,0.11,0.14,0.07,420,0.965384615385,0,0
915,0,2017/12/25,13:52:31,25.38,25.38,25.25,26.06,18,22,80,57,0.08,0.05,0.07,0.1,355,0.0,0,0
916,0,2018/01/10,19:49:46,25.56,25.56,25.19,25.63,0,0,0,0,0.07,0.04,0.05,0.09,470,-0.884615384615,0,0
917,0,2018/01/11,06:48:26,25.06,25.06,24.56,25.19,0,0,0,0,0.08,0.05,0.05,0.09,345,0.0,0,0
918,0,2017/12/24,05:17:29,25.19,25.25,24.63,25.5,0,0,0,0,0.06,0.05,0.07,0.06,360,0.0423076923077,0,0
919,0,2017/12/26,02:17:27,25.38,25.38,24.94,25.75,0,0,0,0,0.07,0.05,0.07,0.1,355,0.0,0,0
920,0,2017/12/23,03:25:19,25.25,25.25,24.75,25.63,0,0,0,0,0.07,0.05,0.07,0.07,365,-0.0615384615385,0,0
921,0,2017/12/26,01:08:32,25.38,25.38,24.94,25.81,0,0,0,0,0.07,0.05,0.06,0.1,355,0.0,0,0
922,0,2017/12/23,22:13:42,25.56,25.56,25.19,25.75,0,0,0,0,0.06,0.05,0.06,0.07,455,-2.28076923077,0,0
923,2,2018/01/10,17:15:04,25.94,26.13,25.81,25.94,146,231,175,22,1.7,3.44,0.69,0.09,815,1.67692307692,1,1
924,3,2018/01/10,15:57:27,25.69,26.44,25.5,25.69,9,8,33,30,0.36,0.42,0.17,0.11,425,2.48846153846,1,1
925,0,2017/12/24,08:06:30,25.06,25.13,24.5,25.38,5,5,26,17,0.07,0.05,0.06,0.07,360,0.0,0,0
926,0,2017/12/24,00:49:57,25.44,25.44,24.94,25.75,0,0,0,0,0.07,0.05,0.07,0.06,365,-0.119230769231,0,0
927,0,2017/12/25,12:08:21,25.25,25.25,25.0,25.81,17,20,75,53,0.07,0.05,0.08,0.1,355,0.0,0,0
928,1,2017/12/22,16:12:53,26.06,25.75,25.56,26.31,117,28,48,28,0.08,0.06,0.06,0.06,610,0.661538461538,1,0
929,0,2017/12/25,17:14:12,25.44,25.44,25.25,26.19,0,1,6,5,0.08,0.06,0.06,0.1,350,0.0,0,0
930,3,2017/12/23,18:28:32,26.25,26.31,25.88,26.31,150,235,185,10,0.09,0.18,0.07,0.07,1000,2.42692307692,1,0
931,3,2018/01/10,15:27:51,25.5,25.69,25.31,25.63,10,11,57,36,0.19,0.28,0.09,0.09,370,0.769230769231,1,0
932,0,2017/12/24,03:55:17,25.25,25.31,24.75,25.63,0,0,0,0,0.07,0.05,0.07,0.06,360,0.0,0,0
933,0,2017/12/23,01:46:46,25.31,25.31,24.88,25.75,0,0,0,0,0.07,0.05,0.06,0.06,370,0.0,0,0
934,0,2017/12/23,14:29:04,25.94,26.94,25.5,26.25,14,14,68,49,0.07,0.05,0.07,0.06,630,0.326923076923,0,0
935,0,2018/01/11,01:55:52,25.13,25.25,24.75,25.31,0,0,0,0,0.07,0.05,0.06,0.08,345,0.0,0,0
936,0,2018/01/11,01:19:06,25.19,25.25,24.81,25.31,0,0,0,0,0.07,0.05,0.05,0.09,345,0.0,0,0
937,0,2017/12/25,21:57:04,25.38,25.44,25.06,25.94,0,0,0,0,0.08,0.05,0.06,0.09,355,-0.0153846153846,0,0
938,3,2018/01/10,15:56:26,25.69,26.38,25.56,25.75,9,10,33,30,0.09,0.15,1.16,0.21,415,2.40769230769,1,1
939,0,2017/12/22,21:43:44,25.63,25.63,25.25,25.88,0,0,0,0,0.07,0.05,0.06,0.06,555,-1.62307692308,0,0
940,0,2017/12/26,03:47:19,25.31,25.31,24.81,25.69,0,0,0,0,0.07,0.05,0.06,0.1,355,0.0,0,0
941,0,2018/01/10,22:30:06,25.31,25.31,24.94,25.44,0,0,0,0,0.08,0.06,0.06,0.08,355,-0.0807692307692,0,0
942,0,2018/01/10,19:29:52,25.56,25.56,25.25,25.69,0,0,0,0,0.07,0.05,0.05,0.09,525,-2.32307692308,0,0
943,0,2017/12/25,09:15:47,25.06,25.0,24.56,25.31,7,7,36,24,0.08,0.05,0.06,0.1,355,-0.219230769231,0,0
944,3,2017/12/23,18:35:10,26.25,26.38,25.88,26.38,150,236,186,10,0.12,0.29,0.36,0.07,1035,2.03846153846,0,0
945,0,2018/01/10,20:08:09,25.56,25.5,25.19,25.63,0,0,0,0,0.08,0.05,0.06,0.09,415,-1.11923076923,0,0
946,3,2017/12/22,18:00:37,26.31,26.44,25.94,26.38,148,235,178,10,0.9,0.68,3.03,0.48,940,3.03846153846,1,1
947,3,2018/01/10,16:08:41,25.69,26.13,25.63,25.81,7,7,28,25,0.19,0.73,0.35,0.12,475,2.66923076923,0,0
948,0,2017/12/23,10:24:30,25.13,25.13,24.75,25.63,10,10,47,32,0.08,0.06,0.06,0.06,355,-0.173076923077,0,0
949,0,2017/12/24,00:17:16,25.44,25.44,25.0,25.69,0,0,0,0,0.07,0.05,0.06,0.06,370,0.0,0,0
950,0,2017/12/23,05:44:42,25.13,25.13,24.56,25.31,0,0,0,0,0.07,0.05,0.06,0.05,360,0.0,0,0
951,0,2017/12/23,06:40:21,25.06,25.06,24.5,25.38,0,0,0,0,0.1,0.07,0.08,0.06,355,0.0,0,0
952,0,2018/01/11,00:10:10,25.25,25.31,24.88,25.38,0,0,0,0,0.08,0.04,0.06,0.09,345,0.0,0,0
953,0,2017/12/25,14:47:09,25.44,25.38,25.38,26.13,16,20,75,54,0.08,0.05,0.06,0.11,355,0.0,0,0
954,0,2017/12/26,01:15:41,25.38,25.38,24.94,25.88,0,0,0,0,0.08,0.06,0.06,0.08,355,0.0,0,0
955,0,2017/12/25,22:19:32,25.38,25.44,25.06,25.88,0,0,0,0,0.08,0.06,0.07,0.1,355,0.0,0,0
956,0,2017/12/23,03:03:22,25.25,25.25,24.81,25.63,0,0,0,0,0.06,0.05,0.06,0.06,365,0.0,0,0
957,0,2017/12/25,14:03:45,25.38,25.38,25.31,26.06,19,23,81,60,0.07,0.04,0.06,0.1,355,0.0,0,0
958,0,2018/01/10,21:22:11,25.38,25.38,25.06,25.5,0,0,0,0,0.08,0.05,0.07,0.08,370,0.0,0,0
959,0,2017/12/23,23:53:16,25.44,25.44,24.94,25.56,0,0,0,0,0.07,0.05,0.05,0.06,370,-0.184615384615,0,0
960,0,2017/12/25,23:15:41,25.38,25.44,25.0,25.88,0,0,0,0,0.08,0.05,0.06,0.11,355,0.0,0,0
961,0,2017/12/25,17:29:31,25.44,25.44,25.25,26.13,0,0,3,2,0.08,0.05,0.06,0.1,350,0.0,0,0
962,0,2017/12/25,16:56:19,25.44,25.44,25.31,26.13,2,2,11,8,0.08,0.04,0.07,0.1,350,-0.0269230769231,0,0
963,0,2017/12/22,22:16:55,25.56,25.56,25.19,25.88,0,0,0,0,0.07,0.05,0.07,0.07,465,-1.10769230769,0,0
964,1,2017/12/23,12:43:23,25.63,25.38,25.19,26.0,124,40,75,54,0.73,0.28,0.21,0.12,380,0.296153846154,1,0
965,1,2017/12/22,10:51:44,25.0,24.75,24.56,25.44,121,34,54,40,0.18,0.06,0.06,0.06,390,0.253846153846,0,0
966,0,2017/12/25,21:06:00,25.44,25.44,25.06,25.88,0,0,0,0,0.08,0.05,0.06,0.11,350,0.130769230769,0,0
967,2,2017/12/22,11:50:27,25.56,25.69,25.0,25.81,155,233,73,56,0.08,0.14,0.06,0.06,550,3.60769230769,0,0
968,0,2018/01/11,02:19:21,25.19,25.19,24.75,25.25,0,0,0,0,0.07,0.04,0.06,0.09,345,0.0,0,0
969,0,2017/12/23,15:01:45,25.81,26.88,25.5,26.25,11,11,58,42,0.07,0.07,0.09,0.06,515,-1.41153846154,0,0
970,0,2017/12/26,00:17:59,25.38,25.38,25.0,25.88,0,0,0,0,0.07,0.06,0.07,0.09,355,0.0,0,0
971,0,2017/12/23,01:29:25,25.31,25.31,24.88,25.69,0,0,0,0,0.07,0.05,0.07,0.05,370,0.0,0,0
972,0,2017/12/25,15:45:52,25.44,25.44,25.38,26.13,9,10,45,32,0.08,0.05,0.06,0.09,355,0.0,0,0
973,0,2017/12/24,03:47:07,25.31,25.31,24.75,25.63,0,0,0,0,0.07,0.06,0.07,0.07,360,0.0,0,0
974,0,2017/12/23,02:57:14,25.25,25.25,24.81,25.63,0,0,0,0,0.08,0.05,0.07,0.06,365,0.0,0,0
975,3,2018/01/10,16:52:36,25.88,26.06,25.75,25.94,3,3,19,12,0.88,0.38,0.15,0.08,740,2.70769230769,1,0
976,0,2017/12/24,08:11:05,25.06,25.13,24.5,25.44,5,5,28,19,0.07,0.05,0.06,0.06,360,0.0,0,0
977,0,2017/12/24,06:00:53,25.19,25.19,24.56,25.5,0,0,0,0,0.07,0.05,0.06,0.06,360,0.0230769230769,0,0
978,0,2017/12/26,07:28:24,25.06,25.13,24.56,25.19,1,1,10,6,0.08,0.05,0.06,0.09,350,0.0,0,0
979,0,2017/12/24,00:20:20,25.44,25.44,24.94,25.69,0,0,0,0,0.06,0.05,0.06,0.06,370,0.0,0,0
980,3,2017/12/23,17:57:54,26.25,26.13,25.88,26.31,149,234,185,11,0.64,0.38,1.15,0.41,840,2.02307692308,0,1
981,2,2017/12/22,12:26:42,25.69,28.5,25.19,26.06,156,243,80,60,0.08,0.05,0.06,0.06,645,0.861538461538,0,0
982,0,2018/01/11,05:18:03,25.13,25.13,24.63,25.25,0,0,0,0,0.07,0.04,0.05,0.08,345,0.0,0,0
983,3,2017/12/22,17:38:09,26.19,25.81,25.94,26.31,150,240,180,12,0.08,0.06,0.23,0.07,835,1.68461538462,1,1
984,3,2017/12/22,17:37:08,26.25,25.88,25.88,26.31,149,241,180,12,0.09,0.07,0.15,0.63,830,1.51923076923,0,1
985,0,2017/12/25,22:34:20,25.44,25.44,25.06,25.94,0,0,0,0,0.08,0.05,0.06,0.1,355,0.0,0,0
986,0,2017/12/23,00:13:20,25.38,25.44,25.0,25.75,0,0,0,0,0.07,0.05,0.06,0.07,375,-0.0884615384615,0,0
987,0,2017/12/25,12:51:45,25.31,25.31,25.13,25.88,17,20,71,51,0.08,0.06,0.07,0.1,355,0.0,0,0
988,0,2017/12/23,04:28:38,25.19,25.19,24.63,25.5,0,0,0,0,0.08,0.05,0.07,0.05,360,0.0,0,0
989,3,2018/01/10,16:33:42,25.81,26.0,25.69,25.88,5,5,28,18,0.09,0.08,0.63,0.11,635,2.81153846154,1,1
990,0,2018/01/10,21:30:52,25.38,25.44,25.06,25.5,0,0,0,0,0.07,0.05,0.05,0.08,365,-0.192307692308,0,0
991,1,2017/12/23,12:22:58,25.56,25.31,25.13,25.94,124,38,72,51,0.58,0.3,0.15,0.11,370,0.184615384615,0,0
992,0,2017/12/23,05:51:51,25.13,25.13,24.56,25.38,0,0,0,0,0.08,0.05,0.06,0.06,360,-0.0846153846154,0,0
993,0,2017/12/22,22:43:28,25.5,25.56,25.13,25.94,0,0,0,0,0.07,0.05,0.06,0.06,400,-1.24230769231,0,0
994,0,2017/12/24,00:33:36,25.38,25.44,24.94,25.69,0,0,0,0,0.07,0.05,0.07,0.06,370,0.0,0,0
995,0,2017/12/26,03:48:51,25.31,25.31,24.81,25.69,0,0,0,0,0.08,0.05,0.06,0.1,355,0.0,0,0
996,0,2017/12/22,20:28:41,25.88,26.0,25.56,26.06,0,0,0,0,0.08,0.05,0.06,0.06,890,-3.55,0,0
997,0,2018/01/11,05:01:43,25.13,25.13,24.63,25.25,0,0,0,0,0.08,0.05,0.06,0.08,345,0.0,0,0
998,0,2018/01/11,07:20:05,25.06,25.06,24.56,25.19,1,1,6,4,0.08,0.04,0.06,0.08,345,0.0,0,0
999,0,2017/12/22,23:30:57,25.44,25.44,25.0,25.81,0,0,0,0,0.07,0.05,0.06,0.06,385,0.0,0,0
1000,0,2017/12/25,17:03:28,25.5,25.44,25.31,26.13,1,1,9,6,0.08,0.05,0.06,0.1,350,0.0,0,0
1001,0,2017/12/25,16:04:15,25.44,25.44,25.38,26.13,6,8,36,26,0.08,0.05,0.06,0.09,350,-0.203846153846,0,0
1002,0,2017/12/24,05:07:17,25.19,25.25,24.63,25.5,0,0,0,0,0.07,0.05,0.06,0.06,360,-0.0346153846154,0,0
1003,2,2017/12/23,13:42:06,26.0,26.0,25.44,26.25,161,252,82,61,1.5,1.4,0.46,0.49,545,5.03461538462,0,0
1004,0,2017/12/25,12:36:57,25.25,25.25,25.13,25.88,16,20,72,52,0.08,0.04,0.06,0.1,355,0.0,0,0
1005,0,2017/12/26,00:38:55,25.38,25.38,24.94,25.81,0,0,0,0,0.08,0.06,0.06,0.1,355,0.0,0,0
1006,0,2018/01/10,20:34:42,25.5,25.44,25.13,25.63,0,0,0,0,0.07,0.05,0.06,0.09,385,-0.126923076923,0,0
1007,0,2017/12/24,03:20:34,25.31,25.31,24.75,25.63,0,0,0,0,0.06,0.04,0.07,0.07,360,-0.0307692307692,0,0
1008,0,2017/12/23,21:25:12,25.69,25.69,25.31,25.88,0,0,0,0,0.07,0.05,0.06,0.06,650,-2.28076923077,0,0
1009,0,2017/12/22,22:44:30,25.5,25.56,25.06,25.88,0,0,0,0,0.06,0.05,0.06,0.06,410,-1.13846153846,0,0
1010,0,2017/12/24,08:18:14,25.13,25.13,24.56,25.44,5,5,29,20,0.08,0.05,0.06,0.06,360,0.0,0,0
1011,0,2018/01/11,02:59:10,25.19,25.19,24.69,25.25,0,0,0,0,0.08,0.04,0.06,0.08,345,0.0,0,0
1012,0,2017/12/25,13:53:32,25.31,25.38,25.25,26.06,19,22,80,59,0.08,0.05,0.07,0.1,355,0.0,0,0
1013,0,2017/12/25,16:37:57,25.44,25.44,25.38,26.13,4,4,20,14,0.09,0.08,0.08,0.11,355,-0.0884615384615,0,0
1014,0,2017/12/25,20:15:27,25.44,25.44,25.13,26.0,0,0,0,0,0.08,0.05,0.06,0.1,350,-0.0423076923077,0,0
1015,0,2017/12/26,06:02:07,25.19,25.25,24.69,25.5,0,0,0,0,0.07,0.05,0.06,0.1,355,0.0,0,0
1016,0,2018/01/10,22:41:20,25.31,25.38,24.94,25.44,0,0,0,0,0.08,0.04,0.06,0.09,350,-0.0923076923077,0,0
1017,0,2017/12/23,21:20:06,25.75,25.69,25.38,25.94,0,0,0,0,0.06,0.04,0.06,0.06,675,-1.79615384615,0,0
1018,0,2017/12/22,23:56:29,25.38,25.44,25.0,25.75,0,0,0,0,0.07,0.05,0.06,0.06,380,0.0,0,0
1019,0,2017/12/23,20:49:28,25.88,25.81,25.5,26.0,0,0,0,0,0.07,0.05,0.06,0.07,785,-2.21923076923,0,0
1020,0,2017/12/23,06:58:44,25.06,25.06,24.44,25.38,0,0,3,2,0.07,0.05,0.05,0.05,355,-0.0230769230769,0,0
1021,2,2017/12/22,17:19:15,26.19,25.75,25.81,26.31,114,24,177,10,0.34,0.05,0.07,0.06,760,1.16923076923,0,1
1022,0,2017/12/25,11:12:11,25.19,25.13,24.88,25.81,12,14,55,39,0.07,0.05,0.06,0.1,355,0.0,0,0
1023,0,2017/12/23,09:59:29,25.06,25.06,24.69,25.5,9,9,43,29,0.08,0.06,0.06,0.06,360,-0.161538461538,0,0
1024,0,2017/12/25,17:05:31,25.5,25.44,25.31,26.13,1,1,8,5,0.07,0.05,0.06,0.09,350,0.0,0,0
1025,3,2017/12/22,13:20:49,25.94,27.75,25.69,26.19,163,251,266,70,0.5,0.69,2.49,0.38,850,1.88846153846,1,1
1026,0,2018/01/11,04:04:01,25.19,25.19,24.63,25.25,0,0,0,0,0.07,0.04,0.06,0.08,345,0.0,0,0
1027,0,2017/12/25,19:24:54,25.44,25.44,25.13,26.0,0,0,0,0,0.08,0.04,0.06,0.1,350,-0.00384615384615,0,0
1028,0,2017/12/23,21:34:54,25.75,25.69,25.31,25.88,0,0,0,0,0.07,0.05,0.06,0.07,590,-2.97692307692,0,0
1029,0,2018/01/11,04:57:07,25.13,25.13,24.63,25.25,0,0,0,0,0.08,0.05,0.06,0.09,345,0.0,0,0
1030,3,2017/12/22,17:49:23,26.25,25.94,25.94,26.31,150,237,180,11,0.21,0.13,0.2,0.07,865,1.68076923077,1,1
1031,0,2017/12/24,01:29:46,25.38,25.44,24.94,25.75,0,0,0,0,0.08,0.04,0.06,0.06,365,0.0,0,0
1032,0,2017/12/23,21:06:49,25.75,25.75,25.38,26.0,0,0,0,0,0.06,0.06,0.07,0.06,715,-1.97692307692,0,0
1033,1,2017/12/23,12:24:29,25.56,25.31,25.13,25.94,124,39,73,53,0.56,0.07,0.16,0.13,370,0.0807692307692,1,0
1034,0,2017/12/25,18:35:23,25.44,25.44,25.19,26.06,0,0,0,0,0.07,0.05,0.06,0.11,355,0.123076923077,0,0
1035,0,2017/12/23,14:22:57,25.94,26.94,25.5,26.25,14,14,70,51,0.07,0.06,0.06,0.06,635,-1.58461538462,0,0
1036,0,2017/12/23,05:53:54,25.13,25.13,24.5,25.31,0,0,0,0,0.08,0.05,0.06,0.06,360,-0.00769230769231,0,0
1037,0,2018/01/11,05:36:57,25.13,25.13,24.56,25.19,0,0,0,0,0.08,0.04,0.05,0.08,345,0.0,0,0
1038,1,2017/12/23,16:17:19,26.06,26.81,25.56,26.38,118,21,28,20,0.5,0.06,0.1,0.09,510,1.51538461538,1,0
1039,0,2017/12/24,07:34:20,25.06,25.13,24.5,25.44,2,2,13,8,0.07,0.05,0.07,0.06,360,0.0461538461538,0,0
1040,0,2018/01/11,02:47:26,25.19,25.19,24.69,25.25,0,0,0,0,0.07,0.05,0.06,0.08,345,0.0,0,0
1041,0,2018/01/11,08:55:03,25.06,25.06,24.69,25.19,6,7,34,22,0.08,0.06,0.06,0.08,345,0.0,0,0
1042,0,2017/12/26,05:12:35,25.25,25.25,24.75,25.63,0,0,0,0,0.08,0.06,0.06,0.1,355,0.0,0,0
1043,0,2017/12/25,12:10:54,25.25,25.25,25.0,25.81,17,20,73,51,0.08,0.05,0.06,0.09,355,0.0,0,0
1044,0,2017/12/23,10:33:42,25.13,25.13,24.75,25.63,10,11,50,34,0.09,0.05,0.06,0.06,355,0.0115384615385,0,0
1045,3,2018/01/10,16:04:05,25.69,26.19,25.56,25.75,8,8,30,28,0.15,0.72,0.13,0.09,475,2.61153846154,0,1
1046,0,2018/01/10,19:26:17,25.56,25.63,25.31,25.69,0,0,0,0,0.07,0.05,0.05,0.08,530,-2.59230769231,0,0
1047,0,2017/12/22,14:31:47,26.06,26.38,25.94,26.31,18,22,96,60,0.07,0.05,0.06,0.06,910,-1.86538461538,0,0
1048,0,2018/01/11,05:38:59,25.13,25.13,24.63,25.19,0,0,0,0,0.08,0.05,0.06,0.08,345,0.0,0,0
1049,0,2017/12/25,13:01:27,25.31,25.31,25.19,25.94,18,21,77,55,0.08,0.05,0.06,0.1,355,0.0,0,0
1050,0,2017/12/23,00:49:05,25.38,25.38,24.88,25.69,0,0,0,0,0.07,0.05,0.06,0.06,375,0.0,0,0
1051,0,2017/12/24,04:33:35,25.25,25.25,24.69,25.56,0,0,0,0,0.07,0.05,0.06,0.07,360,0.0,0,0
1052,0,2017/12/25,18:22:06,25.44,25.44,25.25,26.0,0,0,0,0,0.07,0.05,0.06,0.09,355,0.0615384615385,0,0
1053,2,2017/12/23,17:20:38,26.19,25.81,25.69,26.31,117,23,186,10,0.5,0.51,0.46,0.32,730,2.75384615385,0,0
1054,1,2017/12/22,16:30:45,26.06,25.75,25.56,26.38,117,27,170,25,1.04,0.58,0.65,0.29,625,0.326923076923,1,1
1055,0,2017/12/23,05:06:25,25.19,25.13,24.56,25.5,0,0,0,0,0.07,0.05,0.06,0.06,360,0.0,0,0
1056,0,2017/12/25,19:41:15,25.44,25.5,25.13,25.94,0,0,0,0,0.08,0.05,0.06,0.1,355,-0.0192307692308,0,0
1057,0,2018/01/10,19:54:53,25.5,25.5,25.19,25.63,0,0,0,0,0.07,0.05,0.05,0.08,450,-1.74615384615,0,0
1058,0,2017/12/24,00:12:10,25.44,25.44,25.0,25.69,0,0,0,0,0.06,0.06,0.06,0.05,370,0.0,0,0
1059,0,2018/01/11,02:17:18,25.19,25.25,24.69,25.25,0,0,0,0,0.07,0.04,0.05,0.09,345,0.0,0,0
1060,3,2017/12/23,18:28:02,26.25,26.31,25.88,26.31,150,235,186,10,0.08,0.14,0.07,0.07,1000,2.42692307692,0,0
1061,2,2017/12/23,13:41:05,25.94,26.0,25.44,26.25,160,251,81,60,0.56,1.28,0.49,0.38,535,4.56153846154,0,0
1062,2,2017/12/22,16:52:42,26.13,25.75,25.69,26.31,116,25,185,18,1.6,0.58,0.5,0.25,690,2.64230769231,0,0
1063,0,2017/12/23,04:59:16,25.19,25.13,24.63,25.5,0,0,0,0,0.08,0.05,0.06,0.06,360,0.0,0,0
1064,0,2017/12/23,05:04:53,25.19,25.13,24.56,25.5,0,0,0,0,0.07,0.06,0.06,0.06,360,0.0,0,0
1065,0,2017/12/25,13:04:31,25.31,25.31,25.19,26.0,17,20,73,53,0.08,0.05,0.05,0.1,355,0.0,0,0
1066,1,2017/12/22,16:07:47,26.06,25.75,25.56,26.31,118,28,49,29,0.18,0.05,0.06,0.06,595,0.157692307692,0,0
1067,0,2017/12/25,16:23:08,25.44,25.5,25.38,26.13,5,5,27,19,0.08,0.05,0.06,0.09,350,-0.146153846154,0,0
1068,0,2017/12/23,02:08:44,25.31,25.31,24.81,25.75,0,0,0,0,0.07,0.05,0.07,0.07,370,0.0884615384615,0,0
1069,0,2018/01/10,20:01:31,25.5,25.5,25.19,25.63,0,0,0,0,0.08,0.05,0.05,0.09,430,-1.92692307692,0,0
1070,0,2018/01/11,08:27:29,25.13,25.06,24.63,25.19,6,6,31,20,0.07,0.05,0.06,0.09,345,0.0,0,0
1071,0,2017/12/23,05:26:50,25.13,25.19,24.56,25.5,0,0,0,0,0.08,0.05,0.07,0.05,360,0.0,0,0
1072,0,2017/12/25,11:00:57,25.13,25.13,24.81,25.69,13,14,58,41,0.07,0.05,0.06,0.1,355,0.0,0,0
1073,0,2018/01/10,20:28:35,25.5,25.44,25.19,25.63,0,0,0,0,0.07,0.04,0.06,0.09,385,-0.334615384615,0,0
1074,0,2017/12/26,02:51:40,25.31,25.31,24.88,25.69,0,0,0,0,0.09,0.05,0.07,0.09,355,0.0,0,0
1075,0,2017/12/22,14:46:05,26.0,26.19,25.81,26.31,17,21,94,58,0.06,0.05,0.07,0.06,805,-2.21153846154,0,0
1076,0,2017/12/23,05:42:40,25.13,25.13,24.56,25.38,0,0,0,0,0.07,0.05,0.06,0.07,360,0.0,0,0
1077,0,2017/12/23,20:34:39,25.94,25.81,25.56,26.06,0,0,0,0,0.07,0.05,0.06,0.06,845,-2.15,0,0
1078,0,2017/12/26,05:06:28,25.25,25.25,24.75,25.63,0,0,0,0,0.07,0.05,0.06,0.1,355,0.0,0,0
1079,0,2017/12/25,10:41:03,25.13,25.13,24.75,25.75,10,12,49,34,0.08,0.05,0.06,0.1,355,0.0,0,0
1080,0,2018/01/11,07:44:35,25.06,25.06,24.5,25.13,2,3,14,9,0.07,0.05,0.06,0.08,345,0.0,0,0
1081,0,2017/12/25,14:02:13,25.38,25.38,25.25,26.06,19,23,80,59,0.07,0.06,0.11,0.1,355,0.0,0,0
1082,0,2017/12/25,15:11:39,25.44,25.44,25.44,26.13,13,16,65,47,0.08,0.12,0.11,0.1,355,0.0,0,0
1083,0,2018/01/10,22:31:38,25.38,25.31,24.94,25.44,0,0,0,0,0.07,0.05,0.06,0.08,350,-0.146153846154,0,0
1084,0,2017/12/24,02:06:32,25.38,25.38,24.88,25.75,0,0,0,0,0.06,0.05,0.06,0.06,365,0.0,0,0
1085,1,2017/12/23,12:40:19,25.69,25.38,25.19,26.0,123,38,70,51,0.37,0.11,0.07,0.07,380,0.276923076923,0,0
1086,3,2017/12/22,13:51:27,26.06,27.13,26.0,26.31,165,256,279,71,0.55,0.14,0.85,0.25,910,1.35,1,1
1087,0,2017/12/24,05:18:00,25.19,25.25,24.63,25.5,0,0,0,0,0.07,0.06,0.05,0.07,360,0.0461538461538,0,0
1088,0,2017/12/23,21:13:58,25.81,25.75,25.38,26.0,0,0,0,0,0.06,0.04,0.07,0.06,700,-1.40384615385,0,0
1089,0,2017/12/23,08:20:26,25.06,25.0,24.5,25.38,5,5,29,20,0.08,0.05,0.05,0.07,360,0.0461538461538,0,0
1090,0,2017/12/26,01:33:02,25.38,25.38,24.94,25.75,0,0,0,0,0.08,0.05,0.06,0.1,355,0.0,0,0
1091,3,2018/01/10,15:46:13,25.63,26.31,25.5,25.69,10,10,53,33,0.64,1.49,0.61,0.25,380,0.457692307692,0,1
1092,2,2018/01/10,17:16:05,25.94,26.13,25.81,25.94,146,230,175,22,0.25,0.74,0.82,0.26,820,1.80384615385,1,1
1093,0,2017/12/22,21:02:53,25.75,25.81,25.38,25.94,0,0,0,0,0.07,0.04,0.06,0.07,720,-2.13076923077,0,0
1094,0,2017/12/22,21:21:16,25.69,25.75,25.38,25.88,0,0,0,0,0.06,0.05,0.07,0.07,650,-2.28461538462,0,0
1095,3,2017/12/22,14:11:52,26.19,27.31,26.06,26.38,164,253,268,70,0.18,0.16,0.68,0.19,965,1.73846153846,1,1
1096,2,2018/01/10,17:25:47,25.94,26.13,25.81,25.94,146,231,172,20,0.26,0.28,0.76,0.16,815,-0.269230769231,1,1
1097,0,2017/12/25,10:48:12,25.13,25.13,24.81,25.75,12,14,54,39,0.08,0.05,0.06,0.1,355,0.0,0,0
1098,0,2017/12/22,21:52:25,25.63,25.63,25.25,25.88,0,0,0,0,0.06,0.05,0.06,0.06,535,-1.74615384615,0,0
1099,0,2017/12/23,01:56:28,25.31,25.31,24.81,25.81,0,0,0,0,0.07,0.05,0.06,0.06,365,-0.123076923077,0,0
1100,0,2017/12/24,05:46:36,25.19,25.25,24.63,25.5,0,0,0,0,0.07,0.05,0.06,0.06,360,0.0,0,0
1101,0,2017/12/24,07:04:43,25.13,25.13,24.5,25.44,0,0,4,3,0.06,0.06,0.06,0.06,355,-0.0807692307692,0,0
1102,0,2017/12/26,04:54:43,25.25,25.25,24.75,25.56,0,0,0,0,0.08,0.05,0.06,0.1,355,0.0,0,0
1103,0,2017/12/23,00:30:11,25.38,25.38,24.94,25.69,0,0,0,0,0.07,0.05,0.06,0.06,375,-0.0269230769231,0,0
1104,3,2017/12/22,18:33:48,26.31,26.63,25.94,26.44,150,235,180,10,0.39,0.38,3.12,0.22,1110,2.41923076923,1,1
1105,0,2018/01/11,01:39:31,25.19,25.25,24.75,25.19,0,0,0,0,0.07,0.04,0.06,0.08,345,0.0,0,0
1106,2,2017/12/22,12:08:19,25.63,27.38,25.13,25.94,157,244,77,59,0.07,0.21,0.2,0.06,600,1.1,1,0
1107,0,2017/12/25,11:03:31,25.13,25.19,24.81,25.75,12,14,55,40,0.08,0.05,0.06,0.09,355,0.0,0,0
1108,3,2017/12/22,18:03:41,26.31,26.38,25.94,26.44,149,235,178,10,0.58,2.85,1.89,0.41,965,4.01538461538,0,0
1109,0,2018/01/11,07:41:32,25.06,25.06,24.56,25.19,2,2,13,8,0.08,0.05,0.05,0.08,345,0.0,0,0
1110,0,2017/12/24,05:15:27,25.19,25.19,24.63,25.5,0,0,0,0,0.06,0.05,0.06,0.07,360,0.0269230769231,0,0
1111,1,2017/12/23,16:06:05,26.0,26.75,25.5,26.31,119,23,34,24,0.07,0.06,0.06,0.07,475,1.27692307692,0,0
1112,2,2017/12/22,17:04:58,26.19,25.75,25.75,26.31,116,24,181,13,3.21,0.18,0.15,0.19,725,1.71153846154,1,1
1113,0,2017/12/26,01:58:34,25.31,25.38,24.88,25.75,0,0,0,0,0.07,0.05,0.06,0.09,355,0.0,0,0
1114,0,2017/12/26,03:41:12,25.31,25.25,24.81,25.69,0,0,0,0,0.07,0.05,0.07,0.09,355,0.0,0,0
1115,0,2018/01/10,21:40:04,25.38,25.38,25.0,25.5,0,0,0,0,0.07,0.05,0.06,0.09,365,-0.0884615384615,0,0
1116,0,2018/01/11,02:21:54,25.19,25.19,24.75,25.25,0,0,0,0,0.08,0.05,0.06,0.09,345,0.0,0,0
1117,0,2017/12/22,19:42:13,26.31,26.88,26.0,26.38,0,0,0,0,0.07,0.05,0.06,0.07,1245,0.846153846154,0,0
1118,0,2017/12/25,12:37:28,25.25,25.31,25.13,25.94,17,20,73,52,0.08,0.05,0.06,0.09,355,0.0,0,0
1119,0,2017/12/25,20:08:49,25.44,25.44,25.13,26.0,0,0,0,0,0.08,0.05,0.06,0.09,355,0.05,0,0
1120,0,2017/12/23,09:22:43,25.06,25.06,24.63,25.31,7,7,35,24,0.09,0.06,0.07,0.07,360,-0.0384615384615,0,0
1121,2,2017/12/23,13:08:55,25.81,25.75,25.31,26.31,159,249,76,55,0.32,0.42,0.2,0.07,420,1.42692307692,0,0
1122,0,2017/12/22,23:54:57,25.44,25.44,25.0,25.75,0,0,0,0,0.06,0.05,0.07,0.07,380,0.0,0,0
1123,0,2017/12/23,07:09:58,25.06,25.06,24.44,25.31,0,0,5,4,0.07,0.05,0.06,0.06,355,0.0,0,0
1124,0,2017/12/25,23:00:22,25.44,25.38,25.0,25.94,0,0,0,0,0.08,0.06,0.06,0.1,355,0.0,0,0
1125,0,2017/12/23,11:15:34,25.19,25.19,24.88,25.88,12,14,57,40,0.11,0.08,0.09,0.06,355,-0.05,0,0
1126,0,2017/12/26,02:24:06,25.31,25.31,24.88,25.75,0,0,0,0,0.07,0.05,0.06,0.1,355,0.0,0,0
1127,2,2017/12/22,13:34:36,26.06,27.5,25.88,26.25,165,254,276,71,0.81,0.59,3.65,0.58,870,0.742307692308,1,1
1128,3,2017/12/23,18:04:32,26.25,26.19,25.88,26.31,150,235,186,10,0.17,0.21,0.08,0.08,890,3.76923076923,0,1
1129,0,2017/12/23,07:57:58,25.06,25.06,24.44,25.31,4,4,22,15,0.08,0.05,0.06,0.05,355,-0.00384615384615,0,0
1130,0,2017/12/23,11:04:50,25.19,25.13,24.88,25.75,11,13,54,38,0.08,0.06,0.07,0.06,360,-0.0615384615385,0,0
1131,0,2017/12/25,11:44:21,25.19,25.19,24.94,25.81,14,16,62,44,0.08,0.05,0.06,0.1,355,0.0,0,0
1132,2,2018/01/10,17:27:50,25.94,26.19,25.88,25.94,146,231,171,20,0.31,0.37,0.92,0.26,830,0.757692307692,1,1
1133,1,2017/12/23,12:07:08,25.44,25.31,25.06,25.88,124,37,70,50,0.27,0.08,0.08,0.06,365,0.242307692308,0,0
1134,0,2018/01/11,05:41:02,25.13,25.13,24.56,25.19,0,0,0,0,0.07,0.04,0.05,0.08,345,0.0,0,0
1135,0,2017/12/26,05:35:03,25.19,25.25,24.69,25.56,0,0,0,0,0.08,0.05,0.06,0.1,355,0.0,0,0
1136,0,2017/12/24,04:08:03,25.25,25.31,24.69,25.63,0,0,0,0,0.07,0.04,0.06,0.05,360,0.0,0,0
1137,2,2017/12/23,13:08:24,25.88,25.75,25.25,26.19,159,248,75,54,0.64,0.1,0.08,0.23,420,1.28846153846,1,0
1138,0,2017/12/26,05:44:15,25.19,25.25,24.69,25.5,0,0,0,0,0.08,0.06,0.07,0.1,355,0.0,0,0
1139,0,2017/12/26,07:25:51,25.06,25.06,24.56,25.19,1,1,10,6,0.08,0.06,0.06,0.1,350,0.0,0,0
1140,0,2017/12/26,00:35:51,25.38,25.38,24.94,25.81,0,0,0,0,0.08,0.05,0.06,0.09,355,0.0,0,0
1141,0,2017/12/23,20:22:54,26.0,25.88,25.63,26.13,0,0,0,0,0.07,0.04,0.06,0.06,890,-2.99615384615,0,0
1142,0,2018/01/11,03:56:22,25.19,25.19,24.69,25.25,0,0,0,0,0.07,0.05,0.05,0.08,345,0.0,0,0
1143,3,2018/01/10,16:55:40,25.88,26.0,25.75,25.94,3,3,13,11,0.09,0.07,0.37,0.1,760,2.75,1,1
1144,0,2017/12/23,05:06:55,25.19,25.13,24.63,25.5,0,0,0,0,0.07,0.05,0.06,0.06,360,0.0,0,0
1145,3,2017/12/23,18:27:00,26.25,26.31,25.94,26.38,150,235,185,10,0.08,0.1,0.52,0.07,995,2.3,0,0
1146,0,2017/12/23,21:37:58,25.69,25.63,25.31,25.81,0,0,0,0,0.07,0.05,0.06,0.06,590,-2.58461538462,0,0
1147,0,2017/12/23,23:18:33,25.5,25.5,25.06,25.56,0,0,0,0,0.07,0.05,0.06,0.06,380,0.0,0,0
1148,3,2017/12/23,18:12:43,26.19,26.25,25.88,26.38,148,234,184,10,0.16,0.11,0.15,0.06,945,2.99230769231,0,0
1149,0,2017/12/23,06:16:52,25.06,25.06,24.5,25.19,0,0,0,0,0.07,0.05,0.06,0.05,360,-0.0461538461538,0,0
1150,0,2017/12/25,18:44:34,25.44,25.44,25.19,26.0,0,0,0,0,0.08,0.05,0.06,0.1,355,-0.00384615384615,0,0
1151,0,2017/12/23,08:31:09,25.06,25.06,24.5,25.38,5,6,31,21,0.07,0.05,0.06,0.06,360,0.0,0,0
1152,0,2017/12/25,09:23:57,25.0,25.06,24.56,25.44,7,8,37,24,0.08,0.05,0.06,0.1,355,0.0,0,0
1153,1,2017/12/23,12:14:17,25.5,25.31,25.06,25.94,123,37,68,49,0.24,0.06,0.07,0.06,370,0.280769230769,1,0
1154,2,2017/12/22,17:07:00,26.19,25.75,25.75,26.31,115,24,181,13,0.08,0.05,0.15,0.07,730,1.61538461538,0,1
1155,3,2017/12/22,12:41:30,25.81,29.0,25.38,26.06,160,243,221,66,0.57,0.63,0.58,0.23,700,2.35384615385,1,0
1156,0,2017/12/26,06:07:44,25.19,25.19,24.63,25.5,0,0,0,0,0.07,0.05,0.06,0.1,355,0.0,0,0
1157,0,2017/12/24,01:53:46,25.38,25.38,24.88,25.69,0,0,0,0,0.06,0.05,0.06,0.06,365,0.0,0,0
1158,0,2017/12/26,08:26:37,25.06,25.06,24.63,25.25,5,6,30,20,0.07,0.05,0.07,0.09,350,0.0,0,0
1159,0,2017/12/26,08:25:35,25.06,25.06,24.56,25.19,5,6,29,20,0.07,0.05,0.06,0.11,350,0.0,0,0
1160,2,2017/12/23,18:49:28,26.25,26.31,25.94,26.31,117,19,183,7,0.15,0.07,0.09,0.1,1045,0.334615384615,0,0
1161,0,2017/12/22,21:10:33,25.69,25.81,25.38,26.0,0,0,0,0,0.09,0.07,0.09,0.06,690,-1.87692307692,0,0
1162,0,2017/12/23,08:10:13,25.06,25.06,24.44,25.38,5,5,26,18,0.08,0.05,0.06,0.06,360,0.111538461538,0,0
1163,0,2017/12/23,05:40:37,25.13,25.13,24.5,25.31,0,0,0,0,0.08,0.05,0.05,0.06,360,0.0,0,0
1164,0,2017/12/24,08:17:44,25.13,25.13,24.56,25.5,5,5,29,20,0.07,0.05,0.06,0.07,360,0.0,0,0
1165,0,2017/12/23,10:25:01,25.06,25.13,24.75,25.63,10,10,48,33,0.08,0.06,0.06,0.06,355,-0.165384615385,0,0
1166,2,2017/12/23,19:50:44,26.25,26.19,25.94,26.25,115,19,181,7,1.15,0.26,1.01,0.43,1020,-0.957692307692,1,1
1167,0,2017/12/23,07:55:25,25.06,25.06,24.44,25.31,4,4,21,14,0.09,0.06,0.08,0.05,355,0.0269230769231,0,0
1168,0,2018/01/10,23:39:01,25.25,25.31,24.94,25.38,0,0,0,0,0.07,0.05,0.06,0.1,345,0.0,0,0
1169,0,2017/12/25,13:35:09,25.31,25.31,25.25,25.94,15,19,69,49,0.08,0.05,0.06,0.09,355,0.0,0,0
1170,0,2017/12/23,20:12:42,26.06,25.94,25.69,26.13,0,0,0,0,0.07,0.05,0.06,0.06,950,-2.39230769231,0,0
1171,0,2018/01/10,19:57:57,25.56,25.5,25.19,25.63,0,0,0,0,0.07,0.05,0.05,0.09,435,-2.05,0,0
1172,0,2017/12/25,20:28:44,25.44,25.44,25.13,25.94,0,0,0,0,0.08,0.05,0.06,0.1,355,-0.0384615384615,0,0
1173,0,2017/12/25,23:27:26,25.38,25.44,25.0,25.81,0,0,0,0,0.08,0.06,0.07,0.1,355,0.0,0,0
1174,3,2017/12/22,18:26:39,26.25,26.63,25.94,26.38,149,234,180,10,0.45,0.44,0.46,0.2,1080,2.56538461538,0,1
1175,0,2017/12/22,23:22:47,25.44,25.44,25.0,25.75,0,0,0,0,0.07,0.04,0.06,0.06,385,-0.280769230769,0,0
1176,0,2017/12/26,09:06:57,25.13,25.13,24.69,25.31,6,6,33,22,0.08,0.06,0.06,0.1,350,0.0,0,0
1177,0,2017/12/23,20:25:58,25.94,25.88,25.63,26.06,0,0,0,0,0.06,0.04,0.07,0.06,870,-2.68076923077,0,0
1178,0,2017/12/24,02:00:55,25.38,25.38,24.88,25.69,0,0,0,0,0.07,0.05,0.06,0.06,365,0.0,0,0
1179,0,2017/12/24,03:21:05,25.31,25.31,24.81,25.63,0,0,0,0,0.07,0.05,0.06,0.06,360,-0.0346153846154,0,0
1180,0,2018/01/11,00:37:14,25.25,25.31,24.81,25.31,0,0,0,0,0.07,0.04,0.05,0.08,345,0.0,0,0
1181,0,2017/12/26,06:34:17,25.19,25.19,24.63,25.44,0,0,0,0,0.07,0.05,0.06,0.09,350,-0.0653846153846,0,0
1182,0,2018/01/11,04:20:21,25.13,25.19,24.63,25.31,0,0,0,0,0.07,0.05,0.05,0.08,345,0.0,0,0
1183,0,2018/01/10,19:35:29,25.56,25.56,25.25,25.69,0,0,0,0,0.07,0.04,0.06,0.1,495,-1.79615384615,0,0
1184,0,2017/12/26,02:59:20,25.31,25.38,24.88,25.69,0,0,0,0,0.08,0.04,0.06,0.1,355,0.0,0,0
1185,0,2017/12/23,01:27:53,25.31,25.31,24.88,25.69,0,0,0,0,0.07,0.04,0.06,0.06,370,0.0,0,0
1186,0,2018/01/10,21:35:28,25.38,25.38,25.06,25.5,0,0,0,0,0.08,0.05,0.06,0.09,365,-0.296153846154,0,0
1187,0,2018/01/10,20:00:30,25.5,25.5,25.19,25.63,0,0,0,0,0.08,0.05,0.05,0.08,425,-2.10384615385,0,0
1188,0,2018/01/11,00:38:46,25.25,25.25,24.81,25.31,0,0,0,0,0.07,0.04,0.05,0.08,345,0.0,0,0
1189,0,2018/01/11,01:23:11,25.19,25.25,24.81,25.25,0,0,0,0,0.07,0.05,0.06,0.08,345,0.0,0,0
1190,0,2017/12/24,03:52:13,25.25,25.31,24.75,25.56,0,0,0,0,0.06,0.05,0.06,0.07,360,0.0,0,0
1191,3,2017/12/22,14:03:12,26.13,27.13,26.06,26.38,165,255,275,72,0.09,0.1,0.15,0.09,945,1.27692307692,0,1
1192,0,2018/01/10,20:29:05,25.5,25.44,25.19,25.63,0,0,0,0,0.07,0.04,0.05,0.08,385,-0.296153846154,0,0
1193,1,2017/12/22,11:27:59,25.31,25.63,24.81,25.75,124,29,62,46,0.51,0.55,0.17,0.12,450,1.10384615385,1,1
1194,0,2017/12/25,10:10:25,25.06,25.06,24.69,25.56,9,10,44,30,0.07,0.05,0.06,0.1,355,0.0,0,0
1195,0,2017/12/23,06:59:46,25.06,25.06,24.44,25.38,0,0,3,2,0.07,0.05,0.06,0.06,355,-0.0384615384615,0,0
1196,0,2017/12/23,10:52:35,25.13,25.13,24.81,25.75,11,12,53,36,0.08,0.05,0.07,0.07,360,0.0923076923077,0,0
1197,0,2017/12/25,23:10:35,25.38,25.38,25.06,25.88,0,0,0,0,0.08,0.06,0.06,0.1,355,0.0,0,0
1198,0,2018/01/11,04:48:57,25.13,25.13,24.63,25.25,0,0,0,0,0.08,0.04,0.06,0.08,345,0.0,0,0
1199,0,2018/01/11,00:51:01,25.19,25.25,24.81,25.31,0,0,0,0,0.07,0.05,0.05,0.09,345,0.0,0,0
1200,0,2017/12/25,15:46:22,25.44,25.44,25.44,26.13,9,10,45,32,0.07,0.05,0.05,0.1,355,0.0,0,0
1201,3,2017/12/22,17:34:34,26.25,25.94,25.88,26.25,147,226,180,12,1.15,1.25,1.41,0.61,815,1.58461538462,1,1
1202,0,2018/01/11,08:17:16,25.13,25.06,24.63,25.13,5,6,29,20,0.08,0.04,0.05,0.09,345,0.0,0,0
1203,0,2017/12/24,07:25:39,25.13,25.13,24.56,25.44,1,1,10,6,0.07,0.05,0.05,0.06,360,0.05,0,0
1204,0,2018/01/11,08:48:25,25.13,25.13,24.69,25.19,6,7,33,21,0.09,0.05,0.06,0.08,345,0.0,0,0
1205,0,2017/12/23,20:49:58,25.88,25.81,25.5,26.0,0,0,0,0,0.07,0.04,0.05,0.06,785,-2.30769230769,0,0
1206,0,2017/12/24,03:06:16,25.31,25.31,24.81,25.69,0,0,0,0,0.06,0.05,0.06,0.06,360,0.0,0,0
1207,0,2017/12/23,04:45:59,25.19,25.13,24.63,25.44,0,0,0,0,0.08,0.05,0.06,0.05,360,0.0,0,0
1208,0,2018/01/11,03:42:04,25.19,25.19,24.69,25.31,0,0,0,0,0.08,0.04,0.05,0.09,345,0.0,0,0
1209,0,2017/12/25,21:02:56,25.38,25.44,25.06,25.94,0,0,0,0,0.08,0.05,0.06,0.1,350,-0.1,0,0
1210,0,2018/01/11,00:30:36,25.19,25.25,24.81,25.31,0,0,0,0,0.06,0.05,0.06,0.09,345,0.0,0,0
1211,0,2017/12/24,02:58:06,25.31,25.31,24.81,25.63,0,0,0,0,0.06,0.05,0.07,0.06,360,-0.0923076923077,0,0
1212,0,2018/01/11,04:48:26,25.13,25.13,24.63,25.25,0,0,0,0,0.08,0.05,0.06,0.08,345,0.0,0,0
1213,0,2017/12/26,07:34:32,25.06,25.06,24.56,25.19,2,2,13,8,0.07,0.05,0.06,0.1,350,0.0,0,0
1214,0,2017/12/24,02:22:52,25.31,25.38,24.81,25.75,0,0,0,0,0.07,0.06,0.06,0.07,365,0.0,0,0
1215,0,2017/12/24,01:47:08,25.38,25.38,24.88,25.81,0,0,0,0,0.07,0.05,0.06,0.06,365,0.0,0,0
1216,0,2017/12/26,07:26:22,25.13,25.06,24.56,25.19,1,1,10,6,0.08,0.06,0.06,0.11,350,0.0,0,0
1217,0,2017/12/26,03:39:09,25.31,25.31,24.81,25.69,0,0,0,0,0.08,0.05,0.07,0.1,355,0.0,0,0
1218,0,2018/01/11,01:56:22,25.19,25.25,24.75,25.25,0,0,0,0,0.07,0.04,0.06,0.08,345,0.0,0,0
1219,0,2017/12/25,23:01:54,25.38,25.44,25.0,25.88,0,0,0,0,0.07,0.05,0.06,0.1,355,0.0,0,0
1220,0,2017/12/25,15:31:03,25.38,25.44,25.38,26.13,10,13,54,40,0.09,0.07,0.07,0.1,355,0.0,0,0
1221,0,2017/12/26,06:47:33,25.13,25.19,24.63,25.44,0,0,0,0,0.07,0.05,0.06,0.1,355,-0.0423076923077,0,0
1222,0,2017/12/26,05:16:40,25.25,25.25,24.75,25.56,0,0,0,0,0.08,0.05,0.06,0.1,355,0.0,0,0
1223,0,2018/01/10,21:49:15,25.38,25.38,25.06,25.5,0,0,0,0,0.07,0.04,0.06,0.09,360,-0.265384615385,0,0
1224,0,2017/12/26,04:00:36,25.31,25.31,24.81,25.63,0,0,0,0,0.07,0.05,0.06,0.1,355,0.0,0,0
1225,2,2017/12/23,18:51:00,26.25,26.31,25.94,26.31,115,19,180,7,2.86,1.88,3.66,1.5,1040,-0.265384615385,1,1
1226,0,2017/12/26,07:11:03,25.06,25.13,24.56,25.19,0,0,5,4,0.08,0.05,0.06,0.1,350,-0.0769230769231,0,0
1227,0,2017/12/22,14:52:43,25.94,26.13,25.81,26.38,15,20,90,54,0.07,0.05,0.06,0.06,750,-3.95769230769,0,0
1228,0,2017/12/25,15:35:39,25.44,25.44,25.38,26.13,10,12,50,36,0.09,0.07,0.08,0.1,355,0.0,0,0
1229,0,2017/12/23,07:38:34,25.06,25.06,24.44,25.31,2,2,14,9,0.08,0.05,0.07,0.06,360,0.0115384615385,0,0
1230,0,2017/12/24,06:37:08,25.13,25.19,24.56,25.44,0,0,0,0,0.06,0.05,0.06,0.07,355,0.173076923077,0,0
1231,0,2018/01/11,01:49:44,25.19,25.25,24.75,25.25,0,0,0,0,0.07,0.05,0.06,0.09,345,0.0,0,0
1232,2,2018/01/10,17:32:26,25.94,26.19,25.88,26.0,145,230,170,19,0.18,0.2,0.64,0.16,835,1.93076923077,0,1
1233,0,2017/12/23,02:28:08,25.31,25.31,24.81,25.63,0,0,0,0,0.07,0.05,0.06,0.05,365,0.0,0,0
1234,0,2017/12/25,09:43:52,25.06,25.06,24.63,25.44,8,9,41,28,0.08,0.05,0.06,0.1,355,0.0,0,0
1235,0,2017/12/23,22:54:33,25.5,25.5,25.06,25.56,0,0,0,0,0.07,0.05,0.06,0.06,385,-0.226923076923,0,0
1236,0,2017/12/23,23:09:52,25.5,25.5,25.06,25.56,0,0,0,0,0.06,0.05,0.06,0.06,380,-0.165384615385,0,0
1237,3,2017/12/22,18:30:44,26.25,26.63,25.94,26.44,150,236,180,10,0.86,0.62,1.87,0.51,1095,2.18076923077,0,1
1238,0,2017/12/22,21:07:29,25.75,25.81,25.38,26.0,0,0,0,0,0.07,0.04,0.07,0.06,705,-1.95384615385,0,0
1239,0,2017/12/24,06:39:11,25.13,25.13,24.5,25.44,0,0,0,0,0.06,0.06,0.07,0.06,360,0.107692307692,0,0
1240,0,2017/12/24,04:51:58,25.25,25.25,24.69,25.56,0,0,0,0,0.07,0.04,0.07,0.06,360,0.0,0,0
1241,3,2017/12/22,13:16:44,25.94,28.0,25.63,26.19,163,252,227,70,0.08,0.28,0.14,0.07,845,7.51923076923,0,0
1242,0,2018/01/11,03:30:19,25.13,25.19,24.69,25.31,0,0,0,0,0.08,0.04,0.05,0.08,345,0.0,0,0
1243,3,2018/01/10,17:00:46,25.88,26.06,25.75,25.88,114,185,151,24,0.74,0.37,0.24,0.11,765,1.74230769231,1,1
1244,0,2017/12/26,00:29:43,25.38,25.38,24.94,25.81,0,0,0,0,0.07,0.05,0.06,0.09,355,0.0,0,0
1245,0,2017/12/23,23:59:24,25.44,25.44,24.94,25.63,0,0,0,0,0.07,0.05,0.06,0.06,370,-0.269230769231,0,0
1246,0,2017/12/25,18:48:39,25.44,25.44,25.19,26.06,0,0,0,0,0.07,0.05,0.07,0.11,350,-0.126923076923,0,0
1247,0,2017/12/23,05:17:39,25.13,25.13,24.56,25.44,0,0,0,0,0.07,0.05,0.05,0.06,360,0.0,0,0
1248,0,2018/01/11,01:48:12,25.19,25.25,24.75,25.25,0,0,0,0,0.07,0.04,0.05,0.08,345,0.0,0,0
1249,3,2018/01/10,17:08:26,25.94,26.13,25.81,25.94,149,235,180,24,1.08,0.73,1.07,0.37,785,1.65384615385,1,1
1250,0,2017/12/22,22:01:36,25.63,25.63,25.25,25.81,0,0,0,0,0.08,0.05,0.07,0.06,500,-2.02307692308,0,0
1251,0,2017/12/25,21:57:34,25.38,25.44,25.06,25.88,0,0,0,0,0.07,0.05,0.06,0.1,355,-0.00384615384615,0,0
1252,0,2018/01/11,04:07:36,25.19,25.19,24.69,25.25,0,0,0,0,0.09,0.05,0.05,0.08,345,0.0,0,0
1253,0,2017/12/24,02:11:08,25.38,25.38,24.88,25.75,0,0,0,0,0.08,0.05,0.06,0.05,365,0.0,0,0
1254,0,2017/12/23,14:39:17,25.88,27.0,25.5,26.31,14,15,72,52,0.08,0.08,0.09,0.06,550,-3.72692307692,0,0
1255,0,2017/12/25,23:52:58,25.38,25.38,24.94,25.81,0,0,0,0,0.07,0.04,0.06,0.1,355,0.0,0,0
1256,0,2017/12/26,01:35:35,25.38,25.38,24.94,25.75,0,0,0,0,0.08,0.05,0.06,0.1,355,0.0,0,0
1257,0,2017/12/23,20:14:44,26.0,25.88,25.69,26.13,0,0,0,0,0.07,0.05,0.06,0.06,930,-2.56923076923,0,0
1258,0,2017/12/25,16:05:16,25.44,25.44,25.38,26.13,6,8,35,25,0.07,0.05,0.07,0.1,350,-0.246153846154,0,0
1259,0,2017/12/26,02:35:20,25.31,25.31,24.88,25.75,0,0,0,0,0.07,0.06,0.06,0.1,355,0.0,0,0
1260,3,2017/12/23,18:09:39,26.25,26.25,25.88,26.38,149,234,185,10,0.09,0.18,0.12,0.07,925,3.81538461538,0,1
1261,0,2018/01/11,02:13:44,25.19,25.19,24.75,25.25,0,0,0,0,0.07,0.04,0.05,0.08,345,0.0,0,0
1262,0,2017/12/25,19:53:30,25.44,25.44,25.13,25.94,0,0,0,0,0.08,0.05,0.06,0.12,350,-0.0807692307692,0,0
1263,0,2017/12/24,03:59:22,25.25,25.25,24.75,25.63,0,0,0,0,0.07,0.05,0.07,0.06,360,0.0,0,0
1264,0,2017/12/26,06:35:49,25.19,25.19,24.63,25.38,0,0,0,0,0.07,0.04,0.07,0.1,355,-0.0192307692308,0,0
1265,0,2017/12/26,07:36:04,25.06,25.06,24.56,25.19,2,2,13,8,0.08,0.05,0.05,0.1,350,0.0,0,0
1266,0,2017/12/25,11:44:52,25.19,25.19,24.94,25.81,15,17,66,46,0.08,0.04,0.06,0.09,355,0.0,0,0
1267,0,2017/12/26,05:57:31,25.19,25.25,24.69,25.5,0,0,0,0,0.08,0.05,0.06,0.09,355,0.0,0,0
1268,0,2017/12/25,13:36:11,25.31,25.31,25.25,26.0,15,19,68,49,0.08,0.05,0.06,0.11,355,0.0,0,0
1269,0,2017/12/23,09:03:19,25.06,25.06,24.56,25.38,6,6,33,21,0.07,0.05,0.06,0.06,360,0.0,0,0
1270,0,2018/01/11,03:39:00,25.19,25.19,24.69,25.31,0,0,0,0,0.08,0.05,0.06,0.1,345,0.0,0,0
1271,0,2017/12/25,09:32:07,25.06,25.06,24.56,25.38,7,8,38,25,0.07,0.05,0.07,0.09,355,0.0,0,0
1272,0,2018/01/11,00:18:20,25.19,25.25,24.81,25.38,0,0,0,0,0.07,0.05,0.06,0.09,345,0.0,0,0
1273,3,2017/12/23,18:38:14,26.25,26.38,25.88,26.38,149,234,185,10,0.34,0.3,0.26,0.15,1045,2.09230769231,0,0
1274,0,2017/12/23,06:03:36,25.13,25.13,24.5,25.25,0,0,0,0,0.08,0.05,0.06,0.06,360,-0.0538461538462,0,0
1275,0,2017/12/22,21:17:42,25.69,25.75,25.38,25.94,0,0,0,0,0.07,0.05,0.06,0.06,655,-2.44230769231,0,0
1276,0,2018/01/11,07:12:25,25.06,25.06,24.5,25.19,0,0,5,3,0.08,0.05,0.06,0.09,345,0.0,0,0
1277,0,2017/12/26,01:49:53,25.31,25.38,24.88,25.81,0,0,0,0,0.08,0.06,0.06,0.09,355,0.0,0,0
1278,0,2018/01/11,04:38:14,25.19,25.13,24.63,25.25,0,0,0,0,0.08,0.04,0.05,0.08,345,0.0,0,0
1279,0,2018/01/11,04:33:38,25.19,25.13,24.69,25.25,0,0,0,0,0.08,0.04,0.06,0.09,345,0.0,0,0
1280,2,2017/12/23,19:27:46,26.25,26.13,26.0,26.31,114,19,180,7,0.07,0.05,0.12,0.07,1005,-0.6,0,0
1281,2,2017/12/22,16:33:18,26.13,25.81,25.63,26.31,118,28,205,25,1.04,0.62,2.97,0.55,615,0.103846153846,1,1
1282,0,2017/12/23,10:34:43,25.13,25.13,24.75,25.63,10,12,52,35,0.08,0.05,0.06,0.07,355,-0.0730769230769,0,0
1283,0,2017/12/25,23:02:55,25.44,25.38,25.0,25.88,0,0,0,0,0.07,0.05,0.06,0.1,355,0.0,0,0
1284,0,2017/12/23,02:39:22,25.25,25.31,24.81,25.69,0,0,0,0,0.06,0.05,0.06,0.06,365,0.0,0,0
1285,0,2017/12/26,08:10:47,25.06,25.06,24.56,25.13,5,5,26,18,0.07,0.05,0.06,0.09,350,0.0,0,0
1286,2,2017/12/22,11:49:25,25.56,25.63,24.94,25.81,155,234,73,56,0.15,0.26,0.22,0.07,545,3.86538461538,1,0
1287,0,2017/12/26,05:34:33,25.25,25.25,24.69,25.56,0,0,0,0,0.08,0.05,0.07,0.1,355,0.0,0,0
1288,0,2017/12/22,21:04:56,25.75,25.81,25.38,25.94,0,0,0,0,0.07,0.05,0.06,0.06,720,-2.18846153846,0,0
1289,0,2017/12/22,22:21:00,25.56,25.56,25.13,25.81,0,0,0,0,0.07,0.05,0.07,0.06,460,-0.992307692308,0,0
1290,0,2018/01/11,04:56:36,25.13,25.19,24.63,25.25,0,0,0,0,0.08,0.05,0.05,0.08,345,0.0,0,0
1291,0,2017/12/22,15:15:11,25.81,25.88,25.69,26.38,13,16,78,49,0.07,0.05,0.06,0.06,650,-1.85,0,0
1292,2,2017/12/22,12:24:39,25.69,28.31,25.19,26.0,157,244,81,62,0.33,0.41,0.2,0.1,640,0.834615384615,1,0
1293,3,2017/12/23,17:56:53,26.19,26.19,25.81,26.31,149,234,185,10,0.35,0.53,0.97,0.23,825,1.93076923077,1,1
1294,0,2017/12/23,00:29:10,25.38,25.38,24.94,25.69,0,0,0,0,0.06,0.05,0.07,0.06,375,-0.0192307692308,0,0
1295,0,2017/12/23,22:12:41,25.63,25.56,25.19,25.81,0,0,0,0,0.06,0.04,0.06,0.07,460,-2.24230769231,0,0
1296,0,2017/12/22,23:57:30,25.44,25.44,25.0,25.75,0,0,0,0,0.1,0.1,0.11,0.06,380,0.0,0,0
1297,0,2017/12/23,20:10:39,26.06,25.94,25.69,26.13,0,0,0,0,0.07,0.05,0.06,0.06,965,-2.16538461538,0,0
1298,0,2017/12/26,03:39:40,25.31,25.31,24.81,25.69,0,0,0,0,0.07,0.05,0.06,0.09,355,0.0,0,0
1299,0,2017/12/26,01:42:44,25.38,25.38,24.88,25.75,0,0,0,0,0.07,0.06,0.05,0.1,355,0.0,0,0
1300,0,2018/01/10,21:29:51,25.38,25.38,25.0,25.5,0,0,0,0,0.08,0.04,0.05,0.09,365,-0.126923076923,0,0
1301,2,2017/12/23,19:28:17,26.25,26.13,25.94,26.31,114,19,180,7,0.1,0.09,0.26,0.14,1010,-0.626923076923,0,1
1302,2,2017/12/22,16:33:49,26.13,25.75,25.56,26.31,118,28,208,25,2.52,1.13,0.88,0.65,620,0.138461538462,1,0
1303,3,2017/12/23,17:46:40,26.19,26.06,25.81,26.38,150,236,185,11,0.31,0.21,0.39,0.17,790,1.24230769231,1,0
1304,0,2018/01/10,23:40:03,25.25,25.31,24.88,25.38,0,0,0,0,0.07,0.04,0.07,0.09,345,0.0,0,0
1305,0,2017/12/26,05:30:28,25.25,25.25,24.75,25.56,0,0,0,0,0.07,0.04,0.07,0.1,355,0.0,0,0
1306,0,2018/01/11,05:31:20,25.13,25.13,24.63,25.25,0,0,0,0,0.08,0.05,0.06,0.08,345,0.0,0,0
1307,2,2018/01/10,17:31:55,25.94,26.19,25.88,25.94,146,230,171,20,0.24,0.37,0.92,0.16,835,1.99615384615,1,1
1308,3,2017/12/23,18:40:47,26.25,26.38,25.94,26.38,150,235,187,10,0.37,0.21,0.45,0.11,1050,2.11923076923,1,1
1309,0,2017/12/23,10:38:48,25.13,25.13,24.75,25.63,10,11,50,35,0.08,0.06,0.06,0.06,360,-0.0692307692308,0,0
1310,0,2017/12/24,01:19:03,25.38,25.44,24.88,25.75,0,0,0,0,0.07,0.04,0.05,0.06,365,0.0,0,0
1311,0,2018/01/10,21:41:05,25.38,25.38,25.0,25.5,0,0,0,0,0.07,0.04,0.05,0.1,365,0.0,0,0
1312,0,2018/01/11,01:03:16,25.19,25.25,24.81,25.25,0,0,0,0,0.06,0.04,0.06,0.08,345,0.0,0,0
1313,0,2017/12/24,04:37:09,25.19,25.19,24.69,25.56,0,0,0,0,0.07,0.05,0.05,0.06,360,0.0,0,0
1314,0,2017/12/25,11:06:34,25.13,25.13,24.81,25.75,13,14,58,40,0.08,0.05,0.07,0.1,355,0.0,0,0
1315,0,2017/12/23,21:00:11,25.81,25.75,25.44,26.13,0,0,0,0,0.07,0.04,0.06,0.06,740,-2.05,0,0
1316,0,2017/12/23,20:32:37,25.94,25.81,25.56,26.06,0,0,0,0,0.07,0.05,0.06,0.06,845,-2.50384615385,0,0
1317,0,2018/01/10,18:57:11,25.69,25.69,25.31,25.75,0,0,0,0,0.07,0.05,0.06,0.09,635,-1.56153846154,0,0
1318,2,2017/12/22,17:17:13,26.19,25.75,25.81,26.31,115,24,177,11,0.09,0.07,0.17,0.08,750,1.15,0,1
1319,0,2018/01/10,21:29:20,25.38,25.44,25.06,25.5,0,0,0,0,0.07,0.05,0.05,0.09,365,-0.0884615384615,0,0
1320,0,2017/12/23,11:26:17,25.19,25.19,24.94,25.81,14,15,64,45,0.08,0.06,0.06,0.06,360,0.169230769231,0,0
1321,0,2017/12/25,22:40:28,25.38,25.44,25.0,25.88,0,0,0,0,0.08,0.05,0.06,0.1,355,0.0,0,0
1322,0,2017/12/24,05:24:38,25.19,25.19,24.63,25.56,0,0,0,0,0.06,0.05,0.06,0.06,360,0.0,0,0
1323,0,2017/12/23,22:32:36,25.5,25.56,25.13,25.69,0,0,0,0,0.06,0.04,0.06,0.06,400,-1.37307692308,0,0
1324,0,2017/12/25,23:14:40,25.38,25.44,25.0,25.81,0,0,0,0,0.07,0.06,0.06,0.09,355,0.0,0,0
1325,0,2017/12/24,06:08:02,25.13,25.19,24.56,25.5,0,0,0,0,0.07,0.04,0.06,0.07,355,-0.192307692308,0,0
1326,0,2018/01/11,03:48:11,25.13,25.19,24.69,25.25,0,0,0,0,0.08,0.04,0.06,0.09,345,0.0,0,0
1327,0,2017/12/25,10:23:41,25.06,25.13,24.75,25.63,10,11,49,34,0.07,0.05,0.06,0.1,355,0.0,0,0
1328,0,2018/01/11,03:26:45,25.19,25.19,24.69,25.31,0,0,0,0,0.07,0.05,0.05,0.1,345,0.0,0,0
1329,0,2017/12/23,05:15:36,25.13,25.13,24.63,25.5,0,0,0,0,0.09,0.05,0.06,0.05,360,0.0,0,0
1330,0,2017/12/23,08:30:08,25.06,25.0,24.56,25.31,5,6,31,21,0.08,0.05,0.06,0.06,360,0.0,0,0
1331,0,2017/12/25,15:15:44,25.44,25.44,25.44,26.13,12,15,62,45,0.1,0.11,0.1,0.1,355,0.0,0,0
1332,0,2017/12/23,10:22:58,25.13,25.13,24.69,25.63,10,10,49,33,0.08,0.05,0.06,0.05,360,-0.134615384615,0,0
1333,0,2018/01/10,22:34:41,25.31,25.31,24.94,25.44,0,0,0,0,0.07,0.05,0.06,0.08,350,-0.242307692308,0,0
1334,0,2018/01/11,06:36:41,25.13,25.06,24.56,25.19,0,0,0,0,0.08,0.05,0.06,0.09,345,0.0,0,0
1335,0,2017/12/25,23:20:17,25.44,25.38,25.0,25.88,0,0,0,0,0.08,0.05,0.06,0.09,355,0.0,0,0
1336,0,2017/12/26,04:01:06,25.31,25.31,24.81,25.63,0,0,0,0,0.08,0.05,0.06,0.1,355,0.0,0,0
1337,0,2017/12/23,03:12:33,25.25,25.19,24.75,25.63,0,0,0,0,0.07,0.05,0.06,0.06,365,-0.0230769230769,0,0
1338,0,2017/12/24,03:07:48,25.31,25.31,24.81,25.63,0,0,0,0,0.06,0.05,0.06,0.07,365,0.0461538461538,0,0
1339,0,2017/12/23,01:31:58,25.31,25.31,24.88,25.75,0,0,0,0,0.07,0.05,0.05,0.07,370,0.0,0,0
1340,0,2017/12/23,21:49:42,25.69,25.63,25.25,25.81,0,0,0,0,0.08,0.09,0.06,0.06,535,-2.19230769231,0,0
1341,2,2017/12/23,19:33:23,26.25,26.13,25.94,26.31,114,19,180,7,0.1,0.1,0.86,0.12,1015,-0.323076923077,0,0
1342,0,2017/12/24,05:47:06,25.19,25.19,24.63,25.5,0,0,0,0,0.07,0.05,0.06,0.06,360,0.0,0,0
1343,0,2017/12/26,05:03:54,25.25,25.25,24.75,25.56,0,0,0,0,0.07,0.05,0.05,0.1,355,0.0,0,0
1344,0,2017/12/24,08:14:09,25.13,25.13,24.5,25.44,5,5,29,19,0.07,0.05,0.06,0.06,360,0.0,0,0
1345,3,2017/12/22,13:47:53,26.06,26.94,26.0,26.31,164,255,277,71,0.1,0.18,0.4,0.1,900,1.46153846154,1,1
1346,0,2018/01/11,08:20:20,25.13,25.06,24.56,25.13,5,6,29,20,0.07,0.05,0.07,0.08,345,0.0,0,0
1347,0,2017/12/26,01:42:14,25.31,25.38,24.94,25.75,0,0,0,0,0.07,0.05,0.06,0.09,355,0.0,0,0
1348,0,2017/12/22,20:42:59,25.81,25.94,25.5,26.06,0,0,0,0,0.07,0.04,0.06,0.06,805,-2.84615384615,0,0
1349,0,2018/01/10,23:09:25,25.25,25.31,24.94,25.44,0,0,0,0,0.07,0.04,0.06,0.09,345,0.0,0,0
1350,0,2017/12/26,00:26:40,25.38,25.38,25.0,25.81,0,0,0,0,0.07,0.05,0.06,0.1,355,0.0,0,0
1351,0,2017/12/23,00:51:07,25.31,25.38,24.94,25.69,0,0,0,0,0.07,0.05,0.06,0.06,375,0.0,0,0
1352,2,2017/12/23,16:40:18,26.13,26.38,25.5,26.25,119,25,206,20,1.15,0.56,3.65,0.49,555,0.588461538462,1,1
1353,0,2017/12/23,07:47:45,25.0,25.0,24.44,25.31,3,3,17,13,0.08,0.04,0.07,0.06,360,0.0384615384615,0,0
1354,0,2017/12/26,00:39:56,25.38,25.38,24.94,25.88,0,0,0,0,0.08,0.05,0.06,0.1,355,0.0,0,0
1355,2,2017/12/23,13:09:56,25.88,25.75,25.25,26.19,160,249,78,58,0.42,0.73,0.08,0.07,420,1.53076923077,1,1
1356,0,2018/01/10,20:01:00,25.5,25.5,25.19,25.63,0,0,0,0,0.07,0.06,0.05,0.09,430,-2.05769230769,0,0
1357,0,2017/12/25,14:58:23,25.38,25.44,25.38,26.19,15,19,72,52,0.08,0.05,0.06,0.09,355,0.0,0,0
1358,3,2018/01/10,16:04:36,25.69,26.19,25.56,25.75,8,8,30,27,0.13,0.83,0.11,0.09,475,2.63076923077,1,0
1359,0,2017/12/25,16:03:13,25.44,25.44,25.44,26.13,7,8,36,26,0.08,0.05,0.06,0.1,350,-0.146153846154,0,0
1360,0,2017/12/25,20:32:49,25.44,25.44,25.06,25.94,0,0,0,0,0.08,0.05,0.06,0.09,355,0.0846153846154,0,0
1361,0,2017/12/23,04:52:37,25.19,25.19,24.63,25.5,0,0,0,0,0.07,0.05,0.06,0.06,360,0.0,0,0
1362,0,2017/12/23,21:29:48,25.69,25.63,25.31,25.88,0,0,0,0,0.07,0.05,0.06,0.06,620,-2.5,0,0
1363,2,2017/12/23,17:19:06,26.19,25.81,25.69,26.31,118,22,187,10,0.09,0.26,1.02,0.21,725,2.58076923077,0,1
1364,0,2017/12/24,04:53:30,25.25,25.25,24.69,25.56,0,0,0,0,0.07,0.05,0.07,0.05,360,0.0,0,0
1365,0,2017/12/23,07:45:12,25.0,25.0,24.44,25.38,3,3,16,12,0.08,0.05,0.06,0.06,355,-0.00384615384615,0,0
1366,0,2018/01/10,23:16:34,25.25,25.31,24.88,25.38,0,0,0,0,0.07,0.04,0.06,0.08,345,0.0,0,0
1367,0,2017/12/26,02:13:22,25.38,25.31,24.88,25.81,0,0,0,0,0.08,0.04,0.05,0.11,355,0.0,0,0
1368,0,2017/12/23,04:44:27,25.19,25.19,24.63,25.44,0,0,0,0,0.08,0.05,0.06,0.06,360,0.0,0,0
1369,0,2018/01/10,19:27:49,25.56,25.56,25.25,25.69,0,0,0,0,0.07,0.05,0.06,0.08,525,-2.65384615385,0,0
1370,3,2017/12/22,18:11:20,26.31,26.38,26.0,26.38,148,234,178,10,0.54,0.27,1.85,0.27,995,3.60769230769,1,0
1371,3,2017/12/23,18:16:48,26.25,26.31,25.88,26.38,149,234,185,10,0.08,0.18,0.06,0.07,950,2.56923076923,0,0
1372,0,2017/12/24,03:33:20,25.31,25.31,24.75,25.63,0,0,0,0,0.07,0.05,0.06,0.06,360,0.0,0,0
1373,2,2017/12/22,11:44:50,25.5,25.56,24.94,25.75,155,234,70,54,0.08,0.35,0.07,0.28,515,3.11153846154,0,0
1374,0,2017/12/24,03:19:02,25.31,25.31,24.75,25.69,0,0,0,0,0.07,0.06,0.07,0.06,360,-0.0576923076923,0,0
1375,0,2017/12/25,10:11:26,25.06,25.13,24.69,25.63,9,10,43,29,0.08,0.04,0.06,0.1,355,0.0,0,0
1376,0,2017/12/25,19:07:02,25.44,25.44,25.13,26.0,0,0,0,0,0.08,0.05,0.05,0.09,350,-0.0423076923077,0,0
1377,0,2017/12/24,05:25:40,25.19,25.19,24.63,25.5,0,0,0,0,0.07,0.04,0.06,0.06,360,0.0,0,0
1378,0,2017/12/22,21:29:26,25.69,25.69,25.31,25.88,0,0,0,0,0.07,0.05,0.07,0.06,615,-1.96538461538,0,0
1379,2,2018/01/10,17:30:23,25.94,26.19,25.88,25.94,145,230,170,20,0.31,0.31,1.12,0.23,845,1.88461538462,1,1
1380,0,2017/12/23,14:45:55,25.88,26.94,25.56,26.31,13,13,64,46,0.21,0.18,0.21,0.13,530,-3.45,0,0
1381,0,2017/12/23,00:55:43,25.38,25.38,24.88,25.75,0,0,0,0,0.07,0.05,0.06,0.06,375,0.0,0,0
1382,0,2017/12/25,12:06:49,25.25,25.25,25.0,25.81,17,20,73,53,0.08,0.05,0.06,0.11,355,0.0,0,0
1383,0,2017/12/22,23:12:35,25.44,25.5,25.06,25.81,0,0,0,0,0.07,0.05,0.06,0.08,390,0.0,0,0
1384,2,2017/12/23,19:37:28,26.25,26.13,25.94,26.25,114,19,180,7,0.69,0.17,1.05,0.16,1025,0.680769230769,0,0
1385,0,2017/12/25,09:57:39,25.06,25.06,24.63,25.56,9,10,45,30,0.07,0.05,0.06,0.1,355,0.0,0,0
1386,3,2018/01/10,16:52:05,25.88,26.06,25.75,25.94,3,3,20,12,1.36,0.36,0.29,0.15,740,2.67692307692,1,1
1387,0,2017/12/22,14:51:42,25.94,26.13,25.81,26.38,16,20,91,56,0.07,0.05,0.06,0.07,750,-3.84230769231,0,0
1388,0,2017/12/22,14:47:37,26.0,26.13,25.88,26.31,17,21,94,58,0.06,0.08,0.1,0.08,785,-2.28461538462,0,0
1389,3,2017/12/22,17:41:43,26.25,25.88,25.88,26.31,149,238,180,12,0.08,0.06,0.21,0.07,820,1.36923076923,0,0
1390,1,2017/12/23,15:31:22,25.81,26.81,25.5,26.31,120,25,48,35,0.85,0.13,0.12,0.12,415,-1.86538461538,1,0
1391,3,2017/12/22,18:11:51,26.25,26.38,26.0,26.31,148,234,178,10,0.1,0.05,0.07,0.06,1000,3.34615384615,0,0
1392,0,2017/12/23,10:46:58,25.19,25.13,24.81,25.75,10,11,50,35,0.08,0.05,0.07,0.06,360,0.111538461538,0,0
1393,1,2017/12/23,15:57:55,26.0,26.81,25.5,26.25,119,24,39,28,0.13,0.07,0.16,0.07,455,1.41538461538,0,0
1394,0,2017/12/23,20:36:42,25.94,25.81,25.56,26.0,0,0,0,0,0.07,0.06,0.06,0.06,830,-1.78846153846,0,0
1395,2,2018/01/10,17:14:33,25.94,26.19,25.81,25.94,147,232,175,22,0.1,0.31,0.07,0.6,815,1.59615384615,1,1
1396,0,2017/12/23,21:23:40,25.69,25.69,25.31,25.94,0,0,0,0,0.07,0.05,0.05,0.06,650,-2.19615384615,0,0
1397,0,2017/12/23,08:29:37,25.06,25.06,24.5,25.25,5,6,30,20,0.08,0.05,0.05,0.05,360,0.0,0,0
1398,0,2017/12/26,01:07:30,25.38,25.38,24.94,25.81,0,0,0,0,0.07,0.05,0.06,0.1,355,0.0,0,0
1399,0,2017/12/25,11:52:01,25.25,25.19,25.0,25.81,15,18,69,49,0.11,0.08,0.13,0.1,355,0.0,0,0
1400,0,2017/12/22,19:54:28,26.13,26.44,25.81,26.31,0,0,0,0,0.07,0.05,0.06,0.06,1110,-5.25384615385,0,0
1401,0,2017/12/25,17:47:54,25.44,25.44,25.25,26.06,0,0,0,0,0.07,0.06,0.06,0.1,350,0.0,0,0
1402,1,2017/12/23,15:30:51,25.81,26.75,25.5,26.31,119,25,49,35,0.71,0.14,0.11,0.11,420,-1.88846153846,0,0
1403,0,2018/01/11,03:50:14,25.19,25.19,24.69,25.31,0,0,0,0,0.08,0.04,0.06,0.09,345,0.0,0,0
1404,0,2017/12/25,12:09:23,25.25,25.25,25.0,25.75,17,20,73,53,0.07,0.05,0.06,0.1,355,0.0,0,0
1405,0,2017/12/23,11:47:13,25.19,25.19,25.0,25.88,14,16,64,45,0.08,0.05,0.06,0.06,355,-0.0730769230769,0,0
1406,0,2017/12/24,07:51:10,25.06,25.13,24.56,25.44,4,4,20,14,0.07,0.05,0.05,0.06,360,-0.0269230769231,0,0
1407,2,2017/12/22,12:05:46,25.56,27.56,25.06,26.0,157,244,76,59,1.32,0.29,0.08,0.08,590,1.84230769231,1,0
1408,0,2017/12/26,08:50:36,25.13,25.13,24.63,25.38,6,6,32,21,0.08,0.05,0.06,0.09,350,0.0,0,0
1409,0,2017/12/23,10:39:49,25.13,25.13,24.81,25.75,10,12,51,35,0.12,0.12,0.1,0.07,360,-0.0269230769231,0,0
1410,2,2018/01/10,17:21:12,25.94,26.19,25.81,25.94,147,232,174,21,0.07,0.23,0.08,0.08,810,0.338461538462,0,0
1411,0,2017/12/25,12:39:30,25.25,25.31,25.13,25.88,17,20,73,53,0.08,0.05,0.07,0.1,355,0.0,0,0
1412,0,2017/12/23,06:14:50,25.06,25.06,24.5,25.19,0,0,0,0,0.08,0.05,0.07,0.05,355,0.0115384615385,0,0
1413,0,2017/12/25,11:22:55,25.19,25.19,24.88,25.75,13,14,59,41,0.08,0.05,0.06,0.1,355,0.0,0,0
1414,0,2017/12/23,02:00:34,25.38,25.31,24.81,25.69,0,0,0,0,0.07,0.04,0.06,0.06,365,-0.2,0,0
1415,0,2017/12/25,20:00:39,25.44,25.44,25.13,26.0,0,0,0,0,0.07,0.05,0.07,0.09,350,-0.126923076923,0,0
1416,0,2017/12/24,06:24:53,25.13,25.19,24.56,25.44,0,0,0,0,0.06,0.05,0.06,0.06,355,-0.15,0,0
1417,2,2017/12/23,19:00:12,26.25,26.25,25.94,26.31,114,19,180,7,0.38,0.19,1.09,0.2,1050,0.280769230769,0,1
1418,0,2018/01/11,07:54:17,25.06,25.06,24.56,25.06,4,4,19,14,0.08,0.04,0.05,0.08,345,0.0,0,0
1419,2,2017/12/22,17:14:40,26.19,25.75,25.81,26.38,115,24,179,11,0.1,0.05,0.06,0.06,745,1.25,0,1
1420,0,2018/01/11,03:20:37,25.19,25.19,24.69,25.31,0,0,0,0,0.07,0.04,0.05,0.09,345,0.0,0,0
1421,0,2017/12/23,14:12:13,26.06,27.13,25.5,26.38,15,15,71,51,0.07,0.06,0.06,0.06,665,2.59230769231,0,0
1422,0,2018/01/11,00:26:00,25.25,25.25,24.81,25.31,0,0,0,0,0.07,0.05,0.05,0.09,345,0.0,0,0
1423,3,2017/12/22,18:21:02,26.25,26.31,26.0,26.44,148,234,179,10,0.79,0.31,0.74,0.23,1055,2.77692307692,0,0
1424,0,2017/12/22,20:12:20,26.0,26.19,25.69,26.13,0,0,0,0,0.07,0.05,0.06,0.06,985,-2.61153846154,0,0
1425,0,2017/12/25,10:57:54,25.13,25.13,24.81,25.75,12,14,54,39,0.07,0.05,0.06,0.11,355,0.0,0,0
1426,2,2017/12/23,13:53:51,26.06,27.0,25.5,26.31,160,248,79,59,0.97,0.63,0.22,0.18,595,1.75,1,0
1427,3,2017/12/23,17:58:25,26.25,26.19,25.88,26.31,149,235,185,10,0.73,0.53,0.59,0.2,840,2.08076923077,1,1
1428,2,2018/01/10,17:18:38,25.94,26.13,25.81,25.94,146,231,175,21,0.08,0.09,0.07,0.09,805,1.23076923077,1,1
1429,0,2017/12/25,18:55:48,25.44,25.44,25.19,26.0,0,0,0,0,0.09,0.07,0.07,0.1,350,-0.15,0,0
1430,0,2018/01/10,22:42:52,25.31,25.38,24.94,25.38,0,0,0,0,0.07,0.04,0.05,0.08,350,-0.0769230769231,0,0
1431,0,2017/12/24,05:06:15,25.19,25.25,24.63,25.5,0,0,0,0,0.07,0.05,0.06,0.06,360,-0.0423076923077,0,0
1432,2,2017/12/22,16:43:31,26.13,25.75,25.75,26.31,117,26,190,21,0.4,0.5,2.13,0.34,640,0.638461538462,0,1
1433,3,2017/12/23,17:37:29,26.19,26.0,25.75,26.38,151,243,187,12,0.37,0.21,0.52,0.25,770,2.57307692308,0,1
1434,0,2017/12/25,19:50:26,25.44,25.44,25.13,26.0,0,0,0,0,0.07,0.05,0.06,0.1,355,0.103846153846,0,0
1435,0,2017/12/25,11:04:32,25.19,25.13,24.81,25.81,12,14,56,40,0.08,0.05,0.06,0.11,355,0.0,0,0
1436,0,2017/12/26,06:15:23,25.19,25.19,24.63,25.44,0,0,0,0,0.07,0.05,0.06,0.1,355,0.0,0,0
1437,2,2018/01/10,17:10:28,25.94,26.13,25.81,25.94,148,234,177,24,0.11,0.13,0.08,0.1,800,1.51538461538,0,0
1438,0,2018/01/10,18:06:38,25.88,26.13,25.63,25.88,0,0,0,0,0.07,0.04,0.05,0.09,825,-0.580769230769,0,0
1439,0,2017/12/22,20:24:36,25.88,26.06,25.63,26.06,0,0,0,0,0.06,0.04,0.06,0.06,910,-3.58846153846,0,0
1440,2,2017/12/22,17:32:32,26.19,25.81,25.88,26.31,116,24,178,9,0.11,0.11,0.34,0.1,810,1.81538461538,1,1
1441,0,2017/12/22,22:28:09,25.56,25.56,25.13,25.81,0,0,0,0,0.07,0.04,0.06,0.06,440,-1.20769230769,0,0
1442,0,2017/12/25,21:40:43,25.38,25.44,25.06,25.81,0,0,0,0,0.08,0.05,0.06,0.1,355,0.0115384615385,0,0
1443,2,2017/12/23,19:51:15,26.19,26.19,25.94,26.31,115,18,180,7,3.44,0.68,1.58,0.59,1015,-0.865384615385,1,1
1444,0,2017/12/23,10:39:19,25.13,25.13,24.75,25.69,10,11,50,35,0.09,0.06,0.07,0.06,355,-0.0730769230769,0,0
1445,2,2017/12/23,19:18:34,26.25,26.19,25.94,26.38,114,19,180,7,0.09,0.06,0.08,0.06,1020,-1.04230769231,0,0
1446,0,2017/12/24,01:01:11,25.38,25.38,24.94,25.69,0,0,0,0,0.06,0.04,0.06,0.06,370,0.0153846153846,0,0
1447,0,2017/12/26,04:42:28,25.25,25.25,24.75,25.63,0,0,0,0,0.07,0.05,0.06,0.09,355,0.0,0,0
1448,0,2017/12/26,05:23:49,25.25,25.25,24.69,25.56,0,0,0,0,0.07,0.05,0.05,0.1,355,0.0,0,0
1449,0,2017/12/24,04:35:37,25.25,25.25,24.69,25.56,0,0,0,0,0.08,0.05,0.06,0.06,360,0.0,0,0
1450,0,2017/12/26,08:03:38,25.06,25.0,24.56,25.0,5,5,23,15,0.08,0.06,0.07,0.09,350,0.0,0,0
1451,0,2017/12/24,02:46:21,25.31,25.31,24.81,25.69,0,0,0,0,0.07,0.06,0.07,0.06,360,-0.0923076923077,0,0
1452,0,2018/01/11,01:19:37,25.19,25.25,24.81,25.31,0,0,0,0,0.07,0.05,0.05,0.09,345,0.0,0,0
1453,0,2018/01/11,03:01:44,25.19,25.19,24.69,25.25,0,0,0,0,0.07,0.05,0.07,0.09,345,0.0,0,0
1454,0,2018/01/11,02:47:56,25.19,25.19,24.69,25.25,0,0,0,0,0.07,0.05,0.05,0.08,345,0.0,0,0
1455,0,2017/12/25,13:19:20,25.31,25.31,25.19,26.0,17,20,73,53,0.07,0.05,0.19,0.11,355,0.0,0,0
1456,0,2017/12/23,10:00:30,25.13,25.06,24.69,25.5,9,9,43,29,0.08,0.05,0.06,0.06,360,-0.0923076923077,0,0
1457,0,2017/12/23,23:13:57,25.44,25.44,25.06,25.56,0,0,0,0,0.07,0.04,0.06,0.06,380,-0.0346153846154,0,0
1458,1,2017/12/23,16:37:14,26.06,26.81,25.56,26.31,116,20,20,14,0.87,0.12,0.07,0.08,535,0.503846153846,1,0
1459,0,2017/12/26,09:08:59,25.06,25.06,24.69,25.25,6,7,34,22,0.08,0.05,0.07,0.1,350,0.0,0,0
1460,0,2018/01/11,01:04:18,25.19,25.25,24.75,25.25,0,0,0,0,0.07,0.05,0.06,0.09,345,0.0,0,0
1461,0,2017/12/23,01:51:22,25.38,25.31,24.81,25.75,0,0,0,0,0.08,0.04,0.06,0.06,370,0.0,0,0
1462,1,2017/12/23,15:55:52,25.94,26.81,25.5,26.31,119,24,40,29,0.46,0.14,0.06,0.1,450,1.38846153846,0,0
1463,0,2017/12/24,03:12:54,25.31,25.31,24.75,25.63,0,0,0,0,0.07,0.05,0.06,0.06,360,0.0346153846154,0,0
1464,0,2017/12/25,22:35:52,25.44,25.44,25.06,25.94,0,0,0,0,0.08,0.05,0.06,0.11,355,0.0,0,0
1465,0,2017/12/26,01:39:40,25.31,25.38,24.88,25.75,0,0,0,0,0.08,0.05,0.05,0.1,355,0.0,0,0
1466,0,2017/12/26,08:19:28,25.06,25.06,24.63,25.13,5,5,29,20,0.07,0.06,0.06,0.1,350,0.0,0,0
1467,0,2017/12/23,07:00:16,25.0,25.06,24.44,25.31,0,0,3,2,0.07,0.04,0.06,0.06,355,-0.0461538461538,0,0
1468,0,2017/12/23,11:21:41,25.19,25.19,24.94,25.81,14,16,64,45,0.09,0.05,0.06,0.06,355,0.0153846153846,0,0
1469,3,2017/12/23,18:18:50,26.25,26.25,25.88,26.31,149,234,185,10,0.09,0.31,0.08,0.07,955,2.14230769231,0,0
1470,2,2017/12/22,17:04:27,26.13,25.75,25.75,26.31,116,24,181,14,0.12,0.1,0.18,0.06,725,1.76538461538,0,1
1471,0,2017/12/25,13:50:28,25.31,25.31,25.31,26.06,18,21,78,55,0.07,0.04,0.06,0.09,355,0.0,0,0
1472,0,2017/12/26,02:22:34,25.31,25.38,24.88,25.75,0,0,0,0,0.07,0.05,0.05,0.1,355,0.0,0,0
1473,0,2017/12/26,05:28:56,25.25,25.25,24.75,25.56,0,0,0,0,0.08,0.05,0.06,0.1,355,0.0,0,0
1474,0,2017/12/25,17:56:34,25.44,25.44,25.25,26.06,0,0,0,0,0.08,0.05,0.06,0.1,350,0.0,0,0
1475,0,2018/01/11,00:04:03,25.25,25.25,24.88,25.38,0,0,0,0,0.07,0.05,0.05,0.08,345,0.0,0,0
1476,3,2017/12/23,18:34:40,26.25,26.38,25.88,26.31,150,235,186,10,0.11,0.31,0.15,0.07,1030,2.01923076923,0,1
1477,0,2017/12/23,10:15:49,25.06,25.13,24.75,25.56,9,10,45,30,0.09,0.05,0.07,0.06,360,0.0923076923077,0,0
1478,0,2017/12/25,23:05:29,25.44,25.38,25.0,25.88,0,0,0,0,0.08,0.05,0.06,0.11,355,0.0,0,0
1479,0,2017/12/25,15:54:33,25.44,25.44,25.44,26.13,8,10,40,29,0.08,0.04,0.06,0.1,355,0.0,0,0
1480,3,2017/12/23,18:20:53,26.25,26.25,25.88,26.38,149,234,185,10,0.18,0.61,0.16,0.14,970,2.06923076923,0,1
1481,0,2017/12/24,04:09:35,25.25,25.25,24.69,25.56,0,0,0,0,0.07,0.05,0.05,0.06,360,0.0,0,0
1482,1,2017/12/23,16:37:44,26.06,26.81,25.5,26.31,118,20,19,19,0.84,0.12,0.66,0.36,535,0.434615384615,1,1
1483,0,2018/01/10,18:04:36,25.94,26.19,25.69,25.94,0,0,0,0,0.08,0.05,0.06,0.09,835,0.134615384615,0,0
1484,0,2017/12/23,08:27:35,25.06,25.06,24.44,25.25,5,6,30,20,0.08,0.05,0.06,0.06,360,0.0,0,0
1485,0,2018/01/11,05:33:22,25.13,25.13,24.63,25.25,0,0,0,0,0.08,0.04,0.05,0.09,345,0.0,0,0
1486,1,2017/12/22,15:51:57,26.0,25.81,25.63,26.25,119,31,60,38,0.29,0.14,0.24,0.1,590,0.542307692308,0,0
1487,1,2017/12/23,12:23:59,25.63,25.31,25.13,25.94,124,39,72,53,0.38,0.23,0.09,0.07,370,0.119230769231,1,0
1488,0,2017/12/23,22:41:47,25.56,25.5,25.13,25.63,0,0,0,0,0.07,0.05,0.06,0.06,390,-0.626923076923,0,0
1489,0,2017/12/23,02:30:10,25.31,25.31,24.81,25.69,0,0,0,0,0.07,0.05,0.06,0.06,365,0.0,0,0
1490,2,2017/12/22,11:36:09,25.44,25.38,24.88,25.81,156,239,70,54,0.73,0.81,0.41,0.17,460,0.384615384615,1,0
1491,3,2018/01/10,15:28:21,25.5,25.75,25.38,25.63,10,13,56,35,1.33,0.57,0.13,0.19,370,0.876923076923,1,0
1492,0,2018/01/11,01:23:42,25.19,25.25,24.75,25.25,0,0,0,0,0.07,0.05,0.05,0.08,345,0.0,0,0
1493,3,2017/12/22,13:21:20,25.94,27.81,25.69,26.19,164,251,267,69,0.78,0.62,3.19,0.92,855,1.82307692308,1,1
1494,0,2018/01/11,00:45:55,25.25,25.31,24.81,25.31,0,0,0,0,0.07,0.04,0.06,0.09,345,0.0,0,0
1495,0,2017/12/24,06:15:42,25.13,25.19,24.56,25.44,0,0,0,0,0.06,0.05,0.06,0.06,360,0.0576923076923,0,0
1496,0,2017/12/26,04:04:10,25.25,25.31,24.81,25.69,0,0,0,0,0.07,0.05,0.06,0.1,355,0.0,0,0
1497,0,2017/12/23,23:08:51,25.44,25.44,25.0,25.56,0,0,0,0,0.06,0.05,0.06,0.06,380,-0.215384615385,0,0
1498,0,2017/12/26,06:26:37,25.19,25.19,24.63,25.44,0,0,0,0,0.07,0.05,0.06,0.09,355,0.0,0,0
1499,0,2017/12/23,22:04:00,25.63,25.63,25.19,25.75,0,0,0,0,0.07,0.06,0.06,0.06,495,-1.49615384615,0,0
1500,0,2017/12/24,05:44:02,25.19,25.19,24.63,25.5,0,0,0,0,0.07,0.05,0.07,0.06,360,0.103846153846,0,0
1501,2,2017/12/22,16:58:19,26.19,25.75,25.75,26.31,116,25,184,15,0.11,0.09,0.14,0.08,710,2.29230769231,1,0
1502,0,2017/12/24,06:10:35,25.13,25.19,24.63,25.44,0,0,0,0,0.07,0.04,0.07,0.06,360,-0.103846153846,0,0
1503,0,2018/01/10,18:01:01,25.94,26.19,25.69,25.94,0,0,0,0,0.08,0.04,0.06,0.09,845,0.923076923077,0,0
1504,2,2017/12/23,13:16:34,25.94,25.81,25.38,26.19,160,248,75,58,0.46,0.11,0.06,0.17,465,2.77692307692,1,0
1505,0,2017/12/25,13:49:58,25.38,25.38,25.31,26.0,18,21,76,56,0.08,0.04,0.06,0.09,355,0.0,0,0
1506,0,2017/12/26,02:37:53,25.31,25.31,24.88,25.75,0,0,0,0,0.07,0.05,0.06,0.11,355,0.0,0,0
1507,3,2017/12/22,18:07:46,26.25,26.38,26.0,26.38,148,234,177,10,1.14,0.48,0.43,0.22,985,4.63846153846,0,0
1508,0,2017/12/23,15:03:48,25.81,26.81,25.5,26.25,12,12,60,44,0.07,0.06,0.06,0.06,505,-1.56923076923,0,0
1509,0,2017/12/24,07:14:25,25.06,25.13,24.56,25.44,0,0,6,5,0.06,0.05,0.06,0.06,355,0.123076923077,0,0
1510,0,2017/12/25,11:35:10,25.19,25.19,24.94,25.81,14,16,62,45,0.08,0.07,0.07,0.1,355,0.0,0,0
1511,0,2018/01/11,00:18:51,25.19,25.25,24.88,25.38,0,0,0,0,0.07,0.04,0.05,0.08,345,0.0,0,0
1512,0,2018/01/11,07:34:53,25.06,25.06,24.5,25.19,2,2,11,6,0.08,0.05,0.05,0.08,345,0.0,0,0
1513,1,2017/12/23,16:11:42,26.06,26.75,25.5,26.25,118,22,33,23,0.48,0.18,0.06,0.1,490,0.796153846154,1,0
1514,2,2017/12/23,13:41:35,25.94,26.0,25.44,26.25,160,251,81,60,0.55,1.59,0.65,0.38,545,4.88076923077,0,0
1515,0,2017/12/23,01:16:08,25.38,25.38,24.88,25.75,0,0,0,0,0.07,0.05,0.06,0.06,370,0.0,0,0
1516,0,2017/12/25,21:53:29,25.38,25.44,25.06,25.81,0,0,0,0,0.08,0.05,0.07,0.1,355,-0.0346153846154,0,0
1517,0,2017/12/26,04:46:33,25.25,25.25,24.75,25.56,0,0,0,0,0.08,0.05,0.06,0.1,355,0.0,0,0
1518,3,2017/12/22,18:16:57,26.31,26.38,26.0,26.38,149,234,179,10,0.77,0.16,0.22,0.12,1025,2.48461538462,0,0
1519,0,2017/12/22,20:55:14,25.75,25.88,25.44,26.06,0,0,0,0,0.07,0.05,0.06,0.06,750,-2.12307692308,0,0
1520,0,2017/12/23,03:31:57,25.19,25.19,24.69,25.56,0,0,0,0,0.06,0.06,0.07,0.05,360,-0.119230769231,0,0
1521,0,2017/12/23,09:44:41,25.06,25.06,24.63,25.44,8,8,40,26,0.08,0.06,0.05,0.06,355,-0.0769230769231,0,0
1522,0,2017/12/22,21:00:51,25.75,25.81,25.38,26.0,0,0,0,0,0.07,0.04,0.06,0.06,735,-2.25384615385,0,0
1523,2,2017/12/23,19:19:05,26.19,26.19,26.0,26.31,114,19,179,7,0.08,0.05,0.26,0.06,1020,-1.07307692308,0,0
1524,3,2018/01/10,15:36:01,25.56,26.06,25.44,25.69,10,10,53,33,0.33,0.59,0.25,0.16,370,0.646153846154,1,1
1525,0,2017/12/25,11:43:51,25.19,25.19,25.0,25.81,14,15,62,44,0.07,0.05,0.07,0.1,355,0.0,0,0
1526,0,2017/12/23,02:49:04,25.25,25.25,24.81,25.63,0,0,0,0,0.06,0.05,0.06,0.06,365,0.0,0,0
1527,0,2017/12/23,14:14:47,26.06,27.13,25.5,26.38,15,15,73,53,0.07,0.06,0.06,0.06,645,2.68076923077,0,0
1528,0,2017/12/26,00:25:08,25.38,25.38,24.94,25.81,0,0,0,0,0.08,0.05,0.06,0.1,355,0.0,0,0
1529,0,2017/12/23,05:10:30,25.13,25.13,24.63,25.5,0,0,0,0,0.08,0.05,0.06,0.06,360,0.0,0,0
1530,0,2017/12/23,11:39:03,25.19,25.19,25.0,25.88,14,16,63,45,0.08,0.05,0.06,0.06,360,-0.00769230769231,0,0
1531,0,2018/01/11,03:44:37,25.19,25.19,24.69,25.25,0,0,0,0,0.08,0.04,0.06,0.08,345,0.0,0,0
1532,0,2017/12/23,07:01:17,25.06,25.06,24.44,25.38,0,0,3,2,0.08,0.05,0.06,0.06,355,-0.00769230769231,0,0
1533,0,2018/01/10,20:45:56,25.44,25.44,25.13,25.63,0,0,0,0,0.07,0.05,0.05,0.08,380,-0.3,0,0
1534,0,2017/12/24,05:10:51,25.19,25.25,24.63,25.5,0,0,0,0,0.07,0.05,0.06,0.05,360,-0.00769230769231,0,0
1535,2,2017/12/22,11:49:56,25.56,25.69,25.0,25.94,155,234,74,56,0.63,0.15,0.09,0.06,545,3.75,0,0
1536,0,2018/01/10,21:04:50,25.44,25.44,25.06,25.56,0,0,0,0,0.07,0.04,0.05,0.08,375,-0.226923076923,0,0
1537,0,2018/01/11,05:26:44,25.13,25.13,24.63,25.19,0,0,0,0,0.08,0.05,0.05,0.08,345,0.0,0,0
1538,2,2017/12/22,13:29:30,26.0,27.63,25.88,26.25,163,253,268,70,0.96,0.75,2.69,0.43,885,1.42692307692,1,1
1539,1,2017/12/22,15:32:33,25.94,25.88,25.63,26.31,120,34,70,44,0.07,0.05,0.59,0.07,580,-1.42692307692,0,0
1540,0,2017/12/25,20:15:58,25.44,25.44,25.06,26.0,0,0,0,0,0.07,0.04,0.06,0.12,350,-0.0846153846154,0,0
1541,0,2017/12/23,21:07:50,25.75,25.75,25.38,26.0,0,0,0,0,0.07,0.06,0.06,0.05,710,-2.00769230769,0,0
1542,0,2017/12/25,22:25:09,25.44,25.44,25.06,25.88,0,0,0,0,0.08,0.05,0.06,0.1,355,0.0,0,0
1543,0,2018/01/11,07:04:46,25.06,25.06,24.56,25.19,0,0,3,2,0.08,0.05,0.06,0.08,345,0.0,0,0
1544,0,2017/12/26,04:35:50,25.25,25.25,24.75,25.63,0,0,0,0,0.08,0.05,0.06,0.1,355,0.0,0,0
1545,0,2017/12/22,14:23:37,26.13,26.56,26.0,26.38,19,23,99,62,0.1,0.08,0.07,0.09,965,0.311538461538,0,0
1546,0,2017/12/25,11:53:02,25.19,25.19,24.94,25.88,15,17,67,47,0.08,0.05,0.06,0.08,355,0.0,0,0
1547,0,2017/12/23,10:20:25,25.06,25.13,24.69,25.63,10,10,48,33,0.08,0.05,0.06,0.06,355,-0.0461538461538,0,0
1548,0,2017/12/23,01:30:57,25.31,25.31,24.88,25.75,0,0,0,0,0.07,0.04,0.06,0.06,370,0.0,0,0
1549,0,2017/12/22,23:05:26,25.5,25.5,25.06,25.88,0,0,0,0,0.06,0.05,0.07,0.06,390,0.0,0,0
1550,0,2017/12/24,08:44:17,25.13,25.13,24.63,25.44,6,7,35,23,0.06,0.05,0.05,0.07,360,0.0,0,0
1551,0,2017/12/23,11:14:02,25.19,25.19,24.88,25.88,13,14,59,42,0.08,0.06,0.07,0.05,355,-0.05,0,0
1552,0,2017/12/26,01:22:50,25.38,25.38,24.94,25.81,0,0,0,0,0.08,0.06,0.06,0.09,355,0.0,0,0
1553,0,2017/12/23,07:12:01,25.06,25.06,24.44,25.31,0,0,6,4,0.08,0.05,0.06,0.06,355,0.0,0,0
1554,0,2017/12/26,09:07:58,25.06,25.06,24.69,25.25,6,7,34,22,0.07,0.05,0.07,0.1,350,0.0,0,0
1555,2,2018/01/10,17:42:38,25.94,26.25,25.81,25.94,143,227,6,7,0.37,1.21,0.19,0.12,855,0.426923076923,0,0
1556,2,2017/12/23,13:32:24,25.94,25.94,25.38,26.19,162,253,82,61,1.0,0.69,0.21,0.24,460,-2.76153846154,0,0
1557,0,2017/12/25,20:45:04,25.44,25.44,25.13,25.94,0,0,0,0,0.08,0.05,0.06,0.09,355,0.0730769230769,0,0
1558,0,2017/12/22,23:12:04,25.44,25.5,25.06,25.81,0,0,0,0,0.06,0.05,0.07,0.06,390,0.0,0,0
1559,0,2017/12/23,05:47:46,25.13,25.13,24.56,25.38,0,0,0,0,0.08,0.05,0.07,0.06,355,-0.119230769231,0,0
1560,0,2018/01/10,23:14:00,25.31,25.31,24.88,25.44,0,0,0,0,0.07,0.04,0.05,0.09,345,0.0,0,0
1561,0,2017/12/25,18:43:33,25.44,25.44,25.19,26.0,0,0,0,0,0.07,0.05,0.07,0.1,355,0.0692307692308,0,0
1562,0,2018/01/11,05:43:35,25.13,25.13,24.56,25.19,0,0,0,0,0.08,0.04,0.06,0.09,345,0.0,0,0
1563,0,2018/01/10,23:18:05,25.25,25.31,24.88,25.44,0,0,0,0,0.07,0.04,0.06,0.08,345,0.0,0,0
1564,0,2017/12/26,00:13:23,25.38,25.44,25.0,25.81,0,0,0,0,0.08,0.05,0.06,0.1,355,0.0,0,0
1565,0,2017/12/25,14:55:50,25.38,25.44,25.38,26.19,14,17,66,48,0.08,0.06,0.06,0.1,355,0.0,0,0
1566,0,2018/01/11,08:41:16,25.06,25.06,24.63,25.19,6,6,31,21,0.08,0.05,0.05,0.08,345,0.0,0,0
1567,0,2017/12/23,00:05:41,25.44,25.44,25.0,25.75,0,0,0,0,0.07,0.05,0.07,0.06,380,0.0,0,0
1568,0,2017/12/25,19:28:29,25.44,25.44,25.13,26.0,0,0,0,0,0.08,0.05,0.07,0.1,355,-0.0269230769231,0,0
1569,0,2017/12/23,05:24:17,25.13,25.13,24.63,25.5,0,0,0,0,0.08,0.06,0.06,0.06,360,0.0,0,0
1570,2,2017/12/22,17:03:26,26.19,25.75,25.75,26.31,117,25,184,14,0.09,0.05,0.1,0.07,720,1.76923076923,0,1
1571,0,2017/12/26,03:27:55,25.31,25.31,24.81,25.75,0,0,0,0,0.07,0.05,0.05,0.1,355,0.0,0,0
1572,0,2018/01/10,19:23:44,25.56,25.63,25.31,25.69,0,0,0,0,0.08,0.05,0.06,0.09,540,-2.22307692308,0,0
1573,1,2017/12/22,11:07:33,25.19,24.88,24.69,25.63,122,35,58,44,0.93,0.05,0.06,0.14,410,0.915384615385,0,0
1574,0,2017/12/22,20:29:11,25.88,26.0,25.56,26.06,0,0,0,0,0.07,0.05,0.07,0.06,885,-3.53846153846,0,0
1575,0,2018/01/10,21:19:38,25.44,25.44,25.06,25.5,0,0,0,0,0.07,0.05,0.05,0.09,370,-0.157692307692,0,0
1576,0,2017/12/23,07:53:22,25.0,25.06,24.44,25.38,4,4,20,14,0.08,0.05,0.06,0.05,355,0.05,0,0
1577,0,2017/12/26,07:07:28,25.13,25.13,24.56,25.25,0,0,5,3,0.07,0.04,0.07,0.09,350,-0.107692307692,0,0
1578,0,2017/12/23,04:38:20,25.19,25.19,24.63,25.44,0,0,0,0,0.08,0.05,0.06,0.05,360,0.0,0,0
1579,0,2017/12/23,09:43:39,25.06,25.06,24.63,25.44,8,8,40,26,0.08,0.05,0.06,0.06,360,0.00384615384615,0,0
1580,0,2017/12/22,19:49:22,26.19,26.63,25.88,26.25,0,0,0,0,0.09,0.05,0.07,0.06,1165,-4.74615384615,0,0
1581,0,2017/12/25,16:15:59,25.44,25.44,25.44,26.06,5,6,30,22,0.08,0.05,0.06,0.1,355,0.161538461538,0,0
1582,0,2017/12/24,06:13:39,25.13,25.19,24.56,25.44,0,0,0,0,0.06,0.05,0.06,0.06,360,0.0153846153846,0,0
1583,0,2018/01/10,22:14:16,25.38,25.38,24.94,25.5,0,0,0,0,0.07,0.05,0.06,0.09,355,-0.280769230769,0,0
1584,0,2017/12/26,01:26:24,25.38,25.38,24.94,25.81,0,0,0,0,0.08,0.04,0.07,0.1,355,0.0,0,0
1585,1,2017/12/23,16:28:33,26.06,26.81,25.56,26.31,117,20,24,18,0.14,0.05,0.07,0.05,525,1.14230769231,1,0
1586,0,2017/12/26,05:56:30,25.19,25.19,24.69,25.5,0,0,0,0,0.07,0.05,0.06,0.09,355,0.0,0,0
1587,0,2017/12/24,07:44:02,25.06,25.13,24.5,25.38,3,3,16,11,0.07,0.05,0.06,0.07,360,0.0461538461538,0,0
1588,2,2017/12/22,16:40:27,26.13,25.75,25.69,26.25,118,27,193,22,0.88,0.15,1.26,0.16,630,0.207692307692,1,1
1589,0,2017/12/25,10:48:42,25.13,25.13,24.81,25.81,12,13,54,39,0.08,0.04,0.06,0.1,355,0.0,0,0
1590,0,2017/12/25,18:23:07,25.44,25.44,25.19,26.06,0,0,0,0,0.08,0.05,0.07,0.09,355,0.00384615384615,0,0
1591,0,2017/12/23,21:08:21,25.81,25.75,25.38,26.06,0,0,0,0,0.07,0.04,0.07,0.06,710,-2.06538461538,0,0
1592,0,2017/12/26,08:54:11,25.13,25.13,24.69,25.31,6,6,32,21,0.08,0.06,0.06,0.11,350,0.0,0,0
1593,0,2018/01/10,21:44:09,25.38,25.38,25.0,25.5,0,0,0,0,0.07,0.04,0.05,0.09,365,-0.0730769230769,0,0
1594,0,2017/12/26,07:29:25,25.06,25.06,24.56,25.13,2,2,10,7,0.08,0.04,0.08,0.11,350,0.0,0,0
1595,0,2017/12/25,20:11:22,25.44,25.5,25.06,26.0,0,0,0,0,0.08,0.05,0.06,0.1,355,0.0923076923077,0,0
1596,0,2017/12/24,08:11:36,25.13,25.13,24.56,25.44,5,5,28,19,0.07,0.05,0.06,0.07,360,0.0,0,0
1597,0,2018/01/10,18:58:12,25.69,25.69,25.31,25.75,0,0,0,0,0.07,0.05,0.05,0.09,630,-1.62307692308,0,0
1598,0,2017/12/22,19:42:44,26.31,26.88,26.0,26.31,0,0,0,0,0.07,0.05,0.05,0.06,1230,0.430769230769,0,0
1599,0,2017/12/24,06:50:56,25.13,25.13,24.5,25.44,0,0,1,1,0.07,0.05,0.06,0.06,355,-0.0923076923077,0,0
1600,0,2017/12/23,22:52:00,25.56,25.5,25.13,25.63,0,0,0,0,0.06,0.05,0.06,0.06,385,-0.280769230769,0,0
1601,0,2018/01/11,01:21:39,25.19,25.25,24.75,25.31,0,0,0,0,0.08,0.05,0.06,0.09,345,0.0,0,0
1602,0,2018/01/10,18:29:06,25.81,25.88,25.5,25.88,0,0,0,0,0.08,0.05,0.06,0.09,750,-1.65384615385,0,0
1603,0,2017/12/22,22:53:10,25.5,25.5,25.13,25.88,0,0,0,0,0.07,0.05,0.06,0.06,390,-0.85,0,0
1604,0,2017/12/25,09:27:01,25.0,25.06,24.56,25.44,7,8,37,25,0.08,0.05,0.06,0.1,355,0.0,0,0
1605,0,2017/12/24,06:47:21,25.13,25.13,24.56,25.44,0,0,0,0,0.07,0.05,0.06,0.07,360,0.0961538461538,0,0
1606,2,2017/12/23,13:46:42,26.0,26.75,25.44,26.25,163,251,87,64,0.63,0.73,0.31,0.29,570,3.76923076923,0,0
1607,0,2017/12/24,00:35:08,25.44,25.44,24.94,25.69,0,0,0,0,0.07,0.05,0.06,0.07,370,-0.0423076923077,0,0
1608,0,2017/12/22,22:40:25,25.5,25.5,25.13,25.94,0,0,0,0,0.07,0.05,0.06,0.06,415,-1.24230769231,0,0
1609,0,2017/12/25,19:51:58,25.44,25.44,25.19,25.94,0,0,0,0,0.08,0.05,0.06,0.09,355,0.0923076923077,0,0
1610,0,2018/01/10,20:10:42,25.5,25.5,25.19,25.63,0,0,0,0,0.08,0.04,0.06,0.09,395,-1.18076923077,0,0
1611,0,2017/12/26,08:30:42,25.06,25.06,24.63,25.19,6,6,31,21,0.07,0.06,0.05,0.1,350,0.0,0,0
1612,0,2018/01/11,03:41:33,25.19,25.19,24.69,25.31,0,0,0,0,0.08,0.04,0.05,0.08,345,0.0,0,0
1613,0,2017/12/25,09:28:02,25.06,25.06,24.63,25.44,7,8,37,24,0.08,0.05,0.06,0.1,355,0.0,0,0
1614,2,2017/12/23,12:53:36,25.75,25.5,25.19,26.06,156,249,74,54,1.11,1.04,0.38,0.3,385,0.261538461538,0,1
1615,0,2017/12/23,22:19:50,25.56,25.56,25.19,25.69,0,0,0,0,0.07,0.05,0.07,0.06,440,-1.36538461538,0,0
1616,0,2017/12/25,18:32:19,25.44,25.44,25.19,26.0,0,0,0,0,0.08,0.05,0.07,0.11,355,-0.111538461538,0,0
1617,0,2017/12/23,10:02:33,25.13,25.13,24.69,25.56,9,10,44,29,0.09,0.05,0.07,0.07,355,-0.0807692307692,0,0
1618,0,2017/12/25,10:51:46,25.13,25.13,24.81,25.75,11,13,53,37,0.08,0.05,0.06,0.1,355,0.0,0,0
1619,0,2017/12/23,00:10:47,25.38,25.44,25.0,25.75,0,0,0,0,0.06,0.05,0.06,0.06,380,0.0,0,0
1620,0,2017/12/22,21:57:31,25.63,25.63,25.19,25.81,0,0,0,0,0.07,0.04,0.06,0.06,515,-2.01153846154,0,0
1621,0,2017/12/26,04:58:18,25.25,25.25,24.75,25.56,0,0,0,0,0.07,0.05,0.06,0.1,355,0.0,0,0
1622,0,2018/01/10,23:51:17,25.25,25.25,24.88,25.31,0,0,0,0,0.07,0.04,0.05,0.09,345,0.0,0,0
1623,0,2017/12/24,05:21:34,25.19,25.25,24.63,25.5,0,0,0,0,0.07,0.05,0.07,0.05,360,0.0,0,0
1624,0,2017/12/26,03:38:08,25.31,25.31,24.81,25.69,0,0,0,0,0.08,0.05,0.05,0.09,355,0.0,0,0
1625,0,2017/12/23,02:10:46,25.31,25.31,24.81,25.69,0,0,0,0,0.06,0.05,0.06,0.06,365,0.00384615384615,0,0
1626,1,2017/12/23,16:26:00,26.06,26.81,25.56,26.31,116,21,25,19,0.15,0.07,0.06,0.06,520,1.27307692308,1,0
1627,0,2017/12/23,06:06:40,25.06,25.06,24.5,25.25,0,0,0,0,0.08,0.05,0.06,0.06,360,0.0307692307692,0,0
1628,3,2017/12/22,17:36:37,26.25,25.88,25.81,26.31,150,242,180,12,0.64,0.47,3.65,0.06,825,1.48461538462,1,1
1629,0,2017/12/22,14:26:10,26.13,26.5,26.0,26.38,19,22,98,59,0.09,0.07,0.09,0.06,965,0.65,0,0
1630,0,2017/12/25,11:19:20,25.19,25.19,24.88,25.75,13,14,59,42,0.08,0.04,0.06,0.1,355,0.0,0,0
1631,0,2018/01/10,20:31:08,25.5,25.44,25.13,25.63,0,0,0,0,0.07,0.05,0.06,0.08,385,-0.288461538462,0,0
1632,0,2017/12/22,22:31:13,25.56,25.56,25.13,25.88,0,0,0,0,0.07,0.05,0.07,0.06,440,-1.13076923077,0,0
1633,0,2017/12/25,18:29:46,25.44,25.44,25.19,26.0,0,0,0,0,0.08,0.05,0.06,0.1,350,-0.142307692308,0,0
1634,0,2017/12/26,04:33:47,25.25,25.25,24.75,25.63,0,0,0,0,0.07,0.05,0.07,0.1,355,0.0,0,0
1635,0,2017/12/23,06:17:23,25.06,25.13,24.5,25.25,0,0,0,0,0.08,0.05,0.06,0.05,355,-0.0961538461538,0,0
1636,0,2017/12/25,15:29:32,25.44,25.44,25.38,26.13,11,14,55,40,0.08,0.05,0.06,0.1,355,0.0,0,0
1637,0,2017/12/24,00:50:58,25.44,25.38,24.94,25.75,0,0,0,0,0.07,0.05,0.07,0.05,370,-0.1,0,0
1638,0,2017/12/23,10:22:28,25.06,25.13,24.69,25.63,10,11,49,33,0.08,0.06,0.06,0.06,360,-0.134615384615,0,0
1639,0,2017/12/22,22:00:35,25.63,25.63,25.25,25.81,0,0,0,0,0.07,0.04,0.06,0.06,505,-2.11153846154,0,0
1640,0,2017/12/22,22:50:37,25.5,25.5,25.13,25.81,0,0,0,0,0.07,0.05,0.07,0.06,395,-0.603846153846,0,0
1641,0,2017/12/25,18:26:42,25.44,25.44,25.19,26.0,0,0,0,0,0.07,0.06,0.06,0.1,350,-0.1,0,0
1642,0,2017/12/25,17:33:05,25.44,25.44,25.25,26.13,0,0,2,1,0.08,0.05,0.06,0.11,350,0.0,0,0
1643,0,2018/01/11,01:36:28,25.19,25.25,24.75,25.25,0,0,0,0,0.07,0.04,0.06,0.09,345,0.0,0,0
1644,0,2018/01/10,18:56:40,25.63,25.69,25.31,25.69,0,0,0,0,0.08,0.05,0.06,0.08,630,-1.53461538462,0,0
1645,0,2018/01/11,07:31:49,25.06,25.06,24.5,25.13,1,1,10,6,0.07,0.05,0.05,0.09,345,0.0,0,0
1646,0,2017/12/23,22:26:28,25.56,25.56,25.13,25.69,0,0,0,0,0.07,0.05,0.07,0.06,420,-1.44230769231,0,0
1647,0,2017/12/26,07:51:53,25.06,25.06,24.56,25.0,4,4,19,14,0.08,0.05,0.06,0.1,350,0.0,0,0
1648,0,2017/12/23,02:53:40,25.25,25.25,24.75,25.63,0,0,0,0,0.08,0.05,0.06,0.06,365,0.0,0,0
1649,0,2017/12/23,08:47:30,25.06,25.06,24.5,25.31,6,6,32,21,0.08,0.05,0.06,0.06,360,0.0,0,0
1650,3,2017/12/22,14:01:40,26.19,27.13,26.06,26.38,165,257,278,73,0.1,0.07,0.13,0.07,930,1.19615384615,1,0
1651,0,2018/01/11,02:29:03,25.19,25.19,24.69,25.25,0,0,0,0,0.08,0.04,0.06,0.1,345,0.0,0,0
1652,0,2017/12/24,07:38:55,25.13,25.13,24.56,25.44,2,2,14,10,0.07,0.05,0.06,0.06,360,-0.0576923076923,0,0
1653,0,2018/01/11,04:58:08,25.13,25.13,24.63,25.25,0,0,0,0,0.08,0.04,0.05,0.08,345,0.0,0,0
1654,0,2017/12/26,04:07:45,25.31,25.31,24.81,25.69,0,0,0,0,0.08,0.06,0.06,0.1,355,0.0,0,0
1655,0,2017/12/24,02:10:37,25.38,25.38,24.81,25.75,0,0,0,0,0.07,0.05,0.06,0.06,365,0.0,0,0
1656,0,2017/12/25,11:17:18,25.19,25.19,24.88,25.75,13,15,59,41,0.07,0.05,0.06,0.1,355,0.0,0,0
1657,2,2017/12/22,11:32:04,25.38,25.44,24.88,25.69,158,243,70,54,0.71,0.68,0.27,0.23,455,0.646153846154,1,0
1658,1,2017/12/22,16:27:11,26.13,25.69,25.56,26.31,115,25,38,21,0.1,0.08,0.08,0.07,625,0.361538461538,1,0
1659,0,2017/12/23,00:52:39,25.38,25.38,24.94,25.75,0,0,0,0,0.06,0.05,0.06,0.06,375,0.0,0,0
1660,0,2017/12/24,04:24:54,25.19,25.25,24.69,25.63,0,0,0,0,0.07,0.04,0.06,0.07,360,0.0,0,0
1661,0,2017/12/23,05:28:53,25.13,25.13,24.56,25.38,0,0,0,0,0.07,0.05,0.06,0.06,360,0.0,0,0
1662,0,2017/12/25,17:25:26,25.44,25.44,25.25,26.13,0,0,4,3,0.07,0.05,0.06,0.1,350,0.0,0,0
1663,3,2018/01/10,15:52:52,25.69,26.44,25.56,25.75,9,8,50,30,0.52,0.95,0.11,0.09,430,1.42307692308,1,0
1664,0,2017/12/25,12:55:50,25.25,25.31,25.19,25.88,17,20,74,53,0.07,0.05,0.07,0.1,355,0.0,0,0
1665,0,2017/12/23,06:25:02,25.06,25.06,24.44,25.25,0,0,0,0,0.08,0.05,0.06,0.06,355,-0.176923076923,0,0
1666,2,2017/12/22,17:05:59,26.19,25.75,25.75,26.31,115,24,181,13,0.53,0.76,1.3,0.46,725,1.69615384615,0,1
1667,0,2018/01/10,23:21:09,25.31,25.31,24.88,25.44,0,0,0,0,0.06,0.05,0.05,0.08,345,0.0,0,0
1668,0,2018/01/11,05:35:25,25.13,25.13,24.63,25.19,0,0,0,0,0.08,0.04,0.06,0.08,345,0.0,0,0
1669,0,2017/12/26,07:49:51,25.06,25.06,24.56,25.06,3,4,18,13,0.07,0.06,0.06,0.1,350,0.0,0,0
1670,0,2018/01/11,01:01:44,25.19,25.25,24.75,25.31,0,0,0,0,0.07,0.05,0.05,0.09,345,0.0,0,0
1671,0,2017/12/25,10:04:17,25.06,25.06,24.69,25.63,9,10,44,29,0.07,0.04,0.06,0.1,355,0.0,0,0
1672,0,2018/01/11,04:23:56,25.19,25.19,24.63,25.31,0,0,0,0,0.07,0.04,0.06,0.08,345,0.0,0,0
1673,0,2017/12/22,15:19:16,25.81,25.88,25.69,26.38,13,16,80,49,0.07,0.05,0.06,0.06,625,-2.79230769231,0,0
1674,3,2017/12/23,17:47:41,26.19,26.13,25.81,26.38,150,236,186,11,0.89,0.26,0.07,0.07,795,1.20384615385,0,0
1675,3,2017/12/22,18:41:28,26.31,26.63,26.06,26.38,150,236,180,11,1.1,0.31,1.48,0.16,1165,3.23846153846,0,0
1676,2,2017/12/23,17:31:21,26.19,25.88,25.75,26.25,118,22,185,9,0.63,0.1,0.1,0.07,730,-0.811538461538,0,0
1677,3,2017/12/22,19:28:26,26.31,28.06,26.13,26.44,142,227,172,10,1.04,0.34,3.43,0.13,1250,1.35769230769,0,0
1678,0,2017/12/26,08:55:43,25.06,25.13,24.69,25.25,6,6,32,21,0.07,0.04,0.06,0.11,350,0.0,0,0
1679,0,2017/12/23,09:39:34,25.13,25.06,24.63,25.44,8,8,40,26,0.09,0.05,0.06,0.06,360,-0.0269230769231,0,0
1680,3,2018/01/10,17:01:17,25.88,26.06,25.75,25.94,133,216,172,25,0.12,0.9,0.07,0.08,770,1.67692307692,1,1
1681,0,2017/12/24,02:19:48,25.38,25.38,24.88,25.75,0,0,0,0,0.07,0.05,0.06,0.06,365,0.0,0,0
1682,0,2017/12/25,09:15:16,25.0,25.0,24.56,25.31,7,7,36,24,0.07,0.04,0.07,0.1,355,-0.219230769231,0,0
1683,0,2017/12/23,00:59:48,25.31,25.38,24.88,25.75,0,0,0,0,0.07,0.05,0.06,0.07,370,-0.219230769231,0,0
1684,0,2018/01/11,04:35:40,25.19,25.13,24.63,25.25,0,0,0,0,0.08,0.05,0.06,0.08,345,0.0,0,0
1685,0,2017/12/26,01:27:25,25.38,25.38,24.94,25.88,0,0,0,0,0.08,0.06,0.06,0.1,355,0.0,0,0
1686,0,2018/01/10,22:04:03,25.38,25.38,25.0,25.44,0,0,0,0,0.07,0.05,0.05,0.08,360,0.0,0,0
1687,0,2017/12/25,14:10:23,25.38,25.38,25.31,26.0,19,23,80,59,0.07,0.05,0.06,0.1,355,0.0,0,0
1688,0,2017/12/25,20:39:58,25.44,25.5,25.06,25.94,0,0,0,0,0.08,0.05,0.06,0.09,355,0.107692307692,0,0
1689,0,2017/12/24,04:10:36,25.25,25.25,24.69,25.63,0,0,0,0,0.07,0.06,0.06,0.06,360,0.0,0,0
1690,1,2017/12/23,15:27:17,25.75,26.81,25.5,26.25,111,24,50,36,0.58,0.1,0.08,0.12,430,-1.46923076923,0,0
1691,0,2018/01/11,01:51:16,25.19,25.25,24.75,25.25,0,0,0,0,0.07,0.04,0.06,0.09,345,0.0,0,0
1692,0,2018/01/10,22:03:02,25.31,25.38,25.0,25.44,0,0,0,0,0.09,0.09,0.1,0.09,360,0.0,0,0
1693,0,2017/12/23,08:38:18,25.06,25.0,24.56,25.38,6,6,31,21,0.08,0.06,0.06,0.06,360,0.0,0,0
1694,0,2018/01/11,04:41:48,25.13,25.13,24.63,25.25,0,0,0,0,0.08,0.05,0.06,0.09,345,0.0,0,0
1695,2,2017/12/23,18:44:22,26.25,26.38,25.94,26.38,117,19,184,7,0.91,1.03,3.65,0.8,1065,2.11923076923,0,1
1696,0,2017/12/23,07:21:43,25.0,25.0,24.44,25.38,1,1,9,5,0.07,0.05,0.06,0.05,355,0.0,0,0
1697,0,2017/12/23,04:19:57,25.19,25.19,24.63,25.56,0,0,0,0,0.08,0.05,0.07,0.06,360,0.0,0,0
1698,0,2018/01/11,04:32:06,25.13,25.13,24.63,25.25,0,0,0,0,0.07,0.04,0.05,0.09,345,0.0,0,0
1699,0,2017/12/26,01:22:19,25.38,25.38,24.94,25.81,0,0,0,0,0.08,0.05,0.06,0.11,355,0.0,0,0
1700,0,2018/01/11,06:52:31,25.06,25.06,24.56,25.19,0,0,0,0,0.08,0.05,0.06,0.08,345,0.0,0,0
1701,0,2017/12/25,20:43:32,25.44,25.44,25.06,26.06,0,0,0,0,0.08,0.05,0.06,0.1,355,0.05,0,0
1702,0,2017/12/26,03:00:21,25.31,25.31,24.81,25.69,0,0,0,0,0.08,0.04,0.07,0.1,355,0.0,0,0
1703,0,2018/01/10,18:06:07,25.88,26.13,25.63,25.94,0,0,0,0,0.07,0.05,0.06,0.08,835,-0.342307692308,0,0
1704,2,2017/12/23,16:50:30,26.13,25.81,25.63,26.31,119,24,194,16,0.36,0.17,1.09,0.15,585,1.71538461538,1,0
1705,0,2017/12/23,01:11:33,25.38,25.38,24.88,25.75,0,0,0,0,0.06,0.05,0.07,0.05,370,-0.0653846153846,0,0
1706,0,2018/01/11,03:00:12,25.19,25.19,24.69,25.19,0,0,0,0,0.07,0.05,0.05,0.09,345,0.0,0,0
1707,0,2017/12/25,14:03:14,25.38,25.38,25.31,26.06,19,24,83,59,0.07,0.05,0.05,0.11,355,0.0,0,0
1708,0,2018/01/11,04:47:25,25.13,25.13,24.63,25.25,0,0,0,0,0.07,0.04,0.06,0.08,345,0.0,0,0
1709,0,2017/12/25,19:26:57,25.44,25.44,25.13,26.06,0,0,0,0,0.08,0.06,0.07,0.11,350,-0.0307692307692,0,0
1710,0,2017/12/25,19:00:54,25.44,25.44,25.13,26.0,0,0,0,0,0.08,0.05,0.06,0.1,350,-6.1584092961300004e-18,0,0
1711,0,2017/12/22,14:33:19,26.06,26.38,25.88,26.38,19,23,99,61,0.09,0.11,0.1,0.09,880,-3.2,0,0
1712,0,2017/12/23,20:35:40,25.94,25.81,25.56,26.06,0,0,0,0,0.07,0.05,0.05,0.06,840,-1.95769230769,0,0
1713,0,2017/12/24,06:02:56,25.19,25.19,24.56,25.5,0,0,0,0,0.06,0.05,0.06,0.06,360,0.0692307692308,0,0
1714,0,2017/12/23,19:52:47,26.19,26.13,25.94,26.31,0,0,0,0,3.88,3.4,3.65,1.8,1030,-0.392307692308,0,1
1715,0,2017/12/23,07:35:30,25.06,25.06,24.44,25.31,2,2,13,8,0.08,0.05,0.06,0.06,355,-0.0115384615385,0,0
1716,0,2017/12/23,04:23:01,25.19,25.19,24.69,25.56,0,0,0,0,0.11,0.05,0.06,0.06,360,0.0,0,0
1717,0,2017/12/24,05:51:11,25.19,25.19,24.63,25.5,0,0,0,0,0.07,0.05,0.06,0.06,360,-0.0423076923077,0,0
1718,0,2017/12/23,09:21:11,25.06,25.06,24.63,25.31,7,7,35,24,0.08,0.05,0.06,0.06,355,-0.0615384615385,0,0
1719,0,2018/01/11,08:33:36,25.13,25.06,24.63,25.13,6,7,32,21,0.07,0.05,0.06,0.08,345,0.0,0,0
1720,0,2017/12/24,03:23:07,25.31,25.31,24.75,25.69,0,0,0,0,0.06,0.05,0.06,0.05,360,0.0,0,0
1721,0,2017/12/25,15:32:05,25.44,25.44,25.44,26.13,10,13,53,39,0.07,0.06,0.06,0.1,355,0.0,0,0
1722,1,2017/12/23,16:36:43,26.06,26.81,25.5,26.38,116,20,20,14,0.07,0.05,0.06,0.07,535,0.561538461538,0,0
1723,2,2017/12/22,12:10:52,25.63,27.5,25.06,25.94,156,244,79,60,0.43,0.42,0.17,0.18,615,0.957692307692,1,0
1724,0,2017/12/23,02:06:10,25.31,25.31,24.81,25.69,0,0,0,0,0.07,0.05,0.06,0.06,365,-0.0730769230769,0,0
1725,1,2017/12/23,16:28:02,26.06,26.81,25.56,26.31,116,21,24,18,0.89,0.09,0.12,0.07,530,1.21538461538,1,0
1726,0,2018/01/11,07:58:23,25.06,25.06,24.56,25.13,4,5,21,15,0.08,0.05,0.05,0.08,345,0.0,0,0
1727,0,2017/12/24,02:28:29,25.31,25.38,24.81,25.63,0,0,0,0,0.06,0.04,0.06,0.06,365,-0.115384615385,0,0
1728,0,2017/12/24,03:26:42,25.31,25.31,24.75,25.63,0,0,0,0,0.06,0.05,0.06,0.06,360,0.0,0,0
1729,0,2017/12/25,16:07:19,25.44,25.44,25.38,26.13,6,8,35,24,0.08,0.05,0.05,0.1,355,-0.238461538462,0,0
1730,0,2017/12/25,18:05:46,25.44,25.44,25.19,26.0,0,0,0,0,0.08,0.05,0.06,0.1,350,0.0269230769231,0,0
1731,0,2017/12/23,07:42:08,25.06,25.0,24.44,25.31,3,3,15,10,0.08,0.05,0.06,0.05,355,0.0423076923077,0,0
1732,0,2018/01/11,06:30:03,25.06,25.13,24.56,25.19,0,0,0,0,0.08,0.05,0.05,0.08,345,0.0,0,0
1733,0,2017/12/24,02:57:05,25.31,25.31,24.75,25.69,0,0,0,0,0.06,0.04,0.06,0.06,360,-0.0538461538462,0,0
1734,0,2017/12/24,09:04:42,25.13,25.13,24.69,25.44,7,7,35,23,0.06,0.05,0.06,0.06,360,-0.0269230769231,0,0
1735,0,2017/12/22,21:34:33,25.69,25.69,25.31,25.94,0,0,0,0,0.07,0.05,0.06,0.06,600,-2.01538461538,0,0
1736,3,2018/01/10,15:33:28,25.56,26.0,25.44,25.69,10,12,55,34,0.29,0.06,0.06,0.09,370,1.10769230769,0,0
1737,0,2017/12/25,12:41:33,25.25,25.25,25.13,25.88,16,19,70,50,0.08,0.06,0.06,0.1,355,0.0,0,0
1738,0,2017/12/23,05:40:07,25.13,25.13,24.5,25.31,0,0,0,0,0.07,0.05,0.05,0.05,360,0.0,0,0
1739,0,2017/12/26,00:53:13,25.38,25.38,24.94,25.88,0,0,0,0,0.07,0.05,0.06,0.1,355,0.0,0,0
1740,0,2017/12/25,18:25:10,25.44,25.44,25.19,26.13,0,0,0,0,0.07,0.05,0.06,0.11,350,-0.0538461538462,0,0
1741,0,2018/01/11,08:18:17,25.13,25.06,24.56,25.19,5,6,29,20,0.08,0.05,0.05,0.08,345,0.0,0,0
1742,0,2018/01/10,21:47:12,25.38,25.38,25.0,25.5,0,0,0,0,0.07,0.05,0.06,0.08,360,-0.219230769231,0,0
1743,1,2017/12/22,10:56:19,25.06,24.81,24.63,25.56,123,35,57,44,1.66,0.21,0.12,0.09,390,-0.542307692308,1,0
1744,0,2017/12/24,08:00:22,25.06,25.13,24.5,25.5,5,5,24,15,0.07,0.05,0.05,0.06,360,0.0423076923077,0,0
1745,0,2018/01/11,06:14:13,25.13,25.06,24.56,25.19,0,0,0,0,0.08,0.05,0.05,0.08,345,0.0,0,0
1746,0,2017/12/25,18:38:26,25.44,25.44,25.19,26.13,0,0,0,0,0.09,0.05,0.06,0.11,355,0.192307692308,0,0
1747,1,2017/12/23,16:04:03,26.0,26.81,25.56,26.31,119,23,35,25,0.39,0.13,0.14,0.09,475,1.38461538462,0,0
1748,0,2018/01/10,20:20:24,25.5,25.5,25.13,25.63,0,0,0,0,0.07,0.05,0.05,0.08,390,-0.888461538462,0,0
1749,0,2017/12/24,00:43:49,25.44,25.38,25.0,25.75,0,0,0,0,0.06,0.05,0.06,0.06,370,-0.0576923076923,0,0
1750,0,2017/12/23,09:34:59,25.06,25.06,24.63,25.31,7,8,38,25,0.08,0.05,0.06,0.06,360,0.0,0,0
1751,0,2017/12/25,18:07:18,25.44,25.44,25.19,26.06,0,0,0,0,0.08,0.05,0.07,0.09,350,0.0153846153846,0,0
1752,0,2017/12/26,04:05:42,25.31,25.31,24.81,25.63,0,0,0,0,0.07,0.06,0.06,0.11,355,0.0,0,0
1753,0,2017/12/24,03:16:29,25.31,25.31,24.75,25.63,0,0,0,0,0.06,0.04,0.07,0.06,360,-0.0192307692308,0,0
1754,2,2017/12/22,17:19:46,26.19,25.75,25.81,26.38,114,24,177,10,0.11,0.05,0.06,0.07,760,1.17307692308,0,1
1755,0,2017/12/25,09:51:00,25.0,25.06,24.63,25.5,8,9,41,28,0.08,0.04,0.06,0.1,355,0.0,0,0
1756,0,2017/12/26,06:13:52,25.19,25.19,24.63,25.44,0,0,0,0,0.07,0.05,0.06,0.1,355,0.0,0,0
1757,0,2017/12/26,07:57:00,25.06,25.06,24.63,25.06,4,4,20,14,0.07,0.05,0.06,0.1,350,0.0,0,0
1758,0,2017/12/24,05:53:44,25.19,25.19,24.63,25.5,0,0,0,0,0.06,0.05,0.06,0.06,360,-0.0230769230769,0,0
1759,0,2017/12/24,03:18:31,25.31,25.31,24.75,25.63,0,0,0,0,0.06,0.05,0.06,0.06,360,-0.05,0,0
1760,0,2017/12/25,22:52:43,25.44,25.44,25.06,25.94,0,0,0,0,0.08,0.05,0.07,0.09,355,0.0,0,0
1761,0,2017/12/22,23:55:28,25.44,25.44,25.0,25.81,0,0,0,0,0.07,0.05,0.06,0.06,380,0.0,0,0
1762,0,2017/12/25,23:41:13,25.38,25.44,25.0,25.88,0,0,0,0,0.08,0.04,0.06,0.1,355,0.0,0,0
1763,2,2017/12/23,17:27:16,26.19,25.88,25.75,26.31,117,22,185,10,0.3,0.31,1.05,0.31,720,0.838461538462,0,0
1764,0,2018/01/10,19:03:49,25.63,25.69,25.31,25.75,0,0,0,0,0.07,0.14,0.06,0.09,620,-1.37307692308,0,0
1765,0,2017/12/25,09:12:43,25.0,25.0,24.56,25.38,7,7,36,24,0.08,0.05,0.06,0.11,355,-0.161538461538,0,0
1766,0,2018/01/10,21:11:28,25.44,25.44,25.13,25.5,0,0,0,0,0.07,0.05,0.05,0.08,370,-0.188461538462,0,0
1767,0,2017/12/24,02:44:49,25.31,25.31,24.81,25.69,0,0,0,0,0.07,0.05,0.06,0.06,360,-0.0923076923077,0,0
1768,0,2017/12/23,14:34:41,25.94,26.94,25.56,26.25,14,15,72,52,0.16,0.18,0.18,0.11,595,-1.75769230769,0,0
1769,2,2017/12/23,19:00:42,26.25,26.25,25.94,26.38,114,19,180,7,0.12,0.05,0.6,0.06,1050,0.369230769231,0,0
1770,0,2017/12/23,10:02:02,25.13,25.13,24.69,25.56,9,9,43,29,0.08,0.05,0.06,0.06,355,-0.0769230769231,0,0
1771,0,2017/12/24,00:38:12,25.38,25.44,24.94,25.69,0,0,0,0,0.06,0.05,0.06,0.06,370,-0.0192307692308,0,0
1772,0,2017/12/26,04:58:48,25.25,25.31,24.75,25.56,0,0,0,0,0.08,0.05,0.06,0.1,355,0.0,0,0
1773,0,2018/01/11,02:04:32,25.19,25.25,24.69,25.25,0,0,0,0,0.07,0.04,0.06,0.08,345,0.0,0,0
1774,0,2017/12/23,23:28:46,25.44,25.44,25.0,25.56,0,0,0,0,0.06,0.05,0.06,0.07,375,-0.3,0,0
1775,0,2017/12/23,23:58:22,25.38,25.38,25.0,25.63,0,0,0,0,0.07,0.06,0.06,0.06,370,-0.288461538462,0,0
1776,0,2017/12/22,23:16:40,25.44,25.5,25.06,25.81,0,0,0,0,0.07,0.05,0.06,0.07,385,-0.119230769231,0,0
1777,2,2017/12/23,16:52:02,26.13,25.88,25.56,26.31,119,24,195,16,1.38,0.21,2.44,0.14,585,1.46153846154,1,1
1778,0,2017/12/26,05:40:40,25.19,25.25,24.69,25.5,0,0,0,0,0.07,0.04,0.06,0.1,355,0.0,0,0
1779,3,2017/12/22,14:09:19,26.19,27.25,26.06,26.31,163,253,272,74,0.17,0.08,0.13,0.08,965,2.01153846154,1,0
1780,0,2017/12/23,06:33:13,25.06,25.06,24.44,25.31,0,0,0,0,0.08,0.05,0.06,0.06,355,-0.0115384615385,0,0
1781,0,2017/12/23,19:55:51,26.19,26.06,25.88,26.31,0,0,0,0,0.06,0.05,0.06,0.06,1025,0.842307692308,0,0
1782,2,2017/12/23,13:05:20,25.88,25.75,25.25,26.13,160,249,76,57,0.25,0.06,0.32,0.07,405,0.830769230769,0,0
1783,0,2017/12/23,02:42:56,25.25,25.25,24.75,25.69,0,0,0,0,0.07,0.06,0.06,0.06,365,0.0,0,0
1784,0,2018/01/11,02:42:19,25.19,25.19,24.75,25.25,0,0,0,0,0.07,0.04,0.05,0.09,345,0.0,0,0
1785,0,2017/12/23,07:26:49,25.06,25.06,24.44,25.38,1,1,10,6,0.08,0.05,0.06,0.06,360,0.0461538461538,0,0
1786,0,2018/01/11,00:44:53,25.19,25.25,24.81,25.31,0,0,0,0,0.07,0.05,0.05,0.08,345,0.0,0,0
1787,0,2017/12/25,10:59:26,25.13,25.13,24.81,25.75,13,14,57,40,0.08,0.04,0.06,0.1,355,0.0,0,0
1788,0,2017/12/25,12:45:07,25.25,25.31,25.13,25.88,16,20,71,51,0.08,0.05,0.06,0.11,355,0.0,0,0
1789,1,2017/12/22,16:05:44,26.06,25.75,25.56,26.31,118,29,51,30,0.44,0.27,0.26,0.16,605,0.292307692308,1,0
1790,2,2017/12/23,13:53:20,26.06,27.06,25.44,26.31,160,247,80,60,0.71,0.82,0.27,0.24,590,1.82692307692,1,0
1791,0,2017/12/24,01:29:16,25.38,25.44,24.94,25.75,0,0,0,0,0.07,0.05,0.06,0.06,365,0.0,0,0
1792,2,2017/12/22,12:12:55,25.63,27.63,25.13,26.0,156,244,78,60,0.54,0.8,0.3,0.14,630,1.41923076923,1,0
1793,0,2018/01/11,01:52:17,25.19,25.19,24.75,25.25,0,0,0,0,0.08,0.04,0.05,0.08,345,0.0,0,0
1794,0,2017/12/26,05:36:35,25.19,25.25,24.69,25.56,0,0,0,0,0.07,0.06,0.06,0.1,355,0.0,0,0
1795,0,2017/12/23,07:32:57,25.06,25.06,24.44,25.31,2,2,12,8,0.08,0.05,0.05,0.06,355,0.00384615384615,0,0
1796,0,2017/12/22,14:16:59,26.19,26.94,26.13,26.38,19,22,97,60,0.19,0.18,0.32,0.08,970,-0.303846153846,0,1
1797,0,2017/12/22,20:07:14,26.06,26.25,25.69,26.19,0,0,0,0,0.07,0.04,0.05,0.07,1015,-4.2,0,0
1798,1,2017/12/23,16:15:16,26.06,26.81,25.5,26.44,118,22,29,21,1.51,0.37,0.05,0.33,500,1.18846153846,0,0
1799,0,2017/12/26,02:12:52,25.31,25.38,24.88,25.75,0,0,0,0,0.08,0.06,0.05,0.1,355,0.0,0,0
1800,2,2018/01/10,17:53:52,26.0,26.19,25.75,25.94,142,227,5,6,0.75,0.43,0.2,0.2,840,-0.673076923077,1,1
1801,0,2017/12/25,14:51:14,25.44,25.44,25.38,26.13,15,19,71,52,0.07,0.05,0.06,0.09,355,0.0,0,0
1802,2,2017/12/23,17:32:53,26.19,25.81,25.75,26.38,117,22,185,9,0.54,0.39,0.87,0.45,735,-0.5,0,0
1803,0,2017/12/23,14:50:31,25.88,26.94,25.56,26.31,12,13,61,45,0.52,0.27,0.38,0.16,540,-0.396153846154,0,0
1804,1,2017/12/23,15:48:13,25.94,26.81,25.5,26.25,121,25,45,33,0.09,0.08,0.06,0.06,430,0.926923076923,1,0
1805,0,2017/12/25,14:23:40,25.38,25.38,25.38,26.06,19,23,83,59,0.08,0.05,0.07,0.1,355,0.0,0,0
1806,0,2017/12/26,01:02:55,25.38,25.38,24.94,25.81,0,0,0,0,0.08,0.05,0.06,0.1,355,0.0,0,0
1807,0,2018/01/10,21:14:32,25.44,25.44,25.06,25.56,0,0,0,0,0.08,0.05,0.06,0.09,370,-0.292307692308,0,0
1808,0,2017/12/25,20:40:59,25.44,25.5,25.06,25.94,0,0,0,0,0.07,0.05,0.05,0.1,355,0.0923076923077,0,0
1809,0,2017/12/25,17:04:30,25.44,25.44,25.31,26.19,1,1,9,6,0.08,0.05,0.06,0.1,350,0.0,0,0
1810,0,2017/12/23,01:06:26,25.31,25.38,24.88,25.75,0,0,0,0,0.06,0.06,0.06,0.07,370,-0.207692307692,0,0
1811,0,2018/01/11,00:07:37,25.19,25.25,24.88,25.31,0,0,0,0,0.07,0.04,0.06,0.08,345,0.0,0,0
1812,3,2018/01/10,16:17:22,25.75,26.06,25.69,25.81,6,6,37,23,0.61,0.19,0.19,0.12,530,2.65769230769,0,0
1813,0,2017/12/25,15:11:09,25.44,25.44,25.44,26.13,13,16,65,47,0.08,0.06,0.06,0.11,355,0.0,0,0
1814,0,2017/12/22,19:48:51,26.19,26.63,25.94,26.25,0,0,0,0,0.07,0.04,0.06,0.06,1165,-4.68846153846,0,0
1815,0,2017/12/23,05:12:32,25.13,25.13,24.56,25.5,0,0,0,0,0.07,0.05,0.05,0.05,360,0.0,0,0
1816,0,2017/12/25,20:31:48,25.44,25.44,25.06,25.88,0,0,0,0,0.08,0.05,0.06,0.1,355,0.0269230769231,0,0
1817,0,2017/12/25,23:54:30,25.38,25.38,25.0,25.81,0,0,0,0,0.07,0.05,0.07,0.09,355,0.0,0,0
1818,2,2017/12/22,12:04:44,25.56,27.5,25.06,26.0,157,244,76,59,0.15,0.6,0.09,0.06,590,2.12307692308,1,0
1819,0,2017/12/23,14:50:00,25.81,26.94,25.56,26.31,12,13,61,45,0.29,0.17,0.21,0.11,540,-0.696153846154,0,0
1820,0,2017/12/23,08:06:08,25.06,25.06,24.44,25.38,5,5,24,17,0.08,0.05,0.06,0.07,360,0.188461538462,0,0
1821,0,2017/12/23,06:34:44,25.06,25.06,24.5,25.25,0,0,0,0,0.09,0.05,0.06,0.06,355,-0.0230769230769,0,0
1822,0,2017/12/23,09:47:14,25.06,25.06,24.63,25.38,8,8,40,27,0.08,0.06,0.1,0.07,360,-0.0192307692308,0,0
1823,0,2017/12/23,04:02:35,25.19,25.19,24.69,25.56,0,0,0,0,0.08,0.05,0.06,0.06,360,-0.0461538461538,0,0
1824,0,2017/12/25,12:44:36,25.25,25.31,25.13,25.94,16,20,70,50,0.07,0.05,0.05,0.1,355,0.0,0,0
1825,0,2017/12/24,07:43:00,25.06,25.13,24.56,25.44,3,3,16,10,0.08,0.05,0.07,0.07,360,0.0230769230769,0,0
1826,3,2017/12/22,19:10:03,26.31,27.94,26.06,26.44,151,239,182,11,0.2,0.17,0.9,0.16,1210,1.03076923077,0,1
1827,0,2017/12/25,12:10:24,25.25,25.25,25.0,25.75,16,19,71,50,0.08,0.05,0.06,0.09,355,0.0,0,0
1828,0,2017/12/25,12:00:42,25.25,25.25,24.94,25.88,14,16,65,47,0.12,0.05,0.13,0.1,355,0.0,0,0
1829,0,2017/12/26,06:36:19,25.19,25.19,24.63,25.38,0,0,0,0,0.08,0.06,0.06,0.09,355,-0.00384615384615,0,0
1830,0,2017/12/23,07:30:54,25.06,25.06,24.44,25.38,2,2,11,7,0.08,0.05,0.06,0.05,355,0.0192307692308,0,0
1831,0,2017/12/23,11:20:09,25.19,25.19,24.94,25.81,14,15,61,43,0.08,0.05,0.07,0.07,360,0.0384615384615,0,0
1832,0,2017/12/26,03:24:21,25.31,25.31,24.81,25.69,0,0,0,0,0.08,0.06,0.06,0.1,355,0.0,0,0
1833,2,2017/12/23,13:09:25,25.81,25.75,25.31,26.25,160,249,77,57,0.38,0.33,0.09,0.09,420,1.49230769231,1,0
1834,0,2017/12/24,00:26:58,25.44,25.44,25.0,25.69,0,0,0,0,0.06,0.06,0.07,0.06,370,0.0,0,0
1835,0,2017/12/22,22:18:58,25.56,25.56,25.19,25.81,0,0,0,0,0.07,0.05,0.05,0.06,460,-1.01153846154,0,0
1836,1,2017/12/23,12:06:37,25.44,25.31,25.06,25.88,124,37,70,50,0.09,0.05,0.06,0.07,365,0.219230769231,0,0
1837,0,2017/12/25,15:25:26,25.44,25.44,25.38,26.13,11,14,56,41,0.08,0.05,0.07,0.09,355,0.0,0,0
1838,0,2018/01/11,02:55:36,25.19,25.19,24.69,25.25,0,0,0,0,0.07,0.05,0.05,0.09,345,0.0,0,0
1839,0,2017/12/23,21:51:45,25.63,25.63,25.25,25.88,0,0,0,0,0.07,0.05,0.06,0.06,530,-2.01538461538,0,0
1840,1,2017/12/22,16:26:40,26.13,25.75,25.56,26.38,115,25,38,21,0.07,0.05,0.07,0.07,620,0.296153846154,0,0
1841,0,2017/12/25,23:42:14,25.44,25.44,25.0,25.81,0,0,0,0,0.07,0.05,0.05,0.09,355,0.0,0,0
1842,0,2018/01/10,21:01:46,25.44,25.44,25.06,25.63,0,0,0,0,0.07,0.05,0.05,0.09,375,-0.284615384615,0,0
1843,0,2017/12/25,23:28:58,25.38,25.44,25.0,25.88,0,0,0,0,0.07,0.05,0.06,0.09,355,0.0,0,0
1844,0,2017/12/26,03:20:46,25.31,25.31,24.81,25.69,0,0,0,0,0.08,0.05,0.06,0.1,355,0.0,0,0
1845,3,2017/12/22,19:01:22,26.31,27.88,26.06,26.44,150,239,180,11,1.08,0.83,2.92,0.41,1205,0.35,1,1
1846,1,2017/12/23,11:58:58,25.44,25.25,25.0,25.81,123,36,65,46,0.31,0.08,0.08,0.07,360,0.0423076923077,1,0
1847,0,2017/12/23,10:59:44,25.19,25.19,24.81,25.69,12,14,58,40,0.08,0.06,0.06,0.06,360,-0.00384615384615,0,0
1848,0,2017/12/24,03:58:21,25.25,25.31,24.69,25.63,0,0,0,0,0.06,0.04,0.06,0.06,360,0.0,0,0
1849,0,2017/12/22,23:04:24,25.5,25.5,25.06,25.81,0,0,0,0,0.07,0.04,0.06,0.07,390,-0.0884615384615,0,0
1850,0,2017/12/26,03:22:49,25.31,25.31,24.81,25.69,0,0,0,0,0.07,0.05,0.06,0.11,355,0.0,0,0
1851,0,2017/12/24,05:45:04,25.19,25.25,24.63,25.5,0,0,0,0,0.07,0.06,0.06,0.06,360,0.126923076923,0,0
1852,0,2017/12/23,05:25:18,25.13,25.13,24.56,25.44,0,0,0,0,0.07,0.05,0.05,0.06,360,0.0,0,0
1853,0,2018/01/11,08:23:24,25.13,25.06,24.63,25.19,6,6,30,20,0.08,0.04,0.06,0.08,345,0.0,0,0
1854,2,2017/12/22,16:45:33,26.13,25.75,25.75,26.25,117,26,190,20,0.15,0.05,0.06,0.06,655,1.01538461538,0,0
1855,2,2017/12/23,13:03:18,25.81,25.69,25.25,26.13,160,249,80,59,0.41,3.13,0.41,0.19,400,0.484615384615,1,1
1856,0,2017/12/26,06:06:43,25.19,25.25,24.63,25.5,0,0,0,0,0.07,0.06,0.06,0.1,355,0.0,0,0
1857,0,2018/01/11,00:52:33,25.19,25.25,24.81,25.31,0,0,0,0,0.07,0.05,0.05,0.08,345,0.0,0,0
1858,2,2017/12/23,19:47:41,26.25,26.13,25.94,26.31,115,19,180,7,0.52,0.52,2.07,0.43,1000,-0.934615384615,1,1
1859,0,2017/12/25,11:10:40,25.19,25.13,24.88,25.81,12,14,55,40,0.08,0.05,0.06,0.1,355,0.0,0,0
1860,2,2017/12/22,11:30:32,25.38,25.38,24.81,25.81,157,241,67,53,0.73,0.24,0.1,0.1,445,0.623076923077,0,1
1861,0,2017/12/22,23:13:36,25.5,25.44,25.06,25.81,0,0,0,0,0.07,0.05,0.07,0.06,390,0.0,0,0
1862,0,2017/12/25,18:58:21,25.44,25.44,25.13,26.0,0,0,0,0,0.08,0.05,0.06,0.1,350,-0.111538461538,0,0
1863,0,2017/12/26,05:50:53,25.19,25.19,24.69,25.56,0,0,0,0,0.07,0.06,0.07,0.1,355,0.0,0,0
1864,0,2017/12/23,00:16:24,25.44,25.44,24.94,25.81,0,0,0,0,0.07,0.05,0.06,0.06,375,-0.261538461538,0,0
1865,2,2017/12/22,17:02:55,26.19,25.75,25.75,26.38,116,25,184,14,0.09,0.05,0.06,0.07,720,1.81538461538,0,1
1866,3,2017/12/22,18:27:10,26.25,26.63,25.94,26.44,149,234,180,10,0.25,0.27,0.13,0.08,1080,2.53846153846,1,1
1867,0,2017/12/24,05:42:30,25.19,25.19,24.63,25.5,0,0,0,0,0.07,0.05,0.06,0.06,360,0.0692307692308,0,0
1868,3,2018/01/10,15:54:54,25.69,26.44,25.56,25.75,9,9,50,31,0.4,0.93,0.09,0.09,420,2.24230769231,1,1
1869,0,2017/12/23,10:17:21,25.13,25.13,24.69,25.69,10,10,46,31,0.08,0.06,0.08,0.06,355,0.130769230769,0,0
1870,0,2017/12/22,20:13:22,26.0,26.19,25.69,26.13,0,0,0,0,0.07,0.04,0.06,0.06,990,-2.38461538462,0,0
1871,0,2017/12/24,01:17:00,25.38,25.38,24.88,25.75,0,0,0,0,0.07,0.05,0.06,0.06,365,0.0,0,0
1872,0,2017/12/23,21:46:39,25.69,25.63,25.31,25.81,0,0,0,0,0.07,0.05,0.06,0.06,550,-2.05769230769,0,0
1873,0,2017/12/22,22:09:46,25.56,25.63,25.19,25.88,0,0,0,0,0.07,0.05,0.06,0.07,480,-1.4,0,0
1874,0,2017/12/25,15:24:56,25.44,25.44,25.38,26.13,11,14,55,40,0.07,0.06,0.07,0.09,355,0.0,0,0
1875,0,2018/01/10,22:16:19,25.38,25.38,25.0,25.44,0,0,0,0,0.07,0.05,0.06,0.09,355,-0.211538461538,0,0
1876,0,2017/12/25,12:17:02,25.25,25.25,25.06,25.88,18,20,76,54,0.08,0.06,0.06,0.1,355,0.0,0,0
1877,3,2017/12/22,18:47:35,26.31,26.94,26.06,26.38,150,237,180,10,1.1,1.37,0.73,0.27,1180,2.41923076923,1,1
1878,0,2017/12/26,05:48:20,25.25,25.25,24.69,25.5,0,0,0,0,0.08,0.05,0.06,0.1,355,0.0,0,0
1879,3,2018/01/10,16:35:45,25.81,26.06,25.69,25.88,5,5,29,17,0.11,0.5,0.09,0.09,655,2.88846153846,0,1
1880,0,2018/01/11,06:34:08,25.06,25.06,24.56,25.19,0,0,0,0,0.08,0.05,0.05,0.08,345,0.0,0,0
1881,0,2017/12/26,00:20:01,25.38,25.38,25.0,25.81,0,0,0,0,0.08,0.05,0.06,0.11,355,0.0,0,0
1882,0,2018/01/11,02:31:06,25.19,25.19,24.69,25.25,0,0,0,0,0.07,0.04,0.06,0.08,345,0.0,0,0
1883,0,2018/01/11,03:49:13,25.19,25.19,24.69,25.31,0,0,0,0,0.08,0.05,0.06,0.09,345,0.0,0,0
1884,0,2017/12/22,14:47:06,25.94,26.13,25.81,26.31,17,21,93,57,0.08,0.06,0.09,0.06,795,-2.15384615385,0,0
1885,0,2018/01/11,03:57:23,25.13,25.19,24.63,25.25,0,0,0,0,0.08,0.05,0.05,0.08,345,0.0,0,0
1886,0,2017/12/26,07:59:33,25.0,25.0,24.56,25.0,4,4,22,15,0.08,0.05,0.06,0.1,350,0.0,0,0
1887,0,2017/12/25,09:47:26,25.0,25.06,24.69,25.5,8,9,42,29,0.08,0.05,0.07,0.1,355,0.0,0,0
1888,2,2017/12/22,12:17:30,25.69,27.75,25.13,26.0,155,239,79,59,0.72,0.66,0.24,0.21,635,2.03076923077,1,1
1889,0,2017/12/23,11:44:09,25.19,25.19,24.94,25.81,14,17,65,46,0.08,0.05,0.06,0.07,360,-0.0269230769231,0,0
1890,0,2017/12/24,08:00:53,25.06,25.13,24.5,25.5,5,5,24,16,0.07,0.05,0.06,0.07,360,0.0461538461538,0,0
1891,0,2017/12/25,13:28:00,25.31,25.31,25.19,26.0,17,20,73,53,0.08,0.05,0.07,0.11,355,0.0,0,0
1892,0,2017/12/22,20:11:19,26.0,26.19,25.69,26.19,0,0,0,0,0.07,0.04,0.05,0.06,995,-2.76538461538,0,0
1893,0,2017/12/25,09:45:54,25.0,25.06,24.63,25.5,8,9,42,29,0.07,0.04,0.06,0.1,355,0.0,0,0
1894,0,2017/12/23,01:19:43,25.31,25.31,24.88,25.75,0,0,0,0,0.07,0.05,0.06,0.06,370,0.0,0,0
1895,0,2017/12/26,04:12:51,25.25,25.31,24.81,25.69,0,0,0,0,0.08,0.05,0.06,0.09,355,0.0,0,0
1896,0,2017/12/24,03:30:16,25.31,25.31,24.75,25.63,0,0,0,0,0.07,0.05,0.05,0.05,360,0.0,0,0
1897,0,2018/01/11,00:50:30,25.19,25.25,24.81,25.31,0,0,0,0,0.07,0.04,0.05,0.09,345,0.0,0,0
1898,0,2017/12/26,08:41:56,25.13,25.06,24.63,25.31,6,6,33,22,0.07,0.05,0.07,0.1,350,0.0,0,0
1899,0,2017/12/23,10:56:40,25.19,25.13,24.81,25.69,11,13,54,38,0.08,0.05,0.07,0.06,360,0.0461538461538,0,0
1900,0,2018/01/10,23:28:49,25.25,25.31,24.88,25.44,0,0,0,0,0.08,0.05,0.05,0.09,345,0.0,0,0
1901,0,2017/12/22,23:41:10,25.44,25.44,25.0,25.75,0,0,0,0,0.06,0.05,0.06,0.06,380,-0.0461538461538,0,0
1902,0,2017/12/25,11:39:46,25.19,25.19,24.94,25.88,14,15,60,43,0.07,0.05,0.06,0.1,355,0.0,0,0
1903,0,2017/12/22,23:39:38,25.44,25.44,25.0,25.81,0,0,0,0,0.07,0.05,0.07,0.07,385,0.0,0,0
1904,0,2018/01/10,19:51:49,25.56,25.5,25.19,25.63,0,0,0,0,0.07,0.05,0.05,0.08,455,-1.19615384615,0,0
1905,3,2018/01/10,15:53:53,25.69,26.44,25.56,25.75,9,8,50,30,0.12,0.55,0.13,0.1,425,1.95384615385,1,1
1906,0,2017/12/23,09:15:04,25.06,25.06,24.56,25.25,6,7,35,23,0.08,0.05,0.06,0.06,360,0.0,0,0
1907,0,2018/01/10,20:09:41,25.5,25.5,25.19,25.63,0,0,0,0,0.07,0.05,0.05,0.09,405,-0.946153846154,0,0
1908,1,2017/12/22,15:49:24,26.0,25.81,25.69,26.31,119,32,64,40,0.21,0.05,0.07,0.06,580,-0.230769230769,1,0
1909,0,2017/12/22,20:47:04,25.81,25.88,25.5,26.06,0,0,0,0,0.07,0.05,0.06,0.05,795,-2.37307692308,0,0
1910,0,2018/01/11,08:19:49,25.13,25.06,24.63,25.13,5,6,29,20,0.08,0.04,0.05,0.09,345,0.0,0,0
1911,0,2017/12/22,22:27:39,25.56,25.56,25.19,25.94,0,0,0,0,0.07,0.05,0.07,0.06,445,-1.20769230769,0,0
1912,0,2017/12/26,03:30:59,25.25,25.31,24.81,25.63,0,0,0,0,0.08,0.05,0.06,0.09,355,0.0,0,0
1913,2,2017/12/22,17:08:32,26.19,25.75,25.75,26.31,116,24,180,12,0.12,0.07,3.13,0.08,735,1.43461538462,0,1
1914,3,2017/12/23,18:10:09,26.25,26.19,25.88,26.38,148,234,185,10,0.07,0.23,0.15,0.07,925,3.7,0,1
1915,0,2017/12/25,23:37:39,25.38,25.44,25.0,25.88,0,0,0,0,0.07,0.05,0.06,0.1,355,0.0,0,0
1916,0,2017/12/25,17:17:16,25.44,25.44,25.25,26.13,0,0,5,4,0.08,0.11,0.16,0.1,350,0.0,0,0
1917,0,2017/12/25,15:48:25,25.44,25.44,25.38,26.13,8,10,44,31,0.08,0.06,0.06,0.1,355,0.0,0,0
1918,1,2017/12/22,15:34:35,25.94,25.88,25.63,26.38,120,34,68,44,1.49,0.58,0.15,0.24,575,-1.05384615385,0,0
1919,3,2017/12/22,18:31:15,26.25,26.63,26.0,26.38,150,236,180,10,0.13,0.32,1.45,0.32,1105,2.21538461538,0,1
1920,0,2017/12/22,23:46:47,25.44,25.44,25.0,25.69,0,0,0,0,0.07,0.05,0.05,0.07,380,-0.3,0,0
1921,0,2018/01/11,06:26:28,25.13,25.13,24.56,25.19,0,0,0,0,0.08,0.05,0.05,0.09,345,0.0,0,0
1922,0,2018/01/11,00:12:13,25.25,25.31,24.88,25.38,0,0,0,0,0.08,0.04,0.05,0.08,345,0.0,0,0
1923,2,2017/12/23,19:31:51,26.25,26.13,25.94,26.25,114,19,180,7,0.41,0.07,0.57,0.07,1020,-0.526923076923,1,1
1924,3,2017/12/22,19:17:12,26.31,28.13,26.06,26.44,150,238,181,10,2.21,1.13,2.54,0.62,1210,-0.473076923077,1,1
1925,0,2017/12/23,15:11:58,25.75,26.81,25.5,26.25,10,11,56,41,0.08,0.06,0.05,0.06,465,-2.23076923077,0,0
1926,0,2018/01/10,22:21:56,25.31,25.38,25.0,25.44,0,0,0,0,0.08,0.05,0.06,0.08,355,0.0,0,0
1927,0,2017/12/26,07:14:37,25.06,25.13,24.56,25.25,0,0,6,4,0.08,0.05,0.06,0.1,350,0.0,0,0
1928,0,2018/01/11,08:14:43,25.06,25.0,24.56,25.13,5,6,29,20,0.07,0.04,0.05,0.08,345,0.0,0,0
1929,0,2017/12/24,03:44:03,25.25,25.31,24.75,25.63,0,0,0,0,0.07,0.05,0.06,0.05,360,0.0,0,0
1930,0,2017/12/24,05:13:24,25.19,25.19,24.63,25.5,0,0,0,0,0.07,0.05,0.06,0.06,360,0.0115384615385,0,0
1931,0,2017/12/26,08:44:59,25.06,25.13,24.63,25.38,6,6,33,23,0.08,0.05,0.06,0.11,350,0.0,0,0
1932,0,2018/01/11,04:40:47,25.19,25.13,24.63,25.25,0,0,0,0,0.08,0.05,0.06,0.08,345,0.0,0,0
1933,0,2017/12/23,23:19:34,25.44,25.44,25.06,25.56,0,0,0,0,0.07,0.05,0.06,0.06,380,0.0,0,0
1934,0,2018/01/10,21:38:32,25.38,25.38,25.0,25.5,0,0,0,0,0.07,0.05,0.05,0.09,365,-0.192307692308,0,0
1935,0,2017/12/25,15:09:37,25.38,25.44,25.44,26.13,14,17,65,48,0.08,0.06,0.06,0.1,355,0.0,0,0
1936,0,2017/12/22,22:06:43,25.63,25.63,25.19,25.88,0,0,0,0,0.07,0.06,0.06,0.06,485,-1.46153846154,0,0
1937,0,2017/12/23,00:18:26,25.38,25.44,24.94,25.75,0,0,0,0,0.07,0.05,0.06,0.06,375,-0.3,0,0
1938,0,2017/12/25,16:33:21,25.44,25.44,25.38,26.13,4,5,24,15,0.07,0.04,0.06,0.1,355,-0.0192307692308,0,0
1939,0,2018/01/10,22:30:36,25.31,25.31,24.94,25.44,0,0,0,0,0.07,0.04,0.05,0.08,355,-0.0730769230769,0,0
1940,0,2017/12/26,04:53:42,25.25,25.31,24.75,25.56,0,0,0,0,0.07,0.05,0.07,0.09,355,0.0,0,0
1941,0,2017/12/25,15:16:15,25.44,25.44,25.38,26.19,12,15,62,45,0.08,0.05,0.06,0.1,355,0.0,0,0
1942,0,2017/12/26,04:26:38,25.25,25.25,24.75,25.63,0,0,0,0,0.08,0.05,0.06,0.11,355,0.0,0,0
1943,1,2017/12/22,16:18:30,26.06,25.75,25.56,26.31,117,26,44,26,0.08,0.05,0.06,0.08,620,0.846153846154,0,0
1944,0,2018/01/11,04:56:06,25.19,25.13,24.63,25.25,0,0,0,0,0.08,0.05,0.06,0.08,345,0.0,0,0
1945,0,2017/12/25,22:58:20,25.44,25.38,25.06,25.88,0,0,0,0,0.07,0.05,0.06,0.09,355,0.0,0,0
1946,3,2017/12/22,18:25:07,26.25,26.81,25.94,26.38,149,237,180,10,0.27,0.22,0.11,0.08,1070,2.55,0,0
1947,0,2018/01/10,22:56:08,25.31,25.31,24.94,25.44,0,0,0,0,0.07,0.05,0.05,0.09,345,-0.226923076923,0,0
1948,0,2017/12/26,05:33:31,25.19,25.25,24.69,25.5,0,0,0,0,0.07,0.05,0.06,0.09,355,0.0,0,0
1949,0,2017/12/25,11:21:53,25.13,25.19,24.94,25.81,12,14,56,39,0.07,0.05,0.06,0.09,355,0.0,0,0
1950,2,2017/12/22,12:27:12,25.69,28.44,25.19,26.0,155,242,79,60,0.08,0.07,0.05,0.06,640,0.819230769231,0,0
1951,0,2018/01/10,22:21:25,25.31,25.38,25.0,25.44,0,0,0,0,0.07,0.04,0.06,0.09,355,0.0,0,0
1952,0,2017/12/22,20:20:31,25.94,26.06,25.63,26.06,0,0,0,0,0.07,0.05,0.06,0.07,940,-2.84615384615,0,0
1953,2,2017/12/23,17:18:05,26.19,25.81,25.69,26.31,118,23,188,11,1.25,0.1,0.08,0.23,725,2.47307692308,0,0
1954,0,2017/12/25,13:47:55,25.31,25.38,25.25,26.0,16,20,73,52,0.07,0.05,0.06,0.09,355,0.0,0,0
1955,0,2017/12/26,07:17:10,25.06,25.13,24.56,25.13,1,0,7,5,0.07,0.05,0.06,0.1,350,0.0,0,0
1956,3,2017/12/22,13:57:35,26.13,27.06,26.06,26.31,165,256,280,73,0.53,0.09,0.16,0.09,935,2.28076923077,0,0
1957,0,2017/12/25,21:37:09,25.38,25.44,25.06,25.88,0,0,0,0,0.08,0.05,0.06,0.1,355,0.203846153846,0,0
1958,1,2017/12/22,16:05:13,26.06,25.75,25.56,26.31,118,29,51,30,0.08,0.05,0.18,0.06,605,0.230769230769,1,0
1959,0,2017/12/24,04:06:00,25.25,25.25,24.69,25.63,0,0,0,0,0.07,0.06,0.06,0.06,360,0.0,0,0
1960,0,2017/12/25,21:51:27,25.38,25.44,25.06,25.88,0,0,0,0,0.08,0.05,0.06,0.1,355,-0.0192307692308,0,0
1961,0,2017/12/25,11:14:45,25.19,25.19,24.88,25.81,14,15,60,43,0.08,0.05,0.06,0.1,355,0.0,0,0
1962,0,2017/12/23,02:08:13,25.31,25.31,24.81,25.69,0,0,0,0,0.07,0.05,0.06,0.06,365,0.0269230769231,0,0
1963,0,2017/12/25,16:18:32,25.44,25.44,25.38,26.13,5,6,29,20,0.07,0.05,0.06,0.1,350,-0.107692307692,0,0
1964,0,2018/01/10,19:39:34,25.56,25.56,25.25,25.69,0,0,0,0,0.08,0.05,0.06,0.09,490,-1.81923076923,0,0
1965,0,2017/12/26,06:36:50,25.19,25.19,24.63,25.38,0,0,0,0,0.08,0.04,0.06,0.1,355,0.0115384615385,0,0
1966,0,2018/01/10,19:32:25,25.56,25.56,25.25,25.69,0,0,0,0,0.07,0.05,0.05,0.08,510,-1.96923076923,0,0
1967,0,2017/12/25,21:21:19,25.38,25.44,25.06,25.88,0,0,0,0,0.08,0.05,0.06,0.1,355,-0.0153846153846,0,0
1968,0,2017/12/26,07:20:45,25.13,25.13,24.56,25.19,1,1,8,5,0.08,0.05,0.06,0.1,350,0.0,0,0
1969,2,2017/12/23,12:53:05,25.75,25.5,25.19,26.0,156,248,74,54,0.66,0.92,0.2,0.15,385,0.242307692308,1,1
1970,0,2017/12/23,14:46:57,25.88,26.94,25.56,26.31,13,14,65,47,0.14,0.08,0.21,0.11,535,-2.91153846154,0,0
1971,1,2017/12/23,12:32:09,25.69,25.38,25.13,25.94,123,38,70,50,0.71,0.34,0.19,0.14,375,0.3,1,0
1972,1,2017/12/22,11:02:27,25.13,24.88,24.69,25.5,123,35,58,45,1.57,0.08,0.07,0.14,400,0.388461538462,1,0
1973,0,2017/12/25,21:34:05,25.38,25.44,25.06,25.88,0,0,0,0,0.07,0.05,0.06,0.1,355,0.165384615385,0,0
1974,0,2018/01/10,20:56:09,25.5,25.44,25.06,25.56,0,0,0,0,0.07,0.05,0.06,0.09,375,-0.0846153846154,0,0
1975,0,2017/12/23,21:32:21,25.69,25.69,25.31,25.88,0,0,0,0,0.07,0.05,0.06,0.06,605,-2.89615384615,0,0
1976,0,2017/12/24,06:18:15,25.13,25.13,24.56,25.44,0,0,0,0,0.06,0.05,0.06,0.06,355,0.0153846153846,0,0
1977,0,2017/12/26,02:40:26,25.31,25.31,24.88,25.69,0,0,0,0,0.08,0.05,0.06,0.09,355,0.0,0,0
1978,0,2017/12/25,12:11:56,25.25,25.25,25.0,25.88,17,20,75,54,0.15,0.09,0.14,0.13,355,0.0,0,0
1979,0,2017/12/24,04:52:28,25.25,25.25,24.69,25.56,0,0,0,0,0.07,0.05,0.07,0.06,360,0.0,0,0
1980,0,2017/12/26,05:09:31,25.25,25.25,24.75,25.56,0,0,0,0,0.08,0.06,0.06,0.09,355,0.0,0,0
1981,0,2017/12/25,11:53:33,25.25,25.19,25.0,25.88,15,18,67,47,0.07,0.05,0.07,0.1,355,0.0,0,0
1982,2,2017/12/23,19:39:31,26.19,26.13,25.94,26.25,114,19,180,7,0.11,0.05,0.14,0.06,1020,0.569230769231,0,0
1983,0,2017/12/25,09:33:08,25.06,25.06,24.56,25.5,7,8,39,26,0.07,0.05,0.05,0.1,355,0.0,0,0
1984,0,2017/12/24,06:58:04,25.13,25.13,24.5,25.44,0,0,2,1,0.06,0.05,0.06,0.06,355,0.0192307692308,0,0
1985,0,2017/12/23,11:25:16,25.19,25.19,24.88,25.81,14,16,65,45,0.08,0.04,0.06,0.06,360,0.153846153846,0,0
1986,0,2017/12/25,13:39:14,25.38,25.31,25.25,26.0,17,20,73,53,0.07,0.05,0.05,0.1,355,0.0,0,0
1987,0,2017/12/26,06:00:35,25.19,25.19,24.69,25.5,0,0,0,0,0.08,0.06,0.06,0.09,355,0.0,0,0
1988,0,2017/12/24,01:50:12,25.38,25.38,24.88,25.75,0,0,0,0,0.07,0.04,0.06,0.07,365,0.0,0,0
1989,0,2018/01/11,05:59:25,25.13,25.13,24.63,25.19,0,0,0,0,0.08,0.04,0.05,0.08,345,0.0,0,0
1990,0,2018/01/11,01:18:35,25.19,25.25,24.81,25.31,0,0,0,0,0.07,0.05,0.06,0.09,345,0.0,0,0
1991,0,2018/01/10,18:28:05,25.75,25.88,25.5,25.81,0,0,0,0,0.07,0.04,0.06,0.08,750,-1.90384615385,0,0
1992,0,2017/12/24,06:21:19,25.13,25.19,24.56,25.44,0,0,0,0,0.07,0.06,0.06,0.06,355,-0.226923076923,0,0
1993,3,2017/12/22,13:15:12,25.94,28.13,25.56,26.19,162,246,227,70,0.33,2.11,1.05,0.43,845,8.78076923077,1,0
1994,0,2018/01/11,03:37:59,25.19,25.19,24.69,25.31,0,0,0,0,0.08,0.04,0.05,0.09,345,0.0,0,0
1995,0,2018/01/11,02:53:33,25.19,25.19,24.69,25.31,0,0,0,0,0.08,0.04,0.05,0.08,345,0.0,0,0
1996,0,2017/12/24,06:31:31,25.13,25.19,24.56,25.44,0,0,0,0,0.07,0.05,0.06,0.06,360,0.0230769230769,0,0
1997,0,2018/01/11,02:26:30,25.19,25.19,24.75,25.31,0,0,0,0,0.07,0.04,0.05,0.09,345,0.0,0,0
1998,0,2017/12/26,04:29:11,25.25,25.25,24.75,25.63,0,0,0,0,0.07,0.05,0.06,0.1,355,0.0,0,0
1999,0,2017/12/24,02:14:11,25.38,25.38,24.88,25.75,0,0,0,0,0.06,0.05,0.06,0.06,365,0.0,0,0
2000,0,2017/12/26,00:36:52,25.38,25.38,24.94,25.81,0,0,0,0,0.08,0.05,0.06,0.1,355,0.0,0,0
2001,0,2017/12/23,01:55:58,25.31,25.31,24.88,25.69,0,0,0,0,0.07,0.04,0.06,0.06,365,-0.0846153846154,0,0
2002,0,2017/12/23,09:20:41,25.06,25.06,24.56,25.38,7,7,35,24,0.08,0.05,0.06,0.06,360,-0.0192307692308,0,0
2003,0,2018/01/10,19:34:58,25.56,25.56,25.25,25.69,0,0,0,0,0.15,0.05,0.06,0.1,495,-1.78076923077,0,0
2004,0,2017/12/26,02:04:11,25.38,25.38,24.88,25.75,0,0,0,0,0.08,0.05,0.06,0.1,355,0.0,0,0
2005,2,2017/12/22,12:13:25,25.63,27.63,25.13,25.94,157,244,79,60,0.63,0.57,0.18,0.15,630,1.53846153846,1,0
2006,3,2017/12/23,18:02:30,26.25,26.19,25.88,26.31,150,235,185,10,3.06,0.54,3.52,0.63,885,3.21153846154,0,0
2007,0,2017/12/23,20:36:11,25.94,25.81,25.56,26.06,0,0,0,0,0.06,0.05,0.07,0.07,830,-1.89615384615,0,0
2008,0,2017/12/24,05:44:33,25.19,25.19,24.63,25.5,0,0,0,0,0.06,0.05,0.06,0.06,360,0.115384615385,0,0
2009,3,2018/01/10,16:13:17,25.75,26.19,25.63,25.81,7,6,37,24,0.22,0.51,0.17,0.08,515,1.97692307692,1,1
2010,0,2017/12/25,21:20:18,25.38,25.44,25.06,25.88,0,0,0,0,0.08,0.05,0.05,0.1,355,0.00384615384615,0,0
2011,0,2017/12/26,01:29:28,25.38,25.38,24.94,25.81,0,0,0,0,0.07,0.05,0.06,0.1,355,0.0,0,0
2012,0,2017/12/23,22:01:58,25.63,25.63,25.19,25.75,0,0,0,0,0.06,0.08,0.06,0.05,505,-1.48461538462,0,0
2013,0,2017/12/26,04:49:37,25.25,25.25,24.75,25.63,0,0,0,0,0.07,0.06,0.06,0.1,355,0.0,0,0
2014,0,2017/12/23,23:44:35,25.44,25.44,24.94,25.56,0,0,0,0,0.06,0.06,0.06,0.06,375,0.0,0,0
2015,0,2017/12/24,03:38:26,25.31,25.31,24.75,25.63,0,0,0,0,0.07,0.05,0.06,0.06,360,0.0,0,0
2016,0,2018/01/11,01:37:59,25.19,25.19,24.75,25.25,0,0,0,0,0.07,0.05,0.05,0.09,345,0.0,0,0
2017,0,2017/12/25,18:30:47,25.44,25.44,25.25,26.06,0,0,0,0,0.08,0.05,0.07,0.11,355,-0.1,0,0
2018,1,2017/12/22,16:06:15,26.06,25.75,25.56,26.31,119,29,51,30,3.84,0.05,0.3,0.06,605,0.342307692308,1,0
2019,0,2018/01/10,20:38:47,25.5,25.44,25.13,25.56,0,0,0,0,0.07,0.05,0.05,0.09,385,0.0,0,0
2020,0,2017/12/26,03:43:14,25.31,25.31,24.81,25.69,0,0,0,0,0.08,0.06,0.07,0.09,355,0.0,0,0
2021,0,2018/01/11,06:22:54,25.13,25.06,24.56,25.19,0,0,0,0,0.08,0.05,0.06,0.08,345,0.0,0,0
2022,0,2017/12/22,23:26:22,25.44,25.44,25.0,25.75,0,0,0,0,0.08,0.04,0.07,0.06,385,-0.119230769231,0,0
2023,0,2017/12/25,23:18:45,25.38,25.38,25.0,25.88,0,0,0,0,0.08,0.06,0.06,0.09,355,0.0,0,0
2024,0,2017/12/26,05:14:38,25.25,25.25,24.75,25.56,0,0,0,0,0.08,0.05,0.07,0.1,355,0.0,0,0
2025,0,2017/12/23,07:06:54,25.06,25.06,24.44,25.31,0,0,5,3,0.07,0.05,0.06,0.05,355,-0.0461538461538,0,0
2026,0,2017/12/25,18:51:43,25.44,25.44,25.19,26.0,0,0,0,0,0.07,0.05,0.06,0.09,355,-0.180769230769,0,0
2027,0,2017/12/26,08:22:32,25.06,25.06,24.63,25.25,5,5,29,20,0.08,0.05,0.06,0.1,350,0.0,0,0
2028,1,2017/12/22,10:50:12,24.94,24.75,24.56,25.44,121,33,53,40,0.93,0.05,0.06,0.06,390,0.646153846154,0,0
2029,2,2017/12/23,17:07:21,26.19,25.88,25.63,26.38,117,23,190,13,0.45,0.09,1.98,0.09,675,3.28846153846,0,0
2030,1,2017/12/22,11:09:36,25.19,24.94,24.69,25.56,123,35,57,43,0.08,0.05,0.06,0.06,425,1.11538461538,0,0
2031,0,2017/12/24,01:10:22,25.38,25.44,24.94,25.75,0,0,0,0,0.07,0.05,0.07,0.06,365,-0.165384615385,0,0
2032,0,2017/12/25,19:31:02,25.44,25.44,25.13,26.06,0,0,0,0,0.08,0.04,0.06,0.11,355,-0.0538461538462,0,0
2033,0,2017/12/24,06:58:35,25.13,25.13,24.5,25.44,0,0,2,2,0.06,0.06,0.06,0.06,355,0.0230769230769,0,0
2034,0,2017/12/26,02:47:04,25.31,25.38,24.88,25.69,0,0,0,0,0.08,0.04,0.06,0.1,355,0.0,0,0
2035,2,2018/01/10,17:09:27,25.94,26.13,25.81,25.94,148,234,178,24,0.25,0.27,0.37,0.1,785,1.57307692308,0,1
2036,0,2017/12/25,23:00:53,25.38,25.38,25.0,25.88,0,0,0,0,0.07,0.05,0.06,0.1,355,0.0,0,0
2037,0,2018/01/11,06:41:47,25.06,25.13,24.5,25.19,0,0,0,0,0.09,0.04,0.06,0.08,345,0.0,0,0
2038,0,2017/12/25,19:47:22,25.44,25.44,25.13,26.0,0,0,0,0,0.08,0.05,0.06,0.11,350,0.0923076923077,0,0
2039,0,2018/01/11,05:32:21,25.13,25.13,24.56,25.19,0,0,0,0,0.07,0.05,0.05,0.08,345,0.0,0,0
2040,0,2017/12/24,04:54:00,25.19,25.25,24.69,25.56,0,0,0,0,0.07,0.05,0.06,0.06,360,0.0,0,0
2041,3,2018/01/10,16:42:23,25.81,26.13,25.81,25.88,4,4,32,15,0.15,0.34,0.09,0.09,680,3.60384615385,1,1
2042,0,2017/12/25,11:24:57,25.19,25.19,24.88,25.75,12,14,56,40,0.12,0.1,0.11,0.1,355,0.0,0,0
2043,0,2017/12/25,17:53:31,25.44,25.44,25.25,26.06,0,0,0,0,0.08,0.05,0.06,0.1,350,0.0,0,0
2044,0,2017/12/24,02:22:22,25.31,25.38,24.88,25.69,0,0,0,0,0.06,0.06,0.06,0.07,365,0.0,0,0
2045,0,2017/12/23,06:13:48,25.06,25.13,24.5,25.13,0,0,0,0,0.07,0.04,0.06,0.06,360,0.0230769230769,0,0
2046,1,2017/12/22,16:17:29,26.06,25.75,25.56,26.31,117,27,45,26,0.07,0.05,0.07,0.06,610,0.626923076923,0,0
2047,0,2017/12/26,06:10:17,25.19,25.25,24.69,25.44,0,0,0,0,0.07,0.05,0.06,0.1,355,0.0,0,0
2048,0,2018/01/10,19:54:22,25.56,25.56,25.19,25.63,0,0,0,0,0.07,0.05,0.05,0.08,445,-1.71923076923,0,0
2049,1,2017/12/23,15:26:46,25.81,26.81,25.5,26.25,105,24,50,36,0.45,0.11,0.12,0.08,435,-1.41153846154,1,0
2050,0,2017/12/24,01:20:04,25.38,25.44,24.88,25.75,0,0,0,0,0.06,0.05,0.05,0.06,365,0.0,0,0
2051,0,2017/12/25,12:54:18,25.31,25.31,25.13,25.88,17,20,75,54,0.07,0.05,0.06,0.09,355,0.0,0,0
2052,0,2017/12/24,06:35:06,25.13,25.19,24.5,25.44,0,0,0,0,0.07,0.05,0.06,0.07,360,0.276923076923,0,0
2053,0,2017/12/26,04:18:59,25.31,25.31,24.81,25.69,0,0,0,0,0.07,0.05,0.07,0.1,355,0.0,0,0
2054,1,2017/12/22,16:20:02,26.06,25.69,25.56,26.31,117,26,43,24,0.08,0.06,0.06,0.06,620,0.892307692308,0,0
2055,0,2018/01/10,23:56:23,25.25,25.31,24.88,25.38,0,0,0,0,0.09,0.09,0.08,0.08,345,0.0,0,0
2056,3,2018/01/10,16:16:51,25.75,26.13,25.69,25.81,6,6,37,23,0.38,0.11,0.09,0.09,525,2.51538461538,1,0
2057,0,2017/12/22,21:40:10,25.63,25.69,25.31,25.88,0,0,0,0,0.07,0.05,0.06,0.06,575,-1.80384615385,0,0
2058,0,2018/01/10,21:24:44,25.44,25.44,25.06,25.5,0,0,0,0,0.07,0.04,0.05,0.08,370,0.0,0,0
2059,0,2017/12/23,08:50:03,25.0,25.0,24.56,25.25,6,6,32,20,0.07,0.05,0.06,0.05,360,0.0,0,0
2060,0,2017/12/22,21:16:40,25.75,25.75,25.38,25.94,0,0,0,0,0.07,0.05,0.06,0.07,665,-2.36153846154,0,0
2061,0,2017/12/24,01:50:42,25.38,25.38,24.88,25.75,0,0,0,0,0.06,0.06,0.06,0.06,365,0.0,0,0
2062,0,2017/12/25,14:53:47,25.44,25.44,25.38,26.19,14,18,67,49,0.08,0.05,0.06,0.1,355,0.0,0,0
2063,0,2017/12/24,01:34:53,25.38,25.38,24.88,25.75,0,0,0,0,0.06,0.05,0.07,0.06,365,0.0,0,0
2064,0,2017/12/25,15:56:35,25.44,25.44,25.44,26.25,7,9,39,28,0.08,0.14,0.06,0.1,355,0.0,0,0
2065,2,2017/12/23,17:03:47,26.13,25.81,25.63,26.31,119,24,191,13,0.82,0.4,2.71,0.56,650,2.7,1,1
2066,0,2017/12/24,08:17:13,25.13,25.13,24.56,25.44,5,5,29,20,0.06,0.06,0.05,0.06,360,0.0,0,0
2067,0,2017/12/23,07:40:36,25.06,25.06,24.44,25.31,2,2,14,10,0.08,0.05,0.06,0.06,355,0.0653846153846,0,0
2068,0,2017/12/25,15:08:05,25.38,25.44,25.38,26.19,14,17,68,49,0.07,0.05,0.06,0.09,355,0.0,0,0
2069,0,2017/12/25,22:46:05,25.38,25.44,25.06,25.88,0,0,0,0,0.08,0.05,0.06,0.1,355,0.0,0,0
2070,0,2017/12/25,11:51:00,25.25,25.19,25.0,25.88,16,18,70,49,0.08,0.06,0.06,0.1,355,0.0,0,0
2071,0,2017/12/23,09:17:06,25.0,25.06,24.56,25.25,6,7,35,23,0.08,0.05,0.06,0.05,355,-0.0461538461538,0,0
2072,0,2018/01/10,20:37:15,25.44,25.44,25.13,25.63,0,0,0,0,0.08,0.05,0.06,0.08,385,0.0,0,0
2073,0,2017/12/25,23:39:11,25.38,25.38,25.0,25.88,0,0,0,0,0.08,0.05,0.06,0.1,355,0.0,0,0
2074,0,2018/01/10,19:42:37,25.56,25.5,25.25,25.63,0,0,0,0,0.07,0.05,0.06,0.09,485,-1.48846153846,0,0
2075,0,2017/12/25,19:17:45,25.44,25.44,25.19,26.0,0,0,0,0,0.09,0.05,0.06,0.12,355,0.126923076923,0,0
2076,0,2017/12/26,08:27:07,25.06,25.06,24.56,25.25,5,6,30,20,0.08,0.05,0.06,0.1,350,0.0,0,0
2077,0,2018/01/11,06:45:52,25.06,25.06,24.56,25.19,0,0,0,0,0.08,0.05,0.06,0.08,345,0.0,0,0
2078,0,2018/01/11,03:24:12,25.19,25.19,24.69,25.31,0,0,0,0,0.07,0.05,0.06,0.09,345,0.0,0,0
2079,0,2017/12/24,02:30:32,25.38,25.38,24.81,25.69,0,0,0,0,0.07,0.05,0.06,0.07,365,-0.0923076923077,0,0
2080,0,2017/12/22,20:56:15,25.81,25.88,25.44,26.0,0,0,0,0,0.07,0.04,0.06,0.07,755,-2.22307692308,0,0
2081,0,2017/12/25,16:12:56,25.44,25.44,25.38,26.13,5,7,35,23,0.08,0.04,0.06,0.1,355,0.115384615385,0,0
2082,0,2017/12/24,03:51:12,25.25,25.31,24.75,25.63,0,0,0,0,0.07,0.05,0.06,0.06,360,0.0,0,0
2083,3,2018/01/10,17:03:50,25.88,26.13,25.75,25.94,149,239,185,25,0.13,0.08,0.09,0.08,785,1.60769230769,1,0
2084,0,2018/01/11,07:28:46,25.06,25.06,24.56,25.13,1,1,9,5,0.08,0.05,0.06,0.1,345,0.0,0,0
2085,0,2017/12/25,09:13:13,25.0,25.0,24.56,25.31,7,7,36,24,0.08,0.05,0.06,0.1,355,-0.180769230769,0,0
2086,0,2018/01/11,00:46:56,25.25,25.25,24.81,25.31,0,0,0,0,0.07,0.05,0.06,0.09,345,0.0,0,0
2087,0,2017/12/23,04:00:02,25.19,25.25,24.69,25.56,0,0,0,0,0.08,0.06,0.06,0.05,360,-0.0269230769231,0,0
2088,0,2017/12/23,22:44:51,25.5,25.5,25.06,25.69,0,0,0,0,0.07,0.05,0.06,0.06,385,-0.223076923077,0,0
2089,1,2017/12/23,11:54:53,25.38,25.25,25.0,25.81,122,35,64,45,0.66,0.15,0.35,0.19,360,0.115384615385,0,0
2090,0,2017/12/26,01:41:12,25.31,25.38,24.88,25.75,0,0,0,0,0.08,0.05,0.06,0.1,355,0.0,0,0
2091,0,2017/12/24,03:14:57,25.31,25.31,24.81,25.63,0,0,0,0,0.07,0.05,0.06,0.06,360,0.00384615384615,0,0
2092,0,2017/12/26,06:03:39,25.19,25.19,24.69,25.5,0,0,0,0,0.08,0.04,0.06,0.1,355,0.0,0,0
2093,0,2018/01/11,04:59:10,25.19,25.13,24.63,25.25,0,0,0,0,0.08,0.05,0.06,0.09,345,0.0,0,0
2094,0,2018/01/10,21:15:02,25.44,25.44,25.06,25.5,0,0,0,0,0.07,0.05,0.05,0.08,370,-0.296153846154,0,0
2095,1,2017/12/23,16:29:34,26.06,26.81,25.5,26.31,116,20,24,17,0.08,0.07,0.06,0.06,525,0.938461538462,0,0
2096,3,2017/12/22,18:49:38,26.31,27.5,26.06,26.38,150,238,181,10,0.19,0.13,3.66,0.14,1185,2.23846153846,0,0
2097,0,2018/01/10,20:30:37,25.5,25.44,25.13,25.63,0,0,0,0,0.07,0.05,0.05,0.09,385,-0.296153846154,0,0
2098,0,2018/01/11,01:01:14,25.19,25.25,24.81,25.31,0,0,0,0,0.07,0.04,0.05,0.09,345,0.0,0,0
2099,0,2017/12/23,00:09:15,25.38,25.44,24.94,25.75,0,0,0,0,0.06,0.05,0.07,0.06,380,0.0,0,0
2100,0,2017/12/25,14:59:55,25.44,25.44,25.38,26.19,15,20,74,53,0.08,0.05,0.06,0.09,355,0.0,0,0
2101,0,2017/12/22,22:12:50,25.56,25.56,25.19,25.88,0,0,0,0,0.07,0.05,0.07,0.07,470,-1.38846153846,0,0
2102,0,2018/01/10,23:53:50,25.25,25.31,24.88,25.31,0,0,0,0,0.07,0.05,0.05,0.09,345,0.0,0,0
2103,0,2018/01/10,21:16:04,25.44,25.44,25.06,25.5,0,0,0,0,0.07,0.05,0.06,0.1,370,-0.292307692308,0,0
2104,3,2017/12/22,18:21:33,26.25,26.31,26.0,26.38,148,234,178,10,0.99,0.43,1.51,0.32,1060,2.81538461538,1,0
2105,0,2017/12/26,07:06:27,25.13,25.13,24.56,25.25,0,0,4,3,0.07,0.05,0.06,0.1,350,-0.0692307692308,0,0
2106,0,2017/12/24,00:09:06,25.44,25.44,25.0,25.63,0,0,0,0,0.07,0.05,0.06,0.07,370,0.0,0,0
2107,2,2017/12/23,14:02:31,26.06,27.13,25.5,26.44,160,247,72,54,1.16,1.04,0.45,0.72,610,1.37307692308,0,0
2108,0,2017/12/25,17:03:59,25.44,25.44,25.31,26.19,1,1,9,6,0.08,0.06,0.07,0.09,350,0.0,0,0
2109,0,2018/01/10,19:28:20,25.63,25.63,25.25,25.69,0,0,0,0,0.07,0.06,0.06,0.1,525,-2.58076923077,0,0
2110,0,2017/12/23,14:34:11,25.88,26.94,25.56,26.25,14,15,72,53,0.07,0.06,0.06,0.06,600,-1.47307692308,0,0
2111,0,2017/12/26,06:20:30,25.19,25.19,24.63,25.44,0,0,0,0,0.07,0.05,0.05,0.09,355,0.0,0,0
2112,0,2017/12/26,02:44:00,25.31,25.31,24.88,25.69,0,0,0,0,0.08,0.06,0.06,0.1,355,0.0,0,0
2113,0,2017/12/25,21:49:24,25.38,25.44,25.06,25.88,0,0,0,0,0.07,0.05,0.06,0.11,350,-0.0153846153846,0,0
2114,0,2018/01/11,02:24:58,25.19,25.19,24.75,25.25,0,0,0,0,0.07,0.04,0.05,0.09,345,0.0,0,0
2115,0,2017/12/25,16:30:17,25.44,25.44,25.44,26.13,4,5,24,16,0.09,0.06,0.07,0.1,350,0.119230769231,0,0
2116,0,2017/12/23,20:42:19,25.81,25.75,25.5,26.06,0,0,0,0,0.06,0.04,0.05,0.08,815,-1.23461538462,0,0
2117,0,2017/12/23,22:08:05,25.56,25.63,25.19,25.75,0,0,0,0,0.07,0.05,0.06,0.07,475,-1.84230769231,0,0
2118,0,2017/12/23,00:13:51,25.44,25.44,24.94,25.81,0,0,0,0,0.06,0.05,0.06,0.07,375,-0.126923076923,0,0
2119,0,2017/12/23,04:46:30,25.19,25.19,24.63,25.44,0,0,0,0,0.08,0.05,0.05,0.05,360,0.0,0,0
2120,0,2017/12/25,17:31:33,25.44,25.44,25.25,26.13,0,0,2,2,0.08,0.06,0.06,0.11,350,0.0,0,0
2121,0,2017/12/26,04:59:19,25.25,25.25,24.75,25.56,0,0,0,0,0.07,0.05,0.06,0.09,355,0.0,0,0
2122,2,2018/01/10,17:26:18,25.94,26.19,25.88,25.94,146,231,173,20,0.32,0.49,0.99,0.18,820,-0.0807692307692,1,1
2123,0,2017/12/26,08:06:11,25.06,25.0,24.56,25.0,5,5,24,17,0.08,0.05,0.06,0.1,350,0.0,0,0
2124,0,2017/12/23,19:57:23,26.19,26.0,25.88,26.31,0,0,0,0,0.07,0.05,0.06,0.06,1010,0.946153846154,0,0
2125,0,2017/12/22,22:55:44,25.5,25.5,25.06,25.81,0,0,0,0,0.07,0.04,0.05,0.06,390,-0.934615384615,0,0
2126,0,2017/12/26,00:48:37,25.38,25.38,24.94,25.81,0,0,0,0,0.08,0.05,0.06,0.1,355,0.0,0,0
2127,0,2017/12/23,20:34:08,25.94,25.81,25.63,26.06,0,0,0,0,0.06,0.04,0.06,0.07,845,-2.28461538462,0,0
2128,1,2017/12/23,12:01:00,25.44,25.25,25.0,25.88,122,35,63,45,0.27,0.08,0.07,0.06,360,0.0,0,0
2129,0,2017/12/25,10:02:14,25.06,25.06,24.63,25.56,9,10,45,30,0.08,0.04,0.07,0.09,355,0.0,0,0
2130,0,2017/12/24,02:37:41,25.31,25.38,24.81,25.69,0,0,0,0,0.06,0.05,0.06,0.07,365,-0.00769230769231,0,0
2131,0,2017/12/22,20:34:48,25.88,25.94,25.56,26.13,0,0,0,0,0.07,0.05,0.07,0.07,850,-3.31538461538,0,0
2132,0,2017/12/24,08:27:56,25.13,25.13,24.56,25.44,6,6,32,21,0.07,0.05,0.06,0.06,360,0.0,0,0
2133,0,2018/01/10,22:01:00,25.31,25.38,25.0,25.44,0,0,0,0,0.07,0.04,0.05,0.08,360,0.0,0,0
2134,0,2017/12/26,01:27:56,25.38,25.38,24.94,25.81,0,0,0,0,0.08,0.05,0.06,0.09,355,0.0,0,0
2135,0,2017/12/25,22:08:18,25.38,25.44,25.06,25.88,0,0,0,0,0.08,0.05,0.06,0.1,355,-0.0346153846154,0,0
2136,2,2017/12/23,13:29:51,25.88,26.0,25.31,26.19,162,253,85,63,0.61,1.11,0.33,0.28,440,-0.684615384615,0,0
2137,0,2017/12/25,11:54:34,25.19,25.19,25.0,25.81,15,18,70,50,0.08,0.05,0.06,0.1,355,0.0,0,0
2138,0,2017/12/26,04:48:35,25.25,25.25,24.75,25.63,0,0,0,0,0.07,0.05,0.07,0.1,355,0.0,0,0
2139,0,2017/12/23,21:43:04,25.69,25.63,25.25,25.75,0,0,0,0,0.06,0.05,0.06,0.06,560,-2.18076923077,0,0
2140,3,2017/12/22,18:52:42,26.31,27.5,26.06,26.38,149,237,180,10,0.9,0.34,0.06,0.14,1210,2.18846153846,0,0
2141,0,2017/12/25,10:40:32,25.13,25.13,24.75,25.75,10,11,49,35,0.08,0.05,0.06,0.1,355,0.0,0,0
2142,0,2017/12/23,04:39:52,25.13,25.19,24.63,25.44,0,0,0,0,0.08,0.05,0.06,0.06,360,0.0,0,0
2143,0,2017/12/26,03:23:19,25.31,25.31,24.81,25.69,0,0,0,0,0.07,0.05,0.07,0.1,355,0.0,0,0
2144,0,2017/12/23,05:34:30,25.13,25.13,24.56,25.31,0,0,0,0,0.08,0.05,0.06,0.06,360,0.0,0,0
2145,1,2017/12/22,11:09:05,25.19,24.88,24.69,25.56,123,35,58,44,0.08,0.05,0.05,0.06,420,1.02692307692,0,0
2146,0,2017/12/22,22:10:17,25.56,25.63,25.19,25.94,0,0,0,0,0.07,0.05,0.06,0.07,480,-1.36153846154,0,0
2147,0,2018/01/11,06:18:18,25.13,25.06,24.56,25.19,0,0,0,0,0.08,0.05,0.05,0.09,345,0.0,0,0
2148,0,2017/12/25,20:21:04,25.44,25.5,25.13,25.94,0,0,0,0,0.08,0.05,0.06,0.09,355,0.0115384615385,0,0
2149,0,2018/01/11,08:24:56,25.13,25.06,24.63,25.13,6,6,30,20,0.08,0.05,0.06,0.08,345,0.0,0,0
2150,0,2017/12/23,04:15:52,25.25,25.19,24.63,25.5,0,0,0,0,0.08,0.05,0.05,0.06,360,0.0,0,0
2151,0,2017/12/23,22:53:01,25.56,25.5,25.06,25.63,0,0,0,0,0.06,0.05,0.05,0.06,385,-0.261538461538,0,0
2152,0,2017/12/26,04:56:15,25.25,25.25,24.75,25.63,0,0,0,0,0.08,0.06,0.06,0.09,355,0.0,0,0
2153,0,2017/12/23,11:11:59,25.19,25.19,24.88,25.81,13,14,59,42,0.08,0.05,0.06,0.05,360,-0.0153846153846,0,0
2154,0,2017/12/25,12:03:46,25.19,25.25,25.0,25.81,17,20,73,51,0.14,0.13,0.19,0.14,355,0.0,0,0
2155,0,2017/12/25,19:09:35,25.44,25.44,25.19,26.06,0,0,0,0,0.07,0.05,0.06,0.1,355,0.0230769230769,0,0
2156,0,2017/12/24,01:06:48,25.38,25.38,24.88,25.75,0,0,0,0,0.06,0.05,0.06,0.06,365,-0.00384615384615,0,0
2157,0,2017/12/22,22:03:08,25.56,25.63,25.19,25.88,0,0,0,0,0.07,0.05,0.05,0.07,500,-1.78076923077,0,0
2158,0,2017/12/23,19:57:53,26.19,26.0,25.88,26.31,0,0,0,0,0.07,0.05,0.05,0.07,1010,0.896153846154,0,0
2159,0,2018/01/11,03:56:52,25.13,25.19,24.69,25.25,0,0,0,0,0.08,0.05,0.06,0.08,345,0.0,0,0
2160,0,2017/12/26,01:18:44,25.38,25.38,24.94,25.81,0,0,0,0,0.07,0.05,0.06,0.1,355,0.0,0,0
2161,0,2018/01/11,01:02:46,25.19,25.25,24.81,25.31,0,0,0,0,0.07,0.05,0.05,0.09,345,0.0,0,0
2162,1,2017/12/23,15:35:58,25.88,26.81,25.5,26.25,120,26,49,36,0.15,0.08,0.06,0.06,410,-1.11538461538,0,0
2163,0,2018/01/11,01:46:10,25.19,25.25,24.75,25.25,0,0,0,0,0.07,0.04,0.06,0.08,345,0.0,0,0
2164,0,2017/12/22,20:59:49,25.75,25.81,25.44,26.0,0,0,0,0,0.07,0.04,0.06,0.06,735,-2.40769230769,0,0
2165,0,2017/12/25,11:49:58,25.19,25.19,25.0,25.88,14,16,62,44,0.08,0.05,0.06,0.11,355,0.0,0,0
2166,0,2017/12/26,00:10:19,25.38,25.38,25.0,25.81,0,0,0,0,0.08,0.06,0.06,0.1,355,0.0,0,0
2167,3,2017/12/22,17:57:33,26.25,26.63,25.94,26.38,148,234,178,10,1.25,1.27,3.58,0.7,900,2.16923076923,1,1
2168,0,2018/01/10,18:07:09,25.94,26.13,25.63,25.88,0,0,0,0,0.07,0.04,0.05,0.08,825,-0.761538461538,0,0
2169,0,2017/12/25,09:41:49,25.0,25.06,24.63,25.44,8,9,40,27,0.07,0.05,0.06,0.1,355,0.0,0,0
2170,0,2017/12/24,04:18:16,25.25,25.25,24.69,25.63,0,0,0,0,0.07,0.05,0.06,0.06,360,0.0,0,0
2171,2,2017/12/22,17:00:22,26.19,25.75,25.75,26.31,116,25,184,14,0.42,0.15,0.18,0.11,705,2.01153846154,1,1
2172,0,2017/12/24,02:53:30,25.31,25.38,24.81,25.69,0,0,0,0,0.06,0.05,0.06,0.06,360,-0.0461538461538,0,0
2173,0,2017/12/26,00:58:50,25.38,25.38,24.94,25.75,0,0,0,0,0.07,0.04,0.06,0.1,355,0.0,0,0
2174,0,2017/12/24,08:30:29,25.13,25.13,24.56,25.44,6,6,32,21,0.07,0.05,0.06,0.07,360,0.0,0,0
2175,0,2017/12/26,05:37:06,25.19,25.25,24.69,25.56,0,0,0,0,0.07,0.05,0.06,0.1,355,0.0,0,0
2176,0,2018/01/11,05:00:42,25.13,25.13,24.63,25.25,0,0,0,0,0.07,0.04,0.06,0.09,345,0.0,0,0
2177,0,2017/12/24,03:15:28,25.31,25.31,24.81,25.63,0,0,0,0,0.07,0.04,0.05,0.06,360,-0.00384615384615,0,0
2178,0,2017/12/25,09:11:42,25.0,25.0,24.5,25.31,7,7,36,24,0.08,0.04,0.06,0.09,355,-0.111538461538,0,0
2179,3,2017/12/22,12:40:59,25.81,28.94,25.38,26.06,160,244,223,67,0.83,0.54,1.41,0.47,695,2.29615384615,1,1
2180,0,2017/12/24,00:44:50,25.44,25.44,24.94,25.75,0,0,0,0,0.07,0.06,0.06,0.06,370,-0.0269230769231,0,0
2181,0,2017/12/26,02:46:34,25.31,25.38,24.88,25.69,0,0,0,0,0.07,0.05,0.06,0.1,355,0.0,0,0
2182,3,2017/12/22,18:39:56,26.31,26.69,26.06,26.5,150,236,180,10,0.72,0.66,0.07,0.48,1160,2.75,0,1
2183,0,2018/01/11,01:34:56,25.19,25.19,24.75,25.25,0,0,0,0,0.07,0.05,0.06,0.09,345,0.0,0,0
2184,0,2017/12/23,21:18:34,25.75,25.69,25.38,25.94,0,0,0,0,0.07,0.05,0.06,0.07,675,-1.65,0,0
2185,0,2017/12/24,03:57:50,25.25,25.31,24.69,25.63,0,0,0,0,0.06,0.04,0.06,0.06,360,0.0,0,0
2186,0,2017/12/24,06:54:30,25.13,25.13,24.5,25.5,0,0,2,1,0.06,0.04,0.07,0.06,360,-0.107692307692,0,0
2187,2,2017/12/23,12:51:33,25.69,25.5,25.19,26.06,155,245,72,53,0.8,1.0,0.29,0.27,385,0.161538461538,0,1
2188,0,2017/12/23,00:54:11,25.38,25.38,24.88,25.75,0,0,0,0,0.07,0.05,0.07,0.06,375,0.0,0,0
2189,0,2017/12/26,01:00:52,25.38,25.38,24.94,25.81,0,0,0,0,0.08,0.05,0.07,0.11,355,0.0,0,0
2190,1,2017/12/23,15:42:05,25.88,26.81,25.5,26.31,121,26,48,35,0.55,0.5,0.62,0.3,420,-0.0769230769231,0,0
2191,0,2017/12/26,07:13:36,25.06,25.13,24.56,25.19,0,0,5,4,0.08,0.05,0.06,0.09,350,0.0,0,0
2192,0,2018/01/11,02:29:34,25.19,25.19,24.69,25.25,0,0,0,0,0.07,0.05,0.06,0.09,345,0.0,0,0
2193,0,2017/12/26,04:17:27,25.25,25.31,24.75,25.69,0,0,0,0,0.08,0.05,0.06,0.09,355,0.0,0,0
2194,0,2017/12/24,01:15:28,25.38,25.38,24.94,25.69,0,0,0,0,0.06,0.05,0.07,0.06,365,-0.0461538461538,0,0
2195,0,2017/12/25,18:13:25,25.44,25.44,25.25,26.06,0,0,0,0,0.08,0.05,0.06,0.1,355,0.203846153846,0,0
2196,0,2017/12/24,09:08:47,25.13,25.13,24.69,25.44,7,7,36,24,0.06,0.05,0.07,0.07,360,-0.00769230769231,0,0
2197,0,2018/01/11,04:57:38,25.13,25.13,24.63,25.25,0,0,0,0,0.08,0.05,0.06,0.09,345,0.0,0,0
2198,0,2018/01/10,20:19:23,25.56,25.44,25.13,25.63,0,0,0,0,0.07,0.05,0.06,0.08,390,-1.25769230769,0,0
2199,0,2017/12/26,02:54:44,25.31,25.31,24.88,25.75,0,0,0,0,0.08,0.05,0.06,0.1,355,0.0,0,0
2200,0,2017/12/22,21:03:24,25.75,25.81,25.44,26.0,0,0,0,0,0.07,0.04,0.05,0.07,720,-2.15,0,0
2201,0,2018/01/11,02:13:13,25.19,25.19,24.75,25.25,0,0,0,0,0.07,0.05,0.05,0.09,345,0.0,0,0
2202,0,2017/12/23,22:02:28,25.63,25.63,25.19,25.75,0,0,0,0,0.07,0.05,0.06,0.07,500,-1.46923076923,0,0
2203,0,2017/12/24,07:36:22,25.13,25.13,24.5,25.44,2,2,14,9,0.06,0.04,0.06,0.08,355,-0.0653846153846,0,0
2204,0,2018/01/11,07:58:53,25.06,25.06,24.56,25.13,4,5,21,15,0.08,0.06,0.05,0.08,345,0.0,0,0
2205,0,2017/12/25,20:56:49,25.44,25.44,25.06,25.88,0,0,0,0,0.08,0.05,0.06,0.1,355,-0.1,0,0
2206,0,2018/01/11,05:25:43,25.13,25.13,24.63,25.25,0,0,0,0,0.08,0.05,0.05,0.09,345,0.0,0,0
2207,0,2017/12/23,22:36:41,25.56,25.56,25.13,25.88,0,0,0,0,0.07,0.05,0.06,0.06,390,-1.66538461538,0,0
2208,0,2017/12/24,01:40:29,25.38,25.38,24.88,25.69,0,0,0,0,0.07,0.05,0.06,0.07,365,0.0,0,0
2209,0,2018/01/11,07:14:59,25.06,25.06,24.56,25.13,0,0,5,3,0.08,0.05,0.06,0.09,345,0.0,0,0
2210,0,2017/12/23,06:56:42,25.06,25.06,24.44,25.31,0,0,2,2,0.08,0.05,0.05,0.07,355,0.00769230769231,0,0
2211,0,2017/12/23,20:04:32,26.06,25.94,25.75,26.19,0,0,0,0,0.07,0.05,0.06,0.07,985,-1.92307692308,0,0
2212,2,2018/01/10,17:16:36,25.94,26.13,25.81,25.94,146,231,175,22,0.19,0.22,0.47,0.09,810,1.80384615385,0,0
2213,0,2017/12/25,15:02:28,25.44,25.44,25.38,26.19,14,19,70,51,0.08,0.06,0.06,0.1,355,0.0,0,0
2214,0,2017/12/23,04:35:16,25.19,25.19,24.63,25.5,0,0,0,0,0.08,0.05,0.06,0.06,360,0.0,0,0
2215,3,2017/12/23,18:07:06,26.25,26.19,25.88,26.31,149,235,185,10,0.09,0.18,0.18,0.07,910,4.04615384615,0,0
2216,0,2017/12/23,10:43:24,25.13,25.13,24.75,25.69,10,12,51,35,0.08,0.05,0.06,0.05,360,0.192307692308,0,0
2217,0,2017/12/26,03:37:37,25.31,25.31,24.81,25.69,0,0,0,0,0.12,0.09,0.11,0.1,355,0.0,0,0
2218,0,2017/12/26,03:27:24,25.31,25.31,24.81,25.69,0,0,0,0,0.07,0.05,0.06,0.09,355,0.0,0,0
2219,0,2018/01/11,02:04:02,25.19,25.19,24.69,25.25,0,0,0,0,0.07,0.04,0.06,0.07,345,0.0,0,0
2220,0,2017/12/25,18:34:21,25.44,25.44,25.19,26.0,0,0,0,0,0.08,0.05,0.06,0.1,355,0.0730769230769,0,0
2221,0,2018/01/11,05:13:58,25.13,25.13,24.63,25.25,0,0,0,0,0.08,0.04,0.07,0.08,345,0.0,0,0
2222,0,2018/01/11,08:29:01,25.13,25.06,24.63,25.19,6,6,31,21,0.08,0.04,0.06,0.08,345,0.0,0,0
2223,0,2017/12/24,02:03:59,25.38,25.38,24.88,25.75,0,0,0,0,0.06,0.04,0.06,0.07,365,0.0,0,0
2224,0,2018/01/11,02:01:29,25.19,25.25,24.75,25.25,0,0,0,0,0.07,0.05,0.06,0.09,345,0.0,0,0
2225,0,2017/12/25,18:14:27,25.44,25.44,25.19,26.06,0,0,0,0,0.07,0.05,0.07,0.11,355,0.230769230769,0,0
2226,0,2017/12/24,02:16:45,25.38,25.38,24.88,25.75,0,0,0,0,0.06,0.05,0.06,0.06,365,0.0,0,0
2227,0,2017/12/25,16:31:49,25.44,25.44,25.38,26.13,4,5,24,16,0.07,0.05,0.06,0.1,350,0.0269230769231,0,0
2228,0,2017/12/22,22:54:42,25.5,25.5,25.06,25.81,0,0,0,0,0.07,0.04,0.05,0.06,390,-0.915384615385,0,0
2229,3,2017/12/22,14:09:50,26.19,27.19,26.06,26.31,164,251,273,74,1.25,0.51,0.12,0.23,960,1.98461538462,1,0
2230,0,2017/12/23,23:30:48,25.44,25.44,25.0,25.56,0,0,0,0,0.06,0.06,0.06,0.06,375,-0.261538461538,0,0
2231,0,2017/12/22,14:40:59,26.0,26.19,25.88,26.31,17,21,93,58,0.08,0.05,0.07,0.06,830,-5.54230769231,0,0
2232,0,2017/12/26,04:11:19,25.25,25.31,24.81,25.63,0,0,0,0,0.07,0.05,0.06,0.1,355,0.0,0,0
2233,0,2017/12/25,16:48:40,25.44,25.44,25.38,26.13,2,3,14,10,0.08,0.06,0.07,0.1,350,-0.0346153846154,0,0
2234,0,2017/12/25,23:17:13,25.44,25.44,25.06,25.88,0,0,0,0,0.08,0.05,0.06,0.1,355,0.0,0,0
2235,0,2018/01/10,22:48:59,25.31,25.31,24.94,25.38,0,0,0,0,0.07,0.04,0.06,0.09,350,0.0,0,0
2236,0,2018/01/11,06:18:49,25.13,25.06,24.56,25.19,0,0,0,0,0.07,0.05,0.06,0.09,345,0.0,0,0
2237,0,2017/12/22,20:45:01,25.81,25.88,25.5,26.0,0,0,0,0,0.08,0.04,0.06,0.06,795,-2.73076923077,0,0
2238,0,2017/12/22,23:53:56,25.44,25.44,25.0,25.75,0,0,0,0,0.07,0.05,0.07,0.06,380,0.0,0,0
2239,0,2017/12/22,22:26:37,25.56,25.56,25.13,25.81,0,0,0,0,0.06,0.05,0.06,0.06,445,-1.19230769231,0,0
2240,0,2018/01/11,05:28:16,25.13,25.13,24.63,25.25,0,0,0,0,0.07,0.04,0.05,0.09,345,0.0,0,0
2241,0,2017/12/26,00:24:37,25.38,25.38,24.94,25.81,0,0,0,0,0.08,0.05,0.06,0.09,355,0.0,0,0
2242,0,2018/01/10,18:17:21,25.81,26.0,25.56,25.81,0,0,0,0,0.07,0.05,0.05,0.08,785,-2.09230769231,0,0
2243,0,2017/12/26,00:21:03,25.38,25.38,25.0,25.81,0,0,0,0,0.07,0.05,0.06,0.1,355,0.0,0,0
2244,0,2017/12/22,23:20:14,25.44,25.5,25.0,25.75,0,0,0,0,0.06,0.05,0.06,0.06,385,-0.280769230769,0,0
2245,0,2017/12/22,20:52:41,25.75,25.88,25.44,26.0,0,0,0,0,0.07,0.04,0.06,0.06,770,-2.08076923077,0,0
2246,0,2017/12/22,19:57:32,26.13,26.44,25.81,26.25,0,0,0,0,0.07,0.05,0.06,0.06,1085,-4.28076923077,0,0
2247,0,2017/12/25,21:17:14,25.38,25.44,25.06,25.94,0,0,0,0,0.08,0.05,0.06,0.1,355,0.0153846153846,0,0
2248,0,2018/01/11,04:52:01,25.13,25.13,24.63,25.25,0,0,0,0,0.07,0.04,0.06,0.08,345,0.0,0,0
2249,0,2017/12/23,00:20:29,25.38,25.44,24.94,25.75,0,0,0,0,0.06,0.05,0.06,0.06,375,-0.234615384615,0,0
2250,0,2018/01/11,00:16:48,25.25,25.31,24.81,25.38,0,0,0,0,0.06,0.04,0.05,0.08,345,0.0,0,0
2251,0,2017/12/23,10:58:12,25.19,25.13,24.81,25.69,13,14,60,42,0.08,0.06,0.07,0.06,360,0.0307692307692,0,0
2252,0,2017/12/22,21:48:20,25.63,25.63,25.25,25.81,0,0,0,0,0.07,0.05,0.06,0.06,550,-1.99230769231,0,0
2253,0,2017/12/25,17:44:50,25.44,25.44,25.25,26.0,0,0,0,0,0.08,0.05,0.06,0.1,350,-0.0269230769231,0,0
2254,2,2017/12/22,13:36:39,26.06,27.38,25.94,26.31,165,254,278,72,0.66,0.68,2.9,0.5,840,-0.0961538461538,1,1
2255,0,2017/12/25,17:34:06,25.44,25.44,25.25,26.13,0,0,2,1,0.07,0.05,0.06,0.1,350,0.0,0,0
2256,0,2017/12/23,20:07:35,26.06,25.94,25.75,26.19,0,0,0,0,0.07,0.05,0.06,0.06,970,-2.25769230769,0,0
2257,0,2017/12/24,01:05:46,25.44,25.44,24.94,25.69,0,0,0,0,0.07,0.05,0.06,0.06,365,0.0,0,0
2258,2,2017/12/23,13:01:15,25.81,25.63,25.25,26.13,160,249,80,59,0.67,1.24,0.5,0.34,390,0.357692307692,1,0
2259,3,2018/01/10,16:49:32,25.88,26.06,25.75,25.88,3,4,20,13,1.18,0.45,0.13,0.09,720,2.46153846154,0,1
2260,0,2017/12/25,14:28:46,25.38,25.44,25.38,26.13,20,24,87,63,0.07,0.05,0.05,0.1,355,0.0,0,0
2261,0,2017/12/24,02:57:35,25.31,25.31,24.81,25.63,0,0,0,0,0.06,0.05,0.06,0.06,360,-0.0730769230769,0,0
2262,0,2017/12/24,04:44:49,25.19,25.25,24.69,25.56,0,0,0,0,0.07,0.05,0.06,0.06,360,0.0,0,0
2263,0,2017/12/25,18:56:19,25.44,25.44,25.13,26.0,0,0,0,0,0.08,0.05,0.07,0.1,350,-0.15,0,0
2264,0,2017/12/23,22:48:56,25.5,25.5,25.13,25.69,0,0,0,0,0.06,0.04,0.06,0.06,385,-0.246153846154,0,0
2265,0,2017/12/25,13:17:48,25.31,25.31,25.19,26.0,17,20,74,53,0.08,0.05,0.06,0.1,355,0.0,0,0
2266,0,2018/01/10,20:16:50,25.5,25.5,25.13,25.63,0,0,0,0,0.07,0.04,0.05,0.09,390,-1.66538461538,0,0
2267,0,2017/12/24,03:51:43,25.25,25.31,24.69,25.56,0,0,0,0,0.08,0.05,0.06,0.06,360,0.0,0,0
2268,0,2017/12/22,22:39:23,25.5,25.56,25.13,25.88,0,0,0,0,0.07,0.05,0.06,0.06,420,-1.23076923077,0,0
2269,0,2018/01/11,00:23:27,25.25,25.25,24.88,25.38,0,0,0,0,0.07,0.06,0.07,0.09,345,0.0,0,0
2270,0,2017/12/24,03:36:54,25.31,25.31,24.75,25.63,0,0,0,0,0.07,0.05,0.06,0.06,360,0.0,0,0
2271,0,2017/12/23,21:58:23,25.63,25.63,25.25,25.81,0,0,0,0,0.07,0.05,0.06,0.06,510,-1.68846153846,0,0
2272,0,2017/12/25,18:29:15,25.44,25.44,25.19,26.06,0,0,0,0,0.08,0.06,0.06,0.1,355,-0.138461538462,0,0
2273,3,2017/12/22,13:49:25,26.06,27.06,26.0,26.38,164,254,276,70,0.3,0.26,0.64,0.08,910,1.66153846154,1,1
2274,0,2017/12/24,06:22:51,25.13,25.19,24.56,25.44,0,0,0,0,0.07,0.05,0.05,0.06,355,-0.188461538462,0,0
2275,0,2017/12/24,08:45:18,25.06,25.13,24.63,25.44,6,7,35,24,0.07,0.05,0.06,0.07,360,0.0,0,0
2276,0,2017/12/25,20:46:05,25.44,25.44,25.06,25.94,0,0,0,0,0.08,0.05,0.06,0.09,350,0.0423076923077,0,0
2277,0,2017/12/25,14:42:02,25.44,25.44,25.38,26.13,18,22,81,59,0.08,0.06,0.07,0.1,355,0.0,0,0
2278,0,2017/12/22,21:25:21,25.69,25.75,25.38,25.94,0,0,0,0,0.07,0.05,0.07,0.07,630,-2.21153846154,0,0
2279,3,2018/01/10,16:58:13,25.88,26.06,25.75,25.94,2,3,12,10,0.08,0.05,0.15,0.09,755,1.68461538462,0,0
2280,2,2017/12/23,18:55:36,26.25,26.31,25.94,26.38,113,18,177,7,0.07,0.07,0.29,0.07,1035,-1.44615384615,0,0
2281,1,2017/12/22,15:36:07,25.94,25.81,25.63,26.38,120,34,69,43,1.75,0.06,0.55,0.06,570,-1.26538461538,1,0
2282,0,2018/01/11,01:08:23,25.19,25.25,24.75,25.31,0,0,0,0,0.07,0.05,0.06,0.09,345,0.0,0,0
2283,0,2018/01/11,07:07:50,25.06,25.06,24.56,25.19,0,0,4,2,0.08,0.05,0.06,0.09,345,0.0,0,0
2284,3,2018/01/10,16:56:10,25.81,26.06,25.75,25.94,3,3,13,11,0.08,0.07,0.12,0.09,750,2.55,0,1
2285,1,2017/12/23,11:55:54,25.38,25.25,25.0,25.81,121,36,65,47,0.99,0.19,0.35,0.12,360,0.0961538461538,1,0
2286,0,2017/12/24,01:33:51,25.38,25.38,24.88,25.75,0,0,0,0,0.07,0.04,0.06,0.06,365,0.0,0,0
2287,0,2017/12/26,06:52:09,25.13,25.19,24.56,25.38,0,0,1,1,0.08,0.05,0.06,0.1,350,-0.0461538461538,0,0
2288,0,2017/12/26,04:18:28,25.25,25.25,24.81,25.69,0,0,0,0,0.07,0.06,0.06,0.11,355,0.0,0,0
2289,0,2017/12/26,08:16:24,25.06,25.06,24.56,25.13,5,5,28,19,0.08,0.06,0.07,0.1,350,0.0,0,0
2290,0,2017/12/23,20:04:01,26.13,25.94,25.81,26.25,0,0,0,0,0.07,0.05,0.05,0.06,985,-1.74230769231,0,0
2291,0,2018/01/10,22:53:04,25.25,25.31,24.94,25.38,0,0,0,0,0.07,0.05,0.06,0.08,350,-0.103846153846,0,0
2292,0,2017/12/25,16:46:37,25.44,25.44,25.38,26.13,3,3,15,11,0.08,0.05,0.07,0.11,355,0.0115384615385,0,0
2293,0,2017/12/22,23:05:56,25.5,25.5,25.06,25.88,0,0,0,0,0.06,0.04,0.06,0.06,390,0.0,0,0
2294,3,2017/12/22,18:30:14,26.25,26.63,25.94,26.44,150,236,180,11,0.4,1.49,0.99,0.29,1090,2.14615384615,0,1
2295,0,2017/12/23,15:01:14,25.81,26.88,25.5,26.25,11,12,59,43,0.07,0.06,0.06,0.07,515,-1.39230769231,0,0
2296,0,2017/12/22,21:36:35,25.69,25.69,25.31,25.88,0,0,0,0,0.07,0.05,0.06,0.05,595,-1.87307692308,0,0
2297,0,2018/01/11,05:37:58,25.13,25.13,24.63,25.19,0,0,0,0,0.08,0.05,0.05,0.09,345,0.0,0,0
2298,0,2017/12/23,11:10:58,25.19,25.19,24.88,25.81,13,14,59,42,0.08,0.06,0.07,0.07,360,-0.0846153846154,0,0
2299,0,2017/12/22,22:49:05,25.5,25.5,25.13,25.88,0,0,0,0,0.06,0.04,0.06,0.06,405,-0.55,0,0
2300,0,2018/01/10,20:57:10,25.5,25.44,25.06,25.56,0,0,0,0,0.07,0.05,0.07,0.08,380,-0.111538461538,0,0
2301,2,2017/12/23,18:44:53,26.25,26.38,25.94,26.31,117,19,183,7,0.32,0.07,0.27,0.08,1065,2.06538461538,0,1
2302,3,2018/01/10,16:41:22,25.81,26.19,25.75,25.88,4,5,33,15,0.37,0.44,0.74,0.21,685,3.89230769231,0,1
2303,0,2018/01/10,23:40:33,25.25,25.31,24.88,25.38,0,0,0,0,0.07,0.06,0.06,0.09,345,0.0,0,0
2304,0,2017/12/25,19:20:19,25.44,25.44,25.13,26.0,0,0,0,0,0.08,0.05,0.06,0.1,355,0.0846153846154,0,0
2305,0,2018/01/11,07:19:04,25.06,25.06,24.5,25.19,0,0,6,4,0.08,0.04,0.05,0.08,345,0.0,0,0
2306,0,2017/12/23,21:31:50,25.69,25.69,25.31,25.88,0,0,0,0,0.06,0.05,0.05,0.06,605,-2.79230769231,0,0
2307,0,2017/12/23,14:55:37,25.81,26.88,25.5,26.25,12,13,62,45,0.09,0.08,0.09,0.08,535,0.438461538462,0,0
2308,3,2017/12/22,18:15:25,26.31,26.31,26.0,26.38,148,234,178,10,0.46,0.21,0.59,0.24,1025,2.48461538462,0,1
2309,0,2017/12/24,05:15:57,25.19,25.25,24.63,25.5,0,0,0,0,0.07,0.05,0.06,0.06,360,0.0307692307692,0,0
2310,0,2017/12/25,14:27:14,25.44,25.38,25.38,26.13,20,24,88,63,0.08,0.07,0.09,0.1,355,0.0,0,0
2311,0,2018/01/11,07:57:52,25.06,25.06,24.56,25.06,4,5,21,15,0.08,0.04,0.06,0.08,345,0.0,0,0
2312,1,2017/12/23,12:35:43,25.63,25.38,25.19,26.0,124,40,74,54,1.27,0.08,0.07,0.07,375,0.219230769231,0,0
2313,0,2017/12/23,04:00:33,25.19,25.25,24.69,25.56,0,0,0,0,0.07,0.05,0.06,0.05,360,-0.0307692307692,0,0
2314,0,2017/12/23,07:16:37,25.06,25.0,24.44,25.38,1,1,7,5,0.08,0.05,0.06,0.06,355,0.0,0,0
2315,0,2017/12/25,22:24:07,25.44,25.44,25.0,25.88,0,0,0,0,0.08,0.05,0.06,0.1,355,0.0,0,0
2316,0,2017/12/23,02:37:19,25.31,25.25,24.81,25.63,0,0,0,0,0.07,0.05,0.06,0.06,365,0.0,0,0
2317,0,2017/12/24,03:10:52,25.31,25.31,24.75,25.63,0,0,0,0,0.07,0.05,0.06,0.06,360,0.0653846153846,0,0
2318,0,2018/01/10,18:31:39,25.75,25.88,25.44,25.81,0,0,0,0,0.08,0.05,0.05,0.09,735,-1.42307692308,0,0
2319,1,2017/12/22,10:57:51,25.06,24.88,24.63,25.56,122,35,58,44,0.24,0.05,0.1,0.05,395,-0.711538461538,0,0
2320,0,2017/12/25,10:47:41,25.13,25.13,24.81,25.75,12,14,54,37,0.08,0.05,0.06,0.1,355,0.0,0,0
2321,0,2018/01/10,20:35:44,25.5,25.44,25.13,25.63,0,0,0,0,0.07,0.05,0.06,0.08,385,-0.0461538461538,0,0
2322,0,2017/12/25,13:59:09,25.31,25.38,25.25,26.0,20,24,85,62,0.08,0.05,0.06,0.1,355,0.0,0,0
2323,0,2017/12/26,00:12:22,25.38,25.38,25.0,25.81,0,0,0,0,0.07,0.06,0.06,0.09,355,0.0,0,0
2324,0,2017/12/24,01:18:02,25.38,25.44,24.88,25.69,0,0,0,0,0.06,0.05,0.07,0.06,365,0.0,0,0
2325,0,2017/12/24,00:25:57,25.44,25.44,24.94,25.69,0,0,0,0,0.07,0.04,0.06,0.06,370,0.0,0,0
2326,0,2017/12/22,14:30:15,26.06,26.5,25.94,26.38,18,22,96,59,0.07,0.05,0.06,0.06,940,-0.996153846154,0,0
2327,0,2017/12/26,07:23:49,25.13,25.13,24.56,25.25,1,1,9,5,0.08,0.05,0.07,0.1,350,0.0,0,0
2328,0,2018/01/10,20:38:17,25.5,25.44,25.13,25.63,0,0,0,0,0.07,0.04,0.06,0.09,385,0.0,0,0
2329,3,2017/12/22,14:14:26,26.19,27.31,26.13,26.38,161,251,266,70,0.77,0.94,2.83,0.12,955,0.876923076923,1,1
2330,0,2017/12/23,10:01:01,25.06,25.13,24.69,25.56,8,9,41,29,0.08,0.07,0.1,0.06,360,-0.0576923076923,0,0
2331,0,2017/12/25,15:48:56,25.44,25.44,25.44,26.13,8,10,43,31,0.08,0.04,0.06,0.1,355,0.0,0,0
2332,0,2017/12/25,09:19:52,25.0,25.0,24.56,25.31,7,8,36,24,0.07,0.04,0.06,0.1,355,-0.153846153846,0,0
2333,0,2017/12/23,14:40:49,25.88,26.94,25.5,26.25,14,15,72,53,0.1,0.06,0.07,0.06,540,-3.97692307692,0,0
2334,1,2017/12/22,16:28:12,26.13,25.75,25.56,26.31,115,25,38,21,0.38,0.13,0.11,0.07,630,0.503846153846,1,1
2335,0,2017/12/22,22:59:18,25.5,25.5,25.06,25.88,0,0,0,0,0.07,0.04,0.06,0.06,390,-0.857692307692,0,0
2336,2,2017/12/23,17:30:20,26.13,25.88,25.75,26.31,117,22,185,9,0.68,0.25,0.75,0.18,715,-0.838461538462,0,0
2337,0,2018/01/10,23:38:00,25.25,25.31,24.88,25.38,0,0,0,0,0.08,0.06,0.06,0.08,345,0.0,0,0
2338,0,2017/12/26,04:13:52,25.31,25.31,24.81,25.69,0,0,0,0,0.07,0.05,0.06,0.11,355,0.0,0,0
2339,0,2018/01/11,03:51:15,25.13,25.19,24.63,25.25,0,0,0,0,0.08,0.04,0.06,0.09,345,0.0,0,0
2340,0,2017/12/23,02:16:23,25.31,25.31,24.81,25.81,0,0,0,0,0.07,0.05,0.06,0.05,365,-0.111538461538,0,0
2341,0,2017/12/24,06:44:17,25.13,25.13,24.56,25.44,0,0,0,0,0.06,0.05,0.06,0.06,360,-0.0692307692308,0,0
2342,0,2018/01/11,05:27:45,25.13,25.13,24.56,25.25,0,0,0,0,0.08,0.04,0.05,0.08,345,0.0,0,0
2343,0,2017/12/24,09:10:19,25.13,25.13,24.69,25.44,7,7,37,24,0.06,0.04,0.06,0.07,360,-2.46336371845e-17,0,0
2344,0,2017/12/24,03:21:35,25.31,25.31,24.81,25.63,0,0,0,0,0.07,0.05,0.06,0.06,360,-0.0384615384615,0,0
2345,0,2017/12/26,05:05:26,25.25,25.25,24.75,25.56,0,0,0,0,0.08,0.05,0.06,0.1,355,0.0,0,0
2346,0,2017/12/23,10:57:11,25.19,25.19,24.81,25.81,11,13,54,38,0.08,0.06,0.07,0.06,360,0.0576923076923,0,0
2347,3,2017/12/22,18:09:18,26.31,26.38,26.06,26.38,148,234,178,10,0.45,2.88,1.62,0.53,995,4.33076923077,0,1
2348,0,2017/12/25,19:38:11,25.44,25.44,25.13,26.0,0,0,0,0,0.08,0.05,0.06,0.11,350,-0.173076923077,0,0
2349,0,2017/12/25,15:00:56,25.44,25.44,25.44,26.19,14,19,70,51,0.08,0.05,0.06,0.1,355,0.0,0,0
2350,0,2017/12/26,08:43:28,25.06,25.06,24.63,25.31,6,6,32,22,0.08,0.05,0.05,0.11,350,0.0,0,0
2351,0,2018/01/11,03:33:54,25.19,25.19,24.69,25.31,0,0,0,0,0.08,0.04,0.06,0.08,345,0.0,0,0
2352,0,2017/12/25,21:56:02,25.38,25.44,25.06,25.88,0,0,0,0,0.07,0.05,0.06,0.1,355,-0.0384615384615,0,0
2353,0,2017/12/23,01:42:41,25.38,25.31,24.88,25.75,0,0,0,0,0.07,0.05,0.06,0.06,370,0.0,0,0
2354,0,2017/12/26,03:10:03,25.31,25.31,24.81,25.69,0,0,0,0,0.07,0.05,0.06,0.1,355,0.0,0,0
2355,3,2017/12/23,17:53:18,26.19,26.13,25.88,26.31,150,236,187,11,0.09,0.19,0.06,0.07,815,1.59230769231,0,1
2356,0,2017/12/24,00:38:43,25.44,25.44,24.94,25.69,0,0,0,0,0.07,0.05,0.06,0.06,370,-0.0153846153846,0,0
2357,1,2017/12/22,10:50:42,25.0,24.75,24.5,25.44,121,34,53,40,0.43,0.11,0.08,0.06,390,0.519230769231,0,0
2358,3,2017/12/22,13:54:31,26.13,27.13,26.0,26.31,165,256,278,72,0.38,0.22,0.07,0.12,920,1.83076923077,1,1
2359,0,2018/01/10,18:11:14,25.88,26.06,25.63,25.88,0,0,0,0,0.07,0.05,0.05,0.1,805,-1.60769230769,0,0
2360,0,2017/12/23,22:47:55,25.5,25.56,25.06,25.63,0,0,0,0,0.07,0.05,0.06,0.06,385,-0.203846153846,0,0
2361,0,2017/12/23,14:25:30,25.94,27.0,25.5,26.38,14,14,66,49,0.11,0.12,0.13,0.06,635,-0.688461538462,0,0
2362,0,2017/12/23,04:59:46,25.13,25.13,24.63,25.5,0,0,0,0,0.08,0.06,0.06,0.06,360,0.0,0,0
2363,0,2018/01/11,06:21:22,25.13,25.06,24.56,25.19,0,0,0,0,0.08,0.06,0.05,0.08,345,0.0,0,0
2364,0,2017/12/23,00:36:19,25.38,25.38,24.94,25.69,0,0,0,0,0.07,0.05,0.06,0.06,375,0.0,0,0
2365,0,2017/12/22,23:42:11,25.44,25.44,25.0,25.75,0,0,0,0,0.07,0.05,0.06,0.06,380,-0.126923076923,0,0
2366,0,2017/12/23,23:25:11,25.44,25.44,25.06,25.5,0,0,0,0,0.06,0.06,0.06,0.06,375,-0.219230769231,0,0
2367,0,2017/12/25,10:28:47,25.06,25.13,24.75,25.69,10,11,48,33,0.08,0.04,0.06,0.11,355,0.0,0,0
2368,0,2018/01/11,01:25:44,25.19,25.25,24.81,25.25,0,0,0,0,0.07,0.04,0.06,0.08,345,0.0,0,0
2369,1,2017/12/22,16:09:49,26.06,25.75,25.56,26.31,118,28,50,28,0.08,0.05,0.08,0.06,605,0.311538461538,0,0
2370,2,2017/12/22,12:23:38,25.69,28.13,25.13,26.0,157,244,82,63,0.8,0.37,0.14,0.18,650,1.02692307692,0,0
2371,0,2017/12/25,10:27:46,25.06,25.13,24.75,25.69,10,11,48,34,0.08,0.05,0.07,0.1,355,0.0,0,0
2372,2,2018/01/10,17:29:52,25.94,26.19,25.88,25.94,146,231,170,20,0.31,0.24,1.42,0.31,835,1.73846153846,1,1
2373,0,2017/12/24,02:30:01,25.31,25.31,24.81,25.75,0,0,0,0,0.06,0.04,0.06,0.06,365,-0.111538461538,0,0
2374,3,2017/12/22,18:39:25,26.31,26.69,26.06,26.44,150,235,180,10,1.1,0.34,1.05,0.22,1150,2.53076923077,1,1
2375,0,2017/12/26,07:15:08,25.06,25.13,24.56,25.25,0,0,6,4,0.08,0.04,0.06,0.1,350,0.0,0,0
2376,0,2018/01/10,22:53:35,25.31,25.31,24.94,25.44,0,0,0,0,0.06,0.04,0.06,0.08,350,-0.0923076923077,0,0
2377,0,2017/12/23,01:44:13,25.31,25.31,24.81,25.81,0,0,0,0,0.07,0.05,0.06,0.06,370,0.0,0,0
2378,0,2017/12/23,08:54:38,25.0,25.06,24.5,25.38,6,6,32,20,0.08,0.05,0.06,0.06,360,0.0,0,0
2379,0,2017/12/24,08:24:52,25.13,25.13,24.56,25.38,6,6,31,21,0.07,0.05,0.06,0.06,360,0.0,0,0
2380,0,2018/01/10,18:46:28,25.69,25.75,25.38,25.75,0,0,0,0,0.07,0.05,0.06,0.09,665,-3.13461538462,0,0
2381,1,2017/12/23,12:37:46,25.63,25.38,25.19,26.0,124,40,76,55,0.09,0.05,0.06,0.06,380,0.25,1,0
2382,0,2018/01/11,03:23:10,25.19,25.19,24.69,25.25,0,0,0,0,0.07,0.04,0.05,0.08,345,0.0,0,0
2383,1,2017/12/23,12:36:14,25.63,25.38,25.19,26.0,124,40,76,54,0.11,0.05,0.06,0.06,380,0.238461538462,0,0
2384,0,2017/12/25,13:45:53,25.31,25.38,25.25,26.0,17,20,73,54,0.08,0.05,0.06,0.09,355,0.0,0,0
2385,0,2017/12/25,11:09:38,25.19,25.19,24.88,25.75,12,14,56,40,0.13,0.16,0.13,0.1,355,0.0,0,0
2386,0,2017/12/23,01:51:53,25.31,25.31,24.81,25.75,0,0,0,0,0.07,0.04,0.06,0.06,370,0.0,0,0
2387,0,2017/12/25,14:37:27,25.44,25.44,25.38,26.19,18,22,81,59,0.08,0.05,0.06,0.11,355,0.0,1,0
2388,2,2017/12/22,17:15:10,26.19,25.75,25.81,26.44,115,24,179,11,0.16,0.13,0.24,0.07,745,1.21538461538,0,1
2389,0,2017/12/23,08:03:35,25.06,25.06,24.44,25.31,5,5,24,16,0.08,0.05,0.06,0.06,360,0.146153846154,0,0
2390,0,2017/12/23,20:02:29,26.13,26.0,25.81,26.25,0,0,0,0,0.07,0.05,0.06,0.06,995,-1.10384615385,0,0
2391,0,2017/12/23,11:30:53,25.19,25.19,24.88,25.88,14,16,64,45,0.08,0.05,0.07,0.06,360,0.0807692307692,0,0
2392,0,2017/12/25,20:03:43,25.44,25.44,25.13,26.0,0,0,0,0,0.09,0.06,0.06,0.1,350,-0.157692307692,0,0
2393,0,2017/12/23,06:20:27,25.06,25.06,24.44,25.13,0,0,0,0,0.08,0.05,0.05,0.06,355,-0.0884615384615,0,0
2394,0,2018/01/10,19:34:27,25.63,25.56,25.25,25.69,0,0,0,0,0.07,0.05,0.05,0.09,500,-1.76923076923,0,0
2395,3,2017/12/22,18:03:10,26.31,26.38,26.0,26.38,149,236,180,10,0.44,0.31,1.34,0.27,965,3.87692307692,0,0
2396,0,2017/12/23,00:09:46,25.44,25.44,24.94,25.75,0,0,0,0,0.07,0.05,0.07,0.06,380,0.0,0,0
2397,0,2017/12/23,02:47:32,25.25,25.25,24.81,25.63,0,0,0,0,0.07,0.05,0.07,0.06,365,0.0,0,0
2398,3,2017/12/22,18:00:06,26.31,26.5,25.94,26.38,148,235,178,10,0.42,0.15,0.18,0.11,935,2.81923076923,1,0
2399,1,2017/12/23,16:34:10,26.06,26.81,25.5,26.38,116,20,24,15,0.08,0.06,0.07,0.07,530,0.753846153846,0,0
2400,0,2017/12/24,05:30:15,25.19,25.19,24.56,25.5,0,0,0,0,0.06,0.04,0.06,0.06,360,0.0,0,0
2401,0,2017/12/25,22:17:29,25.38,25.38,25.06,25.81,0,0,0,0,0.07,0.05,0.06,0.1,355,0.0,0,0
2402,3,2017/12/23,18:05:34,26.25,26.19,25.88,26.31,149,234,185,10,0.6,0.33,0.24,0.09,895,3.79615384615,0,0
2403,0,2017/12/25,17:36:09,25.44,25.44,25.25,26.13,0,0,1,1,0.08,0.05,0.06,0.1,350,0.0384615384615,0,0
2404,0,2017/12/25,19:12:39,25.44,25.44,25.13,26.06,0,0,0,0,0.07,0.06,0.05,0.1,355,-0.0461538461538,0,0
2405,0,2017/12/26,04:00:05,25.31,25.31,24.81,25.69,0,0,0,0,0.08,0.05,0.06,0.1,355,0.0,0,0
2406,0,2018/01/10,23:59:27,25.25,25.31,24.88,25.38,0,0,0,0,0.07,0.04,0.05,0.09,345,0.0,0,0
2407,0,2018/01/10,23:26:46,25.25,25.31,24.88,25.38,0,0,0,0,0.07,0.05,0.05,0.09,345,0.0,0,0
2408,1,2017/12/22,11:16:14,25.25,24.94,24.75,25.63,124,36,60,46,0.28,0.12,0.11,0.08,420,1.01923076923,1,0
2409,0,2017/12/23,09:33:27,25.06,25.06,24.63,25.31,7,8,38,25,0.08,0.05,0.08,0.06,360,0.0461538461538,0,0
2410,0,2017/12/25,12:22:39,25.25,25.25,25.06,25.81,15,18,68,49,0.09,0.04,0.07,0.1,355,0.0,0,0
2411,2,2017/12/23,16:57:39,26.13,25.81,25.63,26.38,118,24,193,14,1.07,0.86,2.37,0.66,610,1.75,1,1
2412,0,2017/12/23,10:21:26,25.06,25.13,24.75,25.56,10,11,49,34,0.08,0.05,0.06,0.06,355,-0.138461538462,0,0
2413,0,2017/12/25,11:51:30,25.25,25.19,24.94,25.88,15,18,69,49,0.09,0.06,0.1,0.1,355,0.0,0,0
2414,0,2017/12/26,03:40:10,25.31,25.31,24.81,25.69,0,0,0,0,0.08,0.05,0.06,0.1,355,0.0,0,0
2415,0,2017/12/26,02:28:11,25.31,25.31,24.88,25.75,0,0,0,0,0.08,0.06,0.06,0.09,355,0.0,0,0
2416,0,2018/01/10,19:50:48,25.56,25.56,25.19,25.63,0,0,0,0,0.13,0.14,0.05,0.09,460,-0.973076923077,0,0
2417,0,2018/01/11,04:02:29,25.19,25.19,24.63,25.25,0,0,0,0,0.08,0.04,0.06,0.08,345,0.0,0,0
2418,0,2018/01/10,19:33:26,25.56,25.63,25.25,25.69,0,0,0,0,0.08,0.05,0.06,0.09,515,-1.80384615385,0,0
2419,0,2018/01/11,00:40:18,25.25,25.25,24.81,25.31,0,0,0,0,0.07,0.04,0.05,0.08,345,0.0,0,0
2420,2,2018/01/10,17:20:10,25.94,26.13,25.81,25.94,147,231,175,21,0.07,0.17,0.08,0.08,800,0.630769230769,0,0
2421,0,2017/12/26,08:18:57,25.06,25.06,24.63,25.25,5,5,29,20,0.07,0.05,0.06,0.09,350,0.0,0,0
2422,0,2018/01/10,19:52:20,25.56,25.56,25.19,25.63,0,0,0,0,0.07,0.05,0.06,0.09,450,-1.33846153846,0,0
2423,0,2017/12/25,10:28:17,25.06,25.13,24.75,25.69,10,11,48,33,0.08,0.05,0.06,0.11,355,0.0,0,0
2424,0,2018/01/11,07:36:56,25.06,25.06,24.56,25.13,2,2,11,7,0.08,0.05,0.06,0.09,345,0.0,0,0
2425,0,2018/01/10,23:38:31,25.25,25.31,24.88,25.44,0,0,0,0,0.06,0.05,0.05,0.08,345,0.0,0,0
2426,0,2017/12/25,23:36:37,25.38,25.38,25.0,25.88,0,0,0,0,0.07,0.05,0.06,0.1,355,0.0,0,0
2427,1,2017/12/23,15:36:28,25.88,26.81,25.5,26.31,120,26,49,36,0.79,0.06,0.07,0.08,405,-1.06153846154,0,0
2428,0,2017/12/22,21:28:25,25.69,25.69,25.31,25.88,0,0,0,0,0.07,0.05,0.06,0.06,620,-2.03076923077,0,0
2429,2,2017/12/23,14:06:06,26.13,27.13,25.5,26.38,160,248,77,57,0.53,0.97,0.28,0.21,620,0.946153846154,1,0
2430,0,2017/12/26,06:24:35,25.19,25.19,24.69,25.44,0,0,0,0,0.08,0.05,0.05,0.1,355,0.0,0,0
2431,0,2017/12/25,19:06:01,25.44,25.44,25.13,26.0,0,0,0,0,0.08,0.05,0.06,0.1,350,0.0269230769231,0,0
2432,0,2017/12/23,22:46:54,25.5,25.5,25.13,25.69,0,0,0,0,0.07,0.05,0.06,0.06,385,-0.146153846154,0,0
2433,0,2018/01/11,02:02:30,25.19,25.19,24.75,25.25,0,0,0,0,0.07,0.05,0.05,0.08,345,0.0,0,0
2434,0,2017/12/25,09:17:19,25.0,25.0,24.56,25.31,7,7,36,24,0.08,0.05,0.06,0.09,355,-0.25,0,0
2435,0,2018/01/10,21:08:55,25.38,25.44,25.06,25.56,0,0,0,0,0.07,0.05,0.06,0.09,370,-0.0884615384615,0,0
2436,3,2017/12/22,18:27:40,26.25,26.56,25.94,26.38,150,235,180,10,0.63,0.72,2.29,0.43,1085,2.50769230769,1,1
2437,0,2018/01/11,00:33:09,25.25,25.25,24.81,25.31,0,0,0,0,0.07,0.04,0.06,0.09,345,0.0,0,0
2438,0,2017/12/26,05:46:17,25.19,25.25,24.69,25.5,0,0,0,0,0.08,0.05,0.06,0.09,355,0.0,0,0
2439,1,2017/12/23,15:56:23,26.0,26.81,25.5,26.31,119,24,40,29,0.21,0.06,0.08,0.06,455,1.41923076923,0,0
2440,0,2018/01/10,23:23:12,25.25,25.31,24.94,25.38,0,0,0,0,0.07,0.04,0.05,0.1,345,0.0,0,0
2441,0,2017/12/22,22:53:41,25.5,25.5,25.13,25.88,0,0,0,0,0.07,0.05,0.05,0.07,390,-0.873076923077,0,0
2442,0,2017/12/23,20:47:56,25.88,25.81,25.5,26.0,0,0,0,0,0.07,0.05,0.06,0.06,785,-1.98846153846,0,0
2443,3,2017/12/22,17:36:06,26.25,25.88,25.81,26.31,150,242,180,12,0.11,0.1,0.15,0.13,830,1.55769230769,0,0
2444,0,2017/12/23,14:23:27,25.94,27.0,25.56,26.31,14,14,70,50,0.07,0.06,0.07,0.07,640,-1.48461538462,0,0
2445,0,2017/12/25,22:12:23,25.38,25.44,25.06,25.81,0,0,0,0,0.08,0.11,0.16,0.1,355,0.0576923076923,0,0
2446,0,2018/01/10,21:18:06,25.38,25.38,25.06,25.5,0,0,0,0,0.08,0.05,0.06,0.08,370,-0.238461538462,0,0
2447,0,2017/12/22,22:45:31,25.5,25.5,25.06,25.88,0,0,0,0,0.07,0.04,0.06,0.07,405,-1.04615384615,0,0
2448,0,2018/01/11,04:08:06,25.19,25.19,24.69,25.25,0,0,0,0,0.08,0.05,0.05,0.08,345,0.0,0,0
2449,0,2017/12/25,15:08:35,25.38,25.44,25.44,26.13,14,17,67,49,0.09,0.05,0.07,0.1,355,0.0,0,0
2450,0,2017/12/23,10:08:10,25.13,25.13,24.69,25.56,9,10,45,30,0.08,0.05,0.06,0.05,355,-0.0961538461538,0,0
2451,0,2017/12/26,04:36:51,25.25,25.25,24.75,25.69,0,0,0,0,0.08,0.05,0.06,0.1,355,0.0,0,0
2452,1,2017/12/22,16:16:58,26.06,25.75,25.56,26.31,116,27,45,26,0.15,0.05,0.07,0.06,610,0.692307692308,0,0
2453,0,2017/12/23,05:27:21,25.13,25.19,24.56,25.44,0,0,0,0,0.08,0.05,0.07,0.06,360,0.0,0,0
2454,0,2017/12/26,07:28:55,25.06,25.06,24.56,25.19,1,1,10,7,0.08,0.05,0.06,0.1,350,0.0,0,0
2455,0,2017/12/25,13:54:03,25.31,25.38,25.25,26.06,19,23,82,59,0.08,0.05,0.06,0.1,355,0.0,0,0
2456,3,2018/01/10,16:57:12,25.81,26.06,25.75,25.94,3,3,13,10,1.12,0.3,0.26,0.15,750,2.06538461538,0,1
2457,0,2017/12/24,03:18:01,25.31,25.31,24.81,25.63,0,0,0,0,0.07,0.05,0.07,0.06,360,-0.0423076923077,0,0
2458,0,2017/12/23,07:34:59,25.06,25.06,24.44,25.31,2,2,13,8,0.08,0.05,0.06,0.07,355,-0.00769230769231,0,0
2459,0,2017/12/25,22:57:19,25.44,25.44,25.0,25.88,0,0,0,0,0.07,0.05,0.07,0.09,355,0.0,0,0
2460,0,2017/12/25,17:48:55,25.44,25.44,25.25,26.06,0,0,0,0,0.08,0.05,0.06,0.1,350,0.0,0,0
2461,3,2017/12/22,18:19:30,26.31,26.31,26.0,26.38,148,234,178,10,0.43,0.2,0.17,0.1,1045,2.57307692308,1,1
2462,0,2018/01/11,03:46:40,25.19,25.19,24.69,25.25,0,0,0,0,0.08,0.04,0.05,0.09,345,0.0,0,0
2463,0,2017/12/23,04:16:53,25.19,25.19,24.63,25.5,0,0,0,0,0.08,0.04,0.07,0.05,360,0.0,0,0
2464,0,2017/12/24,06:55:31,25.13,25.13,24.5,25.44,0,0,2,1,0.07,0.05,0.06,0.07,360,-0.111538461538,0,0
2465,0,2017/12/24,03:20:03,25.31,25.31,24.81,25.63,0,0,0,0,0.07,0.05,0.06,0.06,360,-0.0730769230769,0,0
2466,0,2018/01/10,23:10:26,25.31,25.31,24.94,25.44,0,0,0,0,0.07,0.04,0.05,0.09,345,0.0,0,0
2467,0,2017/12/25,13:42:49,25.31,25.31,25.25,26.0,17,20,73,53,0.08,0.05,0.08,0.1,355,0.0,0,0
2468,3,2017/12/22,17:46:19,26.19,25.94,25.88,26.31,150,238,179,11,0.52,0.81,1.95,0.43,860,1.15384615385,0,1
2469,0,2017/12/22,21:26:53,25.69,25.69,25.31,25.88,0,0,0,0,0.07,0.05,0.06,0.06,620,-2.2,0,0
2470,0,2017/12/23,04:55:11,25.13,25.19,24.63,25.5,0,0,0,0,0.08,0.05,0.06,0.05,360,0.0,0,0
2471,2,2017/12/23,14:09:40,26.06,27.19,25.56,26.38,160,244,75,56,0.73,2.53,0.4,0.28,650,1.76923076923,1,1
2472,0,2017/12/23,08:52:05,25.0,25.0,24.56,25.25,6,6,32,20,0.08,0.05,0.06,0.06,360,0.0,0,0
2473,0,2017/12/22,14:27:42,26.13,26.44,26.0,26.38,19,23,99,61,0.07,0.05,0.06,0.07,955,0.161538461538,0,0
2474,0,2017/12/25,13:21:53,25.31,25.31,25.25,26.0,18,21,76,54,0.08,0.05,0.08,0.1,355,0.0,0,0
2475,2,2017/12/23,17:13:29,26.19,25.88,25.69,26.31,118,23,188,11,0.89,0.7,1.97,0.55,700,2.50769230769,0,0
2476,0,2017/12/22,15:00:23,25.94,26.0,25.75,26.31,14,18,82,51,0.08,0.05,0.07,0.07,715,-2.55,0,0
2477,0,2017/12/22,22:26:07,25.56,25.56,25.13,25.88,0,0,0,0,0.07,0.05,0.06,0.06,440,-1.13076923077,0,0
2478,0,2017/12/23,22:56:05,25.5,25.5,25.06,25.63,0,0,0,0,0.06,0.05,0.05,0.06,385,-0.146153846154,0,0
2479,0,2017/12/25,17:32:04,25.44,25.44,25.19,26.06,0,0,2,2,0.08,0.05,0.07,0.1,350,0.0,0,0
2480,0,2018/01/10,20:09:11,25.5,25.5,25.19,25.63,0,0,0,0,0.07,0.05,0.05,0.1,410,-0.953846153846,0,0
2481,0,2017/12/24,03:41:30,25.25,25.31,24.75,25.63,0,0,0,0,0.07,0.05,0.06,0.05,360,0.0,0,0
2482,0,2018/01/11,05:30:18,25.13,25.13,24.63,25.25,0,0,0,0,0.08,0.05,0.06,0.08,345,0.0,0,0
2483,0,2017/12/22,21:16:10,25.69,25.75,25.38,25.94,0,0,0,0,0.07,0.05,0.06,0.06,665,-2.28461538462,0,0
2484,0,2018/01/10,18:43:54,25.69,25.75,25.44,25.81,0,0,0,0,0.07,0.04,0.05,0.09,675,-2.43461538462,0,0
2485,0,2017/12/25,10:43:36,25.13,25.13,24.75,25.75,10,12,50,35,0.08,0.05,0.06,0.1,355,0.0,0,0
2486,0,2018/01/11,05:52:46,25.13,25.13,24.56,25.19,0,0,0,0,0.08,0.06,0.05,0.08,345,0.0,0,0
2487,0,2017/12/23,01:02:21,25.31,25.31,24.94,25.75,0,0,0,0,0.07,0.05,0.06,0.06,370,-0.223076923077,0,0
2488,0,2017/12/23,09:58:58,25.06,25.13,24.69,25.44,9,9,43,29,0.08,0.05,0.07,0.05,360,-0.196153846154,0,0
2489,0,2017/12/22,15:15:42,25.88,25.94,25.69,26.38,13,16,78,49,0.07,0.05,0.07,0.06,650,-1.91538461538,0,0
2490,0,2017/12/25,19:35:38,25.44,25.44,25.19,26.0,0,0,0,0,0.08,0.04,0.06,0.1,350,-0.0615384615385,0,0
2491,1,2017/12/22,15:38:40,25.94,25.81,25.63,26.31,120,33,65,41,0.07,0.05,0.08,0.09,575,-1.07307692308,0,0
2492,3,2017/12/23,18:25:28,26.25,26.31,25.94,26.38,150,234,185,10,0.24,0.42,0.62,0.11,985,2.01923076923,1,1
2493,0,2018/01/10,19:37:01,25.56,25.56,25.25,25.69,0,0,0,0,0.08,0.05,0.06,0.09,495,-1.85384615385,0,0
2494,0,2018/01/11,01:32:53,25.19,25.19,24.75,25.25,0,0,0,0,0.07,0.05,0.06,0.09,345,0.0,0,0
2495,0,2017/12/26,04:21:01,25.31,25.31,24.81,25.69,0,0,0,0,0.08,0.05,0.06,0.1,355,0.0,0,0
2496,0,2017/12/26,03:32:00,25.31,25.31,24.81,25.69,0,0,0,0,0.08,0.05,0.06,0.09,355,0.0,0,0
2497,0,2017/12/26,08:36:49,25.06,25.06,24.63,25.31,6,6,32,22,0.07,0.06,0.06,0.09,350,0.0,0,0
2498,0,2017/12/22,23:50:22,25.38,25.44,25.0,25.81,0,0,0,0,0.07,0.05,0.06,0.06,380,-0.219230769231,0,0
2499,3,2017/12/22,13:23:53,26.0,27.81,25.75,26.19,165,254,274,72,0.76,0.14,0.39,0.14,860,1.26153846154,1,1
2500,0,2017/12/24,04:38:10,25.19,25.25,24.69,25.56,0,0,0,0,0.07,0.06,0.06,0.06,360,0.0,0,0
2501,0,2017/12/23,10:01:32,25.06,25.13,24.69,25.56,8,9,42,29,0.12,0.07,0.07,0.06,355,-0.0692307692308,0,0
2502,2,2017/12/22,17:13:08,26.19,25.75,25.81,26.31,115,24,180,12,0.08,0.05,0.06,0.06,750,1.31538461538,0,1
2503,1,2017/12/22,11:17:15,25.25,24.94,24.75,25.69,123,35,60,45,0.93,0.14,0.12,0.08,430,0.946153846154,1,0
2504,0,2017/12/22,15:10:35,25.88,25.94,25.75,26.31,14,17,80,49,0.08,0.05,0.06,0.06,675,-1.80769230769,0,0
2505,0,2017/12/23,20:41:17,25.88,25.81,25.5,26.0,0,0,0,0,0.08,0.05,0.06,0.07,830,-1.33076923077,0,0
2506,0,2017/12/22,19:41:12,26.31,26.94,26.0,26.38,0,0,0,0,0.07,0.05,0.06,0.06,1255,1.30384615385,0,0
2507,0,2017/12/23,07:49:17,25.0,25.0,24.5,25.38,3,4,18,13,0.08,0.05,0.06,0.06,355,-0.00769230769231,0,0
2508,0,2017/12/25,12:23:10,25.25,25.25,25.06,25.81,15,18,68,49,0.08,0.05,0.06,0.1,355,0.0,0,0
2509,0,2017/12/25,21:16:43,25.38,25.44,25.06,25.88,0,0,0,0,0.07,0.05,0.06,0.1,355,3.0792046480700003e-18,0,0
2510,0,2017/12/25,20:33:19,25.44,25.44,25.13,25.94,0,0,0,0,0.08,0.05,0.07,0.1,355,0.134615384615,0,0
2511,3,2018/01/10,16:42:54,25.81,26.06,25.75,25.88,4,5,31,14,0.41,0.26,0.11,0.1,690,3.41923076923,1,1
2512,3,2018/01/10,15:54:23,25.63,26.44,25.56,25.75,9,8,50,31,0.1,0.16,0.29,0.11,420,2.11538461538,1,1
2513,0,2017/12/25,20:10:51,25.44,25.5,25.13,26.0,0,0,0,0,0.08,0.05,0.06,0.1,355,0.0769230769231,0,0
2514,0,2018/01/11,02:58:40,25.19,25.19,24.69,25.31,0,0,0,0,0.07,0.05,0.06,0.08,345,0.0,0,0
2515,2,2017/12/22,12:28:44,25.69,28.44,25.19,26.0,156,244,81,62,0.5,0.13,0.11,0.07,640,0.615384615385,1,0
2516,0,2017/12/24,04:56:03,25.25,25.25,24.69,25.56,0,0,0,0,0.07,0.05,0.06,0.06,360,0.0,0,0
2517,0,2017/12/23,01:01:20,25.31,25.38,24.88,25.75,0,0,0,0,0.07,0.05,0.07,0.05,370,-0.238461538462,0,0
2518,0,2017/12/23,10:50:33,25.19,25.13,24.81,25.69,11,13,53,37,0.08,0.05,0.06,0.06,360,0.0653846153846,0,0
2519,0,2017/12/23,10:41:52,25.13,25.13,24.75,25.75,10,11,50,35,0.08,0.05,0.06,0.06,360,0.0846153846154,0,0
2520,0,2017/12/26,00:05:44,25.38,25.38,25.0,25.81,0,0,0,0,0.07,0.05,0.06,0.11,355,0.0,0,0
2521,1,2017/12/23,12:27:33,25.63,25.31,25.13,25.94,123,37,69,49,0.52,0.24,0.21,0.16,375,0.126923076923,1,0
2522,3,2017/12/23,17:59:26,26.25,26.19,25.81,26.31,150,235,185,10,0.21,0.27,0.12,0.1,845,2.12692307692,0,1
2523,0,2017/12/26,03:33:32,25.25,25.31,24.81,25.69,0,0,0,0,0.07,0.05,0.06,0.1,355,0.0,0,0
2524,0,2017/12/25,09:49:29,25.0,25.06,24.63,25.5,9,9,43,29,0.08,0.05,0.06,0.09,355,0.0,0,0
2525,0,2017/12/24,01:41:31,25.38,25.38,24.88,25.75,0,0,0,0,0.06,0.05,0.06,0.07,365,0.0,0,0
2526,2,2017/12/23,13:11:58,25.88,25.81,25.31,26.19,159,247,77,59,0.42,0.16,0.07,0.08,435,1.93461538462,0,0
2527,0,2017/12/25,15:04:30,25.44,25.44,25.38,26.13,14,18,70,50,0.08,0.05,0.06,0.1,355,0.0,0,0
2528,2,2017/12/23,19:18:04,26.19,26.19,25.94,26.31,114,19,179,7,0.09,0.06,0.09,0.06,1020,-0.95,0,0
2529,0,2017/12/25,23:26:25,25.38,25.38,25.0,25.81,0,0,0,0,0.07,0.05,0.06,0.1,355,0.0,0,0
2530,0,2017/12/23,22:04:31,25.63,25.63,25.25,25.81,0,0,0,0,0.07,0.05,0.06,0.07,495,-1.51538461538,0,0
2531,0,2017/12/23,21:40:31,25.69,25.63,25.31,25.81,0,0,0,0,0.06,0.05,0.06,0.06,570,-2.26153846154,0,0
2532,0,2018/01/11,04:06:04,25.19,25.19,24.69,25.25,0,0,0,0,0.08,0.04,0.05,0.08,345,0.0,0,0
2533,0,2017/12/26,02:24:36,25.31,25.31,24.88,25.75,0,0,0,0,0.07,0.05,0.06,0.1,355,0.0,0,0
2534,0,2017/12/22,20:27:09,25.88,26.0,25.56,26.06,0,0,0,0,0.07,0.04,0.07,0.06,890,-3.56923076923,0,0
2535,0,2017/12/25,21:33:04,25.38,25.44,25.06,25.88,0,0,0,0,0.07,0.05,0.06,0.09,355,0.0961538461538,0,0
2536,0,2018/01/10,22:29:35,25.31,25.38,24.94,25.5,0,0,0,0,0.07,0.04,0.06,0.09,350,-0.0884615384615,0,0
2537,0,2017/12/26,08:02:37,25.06,25.0,24.56,25.06,5,5,23,16,0.08,0.05,0.06,0.1,350,0.0,0,0
2538,3,2018/01/10,15:57:58,25.69,26.38,25.56,25.75,9,10,33,29,0.27,0.37,0.58,0.29,425,2.5,1,1
2539,1,2017/12/22,10:55:18,25.06,24.81,24.56,25.5,123,35,57,44,0.42,0.13,0.14,0.09,390,-0.365384615385,1,0
2540,0,2017/12/23,23:23:09,25.44,25.44,25.0,25.56,0,0,0,0,0.07,0.05,0.06,0.07,375,-0.0884615384615,0,0
2541,3,2018/01/10,15:29:53,25.5,25.88,25.38,25.63,10,13,55,35,0.37,0.51,0.98,0.16,370,1.10769230769,0,0
2542,3,2017/12/22,19:25:53,26.31,27.94,26.13,26.44,141,226,172,10,0.58,0.17,0.46,0.12,1240,0.811538461538,0,0
2543,0,2017/12/23,01:58:31,25.31,25.31,24.81,25.69,0,0,0,0,0.06,0.05,0.06,0.07,365,-0.203846153846,0,0
2544,2,2017/12/22,16:35:51,26.13,25.75,25.63,26.25,117,27,200,24,0.79,0.86,3.22,0.56,635,0.25,0,0
2545,0,2017/12/23,01:32:29,25.31,25.31,24.88,25.75,0,0,0,0,0.07,0.04,0.05,0.06,370,0.0,0,0
2546,0,2017/12/24,04:22:51,25.25,25.25,24.69,25.56,0,0,0,0,0.06,0.05,0.06,0.06,360,0.0,0,0
2547,0,2017/12/23,05:07:57,25.19,25.13,24.63,25.44,0,0,0,0,0.08,0.05,0.06,0.05,360,0.0,0,0
2548,0,2017/12/26,01:19:15,25.38,25.38,24.94,25.88,0,0,0,0,0.07,0.05,0.06,0.1,355,0.0,0,0
2549,0,2018/01/10,22:38:16,25.31,25.38,24.94,25.44,0,0,0,0,0.07,0.04,0.06,0.08,350,-0.242307692308,0,0
2550,0,2017/12/24,02:51:28,25.31,25.38,24.75,25.63,0,0,0,0,0.06,0.05,0.07,0.06,365,-0.0538461538462,0,0
2551,0,2017/12/23,22:11:40,25.56,25.56,25.19,25.81,0,0,0,0,0.06,0.05,0.07,0.06,455,-2.21923076923,0,0
2552,0,2018/01/11,04:43:20,25.19,25.13,24.63,25.25,0,0,0,0,0.08,0.05,0.06,0.08,345,0.0,0,0
2553,0,2017/12/25,21:35:06,25.38,25.44,25.06,25.88,0,0,0,0,0.08,0.05,0.06,0.09,355,0.234615384615,0,0
2554,0,2017/12/24,01:22:07,25.38,25.44,24.88,25.75,0,0,0,0,0.06,0.05,0.07,0.06,365,0.0,0,0
2555,0,2017/12/25,22:46:35,25.38,25.44,25.06,25.94,0,0,0,0,0.08,0.05,0.06,0.1,355,0.0,0,0
2556,0,2017/12/24,02:18:47,25.38,25.38,24.81,25.69,0,0,0,0,0.06,0.05,0.06,0.06,365,0.0,0,0
2557,0,2017/12/23,01:05:25,25.31,25.38,24.88,25.75,0,0,0,0,0.07,0.05,0.06,0.06,370,-0.234615384615,0,0
2558,1,2017/12/22,11:18:17,25.25,24.94,24.81,25.63,123,35,59,45,0.68,0.12,0.11,0.1,430,0.842307692308,0,0
2559,0,2017/12/23,02:31:12,25.31,25.25,24.81,25.69,0,0,0,0,0.07,0.05,0.06,0.06,365,0.0,0,0
2560,0,2017/12/23,03:37:04,25.19,25.25,24.69,25.56,0,0,0,0,0.07,0.05,0.07,0.05,365,-0.0307692307692,0,0
2561,0,2017/12/24,04:37:40,25.25,25.25,24.69,25.56,0,0,0,0,0.07,0.05,0.06,0.06,360,0.0,0,0
2562,2,2017/12/23,17:01:14,26.13,25.81,25.63,26.31,118,24,191,14,0.53,0.55,1.61,0.49,635,2.25384615385,1,1
2563,3,2017/12/23,17:59:57,26.25,26.19,25.88,26.31,149,235,185,10,0.4,0.5,0.82,0.34,850,2.15769230769,0,1
2564,0,2018/01/10,23:04:49,25.31,25.31,24.94,25.44,0,0,0,0,0.07,0.05,0.06,0.09,345,-0.126923076923,0,0
2565,0,2017/12/23,09:52:51,25.06,25.06,24.69,25.38,8,9,41,28,0.11,0.07,0.08,0.06,360,-0.00384615384615,0,0
2566,0,2018/01/10,23:22:41,25.31,25.31,24.88,25.38,0,0,0,0,0.07,0.05,0.06,0.09,345,0.0,0,0
2567,0,2017/12/22,21:36:05,25.69,25.69,25.31,25.88,0,0,0,0,0.07,0.05,0.06,0.07,590,-1.97307692308,0,0
2568,0,2017/12/25,20:57:19,25.44,25.44,25.13,25.94,0,0,0,0,0.08,0.05,0.05,0.1,350,-0.103846153846,0,0
2569,0,2017/12/24,09:06:44,25.13,25.13,24.63,25.38,7,7,37,24,0.07,0.05,0.06,0.07,360,0.0192307692308,0,0
2570,0,2017/12/25,19:27:27,25.44,25.44,25.13,26.0,0,0,0,0,0.07,0.05,0.05,0.1,355,-0.0423076923077,0,0
2571,0,2017/12/23,20:57:07,25.81,25.75,25.5,26.0,0,0,0,0,0.06,0.05,0.06,0.07,755,-2.30384615385,0,0
2572,2,2017/12/22,17:29:59,26.19,25.75,25.81,26.31,114,24,175,9,0.11,0.06,0.19,0.06,805,2.12307692308,1,1
2573,0,2017/12/23,07:05:53,25.06,25.06,24.44,25.38,0,0,5,3,0.08,0.05,0.06,0.06,355,-0.0384615384615,0,0
2574,3,2017/12/22,18:34:49,26.31,26.63,25.94,26.38,150,236,180,10,1.06,0.61,2.69,0.3,1100,2.33846153846,0,0
2575,0,2018/01/11,02:31:36,25.19,25.19,24.69,25.25,0,0,0,0,0.07,0.05,0.06,0.09,345,0.0,0,0
2576,0,2017/12/23,14:12:44,26.06,27.19,25.5,26.38,15,15,72,53,0.08,0.06,0.07,0.06,665,2.76923076923,0,0
2577,3,2017/12/23,18:36:42,26.25,26.38,25.94,26.38,150,234,186,10,0.1,0.27,0.11,0.08,1035,2.02307692308,0,1
2578,0,2017/12/25,12:20:06,25.19,25.25,25.06,25.88,16,19,71,51,0.08,0.05,0.07,0.11,355,0.0,0,0
2579,0,2017/12/22,22:56:14,25.5,25.5,25.06,25.81,0,0,0,0,0.06,0.04,0.06,0.06,390,-1.02307692308,0,0
2580,0,2017/12/23,09:05:52,25.0,25.06,24.56,25.19,6,6,33,21,0.07,0.05,0.06,0.05,360,0.0,0,0
2581,0,2018/01/11,08:17:47,25.13,25.06,24.63,25.13,5,6,29,20,0.08,0.05,0.05,0.08,345,0.0,0,0
2582,0,2017/12/25,18:52:44,25.44,25.44,25.19,26.0,0,0,0,0,0.08,0.05,0.06,0.1,350,-0.165384615385,0,0
2583,0,2018/01/11,05:49:43,25.13,25.13,24.56,25.19,0,0,0,0,0.07,0.04,0.05,0.08,345,0.0,0,0
2584,1,2017/12/23,11:57:56,25.38,25.25,25.0,25.88,123,36,67,48,0.75,0.17,0.18,0.13,360,0.0807692307692,1,0
2585,0,2017/12/23,05:41:38,25.13,25.13,24.56,25.31,0,0,0,0,0.07,0.05,0.06,0.05,360,0.0,0,0
2586,0,2017/12/24,01:54:17,25.38,25.38,24.88,25.69,0,0,0,0,0.07,0.05,0.06,0.06,365,0.0,0,0
2587,3,2017/12/22,18:32:47,26.25,26.56,25.94,26.38,150,235,180,10,0.74,1.01,2.95,0.75,1110,2.3,1,1
2588,0,2017/12/24,09:01:07,25.13,25.13,24.63,25.44,6,7,35,23,0.07,0.05,0.06,0.07,360,0.00384615384615,0,0
2589,0,2017/12/23,03:07:57,25.25,25.25,24.75,25.63,0,0,0,0,0.06,0.05,0.06,0.06,365,0.0,0,0
2590,0,2017/12/25,18:52:14,25.44,25.44,25.19,26.06,0,0,0,0,0.07,0.05,0.06,0.1,355,-0.15,0,0
2591,0,2018/01/10,23:37:30,25.25,25.31,24.88,25.38,0,0,0,0,0.07,0.04,0.05,0.08,345,0.0,0,0
2592,0,2017/12/24,03:31:48,25.31,25.31,24.81,25.63,0,0,0,0,0.07,0.05,0.06,0.06,360,0.0,0,0
2593,0,2017/12/25,17:59:38,25.44,25.44,25.25,26.0,0,0,0,0,0.08,0.05,0.06,0.1,350,0.0,0,0
2594,1,2017/12/22,16:25:08,26.13,25.75,25.56,26.31,115,25,39,22,0.32,0.05,0.28,0.07,615,0.326923076923,1,0
2595,0,2017/12/26,01:46:49,25.38,25.38,24.94,25.81,0,0,0,0,0.07,0.05,0.06,0.09,355,0.0,0,0
2596,0,2017/12/22,14:31:17,26.06,26.44,25.94,26.38,18,22,95,59,0.08,0.05,0.06,0.06,920,-1.51923076923,0,0
2597,0,2017/12/22,14:24:08,26.06,26.56,26.0,26.44,19,23,100,62,0.06,0.05,0.11,0.06,975,0.384615384615,0,0
2598,0,2017/12/25,15:24:25,25.44,25.44,25.44,26.13,11,14,55,40,0.08,0.06,0.07,0.11,355,0.0,0,0
2599,2,2017/12/23,12:56:09,25.75,25.63,25.25,26.13,157,248,72,54,1.82,1.28,0.42,0.31,385,0.380769230769,0,0
2600,1,2017/12/23,12:17:51,25.56,25.31,25.13,25.94,123,37,66,48,0.6,0.21,0.15,0.13,370,0.280769230769,0,0
2601,0,2017/12/23,14:15:17,26.0,27.06,25.56,26.38,15,16,74,53,0.08,0.08,0.08,0.05,645,2.44615384615,0,0
2602,0,2017/12/25,10:46:40,25.13,25.13,24.81,25.69,11,13,53,37,0.07,0.05,0.06,0.09,355,0.0,0,0
2603,0,2017/12/24,06:03:27,25.19,25.19,24.63,25.5,0,0,0,0,0.07,0.05,0.06,0.05,360,0.0307692307692,0,0
2604,0,2017/12/25,10:42:35,25.13,25.13,24.75,25.81,10,12,50,35,0.08,0.05,0.06,0.1,355,0.0,0,0
2605,0,2017/12/25,15:27:29,25.44,25.44,25.38,26.13,11,14,56,41,0.08,0.06,0.07,0.1,355,0.0,0,0
2606,0,2017/12/26,06:48:35,25.13,25.19,24.63,25.44,0,0,0,0,0.08,0.05,0.06,0.1,355,-0.0461538461538,0,0
2607,0,2017/12/24,08:21:49,25.13,25.13,24.56,25.44,5,6,30,20,0.06,0.04,0.06,0.06,360,0.0,0,0
2608,0,2018/01/10,22:40:18,25.31,25.31,24.94,25.44,0,0,0,0,0.07,0.05,0.06,0.09,350,-0.157692307692,0,0
2609,0,2017/12/24,02:40:44,25.31,25.38,24.81,25.69,0,0,0,0,0.07,0.05,0.06,0.06,360,-0.0346153846154,0,0
2610,0,2017/12/23,20:46:24,25.88,25.81,25.5,26.06,0,0,0,0,0.07,0.05,0.06,0.06,795,-1.77692307692,0,0
2611,0,2017/12/23,05:21:44,25.13,25.13,24.56,25.44,0,0,0,0,0.08,0.06,0.07,0.06,360,0.0,0,0
2612,0,2017/12/26,03:25:22,25.31,25.31,24.81,25.69,0,0,0,0,0.08,0.05,0.05,0.1,355,0.0,0,0
2613,0,2017/12/24,07:54:14,25.13,25.13,24.5,25.5,4,4,20,14,0.07,0.05,0.06,0.06,360,-0.00384615384615,0,0
2614,0,2018/01/10,23:56:54,25.25,25.31,24.88,25.38,0,0,0,0,0.08,0.04,0.06,0.09,345,0.0,0,0
2615,0,2018/01/11,01:05:19,25.19,25.19,24.81,25.31,0,0,0,0,0.07,0.04,0.06,0.08,345,0.0,0,0
2616,0,2017/12/25,15:03:29,25.38,25.44,25.38,26.19,14,18,70,51,0.08,0.06,0.06,0.1,355,0.0,0,0
2617,0,2017/12/23,09:28:20,25.06,25.06,24.63,25.38,7,7,36,24,0.14,0.1,0.17,0.06,360,0.0461538461538,0,0
2618,2,2017/12/23,13:20:39,25.88,25.88,25.31,26.25,160,246,75,55,0.1,0.3,0.17,0.07,490,3.04230769231,0,0
2619,0,2017/12/25,19:29:30,25.5,25.44,25.13,26.0,0,0,0,0,0.08,0.05,0.06,0.1,350,-0.0653846153846,0,0
2620,0,2017/12/26,04:25:06,25.31,25.31,24.75,25.63,0,0,0,0,0.08,0.04,0.07,0.11,355,0.0,0,0
2621,0,2017/12/23,00:39:23,25.38,25.38,24.94,25.63,0,0,0,0,0.07,0.05,0.06,0.06,375,0.0,0,0
2622,0,2017/12/23,00:28:09,25.38,25.38,24.94,25.75,0,0,0,0,0.07,0.05,0.06,0.06,375,-0.0115384615385,0,0
2623,0,2018/01/11,00:08:08,25.25,25.25,24.88,25.38,0,0,0,0,0.07,0.05,0.06,0.09,345,0.0,0,0
2624,0,2017/12/22,14:18:00,26.19,26.88,26.06,26.44,20,24,101,62,0.07,0.05,0.06,0.06,970,-0.3,0,0
2625,0,2017/12/25,12:28:47,25.25,25.25,25.06,25.88,17,20,75,54,0.08,0.05,0.06,0.09,355,0.0,0,0
2626,0,2018/01/10,23:34:56,25.31,25.31,24.88,25.38,0,0,0,0,0.07,0.04,0.05,0.09,345,0.0,0,0
2627,0,2018/01/11,01:34:25,25.13,25.25,24.75,25.31,0,0,0,0,0.07,0.05,0.06,0.09,345,0.0,0,0
2628,1,2017/12/23,16:24:59,26.06,26.81,25.56,26.38,117,21,25,19,0.17,0.06,0.06,0.06,520,1.37692307692,0,0
2629,0,2017/12/24,08:27:26,25.13,25.13,24.56,25.44,6,6,32,21,0.07,0.06,0.06,0.06,360,0.0,0,0
2630,0,2017/12/23,01:33:30,25.31,25.31,24.88,25.81,0,0,0,0,0.06,0.05,0.07,0.08,370,0.0,0,0
2631,0,2017/12/23,05:42:09,25.13,25.19,24.56,25.31,0,0,0,0,0.08,0.05,0.06,0.06,360,0.0,0,0
2632,1,2017/12/22,16:09:18,26.06,25.75,25.56,26.31,118,28,50,28,0.21,0.09,0.06,0.06,600,0.238461538462,0,0
2633,2,2017/12/23,19:02:14,26.25,26.25,25.94,26.31,114,19,180,7,0.86,0.1,0.19,0.06,1040,0.476923076923,1,0
2634,0,2017/12/24,03:50:11,25.25,25.31,24.75,25.63,0,0,0,0,0.06,0.05,0.06,0.06,360,0.0,0,0
2635,0,2017/12/26,06:52:40,25.13,25.19,24.56,25.38,0,0,1,1,0.08,0.06,0.06,0.09,350,-0.103846153846,0,0
2636,0,2017/12/24,08:59:05,25.13,25.13,24.63,25.44,6,7,35,23,0.07,0.05,0.07,0.06,360,-0.0423076923077,0,0
2637,0,2017/12/23,02:43:58,25.25,25.25,24.81,25.69,0,0,0,0,0.07,0.05,0.06,0.06,365,0.0,0,0
2638,0,2018/01/11,07:22:07,25.06,25.06,24.56,25.19,1,1,7,5,0.08,0.04,0.07,0.08,345,0.0,0,0
2639,0,2017/12/23,01:08:59,25.31,25.38,24.88,25.75,0,0,0,0,0.07,0.05,0.06,0.06,370,-0.0730769230769,0,0
2640,0,2017/12/26,08:11:18,25.06,25.06,24.56,25.13,5,5,26,18,0.08,0.05,0.06,0.09,350,0.0,0,0
2641,0,2017/12/22,20:41:57,25.81,25.94,25.5,26.06,0,0,0,0,0.07,0.05,0.06,0.06,815,-2.96153846154,0,0
2642,0,2017/12/25,18:34:52,25.5,25.44,25.19,26.06,0,0,0,0,0.08,0.05,0.06,0.1,350,0.0730769230769,0,0
2643,0,2017/12/25,11:41:18,25.19,25.19,24.94,25.81,13,14,57,40,0.08,0.05,0.05,0.1,355,0.0,0,0
2644,0,2017/12/25,22:05:44,25.44,25.44,25.06,25.81,0,0,0,0,0.08,0.06,0.07,0.09,355,-0.0538461538462,0,0
2645,0,2017/12/23,22:21:52,25.56,25.56,25.13,25.63,0,0,0,0,0.07,0.05,0.07,0.06,430,-1.41538461538,0,0
2646,0,2017/12/26,08:06:42,25.06,25.06,24.56,25.06,5,5,24,17,0.07,0.05,0.06,0.1,350,0.0,0,0
2647,0,2017/12/25,14:49:42,25.38,25.44,25.38,26.13,15,20,73,53,0.08,0.05,0.06,0.1,355,0.0,0,0
2648,0,2017/12/26,02:17:58,25.31,25.38,24.88,25.75,0,0,0,0,0.07,0.05,0.07,0.09,355,0.0,0,0
2649,1,2017/12/22,11:02:58,25.13,24.88,24.69,25.5,123,35,59,44,0.21,0.19,0.17,0.07,405,0.480769230769,1,0
2650,0,2017/12/22,21:22:17,25.69,25.75,25.31,25.94,0,0,0,0,0.07,0.05,0.06,0.06,640,-2.13076923077,0,0
2651,0,2017/12/25,18:50:11,25.44,25.44,25.19,26.0,0,0,0,0,0.08,0.05,0.07,0.11,350,-0.169230769231,0,0
2652,0,2017/12/23,03:50:20,25.19,25.19,24.69,25.5,0,0,0,0,0.08,0.05,0.06,0.06,365,-0.0692307692308,0,0
2653,3,2017/12/22,18:54:13,26.31,27.63,26.06,26.44,149,238,180,10,0.63,0.14,0.18,0.09,1190,2.33846153846,1,0
2654,0,2017/12/22,22:41:26,25.5,25.56,25.13,25.81,0,0,0,0,0.07,0.05,0.06,0.07,410,-1.21538461538,0,0
2655,0,2017/12/24,06:45:49,25.13,25.13,24.56,25.44,0,0,0,0,0.07,0.04,0.06,0.06,360,0.0346153846154,0,0
2656,0,2017/12/22,20:03:40,26.06,26.31,25.75,26.19,0,0,0,0,0.07,0.05,0.07,0.06,1030,-4.94230769231,0,0
2657,0,2017/12/23,05:39:05,25.13,25.13,24.56,25.31,0,0,0,0,0.08,0.05,0.06,0.06,360,0.0,0,0
2658,0,2017/12/22,20:28:10,25.88,26.0,25.56,26.06,0,0,0,0,0.07,0.05,0.07,0.06,890,-3.59230769231,0,0
2659,0,2017/12/23,01:48:49,25.31,25.31,24.88,25.69,0,0,0,0,0.06,0.05,0.06,0.06,370,0.0,0,0
2660,0,2018/01/11,05:45:07,25.13,25.13,24.63,25.25,0,0,0,0,0.07,0.04,0.06,0.08,345,0.0,0,0
2661,0,2017/12/23,09:46:43,25.06,25.06,24.63,25.38,8,8,40,26,0.08,0.06,0.06,0.06,360,-0.0307692307692,0,0
2662,0,2017/12/25,09:31:36,25.06,25.06,24.56,25.38,7,8,38,25,0.07,0.04,0.06,0.11,355,0.0,0,0
2663,3,2017/12/22,17:50:24,26.25,25.94,25.94,26.44,148,236,180,11,0.16,0.05,0.06,0.07,870,1.93846153846,1,1
2664,0,2017/12/24,07:26:40,25.06,25.13,24.5,25.38,1,1,10,6,0.07,0.05,0.06,0.07,360,0.0884615384615,0,0
2665,0,2017/12/23,11:36:30,25.19,25.19,24.94,25.81,14,15,62,44,0.07,0.05,0.07,0.07,360,-0.0461538461538,0,0
2666,0,2017/12/23,01:39:07,25.31,25.31,24.88,25.69,0,0,0,0,0.07,0.05,0.06,0.06,370,0.0,0,0
2667,0,2018/01/10,23:15:32,25.25,25.31,24.94,25.44,0,0,0,0,0.07,0.05,0.05,0.09,345,0.0,0,0
2668,0,2017/12/23,02:13:19,25.31,25.31,24.81,25.69,0,0,0,0,0.07,0.05,0.07,0.06,365,-0.0384615384615,0,0
2669,2,2017/12/23,19:37:59,26.19,26.13,25.94,26.25,114,19,180,7,0.42,0.18,0.25,0.1,1025,0.726923076923,1,0
2670,0,2018/01/11,02:08:07,25.19,25.19,24.75,25.25,0,0,0,0,0.07,0.05,0.05,0.09,345,0.0,0,0
2671,0,2017/12/26,01:25:23,25.38,25.38,24.94,25.75,0,0,0,0,0.07,0.05,0.06,0.09,355,0.0,0,0
2672,0,2017/12/26,07:38:06,25.06,25.06,24.56,25.13,2,2,14,9,0.07,0.05,0.06,0.1,350,0.0,0,0
2673,0,2017/12/22,21:59:03,25.63,25.63,25.19,25.88,0,0,0,0,0.07,0.04,0.06,0.06,505,-2.06153846154,0,0
2674,1,2017/12/23,12:45:56,25.69,25.38,25.19,26.0,124,39,74,54,0.65,0.17,0.28,0.14,380,0.219230769231,1,0
2675,0,2018/01/10,21:53:20,25.38,25.38,25.0,25.5,0,0,0,0,0.07,0.05,0.06,0.08,360,-0.219230769231,0,0
2676,2,2017/12/22,16:37:23,26.13,25.75,25.63,26.25,118,27,198,24,0.08,0.07,0.81,0.08,630,0.35,0,0
2677,0,2017/12/23,01:53:25,25.31,25.31,24.88,25.69,0,0,0,0,0.07,0.04,0.07,0.06,370,0.0,0,0
2678,0,2017/12/25,20:10:21,25.44,25.5,25.13,26.0,0,0,0,0,0.08,0.04,0.06,0.1,350,0.0576923076923,0,0
2679,0,2017/12/24,00:01:26,25.44,25.44,25.0,25.56,0,0,0,0,0.07,0.05,0.06,0.05,370,-0.211538461538,0,0
2680,1,2017/12/23,16:02:31,26.0,26.75,25.5,26.31,119,23,36,26,0.29,0.15,0.09,0.07,470,1.56538461538,1,0
2681,0,2017/12/23,20:58:08,25.88,25.75,25.44,26.06,0,0,0,0,0.07,0.05,0.06,0.06,750,-2.16153846154,0,0
2682,0,2018/01/11,07:23:39,25.06,25.06,24.56,25.13,1,1,8,5,0.08,0.05,0.05,0.09,345,0.0,0,0
2683,3,2018/01/10,16:43:55,25.81,26.06,25.75,25.88,4,5,29,14,0.45,0.09,0.06,0.09,695,3.10384615385,1,1
2684,0,2017/12/26,03:52:56,25.25,25.31,24.81,25.63,0,0,0,0,0.08,0.04,0.07,0.1,355,0.0,0,0
2685,0,2018/01/11,02:05:03,25.19,25.19,24.69,25.25,0,0,0,0,0.06,0.04,0.05,0.08,345,0.0,0,0
2686,0,2017/12/23,23:05:47,25.5,25.5,25.06,25.69,0,0,0,0,0.07,0.04,0.06,0.06,380,-0.273076923077,0,0
2687,3,2017/12/22,18:45:33,26.31,26.63,26.06,26.38,150,236,180,10,0.08,0.06,0.08,0.06,1165,2.83461538462,0,0
2688,0,2017/12/25,18:03:43,25.44,25.44,25.19,26.0,0,0,0,0,0.08,0.05,0.06,0.1,350,0.0423076923077,0,0
2689,2,2017/12/22,17:23:20,26.19,25.81,25.81,26.31,114,24,176,10,0.23,0.08,0.12,0.08,775,1.41538461538,0,1
2690,0,2017/12/23,03:39:06,25.25,25.19,24.69,25.5,0,0,0,0,0.08,0.05,0.06,0.06,360,-0.0269230769231,0,0
2691,0,2017/12/23,07:15:05,25.06,25.06,24.5,25.31,1,1,7,5,0.08,0.05,0.06,0.05,355,0.0,0,0
2692,0,2017/12/24,04:58:05,25.19,25.25,24.69,25.56,0,0,0,0,0.07,0.04,0.06,0.06,360,0.0,0,0
2693,0,2017/12/22,19:56:31,26.13,26.44,25.81,26.25,0,0,0,0,0.08,0.05,0.06,0.06,1105,-4.39615384615,0,0
2694,0,2017/12/23,20:01:58,26.13,26.0,25.81,26.25,0,0,0,0,0.06,0.05,0.06,0.06,1000,-0.880769230769,0,0
2695,0,2018/01/11,07:51:14,25.06,25.06,24.56,25.06,3,3,17,13,0.08,0.05,0.06,0.09,345,0.0,0,0
2696,0,2018/01/10,23:46:10,25.25,25.31,24.88,25.38,0,0,0,0,0.08,0.05,0.06,0.09,345,0.0,0,0
2697,0,2017/12/26,07:53:25,25.06,25.06,24.56,25.06,4,4,20,14,0.08,0.05,0.06,0.09,350,0.0,0,0
2698,0,2017/12/23,20:05:33,26.13,25.94,25.75,26.13,0,0,0,0,0.07,0.05,0.06,0.06,980,-2.07307692308,0,0
2699,0,2018/01/11,02:11:11,25.19,25.19,24.75,25.31,0,0,0,0,0.07,0.04,0.06,0.08,345,0.0,0,0
2700,0,2017/12/22,14:21:04,26.19,26.69,26.06,26.44,18,22,97,59,0.07,0.05,0.07,0.06,970,0.173076923077,0,0
2701,0,2017/12/23,14:57:09,25.81,26.88,25.5,26.25,12,12,61,45,0.07,0.06,0.06,0.05,525,-0.0192307692308,0,0
2702,0,2018/01/11,04:46:24,25.19,25.13,24.63,25.25,0,0,0,0,0.08,0.04,0.06,0.08,345,0.0,0,0
2703,0,2017/12/23,08:15:50,25.06,25.06,24.5,25.38,5,5,28,19,0.08,0.05,0.06,0.06,360,0.0269230769231,0,0
2704,2,2017/12/23,19:41:02,26.19,26.13,25.94,26.25,115,19,181,7,0.66,0.14,0.25,0.09,1025,0.35,0,0
2705,0,2018/01/10,23:15:02,25.31,25.31,24.88,25.38,0,0,0,0,0.07,0.05,0.05,0.09,345,0.0,0,0
2706,0,2017/12/23,09:14:33,25.0,25.06,24.56,25.25,6,7,35,23,0.08,0.05,0.07,0.06,360,0.0,0,0
2707,0,2017/12/23,04:51:36,25.19,25.19,24.63,25.5,0,0,0,0,0.08,0.05,0.05,0.06,360,0.0,0,0
2708,0,2017/12/25,15:20:20,25.44,25.5,25.44,26.13,12,14,60,44,0.08,0.05,0.06,0.1,355,0.0,0,0
2709,0,2017/12/23,14:19:53,26.0,27.06,25.56,26.31,15,16,75,54,0.08,0.06,0.06,0.06,630,-0.819230769231,0,0
2710,0,2017/12/24,06:20:48,25.13,25.19,24.56,25.5,0,0,0,0,0.06,0.05,0.06,0.05,355,-0.219230769231,0,0
2711,0,2018/01/11,08:51:29,25.13,25.06,24.69,25.19,6,7,33,22,0.08,0.05,0.06,0.09,345,0.0,0,0
2712,0,2017/12/22,15:20:18,25.88,25.88,25.69,26.31,13,16,80,49,0.07,0.05,0.06,0.06,615,-3.16923076923,0,0
2713,0,2017/12/25,23:42:45,25.38,25.38,24.94,25.88,0,0,0,0,0.08,0.05,0.06,0.1,355,0.0,0,0
2714,0,2017/12/23,07:39:35,25.06,25.0,24.44,25.31,2,2,14,9,0.08,0.05,0.06,0.06,355,0.0384615384615,0,0
2715,0,2018/01/10,22:11:12,25.31,25.31,25.0,25.44,0,0,0,0,0.08,0.04,0.05,0.08,355,-0.269230769231,0,0
2716,0,2017/12/24,06:32:02,25.13,25.13,24.56,25.44,0,0,0,0,0.07,0.05,0.06,0.06,360,0.0538461538462,0,0
2717,0,2018/01/10,21:03:18,25.44,25.38,25.06,25.56,0,0,0,0,0.07,0.05,0.05,0.08,375,-0.273076923077,0,0
2718,0,2018/01/10,22:40:49,25.31,25.31,24.94,25.44,0,0,0,0,0.07,0.05,0.05,0.08,350,-0.126923076923,0,0
2719,0,2017/12/23,15:06:21,25.81,26.88,25.56,26.25,11,12,60,44,0.08,0.07,0.06,0.07,485,-1.83076923077,0,0
2720,0,2017/12/25,10:24:42,25.13,25.13,24.69,25.69,10,11,48,34,0.07,0.05,0.05,0.1,355,0.0,0,0
2721,0,2018/01/10,21:43:07,25.38,25.38,25.0,25.5,0,0,0,0,0.07,0.05,0.05,0.09,360,-0.0884615384615,0,0
2722,1,2017/12/22,10:49:41,24.94,24.75,24.56,25.38,121,34,53,40,0.08,0.19,0.06,0.06,390,0.769230769231,0,0
2723,0,2017/12/22,14:50:10,25.94,26.13,25.81,26.38,16,20,94,58,0.07,0.04,0.07,0.07,760,-3.31538461538,0,0
2724,0,2017/12/25,15:42:48,25.44,25.44,25.38,26.13,9,10,45,33,0.08,0.05,0.07,0.1,355,0.0,0,0
2725,0,2017/12/26,05:18:43,25.25,25.19,24.69,25.56,0,0,0,0,0.08,0.05,0.06,0.1,355,0.0,0,0
2726,0,2017/12/23,09:18:08,25.0,25.06,24.56,25.25,7,7,35,24,0.07,0.05,0.08,0.07,360,-0.0384615384615,0,0
2727,0,2017/12/25,15:37:42,25.44,25.44,25.38,26.13,10,12,49,36,0.08,0.05,0.06,0.1,355,0.0,0,0
2728,0,2017/12/22,20:01:06,26.06,26.31,25.75,26.19,0,0,0,0,0.08,0.05,0.07,0.06,1045,-4.9,0,0
2729,0,2017/12/23,10:05:06,25.06,25.06,24.69,25.56,9,10,45,29,0.08,0.05,0.06,0.06,360,0.0692307692308,0,0
2730,3,2018/01/10,16:02:03,25.75,26.31,25.56,25.75,8,9,32,29,0.14,0.12,0.13,0.11,465,2.65,0,1
2731,0,2017/12/24,00:31:34,25.44,25.38,24.94,25.69,0,0,0,0,0.06,0.05,0.06,0.06,370,0.0,0,0
2732,0,2017/12/26,08:31:12,25.06,25.06,24.63,25.19,6,6,31,21,0.08,0.05,0.06,0.1,350,0.0,0,0
2733,0,2017/12/25,12:38:29,25.25,25.25,25.13,25.88,16,20,73,52,0.08,0.07,0.06,0.09,355,0.0,0,0
2734,0,2017/12/25,14:26:43,25.38,25.38,25.38,26.19,20,24,87,63,0.07,0.06,0.06,0.1,355,0.0,0,0
2735,0,2017/12/23,00:06:11,25.44,25.44,25.0,25.81,0,0,0,0,0.07,0.05,0.06,0.06,380,0.0,0,0
2736,0,2018/01/11,07:33:21,25.06,25.06,24.56,25.13,1,1,10,6,0.08,0.05,0.05,0.08,345,0.0,0,0
2737,0,2018/01/11,05:04:16,25.19,25.13,24.63,25.25,0,0,0,0,0.08,0.05,0.05,0.08,345,0.0,0,0
2738,0,2017/12/23,00:39:53,25.38,25.38,24.94,25.63,0,0,0,0,0.07,0.05,0.06,0.06,375,0.0,0,0
2739,0,2017/12/25,10:00:12,25.06,25.06,24.69,25.56,9,10,45,30,0.08,0.05,0.06,0.1,355,0.0,0,0
2740,0,2018/01/11,07:16:30,25.06,25.06,24.56,25.19,0,0,5,4,0.09,0.04,0.05,0.08,345,0.0,0,0
2741,0,2017/12/26,06:45:31,25.13,25.19,24.56,25.31,0,0,0,0,0.07,0.04,0.06,0.1,350,-0.0807692307692,0,0
2742,0,2017/12/24,00:20:50,25.44,25.44,24.94,25.69,0,0,0,0,0.06,0.05,0.06,0.06,370,0.0,0,0
2743,2,2017/12/22,16:52:12,26.19,25.75,25.69,26.31,116,25,185,18,1.91,0.16,0.15,0.12,685,2.58846153846,0,1
2744,0,2017/12/26,03:38:38,25.31,25.31,24.81,25.69,0,0,0,0,0.07,0.05,0.07,0.1,355,0.0,0,0
2745,0,2018/01/10,23:55:22,25.25,25.31,24.88,25.38,0,0,0,0,0.07,0.05,0.05,0.08,345,0.0,0,0
2746,0,2018/01/10,18:01:32,25.94,26.19,25.69,25.94,0,0,0,0,0.08,0.05,0.05,0.09,840,0.746153846154,0,0
2747,3,2017/12/22,17:40:11,26.25,25.88,25.94,26.38,149,239,180,12,0.08,0.25,0.11,0.06,830,1.83076923077,1,0
2748,0,2017/12/24,08:13:38,25.06,25.13,24.56,25.44,5,5,29,19,0.07,0.04,0.06,0.06,360,0.0,0,0
2749,0,2017/12/22,22:54:12,25.5,25.5,25.06,25.81,0,0,0,0,0.06,0.04,0.06,0.06,390,-0.926923076923,0,0
2750,0,2018/01/10,22:55:38,25.31,25.31,24.94,25.44,0,0,0,0,0.08,0.05,0.05,0.08,345,-0.207692307692,0,0
2751,0,2017/12/26,04:16:56,25.25,25.25,24.81,25.69,0,0,0,0,0.07,0.05,0.06,0.1,355,0.0,0,0
2752,1,2017/12/23,15:30:21,25.81,26.81,25.5,26.31,119,26,49,35,0.51,0.12,0.09,0.11,415,-1.92692307692,0,0
2753,0,2017/12/26,05:54:27,25.19,25.25,24.69,25.5,0,0,0,0,0.08,0.06,0.05,0.1,355,0.0,0,0
2754,0,2017/12/24,06:18:46,25.13,25.19,24.56,25.5,0,0,0,0,0.07,0.05,0.06,0.06,355,-0.0384615384615,0,0
2755,0,2017/12/25,13:12:11,25.31,25.31,25.19,25.94,17,20,75,54,0.07,0.05,0.06,0.1,355,0.0,0,0
2756,0,2017/12/24,00:03:29,25.44,25.44,24.94,25.56,0,0,0,0,0.07,0.05,0.07,0.06,370,-0.0807692307692,0,0
2757,0,2017/12/24,00:35:39,25.44,25.44,24.94,25.75,0,0,0,0,0.07,0.05,0.06,0.06,370,-0.0384615384615,0,0
2758,0,2018/01/10,18:47:29,25.75,25.75,25.38,25.75,0,0,0,0,0.2,0.21,0.23,0.13,665,-3.10384615385,0,0
2759,0,2017/12/23,05:45:13,25.13,25.13,24.56,25.31,0,0,0,0,0.08,0.05,0.06,0.06,360,0.0,0,0
2760,0,2017/12/23,03:20:13,25.19,25.25,24.75,25.63,0,0,0,0,0.06,0.05,0.06,0.06,360,-0.0769230769231,0,0
2761,3,2017/12/23,17:41:34,26.19,26.0,25.81,26.31,150,237,185,11,0.59,0.36,1.07,0.37,775,3.09615384615,0,1
2762,0,2018/01/10,21:35:58,25.38,25.38,25.0,25.5,0,0,0,0,0.09,0.05,0.05,0.08,365,-0.288461538462,0,0
2763,3,2017/12/22,19:30:29,26.31,28.13,26.13,26.44,142,227,172,10,1.72,0.62,2.98,0.58,1270,2.31538461538,1,1
2764,0,2017/12/23,02:18:56,25.31,25.31,24.81,25.69,0,0,0,0,0.07,0.06,0.07,0.06,365,-0.0653846153846,0,0
2765,0,2017/12/26,07:47:48,25.06,25.06,24.56,25.06,3,3,17,12,0.07,0.05,0.06,0.1,350,0.0,0,0
2766,1,2017/12/22,16:27:41,26.06,25.69,25.56,26.38,115,25,38,21,0.26,0.1,0.06,0.07,630,0.415384615385,1,0
2767,0,2017/12/24,07:07:47,25.13,25.13,24.5,25.38,0,0,5,3,0.07,0.05,0.06,0.06,355,-0.138461538462,0,0
2768,0,2017/12/22,15:12:38,25.81,25.94,25.75,26.31,14,16,80,49,0.08,0.05,0.08,0.07,675,-1.79615384615,0,0
2769,2,2017/12/23,16:54:05,26.13,25.81,25.56,26.31,118,24,194,15,0.5,0.5,0.5,0.41,595,1.35,1,0
2770,0,2017/12/25,18:53:46,25.44,25.44,25.13,26.0,0,0,0,0,0.08,0.06,0.06,0.1,350,-0.184615384615,0,0
2771,0,2017/12/25,13:07:35,25.31,25.31,25.19,25.94,17,20,73,53,0.07,0.05,0.06,0.11,355,0.0,0,0
2772,3,2017/12/22,13:46:51,26.06,27.0,25.94,26.25,165,255,279,72,0.65,0.15,0.2,0.17,880,1.14615384615,1,1
2773,0,2017/12/26,07:45:15,25.06,25.06,24.56,25.19,3,3,16,11,0.07,0.05,0.06,0.1,350,0.0,0,0
2774,1,2017/12/23,15:46:41,25.94,26.81,25.5,26.31,120,25,45,33,0.11,0.06,0.07,0.06,425,0.653846153846,0,0
2775,0,2017/12/23,05:18:40,25.13,25.19,24.56,25.44,0,0,0,0,0.08,0.05,0.05,0.06,360,0.0,0,0
2776,0,2017/12/22,14:33:50,26.06,26.38,25.88,26.38,19,23,99,61,0.08,0.11,0.1,0.09,870,-3.68846153846,0,0
2777,0,2017/12/22,14:29:14,26.06,26.44,25.94,26.38,18,22,97,60,0.56,0.41,0.71,0.06,950,-0.707692307692,1,1
2778,3,2018/01/10,17:04:20,25.94,26.13,25.81,25.94,149,238,184,25,0.24,0.27,0.14,0.09,785,1.63076923077,1,0
2779,0,2018/01/10,19:08:56,25.63,25.63,25.31,25.75,0,0,0,0,0.08,0.04,0.06,0.08,605,-0.973076923077,0,0
2780,0,2018/01/11,03:04:47,25.19,25.19,24.69,25.25,0,0,0,0,0.08,0.04,0.05,0.09,345,0.0,0,0
2781,0,2017/12/23,00:31:12,25.38,25.38,24.94,25.63,0,0,0,0,0.07,0.06,0.07,0.06,375,-0.0346153846154,0,0
2782,0,2018/01/11,00:27:32,25.19,25.25,24.81,25.31,0,0,0,0,0.08,0.05,0.05,0.09,345,0.0,0,0
2783,0,2017/12/23,00:04:39,25.44,25.44,25.0,25.75,0,0,0,0,0.07,0.05,0.06,0.06,380,0.0,0,0
2784,0,2017/12/24,04:39:12,25.25,25.25,24.69,25.63,0,0,0,0,0.07,0.05,0.07,0.06,360,0.0,0,0
2785,0,2017/12/23,01:24:18,25.38,25.31,24.88,25.69,0,0,0,0,0.07,0.05,0.06,0.06,370,0.0,0,0
2786,0,2017/12/23,23:08:20,25.44,25.5,25.06,25.63,0,0,0,0,0.06,0.05,0.06,0.06,380,-0.234615384615,0,0
2787,0,2017/12/26,08:33:45,25.06,25.06,24.63,25.31,6,6,31,22,0.08,0.05,0.06,0.1,350,0.0,0,0
2788,3,2017/12/23,17:55:21,26.19,26.19,25.81,26.31,149,234,185,11,0.37,0.34,0.08,0.09,825,1.87692307692,0,1
2789,0,2018/01/11,05:12:57,25.13,25.13,24.63,25.25,0,0,0,0,0.08,0.04,0.05,0.08,345,0.0,0,0
2790,0,2017/12/23,05:55:26,25.13,25.13,24.5,25.31,0,0,0,0,0.08,0.04,0.06,0.06,355,-0.0769230769231,0,0
2791,0,2017/12/26,04:38:23,25.25,25.25,24.81,25.63,0,0,0,0,0.07,0.06,0.05,0.1,355,0.0,0,0
2792,3,2017/12/22,17:56:32,26.25,26.81,25.94,26.38,149,235,178,10,0.13,0.07,0.17,0.1,895,2.33461538462,1,1
2793,0,2017/12/23,02:32:13,25.25,25.31,24.81,25.69,0,0,0,0,0.06,0.05,0.05,0.05,365,0.0,0,0
2794,0,2017/12/23,11:18:07,25.19,25.19,24.94,25.88,13,14,59,41,0.08,0.05,0.06,0.06,360,0.0192307692308,0,0
2795,2,2017/12/23,13:01:46,25.81,25.63,25.25,26.19,159,249,79,59,0.7,1.54,0.52,0.36,390,0.334615384615,0,0
2796,0,2017/12/25,11:12:42,25.19,25.19,24.88,25.75,12,14,56,39,0.07,0.05,0.06,0.09,355,0.0,0,0
2797,0,2018/01/10,19:25:16,25.63,25.63,25.31,25.69,0,0,0,0,0.07,0.05,0.06,0.08,535,-2.47307692308,0,0
2798,0,2018/01/11,04:39:46,25.13,25.13,24.63,25.25,0,0,0,0,0.08,0.04,0.05,0.09,345,0.0,0,0
2799,0,2018/01/11,05:18:34,25.13,25.13,24.63,25.25,0,0,0,0,0.08,0.04,0.06,0.08,345,0.0,0,0
2800,0,2017/12/26,08:00:04,25.06,25.0,24.56,25.0,4,4,22,15,0.08,0.05,0.06,0.1,350,0.0,0,0
2801,0,2017/12/25,20:34:51,25.44,25.5,25.06,25.94,0,0,0,0,0.07,0.05,0.06,0.1,355,0.203846153846,0,0
2802,0,2017/12/25,16:08:20,25.44,25.44,25.38,26.13,6,8,35,24,0.08,0.05,0.06,0.1,355,-0.153846153846,0,0
2803,0,2017/12/25,14:36:25,25.38,25.44,25.38,26.19,19,23,83,60,0.09,0.05,0.06,0.1,355,0.0,0,0
2804,2,2017/12/23,14:07:07,26.06,27.13,25.5,26.38,160,248,77,58,0.6,0.93,0.2,0.29,625,1.03461538462,1,0
2805,0,2017/12/23,00:06:42,25.38,25.44,25.0,25.75,0,0,0,0,0.07,0.05,0.06,0.07,380,0.0,0,0
2806,0,2017/12/23,07:20:11,25.06,25.0,24.44,25.31,1,1,8,5,0.08,0.05,0.06,0.06,355,0.0,0,0
2807,0,2017/12/23,20:21:23,26.0,25.88,25.63,26.13,0,0,0,0,0.07,0.04,0.06,0.06,895,-3.21923076923,0,0
2808,0,2018/01/10,23:44:08,25.25,25.31,24.88,25.38,0,0,0,0,0.07,0.04,0.05,0.09,345,0.0,0,0
2809,0,2017/12/23,22:13:12,25.63,25.63,25.19,25.81,0,0,0,0,0.06,0.05,0.05,0.06,460,-2.27692307692,0,0
2810,0,2017/12/23,10:23:29,25.06,25.13,24.75,25.56,10,10,48,33,0.08,0.06,0.07,0.06,355,-0.134615384615,0,0
2811,0,2017/12/23,02:01:35,25.31,25.31,24.81,25.69,0,0,0,0,0.07,0.05,0.06,0.07,365,-0.226923076923,0,0
2812,1,2017/12/23,12:32:40,25.69,25.38,25.13,26.0,123,37,68,49,0.42,0.28,0.16,0.11,375,0.3,0,0
2813,3,2018/01/10,16:48:31,25.81,26.06,25.75,25.88,3,4,21,13,0.39,0.37,0.12,0.1,720,2.46538461538,1,1
2814,0,2017/12/25,10:37:28,25.13,25.13,24.75,25.75,10,11,49,34,0.08,0.04,0.07,0.09,355,0.0,0,0
2815,0,2018/01/10,22:23:58,25.31,25.38,25.0,25.5,0,0,0,0,0.07,0.04,0.06,0.08,355,0.0,0,0
2816,2,2017/12/22,11:44:19,25.5,25.56,24.94,25.81,155,235,70,54,1.78,0.63,0.18,0.08,510,2.94230769231,1,0
2817,0,2017/12/23,02:43:27,25.25,25.25,24.81,25.69,0,0,0,0,0.07,0.05,0.06,0.06,365,0.0,0,0
2818,0,2017/12/22,22:57:46,25.5,25.5,25.06,25.81,0,0,0,0,0.07,0.05,0.07,0.07,390,-0.976923076923,0,0
2819,0,2017/12/26,05:49:52,25.19,25.25,24.69,25.56,0,0,0,0,0.08,0.05,0.05,0.09,355,0.0,0,0
2820,0,2018/01/11,00:56:38,25.19,25.25,24.81,25.31,0,0,0,0,0.07,0.05,0.06,0.09,345,0.0,0,0
2821,1,2017/12/23,15:44:08,25.88,26.81,25.5,26.31,120,25,47,35,0.2,0.06,0.07,0.06,420,0.153846153846,1,0
2822,0,2018/01/11,08:00:25,25.06,25.06,24.56,25.13,5,5,22,15,0.08,0.05,0.05,0.08,345,0.0,0,0
2823,0,2017/12/26,03:47:50,25.31,25.31,24.81,25.69,0,0,0,0,0.08,0.05,0.05,0.1,355,0.0,0,0
2824,0,2018/01/10,19:09:57,25.63,25.69,25.31,25.75,0,0,0,0,0.07,0.05,0.05,0.08,605,-1.19615384615,0,0
2825,0,2017/12/24,02:58:37,25.31,25.38,24.75,25.63,0,0,0,0,0.06,0.05,0.07,0.06,360,-0.0615384615385,0,0
2826,0,2017/12/24,06:34:05,25.13,25.13,24.56,25.44,0,0,0,0,0.06,0.05,0.06,0.06,360,0.2,0,0
2827,0,2018/01/10,17:57:27,25.94,26.31,25.75,25.94,0,0,0,0,3.16,2.54,2.38,0.94,845,0.65,1,1
2828,0,2017/12/23,00:12:50,25.38,25.44,24.94,25.75,0,0,0,0,0.07,0.05,0.05,0.07,375,-0.0461538461538,0,0
2829,0,2018/01/10,22:04:34,25.38,25.38,24.94,25.44,0,0,0,0,0.07,0.05,0.05,0.08,360,0.0,0,0
2830,0,2017/12/23,05:52:52,25.13,25.13,24.5,25.31,0,0,0,0,0.07,0.05,0.06,0.06,360,-0.0461538461538,0,0
2831,0,2018/01/11,05:37:27,25.13,25.13,24.56,25.19,0,0,0,0,0.08,0.05,0.06,0.08,345,0.0,0,0
2832,2,2017/12/22,11:47:23,25.5,25.63,24.94,25.81,155,234,73,56,1.02,0.29,0.16,0.13,530,3.73846153846,1,1
2833,0,2017/12/25,14:25:42,25.38,25.38,25.38,26.13,20,24,85,61,0.08,0.04,0.06,0.11,355,0.0,0,0
2834,0,2017/12/26,07:44:14,25.06,25.06,24.56,25.13,3,3,15,10,0.08,0.05,0.06,0.1,350,0.0,0,0
2835,0,2017/12/23,15:14:31,25.81,26.81,25.5,26.31,10,11,57,41,0.07,0.06,0.06,0.06,460,-2.21153846154,0,0
2836,0,2018/01/10,18:24:30,25.75,25.94,25.5,25.81,0,0,0,0,0.07,0.05,0.05,0.08,760,-2.18461538462,0,0
2837,0,2017/12/22,21:08:00,25.75,25.81,25.38,25.94,0,0,0,0,0.07,0.05,0.06,0.05,700,-2.05384615385,0,0
2838,0,2017/12/23,23:12:25,25.5,25.5,25.0,25.63,0,0,0,0,0.06,0.05,0.06,0.06,380,-0.0230769230769,0,0
2839,3,2018/01/10,16:26:33,25.75,26.06,25.69,25.88,5,7,24,22,0.41,0.3,0.33,0.16,595,3.65,0,0
2840,0,2017/12/23,23:01:42,25.5,25.5,25.06,25.63,0,0,0,0,0.07,0.05,0.06,0.06,380,-0.192307692308,0,0
2841,0,2017/12/26,00:14:55,25.38,25.38,25.0,25.88,0,0,0,0,0.07,0.06,0.06,0.1,355,0.0,0,0
2842,0,2017/12/22,20:40:56,25.88,25.94,25.5,26.13,0,0,0,0,0.07,0.05,0.06,0.06,820,-3.08461538462,0,0
2843,0,2017/12/24,00:08:05,25.44,25.44,24.94,25.75,0,0,0,0,0.07,0.05,0.06,0.06,370,0.0,0,0
2844,0,2017/12/23,21:23:09,25.75,25.75,25.31,25.94,0,0,0,0,0.06,0.05,0.06,0.06,650,-2.07307692308,0,0
2845,0,2018/01/11,01:40:02,25.19,25.25,24.75,25.19,0,0,0,0,0.07,0.04,0.05,0.09,345,0.0,0,0
2846,0,2017/12/26,00:05:13,25.38,25.38,25.0,25.81,0,0,0,0,0.07,0.05,0.07,0.1,355,0.0,0,0
2847,0,2017/12/24,07:04:12,25.13,25.13,24.5,25.44,0,0,4,3,0.06,0.05,0.07,0.06,355,-0.0538461538462,0,0
2848,0,2017/12/26,04:34:18,25.25,25.25,24.75,25.63,0,0,0,0,0.08,0.06,0.06,0.1,355,0.0,0,0
2849,0,2017/12/22,21:50:53,25.63,25.63,25.25,25.88,0,0,0,0,0.06,0.06,0.06,0.07,540,-1.72307692308,0,0
2850,0,2017/12/26,05:47:18,25.19,25.25,24.69,25.5,0,0,0,0,0.08,0.05,0.06,0.1,355,0.0,0,0
2851,0,2017/12/24,01:46:37,25.38,25.38,24.88,25.75,0,0,0,0,0.06,0.05,0.07,0.07,365,0.0,0,0
2852,0,2017/12/23,02:44:28,25.25,25.31,24.75,25.63,0,0,0,0,0.07,0.05,0.05,0.06,365,0.0,0,0
2853,3,2017/12/22,13:53:30,26.13,27.19,26.0,26.31,165,256,277,73,0.08,0.23,0.15,0.11,910,1.46153846154,0,1
2854,0,2018/01/10,19:42:07,25.56,25.56,25.25,25.63,0,0,0,0,0.07,0.05,0.05,0.09,485,-1.57692307692,0,0
2855,0,2017/12/22,20:50:38,25.81,25.88,25.44,26.06,0,0,0,0,0.07,0.04,0.06,0.06,775,-2.08461538462,0,0
2856,0,2017/12/26,06:58:17,25.13,25.13,24.56,25.38,0,0,2,1,0.07,0.05,0.06,0.1,355,-0.0923076923077,0,0
2857,0,2017/12/25,18:00:40,25.44,25.44,25.19,26.0,0,0,0,0,0.07,0.05,0.06,0.11,350,0.0,0,0
2858,0,2018/01/10,21:06:52,25.44,25.44,25.13,25.56,0,0,0,0,0.07,0.05,0.06,0.08,375,-0.111538461538,0,0
2859,0,2017/12/25,14:55:19,25.38,25.44,25.38,26.19,14,17,65,48,0.08,0.05,0.06,0.1,355,0.0,0,0
2860,1,2017/12/23,15:42:36,25.88,26.81,25.5,26.25,121,25,48,35,0.08,0.07,0.07,0.07,420,-0.0269230769231,0,0
2861,0,2017/12/24,05:32:18,25.19,25.19,24.63,25.5,0,0,0,0,0.07,0.05,0.06,0.07,360,0.0,0,0
2862,0,2017/12/24,00:24:25,25.38,25.44,24.94,25.75,0,0,0,0,0.07,0.05,0.06,0.06,370,0.0,0,0
2863,0,2018/01/11,05:27:15,25.13,25.13,24.63,25.25,0,0,0,0,0.08,0.04,0.05,0.09,345,0.0,0,0
2864,0,2017/12/25,19:08:34,25.44,25.44,25.13,26.06,0,0,0,0,0.08,0.05,0.06,0.1,355,0.0384615384615,0,0
2865,0,2017/12/25,10:21:08,25.06,25.13,24.69,25.69,10,11,49,34,0.07,0.05,0.06,0.1,355,0.0,0,0
2866,1,2017/12/23,15:40:03,25.94,26.81,25.5,26.25,121,26,49,36,0.43,0.1,0.08,0.08,415,-0.376923076923,1,0
2867,0,2017/12/26,06:44:30,25.13,25.19,24.56,25.31,0,0,0,0,0.08,0.05,0.06,0.1,355,-0.0269230769231,0,0
2868,0,2017/12/26,07:48:19,25.06,25.06,24.56,25.06,3,3,17,13,0.08,0.04,0.06,0.09,350,0.0,0,0
2869,0,2018/01/10,18:27:04,25.75,25.88,25.5,25.81,0,0,0,0,0.08,0.05,0.05,0.09,750,-2.01923076923,0,0
2870,0,2017/12/25,23:15:11,25.44,25.44,25.0,25.81,0,0,0,0,0.07,0.06,0.06,0.1,355,0.0,0,0
2871,0,2017/12/24,05:42:00,25.19,25.19,24.63,25.5,0,0,0,0,0.07,0.05,0.07,0.06,360,0.0576923076923,0,0
2872,2,2018/01/10,17:49:47,25.94,26.25,25.81,26.0,142,227,5,7,0.45,0.65,0.26,0.21,830,-0.3,1,0
2873,0,2018/01/11,08:41:46,25.06,25.06,24.63,25.19,6,7,32,21,0.07,0.05,0.05,0.08,345,0.0,0,0
2874,0,2017/12/26,04:02:08,25.31,25.31,24.81,25.69,0,0,0,0,0.07,0.05,0.05,0.11,355,0.0,0,0
2875,0,2018/01/11,00:54:35,25.19,25.25,24.81,25.31,0,0,0,0,0.06,0.05,0.06,0.08,345,0.0,0,0
2876,0,2017/12/23,04:40:22,25.19,25.19,24.63,25.44,0,0,0,0,0.08,0.05,0.06,0.06,360,0.0,0,0
2877,0,2017/12/25,12:45:38,25.31,25.31,25.13,25.88,17,20,74,53,0.08,0.06,0.07,0.1,355,0.0,0,0
2878,0,2017/12/23,23:29:47,25.44,25.44,25.0,25.56,0,0,0,0,0.06,0.05,0.06,0.07,375,-0.288461538462,0,0
2879,1,2017/12/22,15:52:58,26.0,25.81,25.63,26.25,119,31,59,37,0.09,0.06,0.05,0.06,590,0.938461538462,1,0
2880,0,2017/12/26,03:26:54,25.31,25.31,24.81,25.69,0,0,0,0,0.08,0.05,0.05,0.1,355,0.0,0,0
2881,0,2017/12/25,19:05:30,25.44,25.44,25.13,26.06,0,0,0,0,0.08,0.06,0.05,0.1,350,0.0615384615385,0,0
2882,0,2017/12/23,10:19:54,25.13,25.13,24.75,25.63,10,10,48,32,0.08,0.05,0.06,0.06,355,-1.23168185923e-17,0,0
2883,0,2017/12/25,18:06:16,25.5,25.44,25.19,26.0,0,0,0,0,0.08,0.05,0.06,0.1,350,0.0230769230769,0,0
2884,0,2017/12/25,23:53:28,25.38,25.38,25.0,25.81,0,0,0,0,0.08,0.05,0.06,0.09,355,0.0,0,0
2885,0,2017/12/24,05:56:48,25.13,25.19,24.56,25.5,0,0,0,0,0.06,0.05,0.06,0.06,360,-0.0692307692308,0,0
2886,0,2017/12/26,07:43:13,25.0,25.06,24.56,25.13,3,3,15,10,0.08,0.06,0.06,0.1,350,0.0,0,0
2887,0,2018/01/10,18:44:25,25.75,25.75,25.44,25.75,0,0,0,0,0.07,0.05,0.07,0.09,670,-2.61538461538,0,0
2888,0,2017/12/25,09:43:21,25.0,25.06,24.63,25.5,8,9,41,28,0.08,0.05,0.06,0.1,355,0.0,0,0
2889,0,2017/12/22,15:21:19,25.81,25.88,25.69,26.31,13,16,79,49,0.07,0.06,0.07,0.06,600,-3.46923076923,0,0
2890,0,2017/12/25,21:25:24,25.44,25.44,25.06,25.94,0,0,0,0,0.08,0.05,0.06,0.1,350,-0.107692307692,0,0
2891,0,2018/01/10,19:47:44,25.56,25.56,25.19,25.63,0,0,0,0,0.07,0.05,0.05,0.08,475,-0.911538461538,0,0
2892,0,2018/01/10,21:03:48,25.44,25.44,25.06,25.56,0,0,0,0,0.07,0.04,0.05,0.09,375,-0.261538461538,0,0
2893,1,2017/12/22,16:24:07,26.06,25.75,25.56,26.31,115,25,39,22,0.5,0.11,0.15,0.06,615,0.415384615385,1,0
2894,0,2017/12/25,13:11:40,25.31,25.31,25.19,25.94,18,20,77,55,0.08,0.05,0.06,0.1,355,0.0,0,0
2895,0,2017/12/25,12:04:47,25.25,25.25,25.0,25.81,17,20,75,54,0.09,0.04,0.09,0.12,355,0.0,0,0
2896,0,2017/12/25,22:13:55,25.38,25.44,25.06,25.88,0,0,0,0,0.12,0.1,0.15,0.09,355,0.0923076923077,0,0
2897,0,2017/12/26,06:54:12,25.13,25.19,24.56,25.38,0,0,1,1,0.08,0.05,0.05,0.11,350,-0.173076923077,0,0
2898,0,2017/12/24,06:36:38,25.13,25.13,24.5,25.44,0,0,0,0,0.07,0.04,0.06,0.06,355,0.211538461538,0,0
2899,1,2017/12/23,16:07:06,26.06,26.81,25.5,26.31,119,23,33,24,0.35,0.07,0.11,0.07,475,1.20384615385,0,0
2900,0,2018/01/10,20:47:28,25.5,25.44,25.06,25.56,0,0,0,0,0.07,0.05,0.06,0.09,380,-0.276923076923,0,0
2901,0,2017/12/22,20:59:19,25.75,25.88,25.44,25.94,0,0,0,0,0.08,0.04,0.06,0.06,735,-2.41538461538,0,0
2902,0,2017/12/23,00:45:30,25.38,25.38,24.94,25.75,0,0,0,0,0.08,0.05,0.06,0.06,375,0.0,0,0
2903,3,2017/12/22,12:39:28,25.81,28.94,25.38,26.13,159,243,222,66,0.58,0.56,3.65,0.27,690,1.97692307692,1,1
2904,0,2017/12/25,12:41:02,25.25,25.31,25.13,25.88,16,19,71,51,0.07,0.05,0.06,0.11,355,0.0,0,0
2905,3,2017/12/23,18:01:29,26.25,26.19,25.88,26.31,150,236,187,10,0.4,2.34,0.51,0.18,880,2.74615384615,0,1
2906,0,2017/12/22,22:15:54,25.56,25.56,25.19,25.81,0,0,0,0,0.06,0.05,0.06,0.06,465,-1.33076923077,0,0
2907,0,2017/12/23,10:04:35,25.06,25.06,24.69,25.5,9,10,44,29,0.08,0.05,0.06,0.05,360,0.0692307692308,0,0
2908,0,2017/12/23,03:04:54,25.25,25.25,24.75,25.63,0,0,0,0,0.07,0.06,0.06,0.06,365,0.0,0,0
2909,0,2017/12/23,23:49:42,25.44,25.44,24.94,25.5,0,0,0,0,0.07,0.05,0.06,0.06,370,-0.0461538461538,0,0
2910,0,2018/01/11,06:02:28,25.13,25.13,24.56,25.19,0,0,0,0,0.08,0.05,0.05,0.08,345,0.0,0,0
2911,0,2017/12/26,04:45:01,25.25,25.25,24.75,25.63,0,0,0,0,0.08,0.05,0.06,0.09,355,0.0,0,0
2912,1,2017/12/22,15:35:06,25.88,25.81,25.56,26.31,120,33,67,43,1.44,0.49,0.52,0.27,570,-1.13076923077,0,0
2913,0,2017/12/24,02:02:27,25.38,25.38,24.81,25.69,0,0,0,0,0.06,0.06,0.06,0.06,365,0.0,0,0
2914,3,2017/12/22,19:18:13,26.31,28.25,26.06,26.5,150,236,180,11,0.75,0.41,1.36,0.28,1215,-0.334615384615,1,0
2915,0,2017/12/23,06:45:28,25.0,25.06,24.44,25.31,0,0,0,0,0.07,0.05,0.06,0.06,355,0.0,0,0
2916,0,2017/12/26,06:39:23,25.13,25.19,24.63,25.38,0,0,0,0,0.08,0.05,0.06,0.1,355,0.0884615384615,0,0
2917,3,2017/12/23,18:01:59,26.25,26.19,25.88,26.31,150,236,186,10,0.47,0.37,0.38,0.17,880,2.98461538462,1,0
2918,0,2017/12/25,09:17:49,25.06,25.0,24.56,25.31,7,7,36,24,0.08,0.05,0.05,0.1,355,-0.238461538462,0,0
2919,0,2017/12/24,05:26:10,25.19,25.25,24.63,25.5,0,0,0,0,0.06,0.05,0.06,0.06,360,0.0,0,0
2920,0,2017/12/24,02:44:19,25.31,25.38,24.81,25.69,0,0,0,0,0.07,0.06,0.06,0.06,360,-0.0884615384615,0,0
2921,2,2017/12/23,14:01:30,26.06,27.06,25.5,26.38,160,247,72,54,0.65,1.32,0.36,0.37,605,1.53461538462,0,0
2922,0,2017/12/23,01:43:43,25.31,25.31,24.81,25.69,0,0,0,0,0.07,0.05,0.06,0.07,370,0.0,0,0
2923,3,2018/01/10,15:31:25,25.56,25.88,25.44,25.63,10,13,57,35,0.73,0.38,0.24,0.15,370,1.2,0,0
2924,0,2017/12/25,19:33:35,25.44,25.44,25.13,26.0,0,0,0,0,0.08,0.05,0.06,0.09,350,-0.0346153846154,0,0
2925,0,2017/12/25,18:57:20,25.44,25.44,25.13,26.0,0,0,0,0,0.08,0.05,0.06,0.1,350,-0.138461538462,0,0
2926,3,2017/12/22,18:57:48,26.31,27.75,26.06,26.44,150,239,181,11,0.09,0.15,0.14,0.06,1190,1.25769230769,1,0
2927,2,2017/12/23,13:40:03,26.0,26.0,25.38,26.25,161,251,81,60,0.42,0.99,0.22,0.13,525,3.53846153846,0,0
2928,0,2017/12/26,02:13:53,25.38,25.31,24.88,25.75,0,0,0,0,0.08,0.06,0.06,0.1,355,0.0,0,0
2929,0,2017/12/26,05:38:07,25.19,25.25,24.69,25.56,0,0,0,0,0.07,0.05,0.06,0.1,355,0.0,0,0
2930,0,2017/12/24,00:22:22,25.44,25.44,25.0,25.69,0,0,0,0,0.06,0.05,0.06,0.07,370,0.0,0,0
2931,0,2017/12/24,04:13:09,25.25,25.25,24.69,25.63,0,0,0,0,0.07,0.05,0.06,0.07,360,0.0,0,0
2932,2,2017/12/22,16:41:28,26.13,25.75,25.75,26.25,117,27,191,22,0.14,0.05,0.06,0.06,630,0.334615384615,0,0
2933,0,2017/12/23,02:28:38,25.31,25.31,24.81,25.69,0,0,0,0,0.07,0.05,0.06,0.06,365,0.0,0,0
2934,0,2017/12/24,03:37:25,25.25,25.31,24.75,25.63,0,0,0,0,0.08,0.05,0.06,0.06,360,0.0,0,0
2935,0,2018/01/11,03:25:13,25.19,25.19,24.69,25.31,0,0,0,0,0.06,0.04,0.06,0.08,345,0.0,0,0
2936,0,2017/12/23,08:42:23,25.06,25.0,24.5,25.38,6,6,31,21,0.08,0.05,0.06,0.05,360,0.0,0,0
2937,1,2017/12/22,11:19:18,25.25,24.94,24.75,25.56,123,35,59,45,0.12,0.05,0.06,0.07,440,0.976923076923,0,0
2938,0,2017/12/23,07:52:21,25.06,25.0,24.44,25.38,4,4,20,14,0.08,0.05,0.06,0.06,355,0.0807692307692,0,0
2939,0,2017/12/23,14:39:48,25.88,26.94,25.5,26.25,14,15,72,53,0.14,0.09,0.12,0.07,545,-3.85769230769,0,0
2940,0,2018/01/10,18:09:11,25.88,26.06,25.63,25.88,0,0,0,0,0.07,0.04,0.06,0.1,820,-1.34230769231,0,0
2941,0,2018/01/11,06:34:38,25.06,25.06,24.5,25.19,0,0,0,0,0.08,0.04,0.05,0.08,345,0.0,0,0
2942,0,2017/12/24,08:56:32,25.13,25.13,24.63,25.44,6,7,35,22,0.06,0.05,0.06,0.06,360,0.0115384615385,0,0
2943,0,2017/12/25,09:20:53,25.0,25.06,24.56,25.31,7,8,37,24,0.07,0.05,0.06,0.11,355,-0.173076923077,1,0
2944,2,2017/12/22,16:44:02,26.13,25.75,25.75,26.31,117,26,190,20,0.11,0.13,0.06,0.33,645,0.784615384615,0,0
2945,2,2017/12/22,11:48:55,25.5,25.63,24.94,25.81,155,234,73,56,0.33,0.19,0.11,0.13,545,3.90769230769,1,0
2946,0,2017/12/25,16:14:58,25.44,25.44,25.38,26.19,5,6,31,22,0.07,0.06,0.06,0.1,350,0.165384615385,0,0
2947,0,2017/12/23,06:12:47,25.06,25.13,24.5,25.19,0,0,0,0,0.08,0.06,0.06,0.06,360,-0.0615384615385,0,0
2948,0,2017/12/25,17:38:42,25.5,25.44,25.25,26.13,0,0,1,1,0.11,0.11,0.14,0.1,350,0.0192307692308,0,0
2949,0,2018/01/11,07:46:07,25.06,25.06,24.5,25.13,2,3,14,10,0.07,0.05,0.05,0.09,345,0.0,0,0
2950,0,2017/12/23,02:51:06,25.25,25.25,24.81,25.69,0,0,0,0,0.07,0.06,0.06,0.06,365,0.0,0,0
2951,3,2018/01/10,15:30:24,25.56,25.88,25.38,25.63,10,13,56,35,0.45,0.45,0.1,0.16,370,1.15384615385,0,0
2952,0,2017/12/23,23:54:17,25.44,25.44,24.94,25.5,0,0,0,0,0.08,0.05,0.05,0.06,370,-0.234615384615,0,0
2953,0,2017/12/24,00:42:48,25.44,25.38,24.94,25.75,0,0,0,0,0.07,0.05,0.06,0.06,370,-0.0884615384615,0,0
2954,0,2017/12/22,19:53:58,26.13,26.44,25.88,26.25,0,0,0,0,0.07,0.05,0.07,0.06,1120,-5.42307692308,0,0
2955,3,2018/01/10,16:39:19,25.81,26.13,25.75,25.81,4,4,33,16,0.35,0.38,0.25,0.1,680,3.83076923077,1,1
2956,0,2017/12/25,20:50:41,25.44,25.44,25.06,26.0,0,0,0,0,0.08,0.05,0.06,0.1,355,-0.146153846154,0,0
2957,0,2017/12/24,06:57:34,25.13,25.13,24.5,25.44,0,0,2,1,0.06,0.05,0.06,0.07,360,0.0192307692308,0,0
2958,0,2018/01/10,22:12:44,25.31,25.38,25.0,25.5,0,0,0,0,0.08,0.05,0.06,0.09,355,-0.292307692308,0,0
2959,0,2017/12/25,19:33:04,25.44,25.44,25.13,26.0,0,0,0,0,0.07,0.05,0.06,0.09,355,-0.0307692307692,0,0
2960,0,2017/12/26,03:25:53,25.31,25.31,24.81,25.69,0,0,0,0,0.07,0.05,0.05,0.09,355,0.0,0,0
2961,2,2017/12/23,17:23:11,26.13,25.88,25.75,26.31,117,22,186,10,0.61,0.75,2.96,0.63,735,2.41153846154,1,1
2962,0,2018/01/10,23:17:35,25.31,25.31,24.88,25.38,0,0,0,0,0.07,0.04,0.05,0.09,345,0.0,0,0
2963,0,2017/12/23,03:03:52,25.25,25.25,24.75,25.63,0,0,0,0,0.07,0.05,0.07,0.06,365,0.0,0,0
2964,0,2017/12/22,23:18:42,25.44,25.5,25.0,25.81,0,0,0,0,0.07,0.04,0.06,0.06,385,-0.234615384615,0,0
2965,0,2018/01/11,05:36:26,25.13,25.13,24.63,25.19,0,0,0,0,0.08,0.04,0.05,0.08,345,0.0,0,0
2966,0,2017/12/26,01:51:25,25.31,25.38,24.94,25.75,0,0,0,0,0.08,0.05,0.07,0.1,355,0.0,0,0
2967,0,2017/12/25,21:26:56,25.38,25.44,25.06,25.88,0,0,0,0,0.08,0.05,0.06,0.11,355,-0.153846153846,0,0
2968,0,2017/12/25,11:02:29,25.13,25.19,24.81,25.69,12,14,54,39,0.08,0.05,0.06,0.1,355,0.0,1,0
2969,0,2017/12/22,21:27:24,25.69,25.69,25.31,25.88,0,0,0,0,0.08,0.05,0.05,0.06,620,-2.13846153846,0,0
2970,0,2017/12/23,04:33:44,25.19,25.19,24.63,25.44,0,0,0,0,0.09,0.05,0.06,0.05,360,0.0,0,0
2971,0,2017/12/26,02:49:37,25.31,25.31,24.88,25.69,0,0,0,0,0.07,0.05,0.07,0.1,355,0.0,0,0
2972,0,2017/12/25,23:03:26,25.44,25.38,25.06,25.94,0,0,0,0,0.08,0.05,0.06,0.11,355,0.0,0,0
2973,0,2017/12/23,03:32:58,25.19,25.25,24.75,25.56,0,0,0,0,0.06,0.05,0.05,0.06,365,-0.1,0,0
2974,0,2017/12/24,08:23:20,25.13,25.13,24.56,25.38,5,6,31,20,0.07,0.05,0.06,0.07,360,0.0,0,0
2975,0,2017/12/23,05:45:44,25.13,25.13,24.56,25.38,0,0,0,0,0.07,0.05,0.05,0.07,360,0.0,0,0
2976,0,2017/12/22,20:41:27,25.81,25.94,25.5,26.13,0,0,0,0,0.07,0.05,0.06,0.07,810,-3.07692307692,0,0
2977,3,2017/12/22,18:29:43,26.25,26.63,25.94,26.38,150,236,180,10,1.33,0.5,1.33,0.54,1085,2.21153846154,0,1
2978,0,2017/12/24,08:32:32,25.13,25.13,24.56,25.44,6,6,33,22,0.06,0.05,0.07,0.06,360,0.0,0,0
2979,0,2017/12/25,22:23:37,25.44,25.44,25.06,25.88,0,0,0,0,0.08,0.05,0.06,0.1,355,0.0,0,0
2980,0,2017/12/25,10:53:49,25.19,25.13,24.81,25.75,11,12,51,35,0.08,0.05,0.07,0.09,355,0.0,0,0
2981,0,2017/12/24,04:12:39,25.25,25.25,24.75,25.56,0,0,0,0,0.07,0.05,0.06,0.06,360,0.0,0,0
2982,0,2017/12/25,16:38:27,25.44,25.44,25.38,26.19,3,4,20,14,0.08,0.05,0.07,0.1,355,-0.0230769230769,0,0
2983,0,2017/12/25,13:44:21,25.31,25.38,25.25,26.0,18,21,76,55,0.07,0.05,0.05,0.1,355,0.0,0,0
2984,1,2017/12/22,11:05:00,25.19,24.88,24.69,25.56,123,35,58,44,0.15,0.13,0.23,0.06,405,0.807692307692,0,0
2985,0,2017/12/25,14:27:45,25.38,25.44,25.31,26.13,20,24,89,64,0.09,0.06,0.07,0.1,355,0.0,0,0
2986,0,2018/01/11,03:31:51,25.19,25.19,24.69,25.31,0,0,0,0,0.07,0.04,0.05,0.08,345,0.0,0,0
2987,0,2017/12/25,11:27:30,25.19,25.19,24.94,25.81,12,14,54,40,0.07,0.05,0.06,0.11,355,0.0,0,0
2988,0,2017/12/25,14:01:42,25.38,25.38,25.25,26.06,19,23,81,59,0.08,0.06,0.06,0.11,355,0.0,0,0
2989,0,2018/01/10,19:24:15,25.56,25.63,25.31,25.69,0,0,0,0,0.08,0.05,0.05,0.08,540,-2.31923076923,0,0
2990,2,2017/12/22,12:13:56,25.63,27.81,25.13,26.0,157,244,78,59,0.96,0.64,0.19,0.22,630,1.62692307692,1,1
2991,0,2017/12/25,21:12:38,25.38,25.44,25.06,25.88,0,0,0,0,0.09,0.06,0.06,0.1,355,0.130769230769,0,0
2992,0,2017/12/25,11:08:06,25.19,25.19,24.88,25.75,13,14,58,41,0.08,0.04,0.07,0.1,355,0.0,0,0
2993,0,2017/12/23,01:16:39,25.38,25.38,24.88,25.75,0,0,0,0,0.06,0.05,0.06,0.06,370,0.0,0,0
2994,0,2017/12/23,03:17:39,25.25,25.25,24.75,25.56,0,0,0,0,0.06,0.05,0.06,0.06,360,-0.0346153846154,0,0
2995,0,2017/12/26,02:18:29,25.31,25.38,24.94,25.69,0,0,0,0,0.08,0.06,0.06,0.11,355,0.0,0,0
2996,2,2017/12/23,13:18:06,25.88,25.88,25.38,26.19,160,249,77,58,0.65,0.19,0.06,0.21,475,2.94230769231,0,0
2997,0,2018/01/11,00:32:38,25.19,25.25,24.88,25.31,0,0,0,0,0.07,0.04,0.06,0.08,345,0.0,0,0
2998,0,2017/12/24,04:49:24,25.25,25.25,24.69,25.63,0,0,0,0,0.08,0.05,0.06,0.06,360,0.0,0,0
2999,0,2018/01/10,23:58:56,25.25,25.31,24.88,25.31,0,0,0,0,0.08,0.05,0.05,0.08,345,0.0,0,0
3000,0,2018/01/11,06:09:37,25.13,25.13,24.56,25.19,0,0,0,0,0.08,0.05,0.05,0.08,345,0.0,0,0
3001,0,2018/01/11,01:28:17,25.19,25.25,24.75,25.25,0,0,0,0,0.07,0.05,0.05,0.08,345,0.0,0,0
3002,0,2017/12/24,01:09:51,25.38,25.44,24.88,25.75,0,0,0,0,0.07,0.06,0.06,0.06,365,-0.142307692308,0,0
3003,0,2018/01/11,06:17:47,25.13,25.06,24.56,25.19,0,0,0,0,0.08,0.04,0.05,0.09,345,0.0,0,0
3004,3,2017/12/22,13:42:16,26.06,27.38,25.94,26.31,165,255,279,72,0.12,0.39,0.47,0.11,890,0.346153846154,0,1
3005,0,2017/12/23,07:07:56,25.06,25.06,24.44,25.38,0,0,5,3,0.08,0.05,0.07,0.06,355,0.0,0,0
3006,0,2018/01/10,22:57:40,25.31,25.31,24.94,25.44,0,0,0,0,0.07,0.05,0.05,0.09,345,-0.261538461538,0,0
3007,0,2017/12/23,22:19:19,25.63,25.56,25.19,25.81,0,0,0,0,0.07,0.04,0.06,0.06,440,-1.46153846154,0,0
3008,2,2017/12/22,17:21:49,26.19,25.75,25.81,26.31,114,24,177,10,0.8,1.11,2.64,0.7,770,1.31153846154,1,1
3009,0,2017/12/25,18:55:17,25.44,25.44,25.19,26.06,0,0,0,0,0.09,0.05,0.08,0.11,355,-0.146153846154,0,0
3010,3,2017/12/22,18:47:05,26.31,26.63,26.06,26.44,150,235,180,10,0.41,0.29,2.04,0.26,1170,2.58846153846,0,1
3011,1,2017/12/22,16:19:00,26.06,25.75,25.56,26.31,116,26,44,25,0.16,0.06,0.06,0.06,620,0.938461538462,0,0
3012,0,2017/12/22,22:01:06,25.63,25.63,25.19,25.81,0,0,0,0,0.07,0.05,0.05,0.06,505,-2.06153846154,0,0
3013,0,2018/01/11,02:18:20,25.19,25.19,24.75,25.25,0,0,0,0,0.08,0.05,0.06,0.09,345,0.0,0,0
3014,1,2017/12/23,16:22:56,26.06,26.81,25.56,26.31,118,21,26,19,0.16,0.06,0.06,0.07,520,1.41923076923,0,0
3015,0,2018/01/10,21:17:36,25.44,25.38,25.06,25.5,0,0,0,0,0.08,0.05,0.06,0.08,370,-0.257692307692,0,0
3016,0,2017/12/24,07:42:30,25.06,25.13,24.5,25.44,3,3,15,10,0.06,0.05,0.06,0.07,360,0.0115384615385,0,0
3017,0,2017/12/25,17:23:54,25.44,25.44,25.31,26.13,0,0,4,3,0.08,0.06,0.06,0.1,350,0.0,0,0
3018,0,2017/12/25,22:33:19,25.44,25.38,25.06,25.94,0,0,0,0,0.08,0.05,0.07,0.11,355,0.0,0,0
3019,0,2017/12/24,05:48:07,25.19,25.19,24.56,25.56,0,0,0,0,0.07,0.04,0.06,0.06,360,0.0,0,0
3020,0,2017/12/25,20:04:13,25.44,25.44,25.13,26.06,0,0,0,0,0.08,0.06,0.07,0.09,350,-0.134615384615,0,0
3021,0,2017/12/23,14:58:41,25.81,26.88,25.5,26.25,11,12,59,43,0.07,0.06,0.06,0.06,520,-0.507692307692,0,0
3022,0,2018/01/11,01:57:54,25.19,25.19,24.75,25.25,0,0,0,0,0.06,0.04,0.06,0.08,345,0.0,0,0
3023,0,2017/12/25,11:57:07,25.25,25.25,25.0,25.81,14,17,65,46,0.08,0.04,0.07,0.1,355,0.0,0,0
3024,0,2017/12/25,19:40:13,25.44,25.44,25.13,25.94,0,0,0,0,0.08,0.05,0.07,0.09,350,-0.157692307692,0,0
3025,0,2017/12/23,00:47:33,25.38,25.38,24.94,25.75,0,0,0,0,0.06,0.05,0.06,0.06,375,0.0,0,0
3026,0,2018/01/11,00:31:37,25.25,25.25,24.81,25.31,0,0,0,0,0.08,0.04,0.05,0.08,345,0.0,0,0
3027,0,2018/01/10,20:57:41,25.44,25.44,25.06,25.56,0,0,0,0,0.07,0.05,0.05,0.09,375,-0.146153846154,0,0
3028,0,2017/12/24,05:03:42,25.25,25.25,24.63,25.5,0,0,0,0,0.07,0.05,0.06,0.06,360,0.0,0,0
3029,2,2017/12/22,17:25:54,26.19,25.75,25.81,26.31,114,24,176,10,0.23,0.05,0.07,0.06,800,2.07692307692,0,1
3030,0,2017/12/23,02:30:41,25.31,25.31,24.81,25.69,0,0,0,0,0.07,0.05,0.06,0.06,365,0.0,0,0
3031,0,2017/12/23,23:40:00,25.44,25.44,25.0,25.56,0,0,0,0,0.06,0.05,0.06,0.06,375,0.0,0,0
3032,0,2018/01/11,04:12:42,25.19,25.13,24.69,25.25,0,0,0,0,0.08,0.04,0.06,0.08,345,0.0,0,0
3033,0,2017/12/24,08:56:01,25.13,25.13,24.63,25.44,6,7,35,23,0.06,0.05,0.06,0.06,360,0.00769230769231,0,0
3034,0,2017/12/26,02:41:27,25.31,25.38,24.88,25.75,0,0,0,0,0.08,0.04,0.06,0.1,355,0.0,0,0
3035,0,2017/12/25,16:41:31,25.44,25.5,25.38,26.19,3,4,18,13,0.08,0.07,0.06,0.11,350,-0.0307692307692,0,0
3036,1,2017/12/23,12:08:40,25.5,25.31,25.06,25.88,123,38,71,51,0.58,0.22,0.21,0.14,365,0.288461538462,1,0
3037,0,2017/12/23,10:12:15,25.06,25.13,24.75,25.56,10,10,46,31,0.08,0.06,0.06,0.06,360,-0.0346153846154,0,0
3038,0,2017/12/25,22:06:15,25.38,25.44,25.06,25.88,0,0,0,0,0.08,0.06,0.06,0.1,355,-0.0384615384615,0,0
3039,0,2018/01/10,19:44:09,25.56,25.56,25.19,25.63,0,0,0,0,0.07,0.04,0.06,0.09,480,-1.33076923077,0,0
3040,0,2018/01/11,04:18:19,25.19,25.19,24.63,25.31,0,0,0,0,0.08,0.04,0.05,0.08,345,0.0,0,0
3041,0,2017/12/23,00:56:44,25.38,25.38,24.94,25.75,0,0,0,0,0.07,0.05,0.06,0.06,375,0.0,0,0
3042,0,2017/12/23,11:18:38,25.19,25.19,24.88,25.88,13,14,59,41,0.09,0.05,0.06,0.06,360,0.0153846153846,0,0
3043,0,2017/12/24,05:21:04,25.19,25.25,24.63,25.5,0,0,0,0,0.07,0.05,0.06,0.05,360,0.0,0,0
3044,0,2017/12/23,06:02:04,25.13,25.13,24.5,25.31,0,0,0,0,0.08,0.05,0.07,0.05,360,0.0192307692308,0,0
3045,3,2017/12/22,18:44:31,26.31,26.63,26.0,26.38,150,236,180,10,0.28,0.32,1.04,0.25,1155,2.93461538462,0,0
3046,0,2017/12/23,09:40:05,25.06,25.06,24.63,25.44,7,8,39,26,0.08,0.05,0.06,0.06,360,-0.0230769230769,0,0
3047,0,2018/01/10,21:15:33,25.38,25.38,25.06,25.5,0,0,0,0,0.07,0.04,0.05,0.09,370,-0.296153846154,0,0
3048,2,2017/12/23,16:44:53,26.13,25.88,25.56,26.31,119,24,199,18,0.14,0.06,0.13,0.06,575,1.8,0,0
3049,0,2017/12/23,09:41:06,25.06,25.06,24.63,25.38,7,8,39,26,0.08,0.05,0.07,0.06,360,-0.0153846153846,0,0
3050,0,2018/01/11,01:50:15,25.19,25.25,24.75,25.25,0,0,0,0,0.08,0.05,0.06,0.08,345,0.0,0,0
3051,3,2018/01/10,16:43:24,25.81,26.13,25.81,25.88,4,5,31,14,0.21,0.18,0.21,0.1,690,3.21923076923,1,1
3052,0,2017/12/24,05:43:32,25.19,25.19,24.63,25.5,0,0,0,0,0.07,0.05,0.06,0.05,360,0.0923076923077,0,0
3053,2,2017/12/22,17:12:37,26.19,25.75,25.81,26.38,115,24,180,12,0.07,0.05,0.06,0.07,745,1.34615384615,0,1
3054,0,2017/12/23,07:11:30,25.06,25.0,24.5,25.38,0,0,5,4,0.08,0.05,0.05,0.05,355,0.0,0,0
3055,0,2017/12/23,15:11:27,25.81,26.81,25.56,26.25,10,11,56,41,0.07,0.06,0.06,0.06,470,-2.12307692308,0,0
3056,0,2017/12/22,15:08:33,25.88,25.94,25.75,26.31,14,17,83,51,0.07,0.06,0.08,0.07,685,-2.08846153846,0,0
3057,0,2018/01/11,06:27:30,25.13,25.13,24.56,25.19,0,0,0,0,0.08,0.05,0.05,0.09,345,0.0,0,0
3058,0,2018/01/10,18:48:00,25.69,25.75,25.38,25.75,0,0,0,0,0.07,0.05,0.05,0.08,665,-3.08461538462,0,0
3059,0,2017/12/25,16:45:06,25.44,25.5,25.38,26.13,3,3,16,11,0.07,0.05,0.06,0.09,350,-0.0923076923077,0,0
3060,0,2017/12/23,09:11:29,25.06,25.06,24.56,25.31,6,7,34,22,0.07,0.05,0.06,0.06,360,0.0,0,0
3061,0,2017/12/25,14:07:50,25.38,25.38,25.25,26.06,18,22,79,57,0.07,0.05,0.06,0.09,355,0.0,0,0
3062,0,2017/12/23,23:28:15,25.44,25.44,25.0,25.56,0,0,0,0,0.06,0.05,0.06,0.06,375,-0.3,0,0
3063,0,2017/12/24,00:29:01,25.44,25.44,24.94,25.63,0,0,0,0,0.07,0.05,0.06,0.06,370,0.0,0,0
3064,0,2017/12/26,04:55:44,25.25,25.31,24.75,25.63,0,0,0,0,0.08,0.04,0.06,0.1,355,0.0,0,0
3065,0,2017/12/26,07:33:00,25.06,25.06,24.56,25.19,2,2,12,8,0.07,0.05,0.06,0.1,350,0.0,0,0
3066,0,2017/12/25,17:51:59,25.44,25.44,25.25,26.13,0,0,0,0,0.08,0.06,0.07,0.1,350,0.0,0,0
3067,0,2017/12/24,06:46:50,25.13,25.13,24.5,25.38,0,0,0,0,0.07,0.05,0.06,0.05,355,0.0576923076923,0,0
3068,0,2017/12/22,22:51:39,25.5,25.5,25.13,25.88,0,0,0,0,0.07,0.04,0.07,0.07,390,-0.815384615385,0,0
3069,0,2017/12/25,15:30:33,25.38,25.44,25.38,26.13,11,13,54,40,0.08,0.05,0.06,0.1,355,0.0,0,0
3070,0,2017/12/26,08:26:06,25.06,25.06,24.56,25.25,5,6,29,20,0.08,0.05,0.07,0.1,350,0.0,0,0
3071,0,2017/12/25,17:01:26,25.44,25.44,25.31,26.19,1,1,10,6,0.08,0.05,0.06,0.1,350,0.0,0,0
3072,2,2017/12/23,16:49:29,26.13,25.88,25.56,26.31,119,24,195,16,0.78,0.5,2.04,0.61,575,1.70384615385,0,1
3073,0,2017/12/25,22:54:15,25.38,25.44,25.06,25.94,0,0,0,0,0.08,0.05,0.07,0.09,355,0.0,0,0
3074,0,2017/12/23,03:36:02,25.25,25.19,24.69,25.56,0,0,0,0,0.06,0.05,0.06,0.06,360,-0.0576923076923,0,0
3075,0,2017/12/24,06:12:07,25.13,25.13,24.56,25.44,0,0,0,0,0.06,0.05,0.05,0.05,360,-0.0230769230769,0,0
3076,0,2017/12/24,02:45:51,25.31,25.31,24.81,25.69,0,0,0,0,0.07,0.06,0.06,0.06,365,-0.0923076923077,0,0
3077,0,2017/12/26,06:58:47,25.13,25.13,24.56,25.31,0,0,2,1,0.07,0.05,0.06,0.1,350,-0.134615384615,0,0
3078,0,2018/01/11,03:36:27,25.19,25.19,24.69,25.25,0,0,0,0,0.08,0.05,0.05,0.08,345,0.0,0,0
3079,0,2017/12/25,15:28:00,25.44,25.44,25.44,26.13,11,14,55,40,0.08,0.05,0.05,0.1,355,0.0,0,0
3080,0,2017/12/24,06:41:14,25.13,25.13,24.5,25.44,0,0,0,0,0.07,0.05,0.06,0.06,355,-0.00384615384615,0,0
3081,0,2017/12/23,22:37:11,25.5,25.56,25.13,25.75,0,0,0,0,0.07,0.05,0.05,0.06,390,-1.60384615385,0,0
3082,0,2017/12/26,08:35:17,25.06,25.06,24.63,25.25,6,6,32,22,0.08,0.05,0.07,0.09,350,0.0,0,0
3083,0,2017/12/22,21:00:20,25.75,25.81,25.44,26.0,0,0,0,0,0.07,0.04,0.06,0.06,735,-2.35384615385,0,0
3084,3,2017/12/22,19:29:58,26.31,27.94,26.13,26.44,142,227,173,10,1.01,1.0,2.15,0.72,1265,2.15769230769,1,1
3085,0,2018/01/11,02:51:31,25.19,25.19,24.69,25.25,0,0,0,0,0.07,0.04,0.06,0.08,345,0.0,0,0
3086,0,2018/01/11,05:58:23,25.13,25.06,24.56,25.19,0,0,0,0,0.08,0.05,0.06,0.08,345,0.0,0,0
3087,0,2017/12/23,02:57:45,25.25,25.25,24.81,25.69,0,0,0,0,0.06,0.05,0.06,0.06,365,0.0,0,0
3088,0,2017/12/23,14:40:18,25.88,26.94,25.5,26.31,14,15,71,51,0.12,0.12,0.19,0.08,540,-3.95769230769,0,0
3089,0,2017/12/25,14:13:27,25.38,25.38,25.31,26.06,19,23,81,59,0.08,0.05,0.06,0.1,355,0.0,0,0
3090,3,2017/12/22,18:23:05,26.31,26.44,26.0,26.44,149,234,178,10,0.51,0.14,0.19,0.12,1055,2.81923076923,1,1
3091,0,2017/12/25,22:32:48,25.38,25.44,25.06,25.88,0,0,0,0,0.08,0.06,0.06,0.1,355,0.0,0,0
3092,0,2017/12/23,02:25:04,25.31,25.31,24.81,25.63,0,0,0,0,0.08,0.05,0.06,0.06,365,-0.0576923076923,0,0
3093,0,2017/12/25,23:27:57,25.38,25.44,25.0,25.81,0,0,0,0,0.07,0.05,0.06,0.11,355,0.0,0,0
3094,3,2017/12/22,13:21:50,26.0,27.75,25.69,26.19,163,252,267,70,1.24,0.84,3.65,0.28,855,1.72307692308,1,1
3095,3,2018/01/10,16:15:50,25.75,26.13,25.69,25.81,6,7,39,24,0.36,0.19,0.24,0.11,515,2.26538461538,1,1
3096,1,2017/12/22,16:24:37,26.13,25.69,25.56,26.31,116,25,39,22,0.24,0.16,0.06,0.11,620,0.35,0,0
3097,0,2018/01/11,00:03:01,25.25,25.31,24.88,25.31,0,0,0,0,0.07,0.04,0.06,0.09,345,0.0,0,0
3098,2,2017/12/22,17:03:56,26.19,25.75,25.75,26.31,116,24,182,14,0.11,0.05,0.07,0.06,725,1.78461538462,0,1
3099,0,2017/12/22,20:34:18,25.88,26.0,25.56,26.06,0,0,0,0,0.07,0.04,0.06,0.06,850,-3.34615384615,0,0
3100,0,2018/01/11,01:17:34,25.19,25.25,24.81,25.31,0,0,0,0,0.07,0.06,0.06,0.09,345,0.0,0,0
3101,0,2017/12/25,15:19:19,25.44,25.44,25.38,26.13,12,15,61,45,0.07,0.15,0.1,0.1,355,0.0,0,0
3102,0,2018/01/10,20:47:59,25.44,25.44,25.06,25.56,0,0,0,0,0.07,0.05,0.05,0.08,380,-0.261538461538,0,0
3103,0,2018/01/10,19:48:14,25.56,25.56,25.25,25.63,0,0,0,0,0.07,0.05,0.06,0.09,480,-0.888461538462,0,0
3104,1,2017/12/23,12:11:44,25.5,25.31,25.06,25.88,123,37,69,49,0.49,0.15,0.12,0.09,365,0.276923076923,0,0
3105,3,2017/12/22,19:32:00,26.38,28.13,26.19,26.44,143,228,173,10,0.84,0.12,0.16,0.08,1245,2.15769230769,1,0
3106,0,2017/12/22,14:45:04,26.0,26.19,25.88,26.31,17,21,93,57,0.06,0.05,0.07,0.07,815,-2.52307692308,0,0
3107,0,2018/01/11,08:08:35,25.06,25.06,24.56,25.13,5,5,26,18,0.08,0.05,0.06,0.08,345,0.0,0,0
3108,0,2017/12/24,05:52:43,25.19,25.19,24.56,25.5,0,0,0,0,0.06,0.05,0.06,0.06,360,-0.0307692307692,0,0
3109,0,2017/12/24,07:03:11,25.13,25.13,24.5,25.38,0,0,4,2,0.07,0.04,0.06,0.06,355,-0.0923076923077,0,0
3110,0,2018/01/11,04:21:53,25.19,25.19,24.63,25.25,0,0,0,0,0.08,0.05,0.06,0.08,345,0.0,0,0
3111,1,2017/12/23,12:10:42,25.5,25.31,25.13,25.88,123,37,70,50,0.68,0.32,0.22,0.15,365,0.296153846154,0,0
3112,0,2017/12/24,05:26:41,25.19,25.19,24.63,25.56,0,0,0,0,0.07,0.05,0.06,0.06,360,0.0,0,0
3113,3,2017/12/23,18:24:27,26.25,26.31,25.88,26.31,149,234,185,10,0.2,0.36,0.63,0.09,985,2.0,0,0
3114,0,2017/12/24,00:23:24,25.44,25.44,24.94,25.69,0,0,0,0,0.07,0.05,0.06,0.07,370,0.0,0,0
3115,0,2018/01/11,02:22:25,25.19,25.19,24.75,25.25,0,0,0,0,0.07,0.04,0.06,0.09,345,0.0,0,0
3116,0,2017/12/26,00:51:10,25.38,25.38,24.94,25.81,0,0,0,0,0.08,0.05,0.07,0.1,355,0.0,0,0
3117,0,2018/01/11,02:52:32,25.19,25.19,24.75,25.25,0,0,0,0,0.07,0.04,0.05,0.08,345,0.0,0,0
3118,0,2017/12/25,21:39:11,25.38,25.44,25.06,25.88,0,0,0,0,0.08,0.05,0.06,0.1,350,0.0269230769231,0,0
3119,3,2017/12/22,18:53:43,26.31,27.56,26.06,26.44,150,237,180,11,0.19,0.08,0.07,0.06,1200,2.38076923077,1,0
3120,0,2017/12/26,06:56:45,25.13,25.19,24.56,25.31,0,0,2,1,0.08,0.06,0.06,0.1,355,-0.157692307692,0,0
3121,0,2018/01/10,19:24:45,25.56,25.63,25.31,25.69,0,0,0,0,0.08,0.04,0.06,0.09,535,-2.41923076923,0,0
3122,0,2017/12/26,00:03:41,25.38,25.38,25.0,25.81,0,0,0,0,0.07,0.05,0.06,0.09,355,0.0,0,0
3123,0,2017/12/23,21:57:53,25.63,25.63,25.25,25.81,0,0,0,0,0.07,0.05,0.06,0.06,510,-1.72692307692,0,0
3124,3,2017/12/22,18:46:03,26.31,26.63,26.06,26.44,149,236,180,10,0.43,0.97,2.96,0.65,1170,2.81538461538,1,1
3125,0,2017/12/25,12:50:44,25.25,25.25,25.13,25.88,16,20,72,52,0.08,0.05,0.06,0.1,355,0.0,0,0
3126,0,2017/12/23,09:37:32,25.06,25.06,24.69,25.5,7,8,39,26,0.08,0.06,0.07,0.05,360,-0.0423076923077,0,0
3127,0,2017/12/23,00:14:21,25.38,25.38,24.94,25.81,0,0,0,0,0.06,0.05,0.06,0.07,375,-0.161538461538,0,0
3128,0,2017/12/25,23:16:12,25.38,25.38,25.0,25.88,0,0,0,0,0.08,0.05,0.06,0.1,355,0.0,0,0
3129,2,2017/12/23,17:04:48,26.13,25.88,25.69,26.38,118,23,191,13,2.94,0.74,1.45,0.47,655,2.88076923077,1,1
3130,1,2017/12/23,15:50:46,25.94,26.81,25.5,26.25,119,24,42,31,0.23,0.23,0.06,0.13,435,0.846153846154,0,0
3131,0,2017/12/25,15:18:18,25.44,25.44,25.38,26.13,12,15,61,45,0.08,0.05,0.06,0.1,355,0.0,0,0
3132,0,2018/01/10,23:31:22,25.25,25.31,24.88,25.44,0,0,0,0,0.07,0.04,0.05,0.09,345,0.0,0,0
3133,0,2017/12/26,03:15:09,25.31,25.31,24.81,25.69,0,0,0,0,0.07,0.05,0.06,0.1,355,0.0,0,0
3134,2,2017/12/23,17:17:03,26.13,25.81,25.69,26.38,117,23,188,11,0.8,0.39,0.13,0.37,720,2.41538461538,0,0
3135,0,2017/12/26,08:17:25,25.06,25.06,24.63,25.19,5,5,29,20,0.07,0.05,0.06,0.09,350,0.0,0,0
3136,0,2017/12/26,01:50:54,25.31,25.38,24.88,25.75,0,0,0,0,0.09,0.05,0.07,0.09,355,0.0,0,0
3137,0,2018/01/11,05:33:53,25.13,25.13,24.63,25.25,0,0,0,0,0.08,0.05,0.06,0.09,345,0.0,0,0
3138,0,2017/12/25,18:37:56,25.44,25.44,25.19,26.0,0,0,0,0,0.08,0.05,0.06,0.09,355,0.203846153846,0,0
3139,0,2018/01/10,22:54:06,25.31,25.31,24.94,25.44,0,0,0,0,0.08,0.04,0.05,0.09,345,-0.126923076923,0,0
3140,1,2017/12/22,11:14:42,25.25,24.94,24.75,25.56,124,36,60,46,0.09,0.05,0.06,0.06,425,1.21923076923,0,0
3141,0,2017/12/23,01:32:59,25.31,25.31,24.88,25.75,0,0,0,0,0.06,0.05,0.06,0.06,370,0.0,0,0
3142,0,2017/12/23,05:23:16,25.13,25.19,24.56,25.5,0,0,0,0,0.07,0.05,0.06,0.05,360,0.0,0,0
3143,0,2017/12/22,23:40:40,25.44,25.44,25.0,25.81,0,0,0,0,0.07,0.05,0.06,0.06,385,0.0,0,0
3144,1,2017/12/22,16:17:59,26.06,25.75,25.56,26.31,116,27,45,26,0.23,0.1,0.16,0.07,620,0.742307692308,0,0
3145,0,2017/12/23,04:31:11,25.19,25.19,24.63,25.44,0,0,0,0,0.08,0.05,0.06,0.06,360,0.0,0,0
3146,0,2017/12/25,18:25:41,25.44,25.44,25.19,26.06,0,0,0,0,0.07,0.05,0.06,0.1,350,-0.0730769230769,0,0
3147,0,2018/01/11,06:47:24,25.06,25.06,24.56,25.19,0,0,0,0,0.08,0.05,0.05,0.08,345,0.0,0,0
3148,0,2018/01/10,22:37:45,25.31,25.31,24.94,25.44,0,0,0,0,0.07,0.05,0.05,0.09,350,-0.253846153846,0,0
3149,0,2017/12/25,09:48:27,25.0,25.06,24.63,25.44,8,9,42,29,0.07,0.05,0.05,0.1,355,0.0,0,0
3150,0,2018/01/10,21:19:08,25.38,25.44,25.06,25.5,0,0,0,0,0.07,0.04,0.06,0.09,370,-0.188461538462,0,0
3151,0,2017/12/23,11:02:17,25.19,25.19,24.81,25.75,12,14,57,40,0.08,0.05,0.05,0.06,360,-0.0192307692308,0,0
3152,2,2017/12/23,12:58:11,25.75,25.63,25.25,26.13,159,248,76,57,0.45,0.52,0.3,0.16,390,0.357692307692,0,0
3153,0,2017/12/23,02:02:36,25.31,25.31,24.81,25.69,0,0,0,0,0.07,0.04,0.06,0.06,365,-0.234615384615,0,0
3154,0,2018/01/11,02:39:46,25.19,25.19,24.69,25.25,0,0,0,0,0.07,0.05,0.05,0.08,345,0.0,0,0
3155,0,2018/01/11,08:43:49,25.06,25.06,24.63,25.19,6,7,32,21,0.08,0.05,0.06,0.09,345,0.0,0,0
3156,0,2018/01/10,19:27:18,25.56,25.63,25.25,25.69,0,0,0,0,0.07,0.04,0.05,0.09,530,-2.63076923077,0,0
3157,0,2018/01/10,18:35:14,25.75,25.81,25.5,25.81,0,0,0,0,0.06,0.05,0.06,0.09,725,-1.46923076923,0,0
3158,0,2017/12/25,21:44:48,25.38,25.44,25.06,25.88,0,0,0,0,0.07,0.05,0.06,0.08,355,-0.00384615384615,0,0
3159,0,2017/12/25,21:20:48,25.38,25.44,25.06,25.88,0,0,0,0,0.08,0.04,0.06,0.09,355,0.0192307692308,0,0
3160,3,2017/12/22,19:06:29,26.31,27.94,26.06,26.44,150,239,180,11,1.17,0.44,2.01,0.57,1220,1.36538461538,1,1
3161,0,2017/12/23,08:31:40,25.06,25.0,24.5,25.38,5,6,31,20,0.08,0.05,0.07,0.06,360,0.0,0,0
3162,0,2017/12/25,13:40:16,25.38,25.31,25.25,25.94,16,20,71,52,0.08,0.04,0.06,0.1,355,0.0,0,0
3163,0,2017/12/25,10:04:48,25.06,25.06,24.69,25.56,9,10,44,29,0.08,0.05,0.07,0.1,355,0.0,0,0
3164,0,2017/12/25,10:59:56,25.19,25.13,24.88,25.75,13,14,58,40,0.07,0.05,0.06,0.1,355,0.0,0,0
3165,3,2017/12/22,18:59:50,26.31,27.94,26.06,26.38,150,238,181,10,0.76,0.19,0.18,0.14,1205,0.561538461538,0,0
3166,0,2017/12/26,08:15:53,25.06,25.06,24.56,25.19,5,5,28,19,0.08,0.05,0.07,0.09,350,0.0,0,0
3167,3,2018/01/10,15:44:11,25.63,26.25,25.44,25.69,10,10,38,34,0.17,0.06,0.08,0.09,375,0.288461538462,0,1
3168,3,2017/12/22,14:06:15,26.19,27.25,26.0,26.38,164,254,269,74,1.52,0.36,1.11,0.41,965,1.60384615385,1,1
3169,0,2017/12/25,16:03:44,25.44,25.44,25.44,26.13,6,8,36,26,0.08,0.05,0.08,0.12,350,-0.176923076923,0,0
3170,0,2017/12/25,09:16:48,25.06,25.0,24.56,25.31,7,7,35,24,0.08,0.05,0.07,0.09,355,-0.257692307692,0,0
3171,0,2017/12/22,21:23:19,25.69,25.75,25.38,25.88,0,0,0,0,0.06,0.05,0.06,0.07,640,-2.03076923077,0,0
3172,0,2017/12/25,16:14:27,25.44,25.44,25.38,26.13,5,7,32,22,0.08,0.05,0.06,0.09,355,0.211538461538,0,0
3173,0,2017/12/24,05:59:21,25.13,25.19,24.56,25.5,0,0,0,0,0.07,0.05,0.06,0.07,360,-0.0115384615385,0,0
3174,0,2018/01/11,02:14:15,25.19,25.19,24.75,25.25,0,0,0,0,0.07,0.04,0.05,0.08,345,0.0,0,0
3175,3,2017/12/22,17:51:25,26.25,26.25,25.94,26.44,148,235,179,11,0.21,1.62,0.18,0.14,875,2.27307692308,1,1
3176,0,2017/12/26,08:29:40,25.06,25.06,24.63,25.19,5,6,30,20,0.07,0.05,0.07,0.1,350,0.0,0,0
3177,0,2017/12/23,05:33:28,25.13,25.13,24.56,25.31,0,0,0,0,0.08,0.05,0.06,0.05,360,0.0,0,0
3178,0,2018/01/10,23:44:38,25.25,25.31,24.88,25.38,0,0,0,0,0.07,0.05,0.05,0.09,345,0.0,0,0
3179,0,2017/12/23,22:51:29,25.56,25.56,25.06,25.63,0,0,0,0,0.07,0.05,0.06,0.06,385,-0.284615384615,0,0
3180,0,2018/01/10,18:02:33,25.94,26.19,25.69,25.94,0,0,0,0,0.17,0.05,0.05,0.08,840,0.419230769231,0,0
3181,3,2018/01/10,15:42:39,25.56,26.25,25.44,25.69,10,11,36,34,0.2,0.22,0.22,0.09,375,0.242307692308,0,1
3182,0,2017/12/24,06:57:03,25.13,25.13,24.5,25.44,0,0,2,1,0.07,0.06,0.06,0.05,360,-0.0269230769231,0,0
3183,0,2017/12/25,13:00:57,25.25,25.31,25.19,25.94,18,21,77,55,0.08,0.06,0.07,0.09,355,0.0,0,0
3184,3,2018/01/10,16:44:26,25.81,26.06,25.75,25.88,4,4,29,14,0.13,0.07,0.09,0.08,690,2.88461538462,1,1
3185,0,2017/12/24,03:28:44,25.31,25.31,24.81,25.63,0,0,0,0,0.06,0.05,0.06,0.07,360,0.0,0,0
3186,3,2017/12/22,18:19:00,26.31,26.38,25.94,26.38,148,234,177,10,0.45,0.39,1.88,0.44,1035,2.55769230769,0,1
3187,0,2018/01/10,22:10:42,25.38,25.31,25.0,25.44,0,0,0,0,0.07,0.05,0.06,0.08,355,-0.253846153846,0,0
3188,3,2018/01/10,16:27:04,25.81,26.06,25.69,25.81,5,7,24,21,0.17,0.1,0.09,0.09,605,3.69230769231,0,0
3189,0,2018/01/10,19:00:45,25.63,25.69,25.31,25.75,0,0,0,0,0.07,0.05,0.05,0.08,630,-1.6,0,0
3190,2,2018/01/10,17:10:59,25.94,26.13,25.81,25.94,148,234,177,23,0.21,0.24,0.67,0.2,805,1.6,1,1
3191,0,2017/12/25,10:01:13,25.06,25.06,24.63,25.56,10,10,46,31,0.07,0.05,0.06,0.11,355,0.0,0,0
3192,0,2018/01/11,06:39:45,25.06,25.06,24.56,25.19,0,0,0,0,0.08,0.04,0.06,0.09,345,0.0,0,0
3193,0,2018/01/11,06:58:08,25.06,25.06,24.56,25.19,0,0,1,1,0.08,0.05,0.05,0.09,345,0.0,0,0
3194,0,2018/01/11,06:36:10,25.06,25.06,24.56,25.19,0,0,0,0,0.08,0.04,0.05,0.1,345,0.0,0,0
3195,0,2017/12/22,19:57:01,26.13,26.44,25.81,26.31,0,0,0,0,0.07,0.05,0.06,0.06,1095,-4.31153846154,0,0
3196,0,2017/12/24,07:49:08,25.06,25.13,24.56,25.38,4,4,19,13,0.07,0.05,0.06,0.06,360,0.0461538461538,0,0
3197,0,2017/12/23,09:24:15,25.06,25.06,24.63,25.31,6,7,36,24,0.08,0.05,0.06,0.06,360,-0.0153846153846,0,0
3198,0,2017/12/22,21:05:57,25.75,25.81,25.38,25.94,0,0,0,0,0.07,0.05,0.07,0.06,715,-2.05384615385,0,0
3199,0,2017/12/26,06:31:13,25.19,25.19,24.63,25.44,0,0,0,0,0.07,0.05,0.07,0.09,355,-0.0346153846154,0,0
3200,1,2017/12/23,16:33:09,26.06,26.81,25.5,26.31,115,20,24,15,0.15,0.12,0.09,0.07,530,0.838461538462,0,0
3201,0,2018/01/10,21:34:57,25.38,25.38,25.0,25.5,0,0,0,0,0.07,0.05,0.06,0.09,365,-0.3,0,0
3202,0,2018/01/10,22:26:01,25.31,25.31,25.0,25.44,0,0,0,0,0.08,0.05,0.06,0.08,355,0.0,0,0
3203,0,2018/01/10,23:18:36,25.25,25.31,24.94,25.44,0,0,0,0,0.08,0.06,0.05,0.09,345,0.0,0,0
3204,0,2018/01/10,23:49:45,25.25,25.25,24.88,25.38,0,0,0,0,0.08,0.04,0.05,0.08,345,0.0,0,0
3205,2,2017/12/22,12:01:41,25.56,27.44,25.06,26.0,156,244,75,58,0.1,0.05,0.06,0.06,600,2.14615384615,0,0
3206,0,2018/01/10,20:06:07,25.56,25.5,25.19,25.63,0,0,0,0,0.07,0.05,0.05,0.09,425,-1.35769230769,0,0
3207,0,2017/12/26,07:01:21,25.13,25.13,24.56,25.25,0,0,3,2,0.08,0.05,0.06,0.11,350,-0.0384615384615,0,0
3208,0,2017/12/23,10:35:14,25.13,25.13,24.75,25.63,11,12,53,36,0.08,0.06,0.06,0.06,355,-0.0653846153846,0,0
3209,0,2017/12/24,04:16:44,25.25,25.25,24.69,25.56,0,0,0,0,0.07,0.06,0.07,0.06,360,0.0,0,0
3210,0,2018/01/11,07:16:00,25.06,25.06,24.56,25.19,0,0,5,4,0.08,0.04,0.06,0.09,345,0.0,0,0
3211,0,2017/12/23,03:30:56,25.25,25.25,24.75,25.56,0,0,0,0,0.07,0.06,0.06,0.05,360,-0.0384615384615,0,0
3212,0,2017/12/23,11:14:32,25.19,25.19,24.88,25.81,13,14,59,41,0.08,0.06,0.07,0.06,355,-0.0538461538462,0,0
3213,0,2017/12/24,01:15:59,25.38,25.38,24.94,25.69,0,0,0,0,0.06,0.04,0.06,0.05,365,0.0,0,0
3214,1,2017/12/23,16:14:15,26.06,26.81,25.56,26.31,119,22,29,21,0.19,0.06,0.07,0.07,495,0.938461538462,0,0
3215,0,2017/12/23,07:39:04,25.06,25.0,24.44,25.38,2,2,14,9,0.07,0.05,0.06,0.06,360,0.05,0,0
3216,1,2017/12/22,11:01:26,25.13,24.88,24.63,25.56,123,35,58,45,1.31,0.12,0.08,0.07,400,0.319230769231,0,0
3217,0,2018/01/10,22:15:48,25.31,25.31,25.0,25.44,0,0,0,0,0.08,0.05,0.05,0.09,355,-0.234615384615,0,0
3218,3,2017/12/22,19:09:02,26.31,27.94,26.06,26.38,150,239,180,10,1.29,0.35,0.21,0.18,1220,1.28846153846,0,0
3219,2,2017/12/23,17:03:16,26.13,25.81,25.69,26.31,119,24,192,14,0.35,0.6,0.51,0.55,645,2.53846153846,1,1
3220,0,2017/12/25,14:43:04,25.44,25.44,25.38,26.13,17,22,80,58,0.08,0.05,0.06,0.1,355,0.0,0,0
3221,0,2017/12/24,08:10:04,25.06,25.13,24.56,25.44,5,5,27,18,0.07,0.05,0.06,0.06,360,0.0,0,0
3222,0,2017/12/25,21:29:29,25.38,25.44,25.06,25.88,0,0,0,0,0.08,0.05,0.06,0.09,355,-0.119230769231,0,0
3223,0,2017/12/25,11:43:20,25.19,25.25,25.0,25.81,14,15,60,44,0.08,0.05,0.06,0.1,355,0.0,0,0
3224,0,2017/12/25,09:13:44,25.06,25.0,24.5,25.31,7,7,36,24,0.08,0.05,0.06,0.1,355,-0.196153846154,0,0
3225,0,2017/12/24,02:16:14,25.31,25.38,24.88,25.75,0,0,0,0,0.06,0.05,0.06,0.06,365,0.0,0,0
3226,0,2017/12/26,03:50:54,25.31,25.31,24.81,25.69,0,0,0,0,0.08,0.05,0.06,0.09,355,0.0,0,0
3227,0,2017/12/23,01:20:44,25.31,25.31,24.88,25.75,0,0,0,0,0.07,0.05,0.06,0.07,370,0.0,0,0
3228,0,2017/12/25,13:26:28,25.31,25.31,25.19,26.0,16,20,72,53,0.07,0.05,0.05,0.11,355,0.0,0,0
3229,0,2018/01/11,07:03:45,25.06,25.06,24.56,25.19,0,0,3,1,0.08,0.05,0.05,0.08,345,0.0,0,0
3230,0,2017/12/25,18:09:20,25.44,25.44,25.25,26.06,0,0,0,0,0.07,0.05,0.06,0.11,350,0.0384615384615,0,0
3231,3,2018/01/10,16:23:30,25.81,26.06,25.69,25.88,5,7,24,21,0.1,0.07,0.08,0.09,580,3.63076923077,0,0
3232,2,2018/01/10,17:31:24,25.94,26.19,25.88,25.94,146,230,170,20,0.26,0.37,0.89,0.24,840,2.03461538462,0,0
3233,0,2017/12/23,15:12:59,25.81,26.81,25.5,26.31,10,11,57,41,0.07,0.06,0.06,0.07,465,-2.28846153846,0,0
3234,0,2017/12/23,22:15:14,25.63,25.56,25.19,25.81,0,0,0,0,0.07,0.04,0.06,0.07,445,-2.18846153846,0,0
3235,0,2017/12/25,17:11:08,25.44,25.44,25.31,26.13,1,1,7,5,0.08,0.06,0.06,0.1,350,0.0,0,0
3236,0,2017/12/25,18:35:53,25.44,25.44,25.19,26.06,0,0,0,0,0.07,0.05,0.06,0.1,355,0.173076923077,0,0
3237,0,2017/12/23,06:24:01,25.06,25.06,24.44,25.19,0,0,0,0,0.08,0.05,0.06,0.06,355,-0.138461538462,0,0
3238,0,2017/12/23,03:27:21,25.19,25.25,24.69,25.5,0,0,0,0,0.07,0.05,0.07,0.06,365,-0.0269230769231,0,0
3239,1,2017/12/22,11:05:31,25.19,24.88,24.69,25.56,123,35,58,45,0.08,0.08,0.07,0.06,400,0.788461538462,0,0
3240,0,2017/12/25,12:33:22,25.25,25.25,25.13,25.88,16,20,73,52,0.08,0.04,0.07,0.1,355,0.0,0,0
3241,0,2017/12/23,05:49:18,25.13,25.13,24.56,25.31,0,0,0,0,0.08,0.05,0.05,0.07,360,-0.123076923077,0,0
3242,0,2017/12/22,21:08:30,25.75,25.81,25.38,25.94,0,0,0,0,0.06,0.05,0.06,0.06,700,-2.11538461538,0,0
3243,0,2017/12/25,17:42:47,25.44,25.44,25.25,26.13,0,0,0,0,0.08,0.06,0.06,0.1,350,-0.0115384615385,0,0
3244,0,2017/12/23,23:50:43,25.44,25.44,25.0,25.5,0,0,0,0,0.07,0.05,0.06,0.07,375,-0.0423076923077,0,0
3245,0,2017/12/23,02:55:42,25.25,25.25,24.75,25.63,0,0,0,0,0.07,0.05,0.07,0.06,365,0.0,0,0
3246,0,2018/01/10,22:20:24,25.31,25.38,25.0,25.44,0,0,0,0,0.08,0.04,0.05,0.09,355,0.0,0,0
3247,0,2017/12/26,03:53:57,25.25,25.31,24.81,25.69,0,0,0,0,0.08,0.05,0.06,0.1,355,0.0,0,0
3248,2,2017/12/23,19:24:11,26.19,26.19,26.0,26.31,114,19,180,7,0.8,0.87,3.65,0.57,1015,-0.473076923077,0,1
3249,3,2018/01/10,17:05:22,25.88,26.06,25.75,25.94,149,238,183,25,0.32,0.06,0.09,0.09,780,1.48461538462,0,1
3250,0,2017/12/23,11:46:12,25.19,25.19,25.0,25.88,14,16,64,45,0.08,0.05,0.07,0.06,360,-0.0653846153846,0,0
3251,0,2018/01/11,01:07:52,25.25,25.25,24.81,25.25,0,0,0,0,0.08,0.05,0.05,0.08,345,0.0,0,0
3252,0,2017/12/23,06:53:07,25.06,25.06,24.44,25.31,0,0,1,1,0.08,0.05,0.06,0.05,355,0.00769230769231,0,0
3253,0,2018/01/10,17:59:29,26.0,26.25,25.69,25.94,0,0,0,0,0.08,0.05,0.06,0.09,850,0.992307692308,0,0
3254,0,2017/12/26,09:02:21,25.06,25.13,24.63,25.31,6,6,32,21,0.08,0.05,0.06,0.09,350,0.0,0,0
3255,0,2017/12/25,14:19:04,25.38,25.38,25.31,26.06,20,24,86,63,0.1,0.16,0.13,0.11,355,0.0,0,0
3256,0,2017/12/22,22:52:09,25.5,25.5,25.06,25.94,0,0,0,0,0.07,0.05,0.07,0.06,395,-0.796153846154,0,0
3257,0,2017/12/23,03:08:59,25.25,25.25,24.75,25.63,0,0,0,0,0.07,0.05,0.06,0.06,365,0.0,0,0
3258,2,2017/12/23,19:49:43,26.25,26.13,25.94,26.25,115,19,182,7,1.19,0.29,1.09,0.35,1015,-1.22307692308,1,1
3259,0,2017/12/25,22:44:33,25.44,25.44,25.06,25.88,0,0,0,0,0.08,0.05,0.06,0.09,355,0.0,0,0
3260,0,2018/01/11,08:52:30,25.13,25.06,24.63,25.19,6,7,33,21,0.08,0.04,0.06,0.08,345,0.0,0,0
3261,3,2018/01/10,15:51:50,25.69,26.44,25.5,25.69,9,9,50,30,1.4,2.8,0.26,0.19,405,0.734615384615,1,1
3262,3,2017/12/23,18:35:41,26.25,26.38,25.88,26.38,150,235,187,10,0.2,0.25,0.12,0.08,1030,1.96153846154,1,0
3263,0,2017/12/25,19:31:33,25.44,25.44,25.13,26.0,0,0,0,0,0.07,0.05,0.06,0.11,350,-0.0615384615385,0,0
3264,0,2017/12/25,15:36:10,25.44,25.44,25.44,26.13,10,12,50,36,0.08,0.05,0.06,0.1,355,0.0,0,0
3265,0,2018/01/10,21:25:46,25.44,25.44,25.06,25.5,0,0,0,0,0.08,0.04,0.05,0.08,370,0.0,0,0
3266,0,2017/12/22,15:17:44,25.81,25.88,25.75,26.31,14,17,81,50,0.07,0.05,0.06,0.05,635,-2.38076923077,0,0
3267,0,2017/12/23,01:34:31,25.31,25.31,24.81,25.75,0,0,0,0,0.07,0.05,0.06,0.06,370,0.0,0,0
3268,0,2017/12/25,11:32:06,25.19,25.19,24.94,25.88,12,14,55,40,0.08,0.05,0.07,0.1,355,0.0,0,0
3269,0,2017/12/24,02:00:24,25.38,25.38,24.81,25.69,0,0,0,0,0.07,0.06,0.06,0.06,365,0.0,0,0
3270,0,2018/01/11,00:25:29,25.25,25.25,24.81,25.31,0,0,0,0,0.07,0.04,0.06,0.09,345,0.0,0,0
3271,3,2017/12/22,14:02:41,26.19,27.06,26.0,26.38,165,256,280,73,0.08,0.07,0.22,0.08,940,1.24230769231,1,1
3272,0,2018/01/11,01:26:15,25.19,25.19,24.81,25.31,0,0,0,0,0.07,0.04,0.05,0.09,345,0.0,0,0
3273,0,2017/12/23,07:50:49,25.06,25.0,24.44,25.38,4,4,19,14,0.08,0.05,0.07,0.06,355,-0.0115384615385,0,0
3274,0,2017/12/23,09:42:38,25.06,25.06,24.63,25.44,8,8,40,26,0.08,0.06,0.06,0.05,360,-0.00384615384615,0,0
3275,2,2017/12/23,13:48:44,26.0,26.94,25.44,26.31,162,249,83,63,0.48,0.84,0.26,0.29,565,2.86923076923,1,0
3276,0,2017/12/22,20:25:37,25.94,26.0,25.56,26.13,0,0,0,0,0.07,0.05,0.06,0.06,910,-3.61153846154,0,0
3277,0,2017/12/24,03:11:23,25.31,25.31,24.75,25.63,0,0,0,0,0.07,0.05,0.05,0.06,360,0.0576923076923,0,0
3278,0,2018/01/11,04:42:19,25.19,25.19,24.63,25.25,0,0,0,0,0.08,0.04,0.06,0.09,345,0.0,0,0
3279,0,2018/01/11,01:46:40,25.19,25.25,24.75,25.25,0,0,0,0,0.07,0.05,0.06,0.09,345,0.0,0,0
3280,0,2017/12/24,00:52:30,25.44,25.44,24.94,25.75,0,0,0,0,0.07,0.05,0.06,0.06,365,-0.0846153846154,0,0
3281,0,2017/12/23,08:07:09,25.0,25.06,24.44,25.38,5,5,25,17,0.08,0.05,0.07,0.06,360,0.161538461538,0,0
3282,0,2018/01/11,08:31:34,25.13,25.06,24.63,25.13,6,6,31,21,0.08,0.05,0.05,0.09,345,0.0,0,0
3283,0,2017/12/25,15:19:49,25.44,25.44,25.44,26.13,12,15,60,45,0.13,0.05,0.06,0.1,355,0.0,0,0
3284,0,2018/01/11,00:13:14,25.25,25.25,24.88,25.38,0,0,0,0,0.07,0.04,0.06,0.08,345,0.0,0,0
3285,2,2018/01/10,17:46:43,25.94,26.19,25.81,25.94,142,227,6,7,0.26,0.52,0.17,0.1,835,0.380769230769,0,0
3286,0,2017/12/25,19:19:17,25.44,25.44,25.13,26.0,0,0,0,0,0.08,0.06,0.06,0.09,355,0.138461538462,0,0
3287,2,2018/01/10,17:43:09,25.94,26.25,25.81,26.0,142,227,6,7,0.64,0.65,0.18,0.12,850,0.615384615385,1,0
3288,0,2018/01/11,04:19:20,25.13,25.13,24.63,25.31,0,0,0,0,0.08,0.04,0.06,0.08,345,0.0,0,0
3289,0,2018/01/10,20:02:32,25.56,25.5,25.19,25.63,0,0,0,0,0.07,0.06,0.06,0.08,425,-1.68846153846,0,0
3290,0,2017/12/26,03:22:18,25.31,25.31,24.81,25.63,0,0,0,0,0.08,0.05,0.06,0.09,355,0.0,0,0
3291,0,2017/12/23,10:06:38,25.06,25.06,24.69,25.44,9,10,45,30,0.08,0.05,0.06,0.05,355,0.0307692307692,0,0
3292,0,2017/12/26,02:48:06,25.31,25.31,24.88,25.69,0,0,0,0,0.08,0.04,0.06,0.09,355,0.0,0,0
3293,3,2018/01/10,15:50:18,25.63,26.31,25.56,25.75,9,10,49,30,0.26,0.78,0.15,0.15,385,0.553846153846,1,1
3294,0,2017/12/22,23:54:27,25.44,25.44,25.0,25.75,0,0,0,0,0.07,0.05,0.06,0.07,380,0.0,0,0
3295,0,2018/01/10,21:21:41,25.38,25.38,25.06,25.5,0,0,0,0,0.07,0.05,0.06,0.09,370,-0.0461538461538,0,0
3296,0,2018/01/10,18:08:10,25.88,26.13,25.63,25.94,0,0,0,0,0.07,0.05,0.06,0.09,825,-1.08076923077,0,0
3297,0,2018/01/11,06:49:57,25.06,25.06,24.56,25.19,0,0,0,0,0.08,0.05,0.05,0.08,345,0.0,0,0
3298,0,2017/12/25,23:04:58,25.38,25.38,25.0,25.88,0,0,0,0,0.08,0.05,0.06,0.1,355,0.0,0,0
3299,2,2017/12/22,17:15:41,26.19,25.75,25.81,26.44,115,24,180,11,1.04,1.2,2.8,0.07,750,1.20769230769,0,1
3300,2,2017/12/23,14:07:38,26.13,27.13,25.5,26.38,160,247,76,57,0.96,1.87,0.44,0.39,635,1.19230769231,0,0
3301,0,2017/12/23,10:36:45,25.19,25.13,24.81,25.56,11,12,53,37,0.07,0.05,0.06,0.05,360,-0.0769230769231,0,0
3302,0,2018/01/10,21:57:25,25.31,25.38,25.0,25.5,0,0,0,0,0.07,0.04,0.05,0.09,360,-0.0461538461538,0,0
3303,0,2017/12/23,22:58:38,25.5,25.5,25.06,25.63,0,0,0,0,0.07,0.05,0.06,0.06,385,-0.0461538461538,0,0
3304,0,2017/12/23,07:46:44,25.06,25.0,24.44,25.31,3,3,17,12,0.08,0.05,0.08,0.06,355,0.0153846153846,0,0
3305,0,2017/12/23,23:20:05,25.44,25.5,25.0,25.56,0,0,0,0,0.07,0.06,0.06,0.06,380,0.0,0,0
3306,0,2018/01/10,22:58:11,25.31,25.31,24.94,25.44,0,0,0,0,0.07,0.05,0.05,0.09,345,-0.265384615385,0,0
3307,1,2017/12/22,11:19:49,25.25,25.0,24.81,25.63,123,35,59,45,0.29,0.08,0.1,0.07,440,0.934615384615,0,0
3308,0,2017/12/25,20:25:40,25.44,25.44,25.13,26.0,0,0,0,0,0.08,0.05,0.07,0.1,350,0.0346153846154,0,0
3309,0,2017/12/25,18:39:58,25.44,25.44,25.19,26.0,0,0,0,0,0.07,0.05,0.06,0.1,355,0.184615384615,0,0
3310,0,2018/01/11,05:50:44,25.13,25.13,24.56,25.19,0,0,0,0,0.08,0.05,0.06,0.09,345,0.0,0,0
3311,0,2017/12/23,03:35:01,25.19,25.25,24.75,25.56,0,0,0,0,0.07,0.05,0.06,0.05,365,0.0230769230769,0,0
3312,0,2017/12/23,06:28:06,25.06,25.06,24.5,25.31,0,0,0,0,0.08,0.05,0.06,0.05,355,-0.0115384615385,0,0
3313,0,2017/12/23,01:15:38,25.38,25.38,24.94,25.75,0,0,0,0,0.06,0.06,0.05,0.06,370,0.0,0,0
3314,0,2017/12/26,01:47:51,25.38,25.38,24.88,25.75,0,0,0,0,0.08,0.06,0.06,0.1,355,0.0,0,0
3315,0,2017/12/25,12:42:03,25.31,25.31,25.13,25.88,16,19,71,51,0.07,0.06,0.08,0.1,355,0.0,0,0
3316,0,2017/12/23,07:00:47,25.0,25.06,24.44,25.38,0,0,3,2,0.08,0.05,0.06,0.07,355,-0.00384615384615,0,0
3317,0,2017/12/25,21:28:28,25.38,25.44,25.06,25.94,0,0,0,0,0.08,0.06,0.06,0.09,350,-0.196153846154,0,0
3318,0,2018/01/11,08:32:04,25.06,25.06,24.63,25.13,6,6,31,21,0.08,0.05,0.06,0.09,345,0.0,0,0
3319,0,2017/12/24,07:57:18,25.06,25.13,24.56,25.44,4,4,22,15,0.07,0.05,0.06,0.07,360,0.0192307692308,0,0
3320,0,2017/12/25,10:13:59,25.06,25.06,24.69,25.69,10,10,48,33,0.08,0.04,0.06,0.1,355,0.0,0,0
3321,0,2017/12/23,11:41:36,25.25,25.19,24.94,25.81,14,16,65,46,0.08,0.06,0.06,0.05,360,-0.0115384615385,0,0
3322,0,2018/01/10,18:35:44,25.75,25.81,25.5,25.81,0,0,0,0,0.07,0.05,0.07,0.08,725,-1.49615384615,0,0
3323,0,2017/12/26,08:32:44,25.06,25.06,24.63,25.19,6,6,31,21,0.08,0.05,0.06,0.1,350,0.0,0,0
3324,0,2018/01/11,07:36:25,25.06,25.06,24.56,25.19,2,2,11,7,0.08,0.05,0.06,0.08,345,0.0,0,0
3325,0,2017/12/23,01:45:45,25.31,25.31,24.88,25.75,0,0,0,0,0.07,0.04,0.07,0.07,370,0.0,0,0
3326,1,2017/12/22,16:28:43,26.13,25.69,25.56,26.38,115,24,38,21,0.53,0.16,0.26,0.1,625,0.434615384615,0,1
3327,0,2017/12/24,07:40:58,25.06,25.13,24.5,25.44,3,3,15,10,0.06,0.05,0.06,0.07,360,-0.0115384615385,0,0
3328,0,2017/12/24,08:18:45,25.06,25.13,24.56,25.44,5,5,29,20,0.07,0.05,0.06,0.06,360,0.0,0,0
3329,0,2018/01/11,00:34:10,25.19,25.25,24.81,25.31,0,0,0,0,0.07,0.05,0.05,0.09,345,0.0,0,0
3330,0,2017/12/25,09:16:17,25.0,25.0,24.56,25.31,7,7,36,24,0.08,0.05,0.06,0.1,355,-0.215384615385,0,0
3331,1,2017/12/22,16:26:09,26.06,25.75,25.56,26.31,115,25,38,21,0.07,0.06,0.07,0.06,615,0.226923076923,0,0
3332,0,2017/12/24,08:32:01,25.13,25.13,24.56,25.5,6,6,33,21,0.07,0.05,0.06,0.06,360,0.0,0,0
3333,0,2018/01/11,00:06:36,25.25,25.25,24.81,25.38,0,0,0,0,0.07,0.04,0.06,0.08,345,0.0,0,0
3334,0,2017/12/23,20:21:53,26.0,25.88,25.63,26.19,0,0,0,0,0.07,0.04,0.06,0.06,895,-3.17307692308,0,0
3335,0,2018/01/10,22:35:43,25.31,25.31,24.94,25.44,0,0,0,0,0.07,0.04,0.05,0.09,350,-0.261538461538,0,0
3336,0,2017/12/26,03:04:57,25.31,25.31,24.88,25.69,0,0,0,0,0.08,0.05,0.06,0.1,355,0.0,0,0
3337,0,2017/12/22,21:29:57,25.69,25.69,25.31,25.94,0,0,0,0,0.07,0.05,0.06,0.06,615,-1.9,0,0
3338,0,2017/12/25,23:24:22,25.38,25.44,25.0,25.81,0,0,0,0,0.08,0.05,0.06,0.1,355,0.0,0,0
3339,0,2017/12/24,02:17:15,25.31,25.38,24.88,25.75,0,0,0,0,0.06,0.04,0.06,0.06,365,0.0,0,0
3340,0,2017/12/25,23:03:57,25.44,25.38,25.0,25.94,0,0,0,0,0.08,0.04,0.05,0.1,355,0.0,0,0
3341,0,2017/12/23,09:45:42,25.06,25.06,24.63,25.38,8,8,40,26,0.08,0.05,0.06,0.06,360,-0.0538461538462,0,0
3342,1,2017/12/23,16:19:52,26.06,26.81,25.5,26.31,117,21,27,20,1.22,0.08,0.08,0.09,520,1.7,0,0
3343,0,2017/12/23,01:02:52,25.31,25.38,24.88,25.75,0,0,0,0,0.07,0.05,0.06,0.06,370,-0.234615384615,0,0
3344,0,2018/01/11,01:12:28,25.19,25.25,24.81,25.31,0,0,0,0,0.08,0.04,0.06,0.08,345,0.0,0,0
3345,0,2017/12/26,00:46:04,25.38,25.38,24.94,25.75,0,0,0,0,0.08,0.05,0.06,0.1,355,0.0,0,0
3346,0,2018/01/11,01:49:13,25.19,25.25,24.75,25.25,0,0,0,0,0.07,0.05,0.06,0.09,345,0.0,0,0
3347,0,2017/12/25,23:36:07,25.38,25.44,25.0,25.88,0,0,0,0,0.08,0.04,0.06,0.09,355,0.0,0,0
3348,0,2017/12/25,20:13:25,25.44,25.44,25.13,26.0,0,0,0,0,0.08,0.04,0.06,0.11,350,0.126923076923,0,0
3349,0,2017/12/25,22:18:30,25.44,25.44,25.06,25.88,0,0,0,0,0.07,0.05,0.06,0.09,355,0.0,0,0
3350,0,2018/01/11,02:09:08,25.19,25.19,24.75,25.25,0,0,0,0,0.07,0.05,0.05,0.08,345,0.0,0,0
3351,1,2017/12/23,11:50:48,25.31,25.31,25.0,25.81,119,35,64,45,0.16,0.09,0.2,0.12,360,0.0153846153846,1,0
3352,0,2017/12/23,14:10:11,26.13,27.19,25.5,26.38,16,15,71,55,2.0,0.65,0.44,0.33,655,1.97692307692,1,1
3353,0,2018/01/10,21:59:28,25.38,25.38,25.0,25.5,0,0,0,0,0.07,0.05,0.05,0.08,360,0.0,0,0
3354,2,2017/12/23,16:59:11,26.13,25.81,25.63,26.31,119,24,192,14,0.27,0.06,0.12,0.07,620,2.09230769231,0,1
3355,0,2017/12/25,23:45:18,25.38,25.44,25.0,25.81,0,0,0,0,0.08,0.05,0.06,0.09,355,0.0,0,0
3356,0,2017/12/23,09:54:53,25.06,25.06,24.63,25.38,9,9,42,29,0.08,0.06,0.07,0.05,355,-0.0961538461538,0,0
3357,2,2017/12/23,19:12:27,26.25,26.25,26.0,26.31,114,19,180,7,2.14,0.06,0.55,0.06,1035,-0.261538461538,0,0
3358,0,2017/12/26,04:36:20,25.25,25.25,24.81,25.69,0,0,0,0,0.08,0.06,0.06,0.1,355,0.0,0,0
3359,0,2018/01/11,08:57:06,25.06,25.06,24.69,25.25,6,7,33,22,0.08,0.05,0.05,0.09,345,0.0,0,0
3360,1,2017/12/22,16:12:22,26.0,25.75,25.56,26.31,117,28,49,28,0.15,0.06,0.1,0.06,615,0.6,1,0
3361,0,2017/12/25,10:41:33,25.13,25.13,24.75,25.75,10,12,50,35,0.08,0.05,0.06,0.1,355,0.0,0,0
3362,0,2017/12/25,15:49:26,25.44,25.44,25.38,26.13,8,10,43,31,0.08,0.04,0.07,0.1,355,0.0,0,0
3363,0,2017/12/23,11:03:18,25.19,25.13,24.88,25.75,12,14,57,40,0.08,0.06,0.07,0.06,360,-0.00384615384615,0,0
3364,2,2017/12/23,13:29:20,25.88,25.94,25.31,26.19,162,253,84,62,0.35,0.55,0.16,0.22,440,-0.0115384615385,0,0
3365,0,2017/12/23,08:07:40,25.06,25.06,24.44,25.31,5,5,25,18,0.08,0.05,0.05,0.06,355,0.146153846154,0,0
3366,0,2017/12/23,06:33:43,25.06,25.06,24.44,25.31,0,0,0,0,0.08,0.06,0.07,0.05,355,-0.0153846153846,0,0
3367,0,2017/12/25,12:22:08,25.19,25.25,25.06,25.81,15,18,69,49,0.07,0.05,0.06,0.1,355,0.0,0,0
3368,0,2017/12/22,22:47:33,25.5,25.5,25.13,25.88,0,0,0,0,0.07,0.05,0.07,0.06,410,-0.75,0,0
3369,0,2017/12/22,23:59:33,25.44,25.44,24.94,25.81,0,0,0,0,0.07,0.05,0.07,0.07,380,0.0,0,0
3370,0,2017/12/24,05:05:14,25.19,25.25,24.69,25.63,0,0,0,0,0.06,0.05,0.07,0.06,360,0.0,0,0
3371,0,2018/01/10,23:27:17,25.25,25.31,24.94,25.38,0,0,0,0,0.07,0.04,0.06,0.09,345,0.0,0,0
3372,0,2017/12/24,03:09:51,25.31,25.38,24.81,25.63,0,0,0,0,0.06,0.04,0.06,0.06,360,0.0307692307692,0,0
3373,1,2017/12/23,16:10:41,26.06,26.81,25.5,26.31,119,22,34,23,0.1,0.12,0.06,0.07,485,0.707692307692,0,0
3374,0,2018/01/10,18:51:03,25.69,25.75,25.38,25.75,0,0,0,0,0.07,0.04,0.06,0.09,660,-2.48076923077,0,0
3375,0,2017/12/26,01:21:48,25.38,25.38,24.94,25.81,0,0,0,0,0.08,0.05,0.06,0.1,355,0.0,0,0
3376,0,2017/12/23,06:36:47,25.06,25.06,24.44,25.31,0,0,0,0,0.08,0.05,0.07,0.06,355,-0.0384615384615,0,0
3377,0,2018/01/11,00:02:31,25.25,25.25,24.88,25.31,0,0,0,0,0.07,0.05,0.06,0.09,345,0.0,0,0
3378,0,2017/12/24,08:53:28,25.13,25.13,24.63,25.44,6,7,35,23,0.07,0.05,0.06,0.06,360,-0.0115384615385,0,0
3379,1,2017/12/23,12:13:15,25.5,25.31,25.13,25.94,122,36,66,48,1.18,0.41,0.19,0.17,370,0.307692307692,1,0
3380,3,2017/12/23,17:39:31,26.19,26.0,25.75,26.31,150,240,186,12,0.51,0.26,1.0,0.18,775,3.37307692308,0,0
3381,0,2017/12/26,04:25:37,25.31,25.25,24.81,25.69,0,0,0,0,0.07,0.04,0.05,0.09,355,0.0,0,0
3382,0,2017/12/23,07:41:38,25.06,25.0,24.44,25.31,3,3,14,10,0.08,0.05,0.06,0.05,355,0.05,0,0
3383,0,2017/12/23,08:53:07,25.06,25.06,24.56,25.38,6,6,32,20,0.08,0.05,0.06,0.06,360,0.0,0,0
3384,0,2017/12/24,05:34:20,25.19,25.19,24.63,25.5,0,0,0,0,0.07,0.06,0.06,0.06,360,-0.115384615385,0,0
3385,3,2017/12/23,17:54:20,26.19,26.13,25.81,26.31,150,235,186,11,0.31,0.28,0.2,0.13,825,1.75769230769,0,0
3386,0,2017/12/23,07:57:27,25.0,25.06,24.44,25.38,4,4,22,15,0.08,0.05,0.06,0.06,355,0.0230769230769,0,0
3387,1,2017/12/23,16:05:34,26.0,26.81,25.5,26.31,119,23,34,24,0.1,0.06,0.09,0.07,470,1.28461538462,0,0
3388,0,2017/12/22,22:36:20,25.56,25.56,25.13,25.81,0,0,0,0,0.07,0.05,0.07,0.06,425,-1.11538461538,0,0
3389,0,2017/12/24,03:46:06,25.25,25.31,24.75,25.63,0,0,0,0,0.07,0.06,0.06,0.06,360,0.0,0,0
3390,0,2017/12/23,00:19:28,25.38,25.38,24.94,25.75,0,0,0,0,0.06,0.05,0.07,0.06,375,-0.296153846154,0,0
3391,0,2017/12/25,20:26:41,25.44,25.5,25.06,25.94,0,0,0,0,0.07,0.05,0.06,0.1,350,-0.0192307692308,0,0
3392,2,2018/01/10,17:38:33,25.94,26.19,25.88,25.94,142,228,8,8,0.56,0.49,0.2,0.16,835,0.0230769230769,1,1
3393,2,2017/12/23,19:40:32,26.19,26.13,25.94,26.25,114,19,180,7,2.18,0.14,0.67,0.09,1030,0.423076923077,0,0
3394,0,2017/12/23,22:20:51,25.56,25.56,25.19,25.69,0,0,0,0,0.07,0.04,0.07,0.06,430,-1.36153846154,0,0
3395,0,2017/12/25,14:46:08,25.38,25.44,25.38,26.13,16,20,76,54,0.08,0.06,0.06,0.1,355,0.0,0,0
3396,0,2017/12/24,07:45:03,25.06,25.13,24.5,25.44,3,3,17,11,0.07,0.06,0.05,0.06,360,0.0692307692308,0,0
3397,2,2018/01/10,17:42:08,25.94,26.25,25.81,26.0,142,227,7,7,0.29,1.92,0.16,0.1,855,0.276923076923,0,0
3398,0,2017/12/24,04:38:41,25.19,25.25,24.69,25.56,0,0,0,0,0.07,0.05,0.06,0.05,360,0.0,0,0
3399,0,2018/01/11,01:12:58,25.19,25.25,24.81,25.31,0,0,0,0,0.06,0.04,0.05,0.08,345,0.0,0,0
3400,0,2018/01/10,23:52:18,25.25,25.31,24.88,25.31,0,0,0,0,0.07,0.05,0.05,0.09,345,0.0,0,0
3401,0,2017/12/24,02:08:04,25.38,25.38,24.88,25.75,0,0,0,0,0.07,0.06,0.07,0.06,365,0.0,0,0
3402,3,2017/12/22,18:26:08,26.25,26.63,25.94,26.44,150,235,179,10,0.09,0.17,0.08,0.07,1070,2.54230769231,0,1
3403,0,2017/12/26,08:01:35,25.06,25.0,24.56,24.94,5,5,23,16,0.07,0.06,0.05,0.09,350,0.0,0,0
3404,0,2017/12/25,14:50:13,25.38,25.44,25.38,26.13,15,20,73,53,0.08,0.05,0.06,0.09,355,0.0,0,0
3405,0,2017/12/26,00:41:59,25.38,25.38,24.94,25.81,0,0,0,0,0.08,0.05,0.06,0.09,355,0.0,0,0
3406,0,2018/01/10,20:14:17,25.5,25.5,25.19,25.69,0,0,0,0,0.07,0.05,0.05,0.09,390,-1.64230769231,0,0
3407,0,2017/12/23,04:43:57,25.19,25.19,24.63,25.5,0,0,0,0,0.07,0.05,0.06,0.07,360,0.0,0,0
3408,0,2017/12/23,07:18:39,25.06,25.0,24.5,25.31,1,1,8,5,0.08,0.05,0.06,0.06,355,0.0,0,0
3409,0,2018/01/11,06:51:29,25.13,25.06,24.5,25.19,0,0,0,0,0.08,0.05,0.05,0.09,345,0.0,0,0
3410,0,2017/12/23,00:42:57,25.38,25.44,24.94,25.75,0,0,0,0,0.07,0.05,0.06,0.06,375,0.0,0,0
3411,0,2017/12/22,22:46:02,25.5,25.5,25.06,25.94,0,0,0,0,0.07,0.04,0.06,0.06,405,-1.01923076923,0,0
3412,0,2017/12/23,20:26:29,26.0,25.88,25.63,26.06,0,0,0,0,0.06,0.05,0.06,0.06,865,-2.74615384615,0,0
3413,0,2017/12/25,14:33:52,25.38,25.38,25.38,26.13,19,23,84,60,0.08,0.06,0.07,0.1,355,0.0,0,0
3414,0,2018/01/11,02:34:09,25.19,25.19,24.69,25.25,0,0,0,0,0.07,0.04,0.06,0.09,345,0.0,0,0
3415,0,2017/12/23,07:27:20,25.06,25.06,24.44,25.38,1,1,10,6,0.08,0.05,0.08,0.06,355,0.0423076923077,0,0
3416,0,2017/12/26,07:43:43,25.06,25.06,24.56,25.19,3,3,15,10,0.07,0.05,0.07,0.09,350,0.0,0,0
3417,2,2017/12/22,12:19:02,25.69,28.19,25.13,26.06,156,243,79,61,0.75,0.55,0.61,0.17,635,1.67692307692,1,0
3418,0,2017/12/25,10:58:55,25.19,25.13,24.81,25.75,12,14,56,40,0.08,0.04,0.08,0.09,355,0.0,0,0
3419,0,2017/12/23,08:58:13,25.0,25.06,24.56,25.38,6,6,32,21,0.08,0.06,0.07,0.07,360,0.0,0,0
3420,0,2017/12/23,21:11:55,25.81,25.75,25.38,26.0,0,0,0,0,0.07,0.05,0.06,0.06,705,-1.66153846154,0,0
3421,0,2018/01/10,20:34:12,25.5,25.44,25.13,25.63,0,0,0,0,0.07,0.05,0.06,0.08,385,-0.161538461538,0,0
3422,0,2017/12/25,16:53:46,25.44,25.44,25.38,26.19,2,2,13,9,0.08,0.05,0.06,0.1,350,-0.00769230769231,0,0
3423,0,2017/12/25,21:51:57,25.38,25.44,25.06,25.81,0,0,0,0,0.08,0.04,0.07,0.11,355,-0.0576923076923,0,0
3424,0,2017/12/26,02:20:01,25.31,25.38,24.88,25.75,0,0,0,0,0.07,0.05,0.06,0.1,355,0.0,0,0
3425,0,2018/01/11,07:29:47,25.06,25.06,24.56,25.13,1,1,10,5,0.09,0.05,0.05,0.1,345,0.0,0,0
3426,0,2018/01/11,03:10:24,25.19,25.19,24.69,25.25,0,0,0,0,0.08,0.05,0.05,0.08,345,0.0,0,0
3427,0,2017/12/24,01:51:13,25.38,25.38,24.88,25.75,0,0,0,0,0.07,0.05,0.06,0.06,365,0.0,0,0
3428,0,2018/01/11,03:03:16,25.19,25.19,24.75,25.25,0,0,0,0,0.07,0.04,0.06,0.08,345,0.0,0,0
3429,0,2017/12/25,17:45:51,25.44,25.44,25.25,26.06,0,0,0,0,0.08,0.05,0.06,0.1,350,-0.0346153846154,0,0
3430,1,2017/12/23,12:38:47,25.69,25.38,25.19,25.94,124,39,74,53,0.55,0.25,0.12,0.13,380,0.219230769231,1,0
3431,0,2017/12/24,04:01:25,25.25,25.31,24.69,25.69,0,0,0,0,0.07,0.05,0.06,0.06,360,0.0,0,0
3432,2,2017/12/22,16:57:18,26.19,25.75,25.75,26.31,116,25,184,15,1.39,1.17,0.64,1.09,700,2.29615384615,1,1
3433,0,2017/12/25,20:05:14,25.44,25.5,25.13,26.06,0,0,0,0,0.08,0.04,0.07,0.11,355,0.0115384615385,0,0
3434,0,2017/12/26,06:16:55,25.19,25.19,24.63,25.44,0,0,0,0,0.08,0.05,0.06,0.1,355,0.0,0,0
3435,1,2017/12/23,12:46:57,25.69,25.38,25.19,26.0,124,40,75,54,0.83,0.38,0.24,0.18,380,0.161538461538,1,0
3436,0,2017/12/25,17:13:10,25.44,25.44,25.31,26.13,1,1,6,5,0.08,0.05,0.06,0.11,350,0.0,0,0
3437,0,2017/12/26,08:23:02,25.06,25.06,24.63,25.25,5,5,29,20,0.08,0.05,0.06,0.1,350,0.0,0,0
3438,0,2017/12/25,12:43:04,25.25,25.31,25.13,25.88,16,19,70,50,0.07,0.05,0.07,0.1,355,0.0,0,0
3439,1,2017/12/22,11:06:32,25.19,24.88,24.69,25.56,123,35,58,44,0.37,0.16,0.18,0.05,410,0.903846153846,0,0
3440,0,2017/12/26,06:27:08,25.19,25.19,24.63,25.44,0,0,0,0,0.08,0.06,0.06,0.1,350,-0.0461538461538,0,0
3441,0,2017/12/26,08:08:14,25.06,25.06,24.56,25.06,5,5,25,17,0.07,0.06,0.06,0.1,350,0.0,0,0
3442,0,2017/12/25,10:03:16,25.06,25.06,24.69,25.56,9,10,44,29,0.08,0.05,0.06,0.1,355,0.0,0,0
3443,3,2017/12/22,19:17:43,26.31,28.25,26.13,26.44,150,238,181,10,1.18,0.63,1.95,0.5,1210,-0.407692307692,1,1
3444,1,2017/12/22,10:53:15,25.0,24.81,24.56,25.44,121,34,54,41,0.09,0.06,0.09,0.05,390,-0.0115384615385,0,0
3445,0,2017/12/24,04:29:30,25.25,25.25,24.69,25.56,0,0,0,0,0.07,0.05,0.06,0.06,360,0.0,0,0
3446,0,2017/12/24,04:31:32,25.25,25.25,24.69,25.63,0,0,0,0,0.07,0.05,0.06,0.05,360,0.0,0,0
3447,0,2018/01/11,00:55:06,25.19,25.25,24.81,25.31,0,0,0,0,0.06,0.04,0.06,0.08,345,0.0,0,0
3448,0,2017/12/25,11:37:43,25.19,25.19,24.88,25.88,14,15,62,45,0.08,0.05,0.06,0.1,355,0.0,0,0
3449,0,2018/01/11,00:30:05,25.19,25.25,24.81,25.31,0,0,0,0,0.06,0.04,0.06,0.08,345,0.0,0,0
3450,0,2017/12/23,20:50:29,25.88,25.75,25.5,26.06,0,0,0,0,0.06,0.05,0.07,0.07,780,-2.36153846154,0,0
3451,1,2017/12/23,16:01:29,26.0,26.81,25.5,26.31,119,24,36,27,2.18,0.16,0.13,0.14,470,1.61538461538,1,1
3452,0,2017/12/23,11:07:54,25.19,25.19,24.88,25.75,12,13,55,39,0.08,0.05,0.07,0.06,360,-0.165384615385,0,0
3453,0,2017/12/23,21:15:30,25.75,25.75,25.38,26.0,0,0,0,0,0.06,0.08,0.08,0.07,695,-1.31923076923,0,0
3454,3,2017/12/22,13:16:13,25.94,28.0,25.63,26.19,163,250,226,70,0.39,0.54,1.31,0.3,840,7.96923076923,1,1
3455,0,2017/12/26,02:53:43,25.31,25.31,24.81,25.75,0,0,0,0,0.07,0.05,0.06,0.1,355,0.0,0,0
3456,3,2018/01/10,15:44:41,25.63,26.25,25.44,25.69,10,10,38,34,0.07,0.06,0.08,0.08,380,0.342307692308,0,1
3457,0,2017/12/26,07:34:01,25.06,25.06,24.56,25.19,2,2,12,8,0.08,0.05,0.06,0.09,350,0.0,0,0
3458,0,2017/12/23,06:15:51,25.06,25.13,24.5,25.19,0,0,0,0,0.08,0.05,0.07,0.06,355,-0.0423076923077,0,0
3459,0,2018/01/10,20:22:27,25.5,25.44,25.13,25.63,0,0,0,0,0.07,0.04,0.05,0.08,390,-0.342307692308,0,0
3460,2,2017/12/22,11:46:52,25.5,25.63,24.94,25.81,155,235,71,55,0.5,0.49,0.14,0.11,525,3.59615384615,1,1
3461,0,2017/12/23,10:34:12,25.13,25.13,24.75,25.69,10,12,51,35,0.08,0.05,0.06,0.06,355,-0.0307692307692,0,0
3462,3,2017/12/22,18:14:24,26.25,26.31,26.0,26.31,149,234,178,10,0.5,0.35,2.04,0.47,1015,2.53846153846,1,1
3463,0,2017/12/26,00:59:51,25.38,25.38,24.94,25.81,0,0,0,0,0.08,0.05,0.07,0.1,355,0.0,0,0
3464,0,2017/12/25,19:19:48,25.44,25.44,25.13,26.0,0,0,0,0,0.08,0.05,0.06,0.1,350,0.0884615384615,0,0
3465,0,2017/12/23,03:02:20,25.25,25.25,24.75,25.69,0,0,0,0,0.07,0.05,0.07,0.05,365,0.0,0,0
3466,0,2017/12/25,13:41:17,25.31,25.38,25.25,26.0,18,21,75,55,0.08,0.06,0.06,0.09,355,0.0,0,0
3467,0,2017/12/25,10:17:03,25.06,25.06,24.69,25.63,10,10,47,33,0.08,0.05,0.06,0.09,355,0.0,0,0
3468,0,2017/12/23,21:53:17,25.63,25.63,25.25,25.81,0,0,0,0,0.06,0.05,0.06,0.07,520,-1.96538461538,0,0
3469,0,2018/01/10,18:20:56,25.81,25.94,25.56,25.81,0,0,0,0,0.07,0.05,0.06,0.09,765,-2.27692307692,0,0
3470,0,2017/12/25,21:24:54,25.38,25.44,25.13,25.88,0,0,0,0,0.07,0.06,0.06,0.1,350,-0.0884615384615,0,0
3471,0,2017/12/25,23:31:00,25.38,25.44,25.0,25.88,0,0,0,0,0.07,0.05,0.05,0.1,355,0.0,0,0
3472,0,2018/01/11,03:18:04,25.19,25.19,24.69,25.31,0,0,0,0,0.07,0.04,0.05,0.09,345,0.0,0,0
3473,0,2017/12/23,05:19:10,25.13,25.19,24.56,25.5,0,0,0,0,0.08,0.05,0.06,0.06,360,0.0,0,0
3474,0,2018/01/10,18:41:21,25.69,25.81,25.44,25.75,0,0,0,0,0.07,0.04,0.05,0.08,700,-1.86538461538,0,0
3475,0,2017/12/25,13:33:07,25.31,25.31,25.25,25.94,16,19,70,50,0.08,0.06,0.06,0.11,355,0.0,0,0
3476,0,2018/01/10,21:26:47,25.38,25.44,25.06,25.56,0,0,0,0,0.08,0.04,0.06,0.09,370,0.0,0,0
3477,2,2017/12/22,17:08:01,26.19,25.69,25.75,26.31,115,24,181,13,0.63,0.64,3.14,0.57,730,1.46153846154,0,1
3478,0,2018/01/11,04:54:34,25.13,25.13,24.63,25.25,0,0,0,0,0.08,0.05,0.05,0.09,345,0.0,0,0
3479,0,2017/12/22,23:53:25,25.44,25.44,25.0,25.75,0,0,0,0,0.06,0.05,0.06,0.06,380,0.0,0,0
3480,0,2017/12/23,11:38:32,25.19,25.19,24.94,25.88,14,15,62,44,0.08,0.05,0.06,0.06,360,-0.0153846153846,0,0
3481,0,2017/12/23,22:22:54,25.56,25.56,25.19,25.75,0,0,0,0,0.06,0.05,0.06,0.06,425,-1.40384615385,0,0
3482,0,2018/01/10,19:41:36,25.56,25.56,25.25,25.63,0,0,0,0,0.08,0.05,0.05,0.08,490,-1.63461538462,0,0
3483,1,2017/12/23,15:35:27,25.88,26.81,25.5,26.25,120,26,48,35,0.39,0.06,0.06,0.06,415,-1.18846153846,0,0
3484,0,2017/12/25,18:26:11,25.44,25.44,25.19,26.06,0,0,0,0,0.08,0.05,0.07,0.1,350,-0.0884615384615,0,0
3485,0,2017/12/23,11:16:35,25.19,25.19,24.88,25.81,13,14,59,41,0.07,0.05,0.06,0.06,360,-0.0346153846154,0,0
3486,0,2017/12/25,21:32:33,25.38,25.44,25.06,25.94,0,0,0,0,0.07,0.05,0.06,0.1,355,0.0615384615385,0,0
3487,0,2017/12/25,15:15:14,25.44,25.44,25.38,26.13,12,15,62,45,0.07,0.05,0.06,0.1,355,0.0,0,0
3488,0,2017/12/23,23:26:12,25.44,25.44,25.06,25.56,0,0,0,0,0.06,0.05,0.06,0.06,375,-0.261538461538,0,0
3489,0,2017/12/22,23:34:01,25.44,25.44,25.0,25.81,0,0,0,0,0.07,0.05,0.06,0.06,385,0.0,0,0
3490,0,2017/12/24,04:20:18,25.25,25.25,24.69,25.63,0,0,0,0,0.07,0.06,0.06,0.06,360,0.0,0,0
3491,0,2017/12/23,03:26:20,25.25,25.25,24.75,25.56,0,0,0,0,0.07,0.06,0.06,0.06,365,-0.0230769230769,0,0
3492,2,2017/12/23,13:05:51,25.81,25.69,25.25,26.06,160,249,76,56,0.34,0.96,0.14,0.2,405,0.892307692308,0,0
3493,0,2018/01/11,02:10:09,25.19,25.19,24.75,25.25,0,0,0,0,0.08,0.04,0.05,0.08,345,0.0,0,0
3494,0,2017/12/24,06:29:29,25.13,25.19,24.56,25.44,0,0,0,0,0.07,0.05,0.06,0.06,355,-0.0807692307692,0,0
3495,0,2017/12/26,05:52:55,25.19,25.19,24.69,25.5,0,0,0,0,0.08,0.05,0.06,0.11,355,0.0,0,0
3496,3,2018/01/10,16:45:27,25.81,26.06,25.75,25.88,4,4,26,14,0.11,0.11,0.2,0.15,705,2.61923076923,1,1
3497,0,2017/12/26,00:56:16,25.38,25.38,24.94,25.81,0,0,0,0,0.07,0.04,0.06,0.1,355,0.0,0,0
3498,0,2017/12/22,23:47:48,25.44,25.44,25.0,25.69,0,0,0,0,0.07,0.05,0.06,0.06,380,-0.296153846154,0,0
3499,0,2017/12/26,03:55:29,25.31,25.31,24.81,25.69,0,0,0,0,0.08,0.04,0.07,0.1,355,0.0,0,0
3500,0,2017/12/25,13:27:30,25.31,25.31,25.19,26.0,17,20,73,53,0.08,0.05,0.06,0.11,355,0.0,0,0
3501,1,2017/12/22,16:10:50,26.06,25.75,25.56,26.38,117,28,50,28,0.13,0.06,0.07,0.06,605,0.434615384615,0,0
3502,2,2017/12/22,16:47:05,26.13,25.75,25.75,26.25,117,26,189,20,0.2,0.17,0.45,0.15,650,1.14230769231,0,0
3503,1,2017/12/22,16:29:44,26.13,25.69,25.56,26.31,114,25,38,21,0.36,0.06,0.08,0.06,625,0.353846153846,1,0
3504,0,2017/12/25,21:46:51,25.38,25.44,25.06,25.88,0,0,0,0,0.07,0.06,0.06,0.1,355,0.0115384615385,0,0
3505,3,2017/12/22,19:08:01,26.31,27.94,26.06,26.38,150,239,181,11,0.08,0.05,0.08,0.06,1220,1.33076923077,0,0
3506,0,2018/01/10,20:35:13,25.5,25.44,25.13,25.63,0,0,0,0,0.07,0.05,0.07,0.09,385,-0.0884615384615,0,0
3507,0,2017/12/22,22:08:15,25.56,25.63,25.19,25.94,0,0,0,0,0.07,0.05,0.07,0.06,480,-1.36923076923,0,0
3508,1,2017/12/22,16:08:17,26.06,25.75,25.56,26.38,118,28,49,29,0.13,0.05,0.05,0.07,595,0.134615384615,0,0
3509,0,2018/01/11,01:15:31,25.19,25.25,24.75,25.25,0,0,0,0,0.07,0.05,0.06,0.08,345,0.0,0,0
3510,3,2017/12/22,12:36:24,25.81,28.75,25.31,26.06,160,244,225,68,0.51,0.92,1.32,0.26,680,1.31923076923,1,1
3511,2,2017/12/23,16:42:20,26.13,26.06,25.5,26.31,119,24,200,19,0.13,0.14,0.14,0.08,565,1.28846153846,0,0
3512,0,2017/12/23,02:38:51,25.31,25.31,24.81,25.69,0,0,0,0,0.06,0.05,0.06,0.06,365,0.0,0,0
3513,2,2017/12/23,16:55:37,26.13,25.81,25.63,26.38,118,24,194,15,1.05,0.57,0.53,0.69,595,1.5,0,1
3514,3,2017/12/22,19:27:55,26.31,28.06,26.13,26.44,143,227,172,10,0.58,0.71,0.06,0.93,1245,1.16153846154,0,0
3515,0,2018/01/11,04:14:44,25.19,25.13,24.69,25.25,0,0,0,0,0.07,0.05,0.06,0.08,345,0.0,0,0
3516,0,2017/12/25,16:51:13,25.44,25.44,25.31,26.19,2,3,14,10,0.08,0.05,0.06,0.11,350,0.0115384615385,0,0
3517,0,2018/01/10,19:53:21,25.56,25.5,25.19,25.63,0,0,0,0,0.07,0.05,0.06,0.08,445,-1.52307692308,0,0
3518,0,2017/12/23,23:40:30,25.44,25.44,25.0,25.5,0,0,0,0,0.07,0.05,0.06,0.06,375,0.0,0,0
3519,0,2018/01/10,21:31:53,25.38,25.44,25.06,25.5,0,0,0,0,0.07,0.04,0.05,0.09,365,-0.242307692308,0,0
3520,0,2017/12/22,15:02:25,25.88,26.0,25.75,26.38,14,19,86,53,0.07,0.05,0.08,0.06,705,-2.53846153846,0,0
3521,0,2017/12/24,01:52:45,25.38,25.38,24.88,25.69,0,0,0,0,0.06,0.05,0.06,0.06,365,0.0,0,0
3522,0,2017/12/23,10:35:44,25.13,25.13,24.81,25.63,11,12,53,37,0.08,0.06,0.06,0.06,355,-0.0538461538462,0,0
3523,3,2017/12/22,13:24:54,26.0,27.88,25.75,26.25,165,254,272,70,2.42,0.34,0.7,0.17,860,0.923076923077,1,1
3524,0,2017/12/23,07:26:19,25.06,25.06,24.44,25.38,1,1,10,6,0.08,0.05,0.06,0.05,355,0.0,0,0
3525,0,2018/01/11,06:54:33,25.06,25.06,24.56,25.19,0,0,0,0,0.07,0.04,0.06,0.09,345,0.0,0,0
3526,0,2018/01/11,01:50:45,25.19,25.25,24.75,25.25,0,0,0,0,0.07,0.04,0.05,0.09,345,0.0,0,0
3527,0,2017/12/22,20:51:09,25.81,25.88,25.5,26.0,0,0,0,0,0.07,0.04,0.06,0.06,775,-2.06538461538,0,0
3528,0,2017/12/24,02:09:36,25.38,25.38,24.88,25.75,0,0,0,0,0.06,0.05,0.07,0.06,365,0.0,0,0
3529,0,2017/12/25,18:08:19,25.44,25.44,25.19,26.0,0,0,0,0,0.09,0.06,0.06,0.1,355,0.0538461538462,0,0
3530,0,2017/12/26,08:52:39,25.06,25.13,24.63,25.38,6,6,32,20,0.08,0.05,0.06,0.11,350,0.0,0,0
3531,0,2017/12/23,03:37:34,25.25,25.19,24.75,25.56,0,0,0,0,0.07,0.06,0.06,0.06,365,-0.0423076923077,0,0
3532,3,2017/12/22,19:19:45,26.38,28.13,26.13,26.44,142,225,170,10,0.9,0.6,1.98,0.51,1215,0.0423076923077,1,0
3533,0,2017/12/25,21:13:09,25.44,25.44,25.06,25.88,0,0,0,0,0.08,0.05,0.08,0.1,350,0.107692307692,0,0
3534,2,2017/12/23,16:53:34,26.13,25.81,25.63,26.25,118,24,194,15,0.52,0.2,2.64,0.17,590,1.3,0,0
3535,0,2017/12/26,05:55:59,25.19,25.19,24.69,25.5,0,0,0,0,0.07,0.05,0.06,0.09,355,0.0,0,0
3536,0,2017/12/25,22:36:22,25.44,25.38,25.06,25.94,0,0,0,0,0.08,0.06,0.06,0.1,355,0.0,0,0
3537,0,2017/12/23,22:39:45,25.5,25.56,25.13,25.69,0,0,0,0,0.06,0.06,0.06,0.06,390,-1.17307692308,0,0
3538,3,2017/12/23,18:18:19,26.25,26.25,25.88,26.38,149,234,185,10,0.09,0.23,0.06,0.07,955,2.30769230769,0,1
3539,0,2017/12/22,19:51:55,26.19,26.5,25.81,26.31,0,0,0,0,0.07,0.05,0.07,0.06,1135,-5.45384615385,0,0
3540,0,2017/12/26,02:42:59,25.31,25.31,24.88,25.69,0,0,0,0,0.07,0.06,0.06,0.1,355,0.0,0,0
3541,0,2017/12/23,22:03:30,25.63,25.63,25.19,25.75,0,0,0,0,0.06,0.05,0.05,0.06,490,-1.5,0,0
3542,0,2017/12/26,03:09:32,25.31,25.31,24.88,25.69,0,0,0,0,0.07,0.05,0.06,0.1,355,0.0,0,0
3543,0,2017/12/25,13:05:32,25.31,25.31,25.19,25.94,17,20,75,54,0.07,0.05,0.07,0.09,355,0.0,0,0
3544,2,2017/12/22,17:20:47,26.19,25.75,25.81,26.31,114,24,178,10,0.57,0.54,3.65,0.52,765,1.2,1,1
3545,0,2018/01/11,06:06:03,25.13,25.13,24.56,25.19,0,0,0,0,0.08,0.05,0.06,0.08,345,0.0,0,0
3546,0,2018/01/11,08:01:57,25.06,25.06,24.56,25.13,5,5,23,16,0.08,0.04,0.05,0.09,345,0.0,0,0
3547,0,2017/12/24,05:39:57,25.19,25.19,24.63,25.5,0,0,0,0,0.06,0.05,0.06,0.06,360,0.0115384615385,0,0
3548,0,2017/12/26,04:16:25,25.25,25.31,24.81,25.69,0,0,0,0,0.08,0.05,0.07,0.1,355,0.0,0,0
3549,3,2017/12/22,18:55:45,26.31,27.75,26.06,26.38,150,239,181,10,2.58,0.52,2.34,0.67,1200,2.18076923077,1,1
3550,0,2018/01/11,07:24:41,25.06,25.06,24.56,25.13,1,1,8,5,0.08,0.04,0.05,0.08,345,0.0,0,0
3551,0,2017/12/25,18:33:51,25.44,25.44,25.19,26.0,0,0,0,0,0.08,0.05,0.06,0.1,355,0.0269230769231,0,0
3552,0,2017/12/23,07:48:47,25.0,25.0,24.5,25.31,3,3,18,13,0.08,0.05,0.06,0.06,355,0.00769230769231,0,0
3553,2,2017/12/22,16:31:16,26.06,25.75,25.56,26.25,119,28,170,25,1.84,0.76,0.65,0.92,625,0.353846153846,1,1
3554,2,2017/12/22,16:42:30,26.13,25.75,25.75,26.19,117,27,191,21,0.24,0.07,0.07,0.06,635,0.453846153846,1,0
3555,2,2017/12/22,16:39:26,26.13,25.75,25.69,26.25,117,27,195,23,0.41,0.27,0.82,0.21,630,0.223076923077,1,0
3556,0,2018/01/11,02:43:21,25.19,25.19,24.69,25.25,0,0,0,0,0.08,0.04,0.05,0.08,345,0.0,0,0
3557,0,2017/12/23,06:13:18,25.06,25.13,24.5,25.13,0,0,0,0,0.08,0.04,0.07,0.06,360,-0.0192307692308,0,0
3558,0,2017/12/25,23:01:24,25.38,25.38,25.0,25.88,0,0,0,0,0.08,0.05,0.06,0.11,355,0.0,0,0
3559,0,2017/12/23,22:11:09,25.63,25.63,25.19,25.81,0,0,0,0,0.07,0.05,0.06,0.06,455,-2.12692307692,0,0
3560,0,2017/12/25,16:43:34,25.44,25.44,25.38,26.19,3,3,17,12,0.08,0.05,0.06,0.1,350,-0.0461538461538,0,0
3561,0,2017/12/22,14:37:24,26.0,26.31,25.88,26.38,17,21,93,57,0.07,0.05,0.06,0.07,840,-6.28846153846,0,0
3562,0,2017/12/25,20:53:45,25.44,25.44,25.06,25.94,0,0,0,0,0.08,0.05,0.06,0.1,350,-0.119230769231,0,0
3563,0,2017/12/24,00:15:44,25.44,25.44,25.0,25.69,0,0,0,0,0.07,0.05,0.06,0.06,370,0.0,0,0
3564,1,2017/12/22,11:25:56,25.31,25.0,24.81,25.69,124,37,65,49,0.28,0.08,0.08,0.07,445,0.903846153846,1,0
3565,0,2017/12/26,06:01:06,25.19,25.19,24.69,25.5,0,0,0,0,0.08,0.05,0.06,0.09,355,0.0,0,0
3566,1,2017/12/22,15:56:02,26.0,25.75,25.56,26.31,119,30,55,35,0.08,0.05,0.06,0.06,600,1.60769230769,0,0
3567,0,2018/01/10,20:13:16,25.5,25.5,25.13,25.63,0,0,0,0,0.07,0.05,0.05,0.08,390,-1.55769230769,0,0
3568,0,2017/12/25,21:35:37,25.38,25.44,25.06,25.94,0,0,0,0,0.08,0.06,0.07,0.1,355,0.219230769231,0,0
3569,0,2018/01/10,22:12:14,25.31,25.38,25.0,25.44,0,0,0,0,0.07,0.05,0.06,0.08,355,-0.288461538462,0,0
3570,0,2017/12/25,22:03:11,25.38,25.44,25.06,25.94,0,0,0,0,0.08,0.05,0.05,0.1,355,-0.0192307692308,0,0
3571,2,2017/12/23,16:41:19,26.13,26.19,25.5,26.31,119,24,202,19,1.2,0.11,1.15,0.09,560,0.869230769231,0,0
3572,0,2017/12/25,17:59:08,25.44,25.44,25.25,26.0,0,0,0,0,0.08,0.06,0.06,0.1,350,0.0,0,0
3573,0,2017/12/23,23:47:39,25.38,25.44,25.0,25.56,0,0,0,0,0.07,0.05,0.06,0.07,375,0.0,0,0
3574,0,2017/12/24,03:40:29,25.31,25.31,24.75,25.69,0,0,0,0,0.06,0.05,0.06,0.07,360,0.0,0,0
3575,2,2018/01/10,17:15:35,25.94,26.13,25.81,25.94,146,231,175,22,0.07,0.26,0.07,0.13,815,1.73076923077,0,0
3576,3,2017/12/22,13:49:55,26.06,27.0,26.0,26.31,165,254,275,70,0.83,0.27,0.62,0.14,910,1.55384615385,1,1
3577,0,2018/01/11,02:52:02,25.19,25.19,24.69,25.25,0,0,0,0,0.07,0.04,0.05,0.09,345,0.0,0,0
3578,0,2017/12/25,17:10:07,25.44,25.44,25.31,26.13,1,1,7,5,0.08,0.05,0.07,0.11,350,0.0,0,0
3579,0,2017/12/22,23:17:41,25.5,25.5,25.06,25.81,0,0,0,0,0.07,0.05,0.06,0.06,385,-0.184615384615,0,0
3580,0,2017/12/25,10:16:02,25.06,25.13,24.69,25.69,10,10,47,33,0.08,0.04,0.06,0.09,355,0.0,0,0
3581,0,2017/12/22,21:30:58,25.69,25.69,25.31,25.88,0,0,0,0,0.07,0.05,0.06,0.06,605,-1.99615384615,0,0
3582,1,2017/12/23,12:06:07,25.44,25.31,25.06,25.88,124,37,70,50,0.15,0.05,0.24,0.1,365,0.192307692308,0,0
3583,2,2017/12/23,13:58:26,26.06,27.06,25.5,26.31,160,249,76,57,2.68,0.25,0.21,0.18,605,1.51923076923,0,0
3584,0,2017/12/25,10:16:32,25.06,25.06,24.69,25.69,10,10,48,33,0.08,0.04,0.07,0.09,355,0.0,0,0
3585,0,2018/01/11,01:51:47,25.13,25.25,24.75,25.25,0,0,0,0,0.07,0.04,0.05,0.08,345,0.0,0,0
3586,3,2017/12/22,18:35:20,26.25,26.63,26.0,26.44,150,236,180,10,0.32,0.45,2.52,0.27,1115,2.31538461538,0,1
3587,0,2017/12/25,21:49:55,25.38,25.44,25.06,25.88,0,0,0,0,0.08,0.06,0.06,0.09,350,-0.0538461538462,0,0
3588,2,2017/12/23,19:29:18,26.25,26.19,26.0,26.25,114,19,180,7,1.15,0.19,0.11,0.12,1020,-0.561538461538,0,0
3589,0,2017/12/23,02:46:00,25.25,25.31,24.81,25.69,0,0,0,0,0.06,0.05,0.06,0.05,365,0.0,0,0
3590,0,2017/12/25,13:24:26,25.31,25.31,25.19,26.0,17,20,75,54,0.08,0.05,0.05,0.1,355,0.0,0,0
3591,0,2017/12/26,02:23:04,25.38,25.38,24.88,25.75,0,0,0,0,0.07,0.05,0.06,0.1,355,0.0,0,0
3592,0,2017/12/23,07:37:02,25.06,25.06,24.44,25.38,2,2,14,9,0.08,0.05,0.05,0.06,355,-0.0230769230769,0,0
3593,0,2018/01/10,22:27:33,25.31,25.38,24.94,25.5,0,0,0,0,0.07,0.05,0.05,0.1,355,0.0,0,0
3594,0,2017/12/24,03:26:11,25.25,25.31,24.75,25.63,0,0,0,0,0.06,0.05,0.06,0.05,360,0.0,0,0
3595,0,2017/12/26,08:39:53,25.06,25.06,24.63,25.25,6,6,32,22,0.07,0.05,0.07,0.09,350,0.0,0,0
3596,3,2017/12/22,17:48:52,26.25,25.94,25.94,26.38,149,237,180,11,1.18,0.32,1.46,0.33,860,1.58076923077,1,1
3597,0,2018/01/11,05:38:29,25.13,25.13,24.63,25.19,0,0,0,0,0.09,0.04,0.05,0.08,345,0.0,0,0
3598,0,2017/12/24,03:34:21,25.31,25.31,24.75,25.63,0,0,0,0,0.07,0.05,0.06,0.07,360,0.0,0,0
3599,0,2017/12/23,23:05:16,25.5,25.5,25.06,25.69,0,0,0,0,0.07,0.05,0.06,0.06,380,-0.269230769231,0,0
3600,2,2017/12/23,19:48:42,26.19,26.13,25.94,26.25,115,19,180,7,0.59,0.45,2.2,0.48,995,-1.16923076923,1,1
3601,0,2018/01/10,19:21:41,25.63,25.63,25.31,25.69,0,0,0,0,0.07,0.05,0.06,0.09,560,-1.93461538462,0,0
3602,0,2018/01/11,08:59:39,25.13,25.06,24.69,25.25,6,7,34,22,0.08,0.08,0.1,0.08,345,0.0,0,0
3603,2,2017/12/23,19:03:15,26.25,26.25,25.94,26.31,114,19,179,7,0.37,0.18,0.31,0.15,1035,0.426923076923,1,0
3604,0,2017/12/23,07:58:59,25.06,25.0,24.44,25.31,4,5,23,15,0.08,0.05,0.06,0.06,360,0.0807692307692,0,0
3605,0,2017/12/25,23:21:18,25.38,25.38,25.0,25.88,0,0,0,0,0.08,0.06,0.06,0.09,355,0.0,0,0
3606,0,2017/12/26,01:14:39,25.38,25.38,24.94,25.81,0,0,0,0,0.08,0.05,0.06,0.1,355,0.0,0,0
3607,1,2017/12/22,11:11:38,25.19,24.94,24.69,25.63,123,35,59,45,0.46,0.16,0.21,0.11,420,1.23461538462,1,0
3608,0,2017/12/24,05:09:19,25.19,25.25,24.63,25.56,0,0,0,0,0.07,0.05,0.06,0.06,360,-0.0192307692308,0,0
3609,0,2017/12/25,12:27:45,25.25,25.25,25.13,25.88,17,20,75,54,0.08,0.07,0.06,0.1,355,0.0,0,0
3610,0,2017/12/25,18:15:59,25.44,25.44,25.19,26.0,0,0,0,0,0.07,0.05,0.06,0.1,350,0.157692307692,0,0
3611,0,2018/01/10,19:22:12,25.63,25.63,25.31,25.69,0,0,0,0,0.08,0.06,0.06,0.1,555,-2.00769230769,0,0
3612,0,2017/12/22,20:22:02,25.94,26.06,25.63,26.06,0,0,0,0,0.07,0.05,0.07,0.06,930,-2.91153846154,0,0
3613,0,2017/12/24,00:53:00,25.44,25.38,24.94,25.69,0,0,0,0,0.08,0.06,0.06,0.06,370,-0.0423076923077,0,0
3614,1,2017/12/22,11:23:23,25.31,25.0,24.81,25.63,124,36,60,45,0.49,0.06,0.07,0.07,445,0.957692307692,0,0
3615,0,2017/12/26,01:23:20,25.38,25.38,24.94,25.88,0,0,0,0,0.08,0.05,0.07,0.11,355,0.0,0,0
3616,0,2017/12/23,14:20:24,26.0,27.06,25.56,26.38,15,15,73,53,0.08,0.06,0.07,0.06,635,-1.02307692308,0,0
3617,0,2017/12/25,21:11:06,25.38,25.44,25.06,25.94,0,0,0,0,0.08,0.05,0.06,0.1,355,0.188461538462,0,0
3618,0,2017/12/22,23:09:31,25.5,25.5,25.06,25.81,0,0,0,0,0.07,0.04,0.06,0.06,390,0.0,0,0
3619,0,2018/01/10,20:02:02,25.56,25.5,25.19,25.63,0,0,0,0,0.07,0.05,0.05,0.09,425,-1.80384615385,0,0
3620,0,2017/12/23,23:07:19,25.44,25.5,25.06,25.63,0,0,0,0,0.06,0.06,0.06,0.06,380,-0.261538461538,0,0
3621,3,2017/12/22,13:41:45,26.06,27.38,25.94,26.31,165,256,279,72,1.08,0.43,0.7,0.1,895,0.0807692307692,1,1
3622,0,2018/01/11,07:27:44,25.06,25.06,24.5,25.13,1,1,9,5,0.07,0.05,0.05,0.09,345,0.0,0,0
3623,3,2017/12/22,17:59:05,26.25,26.5,25.94,26.38,148,235,178,10,0.93,0.2,0.35,0.17,920,2.35,1,1
3624,0,2018/01/11,06:53:01,25.13,25.06,24.56,25.13,0,0,0,0,0.08,0.05,0.06,0.08,345,0.0,0,0
3625,0,2017/12/25,16:25:41,25.44,25.44,25.38,26.06,5,5,25,18,0.08,0.05,0.06,0.11,355,-0.0307692307692,0,0
3626,0,2017/12/25,17:52:29,25.44,25.44,25.25,26.06,0,0,0,0,0.07,0.05,0.06,0.09,350,0.0,0,0
3627,0,2018/01/11,04:37:12,25.13,25.13,24.63,25.25,0,0,0,0,0.08,0.05,0.05,0.08,345,0.0,0,0
3628,0,2018/01/10,19:14:33,25.63,25.63,25.31,25.69,0,0,0,0,0.07,0.05,0.05,0.09,590,-1.71923076923,0,0
3629,0,2018/01/10,19:15:03,25.63,25.63,25.31,25.75,0,0,0,0,0.08,0.05,0.05,0.09,585,-1.70769230769,0,0
3630,0,2017/12/25,19:50:57,25.44,25.44,25.13,26.0,0,0,0,0,0.07,0.04,0.06,0.11,355,0.103846153846,0,0
3631,0,2017/12/25,22:05:14,25.38,25.38,25.0,25.88,0,0,0,0,0.08,0.05,0.06,0.1,355,-0.0692307692308,0,0
3632,0,2017/12/25,10:58:24,25.19,25.13,24.88,25.75,12,14,55,39,0.08,0.05,0.06,0.1,355,0.0,0,0
3633,0,2018/01/10,19:26:48,25.56,25.63,25.25,25.69,0,0,0,0,0.08,0.05,0.06,0.09,530,-2.65769230769,0,0
3634,0,2018/01/10,19:13:01,25.63,25.63,25.31,25.69,0,0,0,0,0.07,0.05,0.05,0.09,590,-1.61153846154,0,0
3635,0,2017/12/23,06:35:15,25.06,25.06,24.44,25.25,0,0,0,0,0.08,0.05,0.06,0.05,355,-0.0269230769231,0,0
3636,0,2017/12/24,06:48:53,25.13,25.13,24.5,25.44,0,0,0,0,0.06,0.05,0.05,0.06,355,0.0346153846154,0,0
3637,0,2017/12/26,05:40:10,25.19,25.25,24.69,25.56,0,0,0,0,0.07,0.05,0.07,0.1,355,0.0,0,0
3638,0,2017/12/26,00:39:26,25.38,25.38,24.94,25.81,0,0,0,0,0.08,0.04,0.06,0.09,355,0.0,0,0
3639,0,2017/12/26,02:00:06,25.31,25.31,24.88,25.75,0,0,0,0,0.08,0.05,0.05,0.11,355,0.0,0,0
3640,2,2017/12/23,13:23:43,25.88,25.88,25.38,26.25,160,249,77,59,0.76,0.68,0.42,0.19,495,2.84230769231,0,1
3641,3,2018/01/10,17:37:32,25.94,26.25,25.88,25.94,142,227,8,8,0.64,0.53,0.82,0.21,830,0.45,1,1
3642,0,2017/12/24,00:59:08,25.38,25.38,24.94,25.75,0,0,0,0,0.06,0.05,0.06,0.06,365,-0.0538461538462,0,0
3643,0,2017/12/25,22:15:57,25.38,25.38,25.06,25.88,0,0,0,0,0.09,0.05,0.06,0.09,355,0.0807692307692,0,0
3644,0,2017/12/23,02:27:07,25.25,25.31,24.81,25.69,0,0,0,0,0.07,0.05,0.07,0.06,365,-0.0884615384615,0,0
3645,0,2017/12/23,14:47:27,25.81,26.94,25.5,26.31,13,13,64,46,0.12,0.12,0.17,0.08,535,-2.61538461538,0,0
3646,0,2017/12/24,08:07:00,25.06,25.13,24.5,25.44,5,5,26,18,0.07,0.04,0.06,0.07,360,0.0,0,0
3647,0,2017/12/25,19:37:40,25.44,25.44,25.13,26.0,0,0,0,0,0.08,0.06,0.06,0.11,350,-0.180769230769,0,0
3648,1,2017/12/22,11:20:19,25.25,24.94,24.81,25.69,124,36,61,47,0.83,0.05,0.06,0.08,435,0.869230769231,0,0
3649,0,2018/01/11,03:22:40,25.19,25.19,24.69,25.25,0,0,0,0,0.06,0.04,0.05,0.08,345,0.0,0,0
3650,1,2017/12/23,16:17:50,26.06,26.81,25.5,26.31,118,21,28,20,0.2,0.06,0.06,0.07,510,1.60769230769,1,0
3651,0,2017/12/26,08:10:16,25.06,25.06,24.56,25.06,5,5,26,18,0.08,0.05,0.06,0.09,350,0.0,0,0
3652,3,2017/12/22,18:51:40,26.31,27.5,26.06,26.38,150,238,180,10,0.97,0.12,0.37,0.14,1200,2.07307692308,0,0
3653,2,2017/12/23,16:56:07,26.13,25.81,25.63,26.38,119,24,193,14,0.53,0.22,3.15,0.11,600,1.5,0,0
3654,0,2018/01/10,20:11:13,25.5,25.5,25.19,25.69,0,0,0,0,0.08,0.05,0.06,0.09,400,-1.28076923077,0,0
3655,0,2018/01/11,07:25:42,25.06,25.06,24.56,25.13,1,1,8,5,0.07,0.05,0.06,0.08,345,0.0,0,0
3656,0,2018/01/10,18:29:37,25.75,25.88,25.44,25.81,0,0,0,0,0.08,0.04,0.06,0.08,750,-1.57692307692,0,0
3657,1,2017/12/23,15:49:14,25.94,26.81,25.5,26.31,120,25,44,32,0.07,0.06,0.06,0.06,430,0.9,0,0
3658,0,2017/12/26,01:57:02,25.31,25.38,24.88,25.81,0,0,0,0,0.07,0.05,0.06,0.11,355,0.0,0,0
3659,0,2017/12/23,07:43:40,25.06,25.06,24.44,25.44,3,3,15,11,0.08,0.05,0.06,0.05,355,0.0192307692308,0,0
3660,2,2017/12/23,19:25:43,26.19,26.13,26.0,26.31,114,19,180,7,1.09,0.75,0.51,0.28,1010,-0.426923076923,0,1
3661,2,2018/01/10,17:28:20,25.94,26.19,25.88,25.94,147,231,172,20,0.31,0.39,1.1,0.23,835,1.04230769231,1,1
3662,0,2017/12/25,22:34:51,25.44,25.44,25.06,26.0,0,0,0,0,0.08,0.06,0.05,0.1,355,0.0,0,0
3663,0,2017/12/25,17:25:56,25.44,25.44,25.25,26.06,0,0,4,2,0.08,0.05,0.06,0.11,350,0.0,0,0
3664,0,2017/12/26,01:18:14,25.38,25.38,24.94,25.81,0,0,0,0,0.07,0.05,0.06,0.09,355,0.0,0,0
3665,2,2017/12/23,13:21:10,25.94,25.88,25.38,26.25,160,246,76,56,0.49,0.56,0.22,0.13,495,3.11923076923,1,0
3666,2,2017/12/23,12:52:34,25.75,25.56,25.25,26.0,155,248,74,54,1.5,0.96,0.4,0.25,385,0.219230769231,1,1
3667,0,2017/12/23,07:54:24,25.0,25.0,24.44,25.31,4,4,20,14,0.08,0.05,0.06,0.06,360,0.0653846153846,0,0
3668,0,2017/12/25,23:34:04,25.38,25.38,25.0,25.81,0,0,0,0,0.08,0.05,0.06,0.09,355,0.0,0,0
3669,0,2017/12/22,23:46:16,25.44,25.44,25.0,25.69,0,0,0,0,0.07,0.05,0.06,0.06,380,-0.296153846154,0,0
3670,0,2017/12/22,20:54:43,25.75,25.88,25.44,26.06,0,0,0,0,0.06,0.04,0.07,0.06,755,-2.05769230769,0,0
3671,0,2017/12/25,20:54:46,25.44,25.44,25.06,25.88,0,0,0,0,0.08,0.06,0.06,0.1,355,-0.107692307692,0,0
3672,0,2017/12/23,09:16:36,25.06,25.06,24.56,25.25,6,7,35,23,0.07,0.04,0.06,0.05,360,0.0,0,0
3673,3,2017/12/22,19:24:52,26.31,28.0,26.13,26.44,142,226,172,10,1.07,0.14,0.65,0.15,1225,0.838461538462,0,1
3674,3,2017/12/22,12:39:58,25.81,29.0,25.38,26.06,159,243,224,67,3.47,3.34,1.72,3.4,690,2.05769230769,1,1
3675,0,2018/01/10,19:43:39,25.56,25.56,25.25,25.63,0,0,0,0,0.07,0.05,0.05,0.08,475,-1.41538461538,0,0
3676,0,2018/01/10,19:31:24,25.56,25.56,25.25,25.69,0,0,0,0,0.07,0.05,0.05,0.09,520,-2.07307692308,0,0
3677,0,2017/12/25,17:18:47,25.44,25.44,25.25,26.19,0,0,5,4,0.08,0.04,0.06,0.09,350,0.0,0,0
3678,0,2017/12/23,22:09:07,25.56,25.56,25.19,25.81,0,0,0,0,0.06,0.05,0.07,0.06,465,-1.88846153846,0,0
3679,0,2017/12/23,01:49:20,25.38,25.31,24.88,25.75,0,0,0,0,0.06,0.05,0.07,0.06,370,0.0,0,0
3680,0,2017/12/24,05:33:19,25.19,25.19,24.63,25.5,0,0,0,0,0.07,0.04,0.07,0.07,355,-0.0884615384615,0,0
3681,0,2018/01/11,05:03:15,25.13,25.13,24.63,25.25,0,0,0,0,0.08,0.05,0.05,0.08,345,0.0,0,0
3682,0,2017/12/24,03:43:02,25.25,25.31,24.75,25.63,0,0,0,0,0.07,0.05,0.06,0.06,360,0.0,0,0
3683,2,2017/12/22,11:53:30,25.56,25.75,25.0,25.81,155,233,75,57,1.16,0.27,0.09,0.07,555,2.89615384615,1,1
3684,0,2017/12/25,16:24:09,25.44,25.44,25.38,26.06,5,5,26,19,0.08,0.05,0.07,0.11,350,-0.215384615385,0,0
3685,0,2017/12/26,06:29:11,25.19,25.19,24.63,25.44,0,0,0,0,0.08,0.05,0.06,0.09,355,-0.0653846153846,0,0
3686,0,2017/12/26,03:13:07,25.31,25.31,24.81,25.69,0,0,0,0,0.07,0.06,0.06,0.1,355,0.0,0,0
3687,2,2018/01/10,17:36:31,25.94,26.19,25.88,25.94,146,230,169,18,0.62,0.61,3.11,0.38,840,0.957692307692,1,1
3688,0,2017/12/23,23:29:16,25.38,25.44,25.0,25.56,0,0,0,0,0.06,0.05,0.06,0.06,375,-0.296153846154,0,0
3689,2,2017/12/23,17:28:48,26.19,25.88,25.75,26.31,117,22,185,10,0.35,0.17,0.3,0.17,700,-0.226923076923,0,0
3690,0,2018/01/11,07:47:09,25.06,25.06,24.56,25.13,3,3,15,10,0.08,0.04,0.05,0.09,345,0.0,0,0
3691,0,2017/12/25,10:06:20,25.06,25.06,24.69,25.69,9,10,45,30,0.07,0.05,0.06,0.1,355,0.0,0,0
3692,0,2017/12/23,04:45:29,25.19,25.19,24.63,25.44,0,0,0,0,0.08,0.05,0.07,0.05,360,0.0,0,0
3693,0,2017/12/25,14:24:10,25.38,25.44,25.31,26.13,19,23,84,60,0.07,0.05,0.07,0.09,355,0.0,0,0
3694,0,2017/12/23,10:26:02,25.13,25.13,24.75,25.63,10,10,48,33,0.08,0.05,0.06,0.06,355,-0.188461538462,0,0
3695,0,2017/12/23,14:13:15,26.06,27.13,25.5,26.31,15,15,71,52,0.07,0.06,0.06,0.06,660,2.90769230769,0,0
3696,0,2017/12/26,05:24:20,25.25,25.25,24.69,25.56,0,0,0,0,0.08,0.05,0.05,0.09,355,0.0,0,0
3697,0,2017/12/25,22:02:41,25.38,25.44,25.06,25.88,0,0,0,0,0.08,0.05,0.06,0.09,355,0.0192307692308,0,0
3698,0,2017/12/24,06:26:25,25.13,25.19,24.56,25.5,0,0,0,0,0.07,0.05,0.06,0.07,355,-0.157692307692,0,0
3699,0,2017/12/23,08:43:24,25.06,25.06,24.56,25.38,6,6,32,22,0.08,0.05,0.06,0.06,360,0.0,0,0
3700,0,2018/01/10,20:32:40,25.5,25.44,25.13,25.63,0,0,0,0,0.07,0.04,0.06,0.1,385,-0.242307692308,0,0
3701,0,2017/12/26,00:31:15,25.38,25.38,25.0,25.81,0,0,0,0,0.07,0.05,0.07,0.1,355,0.0,0,0
3702,0,2017/12/25,22:33:49,25.44,25.44,25.06,25.88,0,0,0,0,0.08,0.06,0.06,0.09,355,0.0,0,0
3703,0,2018/01/11,05:30:49,25.13,25.13,24.63,25.19,0,0,0,0,0.08,0.04,0.06,0.09,345,0.0,0,0
3704,0,2018/01/10,22:26:31,25.31,25.38,25.0,25.44,0,0,0,0,0.07,0.05,0.06,0.08,355,0.0,0,0
3705,3,2017/12/22,13:17:45,25.94,28.0,25.69,26.25,163,252,221,70,1.74,0.65,2.0,0.43,855,6.48846153846,1,1
3706,0,2017/12/24,08:58:04,25.13,25.13,24.63,25.44,6,7,35,23,0.07,0.05,0.06,0.06,355,-0.0653846153846,0,0
3707,0,2017/12/25,23:59:36,25.38,25.38,25.0,25.88,0,0,0,0,0.07,0.05,0.06,0.1,355,0.0,0,0
3708,0,2017/12/25,18:06:47,25.44,25.44,25.19,26.0,0,0,0,0,0.08,0.05,0.07,0.09,350,0.0192307692308,0,0
3709,0,2017/12/25,15:33:06,25.44,25.44,25.44,26.13,10,12,51,37,0.07,0.05,0.07,0.1,355,0.0,0,0
3710,0,2017/12/24,05:06:46,25.19,25.25,24.63,25.56,0,0,0,0,0.07,0.05,0.06,0.07,360,-0.0384615384615,0,0
3711,0,2017/12/24,03:01:40,25.31,25.31,24.75,25.69,0,0,0,0,0.07,0.05,0.06,0.07,360,-0.0961538461538,0,0
3712,0,2017/12/24,06:16:12,25.13,25.19,24.56,25.44,0,0,0,0,0.07,0.05,0.06,0.06,360,0.0961538461538,0,0
3713,0,2017/12/26,06:29:41,25.19,25.19,24.63,25.44,0,0,0,0,0.08,0.05,0.06,0.1,355,-0.0576923076923,0,0
3714,3,2017/12/23,18:17:49,26.25,26.25,25.88,26.31,149,234,185,10,0.08,0.08,0.38,0.07,955,2.42692307692,0,0
3715,0,2017/12/22,21:18:43,25.69,25.75,25.38,25.88,0,0,0,0,0.07,0.05,0.07,0.06,655,-2.42692307692,0,0
3716,0,2017/12/26,05:44:45,25.19,25.25,24.69,25.5,0,0,0,0,0.07,0.06,0.07,0.1,355,0.0,0,0
3717,0,2018/01/10,23:06:51,25.31,25.31,24.94,25.44,0,0,0,0,0.07,0.05,0.06,0.09,345,0.0,0,0
3718,0,2017/12/23,20:12:11,26.06,25.94,25.69,26.13,0,0,0,0,0.06,0.05,0.06,0.06,950,-2.42692307692,0,0
3719,0,2017/12/25,11:47:25,25.19,25.19,25.0,25.88,14,17,65,45,0.08,0.05,0.07,0.11,355,0.0,0,0
3720,0,2017/12/22,20:05:42,26.06,26.25,25.75,26.19,0,0,0,0,0.08,0.05,0.07,0.06,1025,-4.69615384615,0,0
3721,0,2017/12/23,08:48:31,25.06,25.0,24.56,25.31,6,6,32,21,0.08,0.05,0.06,0.06,360,0.0,0,0
3722,0,2018/01/10,19:38:32,25.56,25.56,25.25,25.63,0,0,0,0,0.08,0.05,0.05,0.09,490,-1.81153846154,0,0
3723,0,2018/01/11,06:55:34,25.06,25.06,24.56,25.19,0,0,1,0,0.08,0.04,0.05,0.09,345,0.0,0,0
3724,2,2017/12/23,19:51:46,26.19,26.19,26.0,26.31,114,21,181,7,3.8,0.24,3.04,0.21,1020,-0.769230769231,1,1
3725,0,2017/12/23,00:37:20,25.38,25.38,24.94,25.69,0,0,0,0,0.07,0.05,0.06,0.06,375,0.0,0,0
3726,0,2017/12/26,06:53:41,25.13,25.19,24.56,25.31,0,0,1,1,0.07,0.05,0.05,0.09,350,-0.169230769231,0,0
3727,2,2017/12/23,16:48:28,26.13,25.81,25.56,26.31,119,24,195,17,0.5,0.54,1.58,0.41,570,1.84230769231,0,1
3728,0,2017/12/24,07:12:22,25.13,25.13,24.5,25.44,0,0,6,4,0.07,0.05,0.06,0.07,360,0.157692307692,0,0
3729,0,2018/01/10,20:58:42,25.44,25.44,25.06,25.56,0,0,0,0,0.07,0.04,0.05,0.08,375,-0.203846153846,0,0
3730,0,2018/01/10,20:05:36,25.5,25.5,25.19,25.63,0,0,0,0,0.08,0.04,0.06,0.09,420,-1.44615384615,0,0
3731,0,2018/01/11,07:55:49,25.06,25.06,24.56,25.13,4,4,20,14,0.08,0.05,0.06,0.08,345,0.0,0,0
3732,0,2017/12/23,02:14:51,25.31,25.31,24.81,25.69,0,0,0,0,0.07,0.05,0.06,0.06,370,-0.0192307692308,0,0
3733,0,2017/12/25,09:21:54,25.0,25.06,24.56,25.38,7,7,36,24,0.07,0.05,0.05,0.1,355,-0.161538461538,0,0
3734,0,2018/01/11,08:09:36,25.13,25.06,24.56,25.13,5,5,26,18,0.08,0.04,0.06,0.09,345,0.0,0,0
3735,1,2017/12/22,11:03:28,25.13,24.88,24.69,25.56,123,35,58,44,0.44,0.13,0.17,0.09,410,0.607692307692,1,0
3736,0,2017/12/22,14:58:20,25.94,26.06,25.81,26.31,14,18,84,51,0.08,0.05,0.07,0.06,715,-2.87307692308,0,0
3737,0,2017/12/23,03:34:00,25.25,25.25,24.69,25.63,0,0,0,0,0.07,0.05,0.05,0.06,365,-0.0384615384615,0,0
3738,0,2017/12/26,06:49:36,25.13,25.19,24.63,25.38,0,0,0,0,0.08,0.05,0.06,0.09,355,1.23168185923e-17,0,0
3739,0,2017/12/24,07:15:26,25.13,25.13,24.5,25.44,1,0,7,5,0.06,0.05,0.05,0.07,355,0.0961538461538,0,0
3740,0,2018/01/10,23:29:50,25.25,25.31,24.88,25.38,0,0,0,0,0.08,0.05,0.06,0.09,345,0.0,0,0
3741,2,2017/12/23,13:28:49,25.88,25.94,25.38,26.19,162,254,83,62,0.52,0.71,0.32,0.18,450,0.630769230769,1,0
3742,0,2017/12/22,14:53:14,25.94,26.06,25.81,26.38,15,20,89,54,0.07,0.05,0.06,0.06,750,-3.99230769231,0,0
3743,0,2018/01/11,05:15:30,25.13,25.13,24.63,25.25,0,0,0,0,0.07,0.05,0.05,0.08,345,0.0,0,0
3744,0,2017/12/23,08:02:34,25.06,25.06,24.44,25.31,5,5,24,16,0.08,0.05,0.06,0.06,360,0.0846153846154,0,0
3745,0,2017/12/24,01:55:18,25.38,25.38,24.88,25.69,0,0,0,0,0.06,0.04,0.06,0.06,365,0.0,0,0
3746,0,2017/12/22,20:51:39,25.75,25.88,25.5,26.0,0,0,0,0,0.07,0.04,0.06,0.06,770,-2.05,0,0
3747,0,2017/12/24,03:05:15,25.31,25.31,24.81,25.63,0,0,0,0,0.06,0.05,0.06,0.06,360,0.0,0,0
3748,0,2017/12/25,13:58:08,25.38,25.38,25.25,26.06,20,24,84,60,0.07,0.04,0.06,0.11,355,0.0,0,0
3749,0,2018/01/11,06:15:45,25.13,25.06,24.56,25.19,0,0,0,0,0.07,0.04,0.05,0.08,345,0.0,0,0
3750,1,2017/12/22,11:03:59,25.13,24.88,24.69,25.56,123,35,58,44,0.46,0.14,0.16,0.07,410,0.719230769231,1,0
3751,0,2017/12/26,00:55:46,25.38,25.38,24.94,25.81,0,0,0,0,0.07,0.06,0.07,0.1,355,0.0,0,0
3752,0,2018/01/10,18:50:33,25.69,25.75,25.38,25.75,0,0,0,0,0.08,0.05,0.06,0.08,655,-2.65769230769,0,0
3753,0,2017/12/23,21:17:02,25.81,25.69,25.38,26.0,0,0,0,0,0.07,0.05,0.07,0.06,680,-1.49615384615,0,0
3754,0,2018/01/11,04:01:59,25.19,25.19,24.63,25.25,0,0,0,0,0.07,0.05,0.05,0.08,345,0.0,0,0
3755,0,2018/01/11,03:08:52,25.19,25.19,24.69,25.25,0,0,0,0,0.07,0.05,0.06,0.09,345,0.0,0,0
3756,0,2017/12/24,06:38:40,25.13,25.19,24.5,25.44,0,0,0,0,0.07,0.05,0.06,0.06,360,0.103846153846,0,0
3757,2,2017/12/23,17:32:22,26.19,25.88,25.75,26.31,118,22,185,9,0.56,0.61,3.23,0.45,735,-0.661538461538,0,0
3758,0,2017/12/24,00:44:20,25.44,25.44,24.94,25.75,0,0,0,0,0.06,0.05,0.06,0.06,370,-0.0423076923077,0,0
3759,0,2017/12/24,06:35:37,25.13,25.19,24.5,25.44,0,0,0,0,0.06,0.05,0.06,0.06,360,0.288461538462,0,0
3760,0,2017/12/23,20:20:52,26.0,25.88,25.63,26.06,0,0,0,0,0.06,0.04,0.07,0.06,895,-3.25384615385,0,0
3761,0,2017/12/25,16:35:23,25.44,25.44,25.38,26.19,4,4,25,14,0.07,0.05,0.06,0.11,350,-0.0653846153846,0,0
3762,0,2017/12/26,06:55:13,25.13,25.19,24.63,25.31,0,0,1,1,0.07,0.05,0.07,0.09,350,-0.169230769231,0,0
3763,0,2017/12/23,11:39:34,25.19,25.19,24.94,25.81,14,16,64,45,0.08,0.05,0.05,0.06,360,1.53960232403e-18,0,0
3764,0,2017/12/25,19:34:36,25.44,25.44,25.13,26.0,0,0,0,0,0.08,0.05,0.06,0.1,350,-0.0307692307692,0,0
3765,0,2017/12/23,00:28:39,25.38,25.38,24.94,25.69,0,0,0,0,0.06,0.05,0.06,0.07,375,-0.0153846153846,0,0
3766,0,2018/01/11,00:40:48,25.25,25.25,24.88,25.38,0,0,0,0,0.07,0.04,0.06,0.1,345,0.0,0,0
3767,0,2017/12/23,02:23:32,25.31,25.31,24.81,25.69,0,0,0,0,0.06,0.05,0.07,0.06,365,-0.0346153846154,0,0
3768,0,2017/12/23,20:54:34,25.88,25.81,25.5,26.06,0,0,0,0,0.06,0.05,0.06,0.06,760,-2.30769230769,0,0
3769,0,2017/12/23,10:54:07,25.13,25.13,24.81,25.69,11,12,53,36,0.08,0.05,0.06,0.06,355,-0.0115384615385,0,0
3770,0,2017/12/25,14:45:06,25.44,25.44,25.38,26.19,17,20,76,56,0.07,0.05,0.06,0.11,355,0.0,0,0
3771,0,2017/12/23,20:08:37,26.06,25.94,25.75,26.13,0,0,0,0,0.07,0.05,0.05,0.06,975,-2.18846153846,0,0
3772,0,2017/12/24,02:15:13,25.31,25.38,24.88,25.75,0,0,0,0,0.06,0.05,0.07,0.06,365,0.0,0,0
3773,0,2017/12/23,23:36:25,25.44,25.44,25.0,25.56,0,0,0,0,0.06,0.05,0.06,0.06,375,0.0,0,0
3774,0,2017/12/23,05:43:41,25.13,25.13,24.5,25.31,0,0,0,0,0.07,0.06,0.07,0.06,360,0.0,0,0
3775,0,2017/12/23,07:23:15,25.06,25.06,24.44,25.31,1,1,10,6,0.08,0.05,0.05,0.06,355,0.0,0,0
3776,0,2018/01/11,00:47:27,25.25,25.25,24.81,25.31,0,0,0,0,0.07,0.05,0.06,0.09,345,0.0,0,0
3777,0,2017/12/23,05:32:27,25.13,25.13,24.56,25.31,0,0,0,0,0.08,0.06,0.07,0.06,360,0.0,0,0
3778,0,2017/12/22,15:01:55,25.88,26.0,25.75,26.31,14,19,86,53,0.08,0.06,0.06,0.07,705,-2.51538461538,0,0
3779,0,2017/12/22,21:33:31,25.69,25.69,25.31,25.88,0,0,0,0,0.07,0.05,0.06,0.06,595,-2.10384615385,0,0
3780,0,2017/12/23,22:48:25,25.5,25.5,25.06,25.69,0,0,0,0,0.07,0.05,0.06,0.06,385,-0.226923076923,0,0
3781,0,2017/12/26,04:50:07,25.25,25.25,24.75,25.63,0,0,0,0,0.07,0.05,0.06,0.1,355,0.0,0,0
3782,0,2017/12/25,16:00:10,25.44,25.44,25.44,26.31,7,9,37,27,0.09,0.05,0.07,0.1,355,-0.0423076923077,0,0
3783,0,2017/12/26,04:57:47,25.25,25.25,24.75,25.63,0,0,0,0,0.08,0.05,0.07,0.1,355,0.0,0,0
3784,0,2017/12/22,21:53:26,25.63,25.63,25.25,25.81,0,0,0,0,0.07,0.05,0.06,0.06,530,-1.81923076923,0,0
3785,0,2017/12/23,05:15:05,25.13,25.13,24.56,25.5,0,0,0,0,0.08,0.05,0.05,0.05,360,0.0,0,0
3786,0,2017/12/26,03:19:45,25.31,25.31,24.88,25.69,0,0,0,0,0.07,0.04,0.07,0.09,355,0.0,0,0
3787,0,2017/12/22,21:09:01,25.69,25.81,25.38,25.94,0,0,0,0,0.07,0.04,0.06,0.06,705,-2.04230769231,0,0
3788,0,2017/12/24,07:19:00,25.06,25.19,24.5,25.38,1,1,8,5,0.06,0.05,0.06,0.07,360,0.138461538462,0,0
3789,0,2017/12/23,09:45:11,25.06,25.06,24.63,25.44,8,8,40,26,0.08,0.05,0.06,0.06,360,-0.0653846153846,0,0
3790,0,2017/12/23,06:46:29,25.06,25.06,24.44,25.38,0,0,0,0,0.07,0.05,0.06,0.05,355,0.0,0,0
3791,0,2017/12/23,06:00:01,25.13,25.13,24.5,25.31,0,0,0,0,0.08,0.04,0.06,0.05,360,0.0884615384615,0,0
3792,0,2018/01/11,07:10:23,25.06,25.06,24.56,25.13,0,0,4,3,0.08,0.05,0.06,0.08,345,0.0,0,0
3793,0,2017/12/25,11:46:24,25.19,25.19,24.94,25.81,14,16,64,46,0.08,0.04,0.06,0.09,355,0.0,0,0
3794,0,2017/12/23,05:50:19,25.13,25.13,24.5,25.31,0,0,0,0,0.07,0.05,0.06,0.06,360,-0.0923076923077,0,0
3795,3,2017/12/22,18:42:59,26.31,26.69,26.06,26.44,150,236,180,10,1.03,0.27,0.23,0.11,1160,3.16538461538,0,1
3796,0,2018/01/11,05:40:31,25.13,25.13,24.63,25.25,0,0,0,0,0.08,0.05,0.06,0.09,345,0.0,0,0
3797,0,2017/12/25,20:16:59,25.44,25.44,25.06,26.0,0,0,0,0,0.08,0.05,0.05,0.1,350,-0.169230769231,0,0
3798,0,2017/12/25,22:58:50,25.38,25.38,25.0,25.94,0,0,0,0,0.08,0.04,0.06,0.1,355,0.0,0,0
3799,3,2018/01/10,15:39:04,25.56,26.13,25.44,25.69,10,10,52,33,0.33,1.19,0.16,0.12,370,0.0,0,0
3800,0,2018/01/11,07:26:43,25.06,25.06,24.56,25.19,1,1,9,5,0.08,0.05,0.05,0.09,345,0.0,0,0
3801,0,2017/12/23,07:49:48,25.0,25.0,24.44,25.31,3,4,18,13,0.08,0.05,0.06,0.06,355,-0.0230769230769,0,0
3802,0,2017/12/24,02:12:09,25.31,25.38,24.88,25.75,0,0,0,0,0.06,0.06,0.06,0.05,365,0.0,0,0
3803,0,2017/12/23,10:18:53,25.06,25.13,24.75,25.63,10,10,47,32,0.08,0.05,0.07,0.06,355,0.0923076923077,0,0
3804,0,2017/12/23,06:48:32,25.06,25.06,24.44,25.31,0,0,1,0,0.08,0.06,0.06,0.06,355,0.0423076923077,0,0
3805,1,2017/12/22,16:06:45,26.06,25.75,25.56,26.38,119,29,50,29,0.43,0.12,0.14,0.33,600,0.334615384615,0,0
3806,0,2018/01/11,02:33:08,25.19,25.19,24.75,25.25,0,0,0,0,0.08,0.04,0.06,0.09,345,0.0,0,0
3807,3,2017/12/22,18:48:06,26.31,27.13,26.0,26.38,150,238,180,10,0.64,0.63,0.06,0.63,1185,2.38461538462,1,1
3808,0,2017/12/23,23:38:28,25.44,25.44,25.0,25.56,0,0,0,0,0.07,0.05,0.06,0.06,375,0.0,0,0
3809,0,2018/01/10,21:44:39,25.38,25.38,25.0,25.5,0,0,0,0,0.07,0.04,0.05,0.09,365,-0.0653846153846,0,0
3810,0,2017/12/22,23:23:49,25.44,25.44,25.0,25.75,0,0,0,0,0.07,0.05,0.06,0.07,385,-0.253846153846,0,0
3811,0,2017/12/24,08:16:12,25.06,25.13,24.56,25.44,5,5,29,20,0.07,0.05,0.05,0.07,360,0.0,0,0
3812,0,2017/12/23,10:03:34,25.06,25.06,24.69,25.56,9,10,44,29,0.08,0.06,0.07,0.06,360,-0.0307692307692,0,0
3813,0,2018/01/11,02:37:44,25.19,25.19,24.75,25.25,0,0,0,0,0.07,0.04,0.05,0.09,345,0.0,0,0
3814,0,2017/12/25,13:12:41,25.31,25.31,25.19,25.94,18,21,75,54,0.08,0.05,0.06,0.1,355,0.0,0,0
3815,0,2017/12/23,00:34:16,25.38,25.38,24.94,25.69,0,0,0,0,0.07,0.06,0.07,0.06,375,0.0,0,0
3816,0,2017/12/25,14:45:37,25.38,25.44,25.38,26.19,16,20,76,54,0.08,0.05,0.06,0.1,355,0.0,0,0
3817,0,2017/12/23,14:22:26,25.94,27.0,25.56,26.31,14,15,70,51,0.08,0.06,0.07,0.06,630,-1.62307692308,0,0
3818,0,2017/12/23,10:43:54,25.19,25.13,24.81,25.75,10,12,51,35,0.08,0.05,0.07,0.05,360,0.192307692308,0,0
3819,2,2017/12/22,12:22:37,25.69,28.13,25.13,26.0,156,244,81,63,1.53,0.37,0.18,0.08,645,1.01923076923,1,0
3820,0,2017/12/23,09:29:52,25.06,25.06,24.63,25.25,7,7,37,24,0.08,0.05,0.06,0.06,360,0.0192307692308,0,0
3821,0,2017/12/24,02:34:06,25.31,25.38,24.81,25.69,0,0,0,0,0.07,0.05,0.07,0.06,360,-0.0807692307692,0,0
3822,0,2017/12/23,21:19:04,25.75,25.69,25.38,25.94,0,0,0,0,0.07,0.05,0.06,0.07,670,-1.74615384615,0,0
3823,0,2017/12/25,19:02:57,25.44,25.44,25.19,26.0,0,0,0,0,0.08,0.05,0.06,0.11,355,0.111538461538,0,0
3824,1,2017/12/22,16:16:27,26.06,25.75,25.56,26.31,116,27,45,26,0.83,0.18,0.09,0.08,610,0.746153846154,1,0
3825,0,2017/12/24,08:20:17,25.13,25.13,24.56,25.5,5,6,30,20,0.06,0.05,0.07,0.06,360,0.0,0,0
3826,0,2017/12/26,04:13:22,25.25,25.31,24.81,25.69,0,0,0,0,0.07,0.05,0.06,0.09,355,0.0,0,0
3827,0,2017/12/26,00:48:06,25.38,25.38,24.94,25.81,0,0,0,0,0.08,0.05,0.07,0.1,355,0.0,0,0
3828,0,2017/12/26,05:10:02,25.25,25.25,24.75,25.56,0,0,0,0,0.07,0.04,0.06,0.1,355,0.0,0,0
3829,0,2017/12/26,08:29:10,25.06,25.06,24.63,25.25,5,6,30,20,0.08,0.06,0.06,0.1,350,0.0,0,0
3830,0,2017/12/23,21:02:13,25.81,25.75,25.44,26.06,0,0,0,0,0.06,0.04,0.05,0.07,725,-2.15384615385,0,0
3831,2,2017/12/23,19:11:26,26.19,26.25,25.94,26.31,114,19,179,7,0.09,0.06,0.1,0.07,1045,-0.361538461538,0,0
3832,0,2017/12/25,22:03:42,25.38,25.44,25.06,25.88,0,0,0,0,0.08,0.06,0.06,0.09,355,-0.0115384615385,0,0
3833,0,2017/12/23,23:14:28,25.44,25.44,25.06,25.56,0,0,0,0,0.07,0.05,0.06,0.06,380,-0.0384615384615,0,0
3834,0,2017/12/25,12:46:39,25.31,25.31,25.13,25.88,17,20,73,53,0.07,0.05,0.05,0.1,355,0.0,0,0
3835,0,2017/12/26,02:57:48,25.31,25.31,24.88,25.69,0,0,0,0,0.07,0.05,0.05,0.1,355,0.0,0,0
3836,0,2017/12/26,02:11:20,25.31,25.38,24.88,25.75,0,0,0,0,0.08,0.06,0.07,0.09,355,0.0,0,0
3837,0,2017/12/25,19:49:25,25.44,25.44,25.13,26.06,0,0,0,0,0.08,0.05,0.06,0.1,355,0.0923076923077,0,0
3838,3,2017/12/22,13:11:07,25.94,28.25,25.5,26.13,162,247,228,70,0.35,0.3,0.89,1.35,815,7.38076923077,1,1
3839,3,2018/01/10,15:34:59,25.56,26.0,25.44,25.69,10,10,53,33,0.13,0.1,0.19,0.09,370,0.876923076923,0,1
3840,0,2017/12/25,22:27:11,25.44,25.44,25.06,26.0,0,0,0,0,0.08,0.05,0.06,0.1,355,0.0,0,0
3841,0,2018/01/11,07:00:10,25.06,25.06,24.56,25.19,0,0,2,1,0.07,0.05,0.06,0.09,345,0.0,0,0
3842,0,2017/12/23,14:21:25,26.0,27.0,25.56,26.31,15,15,72,53,0.07,0.06,0.05,0.06,630,-1.41538461538,0,0
3843,3,2017/12/22,18:24:37,26.25,26.56,25.94,26.38,150,235,180,10,0.33,0.27,1.09,0.29,1065,2.62307692308,1,1
3844,0,2017/12/25,12:52:47,25.31,25.31,25.13,25.88,17,20,74,53,0.08,0.05,0.06,0.09,355,0.0,0,0
3845,0,2018/01/10,21:41:35,25.38,25.38,25.0,25.5,0,0,0,0,0.07,0.05,0.06,0.09,365,0.0,0,0
3846,2,2017/12/23,13:04:50,25.81,25.69,25.25,26.13,160,249,75,55,0.15,0.06,0.06,0.08,405,0.753846153846,1,0
3847,0,2018/01/10,18:32:10,25.75,25.88,25.5,25.75,0,0,0,0,0.07,0.05,0.06,0.09,735,-1.41923076923,0,0
3848,2,2017/12/22,11:58:06,25.56,26.38,25.0,25.94,156,243,75,58,0.92,1.27,0.65,0.83,580,2.10384615385,1,1
3849,0,2017/12/22,23:41:41,25.44,25.44,25.0,25.75,0,0,0,0,0.07,0.05,0.06,0.05,380,-0.0884615384615,0,0
3850,0,2017/12/25,13:41:48,25.31,25.38,25.25,26.0,18,21,75,56,0.07,0.05,0.06,0.1,355,0.0,0,0
3851,0,2018/01/10,18:57:42,25.69,25.69,25.38,25.69,0,0,0,0,0.08,0.05,0.06,0.08,630,-1.60769230769,0,0
3852,0,2018/01/10,19:37:31,25.63,25.56,25.25,25.63,0,0,0,0,0.08,0.05,0.06,0.08,495,-1.86923076923,0,0
3853,0,2017/12/24,09:05:43,25.13,25.13,24.69,25.44,7,7,36,24,0.06,0.05,0.06,0.07,360,-0.00384615384615,0,0
3854,0,2017/12/22,14:32:18,26.06,26.38,25.94,26.38,18,22,98,60,0.07,0.05,0.07,0.06,900,-2.25769230769,0,0
3855,3,2018/01/10,15:42:08,25.56,26.25,25.5,25.69,10,10,37,34,0.1,0.34,0.22,0.1,375,0.219230769231,1,1
3856,0,2017/12/22,23:04:55,25.44,25.5,25.06,25.88,0,0,0,0,0.07,0.04,0.06,0.06,390,-0.0461538461538,0,0
3857,0,2017/12/23,07:17:38,25.06,25.06,24.5,25.38,1,1,7,5,0.07,0.05,0.06,0.05,355,0.0,0,0
3858,0,2017/12/25,10:07:51,25.06,25.06,24.69,25.63,9,10,45,30,0.07,0.05,0.06,0.09,355,0.0,0,0
3859,0,2017/12/25,17:31:03,25.44,25.44,25.25,26.13,0,0,2,2,0.08,0.05,0.06,0.11,350,0.0,0,0
3860,0,2017/12/25,23:05:59,25.44,25.38,25.0,25.88,0,0,0,0,0.08,0.05,0.06,0.1,355,0.0,0,0
3861,3,2017/12/22,17:56:01,26.25,27.0,25.88,26.38,148,235,177,10,1.25,0.5,0.09,0.08,890,2.44230769231,1,1
3862,0,2017/12/25,19:23:53,25.44,25.44,25.13,26.0,0,0,0,0,0.07,0.05,0.06,0.09,350,0.05,0,0
3863,0,2017/12/24,00:29:31,25.44,25.38,24.94,25.63,0,0,0,0,0.07,0.04,0.06,0.05,370,0.0,0,0
3864,0,2017/12/26,08:40:54,25.13,25.13,24.63,25.44,6,6,33,22,0.16,0.12,0.1,0.09,350,0.0,0,0
3865,0,2018/01/10,22:37:15,25.31,25.38,24.94,25.44,0,0,0,0,0.07,0.04,0.05,0.08,350,-0.261538461538,0,0
3866,0,2018/01/11,06:37:42,25.13,25.06,24.5,25.19,0,0,0,0,0.08,0.05,0.05,0.08,345,0.0,0,0
3867,0,2017/12/22,14:28:43,26.06,26.44,26.0,26.38,18,22,99,59,0.07,0.14,0.21,0.17,945,-0.519230769231,0,0
3868,0,2017/12/23,02:49:34,25.25,25.25,24.75,25.63,0,0,0,0,0.07,0.05,0.07,0.07,365,0.0,0,0
3869,0,2017/12/22,22:30:12,25.56,25.56,25.13,25.81,0,0,0,0,0.06,0.05,0.05,0.07,435,-1.23076923077,0,0
3870,0,2017/12/26,06:42:58,25.13,25.19,24.63,25.38,0,0,0,0,0.07,0.04,0.06,0.09,350,-0.0423076923077,0,0
3871,0,2017/12/25,10:39:00,25.13,25.13,24.75,25.75,10,12,50,35,0.08,0.05,0.06,0.09,355,0.0,0,0
3872,0,2017/12/25,11:16:47,25.19,25.19,24.88,25.75,13,14,59,42,0.08,0.04,0.06,0.11,355,0.0,0,0
3873,0,2017/12/22,23:35:33,25.44,25.44,25.0,25.81,0,0,0,0,0.07,0.05,0.06,0.07,385,0.0,0,0
3874,0,2017/12/26,05:05:57,25.25,25.25,24.75,25.63,0,0,0,0,0.08,0.06,0.06,0.11,355,0.0,0,0
3875,0,2017/12/24,01:19:33,25.38,25.44,24.88,25.69,0,0,0,0,0.06,0.05,0.06,0.06,365,0.0,0,0
3876,0,2018/01/11,07:02:43,25.06,25.06,24.56,25.19,0,0,2,1,0.08,0.05,0.06,0.09,345,0.0,0,0
3877,0,2017/12/26,08:59:17,25.06,25.13,24.63,25.25,6,6,32,21,0.07,0.05,0.07,0.1,350,0.0,0,0
3878,0,2017/12/25,16:23:39,25.44,25.44,25.38,26.13,5,5,26,19,0.08,0.05,0.06,0.1,350,-0.180769230769,0,0
3879,0,2017/12/24,01:51:43,25.38,25.38,24.88,25.69,0,0,0,0,0.06,0.05,0.06,0.06,365,0.0,0,0
3880,0,2017/12/25,14:40:31,25.38,25.44,25.38,26.13,18,23,82,59,0.08,0.05,0.07,0.1,355,0.0,0,0
3881,3,2017/12/22,13:58:05,26.13,27.19,26.06,26.25,165,256,279,72,0.43,0.09,0.53,0.09,935,2.17692307692,1,0
3882,0,2017/12/26,02:10:19,25.31,25.38,24.88,25.81,0,0,0,0,0.07,0.06,0.07,0.1,355,0.0,0,0
3883,2,2017/12/23,13:57:56,26.06,27.06,25.5,26.31,160,248,75,57,0.07,0.15,0.06,0.07,595,1.53846153846,0,0
3884,3,2018/01/10,16:44:56,25.81,26.06,25.75,25.88,4,4,27,14,0.08,0.05,0.07,0.09,695,2.70769230769,1,1
3885,0,2017/12/23,08:55:40,25.0,25.0,24.56,25.38,6,6,32,20,0.07,0.05,0.06,0.06,360,0.0,0,0
3886,0,2017/12/23,10:55:39,25.19,25.19,24.81,25.81,11,13,54,37,0.1,0.08,0.07,0.07,360,0.0230769230769,0,0
3887,0,2018/01/11,05:42:03,25.13,25.13,24.63,25.25,0,0,0,0,0.07,0.05,0.05,0.09,345,0.0,0,0
3888,0,2017/12/24,06:59:36,25.13,25.13,24.5,25.44,0,0,3,2,0.06,0.05,0.06,0.06,355,-0.00769230769231,0,0
3889,0,2017/12/26,01:47:20,25.38,25.38,24.88,25.81,0,0,0,0,0.07,0.05,0.06,0.11,355,0.0,0,0
3890,3,2018/01/10,16:24:00,25.75,26.06,25.69,25.88,5,7,23,21,0.13,0.14,0.24,0.25,580,3.63076923077,0,0
3891,0,2017/12/23,03:28:53,25.25,25.25,24.69,25.5,0,0,0,0,0.06,0.05,0.07,0.06,365,0.0423076923077,0,0
3892,0,2017/12/23,04:42:25,25.19,25.19,24.63,25.44,0,0,0,0,0.08,0.05,0.05,0.06,360,0.0,0,0
3893,0,2018/01/10,21:01:15,25.5,25.44,25.06,25.56,0,0,0,0,0.07,0.05,0.05,0.08,375,-0.280769230769,0,0
3894,0,2017/12/24,03:57:20,25.25,25.31,24.75,25.56,0,0,0,0,0.07,0.05,0.06,0.06,360,0.0,0,0
3895,0,2017/12/23,21:50:44,25.63,25.63,25.25,25.88,0,0,0,0,0.12,0.1,0.07,0.06,530,-2.12307692308,0,0
3896,0,2017/12/23,23:38:58,25.44,25.44,25.0,25.56,0,0,0,0,0.06,0.05,0.06,0.06,375,0.0,0,0
3897,0,2017/12/24,08:35:05,25.13,25.13,24.56,25.38,6,6,33,22,0.07,0.05,0.06,0.06,360,0.0,0,0
3898,0,2017/12/23,21:20:36,25.75,25.69,25.31,25.94,0,0,0,0,0.07,0.05,0.06,0.06,670,-1.85,0,0
3899,0,2017/12/24,00:30:02,25.44,25.44,24.94,25.63,0,0,0,0,0.06,0.06,0.06,0.06,370,0.0,0,0
3900,0,2017/12/26,03:08:31,25.31,25.31,24.88,25.75,0,0,0,0,0.07,0.05,0.06,0.09,355,0.0,0,0
3901,0,2018/01/10,18:13:16,25.88,26.06,25.63,25.88,0,0,0,0,0.07,0.04,0.06,0.09,800,-1.73461538462,0,0
3902,3,2017/12/23,17:40:33,26.19,26.0,25.81,26.31,150,239,186,12,0.85,0.72,2.18,0.65,780,3.48846153846,1,1
3903,0,2017/12/23,20:01:28,26.13,26.0,25.81,26.25,0,0,0,0,0.07,0.05,0.06,0.06,1005,-0.507692307692,0,0
3904,0,2018/01/11,08:36:10,25.13,25.06,24.63,25.13,6,7,32,21,0.08,0.05,0.06,0.09,345,0.0,0,0
3905,0,2017/12/25,20:20:03,25.44,25.5,25.06,25.94,0,0,0,0,0.07,0.05,0.06,0.09,350,-0.00769230769231,0,0
3906,0,2017/12/22,14:19:01,26.19,26.81,26.06,26.38,19,23,100,61,0.07,0.05,0.09,0.06,970,-0.176923076923,0,0
3907,0,2018/01/10,22:51:32,25.31,25.31,24.94,25.44,0,0,0,0,0.08,0.04,0.05,0.08,345,-0.0884615384615,0,0
3908,2,2017/12/22,11:42:47,25.5,25.56,24.88,25.81,155,235,72,54,0.73,1.15,0.24,0.17,500,2.24615384615,0,0
3909,0,2017/12/25,11:23:25,25.19,25.19,24.88,25.75,13,15,59,42,0.08,0.05,0.06,0.1,355,0.0,0,0
3910,3,2018/01/10,15:25:48,25.5,25.63,25.31,25.63,10,11,56,35,0.34,0.43,0.95,0.24,370,0.184615384615,1,1
3911,0,2017/12/23,20:41:48,25.88,25.81,25.5,26.0,0,0,0,0,0.07,0.05,0.06,0.06,825,-1.25,0,0
3912,0,2017/12/23,01:34:00,25.31,25.31,24.81,25.81,0,0,0,0,0.07,0.04,0.06,0.06,370,0.0,0,0
3913,0,2017/12/25,22:36:53,25.44,25.38,25.06,25.88,0,0,0,0,0.08,0.05,0.06,0.09,355,0.0,0,0
3914,2,2017/12/23,19:17:33,26.19,26.19,25.94,26.31,114,19,180,7,0.08,0.05,0.25,0.07,1015,-0.846153846154,0,0
3915,0,2017/12/26,02:15:25,25.31,25.38,24.88,25.75,0,0,0,0,0.07,0.05,0.07,0.1,355,0.0,0,0
3916,0,2017/12/25,16:47:08,25.44,25.44,25.38,26.13,3,3,15,10,0.08,0.05,0.07,0.11,350,-6.1584092961300004e-18,0,0
3917,0,2017/12/23,22:32:05,25.56,25.56,25.13,25.69,0,0,0,0,0.07,0.05,0.07,0.07,400,-1.42307692308,0,0
3918,0,2017/12/24,09:00:37,25.13,25.13,24.63,25.5,7,7,35,23,0.06,0.05,0.09,0.06,360,-0.00769230769231,0,0
3919,3,2017/12/22,17:53:28,26.25,27.13,25.94,26.38,148,235,178,11,0.08,0.08,0.06,0.06,895,2.87307692308,0,1
3920,0,2018/01/11,07:34:23,25.06,25.06,24.5,25.19,2,2,10,6,0.08,0.04,0.06,0.09,345,0.0,0,0
3921,0,2017/12/23,02:12:49,25.31,25.31,24.81,25.75,0,0,0,0,0.07,0.05,0.05,0.06,365,-0.0153846153846,0,0
3922,0,2018/01/11,05:45:37,25.13,25.13,24.56,25.19,0,0,0,0,0.08,0.04,0.06,0.08,345,0.0,0,0
3923,0,2018/01/10,18:27:34,25.81,25.88,25.5,25.81,0,0,0,0,0.07,0.05,0.05,0.09,755,-1.97692307692,0,0
3924,0,2017/12/25,22:59:52,25.38,25.38,25.0,25.94,0,0,0,0,0.08,0.06,0.06,0.09,355,0.0,0,0
3925,0,2017/12/23,21:52:16,25.63,25.63,25.25,25.81,0,0,0,0,0.07,0.05,0.06,0.06,530,-1.92307692308,0,0
3926,1,2017/12/23,15:46:10,25.94,26.75,25.5,26.38,120,25,45,34,0.45,0.06,0.14,0.1,425,0.596153846154,1,0
3927,0,2018/01/11,01:15:01,25.25,25.25,24.75,25.31,0,0,0,0,0.07,0.05,0.05,0.09,345,0.0,0,0
3928,0,2017/12/23,11:17:36,25.19,25.19,24.88,25.81,13,14,59,42,0.08,0.05,0.06,0.06,360,0.0192307692308,0,0
3929,0,2018/01/11,03:59:56,25.19,25.13,24.63,25.25,0,0,0,0,0.08,0.04,0.05,0.09,345,0.0,0,0
3930,2,2017/12/23,19:40:01,26.19,26.13,25.94,26.31,114,19,180,7,0.09,0.96,0.09,0.47,1025,0.480769230769,1,0
3931,0,2017/12/25,09:36:12,25.06,25.06,24.63,25.44,8,8,40,27,0.08,0.05,0.06,0.1,355,0.0,0,0
3932,0,2017/12/24,02:08:34,25.38,25.38,24.81,25.75,0,0,0,0,0.07,0.05,0.07,0.06,365,0.0,0,0
3933,0,2017/12/23,02:06:41,25.31,25.31,24.81,25.69,0,0,0,0,0.07,0.06,0.06,0.06,365,-0.0615384615385,0,0
3934,0,2017/12/22,14:18:31,26.13,26.81,26.13,26.44,19,23,101,61,0.08,0.05,0.06,0.06,970,-0.211538461538,0,0
3935,0,2017/12/26,04:30:43,25.31,25.25,24.81,25.69,0,0,0,0,0.07,0.05,0.06,0.1,355,0.0,0,0
3936,3,2017/12/22,18:37:22,26.31,26.63,26.0,26.38,150,236,180,10,1.74,0.54,0.58,0.45,1120,2.11538461538,1,1
3937,0,2017/12/25,20:03:12,25.44,25.44,25.13,26.0,0,0,0,0,0.07,0.04,0.08,0.1,350,-0.176923076923,0,0
3938,0,2017/12/23,05:14:04,25.19,25.13,24.56,25.5,0,0,0,0,0.08,0.05,0.06,0.05,360,0.0,0,0
3939,0,2017/12/24,08:02:24,25.06,25.13,24.5,25.44,5,5,24,16,0.07,0.06,0.06,0.06,360,0.0,0,0
3940,0,2017/12/23,23:13:27,25.5,25.44,25.06,25.63,0,0,0,0,0.07,0.05,0.06,0.05,380,-0.0307692307692,0,0
3941,0,2018/01/11,04:49:58,25.13,25.13,24.63,25.25,0,0,0,0,0.07,0.04,0.05,0.09,345,0.0,0,0
3942,3,2017/12/22,12:36:54,25.81,28.88,25.31,26.06,160,244,224,67,0.95,0.84,1.61,0.36,675,1.43076923077,1,1
3943,0,2017/12/22,23:38:06,25.44,25.44,25.0,25.81,0,0,0,0,0.07,0.05,0.06,0.06,385,0.0,0,0
3944,0,2017/12/25,10:52:17,25.19,25.13,24.81,25.75,11,13,53,37,0.08,0.04,0.07,0.1,355,0.0,0,0
3945,0,2017/12/23,04:54:09,25.13,25.13,24.63,25.5,0,0,0,0,0.07,0.06,0.06,0.05,360,0.0,0,0
3946,0,2017/12/22,20:32:46,25.88,26.0,25.56,26.13,0,0,0,0,0.07,0.05,0.05,0.07,855,-3.52307692308,0,0
3947,0,2018/01/11,08:12:40,25.13,25.06,24.56,25.13,5,5,28,19,0.08,0.04,0.06,0.08,345,0.0,0,0
3948,0,2017/12/24,07:03:41,25.13,25.13,24.5,25.44,0,0,4,2,0.06,0.05,0.06,0.06,360,-0.0730769230769,0,0
3949,0,2017/12/24,04:00:23,25.25,25.25,24.69,25.63,0,0,0,0,0.07,0.05,0.06,0.06,360,0.0,0,0
3950,0,2017/12/22,22:17:57,25.56,25.63,25.19,25.88,0,0,0,0,0.07,0.05,0.06,0.06,465,-1.02692307692,0,0
3951,0,2017/12/25,16:08:50,25.44,25.44,25.38,26.13,6,7,35,24,0.07,0.05,0.06,0.1,355,-0.111538461538,0,0
3952,0,2018/01/11,04:27:30,25.13,25.19,24.63,25.25,0,0,0,0,0.08,0.05,0.05,0.09,345,0.0,0,0
3953,2,2017/12/22,12:17:00,25.69,27.81,25.13,26.0,156,241,79,60,0.71,0.4,0.22,0.16,635,2.06538461538,1,1
3954,0,2017/12/26,00:15:56,25.38,25.44,24.94,25.88,0,0,0,0,0.08,0.05,0.06,0.1,355,0.0,0,0
3955,0,2017/12/25,12:16:01,25.25,25.25,25.06,25.88,18,20,77,54,0.08,0.06,0.06,0.09,355,0.0,0,0
3956,2,2017/12/23,16:59:42,26.13,25.88,25.63,26.31,118,24,192,14,0.27,0.1,0.06,0.08,625,2.14230769231,0,0
3957,0,2017/12/23,20:23:25,26.0,25.88,25.63,26.13,0,0,0,0,0.07,0.06,0.06,0.06,890,-2.86538461538,0,0
3958,0,2018/01/11,08:49:57,25.13,25.13,24.63,25.19,6,7,33,21,0.08,0.04,0.06,0.08,345,0.0,0,0
3959,0,2017/12/25,15:53:31,25.44,25.44,25.44,26.13,8,10,40,29,0.09,0.05,0.1,0.1,355,0.0,1,0
3960,0,2017/12/23,06:32:42,25.06,25.06,24.44,25.31,0,0,0,0,0.08,0.05,0.05,0.06,355,-0.00769230769231,0,0
3961,0,2018/01/10,19:10:27,25.63,25.63,25.31,25.69,0,0,0,0,0.07,0.05,0.05,0.09,600,-1.25,0,0
3962,0,2017/12/22,20:02:08,26.06,26.31,25.81,26.25,0,0,0,0,0.07,0.04,0.05,0.06,1030,-5.03461538462,0,0
3963,0,2017/12/25,21:54:00,25.38,25.44,25.06,25.88,0,0,0,0,0.07,0.06,0.07,0.1,350,-0.0730769230769,0,0
3964,0,2018/01/11,02:49:59,25.19,25.19,24.75,25.31,0,0,0,0,0.07,0.04,0.06,0.08,345,0.0,0,0
3965,0,2017/12/25,21:09:04,25.44,25.44,25.06,25.94,0,0,0,0,0.08,0.06,0.06,0.1,355,0.134615384615,0,0
3966,0,2017/12/23,21:42:03,25.69,25.63,25.25,25.81,0,0,0,0,0.09,0.07,0.08,0.07,560,-2.20384615385,0,0
3967,0,2017/12/24,00:02:58,25.44,25.44,25.0,25.56,0,0,0,0,0.07,0.05,0.07,0.06,370,-0.119230769231,0,0
3968,0,2017/12/23,03:22:46,25.19,25.25,24.75,25.56,0,0,0,0,0.06,0.05,0.07,0.06,360,-0.0961538461538,0,0
3969,0,2017/12/25,17:51:28,25.44,25.44,25.19,26.06,0,0,0,0,0.08,0.05,0.07,0.1,350,0.0,0,0
3970,0,2017/12/23,07:34:29,25.06,25.06,24.44,25.31,2,2,13,8,0.08,0.06,0.06,0.06,355,-0.00384615384615,0,0
3971,0,2017/12/22,23:51:23,25.44,25.44,25.0,25.75,0,0,0,0,0.06,0.05,0.06,0.07,380,-0.161538461538,0,0
3972,1,2017/12/23,16:06:36,26.06,26.81,25.5,26.31,119,23,34,24,0.08,0.12,0.06,0.09,475,1.25,0,0
3973,1,2017/12/22,11:21:51,25.25,25.0,24.81,25.69,123,36,60,45,0.48,0.15,0.18,0.11,440,0.719230769231,1,0
3974,0,2017/12/25,23:10:04,25.38,25.44,25.0,25.94,0,0,0,0,0.07,0.06,0.06,0.09,355,0.0,0,0
3975,0,2017/12/25,10:55:20,25.19,25.13,24.81,25.75,11,13,52,35,0.08,0.04,0.05,0.09,355,0.0,0,0
3976,0,2017/12/22,14:28:13,26.06,26.44,26.0,26.38,19,23,99,60,0.13,0.05,0.07,0.08,945,-0.180769230769,0,0
3977,0,2017/12/24,08:42:14,25.13,25.13,24.63,25.38,6,7,35,23,0.07,0.05,0.06,0.06,360,0.0,0,0
3978,0,2017/12/26,06:34:48,25.19,25.19,24.63,25.38,0,0,0,0,0.07,0.06,0.05,0.11,355,-0.05,0,0
3979,0,2017/12/22,20:35:50,25.88,26.0,25.56,26.13,0,0,0,0,0.07,0.04,0.05,0.06,840,-3.29615384615,0,0
3980,0,2017/12/25,21:03:58,25.38,25.44,25.06,25.88,0,0,0,0,0.08,0.05,0.06,0.1,355,-0.0384615384615,0,0
3981,0,2018/01/11,06:04:00,25.13,25.06,24.56,25.19,0,0,0,0,0.08,0.05,0.05,0.08,345,0.0,0,0
3982,0,2017/12/23,10:29:06,25.13,25.13,24.75,25.69,10,11,49,33,0.09,0.05,0.06,0.07,360,0.180769230769,0,0
3983,3,2017/12/22,19:18:44,26.38,28.25,26.06,26.44,145,232,176,10,1.09,0.48,1.47,0.42,1225,-0.115384615385,1,1
3984,0,2017/12/25,11:01:28,25.13,25.13,24.81,25.75,13,14,59,41,0.07,0.05,0.06,0.09,355,0.0,0,0
3985,0,2017/12/24,06:19:47,25.13,25.19,24.56,25.44,0,0,0,0,0.07,0.05,0.06,0.06,355,-0.103846153846,0,0
3986,1,2017/12/23,16:07:37,26.0,26.81,25.5,26.38,119,23,33,24,0.08,0.06,0.07,0.07,480,1.18461538462,0,0
3987,0,2017/12/25,21:47:52,25.38,25.44,25.06,25.88,0,0,0,0,0.07,0.05,0.07,0.1,355,0.0192307692308,0,0
3988,0,2017/12/24,06:06:30,25.19,25.19,24.56,25.5,0,0,0,0,0.06,0.05,0.06,0.06,355,-0.0807692307692,0,0
3989,0,2017/12/23,10:51:34,25.19,25.13,24.81,25.75,10,12,51,35,0.09,0.05,0.08,0.06,360,0.103846153846,0,0
3990,0,2018/01/11,00:48:58,25.25,25.25,24.81,25.31,0,0,0,0,0.07,0.05,0.05,0.09,345,0.0,0,0
3991,0,2017/12/23,03:38:05,25.25,25.19,24.69,25.56,0,0,0,0,0.08,0.05,0.07,0.06,365,-0.00769230769231,0,0
3992,0,2017/12/26,00:24:06,25.38,25.38,24.94,25.81,0,0,0,0,0.08,0.05,0.06,0.1,355,0.0,0,0
3993,0,2018/01/11,00:24:59,25.25,25.25,24.88,25.31,0,0,0,0,0.07,0.04,0.05,0.09,345,0.0,0,0
3994,0,2017/12/23,10:41:21,25.13,25.13,24.81,25.81,10,11,50,34,0.09,0.05,0.07,0.07,360,0.0307692307692,0,0
3995,0,2018/01/10,20:44:24,25.5,25.44,25.06,25.56,0,0,0,0,0.07,0.05,0.06,0.09,380,-0.288461538462,0,0
3996,0,2017/12/25,14:44:36,25.38,25.44,25.38,26.13,17,21,77,56,0.09,0.05,0.06,0.11,355,0.0,0,0
3997,2,2017/12/22,11:29:31,25.38,25.44,24.88,25.75,155,234,63,49,1.77,1.08,0.2,0.08,450,0.896153846154,1,1
3998,0,2017/12/23,21:59:55,25.63,25.63,25.19,25.75,0,0,0,0,0.06,0.05,0.06,0.06,505,-1.59615384615,0,0
3999,0,2017/12/22,20:31:14,25.88,26.0,25.63,26.19,0,0,0,0,0.06,0.05,0.07,0.06,865,-3.39230769231,0,0
4000,1,2017/12/23,12:37:15,25.63,25.38,25.19,26.0,125,40,76,54,1.09,0.05,0.08,0.07,380,0.253846153846,0,0
4001,0,2018/01/11,00:35:11,25.25,25.25,24.88,25.31,0,0,0,0,0.07,0.04,0.05,0.09,345,0.0,0,0
4002,0,2017/12/22,22:19:59,25.56,25.56,25.19,25.81,0,0,0,0,0.07,0.05,0.07,0.06,460,-1.01538461538,0,0
4003,0,2018/01/11,03:04:17,25.19,25.19,24.69,25.25,0,0,0,0,0.07,0.05,0.05,0.09,345,0.0,0,0
4004,0,2017/12/25,14:10:54,25.38,25.38,25.31,26.06,18,22,80,58,0.07,0.06,0.06,0.1,355,0.0,0,0
4005,0,2017/12/22,21:09:32,25.75,25.81,25.38,25.94,0,0,0,0,0.07,0.05,0.06,0.07,705,-1.93076923077,0,0
4006,0,2017/12/23,15:26:16,25.75,26.81,25.5,26.25,91,23,49,36,0.17,0.16,0.15,0.11,430,-1.38076923077,1,1
4007,0,2017/12/23,00:02:06,25.38,25.44,25.0,25.81,0,0,0,0,0.07,0.05,0.08,0.06,380,0.0,0,0
4008,0,2017/12/23,07:36:31,25.06,25.06,24.44,25.38,2,2,13,8,0.08,0.05,0.06,0.05,355,-0.0192307692308,0,0
4009,0,2017/12/25,16:26:43,25.44,25.44,25.38,26.13,5,5,24,18,0.07,0.05,0.06,0.1,350,0.0461538461538,0,0
4010,0,2018/01/11,05:06:49,25.13,25.13,24.63,25.25,0,0,0,0,0.07,0.04,0.06,0.08,345,0.0,0,0
4011,0,2017/12/25,20:37:55,25.44,25.44,25.06,26.0,0,0,0,0,0.07,0.05,0.06,0.1,355,0.192307692308,0,0
4012,0,2018/01/10,19:46:12,25.56,25.56,25.19,25.63,0,0,0,0,0.07,0.05,0.05,0.08,480,-0.988461538462,0,0
4013,0,2017/12/24,05:01:09,25.25,25.25,24.63,25.56,0,0,0,0,0.07,0.05,0.06,0.06,360,0.0,0,0
4014,0,2017/12/26,05:37:36,25.25,25.25,24.69,25.5,0,0,0,0,0.07,0.06,0.06,0.09,355,0.0,0,0
4015,0,2018/01/11,05:49:12,25.13,25.13,24.56,25.19,0,0,0,0,0.08,0.05,0.06,0.08,345,0.0,0,0
4016,0,2018/01/11,00:21:55,25.25,25.25,24.88,25.31,0,0,0,0,0.07,0.05,0.05,0.09,345,0.0,0,0
4017,0,2017/12/23,23:52:45,25.44,25.44,25.0,25.56,0,0,0,0,0.07,0.05,0.07,0.07,370,-0.153846153846,0,0
4018,0,2018/01/10,22:32:39,25.31,25.38,24.94,25.5,0,0,0,0,0.08,0.04,0.06,0.08,355,-0.157692307692,0,0
4019,0,2018/01/10,20:30:07,25.5,25.44,25.13,25.63,0,0,0,0,0.08,0.05,0.06,0.09,385,-0.3,0,0
4020,0,2017/12/25,13:55:04,25.31,25.38,25.31,26.0,20,24,83,61,0.08,0.05,0.06,0.09,355,0.0,0,0
4021,0,2017/12/23,15:24:13,25.75,26.81,25.5,26.31,9,10,49,35,0.07,0.07,0.06,0.07,435,-1.18461538462,0,0
4022,2,2017/12/22,11:57:36,25.56,25.94,25.0,25.94,155,239,75,58,0.44,3.44,0.67,0.36,570,2.14230769231,1,1
4023,0,2017/12/23,07:30:24,25.06,25.06,24.44,25.38,2,2,11,7,0.08,0.05,0.06,0.06,355,0.0230769230769,0,0
4024,2,2018/01/10,17:47:14,25.94,26.25,25.81,25.94,142,227,6,7,0.4,0.59,0.18,0.15,830,0.215384615385,1,0
4025,0,2017/12/24,02:54:32,25.31,25.31,24.75,25.69,0,0,0,0,0.06,0.05,0.06,0.06,360,-0.00384615384615,0,0
4026,2,2018/01/10,17:46:13,25.94,26.25,25.81,26.0,143,228,6,7,0.32,0.33,0.11,0.11,835,0.496153846154,0,0
4027,0,2017/12/24,00:08:35,25.44,25.44,25.0,25.69,0,0,0,0,0.06,0.05,0.05,0.06,370,0.0,0,0
4028,0,2017/12/22,15:00:53,25.94,26.0,25.75,26.31,14,19,85,53,0.07,0.05,0.06,0.06,715,-2.51923076923,0,0
4029,1,2017/12/23,11:50:17,25.25,25.31,25.0,25.88,115,35,65,46,1.18,0.33,0.24,0.2,360,-0.00384615384615,1,0
4030,2,2017/12/22,17:11:05,26.19,25.75,25.75,26.31,115,24,180,12,0.12,0.07,0.13,0.1,740,1.31538461538,1,0
4031,0,2017/12/24,04:28:28,25.25,25.25,24.69,25.56,0,0,0,0,0.07,0.05,0.07,0.06,360,0.0,0,0
4032,1,2017/12/23,16:19:22,26.06,26.81,25.5,26.38,117,21,27,20,0.13,0.06,0.06,0.06,510,1.62307692308,1,0
4033,0,2017/12/22,21:32:00,25.69,25.69,25.31,25.94,0,0,0,0,0.07,0.05,0.06,0.07,605,-1.98846153846,0,0
4034,0,2017/12/25,11:13:43,25.19,25.19,24.88,25.75,13,15,59,43,0.07,0.05,0.05,0.1,355,0.0,0,0
4035,0,2017/12/26,05:29:57,25.19,25.25,24.75,25.56,0,0,0,0,0.07,0.05,0.06,0.1,355,0.0,0,0
4036,0,2017/12/25,17:53:00,25.44,25.44,25.25,26.13,0,0,0,0,0.08,0.05,0.06,0.1,350,0.0,0,0
4037,0,2017/12/23,05:09:28,25.13,25.13,24.56,25.5,0,0,0,0,0.08,0.05,0.07,0.06,360,0.0,0,0
4038,0,2017/12/25,15:33:37,25.44,25.44,25.44,26.13,10,12,51,37,0.08,0.09,0.07,0.1,355,0.0,0,0
4039,0,2017/12/23,01:22:16,25.31,25.38,24.88,25.69,0,0,0,0,0.07,0.05,0.07,0.06,370,0.0,0,0
4040,0,2018/01/11,00:10:41,25.25,25.31,24.81,25.38,0,0,0,0,0.07,0.04,0.05,0.08,345,0.0,0,0
4041,0,2017/12/25,11:30:04,25.19,25.19,24.88,25.81,13,14,59,43,0.08,0.07,0.07,0.09,355,0.0,0,0
4042,0,2017/12/26,04:37:21,25.25,25.25,24.81,25.63,0,0,0,0,0.07,0.06,0.05,0.1,355,0.0,0,0
4043,2,2017/12/23,17:01:44,26.13,25.88,25.63,26.31,118,24,192,14,0.59,0.37,1.75,0.48,630,2.26153846154,1,1
4044,0,2017/12/24,08:51:56,25.13,25.13,24.63,25.31,6,7,35,22,0.07,0.05,0.06,0.06,360,-0.0230769230769,0,0
4045,0,2017/12/23,22:07:04,25.63,25.63,25.19,25.75,0,0,0,0,0.07,0.05,0.06,0.07,480,-1.73846153846,0,0
4046,0,2018/01/11,06:26:59,25.13,25.06,24.56,25.19,0,0,0,0,0.08,0.04,0.06,0.09,345,0.0,0,0
4047,0,2018/01/10,23:47:42,25.25,25.31,24.88,25.38,0,0,0,0,0.08,0.04,0.06,0.09,345,0.0,0,0
4048,3,2018/01/10,16:02:34,25.69,26.25,25.56,25.75,8,8,32,29,0.16,0.75,0.14,0.11,465,2.64615384615,1,0
4049,3,2017/12/22,19:31:30,26.38,28.19,26.13,26.44,141,227,174,10,1.29,0.38,1.08,0.27,1245,2.18461538462,1,1
4050,0,2017/12/26,02:07:45,25.31,25.38,24.88,25.75,0,0,0,0,0.07,0.06,0.06,0.1,355,0.0,0,0
4051,0,2018/01/10,22:02:31,25.31,25.38,25.0,25.5,0,0,0,0,0.07,0.05,0.06,0.08,360,0.0,0,0
4052,0,2017/12/22,20:44:30,25.88,25.94,25.5,26.06,0,0,0,0,0.07,0.05,0.07,0.07,800,-2.75769230769,0,0
4053,0,2017/12/24,02:07:03,25.38,25.38,24.88,25.75,0,0,0,0,0.06,0.05,0.06,0.06,365,0.0,0,0
4054,0,2017/12/26,04:21:32,25.25,25.31,24.75,25.69,0,0,0,0,0.07,0.05,0.06,0.09,355,0.0,0,0
4055,0,2018/01/11,07:03:14,25.06,25.06,24.56,25.19,0,0,2,1,0.08,0.05,0.05,0.09,345,0.0,0,0
4056,0,2018/01/11,01:41:03,25.19,25.25,24.75,25.25,0,0,0,0,0.07,0.04,0.05,0.09,345,0.0,0,0
4057,0,2017/12/24,07:54:45,25.13,25.13,24.5,25.44,4,4,21,14,0.06,0.05,0.07,0.06,360,7.69801162017e-19,0,0
4058,0,2017/12/23,22:23:55,25.56,25.56,25.19,25.69,0,0,0,0,0.06,0.05,0.06,0.06,420,-1.51923076923,0,0
4059,2,2017/12/22,16:51:10,26.19,25.75,25.75,26.31,116,25,185,18,0.58,0.07,1.32,0.09,680,2.44230769231,0,1
4060,0,2017/12/24,07:39:57,25.06,25.13,24.5,25.38,2,3,14,10,0.07,0.04,0.06,0.07,360,-0.0346153846154,0,0
4061,0,2018/01/11,02:41:49,25.13,25.19,24.69,25.19,0,0,0,0,0.07,0.05,0.07,0.08,345,0.0,0,0
4062,2,2017/12/22,17:18:45,26.19,25.75,25.81,26.31,115,24,178,10,2.07,2.14,3.65,1.7,755,1.18846153846,0,1
4063,0,2017/12/26,02:56:46,25.31,25.38,24.88,25.69,0,0,0,0,0.07,0.05,0.06,0.09,355,0.0,0,0
4064,1,2017/12/23,16:14:46,26.06,26.81,25.5,26.38,118,22,29,21,0.19,0.06,0.07,0.06,505,1.12307692308,0,0
4065,0,2017/12/23,10:42:22,25.13,25.13,24.81,25.69,10,11,50,35,0.08,0.05,0.06,0.05,360,0.138461538462,0,0
4066,0,2018/01/11,05:54:18,25.13,25.06,24.56,25.19,0,0,0,0,0.07,0.04,0.06,0.09,345,0.0,0,0
4067,0,2017/12/26,02:26:39,25.31,25.31,24.88,25.75,0,0,0,0,0.07,0.05,0.06,0.1,355,0.0,0,0
4068,0,2017/12/22,20:55:44,25.81,25.88,25.44,26.06,0,0,0,0,0.07,0.04,0.06,0.07,750,-2.19230769231,0,0
4069,0,2017/12/25,09:18:50,25.0,25.0,24.56,25.31,7,7,36,24,0.07,0.05,0.07,0.1,355,-0.203846153846,0,0
4070,0,2017/12/25,13:43:50,25.38,25.38,25.25,25.94,17,21,75,54,0.08,0.05,0.06,0.09,355,0.0,0,0
4071,0,2017/12/25,22:01:09,25.38,25.44,25.06,25.88,0,0,0,0,0.07,0.05,0.06,0.09,355,0.0769230769231,0,0
4072,0,2017/12/23,06:41:53,25.06,25.06,24.44,25.31,0,0,0,0,0.08,0.05,0.07,0.06,355,0.0,0,0
4073,0,2018/01/11,03:32:22,25.19,25.19,24.69,25.31,0,0,0,0,0.08,0.04,0.06,0.07,345,0.0,0,0
4074,0,2017/12/25,11:57:38,25.19,25.25,25.0,25.81,14,16,61,45,0.08,0.05,0.06,0.1,355,0.0,0,0
4075,0,2017/12/23,00:48:34,25.38,25.38,24.94,25.69,0,0,0,0,0.07,0.05,0.07,0.06,375,0.0,0,0
4076,3,2017/12/22,13:22:52,26.0,27.88,25.75,26.25,164,253,261,70,3.46,0.21,0.83,0.25,855,1.51153846154,0,1
4077,0,2017/12/24,02:38:11,25.31,25.38,24.81,25.69,0,0,0,0,0.06,0.05,0.06,0.06,360,-0.0269230769231,0,0
4078,0,2017/12/23,22:09:37,25.63,25.63,25.19,25.75,0,0,0,0,0.06,0.06,0.06,0.07,465,-1.94615384615,0,0
4079,0,2017/12/26,02:41:58,25.31,25.38,24.88,25.75,0,0,0,0,0.07,0.05,0.06,0.11,355,0.0,0,0
4080,0,2017/12/26,07:19:13,25.06,25.06,24.56,25.19,1,1,7,5,0.08,0.05,0.06,0.1,350,0.0,0,0
4081,0,2018/01/11,02:27:31,25.19,25.19,24.75,25.25,0,0,0,0,0.07,0.05,0.06,0.09,345,0.0,0,0
4082,0,2017/12/23,20:37:12,25.88,25.81,25.5,26.06,0,0,0,0,0.07,0.05,0.06,0.06,825,-1.78076923077,0,0
4083,3,2017/12/22,17:42:14,26.25,25.88,25.88,26.31,149,238,180,11,0.06,0.05,0.07,0.06,820,1.18846153846,1,0
4084,0,2017/12/22,20:11:50,26.0,26.19,25.69,26.19,0,0,0,0,0.07,0.05,0.06,0.07,990,-2.64615384615,0,0
4085,0,2017/12/25,11:00:27,25.13,25.13,24.81,25.75,13,14,58,41,0.07,0.05,0.06,0.1,355,0.0,0,0
4086,0,2017/12/23,15:08:54,25.81,26.81,25.56,26.31,10,11,57,41,0.07,0.06,0.06,0.06,490,-1.83846153846,0,0
4087,0,2017/12/24,08:43:15,25.13,25.13,24.56,25.31,6,7,35,23,0.07,0.04,0.06,0.06,360,0.0,0,0
4088,0,2017/12/24,01:03:44,25.38,25.38,24.88,25.69,0,0,0,0,0.08,0.05,0.05,0.06,365,0.0269230769231,0,0
4089,0,2018/01/11,04:03:00,25.19,25.19,24.63,25.31,0,0,0,0,0.08,0.04,0.05,0.08,345,0.0,0,0
4090,0,2018/01/11,07:50:12,25.06,25.06,24.5,25.06,3,3,16,12,0.08,0.04,0.05,0.08,345,0.0,0,0
4091,3,2017/12/23,17:49:13,26.19,26.13,25.81,26.38,150,235,185,11,0.99,0.37,3.39,0.32,805,1.20384615385,1,0
4092,0,2017/12/23,03:31:27,25.25,25.25,24.69,25.56,0,0,0,0,0.07,0.05,0.06,0.06,360,-0.103846153846,0,0
4093,0,2018/01/10,21:20:39,25.38,25.44,25.06,25.5,0,0,0,0,0.08,0.05,0.07,0.08,370,-0.0846153846154,0,0
4094,0,2017/12/23,10:37:16,25.13,25.13,24.75,25.63,11,12,53,36,0.08,0.06,0.07,0.06,360,-0.0692307692308,0,0
4095,0,2017/12/23,00:15:23,25.38,25.44,24.94,25.81,0,0,0,0,0.07,0.05,0.06,0.07,375,-0.219230769231,0,0
4096,0,2017/12/23,20:54:03,25.88,25.75,25.5,26.0,0,0,0,0,0.07,0.05,0.06,0.06,760,-2.38076923077,0,0
4097,0,2017/12/23,10:47:59,25.19,25.13,24.81,25.69,10,11,50,34,0.08,0.06,0.06,0.06,360,0.0769230769231,0,0
4098,0,2017/12/23,10:58:43,25.13,25.13,24.81,25.69,13,14,58,41,0.08,0.05,0.07,0.06,360,-0.0115384615385,0,0
4099,0,2017/12/23,10:33:11,25.13,25.13,24.75,25.63,10,11,49,34,0.08,0.05,0.07,0.06,355,0.0538461538462,0,0
4100,3,2017/12/22,17:58:34,26.31,26.56,26.0,26.38,148,235,179,10,0.7,0.53,1.98,0.58,905,2.15769230769,1,1
4101,0,2017/12/23,08:17:53,25.06,25.06,24.5,25.31,5,5,28,19,0.08,0.05,0.06,0.06,360,0.0576923076923,0,0
4102,0,2017/12/23,06:34:14,25.06,25.06,24.44,25.31,0,0,0,0,0.08,0.05,0.06,0.06,355,-0.0192307692308,0,0
4103,1,2017/12/23,12:15:49,25.5,25.31,25.06,25.88,122,36,67,48,0.68,0.25,0.21,0.14,370,0.257692307692,1,0
4104,0,2017/12/26,02:40:57,25.31,25.31,24.88,25.75,0,0,0,0,0.08,0.04,0.06,0.11,355,0.0,0,0
4105,0,2017/12/23,06:52:37,25.06,25.06,24.5,25.31,0,0,1,1,0.08,0.05,0.07,0.06,355,0.0115384615385,0,0
4106,0,2018/01/11,07:44:05,25.06,25.13,24.5,25.19,2,2,14,9,0.08,0.05,0.05,0.09,345,0.0,0,0
4107,0,2017/12/23,07:52:52,25.06,25.0,24.44,25.38,4,4,20,14,0.08,0.05,0.07,0.05,355,0.0653846153846,0,0
4108,0,2017/12/25,20:46:36,25.44,25.44,25.13,25.94,0,0,0,0,0.08,0.04,0.06,0.1,355,0.00384615384615,0,0
4109,0,2017/12/26,02:25:38,25.31,25.31,24.88,25.69,0,0,0,0,0.08,0.06,0.06,0.09,355,0.0,0,0
4110,2,2017/12/23,13:59:58,26.06,27.06,25.5,26.31,160,248,73,54,0.07,0.12,0.07,0.06,615,1.69230769231,0,0
4111,3,2018/01/10,15:34:29,25.56,26.0,25.44,25.69,10,10,53,33,0.51,0.54,0.11,0.09,370,0.969230769231,1,1
4112,0,2017/12/23,20:40:47,25.88,25.81,25.5,26.06,0,0,0,0,0.07,0.05,0.07,0.06,825,-1.43461538462,0,0
4113,1,2017/12/22,15:26:25,25.81,25.88,25.69,26.31,114,35,77,48,0.07,0.05,0.06,0.06,595,-3.35769230769,0,0
4114,3,2017/12/22,13:13:40,25.94,28.38,25.56,26.19,161,249,228,70,0.52,0.42,1.03,0.33,845,8.83846153846,1,1
4115,2,2017/12/22,16:55:16,26.19,25.75,25.75,26.25,116,25,187,16,0.7,0.81,3.17,0.62,695,2.48461538462,0,0
4116,0,2018/01/11,04:33:07,25.19,25.13,24.63,25.25,0,0,0,0,0.08,0.04,0.06,0.08,345,0.0,0,0
4117,0,2018/01/11,00:20:54,25.25,25.25,24.81,25.31,0,0,0,0,0.07,0.04,0.06,0.08,345,0.0,0,0
4118,0,2017/12/23,04:06:10,25.19,25.19,24.63,25.56,0,0,0,0,0.08,0.05,0.06,0.05,360,0.0,0,0
4119,0,2017/12/23,06:30:09,25.06,25.06,24.5,25.31,0,0,0,0,0.08,0.05,0.08,0.06,355,0.0115384615385,0,0
4120,0,2017/12/23,11:27:18,25.19,25.19,24.88,25.81,14,16,63,45,0.08,0.05,0.06,0.06,360,0.126923076923,0,0
4121,0,2017/12/24,08:55:30,25.13,25.13,24.63,25.44,6,7,35,23,0.07,0.05,0.06,0.07,360,0.00384615384615,0,0
4122,0,2018/01/10,20:39:18,25.5,25.44,25.13,25.63,0,0,0,0,0.07,0.04,0.05,0.09,385,0.0,0,0
4123,0,2017/12/26,00:11:51,25.38,25.38,25.0,25.81,0,0,0,0,0.08,0.05,0.06,0.1,355,0.0,0,0
4124,0,2017/12/24,04:49:55,25.19,25.25,24.69,25.63,0,0,0,0,0.07,0.05,0.05,0.06,360,0.0,0,0
4125,0,2017/12/25,18:07:48,25.44,25.44,25.19,26.0,0,0,0,0,0.08,0.05,0.06,0.09,350,0.0115384615385,0,0
4126,0,2018/01/10,20:31:38,25.5,25.44,25.13,25.63,0,0,0,0,0.07,0.04,0.05,0.08,385,-0.276923076923,0,0
4127,3,2017/12/22,13:45:19,26.06,27.13,25.94,26.25,165,255,277,72,0.09,0.07,0.51,0.08,875,1.10769230769,0,1
4128,3,2017/12/23,18:34:09,26.25,26.31,25.88,26.38,150,235,186,10,0.16,0.33,0.1,0.08,1025,1.95384615385,0,1
4129,0,2017/12/22,23:02:22,25.5,25.5,25.06,25.88,0,0,0,0,0.07,0.04,0.06,0.06,390,-0.238461538462,0,0
4130,0,2017/12/23,03:24:48,25.25,25.25,24.69,25.56,0,0,0,0,0.07,0.06,0.06,0.06,360,-0.0807692307692,0,0
4131,3,2017/12/22,13:26:26,26.0,27.81,25.81,26.19,163,252,268,70,0.17,0.06,0.06,0.06,865,0.930769230769,1,0
4132,0,2017/12/25,10:27:16,25.06,25.13,24.69,25.63,10,11,48,34,0.07,0.05,0.06,0.09,355,0.0,0,0
4133,0,2018/01/11,07:29:16,25.06,25.06,24.56,25.13,1,1,9,5,0.08,0.05,0.05,0.08,345,0.0,0,0
4134,0,2018/01/10,20:55:08,25.5,25.44,25.13,25.56,0,0,0,0,0.07,0.05,0.05,0.09,375,-0.0461538461538,0,0
4135,2,2017/12/23,16:46:56,26.13,25.88,25.56,26.31,118,24,196,17,0.53,0.61,2.11,0.22,565,2.12307692308,0,0
4136,0,2018/01/10,21:46:11,25.31,25.38,25.0,25.5,0,0,0,0,0.07,0.04,0.06,0.08,360,-0.169230769231,0,0
4137,0,2018/01/10,21:32:55,25.38,25.44,25.06,25.5,0,0,0,0,0.1,0.07,0.11,0.08,365,-0.276923076923,0,0
4138,1,2017/12/23,15:39:01,25.88,26.81,25.5,26.25,121,26,49,36,0.08,0.13,0.07,0.07,420,-0.711538461538,0,0
4139,0,2018/01/11,07:15:29,25.06,25.06,24.5,25.13,0,0,5,4,0.08,0.04,0.06,0.08,345,0.0,0,0
4140,0,2017/12/24,04:35:07,25.25,25.25,24.69,25.56,0,0,0,0,0.07,0.05,0.06,0.06,360,0.0,0,0
4141,0,2017/12/23,05:38:04,25.13,25.13,24.5,25.25,0,0,0,0,0.07,0.05,0.06,0.05,360,0.0,0,0
4142,0,2017/12/23,05:46:45,25.13,25.13,24.56,25.31,0,0,0,0,0.07,0.05,0.07,0.05,355,-0.0884615384615,0,0
4143,0,2017/12/24,07:17:59,25.06,25.13,24.5,25.44,1,1,8,5,0.07,0.05,0.06,0.06,360,0.157692307692,0,0
4144,0,2018/01/11,02:12:43,25.19,25.19,24.75,25.31,0,0,0,0,0.07,0.04,0.06,0.08,345,0.0,0,0
4145,2,2017/12/23,13:37:00,25.94,25.94,25.44,26.25,162,253,85,63,2.68,2.08,0.21,0.15,515,0.0153846153846,1,1
4146,0,2017/12/24,01:23:08,25.38,25.38,24.94,25.75,0,0,0,0,0.07,0.05,0.07,0.07,365,0.0,0,0
4147,0,2018/01/11,06:10:39,25.13,25.13,24.56,25.19,0,0,0,0,0.08,0.04,0.05,0.08,345,0.0,0,0
4148,0,2017/12/25,12:17:33,25.25,25.25,25.06,25.88,17,20,74,53,0.08,0.05,0.06,0.09,355,0.0,0,0
4149,0,2018/01/11,05:06:19,25.13,25.13,24.63,25.25,0,0,0,0,0.08,0.04,0.06,0.08,345,0.0,0,0
4150,0,2018/01/10,23:08:54,25.31,25.31,24.88,25.44,0,0,0,0,0.07,0.04,0.05,0.08,345,0.0,0,0
4151,0,2017/12/26,06:06:12,25.19,25.25,24.69,25.5,0,0,0,0,0.07,0.05,0.06,0.1,355,0.0,0,0
4152,0,2017/12/25,14:12:26,25.38,25.38,25.31,26.06,19,22,80,58,0.08,0.05,0.06,0.11,355,0.0,0,0
4153,0,2017/12/23,01:38:06,25.31,25.31,24.88,25.75,0,0,0,0,0.07,0.04,0.07,0.06,370,0.0,0,0
4154,0,2018/01/11,01:09:24,25.19,25.19,24.81,25.25,0,0,0,0,0.06,0.04,0.05,0.09,345,0.0,0,0
4155,0,2017/12/24,05:46:05,25.19,25.25,24.56,25.5,0,0,0,0,0.08,0.06,0.05,0.06,360,0.0461538461538,0,0
4156,2,2017/12/22,11:55:02,25.56,25.75,25.0,25.88,155,233,74,56,0.5,0.1,0.11,0.08,560,2.65384615385,1,0
4157,0,2017/12/23,06:54:09,25.06,25.06,24.44,25.38,0,0,2,1,0.08,0.05,0.05,0.06,360,0.0461538461538,0,0
4158,0,2017/12/25,18:17:30,25.44,25.44,25.19,26.0,0,0,0,0,0.08,0.06,0.06,0.11,355,0.215384615385,0,0
4159,2,2017/12/23,16:57:09,26.13,25.81,25.63,26.31,118,24,192,14,0.12,0.6,1.34,0.07,605,1.6,0,0
4160,0,2017/12/25,19:09:05,25.44,25.44,25.13,26.06,0,0,0,0,0.08,0.05,0.06,0.1,350,0.00769230769231,0,0
4161,0,2017/12/24,00:50:27,25.44,25.44,24.94,25.75,0,0,0,0,0.06,0.05,0.07,0.07,365,-0.134615384615,0,0
4162,0,2017/12/26,02:55:14,25.31,25.31,24.88,25.75,0,0,0,0,0.08,0.05,0.06,0.09,355,0.0,0,0
4163,0,2017/12/24,04:48:23,25.25,25.25,24.69,25.56,0,0,0,0,0.07,0.05,0.05,0.06,360,0.0,0,0
4164,0,2017/12/26,01:50:24,25.38,25.38,24.94,25.81,0,0,0,0,0.09,0.06,0.06,0.11,355,0.0,0,0
4165,0,2017/12/23,01:06:57,25.31,25.38,24.88,25.81,0,0,0,0,0.07,0.05,0.06,0.06,370,-0.188461538462,0,0
4166,2,2017/12/23,13:39:02,25.94,26.0,25.38,26.25,161,252,81,61,0.68,1.18,0.41,0.29,530,2.15,1,0
4167,0,2017/12/26,01:48:21,25.38,25.38,24.94,25.75,0,0,0,0,0.07,0.05,0.06,0.1,355,0.0,0,0
4168,0,2017/12/26,08:41:25,25.13,25.06,24.63,25.38,6,6,32,22,0.13,0.06,0.1,0.1,350,0.0,0,0
4169,1,2017/12/23,12:17:21,25.56,25.31,25.06,25.94,122,36,65,47,0.94,0.31,0.2,0.13,370,0.269230769231,1,0
4170,0,2017/12/26,00:30:14,25.38,25.38,24.94,25.81,0,0,0,0,0.08,0.05,0.06,0.1,355,0.0,0,0
4171,0,2017/12/25,10:21:39,25.13,25.13,24.69,25.63,10,11,49,34,0.08,0.05,0.07,0.09,355,0.0,0,0
4172,2,2018/01/10,17:52:51,25.94,26.19,25.69,26.0,142,229,5,7,0.36,0.35,0.14,0.09,830,-0.846153846154,1,1
4173,0,2018/01/10,21:54:21,25.38,25.38,25.0,25.5,0,0,0,0,0.07,0.05,0.05,0.08,360,-0.169230769231,0,0
4174,0,2018/01/11,06:16:16,25.13,25.06,24.56,25.19,0,0,0,0,0.08,0.05,0.05,0.09,345,0.0,0,0
4175,0,2017/12/25,14:39:29,25.38,25.44,25.38,26.06,18,23,82,59,0.07,0.06,0.06,0.1,355,0.0,0,0
4176,0,2017/12/24,01:56:50,25.38,25.38,24.88,25.75,0,0,0,0,0.06,0.05,0.06,0.06,365,0.0,0,0
4177,0,2017/12/23,23:30:18,25.44,25.44,25.0,25.56,0,0,0,0,0.07,0.05,0.06,0.07,375,-0.276923076923,0,0
4178,0,2017/12/26,01:55:30,25.31,25.38,24.88,25.75,0,0,0,0,0.08,0.05,0.06,0.09,355,0.0,0,0
4179,1,2017/12/23,16:03:01,26.0,26.75,25.5,26.31,119,23,35,26,0.07,0.06,0.18,0.07,470,1.51923076923,1,0
4180,0,2018/01/10,23:51:47,25.25,25.25,24.88,25.31,0,0,0,0,0.07,0.05,0.05,0.08,345,0.0,0,0
4181,0,2017/12/26,06:12:20,25.19,25.19,24.63,25.44,0,0,0,0,0.08,0.05,0.05,0.09,355,0.0,0,0
4182,0,2018/01/10,23:48:13,25.25,25.31,24.88,25.31,0,0,0,0,0.07,0.05,0.05,0.09,345,0.0,0,0
4183,3,2018/01/10,16:40:51,25.81,26.19,25.75,25.88,4,5,35,15,0.41,0.37,0.55,0.17,685,3.94615384615,1,1
4184,0,2017/12/24,08:37:38,25.13,25.13,24.56,25.38,6,7,34,22,0.07,0.05,0.07,0.06,360,0.0,0,0
4185,0,2018/01/11,08:07:03,25.13,25.06,24.56,25.13,5,5,25,17,0.08,0.04,0.06,0.09,345,0.0,0,0
4186,1,2017/12/23,16:21:55,26.06,26.81,25.5,26.38,118,21,26,20,0.13,0.11,0.1,0.08,515,1.6,0,0
4187,0,2017/12/23,11:06:22,25.19,25.19,24.81,25.75,11,13,54,37,0.08,0.05,0.06,0.07,360,-0.0961538461538,0,0
4188,0,2017/12/23,02:16:54,25.31,25.31,24.81,25.69,0,0,0,0,0.07,0.05,0.06,0.05,365,-0.0923076923077,0,0
4189,0,2018/01/11,02:15:16,25.19,25.19,24.75,25.25,0,0,0,0,0.07,0.05,0.06,0.08,345,0.0,0,0
4190,0,2018/01/10,23:42:36,25.25,25.31,24.88,25.38,0,0,0,0,0.07,0.04,0.06,0.08,345,0.0,0,0
4191,0,2017/12/25,19:58:06,25.44,25.44,25.13,26.0,0,0,0,0,0.08,0.05,0.06,0.11,350,-0.0307692307692,0,0
4192,3,2018/01/10,15:39:35,25.56,26.19,25.5,25.69,10,10,53,33,0.27,0.17,0.21,0.09,375,0.0461538461538,1,1
4193,0,2018/01/11,03:03:46,25.19,25.19,24.69,25.25,0,0,0,0,0.07,0.04,0.07,0.09,345,0.0,0,0
4194,0,2017/12/26,03:26:23,25.31,25.31,24.81,25.69,0,0,0,0,0.08,0.05,0.06,0.09,355,0.0,0,0
4195,0,2017/12/23,08:53:37,25.06,25.06,24.56,25.31,6,6,32,20,0.08,0.05,0.06,0.06,360,0.0,0,0
4196,0,2017/12/23,04:34:45,25.19,25.19,24.63,25.44,0,0,0,0,0.09,0.05,0.06,0.05,360,0.0,0,0
4197,0,2018/01/11,06:35:40,25.06,25.06,24.56,25.19,0,0,0,0,0.08,0.04,0.06,0.08,345,0.0,0,0
4198,0,2017/12/25,19:36:39,25.44,25.44,25.19,26.06,0,0,0,0,0.08,0.04,0.06,0.1,350,-0.0961538461538,0,0
4199,2,2017/12/22,12:35:22,25.75,28.63,25.31,26.06,160,244,216,65,0.36,0.4,0.19,0.22,665,0.880769230769,1,1
4200,1,2017/12/22,11:20:50,25.25,25.0,24.81,25.69,124,36,62,47,1.1,0.1,0.09,0.05,430,0.738461538462,1,0
4201,3,2017/12/22,19:05:58,26.31,27.94,26.06,26.44,150,239,181,11,2.18,1.02,3.12,0.57,1225,1.26923076923,1,1
4202,0,2017/12/23,22:55:34,25.5,25.5,25.06,25.63,0,0,0,0,0.07,0.05,0.07,0.06,385,-0.176923076923,0,0
4203,0,2017/12/24,01:10:53,25.38,25.38,24.94,25.69,0,0,0,0,0.07,0.05,0.06,0.06,365,-0.138461538462,0,0
4204,0,2017/12/23,03:02:51,25.25,25.25,24.75,25.63,0,0,0,0,0.06,0.06,0.07,0.06,365,0.0,0,0
4205,0,2017/12/23,22:26:59,25.56,25.56,25.13,25.69,0,0,0,0,0.07,0.05,0.06,0.06,420,-1.41923076923,0,0
4206,0,2017/12/23,09:16:05,25.06,25.06,24.56,25.25,6,7,35,23,0.09,0.06,0.06,0.06,360,0.0,0,0
4207,0,2017/12/22,20:00:36,26.13,26.31,25.81,26.19,0,0,0,0,0.07,0.05,0.06,0.06,1055,-4.78461538462,0,0
4208,0,2017/12/25,17:06:32,25.44,25.44,25.31,26.13,1,1,8,5,0.08,0.05,0.06,0.11,350,0.0,0,0
4209,0,2018/01/10,23:07:22,25.31,25.31,24.94,25.44,0,0,0,0,0.07,0.04,0.05,0.09,345,0.0,0,0
4210,0,2018/01/11,02:41:18,25.19,25.19,24.75,25.19,0,0,0,0,0.07,0.04,0.05,0.09,345,0.0,0,0
4211,0,2017/12/25,18:14:57,25.44,25.44,25.19,26.0,0,0,0,0,0.07,0.05,0.06,0.1,350,0.192307692308,0,0
4212,0,2017/12/26,06:40:25,25.19,25.19,24.63,25.38,0,0,0,0,0.08,0.05,0.07,0.09,350,-0.0730769230769,0,0
4213,0,2017/12/23,20:11:41,26.0,25.94,25.69,26.13,0,0,0,0,0.06,0.05,0.06,0.06,955,-2.36538461538,0,0
4214,0,2018/01/11,06:45:22,25.06,25.13,24.56,25.19,0,0,0,0,0.07,0.05,0.05,0.09,345,0.0,0,0
4215,0,2017/12/23,04:10:15,25.19,25.19,24.69,25.56,0,0,0,0,0.08,0.05,0.05,0.05,360,0.0,0,0
4216,0,2017/12/25,11:56:37,25.25,25.19,25.0,25.81,14,17,67,48,0.08,0.05,0.07,0.1,355,0.0,0,0
4217,0,2017/12/24,04:10:06,25.25,25.25,24.69,25.63,0,0,0,0,0.06,0.05,0.06,0.05,360,0.0,0,0
4218,0,2017/12/26,08:56:13,25.06,25.06,24.69,25.31,6,6,31,20,0.08,0.06,0.07,0.09,350,0.0,0,0
4219,0,2017/12/25,16:17:01,25.44,25.44,25.38,26.13,5,6,29,21,0.08,0.05,0.06,0.09,350,0.0538461538462,0,0
4220,0,2017/12/23,22:41:17,25.5,25.5,25.13,25.63,0,0,0,0,0.06,0.05,0.06,0.06,390,-0.742307692308,0,0
4221,0,2017/12/26,00:45:03,25.38,25.38,24.94,25.81,0,0,0,0,0.08,0.06,0.06,0.1,355,0.0,0,0
4222,0,2017/12/23,05:08:58,25.19,25.19,24.63,25.5,0,0,0,0,0.08,0.05,0.07,0.05,360,0.0,0,0
4223,0,2017/12/22,22:10:48,25.63,25.63,25.19,25.88,0,0,0,0,0.08,0.05,0.07,0.06,480,-1.34615384615,0,0
4224,0,2017/12/26,01:09:33,25.38,25.38,24.88,25.81,0,0,0,0,0.08,0.05,0.06,0.09,355,0.0,0,0
4225,0,2017/12/23,14:10:42,26.06,27.19,25.56,26.38,15,15,71,51,0.21,0.13,0.21,0.18,655,2.09230769231,0,1
4226,0,2018/01/10,22:05:35,25.31,25.38,25.0,25.44,0,0,0,0,0.06,0.05,0.05,0.08,360,0.0,0,0
4227,0,2018/01/10,20:25:00,25.5,25.5,25.19,25.63,0,0,0,0,0.07,0.04,0.06,0.08,385,-0.146153846154,0,0
4228,0,2017/12/24,01:46:06,25.38,25.38,24.94,25.75,0,0,0,0,0.07,0.05,0.06,0.06,365,0.0,0,0
4229,0,2017/12/23,21:08:52,25.75,25.75,25.38,26.0,0,0,0,0,0.07,0.05,0.06,0.06,710,-2.09230769231,0,0
4230,0,2017/12/25,23:40:42,25.38,25.38,25.0,25.88,0,0,0,0,0.08,0.05,0.08,0.09,355,0.0,0,0
4231,3,2017/12/23,18:31:05,26.25,26.31,25.88,26.38,150,234,186,10,0.09,0.1,0.14,0.06,1010,2.40769230769,0,1
4232,0,2017/12/24,06:52:58,25.13,25.13,24.5,25.44,0,0,1,1,0.06,0.04,0.06,0.06,355,-0.0653846153846,0,0
4233,1,2017/12/22,16:22:04,26.06,25.75,25.63,26.31,116,26,40,24,0.07,0.05,0.06,0.06,620,0.623076923077,0,0
4234,0,2017/12/22,23:39:08,25.44,25.44,25.0,25.81,0,0,0,0,0.07,0.06,0.06,0.07,385,0.0,0,0
4235,0,2017/12/23,09:38:02,25.06,25.06,24.63,25.44,7,8,40,26,0.08,0.05,0.06,0.06,360,-0.0384615384615,0,0
4236,0,2017/12/25,18:41:00,25.44,25.44,25.19,26.13,0,0,0,0,0.07,0.05,0.07,0.11,355,0.134615384615,0,0
4237,3,2017/12/22,18:36:21,26.31,26.63,26.0,26.44,150,237,180,10,0.74,0.37,1.57,0.53,1115,2.18076923077,1,1
4238,2,2017/12/23,17:05:49,26.13,25.81,25.63,26.38,118,23,190,13,0.64,0.66,1.52,0.52,665,3.04615384615,0,0
4239,0,2017/12/23,09:06:23,25.0,25.06,24.56,25.25,6,6,34,22,0.08,0.05,0.07,0.06,360,0.0,0,0
4240,0,2018/01/11,07:00:41,25.06,25.06,24.56,25.19,0,0,2,1,0.08,0.04,0.05,0.08,345,0.0,0,0
4241,0,2017/12/23,09:35:29,25.06,25.06,24.63,25.44,7,8,39,26,0.08,0.06,0.06,0.06,360,0.0,0,0
4242,0,2017/12/25,12:29:17,25.25,25.25,25.13,25.88,17,20,75,54,0.07,0.05,0.06,0.1,355,0.0,0,0
4243,0,2017/12/26,03:21:47,25.31,25.31,24.81,25.69,0,0,0,0,0.07,0.06,0.06,0.1,355,0.0,0,0
4244,0,2017/12/23,22:57:06,25.5,25.5,25.06,25.63,0,0,0,0,0.06,0.05,0.06,0.07,385,-0.0730769230769,0,0
4245,0,2017/12/24,01:12:55,25.38,25.44,24.94,25.69,0,0,0,0,0.06,0.05,0.05,0.06,365,-0.153846153846,0,0
4246,2,2017/12/22,11:59:38,25.56,27.0,25.0,25.94,155,238,74,57,0.44,0.6,0.49,0.19,590,1.97692307692,1,1
4247,0,2017/12/26,03:12:05,25.31,25.31,24.81,25.69,0,0,0,0,0.07,0.05,0.06,0.1,355,0.0,0,0
4248,0,2017/12/26,07:22:17,25.06,25.06,24.56,25.19,1,1,9,5,0.07,0.05,0.07,0.1,350,0.0,0,0
4249,0,2018/01/11,02:50:30,25.19,25.19,24.75,25.31,0,0,0,0,0.07,0.05,0.06,0.08,345,0.0,0,0
4250,0,2017/12/25,15:05:01,25.44,25.44,25.44,26.13,14,18,70,51,0.08,0.04,0.06,0.1,355,0.0,0,0
4251,0,2017/12/23,09:48:46,25.13,25.06,24.63,25.38,8,9,41,28,0.08,0.06,0.08,0.06,360,0.0153846153846,0,0
4252,2,2018/01/10,17:19:09,25.94,26.13,25.81,25.94,147,231,175,21,0.07,0.14,0.08,0.09,800,1.01153846154,0,1
4253,0,2017/12/25,13:24:57,25.31,25.31,25.25,26.0,17,20,75,54,0.07,0.06,0.07,0.1,355,0.0,0,0
4254,0,2018/01/10,19:55:23,25.5,25.5,25.19,25.63,0,0,0,0,0.07,0.05,0.06,0.09,450,-1.74615384615,0,0
4255,0,2017/12/26,03:15:40,25.31,25.31,24.81,25.69,0,0,0,0,0.08,0.05,0.06,0.1,355,0.0,0,0
4256,0,2017/12/23,02:52:38,25.25,25.25,24.75,25.69,0,0,0,0,0.07,0.05,0.06,0.06,365,0.0,0,0
4257,0,2017/12/25,16:48:09,25.44,25.44,25.38,26.13,2,3,14,10,0.07,0.04,0.07,0.11,350,-0.0230769230769,0,0
4258,0,2017/12/23,20:06:34,26.06,25.94,25.75,26.19,0,0,0,0,0.07,0.05,0.05,0.06,980,-2.15769230769,0,0
4259,0,2017/12/26,00:28:42,25.38,25.38,24.94,25.81,0,0,0,0,0.07,0.05,0.07,0.11,355,0.0,0,0
4260,0,2017/12/23,23:34:23,25.44,25.44,25.0,25.63,0,0,0,0,0.08,0.05,0.06,0.06,375,-0.0461538461538,0,0
4261,0,2017/12/23,04:42:55,25.19,25.13,24.63,25.5,0,0,0,0,0.07,0.05,0.06,0.06,360,0.0,0,0
4262,2,2017/12/22,12:14:57,25.69,28.19,25.13,26.0,156,240,76,59,0.49,0.79,0.24,0.19,625,1.83076923077,0,0
4263,0,2018/01/11,02:07:06,25.19,25.19,24.75,25.25,0,0,0,0,0.07,0.04,0.05,0.09,345,0.0,0,0
4264,0,2018/01/10,22:03:33,25.31,25.31,25.0,25.44,0,0,0,0,0.07,0.04,0.06,0.08,360,0.0,0,0
4265,0,2018/01/10,22:07:38,25.31,25.38,25.0,25.44,0,0,0,0,0.06,0.05,0.05,0.09,355,-0.0807692307692,0,0
4266,0,2017/12/23,23:31:19,25.44,25.44,25.0,25.56,0,0,0,0,0.06,0.05,0.06,0.06,375,-0.242307692308,0,0
4267,0,2017/12/26,00:07:46,25.38,25.38,25.0,25.81,0,0,0,0,0.08,0.05,0.06,0.09,355,0.0,0,0
4268,0,2017/12/25,10:09:54,25.06,25.06,24.69,25.63,10,10,45,30,0.07,0.05,0.06,0.1,355,0.0,0,0
4269,0,2017/12/25,12:35:25,25.25,25.31,25.13,25.88,17,20,74,53,0.08,0.06,0.06,0.1,355,0.0,0,0
4270,0,2017/12/25,23:20:48,25.38,25.38,25.0,25.88,0,0,0,0,0.08,0.05,0.07,0.09,355,0.0,0,0
4271,0,2017/12/24,01:55:49,25.38,25.38,24.88,25.69,0,0,0,0,0.06,0.04,0.07,0.06,365,0.0,0,0
4272,2,2017/12/23,17:33:24,26.19,25.81,25.75,26.31,118,22,186,9,0.67,0.49,1.49,0.44,740,-0.296153846154,0,0
4273,0,2018/01/11,01:08:53,25.25,25.25,24.75,25.25,0,0,0,0,0.07,0.04,0.05,0.09,345,0.0,0,0
4274,0,2017/12/26,01:19:46,25.38,25.38,24.94,25.88,0,0,0,0,0.07,0.05,0.07,0.1,355,0.0,0,0
4275,2,2017/12/22,11:42:16,25.5,25.56,24.88,25.81,155,237,71,55,1.87,0.56,0.23,0.14,500,1.99615384615,1,1
4276,2,2018/01/10,17:23:45,25.94,26.19,25.88,25.88,146,232,172,20,0.32,0.51,0.83,0.28,805,-0.330769230769,1,1
4277,3,2017/12/22,13:10:06,25.94,28.13,25.5,26.19,163,248,229,70,2.25,3.4,3.66,0.31,815,6.36153846154,1,1
4278,2,2017/12/22,12:01:10,25.56,27.25,25.0,25.94,156,243,74,58,0.22,0.06,0.06,0.06,590,2.01923076923,0,0
4279,0,2017/12/25,09:31:06,25.06,25.06,24.56,25.38,7,8,38,25,0.08,0.05,0.07,0.1,355,0.0,0,0
4280,1,2017/12/22,10:54:17,25.0,24.81,24.56,25.5,101,34,57,43,3.84,0.64,0.48,0.39,390,-0.188461538462,1,1
4281,0,2017/12/24,06:17:44,25.13,25.19,24.56,25.44,0,0,0,0,0.06,0.04,0.06,0.06,355,0.0692307692308,0,0
4282,0,2017/12/24,05:03:12,25.19,25.25,24.63,25.5,0,0,0,0,0.07,0.06,0.06,0.06,360,0.0,0,0
4283,0,2018/01/10,22:59:12,25.31,25.31,24.94,25.38,0,0,0,0,0.07,0.05,0.05,0.08,345,-0.261538461538,0,0
4284,0,2017/12/25,14:15:29,25.38,25.38,25.31,26.06,18,22,79,57,0.09,0.07,0.06,0.1,355,0.0,0,0
4285,0,2017/12/22,15:01:24,25.94,26.0,25.75,26.31,14,19,85,53,0.06,0.05,0.06,0.06,715,-2.49230769231,0,0
4286,0,2017/12/25,10:03:46,25.06,25.06,24.69,25.56,9,10,44,30,0.08,0.05,0.05,0.1,355,0.0,0,0
4287,0,2017/12/23,03:01:50,25.25,25.25,24.75,25.63,0,0,0,0,0.07,0.04,0.06,0.06,365,0.0,0,0
4288,0,2018/01/11,04:45:53,25.19,25.13,24.63,25.25,0,0,0,0,0.08,0.04,0.05,0.08,345,0.0,0,0
4289,0,2017/12/23,02:07:42,25.31,25.31,24.81,25.69,0,0,0,0,0.07,0.05,0.06,0.06,370,0.0615384615385,0,0
4290,0,2017/12/25,19:30:01,25.44,25.44,25.13,26.0,0,0,0,0,0.08,0.05,0.06,0.1,350,-0.0807692307692,0,0
4291,2,2018/01/10,17:56:25,25.94,26.31,25.75,25.94,141,226,5,6,0.77,1.58,0.2,0.17,850,0.373076923077,1,1
4292,2,2018/01/10,17:44:10,26.0,26.31,25.88,25.94,142,228,6,7,0.11,0.52,0.06,0.15,840,0.742307692308,1,1
4293,0,2017/12/23,07:17:07,25.06,25.0,24.44,25.31,1,1,7,5,0.08,0.05,0.06,0.07,355,0.0,0,0
4294,0,2017/12/24,03:48:39,25.25,25.31,24.75,25.63,0,0,0,0,0.07,0.05,0.07,0.07,360,0.0,0,0
4295,0,2017/12/26,03:46:18,25.31,25.31,24.81,25.69,0,0,0,0,0.07,0.05,0.06,0.1,355,0.0,0,0
4296,1,2017/12/23,12:45:25,25.69,25.38,25.19,26.0,124,39,75,54,0.88,0.27,0.2,0.16,380,0.242307692308,1,0
4297,0,2018/01/11,07:49:42,25.06,25.06,24.56,25.06,3,3,16,11,0.08,0.04,0.06,0.09,345,0.0,0,0
4298,0,2017/12/25,15:43:19,25.38,25.44,25.44,26.06,9,10,45,33,0.08,0.06,0.06,0.09,355,0.0,0,0
4299,0,2017/12/26,02:58:49,25.31,25.31,24.88,25.69,0,0,0,0,0.07,0.05,0.06,0.1,355,0.0,0,0
4300,0,2017/12/26,02:29:43,25.31,25.31,24.88,25.75,0,0,0,0,0.07,0.05,0.07,0.09,355,0.0,0,0
4301,0,2017/12/23,06:30:39,25.06,25.06,24.5,25.31,0,0,0,0,0.08,0.06,0.06,0.06,355,0.00769230769231,0,0
4302,0,2018/01/11,01:38:30,25.19,25.25,24.75,25.25,0,0,0,0,0.07,0.04,0.06,0.09,345,0.0,0,0
4303,0,2017/12/25,13:26:59,25.31,25.31,25.19,26.0,17,20,73,53,0.08,0.05,0.06,0.1,355,0.0,0,0
4304,1,2017/12/23,15:44:38,25.94,26.81,25.5,26.31,121,25,47,35,0.14,0.1,0.07,0.07,425,0.238461538462,0,0
4305,0,2018/01/11,07:42:33,25.06,25.06,24.56,25.13,2,2,14,8,0.08,0.05,0.05,0.08,345,0.0,0,0
4306,0,2017/12/26,08:54:42,25.13,25.13,24.69,25.31,6,6,32,21,0.08,0.05,0.06,0.09,350,0.0,0,0
4307,0,2018/01/10,18:45:26,25.69,25.75,25.44,25.75,0,0,0,0,0.07,0.05,0.06,0.08,670,-2.82692307692,0,0
4308,0,2017/12/24,07:10:20,25.13,25.13,24.5,25.38,0,0,5,4,0.08,0.05,0.06,0.06,360,0.15,0,0
4309,0,2017/12/26,04:50:38,25.25,25.31,24.75,25.56,0,0,0,0,0.07,0.05,0.06,0.1,355,0.0,0,0
4310,0,2017/12/24,01:56:19,25.38,25.38,24.88,25.75,0,0,0,0,0.06,0.05,0.06,0.07,365,0.0,0,0
4311,0,2018/01/10,20:27:03,25.5,25.5,25.19,25.63,0,0,0,0,0.07,0.04,0.06,0.09,385,-0.276923076923,0,0
4312,0,2017/12/22,19:50:23,26.19,26.56,25.94,26.38,0,0,0,0,0.07,0.05,0.07,0.06,1155,-5.20769230769,0,0
4313,0,2017/12/25,11:15:15,25.19,25.19,24.88,25.75,14,15,60,43,0.08,0.05,0.06,0.1,355,0.0,0,0
4314,0,2017/12/26,07:16:40,25.06,25.13,24.56,25.13,1,0,7,5,0.08,0.06,0.06,0.09,350,0.0,0,0
4315,3,2018/01/10,16:01:32,25.69,26.31,25.56,25.75,8,8,30,29,0.22,0.84,0.15,0.18,460,2.59230769231,1,1
4316,0,2017/12/26,04:43:29,25.25,25.25,24.75,25.63,0,0,0,0,0.07,0.05,0.06,0.1,355,0.0,0,0
4317,0,2018/01/11,07:19:34,25.06,25.06,24.56,25.19,0,0,6,4,0.08,0.05,0.06,0.09,345,0.0,0,0
4318,0,2017/12/24,06:46:20,25.13,25.13,24.56,25.44,0,0,0,0,0.07,0.05,0.06,0.06,360,0.0692307692308,0,0
4319,0,2017/12/23,08:27:04,25.06,25.0,24.5,25.31,5,6,29,20,0.08,0.05,0.06,0.06,360,0.0,0,0
4320,0,2017/12/26,08:53:10,25.13,25.13,24.63,25.44,6,6,32,20,0.08,0.05,0.06,0.1,350,0.0,0,0
4321,0,2017/12/23,11:09:57,25.19,25.19,24.88,25.75,13,15,60,42,0.08,0.09,0.07,0.06,355,-0.103846153846,0,0
4322,0,2018/01/11,07:05:16,25.06,25.06,24.56,25.19,0,0,3,2,0.08,0.05,0.06,0.09,345,0.0,0,0
4323,3,2017/12/23,18:36:12,26.25,26.38,25.88,26.38,150,235,186,10,0.14,0.37,0.28,0.08,1030,1.93846153846,1,1
4324,0,2017/12/25,13:33:37,25.31,25.31,25.19,26.0,15,18,68,49,0.08,0.06,0.06,0.1,355,0.0,0,0
4325,0,2017/12/22,14:52:13,25.94,26.13,25.81,26.31,16,20,90,55,0.07,0.05,0.05,0.06,755,-3.90769230769,0,0
4326,1,2017/12/23,16:24:28,26.06,26.81,25.56,26.31,117,21,25,19,0.12,0.07,0.05,0.06,520,1.41538461538,0,0
4327,0,2017/12/23,03:16:38,25.25,25.25,24.75,25.56,0,0,0,0,0.07,0.05,0.06,0.06,365,0.00384615384615,0,0
4328,0,2017/12/26,05:26:53,25.25,25.25,24.69,25.63,0,0,0,0,0.08,0.05,0.06,0.1,355,0.0,0,0
4329,0,2017/12/25,19:06:31,25.44,25.44,25.13,26.0,0,0,0,0,0.08,0.06,0.06,0.09,350,-0.00769230769231,0,0
4330,0,2017/12/23,22:55:04,25.5,25.5,25.06,25.56,0,0,0,0,0.07,0.05,0.06,0.06,385,-0.203846153846,0,0
4331,1,2017/12/23,15:43:37,25.88,26.81,25.5,26.31,120,25,47,35,0.13,0.07,0.06,0.06,420,0.111538461538,1,0
4332,0,2017/12/23,01:13:04,25.38,25.38,24.88,25.81,0,0,0,0,0.07,0.05,0.06,0.06,370,-0.0384615384615,0,0
4333,0,2017/12/23,20:53:02,25.81,25.75,25.5,26.06,0,0,0,0,0.07,0.04,0.06,0.07,765,-2.46923076923,0,0
4334,0,2017/12/22,20:49:37,25.81,25.88,25.44,26.06,0,0,0,0,0.07,0.04,0.06,0.06,780,-1.95,0,0
4335,0,2017/12/22,20:14:54,25.94,26.13,25.69,26.06,0,0,0,0,0.08,0.05,0.07,0.06,975,-2.41538461538,0,0
4336,0,2017/12/25,12:24:11,25.25,25.25,25.06,25.88,15,18,70,49,0.07,0.04,0.06,0.1,355,0.0,0,0
4337,0,2017/12/25,17:42:17,25.44,25.44,25.25,26.13,0,0,1,0,0.07,0.05,0.07,0.1,350,-0.00769230769231,0,0
4338,0,2017/12/23,00:43:58,25.38,25.44,24.94,25.75,0,0,0,0,0.07,0.05,0.06,0.06,375,0.0,0,0
4339,0,2017/12/25,15:14:43,25.44,25.44,25.44,26.19,12,15,60,44,0.08,0.06,0.06,0.1,355,0.0,0,0
4340,0,2017/12/23,06:36:16,25.06,25.06,24.44,25.31,0,0,0,0,0.07,0.05,0.07,0.06,355,-0.0346153846154,0,0
4341,3,2017/12/22,14:11:22,26.19,27.31,26.06,26.38,164,251,269,70,0.79,0.31,0.28,0.16,965,1.79615384615,0,1
4342,0,2017/12/24,02:34:37,25.31,25.38,24.81,25.69,0,0,0,0,0.06,0.05,0.06,0.06,365,-0.05,0,0
4343,0,2017/12/23,08:33:42,25.06,25.06,24.5,25.19,5,6,30,20,0.08,0.06,0.06,0.06,360,0.0,0,0
4344,0,2017/12/23,09:38:33,25.06,25.06,24.63,25.44,8,8,40,26,0.08,0.05,0.06,0.06,360,-0.0346153846154,0,0
4345,0,2017/12/23,01:10:31,25.31,25.38,24.88,25.75,0,0,0,0,0.07,0.05,0.06,0.07,370,-0.05,0,0
4346,0,2017/12/25,17:06:02,25.44,25.44,25.31,26.13,1,1,8,5,0.08,0.05,0.06,0.1,350,0.0,0,0
4347,2,2017/12/23,13:13:00,25.88,25.81,25.38,26.19,160,249,79,58,0.39,0.59,0.13,0.33,440,2.15384615385,1,1
4348,0,2017/12/24,05:13:55,25.19,25.25,24.63,25.56,0,0,0,0,0.07,0.05,0.06,0.06,360,0.0153846153846,0,0
4349,0,2017/12/24,03:45:04,25.25,25.25,24.75,25.63,0,0,0,0,0.06,0.05,0.07,0.06,360,0.0,0,0
4350,0,2018/01/11,08:42:48,25.13,25.13,24.69,25.19,6,6,32,21,0.08,0.05,0.05,0.09,345,0.0,0,0
4351,0,2017/12/25,19:04:29,25.44,25.44,25.13,26.0,0,0,0,0,0.07,0.04,0.06,0.09,350,0.0846153846154,0,0
4352,0,2017/12/24,07:06:45,25.13,25.13,24.5,25.44,0,0,5,3,0.07,0.05,0.06,0.06,355,-0.188461538462,0,0
4353,0,2017/12/24,07:55:16,25.06,25.13,24.5,25.38,4,4,21,14,0.07,0.05,0.06,0.06,360,0.00384615384615,0,0
4354,0,2018/01/11,08:56:35,25.13,25.06,24.69,25.25,6,7,33,21,0.08,0.05,0.05,0.09,345,0.0,0,0
4355,0,2018/01/10,19:12:30,25.63,25.63,25.31,25.69,0,0,0,0,0.07,0.05,0.05,0.08,595,-1.54615384615,0,0
4356,2,2017/12/22,11:35:38,25.44,25.38,24.88,25.81,157,239,70,54,3.51,0.38,0.22,0.19,450,0.303846153846,1,0
4357,3,2018/01/10,16:53:06,25.81,26.06,25.75,25.94,3,3,19,12,0.09,0.04,0.07,0.1,750,2.78846153846,1,1
4358,0,2017/12/24,05:49:39,25.19,25.19,24.63,25.5,0,0,0,0,0.06,0.05,0.05,0.06,360,0.0,0,0
4359,0,2017/12/24,02:20:19,25.38,25.38,24.88,25.75,0,0,0,0,0.07,0.05,0.06,0.06,365,0.0,0,0
4360,0,2017/12/25,22:48:07,25.38,25.38,25.06,25.88,0,0,0,0,0.07,0.06,0.06,0.1,355,0.0,0,0
4361,3,2017/12/23,18:22:55,26.25,26.31,25.88,26.38,150,234,185,10,0.19,0.69,0.31,0.18,980,1.94230769231,0,0
4362,0,2017/12/25,10:18:35,25.13,25.06,24.69,25.69,10,10,45,30,0.09,0.05,0.06,0.1,355,0.0,0,0
4363,1,2017/12/23,15:33:24,25.88,26.81,25.5,26.25,120,26,48,35,0.22,0.08,0.07,0.06,420,-1.62307692308,0,0
4364,2,2017/12/22,17:31:00,26.19,25.81,25.81,26.31,114,24,176,9,0.29,0.23,1.02,0.18,805,2.09615384615,1,1
4365,0,2017/12/22,14:22:05,26.13,26.63,26.06,26.38,18,22,96,59,0.08,0.05,0.05,0.06,960,0.338461538462,0,0
4366,0,2017/12/22,23:29:56,25.44,25.44,25.06,25.81,0,0,0,0,0.07,0.04,0.06,0.06,385,0.0,0,0
4367,0,2017/12/26,06:25:36,25.19,25.19,24.63,25.44,0,0,0,0,0.07,0.05,0.05,0.1,355,0.0,0,0
4368,0,2017/12/25,11:22:24,25.19,25.19,24.88,25.75,12,14,57,40,0.08,0.05,0.07,0.1,355,0.0,0,0
4369,0,2017/12/26,04:15:55,25.25,25.31,24.81,25.69,0,0,0,0,0.08,0.06,0.06,0.09,355,0.0,0,0
4370,0,2017/12/23,07:42:39,25.06,25.0,24.44,25.44,3,3,15,10,0.08,0.05,0.05,0.06,355,0.0346153846154,0,0
4371,0,2017/12/23,10:16:51,25.06,25.13,24.69,25.63,9,10,45,30,0.08,0.06,0.06,0.06,355,0.130769230769,0,0
4372,0,2017/12/23,03:40:38,25.19,25.25,24.69,25.5,0,0,0,0,0.07,0.05,0.06,0.05,365,0.0423076923077,0,0
4373,0,2018/01/11,06:12:41,25.13,25.13,24.56,25.19,0,0,0,0,0.08,0.04,0.05,0.09,345,0.0,0,0
4374,0,2017/12/24,01:31:49,25.38,25.44,24.88,25.75,0,0,0,0,0.07,0.05,0.06,0.06,365,0.0,0,0
4375,0,2017/12/25,15:13:11,25.44,25.44,25.44,26.13,13,15,62,45,0.08,0.06,0.06,0.1,355,0.0,0,0
4376,1,2017/12/23,16:21:24,26.06,26.81,25.56,26.38,118,21,27,20,0.14,0.1,0.06,0.08,515,1.69615384615,1,0
4377,0,2017/12/25,15:10:07,25.44,25.44,25.44,26.13,14,17,65,47,0.08,0.06,0.07,0.11,355,0.0,0,0
4378,0,2018/01/11,05:20:36,25.13,25.13,24.63,25.19,0,0,0,0,0.08,0.04,0.06,0.08,345,0.0,0,0
4379,0,2017/12/25,21:04:59,25.44,25.44,25.06,25.94,0,0,0,0,0.07,0.06,0.06,0.1,355,0.0692307692308,0,0
4380,0,2017/12/23,15:25:14,25.75,26.81,25.5,26.25,9,9,49,35,0.07,0.06,0.06,0.05,435,-1.28846153846,0,0
4381,0,2017/12/26,00:14:24,25.38,25.38,25.0,25.81,0,0,0,0,0.08,0.06,0.06,0.1,355,0.0,0,0
4382,0,2017/12/23,20:10:09,26.0,25.94,25.69,26.19,0,0,0,0,0.07,0.04,0.06,0.07,970,-2.12692307692,0,0
4383,0,2017/12/26,04:53:11,25.25,25.25,24.75,25.56,0,0,0,0,0.07,0.05,0.07,0.1,355,0.0,0,0
4384,0,2017/12/23,06:07:10,25.06,25.06,24.5,25.19,0,0,0,0,0.08,0.05,0.06,0.05,360,0.0576923076923,0,0
4385,0,2017/12/26,05:43:44,25.19,25.25,24.75,25.56,0,0,0,0,0.08,0.05,0.06,0.1,355,0.0,0,0
4386,0,2017/12/23,20:38:14,25.94,25.81,25.56,26.06,0,0,0,0,0.06,0.05,0.06,0.06,830,-1.65384615385,0,0
4387,0,2017/12/23,01:28:24,25.31,25.31,24.88,25.75,0,0,0,0,0.07,0.05,0.06,0.06,370,0.0,0,0
4388,0,2017/12/23,02:56:43,25.25,25.25,24.75,25.56,0,0,0,0,0.06,0.05,0.06,0.06,365,0.0,0,0
4389,2,2017/12/22,17:24:22,26.19,25.81,25.81,26.31,114,24,176,10,0.07,0.06,0.09,0.06,785,1.53461538462,0,0
4390,3,2017/12/22,19:29:27,26.38,28.06,26.13,26.44,142,228,173,10,0.27,0.3,0.07,0.13,1265,1.95769230769,1,0
4391,0,2017/12/25,23:52:27,25.38,25.38,25.0,25.88,0,0,0,0,0.08,0.04,0.07,0.1,355,0.0,0,0
4392,0,2018/01/11,06:58:38,25.06,25.06,24.56,25.19,0,0,1,1,0.08,0.05,0.06,0.08,345,0.0,0,0
4393,0,2017/12/25,12:09:53,25.25,25.25,25.0,25.81,16,19,71,51,0.07,0.04,0.06,0.1,355,0.0,0,0
4394,2,2017/12/23,17:06:51,26.19,25.88,25.69,26.38,118,23,190,13,0.88,0.63,1.28,0.48,670,3.21923076923,0,0
4395,0,2018/01/10,20:41:51,25.5,25.44,25.13,25.56,0,0,0,0,0.08,0.05,0.05,0.09,380,-0.192307692308,0,0
4396,0,2017/12/24,05:31:17,25.19,25.19,24.63,25.5,0,0,0,0,0.07,0.05,0.06,0.06,360,0.0,0,0
4397,0,2017/12/24,04:19:17,25.25,25.25,24.69,25.63,0,0,0,0,0.07,0.06,0.07,0.06,360,0.0,0,0
4398,3,2017/12/23,17:48:43,26.19,26.13,25.81,26.31,150,236,185,11,0.67,0.13,0.06,0.06,800,1.15384615385,0,1
4399,1,2017/12/22,16:02:10,26.06,25.75,25.56,26.31,119,29,53,32,0.09,0.06,0.12,0.06,595,0.492307692308,1,0
4400,0,2018/01/11,07:27:14,25.06,25.06,24.5,25.13,1,1,9,5,0.08,0.05,0.05,0.08,345,0.0,0,0
4401,2,2017/12/23,12:55:38,25.75,25.56,25.25,26.13,157,248,72,54,1.2,0.79,0.23,0.2,390,0.388461538462,1,0
4402,0,2017/12/26,08:09:46,25.06,25.0,24.56,25.0,5,5,25,18,0.08,0.05,0.06,0.1,350,0.0,0,0
4403,0,2017/12/22,15:13:39,25.81,25.94,25.75,26.31,13,16,79,49,0.1,0.05,0.06,0.06,670,-1.68076923077,0,0
4404,0,2017/12/25,21:01:55,25.38,25.44,25.06,25.94,0,0,0,0,0.08,0.05,0.07,0.1,350,-0.0730769230769,0,0
4405,0,2017/12/25,23:06:30,25.38,25.38,25.0,25.88,0,0,0,0,0.08,0.05,0.06,0.1,355,0.0,0,0
4406,2,2018/01/10,17:19:40,25.94,26.19,25.81,25.94,147,232,175,21,0.11,0.64,0.07,0.08,800,0.826923076923,1,1
4407,0,2017/12/22,21:49:52,25.63,25.63,25.25,25.88,0,0,0,0,0.08,0.05,0.06,0.06,545,-1.88076923077,0,0
4408,0,2017/12/25,21:24:23,25.38,25.44,25.06,25.88,0,0,0,0,0.08,0.05,0.06,0.1,350,-0.0653846153846,0,0
4409,0,2017/12/25,21:23:22,25.38,25.44,25.13,25.94,0,0,0,0,0.08,0.05,0.07,0.09,350,-0.0576923076923,0,0
4410,0,2017/12/25,16:52:14,25.44,25.44,25.31,26.13,2,2,13,10,0.07,0.06,0.06,0.1,350,0.00384615384615,0,0
4411,0,2017/12/25,19:25:56,25.5,25.44,25.13,26.06,0,0,0,0,0.07,0.05,0.06,0.1,355,0.0346153846154,0,0
4412,0,2018/01/10,21:17:05,25.44,25.44,25.06,25.5,0,0,0,0,0.07,0.05,0.05,0.08,370,-0.273076923077,0,0
4413,0,2017/12/23,11:31:23,25.19,25.19,24.94,25.81,14,16,64,45,0.08,0.05,0.06,0.06,360,0.0923076923077,0,0
4414,3,2017/12/22,17:42:45,26.19,25.88,25.94,26.31,149,238,180,11,0.91,0.69,2.59,0.24,820,1.04230769231,1,1
4415,0,2017/12/23,23:01:11,25.5,25.5,25.06,25.69,0,0,0,0,0.07,0.05,0.06,0.06,380,-0.161538461538,0,0
4416,0,2017/12/22,14:19:32,26.19,26.81,26.06,26.44,19,23,99,60,0.08,0.05,0.06,0.06,970,-0.1,0,0
4417,0,2017/12/23,21:40:00,25.69,25.63,25.25,25.88,0,0,0,0,0.07,0.05,0.06,0.06,570,-2.25,0,0
4418,0,2017/12/23,15:25:45,25.75,26.81,25.5,26.19,9,9,49,36,0.08,0.06,0.05,0.06,430,-1.37307692308,0,0
4419,0,2017/12/25,21:21:50,25.38,25.44,25.06,25.88,0,0,0,0,0.08,0.05,0.07,0.1,355,-0.00384615384615,0,0
4420,0,2017/12/23,22:45:22,25.56,25.5,25.13,25.81,0,0,0,0,0.06,0.05,0.06,0.07,390,-0.126923076923,0,0
4421,0,2017/12/24,02:36:09,25.31,25.38,24.81,25.69,0,0,0,0,0.06,0.05,0.05,0.05,365,0.0423076923077,0,0
4422,0,2017/12/25,09:21:24,25.0,25.0,24.56,25.38,7,7,37,24,0.07,0.05,0.06,0.11,355,-0.192307692308,0,0
4423,0,2018/01/11,03:09:54,25.19,25.19,24.69,25.25,0,0,0,0,0.07,0.05,0.05,0.09,345,0.0,0,0
4424,0,2017/12/22,22:17:26,25.56,25.56,25.19,25.88,0,0,0,0,0.07,0.05,0.06,0.06,465,-1.05384615385,0,0
4425,0,2017/12/23,11:25:46,25.19,25.19,24.88,25.81,14,15,64,45,0.08,0.05,0.06,0.06,360,0.138461538462,0,0
4426,0,2017/12/22,23:35:03,25.44,25.44,25.0,25.81,0,0,0,0,0.07,0.05,0.06,0.06,385,0.0,0,0
4427,0,2018/01/11,02:58:09,25.19,25.19,24.69,25.25,0,0,0,0,0.07,0.04,0.05,0.09,345,0.0,0,0
4428,0,2018/01/11,06:56:05,25.06,25.06,24.56,25.19,0,0,1,0,0.08,0.05,0.05,0.08,345,0.0,0,0
4429,0,2018/01/10,23:21:40,25.31,25.31,24.94,25.44,0,0,0,0,0.16,0.04,0.05,0.08,345,0.0,0,0
4430,0,2017/12/25,16:50:12,25.44,25.44,25.38,26.13,2,3,14,10,0.08,0.04,0.06,0.1,350,-0.0692307692308,0,0
4431,0,2018/01/10,21:14:01,25.44,25.44,25.06,25.56,0,0,0,0,0.07,0.05,0.05,0.09,370,-0.284615384615,0,0
4432,0,2017/12/23,04:34:15,25.19,25.19,24.63,25.44,0,0,0,0,0.09,0.05,0.06,0.06,360,0.0,0,0
4433,0,2018/01/10,22:22:26,25.31,25.38,24.94,25.44,0,0,0,0,0.08,0.04,0.06,0.09,355,0.0,0,0
4434,3,2017/12/23,17:47:11,26.19,26.13,25.81,26.31,150,236,186,11,3.02,0.28,0.21,0.13,790,1.21153846154,0,0
4435,0,2018/01/11,08:00:56,25.06,25.06,24.56,25.06,5,5,22,15,0.07,0.04,0.05,0.09,345,0.0,0,0
4436,2,2017/12/22,12:05:15,25.56,27.44,25.06,26.06,156,244,75,59,0.26,0.1,0.06,0.09,590,1.99615384615,1,0
4437,0,2018/01/10,22:02:01,25.31,25.38,25.0,25.5,0,0,0,0,0.07,0.04,0.05,0.08,360,0.0,0,0
4438,0,2018/01/10,19:20:40,25.63,25.63,25.31,25.69,0,0,0,0,0.08,0.05,0.05,0.08,565,-1.91923076923,0,0
4439,0,2017/12/25,19:45:20,25.5,25.44,25.13,26.06,0,0,0,0,0.08,0.05,0.06,0.1,350,0.138461538462,0,0
4440,0,2018/01/11,04:42:49,25.13,25.13,24.63,25.31,0,0,0,0,0.08,0.04,0.05,0.08,345,0.0,0,0
4441,0,2018/01/10,23:57:24,25.25,25.31,24.88,25.31,0,0,0,0,0.07,0.1,0.06,0.08,345,0.0,0,0
4442,0,2017/12/25,15:07:04,25.38,25.44,25.44,26.19,14,18,70,50,0.08,0.05,0.05,0.1,355,0.0,0,0
4443,0,2017/12/23,11:45:11,25.25,25.25,25.0,25.81,14,16,66,47,0.08,0.06,0.06,0.06,355,-0.0846153846154,0,0
4444,2,2017/12/22,11:31:02,25.38,25.38,24.88,25.81,157,242,68,54,1.14,0.33,0.23,0.17,450,0.611538461538,0,1
4445,0,2017/12/23,11:37:31,25.19,25.19,24.94,25.88,14,15,62,44,0.08,0.06,0.06,0.07,360,-0.0307692307692,0,0
4446,0,2017/12/22,21:45:47,25.63,25.69,25.25,25.94,0,0,0,0,0.07,0.06,0.06,0.06,560,-1.78076923077,0,0
4447,0,2017/12/26,00:06:45,25.38,25.38,25.0,25.88,0,0,0,0,0.08,0.05,0.06,0.11,355,0.0,0,0
4448,0,2018/01/11,05:17:33,25.13,25.13,24.63,25.25,0,0,0,0,0.08,0.05,0.05,0.09,345,0.0,0,0
4449,0,2017/12/23,23:04:15,25.5,25.5,25.06,25.63,0,0,0,0,0.06,0.05,0.06,0.06,380,-0.25,0,0
4450,0,2017/12/24,00:47:54,25.44,25.44,24.94,25.75,0,0,0,0,0.07,0.04,0.06,0.06,365,-0.0307692307692,0,0
4451,0,2017/12/26,06:38:53,25.19,25.19,24.63,25.38,0,0,0,0,0.08,0.05,0.06,0.1,355,0.0730769230769,0,0
4452,0,2017/12/25,17:44:19,25.44,25.44,25.25,26.06,0,0,0,0,0.11,0.33,0.37,0.09,350,-0.0230769230769,0,0
4453,0,2017/12/25,20:38:56,25.44,25.44,25.06,26.0,0,0,0,0,0.07,0.04,0.06,0.09,355,0.157692307692,0,0
4454,0,2017/12/23,23:11:24,25.44,25.5,25.06,25.63,0,0,0,0,0.07,0.05,0.06,0.06,380,-0.0615384615385,0,0
4455,0,2017/12/25,11:01:59,25.13,25.13,24.81,25.69,13,14,59,43,0.07,0.05,0.07,0.09,355,0.0,0,0
4456,1,2017/12/22,16:29:13,26.13,25.69,25.56,26.38,115,25,38,21,0.21,0.09,0.08,0.13,625,0.4,0,0
4457,0,2017/12/23,00:58:47,25.38,25.38,24.94,25.75,0,0,0,0,0.07,0.05,0.06,0.06,370,-0.161538461538,0,0
4458,0,2017/12/25,16:46:07,25.44,25.5,25.31,26.25,3,3,15,11,0.07,0.05,0.07,0.09,350,-0.0730769230769,0,0
4459,0,2017/12/24,07:51:41,25.06,25.13,24.56,25.44,4,4,20,14,0.07,0.05,0.06,0.07,360,-0.0230769230769,0,0
4460,0,2017/12/26,00:22:04,25.38,25.38,25.0,25.81,0,0,0,0,0.08,0.05,0.06,0.1,355,0.0,0,0
4461,0,2017/12/25,23:37:08,25.38,25.44,25.0,25.88,0,0,0,0,0.08,0.05,0.06,0.1,355,0.0,0,0
4462,3,2017/12/22,13:26:57,26.0,27.81,25.81,26.19,164,252,268,70,0.07,0.1,0.19,0.06,865,0.976923076923,1,0
4463,0,2017/12/25,19:52:59,25.44,25.44,25.13,25.94,0,0,0,0,0.07,0.04,0.07,0.1,350,-0.0230769230769,0,0
4464,0,2018/01/11,02:23:57,25.19,25.19,24.75,25.25,0,0,0,0,0.08,0.05,0.05,0.09,345,0.0,0,0
4465,0,2017/12/25,11:32:37,25.19,25.19,24.94,25.81,12,14,55,40,0.08,0.09,0.06,0.1,355,0.0,0,0
4466,0,2017/12/23,07:10:29,25.06,25.06,24.44,25.31,0,0,5,4,0.07,0.05,0.05,0.06,355,0.0,0,0
4467,0,2017/12/24,08:26:55,25.06,25.13,24.56,25.38,6,6,32,21,0.07,0.05,0.05,0.06,360,0.0,0,0
4468,0,2017/12/24,03:25:10,25.31,25.31,24.75,25.63,0,0,0,0,0.06,0.06,0.06,0.07,360,0.0,0,0
4469,0,2017/12/25,18:03:13,25.5,25.44,25.19,26.0,0,0,0,0,0.08,0.06,0.06,0.1,355,0.0461538461538,0,0
4470,0,2017/12/23,22:00:56,25.63,25.63,25.25,25.75,0,0,0,0,0.07,0.05,0.06,0.06,500,-1.62692307692,0,0
4471,0,2017/12/24,02:14:42,25.38,25.38,24.81,25.69,0,0,0,0,0.07,0.04,0.06,0.06,365,0.0,0,0
4472,0,2017/12/24,07:09:18,25.06,25.13,24.5,25.38,0,0,5,4,0.06,0.05,0.06,0.06,355,-0.00384615384615,0,0
4473,0,2017/12/26,01:45:48,25.31,25.38,24.94,25.81,0,0,0,0,0.08,0.05,0.07,0.1,355,0.0,0,0
4474,0,2017/12/25,17:23:23,25.44,25.44,25.25,26.13,0,0,4,3,0.08,0.05,0.05,0.11,350,0.0,0,0
4475,0,2017/12/23,09:30:54,25.06,25.06,24.63,25.31,7,7,36,24,0.07,0.05,0.05,0.06,360,0.0269230769231,0,0
4476,0,2017/12/23,14:42:21,25.88,26.94,25.56,26.25,14,15,72,52,0.11,0.12,0.14,0.09,535,-4.06538461538,0,0
4477,0,2018/01/11,03:11:26,25.19,25.19,24.69,25.25,0,0,0,0,0.06,0.05,0.06,0.08,345,0.0,0,0
4478,0,2017/12/25,16:42:02,25.44,25.5,25.38,26.13,3,4,18,13,0.08,0.06,0.06,0.1,350,-6.1584092961300004e-18,0,0
4479,1,2017/12/23,12:19:54,25.56,25.31,25.13,25.94,124,38,72,52,0.75,0.32,0.21,0.14,370,0.288461538462,0,0
4480,0,2017/12/23,04:50:04,25.19,25.19,24.63,25.44,0,0,0,0,0.07,0.05,0.07,0.06,360,0.0,0,0
4481,0,2017/12/24,07:48:07,25.06,25.13,24.56,25.38,3,3,18,13,0.06,0.05,0.05,0.07,360,0.0730769230769,0,0
4482,3,2017/12/22,19:06:59,26.31,27.88,26.06,26.44,150,239,181,11,1.29,0.91,3.22,0.74,1220,1.34615384615,1,1
4483,0,2017/12/24,03:33:50,25.25,25.31,24.75,25.63,0,0,0,0,0.07,0.05,0.06,0.06,360,0.0,0,0
4484,2,2017/12/22,12:09:20,25.63,27.38,25.06,25.94,157,244,78,60,0.2,0.05,0.06,0.06,605,1.0,0,0
4485,0,2017/12/23,04:29:39,25.19,25.19,24.63,25.44,0,0,0,0,0.08,0.06,0.06,0.05,360,0.0,0,0
4486,0,2017/12/26,06:40:55,25.19,25.19,24.56,25.38,0,0,0,0,0.08,0.05,0.06,0.09,355,-0.0576923076923,0,0
4487,0,2018/01/10,23:11:27,25.31,25.31,24.94,25.38,0,0,0,0,0.07,0.04,0.05,0.09,345,0.0,0,0
4488,2,2018/01/10,17:08:56,25.94,26.13,25.81,25.94,148,234,179,24,0.19,0.2,0.46,0.11,785,1.67307692308,1,1
4489,3,2018/01/10,16:14:49,25.75,26.13,25.69,25.81,6,6,39,24,0.1,0.33,0.08,0.09,520,2.16153846154,1,0
4490,0,2017/12/24,05:56:18,25.19,25.19,24.56,25.5,0,0,0,0,0.07,0.05,0.06,0.06,360,-0.0807692307692,0,0
4491,0,2017/12/23,11:40:35,25.19,25.19,24.94,25.81,14,16,65,46,0.08,0.06,0.06,0.06,360,0.0153846153846,0,0
4492,1,2017/12/23,12:09:41,25.5,25.31,25.06,25.88,124,38,70,51,0.48,0.28,0.24,0.11,365,0.3,1,0
4493,0,2017/12/23,20:17:17,26.0,25.88,25.69,26.13,0,0,0,0,0.08,0.04,0.06,0.06,915,-2.86153846154,0,0
4494,0,2017/12/23,20:18:49,26.0,25.88,25.63,26.06,0,0,0,0,0.08,0.05,0.06,0.06,915,-3.05769230769,0,0
4495,0,2017/12/24,04:21:19,25.25,25.25,24.69,25.63,0,0,0,0,0.07,0.05,0.06,0.06,360,0.0,0,0
4496,0,2017/12/25,22:49:39,25.38,25.38,25.06,25.88,0,0,0,0,0.08,0.06,0.06,0.1,355,0.0,0,0
4497,0,2018/01/10,20:23:28,25.5,25.5,25.13,25.63,0,0,0,0,0.07,0.04,0.06,0.08,390,-0.261538461538,0,0
4498,0,2017/12/23,01:59:32,25.31,25.31,24.81,25.75,0,0,0,0,0.06,0.05,0.06,0.07,370,-0.157692307692,0,0
4499,0,2017/12/26,00:04:42,25.38,25.38,25.0,25.81,0,0,0,0,0.08,0.06,0.06,0.1,355,0.0,0,0
4500,0,2018/01/11,07:05:47,25.13,25.06,24.56,25.19,0,0,3,2,0.08,0.04,0.05,0.08,345,0.0,0,0
4501,0,2017/12/26,02:02:39,25.31,25.31,24.88,25.75,0,0,0,0,0.08,0.06,0.06,0.1,355,0.0,0,0
4502,1,2017/12/23,16:27:01,26.06,26.81,25.5,26.31,117,21,25,18,0.1,0.2,0.06,0.07,530,1.20384615385,1,0
4503,0,2017/12/24,03:49:09,25.31,25.31,24.75,25.63,0,0,0,0,0.08,0.05,0.06,0.06,360,0.0,0,0
4504,0,2017/12/22,14:51:11,26.0,26.13,25.81,26.31,16,20,93,57,0.07,0.05,0.06,0.06,755,-3.66538461538,0,0
4505,0,2017/12/24,02:27:28,25.38,25.38,24.81,25.69,0,0,0,0,0.07,0.05,0.06,0.06,360,-0.0961538461538,0,0
4506,0,2017/12/25,20:44:03,25.38,25.44,25.13,25.94,0,0,0,0,0.07,0.05,0.06,0.1,355,0.0576923076923,0,0
4507,0,2017/12/23,06:15:20,25.06,25.13,24.5,25.19,0,0,0,0,0.08,0.05,0.07,0.06,355,0.00769230769231,0,0
4508,0,2017/12/26,00:43:31,25.38,25.38,25.0,25.81,0,0,0,0,0.07,0.05,0.06,0.1,355,0.0,0,0
4509,0,2017/12/25,14:48:10,25.44,25.44,25.38,26.13,16,20,75,54,0.07,0.04,0.06,0.09,355,0.0,0,0
4510,0,2017/12/24,04:25:25,25.25,25.25,24.69,25.63,0,0,0,0,0.06,0.05,0.06,0.07,360,0.0,0,0
4511,0,2017/12/22,22:14:22,25.63,25.63,25.19,25.81,0,0,0,0,0.07,0.05,0.06,0.06,470,-1.42307692308,0,0
4512,0,2017/12/25,23:55:31,25.38,25.38,25.0,25.81,0,0,0,0,0.08,0.06,0.06,0.1,355,0.0,0,0
4513,0,2017/12/25,16:34:22,25.44,25.5,25.38,26.13,4,4,26,15,0.07,0.05,0.06,0.1,350,0.00384615384615,0,0
4514,1,2017/12/22,11:22:52,25.31,25.0,24.81,25.63,123,35,60,45,0.4,0.06,0.08,0.06,445,0.926923076923,0,0
4515,0,2017/12/23,10:06:07,25.06,25.13,24.69,25.44,9,10,45,30,0.08,0.05,0.07,0.06,355,0.0730769230769,0,0
4516,0,2017/12/26,08:50:06,25.13,25.13,24.63,25.44,6,6,32,21,0.08,0.06,0.06,0.1,350,0.0,0,0
4517,0,2017/12/22,19:55:29,26.19,26.38,25.81,26.31,0,0,0,0,0.07,0.04,0.07,0.05,1110,-4.73461538462,0,0
4518,3,2018/01/10,15:45:43,25.63,26.31,25.5,25.75,10,10,53,33,0.12,0.46,0.09,0.1,380,0.426923076923,1,1
4519,1,2017/12/23,12:23:28,25.63,25.31,25.06,25.94,124,38,72,52,0.54,0.18,0.18,0.13,370,0.153846153846,0,0
4520,0,2018/01/11,05:22:39,25.13,25.13,24.63,25.25,0,0,0,0,0.08,0.05,0.06,0.09,345,0.0,0,0
4521,0,2017/12/24,02:05:31,25.38,25.38,24.88,25.81,0,0,0,0,0.06,0.05,0.06,0.06,365,0.0,0,0
4522,0,2017/12/25,23:11:36,25.38,25.38,25.0,25.88,0,0,0,0,0.07,0.05,0.06,0.1,355,0.0,0,0
4523,0,2018/01/11,06:43:19,25.06,25.06,24.56,25.19,0,0,0,0,0.07,0.05,0.06,0.08,345,0.0,0,0
4524,0,2017/12/26,04:06:43,25.31,25.31,24.81,25.69,0,0,0,0,0.08,0.05,0.07,0.09,355,0.0,0,0
4525,0,2017/12/25,21:39:42,25.38,25.44,25.06,25.88,0,0,0,0,0.08,0.05,0.06,0.1,355,0.0384615384615,0,0
4526,0,2017/12/23,00:11:48,25.38,25.44,24.94,25.81,0,0,0,0,0.06,0.05,0.06,0.06,380,0.0,0,0
4527,0,2018/01/10,20:29:36,25.5,25.5,25.13,25.56,0,0,0,0,0.08,0.05,0.05,0.09,385,-0.3,0,0
4528,0,2017/12/25,17:35:38,25.44,25.44,25.25,26.13,0,0,2,1,0.08,0.05,0.06,0.11,350,0.0423076923077,0,0
4529,0,2017/12/23,20:57:38,25.88,25.75,25.44,26.06,0,0,0,0,0.06,0.04,0.06,0.07,750,-2.25384615385,0,0
4530,0,2017/12/26,03:03:55,25.31,25.31,24.88,25.75,0,0,0,0,0.08,0.05,0.06,0.11,355,0.0,0,0
4531,1,2017/12/23,16:00:59,26.0,26.75,25.5,26.31,119,24,36,27,0.08,0.06,0.06,0.06,470,1.61538461538,0,1
4532,0,2017/12/25,10:55:51,25.13,25.13,24.81,25.75,12,13,54,37,0.07,0.05,0.07,0.11,355,0.0,0,0
4533,0,2017/12/23,06:19:56,25.06,25.06,24.44,25.19,0,0,0,0,0.08,0.05,0.06,0.06,355,-0.0576923076923,0,0
4534,0,2017/12/25,11:40:47,25.19,25.19,24.94,25.81,13,14,57,41,0.07,0.04,0.07,0.1,355,0.0,0,0
4535,0,2017/12/23,14:41:50,25.88,26.94,25.5,26.25,14,15,71,52,0.09,0.08,0.13,0.09,535,-4.07692307692,0,0
4536,0,2017/12/24,05:29:45,25.19,25.19,24.63,25.5,0,0,0,0,0.07,0.05,0.06,0.06,360,0.0,0,0
4537,0,2017/12/24,04:34:36,25.25,25.25,24.69,25.56,0,0,0,0,0.07,0.05,0.07,0.06,360,0.0,0,0
4538,0,2018/01/10,20:05:05,25.5,25.5,25.19,25.63,0,0,0,0,0.07,0.05,0.06,0.09,415,-1.46538461538,0,0
4539,0,2018/01/10,22:13:15,25.31,25.38,25.0,25.5,0,0,0,0,0.07,0.05,0.05,0.09,355,-0.292307692308,0,0
4540,0,2017/12/23,22:02:59,25.63,25.63,25.25,25.75,0,0,0,0,0.07,0.05,0.06,0.06,500,-1.42692307692,0,0
4541,2,2018/01/10,17:49:17,25.94,26.25,25.81,26.0,142,228,5,7,0.4,0.66,0.19,0.13,830,-0.161538461538,0,0
4542,0,2017/12/25,18:36:24,25.44,25.44,25.19,26.06,0,0,0,0,0.07,0.05,0.06,0.11,355,0.173076923077,0,0
4543,0,2017/12/24,01:03:13,25.38,25.44,24.94,25.75,0,0,0,0,0.07,0.05,0.06,0.06,370,0.0153846153846,0,0
4544,0,2018/01/10,20:49:31,25.44,25.44,25.13,25.63,0,0,0,0,0.07,0.04,0.06,0.08,380,-0.192307692308,0,0
4545,0,2017/12/25,17:26:27,25.44,25.44,25.25,26.13,0,0,3,2,0.08,0.05,0.06,0.09,350,0.0,0,0
4546,0,2017/12/22,21:46:48,25.63,25.63,25.25,25.88,0,0,0,0,0.07,0.05,0.05,0.06,555,-1.88846153846,0,0
4547,1,2017/12/23,12:02:32,25.44,25.25,25.06,25.88,123,36,65,46,0.12,0.05,0.28,0.13,360,0.0,0,0
4548,2,2017/12/23,16:56:38,26.13,25.81,25.63,26.38,118,24,193,14,0.68,0.57,0.22,0.42,605,1.56538461538,0,0
4549,0,2017/12/26,00:34:50,25.38,25.38,24.94,25.81,0,0,0,0,0.08,0.05,0.06,0.1,355,0.0,0,0
4550,0,2017/12/25,09:52:32,25.0,25.06,24.63,25.56,8,9,40,27,0.08,0.04,0.06,0.1,355,0.0,0,0
4551,3,2017/12/22,13:55:32,26.13,27.19,26.0,26.25,165,256,273,73,0.88,0.76,2.6,0.66,925,2.15769230769,1,1
4552,0,2017/12/22,23:24:50,25.44,25.44,25.0,25.69,0,0,0,0,0.07,0.04,0.06,0.06,385,-0.211538461538,0,0
4553,0,2018/01/10,18:59:14,25.69,25.69,25.31,25.75,0,0,0,0,0.07,0.05,0.06,0.09,630,-1.66538461538,0,0
4554,0,2017/12/24,08:39:10,25.13,25.13,24.63,25.31,6,7,35,23,0.06,0.05,0.06,0.06,360,0.0,0,0
4555,0,2017/12/26,07:52:24,25.06,25.0,24.56,25.06,4,4,20,14,0.08,0.05,0.06,0.09,350,0.0,0,0
4556,0,2017/12/23,01:09:30,25.31,25.38,24.88,25.75,0,0,0,0,0.06,0.05,0.06,0.06,370,-0.0346153846154,0,0
4557,2,2018/01/10,17:35:29,25.94,26.19,25.88,25.94,146,230,170,19,0.1,0.31,0.08,0.08,835,1.27692307692,1,0
4558,0,2017/12/26,08:59:48,25.06,25.06,24.69,25.25,6,6,32,21,0.08,0.05,0.07,0.1,350,0.0,0,0
4559,0,2017/12/25,20:01:09,25.44,25.5,25.13,26.0,0,0,0,0,0.07,0.05,0.06,0.09,350,-0.165384615385,0,0
4560,0,2017/12/23,22:53:32,25.5,25.5,25.06,25.56,0,0,0,0,0.07,0.05,0.05,0.05,385,-0.246153846154,0,0
4561,0,2017/12/25,21:58:35,25.38,25.44,25.06,25.88,0,0,0,0,0.08,0.05,0.06,0.11,355,0.0192307692308,0,0
4562,0,2017/12/25,11:05:03,25.13,25.19,24.81,25.81,12,14,56,40,0.09,0.06,0.07,0.1,355,0.0,0,0
4563,0,2017/12/26,08:57:45,25.13,25.06,24.63,25.31,6,6,32,21,0.08,0.06,0.06,0.1,350,0.0,0,0
4564,0,2017/12/25,23:28:27,25.38,25.38,25.0,25.88,0,0,0,0,0.07,0.05,0.06,0.1,355,0.0,0,0
4565,0,2017/12/26,08:34:16,25.06,25.06,24.63,25.31,6,6,31,21,0.08,0.05,0.07,0.1,350,0.0,0,0
4566,0,2018/01/10,23:32:54,25.25,25.31,24.88,25.38,0,0,0,0,0.07,0.04,0.07,0.08,345,0.0,0,0
4567,0,2017/12/26,01:25:53,25.38,25.38,24.94,25.75,0,0,0,0,0.07,0.05,0.06,0.11,355,0.0,0,0
4568,0,2017/12/25,23:43:46,25.38,25.44,25.0,25.81,0,0,0,0,0.08,0.05,0.06,0.1,355,0.0,0,0
4569,0,2017/12/23,07:19:10,25.06,25.06,24.5,25.31,1,1,8,5,0.07,0.05,0.05,0.06,355,0.0,0,0
4570,0,2017/12/23,01:28:54,25.31,25.31,24.81,25.69,0,0,0,0,0.06,0.04,0.06,0.06,370,0.0,0,0
4571,2,2017/12/23,13:51:48,26.06,27.0,25.44,26.31,161,249,83,61,0.62,0.66,0.36,0.24,585,2.19230769231,0,0
4572,0,2017/12/26,01:52:57,25.31,25.38,24.94,25.75,0,0,0,0,0.08,0.05,0.07,0.1,355,0.0,0,0
4573,0,2017/12/23,23:51:44,25.44,25.44,25.0,25.56,0,0,0,0,0.06,0.05,0.06,0.05,370,-0.0807692307692,0,0
4574,0,2018/01/10,21:42:37,25.38,25.38,25.06,25.5,0,0,0,0,0.08,0.04,0.06,0.1,360,-0.0461538461538,0,0
4575,0,2017/12/23,14:52:34,25.88,26.94,25.5,26.25,13,14,65,47,0.08,0.08,0.08,0.07,540,0.334615384615,0,0
4576,0,2017/12/23,08:29:07,25.06,25.0,24.5,25.31,5,6,30,20,0.08,0.06,0.06,0.06,360,0.0,0,0
4577,3,2017/12/22,13:44:49,26.06,27.25,25.94,26.31,164,254,276,71,0.19,0.16,0.77,0.06,875,1.1,0,1
4578,0,2017/12/25,12:32:52,25.31,25.25,25.13,25.88,17,20,73,53,0.08,0.04,0.06,0.11,355,0.0,0,0
4579,0,2017/12/25,10:20:07,25.13,25.13,24.69,25.69,10,10,48,33,0.07,0.04,0.06,0.1,355,0.0,0,0
4580,0,2017/12/26,01:16:42,25.38,25.38,24.94,25.81,0,0,0,0,0.07,0.05,0.06,0.1,355,0.0,0,0
4581,0,2017/12/22,20:48:36,25.81,25.88,25.44,26.0,0,0,0,0,0.08,0.04,0.05,0.06,795,-1.98846153846,0,0
4582,0,2018/01/10,22:46:57,25.31,25.31,24.94,25.44,0,0,0,0,0.07,0.05,0.05,0.09,350,0.0,0,0
4583,0,2017/12/23,03:41:39,25.25,25.19,24.69,25.56,0,0,0,0,0.08,0.05,0.06,0.05,360,0.0307692307692,0,0
4584,2,2017/12/23,19:45:08,26.25,26.13,25.94,26.25,115,19,180,7,1.29,0.82,0.47,0.35,1015,0.103846153846,0,0
4585,0,2017/12/25,14:52:15,25.44,25.44,25.38,26.19,14,19,70,50,0.07,0.06,0.06,0.1,355,0.0,0,0
4586,0,2017/12/25,21:26:25,25.38,25.44,25.06,25.88,0,0,0,0,0.08,0.05,0.05,0.1,350,-0.188461538462,0,0
4587,0,2017/12/25,17:15:44,25.44,25.44,25.25,26.13,0,0,5,4,0.1,0.05,0.07,0.1,350,0.0,0,0
4588,0,2018/01/10,19:48:45,25.56,25.5,25.25,25.69,0,0,0,0,0.07,0.05,0.06,0.09,480,-0.853846153846,0,0
4589,0,2017/12/24,03:03:43,25.31,25.31,24.81,25.63,0,0,0,0,0.07,0.05,0.05,0.05,360,-0.0884615384615,0,0
4590,0,2017/12/24,01:57:20,25.38,25.38,24.88,25.75,0,0,0,0,0.08,0.04,0.06,0.06,365,0.0,0,0
4591,0,2017/12/25,20:34:21,25.44,25.44,25.13,25.94,0,0,0,0,0.08,0.05,0.07,0.09,350,0.146153846154,0,0
4592,0,2017/12/23,03:34:30,25.25,25.25,24.69,25.56,0,0,0,0,0.06,0.05,0.06,0.06,365,-0.00769230769231,0,0
4593,0,2017/12/23,10:38:17,25.13,25.13,24.75,25.63,11,12,53,36,0.1,0.09,0.09,0.06,360,-0.0653846153846,0,0
4594,0,2017/12/23,08:09:12,25.0,25.06,24.44,25.31,5,5,26,18,0.08,0.05,0.07,0.07,360,0.1,0,0
4595,0,2017/12/23,08:24:00,25.06,25.06,24.5,25.31,5,5,29,20,0.08,0.05,0.06,0.05,360,0.0,0,0
4596,0,2017/12/24,05:20:33,25.19,25.19,24.63,25.56,0,0,0,0,0.07,0.06,0.06,0.06,360,0.0,0,0
4597,0,2018/01/10,17:57:57,25.94,26.25,25.69,26.0,0,0,0,0,0.08,0.05,0.06,0.09,850,0.753846153846,0,1
4598,0,2017/12/23,07:40:06,25.0,25.06,24.44,25.31,2,2,14,10,0.08,0.05,0.06,0.06,355,0.0269230769231,0,0
4599,0,2017/12/23,06:57:43,25.06,25.06,24.44,25.31,0,0,2,2,0.08,0.05,0.06,0.06,355,-0.00769230769231,0,0
4600,0,2017/12/23,01:14:36,25.38,25.38,24.88,25.75,0,0,0,0,0.07,0.05,0.06,0.06,370,0.0,0,0
4601,0,2017/12/25,21:45:19,25.38,25.44,25.0,25.88,0,0,0,0,0.08,0.05,0.06,0.1,355,7.69801162017e-19,0,0
4602,0,2017/12/25,11:58:39,25.25,25.19,25.0,25.88,15,18,67,46,0.08,0.06,0.08,0.09,355,0.0,0,0
4603,0,2017/12/24,01:32:50,25.38,25.38,24.88,25.75,0,0,0,0,0.07,0.05,0.06,0.06,365,0.0,0,0
4604,2,2017/12/23,13:27:48,25.88,25.94,25.31,26.19,161,253,81,61,0.88,0.25,0.31,0.17,475,1.70769230769,1,1
4605,0,2017/12/22,22:41:56,25.56,25.5,25.13,25.81,0,0,0,0,0.06,0.05,0.06,0.05,415,-1.16923076923,0,0
4606,0,2017/12/24,00:39:44,25.44,25.44,24.94,25.69,0,0,0,0,0.06,0.05,0.06,0.06,365,-0.0538461538462,0,0
4607,0,2017/12/23,00:54:42,25.38,25.38,24.94,25.75,0,0,0,0,0.07,0.05,0.07,0.06,375,0.0,0,0
4608,0,2017/12/26,03:44:15,25.31,25.31,24.81,25.75,0,0,0,0,0.07,0.05,0.06,0.1,355,0.0,0,0
4609,0,2017/12/26,07:55:28,25.06,25.0,24.56,25.06,4,4,20,14,0.07,0.05,0.07,0.1,350,0.0,0,0
4610,0,2017/12/22,20:10:18,26.0,26.19,25.75,26.19,0,0,0,0,0.07,0.04,0.07,0.06,990,-3.01153846154,0,0
4611,0,2017/12/24,07:57:49,25.06,25.13,24.56,25.44,4,5,22,15,0.07,0.05,0.06,0.06,360,0.0230769230769,0,0
4612,0,2017/12/24,06:09:04,25.13,25.19,24.56,25.5,0,0,0,0,0.06,0.06,0.07,0.06,360,-0.184615384615,0,0
4613,3,2018/01/10,16:27:35,25.81,26.06,25.69,25.81,5,7,24,21,0.07,0.05,0.09,0.1,605,3.66923076923,0,1
4614,0,2017/12/26,01:55:00,25.31,25.38,24.88,25.75,0,0,0,0,0.08,0.05,0.06,0.1,355,0.0,0,0
4615,2,2017/12/22,17:16:12,26.19,25.75,25.75,26.38,115,24,179,11,0.54,1.24,0.21,0.81,750,1.17692307692,1,1
4616,0,2018/01/11,07:13:57,25.06,25.06,24.56,25.19,0,0,5,3,0.08,0.05,0.1,0.1,345,0.0,0,0
4617,0,2017/12/23,15:02:46,25.81,26.88,25.5,26.31,11,12,59,44,0.07,0.06,0.06,0.06,510,-1.46923076923,0,0
4618,2,2017/12/22,17:21:18,26.19,25.75,25.81,26.31,114,24,177,10,0.72,0.8,3.16,0.71,770,1.26923076923,1,1
4619,0,2017/12/23,23:23:39,25.44,25.44,25.06,25.56,0,0,0,0,0.07,0.05,0.06,0.08,375,-0.126923076923,0,0
4620,0,2018/01/11,02:00:58,25.19,25.19,24.75,25.25,0,0,0,0,0.06,0.05,0.06,0.08,345,0.0,0,0
4621,0,2017/12/22,21:10:02,25.75,25.81,25.38,25.94,0,0,0,0,0.07,0.05,0.06,0.06,700,-1.87692307692,0,0
4622,0,2017/12/23,04:11:47,25.19,25.19,24.69,25.5,0,0,0,0,0.07,0.06,0.06,0.06,360,0.0,0,0
4623,0,2017/12/25,14:19:35,25.38,25.38,25.31,26.06,20,24,85,63,0.09,0.05,0.07,0.1,355,0.0,0,0
4624,0,2018/01/11,03:15:31,25.19,25.19,24.69,25.25,0,0,0,0,0.07,0.05,0.05,0.08,345,0.0,0,0
4625,2,2017/12/22,17:01:54,26.19,25.75,25.75,26.25,116,25,182,14,0.07,0.05,0.11,0.9,715,1.89230769231,0,1
4626,0,2018/01/10,23:46:41,25.25,25.31,24.88,25.31,0,0,0,0,0.07,0.05,0.07,0.09,345,0.0,0,0
4627,0,2017/12/23,04:30:10,25.19,25.19,24.63,25.44,0,0,0,0,0.08,0.05,0.07,0.06,360,0.0,0,0
4628,0,2017/12/23,08:51:35,25.0,25.0,24.56,25.19,6,6,32,21,0.08,0.05,0.06,0.05,360,0.0,0,0
4629,3,2018/01/10,16:22:28,25.81,26.06,25.69,25.81,5,7,24,21,0.28,0.13,0.12,0.1,575,3.71923076923,0,1
4630,0,2017/12/25,23:31:31,25.38,25.44,25.0,25.88,0,0,0,0,0.08,0.05,0.06,0.1,355,0.0,0,0
4631,0,2017/12/24,03:29:15,25.31,25.31,24.75,25.63,0,0,0,0,0.07,0.05,0.06,0.06,360,0.0,0,0
4632,1,2017/12/23,11:59:28,25.38,25.25,25.0,25.88,123,36,65,47,0.1,0.05,0.08,0.06,360,0.0461538461538,0,0
4633,0,2018/01/10,20:50:32,25.5,25.44,25.06,25.56,0,0,0,0,0.07,0.05,0.06,0.08,380,-0.126923076923,0,0
4634,0,2017/12/22,15:05:29,25.88,26.0,25.75,26.31,14,19,85,53,0.07,0.05,0.06,0.06,695,-2.8,0,0
4635,1,2017/12/22,16:01:08,26.06,25.75,25.63,26.31,119,29,54,33,0.08,0.05,0.06,0.06,590,0.707692307692,0,0
4636,0,2017/12/26,03:35:04,25.31,25.31,24.81,25.69,0,0,0,0,0.07,0.06,0.07,0.1,355,0.0,0,0
4637,0,2018/01/11,01:03:47,25.19,25.25,24.81,25.25,0,0,0,0,0.07,0.04,0.05,0.08,345,0.0,0,0
4638,3,2018/01/10,16:05:07,25.69,26.13,25.63,25.81,8,8,29,27,0.08,0.22,0.09,0.1,475,2.74615384615,1,0
4639,0,2017/12/22,23:23:18,25.44,25.44,25.06,25.75,0,0,0,0,0.07,0.05,0.05,0.06,385,-0.269230769231,0,0
4640,0,2017/12/24,06:53:59,25.13,25.13,24.5,25.44,0,0,1,1,0.07,0.06,0.06,0.06,355,-0.157692307692,0,0
4641,0,2018/01/11,07:25:11,25.06,25.06,24.56,25.13,1,1,8,5,0.08,0.04,0.05,0.08,345,0.0,0,0
4642,0,2017/12/23,23:16:00,25.5,25.5,25.06,25.56,0,0,0,0,0.07,0.06,0.06,0.06,380,0.0,0,0
4643,0,2017/12/25,22:43:01,25.38,25.44,25.06,25.94,0,0,0,0,0.08,0.05,0.06,0.09,355,0.0,0,0
4644,0,2017/12/23,03:36:33,25.25,25.19,24.69,25.56,0,0,0,0,0.08,0.05,0.05,0.06,360,-0.0692307692308,0,0
4645,0,2017/12/24,04:45:50,25.25,25.25,24.69,25.56,0,0,0,0,0.07,0.05,0.06,0.06,360,0.0,0,0
4646,0,2017/12/22,20:06:43,26.0,26.25,25.75,26.25,0,0,0,0,0.07,0.04,0.06,0.06,1025,-4.31153846154,0,0
4647,0,2017/12/24,00:37:11,25.44,25.44,24.94,25.75,0,0,0,0,0.06,0.05,0.07,0.06,370,-0.0269230769231,0,0
4648,2,2017/12/23,17:06:20,26.19,25.81,25.63,26.38,118,23,190,13,0.8,0.44,1.51,0.46,670,3.13846153846,0,0
4649,0,2017/12/24,06:42:45,25.13,25.13,24.56,25.44,0,0,0,0,0.07,0.05,0.07,0.06,355,-0.126923076923,0,0
4650,0,2017/12/25,16:51:44,25.44,25.44,25.38,26.19,2,2,14,10,0.08,0.05,0.06,0.1,350,0.00769230769231,0,0
4651,0,2017/12/25,21:07:32,25.44,25.44,25.13,26.0,0,0,0,0,0.07,0.04,0.06,0.1,355,0.142307692308,0,0
4652,1,2017/12/22,11:00:55,25.13,24.88,24.63,25.56,123,35,58,45,0.11,0.05,0.06,0.06,395,0.0615384615385,0,0
4653,0,2017/12/24,00:11:08,25.44,25.44,24.94,25.63,0,0,0,0,0.07,0.04,0.05,0.06,370,0.0,0,0
4654,0,2017/12/26,03:01:22,25.31,25.31,24.81,25.69,0,0,0,0,0.07,0.05,0.06,0.11,355,0.0,0,0
4655,0,2017/12/23,23:00:10,25.5,25.5,25.06,25.69,0,0,0,0,0.06,0.05,0.06,0.07,380,-0.0884615384615,0,0
4656,0,2017/12/25,21:06:31,25.44,25.44,25.13,25.94,0,0,0,0,0.08,0.05,0.06,0.09,355,0.138461538462,0,0
4657,0,2018/01/10,23:29:19,25.25,25.31,24.88,25.38,0,0,0,0,0.08,0.05,0.05,0.09,345,0.0,0,0
4658,0,2017/12/23,14:33:40,25.94,27.0,25.56,26.31,15,15,73,53,0.08,0.06,0.06,0.07,605,-1.21153846154,0,0
4659,0,2017/12/25,18:22:37,25.44,25.44,25.19,26.06,0,0,0,0,0.07,0.05,0.06,0.09,355,0.0346153846154,0,0
4660,0,2017/12/22,19:45:47,26.25,26.75,26.0,26.31,0,0,0,0,0.08,0.05,0.07,0.06,1195,-2.22692307692,0,0
4661,3,2017/12/22,12:30:47,25.75,28.56,25.19,26.06,158,245,205,65,0.91,0.29,2.83,0.29,650,0.434615384615,1,1
4662,0,2017/12/23,03:11:32,25.25,25.25,24.75,25.63,0,0,0,0,0.07,0.05,0.06,0.06,365,-0.0307692307692,0,0
4663,0,2017/12/23,06:14:19,25.06,25.06,24.5,25.25,0,0,0,0,0.08,0.05,0.07,0.05,360,0.0653846153846,0,0
4664,0,2017/12/23,11:46:42,25.25,25.19,25.0,25.88,14,16,64,45,0.08,0.05,0.06,0.06,360,-0.0461538461538,0,0
4665,0,2017/12/24,01:23:39,25.38,25.38,24.94,25.75,0,0,0,0,0.07,0.06,0.06,0.07,365,0.0,0,0
4666,0,2017/12/24,01:11:54,25.38,25.44,24.94,25.69,0,0,0,0,0.06,0.05,0.06,0.06,365,-0.123076923077,0,0
4667,0,2017/12/25,18:39:28,25.44,25.44,25.19,26.06,0,0,0,0,0.08,0.05,0.06,0.11,355,0.157692307692,0,0
4668,0,2018/01/11,06:28:00,25.13,25.13,24.56,25.19,0,0,0,0,0.08,0.04,0.06,0.08,345,0.0,0,0
4669,2,2017/12/22,17:07:31,26.19,25.75,25.75,26.31,116,24,180,13,0.22,0.16,0.99,0.22,730,1.55384615385,0,1
4670,0,2017/12/25,13:34:08,25.31,25.31,25.25,26.0,15,19,67,49,0.07,0.05,0.05,0.11,355,0.0,0,0
4671,0,2017/12/23,21:55:19,25.63,25.63,25.19,25.88,0,0,0,0,0.07,0.05,0.06,0.07,525,-1.90769230769,0,0
4672,0,2017/12/25,09:35:41,25.06,25.06,24.56,25.5,8,8,40,27,0.07,0.05,0.06,0.11,355,0.0,0,0
4673,0,2017/12/23,04:07:42,25.13,25.19,24.69,25.56,0,0,0,0,0.08,0.06,0.06,0.06,360,0.0,0,0
4674,2,2017/12/23,13:33:25,25.94,25.94,25.38,26.25,161,252,81,61,1.52,0.67,0.21,0.24,475,-2.60769230769,0,0
4675,0,2017/12/25,23:33:03,25.38,25.38,25.0,25.88,0,0,0,0,0.08,0.05,0.06,0.09,355,0.0,0,0
4676,1,2017/12/22,11:15:43,25.25,24.94,24.75,25.63,123,35,59,45,0.07,0.07,0.05,0.07,420,1.06538461538,0,0
4677,0,2017/12/25,19:21:20,25.44,25.44,25.13,26.06,0,0,0,0,0.08,0.05,0.06,0.1,355,0.0653846153846,0,0
4678,0,2017/12/23,03:20:43,25.19,25.25,24.75,25.63,0,0,0,0,0.06,0.05,0.06,0.06,365,-0.0615384615385,0,0
4679,0,2017/12/24,04:51:27,25.19,25.25,24.69,25.56,0,0,0,0,0.07,0.05,0.06,0.08,360,0.0,0,0
4680,1,2017/12/23,12:47:28,25.69,25.38,25.19,26.0,124,40,75,54,0.21,0.05,0.15,0.06,380,0.126923076923,1,0
4681,0,2017/12/25,09:34:10,25.06,25.06,24.63,25.5,7,8,39,26,0.07,0.05,0.06,0.1,355,0.0,0,0
4682,0,2018/01/11,04:05:02,25.13,25.19,24.63,25.25,0,0,0,0,0.08,0.05,0.05,0.08,345,0.0,0,0
4683,0,2017/12/26,00:37:23,25.38,25.38,24.94,25.81,0,0,0,0,0.08,0.04,0.06,0.1,355,0.0,0,0
4684,0,2017/12/25,14:18:03,25.38,25.38,25.31,26.06,19,24,85,59,0.08,0.05,0.06,0.1,355,0.0,0,0
4685,0,2017/12/24,00:39:13,25.38,25.44,24.94,25.75,0,0,0,0,0.06,0.05,0.06,0.06,370,-0.0115384615385,0,0
4686,2,2017/12/22,11:40:14,25.44,25.5,24.88,25.75,155,237,69,54,0.63,0.36,0.18,0.13,480,0.957692307692,0,1
4687,0,2017/12/25,16:29:16,25.44,25.44,25.38,26.19,4,5,24,17,0.07,0.05,0.06,0.11,355,0.180769230769,0,0
4688,0,2017/12/25,13:08:06,25.31,25.31,25.19,25.94,17,20,74,53,0.08,0.05,0.06,0.1,355,0.0,0,0
4689,0,2017/12/22,19:40:10,26.31,27.06,26.0,26.38,0,0,0,0,0.07,0.05,0.06,0.06,1240,1.62692307692,0,0
4690,0,2017/12/23,08:03:04,25.06,25.06,24.44,25.31,5,5,24,16,0.07,0.05,0.06,0.06,360,0.0923076923077,0,0
4691,0,2017/12/23,09:22:13,25.0,25.06,24.63,25.31,7,7,36,24,0.08,0.05,0.06,0.06,360,-0.0461538461538,0,0
4692,0,2017/12/24,08:48:22,25.13,25.13,24.63,25.38,6,7,35,23,0.07,0.05,0.06,0.07,360,0.0,0,0
4693,0,2017/12/25,16:47:39,25.44,25.5,25.38,26.13,3,3,14,10,0.07,0.05,0.07,0.09,350,-0.0115384615385,0,0
4694,0,2018/01/10,19:49:16,25.56,25.5,25.19,25.63,0,0,0,0,0.07,0.05,0.05,0.09,475,-0.853846153846,0,0
4695,0,2017/12/25,19:43:48,25.5,25.5,25.13,26.0,0,0,0,0,0.09,0.04,0.07,0.1,355,0.115384615385,0,0
4696,1,2017/12/23,16:20:23,26.06,26.81,25.5,26.31,118,21,27,20,1.2,0.08,0.07,0.07,515,1.74615384615,0,0
4697,0,2018/01/11,00:59:42,25.19,25.25,24.81,25.31,0,0,0,0,0.07,0.05,0.05,0.08,345,0.0,0,0
4698,0,2017/12/25,12:57:22,25.25,25.31,25.19,25.88,17,20,73,53,0.07,0.05,0.06,0.1,355,0.0,0,0
4699,0,2017/12/26,02:45:02,25.31,25.31,24.88,25.69,0,0,0,0,0.07,0.05,0.06,0.09,355,0.0,0,0
4700,0,2017/12/22,21:12:05,25.69,25.81,25.38,25.94,0,0,0,0,0.07,0.05,0.05,0.05,680,-2.14615384615,0,0
4701,0,2017/12/25,19:42:16,25.44,25.5,25.13,26.0,0,0,0,0,0.08,0.05,0.07,0.1,355,0.0692307692308,0,0
4702,0,2017/12/24,02:55:33,25.31,25.31,24.81,25.63,0,0,0,0,0.06,0.05,0.06,0.06,360,0.00384615384615,0,0
4703,0,2017/12/25,15:52:30,25.44,25.44,25.44,26.13,8,10,41,30,0.08,0.06,0.07,0.1,355,0.0,0,0
4704,0,2017/12/23,23:57:21,25.38,25.44,24.94,25.69,0,0,0,0,0.07,0.05,0.06,0.06,370,-0.292307692308,0,0
4705,0,2017/12/24,07:00:07,25.13,25.13,24.5,25.44,0,0,3,2,0.07,0.05,0.06,0.07,355,0.00384615384615,0,0
4706,0,2017/12/22,23:06:27,25.5,25.5,25.06,25.81,0,0,0,0,0.06,0.05,0.06,0.06,390,0.0,0,0
4707,0,2018/01/11,00:00:28,25.25,25.25,24.88,25.38,0,0,0,0,0.08,0.05,0.06,0.08,345,0.0,0,0
4708,0,2017/12/23,21:30:49,25.69,25.69,25.31,25.88,0,0,0,0,0.07,0.07,0.08,0.06,615,-2.62307692308,0,0
4709,0,2017/12/24,04:43:17,25.19,25.25,24.75,25.56,0,0,0,0,0.07,0.05,0.06,0.06,360,0.0,0,0
4710,0,2017/12/26,07:29:56,25.06,25.06,24.56,25.19,2,2,11,7,0.08,0.05,0.06,0.1,350,0.0,0,0
4711,0,2017/12/23,00:58:16,25.38,25.38,24.94,25.81,0,0,0,0,0.06,0.06,0.06,0.06,370,-0.126923076923,0,0
4712,0,2017/12/22,22:23:03,25.56,25.56,25.19,25.81,0,0,0,0,0.07,0.05,0.06,0.07,450,-1.04615384615,0,0
4713,0,2017/12/23,20:53:33,25.88,25.75,25.5,26.06,0,0,0,0,0.06,0.05,0.06,0.06,765,-2.45,0,0
4714,0,2017/12/23,05:09:59,25.13,25.13,24.56,25.5,0,0,0,0,0.08,0.05,0.07,0.05,360,0.0,0,0
4715,0,2018/01/11,03:20:06,25.19,25.19,24.69,25.31,0,0,0,0,0.07,0.05,0.05,0.08,345,0.0,0,0
4716,2,2017/12/22,12:20:03,25.69,28.13,25.13,26.06,156,244,80,62,0.62,0.12,0.24,0.07,635,1.40769230769,1,0
4717,0,2017/12/23,08:10:44,25.06,25.06,24.44,25.31,5,5,26,18,0.08,0.05,0.06,0.06,360,0.0884615384615,0,0
4718,0,2017/12/22,21:38:07,25.63,25.69,25.31,25.88,0,0,0,0,0.07,0.05,0.05,0.06,590,-1.76538461538,0,0
4719,0,2017/12/23,20:37:43,25.94,25.81,25.56,26.06,0,0,0,0,0.07,0.05,0.06,0.07,830,-1.73461538462,0,0
4720,0,2017/12/23,06:50:04,25.06,25.06,24.44,25.31,0,0,1,1,0.08,0.05,0.05,0.06,355,0.0307692307692,0,0
4721,0,2017/12/23,01:04:24,25.38,25.38,24.88,25.75,0,0,0,0,0.06,0.05,0.06,0.06,370,-0.246153846154,0,0
4722,0,2017/12/25,21:14:41,25.38,25.44,25.06,25.88,0,0,0,0,0.08,0.04,0.07,0.09,350,-0.0192307692308,0,0
4723,0,2017/12/22,21:03:55,25.75,25.81,25.38,25.94,0,0,0,0,0.07,0.04,0.06,0.06,715,-2.17307692308,0,0
4724,0,2018/01/10,21:28:50,25.38,25.38,25.06,25.5,0,0,0,0,0.08,0.05,0.06,0.09,365,-0.0461538461538,0,0
4725,0,2017/12/24,05:01:40,25.25,25.25,24.63,25.56,0,0,0,0,0.07,0.05,0.07,0.06,360,0.0,0,0
4726,2,2017/12/22,11:34:37,25.38,25.44,24.88,25.75,157,240,69,54,2.49,0.67,0.2,0.12,450,0.361538461538,1,0
4727,0,2017/12/25,11:26:29,25.19,25.19,24.88,25.81,13,14,57,41,0.08,0.05,0.06,0.1,355,0.0,0,0
4728,2,2017/12/22,17:33:02,26.19,25.81,25.88,26.25,116,24,177,9,0.61,0.11,0.13,0.1,810,1.76153846154,0,1
4729,0,2018/01/11,06:05:32,25.13,25.13,24.56,25.19,0,0,0,0,0.08,0.05,0.05,0.08,345,0.0,0,0
4730,0,2018/01/11,02:36:42,25.19,25.19,24.69,25.31,0,0,0,0,0.08,0.04,0.06,0.09,345,0.0,0,0
4731,2,2018/01/10,17:24:46,25.94,26.19,25.88,25.94,147,232,173,20,0.28,0.35,0.6,0.13,810,-0.415384615385,1,1
4732,1,2017/12/22,10:53:46,25.0,24.81,24.56,25.5,122,35,56,43,0.09,0.05,0.06,0.13,390,-0.1,0,0
4733,0,2017/12/23,08:16:51,25.06,25.06,24.44,25.38,5,5,28,19,0.08,0.05,0.05,0.06,360,0.0423076923077,0,0
4734,0,2017/12/23,08:25:02,25.06,25.06,24.44,25.31,5,5,29,20,0.08,0.05,0.06,0.06,360,0.0,0,0
4735,0,2017/12/24,00:26:27,25.44,25.44,24.94,25.69,0,0,0,0,0.06,0.04,0.07,0.06,370,0.0,0,0
4736,0,2017/12/26,07:54:57,25.06,25.06,24.56,25.13,4,4,20,14,0.08,0.05,0.08,0.1,350,0.0,0,0
4737,0,2017/12/24,00:55:34,25.44,25.44,24.94,25.75,0,0,0,0,0.07,0.05,0.07,0.06,365,-0.165384615385,0,0
4738,0,2017/12/24,05:05:45,25.19,25.25,24.63,25.56,0,0,0,0,0.07,0.05,0.06,0.06,355,-0.0461538461538,0,0
4739,0,2018/01/11,02:36:12,25.19,25.19,24.75,25.25,0,0,0,0,0.07,0.05,0.05,0.08,345,0.0,0,0
4740,0,2017/12/25,21:36:08,25.38,25.44,25.06,25.88,0,0,0,0,0.08,0.04,0.07,0.11,355,0.2,0,0
4741,0,2017/12/23,22:45:52,25.56,25.56,25.06,25.69,0,0,0,0,0.07,0.05,0.07,0.06,390,-0.0730769230769,0,0
4742,0,2018/01/11,06:14:44,25.13,25.06,24.56,25.19,0,0,0,0,0.07,0.04,0.05,0.08,345,0.0,0,0
4743,0,2017/12/24,01:08:50,25.38,25.44,24.94,25.75,0,0,0,0,0.07,0.05,0.06,0.06,365,-0.0961538461538,0,0
4744,0,2018/01/11,03:47:41,25.19,25.19,24.69,25.31,0,0,0,0,0.07,0.04,0.05,0.08,345,0.0,0,0
4745,0,2017/12/23,07:53:53,25.06,25.0,24.44,25.38,4,4,20,14,0.08,0.05,0.06,0.06,355,0.0346153846154,0,0
4746,1,2017/12/23,12:26:32,25.63,25.31,25.13,25.94,123,37,69,49,1.19,0.37,0.19,0.15,375,0.0461538461538,1,0
4747,1,2017/12/22,11:10:37,25.19,24.94,24.69,25.63,123,35,59,45,0.08,0.26,0.21,0.07,420,1.21538461538,0,0
4748,1,2017/12/23,12:09:10,25.5,25.31,25.06,25.88,124,37,70,50,0.44,0.19,0.14,0.1,365,0.296153846154,1,0
4749,0,2017/12/23,00:22:01,25.38,25.44,24.94,25.75,0,0,0,0,0.07,0.05,0.06,0.06,375,-0.188461538462,0,0
4750,0,2017/12/23,08:34:44,25.0,25.0,24.5,25.25,5,6,31,21,0.08,0.05,0.07,0.06,360,0.0,0,0
4751,0,2017/12/24,04:47:53,25.19,25.25,24.69,25.63,0,0,0,0,0.07,0.05,0.06,0.07,360,0.0,0,0
4752,1,2017/12/22,15:33:03,25.94,25.88,25.63,26.31,120,34,70,44,1.71,0.63,0.07,0.3,580,-1.28461538462,0,0
4753,0,2017/12/24,08:48:52,25.13,25.13,24.63,25.38,6,7,35,22,0.07,0.05,0.06,0.06,355,-0.0461538461538,0,0
4754,0,2017/12/25,11:49:28,25.19,25.19,25.0,25.94,14,16,65,45,0.09,0.05,0.06,0.1,355,0.0,0,0
4755,0,2017/12/23,20:44:52,25.88,25.81,25.5,26.06,0,0,0,0,0.06,0.06,0.06,0.07,805,-1.65,0,0
4756,1,2017/12/23,12:35:13,25.63,25.38,25.19,26.0,124,39,71,52,0.08,0.05,0.06,0.06,375,0.242307692308,0,0
4757,2,2017/12/22,11:41:46,25.44,25.56,24.94,25.75,155,237,71,55,0.43,0.36,0.21,0.11,500,1.70769230769,1,1
4758,0,2017/12/22,14:37:55,26.0,26.25,25.88,26.38,17,21,92,56,0.07,0.05,0.06,0.07,840,-6.29615384615,0,0
4759,0,2017/12/25,19:39:43,25.44,25.44,25.13,25.94,0,0,0,0,0.08,0.05,0.06,0.1,350,-0.176923076923,0,0
4760,0,2017/12/23,09:32:25,25.06,25.06,24.63,25.31,7,7,37,24,0.08,0.05,0.08,0.06,360,0.0384615384615,0,0
4761,2,2018/01/10,17:38:03,25.94,26.25,25.88,25.94,143,227,8,8,0.67,0.8,0.28,0.14,830,0.196153846154,1,1
4762,0,2017/12/22,23:44:45,25.44,25.44,25.0,25.81,0,0,0,0,0.08,0.05,0.06,0.06,380,-0.261538461538,0,0
4763,0,2017/12/23,04:47:31,25.19,25.19,24.63,25.44,0,0,0,0,0.08,0.06,0.06,0.06,360,0.0,0,0
4764,0,2017/12/26,02:03:10,25.31,25.38,24.94,25.75,0,0,0,0,0.07,0.05,0.07,0.1,355,0.0,0,0
4765,0,2017/12/24,02:05:00,25.38,25.38,24.81,25.75,0,0,0,0,0.06,0.06,0.06,0.06,365,0.0,0,0
4766,1,2017/12/23,11:49:46,25.25,25.31,24.94,25.81,108,34,64,45,1.19,0.41,0.48,0.34,360,-0.0230769230769,1,1
4767,0,2017/12/23,00:03:07,25.38,25.44,25.0,25.81,0,0,0,0,0.11,0.11,0.11,0.06,380,0.0,0,0
4768,0,2017/12/23,05:53:23,25.13,25.13,24.5,25.31,0,0,0,0,0.07,0.05,0.06,0.05,360,-0.0269230769231,0,0
4769,0,2017/12/26,02:38:23,25.31,25.31,24.88,25.75,0,0,0,0,0.07,0.06,0.06,0.1,355,0.0,0,0
4770,0,2017/12/24,07:48:37,25.06,25.13,24.56,25.38,3,4,19,13,0.07,0.05,0.07,0.06,355,0.0346153846154,0,0
4771,0,2017/12/23,04:36:48,25.19,25.19,24.56,25.44,0,0,0,0,0.07,0.05,0.06,0.06,360,0.0,0,0
4772,0,2017/12/25,10:12:58,25.06,25.06,24.69,25.69,9,10,45,31,0.08,0.06,0.06,0.09,355,0.0,0,0
4773,0,2017/12/23,22:59:09,25.5,25.5,25.06,25.69,0,0,0,0,0.07,0.05,0.07,0.06,385,0.0,0,0
4774,0,2017/12/25,12:29:48,25.25,25.25,25.06,25.88,17,20,74,53,0.08,0.05,0.06,0.09,355,0.0,0,0
4775,2,2017/12/23,13:42:37,26.0,26.0,25.38,26.25,161,252,81,61,0.42,0.97,0.89,0.23,555,5.10769230769,0,0
4776,0,2018/01/10,21:42:06,25.38,25.38,25.06,25.5,0,0,0,0,0.08,0.05,0.06,0.09,365,0.0,0,0
4777,2,2017/12/22,17:01:23,26.19,25.75,25.75,26.31,116,25,183,14,1.46,1.69,2.79,0.22,715,1.92307692308,1,1
4778,0,2017/12/23,22:31:34,25.56,25.56,25.13,25.69,0,0,0,0,0.06,0.05,0.06,0.05,400,-1.44230769231,0,0
4779,0,2018/01/11,02:39:16,25.19,25.19,24.69,25.25,0,0,0,0,0.07,0.04,0.06,0.09,345,0.0,0,0
4780,1,2017/12/23,12:12:14,25.5,25.31,25.06,25.88,122,36,66,47,0.63,0.28,0.13,0.12,365,0.261538461538,0,0
4781,2,2017/12/22,12:07:18,25.63,27.31,25.06,25.94,157,244,76,59,0.88,0.12,0.08,0.11,595,1.41153846154,1,0
4782,3,2018/01/10,15:47:15,25.63,26.25,25.5,25.69,10,10,53,32,0.31,0.25,0.12,0.09,380,0.496153846154,0,1
4783,2,2017/12/22,16:35:21,26.13,25.75,25.63,26.25,117,28,200,24,0.73,0.63,2.7,0.63,625,0.134615384615,0,0
4784,0,2018/01/11,04:05:33,25.19,25.19,24.69,25.25,0,0,0,0,0.09,0.05,0.05,0.09,345,0.0,0,0
4785,0,2017/12/23,03:45:14,25.25,25.25,24.69,25.5,0,0,0,0,0.08,0.06,0.06,0.05,360,-0.203846153846,0,0
4786,2,2017/12/23,13:33:56,25.94,26.0,25.38,26.25,161,252,81,61,1.15,0.89,0.34,0.21,475,-2.43846153846,1,0
4787,0,2017/12/23,09:57:57,25.06,25.06,24.69,25.44,8,9,42,29,0.08,0.07,0.09,0.05,355,-0.215384615385,0,0
4788,2,2017/12/23,13:43:07,26.0,26.0,25.44,26.25,161,252,82,61,0.92,1.43,0.25,0.47,560,5.13846153846,0,1
4789,0,2017/12/24,05:11:52,25.19,25.25,24.63,25.5,0,0,0,0,0.07,0.05,0.06,0.07,360,7.69801162017e-19,0,0
4790,0,2018/01/11,01:07:21,25.19,25.25,24.75,25.25,0,0,0,0,0.08,0.04,0.05,0.09,345,0.0,0,0
4791,0,2018/01/11,06:07:04,25.13,25.06,24.56,25.19,0,0,0,0,0.08,0.04,0.05,0.08,345,0.0,0,0
4792,0,2017/12/23,08:41:22,25.06,25.0,24.56,25.38,6,6,31,21,0.07,0.05,0.06,0.06,360,0.0,0,0
4793,0,2017/12/24,02:24:24,25.31,25.38,24.81,25.75,0,0,0,0,0.07,0.05,0.06,0.06,360,-0.0461538461538,0,0
4794,0,2017/12/23,01:19:12,25.31,25.38,24.88,25.75,0,0,0,0,0.07,0.05,0.06,0.06,370,0.0,0,0
4795,2,2017/12/22,17:22:19,26.19,25.75,25.81,26.31,114,24,176,10,0.58,0.26,0.25,0.15,770,1.32692307692,1,1
4796,0,2017/12/23,08:42:54,25.06,25.0,24.56,25.38,6,6,32,21,0.08,0.05,0.06,0.06,360,0.0,0,0
4797,1,2017/12/23,12:08:09,25.5,25.31,25.06,25.88,124,37,71,51,0.18,0.08,0.06,0.06,365,0.276923076923,1,0
4798,0,2017/12/26,01:20:47,25.38,25.38,24.94,25.81,0,0,0,0,0.08,0.05,0.06,0.1,355,0.0,0,0
4799,2,2017/12/22,17:10:35,26.19,25.75,25.75,26.31,115,24,180,12,0.53,0.51,1.09,0.36,740,1.28846153846,0,1
4800,0,2017/12/22,22:23:34,25.56,25.56,25.13,25.88,0,0,0,0,0.06,0.05,0.06,0.06,455,-0.992307692308,0,0
4801,0,2017/12/25,22:53:13,25.44,25.44,25.06,25.94,0,0,0,0,0.08,0.05,0.06,0.1,355,0.0,0,0
4802,0,2017/12/23,03:19:42,25.25,25.25,24.75,25.63,0,0,0,0,0.07,0.06,0.07,0.06,365,-0.0423076923077,0,0
4803,0,2017/12/23,20:46:54,25.88,25.75,25.5,26.06,0,0,0,0,0.06,0.05,0.06,0.06,790,-1.85769230769,0,0
4804,0,2017/12/24,01:58:22,25.38,25.38,24.88,25.75,0,0,0,0,0.06,0.05,0.06,0.05,365,0.0,0,0
4805,0,2018/01/11,06:56:36,25.06,25.06,24.56,25.25,0,0,1,0,0.08,0.04,0.05,0.09,345,0.0,0,0
4806,0,2017/12/25,17:17:46,25.44,25.44,25.31,26.13,0,0,5,4,0.08,0.05,0.07,0.1,350,0.0,0,0
4807,0,2017/12/26,00:12:53,25.38,25.44,25.0,25.81,0,0,0,0,0.07,0.05,0.06,0.09,355,0.0,0,0
4808,0,2017/12/22,22:24:35,25.56,25.56,25.13,25.88,0,0,0,0,0.06,0.05,0.06,0.06,450,-0.965384615385,0,0
4809,0,2017/12/26,01:59:05,25.31,25.38,24.88,25.81,0,0,0,0,0.08,0.04,0.07,0.1,355,0.0,0,0
4810,0,2018/01/11,04:00:57,25.13,25.19,24.69,25.25,0,0,0,0,0.08,0.05,0.05,0.09,345,0.0,0,0
4811,0,2017/12/24,05:23:37,25.19,25.19,24.63,25.56,0,0,0,0,0.07,0.05,0.06,0.07,360,0.0,0,0
4812,0,2017/12/24,00:22:53,25.44,25.44,24.94,25.69,0,0,0,0,0.07,0.04,0.06,0.06,370,0.0,0,0
4813,3,2018/01/10,16:21:27,25.75,26.06,25.69,25.88,5,7,36,22,0.08,0.06,0.36,0.15,570,3.80384615385,0,1
4814,0,2017/12/25,21:56:33,25.38,25.44,25.06,25.94,0,0,0,0,0.07,0.05,0.06,0.09,355,-0.0269230769231,0,0
4815,2,2017/12/23,17:00:12,26.13,25.81,25.63,26.31,118,24,192,14,0.41,0.09,0.08,0.1,625,2.14615384615,0,0
4816,0,2017/12/25,13:13:43,25.31,25.31,25.19,25.94,17,20,75,54,0.13,0.1,0.08,0.1,355,0.0,0,0
4817,1,2017/12/23,12:30:37,25.63,25.38,25.13,25.94,123,37,68,49,1.13,0.36,0.22,0.18,375,0.276923076923,0,0
4818,0,2017/12/23,07:56:26,25.06,25.0,24.44,25.44,4,4,21,15,0.08,0.05,0.07,0.06,360,0.0769230769231,0,0
4819,2,2017/12/22,13:36:08,26.06,27.38,25.94,26.25,165,255,278,72,0.61,0.3,3.0,0.45,860,0.269230769231,1,1
4820,0,2017/12/22,14:54:46,25.94,26.06,25.75,26.31,15,20,89,54,0.07,0.05,0.07,0.06,750,-3.64615384615,0,0
4821,0,2017/12/23,00:17:56,25.38,25.44,25.0,25.75,0,0,0,0,0.06,0.05,0.05,0.06,375,-0.296153846154,0,0
4822,0,2017/12/23,06:02:34,25.13,25.13,24.5,25.25,0,0,0,0,0.08,0.04,0.06,0.06,355,-0.00769230769231,0,0
4823,0,2017/12/23,10:16:20,25.13,25.13,24.75,25.69,9,10,45,30,0.08,0.05,0.07,0.05,360,0.134615384615,0,0
4824,0,2017/12/24,02:35:38,25.31,25.31,24.81,25.69,0,0,0,0,0.06,0.05,0.06,0.06,365,0.0115384615385,0,0
4825,0,2017/12/23,06:38:50,25.06,25.06,24.44,25.38,0,0,0,0,0.08,0.05,0.06,0.07,355,0.0,0,0
4826,0,2017/12/23,00:11:18,25.38,25.44,24.94,25.75,0,0,0,0,0.06,0.05,0.06,0.06,380,0.0,0,0
4827,0,2017/12/25,12:24:42,25.19,25.25,25.06,26.0,16,19,70,49,0.08,0.06,0.06,0.1,355,0.0,0,0
4828,0,2017/12/23,23:33:21,25.44,25.44,25.0,25.63,0,0,0,0,0.06,0.05,0.06,0.06,375,-0.126923076923,0,0
4829,0,2017/12/23,08:20:57,25.06,25.06,24.5,25.31,5,5,29,20,0.07,0.05,0.06,0.06,360,0.0,0,0
4830,0,2017/12/25,13:25:58,25.31,25.31,25.19,26.0,17,20,73,53,0.08,0.05,0.07,0.1,355,0.0,0,0
4831,0,2018/01/11,00:16:18,25.25,25.31,24.81,25.38,0,0,0,0,0.07,0.06,0.05,0.09,345,0.0,0,0
4832,0,2017/12/23,14:31:38,25.94,26.94,25.5,26.31,14,14,69,49,0.07,0.05,0.06,0.07,610,-0.488461538462,0,0
4833,0,2017/12/23,05:14:35,25.19,25.19,24.56,25.5,0,0,0,0,0.08,0.05,0.05,0.06,360,0.0,0,0
4834,1,2017/12/23,16:12:43,26.06,26.75,25.5,26.31,118,22,32,22,2.3,0.12,0.14,0.12,490,0.8,0,0
4835,0,2017/12/25,18:49:40,25.44,25.44,25.19,26.0,0,0,0,0,0.08,0.05,0.06,0.1,350,-0.142307692308,0,0
4836,0,2017/12/23,07:16:06,25.06,25.0,24.44,25.31,1,1,7,5,0.08,0.05,0.05,0.06,355,0.0,0,0
4837,0,2018/01/10,22:28:03,25.31,25.38,25.0,25.44,0,0,0,0,0.07,0.05,0.06,0.08,355,0.0,0,0
4838,0,2017/12/25,12:56:21,25.25,25.31,25.19,25.94,17,20,73,53,0.08,0.06,0.06,0.1,355,0.0,0,0
4839,0,2017/12/23,19:59:56,26.13,26.0,25.81,26.25,0,0,0,0,0.07,0.05,0.07,0.06,1015,0.342307692308,0,0
4840,0,2017/12/23,02:19:58,25.31,25.31,24.81,25.63,0,0,0,0,0.07,0.05,0.06,0.06,365,-0.103846153846,0,0
4841,1,2017/12/23,12:16:50,25.56,25.31,25.06,25.94,122,36,66,48,0.47,0.19,0.14,0.11,370,0.253846153846,1,0
4842,0,2017/12/23,02:03:37,25.31,25.31,24.81,25.69,0,0,0,0,0.07,0.05,0.07,0.07,365,-0.238461538462,0,0
4843,0,2017/12/23,05:56:57,25.13,25.13,24.56,25.31,0,0,0,0,0.08,0.05,0.07,0.05,360,0.0153846153846,0,0
4844,0,2017/12/24,01:59:23,25.38,25.38,24.88,25.75,0,0,0,0,0.07,0.05,0.06,0.06,365,0.0,0,0
4845,0,2017/12/22,22:57:16,25.44,25.5,25.06,25.88,0,0,0,0,0.06,0.04,0.06,0.06,390,-1.02307692308,0,0
4846,1,2017/12/23,15:31:53,25.81,26.81,25.5,26.31,120,26,48,35,0.37,0.1,0.1,0.07,415,-1.85769230769,0,0
4847,0,2017/12/23,21:31:20,25.69,25.69,25.31,25.88,0,0,0,0,0.07,0.05,0.06,0.06,615,-2.68461538462,0,0
4848,0,2017/12/24,03:15:58,25.31,25.31,24.81,25.63,0,0,0,0,0.06,0.05,0.06,0.06,360,-0.0115384615385,0,0
4849,0,2017/12/26,00:34:19,25.38,25.38,24.94,25.81,0,0,0,0,0.07,0.05,0.07,0.1,355,0.0,0,0
4850,0,2017/12/25,23:07:31,25.44,25.38,25.0,25.94,0,0,0,0,0.08,0.05,0.07,0.11,355,0.0,0,0
4851,2,2017/12/23,19:46:39,26.25,26.13,25.94,26.25,115,19,180,7,1.64,0.53,1.61,0.33,1005,-0.576923076923,1,1
4852,0,2018/01/10,19:45:11,25.56,25.56,25.25,25.63,0,0,0,0,0.07,0.04,0.05,0.08,475,-1.25769230769,0,0
4853,0,2017/12/22,21:40:40,25.63,25.69,25.31,25.88,0,0,0,0,0.07,0.05,0.06,0.06,575,-1.81923076923,0,0
4854,0,2017/12/23,23:15:29,25.44,25.5,25.06,25.56,0,0,0,0,0.06,0.05,0.05,0.06,380,-0.0461538461538,0,0
4855,0,2018/01/10,20:16:19,25.5,25.44,25.13,25.56,0,0,0,0,0.07,0.05,0.06,0.08,395,-1.66923076923,0,0
4856,0,2017/12/23,10:40:51,25.13,25.13,24.75,25.75,10,11,49,35,0.08,0.05,0.07,0.06,355,-0.0230769230769,0,0
4857,3,2017/12/22,19:21:48,26.38,27.94,26.13,26.5,142,227,171,10,0.46,0.64,2.58,0.55,1225,0.603846153846,1,1
4858,0,2017/12/23,09:29:22,25.06,25.06,24.63,25.31,7,7,37,24,0.12,0.09,0.07,0.06,360,0.0615384615385,0,0
4859,0,2017/12/22,23:25:20,25.5,25.5,25.0,25.75,0,0,0,0,0.07,0.04,0.08,0.07,385,-0.184615384615,0,0
4860,1,2017/12/22,15:50:56,26.0,25.81,25.63,26.25,119,31,61,38,0.17,0.17,0.07,0.1,585,0.15,0,0
4861,0,2017/12/23,08:05:37,25.06,25.0,24.5,25.38,5,5,24,17,0.08,0.05,0.06,0.06,360,0.196153846154,0,0
4862,0,2017/12/24,04:31:02,25.25,25.25,24.69,25.56,0,0,0,0,0.07,0.05,0.06,0.05,360,0.0,0,0
4863,1,2017/12/22,16:13:24,26.06,25.75,25.56,26.31,117,28,47,28,0.08,0.05,0.07,0.06,615,0.757692307692,0,0
4864,0,2018/01/11,06:08:05,25.13,25.13,24.56,25.19,0,0,0,0,0.08,0.04,0.05,0.08,345,0.0,0,0
4865,0,2018/01/11,03:55:51,25.19,25.13,24.69,25.25,0,0,0,0,0.08,0.04,0.05,0.08,345,0.0,0,0
4866,0,2018/01/11,04:38:44,25.13,25.13,24.69,25.25,0,0,0,0,0.08,0.04,0.06,0.08,345,0.0,0,0
4867,3,2018/01/10,15:37:33,25.56,26.13,25.44,25.69,10,10,52,32,0.39,0.44,0.16,0.09,370,0.184615384615,1,1
4868,1,2017/12/23,16:10:10,26.0,26.81,25.5,26.31,119,22,33,23,0.18,0.06,0.06,0.06,485,0.75,0,0
4869,2,2017/12/23,19:23:41,26.25,26.19,26.0,26.31,114,19,180,7,0.84,0.24,0.57,0.17,1025,-0.546153846154,0,0
4870,0,2017/12/23,05:35:31,25.13,25.13,24.56,25.25,0,0,0,0,0.08,0.05,0.06,0.06,360,0.0,0,0
4871,0,2018/01/10,20:26:01,25.5,25.5,25.19,25.63,0,0,0,0,0.07,0.05,0.06,0.08,385,-0.219230769231,0,0
4872,0,2018/01/10,21:58:26,25.31,25.38,25.0,25.5,0,0,0,0,0.07,0.05,0.06,0.08,360,0.0,0,0
4873,0,2017/12/23,01:53:55,25.31,25.31,24.88,25.69,0,0,0,0,0.06,0.05,0.06,0.05,370,0.0,0,0
4874,0,2017/12/23,09:31:55,25.06,25.06,24.63,25.31,7,7,37,24,0.08,0.05,0.07,0.06,360,0.0346153846154,0,0
4875,0,2018/01/10,22:47:58,25.31,25.31,24.94,25.44,0,0,0,0,0.07,0.05,0.06,0.09,350,0.0,0,0
4876,0,2017/12/23,10:13:16,25.13,25.13,24.75,25.63,10,10,45,31,0.09,0.06,0.06,0.05,355,0.0269230769231,0,0
4877,0,2018/01/11,08:35:08,25.13,25.06,24.63,25.13,6,7,32,21,0.07,0.04,0.05,0.08,345,0.0,0,0
4878,0,2017/12/23,23:48:40,25.44,25.44,25.0,25.56,0,0,0,0,0.06,0.04,0.06,0.07,375,0.0,0,0
4879,0,2018/01/10,19:45:41,25.56,25.56,25.19,25.63,0,0,0,0,0.07,0.05,0.05,0.1,485,-1.13461538462,0,0
4880,1,2017/12/22,15:55:31,26.0,25.75,25.63,26.38,119,30,55,35,0.15,0.06,0.05,0.07,600,1.47307692308,0,0
4881,0,2017/12/25,20:29:14,25.44,25.44,25.13,25.94,0,0,0,0,0.07,0.05,0.06,0.11,350,-0.0730769230769,0,0
4882,0,2017/12/25,17:18:17,25.44,25.44,25.25,26.19,0,0,5,4,0.07,0.05,0.06,0.1,350,0.0,0,0
4883,0,2017/12/25,11:21:23,25.19,25.19,24.94,25.81,12,14,54,39,0.08,0.05,0.06,0.1,355,0.0,0,0
4884,0,2018/01/10,20:42:22,25.5,25.44,25.13,25.63,0,0,0,0,0.07,0.05,0.05,0.09,380,-0.219230769231,0,0
4885,0,2017/12/24,05:12:23,25.19,25.25,24.63,25.5,0,0,0,0,0.07,0.05,0.06,0.06,360,0.00384615384615,0,0
4886,0,2018/01/11,00:20:23,25.19,25.25,24.81,25.38,0,0,0,0,0.07,0.05,0.06,0.1,345,0.0,0,0
4887,0,2017/12/23,00:15:53,25.38,25.38,24.94,25.81,0,0,0,0,0.06,0.05,0.07,0.07,375,-0.242307692308,0,0
4888,0,2018/01/11,00:28:33,25.25,25.25,24.81,25.31,0,0,0,0,0.07,0.05,0.06,0.08,345,0.0,0,0
4889,0,2017/12/24,00:06:02,25.44,25.44,24.94,25.63,0,0,0,0,0.07,0.04,0.06,0.07,370,0.0,0,0
4890,3,2017/12/22,13:12:39,25.94,28.19,25.56,26.13,162,247,227,70,3.3,2.98,3.66,2.43,840,8.44615384615,1,1
4891,0,2017/12/26,01:46:19,25.31,25.38,24.94,25.81,0,0,0,0,0.07,0.05,0.06,0.11,355,0.0,0,0
4892,0,2018/01/10,23:22:11,25.25,25.31,24.94,25.44,0,0,0,0,0.07,0.04,0.05,0.08,345,0.0,0,0
4893,0,2017/12/23,08:58:44,25.0,25.06,24.56,25.31,6,6,32,21,0.07,0.06,0.06,0.06,360,0.0,0,0
4894,3,2018/01/10,16:55:09,25.88,26.06,25.75,25.94,3,3,13,11,0.11,0.05,0.16,0.11,755,2.80384615385,1,1
4895,0,2017/12/23,00:50:06,25.31,25.38,24.88,25.75,0,0,0,0,0.06,0.05,0.06,0.06,375,0.0,0,0
4896,0,2018/01/11,05:41:32,25.19,25.13,24.63,25.19,0,0,0,0,0.08,0.05,0.05,0.08,345,0.0,0,0
4897,0,2018/01/10,20:48:29,25.44,25.44,25.13,25.56,0,0,0,0,0.07,0.05,0.05,0.08,380,-0.242307692308,0,0
4898,3,2017/12/22,12:42:31,25.81,28.81,25.38,26.06,160,247,221,66,0.71,0.37,0.88,0.21,695,2.29230769231,1,1
4899,0,2017/12/25,19:10:06,25.44,25.44,25.13,26.0,0,0,0,0,0.07,0.06,0.06,0.1,355,0.0346153846154,0,0
4900,0,2017/12/25,17:35:08,25.44,25.44,25.25,26.19,0,0,2,1,0.07,0.05,0.06,0.1,355,0.0461538461538,0,0
4901,0,2018/01/11,07:55:19,25.06,25.06,24.56,25.13,4,4,20,14,0.08,0.04,0.05,0.09,345,0.0,0,0
4902,0,2017/12/26,02:07:15,25.38,25.38,24.94,25.75,0,0,0,0,0.08,0.06,0.06,0.09,355,0.0,0,0
4903,0,2017/12/25,17:27:28,25.44,25.44,25.25,26.13,0,0,3,2,0.08,0.06,0.06,0.1,350,0.0,0,0
4904,0,2017/12/23,08:00:01,25.06,25.06,24.44,25.31,4,5,23,15,0.08,0.05,0.06,0.06,355,0.0192307692308,0,0
4905,0,2018/01/11,01:55:21,25.13,25.25,24.75,25.31,0,0,0,0,0.07,0.05,0.06,0.09,345,0.0,0,0
4906,0,2017/12/23,00:44:29,25.38,25.38,24.94,25.75,0,0,0,0,0.06,0.05,0.06,0.05,375,0.0,0,0
4907,3,2017/12/22,19:36:05,26.38,27.56,26.13,26.38,0,228,180,0,1.58,1.23,0.8,0.65,1265,2.20384615385,1,1
4908,0,2017/12/25,23:41:44,25.38,25.38,25.0,25.88,0,0,0,0,0.07,0.05,0.05,0.09,355,0.0,0,0
4909,0,2017/12/26,08:24:03,25.06,25.06,24.63,25.19,5,5,29,20,0.07,0.05,0.06,0.11,350,0.0,0,0
4910,0,2017/12/23,03:16:07,25.25,25.25,24.75,25.63,0,0,0,0,0.08,0.05,0.06,0.05,365,7.69801162017e-19,0,0
4911,0,2017/12/26,02:38:54,25.31,25.31,24.88,25.75,0,0,0,0,0.07,0.05,0.06,0.09,355,0.0,0,0
4912,0,2018/01/10,20:53:05,25.44,25.44,25.06,25.63,0,0,0,0,0.07,0.04,0.05,0.08,380,0.0,0,0
4913,0,2017/12/24,01:35:23,25.38,25.38,24.88,25.75,0,0,0,0,0.06,0.05,0.06,0.06,365,0.0,0,0
4914,1,2017/12/23,15:56:54,26.0,26.81,25.5,26.31,119,24,40,29,0.64,0.17,0.1,0.13,450,1.37692307692,0,0
4915,3,2018/01/10,16:19:25,25.75,26.06,25.69,25.81,6,7,36,23,0.31,0.47,0.5,0.45,560,3.58846153846,1,1
4916,0,2017/12/23,22:59:39,25.5,25.5,25.06,25.63,0,0,0,0,0.07,0.05,0.06,0.05,380,-0.0461538461538,0,0
4917,0,2018/01/10,21:05:51,25.44,25.44,25.06,25.56,0,0,0,0,0.07,0.05,0.06,0.09,375,-0.176923076923,0,0
4918,0,2017/12/25,20:16:28,25.44,25.5,25.13,26.06,0,0,0,0,0.08,0.04,0.06,0.11,350,-0.126923076923,0,0
4919,3,2017/12/22,19:21:17,26.38,28.06,26.13,26.5,142,226,171,10,1.26,1.31,0.8,0.34,1220,0.415384615385,0,1
4920,0,2017/12/25,22:57:49,25.38,25.38,25.0,25.94,0,0,0,0,0.08,0.05,0.05,0.09,355,0.0,0,0
4921,3,2017/12/23,18:22:25,26.25,26.31,25.94,26.38,150,234,185,10,0.22,0.75,0.28,0.15,970,1.91538461538,0,1
4922,0,2017/12/25,23:13:39,25.38,25.44,25.0,25.88,0,0,0,0,0.07,0.05,0.07,0.1,355,0.0,0,0
4923,0,2018/01/11,05:47:09,25.13,25.13,24.56,25.19,0,0,0,0,0.07,0.05,0.05,0.08,345,0.0,0,0
4924,2,2017/12/23,13:35:28,25.94,26.0,25.38,26.31,161,253,83,62,0.93,0.55,0.14,0.27,495,-1.48846153846,0,0
4925,0,2017/12/23,10:47:29,25.13,25.13,24.81,25.69,10,11,49,34,0.09,0.05,0.06,0.06,360,0.0961538461538,0,0
4926,0,2017/12/25,16:05:47,25.44,25.44,25.38,26.19,6,8,35,25,0.07,0.05,0.06,0.11,350,-0.261538461538,0,0
4927,0,2017/12/25,15:28:30,25.44,25.44,25.44,26.13,11,14,54,40,0.1,0.08,0.06,0.11,355,0.0,0,0
4928,0,2018/01/11,08:47:54,25.13,25.06,24.63,25.25,6,7,33,21,0.08,0.05,0.06,0.08,345,0.0,0,0
4929,0,2017/12/25,13:13:12,25.31,25.31,25.19,25.94,18,20,76,54,0.08,0.05,0.06,0.1,355,0.0,0,0
4930,0,2018/01/11,06:44:51,25.13,25.13,24.56,25.19,0,0,0,0,0.08,0.05,0.06,0.08,345,0.0,0,0
4931,0,2017/12/26,08:24:34,25.06,25.06,24.63,25.25,5,5,29,20,0.08,0.05,0.06,0.1,350,0.0,0,0
4932,0,2017/12/26,04:24:36,25.25,25.31,24.75,25.69,0,0,0,0,0.07,0.06,0.06,0.1,355,0.0,0,0
4933,0,2017/12/26,04:03:09,25.31,25.31,24.81,25.69,0,0,0,0,0.08,0.05,0.06,0.1,355,0.0,0,0
4934,0,2017/12/23,23:11:55,25.44,25.5,25.06,25.56,0,0,0,0,0.07,0.05,0.06,0.06,380,-0.0192307692308,0,0
4935,0,2017/12/26,01:16:11,25.38,25.38,24.94,25.81,0,0,0,0,0.08,0.04,0.06,0.09,355,0.0,0,0
4936,0,2017/12/25,15:50:28,25.44,25.44,25.44,26.19,8,10,43,31,0.08,0.06,0.06,0.09,355,0.0,0,0
4937,0,2017/12/23,23:25:42,25.44,25.44,25.0,25.63,0,0,0,0,0.07,0.05,0.06,0.07,375,-0.242307692308,0,0
4938,0,2017/12/23,05:30:24,25.13,25.13,24.56,25.31,0,0,0,0,0.08,0.05,0.06,0.06,360,0.0,0,0
4939,0,2018/01/11,04:22:55,25.19,25.19,24.63,25.31,0,0,0,0,0.08,0.05,0.05,0.09,345,0.0,0,0
4940,0,2017/12/25,10:12:27,25.06,25.06,24.69,25.56,9,10,43,29,0.08,0.05,0.06,0.1,355,0.0,0,0
4941,0,2017/12/25,22:13:24,25.38,25.44,25.06,25.81,0,0,0,0,0.08,0.06,0.06,0.11,355,0.0807692307692,0,0
4942,0,2018/01/11,00:55:37,25.19,25.25,24.81,25.25,0,0,0,0,0.07,0.05,0.06,0.08,345,0.0,0,0
4943,0,2017/12/25,21:00:54,25.38,25.44,25.06,25.94,0,0,0,0,0.08,0.05,0.07,0.1,350,-0.0923076923077,0,0
4944,0,2017/12/24,06:14:10,25.13,25.19,24.56,25.5,0,0,0,0,0.06,0.05,0.06,0.06,360,0.0461538461538,0,0
4945,0,2017/12/23,03:43:42,25.25,25.19,24.69,25.5,0,0,0,0,0.08,0.05,0.06,0.06,360,-0.115384615385,0,0
4946,0,2017/12/22,22:11:18,25.56,25.63,25.19,25.94,0,0,0,0,0.07,0.05,0.06,0.06,480,-1.30769230769,0,0
4947,0,2017/12/22,20:22:33,25.94,26.06,25.63,26.06,0,0,0,0,0.07,0.06,0.06,0.08,925,-3.04230769231,0,0
4948,0,2017/12/26,07:57:30,25.06,25.06,24.56,25.06,4,4,20,14,0.07,0.05,0.06,0.09,350,0.0,0,0
4949,0,2017/12/26,00:26:09,25.38,25.38,25.0,25.81,0,0,0,0,0.07,0.06,0.06,0.09,355,0.0,0,0
4950,0,2017/12/25,19:34:06,25.44,25.44,25.13,26.0,0,0,0,0,0.07,0.05,0.06,0.1,350,-0.0346153846154,0,0
4951,2,2017/12/23,16:43:21,26.13,25.94,25.56,26.31,119,24,199,19,0.34,0.3,0.57,0.21,560,1.50384615385,0,1
4952,3,2018/01/10,16:59:45,25.88,26.06,25.75,25.94,2,3,12,10,1.28,0.43,0.67,0.13,760,1.81923076923,1,1
4953,0,2017/12/24,04:46:51,25.25,25.25,24.69,25.56,0,0,0,0,0.07,0.05,0.06,0.06,360,0.0,0,0
4954,2,2017/12/22,16:36:53,26.13,25.75,25.63,26.25,118,27,199,24,0.24,0.08,0.26,0.07,630,0.357692307692,0,0
4955,0,2017/12/24,08:28:57,25.06,25.13,24.56,25.5,6,6,32,21,0.07,0.04,0.06,0.06,360,0.0,0,0
4956,0,2017/12/25,21:19:17,25.38,25.44,25.06,25.81,0,0,0,0,0.08,0.05,0.06,0.09,355,0.0230769230769,0,0
4957,3,2017/12/22,18:09:48,26.25,26.38,26.06,26.38,148,234,177,10,0.66,0.33,1.26,0.37,995,4.15,0,1
4958,0,2018/01/10,20:59:43,25.44,25.44,25.06,25.56,0,0,0,0,0.07,0.04,0.05,0.08,375,-0.246153846154,0,0
4959,0,2017/12/26,04:24:05,25.25,25.25,24.75,25.69,0,0,0,0,0.07,0.05,0.06,0.1,355,0.0,0,0
4960,0,2017/12/22,15:22:51,25.81,25.88,25.69,26.38,13,16,79,49,0.07,0.05,0.07,0.06,600,-3.73461538462,0,0
4961,0,2017/12/23,06:21:28,25.06,25.06,24.5,25.19,0,0,0,0,0.07,0.05,0.06,0.06,355,-0.15,0,0
4962,3,2018/01/10,15:30:54,25.5,25.88,25.38,25.63,10,13,56,35,0.46,0.67,0.23,0.1,370,1.18461538462,0,1
4963,0,2018/01/11,02:00:27,25.19,25.19,24.75,25.25,0,0,0,0,0.07,0.05,0.05,0.09,345,0.0,0,0
4964,0,2018/01/10,18:18:23,25.81,26.0,25.56,25.88,0,0,0,0,0.2,0.05,0.06,0.09,780,-2.05769230769,0,0
4965,0,2017/12/26,03:51:24,25.31,25.31,24.81,25.69,0,0,0,0,0.07,0.05,0.06,0.09,355,0.0,0,0
4966,0,2017/12/24,08:21:18,25.06,25.13,24.56,25.44,5,6,30,20,0.06,0.05,0.06,0.07,360,0.0,0,0
4967,0,2017/12/25,16:45:36,25.44,25.44,25.38,26.19,3,3,15,11,0.08,0.06,0.06,0.1,350,-0.107692307692,0,0
4968,0,2018/01/11,02:44:53,25.19,25.19,24.69,25.19,0,0,0,0,0.07,0.04,0.06,0.08,345,0.0,0,0
4969,0,2017/12/23,03:35:32,25.25,25.25,24.69,25.56,0,0,0,0,0.06,0.05,0.06,0.06,360,-0.0423076923077,0,0
4970,0,2018/01/10,18:24:00,25.81,25.94,25.5,25.81,0,0,0,0,0.08,0.05,0.06,0.08,755,-2.19230769231,0,0
4971,0,2018/01/11,03:34:55,25.19,25.19,24.69,25.31,0,0,0,0,0.08,0.05,0.05,0.08,345,0.0,0,0
4972,0,2017/12/25,13:37:42,25.31,25.31,25.25,26.0,15,20,68,49,0.08,0.06,0.06,0.11,355,0.0,0,0
4973,0,2017/12/23,04:57:44,25.13,25.19,24.63,25.5,0,0,0,0,0.08,0.05,0.06,0.06,360,0.0,0,0
4974,0,2018/01/10,23:02:16,25.31,25.31,24.94,25.44,0,0,0,0,0.07,0.05,0.05,0.08,345,-0.157692307692,0,0
4975,0,2018/01/11,07:17:32,25.06,25.06,24.56,25.19,0,0,6,4,0.08,0.05,0.06,0.08,345,0.0,0,0
4976,2,2017/12/22,17:00:53,26.19,25.75,25.75,26.25,116,25,182,14,0.79,0.29,0.7,0.19,715,2.01153846154,0,1
4977,0,2017/12/25,16:09:52,25.44,25.44,25.38,26.13,6,7,35,24,0.09,0.06,0.06,0.1,355,-0.0269230769231,0,0
4978,0,2017/12/26,03:42:44,25.31,25.31,24.81,25.69,0,0,0,0,0.08,0.05,0.06,0.11,355,0.0,0,0
4979,0,2017/12/26,03:43:45,25.31,25.31,24.81,25.75,0,0,0,0,0.08,0.05,0.07,0.1,355,0.0,0,0
4980,0,2017/12/26,00:58:19,25.38,25.38,24.94,25.75,0,0,0,0,0.08,0.05,0.07,0.09,355,0.0,0,0
4981,2,2017/12/23,13:19:38,25.88,25.88,25.31,26.25,160,246,75,58,0.57,0.32,0.12,0.15,480,2.90769230769,0,0
4982,1,2017/12/22,16:20:32,26.06,25.75,25.56,26.31,116,26,43,24,0.43,0.21,0.17,0.15,625,0.888461538462,1,0
4983,0,2018/01/10,23:30:51,25.25,25.31,24.88,25.44,0,0,0,0,0.08,0.04,0.06,0.09,345,0.0,0,0
4984,0,2017/12/22,23:06:58,25.5,25.5,25.06,25.81,0,0,0,0,0.07,0.05,0.07,0.06,390,0.0,0,0
4985,0,2017/12/24,05:55:16,25.19,25.19,24.63,25.5,0,0,0,0,0.06,0.05,0.06,0.06,360,-0.0538461538462,0,0
4986,0,2017/12/25,11:07:05,25.19,25.13,24.88,25.75,13,14,58,40,0.08,0.05,0.06,0.1,355,0.0,0,0
4987,0,2018/01/11,04:44:21,25.13,25.19,24.63,25.25,0,0,0,0,0.08,0.05,0.06,0.08,345,0.0,0,0
4988,0,2017/12/23,21:43:35,25.69,25.63,25.25,25.75,0,0,0,0,0.07,0.05,0.06,0.06,560,-2.15,0,0
4989,0,2017/12/25,14:59:24,25.38,25.44,25.38,26.13,15,20,74,54,0.08,0.06,0.07,0.1,355,0.0,0,0
4990,0,2017/12/24,06:52:27,25.13,25.13,24.5,25.44,0,0,1,1,0.07,0.04,0.06,0.06,355,-0.0653846153846,0,0
4991,0,2017/12/23,02:40:54,25.25,25.31,24.75,25.63,0,0,0,0,0.07,0.06,0.06,0.06,365,0.0,0,0
4992,0,2017/12/22,20:16:25,25.94,26.13,25.63,26.19,0,0,0,0,0.08,0.04,0.06,0.06,970,-2.52692307692,0,0
4993,0,2017/12/24,02:49:25,25.31,25.38,24.81,25.63,0,0,0,0,0.07,0.05,0.06,0.06,360,-0.111538461538,0,0
4994,0,2017/12/25,10:30:50,25.13,25.13,24.69,25.81,10,12,49,34,0.08,0.05,0.06,0.1,355,0.0,0,0
4995,0,2017/12/26,07:56:29,25.06,25.06,24.56,25.13,4,4,20,14,0.07,0.06,0.06,0.1,350,0.0,0,0
4996,0,2017/12/23,23:41:32,25.44,25.44,25.0,25.56,0,0,0,0,0.06,0.05,0.06,0.06,375,0.0,0,0
4997,0,2017/12/23,02:41:55,25.25,25.31,24.81,25.69,0,0,0,0,0.07,0.05,0.06,0.06,365,0.0,0,0
4998,0,2017/12/24,02:02:57,25.38,25.38,24.81,25.75,0,0,0,0,0.07,0.05,0.06,0.06,365,0.0,0,0
4999,3,2017/12/22,17:55:30,26.25,27.13,25.94,26.44,148,235,178,11,0.24,0.25,0.61,0.22,890,2.64230769231,1,0
5000,1,2017/12/22,10:51:13,25.0,24.75,24.56,25.44,121,34,53,40,0.41,0.1,0.1,0.09,390,0.388461538462,0,0
