portfolio_row_id,ID,AGE,SEX,INF_ANAM,STENOK_AN,FK_STENOK,IBS_POST,IBS_NASL,GB,SIM_GIPERT,DLIT_AG,ZSN_A,S_AD_KBRIG,D_AD_KBRIG,K_BLOOD,NA_BLOOD,ALT_BLOOD,AST_BLOOD,L_BLOOD,ROE,TIME_B_S,ASP_S_n,FIBR_PREDS,PREDS_TAH,FIBR_JELUD,OTEK_LANC,RAZRIV,ZSN,REC_IM,LET_IS
1,918,54,1,0,0,0,0,,0,0,0,0,,,,,0.68,0.04,13.8,2,1,1,0,0,0,0,0,0,0,0
2,781,70,0,0,6,2,2,,2,0,6,0,,,3,144,0.15,0.07,6.3,15,1,1,0,0,0,0,0,1,0,0
3,993,70,0,1,6,2,1,,3,0,7,2,,,4.6,139,,,11.4,18,,0,0,0,0,0,0,0,0,0
4,1135,83,1,0,5,2,1,,0,0,0,0,,,3.9,139,0.75,0.28,10.1,31,2,1,1,0,0,1,0,0,0,0
5,1270,78,0,1,6,2,1,,0,0,0,0,,,3.9,143,0.45,0.3,5.2,5,3,1,1,0,0,0,0,1,1,0
6,1158,50,0,0,0,0,0,,2,0,6,0,160,100,2.3,124,1.51,,8.4,4,8,1,0,0,0,0,0,0,1,0
7,140,59,1,0,3,2,0,,0,0,0,0,100,70,,,0.3,0.22,10.6,18,2,1,0,0,0,0,0,0,0,0
8,668,55,1,0,0,0,2,,2,0,,0,155,110,5.7,132,0.48,1.13,12.3,9,9,1,0,0,0,0,0,0,0,0
9,1386,70,0,0,6,2,2,,2,0,7,0,,,3.4,123,0.38,0.26,8.7,12,1,1,0,1,0,0,0,0,0,0
10,435,43,1,3,2,2,2,,0,0,0,0,,,4.3,136,0.75,0.48,9.9,3,6,1,0,0,0,0,0,0,0,0
11,1313,62,1,0,0,0,0,,2,0,6,0,,,4.7,139,0.9,0.26,8.1,21,9,1,0,0,0,0,0,0,0,0
12,1540,65,0,0,6,2,2,,3,0,7,0,180,100,3.3,142,0.23,0.15,6.1,5,2,1,1,0,0,0,1,0,0,3
13,420,83,0,0,6,2,2,,2,0,6,3,150,90,3.2,130,0.38,0.13,5.3,6,9,1,0,0,0,0,0,1,0,0
14,541,66,1,0,5,2,1,,2,0,2,0,140,90,4.3,146,0.3,0.15,9.9,12,2,0,0,0,0,0,0,0,0,0
15,1667,68,0,0,0,0,0,,2,0,7,0,210,120,3.8,130,0.3,0.15,9.3,11,6,,0,0,0,0,1,0,0,3
16,780,83,0,1,2,2,1,,3,0,,0,,,,,0.15,0.07,6.7,14,2,0,0,0,0,0,0,0,0,0
17,91,37,1,0,0,0,2,,0,0,0,0,,,4.6,139,1.5,0.18,5.1,17,9,1,0,0,0,0,0,0,0,0
18,93,37,1,2,0,0,0,,2,0,,0,,,5.4,136,0.9,0.45,5.4,,3,1,0,0,0,0,0,1,0,0
19,288,37,1,0,0,0,2,1,0,0,0,0,,,5.2,150,0.45,0.67,7.2,6,8,1,0,0,0,0,0,0,0,0
20,2,55,1,1,0,0,0,0,0,0,0,0,,,3.5,132,0.38,0.18,7.8,3,2,1,0,0,0,0,0,0,0,0
21,433,53,1,1,0,0,0,,0,0,0,0,90,60,4.5,146,0.45,0.15,7.2,53,2,0,0,0,0,0,0,0,0,0
22,442,59,1,1,5,2,1,,2,0,5,0,100,70,5.4,150,0.61,0.3,,,5,1,0,0,0,0,0,0,0,0
23,559,64,0,0,0,0,0,,2,0,7,0,,,,,0.82,0.45,5.8,6,9,1,0,0,0,0,0,0,0,0
24,646,50,1,0,0,0,0,,2,0,1,0,130,90,6.8,151,1.36,0.57,4.9,,1,1,0,0,0,0,0,0,0,0
25,1347,74,0,0,0,0,0,,2,0,7,0,,,,,0.3,0.18,14.1,8,1,1,0,0,0,0,0,0,1,0
26,413,37,1,0,0,0,0,,0,0,0,0,110,70,3.8,136,0.82,0.3,12.2,3,5,1,0,0,1,0,0,0,0,0
27,1214,56,1,1,,,2,,3,0,7,0,210,100,3.5,127,0.15,0.26,6.7,10,2,1,0,0,0,0,0,0,0,0
28,496,44,1,0,4,2,1,,2,0,7,0,,,3.8,127,0.15,0.07,6.4,5,6,1,0,0,0,0,0,0,0,0
29,1002,67,0,0,0,0,0,,2,0,1,0,,,4.5,141,,,4.9,12,9,1,0,0,0,0,0,1,0,0
30,858,56,1,0,0,0,0,,0,0,0,0,,,,,1.96,0.37,13.5,11,2,0,0,0,0,0,0,0,0,0
31,1248,65,0,0,2,2,1,,2,0,,0,,,4.4,144,0.3,0.07,11.4,14,2,1,0,0,0,1,0,0,0,0
32,900,62,1,0,0,0,0,,2,0,,0,,,3.1,132,0.23,0.15,13.1,4,7,1,0,0,0,0,0,0,0,0
33,622,63,1,1,1,2,1,,3,0,6,0,,,,,0.23,0.15,9.5,18,6,1,0,0,0,0,0,0,0,0
34,591,46,0,0,0,0,2,0,0,1,7,0,,,5.5,140,1.2,0.56,11.7,36,6,0,0,0,0,0,0,0,1,0
35,665,56,1,0,0,0,2,,2,0,,0,,,3.7,125,0.9,0.45,12.6,9,6,1,0,0,0,0,0,0,0,0
36,320,38,1,0,0,0,0,0,0,0,0,0,130,80,4.5,140,0.52,0.26,5.9,7,9,1,0,0,0,0,0,0,0,0
37,755,69,0,0,0,0,0,,2,0,7,0,140,80,3.9,140,0.15,0.37,15.7,34,3,1,0,0,0,0,0,1,0,0
38,703,65,1,0,5,2,1,,0,0,0,0,,,,,0.07,0.75,6.6,15,8,1,1,0,0,0,0,0,0,0
39,1603,84,0,0,0,0,0,,2,0,,0,130,90,3.3,135,0.15,0.07,8.1,35,4,1,0,0,0,0,1,0,0,3
40,1376,74,0,2,5,2,1,,3,0,7,0,,,4.2,136,,,5.2,20,2,0,1,0,0,0,0,0,0,0
41,1435,61,1,1,5,3,2,,2,0,2,0,,,3.8,130,0.23,0.11,13.1,6,1,0,0,0,0,0,0,0,0,6
42,382,62,1,0,1,2,2,,2,0,1,0,,,,,0.45,0.15,6.7,3,2,1,0,0,0,0,0,0,1,0
43,938,71,1,0,0,0,2,0,2,0,,0,,,3.8,136,,,12.1,16,8,1,0,0,0,0,0,0,0,0
44,1624,85,0,2,6,2,1,,2,0,7,,,,4.1,136,1.51,0.75,19,50,2,1,0,0,0,0,0,1,1,4
45,1209,75,0,0,0,0,2,,2,0,7,0,,,3.5,139,,,6.2,17,,1,0,0,0,0,0,0,0,0
46,1383,68,0,0,0,0,0,,2,0,5,0,120,80,,,0.6,0.45,7.6,,3,1,1,0,1,0,0,0,0,0
47,274,61,1,1,5,2,2,,2,0,4,0,,,,,,,11.9,15,3,1,0,0,0,0,0,0,0,0
48,803,58,1,0,0,0,0,,2,0,5,0,110,70,,,0.82,0.3,13.5,24,7,0,0,0,0,0,0,0,0,0
49,947,67,1,2,6,2,1,,3,0,7,0,170,90,,,2.1,0.3,5.9,9,8,1,0,0,0,0,0,0,0,0
50,1130,47,1,1,2,2,2,,0,1,,0,,,3.4,133,0.3,0.37,,,7,0,0,0,0,1,0,1,0,0
51,868,67,1,3,3,2,2,,2,0,7,0,,,4.6,140,,,5,16,1,0,0,0,0,0,0,1,0,0
52,1315,37,1,0,0,0,0,,0,0,0,0,100,60,4.2,130,0.3,0.3,12.8,5,8,1,0,0,0,0,0,0,0,0
53,1484,76,1,0,0,0,0,,0,0,0,0,160,90,3.7,133,0.15,0.15,9.9,5,4,1,1,0,0,0,0,0,0,6
54,309,45,0,1,1,2,2,,3,0,7,1,,,3.7,136,0.15,0.07,12.6,32,3,0,0,0,0,1,0,1,0,0
55,752,80,0,0,6,2,1,,2,0,7,0,,,3.8,140,0.15,0.11,4.7,9,9,1,0,0,0,0,0,0,0,0
56,1175,66,0,0,6,2,1,,0,1,7,0,140,90,,,0.3,0.15,7.9,14,6,1,0,0,0,1,0,0,0,0
57,409,55,1,0,2,2,2,,0,0,0,0,,,4.3,140,0.52,0.41,9.4,3,7,0,0,0,0,0,0,0,0,0
58,643,66,1,0,5,2,1,,0,0,0,0,,,3.8,132,0.75,0.33,7.3,17,4,1,0,0,0,0,0,1,0,0
59,690,54,1,0,0,0,0,,0,0,0,0,,,6,138,0.15,0.22,19.4,6,7,1,0,0,0,0,0,1,0,0
60,1544,73,1,0,0,0,0,,3,0,6,0,145,110,3.1,125,0.45,0.22,9.5,37,3,1,0,0,0,0,0,0,0,6
61,1308,52,0,0,0,0,0,,2,0,2,0,,,3.5,131,,,,,,0,0,0,0,0,0,0,0,0
62,722,37,1,1,0,0,2,,0,0,0,0,,,3.6,136,0.75,0.45,9.3,12,2,1,0,0,0,0,0,0,0,0
63,182,62,1,2,4,2,2,,3,0,6,0,,,,,,,,,1,1,0,0,0,0,0,0,0,0
64,882,52,1,1,0,0,0,,0,1,6,0,130,90,3.6,133,0.23,0.15,11.1,16,2,0,0,0,0,0,0,0,0,0
65,776,70,0,0,,2,1,,2,0,2,0,,,4.8,138,0.23,0.11,4.8,14,7,1,0,0,0,0,0,0,0,0
66,511,53,1,0,0,0,2,,0,0,0,0,100,60,4,140,,,7.2,4,7,1,0,0,0,0,0,0,0,0
67,554,55,1,0,0,0,0,,2,0,4,0,140,90,4.3,122,0.07,0.45,11,9,9,1,0,0,0,0,0,0,0,0
68,190,65,1,0,0,0,2,1,0,0,0,0,140,80,4.7,146,,,6,3,9,,0,0,0,0,0,0,0,0
69,1455,62,1,0,5,2,2,,3,0,7,0,130,80,4.4,,0.15,0.07,10.6,4,1,1,0,0,0,0,0,0,0,1
70,254,57,1,0,0,0,2,,2,0,2,0,,,4.7,136,0.75,0.15,10,6,1,1,0,0,0,0,0,0,0,0
71,1495,70,1,1,5,1,1,,2,0,3,0,200,100,4,134,0.23,0.22,8.8,25,2,1,1,0,0,0,1,1,0,3
72,1477,75,0,1,5,2,1,,3,0,6,0,170,90,,,0.15,0.04,13.1,35,2,1,0,0,0,0,1,0,0,3
73,313,27,1,1,1,4,2,1,2,0,1,0,145,90,3.2,136,,,4,4,7,1,0,0,0,0,0,0,0,0
74,509,70,0,1,0,0,2,,2,0,6,0,170,90,4,150,0.23,0.15,4.3,10,6,1,0,0,0,0,0,0,0,0
75,483,42,1,0,0,0,0,,0,0,0,0,,,,,0.3,0.18,11,10,,1,0,0,0,0,0,0,0,0
76,1000,64,1,1,6,2,2,,2,0,7,0,,,3.4,127,0.15,0.07,11.7,20,9,1,0,0,0,0,0,0,0,0
77,942,52,1,3,5,2,1,,2,0,6,0,130,80,4.2,136,0.33,0.26,11.6,8,6,0,0,0,0,0,0,0,0,0
78,853,56,1,2,0,0,0,,0,0,0,0,,,5,144,0.45,0.22,9.1,8,1,0,0,0,0,0,0,0,0,0
79,571,66,0,0,5,2,1,,2,0,,0,,,,,0.3,0.3,10.8,14,5,1,0,0,0,0,0,0,0,0
80,1486,58,1,0,0,0,0,,2,0,1,0,130,80,4,143,,,14.9,41,9,1,0,0,0,0,1,0,0,3
81,1489,70,1,1,6,2,2,,2,0,6,0,110,70,,,0.15,0.07,11,10,3,1,0,0,0,1,0,1,1,6
82,686,50,1,3,6,2,1,,2,0,,0,130,80,,,0.23,0.07,5.5,7,9,1,0,0,0,0,0,0,0,0
83,1515,63,0,0,1,2,2,,0,0,0,0,,,,,,,12.4,3,2,1,0,0,0,0,0,0,1,1
84,678,40,1,0,0,0,0,,0,0,0,0,,,3.5,138,0.3,0.15,10.9,15,9,1,0,0,0,0,0,0,0,0
85,104,,1,0,3,2,2,,0,0,0,0,,,3.9,131,0.45,0.3,12.7,9,3,1,0,0,0,0,0,0,0,0
86,211,63,1,2,5,2,2,,2,0,1,1,180,100,4.9,146,0.46,0.18,5,9,2,1,0,0,0,0,0,1,0,0
87,72,59,0,0,4,2,0,,2,0,1,0,,,5.7,150,0.68,0.5,4.9,15,3,1,0,0,0,0,0,0,0,0
88,949,71,1,1,1,1,1,,0,1,7,0,,,5.3,141,0.52,0.18,5.6,27,4,1,0,0,0,0,0,1,0,0
89,1655,75,0,1,6,2,1,,2,0,,0,,,,,0.23,0.15,9.8,,5,1,0,0,0,0,0,0,0,6
90,268,64,1,0,0,0,2,,2,0,4,0,160,90,4.1,124,1.2,0.45,7.7,15,8,1,0,0,0,0,0,0,0,0
91,319,50,1,1,4,2,1,1,0,0,0,0,130,80,3.7,139,1.2,0.45,6.8,5,7,1,0,0,0,0,0,0,0,0
92,1006,70,1,0,6,2,2,,0,0,0,0,110,70,4.5,136,1.36,0.75,8.3,19,7,1,1,0,0,0,0,1,0,0
93,1109,66,1,0,1,2,1,,2,0,7,0,,,4.7,140,0.23,0.15,5.6,30,3,1,0,0,0,0,0,1,0,0
94,304,64,1,0,6,2,1,,2,0,7,0,,,8.2,148,0.98,0.86,7.9,6,6,1,0,0,0,1,0,0,0,0
95,1614,62,1,1,1,2,1,,2,0,,0,,,3.5,130,0.3,0.15,9.3,7,2,0,0,0,0,0,0,0,0,1
96,237,50,1,0,1,1,1,0,2,0,3,0,110,70,3.4,128,1.36,0.3,7.2,,1,1,0,0,0,0,0,0,0,0
97,831,71,0,1,4,2,1,,2,0,7,0,,,4.9,136,0.23,0.07,8.6,25,1,1,0,0,0,0,0,0,1,0
98,916,71,0,2,5,2,1,,2,0,7,0,,,3.9,143,0.3,0.33,11.5,25,4,1,0,0,0,0,0,1,0,0
99,1256,63,1,1,2,2,1,,0,0,0,0,,,5,136,0.3,0.22,4.9,2,6,0,0,0,0,0,0,0,1,0
100,783,43,1,0,0,0,0,,2,0,,0,,,6.1,146,0.46,0.8,7.2,5,7,1,0,0,0,0,0,0,0,0
101,845,56,1,1,,,1,,2,0,6,0,,,,,0.23,0.15,6,19,2,0,0,0,0,0,0,0,0,0
102,167,80,1,0,1,2,2,,2,0,6,1,,,,,,,5,20,9,1,0,0,0,0,0,1,0,0
103,1245,65,1,1,5,2,1,,2,0,5,0,,,3.4,136,0.52,0.11,16.6,18,3,0,0,0,0,1,0,0,0,0
104,1211,73,0,0,6,2,1,,0,0,0,0,160,90,4.1,146,0.45,0.22,,5,2,1,0,0,0,0,0,0,0,0
105,1294,43,1,0,0,0,0,,0,0,0,0,130,80,4.4,120,0.18,0.23,8.9,4,1,1,0,0,0,0,0,0,0,0
106,802,46,0,2,5,1,1,,2,0,5,0,160,90,4.5,140,0.14,0.08,7.4,4,1,1,0,0,0,0,0,0,0,0
107,302,64,0,0,1,2,2,,2,0,,0,,,4.9,136,0.3,0.15,6.4,3,9,1,0,0,0,0,0,0,0,0
108,905,61,0,0,0,0,0,,2,0,1,0,,,,,0.38,0.15,6.4,8,2,1,0,0,0,0,0,0,0,0
109,142,63,0,0,5,2,2,1,2,0,1,0,160,90,4.6,142,0.15,0.11,6.4,8,3,1,0,0,0,0,0,0,0,0
110,1451,69,0,2,,,2,,3,0,7,4,110,80,3.6,140,0.45,0.3,9.8,15,6,1,0,0,0,1,0,0,0,1
111,1286,74,1,1,6,2,2,,0,0,0,0,140,80,,,,,,,9,0,1,0,0,0,0,1,0,0
112,1206,55,1,0,0,0,2,,0,0,0,0,,,4.3,130,0.15,0.07,8,,2,1,0,0,0,0,0,0,0,0
113,811,56,1,0,0,0,0,,2,0,,0,,,4.9,143,0.23,0.07,7,12,9,1,0,0,0,0,0,0,0,0
114,661,63,1,1,6,2,1,,3,0,7,0,120,80,3.3,121,1.05,0.45,5.7,15,9,0,0,0,0,0,0,0,0,0
115,474,63,0,0,,2,1,,2,0,5,0,,,4.8,142,,,,,1,0,0,0,0,0,0,1,0,0
116,634,52,1,0,0,0,2,,0,0,0,0,100,70,4.3,141,,,16.7,3,2,1,0,0,0,0,0,0,0,0
117,1091,55,1,2,2,2,2,,2,0,7,0,,,3.6,143,0.38,0.18,8.3,4,8,1,1,0,0,0,0,0,0,0
118,1375,41,1,0,0,0,0,,0,0,0,0,,,,,0.52,0.22,13,2,,1,1,1,0,0,0,1,0,0
119,748,70,0,0,6,2,1,,2,0,7,0,,,4,140,0.61,0.11,9.9,12,8,1,0,0,0,0,0,1,0,0
120,826,59,1,0,5,2,1,,2,0,2,3,120,70,4.9,153,0.38,0.3,11.9,7,5,1,0,0,0,0,0,0,0,0
121,1067,58,0,1,6,2,2,,2,0,,0,,,3.6,140,0.45,0.26,8.9,,9,1,0,0,0,0,0,0,0,0
122,1449,70,0,1,0,0,,,2,0,6,0,130,75,3.6,120,0.52,0.26,8.4,,2,0,0,0,0,1,0,0,0,1
123,528,34,1,0,0,0,2,,0,0,0,0,110,70,3.2,136,0.51,0.3,7.5,22,4,1,0,0,0,0,0,0,0,0
124,639,62,1,0,6,2,1,,2,0,,0,100,60,3.6,146,0.15,0.11,6.9,5,1,1,0,0,0,0,0,1,0,0
125,81,59,1,0,0,0,2,,2,0,6,1,,,4.2,136,0.3,0.15,6.9,17,7,1,0,0,0,0,0,0,0,0
126,1356,57,1,0,0,0,0,,2,0,,0,,,,,,,6.9,5,1,1,0,0,0,1,0,0,0,0
127,78,55,1,1,2,2,1,,0,0,0,0,,,,,0.3,0.15,9,10,,1,0,0,0,0,0,0,0,0
128,271,66,1,0,0,0,2,,0,0,0,0,,,4,140,0.15,0.15,8.3,140,9,1,0,0,0,0,0,0,0,0
129,1013,63,1,0,0,0,0,,2,0,7,0,160,100,4,140,0.15,0.18,6.9,7,1,0,0,0,0,0,0,0,0,0
130,1385,63,1,3,6,2,1,,0,0,0,,80,60,3.9,133,0.3,0.15,14.7,13,2,1,0,0,1,0,0,0,1,0
131,1424,55,1,0,0,0,2,,2,0,,0,150,80,3,130,0.15,0.07,8.9,13,2,1,0,0,0,0,0,0,0,0
132,675,62,1,1,6,2,1,,0,0,0,0,,,,,0.15,0.22,4,8,6,0,0,0,0,0,0,0,0,0
133,529,67,1,1,6,2,1,,0,0,0,4,120,70,3.5,129,0.38,0.18,10.4,20,3,1,0,0,0,0,0,1,0,0
134,1134,48,1,2,6,2,1,,0,0,0,0,,,4.4,135,0.3,0.15,8.6,14,2,1,0,0,0,1,0,0,1,0
135,1563,65,1,0,0,0,0,,2,0,7,0,,,,,0.52,0.52,10.5,6,5,1,0,0,0,0,0,0,0,1
136,1037,38,1,1,0,0,0,,2,0,7,0,220,120,4.8,132,0.15,0.11,9.6,20,5,1,0,0,0,0,0,0,0,0
137,912,52,1,1,0,0,0,,0,0,0,0,120,80,3.8,134,0.15,0.07,7.1,3,1,1,0,0,0,0,0,0,0,0
138,106,50,1,0,4,2,1,,2,0,2,0,,,4.2,138,0.45,0.3,8.3,1,6,0,0,0,0,0,0,1,0,0
139,1411,69,0,2,6,2,2,,2,0,7,0,,,,,0.3,0.15,9.2,20,1,1,0,0,0,0,0,0,0,0
140,1115,68,0,3,0,0,0,,2,0,,0,160,90,,,0.52,0.22,17.9,20,6,1,1,0,0,0,0,0,0,0
141,174,71,0,0,3,2,1,,0,0,,0,160,90,,,0.3,0.15,4,17,3,1,0,0,0,0,0,0,0,0
142,1618,67,1,2,3,2,2,,2,0,,,,,,,,,,,,0,0,0,0,1,0,0,0,2
143,129,61,1,2,6,2,2,,2,0,6,0,,,5,141,0.52,0.37,13.5,12,,1,0,0,0,0,0,0,0,0
144,610,81,0,2,0,0,0,,2,0,7,0,210,100,4.2,126,1.2,0.3,,,3,1,0,0,0,0,0,1,0,0
145,16,57,1,3,0,0,0,,2,0,6,0,,,4,150,0.45,0.22,3.9,10,3,,0,0,0,0,0,0,0,0
146,873,64,1,1,1,2,1,,3,0,6,0,,,3.8,140,0.38,0.3,16.7,3,7,1,0,0,0,0,0,1,0,0
147,907,47,1,0,0,0,0,,2,0,4,0,,,4.7,130,0.3,0.3,7.6,5,4,1,0,0,0,0,0,1,0,0
148,1557,70,0,0,2,2,2,,3,0,7,0,,,,,0.45,0.52,10.9,11,3,1,0,0,0,0,0,0,1,1
149,672,83,0,0,1,2,1,,3,0,7,0,,,3.8,132,0.15,0.15,5.6,16,3,1,1,0,0,0,0,0,0,0
150,791,55,1,1,3,2,1,,3,0,,0,160,90,3.7,130,0.23,0.15,7,7,7,0,0,0,0,0,0,0,0,0
151,1216,67,0,0,3,2,1,,3,0,7,0,,,3.7,133,0.38,0.22,7.8,15,9,1,0,0,0,0,0,0,0,0
152,1522,69,1,1,,2,0,,2,0,,0,140,30,,,0.82,0.33,9.2,,3,0,0,0,0,0,0,0,0,1
153,1696,77,0,0,4,2,1,,2,0,7,0,,,3.7,130,1.05,0.52,12.8,6,2,0,0,0,0,0,1,0,0,3
154,285,49,1,0,6,1,2,,0,0,0,0,,,,,,,8.1,10,9,0,0,0,0,0,0,0,0,0
155,1689,77,1,1,5,2,2,,2,0,7,2,,,4,136,0.75,0.41,11,22,5,1,1,0,0,0,0,1,0,4
156,899,57,1,0,2,2,2,,0,0,0,0,,,5.1,138,0.3,0.07,13.6,4,6,1,0,0,0,0,0,0,0,0
157,798,63,1,0,0,0,0,,0,0,0,0,160,100,4.5,146,0.23,0.15,13.5,3,1,0,0,0,0,0,0,0,0,0
158,457,80,0,0,0,0,0,0,0,0,0,0,140,80,3,140,0.45,0.22,8.1,3,9,1,0,0,0,0,0,0,1,0
159,389,60,1,0,0,0,0,0,2,0,6,0,220,110,,,0.45,0.15,6.2,5,2,1,0,0,0,0,0,0,0,0
160,1226,60,1,3,6,2,2,,2,0,7,0,,,,,0.3,0.07,7.7,7,2,0,0,0,0,0,0,0,0,0
161,469,74,1,1,2,2,2,,0,0,0,0,,,3.7,126,1.2,0.45,8.5,,1,1,0,0,0,0,0,1,0,0
162,1622,63,1,0,6,2,2,,0,0,0,0,,,5.7,136,0.75,0.37,8.9,3,6,1,0,0,0,0,0,1,1,4
163,520,56,1,2,0,0,2,,2,0,1,0,160,100,,,0.52,0.04,8.3,8,2,0,0,0,0,0,0,1,0,0
164,1491,77,0,0,3,,2,,3,0,7,1,,,4.4,136,0.3,0.15,,,7,0,0,0,0,1,0,1,0,5
165,1305,85,0,0,0,0,0,,0,0,0,0,140,80,2.3,124,0.67,0.45,14.1,14,7,0,1,0,0,0,0,1,0,0
166,1573,64,0,0,6,2,2,,3,0,3,0,,,3.7,136,0.23,0.26,4.5,,,1,0,0,0,0,1,0,0,3
167,495,65,1,0,0,0,0,,0,0,0,0,115,70,3.7,130,0.45,0.3,5.3,4,2,1,0,0,0,0,0,0,0,0
168,1355,64,0,0,1,2,2,,2,0,7,0,,,,,0.52,0.15,8.1,7,8,0,0,0,0,1,0,0,0,0
169,1100,62,0,1,1,2,1,,2,0,7,0,,,4.9,142,0.23,0.22,,,8,1,0,0,0,0,0,1,0,0
170,1558,73,0,0,6,2,1,,2,0,7,0,,,5.7,143,0.27,0.3,13.5,11,1,1,1,0,0,0,1,0,0,3
171,1195,42,1,0,2,,0,,0,0,0,0,70,40,3.6,120,0.61,0.22,7.8,10,2,1,0,0,0,1,0,1,0,0
172,682,42,1,0,0,0,0,,0,0,0,0,90,60,4.2,147,1.05,0.45,7,10,1,1,0,0,0,0,0,0,0,0
173,459,64,1,3,3,2,1,,2,0,3,0,,,3.9,132,0.45,0.52,11.6,16,2,0,0,0,0,0,0,0,0,0
174,243,51,1,0,0,0,2,,3,0,7,0,120,80,5.2,139,0.45,0.22,10.4,38,9,1,0,0,0,0,0,0,0,0
175,1139,43,1,2,5,2,1,,0,0,0,0,,,3.8,136,0.52,0.33,7.9,16,1,1,0,0,0,1,0,0,0,0
176,1688,54,0,2,6,3,1,,2,0,7,0,,,4.8,130,0.45,0.37,5.4,25,2,1,0,0,0,0,0,0,0,6
177,1106,62,0,0,,,,,2,0,7,0,,,5.6,136,0.3,0.15,7.9,4,2,1,0,0,0,0,0,0,0,0
178,524,72,0,1,0,0,2,,3,0,7,0,,,3.7,146,0.23,0.07,10.1,14,1,0,0,0,0,0,0,1,0,0
179,1550,66,0,0,6,3,,,2,0,3,0,120,80,4.1,134,0.15,0.15,4.7,9,2,0,0,0,0,0,0,0,0,5
180,1288,61,0,0,,,2,,2,0,1,0,,,4.5,141,0.45,0.52,7.8,10,3,1,1,0,0,0,0,0,0,0
181,919,74,1,3,2,2,1,,2,0,,0,,,,,0.15,0.07,10.3,,8,1,0,0,0,0,0,0,0,0
182,553,81,0,0,2,2,2,,0,1,,0,110,70,4,136,0.3,0.07,8.6,12,7,1,0,0,0,0,0,1,0,0
183,349,38,1,0,0,0,0,,2,0,1,0,,,3.3,127,0.61,0.18,11,11,,1,0,0,0,0,0,0,0,0
184,1314,71,1,1,,,,,2,0,7,0,150,70,3,138,0.3,0.15,4.9,3,3,1,0,0,0,0,0,0,0,0
185,70,47,1,0,0,0,0,,2,0,1,0,,,4.3,134,0.72,0.45,8,10,8,1,0,0,0,0,0,0,0,0
186,720,77,0,0,0,0,0,,2,0,7,0,,,3.5,127,0.68,0.33,6.7,21,7,1,0,0,0,0,0,1,0,0
187,1251,65,0,0,1,2,1,,2,0,,0,130,85,3.9,140,,,9.1,5,4,1,0,0,0,1,0,0,0,0
188,1330,65,0,2,6,2,2,,2,0,,0,120,90,3.3,140,0.23,0.22,6.8,18,9,1,0,0,0,1,0,0,0,0
189,612,62,1,1,6,2,1,,0,0,0,0,,,3.8,133,0.15,0.15,,,9,1,0,0,0,0,0,0,1,0
190,1496,77,0,0,0,0,2,,2,0,7,1,,,4.4,142,0.3,0.15,9.3,11,6,1,0,0,0,0,0,1,0,4
191,88,63,0,0,0,0,2,,2,0,1,0,,,,,,,,,9,1,0,0,0,0,0,1,0,0
192,1564,56,1,3,6,2,1,,2,0,7,0,,,3.1,133,0.23,0.2,7.5,,1,1,0,0,0,1,0,0,0,7
193,570,60,1,0,0,0,0,,2,0,,0,90,60,4.2,132,0.15,0.15,5.8,10,9,1,0,0,0,0,0,0,0,0
194,812,55,1,0,0,0,0,,0,0,0,0,,,,,,,,,6,1,0,0,0,0,0,0,0,0
195,1642,65,0,0,0,0,0,,0,0,0,4,,,,,0.15,0.15,18.2,7,8,1,0,0,0,0,0,0,0,5
196,353,61,1,0,0,0,2,,2,0,7,0,,,,,,,7.5,7,5,1,0,0,0,0,0,0,0,0
197,1434,54,0,0,3,1,1,,0,0,0,3,130,90,,,0.98,0.37,,,9,0,1,0,0,0,0,1,0,5
198,546,70,0,0,0,0,0,,2,0,7,0,,,6.9,163,0.38,0.07,9.7,8,9,0,0,0,0,0,0,0,0,0
199,1583,72,1,3,6,2,1,,2,0,6,0,,,,143,1.2,0.07,10.4,10,3,1,0,0,0,0,0,0,0,5
200,326,39,1,1,0,2,1,,0,0,0,1,,,4,134,1.51,0.37,5.9,3,2,1,0,0,0,1,0,1,0,0
201,1414,57,1,0,0,0,0,,0,0,0,0,100,60,3.9,144,2.4,0.71,22.1,7,1,1,0,0,0,0,0,0,1,0
202,1127,78,0,2,6,2,2,,2,0,7,0,90,60,4.6,153,0.3,0.37,9.9,5,6,1,0,0,0,1,0,0,1,0
203,796,65,0,0,6,2,1,,2,0,7,0,,,,,0.15,0.15,13.8,3,7,1,0,0,0,0,0,0,0,0
204,731,62,0,0,0,0,0,,3,0,7,0,,,3.4,138,0.3,0.67,4.5,10,6,1,0,0,0,0,0,1,0,0
205,700,67,0,0,1,2,1,,0,0,7,0,140,90,3.5,134,0.3,0.11,6.5,25,2,1,0,0,0,0,0,0,0,0
206,37,44,0,0,5,2,1,0,3,0,2,1,160,90,5.7,128,0.75,0.37,7.3,20,7,0,0,0,0,1,0,1,0,0
207,1423,75,0,0,4,2,1,,0,0,0,0,150,100,4,144,0.15,0.15,9.1,35,2,1,1,0,0,0,0,0,0,0
208,1329,59,1,2,6,2,2,,3,0,7,0,,,3.5,125,0.45,0.15,7.3,,6,1,0,0,0,1,0,0,1,0
209,898,85,1,0,6,2,1,,2,0,7,0,130,80,3.8,130,0.14,0.22,6.2,10,1,1,0,0,0,0,0,0,0,0
210,828,55,1,3,5,2,1,,0,0,0,0,,,4,136,0.3,0.15,17.9,7,2,0,0,0,0,0,0,0,0,0
211,1601,61,0,1,2,2,2,,2,0,7,,,,4.5,133,0.3,0.18,10,27,2,1,0,0,0,0,0,1,1,1
212,1521,69,0,0,1,2,2,,2,0,3,0,40,20,3.8,127,1.05,0.41,10.6,22,3,1,1,0,0,0,0,0,0,6
213,1085,61,1,2,3,2,2,,0,0,0,2,,,,,,,,,9,1,1,0,0,1,0,0,0,0
214,613,61,0,0,0,0,0,,0,1,,0,,,4.6,140,0.61,0.22,11.5,25,9,1,0,0,0,0,0,0,0,0
215,885,58,1,0,0,0,0,,0,0,0,0,,,4.5,136,0.52,0.18,7.1,3,9,1,0,0,0,0,0,1,0,0
216,126,63,1,0,4,2,1,,2,0,6,0,,,3.5,132,,,5.7,4,3,1,0,0,0,0,0,0,0,0
217,743,52,1,0,1,2,1,,2,0,6,0,120,70,3.4,130,0.45,0.15,5.1,5,2,1,0,0,0,0,0,0,0,0
218,19,54,1,0,1,3,2,,2,0,2,0,,,,,,,,,9,1,0,0,0,0,0,0,0,0
219,1081,72,0,0,0,0,0,,2,0,1,0,,,4.2,136,0.75,0.18,13.6,22,2,1,1,0,0,0,0,1,0,0
220,1581,62,1,3,3,2,,,3,0,,,80,40,3.5,136,0.61,0.22,9.6,11,1,0,0,0,0,0,0,0,0,1
221,1694,70,0,0,2,2,1,,2,0,7,0,,,,,0.52,0.48,,,1,0,0,0,0,0,1,0,0,3
222,630,75,1,1,5,2,1,,0,0,0,0,,,,,0.23,0.07,5.5,25,,1,0,0,0,0,0,1,0,0
223,1219,81,0,0,0,0,2,,3,0,7,0,,,3.8,133,0.3,0.37,6.9,47,1,1,0,0,0,0,0,0,0,0
224,1529,61,1,3,6,3,2,,3,0,7,2,,,3.8,134,0.15,0.07,8.6,17,3,1,0,0,1,0,0,0,0,7
225,1539,73,0,1,6,3,,,2,0,6,4,120,80,5.4,130,0.75,0.15,10.2,18,3,1,0,0,0,1,0,1,0,4
226,598,52,1,0,3,2,1,,0,0,0,0,,,3.8,142,1.13,0.6,,,1,1,0,0,0,0,0,0,0,0
227,1519,50,1,0,0,0,0,,2,0,,0,150,90,4.9,118,0.9,0.33,10.3,25,3,0,0,0,0,0,0,0,0,1
228,1233,62,1,0,3,2,2,,2,0,,0,,,4.9,136,1.51,0.6,5.5,3,2,1,0,0,0,0,0,1,0,0
229,963,63,1,0,0,0,2,,0,1,7,0,,,4.8,136,0.38,0.3,5.6,5,2,0,0,0,0,0,0,0,0,0
230,1185,54,1,0,0,0,0,,2,0,,0,,,3.6,135,0.38,0.22,9,,8,1,1,0,0,0,0,1,0,0
231,373,65,1,1,0,0,,,2,0,,1,,,3.5,130,0.45,0.11,9,23,5,1,0,0,0,0,0,1,0,0
232,563,32,1,0,2,2,1,,2,0,1,0,,,,,0.38,0.15,5.3,7,9,1,0,0,0,0,0,0,0,0
233,447,63,0,0,0,0,0,,2,0,,0,120,70,4.8,,0.38,0.3,10.9,6,2,1,0,0,0,0,0,1,0,0
234,176,62,1,0,0,0,0,,0,0,0,0,,,2.9,130,0.15,0.11,4.9,6,,1,0,0,0,0,0,0,0,0
235,1502,63,0,1,6,3,2,,2,0,,0,50,20,,,,,,,,0,0,0,0,0,0,0,0,1
236,532,64,0,1,1,2,2,,3,0,6,4,150,80,3.6,136,0.3,0.11,7.4,23,2,1,0,0,0,0,0,1,0,0
237,597,44,1,0,0,0,0,,0,0,0,0,100,70,4.2,,0.9,0.3,5.4,23,9,1,0,0,0,0,0,0,0,0
238,1457,82,0,0,6,,2,,0,0,0,0,,,,,,,9.4,,1,1,0,0,0,0,0,0,0,1
239,117,64,0,0,4,2,1,,3,0,7,1,,,3.2,136,0.15,0.41,8.1,5,,0,0,0,0,0,0,0,0,0
240,98,42,1,0,3,2,1,,0,0,0,0,,,,,0.15,0.07,6.3,20,9,1,0,0,0,0,0,1,0,0
241,935,65,1,0,0,0,0,,3,0,,0,230,120,4,140,0.82,0.15,11.7,4,9,1,0,0,0,0,0,0,0,0
242,760,61,0,0,3,2,2,,2,0,7,0,150,90,3.4,140,0.23,0.26,7.5,8,4,1,0,0,0,0,0,1,0,0
243,872,77,1,0,0,0,0,,2,0,,0,,,4.2,130,0.38,0.15,7,17,9,1,0,0,0,0,0,1,1,0
244,1232,55,1,0,0,0,0,,0,0,0,0,,,4.8,140,0.3,0.15,7.6,8,2,1,0,0,0,0,0,0,0,0
245,1534,70,0,0,,2,2,,2,0,,,120,80,3.5,142,0.9,1.05,16.9,8,,1,0,0,0,0,0,0,1,7
246,876,40,1,0,1,2,1,,3,0,5,0,210,190,4.4,143,0.23,0.07,10.9,13,7,0,0,0,0,0,0,0,0,0
247,1274,76,0,0,0,0,0,,2,0,,0,,,4.2,136,0.2,0.15,10.5,14,6,1,1,0,0,0,0,0,0,0
248,418,74,0,2,0,0,2,,2,0,7,0,,,4.2,140,0.61,0.37,10.4,55,4,1,0,0,0,0,0,0,0,0
249,975,57,0,0,0,0,2,,0,0,0,0,,,3.6,146,0.68,0.45,7.3,25,7,1,1,0,0,1,0,1,0,0
250,384,83,1,2,6,2,2,,2,0,6,0,,,4.7,130,0.3,0.11,5.3,5,6,1,1,0,0,0,0,0,0,0
251,1003,39,1,0,0,0,0,1,0,0,0,0,,,4,136,0.14,0.3,16.2,5,6,1,0,0,0,0,0,0,0,0
252,3,52,1,0,0,0,2,,2,0,2,0,150,100,4,132,0.3,0.11,10.8,,3,1,0,0,0,0,0,0,0,0
253,1498,66,0,2,1,2,2,,2,0,7,3,,,,,0.3,0.22,10.6,17,2,1,0,0,0,1,0,1,0,4
254,642,70,0,0,5,2,1,,2,0,7,0,,,3.4,132,0.3,0.75,13.4,20,3,1,0,0,0,0,0,0,0,0
255,1023,53,1,0,6,2,1,,3,0,7,0,,,4.8,146,0.38,0.3,5.3,12,9,1,0,0,0,1,0,1,1,0
256,1459,66,1,0,6,2,2,,2,0,7,0,170,80,3.5,128,0.07,0.04,12.5,55,6,0,0,0,0,0,1,0,0,3
257,360,72,0,1,5,2,2,,2,0,7,0,90,60,,,,,4.3,14,1,1,0,0,0,0,0,0,0,0
258,991,59,1,0,0,0,0,,0,0,0,0,,,3.8,138,0.45,0.37,17.2,4,1,0,0,0,0,0,0,0,0,0
259,756,71,1,1,1,2,1,,0,0,0,0,140,90,,,0.15,0.15,11,6,7,1,0,0,0,0,0,0,0,0
260,1542,76,0,0,0,0,2,,2,0,3,0,,,,,,,,,9,1,0,0,0,0,1,0,0,3
261,20,71,0,0,1,4,2,,0,0,0,0,,,4.2,130,0.15,0.15,7.3,24,9,1,0,0,0,0,0,0,0,0
262,1257,54,0,0,1,2,2,,0,1,,0,170,100,,,0.68,0.37,12,7,9,1,0,0,0,0,0,1,1,0
263,1311,75,0,0,3,2,1,,2,0,,0,,,,,0.3,0.18,7.8,16,7,1,0,0,0,1,0,1,1,0
264,765,36,1,0,0,0,0,,2,0,2,0,140,80,4.6,143,2.26,1.04,8.4,7,1,1,0,0,0,0,0,0,0,0
265,456,50,1,0,0,0,2,,0,0,0,0,130,80,3.9,121,1.36,0.3,6.1,13,8,1,0,0,0,0,0,0,0,0
266,478,34,1,0,0,0,0,,0,0,0,0,125,70,3.9,141,1.36,0.37,5.6,4,9,0,0,0,0,0,0,0,0,0
267,331,70,0,1,1,2,1,,0,1,7,0,,,3.8,127,0.3,0.22,16.3,8,5,1,0,0,0,0,0,0,0,0
268,850,71,0,1,6,1,1,,2,0,7,0,,,,,0.51,0.22,11.3,27,2,0,0,0,0,0,0,0,0,0
269,679,63,1,0,3,2,1,,0,0,0,0,140,80,4.5,134,0.61,0.33,6.5,15,5,1,0,0,0,0,0,0,0,0
270,1309,42,1,0,4,2,1,,0,0,0,0,,,6.2,142,0.3,0.15,7.7,7,3,1,0,0,0,0,0,0,0,0
271,1341,70,1,0,1,2,1,,2,0,7,0,,,,,0.3,0.15,22.4,3,3,1,0,0,0,0,0,0,1,0
272,1525,66,1,0,6,2,0,,2,0,6,0,140,90,4.2,130,0.45,0.37,9.4,32,2,1,0,0,1,0,0,0,0,7
273,306,65,0,0,2,2,1,,2,0,7,0,,,,,0.15,0.22,7.9,4,8,1,0,0,0,0,0,0,0,0
274,1504,75,1,0,0,0,2,,0,0,0,0,110,60,5.9,138,,,12.4,,8,0,0,0,0,0,0,0,0,1
275,1070,62,1,1,2,2,1,,0,0,0,0,100,70,5.5,146,0.3,0.37,5.6,6,,1,0,0,1,0,0,0,0,0
276,789,72,0,1,5,2,2,,2,0,,0,220,100,3.6,133,0.3,0.11,4.5,10,9,0,0,0,0,0,0,0,0,0
277,464,73,0,1,2,2,2,,3,0,3,0,150,100,4.1,136,0.61,0.3,7.1,30,3,0,0,0,0,0,0,0,0,0
278,1640,57,0,0,,,,,0,0,0,0,80,30,3.9,146,0.52,0.11,10.6,10,3,0,0,0,0,0,0,0,0,1
279,1116,57,0,0,,2,2,,2,0,,0,,,3.4,146,0.52,0.33,8.3,10,4,0,0,0,0,0,0,1,0,0
280,358,67,0,0,6,2,2,,0,0,0,0,,,3.2,140,0.45,0.11,5.8,10,6,1,0,0,0,0,0,0,0,0
281,379,63,1,1,0,0,2,,2,0,5,0,,,4.6,142,0.75,0.45,6.7,6,7,1,0,0,0,0,0,0,0,0
282,1303,77,0,0,0,0,0,,0,0,0,0,,,3.6,138,0.38,0.3,7.5,14,2,0,1,0,0,0,0,0,0,0
283,589,51,1,1,5,2,1,,0,0,0,0,150,90,4.1,136,1.05,0.96,4.3,,9,1,0,0,0,0,0,0,0,0
284,337,60,0,0,0,0,2,,2,0,5,0,130,80,4.1,139,1.43,0.6,5,15,1,1,0,0,0,0,0,1,0,0
285,1222,61,1,1,5,2,2,,2,0,4,0,,,,,0.23,0.18,12.6,19,6,1,0,0,0,0,0,0,0,0
286,1377,51,1,0,0,0,0,,0,0,0,0,,,,,0.3,0.3,7.4,,3,1,1,0,1,0,0,1,0,0
287,1258,74,1,1,6,2,2,,0,0,0,0,120,80,3.9,140,0.15,0.11,5,5,6,1,0,0,0,0,0,0,1,0
288,141,55,1,0,0,0,0,,0,0,0,0,120,80,4.9,131,0.61,0.75,8.2,22,9,1,0,0,0,0,0,0,0,0
289,385,59,0,1,0,0,2,,0,0,0,1,,,,,,,9.2,25,1,1,0,0,0,0,0,1,0,0
290,1673,60,1,0,2,2,1,,0,0,0,0,,,3.9,140,0.23,0.11,13.9,4,1,0,0,0,0,0,0,0,0,1
291,330,27,1,0,0,0,2,1,2,0,3,0,110,90,4.8,128,0.82,0.37,6.4,,6,1,0,0,0,0,0,0,0,0
292,1140,70,1,1,5,1,1,,2,0,,0,,,5,143,0.82,0.22,6.8,7,2,0,0,0,0,0,0,1,1,0
293,1264,64,0,1,,,2,,2,0,7,0,,,3.9,136,0.75,0.33,14.6,24,9,1,1,0,0,0,0,0,0,0
294,1580,57,1,0,,,,,,,,,,,4.6,140,0.3,0.15,16.7,5,3,1,0,0,1,0,0,0,0,7
295,357,71,1,0,0,0,0,,2,0,5,1,,,4.8,133,0.3,0.15,25,,2,1,0,0,0,0,0,1,1,0
296,794,64,1,0,,2,1,,2,0,,0,,,4.5,136,1.36,0.52,11.8,10,4,1,0,1,0,0,0,0,0,0
297,1026,66,1,3,6,4,2,,2,0,7,0,115,80,,,0.15,0.3,7.5,8,9,1,0,0,0,0,0,0,0,0
298,158,72,1,0,,2,1,,2,0,,0,130,80,3.6,,0.07,0.04,7.8,11,2,1,0,0,0,0,0,0,0,0
299,830,62,1,0,0,0,0,,0,0,0,0,60,30,3.3,133,0.3,0.07,5.9,23,1,1,0,0,0,0,0,0,0,0
300,494,77,0,2,0,0,2,,2,0,7,0,,,,,0.23,0.11,8,17,9,0,0,0,0,0,0,0,0,0
301,354,58,1,1,0,0,2,,2,0,1,1,100,70,4.1,153,0.45,0.44,15.3,2,2,1,0,0,0,0,0,1,0,0
302,575,70,1,0,6,2,1,,0,0,0,0,,,,,1.36,0.22,,,3,0,0,0,0,0,0,1,0,0
303,1535,70,0,2,3,2,,,2,0,7,0,,,3.7,130,0.9,0.9,7.6,35,6,1,1,0,0,0,0,0,0,6
304,608,63,0,0,1,2,1,,0,0,0,3,160,90,4,138,,,,,9,0,0,0,0,0,0,1,0,0
305,1418,80,0,3,2,3,1,,2,0,7,3,,,4.8,130,,,12.6,24,6,1,0,0,0,1,0,0,0,0
306,1428,53,0,0,1,1,1,,2,0,5,0,,,4,133,0.15,0.15,11.7,3,1,0,1,0,1,0,0,0,1,7
307,341,52,0,0,0,0,0,,2,0,3,1,,,3.2,129,0.45,0.22,7.5,6,2,1,0,0,0,0,0,1,0,0
308,567,74,0,0,6,2,1,,2,0,,2,160,60,4.4,138,,,5.2,6,8,1,0,0,0,0,0,1,0,0
309,749,64,1,0,0,0,2,,2,0,5,0,,,5.4,146,,,7.8,6,8,1,0,0,0,0,0,0,0,0
310,1142,55,0,2,2,3,2,,2,0,,0,130,90,4.1,143,0.23,0.15,9.1,4,4,1,0,0,0,0,0,1,1,0
311,1630,68,1,0,0,0,0,,0,0,0,,,,4.4,130,0.45,0.3,14.3,33,4,1,1,1,0,0,0,0,0,7
312,240,60,1,0,6,2,2,,0,0,0,0,125,70,4.8,139,0.3,0.3,11.5,7,6,1,0,0,0,0,0,0,0,0
313,444,53,0,0,3,2,2,,0,1,7,0,,,4,140,0.61,0.15,5,17,8,1,0,0,0,0,0,0,0,0
314,1357,71,0,0,3,2,1,,3,0,7,0,,,2.7,130,,,12.2,25,1,1,0,0,0,1,0,0,0,0
315,1200,52,1,1,4,2,2,,0,0,0,0,,,4,139,,,9.6,7,2,1,0,0,0,0,0,0,0,0
316,1322,56,1,0,0,0,0,,0,0,0,0,,,3.2,125,0.07,0.11,9,7,3,1,0,1,0,0,0,0,0,0
317,657,64,1,0,6,2,1,,3,0,6,0,170,100,3.7,138,0.23,0.07,13.1,12,4,1,0,0,0,0,0,0,0,0
318,1507,76,1,1,6,2,2,,2,0,4,0,80,60,4.2,134,0.62,0.15,12.9,19,2,0,0,0,0,0,0,0,0,1
319,1093,62,0,0,1,2,1,,2,0,6,0,,,4.7,136,0.22,0.15,11.9,,2,1,1,0,0,0,0,1,0,0
320,1213,80,1,1,6,2,1,,3,0,7,0,200,100,4,146,0.15,0.07,9.4,10,3,1,0,0,0,0,0,0,0,0
321,558,60,1,0,0,0,0,,0,0,0,0,,,3.3,132,0.15,0.82,10.8,,2,1,0,0,0,0,0,0,0,0
322,1151,51,0,0,0,0,0,,2,0,7,0,,,,,,,,,9,0,0,0,0,0,0,0,1,0
323,770,65,1,1,5,2,2,,0,0,0,0,,,3.8,134,0.15,0.07,3.4,5,7,1,0,0,0,0,0,1,0,0
324,294,54,1,0,0,0,2,,3,0,7,0,,,3.8,138,0.52,0.3,5.8,6,1,1,0,0,0,0,0,0,0,0
325,968,45,1,0,0,0,0,,2,0,7,0,140,90,4.6,136,0.75,0.52,,,7,1,0,0,0,0,0,0,0,0
326,159,69,0,0,5,2,1,,2,0,5,0,,,4.3,134,0.45,0.37,6.6,29,6,1,0,0,0,0,0,0,0,0
327,1407,59,1,0,0,0,0,,0,0,0,0,,,,,,,10,3,2,1,0,0,0,0,0,0,0,0
328,1650,59,1,0,0,0,0,,0,0,0,0,,,,,,,9,4,2,0,1,0,0,0,0,0,0,1
329,1394,53,1,0,1,2,1,,0,1,1,0,150,90,4.3,140,0.45,0.3,13.4,20,2,0,0,0,0,0,0,0,0,0
330,65,58,0,0,6,2,1,,2,0,7,1,,,,,0.45,0.15,21.3,5,3,1,0,0,0,0,0,1,0,0
331,396,45,1,0,0,0,0,0,0,0,0,0,,,4,137,0.15,0.15,10.8,10,9,1,0,0,0,0,0,0,0,0
332,256,61,1,0,0,0,0,,0,0,0,1,,,3.9,140,0.3,0.07,5.3,4,2,1,0,0,0,0,0,1,0,0
333,1548,62,0,0,5,2,1,,2,0,7,0,150,90,,,,,8.7,12,6,1,1,0,0,0,0,0,1,2
334,208,76,0,0,1,2,2,,2,0,7,1,,,3.4,137,0.61,0.22,10.7,40,9,1,0,0,0,0,0,1,0,0
335,1276,67,1,0,2,2,1,,2,0,7,0,140,90,4.5,133,0.07,0.15,9,12,3,1,1,0,0,0,0,0,0,0
336,1475,67,1,1,5,2,1,,3,0,6,0,190,100,4.6,138,0.45,0.15,14.7,2,2,0,0,0,0,0,0,0,0,1
337,1334,38,1,0,0,0,0,,1,0,6,0,130,90,4.9,140,1.13,0.63,5.4,,7,1,0,0,0,0,0,0,0,0
338,1532,53,1,2,3,3,2,,0,1,7,3,,,5.6,136,1.05,0.22,6.8,51,,0,0,0,0,0,0,1,0,4
339,446,72,1,1,4,2,1,,0,0,0,0,,,,,,,5.1,6,2,1,0,0,0,0,0,0,0,0
340,930,63,1,0,3,2,1,,0,0,0,0,110,70,4.3,136,0.52,0.33,9.9,4,2,1,0,0,0,0,0,0,0,0
341,471,48,1,1,3,2,1,,2,0,5,0,120,80,6.7,126,0.61,0.3,8.8,14,2,1,0,0,0,0,0,0,0,0
342,1099,70,1,0,4,2,1,,2,0,3,0,,,,,0.15,0.18,9.5,20,,1,0,0,0,0,0,0,0,0
343,1268,70,0,0,6,2,1,,2,0,7,0,,,4.2,143,0.38,0.15,8,11,5,1,1,0,0,0,0,0,0,0
344,428,57,1,0,0,0,0,1,0,0,0,0,160,110,4.5,128,0.07,0.11,6.3,12,2,0,0,0,0,0,0,0,0,0
345,807,66,0,1,3,3,2,,2,0,7,0,,,4,134,0.23,0.11,9.7,14,4,0,0,0,0,0,0,0,0,0
346,1120,49,1,0,,2,1,,2,0,,0,,,4.8,143,0.3,0.15,5.1,30,9,1,0,0,0,0,0,1,0,0
347,548,62,1,0,1,3,2,,2,0,6,0,,,4,137,0.45,0.07,9.1,7,3,0,0,0,0,0,0,0,0,0
348,175,61,0,0,3,2,1,,2,0,,0,180,100,,,0.23,0.07,,,,1,0,0,0,0,0,0,0,0
349,883,54,0,1,5,2,2,,0,1,4,0,160,90,3.7,140,0.23,0.11,5.9,12,9,1,0,0,0,0,0,0,0,0
350,1058,65,1,0,0,0,2,,0,0,0,0,,,,,0.75,0.3,7.1,8,1,0,0,0,0,0,0,0,0,0
351,759,57,1,0,5,2,1,,0,0,0,0,,,,,0.15,0.18,6,4,2,1,0,0,0,0,0,0,0,0
352,89,68,1,0,0,0,2,0,2,0,1,0,,,5.4,141,0.45,0.33,7.9,11,9,1,0,0,0,0,0,0,0,0
353,762,38,1,1,0,0,0,,0,0,0,0,,,3.8,138,0.15,0.18,12,16,7,1,0,0,0,0,0,0,0,0
354,273,52,1,0,0,0,2,,0,0,0,0,150,80,5.9,133,0.68,0.52,8.4,6,3,0,0,0,0,0,0,0,0,0
355,1372,57,1,0,,2,1,,2,0,,0,,,5.5,130,0.38,0.3,12.3,3,7,1,1,0,0,0,0,0,0,0
356,951,65,1,1,1,2,1,,0,0,0,0,,,4.4,140,,,9.7,3,1,1,0,0,0,0,0,0,0,0
357,1401,47,0,1,2,2,2,,3,0,,0,,,,,0.61,0.22,9.2,8,9,0,0,0,0,0,0,0,0,0
358,467,67,0,0,0,0,0,,0,1,,0,90,60,3.2,131,0.15,0.15,6.8,8,2,1,1,0,0,0,0,1,0,0
359,485,,0,2,6,2,1,,2,0,6,0,110,80,4.6,132,0.75,0.22,5.6,14,3,1,0,0,0,0,0,0,0,0
360,404,45,1,0,1,2,1,,0,1,6,0,190,100,,,0.38,0.3,9.6,14,4,1,0,0,0,0,0,0,0,0
361,1176,35,1,0,0,0,2,,0,0,0,0,120,80,3,132,0.32,0.07,4.6,2,6,1,0,0,0,0,0,0,0,0
362,1343,42,1,0,0,0,0,,0,0,0,0,,,,,,,8,3,2,1,0,0,0,0,0,1,1,0
363,1182,81,0,0,,3,1,,0,0,0,0,180,110,3.3,134,0.38,0.3,10.6,4,7,1,1,0,0,0,0,0,0,0
364,725,60,0,0,0,0,0,,0,0,0,0,,,3.1,134,0.15,0.07,9.9,2,9,1,0,0,0,0,0,0,0,0
365,489,63,0,1,6,2,1,,2,0,7,0,120,80,,,,,6.5,7,8,1,0,0,0,0,0,0,0,0
366,1050,67,0,2,0,0,0,,0,0,0,0,140,90,3.2,140,0.23,0.22,5.8,4,7,1,1,0,0,0,0,0,0,0
367,1494,77,1,3,6,2,1,,3,0,7,0,120,70,4.3,136,0.23,0.22,7,15,2,0,0,0,0,0,0,0,0,5
368,1095,59,1,0,0,0,2,,2,0,,0,,,6.1,143,0.75,1.05,9.6,5,7,1,1,0,0,0,0,1,0,0
369,637,78,0,0,,2,1,,2,0,,0,170,80,,,,,5.3,40,,1,0,0,0,0,0,0,0,0
370,1133,81,0,0,0,0,0,,2,0,,0,110,80,3.2,123,0.22,0.15,5.3,11,,1,0,0,0,1,0,0,0,0
371,1051,76,0,0,3,2,1,,2,0,1,0,,,4.2,138,0.23,0.07,7.3,9,9,0,1,0,0,0,0,0,0,0
372,1445,65,1,0,0,0,0,,0,0,0,,,,4.4,132,,,8.5,9,9,0,0,0,0,0,0,0,0,6
373,1366,69,0,1,6,2,1,,2,0,7,0,,,4.3,140,,,10.3,30,3,1,1,0,0,0,0,1,0,0
374,10,77,0,2,0,0,0,,3,0,6,1,,,,,0.38,0.11,6.9,30,3,0,0,0,0,0,0,1,0,0
375,434,83,0,0,6,2,2,,2,0,7,0,200,100,3.7,130,0.9,0.45,7.7,9,4,1,0,0,0,1,0,1,0,0
376,954,65,0,0,0,0,0,,2,0,6,0,,,3.6,146,0.15,0.15,4.2,12,9,1,0,0,0,0,0,0,0,0
377,1442,81,0,0,0,0,0,,3,1,5,0,,,3,136,0.52,0.26,10.6,8,1,1,0,0,1,0,1,0,0,3
378,635,59,0,0,5,2,2,,2,0,1,0,,,5.7,135,,,9.5,20,1,0,0,0,0,0,0,0,0,0
379,1599,56,1,3,6,2,2,,2,0,7,0,,,5.7,150,0.45,0.15,,,3,1,0,0,0,0,0,0,0,7
380,210,61,0,1,5,2,1,,2,0,5,0,,,,,,,4.2,13,2,1,0,0,0,0,0,0,0,0
381,1275,66,1,0,6,2,2,,2,0,7,0,,,3.3,141,0.61,0.22,12.4,5,2,1,1,0,0,0,0,0,0,0
382,69,60,1,0,0,0,0,,0,0,0,0,,,4.5,149,1.51,0.52,7.1,15,3,1,0,0,0,0,0,0,0,0
383,233,50,1,0,1,2,2,,2,0,2,0,,,5,139,0.23,0.3,10.7,31,9,1,0,0,0,0,0,0,0,0
384,1483,72,1,1,1,2,1,,2,0,7,0,,,,,3,0.11,7.4,10,3,,0,0,0,0,0,0,0,1
385,234,52,0,0,0,0,2,,1,0,1,0,,,4.2,138,0.38,0.22,4.5,5,9,0,0,0,0,0,0,0,0,0
386,122,65,0,0,3,2,1,,2,0,7,0,,,4.4,130,0.52,0.04,7,3,7,1,0,0,0,0,0,0,0,0
387,1017,68,0,1,6,2,2,,2,0,7,0,140,90,4.9,137,0.68,0.07,6.8,24,,1,0,0,0,0,0,0,0,0
388,314,50,1,1,3,2,2,,0,0,0,0,,,3.5,139,,,9.1,4,6,1,0,0,0,0,0,0,0,0
389,889,72,1,0,0,0,0,,3,0,7,0,,,4.2,140,0.38,0.15,13,5,2,1,1,0,0,1,0,1,0,0
390,1473,62,0,0,6,2,1,,3,0,6,0,240,120,4.8,138,0.15,0.07,12.9,5,4,1,0,0,0,0,1,0,0,3
391,1561,61,1,0,0,0,0,,0,0,0,0,80,40,,,,,,,1,0,0,0,0,0,0,0,0,1
392,316,65,1,0,1,2,1,,0,0,0,0,,,4.5,136,1.05,0.96,4.8,8,7,1,0,0,0,0,0,0,0,0
393,891,52,1,0,0,0,0,,2,0,,0,140,80,4.7,136,,,6.9,9,9,1,0,0,0,0,0,0,0,0
394,1148,62,0,1,3,1,1,,0,0,0,0,120,80,4.5,136,0.61,0.22,8,2,3,0,0,0,0,0,0,0,1,0
395,386,41,1,0,0,0,0,0,2,0,5,0,,,4.2,123,0.52,0.26,9.8,3,2,1,0,0,0,0,0,0,0,0
396,239,73,1,1,4,2,2,,2,0,,0,140,90,,,0.45,0.4,5,3,2,0,0,0,0,0,0,0,0,0
397,607,65,1,3,6,2,1,,2,0,7,0,,,3.9,140,0.15,0.45,5.2,9,8,0,1,0,0,0,0,0,0,0
398,291,44,1,0,0,0,0,,0,0,0,0,,,4,136,0.61,0.07,10.6,3,2,1,0,0,0,0,0,0,0,0
399,707,51,1,0,0,0,2,,2,0,7,0,130,80,4,140,0.38,0.15,8.1,3,9,1,0,0,0,0,0,1,0,0
400,1205,65,1,0,2,2,1,,0,0,0,0,130,80,3.6,133,0.23,0.15,6.5,7,2,1,0,0,0,0,0,0,1,0
401,162,88,0,0,,2,1,,2,0,7,0,,,5,136,0.15,0.07,6.1,4,2,1,0,0,0,1,0,1,0,0
402,407,65,0,0,0,0,2,,2,0,6,0,170,90,4.1,140,0.3,0.15,4.7,11,2,1,0,0,0,0,0,0,0,0
403,1065,48,1,1,2,2,1,,0,0,0,0,,,4.2,130,0.38,0.22,13.1,15,2,1,0,0,0,0,0,1,0,0
404,224,63,0,0,6,2,2,,2,0,6,0,,,3.1,134,0.3,0.11,6.1,10,1,1,0,0,0,0,0,0,0,0
405,1296,69,1,0,0,0,0,,3,0,7,0,160,100,3.7,131,0.38,0.18,6.8,7,,1,1,0,0,0,0,1,0,0
406,139,49,0,0,0,0,0,,0,1,5,0,,,3.8,138,1.57,0.75,14.8,15,4,1,1,0,1,0,0,1,0,0
407,13,60,1,1,0,0,2,,2,0,2,0,,,,,0.23,0.15,5.4,15,4,1,0,0,0,0,0,0,0,0
408,267,38,1,0,0,0,2,1,2,0,1,0,140,90,4.2,134,2.86,1.12,8.8,13,5,1,0,0,0,0,0,0,0,0
409,925,69,0,1,2,3,1,,0,0,0,0,,,4.6,140,,,11.8,4,9,0,0,0,0,0,0,0,0,0
410,623,60,1,0,0,0,0,,2,0,,0,130,90,4.5,142,1.36,0.18,8.1,42,9,1,0,0,0,0,0,0,0,0
411,530,70,0,0,0,0,0,,0,1,3,0,170,100,4.8,140,0.15,0.07,9.1,34,2,1,0,0,0,0,0,0,0,0
412,438,63,1,0,0,0,2,,0,0,0,0,,,4.3,143,1.13,0.45,7.2,4,8,1,0,0,0,0,0,1,0,0
413,1207,61,0,0,0,0,2,,0,0,0,0,,,5.2,156,0.15,0.07,6.1,14,9,1,0,0,0,0,0,0,0,0
414,119,60,1,0,,2,2,,2,0,1,0,,,4.3,144,0.15,0.11,4.2,5,8,1,0,0,0,0,0,0,0,0
415,1342,83,0,1,5,2,1,,2,0,,0,150,100,3.4,136,0.14,0.23,7.6,32,3,1,0,0,0,0,0,0,1,0
416,624,72,1,0,3,2,1,,0,1,,0,,,5,132,0.15,0.11,7.8,31,3,0,0,0,0,0,0,0,0,0
417,1692,62,1,0,0,0,0,,0,1,7,0,,,4.9,133,0.15,0.07,10.5,3,1,1,0,0,0,0,1,0,0,3
418,673,56,1,0,6,2,1,0,0,0,0,0,,,4.6,126,0.15,0.07,8.5,45,2,1,0,0,0,0,0,0,0,0
419,604,65,0,0,0,0,2,,0,0,0,0,,,3.5,138,0.61,0.15,10.2,28,2,1,0,0,0,0,0,1,0,0
420,454,74,1,0,0,0,2,,2,0,2,0,140,80,,,,,,,,0,0,0,0,0,0,1,0,0
421,87,63,1,0,,2,2,,0,0,0,0,,,3.4,136,0.41,0.45,8.2,4,2,0,0,0,0,0,0,1,0,0
422,1503,46,1,0,6,2,2,,0,0,0,0,,,3.8,124,0.3,0.6,4.8,4,7,0,0,0,0,0,0,0,1,1
423,921,69,1,0,,2,1,,2,0,1,0,,,4,150,0.68,0.22,9.5,8,6,0,0,0,0,0,0,0,0,0
424,728,66,1,1,1,2,1,,2,0,7,0,,,3.4,138,0.15,2.15,13.5,5,1,1,0,0,0,0,0,0,0,0
425,1467,61,0,2,3,3,1,,3,0,6,0,,,,,,,,,5,0,0,0,0,1,0,0,0,1
426,25,67,1,1,6,2,1,,0,0,0,1,130,80,,,,,10.2,3,2,1,0,0,0,0,0,0,0,0
427,1170,63,0,0,0,0,0,,2,0,,0,,,4.1,136,0.4,0.3,4.1,10,8,1,0,0,0,0,0,0,0,0
428,605,80,0,0,2,2,1,,2,0,6,0,,,3.8,141,0.38,0.07,6.4,28,7,0,0,0,0,0,0,0,0,0
429,861,58,1,2,4,2,2,,0,0,0,1,,,4.4,135,,,6.9,4,,0,0,0,0,1,0,1,0,0
430,1397,55,1,0,5,2,2,,0,0,0,0,130,80,,,0.52,0.18,6.9,5,2,1,0,0,0,0,0,0,0,0
431,426,48,1,0,6,2,1,,0,0,0,0,,,4,146,0.61,0.33,5.6,7,1,0,0,0,0,0,0,0,0,0
432,1593,77,0,1,0,0,2,,3,0,7,0,,,,,,,,,2,0,0,0,0,0,0,0,0,1
433,225,44,0,0,0,0,0,,0,0,0,1,,,4.5,134,0.3,0.37,7.7,18,2,0,0,0,0,0,0,1,0,0
434,151,45,1,2,0,0,2,,2,0,7,0,160,120,,,0.45,0.22,5,4,3,1,0,0,0,0,0,0,0,0
435,1518,65,0,2,,,,,2,0,,0,110,70,,,,,,,5,0,0,0,0,0,0,0,0,1
436,887,43,0,0,0,0,2,,2,0,,0,,,4,140,0.45,0.07,,,,1,0,0,0,0,0,0,0,0
437,1249,78,0,0,2,2,1,,0,0,0,0,,,3.2,133,0.14,0.08,7.9,38,3,1,0,0,0,1,0,0,0,0
438,405,79,0,1,0,0,2,,2,0,7,0,130,80,5,137,0.38,0.15,7.7,5,2,1,0,0,0,0,0,0,0,0
439,1110,79,1,1,1,2,1,,2,0,,0,,,5,117,0.15,0.22,11.2,8,2,1,0,0,0,0,0,0,0,0
440,1570,62,0,1,6,2,1,,2,0,7,0,140,70,4.6,138,1.28,0.9,9.4,8,7,1,0,0,0,0,0,0,0,1
441,586,61,0,0,2,2,1,,2,0,7,3,,,3.3,136,0.3,0.22,9.1,,2,1,1,0,0,0,0,0,0,0
442,200,63,1,0,0,0,0,,2,0,6,0,180,100,,,,,5.9,13,3,1,0,0,0,0,0,0,0,0
443,1680,75,0,1,5,2,1,,2,0,,3,,,6.1,127,0.07,0.04,9.6,10,1,1,0,0,0,0,1,0,0,3
444,305,70,0,0,2,2,1,,0,1,7,0,,,4.1,141,0.38,0.48,5.5,7,9,1,0,0,0,0,0,0,0,0
445,257,53,1,0,0,0,2,,2,0,6,0,,,4.2,138,0.61,0.26,6.9,5,3,1,0,0,0,0,0,0,0,0
446,221,35,1,0,0,0,2,,0,0,0,0,130,80,3.9,131,0.23,0.18,11.7,7,3,1,0,0,0,0,0,0,0,0
447,994,55,1,0,1,2,1,,2,0,4,0,,,4.3,136,0.3,0.1,6.5,2,7,0,1,0,0,0,0,0,0,0
448,910,52,0,0,0,0,0,,3,0,6,0,,,3.4,134,0.15,0.07,8.5,10,2,1,0,0,0,0,0,1,0,0
449,1450,82,0,1,6,2,1,,0,1,7,0,,,4.3,140,0.45,0.48,8.5,21,5,1,0,0,0,1,0,0,0,1
450,649,34,1,1,5,2,1,,2,0,,0,110,70,3.1,130,0.9,0.22,8.8,5,1,1,0,0,0,0,0,0,0,0
451,1141,77,1,0,,2,2,,2,0,,0,,,4.4,144,0.76,0.3,15.4,12,2,1,0,0,0,0,0,0,1,0
452,1392,62,0,0,6,2,1,,3,0,7,0,,,4.1,130,,,6.9,17,,0,0,0,0,0,0,0,0,0
453,766,42,1,0,0,0,0,,0,0,0,0,,,4.3,134,0.23,0.07,4.8,5,9,1,0,0,0,0,0,0,0,0
454,785,56,1,1,1,2,1,,0,0,0,0,130,90,,,0.23,0.15,4.2,44,9,0,0,0,0,0,0,1,0,0
455,823,54,1,0,0,0,2,,0,0,0,0,,,5,156,0.15,0.11,6.7,3,6,1,0,0,0,0,0,0,0,0
456,39,59,0,1,6,2,2,,3,0,7,1,,,4.3,136,0.15,0.15,6.8,9,9,1,0,0,0,0,0,1,0,0
457,523,57,1,0,2,2,1,,2,0,,3,,,,,,,11,24,9,0,0,0,0,0,0,0,0,0
458,1685,66,0,0,5,1,1,,3,0,6,,,,4.2,146,0.15,0.07,6.9,4,2,1,0,0,0,0,0,0,0,5
459,866,54,1,1,1,2,1,,0,0,0,0,,,3.7,130,,,11,18,2,1,0,0,0,0,0,0,0,0
460,1043,51,0,0,5,1,1,,2,0,7,0,,,2.4,136,0.15,0.07,14.1,15,7,1,0,0,0,1,0,0,0,0
461,674,78,0,0,0,0,0,,3,0,,0,140,80,5.3,146,0.6,0.44,4.1,10,3,1,0,0,0,0,0,1,0,0
462,1666,56,1,2,6,2,2,,2,0,6,0,,,4.7,146,0.22,0.45,,,8,0,0,0,0,1,0,0,0,1
463,650,59,1,0,0,0,0,,0,0,0,0,120,80,4.2,141,0.61,0.37,8,22,9,1,0,0,0,0,0,0,0,0
464,286,50,1,0,5,1,1,1,3,0,6,0,,,4.4,140,0.68,0.18,,,9,0,0,0,0,0,0,0,0,0
465,1284,68,1,0,4,2,2,,2,0,7,0,,,3.1,133,0.15,0.23,7.7,,3,1,0,0,0,0,0,0,0,0
466,739,51,1,0,0,0,2,,0,1,,0,,,4.3,144,0.45,0.22,5.9,3,9,1,0,0,0,0,0,0,0,0
467,195,38,1,0,0,0,0,,2,0,1,0,130,90,3.9,140,0.23,0.11,7.4,8,3,1,0,0,0,0,0,0,0,0
468,186,79,0,0,0,0,2,,2,0,1,0,140,60,3.6,139,,,4.5,23,9,1,0,0,0,0,0,1,0,0
469,1177,57,1,0,,2,0,,0,0,0,0,110,70,,,0.38,0.11,9.7,12,5,1,0,0,0,0,0,0,0,0
470,163,51,1,0,2,2,1,,2,0,7,0,,,4.3,138,1.05,0.45,4.7,14,8,1,0,0,0,0,0,0,0,0
471,64,55,1,0,0,0,0,,2,0,1,0,,,7.7,135,,,7.7,18,5,0,0,0,0,0,0,0,0,0
472,1620,51,1,2,6,2,2,,0,0,0,2,0,0,,,0.23,0.11,7.9,11,3,0,0,0,0,0,0,0,0,1
473,827,63,1,0,0,0,0,,0,0,0,0,110,70,4,146,0.15,0.18,7.5,8,1,1,1,0,0,0,0,0,0,0
474,988,26,0,0,0,0,0,0,0,0,0,0,,,4,136,0.15,0.11,27.9,18,8,1,0,0,0,0,0,0,0,0
475,82,62,1,1,0,0,2,,3,0,7,1,,,3.8,142,0.15,0.15,9.4,4,7,0,0,0,0,0,0,1,0,0
476,448,66,1,1,6,2,1,,2,0,2,0,,,4,141,0.9,0.45,5,11,,1,0,0,0,0,0,0,0,0
477,1088,64,0,1,5,2,2,,2,0,7,0,210,100,3.3,146,0.75,0.07,15.2,,3,1,1,0,0,0,0,0,0,0
478,1316,57,1,0,3,2,0,0,0,0,0,0,,,3.3,140,0.45,0.3,6.9,24,3,1,0,0,0,0,0,0,0,0
479,1295,63,1,0,0,0,0,,0,0,0,0,150,90,3.2,127,1.36,0.26,,,5,0,0,0,1,0,0,0,0,0
480,800,61,1,0,2,2,1,,2,0,7,0,160,90,,,1.5,0.45,6.1,28,9,1,0,0,0,0,0,0,0,0
481,1075,53,1,0,3,2,1,,0,0,0,0,,,4.2,159,0.52,0.26,5.7,3,1,0,0,0,1,0,0,0,1,0
482,95,42,1,0,0,0,2,,2,0,2,0,,,5.1,139,0.45,0.11,4.9,9,2,0,0,0,0,0,0,0,0,0
483,1559,57,1,0,3,2,1,,0,0,0,0,110,80,,,,,,,1,0,0,0,0,0,0,0,0,2
484,976,62,0,0,5,2,1,,0,0,0,0,,,4.3,140,,,7.4,15,9,0,0,0,0,0,0,1,0,0
485,43,72,0,2,4,2,1,,2,0,3,0,,,3.6,130,1.2,0.15,4.8,,3,1,0,0,0,0,0,0,0,0
486,561,71,1,0,0,0,0,,0,0,0,0,,,4.6,136,0.23,0.9,9.1,3,6,1,0,0,0,0,0,0,0,0
487,1373,65,0,0,6,2,1,,3,0,,0,,,,,0.75,0.37,9,,4,1,1,0,0,0,0,1,0,0
488,669,44,1,0,0,0,0,,0,0,0,0,130,80,4.2,140,0.61,0.22,5,10,6,1,0,0,0,0,0,0,0,0
489,1378,90,0,1,6,2,1,,2,0,7,0,,,3.6,143,,,6.7,38,5,1,1,0,0,0,0,0,0,0
490,1452,53,1,1,1,1,1,,2,0,1,0,,,5.1,169,1.96,0.15,19.3,12,2,1,1,0,0,0,0,1,0,6
491,1367,72,0,2,6,,1,,2,0,7,0,,,,,,,5,21,9,1,1,0,0,0,0,0,0,0
492,1057,63,0,0,0,0,0,,2,0,3,0,110,70,3.8,142,0.15,0.11,13.4,4,2,1,0,0,0,0,0,0,0,0
493,289,84,0,1,0,0,0,,2,0,5,1,,,4,139,,,13,12,4,1,0,0,0,0,0,1,0,0
494,1512,90,0,0,6,2,2,,0,0,0,,160,65,4.3,127,1.05,0.75,10.2,4,6,0,0,0,0,0,0,0,0,1
495,1466,63,0,0,,,2,,3,0,6,0,180,90,4.5,136,0.23,0.07,7.5,44,5,0,0,0,0,1,1,0,1,3
496,699,72,0,0,1,2,1,,0,0,0,1,,,5.5,138,0.23,0.33,4.3,2,9,1,0,0,0,0,0,1,0,0
497,470,80,1,2,6,2,2,,3,0,,0,160,100,,,,,4,15,4,0,0,0,0,0,0,1,0,0
498,1324,71,0,0,,,2,,2,0,,0,,,3.1,129,0.75,0.33,10.9,8,,1,1,0,0,0,0,1,0,0
499,735,62,1,1,1,2,1,,2,0,2,0,140,90,3.5,136,0.45,0.3,5.7,2,1,1,0,0,0,0,0,1,1,0
500,1607,67,0,0,6,2,,,2,0,6,0,80,60,4.9,136,0.75,0.67,12.9,8,5,1,0,0,0,0,0,0,0,1
501,880,71,1,1,6,2,1,,0,0,0,0,110,70,4,140,0.52,0.22,8.5,17,2,1,0,0,1,0,0,1,0,0
502,1453,76,0,3,,3,1,,3,0,7,3,,,,,,,,,2,0,0,0,0,0,0,0,0,2
503,724,74,1,1,6,2,2,,2,0,1,0,,,3.9,125,0.15,0.07,6,19,9,1,0,0,0,0,0,0,0,0
504,750,51,1,0,1,2,1,,0,0,0,0,,,4.1,136,0.3,0.22,12,3,9,1,0,0,0,0,0,0,0,0
505,564,52,1,0,0,0,2,,2,0,7,0,,,5.5,128,1.05,0.52,12,30,7,1,0,0,0,0,0,0,0,0
506,644,60,1,0,0,0,0,,3,0,6,0,,,4.2,144,1.26,1.34,17.4,12,2,0,0,0,0,0,0,0,0,0
507,521,35,1,0,0,0,0,,2,0,1,0,,,3.9,140,0.75,0.37,12.5,4,1,1,0,0,0,0,0,0,0,0
508,1011,70,1,0,6,2,2,,3,0,7,0,,,3.9,140,0.38,0.15,8,15,7,1,0,0,0,0,0,0,0,0
509,1426,65,0,2,6,2,2,,2,0,7,0,,,3.1,130,0.45,0.15,9,32,9,0,0,0,0,0,0,0,0,0
510,1103,61,1,0,6,2,1,,2,0,6,0,,,4.3,130,0.15,0.11,12.6,20,3,1,0,0,0,0,0,0,0,0
511,1246,47,0,1,2,2,2,,2,0,7,0,115,80,3.6,130,0.23,0.15,18.7,8,8,1,0,0,0,1,0,0,0,0
512,1255,69,0,0,0,0,0,,3,0,7,0,,,3.5,140,0.23,0.11,6,24,6,1,0,0,0,1,0,0,1,0
513,640,52,1,2,3,2,1,,0,0,0,0,130,90,3.6,129,0.23,0.11,6.4,5,7,1,0,0,0,0,0,0,0,0
514,1410,71,0,0,2,2,1,,2,0,7,0,160,90,,,0.15,0.07,7.1,25,1,1,0,0,0,0,0,1,0,0
515,950,62,1,1,0,0,0,,2,0,5,0,,,3.9,130,0.68,0.41,8.9,6,4,1,0,0,0,0,0,0,0,0
516,377,69,1,0,3,1,2,,0,0,0,1,,,,,0.38,0.26,12.8,14,3,0,0,0,0,0,0,1,0,0
517,486,35,1,0,0,0,0,,2,0,1,0,180,90,3.7,149,,,9.2,18,6,1,0,0,0,0,0,0,0,0
518,875,70,1,0,4,2,1,,2,0,6,0,,,4.8,143,,,6.7,7,6,0,0,0,0,0,0,0,0,0
519,1633,67,0,0,0,0,2,,3,0,7,,,,,,0.61,0.6,8.4,9,4,1,0,0,0,0,1,0,0,3
520,1159,57,1,0,0,0,2,,0,0,0,0,120,70,2.9,130,0.15,0.07,6.2,3,1,0,0,0,0,0,0,0,1,0
521,423,62,1,1,6,1,1,,2,0,1,0,160,100,4.7,143,0.23,0.11,14.7,,2,1,0,0,0,0,0,0,0,0
522,366,56,1,2,5,2,1,,0,0,0,0,,,3.2,117,0.23,0.37,8.4,,1,1,0,0,0,0,0,0,1,0
523,120,65,0,1,6,2,2,,2,0,5,0,,,4,126,0.52,0.15,5.3,7,2,1,0,0,0,0,0,1,0,0
524,201,71,1,0,0,0,2,,2,0,4,1,,,4,138,0.61,0.22,8.4,3,1,1,0,0,0,0,0,1,0,0
525,1022,43,1,0,0,0,0,,0,0,0,0,,,3.8,124,0.45,0.15,8.3,5,3,1,0,0,1,0,0,0,0,0
526,1307,74,0,1,3,3,2,,2,0,,0,,,,,,,7.4,15,2,1,0,0,0,0,0,0,0,0
527,754,66,0,2,0,0,0,,2,0,7,0,140,90,4,143,0.38,0.07,13.1,11,8,1,0,0,0,1,0,1,0,0
528,1165,51,1,0,0,0,2,,2,0,,0,,,3.8,135,0.38,0.33,15.9,5,2,1,0,0,0,0,0,0,0,0
529,1631,51,1,1,6,2,1,,2,0,,0,100,80,3.5,136,0.15,0.11,8.6,3,2,1,0,0,0,0,0,0,0,6
530,960,79,0,1,1,2,2,,3,0,6,0,,,3.2,133,0.15,0.11,8.9,7,1,1,0,0,0,0,0,1,0,0
531,973,51,1,0,0,0,0,,0,0,0,0,,,3.5,128,0.23,0.04,15.7,8,2,0,0,0,0,0,0,0,0,0
532,1462,66,0,0,0,0,2,,3,0,7,0,160,90,3.9,136,0.46,0.44,7.4,22,6,1,0,0,0,0,1,0,0,3
533,746,70,1,1,1,2,2,,0,0,0,0,160,80,4.5,136,0.75,0.04,5.8,35,7,1,0,0,0,0,0,0,0,0
534,133,64,1,0,4,2,2,,0,0,0,0,,,5.3,146,0.23,0.15,11.7,11,,1,0,0,0,0,0,0,0,0
535,1615,65,1,3,6,2,2,,0,0,0,,120,70,3.2,126,0.38,0.18,10.8,40,4,1,1,0,0,0,0,0,0,1
536,981,76,0,0,0,0,2,,2,0,7,0,,,,,,,9.4,,7,1,0,0,0,0,0,0,0,0
537,484,66,0,0,0,0,0,,2,0,7,0,170,90,4.5,132,0.45,0.22,8.4,13,9,1,0,0,0,0,0,0,0,0
538,1166,54,1,0,0,0,2,,0,0,0,0,,,3.2,129,0.3,0.15,9.9,11,,1,0,0,1,0,0,0,0,0
539,1530,67,1,0,0,0,0,,0,0,0,0,,,4.8,136,0.61,0.75,16.9,28,6,1,0,0,0,1,0,1,1,4
540,312,66,1,0,1,1,0,,0,0,0,0,,,5.3,141,0.38,0.15,4.7,12,9,1,0,0,0,0,0,0,0,0
541,348,59,0,2,0,0,2,,2,0,7,1,,,4.2,140,0.61,0.6,6.7,10,2,1,0,0,0,0,0,1,0,0
542,298,65,0,1,5,2,1,0,2,0,7,0,,,3.7,128,0.9,0.37,5.8,30,7,1,0,0,0,0,0,0,0,0
543,1197,50,1,0,0,0,2,,2,0,3,0,,,4.6,133,0.82,0.41,10.1,50,7,1,0,0,0,1,0,1,0,0
544,566,42,0,0,2,2,1,,2,0,5,0,,,4.3,141,0.15,0.15,8.8,5,8,1,0,0,0,0,0,0,0,0
545,533,75,0,2,3,1,2,,3,0,6,0,140,80,5,146,0.38,0.11,7.4,3,1,1,0,0,0,0,0,1,0,0
546,282,56,1,0,0,0,2,,2,0,6,0,,,3.5,137,0.23,0.3,6.7,9,3,1,0,0,0,0,0,0,0,0
547,560,61,1,1,6,2,1,,0,0,0,0,,,4,138,0.45,0.15,8.4,5,7,0,0,0,0,0,0,0,0,0
548,904,68,1,1,6,2,1,,2,0,,0,,,4.6,136,0.3,0.15,4.6,5,7,1,0,0,0,0,0,0,0,0
549,569,46,1,1,6,2,1,,2,0,,0,,,,,1.2,0.3,7.5,5,8,1,0,0,0,0,0,0,0,0
550,1645,82,0,1,,,,,0,0,0,,90,70,,,0.75,0.45,23.1,,5,0,0,0,0,0,0,0,0,1
551,1541,45,1,0,4,2,,,2,0,7,,100,60,4.1,136,,,8,5,2,1,1,0,1,0,0,0,0,6
552,281,52,1,1,0,0,2,,2,0,2,0,,,4.4,144,0.61,0.3,6.9,13,9,1,0,0,0,0,0,0,0,0
553,944,53,1,0,5,2,1,,0,0,0,0,160,90,4.6,143,0.38,0.45,13.7,35,9,1,0,0,0,0,0,0,0,0
554,425,50,1,0,1,1,2,,2,0,2,0,,,,,0.15,0.11,6.8,9,2,0,0,0,0,0,0,0,0,0
555,1566,65,0,1,3,2,1,,0,1,7,0,,,3.9,138,0.3,0.45,9.7,6,1,0,0,0,0,0,0,0,0,1
556,817,73,1,1,0,0,0,,2,0,7,0,125,80,5,132,0.07,0.56,7,27,4,1,0,0,0,0,0,0,0,0
557,170,80,1,0,0,0,2,,0,0,0,0,140,80,4.5,156,2.12,0.3,,,9,0,0,0,0,0,0,1,0,0
558,145,48,1,0,4,2,1,,0,0,0,0,90,60,,,0.23,0.15,7,3,2,1,0,0,0,0,0,0,0,0
559,1660,70,0,0,3,2,1,,2,0,7,4,,,4.7,146,0.38,0.18,21.3,2,2,0,0,0,0,0,0,0,0,1
560,181,70,1,0,2,2,1,,0,0,0,0,160,90,3.9,136,0.23,0.18,17.8,19,4,1,0,0,1,0,0,0,0,0
561,226,53,1,1,0,0,0,,2,0,1,1,,,4,131,0.15,0.07,4.2,15,8,1,0,0,0,0,0,1,0,0
562,344,58,0,0,0,0,0,,0,0,0,0,,,4.6,143,0.52,0.15,10.7,6,2,1,0,0,0,0,0,0,0,0
563,777,61,1,0,0,0,2,,0,0,0,0,130,80,3.5,132,0.61,0.3,5.9,23,8,1,0,0,0,0,0,0,0,0
564,422,65,1,0,3,2,2,,2,0,6,0,,,,,1.51,0.75,10,33,2,0,0,0,0,0,0,0,0,0
565,1349,62,1,1,2,2,1,,3,0,7,0,140,90,4.1,140,0.22,0.3,6.2,,3,1,0,0,0,1,0,0,0,0
566,825,56,1,1,4,2,2,,2,0,6,0,120,80,4.2,143,0.3,0.15,9.9,9,6,1,0,0,0,0,0,0,0,0
567,618,47,1,1,4,2,1,,2,0,,0,140,90,3.5,123,0.9,0.26,5.7,7,2,1,0,0,0,0,0,0,0,0
568,1597,66,0,3,,2,,,0,1,,,90,60,,,,,,,1,0,0,0,0,0,0,0,0,1
569,52,72,0,0,6,2,1,,3,0,7,1,,,3.7,138,0.23,0.15,6.5,26,9,0,0,0,0,0,0,1,0,0
570,371,53,1,2,1,2,2,,2,0,5,1,,,,,0.3,0.15,12,32,2,1,0,0,0,0,0,1,0,0
571,143,73,0,0,,2,1,,2,0,7,0,150,90,4,140,0.2,0.2,8,20,2,1,0,0,0,0,0,0,0,0
572,719,49,1,0,6,2,2,,0,0,0,0,,,3.3,124,0.52,0.18,10.2,10,1,0,0,0,0,0,0,1,0,0
573,1049,50,1,0,6,2,1,,2,0,,0,140,90,4.6,130,0.23,0.22,4.4,3,1,0,1,0,0,0,0,0,0,0
574,1543,60,1,2,6,2,2,,0,0,0,,,,3.7,140,0.61,0.15,7,45,9,1,0,0,0,0,0,0,0,5
575,1154,66,1,1,6,2,1,,2,0,7,0,,,5.7,140,0.3,0.07,10.2,7,7,0,0,0,0,0,0,1,1,0
576,1651,65,1,1,6,2,1,,0,0,0,0,,,,,0.23,0.15,8.1,5,2,1,0,0,0,0,0,0,0,1
577,544,63,0,0,3,1,2,,2,0,7,0,,,4.9,140,0.52,0.3,6.5,27,5,0,0,0,0,0,0,0,0,0
578,833,70,1,1,6,2,2,,1,0,7,3,,,4.8,146,0.3,0.3,7.7,8,9,1,0,0,0,0,0,0,0,0
579,1230,63,1,1,,2,1,,0,0,0,0,,,5,146,0.45,0.22,9.8,25,,1,0,1,0,1,0,1,0,0
580,180,86,1,0,0,0,2,,2,0,1,0,,,3.2,136,0.23,0.15,4.6,20,3,1,0,0,0,0,0,0,0,0
581,1083,67,0,0,0,0,0,,2,0,,0,,,4.7,143,0.23,0.11,9.8,23,3,1,1,0,0,0,0,1,0,0
582,1146,55,0,0,,,2,,0,0,0,0,,,,,,,5.2,16,6,0,0,0,0,0,0,0,1,0
583,1097,60,1,2,5,3,1,,0,0,0,0,,,4.6,146,1.2,0.1,7.4,13,1,1,0,0,0,0,0,0,0,0
584,26,77,1,3,6,2,2,,2,0,3,0,,,,,0.38,0.22,6,12,8,1,0,0,0,0,0,0,0,0
585,101,50,1,1,2,2,1,,2,0,7,0,,,4.6,141,,,5.9,14,,0,0,0,0,0,0,0,0,0
586,1253,57,0,0,6,2,1,,2,0,7,0,,,5,136,0.3,0.15,7,7,6,1,0,0,0,0,0,0,1,0
587,663,48,1,0,1,2,0,,2,0,7,0,,,3,136,0.3,0.15,9.6,10,1,0,0,0,0,1,0,1,0,0
588,1076,66,0,0,1,2,1,,0,0,0,1,,,,,2.72,1.34,10.8,2,5,0,1,0,0,0,0,1,0,0
589,1053,41,1,0,,,2,,2,0,1,0,,,3.8,130,0.75,0.22,4.2,5,1,1,0,0,1,0,0,0,0,0
590,1609,62,1,0,4,2,2,,2,0,7,0,,,4.4,139,0.45,0.52,7.7,2,5,1,0,0,1,0,1,0,0,3
591,859,62,0,0,0,0,0,,2,0,7,0,180,90,3.6,133,0.45,0.22,16.7,6,2,1,0,0,1,0,0,0,0,0
592,1181,62,0,0,2,2,1,,2,0,,0,115,70,4,130,0.23,0.11,5,10,4,1,1,0,0,0,0,1,0,0
593,1114,43,1,0,,,2,,0,0,0,0,,,3.4,130,0.3,0.15,,6,8,1,0,0,0,0,0,0,0,0
594,1123,72,0,0,1,2,2,,2,0,3,0,130,90,3.5,123,1.51,0.26,5.4,12,4,1,0,0,0,0,0,1,0,0
595,1612,53,1,0,5,2,2,,0,1,6,0,,,,,,,,,4,0,0,0,0,0,0,0,0,7
596,111,64,0,0,0,0,0,,0,1,1,0,,,5.1,139,0.75,0.18,4.6,7,8,0,0,0,0,0,0,1,0,0
597,137,78,1,1,2,2,1,,3,0,7,0,,,,,0.23,0.07,5.6,5,2,1,0,0,0,0,0,1,0,0
598,415,60,1,2,1,2,2,,2,0,3,0,,,,,0.46,0.14,5.8,3,6,1,0,0,0,0,0,0,0,0
599,1203,60,1,1,6,2,1,,2,0,7,0,130,80,,,0.45,0.07,7.3,6,1,1,0,0,0,0,0,0,0,0
600,915,60,0,0,0,0,2,,2,0,6,0,,,4,136,0.38,0.18,10.7,10,1,1,0,0,0,0,0,0,0,0
601,1456,54,0,0,3,2,2,,2,0,6,0,,,3.6,133,0.61,0.22,11.6,28,2,1,0,0,0,0,0,0,0,1
602,1409,67,1,0,6,2,2,,0,0,0,0,,,,,0.45,0.37,7.7,6,2,0,0,0,0,0,0,0,0,0
603,705,44,1,0,0,0,0,,0,0,0,0,130,90,3.2,122,1.2,0.37,9.9,7,3,1,0,0,0,0,0,0,0,0
604,527,60,1,0,3,1,2,,2,0,7,0,,,4.5,140,1.04,0.44,11.5,3,6,0,0,0,0,0,0,0,0,0
605,952,68,0,1,2,2,2,1,2,0,,0,,,4.1,143,0.23,0.15,10.5,3,1,1,0,0,0,0,0,0,0,0
606,148,64,0,0,6,2,1,,2,0,7,1,,,3.8,142,0.3,0.3,5.2,14,6,1,0,0,0,0,0,1,0,0
607,118,61,0,0,4,2,1,,2,0,4,0,,,4,139,0.3,0.11,5.5,28,5,0,0,0,0,0,0,1,0,0
608,768,64,1,0,2,2,2,,0,0,0,0,,,3.4,138,0.45,0.33,10.6,4,2,1,0,0,0,0,0,0,0,0
609,1028,79,1,3,2,2,1,,2,0,7,,,,4.1,138,0.14,0.36,14.8,20,6,1,0,0,0,0,0,0,0,0
610,1241,60,1,1,4,2,2,,0,0,0,0,,,3.9,136,0.45,0.18,12,8,2,1,0,0,0,0,0,1,0,0
611,46,70,0,0,6,2,2,,3,0,7,0,,,3.5,136,,,,,9,1,0,0,0,0,0,0,0,0
612,79,73,0,0,0,0,2,,0,1,6,1,,,4.9,140,0.61,0.15,8.2,20,,1,0,0,0,0,0,1,0,0
613,216,50,1,1,3,2,2,,2,0,1,0,,,3.9,132,0.23,0.52,6.2,20,7,1,0,0,0,0,0,0,0,0
614,542,66,0,1,1,1,2,,2,0,7,0,,,3.9,153,0.45,0.15,11.9,11,3,0,0,0,0,1,0,1,0,0
615,1485,83,1,1,0,0,2,,2,0,7,0,,,,,0.38,0.33,14.5,7,3,1,1,0,1,0,0,0,1,7
616,427,53,0,0,0,0,2,,2,0,2,0,170,90,3.3,130,1.89,0.15,7.9,40,3,1,0,0,0,0,0,0,0,0
617,684,75,0,1,6,2,1,,3,0,7,0,130,80,5.1,138,0.15,0.07,6.9,17,9,1,0,0,0,0,0,1,0,0
618,1425,57,1,0,6,2,2,,2,0,7,0,210,120,,,,,7.1,12,4,1,1,0,0,0,0,1,1,0
619,136,58,1,0,0,0,2,,0,0,0,0,,,,,,,,,9,1,0,0,0,0,0,0,0,0
620,593,79,1,2,0,0,2,,3,0,7,3,,,,,,,9.4,7,9,1,0,0,0,0,0,0,0,0
621,834,60,1,1,0,0,2,,2,0,5,0,140,80,,,0.61,0.22,13,23,2,1,0,0,0,0,0,0,0,0
622,343,57,0,0,6,2,2,,2,0,7,0,,,5,136,0.3,0.15,7,7,6,1,0,0,0,0,0,0,1,0
623,562,33,1,1,0,0,2,,0,0,0,0,,,4.3,130,0.03,0.07,5,7,2,1,0,0,0,0,0,0,0,0
624,1102,65,1,2,5,2,2,,2,0,5,0,160,90,5,129,0.15,0.07,10.2,9,2,,0,0,0,0,0,0,0,0
625,1393,44,1,1,3,3,2,,2,0,7,0,,,4.9,135,,,7.5,3,9,0,0,0,0,0,0,0,0,0
626,472,43,1,1,0,0,2,,0,0,0,0,,,,,,,,,,0,0,0,0,0,0,0,0,0
627,24,63,1,0,1,2,0,,0,1,5,0,140,90,,,0.82,0.38,7.4,20,9,1,0,0,0,0,0,0,0,0
628,393,43,1,0,0,0,0,,0,0,0,0,,,4.8,130,1.05,0.3,9.3,2,6,1,0,0,0,0,0,0,0,0
629,251,78,1,0,6,2,2,,2,0,7,0,,,4.8,132,0.3,0.15,7.9,5,2,0,0,0,0,0,0,0,0,0
630,970,63,1,0,0,0,0,,0,0,0,0,,,4.2,132,0.23,0.15,7.7,13,,1,0,0,0,0,0,1,0,0
631,620,65,1,0,,2,1,,0,0,0,0,100,60,3.5,123,0.75,0.12,9,9,3,0,0,0,0,0,0,0,0,0
632,1602,62,0,0,0,0,0,,2,0,7,0,,,3.6,136,0.15,0.15,11.1,32,1,1,0,0,0,0,0,0,0,1
633,1237,69,1,1,2,2,1,,2,0,7,0,,,4.2,130,0.82,0.48,7.2,18,4,1,0,0,0,0,0,0,0,0
634,948,75,0,0,4,2,1,,2,0,1,1,,,3.6,133,0.61,0.15,5.5,12,8,1,0,0,0,0,0,0,0,0
635,339,57,1,0,0,0,0,,0,0,0,0,,,3.4,140,0.38,0.22,7.6,4,1,0,0,0,0,0,0,0,1,0
636,718,57,1,2,6,2,1,,2,0,7,3,110,70,,,0.3,0.18,10.8,9,9,1,0,0,0,0,0,1,0,0
637,764,45,1,1,5,2,1,,2,0,1,0,,,,,,,,,8,1,0,0,0,0,0,0,0,0
638,1302,49,1,1,,,2,,0,0,0,0,,,,,0.23,0.37,5,10,2,0,0,0,0,0,0,0,0,0
639,940,60,0,0,6,2,1,,2,0,,0,180,100,4.7,136,0.15,0.07,6.8,23,9,0,1,0,0,0,0,1,0,0
640,1084,60,1,0,3,,2,,2,0,7,0,,,3,123,0.75,0.15,16.4,12,6,1,1,0,0,0,0,0,0,0
641,1238,43,1,0,0,0,2,,2,0,5,0,,,4,136,0.52,0.37,5.1,5,9,1,0,0,0,0,0,0,0,0
642,886,36,1,0,1,2,2,,0,0,0,0,110,70,,,0.52,0.3,4.3,4,9,1,0,0,0,0,0,0,0,0
643,1345,69,1,2,4,2,1,,0,0,0,0,,,5.3,130,0.52,0.15,3.9,11,1,1,0,0,0,0,0,0,1,0
644,716,69,0,0,6,2,1,,2,0,7,0,140,80,4.9,140,0.3,0.15,8.9,13,9,1,0,0,0,0,0,1,0,0
645,1656,68,1,0,0,0,0,,0,0,0,,120,80,,,,,7.8,3,2,0,0,0,0,0,1,0,0,3
646,1344,70,1,0,6,2,2,,0,0,0,0,,,4,141,0.45,0.26,17.6,6,8,0,0,0,0,0,0,1,1,0
647,656,63,1,0,0,0,0,,2,0,5,0,,,3.5,138,0.3,0.22,7.3,5,6,0,0,0,0,0,0,0,0,0
648,552,46,1,2,3,2,2,,2,0,2,0,,,4,139,,,4.4,15,9,1,0,0,0,0,0,0,0,0
649,207,76,1,0,3,2,2,,3,0,7,1,,,4.5,140,0.61,0.37,9.6,3,7,1,0,0,0,0,0,1,0,0
650,430,56,0,0,0,0,2,,3,0,7,0,160,100,6.1,140,0.15,0.07,7.8,5,5,1,0,0,0,0,0,0,0,0
651,592,54,1,0,0,0,2,,2,0,,0,,,,,0.3,0.3,8.3,14,1,1,0,0,0,0,0,0,0,0
652,1010,61,1,0,0,0,0,,2,0,,0,,,4,133,0.3,0.11,6.2,11,2,1,0,0,0,0,0,0,0,0
653,710,54,1,2,2,3,1,,0,0,0,3,,,3.6,142,0.15,0.07,8.7,18,,1,0,0,0,0,0,0,0,0
654,1417,44,1,0,2,2,1,,1,0,0,0,,,,,,,6.6,9,7,1,0,0,0,0,0,0,0,0
655,59,44,1,0,1,2,2,,0,0,0,0,,,,,0.18,0.3,4.7,10,9,1,0,0,0,0,0,0,0,0
656,888,63,1,0,1,2,1,,0,0,0,0,,,,,,,,,7,1,1,0,0,0,0,1,0,0
657,943,76,1,1,0,0,0,,2,0,6,0,140,90,3.4,130,0.3,0.18,9.8,20,9,1,0,0,0,0,0,0,0,0
658,775,53,1,1,0,0,2,,2,0,,0,,,4.9,136,0.45,0.3,8.4,11,9,1,0,0,0,1,0,1,1,0
659,929,78,1,1,1,2,1,,2,0,,0,130,80,5.9,130,0.15,0.15,8.4,19,9,1,0,0,0,0,0,0,0,0
660,54,65,0,0,0,0,2,,0,0,0,1,,,,,,,,,9,1,1,0,0,0,0,1,0,0
661,49,63,0,2,3,2,1,,2,0,2,0,,,4.4,140,0.15,0.15,,,9,0,0,0,0,0,0,0,0,0
662,816,56,1,2,0,0,0,,2,0,3,0,,,4.2,138,0.3,0.3,11.5,22,2,1,0,0,0,0,0,0,0,0
663,53,43,1,3,6,2,2,0,0,0,0,0,,,,,0.45,0.18,,,9,0,0,0,0,0,0,0,0,0
664,1056,66,0,0,3,3,2,,2,0,7,0,,,3.7,138,0.68,0.22,12.8,2,3,0,0,0,0,1,0,0,1,0
665,1560,75,0,0,4,2,2,,2,0,7,0,,,,,,,,,5,0,0,0,0,0,1,0,0,3
666,105,63,1,0,5,2,2,,3,0,1,0,,,2.8,136,0.45,0.6,,,,0,0,0,0,0,0,1,0,0
667,628,42,1,1,1,2,2,,0,0,0,0,140,90,,,0.98,0.6,8.9,15,,1,0,0,0,0,0,1,0,0
668,518,49,1,0,0,0,2,,2,0,5,0,,,4,140,0.15,0.18,17.9,8,5,1,0,0,0,0,0,0,0,0
669,965,72,1,0,6,2,2,,2,0,,0,,,3.5,140,0.15,0.07,9.1,,9,1,0,0,0,0,0,0,0,0
670,1077,92,0,0,,2,1,,3,0,7,0,,,4.7,144,0.15,0.15,14.5,42,6,1,1,0,0,0,0,0,0,0
671,1332,74,0,0,,2,1,,2,0,,0,140,80,2.8,130,0.15,0.11,6.4,3,2,1,0,0,0,1,0,1,1,0
672,516,76,0,1,0,0,2,,2,0,6,0,,,4.5,141,,,6.5,34,3,,0,0,0,0,0,0,0,0
673,439,76,0,1,3,2,2,,2,0,2,0,,,4.7,133,1.05,0.18,6,16,5,1,0,0,0,0,0,0,0,0
674,1183,76,0,0,0,0,2,,2,0,7,0,,,4.1,140,0.23,0.33,9.6,22,8,1,1,0,0,0,0,0,0,0
675,144,45,1,0,3,2,1,,2,0,,0,120,80,,,,,12.1,12,,1,0,0,0,0,0,0,0,0
676,18,52,0,1,1,2,2,,2,0,7,1,150,85,3.8,138,0.3,0.15,4.4,19,2,0,0,0,0,0,0,1,0,0
677,280,49,1,1,4,2,2,,2,0,6,0,,,4.4,139,0.61,0.3,5.1,20,9,1,0,0,0,0,0,0,0,0
678,307,40,1,0,0,0,0,,0,0,0,0,,,3.6,122,1.2,0.45,6.6,13,3,1,0,0,0,0,0,0,0,0
679,996,57,1,0,6,2,1,,2,0,,0,120,80,4.3,136,0.23,0.11,7.2,17,7,1,0,0,0,0,0,1,0,0
680,150,71,1,1,5,2,2,,3,0,7,0,,,4.6,134,0.3,0.37,14.7,37,7,1,0,0,0,1,0,0,0,0
681,1019,60,0,1,2,2,2,,2,0,7,0,180,100,4.6,143,,,9.4,26,,0,0,0,0,0,0,0,0,0
682,986,92,1,0,6,2,1,,2,0,7,0,160,90,4.5,153,1.05,0.67,8.1,6,9,1,0,0,0,0,0,1,1,0
683,490,37,1,0,6,2,1,,0,0,0,0,180,80,3.5,137,,,9.4,5,2,0,0,0,0,0,0,0,0,0
684,1511,68,1,3,6,2,2,,0,0,0,,,,,,,,,,2,0,0,0,0,0,0,0,0,1
685,272,59,1,0,0,0,2,,0,0,0,0,,,4.3,142,0.61,0.07,6.1,13,9,1,0,0,0,0,0,0,0,0
686,1585,75,1,1,6,2,2,,0,0,0,0,,,,,,,11.3,13,1,1,0,0,0,0,0,0,0,6
687,86,47,1,2,0,0,0,,0,0,0,1,,,4.1,128,0.45,0.07,6.2,20,3,1,0,0,0,0,0,1,0,0
688,264,64,1,0,0,0,2,,2,0,6,0,120,70,4.8,141,0.3,0.3,6.2,7,9,1,0,0,0,0,0,0,0,0
689,1005,64,0,0,0,0,2,0,2,0,1,1,,,3.3,136,0.23,0.22,7.1,30,8,0,0,0,0,1,0,1,1,0
690,572,58,1,1,5,2,1,0,0,0,0,0,,,4.3,137,0.61,0.22,10.6,4,1,1,0,0,0,0,0,1,0,0
691,871,52,1,0,0,0,2,,3,0,,0,,,4.3,136,0.15,0.07,8,6,8,1,0,0,0,0,0,0,0,0
692,1589,72,0,2,3,2,1,,2,0,6,3,,,,,,,,,,0,0,0,0,0,0,1,0,4
693,1444,85,1,2,5,2,2,,0,0,0,,120,90,3.9,134,0.38,0.18,9.6,5,5,0,0,0,0,1,0,0,1,1
694,108,43,1,0,0,0,2,,2,0,,0,,,5.3,138,0.3,0.33,11.2,7,8,1,0,0,0,0,0,0,0,0
695,653,49,1,0,0,0,0,,0,0,0,0,130,90,,,0.52,0.6,7.4,6,4,1,0,0,0,0,0,0,0,0
696,1333,52,1,1,2,2,1,,1,0,,0,,,3.7,141,0.38,0.04,6.1,5,2,1,0,0,1,0,0,0,0,0
697,1335,75,0,1,0,0,0,,3,0,,0,170,100,3.3,130,0.52,0.26,7.4,8,6,1,1,0,0,1,0,0,1,0
698,843,55,1,1,2,2,1,,2,0,2,0,80,60,4.6,150,0.3,0.11,10,3,2,0,0,0,0,0,0,0,0,0
699,545,39,1,0,0,0,0,,2,0,2,0,130,80,3.8,144,0.23,0.18,10.9,4,2,1,0,0,0,0,0,0,1,0
700,68,62,1,1,4,2,2,,3,0,6,0,,,3.8,142,0.23,0.11,4.8,20,4,1,0,0,0,0,0,0,0,0
701,387,51,1,0,0,0,2,,2,0,6,0,100,60,3.1,117,0.75,0.15,10.9,,,1,0,0,0,0,0,0,0,0
702,1360,,1,0,0,0,0,,0,0,0,0,120,75,,,,,15.5,10,8,1,1,0,0,0,0,0,0,0
703,134,57,1,0,6,2,1,,0,0,0,0,,,3.1,134,1.96,0.67,20.1,6,6,1,0,0,0,1,0,1,0,0
704,616,63,0,0,,2,1,1,3,0,7,0,,,5.3,146,0.68,0.6,7.2,27,2,1,0,0,0,0,0,0,0,0
705,1,77,1,2,1,1,2,,3,0,7,0,,,4.7,138,,,8,16,4,1,0,0,0,0,0,0,0,0
706,183,50,1,0,0,0,0,,2,0,,0,,,4.8,140,0.75,0.41,7.7,5,3,0,0,0,0,0,0,0,0,0
707,1695,77,0,0,0,0,0,,2,0,7,0,,,3.9,136,0.23,0.18,5.5,20,3,0,0,0,0,0,1,0,0,3
708,1202,62,1,0,0,0,2,,0,0,0,0,125,80,3.6,126,0.75,0.37,5.8,17,9,0,0,0,0,0,0,0,0,0
709,1421,70,0,1,1,2,1,,2,0,7,0,180,90,4.6,131,0.37,0.33,9.4,12,9,1,0,0,0,0,0,0,0,0
710,1659,66,1,0,4,2,2,,2,0,7,0,,,4.4,133,0.3,0.37,9.3,9,5,0,0,0,0,0,1,0,0,3
711,1636,72,0,0,4,2,1,,2,0,5,2,140,80,,,,,11,,9,0,0,0,0,0,0,0,0,4
712,1223,56,1,1,2,2,1,,0,0,0,0,,,3.8,136,0.9,0.3,5.4,4,,1,0,0,0,0,0,0,0,0
713,1144,68,1,1,,2,2,,2,0,7,0,,,4.9,136,0.45,0.15,15.8,20,2,1,0,0,0,0,0,0,1,0
714,416,53,0,0,0,0,0,1,2,0,1,0,,,5.1,143,,,8.8,21,9,0,0,0,0,0,0,0,0,0
715,482,49,1,0,0,0,0,,0,0,0,0,,,3,125,0.45,0.11,6.8,10,3,1,0,0,0,0,0,0,0,0
716,897,53,1,0,0,0,0,,0,0,0,0,110,80,3.5,120,0.15,0.15,7,6,9,1,0,0,0,0,0,0,0,0
717,276,63,0,0,5,2,2,,2,0,4,0,150,90,4,136,0.3,0.11,6.6,25,5,1,0,0,0,0,0,0,0,0
718,238,68,0,1,4,2,2,,3,0,3,0,170,90,3.5,132,0.9,1.34,7.4,24,1,1,0,0,0,0,0,0,0,0
719,1087,63,1,1,4,2,1,,0,0,0,0,100,70,4.2,133,,,15.9,25,8,1,1,0,0,1,0,0,0,0
720,1499,55,1,0,1,2,2,,3,0,5,1,170,100,3.3,122,0.07,0.04,12.1,10,8,0,0,0,0,1,0,1,1,2
721,391,59,1,0,1,1,2,0,2,0,2,0,120,70,3.8,139,,,8.9,4,,0,0,0,0,0,0,0,0,0
722,1155,61,0,0,4,2,2,,3,0,7,0,,,4,143,0.38,0.22,9.6,57,8,1,0,0,0,0,0,0,1,0
723,1441,80,0,0,0,0,2,,2,0,1,0,,,,,,,7.9,35,6,0,0,0,0,1,0,0,0,2
724,1228,59,1,0,6,2,2,,0,0,0,0,160,85,,,0.38,0.37,9.7,21,7,1,1,0,1,0,0,0,0,0
725,1623,80,0,0,0,0,0,,2,0,,,100,80,4,140,0.61,0.97,16.5,10,,0,0,0,0,0,0,0,0,5
726,33,72,0,0,0,0,2,,2,0,7,0,160,90,,,0.3,0.22,4.1,10,9,1,0,0,0,0,0,0,0,0
727,453,42,1,0,0,0,2,,0,0,0,0,,,,,,,6.4,4,,1,0,0,0,0,0,0,0,0
728,556,54,1,0,2,2,2,,0,1,7,0,,,5.7,137,0.52,0.3,4,33,4,1,0,0,0,1,0,1,0,0
729,116,59,0,0,0,0,0,,2,0,6,0,,,4.4,136,0.3,0.22,8.9,15,8,1,1,0,0,0,0,0,0,0
730,670,63,1,2,6,2,1,,3,0,6,0,170,60,3.5,135,1.05,0.37,3.9,23,8,1,0,0,0,0,0,0,0,0
731,1482,65,0,0,3,2,1,,3,0,2,0,90,60,,,0.45,0.15,14.6,25,2,0,0,0,0,1,1,1,0,3
732,1242,52,0,0,0,0,0,,2,0,3,0,140,90,3.2,129,0.45,0.22,7.5,6,4,1,0,0,0,1,0,0,0,0
733,989,67,1,1,6,2,1,,2,0,7,0,,,4,140,0.38,0.18,9,10,3,1,0,0,0,0,0,1,0,0
734,629,51,1,3,6,2,1,,0,0,0,0,,,3.9,130,0.3,0.37,5.4,32,,1,0,0,0,0,0,1,0,0
735,733,44,1,1,3,2,2,,2,0,7,0,,,4.2,141,1.05,0.07,8.9,11,2,0,0,0,0,0,0,0,0,0
736,1217,33,1,0,0,0,0,,0,0,0,0,,,3,117,0.04,0.15,9.5,12,6,1,0,0,0,0,0,0,0,0
737,1055,70,0,0,6,2,2,,2,0,7,0,,,2.7,132,0.15,0.07,13.2,25,2,1,0,0,1,0,0,0,0,0
738,879,82,0,1,4,2,1,,2,0,7,0,,,2.5,130,0.07,0.22,6.4,30,9,1,0,0,0,0,0,1,0,0
739,1592,41,1,0,0,0,2,,0,0,0,0,,,5.2,153,0.38,0.3,12.5,10,5,1,0,0,0,0,0,0,0,7
740,549,71,0,1,6,2,2,,2,0,7,0,180,90,4.5,133,0.38,0.22,12.6,27,1,1,0,0,0,0,0,0,0,0
741,753,67,0,0,0,0,0,,2,0,,0,90,60,4.7,159,1.05,0.37,12.7,3,2,1,0,0,0,0,0,0,0,0
742,204,53,1,0,0,0,0,,0,1,6,1,,,3.7,136,0.15,0.18,6.6,17,2,0,0,0,0,0,0,1,0,0
743,189,64,1,0,0,0,2,,3,0,7,0,80,50,2.4,125,0.45,0.15,7.4,10,2,1,0,0,0,0,0,1,0,0
744,29,44,1,0,1,2,1,,2,0,1,0,150,100,4.1,138,0.38,0.26,4.7,,4,0,0,0,0,0,0,0,0,0
745,361,57,1,0,0,0,2,,3,0,7,0,120,80,,143,0.15,0.45,12,7,7,1,0,0,0,0,0,0,0,0
746,696,49,1,0,0,0,0,,2,0,7,0,160,90,3.2,137,0.15,0.07,6.7,3,1,1,0,0,0,0,0,0,0,0
747,698,67,0,1,1,2,1,,3,0,,0,,,4.6,126,0.15,0.15,7.7,18,6,1,0,0,0,0,0,1,0,0
748,920,58,1,0,3,2,1,,0,0,2,1,,,3.6,133,0.23,0.37,8.4,13,9,1,0,0,0,0,0,0,0,0
749,30,50,1,2,6,2,1,,3,0,6,0,,,3.2,132,0.6,0.44,7.8,6,6,0,1,0,0,0,0,0,0,0
750,194,51,1,0,6,2,1,,0,0,0,0,130,80,3.8,130,2.1,0.75,6.5,8,3,1,0,0,0,0,0,0,0,0
751,908,67,1,1,0,0,0,,2,0,,0,,,3.3,135,0.15,0.11,8.5,3,5,1,0,0,0,0,0,0,0,0
752,1164,62,1,0,5,2,1,,0,0,0,0,180,110,2.8,121,0.3,0.26,11.5,22,2,0,1,0,1,1,0,0,0,0
753,1143,56,1,0,6,2,2,,3,0,,0,,,3.7,140,1.05,0.3,7.2,12,6,0,0,0,0,0,0,1,1,0
754,473,64,1,1,0,0,2,,0,0,0,0,160,90,3.2,132,0.3,0.37,7.1,9,8,1,0,0,0,0,0,1,0,0
755,526,46,0,0,0,0,2,,0,1,,0,,,3.8,140,0.15,0.07,7.6,9,,1,0,0,0,0,0,0,0,0
756,166,53,1,0,0,0,2,,2,0,,0,,,,,0.45,0.22,6,11,9,1,0,0,0,0,0,0,0,0
757,1196,49,1,0,0,0,0,,1,0,,0,120,80,3.5,,0.15,0.18,12.6,15,3,1,0,0,0,1,0,0,0,0
758,744,75,0,2,1,2,2,,2,0,7,0,,,4.5,136,0.23,0.18,9.7,3,9,1,0,0,0,0,0,0,0,0
759,1388,66,0,0,5,2,1,,2,0,7,0,,,3.5,143,,,16.3,,6,0,0,0,0,0,0,0,0,0
760,1192,74,1,0,,,2,,3,0,6,0,160,80,,,0.15,0.11,4.5,2,5,1,1,0,0,0,0,0,0,0
761,1271,38,1,1,6,2,1,,0,0,0,0,,,3.2,133,0.45,0.26,12.5,22,6,1,1,0,0,0,0,0,0,0
762,1321,73,1,1,6,2,1,,0,0,0,0,,,4,136,0.3,0.07,6.9,10,9,0,0,0,0,1,0,1,0,0
763,1643,70,1,1,,,,,2,0,,0,,,4,136,0.38,0.52,6.3,3,4,0,0,0,0,0,0,0,0,1
764,265,63,0,0,1,2,2,,2,0,1,0,130,80,,,0.38,0.18,9.3,8,6,1,0,0,0,0,0,0,0,0
765,666,61,1,1,1,2,1,,0,0,0,0,120,70,3.9,141,,,12.3,15,8,1,0,0,0,0,0,0,0,0
766,1646,72,0,1,,,,,2,0,,2,70,40,4.5,130,0.45,0.3,9,24,2,0,0,0,0,0,0,0,0,1
767,1189,53,1,0,0,0,0,,2,0,,0,,,4,139,0.45,0.33,18.6,6,9,1,1,0,0,0,0,1,0,0
768,711,37,1,0,0,0,0,0,0,0,0,0,,,3.7,138,0.3,0.11,13.5,5,2,1,0,0,0,0,0,0,0,0
769,1029,58,0,0,0,0,0,,3,0,5,0,155,80,3.6,136,1.2,0.41,13.9,8,3,1,1,0,0,0,0,0,0,0
770,417,64,0,0,0,0,2,,2,0,7,0,220,120,4.9,130,0.23,0.18,5.1,25,2,1,0,0,0,0,0,0,0,0
771,1025,43,1,0,0,0,0,1,0,0,0,0,110,70,3.9,133,0.15,0.7,5.4,10,2,1,0,0,0,0,0,0,0,0
772,863,62,1,0,6,2,1,,0,0,0,0,80,60,,,,,,,1,0,0,0,0,0,0,0,0,0
773,697,64,0,0,0,0,0,,2,0,1,0,,,7.2,146,1.28,0.75,8.9,7,6,1,0,0,0,0,0,0,0,0
774,62,48,1,1,2,2,1,,0,0,0,0,,,4.1,128,0.3,0.15,,,3,1,0,0,0,0,0,0,0,0
775,479,63,0,1,2,2,1,,2,0,7,0,160,100,3.9,132,0.45,0.18,6.5,18,,1,0,0,0,0,0,0,0,0
776,1163,44,1,0,0,0,0,,2,0,3,0,,,3.4,135,0.45,0.22,10.3,14,3,1,0,0,0,0,0,0,0,0
777,909,67,1,1,5,2,1,,0,1,7,0,,,,,0.15,0.07,9.8,12,9,0,0,0,0,0,0,0,0,0
778,1173,57,1,0,1,2,1,,2,0,,0,,,,,,,,,,1,0,0,0,1,0,0,0,0
779,709,68,1,1,2,2,1,,2,0,7,0,140,90,,,,,,,7,1,0,0,0,0,0,0,0,0
780,740,78,0,0,6,2,2,,0,0,0,0,,,3.9,124,0.3,0.07,7.3,20,1,1,0,0,0,0,0,0,0,0
781,501,75,0,1,5,3,2,,3,0,6,4,130,80,6.8,129,0.75,0.41,10.8,14,6,1,0,0,0,0,0,1,0,0
782,1045,69,0,1,4,2,2,,3,0,4,0,,,,,0.45,0.15,6.4,20,3,1,0,0,0,0,0,0,1,0
783,1111,75,0,1,6,2,,,2,0,7,0,,,,,0.15,0.07,7.1,36,,1,0,0,0,0,0,0,0,0
784,1627,75,0,0,0,0,2,,0,0,0,0,110,70,4,140,0.45,0.3,5.7,33,2,0,0,0,0,0,1,0,0,3
785,1231,55,1,0,0,0,0,,2,0,7,0,,,3.8,133,0.6,0.4,10.7,5,4,0,0,0,0,0,0,0,0,0
786,367,46,1,1,0,0,0,,2,0,6,0,,,5.5,150,1.43,0.22,17.4,5,1,1,0,0,0,0,0,0,0,0
787,242,65,1,0,0,0,0,,2,0,6,0,130,90,3.4,136,0.38,0.52,6.8,5,2,1,0,0,0,0,0,0,0,0
788,601,63,0,0,0,0,2,,2,0,2,0,,,3.8,134,0.68,0.04,5,5,5,1,0,0,0,0,0,1,0,0
789,1131,73,1,0,3,2,2,,2,0,2,3,,,,,0.3,0.15,9.3,10,,1,0,0,0,1,0,0,0,0
790,1616,70,1,1,,,,,0,1,5,3,,,4.4,140,0.52,0.26,14.3,10,6,0,0,0,0,0,1,0,0,3
791,1094,52,1,3,0,0,0,,2,0,7,0,190,90,3.5,130,0.9,0.22,8,16,3,1,1,0,0,0,0,1,0,0
792,606,70,0,0,6,3,1,,2,0,7,0,,,,,,,,,5,1,0,0,0,0,0,0,0,0
793,1399,34,1,0,4,2,1,1,0,0,0,0,,,4.3,133,,,12.5,4,9,1,0,0,0,0,0,0,0,0
794,283,63,0,0,2,2,1,,0,0,0,0,,,3.7,130,0.61,0.52,12.9,9,5,0,0,0,0,0,0,0,0,0
795,1605,64,0,0,,,,,,0,0,0,,,3.5,130,,,9.5,14,,0,0,0,0,0,0,0,0,7
796,1034,79,1,0,0,0,0,,0,0,0,0,140,90,4.1,136,0.3,0.15,14.7,5,2,1,0,0,0,1,0,0,0,0
797,67,76,0,2,2,4,2,,2,0,5,1,,,,,,,10.5,12,3,1,0,0,0,0,0,1,0,0
798,565,63,1,1,2,2,2,,2,0,7,0,,,3.8,136,2.26,0.9,10,7,6,1,0,0,0,0,0,1,0,0
799,1004,76,0,1,1,3,1,,2,0,2,0,,,,,,,7.9,6,6,1,0,0,0,0,0,0,0,0
800,702,56,1,1,6,2,1,,2,0,6,0,200,120,5,138,0.38,0.15,7.3,25,2,1,0,0,0,0,0,0,0,0
801,506,64,0,0,5,2,1,,2,0,5,0,130,70,3.4,123,0.3,0.15,7.5,30,4,1,0,0,0,1,0,1,0,0
802,317,51,1,0,1,2,2,,2,0,2,1,,,3.4,130,0.45,0.15,5.4,15,3,1,0,0,0,0,0,1,0,0
803,1436,75,0,1,,,,,0,0,0,0,,,3.9,146,0.61,0.56,9.1,46,2,0,0,0,0,1,0,0,0,1
804,837,52,1,1,0,0,2,,2,0,6,0,,,3.5,136,2.1,0.6,8.3,12,8,0,0,0,0,0,0,0,0,0
805,127,57,1,3,5,2,2,,2,0,,0,,,5.1,138,0.45,0.37,5.5,3,9,1,0,0,0,0,0,0,0,0
806,128,76,0,0,1,2,1,,2,0,3,0,,,4.5,129,0.15,0.11,13.6,11,1,1,0,0,0,0,0,0,0,0
807,336,62,0,0,3,2,2,,0,0,0,0,,,3.4,144,0.61,0.15,5.8,39,7,1,0,0,0,0,0,0,0,0
808,822,69,0,0,0,0,0,,2,0,7,0,,,4.7,153,0.38,0.26,11.2,10,8,1,0,0,0,0,0,0,0,0
809,260,59,1,2,0,0,2,,2,0,5,0,,,4.6,125,0.15,0.37,7.1,10,3,1,0,0,0,0,0,0,0,0
810,112,71,1,0,0,0,2,,0,0,0,0,,,,,,,10,35,9,1,0,0,0,0,0,0,0,0
811,1405,51,1,0,3,2,1,0,0,0,0,0,,,,,0.45,0.18,4.4,3,1,1,0,0,0,0,0,0,0,0
812,1086,53,1,0,,,2,,0,0,0,0,,,4.3,146,0.3,0.15,6.8,6,1,1,1,0,0,0,0,0,0,0
813,1598,78,0,0,6,2,1,,3,0,7,,130,70,,,0.3,0.15,10.2,28,1,1,0,0,0,0,1,0,0,3
814,555,37,1,0,0,0,0,,2,0,,0,,,6,146,1.36,0.9,9,5,7,1,0,0,0,0,0,0,0,0
815,715,51,1,0,0,0,2,,0,0,0,0,,,4.2,134,0.38,0.45,4.4,7,9,1,0,0,0,0,0,0,0,0
816,860,46,1,0,1,2,1,,0,1,6,0,,,,,0.3,0.26,7.9,10,9,1,0,0,0,0,0,0,0,0
817,394,65,1,0,,,2,,2,0,2,0,,,,,0.52,0.22,,,9,1,0,0,0,0,0,0,0,0
818,539,53,0,3,0,0,2,,0,0,0,0,,,4,153,,,3.2,13,2,0,0,0,0,0,0,1,0,0
819,852,58,1,3,6,2,2,,2,0,2,0,90,60,5.6,140,0.23,0.11,4.1,6,5,1,0,0,0,0,0,0,0,0
820,1273,77,1,0,2,2,1,,0,0,0,0,130,70,4,136,0.45,0.26,9.5,20,2,1,1,0,0,0,0,0,0,0
821,1400,77,0,0,4,2,1,,2,0,7,0,,,,,0.15,0.18,4.6,6,2,1,0,0,0,0,0,0,0,0
822,894,54,0,0,0,0,0,,2,0,6,0,,,4.4,133,1.28,0.41,8,17,9,1,0,0,0,0,0,0,0,0
823,838,30,1,0,0,0,0,0,0,0,0,0,110,70,3.9,153,0.52,0.04,10,3,1,1,0,0,0,0,0,0,0,0
824,1124,73,1,0,2,2,1,,0,0,0,0,80,40,3.9,136,0.3,0.36,7,46,6,1,0,0,0,1,0,0,0,0
825,660,63,1,2,6,2,1,,2,0,7,0,130,80,2.4,134,0.75,0.3,7.2,15,1,1,0,0,0,0,0,0,0,0
826,537,76,0,3,0,0,2,,2,0,7,4,,,,,0.15,0.26,4,5,7,0,0,0,0,0,0,0,0,0
827,1374,75,0,0,6,2,1,,2,0,7,0,,,5.3,140,0.61,0.07,6.7,20,,0,1,0,0,0,0,0,0,0
828,797,74,1,2,5,2,2,,2,0,7,0,,,5.5,130,0.15,0.18,14.4,14,,1,0,0,0,0,0,0,0,0
829,246,45,1,0,0,0,0,,2,0,6,0,120,80,3.6,132,0.75,0.41,6,2,2,1,0,0,0,0,0,0,0,0
830,491,61,1,0,0,0,0,,3,0,7,0,80,60,4.4,140,0.15,0.15,7.1,8,5,1,0,0,0,0,0,0,0,0
831,1063,66,1,0,0,0,2,,2,0,,0,,,3.5,130,0.3,0.37,12.7,3,8,0,0,0,0,0,0,1,0,0
832,1513,63,1,0,6,2,,,2,0,2,0,170,90,3.9,134,0.9,0.45,6.2,8,2,0,0,0,0,0,1,0,0,3
833,1269,62,1,0,0,0,0,,0,0,0,0,,,4.7,136,1.51,0.9,16.7,10,6,1,1,0,0,0,0,0,0,0
834,161,40,1,1,0,0,2,,2,0,,0,,,4.5,127,1.51,0.22,11.6,12,2,1,0,0,0,0,0,0,0,0
835,1380,77,1,0,6,2,1,,0,0,0,0,,,4,132,,,8.5,26,1,1,1,0,0,0,0,0,1,0
836,193,68,0,0,0,0,0,,0,0,0,0,,,4.6,136,1.05,0.6,11.3,20,6,1,0,0,0,0,0,0,0,0
837,804,45,1,0,1,2,2,,0,0,0,0,,,4.7,136,0.38,0.22,10.2,2,2,1,0,0,0,0,0,0,0,0
838,701,63,1,1,2,2,1,,0,0,0,0,,,3.6,128,0.45,0.3,5.1,8,2,1,0,0,0,0,0,0,0,0
839,374,62,0,1,5,2,2,,2,0,7,0,,,4.4,143,0.61,0.52,5.2,20,5,1,0,0,0,0,0,0,0,0
840,1577,43,1,0,,,,,3,0,3,0,100,80,4.9,143,0.52,0.33,9,5,3,1,0,0,0,0,0,0,0,1
841,1126,65,1,0,1,2,1,,0,0,0,0,150,90,5.2,141,0.15,0.11,11.6,5,6,1,0,0,0,1,0,0,1,0
842,102,38,1,0,0,0,0,,0,0,0,0,,,,,0.3,0.15,14.4,5,3,1,0,0,0,0,0,1,0,0
843,1266,78,1,2,6,2,1,,2,0,,0,,,3,130,0.45,0.15,7.6,30,1,1,1,0,0,0,0,1,0,0
844,213,64,1,0,0,0,0,,0,0,0,0,140,80,4.2,134,0.45,0.11,5.3,2,4,0,0,0,0,0,0,0,0,0
845,692,57,1,1,1,2,1,,2,0,1,0,120,70,3,130,0.15,0.07,9.9,6,2,1,0,0,0,0,0,0,0,0
846,363,52,0,0,0,0,2,,0,0,0,0,,,4.5,140,,,6.1,25,8,1,0,0,0,0,0,0,0,0
847,1420,60,1,0,0,0,2,,0,0,0,0,,,,,0.3,0.15,8.7,22,9,1,1,0,0,0,0,0,0,0
848,397,47,1,1,2,3,1,,3,0,3,0,,,,,0.75,0.45,4.4,,7,1,0,0,0,0,0,0,0,0
849,1221,62,1,2,2,2,1,,2,0,3,0,,,3.5,135,0.3,0.15,4.2,8,9,1,0,0,0,0,0,0,0,0
850,1538,62,1,0,0,0,2,,0,0,0,0,,,,,,,,,9,1,0,0,0,0,0,0,0,7
851,1018,59,1,0,3,2,2,,0,0,0,0,,,,,0.15,0.07,8.2,10,1,1,0,0,0,0,0,1,0,0
852,1674,70,0,1,6,2,2,,2,0,7,4,,,3.8,127,0.3,0.45,6.7,34,2,1,0,0,0,1,0,0,0,2
853,588,57,1,3,6,2,1,,2,0,3,0,110,70,4.4,144,0.52,0.45,14.5,7,2,1,0,0,0,0,0,1,0,0
854,7,70,1,1,1,2,1,,2,0,7,1,120,80,,,0.3,0.11,11.1,5,1,1,0,0,0,0,0,1,0,0
855,681,76,1,0,0,0,0,,0,0,0,0,,,3.8,139,0.23,0.07,5.8,6,3,1,0,0,0,0,0,1,0,0
856,1454,73,1,1,5,2,2,,0,0,0,0,130,80,3.3,130,0.23,0.11,12.8,10,2,1,0,0,0,0,0,0,0,2
857,992,59,1,3,2,2,2,,3,0,,0,,,3.4,136,0.52,0.18,8.7,8,1,1,0,0,0,0,0,0,0,0
858,100,52,1,1,3,2,1,,0,0,0,0,,,4.5,136,,,8.3,8,4,1,0,0,0,0,0,0,0,0
859,262,56,1,0,0,0,2,,0,0,0,0,,,4,140,0.52,0.11,9.8,14,3,1,0,0,0,0,0,0,0,0
860,1686,88,0,2,6,2,2,,,,,,,,4.2,146,0.45,0.49,8,,5,1,0,0,0,0,0,0,0,6
861,244,59,1,0,0,0,0,,2,0,1,0,150,100,4.8,141,0.38,0.18,8.2,23,2,1,0,0,0,0,0,0,0,0
862,1283,59,1,1,5,2,1,,2,0,6,0,,,4.2,123,0.08,0.3,10.7,10,8,1,1,0,0,0,0,0,1,0
863,383,45,1,2,0,0,2,1,2,0,5,0,,,4.6,139,0.52,0.26,,,7,1,0,0,0,0,0,0,0,0
864,1555,74,0,0,5,2,2,,2,0,4,0,,,4,150,0.15,0.15,12.9,38,,1,1,0,0,0,0,0,1,1
865,792,80,1,0,3,2,1,,2,0,,0,,,4.6,142,,,6.3,15,,1,0,0,0,0,0,0,0,0
866,964,55,1,1,1,2,1,,0,0,0,0,,,3.3,140,0.15,0.3,8,9,1,1,0,0,0,0,0,1,0,0
867,786,52,1,0,1,2,1,,0,0,0,0,,,3.8,130,0.9,0.46,8.6,5,4,1,0,0,0,0,0,0,0,0
868,736,70,0,0,6,2,2,,2,0,7,3,,,,,0.36,0.3,6.3,35,3,1,0,0,0,0,0,1,1,0
869,1265,82,0,2,6,2,1,,3,0,,0,,,4.1,140,0.23,0.15,5.3,16,4,1,1,0,0,0,0,1,1,0
870,1474,78,1,0,0,0,0,,2,0,3,0,,,3.1,138,0.15,0.15,8.1,6,4,1,0,0,0,0,1,0,0,3
871,933,80,0,0,0,0,0,,2,0,,0,,,3.8,140,0.38,0.22,10.4,24,9,0,0,0,0,0,0,1,0,0
872,192,62,1,3,6,3,2,,0,0,0,0,120,80,4.4,140,1.13,0.6,5.5,25,2,1,0,0,0,0,0,1,0,0
873,1190,59,1,1,3,2,2,,2,0,,0,,,,,,,9.7,25,,1,1,0,0,1,0,1,0,0
874,1416,72,1,1,5,2,2,,0,0,0,0,,,3.8,136,0.9,0.67,11.5,,7,1,0,0,0,0,0,0,0,0
875,704,42,1,0,0,0,0,,0,0,0,0,,,4.1,139,0.45,0.22,6.1,2,4,0,0,0,0,0,0,0,0,0
876,895,80,0,0,2,3,1,,3,0,7,0,100,50,4.3,123,0.61,0.3,7.9,19,2,0,0,0,1,1,0,1,0,0
877,1074,62,0,1,2,2,2,,2,0,2,0,,,,,0.15,0.11,7.5,15,7,1,0,0,1,0,0,0,0,0
878,902,67,0,0,0,0,0,,0,0,0,0,,,4.2,134,0.23,0.23,9.2,,5,1,0,0,0,0,0,0,0,0
879,928,56,1,0,3,2,2,,0,0,0,0,130,80,,,,,6.7,3,3,0,0,0,0,0,0,1,0,0
880,832,69,0,0,6,2,1,,0,1,7,0,130,85,3.1,143,0.23,0.07,11,15,5,1,0,0,0,0,0,0,0,0
881,1156,62,1,1,2,2,1,,0,0,0,0,,,5,144,0.9,0.37,6.4,4,1,1,0,0,0,0,0,0,1,0
882,997,57,1,0,0,0,0,,0,0,0,0,125,80,,,0.15,0.15,10.6,6,5,0,0,0,0,0,0,0,0,0
883,534,56,1,0,0,0,0,,1,0,3,0,120,70,4.4,140,0.3,0.15,9.6,12,2,0,0,0,0,1,0,1,0,0
884,510,67,0,1,0,0,2,,2,0,7,0,,,4.4,146,,,,,8,0,0,0,0,0,0,0,0,0
885,958,64,0,1,0,0,2,,2,0,7,0,,,4.3,136,0.23,0.45,12.8,7,1,1,0,0,0,0,0,0,0,0
886,969,64,1,2,6,2,2,,2,0,,1,,,3.8,143,0.45,0.22,5.1,23,6,1,0,0,0,0,0,0,0,0
887,109,54,0,0,0,0,2,,2,0,7,0,,,5.4,132,0.15,0.11,6.4,2,2,1,0,1,0,0,0,0,0,0
888,1404,71,0,2,6,3,1,,2,0,7,0,,,,,0.15,0.26,7.2,13,9,1,0,0,0,0,0,1,1,0
889,611,73,0,0,0,0,0,,2,0,5,0,,,5.2,141,0.38,0.15,7.1,35,,1,0,0,0,0,0,0,0,0
890,1199,68,0,0,2,2,2,,2,0,7,0,200,120,3.8,132,0.05,0.07,8.5,23,2,1,0,0,0,1,0,1,1,0
891,1281,79,0,2,1,3,1,,3,0,7,0,,,3.5,130,0.3,0.75,7.9,11,5,1,0,0,0,0,0,0,0,0
892,945,61,1,1,6,2,2,,0,0,0,0,110,70,,,,,9.7,28,,0,0,0,0,0,0,0,0,0
893,73,65,1,0,1,3,2,,2,0,1,1,,,,,0.38,0.11,6.9,18,9,1,0,0,0,0,0,1,0,0
894,124,67,1,1,2,2,1,,2,0,7,0,,,4.7,136,0.61,0.07,9.9,7,8,1,0,0,0,0,0,0,0,0
895,60,60,1,0,0,0,0,,2,0,1,0,,,4.6,134,0.3,0.15,6.3,51,6,1,0,0,0,0,0,0,0,0
896,34,39,1,0,0,0,0,,0,1,1,0,160,90,,,0.45,0.3,7.8,3,2,1,0,0,0,0,0,0,0,0
897,923,67,1,0,6,2,1,,2,0,,0,140,80,3.6,130,0.75,0.45,11.4,8,8,1,0,0,0,0,0,0,0,0
898,1596,63,1,1,6,2,2,,0,0,0,0,,,4.7,142,0.3,0.48,,,7,1,0,0,0,0,0,0,0,1
899,688,33,1,0,0,0,2,,0,0,0,0,130,90,,,,,14.6,4,3,0,0,0,0,0,0,0,0,0
900,821,57,1,0,0,0,2,,3,0,6,0,210,110,3.1,130,0.23,0.07,7.2,11,3,1,0,0,0,0,0,0,0,0
901,1427,65,1,1,6,2,2,,2,0,6,3,,,,,,,,,6,0,0,0,0,0,0,0,0,2
902,45,63,0,2,3,2,1,,2,0,7,0,,,3.7,139,0.75,0.18,6.6,7,1,1,0,0,0,0,0,0,0,0
903,381,74,0,0,0,0,2,,3,0,7,0,,,5.6,140,0.15,0.15,9.1,5,1,,0,0,0,0,0,0,0,0
904,1039,63,1,2,,,2,,2,0,5,0,180,100,4.1,136,0.15,0.15,7.4,5,2,1,0,0,0,0,0,0,0,0
905,499,64,1,3,6,2,2,,2,0,,0,145,95,,,,,5.7,2,7,1,0,0,0,0,0,1,0,0
906,1149,62,0,2,6,2,2,,2,0,6,0,160,90,4.4,140,0.45,0.26,,,2,1,0,0,0,0,0,1,1,0
907,1339,62,1,2,,,2,,2,0,7,0,,,4.1,146,0.23,0.11,5.9,26,9,0,0,0,0,0,0,0,1,0
908,1476,79,1,0,6,,2,,2,0,6,2,,,4.4,143,0.68,0.41,13.6,22,1,0,0,0,1,0,0,0,0,7
909,855,71,0,1,0,0,0,,2,0,2,0,220,110,3,132,0.15,0.15,9.9,22,1,0,1,0,0,0,0,1,0,0
910,584,61,1,1,6,2,1,,0,0,0,0,,,3.5,134,0.9,0.6,7.1,7,3,1,0,0,0,0,0,0,0,0
911,214,52,1,1,0,0,0,,2,0,1,0,150,80,4.4,134,0.45,0.45,5.3,20,2,1,0,0,0,0,0,0,0,0
912,362,61,0,0,0,0,2,,0,0,0,0,,,5.2,156,0.15,0.07,6.1,14,8,1,0,0,0,0,0,0,0,0
913,259,63,0,0,0,0,2,,2,0,3,0,,,4.6,140,0.3,0.15,8.8,4,3,1,0,0,0,0,0,0,0,0
914,368,52,1,1,0,0,2,,2,0,7,0,,,,,,,6.7,32,7,1,0,0,0,0,0,0,0,0
915,1613,73,0,0,5,2,2,,2,0,6,0,60,0,,,,,,,1,0,0,0,0,0,0,0,0,1
916,896,56,1,0,3,2,1,,2,0,,0,,,4.5,136,0.23,0.18,8,6,9,1,0,0,0,0,0,0,0,0
917,318,63,1,0,6,2,1,,0,0,0,1,125,80,,,0.45,0.52,11.3,5,2,1,0,0,0,0,0,1,0,0
918,901,59,0,0,6,2,1,,2,0,6,0,170,100,,,0.3,0.3,5.6,10,4,0,0,0,0,0,0,0,0,0
919,492,32,0,0,1,2,1,,0,0,0,0,120,80,3.7,139,1.51,0.75,7.7,8,1,1,0,0,0,0,0,0,0,0
920,734,50,1,0,0,0,0,,0,0,0,0,140,90,4.3,140,0.3,0.56,8.8,3,1,1,0,0,0,0,0,0,0,0
921,58,55,1,0,6,4,2,,2,0,7,0,,,4.4,141,0.3,0.18,,,6,1,0,0,0,0,0,0,0,0
922,352,55,1,2,6,2,2,,2,0,6,1,,,5,130,0.38,0.18,12,4,,1,0,0,0,0,0,1,0,0
923,477,70,1,0,1,2,1,,0,0,0,0,,,4.5,128,0.45,0.3,10,10,,1,0,0,0,0,0,0,0,0
924,1528,61,0,0,5,2,,,2,0,5,,,,3.5,128,0.68,0.07,5.8,38,1,1,1,0,0,0,0,0,1,7
925,154,54,1,0,0,0,2,,0,0,0,0,,,4,135,0.6,0.15,7.8,,3,1,0,0,0,0,0,1,0,0
926,788,59,1,0,0,0,0,,2,0,,0,,,4.9,136,0.98,0.45,7.9,4,8,1,0,0,0,0,0,1,0,0
927,1591,78,1,0,0,0,2,,0,0,0,2,,,5.1,138,0.38,0.2,,,3,0,0,0,0,0,1,0,0,3
928,1108,54,0,0,0,0,0,,2,0,7,0,,,,,,,8.8,15,5,0,0,0,0,0,0,0,0,0
929,51,67,1,3,6,2,2,,0,0,0,1,,,,,0.07,0.07,12.6,15,1,1,0,0,0,0,0,1,0,0
930,1569,70,0,0,6,2,2,,2,0,6,0,,,3.5,140,0.95,0.22,12.4,28,4,1,1,0,0,0,0,0,1,1
931,424,57,1,0,0,0,2,,0,0,0,0,160,110,,,0.98,0.18,8.5,12,3,1,0,0,0,0,0,0,0,0
932,308,61,1,0,5,2,1,,0,0,0,0,,,3.9,140,0.45,0.3,11.2,8,7,1,0,0,0,0,0,0,0,0
933,1298,69,0,1,1,2,1,,2,0,,2,,,2.3,130,0.38,0.07,,,7,1,0,0,0,1,0,0,0,0
934,278,74,0,0,0,0,0,,0,0,0,1,,,5,131,0.15,0.15,7.3,6,3,1,0,0,0,0,0,1,0,0
935,652,74,0,0,3,3,1,,2,0,,1,160,100,,,0.3,0.15,6.4,25,6,1,0,0,0,0,0,0,0,0
936,301,68,1,0,6,2,1,,2,0,7,0,,,3.5,132,0.75,0.6,4.9,,9,1,0,0,0,0,0,0,0,0
937,323,69,1,0,0,0,0,0,0,0,0,1,,,3.5,139,0.3,0.3,5.4,9,9,1,0,0,0,1,0,1,0,0
938,1247,60,1,1,2,2,1,,2,0,,0,110,60,3.8,140,0.75,0.22,4,,1,1,0,0,0,1,0,0,0,0
939,235,58,1,0,2,2,1,,2,0,7,0,160,90,4.1,136,,,7,3,2,1,0,0,0,0,0,0,0,0
940,1138,44,1,3,2,2,2,,2,0,1,0,170,100,3.4,136,1.74,0.45,2,23,6,1,0,0,0,1,0,0,0,0
941,971,52,0,0,5,2,1,,2,0,7,0,,,3,133,0.15,0.22,6.5,16,2,0,0,0,0,0,0,0,0,0
942,505,64,1,0,3,2,2,,2,0,6,0,150,70,3.5,130,,,6.3,8,4,1,0,0,0,0,0,0,0,0
943,230,51,1,1,0,0,2,,0,0,0,0,110,70,4.9,140,0.45,0.3,12.8,7,2,1,0,0,0,0,0,0,0,0
944,1516,63,1,1,6,2,2,,2,0,,0,130,80,4.1,138,0.68,0.07,5.5,13,2,0,0,0,0,0,0,0,1,1
945,1509,65,0,1,,,,,2,0,,,150,100,4.1,142,0.3,0.07,7.7,27,6,0,0,0,0,0,0,0,0,1
946,1364,82,0,0,6,2,1,,2,0,7,0,90,70,5.6,133,,,8.9,12,2,0,1,0,0,0,0,1,0,0
947,1121,62,1,0,0,0,0,,0,0,0,0,,,4.7,120,0.75,0.52,17,3,7,1,0,0,0,0,0,0,0,0
948,893,71,0,2,5,2,1,,2,0,6,3,,,4,140,0.45,0.22,10.9,28,4,1,0,0,0,0,0,0,0,0
949,250,65,0,1,2,2,2,,0,0,0,1,,,3.7,142,0.3,0.22,6.8,13,9,1,0,0,0,1,0,1,0,0
950,1224,67,0,0,6,2,1,,2,0,,0,120,80,3.9,130,0.15,0.07,15.7,,9,0,0,0,0,0,0,0,0,0
951,1438,65,1,3,5,2,2,,3,0,,0,140,80,4.5,140,0.3,0.3,8.8,6,2,0,1,0,0,1,0,0,0,2
952,198,57,1,0,0,0,0,,0,0,0,0,,,3.9,136,0.15,0.6,8.9,2,1,1,0,0,0,0,0,0,0,0
953,1464,71,0,1,3,3,2,0,3,0,6,0,,,4.9,136,0.15,0.07,14.1,,1,1,0,0,0,1,0,0,0,1
954,1379,56,0,0,0,0,0,,2,0,7,0,,,4.9,159,,,8.7,15,9,1,1,0,0,0,0,0,1,0
955,1320,74,0,2,5,2,1,,2,0,,0,,,2.9,140,0.23,0.18,9.8,9,2,1,1,0,1,0,0,1,1,0
956,590,52,1,0,0,0,0,,0,0,,0,140,90,3.9,141,0.38,0.3,8.8,5,9,1,0,0,0,0,0,0,0,0
957,1658,75,1,1,3,2,2,,2,0,6,4,70,40,4.5,146,0.15,0.15,10.5,6,2,0,0,0,0,0,0,0,0,1
958,1663,55,0,0,0,0,2,,0,0,0,2,,,3.5,143,0.75,0.15,7.1,5,2,1,0,0,0,0,0,1,0,4
959,966,58,1,0,0,0,0,,0,0,0,0,150,80,,,0.52,0.22,6.1,18,9,1,0,0,0,0,0,0,0,0
960,502,63,0,0,1,3,2,,2,0,6,0,,,,,,,10.3,42,,1,0,0,0,0,0,0,0,0
961,215,63,1,0,2,2,2,,2,0,1,1,,,4.2,136,,,,,9,1,0,0,0,0,0,1,0,0
962,917,37,1,0,0,0,0,,0,0,0,0,,,3.4,130,0.23,0.15,12.4,5,9,0,0,0,0,0,0,0,0,0
963,1582,76,1,1,,,,,0,0,0,,150,80,4.2,141,0.61,0.11,7.2,42,4,0,0,0,0,0,1,0,0,3
964,1574,70,0,0,0,0,0,,0,1,6,0,,,4.2,137,0.38,0.11,6.2,6,4,1,0,0,0,1,0,0,0,1
965,97,49,1,1,,2,1,0,2,0,2,0,,,4.8,137,0.3,0.15,10.1,12,9,0,0,0,0,0,0,0,0,0
966,742,65,1,0,1,2,1,,2,0,,0,,,,,,,9.3,22,9,1,0,0,0,0,0,0,0,0
967,839,81,1,0,0,0,0,,3,0,7,0,180,90,4.2,133,0.38,0.15,4.2,2,2,1,0,0,0,0,0,0,0,0
968,1194,61,0,0,,,2,,3,0,7,0,170,100,5,139,0.3,0.68,7,12,1,1,0,0,0,1,0,0,0,0
969,229,66,0,0,0,0,1,,2,0,7,0,190,100,3.7,129,0.75,0.18,6.9,10,1,1,0,0,0,0,0,0,0,0
970,1125,58,1,0,0,0,0,,3,0,6,0,,,3.1,133,0.38,0.07,14.1,3,7,0,0,0,0,1,0,0,0,0
971,809,75,1,3,,,2,,2,0,7,0,,,,,0.15,0.07,,,1,0,0,0,0,0,0,1,0,0
972,1533,84,0,0,,,,,2,0,7,,,,4.4,144,1.2,0.15,7,,8,1,0,0,0,0,0,1,1,6
973,135,72,1,3,6,2,1,,3,0,6,0,,,4.2,140,0.9,0.3,12.1,20,7,1,0,0,0,1,0,1,0,0
974,1617,80,1,0,6,2,2,,0,0,0,,,,,,,,,,,1,0,0,0,0,0,0,1,6
975,1370,68,1,2,6,2,1,,0,0,0,0,,,3.1,135,0.23,0.3,9.2,8,,1,1,0,0,0,0,1,0,0
976,1243,66,1,0,0,0,0,,2,0,5,0,,,5.3,130,0.15,0.3,11.1,10,1,1,0,0,0,0,0,1,1,0
977,621,55,1,1,2,2,1,,0,0,0,0,120,70,3.6,132,0.3,0.15,8.9,10,1,1,0,0,0,0,0,0,0,0
978,90,41,1,0,0,0,2,,2,0,1,0,,,4.3,133,0.3,0.3,5.5,15,6,1,0,0,0,0,0,1,0,0
979,695,53,1,1,2,2,1,,2,0,6,0,,,,,0.9,0.45,4.7,4,7,0,0,0,0,0,0,0,0,0
980,1568,67,1,1,6,2,1,,3,0,7,0,160,100,,,,,,,5,0,0,0,0,0,0,0,0,1
981,429,52,1,0,0,0,0,,0,1,7,0,,,5,143,0.46,0.08,13.7,5,1,0,0,0,0,0,0,0,0,0
982,1671,83,0,0,0,0,0,,3,0,,0,,,6.2,150,0.3,0.22,6.7,5,2,1,0,0,0,0,0,0,0,6
983,1041,61,1,1,0,0,0,,3,0,3,0,130,70,4.6,142,,,10,10,1,0,0,0,0,1,0,0,0,0
984,594,61,1,1,2,2,2,,0,0,0,0,100,60,,,0.15,0.07,4.2,14,6,1,0,0,0,0,0,0,0,0
985,1038,55,1,1,,,2,,3,0,7,0,150,90,5,142,0.45,0.3,7.2,7,5,1,0,0,0,0,0,0,0,0
986,1348,79,0,1,2,2,1,,3,0,7,0,,,4.5,133,,,13.9,,2,1,0,0,0,1,0,0,0,0
987,1346,72,0,2,6,2,2,,2,0,7,0,,,,,0.14,0.22,4.6,,7,1,0,0,0,0,0,0,1,0
988,1536,77,1,1,5,2,2,,2,0,6,2,,,3.3,130,1.2,0.75,14,5,2,1,0,0,0,1,0,1,1,2
989,1327,47,1,1,2,2,2,,2,0,,0,,,4.8,135,0.75,0.18,7,5,2,1,0,0,0,0,0,0,0,0
990,687,69,0,1,6,2,1,,3,0,6,0,120,80,,,0.3,0.07,5.8,39,6,1,0,0,0,0,0,0,0,0
991,851,60,0,0,0,0,2,,2,0,6,0,180,100,3.8,130,0.23,0.15,5.5,7,3,1,0,0,0,0,0,0,0,0
992,1634,67,0,0,6,2,1,,2,0,7,0,,,3.9,136,0.15,0.3,10.6,20,2,1,0,0,0,0,1,0,0,3
993,782,66,0,1,1,2,1,,2,0,6,0,,,3.7,136,0.45,0.22,6.4,4,4,1,0,0,0,0,0,0,0,0
994,1323,60,0,0,1,2,1,,2,0,5,0,,,3.7,141,1.81,0.3,4.19,8,4,1,1,0,0,1,0,0,0,0
995,293,70,1,0,0,0,2,,2,0,1,0,,,4.7,140,0.61,0.3,9.5,20,5,0,0,0,0,0,0,0,0,0
996,168,65,1,0,0,0,0,,0,0,0,0,60,40,,,0.38,0.15,7.1,8,2,1,0,0,0,0,0,0,0,0
997,824,63,1,1,5,2,1,,3,0,7,0,160,90,4.2,159,0.3,0.18,6.3,12,2,1,0,0,0,0,0,1,0,0
998,263,56,1,0,0,0,0,,0,0,0,0,,,4.1,128,,,5.8,11,2,1,0,0,0,0,0,0,0,0
999,406,57,1,3,2,2,1,,0,0,0,0,,,3.7,140,,,5,4,9,1,0,0,0,0,0,0,0,0
1000,864,83,0,0,0,0,0,,3,0,,0,,,3.9,143,1.36,0.75,17.8,21,,0,0,0,0,0,0,1,0,0
1001,56,58,1,0,0,0,2,,2,0,7,0,,,,,0.75,0.37,5.8,11,2,1,0,0,0,0,0,0,0,0
1002,202,45,0,0,1,2,1,,2,0,5,1,,,4.3,138,0.3,0.33,6,6,5,1,0,0,0,0,0,1,0,0
1003,1244,64,0,0,0,0,2,,0,0,0,0,140,90,4,130,0.3,0.22,9,45,2,1,0,0,0,1,0,1,1,0
1004,1272,57,1,0,0,0,2,,0,0,0,0,,,4.2,133,0.61,0.15,6.9,3,1,1,1,0,0,0,0,0,0,0
1005,578,63,1,3,,2,1,,0,0,0,0,,,3.6,128,0.3,0.22,5.6,7,2,1,0,0,0,0,0,1,0,0
1006,451,72,0,2,2,2,1,,3,0,7,0,,,5.1,140,0.38,0.22,14.3,27,3,1,0,0,0,0,0,0,0,0
1007,664,52,1,1,3,2,1,,0,0,0,0,,,5.8,154,0.23,0.11,4.4,5,2,1,0,0,0,0,0,0,0,0
1008,21,70,0,0,0,0,2,,0,0,0,0,150,90,5,132,,,9.7,65,9,1,0,0,0,0,0,0,0,0
1009,1152,66,1,0,,,2,,0,0,0,0,,,,,0.52,0.3,6.6,14,9,1,0,0,0,1,0,0,1,0
1010,547,63,1,1,5,1,1,,3,0,6,0,,,3.8,136,0.45,0.18,6.9,25,6,1,0,0,0,0,0,1,0,0
1011,1204,64,1,0,,,2,,0,0,0,0,,,3.2,130,0.45,0.22,16,21,7,1,0,0,0,0,0,0,0,0
1012,1412,56,0,0,6,2,2,,2,0,7,0,80,60,4.6,146,,,5.6,14,,1,1,0,0,0,0,0,0,0
1013,504,69,1,0,0,0,0,,0,0,0,0,,,4.2,136,0.23,0.22,9.6,11,2,1,0,0,0,0,0,0,0,0
1014,156,66,1,1,4,2,2,,3,0,,0,140,90,4.3,138,,,9.6,42,2,1,0,0,0,0,0,0,0,0
1015,638,49,1,2,6,2,2,,2,0,,0,145,100,,,,,,,,1,0,0,0,0,0,0,0,0
1016,1690,53,1,1,,,2,,0,0,0,0,,,5.6,136,,,10.6,27,,,0,0,0,0,0,0,0,0
1017,1653,50,1,2,3,3,2,,0,0,0,4,120,80,5,140,0.52,0.4,9.8,15,1,1,0,0,0,0,0,0,0,7
1018,1092,62,1,0,0,0,0,,0,0,0,0,120,80,4.4,146,0.15,0.15,12.1,3,9,0,1,0,1,0,0,1,0,0
1019,983,37,1,0,0,0,0,,0,0,0,0,180,80,3.8,133,0.61,0.3,5.5,8,9,1,0,0,0,0,0,0,0,0
1020,443,68,1,2,0,0,2,,0,1,7,0,220,110,4,136,0.15,0.11,7.2,6,7,1,0,0,0,0,0,0,0,0
1021,819,52,0,1,1,2,1,,2,0,6,0,130,80,4,134,0.38,0.11,14.4,3,2,1,0,0,0,0,0,0,0,0
1022,220,51,1,0,0,0,0,,1,0,3,0,160,100,4.6,132,0.23,0.15,13.1,8,2,1,0,0,0,0,0,0,0,0
1023,1157,67,1,1,1,2,1,,2,0,6,0,120,80,3.8,133,,,18.6,30,4,1,0,0,0,0,0,1,1,0
1024,815,73,1,0,0,0,0,,2,0,1,0,,,3,136,0.45,0.18,9.9,,6,1,0,0,0,0,0,0,0,0
1025,500,55,1,0,6,2,1,,2,0,,0,170,90,,,0.38,0.18,5,20,9,1,0,0,0,0,0,0,0,0
1026,574,64,0,0,4,2,1,,2,0,7,0,130,80,3.5,128,0.82,0.22,4,25,1,1,0,0,0,0,0,0,0,0
1027,476,41,1,0,0,0,0,,0,0,0,0,,,4.2,140,0.75,0.3,4.8,7,2,0,0,0,0,0,0,0,0,0
1028,769,53,0,0,6,2,2,,3,0,7,0,,,4.1,140,0.3,0.37,10.1,29,9,1,0,1,0,0,0,1,0,0
1029,1461,65,1,1,6,2,1,,2,0,7,0,,,3,127,0.51,0.75,,,2,0,0,0,0,0,0,0,0,1
1030,1654,87,1,2,6,2,1,,2,0,,,,,4.3,146,0.3,0.22,7.7,42,5,0,0,0,0,0,0,0,1,6
1031,1040,62,1,2,1,3,1,,0,0,0,0,130,80,3.8,140,0.07,0.07,8,5,6,0,0,0,0,0,0,0,0,0
1032,203,50,1,0,0,0,2,,0,0,0,0,,,3.4,140,0.15,0.52,9,7,3,1,0,0,0,0,0,0,0,0
1033,729,55,1,0,0,0,2,,2,0,2,0,170,100,3.4,136,0.75,0.45,6,10,5,0,0,1,0,0,0,0,1,0
1034,974,87,0,0,,2,2,,3,0,,1,200,100,4.3,130,0.15,0.07,9.7,10,3,0,0,0,0,0,0,1,0,0
1035,410,75,0,0,0,0,2,,2,0,2,0,220,140,3.5,136,0.38,0.26,5.9,18,3,1,0,0,0,0,0,1,0,0
1036,359,54,1,0,0,0,0,,2,0,1,0,,,,,,,7.2,26,9,1,0,0,0,0,0,0,0,0
1037,173,65,1,1,2,2,1,,2,0,,0,,,3.6,144,1.2,0.6,7.8,2,1,0,0,0,0,0,0,1,1,0
1038,1698,55,1,3,6,2,2,,0,0,0,0,,,,,0.23,0.15,8.3,13,1,1,0,0,0,0,0,0,1,6
1039,419,70,1,0,0,0,2,,2,0,5,0,,,4.4,153,0.52,0.41,7.9,10,1,0,0,0,0,0,0,0,0,0
1040,747,83,0,0,,2,2,,2,0,,0,,,4,143,0.38,0.3,7.4,17,7,0,0,0,0,0,0,0,0,0
1041,66,70,1,1,3,2,1,,2,0,2,1,,,3.6,137,0.15,0.07,12.2,5,3,1,0,0,0,0,0,1,0,0
1042,299,81,0,0,6,2,1,0,2,0,6,1,110,70,4.1,132,1.36,0.15,16.1,19,2,1,0,0,0,1,0,0,0,0
1043,763,54,1,0,0,0,0,,2,0,7,0,,,4.9,130,0.15,0.11,17.2,5,3,1,0,0,0,0,0,0,0,0
1044,1336,65,1,1,0,0,0,,0,0,0,0,170,100,3.7,137,,,6.2,12,5,1,1,0,0,0,0,1,1,0
1045,671,53,1,0,0,0,2,,2,0,5,0,,,5,144,0.15,0.15,6.9,25,2,1,0,0,0,0,0,0,0,0
1046,1240,64,1,1,0,0,2,,2,0,7,0,,,4.3,130,0.45,0.22,,4,,1,0,0,0,0,0,0,0,0
1047,1289,40,1,,,,,,0,0,0,0,80,50,2.9,133,0.45,0.98,7.4,16,,1,0,0,1,0,0,0,1,0
1048,931,65,1,0,5,2,1,,2,0,5,0,180,90,4.2,140,1.2,0.37,8,5,7,1,0,0,0,0,0,1,0,0
1049,1287,57,1,0,2,,2,,0,0,0,0,120,80,3.5,127,0.11,0.23,5.6,7,5,1,0,0,1,0,0,0,0,0
1050,445,42,1,0,1,2,1,,0,0,0,0,,,5.2,144,0.68,0.22,7.9,4,4,1,0,0,0,0,0,0,0,0
1051,903,70,0,0,0,0,2,1,2,0,7,0,180,80,4.5,142,0.23,0.07,8.6,7,,0,0,0,0,0,0,0,0,0
1052,63,45,1,1,2,2,2,,2,0,2,0,,,,,0.23,0.11,4.4,2,4,1,0,0,0,0,0,0,0,0
1053,1319,50,1,1,,,,,2,0,,0,130,80,3.5,128,0.15,0.37,6.2,7,6,1,0,0,1,1,0,0,0,0
1054,171,44,1,0,0,0,2,,2,0,5,0,,,4.3,136,0.23,0.22,,,,1,0,0,0,0,0,0,0,0
1055,248,73,0,1,0,0,2,,2,0,5,1,,,4,134,0.15,0.07,7.7,20,2,1,0,0,0,0,0,1,0,0
1056,1672,66,1,0,2,2,1,,2,0,,0,,,3.1,130,0.3,0.22,13.3,5,1,1,0,0,0,0,1,0,0,3
1057,114,51,1,0,0,0,0,,2,0,1,0,,,4.9,139,,,12,5,1,1,0,0,0,0,0,0,0,0
1058,867,73,1,0,0,0,0,,0,0,0,0,190,100,3.9,133,0.15,0.18,6.9,3,9,1,0,0,0,0,0,0,0,0
1059,1514,64,1,0,0,0,2,,2,0,6,0,,,4,136,0.75,0.22,12.2,8,2,0,1,1,0,0,0,0,0,1
1060,1608,53,1,1,5,3,2,,0,0,0,2,80,60,,,0.3,0.45,9.3,,8,0,0,0,0,0,0,0,0,1
1061,1225,56,1,1,1,2,1,,0,0,0,0,,,3,133,0.45,0.11,10.7,3,,0,0,0,0,0,0,0,0,0
1062,1312,63,1,0,0,0,0,,0,0,0,0,,,4.4,141,1.96,0.86,7.7,3,8,1,0,0,0,0,0,0,0,0
1063,277,64,0,1,1,3,2,,2,0,1,0,,,4,124,0.3,0.45,9.2,10,2,1,0,0,0,0,0,0,0,0
1064,1621,44,1,0,0,0,2,,0,0,0,0,,,5.1,144,0.23,0.22,6,6,3,0,0,0,0,0,0,0,1,7
1065,463,55,1,0,1,2,1,,2,0,,0,,,,,0.23,0.07,6.3,3,8,0,0,0,0,0,0,0,0,0
1066,1220,51,1,0,0,0,0,,0,0,0,0,,,4.7,130,0.9,0.22,9.6,16,9,0,0,0,0,0,0,0,0,0
1067,1447,64,1,1,3,2,2,,2,0,6,0,110,70,3.8,136,0.15,0.15,8,6,2,1,0,0,0,1,0,0,0,1
1068,645,69,0,2,4,2,2,,2,0,,0,190,100,,,,,7.6,3,,1,0,0,0,0,0,0,0,0
1069,40,78,0,0,0,0,2,,0,0,0,1,,,4.5,136,0.22,0.11,7.9,13,2,1,1,0,0,0,0,1,0,0
1070,1547,64,0,2,4,2,2,,2,0,2,0,,,,,0.38,0.18,9.6,32,6,1,0,0,0,0,0,0,1,1
1071,1524,62,0,0,0,0,2,,2,0,,0,90,60,,,,,,,3,0,0,0,0,0,0,0,0,1
1072,512,73,0,0,0,0,0,,0,0,0,0,80,60,3.1,136,2.1,0.36,17.3,21,2,0,0,0,0,0,0,0,0,0
1073,937,71,0,0,6,2,1,,2,0,7,0,,,5,143,0.15,0.15,8.7,9,5,1,0,0,0,0,0,1,0,0
1074,325,53,1,0,6,3,1,,0,0,0,0,,,3.9,136,0.15,0.3,10.7,8,2,0,1,0,1,0,0,0,0,0
1075,619,42,1,1,0,0,2,,0,0,0,0,140,80,4.7,138,,,8.5,8,7,1,0,0,0,0,0,0,0,0
1076,1027,65,1,0,6,2,1,,0,0,0,0,120,70,4,133,0.3,0.3,6.8,7,7,0,0,0,0,0,0,1,0,0
1077,487,38,1,1,6,2,1,0,0,0,0,0,100,60,4.1,127,0.15,0.07,9.7,9,3,1,0,0,0,0,0,0,0,0
1078,737,38,1,1,6,2,2,,2,0,4,0,,,4.2,140,0.9,0.26,14.2,3,9,1,0,0,0,0,0,0,0,0
1079,321,45,1,0,1,4,1,,2,0,7,0,220,120,3.9,142,1.28,0.37,8,,3,1,0,0,0,0,0,0,0,0
1080,1236,80,0,0,0,0,2,,2,0,6,0,90,60,3.9,140,0.38,0.22,10.2,21,1,1,0,0,0,0,0,1,0,0
1081,1647,69,0,1,2,2,2,,0,0,0,4,,,3.8,130,0.38,0.86,4.9,12,6,1,0,0,0,0,0,0,0,1
1082,121,73,0,0,0,0,0,,2,0,1,1,,,3.4,125,0.15,0.07,12,30,,1,0,0,0,0,0,0,0,0
1083,232,63,0,0,0,0,2,,2,0,7,0,,,3.8,137,,,6.8,7,3,1,0,0,0,0,0,0,0,0
1084,42,49,1,0,0,0,0,,0,0,0,1,,,2.9,121,0.61,0.22,7.9,7,3,1,0,0,0,0,0,1,0,0
1085,1600,66,0,0,,,,,2,0,7,0,,,4,120,0.45,0.11,6.8,4,5,1,1,0,0,0,0,0,1,4
1086,468,54,1,0,0,0,0,,0,0,0,0,130,80,3,135,0.75,0.15,13,4,4,1,0,0,0,0,0,1,0,0
1087,1478,52,1,0,0,0,2,,2,0,0,0,140,90,5,130,0.45,0.22,7.5,,2,0,0,0,1,0,1,0,0,3
1088,187,64,1,0,0,0,0,,0,0,0,0,,,3.9,125,0.45,0.26,5.7,5,1,1,0,0,0,0,0,0,0,0
1089,5,60,1,0,0,0,2,,3,0,7,0,190,100,3.5,132,0.45,0.22,8.3,,9,1,0,0,0,0,0,0,0,0
1090,113,53,1,1,6,2,2,,2,0,,0,,,4.7,136,0.15,0.07,7,8,3,0,0,0,0,0,0,0,0,0
1091,1089,59,0,0,0,0,0,,3,0,7,0,145,85,4.8,140,0.15,0.07,10.5,23,5,0,1,0,0,0,0,0,0,0
1092,1657,64,1,3,6,3,1,,2,0,,3,110,70,3.9,134,0.15,0.15,11.9,2,2,0,0,0,0,0,1,0,0,3
1093,1186,78,1,0,0,0,0,,0,0,0,0,,,4.2,141,0.3,0.15,8.2,33,3,1,1,0,0,0,0,0,0,0
1094,333,52,1,0,0,0,2,,2,0,7,0,170,100,4.9,134,0.45,0.15,5.4,3,2,1,0,0,0,0,0,0,0,0
1095,1218,43,1,0,0,0,0,,2,0,,0,,,5.1,133,0.45,0.3,6.9,,9,1,0,0,0,0,0,1,0,0
1096,1293,63,1,0,0,0,0,,0,0,0,0,,,,,2.4,1.36,8,21,8,0,1,0,0,0,0,0,0,0
1097,1430,56,0,0,0,0,0,,2,0,6,0,60,40,4.4,127,0.39,0.11,6,5,6,1,0,0,1,0,0,0,0,7
1098,870,40,1,0,3,2,1,,2,0,0,0,,,4.2,143,0.75,0.3,10.3,2,1,1,0,0,0,0,0,0,0,0
1099,324,52,0,1,6,2,2,,2,0,6,1,,,5,130,0.3,0.45,8.3,34,6,1,0,0,0,0,0,1,0,0
1100,962,42,1,1,1,2,2,,0,0,0,0,,,5,136,0.3,0.37,10.6,,2,0,0,0,0,0,0,1,0,0
1101,76,54,1,0,0,0,0,,2,0,2,0,,,,,0.3,0.15,9.5,4,,1,0,0,0,0,0,0,0,0
1102,596,70,1,0,6,2,1,0,0,0,0,0,145,80,3.8,134,0.75,0.15,7.7,12,9,0,0,0,0,0,0,0,0,0
1103,772,72,1,0,6,4,1,,2,0,,0,,,4.9,142,0.23,0.15,9.2,8,8,1,0,0,0,0,0,0,0,0
1104,125,52,1,0,0,0,0,,0,0,0,0,,,5,140,0.68,0.15,7.5,4,2,1,0,0,0,0,0,0,0,0
1105,155,53,1,0,1,2,2,,2,0,7,0,130,80,,,,,6.8,4,,1,0,0,0,0,0,0,0,0
1106,1035,56,1,0,0,0,0,,0,0,0,1,160,100,3.9,138,0.52,0.3,9.5,17,2,1,0,0,0,0,0,0,0,0
1107,614,42,1,0,0,0,2,,0,0,0,0,110,70,4.3,133,,,6,10,9,1,0,0,0,0,0,0,0,0
1108,972,43,1,0,0,0,2,,1,0,5,0,,,4.7,146,,,15.9,15,3,1,0,0,0,0,0,0,0,0
1109,1699,79,0,2,2,2,1,,2,0,7,,,,3.1,136,0.45,0.45,7.5,4,2,1,0,0,0,1,0,0,0,1
1110,932,49,1,1,4,2,2,,2,0,1,0,130,90,4.1,136,0.6,0.36,13.2,19,6,0,0,0,0,0,0,0,0,0
1111,689,53,1,0,0,0,2,,0,0,0,0,,,4.8,134,0.75,0.45,10.4,3,2,0,0,0,0,0,0,1,0,0
1112,1665,78,0,1,6,2,1,,0,0,0,0,,,5.5,143,0.3,0.07,10.1,17,1,1,0,0,0,0,0,0,0,1
1113,205,43,1,0,0,0,0,,0,0,0,0,,,3.8,138,0.52,0.07,12.7,4,2,0,0,0,0,0,0,0,0,0
1114,253,49,0,0,0,0,2,,2,0,7,0,,,3.6,132,0.61,0.15,9.1,,9,1,0,0,0,0,0,0,0,0
1115,685,42,1,0,0,0,0,,0,0,0,0,170,70,4.6,130,0.75,0.22,7.3,4,9,1,0,0,0,0,0,0,0,0
1116,38,59,1,0,0,0,0,,0,0,0,0,,,,,0.9,0.41,5.4,6,3,1,0,0,0,0,0,0,0,0
1117,355,54,1,0,0,0,0,,0,0,0,0,120,80,5.3,139,0.15,0.11,6.8,30,2,1,0,0,0,0,0,0,0,0
1118,927,67,0,0,0,0,0,,2,0,,0,150,90,3.9,140,0.15,0.15,7.1,41,7,1,0,0,0,0,0,0,0,0
1119,1632,58,1,3,6,2,2,,2,0,7,0,,,4.4,146,0.61,0.41,10.4,18,2,1,0,0,0,0,0,0,1,1
1120,1180,80,0,0,0,0,0,,0,0,0,0,90,60,,,0.15,0.07,10,40,4,1,0,0,0,0,0,0,0,0
1121,115,61,1,3,5,3,1,,1,0,4,0,,,,,0.23,0.07,8,15,6,0,0,0,1,0,0,1,0,0
1122,57,71,0,2,3,2,1,,2,0,2,0,,,3.7,132,0.3,0.37,11.5,13,3,1,0,1,0,0,0,0,0,0
1123,480,50,1,0,2,2,1,,0,1,3,0,,,4.7,136,1.05,0.52,6.6,20,9,1,0,0,0,0,0,0,0,0
1124,1387,66,0,0,0,0,2,,2,0,,0,,,5.5,140,,,7,15,6,1,0,0,0,0,0,0,0,0
1125,1670,46,0,0,,,,,0,0,0,,50,0,,,,,,,6,0,0,0,0,0,0,0,0,1
1126,818,75,0,0,1,3,1,,2,0,7,1,110,60,4.8,143,0.45,0.15,13.5,15,2,1,0,0,0,0,0,0,1,0
1127,1415,60,0,0,5,2,1,,2,0,6,0,,,4.1,130,,,10.8,9,7,1,0,0,0,0,0,1,0,0
1128,1365,63,1,0,2,2,1,,0,0,0,0,,,3.7,136,,,6.6,,1,,1,0,0,0,0,0,0,0
1129,990,52,1,0,0,0,2,,0,0,0,0,,,4.7,124,,,,,9,0,0,0,0,0,0,1,0,0
1130,94,44,1,0,0,0,2,0,0,0,0,0,,,2.9,131,,,7.2,5,3,1,0,0,0,0,0,0,0,0
1131,1678,57,1,1,3,2,2,,0,0,0,0,90,60,,,,,,,,1,0,0,1,0,0,0,0,7
1132,857,76,1,2,6,2,1,,0,0,0,0,,,5.2,145,,,11.6,35,9,1,0,0,0,0,0,0,0,0
1133,1668,66,1,1,,,2,,2,0,,0,70,50,3.6,127,0.52,0.75,13.1,20,9,1,0,0,0,0,0,0,1,1
1134,1162,79,0,1,6,2,1,,2,0,2,0,150,100,3,125,0.15,0.11,6.7,3,2,1,0,1,0,0,0,0,0,0
1135,1062,63,1,0,0,0,0,,0,0,0,0,110,70,3.9,130,0.15,0.18,14.1,9,2,1,0,0,0,0,0,1,0,0
1136,1113,52,1,0,1,2,1,,2,0,,0,,,4.7,138,0.75,0.3,6.2,5,9,1,0,0,0,0,0,0,0,0
1137,1552,65,1,2,6,2,2,,2,0,,0,,,4.2,136,0.3,0.15,7,3,,1,0,0,0,0,0,0,1,1
1138,535,50,1,1,2,2,1,,0,0,0,0,,,4.1,139,0.81,0.04,10.5,5,4,,0,0,0,0,0,0,0,0
1139,165,38,1,0,0,0,0,,2,0,,0,,,4,132,,,6,4,9,1,0,0,0,0,0,0,0,0
1140,799,70,0,1,2,2,1,,2,0,7,0,,,3.6,136,,,11,4,9,1,0,0,0,0,0,0,0,0
1141,231,53,1,0,0,0,1,,2,0,5,0,160,90,4.7,131,0.3,0.15,4.8,4,1,1,0,0,0,0,0,0,0,0
1142,641,59,0,0,0,0,0,,2,0,7,0,160,110,3.1,131,0.15,0.22,6.2,13,2,1,0,0,0,0,0,0,0,0
1143,959,88,0,0,6,2,2,,2,0,,0,,,4.8,133,,,15.5,5,4,1,0,0,0,0,0,0,0,0
1144,1016,41,1,0,0,0,0,1,0,0,0,0,,,4.1,145,,,6.9,8,9,1,0,0,0,0,0,0,0,0
1145,647,59,1,2,4,2,2,,2,0,6,3,120,85,5.3,125,1.51,0.22,5.6,30,9,1,0,0,0,1,0,0,0,0
1146,1468,69,0,0,0,0,2,,3,0,5,0,,,3.1,140,0.45,0.15,6.8,12,5,1,0,0,0,0,1,0,0,3
1147,1628,77,0,0,2,2,1,,3,0,,,260,120,5.3,146,0.45,0.3,11.8,5,4,1,0,0,0,0,0,1,0,4
1148,365,69,1,2,2,2,2,,2,0,1,1,,,4.5,141,0.61,0.41,7.5,48,9,0,0,0,0,0,0,1,0,0
1149,999,62,1,3,6,2,1,,0,0,0,0,,,4.4,140,0.61,0.3,7.4,6,5,1,0,0,0,0,0,1,0,0
1150,862,82,1,0,0,0,0,,2,0,0,0,200,100,4.7,144,,,8.4,3,9,1,0,0,0,0,0,0,0,0
1151,680,50,1,0,2,2,1,,2,0,1,0,,,4.1,140,0.82,0.22,,11,8,1,0,0,0,0,0,0,0,0
1152,497,53,0,0,0,0,0,,3,0,6,0,140,80,2.8,132,0.38,0.18,10.2,10,9,0,0,0,0,0,0,0,0,0
1153,236,77,0,1,2,2,2,,2,0,5,0,,,3.9,137,0.38,0.3,5,2,9,1,0,0,0,0,0,0,0,0
1154,1078,59,0,0,,,,,2,0,7,0,120,100,4.5,145,0.38,0.33,6.8,32,8,1,1,0,0,0,0,0,0,0
1155,1150,59,0,0,2,2,2,,0,0,0,0,,,3.3,133,0.52,0.22,7.4,6,2,0,0,0,0,0,0,0,1,0
1156,1174,49,1,3,4,3,1,1,0,0,0,0,,,3.6,138,,,6,50,9,1,0,0,0,0,0,0,0,0
1157,503,62,1,0,6,1,2,,0,0,0,0,,,5,,,,10.9,25,9,1,0,0,0,0,0,0,0,0
1158,1105,62,0,2,6,2,1,,2,0,7,0,,,4.2,146,0.3,0.22,7.7,7,5,1,0,0,0,0,0,1,0,0
1159,462,59,1,0,6,2,1,,0,0,0,0,90,60,3.3,130,0.75,0.22,5.1,3,2,1,0,0,0,0,0,1,0,0
1160,441,68,0,1,0,0,2,,2,0,7,0,,,4.6,146,,,6,41,7,1,0,0,0,0,0,0,0,0
1161,1635,67,0,1,6,2,1,,2,0,7,0,,,4.4,136,0.3,0.07,18.4,5,2,1,0,0,0,0,0,0,1,1
1162,836,59,1,0,0,0,0,0,0,0,0,0,,,4.8,150,0.3,0.22,8.3,4,2,0,0,0,0,0,0,0,0,0
1163,810,55,0,0,0,0,2,,2,0,6,0,160,110,3.5,130,0.45,0.18,7.8,57,8,1,0,0,0,0,0,1,0,0
1164,1662,76,0,0,3,2,1,,2,0,,4,,,3.3,133,0.46,0.3,12.4,16,6,1,1,0,0,0,0,1,1,4
1165,1137,50,1,1,6,2,1,,0,0,0,0,,,4.5,136,0.82,0.45,14.6,5,8,0,0,0,0,1,0,1,1,0
1166,350,54,1,0,0,0,2,,2,0,5,0,,,3.2,127,0.3,0.22,6.6,8,2,0,0,0,0,0,0,0,0,0
1167,1652,68,1,1,4,2,2,,2,0,,0,,,4,136,0.45,0.15,5.6,19,4,1,0,0,1,0,0,0,0,1
1168,1443,52,0,1,0,0,0,,3,0,7,0,80,60,3.8,140,0.15,0.07,22.6,21,3,0,0,0,0,0,0,0,0,5
1169,1638,64,0,0,1,2,2,,0,0,0,0,,,3.6,133,0.15,0.15,8.9,5,5,0,0,0,0,0,0,0,0,1
1170,625,72,0,0,6,2,1,,3,0,7,0,,,,,0.3,0.18,9.3,3,,1,0,0,0,0,0,0,1,0
1171,1433,69,1,1,5,1,2,,3,0,7,0,,,4.2,136,0.3,0.4,16.1,16,6,0,0,0,0,1,0,0,0,2
1172,36,78,0,0,1,4,2,,2,0,7,0,120,80,3.9,139,,,8.3,32,9,1,0,0,0,0,0,0,0,0
1173,1562,61,1,1,3,2,2,,0,0,0,0,,,3.7,146,0.75,0.22,11,42,2,1,0,0,0,0,0,0,0,1
1174,1677,60,1,0,0,0,0,,0,0,0,0,,,,,0.38,0.26,8.6,18,1,1,0,0,0,1,0,1,0,2
1175,1661,75,0,1,6,2,1,,2,0,,,,,4.8,140,0.45,0.37,8.4,34,3,1,0,0,0,0,0,1,1,4
1176,297,70,0,0,1,2,1,,0,0,0,0,,,,,0.23,0.07,4.5,10,9,1,0,0,0,0,0,0,0,0
1177,1132,72,0,3,6,3,1,,2,0,7,0,,,4.9,136,0.45,0.67,11.9,8,5,1,1,0,0,1,0,1,0,0
1178,284,49,1,0,0,0,0,,2,0,1,0,,,4.4,145,0.38,0.07,6.3,6,9,1,0,0,0,0,0,0,0,0
1179,758,41,1,0,2,2,1,1,0,0,0,0,110,80,5.5,144,0.45,0.15,9.8,3,2,0,0,0,0,0,0,0,0,0
1180,1579,54,1,2,3,2,,,0,0,0,0,,,4.7,133,0.61,0.75,9,,2,0,0,0,0,0,0,0,0,1
1181,911,52,1,0,0,0,0,,0,0,0,0,105,70,4.3,139,,,10.8,4,1,1,0,0,0,0,0,1,0,0
1182,296,79,1,0,2,2,1,,3,0,7,0,,,,,0.15,0.11,9.3,8,1,1,0,0,0,0,0,0,0,0
1183,1069,78,0,0,0,0,0,,0,0,0,0,170,120,4.5,150,0.3,0.11,13.1,3,6,1,0,0,0,0,0,0,0,0
1184,436,37,1,0,0,0,0,,0,0,0,0,,,3.2,130,0.45,0.3,7.2,40,9,1,0,0,0,0,0,0,1,0
1185,1396,38,1,1,2,2,2,,0,0,0,0,,,,,,,11.4,11,8,1,0,0,0,0,0,0,0,0
1186,1184,67,1,1,2,2,1,,3,0,,0,,,3.4,135,0.15,0.07,6.5,15,2,1,1,0,0,0,0,1,0,0
1187,714,54,1,0,0,0,0,,0,0,0,0,140,90,4.2,136,0.45,0.26,6.7,34,9,1,0,0,0,0,0,0,0,0
1188,1352,69,1,2,6,2,2,,2,0,,0,,,3.7,130,,,8.3,5,6,1,0,0,0,1,0,0,0,0
1189,979,45,1,0,0,0,0,,0,0,0,0,,,4,136,0.75,0.07,7.5,10,2,0,0,0,0,0,0,0,0,0
1190,1691,77,1,0,0,0,0,,2,0,,0,,,,,,,5.4,13,5,0,0,0,0,0,1,0,0,3
1191,659,43,1,1,1,2,1,,0,0,0,0,,,4,131,0.61,0.15,9,7,2,1,0,0,0,0,0,0,0,0
1192,160,50,1,0,4,2,1,,2,0,2,0,,,4.1,136,0.45,0.18,8.9,5,2,1,0,0,0,0,0,0,0,0
1193,1358,68,0,0,2,2,1,,2,0,,0,,,,,,,10.1,3,6,1,0,0,0,1,0,0,0,0
1194,96,49,1,0,0,0,2,,0,0,0,0,,,4.5,139,0.45,0.18,,,9,1,0,0,0,0,0,1,0,0
1195,1479,65,0,0,0,0,2,,2,0,6,0,,,3,136,0.38,0.3,9.5,34,3,1,0,0,0,0,1,1,0,3
1196,1390,60,0,1,2,2,2,,2,0,1,0,,,4.2,140,,,4.6,7,9,1,0,0,0,0,0,0,0,0
1197,290,64,0,0,0,0,0,,2,0,3,1,,,,,0.52,0.15,7.3,8,9,1,0,0,0,0,0,1,0,0
1198,146,55,1,0,6,2,2,1,0,0,0,0,,,,,0.07,0.07,,,,1,0,0,0,0,0,0,0,0
1199,1254,80,1,0,6,2,2,,3,0,7,0,,,4.5,136,0.75,0.22,5.9,12,6,1,1,0,0,0,0,0,1,0
1200,1277,82,0,2,0,0,2,,2,0,,0,,,3.5,127,0.45,0.75,5.2,15,6,1,0,0,0,0,0,1,0,0
1201,1398,64,0,1,2,3,2,,2,0,7,0,,,,,0.38,0.33,8.5,32,1,1,0,0,0,0,0,0,0,0
1202,322,57,1,0,1,2,2,,2,0,4,0,160,90,,,0.38,0.22,6.2,11,2,1,0,0,0,0,0,0,0,0
1203,1128,70,0,3,0,0,0,,3,0,,0,,,,,,,11.8,7,6,0,0,0,0,1,0,0,0,0
1204,1267,68,0,0,0,0,0,,,,,0,,,4.5,130,0.15,0.15,20.2,22,2,1,1,0,0,0,0,1,0,0
1205,587,71,0,0,4,2,2,,2,0,3,0,,,,,,,8.6,3,3,1,0,0,0,0,0,1,1,0
1206,741,66,0,0,3,2,1,,0,0,0,0,150,90,3.9,132,0.22,0.26,10.4,12,1,0,0,0,0,0,0,1,0,0
1207,829,53,1,0,1,1,2,,0,0,0,0,,,4,146,0.9,0.82,12.1,19,7,0,0,0,1,0,0,0,0,0
1208,1520,67,1,0,1,2,2,,3,0,2,0,,,5.4,134,0.3,0.3,10.4,12,5,0,0,0,0,0,0,0,0,6
1209,1020,50,0,0,0,0,0,,2,0,7,0,,,4.5,140,,,5.8,25,9,0,0,0,0,0,0,0,0,0
1210,1338,53,1,3,5,2,1,,0,1,6,0,,,5.3,140,0.07,0.04,22,,1,1,0,1,0,1,0,0,1,0
1211,1171,54,1,0,0,0,0,,0,0,0,0,,,,,,,6.9,6,,1,0,0,0,0,0,0,0,0
1212,778,44,1,0,0,0,0,,2,0,7,0,140,80,3.8,140,0.45,0.11,6.5,4,6,1,0,0,0,0,0,0,0,0
1213,172,32,1,1,2,2,2,,2,0,,0,,,3.8,134,0.3,0.3,15.4,3,2,1,0,0,0,0,0,0,0,0
1214,206,42,1,1,0,0,2,,0,0,0,1,,,3.9,140,0.45,0.3,8.4,10,4,1,0,0,0,0,0,1,0,0
1215,1354,73,0,2,6,2,2,,2,0,7,,,,,,0.15,0.3,6.9,45,4,1,0,0,0,1,0,1,0,0
1216,1068,74,1,3,2,2,2,,0,0,0,0,120,80,3.7,127,0.23,0.18,12.2,7,2,1,0,0,1,0,0,0,0,0
1217,1331,64,1,1,3,2,1,,2,0,6,0,140,90,3.9,135,1.28,0.6,,8,,0,0,0,1,0,0,0,0,0
1218,1046,61,1,1,5,2,1,,2,0,6,0,180,100,4.9,136,0.68,0.22,6.9,28,2,1,0,0,0,1,0,0,1,0
1219,626,77,0,0,0,0,2,,0,0,0,0,,,4.6,134,1.51,0.3,5.7,,,1,0,0,0,0,0,1,0,0
1220,178,68,0,0,5,2,2,,2,0,5,0,,,3.8,130,0.15,0.75,7.7,20,7,0,0,0,0,0,0,0,0,0
1221,568,61,1,1,1,2,1,,0,0,0,0,,,3.8,130,0.23,0.37,8,8,1,0,0,0,0,0,0,0,0,0
1222,844,53,1,0,0,0,2,,0,1,4,0,,,4.1,136,0.23,0.11,7.1,17,7,1,0,0,0,0,0,0,1,0
1223,1700,63,1,2,,,,,2,0,,4,,,,,,,,,1,0,0,0,0,0,0,0,0,1
1224,1517,43,1,0,3,2,2,,0,0,0,0,,,5.1,128,0.09,0.11,8.9,6,1,0,0,0,1,0,0,0,0,7
1225,1556,68,1,0,,,,,,,,,130,80,3.7,138,0.38,0.3,6.9,12,2,0,0,0,0,0,0,0,0,2
1226,581,50,0,0,6,2,2,1,2,0,7,0,,,4,123,1.36,0.75,16.4,15,,1,0,0,0,0,0,0,0,0
1227,1463,80,1,3,5,2,2,,3,0,7,0,,,,,,,,,2,0,0,0,0,0,0,0,0,1
1228,197,69,0,0,0,0,2,,3,0,3,1,,,4.2,150,1.05,0.52,6,15,6,1,0,0,0,0,0,1,0,0
1229,655,74,0,1,4,2,1,,2,0,3,0,150,80,,,1.05,0.22,6.1,,8,1,0,0,0,0,0,0,0,0
1230,184,88,0,0,6,2,1,,0,0,0,0,,,4.7,133,0.45,0.26,7.7,8,6,0,0,0,0,0,0,0,0,0
1231,169,64,1,3,0,0,2,,3,0,5,0,,,4.2,138,0.15,0.15,10.9,19,2,1,0,0,0,0,0,1,0,0
1232,1382,59,1,0,2,2,2,,0,0,0,0,160,90,3.1,133,,,5.8,4,2,1,0,0,1,0,0,0,0,0
1233,1263,63,0,0,5,2,1,,2,0,,0,,,,,,,12.2,40,9,1,1,0,0,0,0,0,0,0
1234,252,76,0,0,0,0,2,,2,0,,1,,,3.9,133,1.51,0.15,6,20,3,1,1,0,0,0,0,1,0,0
1235,1469,69,0,2,5,2,2,,2,0,6,2,,,4.4,139,,,12.1,,3,1,0,0,0,0,1,0,1,3
1236,1501,55,1,0,6,2,2,,0,0,0,0,80,60,,,,,8.6,15,2,1,0,0,0,1,0,0,0,1
1237,856,66,1,0,0,0,0,,0,0,0,0,,,4,140,,0.26,12.2,4,2,1,0,0,0,0,0,0,0,0
1238,579,34,1,0,4,2,1,,2,0,,0,120,80,4.6,138,0.45,0.15,7.3,23,4,1,0,0,0,0,0,0,0,0
1239,953,55,1,0,0,0,2,,0,0,0,0,,,4.6,146,,,,,9,1,0,0,0,0,0,0,0,0
1240,519,62,1,0,0,0,0,,0,0,0,0,,,4,143,0.38,0.18,12.9,10,4,1,0,0,0,0,0,0,0,0
1241,977,72,0,1,6,2,1,,0,1,7,0,,,3.3,136,0.38,0.15,8.3,19,7,1,0,0,0,0,0,0,0,0
1242,957,66,0,1,3,2,1,,0,1,,0,,,,,,,9.5,3,,1,0,0,0,0,0,0,0,0
1243,408,63,1,0,0,0,0,,3,0,7,0,,,3.9,136,0.23,0.37,6.7,3,5,1,0,0,0,0,0,1,0,0
1244,84,46,1,2,2,2,2,,2,0,1,0,,,3.8,140,,,,,9,0,0,0,0,0,0,0,0,0
1245,767,60,0,2,2,2,1,,2,0,,0,,,3.5,136,0.15,0.22,7.4,38,4,1,0,0,0,0,0,0,0,0
1246,835,56,1,1,1,2,2,,2,0,3,0,,,5.7,146,0.9,0.33,13.3,5,7,0,0,0,0,0,0,0,0,0
1247,8,65,1,0,1,1,2,,2,0,7,0,,,4.5,136,,,6.2,20,7,1,0,0,0,0,0,0,0,0
1248,249,62,0,0,0,0,0,1,0,0,0,1,,,4.5,140,0.3,0.22,6,7,2,1,1,0,1,0,0,1,1,0
1249,1440,74,0,1,6,2,1,,2,0,7,,190,100,3.8,140,0.15,0.07,10.1,14,3,1,0,0,0,1,0,0,0,1
1250,164,76,0,1,0,0,0,0,2,0,7,0,140,0,4.8,128,0.15,0.22,6.8,68,,1,0,0,0,0,0,0,0,0
1251,805,67,1,1,3,2,2,,2,0,3,0,160,90,4.3,142,0.3,0.26,5.6,6,4,1,0,0,0,0,0,0,0,0
1252,1008,52,1,0,0,0,0,,2,0,5,0,,,8,132,0.3,0.3,8,3,9,1,0,0,0,0,0,0,0,0
1253,269,58,1,0,0,0,0,,0,0,0,0,,,,,,,5.9,8,4,,0,0,0,0,0,0,0,0
1254,813,74,1,0,4,2,1,,2,0,3,0,,,5.1,142,0.23,0.07,9.8,9,6,1,0,0,0,0,0,0,0,0
1255,1500,64,0,0,5,3,2,,0,0,0,0,140,80,4.5,136,1.8,0.3,8.3,45,7,1,0,0,1,0,0,0,0,7
1256,577,43,1,0,0,0,0,,0,0,0,0,,,4.1,140,,,5.4,3,9,1,0,0,0,0,0,0,0,0
1257,1637,55,0,3,6,2,2,,2,0,4,2,,,,,,,,,,0,0,0,0,0,0,0,0,5
1258,1168,63,0,0,,,2,,0,0,0,0,,,5.1,142,0.38,0.26,10.4,6,6,1,0,0,0,0,0,0,0,0
1259,514,77,0,3,3,2,2,,2,0,6,3,,,4.5,138,,,6.8,32,9,0,0,0,0,0,0,0,0,0
1260,667,63,1,0,6,2,1,,2,0,,0,120,70,4.1,134,2.26,0.66,8.3,3,7,1,0,0,0,0,0,0,0,0
1261,1262,74,0,0,,2,1,,0,0,0,0,,,4.2,140,0.61,0.67,15.7,20,3,0,1,0,0,0,0,1,0,0
1262,1576,70,1,1,,,,,2,0,7,,40,0,,,,,,,1,0,0,0,0,0,0,0,0,1
1263,1059,49,0,0,0,0,2,,0,0,0,0,,,3.9,130,0.23,0.26,5.7,7,3,1,0,0,0,0,0,0,0,0
1264,1239,58,1,0,0,0,2,,2,0,7,0,,,4,143,0.15,0.22,5.3,5,7,1,0,0,0,0,0,0,0,0
1265,107,44,1,0,0,0,0,,2,0,7,0,,,5.1,136,0.45,0.07,6.5,3,2,1,0,0,0,0,0,1,0,0
1266,147,65,0,1,0,0,2,,0,0,0,0,160,90,5.5,132,0.23,0.18,7,4,1,1,0,0,0,0,0,1,0,0
1267,378,69,0,0,0,0,2,,0,0,0,0,,,5.7,140,0.3,0.18,6.3,13,3,,0,0,0,0,0,0,1,0
1268,1567,67,0,0,6,2,2,,2,0,7,0,110,80,4.2,130,0.68,0.37,11.4,39,4,1,0,0,0,0,0,0,0,1
1269,513,68,1,2,6,2,2,,2,0,7,3,,,3.9,146,0.3,0.3,8.2,5,2,1,0,0,0,0,0,0,0,0
1270,1301,61,1,0,0,0,2,,2,0,5,0,120,80,3.1,138,0.52,0.3,10.6,3,2,1,0,0,1,0,0,1,0,0
1271,1306,77,1,0,0,0,0,,2,0,,0,130,80,4,130,,,5.4,9,8,1,0,0,0,1,0,0,0,0
1272,1363,86,1,1,,,,,0,0,0,0,,,,,,,7.2,40,1,1,1,0,0,0,0,0,0,0
1273,1626,80,0,0,,,,,3,0,6,,140,90,3.1,136,1.51,0.75,13.4,15,2,0,0,0,0,0,0,1,0,4
1274,1292,,0,0,6,2,1,,2,0,7,0,,,3.1,130,0.07,0.3,8.6,5,2,0,1,0,0,0,0,0,0,0
1275,83,80,0,0,5,2,1,,2,0,7,0,,,4,142,0.41,0.07,5.7,12,2,1,0,0,0,0,0,0,0,0
1276,270,49,1,0,0,0,2,,2,0,3,0,,,4.2,138,0.23,0.37,10.2,25,2,0,0,0,0,0,0,0,0,0
1277,461,48,1,1,6,2,2,,0,0,0,0,,,4.7,137,0.61,0.3,7.1,10,,1,0,0,0,0,0,0,0,0
1278,967,78,0,3,1,2,1,,2,0,6,2,,,3.8,136,0.23,0.11,9.8,16,1,0,0,0,0,0,0,0,0,0
1279,369,65,1,0,0,0,0,0,0,0,0,0,,,3.7,120,0.82,0.15,7.9,11,1,0,0,0,0,0,0,0,0,0
1280,717,72,0,2,6,3,1,,2,0,7,0,,,5.2,130,0.3,0.15,5,8,7,1,0,0,0,0,0,0,0,0
1281,1523,66,0,0,0,0,2,,2,0,7,0,140,80,3.3,132,0.45,0.15,9.9,8,1,0,0,0,0,0,0,0,0,1
1282,878,56,1,2,1,2,1,,0,0,0,0,,,3.7,136,0.23,0.26,12.2,10,2,0,0,0,0,0,0,0,0,0
1283,1527,63,1,0,5,2,2,,2,0,6,0,120,45,4.1,139,0.3,0.26,5.3,10,6,1,0,0,0,0,0,0,1,1
1284,138,58,1,2,6,2,2,,0,0,0,0,,,,,0.45,0.18,9.4,5,,1,0,0,0,0,0,0,0,0
1285,92,74,0,2,2,4,2,,2,0,7,0,,,,,0.45,0.15,4,6,,1,0,0,0,0,0,1,0,0
1286,1119,75,1,0,,2,1,,0,0,0,0,,,4.6,133,0.9,0.3,6.4,40,5,0,0,0,0,0,0,0,0,0
1287,153,70,0,0,0,0,0,,2,0,7,0,160,90,5.3,140,0.45,0.15,9.7,14,7,1,0,0,0,0,0,0,0,0
1288,1318,63,0,0,0,0,0,,0,0,0,0,,,5.9,138,0.82,0.52,5.9,4,3,0,1,0,0,0,0,0,0,0
1289,1066,58,0,1,6,2,2,,2,0,7,0,170,90,,,0.52,0.33,12,12,1,1,0,0,0,0,0,1,0,0
1290,1648,64,0,1,0,0,2,,2,0,7,0,90,60,,,,,5.8,7,4,1,0,0,0,0,0,0,0,6
1291,1472,71,1,1,5,1,2,,3,0,7,0,,,4.5,136,0.22,0.3,5.6,,4,1,0,0,0,0,1,0,0,3
1292,1368,66,1,1,3,2,1,,0,1,,0,120,80,3.7,143,0.3,0.37,6.6,25,2,0,1,0,0,0,0,1,0,0
1293,346,47,1,0,6,2,2,,0,0,0,0,,,4.4,145,1.64,0.45,9.5,3,9,1,0,0,0,0,0,0,1,0
1294,1551,83,0,0,0,0,0,,2,0,7,0,,,4.6,136,0.35,0.3,7.4,2,1,1,0,0,0,0,0,0,0,6
1295,956,57,1,1,3,2,2,,2,0,,0,160,90,4.6,150,0.15,0.18,7,3,7,0,0,0,0,0,0,0,0,0
1296,658,68,0,1,2,2,1,,2,0,1,0,,,3.3,130,0.3,0.15,8.6,11,9,1,0,0,0,0,0,1,0,0
1297,1687,85,1,1,0,0,0,,3,0,,0,,,7.6,133,0.45,0.22,7.7,37,,0,0,0,0,0,0,0,0,6
1298,1042,51,1,0,0,0,0,,2,0,6,0,,,4.6,138,0.82,0.75,8.1,9,7,1,0,0,0,1,0,0,1,0
1299,712,67,0,0,6,2,1,,3,0,7,0,,,3.5,138,0.75,0.37,5.4,8,7,1,0,0,0,0,0,1,0,0
1300,580,49,1,1,4,2,1,,0,0,0,0,140,90,5.4,137,1.51,0.52,10.5,4,2,1,0,0,0,0,0,0,0,0
1301,662,52,1,0,0,0,0,,2,0,1,0,,,3.3,120,1.05,0.45,5.8,5,3,1,0,0,0,0,0,0,0,0
1302,1679,63,1,0,0,0,0,,2,0,7,0,140,90,3.2,140,0.45,0.26,8.1,6,4,1,0,0,0,0,1,0,0,3
1303,222,65,0,0,6,2,2,,3,0,7,1,,,4.3,136,0.45,0.15,7.5,2,2,1,0,0,1,0,0,1,0,0
1304,1487,52,1,1,0,0,0,,0,0,0,0,40,0,4.8,130,0.98,0.56,12.1,12,6,0,0,0,0,0,0,0,0,1
1305,1587,79,0,0,6,2,2,,2,0,7,0,150,90,,,0.82,0.18,,,6,1,0,0,0,0,0,0,1,2
1306,1191,81,0,0,6,2,1,,2,0,7,0,,,,,0.3,0.11,5.1,7,1,1,1,0,0,0,0,0,0,0
1307,1458,68,0,0,5,2,2,,0,1,7,0,,,6.3,146,0.38,0.18,8.9,15,6,1,0,0,0,1,0,0,1,1
1308,1572,82,1,0,0,0,0,,2,0,7,0,,,,,,,,,4,0,0,0,0,0,1,0,0,3
1309,130,61,1,1,6,2,1,,2,0,6,0,,,4.7,134,0.15,0.07,5.5,5,1,1,0,0,0,0,0,1,0,0
1310,1684,73,1,1,6,2,1,,3,0,4,,150,90,4.2,146,0.15,0.07,12.4,8,2,1,0,0,0,0,1,0,0,3
1311,913,65,1,0,0,0,0,,2,0,6,1,,,4,133,0.15,0.07,5.4,35,7,1,0,0,0,0,0,0,0,0
1312,517,59,1,2,0,0,0,,0,0,0,0,100,60,,,,,,,5,0,0,0,0,0,0,0,0,0
1313,525,61,1,2,6,2,2,,2,0,5,0,,,4.5,143,0.23,0.15,5.7,20,1,0,0,0,0,0,0,0,0,0
1314,600,65,1,0,4,2,1,,2,0,,0,,,4.2,134,,,12.4,17,8,0,0,0,0,0,0,0,0,0
1315,1229,62,1,0,4,2,1,,0,0,0,0,,,4.1,136,1.64,0.75,17.7,2,8,1,0,0,0,0,0,1,1,0
1316,1439,50,1,1,1,2,1,,1,0,1,0,180,100,3.5,143,0.15,0.15,,,6,1,0,0,0,1,0,0,0,1
1317,978,61,0,0,0,0,0,,2,0,7,0,,,3.8,136,0.23,0.22,7.5,4,9,1,0,0,0,0,0,0,0,0
1318,1508,66,0,,,,,,0,1,,,70,30,,,0.3,0.15,12,3,2,0,0,0,0,0,0,0,0,1
1319,531,55,1,0,0,0,0,,2,0,6,0,,,5.1,143,0.3,0.18,6.7,5,1,1,0,0,0,0,0,0,0,0
1320,481,70,0,1,5,2,1,,2,0,,0,,,4.2,140,0.38,0.22,3.8,7,9,1,0,0,0,0,0,0,0,0
1321,1446,75,0,1,5,3,1,0,2,0,6,4,,,,,,,,,,0,1,0,0,1,0,1,1,2
1322,1215,46,1,1,0,0,2,,0,0,0,0,120,80,3.8,133,0.61,0.18,2.9,6,2,1,0,0,0,0,0,0,0,0
1323,245,42,1,0,0,0,2,,0,0,0,0,140,90,4.1,137,0.9,0.22,5.9,10,3,1,0,0,0,0,0,0,0,0
1324,402,67,1,0,0,0,2,,2,0,7,0,160,80,4.1,136,1.2,1.04,10.1,6,7,1,0,0,0,0,0,0,0,0
1325,602,56,0,0,6,2,2,,3,0,5,0,,,4,134,0.45,0.22,18.4,11,,1,0,0,0,0,0,0,0,0
1326,1167,53,1,0,0,0,0,,3,0,,0,,,3.8,139,0.45,0.45,7.2,13,7,0,0,0,1,0,0,0,0,0
1327,199,51,1,0,0,0,0,,0,0,0,0,100,60,4.4,134,0.15,0.22,8.5,3,1,1,0,0,0,0,0,0,0,0
1328,295,59,0,0,0,0,2,,3,0,6,1,,,3.8,140,0.23,0.15,,,9,1,0,0,0,0,0,1,0,0
1329,1584,73,1,3,6,2,2,,2,0,7,0,150,90,2.3,139,,,6.6,31,2,1,0,0,0,0,0,0,0,6
1330,287,61,1,0,0,0,2,,0,0,0,0,,,6.4,154,0.68,0.38,7.6,7,2,1,0,0,0,0,0,0,0,0
1331,1578,54,1,1,,,,,,,,,80,60,,,,,10.2,5,3,0,0,0,0,0,0,0,0,1
1332,209,65,1,0,5,2,2,,2,0,7,1,,,,,,,,,1,1,0,1,0,0,0,1,0,0
1333,1611,55,1,0,,,,,3,0,,,,,,,0.14,0.14,21.3,3,1,1,0,0,0,0,0,0,0,1
1334,1145,81,1,0,1,1,1,,0,0,0,0,140,80,4.1,143,0.15,0.15,4,8,,1,0,0,0,0,0,1,1,0
1335,300,77,0,0,0,0,2,,2,0,6,0,,,4.1,138,0.23,0.18,4.1,12,9,1,0,0,0,0,0,0,0,0
1336,961,44,1,0,1,2,2,,2,0,,0,,,4.4,130,,,11.6,6,,0,0,0,0,0,0,0,0,0
1337,771,47,0,1,5,2,1,,2,0,7,0,140,90,3.8,140,0.38,0.3,5.4,5,1,1,0,0,0,0,0,0,0,0
1338,1052,57,1,1,6,1,1,,0,0,0,0,,,4,130,0.15,0.11,11.2,5,2,1,1,0,0,1,0,0,0,0
1339,683,78,0,1,4,2,2,,2,0,3,0,130,80,,,,,5.6,10,9,1,0,0,0,0,0,0,0,0
1340,275,55,1,3,0,0,2,,2,0,1,0,,,,,0.38,0.3,6.9,22,7,1,0,0,0,0,0,0,0,0
1341,1122,72,0,1,6,2,1,,2,0,7,0,,,3.6,135,0.15,0.37,5,12,2,1,1,0,0,1,0,1,1,0
1342,412,62,1,0,0,0,2,,2,0,2,0,,,4.1,140,0.3,0.52,9.3,3,7,1,0,0,0,0,0,0,0,0
1343,258,47,1,1,6,1,2,,3,0,,0,,,4.5,140,0.9,0.45,6.3,25,9,1,0,0,0,0,0,0,0,0
1344,398,75,0,2,3,2,2,,2,0,3,1,150,90,3.8,134,0.52,0.11,5.8,14,4,1,1,0,0,1,0,1,0,0
1345,1129,50,0,1,3,3,1,,2,0,,0,150,100,3.5,143,0.68,0.33,23.5,22,5,1,0,0,0,1,0,0,0,0
1346,185,55,1,0,0,0,0,,3,0,,0,,,4.8,142,0.45,0.37,6.4,8,2,1,0,0,0,0,0,1,0,0
1347,1235,54,0,0,0,0,0,,0,0,0,0,,,3.6,143,0.45,0.22,4.9,9,8,1,0,0,0,0,0,1,0,0
1348,998,53,0,0,2,2,1,,3,0,1,0,,,4.9,136,0.45,0.15,10.6,11,7,0,0,0,0,0,0,0,0,0
1349,179,66,0,0,3,2,2,,2,0,,0,,,,,0.68,0.45,5.5,12,8,1,0,0,0,0,0,1,0,0
1350,372,55,1,1,4,2,,,0,0,0,0,,,3.8,140,0.23,0.18,10.7,9,1,1,0,0,0,0,0,0,0,0
1351,1290,63,1,0,6,3,2,,2,0,7,0,130,80,3.8,130,0.11,0.23,6.6,5,9,1,0,0,0,1,0,0,1,0
1352,1278,48,1,0,0,0,2,,2,0,,0,,,,,0.3,0.11,5.7,10,8,1,0,0,0,0,0,0,0,0
1353,507,62,1,0,0,0,0,,3,0,7,0,,,3.2,117,0.38,0.18,10.1,19,6,0,0,0,0,0,0,1,0,0
1354,421,66,1,2,6,2,2,,2,0,7,0,200,100,,,0.38,0.3,9.7,16,1,1,0,0,0,1,0,0,1,0
1355,1160,75,1,3,6,2,2,,2,0,7,0,190,100,5.3,132,0.23,0.11,7.8,13,2,1,0,0,0,0,0,0,1,0
1356,110,60,0,0,0,0,2,0,2,0,5,0,,,4.4,140,0.45,0.37,3.6,10,8,1,0,0,0,0,0,0,0,0
1357,1594,80,0,1,,,,,2,0,,,,,4.2,140,0.75,0.26,6.1,15,4,1,0,0,0,0,0,0,0,1
1358,1015,54,0,0,6,2,2,,2,0,7,0,,,3.9,140,0.61,0.22,7.7,15,2,1,0,0,0,0,0,0,0,0
1359,820,88,0,0,0,0,0,,0,0,0,0,,,4.7,153,0.15,0.07,12.4,20,2,1,0,0,0,0,0,1,0,0
1360,498,56,1,1,0,0,0,,2,0,,0,170,100,3.9,140,0.38,0.22,4.6,6,8,1,0,0,0,0,0,0,0,0
1361,1664,57,1,3,6,2,1,,2,0,,2,,,5.2,130,0.23,0.11,8.7,5,1,1,0,0,0,1,0,0,0,1
1362,12,50,0,0,0,0,0,,2,0,3,0,140,90,4.1,140,1.13,0.6,9.6,18,2,1,0,0,0,0,0,0,1,0
1363,55,55,1,0,0,0,0,,0,0,0,1,,,,,,,9.6,,3,1,0,0,0,1,0,1,0,0
1364,188,75,0,0,6,1,2,,2,0,7,0,200,100,6.4,135,0.23,0.07,7.3,12,9,1,0,0,0,0,0,0,0,0
1365,1080,68,1,3,6,2,2,,2,0,7,0,,,,,0.15,0.15,7.5,11,9,0,1,0,0,0,0,0,0,0
1366,1071,52,1,0,0,0,2,,0,0,0,0,,,3.6,130,0.18,0.15,9,9,2,1,0,0,1,0,0,0,0,0
1367,1492,82,1,1,4,2,1,,0,0,0,1,80,40,3.7,136,0.46,0.08,7.6,25,2,0,1,0,0,1,0,1,0,2
1368,784,58,1,0,6,2,1,,2,0,7,0,,,3.8,143,0.23,0.22,9.1,4,,1,0,0,0,0,0,0,0,0
1369,77,63,0,0,6,2,1,,0,0,0,1,,,4.8,139,0.61,0.15,3.7,23,2,1,0,0,0,0,0,1,0,0
1370,1161,68,1,0,6,3,2,,2,0,7,0,,,4.7,137,0.3,0.22,5.1,5,8,0,0,0,0,0,0,0,0,0
1371,1429,76,0,1,1,2,1,,3,0,7,,130,90,5.5,130,1.36,0.75,16.7,42,5,1,0,0,0,0,0,1,0,4
1372,1300,63,0,0,0,0,0,,2,0,7,0,,,4.2,136,0.52,0.37,12.3,17,,1,0,0,1,0,0,0,0,0
1373,801,67,1,0,0,0,2,,2,0,5,0,,,,,0.15,0.37,5.2,2,2,1,0,0,0,0,0,0,0,0
1374,1096,74,1,2,6,2,1,,2,0,,0,,,3.8,137,0.45,0.15,2.1,6,7,1,0,0,0,0,0,1,0,0
1375,1590,65,0,0,6,2,1,,2,0,6,0,180,100,4.5,136,0.15,0.11,6.1,16,2,1,1,0,0,0,1,0,0,3
1376,1031,67,1,0,0,0,0,,2,0,7,0,100,60,4.4,140,0.45,0.96,12.3,8,7,1,1,0,0,0,0,1,0,0
1377,1553,52,1,0,5,2,2,,0,0,0,0,,,,,0.61,0.15,16.3,12,9,0,0,0,0,0,0,0,0,1
1378,1153,63,0,0,6,2,1,,2,0,7,0,,,,,1.2,0.56,10.9,30,2,0,0,0,0,0,0,1,1,0
1379,1669,76,1,1,6,2,2,,2,0,,2,80,40,4.8,128,1.89,1.08,12.1,4,6,0,0,0,0,0,0,0,0,1
1380,984,60,1,0,0,0,2,,2,0,6,0,,,4,136,0.61,0.15,7.7,3,3,1,0,0,0,0,0,0,0,0
1381,228,57,0,1,1,2,2,,2,0,6,0,,,3.5,130,0.45,0.15,5.1,10,3,1,0,0,0,0,0,0,0,0
1382,636,67,0,0,,2,1,,2,0,4,0,,,4.4,139,0.38,0.3,7.8,12,9,1,0,0,0,0,0,0,0,0
1383,488,64,0,0,0,0,2,,2,0,1,2,150,90,4.9,138,1.96,0.45,6.5,10,9,1,0,0,0,0,0,1,0,0
1384,414,61,0,0,1,2,1,,2,0,7,0,160,90,3.9,140,0.38,0.15,5.9,21,7,1,0,0,0,0,0,0,0,0
1385,1178,55,1,0,0,0,0,,0,0,0,0,,,3.1,134,0.33,0.18,7,19,9,1,0,0,0,0,0,0,0,0
1386,1187,59,1,1,3,2,1,,2,0,,0,130,90,4.5,135,0.38,0.22,8.8,,2,1,1,0,0,0,0,0,0,0
1387,1422,55,0,0,,2,1,,2,0,1,0,,,5.7,143,,,5.2,5,6,1,0,0,0,0,0,0,0,0
1388,475,62,1,0,0,0,0,,3,0,7,0,,,4.1,140,0.52,0.15,10,5,1,1,0,0,0,0,0,0,0,0
1389,380,62,1,0,3,1,2,,3,0,7,0,,,4.2,130,0.9,0.63,8,10,,0,0,0,0,0,0,0,0,0
1390,727,68,1,1,2,2,2,,0,0,0,0,,,,,0.3,0.22,5.2,4,6,1,0,0,0,0,0,0,0,0
1391,543,77,1,0,0,0,0,,2,0,7,0,,,5,140,0.45,0.22,16.1,26,7,1,0,0,0,0,0,0,0,0
1392,131,73,1,0,6,2,1,,2,0,7,0,,,3.1,134,0.15,0.15,,,7,0,0,0,0,0,0,1,0,0
1393,1147,60,0,0,0,0,0,,3,0,6,0,,,4,140,0.15,0.07,,,2,1,0,0,0,0,0,0,1,0
1394,1060,68,1,0,5,2,1,,0,0,0,0,100,60,4.3,140,0.15,0.22,7.3,37,,0,0,0,0,0,0,0,0,0
1395,877,62,1,0,0,0,0,,2,0,,0,160,100,3.9,136,0.45,0.22,9,15,2,0,0,0,0,0,0,0,0,0
1396,995,61,0,2,2,2,1,,2,0,5,0,,,5.2,139,0.15,0.07,6.9,59,3,1,0,0,0,0,0,0,0,0
1397,536,68,1,1,0,0,2,,2,0,7,0,130,70,5.1,153,,,12.2,10,3,1,0,0,0,0,0,1,0,0
1398,1090,84,0,0,0,0,0,,2,0,3,0,,,4.6,144,,,,,9,1,1,0,0,0,0,0,0,0
1399,854,51,1,1,0,0,0,,0,0,0,0,105,70,,,0.23,0.11,8.9,4,6,1,0,0,0,0,0,0,0,0
1400,1675,78,0,1,2,2,1,,2,0,7,0,140,60,,,,,6.3,21,,0,0,0,0,0,1,0,0,3
1401,103,56,1,0,6,2,2,0,3,0,6,0,,,4.7,140,,,6.8,4,3,0,0,0,0,1,0,1,1,0
1402,1172,56,1,0,0,0,0,,2,0,6,0,,,5.7,130,0.75,0.56,7.3,8,4,1,0,0,0,0,0,1,0,0
1403,922,60,0,0,0,0,2,,2,0,6,0,180,100,4.2,136,0.15,0.07,6.2,12,2,1,0,0,0,0,0,1,0,0
1404,1351,79,1,0,6,2,2,,2,0,7,0,,,,,0.3,0.15,9.2,22,9,1,1,0,0,1,0,0,0,0
1405,85,72,1,0,6,2,2,,0,0,0,1,,,,,0.61,0.26,5.6,15,9,1,0,0,0,0,0,1,0,0
1406,654,52,0,2,3,2,1,,0,0,0,4,,,4.7,138,2.56,0.52,9.6,8,,0,0,0,0,0,0,0,0,0
1407,615,69,1,0,0,0,2,,2,0,7,0,160,100,4,140,,,13,45,,1,0,0,0,0,0,1,0,0
1408,1361,84,0,0,0,0,0,,2,0,,,,,,,,,10.6,3,4,1,1,0,0,0,0,0,0,0
1409,315,65,1,0,0,0,0,,0,0,0,1,,,5.2,140,1.36,0.37,7.2,10,3,1,0,0,0,0,0,1,0,0
1410,217,68,0,0,4,2,2,,2,0,3,0,,,3.8,137,0.52,0.18,11.5,30,9,1,0,0,0,0,0,0,0,0
1411,1629,57,1,1,3,2,1,,2,0,,,140,90,,,,,8.2,3,3,1,0,0,0,0,0,0,0,7
1412,1001,53,1,0,0,0,2,,2,0,6,0,140,80,4.2,141,,,14.6,6,,1,0,0,0,0,0,0,0,0
1413,1082,66,1,1,2,2,1,,2,0,7,0,,,4.2,132,0.38,0.15,5.4,21,2,1,1,0,0,0,0,0,0,0
1414,1208,58,1,2,5,2,1,,0,0,0,0,,,4.5,140,0.38,0.22,5.7,26,5,1,0,0,0,0,0,0,0,0
1415,218,76,0,1,6,2,2,,2,0,7,0,260,120,,,0.38,0.18,,,9,1,0,0,0,0,0,0,0,0
1416,617,62,0,1,2,2,1,,2,0,,4,240,160,4.2,132,0.75,1.12,12.2,3,2,1,0,0,0,0,0,0,0,0
1417,1032,59,1,0,6,2,2,,2,0,7,1,110,70,4.3,136,0.15,0.07,8.4,15,7,1,1,0,0,0,0,0,0,0
1418,980,74,0,0,6,2,1,,2,0,7,0,,,4.2,143,0.38,0.11,7.3,,8,1,0,0,0,0,0,1,0,0
1419,342,55,1,0,0,0,2,,2,0,1,0,,,4.2,146,0.26,0.38,,,7,1,0,0,0,0,0,0,0,0
1420,793,70,1,1,6,2,2,,0,0,0,0,160,90,,,0.3,0.14,6.1,25,1,1,0,0,0,0,0,0,0,0
1421,6,64,1,0,1,2,1,,0,0,0,0,,,,,0.45,0.22,7.2,2,2,1,1,0,0,0,0,0,0,0
1422,261,52,0,1,5,2,0,,3,0,7,0,,,,,,,7.4,12,2,1,1,0,1,1,0,0,0,0
1423,1179,60,1,0,0,0,0,,3,0,,0,,,3.6,120,0.52,0.18,7.3,,2,0,0,0,0,1,0,1,1,0
1424,403,44,1,2,0,0,2,,2,0,6,0,,,,,0.23,0.15,6.9,11,5,0,0,0,0,0,0,0,0,0
1425,955,76,1,0,4,2,2,,2,0,,2,140,70,4.6,141,,,8.1,3,9,0,0,0,0,0,0,0,0,0
1426,450,62,0,0,,2,1,,2,0,7,0,,,4,136,1.64,1.2,6.8,8,7,0,0,0,0,0,0,1,0,0
1427,795,57,1,0,6,2,1,,0,0,0,0,160,90,3.7,128,0.45,0.15,7.4,5,9,1,0,0,0,0,0,0,0,0
1428,691,49,1,1,6,2,2,0,0,0,0,0,,,4.1,139,0.23,0.11,6.2,9,9,1,0,0,0,0,0,0,0,0
1429,1282,63,1,2,3,2,2,,2,0,7,0,,,4.8,136,0.11,0.23,9.2,6,8,1,0,0,0,0,0,0,0,0
1430,1537,50,1,0,0,0,0,,0,0,0,0,,,4.8,130,1.05,1.75,7.5,3,9,1,0,0,0,0,0,1,0,4
1431,1488,75,0,1,1,2,1,,2,0,7,0,,,3.6,136,0.75,0.15,8.7,22,3,1,1,1,0,1,0,1,0,4
1432,1471,75,0,0,6,2,2,,0,1,6,0,,,3.7,146,0.45,0.07,7.6,4,5,0,1,0,0,0,1,1,0,3
1433,1395,74,0,0,6,2,2,,2,0,7,0,140,80,,,0.15,0.3,5.6,45,9,1,0,0,0,0,0,1,0,0
1434,1565,65,1,1,6,2,2,,0,0,0,0,,,5.1,133,0.3,0.11,10,6,5,1,0,0,0,1,0,0,0,1
1435,751,52,1,0,3,2,1,,2,0,4,0,130,90,3.3,123,0.45,0.67,10.8,7,2,1,0,0,0,0,0,0,0,0
1436,149,61,0,0,0,0,2,,0,0,0,0,,,4.3,136,0.3,0.3,8.4,8,1,0,0,0,0,0,0,0,0,0
1437,255,51,1,0,0,0,0,,2,0,5,0,,,3.4,136,0.3,0.18,15.3,2,2,1,0,0,0,0,0,0,0,0
1438,132,50,1,0,3,2,1,,0,0,0,0,,,,,0.3,0.15,9.2,4,1,1,0,0,0,0,0,0,0,0
1439,340,62,1,0,0,0,0,,0,0,0,1,,,3.3,136,0.45,0.22,22.9,4,,1,0,0,0,0,0,1,0,0
1440,849,37,1,0,0,0,0,,2,0,1,0,,,3.9,140,0.38,0.26,8,4,6,1,0,0,0,0,0,0,0,0
1441,884,70,0,0,6,2,1,,3,0,7,0,,,4.4,133,0.75,0.37,4.5,,1,1,0,0,0,0,0,1,0,0
1442,327,41,1,0,0,0,0,,0,0,0,1,120,90,3,,,,5,15,1,1,0,0,0,0,0,1,0,0
1443,1279,63,1,2,,2,2,,0,0,0,0,,,,,,,5.3,,5,0,0,0,0,0,0,1,1,0
1444,157,76,0,0,3,2,2,,2,0,,0,,,,,,,,,,1,0,0,0,0,0,0,0,0
1445,1044,60,1,1,0,0,0,,2,0,2,0,140,90,5.1,138,0.07,0.07,11.7,3,2,1,0,0,0,0,0,0,0,0
1446,1107,62,0,0,,2,1,,0,0,0,0,,,,,0.15,0.22,10.7,20,1,0,0,0,0,0,0,0,0,0
1447,1481,82,0,1,,,2,,3,0,7,0,,,3.5,136,0.38,0.18,9.5,12,5,0,1,1,1,0,0,0,0,7
1448,551,70,0,0,,2,1,,2,0,,0,200,120,4.2,122,0.3,0.18,9,40,8,0,0,0,0,0,0,0,0,0
1449,1610,65,1,0,1,2,1,,2,0,,0,,,6.2,136,,,5.9,5,2,1,0,0,0,0,1,0,0,3
1450,1212,68,1,0,6,2,2,,0,0,0,0,,,,,,,5.2,10,2,0,0,0,0,0,0,1,0,0
1451,1362,54,0,0,,2,1,,3,0,7,0,,,3.7,136,,,5.3,9,2,1,1,0,0,0,0,0,0,0
1452,458,65,0,0,6,2,1,,0,0,0,0,140,90,3.7,134,0.61,0.22,10.7,2,2,1,0,0,0,0,0,0,0,0
1453,1480,58,0,0,4,2,1,,0,1,7,0,170,100,4,136,0.75,0.15,7.5,10,3,0,1,0,0,0,1,0,0,3
1454,1193,75,0,2,6,2,1,,3,0,7,0,140,80,,,0.07,0.18,4.6,20,1,1,0,0,0,1,0,0,0,0
1455,934,43,1,2,2,2,1,,0,0,0,0,,,4,140,0.68,0.37,9.9,7,,0,0,0,0,0,0,0,0,0
1456,1340,64,0,1,6,2,1,,0,1,7,0,185,100,,,0.15,0.15,7.3,13,2,1,0,1,0,0,0,0,1,0
1457,48,72,0,1,2,2,1,,0,0,0,0,,,5,144,,,9.1,28,4,1,0,0,0,0,0,0,0,0
1458,1604,60,1,1,2,2,1,,0,0,0,0,80,60,,,,,,,3,0,0,0,0,0,0,0,0,1
1459,806,67,1,0,3,1,1,,2,0,1,0,,,3.8,138,0.15,0.11,6.7,4,5,0,0,0,0,0,0,0,0,0
1460,779,54,1,0,0,0,2,,0,0,0,0,,,3.7,148,0.98,0.3,8.1,8,7,1,0,0,0,0,0,0,0,0
1461,761,44,1,0,0,0,0,,2,0,7,0,,,4.3,138,0.45,0.33,10.2,5,7,1,0,0,0,0,0,0,0,0
1462,1403,34,1,0,2,2,1,,2,0,1,0,,,,,0.15,0.15,5.9,27,9,1,0,0,0,0,0,0,0,0
1463,1299,54,1,2,2,2,2,0,0,0,0,0,115,70,6,120,0.18,0.23,6.5,7,,1,0,0,0,0,0,0,0,0
1464,1350,70,0,1,5,2,2,,2,0,7,2,,,,,0.45,0.15,6.2,17,1,1,0,0,0,1,0,0,1,0
1465,347,46,0,0,0,0,2,,2,0,2,0,,,,142,0.3,0.37,8.4,26,9,0,0,0,0,0,0,0,0,0
1466,790,64,0,0,0,0,0,,2,0,7,0,,,4.8,143,0.23,0.15,5.2,10,2,0,0,0,0,0,0,0,0,0
1467,223,67,1,0,0,0,0,,2,0,5,1,,,4.3,142,0.15,0.15,3.2,3,2,1,0,0,0,0,0,1,0,0
1468,1391,,1,2,6,2,1,,2,0,,0,,,4.1,138,,,5.7,6,6,0,0,0,0,0,0,0,0,0
1469,1260,87,0,0,6,2,2,,3,0,,0,,,4.2,136,0.45,0.18,5.2,33,9,1,0,0,0,1,0,0,1,0
1470,356,57,1,3,6,2,1,,0,0,0,1,,,4.5,144,1.05,0.52,9.1,19,7,1,0,0,0,0,0,1,0,0
1471,1606,60,0,3,6,3,2,,2,0,7,3,,,4.3,133,0.23,0.15,5.9,18,2,0,0,0,0,0,0,0,1,1
1472,730,59,0,0,0,0,0,,0,0,0,0,120,70,3.5,139,,,4.9,,3,1,0,0,0,0,0,0,0,0
1473,80,56,1,2,6,2,2,,2,0,7,1,,,6.7,137,0.23,0.15,6.8,7,9,1,0,0,0,0,0,1,0,0
1474,345,79,0,1,6,2,1,,2,0,6,0,80,60,4.4,140,0.45,0.15,9.9,19,6,0,0,0,0,0,0,0,0,0
1475,1353,55,1,0,1,2,2,,0,0,0,0,,,,,1.05,0.14,11.4,26,9,1,0,0,0,1,0,0,0,0
1476,892,51,1,3,5,2,2,,2,0,,0,140,80,5,137,1.36,0.37,7.1,20,2,1,0,0,0,0,0,1,0,0
1477,926,54,0,0,0,0,0,,2,0,7,0,,,3.9,140,0.45,0.37,9.4,7,7,1,0,0,0,0,0,1,0,0
1478,177,65,0,1,4,2,2,,2,0,3,0,,,3.9,140,0.15,0.07,8.8,4,7,1,1,1,0,0,0,0,0,0
1479,375,58,1,2,4,1,1,,0,0,0,0,,,4.5,140,0.38,0.22,5.7,26,4,1,0,0,0,0,0,0,0,0
1480,152,62,1,0,5,2,1,,3,0,7,2,,,,,0.45,0.18,11.5,10,9,0,0,0,0,0,0,1,0,0
1481,1054,60,1,0,0,0,0,,0,0,0,0,110,60,2.9,134,1.51,0.48,8.8,5,5,1,0,0,1,0,0,0,0,0
1482,227,62,1,0,0,0,0,,2,0,7,1,210,110,5.2,131,0.3,0.18,7,20,5,1,0,0,0,0,0,1,0,0
1483,303,50,1,1,6,2,2,,0,0,0,0,140,80,4.9,138,0.23,0.37,16.6,9,2,1,0,0,0,0,0,0,0,0
1484,1118,57,1,1,6,2,1,,0,0,0,0,,,3.4,127,0.38,0.18,7.2,6,2,0,0,0,0,0,0,0,0,0
1485,1506,67,1,1,2,3,2,,2,0,,0,110,70,4.6,134,,,17.5,34,8,1,0,0,0,0,0,0,1,1
1486,1641,75,1,,,,,,,,,,,,6,143,0.3,0.18,7.4,5,3,1,0,0,0,0,0,0,0,6
1487,677,66,1,1,1,2,1,,0,0,0,0,,,3.7,120,1.8,0.67,7.9,2,6,0,0,0,1,0,0,0,0,0
1488,1227,65,1,0,2,2,1,,3,0,,0,,,4.1,136,0.23,0.11,20.5,30,1,1,0,0,1,0,0,1,1,0
1489,370,45,1,0,5,1,2,,2,0,3,0,,,4.4,140,0.3,0.3,12.3,10,3,1,0,0,0,0,0,0,0,0
1490,196,55,1,0,0,0,0,,0,0,0,0,,,4,132,0.68,,16.6,5,1,1,0,0,0,0,0,0,0,0
1491,842,54,0,0,0,0,2,,2,0,2,0,160,90,,,0.52,0.18,5.1,7,6,0,0,0,0,0,0,0,0,0
1492,573,57,1,0,1,2,1,,2,0,5,0,190,100,6,136,,,6,16,9,1,0,0,0,0,0,1,0,0
1493,351,79,0,1,0,0,0,,2,0,1,1,,,,,0.3,0.37,11.8,4,2,0,0,0,0,0,0,1,0,0
1494,1079,70,0,0,0,0,0,,3,0,7,0,,,3.8,136,0.23,0.22,8.9,,,0,1,0,0,0,0,0,0,0
1495,332,49,1,0,0,0,0,,3,0,6,1,180,90,2.7,123,1.51,0.37,16.6,2,2,1,0,0,0,0,0,1,0,0
1496,1369,72,1,1,6,2,1,,3,0,7,0,140,80,3.7,133,0.52,0.3,,,2,1,1,0,0,0,0,1,0,0
1497,411,65,0,3,6,1,1,,2,0,6,0,120,80,3.8,143,0.23,0.07,10.9,18,2,1,0,0,0,0,0,0,0,0
1498,11,71,1,0,0,0,0,,0,0,0,0,140,80,3.1,132,0.15,0.45,9.1,5,1,1,0,0,0,0,0,0,0,0
1499,1571,63,0,0,0,0,2,,0,0,0,0,110,70,4.4,136,0.52,0.26,5.6,48,9,1,1,0,0,0,0,0,0,5
1500,1693,71,0,0,6,2,2,,2,0,7,0,,,3.4,133,0.52,0.22,5.1,8,1,1,1,0,0,0,1,0,1,3
1501,1676,75,1,0,6,2,1,,2,0,2,,,,,,0.3,0.15,,,3,1,0,0,0,1,0,0,0,2
1502,1683,61,0,1,5,2,2,,,,,2,90,60,,,,,,,1,0,0,0,0,0,0,0,0,1
1503,71,,1,0,3,2,2,,2,0,7,1,,,4.7,142,0.3,0.07,10.3,17,6,1,0,0,0,0,0,1,0,0
1504,1595,81,0,1,,,,,2,0,,,60,0,3.7,140,0.75,0.52,8.7,27,1,0,0,0,0,0,0,0,0,1
1505,936,64,1,1,4,2,1,,0,0,0,0,,,,,0.38,0.3,7.4,6,6,0,0,0,0,0,0,1,0,0
1506,1546,76,0,0,3,2,2,,0,0,0,0,,,3.8,123,0.45,0.18,5.9,50,3,1,0,0,1,0,0,1,1,4
1507,493,61,1,0,6,2,1,,2,0,,0,,,4.7,142,,,,,9,1,0,0,0,0,0,0,0,0
1508,676,71,0,0,0,0,0,,3,0,7,0,,,3.8,138,0.3,0.26,7.3,10,4,1,0,0,0,1,0,1,0,0
1509,1061,74,0,0,6,2,1,,2,0,7,0,140,80,3.5,140,0.7,0.7,17.1,24,2,,0,0,0,0,0,0,0,0
1510,334,56,1,0,1,2,1,,0,0,0,0,,,4.3,132,0.61,0.3,8.5,9,5,1,0,0,0,0,0,0,0,0
1511,1649,77,1,0,0,0,0,,2,0,7,4,160,90,3.5,130,0.23,0.15,11,12,2,1,0,0,0,0,1,0,0,3
1512,1625,84,0,0,6,2,1,,2,0,7,0,160,100,,,,,7.1,28,2,1,0,0,1,0,0,1,0,7
1513,311,74,0,0,3,4,2,0,2,0,1,0,160,80,,,,,6.6,50,9,1,0,0,0,0,0,0,0,0
1514,440,76,1,0,1,1,0,,2,0,1,0,,,3.9,138,0.38,0.18,15.4,,2,0,0,0,0,0,0,0,0,0
1515,14,57,1,0,0,0,2,0,2,0,6,0,140,90,3.4,132,1.05,0.37,5,27,2,1,0,0,0,0,0,0,0,0
1516,1470,64,0,0,,,,,3,0,5,0,,,3.5,146,0.23,0.11,5.6,8,1,1,0,0,1,0,1,0,0,3
1517,869,35,1,0,0,0,2,,2,0,6,0,,,4.4,140,0.15,0.15,15.8,3,3,0,0,0,0,0,0,0,0,0
1518,1432,74,1,1,3,2,2,,0,0,0,0,60,20,5.5,136,0.3,0.22,21.7,14,3,0,0,0,0,0,0,0,0,1
1519,1280,52,1,0,0,0,0,,0,0,0,0,,,3.4,136,0.45,0.15,4.1,27,2,1,0,0,0,0,0,0,0,0
1520,538,73,0,2,1,2,2,,2,0,7,0,,,3.8,140,0.61,0.3,8,14,7,1,0,0,0,0,0,0,0,0
1521,723,73,1,0,6,2,1,,3,0,7,0,,,,,0.3,0.45,6.6,4,8,1,0,0,0,0,0,1,0,0
1522,1101,64,1,0,,,2,,0,0,0,0,,,4.1,141,,,7,4,1,,0,0,0,0,0,0,0,0
1523,651,84,0,1,0,0,0,,2,0,7,0,160,90,,,,,6.4,28,7,0,0,0,0,0,0,0,0,0
1524,1104,67,0,0,6,2,2,,2,0,6,0,140,80,4.8,133,0.45,0.22,10.2,7,2,0,0,0,0,0,0,0,0,0
1525,1048,60,1,0,0,0,0,,0,0,0,0,90,60,4,142,0.38,0.15,7.6,4,2,1,0,0,0,0,0,0,1,0
1526,1250,81,0,0,0,0,2,,2,0,,0,130,80,,,0.15,0.15,9.4,22,1,1,0,0,0,1,0,1,0,0
1527,1408,65,0,1,6,2,2,,2,0,7,0,,,,,0.23,0.4,7.8,31,1,1,0,0,0,0,0,0,0,0
1528,9,60,1,0,0,0,2,,2,0,6,0,200,120,,,0.3,0.37,6.2,3,3,,1,0,0,0,0,0,0,0
1529,694,71,1,0,0,0,0,,0,0,0,0,,,,,,,,,8,1,0,0,0,0,0,0,0,0
1530,328,72,1,1,4,2,1,,2,0,7,0,,,3.6,126,0.45,0.11,6.4,10,2,1,0,0,0,0,0,0,0,0
1531,599,67,1,1,0,0,0,,3,0,7,0,,,,,0.75,0.56,9,6,6,1,0,0,0,0,0,1,0,0
1532,732,43,1,0,0,0,2,,2,0,7,0,,,5.5,130,0.3,0.15,8.9,3,6,1,0,0,0,0,0,1,0,0
1533,648,50,1,0,5,2,1,,2,0,6,0,140,90,3.8,134,0.98,0.22,4.9,30,2,1,1,0,0,0,0,0,0,0
1534,841,62,1,0,3,2,2,,0,0,0,0,,,4.9,146,0.45,0.22,5,15,9,0,0,0,0,0,0,0,0,0
1535,540,65,1,2,1,2,2,,0,0,0,0,,,3.5,127,0.15,0.22,12.3,5,,0,0,0,0,0,0,0,0,0
1536,1024,45,1,1,1,4,2,,0,0,0,0,,,3.7,130,0.45,0.22,12.5,,7,1,0,0,1,0,0,0,0,0
1537,557,55,1,0,3,2,1,,2,0,7,0,,,3.6,139,0.3,0.15,,,8,1,0,0,0,0,0,0,0,0
1538,603,52,1,1,5,2,1,,0,0,0,0,90,60,3.9,132,0.9,0.52,13.6,7,6,1,0,0,0,0,0,0,0,0
1539,31,64,0,0,0,0,2,,2,0,1,0,,,,,,,,,9,1,0,0,0,0,0,0,0,0
1540,1317,52,1,1,3,2,1,,2,0,,0,,,3.6,140,0.15,0.33,6.6,8,1,1,0,0,0,1,0,1,1,0
1541,1261,83,1,2,6,2,1,,2,0,7,0,,,4.7,130,0.3,0.11,5.3,5,8,1,1,0,0,0,0,0,0,0
1542,576,68,0,0,6,2,1,,2,0,7,0,,,,,,,,,3,1,0,0,0,0,0,0,0,0
1543,846,43,1,2,5,2,2,,2,0,1,0,120,80,4.9,140,0.23,0.15,6.6,6,9,1,0,0,0,0,0,0,0,0
1544,399,73,1,0,2,1,2,,0,0,0,0,,,3.7,132,0.15,0.15,8.9,7,3,0,0,0,0,0,0,0,0,0
1545,1252,79,0,3,6,2,1,,2,0,7,0,,,3.5,127,0.45,0.22,8.8,5,3,1,0,0,0,1,0,0,1,0
1546,1201,,1,0,0,0,0,,0,0,0,0,105,70,4.7,121,1.2,0.45,,,1,1,0,0,0,0,0,0,0,0
1547,437,63,0,1,2,1,2,1,3,0,7,0,135,80,4.7,133,,,14.9,9,9,0,0,0,0,0,0,0,0,0
1548,1310,75,1,3,,,2,,2,0,7,0,200,110,,,,,7.2,14,2,1,0,0,0,0,0,0,1,0
1549,865,78,1,0,0,0,0,,0,0,0,0,,,3.8,140,0.15,0.15,7.1,,9,0,0,0,0,0,0,1,0,0
1550,1431,80,0,1,,,,,0,0,0,,70,30,4.2,136,0.23,0.26,,,4,0,0,0,0,0,0,0,0,1
1551,465,65,0,0,5,2,2,,0,0,0,0,,,,,,,4.5,17,,1,0,0,0,0,0,0,0,0
1552,1359,83,0,0,0,0,0,,0,0,0,0,,,4.2,143,,,13.1,5,2,1,1,0,0,0,0,1,0,0
1553,1136,69,1,3,6,3,2,,2,0,7,0,160,90,5.1,136,0.15,0.15,5.4,25,,0,0,0,0,1,0,0,0,0
1554,987,71,0,3,0,0,2,,2,0,7,0,,,4.7,140,0.3,0.07,6.4,9,3,1,0,0,0,0,0,1,0,0
1555,431,68,0,0,6,1,1,,2,0,7,0,160,90,3.5,133,1.64,0.3,8.3,5,2,1,0,0,0,0,0,1,0,0
1556,376,64,1,0,0,0,0,0,0,0,0,0,,,6,136,0.9,0.52,6.6,5,2,1,0,0,0,0,0,0,0,0
1557,50,56,1,0,0,0,0,,0,0,0,1,,,,,,,13.3,3,3,1,0,0,0,0,0,1,0,0
1558,1198,66,1,0,0,0,2,,0,0,0,0,130,80,3.6,135,0.3,0.18,13.8,21,8,0,0,0,1,1,0,0,1,0
1559,924,58,1,0,0,0,0,,0,0,0,0,,,6,150,0.38,0.3,10.3,4,,0,0,0,0,0,0,1,0,0
1560,99,56,1,0,0,0,2,,0,0,0,0,,,,,,,,,,1,0,0,0,0,0,0,0,0
1561,708,62,0,0,0,0,0,,0,0,0,0,,,3,133,0.45,0.52,9.5,24,9,1,0,0,0,0,0,0,0,0
1562,1493,67,0,1,0,0,2,,2,0,1,0,170,100,4.7,133,0.3,0.48,9.4,23,7,0,0,0,0,0,0,1,0,4
1563,1021,76,1,1,0,0,0,,0,0,0,0,,,4.1,130,1.8,0.9,7.9,61,,0,0,0,0,0,0,1,0,0
1564,787,57,1,0,0,0,0,,0,0,0,0,110,70,,,0.75,0.75,12.5,2,7,1,0,0,0,0,0,0,0,0
1565,1337,66,1,1,6,2,2,,3,0,,0,,,5.1,140,,,12.6,3,5,0,0,0,0,1,0,0,1,0
1566,941,71,0,0,0,0,0,,2,0,,0,,,4,146,,,8.3,5,1,1,0,0,0,0,0,0,0,0
1567,1072,46,1,0,0,0,0,,3,0,,0,,,2.7,123,0.45,0.3,10.8,4,,0,0,0,1,0,0,0,0,0
1568,906,51,1,0,0,0,0,,0,1,6,0,,,4.1,138,0.52,0.26,7.5,25,1,1,0,0,0,0,0,0,0,0
1569,1460,64,0,1,1,2,2,,2,0,6,1,110,70,4.8,133,0.38,0.22,15.6,48,3,0,0,0,0,0,0,1,0,4
1570,745,43,1,0,0,0,0,,2,0,7,0,130,80,4,150,0.38,0.27,8.9,25,,1,0,0,0,0,0,0,0,0
1571,1371,75,0,0,4,2,1,,2,0,,0,,,,,0.38,0.22,8.5,9,1,1,1,0,0,0,0,0,0,0
1572,1531,57,1,0,0,0,0,,0,0,0,0,100,60,3.8,141,0.15,0.15,13,10,7,1,0,0,0,0,1,0,0,3
1573,874,58,1,1,6,2,1,,3,0,7,0,,,3.8,133,0.23,0.18,9.9,22,9,1,0,0,1,0,0,0,0,0
1574,985,62,1,0,0,0,0,,0,0,0,0,,,4.2,150,0.15,0.07,16.4,15,2,1,0,0,0,0,0,0,0,0
1575,1549,65,1,2,6,2,,,3,0,7,0,,,5,130,0.68,0.52,9,13,,1,0,0,0,1,0,1,0,4
1576,449,62,0,1,4,2,1,,3,0,5,0,180,90,4.3,136,0.07,0.04,7,26,9,1,0,0,0,0,0,0,0,0
1577,335,62,1,0,0,0,0,,0,0,0,0,140,90,3.6,124,1.05,1.04,6,3,6,1,0,0,0,0,0,0,0,0
1578,1545,60,1,1,0,0,2,,3,0,3,0,,,,,0.75,0.15,14,8,6,1,0,0,0,0,0,0,0,7
1579,1047,45,1,0,0,0,0,1,2,0,,0,180,100,,,0.45,0.3,10.7,10,8,1,0,0,0,0,0,0,1,0
1580,1098,69,0,0,1,2,2,,2,0,7,0,,,4.5,139,0.07,0.22,6.5,42,9,1,0,0,0,0,0,0,0,0
1581,1073,54,0,0,6,2,1,,0,0,0,0,,,,,1.51,0.52,5.5,10,6,,0,0,1,0,0,0,0,0
1582,32,65,1,0,0,0,0,,2,0,6,0,140,90,3.3,134,0.45,0.22,7.3,10,2,1,0,0,0,0,0,0,0,0
1583,738,78,1,0,4,2,2,,2,0,,0,,,3.8,139,0.23,0.15,6.2,7,2,0,0,0,0,0,0,1,0,0
1584,17,52,1,0,6,2,1,,2,0,7,0,80,60,,,0.45,0.07,12.5,10,1,0,0,0,0,0,0,0,0,0
1585,1465,55,1,0,0,0,0,,0,0,0,0,,,3.6,143,0.68,0.22,9,8,2,0,0,0,0,0,0,0,0,0
1586,27,82,0,1,2,2,1,,2,0,7,1,190,100,,,0.38,0.3,9.8,10,6,1,0,0,0,1,0,1,0,0
1587,388,70,0,0,3,2,1,,2,0,6,1,,,3.7,137,0.15,0.07,5.7,6,3,1,0,0,0,0,0,1,0,0
1588,1328,76,1,0,0,0,2,,3,0,1,0,,,3.4,134,0.14,0.14,4.3,22,,1,0,0,0,1,0,0,0,0
1589,35,65,1,0,1,0,2,,2,0,6,0,160,90,,,,,5.5,6,9,1,0,0,0,0,0,0,0,0
1590,1389,70,0,0,5,2,1,,3,0,7,0,,,4.3,143,,,9.2,,2,1,0,0,0,0,0,0,0,0
1591,15,55,1,1,1,2,2,,2,0,1,0,140,80,3.5,140,0.45,0.15,6.7,10,5,1,0,1,0,0,0,0,0,0
1592,1234,39,1,0,0,0,0,,0,0,0,0,,,4.3,143,0.07,0.6,9,16,9,1,0,0,0,0,0,0,0,0
1593,1413,58,0,3,0,0,0,,0,0,0,0,,,3.6,136,,,4.2,10,5,1,0,0,0,0,0,0,0,0
1594,1012,75,0,0,6,2,1,,0,0,0,0,50,10,5.6,133,,,12.1,20,6,1,0,0,0,1,0,0,0,0
1595,28,53,1,0,0,0,0,,3,0,3,0,140,90,3.9,134,0.45,0.15,8,,7,1,0,0,0,0,0,0,0,0
1596,452,63,0,1,2,2,2,,2,0,1,0,160,100,3.4,138,0.38,0.3,6,21,,1,0,0,0,0,0,0,0,0
1597,1112,54,1,0,2,2,1,,2,0,7,0,,,5.4,140,0.15,0.22,6.2,3,7,0,0,0,0,0,0,0,0,0
1598,1325,57,1,2,0,0,0,,2,0,3,0,110,70,3.7,140,0.07,0.11,7.8,41,6,1,1,0,0,0,0,0,0,0
1599,1526,73,0,0,3,2,2,,0,0,0,2,,,3.9,140,0.61,0.26,6.7,,1,1,0,0,0,0,0,0,1,0
1600,595,64,1,0,,2,0,,2,0,5,0,,,6.1,140,0.61,0.37,10.9,11,4,0,0,0,0,0,0,0,0,0
1601,292,49,1,0,0,0,0,,0,0,0,0,,,4.6,137,0.45,0.07,11.6,30,7,1,0,0,0,0,0,0,0,0
1602,757,56,1,0,5,2,1,,2,0,7,0,,,4.2,138,0.15,0.07,8.4,3,9,0,0,0,0,0,0,0,0,0
1603,522,66,1,0,0,0,0,,2,0,3,0,,,4,136,0.45,0.26,6.8,7,1,1,0,0,0,0,0,1,0,0
1604,1681,76,0,0,4,2,1,,2,0,7,0,140,80,3.6,117,0.3,0.22,8.8,11,3,1,0,0,0,0,1,0,0,3
1605,1030,69,1,0,0,0,0,,0,0,0,0,120,80,4.1,140,0.3,0.15,9,3,1,1,1,0,0,0,0,0,0,0
1606,881,52,1,0,0,0,0,,0,0,0,0,,,4.7,130,0.26,0.23,11.4,10,,1,0,0,0,0,0,0,0,0
1607,75,61,1,0,0,0,2,,0,0,0,0,,,4.1,140,0.61,0.18,7.2,5,8,0,0,0,0,0,0,0,0,0
1608,310,54,1,2,5,2,2,,2,0,7,0,,,4.2,138,0.23,0.18,7,20,9,0,0,0,0,0,0,0,0,0
1609,364,87,0,0,0,0,2,,2,0,7,1,,,,,,,,,5,0,0,0,0,0,0,1,0,0
1610,1304,,1,1,3,2,1,,2,0,5,0,110,70,,,0.3,0.11,5.5,3,6,1,1,0,0,0,0,1,0,0
1611,693,60,0,0,6,2,1,,0,0,0,0,,,,,,,7.4,7,7,0,0,0,0,0,0,0,0,0
1612,632,60,1,1,2,2,2,,0,0,0,0,,,4.2,140,0.23,0.18,6.4,10,8,1,0,0,0,0,0,0,0,0
1613,627,63,1,1,1,2,1,0,2,0,,0,150,90,,,,,,,9,1,0,0,0,0,0,0,0,0
1614,23,70,0,0,5,2,2,,2,0,5,1,140,80,4.1,138,0.15,0.07,7.3,16,3,1,0,0,0,1,0,1,0,0
1615,550,62,1,3,2,1,2,,0,0,0,0,,,4.9,146,0.45,0.22,5,15,8,0,0,0,0,0,0,0,0,0
1616,1644,63,0,0,6,2,2,,2,0,7,0,,,,,0.3,0.26,18.5,32,1,1,0,0,0,0,0,0,0,1
1617,466,37,1,0,0,0,0,,0,0,0,0,,,4.6,,0.23,0.11,6.2,11,8,1,0,0,0,0,0,0,0,0
1618,631,71,1,2,6,2,1,,0,0,0,0,,,,136,0.38,0.45,8.6,37,7,0,0,0,0,0,0,0,0,0
1619,401,55,1,0,1,1,1,,2,0,2,0,,,3,130,0.45,0.15,9.7,3,5,1,0,0,0,0,0,0,0,0
1620,1402,66,1,0,0,0,2,,2,0,7,0,,,3.2,130,,,4.6,27,2,1,0,0,0,0,0,0,0,0
1621,1682,61,1,3,6,2,2,,2,0,,4,,,4.1,140,0.15,0.07,13.8,10,,1,0,0,0,0,0,0,0,7
1622,946,64,0,0,6,2,2,,2,0,7,0,140,90,,,0.23,0.15,10,3,,1,0,0,0,0,0,0,0,0
1623,1169,52,1,0,4,2,1,,0,1,6,0,150,100,4.7,144,0.3,0.18,6,4,6,0,0,0,0,0,0,0,0,0
1624,773,70,0,2,6,2,1,,3,0,7,0,,,3.9,140,0.3,0.15,7.8,23,2,1,0,0,0,0,0,1,0,0
1625,4,68,0,0,0,0,2,,2,0,3,1,,,3.9,146,0.75,0.37,,,2,1,0,0,0,0,0,1,0,0
1626,508,75,1,1,5,2,2,,2,0,3,3,,,5.6,133,0.23,0.15,6,5,6,0,0,0,0,0,0,0,0,0
1627,914,50,1,0,0,0,0,,2,0,7,0,,,4.3,143,,,8.2,15,9,1,0,0,0,0,0,0,0,0
1628,1036,76,0,0,5,2,2,,2,0,6,0,160,90,3.3,126,0.15,0.11,5.1,10,5,1,0,0,0,0,0,0,0,0
1629,840,60,1,0,0,0,0,,2,0,6,0,150,90,,,,,,,2,,0,0,0,0,0,0,0,0
1630,1297,61,1,0,0,0,0,,0,0,0,0,120,70,4.3,136,0.3,0.18,7.9,6,9,1,0,0,1,0,0,0,0,0
1631,1285,70,1,0,,,2,,2,0,7,0,150,80,4.2,140,0.52,0.45,5.8,7,7,1,0,0,0,1,0,1,0,0
1632,726,52,1,0,2,2,2,,2,0,,0,,,,,0.61,0.15,4.9,3,9,1,0,0,0,0,0,0,0,0
1633,1326,66,0,1,5,2,1,,0,0,0,0,,,,,0.23,0.11,7.8,8,8,1,0,0,0,1,0,0,0,0
1634,582,83,1,0,2,2,1,,2,0,,0,,,4.7,140,0.15,0.11,6.8,22,8,0,0,0,0,0,0,0,0,0
1635,1384,55,0,2,6,2,2,,2,0,7,2,,,,,0.9,0.22,10,30,2,1,0,0,1,0,0,0,0,0
1636,241,64,0,1,1,2,2,,2,0,6,0,130,80,4.7,137,,,5.8,38,9,1,0,0,0,0,0,0,0,0
1637,1588,65,0,2,,,1,,2,0,7,3,,,,,0.07,0.04,13,23,7,0,0,0,1,0,0,1,0,7
1638,847,64,1,1,2,2,2,,0,0,0,0,,,,,,,9.3,3,5,0,0,0,0,0,0,0,0,0
1639,1497,63,0,1,0,0,2,,2,0,6,0,140,90,4,136,0.45,0.33,8.7,3,6,1,0,0,0,0,0,0,1,6
1640,44,41,1,0,0,0,0,,0,0,0,0,,,3.8,135,1.2,0.37,12.8,9,6,1,0,0,0,0,0,0,0,0
1641,1575,76,0,0,,,,,3,0,4,,90,50,3.3,127,0.15,0.15,10.8,35,3,0,0,0,0,0,0,0,0,1
1642,1505,74,0,0,1,2,2,,0,0,0,0,130,80,3.5,142,0.15,0.22,7,60,1,0,0,0,0,0,0,0,0,1
1643,1259,63,1,1,0,0,2,,0,0,0,0,,,,,,,6.9,21,6,1,0,0,1,1,0,1,1,0
1644,585,62,1,0,4,2,1,,0,0,0,0,130,90,4.7,125,0.45,0.3,3.5,12,7,1,0,0,0,1,0,1,0,0
1645,1381,64,1,0,0,0,0,,2,0,7,0,,,3.6,136,,,15,7,2,1,0,0,0,0,0,0,0,0
1646,1419,78,0,0,2,2,2,,2,0,,0,140,100,7.3,153,0.22,0.15,4.9,53,2,0,0,0,0,0,0,0,0,0
1647,1586,64,0,1,5,2,1,,2,0,7,0,170,120,,,0.61,0.22,14.3,9,2,1,0,0,0,0,0,0,1,1
1648,808,73,1,0,0,0,0,0,0,0,0,0,,,,,0.15,0.07,10.1,21,9,0,0,0,0,0,0,1,0,0
1649,1554,60,1,1,3,2,,,0,0,0,0,,,5.7,133,0.15,0.15,21.9,7,6,0,0,0,0,0,0,0,0,1
1650,1437,56,1,0,0,0,0,,3,0,6,0,80,60,3.5,136,0.3,0.15,18.3,,7,0,0,0,1,0,0,0,0,1
1651,392,62,1,0,1,1,2,,2,0,2,0,,,4.3,138,0.45,0.18,11.5,11,7,1,0,0,0,0,0,0,0,0
1652,583,52,1,0,1,2,1,,2,0,1,0,,,4.5,129,0.75,0.33,6.8,12,2,1,0,0,0,0,0,0,0,0
1653,1291,78,1,0,5,2,1,,2,0,,0,,,5.8,142,0.15,0.23,9,4,7,1,1,0,0,0,0,0,0,0
1654,22,83,1,0,0,0,2,,0,0,0,1,120,80,5.1,132,0.38,0.11,4.4,8,9,0,0,0,0,0,0,1,0,0
1655,123,49,1,0,0,0,0,,2,0,2,0,,,3.2,134,0.61,0.15,7.2,7,2,1,0,0,0,0,0,0,0,0
1656,939,73,1,1,5,2,1,,2,0,6,2,,,4.3,140,0.98,0.37,8.6,5,6,1,0,0,0,0,0,0,0,0
1657,1007,55,1,0,0,0,0,,0,0,0,0,,,4.4,136,0.82,0.3,6.3,36,7,1,0,0,0,0,0,1,0,0
1658,455,44,0,0,0,0,0,,0,1,7,0,155,100,4.7,141,0.3,0.15,8.4,35,9,0,0,0,0,0,0,0,0,0
1659,706,66,0,1,0,0,2,,2,0,6,0,130,80,3.9,136,1.51,0.45,3.8,9,6,1,0,0,0,0,0,0,0,0
1660,1009,63,1,0,3,2,1,,0,0,0,0,,,4,136,0.15,0.37,11.2,5,1,0,0,0,0,0,0,1,0,0
1661,1188,69,0,0,6,2,1,,2,0,,0,210,110,,,,,11.8,16,7,1,1,0,0,0,0,0,0,0
1662,1639,63,0,3,2,2,1,,2,0,,0,,,,,0.15,0.07,,,2,0,0,0,0,0,0,0,0,1
1663,219,62,0,0,0,0,0,,2,0,3,0,190,100,6.1,144,0.52,0.3,5.4,23,2,1,0,0,0,0,0,0,0,0
1664,1490,69,0,0,0,0,2,,2,0,6,0,,,4.2,153,0.38,0.3,12.8,17,5,1,0,0,0,1,0,1,1,1
1665,247,56,1,0,0,0,0,,0,0,0,0,,,6.9,137,0.52,0.22,5.7,15,9,1,0,0,0,0,0,0,0,0
1666,982,49,1,0,4,2,1,,2,0,3,0,,,3.6,136,0.52,0.3,8.1,2,9,1,0,0,0,0,0,0,0,0
1667,395,77,1,1,0,0,2,0,3,0,7,0,180,100,6,136,0.38,0.22,7.4,14,5,1,0,0,0,0,0,0,0,0
1668,400,74,0,2,0,0,0,,2,0,3,0,210,100,4.6,140,0.51,0.22,8,18,2,1,0,0,0,0,0,0,0,0
1669,61,57,1,0,6,2,2,,2,0,7,0,,,4.7,139,0.15,0.11,7,10,9,1,0,0,0,0,0,0,0,0
1670,890,50,0,3,6,2,1,,0,1,7,0,90,50,4.8,143,0.3,0.37,8.1,,,1,0,0,0,0,0,0,0,0
1671,338,51,1,0,3,2,2,,2,0,5,0,180,100,6.2,136,0.3,0.11,10,8,3,1,0,0,0,0,0,0,0,0
1672,814,65,0,0,6,2,1,,0,0,0,0,,,3.1,133,0.15,0.07,8.6,10,3,1,0,0,0,0,0,0,0,0
1673,713,46,1,0,0,0,0,,3,0,,0,150,80,4.9,138,0.15,0.15,7,9,2,0,0,0,0,0,0,0,0,0
1674,1510,51,1,,,,2,,,,,,60,20,,,,,,,2,0,0,0,0,0,0,0,0,1
1675,1014,64,0,3,4,2,1,,2,0,5,0,100,60,4.8,133,0.15,0.11,11.1,17,1,1,0,0,0,0,0,0,0,0
1676,390,59,1,2,0,0,2,0,0,0,0,0,140,80,,,0.45,0.37,4.2,5,2,1,0,0,0,0,0,0,0,0
1677,1406,63,0,0,0,0,0,,2,0,2,0,,,3.9,133,0.75,0.52,7.4,5,2,0,0,0,0,0,0,0,0,0
1678,191,58,1,0,0,0,2,1,2,0,2,0,,,,,0.38,0.15,9,5,9,1,0,0,0,0,0,0,0,0
1679,47,43,1,0,0,0,0,,2,0,3,0,,,4.7,136,0.9,0.45,8.5,2,7,1,0,0,0,0,0,0,0,0
1680,432,68,1,3,6,1,1,,2,0,6,0,160,100,5.5,140,0.68,0.45,11,3,6,1,0,0,0,0,0,0,0,0
1681,74,61,1,0,0,0,0,,2,0,1,0,,,5.5,134,0.45,0.15,9.4,3,1,1,0,0,0,0,0,0,0,0
1682,1210,65,1,0,4,2,2,,2,0,,0,,,6,133,0.15,0.07,5.8,12,9,1,0,0,0,0,0,0,0,0
1683,279,51,1,1,,,2,,0,0,0,1,,,4,137,0.75,0.37,11.6,4,2,1,0,0,0,0,0,1,0,0
1684,329,64,0,1,0,0,2,1,2,1,1,0,,,4.2,140,0.38,0.15,7.2,17,6,1,0,0,0,0,0,0,0,0
1685,633,57,1,1,6,2,1,,0,0,0,0,,,,,0.15,0.15,4.3,15,3,1,0,0,0,0,0,0,0,0
1686,515,82,0,2,5,2,2,,2,0,7,0,130,80,4.9,138,0.75,0.22,6.7,15,3,1,0,0,0,1,0,1,0,0
1687,721,45,1,1,6,2,1,,2,0,,0,150,80,4.3,136,0.45,0.3,7.3,3,7,1,0,0,0,0,0,0,0,0
1688,1448,76,1,0,6,3,2,,3,0,7,3,130,80,3.6,136,0.61,0.45,7.1,26,3,1,0,0,0,1,0,0,0,1
1689,266,74,0,0,0,0,0,,0,0,0,0,160,80,4.7,137,0.75,0.41,5,4,2,1,0,0,0,0,0,0,0,0
1690,41,73,0,0,3,2,1,,2,0,1,1,,,5.1,136,,,6.5,15,7,1,1,0,0,0,0,1,0,0
1691,1619,73,0,1,6,2,2,,2,0,,,,,,,0.3,0.22,11.5,7,8,0,0,0,0,0,0,0,1,6
1692,1117,66,1,0,0,0,0,,2,0,7,0,,,3.3,130,0.61,0.3,,,2,0,0,0,0,0,0,0,0,0
1693,460,40,1,0,0,0,0,,0,0,0,0,,,3.8,130,0.61,0.45,8.3,5,2,1,0,0,1,0,0,0,0,0
1694,609,65,1,1,0,0,2,0,0,0,0,0,60,40,7.8,146,0.3,0.15,24.9,34,6,1,0,0,0,0,0,0,0,0
1695,1064,77,1,0,,,,,0,0,0,0,,,,,,,12.8,21,9,0,0,0,0,0,0,0,0,0
1696,848,43,1,0,0,0,0,,0,0,0,0,130,80,5.4,136,0.76,0.74,8.8,7,1,1,0,0,0,0,0,0,0,0
1697,1697,70,0,0,6,2,1,,2,0,7,0,,,,,,,,,2,0,0,0,0,0,0,0,0,1
1698,212,65,0,0,6,2,2,,3,0,7,0,190,100,3.1,140,0.38,0.26,5.9,15,9,1,0,0,0,0,0,0,0,0
1699,1033,78,1,0,0,0,0,,2,0,1,0,115,65,,,0.38,0.3,9.3,4,9,0,1,1,0,0,0,0,0,0
1700,774,67,1,1,3,2,1,,2,0,5,0,,,4,140,0.15,0.3,6.4,9,9,1,0,0,0,0,0,1,0,0
