portfolio_row_id,pidnum,age,homo,race,gender,cid,time,trt,wtkg,hemo,drugs,karnof,oprior,z30,zprior,preanti,str2,strat,symptom,treat,offtrt,cd40,cd420,cd80,cd820
1,520049,57,1,1,1,1,448,2,50.8032,0,0,90,0,0,1,0,0,1,0,1,1,399,329,694,878
2,261088,37,1,0,1,0,914,3,60.7,0,0,100,0,0,1,0,0,1,0,1,1,283,364,656,668
3,241050,35,0,0,0,0,902,2,52.3908,0,0,100,0,0,1,0,0,1,0,1,0,479,666,496,549
4,220424,48,0,0,0,1,570,0,112.0,0,0,100,0,1,1,548,1,3,0,0,0,124,172,715,1320
5,270838,48,1,0,1,0,1029,3,70.308,0,0,100,0,1,1,912,1,3,0,1,1,450,357,1666,1203
6,81139,38,1,0,1,1,498,3,79.38,0,0,90,0,1,1,325,1,2,0,1,1,180,144,804,756
7,50620,31,1,0,1,0,308,1,79.8336,0,1,100,0,0,1,0,0,1,0,1,1,419,448,757,789
8,60900,28,1,0,1,0,884,1,67.2,0,0,100,0,0,1,0,0,1,0,1,1,172,312,1412,1417
9,910056,32,0,0,1,0,1090,0,72.2,1,0,100,0,1,1,942,1,3,0,0,0,287,328,786,916
10,270837,35,1,0,1,0,1048,0,49.4424,0,0,100,0,0,1,0,0,1,0,0,1,441,318,1391,1198
11,81463,35,1,1,1,0,231,1,69.8,0,0,100,0,0,1,0,0,1,0,1,1,221,252,702,1008
12,211246,37,1,0,1,1,484,3,78.0192,0,1,90,0,1,1,152,1,2,1,1,0,384,208,1537,1057
13,340307,33,1,0,1,1,875,3,73.6,0,0,100,1,1,1,1080,1,3,0,1,0,422,501,739,981
14,210177,41,1,1,1,0,1140,2,69.4008,0,0,100,0,1,1,739,1,3,0,1,0,204,338,417,500
15,20435,35,1,0,1,1,238,2,65.3184,0,0,100,0,0,1,0,0,1,1,1,1,187,201,396,485
16,270761,30,1,0,1,0,1006,1,69.4008,0,0,100,0,0,1,0,0,1,0,1,0,659,511,1392,876
17,181323,42,1,1,1,1,720,3,65.4,0,0,90,0,0,1,340,1,2,0,1,0,238,265,677,1005
18,251045,42,1,1,1,0,1088,2,62.37,0,0,90,0,1,1,249,1,2,0,1,0,499,312,796,376
19,50617,46,1,0,1,1,532,2,80.7408,0,0,100,0,1,1,936,1,3,0,1,1,255,233,554,653
20,280272,35,0,1,0,0,902,1,92.5344,0,1,90,0,0,1,0,0,1,0,1,1,349,323,1124,1398
21,181336,37,0,0,0,1,958,2,59.1,0,0,90,0,0,1,0,0,1,0,1,1,213,252,515,557
22,530031,37,0,1,0,0,417,1,81.648,0,1,100,0,0,1,0,0,1,0,1,1,198,332,301,443
23,180917,35,0,1,1,0,745,0,77.7,0,1,90,0,1,1,248,1,2,0,0,0,341,372,1058,922
24,620065,37,1,0,1,0,986,3,89.7,0,0,100,0,0,1,0,0,1,0,1,0,390,290,1090,910
25,320325,27,1,0,1,1,811,1,94.89312,0,1,90,0,1,1,188,1,2,0,1,0,370,450,860,918
26,211371,27,0,1,1,0,145,2,62.5968,0,0,90,0,0,1,0,0,1,0,1,1,270,242,917,983
27,241191,31,1,0,1,1,815,0,89.3592,0,0,90,0,0,1,0,0,1,0,0,0,505,392,1179,734
28,320402,46,1,0,1,0,978,3,86.2,0,0,100,0,0,1,0,0,1,0,1,0,440,824,530,586
29,620014,28,0,1,1,0,287,2,61.0,0,0,100,0,0,1,0,0,1,0,1,1,360,300,410,400
30,520026,30,1,1,1,0,404,2,73.9368,0,0,100,0,0,1,0,0,1,0,1,1,263,262,998,1273
31,260934,24,0,1,1,0,1122,0,65.5,0,0,100,0,1,1,108,1,2,0,0,0,266,290,557,609
32,580009,38,1,0,1,0,1086,0,63.7308,0,1,100,0,1,1,1647,1,3,0,0,0,456,269,765,477
33,71346,33,1,1,1,0,154,3,74.3904,0,1,100,0,1,1,919,1,3,1,1,1,267,147,1944,1458
34,181998,32,1,0,1,0,1043,3,76.6584,0,0,100,0,1,1,31,1,2,0,1,0,245,192,1428,852
35,270830,40,0,1,0,1,307,1,97.88688,0,0,90,0,1,1,843,1,3,0,1,0,408,451,696,547
36,60295,37,1,0,1,0,947,0,76.9,0,0,100,0,1,1,1487,1,3,0,0,0,743,561,1412,748
37,60895,25,1,1,1,0,984,3,73.0,0,0,100,0,0,1,0,0,1,0,1,0,630,494,1328,817
38,150111,37,1,0,1,0,1159,2,74.1,0,0,90,0,1,1,903,1,3,0,1,0,220,271,720,758
39,60615,57,1,0,1,1,756,1,92.0808,0,0,90,0,1,1,329,1,2,0,1,0,220,221,600,601
40,70794,39,1,0,1,0,1178,1,85.9572,0,0,100,0,1,1,1038,1,3,0,1,0,305,412,801,941
41,950027,21,0,0,1,1,993,0,64.4,0,0,100,0,1,1,667,1,3,0,0,0,579,504,1116,1197
42,90687,36,0,1,1,1,995,2,68.04,0,0,90,0,0,1,0,0,1,1,1,0,334,610,1068,989
43,11476,31,0,0,0,0,1082,2,44.226,0,1,90,0,0,1,0,0,1,1,1,0,642,528,1041,873
44,210829,42,1,0,1,0,1151,2,93.4416,0,0,100,0,1,1,372,1,3,1,1,0,516,483,716,869
45,251020,32,1,0,1,1,391,2,71.2152,0,0,90,0,1,1,196,1,2,0,1,1,189,265,116,680
46,620018,35,0,1,0,0,993,1,55.5,0,0,90,0,0,1,0,0,1,1,1,1,300,240,790,520
47,170184,43,1,1,1,1,150,2,69.4008,0,0,90,1,1,1,1000,1,3,1,1,1,186,138,1889,2232
48,271004,38,1,0,1,1,45,2,78.0192,0,0,90,0,1,1,1099,1,3,0,1,0,416,221,1663,1055
49,270891,37,1,0,1,0,517,2,82.1016,0,0,100,0,0,1,0,0,1,0,1,1,393,375,941,1125
50,150160,43,1,1,1,0,1014,1,88.5,0,0,90,0,0,1,996,1,3,1,1,0,658,635,1026,1317
51,250425,42,1,0,1,1,959,3,58.0,0,0,100,0,1,1,2851,1,2,0,1,1,280,330,590,630
52,11997,35,1,0,1,0,1116,0,80.5,0,0,90,0,0,1,0,0,1,0,0,0,427,386,592,440
53,330164,45,0,1,1,0,1122,0,94.5756,0,1,100,0,1,1,372,1,3,1,0,0,310,450,1520,1450
54,310215,24,0,0,0,0,1110,0,62.1432,0,0,100,0,0,1,0,0,1,0,0,0,531,909,1927,1850
55,191605,22,0,1,0,0,1064,1,47.628,0,0,100,0,1,1,200,1,2,0,1,1,303,319,744,613
56,81460,34,1,0,1,0,795,1,79.2,0,0,80,0,1,1,0,0,1,0,1,1,252,253,744,594
57,960021,23,0,0,1,0,408,0,57.6072,1,0,100,0,1,1,119,1,2,0,0,1,122,96,875,840
58,520015,34,0,1,1,1,890,0,70.308,0,0,100,0,1,1,124,1,2,0,0,0,390,527,1239,1635
59,620416,29,1,1,1,1,221,0,64.2,0,0,100,0,0,1,0,0,1,1,0,1,175,109,905,876
60,190192,31,0,1,1,0,1096,1,80.2872,0,0,100,0,1,1,238,1,2,0,1,0,290,244,828,585
61,320393,33,1,0,1,1,826,1,101.0,0,0,90,0,1,1,106,1,2,0,1,0,400,310,860,720
62,50578,59,1,1,1,1,897,0,84.0,0,0,100,0,1,1,452,1,3,0,0,0,248,235,426,612
63,150163,59,1,0,1,0,1160,0,86.0,0,0,80,0,1,1,969,1,3,0,0,0,308,312,627,739
64,140187,20,0,0,1,1,964,1,66.0,1,0,100,0,1,1,830,1,3,0,1,0,504,445,2340,1518
65,240497,26,1,0,1,1,479,3,80.7408,0,0,100,0,0,1,0,0,1,0,1,1,416,371,1363,1361
66,250300,51,1,0,1,0,1103,1,73.0296,0,0,90,0,1,1,540,1,3,0,1,0,300,310,1160,920
67,610017,28,1,0,1,1,231,0,83.0088,0,0,90,0,0,1,0,0,1,0,0,1,304,251,1040,1317
68,170925,45,1,0,1,0,1112,3,78.9264,0,0,90,0,1,1,369,1,3,0,1,0,512,474,1901,1489
69,170909,36,1,0,1,0,1123,2,81.1944,0,0,90,0,0,1,0,0,1,0,1,0,421,536,590,522
70,140789,50,1,0,1,0,561,1,77.5,0,0,90,0,0,1,0,0,1,0,1,1,442,713,950,994
71,300514,29,1,1,1,0,973,2,77.112,0,0,100,0,1,1,155,1,2,0,1,1,164,207,445,655
72,150448,31,1,0,1,0,1145,3,78.9,0,0,90,0,0,1,0,0,1,0,1,0,382,720,710,630
73,211328,28,1,0,1,0,1054,0,78.9264,0,0,90,0,0,1,0,0,1,1,0,0,506,342,758,459
74,170646,31,0,1,0,0,1109,1,42.4116,0,1,80,0,1,1,99,1,2,0,1,0,448,320,749,730
75,241154,27,0,1,0,0,1095,1,55.3392,0,0,90,0,1,1,273,1,2,1,1,0,234,293,936,1116
76,170970,27,0,0,0,1,479,2,53.16192,0,0,90,0,0,1,0,0,1,1,1,1,230,287,1014,561
77,610025,39,1,0,1,1,797,0,74.43576,0,0,90,0,0,1,0,0,1,0,0,1,406,551,624,992
78,60959,45,1,0,1,1,475,0,81.4212,0,0,100,0,1,1,37,1,2,0,0,0,668,282,1144,353
79,231081,33,1,1,1,0,512,2,84.8232,0,0,90,0,0,1,0,0,1,0,1,1,352,493,1102,1049
80,530016,32,0,1,0,0,902,1,79.6068,0,0,100,0,1,1,213,1,2,0,1,0,230,355,308,330
81,250292,30,0,1,0,0,1129,3,52.164,0,0,100,0,1,1,7,0,1,1,1,1,270,210,980,1140
82,140803,29,1,0,1,0,923,3,77.3,0,0,100,0,0,1,0,0,1,0,1,0,357,497,1000,1301
83,330262,37,1,0,1,1,939,3,88.9056,0,0,80,0,1,1,629,1,3,0,1,0,260,200,2220,2050
84,181349,31,0,1,0,0,993,3,70.0,0,0,100,0,0,1,365,1,2,0,1,0,376,357,1013,1174
85,231031,52,0,0,1,0,1041,0,90.58392,1,0,90,0,1,1,103,1,2,0,0,1,390,441,780,900
86,300938,36,0,0,0,0,876,0,117.0288,0,0,90,0,0,1,0,0,1,0,0,1,199,206,1228,1184
87,20509,34,0,1,1,0,1087,1,67.1328,0,1,100,0,1,1,448,1,3,0,1,0,312,348,1584,1254
88,300930,24,0,0,0,1,818,0,66.2256,0,0,100,0,1,1,493,1,3,1,0,0,450,300,884,799
89,270962,50,0,0,1,0,1154,3,83.4624,0,1,100,0,1,1,1188,1,3,0,1,0,606,548,1145,1053
90,271365,29,1,0,1,0,1098,1,89.3592,0,0,100,0,1,1,406,1,3,0,1,0,466,242,869,838
91,90672,28,0,1,0,1,542,1,45.36,0,0,100,0,0,1,0,0,1,0,1,0,198,155,572,441
92,250253,37,1,0,1,0,974,3,90.2664,0,0,100,0,1,1,641,1,3,0,1,0,210,210,720,950
93,270847,35,1,0,1,1,624,0,75.5244,0,0,100,0,1,1,909,1,3,0,0,0,328,421,820,977
94,271390,37,1,0,1,0,1154,1,76.6584,0,0,100,0,1,1,1049,1,3,0,1,0,428,259,1435,707
95,240861,32,1,0,1,0,1092,3,71.2152,0,0,100,0,1,1,991,1,3,0,1,0,505,455,894,993
96,150494,39,1,0,1,0,1087,3,68.3,0,0,90,0,1,1,885,1,3,1,1,0,194,267,745,764
97,430075,30,0,1,0,0,1087,2,73.8,0,0,100,0,0,1,0,0,1,0,1,0,539,660,623,682
98,10962,41,0,1,1,0,950,1,81.8748,0,1,90,0,0,1,0,0,1,0,1,0,209,569,1849,1947
99,50344,38,1,0,1,0,1231,0,67.5,0,0,100,0,1,1,822,1,3,0,0,0,174,195,559,460
100,140141,39,1,0,1,0,1124,2,71.8,0,1,90,0,1,1,971,1,3,1,1,0,474,590,894,1004
101,960018,25,0,1,1,1,795,2,81.1944,1,0,80,0,1,1,366,1,2,0,1,1,196,137,517,355
102,11974,41,1,0,1,1,981,0,89.9,0,0,100,0,1,1,1500,1,3,0,0,0,209,251,738,1573
103,11189,20,1,1,1,0,1122,3,82.5,0,0,100,0,0,1,0,0,1,0,1,0,300,290,590,550
104,900032,32,0,0,1,0,355,3,75.0,1,0,90,1,1,1,174,1,2,0,1,1,537,495,427,417
105,330238,30,0,0,1,0,755,2,78.83568,0,1,100,0,1,1,312,1,2,0,1,1,420,590,890,1080
106,620022,39,1,0,1,0,1048,1,83.9,0,0,100,0,0,1,0,0,1,0,1,0,370,460,630,490
107,211007,20,1,0,1,0,504,0,72.7,0,0,90,0,1,1,21,1,2,0,0,1,283,334,694,836
108,71350,37,1,0,1,1,467,2,77.3388,0,1,100,0,1,1,232,1,2,1,1,1,418,261,631,484
109,250091,39,0,1,0,0,1131,1,79.1,0,0,100,0,1,1,778,1,3,0,1,0,340,320,870,590
110,20689,27,1,0,1,0,1069,1,74.844,0,0,100,0,0,1,0,0,1,0,1,0,337,411,703,893
111,220443,36,0,1,1,0,1088,2,65.9,0,1,100,0,1,1,503,1,3,0,1,0,237,383,919,1042
112,241347,42,1,0,1,1,297,1,79.8336,0,0,80,0,0,1,0,0,1,0,1,1,232,266,560,285
113,250223,41,0,1,1,0,1082,3,77.7,0,1,90,0,0,1,0,0,1,0,1,0,390,450,1190,930
114,310216,29,1,0,1,1,987,0,72.3,0,0,100,0,1,1,160,1,2,0,0,0,298,326,518,750
115,620010,40,1,1,1,1,738,0,85.5,0,0,100,0,1,1,217,1,2,1,0,0,430,440,1260,1480
116,90239,47,1,0,1,0,979,3,78.0192,0,0,90,0,1,1,1598,1,3,0,1,1,457,479,804,690
117,71334,29,1,1,1,0,1185,2,79.8336,0,0,100,0,0,1,0,0,1,0,1,0,406,389,1111,907
118,40758,32,0,1,1,0,1012,0,69.4008,0,0,90,0,1,1,567,1,3,1,0,1,359,390,816,1170
119,330009,35,0,0,1,1,691,3,112.7196,0,1,90,0,1,1,953,1,3,0,1,0,290,250,930,670
120,960019,47,0,0,1,0,1114,2,60.64632,1,0,90,0,1,1,845,1,3,0,1,0,142,243,891,927
121,150501,26,1,0,1,0,1066,2,89.5,0,0,90,0,0,1,0,0,1,0,1,0,214,237,1014,755
122,270082,30,1,0,1,1,224,0,65.772,0,0,100,0,1,1,894,1,3,0,0,0,430,393,1290,1118
123,980046,20,0,0,0,0,948,1,72.4,1,0,100,0,0,1,0,0,1,0,1,1,483,641,1728,1504
124,620023,37,0,0,0,1,220,0,72.5,0,0,100,0,1,1,852,1,3,0,0,1,390,190,2840,1980
125,251039,34,1,0,1,0,895,2,65.3184,0,0,100,0,0,1,0,0,1,0,1,0,214,204,591,703
126,70531,36,1,0,1,0,1101,2,85.2768,0,1,100,0,1,1,1163,1,3,0,1,0,720,589,2448,1742
127,320195,28,1,0,1,1,1002,3,64.8,0,0,100,0,0,1,0,0,1,0,1,1,400,280,890,650
128,71364,30,1,0,1,0,1091,3,64.8648,0,0,100,0,0,1,0,0,1,1,1,0,447,635,1482,1388
129,630031,25,0,0,0,0,298,1,74.9,0,0,90,0,0,1,0,0,1,0,1,1,418,645,1064,1198
130,910037,24,0,0,1,0,211,2,90.0,1,0,100,0,1,1,881,1,3,0,1,1,208,274,578,497
131,230753,48,1,0,1,0,1101,1,82.5552,0,0,100,0,1,1,678,1,3,0,1,0,257,393,1726,2789
132,70491,35,1,0,1,0,999,1,69.4008,0,0,100,0,1,1,41,1,3,1,1,0,151,298,655,829
133,260837,29,1,0,1,0,1142,3,79.6,0,0,100,0,1,1,606,1,3,0,1,0,273,653,1040,1901
134,241327,30,1,0,1,1,14,3,64.638,0,0,90,0,0,1,0,0,1,1,1,0,131,253,227,496
135,10198,40,1,0,1,1,198,3,82.5552,0,0,90,0,1,1,1074,1,3,1,1,1,214,107,652,131
136,430080,42,0,1,0,0,1053,3,56.2,0,0,90,0,0,1,0,0,1,0,1,0,558,406,586,714
137,140743,45,1,0,1,0,1133,3,59.0,0,1,90,0,1,1,49,1,2,0,1,1,475,419,1260,1389
138,260208,31,1,0,1,0,1064,3,103.6,0,0,100,0,1,1,942,1,3,0,1,1,350,475,1196,1044
139,530014,28,0,1,0,0,1019,0,68.2668,0,0,100,0,0,1,0,0,1,0,0,0,771,605,2257,2347
140,160374,33,0,0,0,0,1064,3,58.10616,0,0,100,0,1,1,42,1,2,0,1,0,491,464,737,760
141,970026,48,0,0,1,0,1043,0,77.2,1,0,100,0,1,1,774,1,3,0,0,1,360,384,351,374
142,280236,49,0,1,0,0,1090,0,59.4216,0,1,100,0,1,1,1084,1,3,0,0,0,440,310,2126,1479
143,140266,27,1,0,1,0,1096,2,55.9,0,0,100,0,1,1,996,1,3,0,1,0,316,456,742,962
144,160384,25,0,0,1,1,582,0,84.1428,0,0,100,0,0,1,0,0,1,0,0,0,264,379,950,1652
145,11967,35,1,0,1,0,1023,2,71.85024,0,0,90,0,1,1,66,1,2,0,1,1,385,517,862,923
146,190543,50,0,1,0,0,1030,2,53.5248,0,0,100,0,1,1,1648,1,3,0,1,0,481,372,944,485
147,260897,45,1,1,1,0,1097,1,91.2,0,0,100,0,0,1,0,0,1,0,1,1,323,264,691,554
148,271738,52,0,1,0,0,1166,3,61.4628,0,0,100,0,1,1,807,1,3,0,1,0,440,690,645,755
149,60967,46,1,0,1,0,577,1,74.6172,0,0,90,0,1,1,316,1,2,0,1,1,127,269,1565,924
150,140764,53,1,0,1,0,1068,1,93.6,0,0,100,0,0,1,0,0,1,0,1,1,364,426,1213,1237
151,940542,52,1,0,1,1,923,2,80.2872,1,0,100,0,1,1,816,1,3,0,1,0,186,231,568,657
152,140753,31,1,0,1,0,1042,1,84.3696,0,0,90,0,0,1,0,0,1,0,1,0,275,353,446,596
153,260722,43,1,0,1,0,1029,1,101.0,0,0,100,0,0,1,75,1,2,0,1,1,70,197,314,893
154,940532,24,0,1,1,1,701,1,89.8128,1,0,100,0,0,1,0,0,1,0,1,0,322,315,1612,1496
155,150490,32,1,0,1,0,1090,1,89.5,0,0,90,0,1,1,1055,1,3,0,1,0,282,250,2666,1456
156,181285,29,0,1,1,0,1180,1,88.6,0,0,100,0,0,1,0,0,1,0,1,0,380,634,1673,2462
157,280228,30,0,0,0,0,381,3,64.638,0,0,80,0,1,1,13,1,2,0,1,1,433,252,883,428
158,250406,41,1,0,1,0,1117,0,68.9472,0,0,90,0,1,1,404,1,2,0,0,0,210,270,1090,870
159,310221,35,0,1,0,0,982,3,67.94928,0,0,80,0,1,1,105,1,2,0,1,1,415,397,943,1228
160,260817,33,0,0,1,0,260,1,102.8,0,0,100,0,0,1,0,0,1,0,1,1,339,352,477,519
161,950081,24,0,0,1,1,636,3,66.4,1,1,100,0,1,1,735,1,3,0,1,0,359,253,745,591
162,910060,33,0,0,1,0,991,3,73.0296,1,0,100,0,0,1,0,0,1,0,1,0,371,504,1398,950
163,90292,42,1,1,1,0,357,1,72.576,0,0,90,0,1,1,861,1,3,0,1,1,242,323,1077,1059
164,250306,28,0,0,0,1,561,2,68.4,0,0,90,0,0,1,0,0,1,1,1,1,160,220,730,950
165,270750,33,0,1,1,0,917,1,78.9264,0,0,100,0,0,1,0,0,1,0,1,1,320,523,847,897
166,181957,35,0,1,1,0,477,2,79.0,0,0,100,0,1,1,142,1,2,0,1,1,300,246,1073,930
167,150443,35,1,0,1,1,923,2,94.4,0,0,90,0,1,1,96,1,2,0,1,0,202,192,585,460
168,320413,22,1,0,1,0,1014,0,62.3,0,0,90,0,1,1,60,1,2,0,0,0,530,510,816,806
169,50660,41,1,0,1,0,963,1,73.4832,0,0,100,0,0,1,0,0,1,0,1,0,645,612,1196,936
170,60969,36,1,0,1,0,1107,2,73.71,0,0,90,0,1,1,672,1,3,0,1,0,276,226,684,479
171,270852,35,1,0,1,0,1108,2,73.9368,0,0,100,0,1,1,59,1,2,0,1,0,347,333,891,594
172,270832,32,1,0,1,0,1154,0,70.7616,0,0,100,0,0,1,576,1,3,0,0,0,271,304,566,739
173,620025,36,1,1,1,0,1012,0,69.5,0,0,100,0,0,1,0,0,1,0,0,0,190,300,340,510
174,240804,31,1,0,1,0,1036,3,73.4832,0,0,100,0,1,1,997,1,3,1,1,0,368,448,1021,1301
175,261011,29,1,0,1,0,1098,2,83.0,0,0,100,0,0,1,0,0,1,0,1,0,355,345,1085,870
176,340606,49,1,0,1,0,1138,1,81.648,0,0,100,0,1,1,111,1,2,0,1,0,598,676,932,837
177,330244,33,0,0,1,1,1017,1,83.0088,0,1,90,0,1,1,785,1,3,0,1,1,440,580,1000,960
178,170852,26,0,1,0,1,476,3,57.834,0,0,90,0,0,1,0,0,1,0,1,1,218,327,990,1155
179,990021,21,0,0,1,0,1091,3,53.298,1,0,100,0,1,1,842,1,3,0,1,1,152,109,561,720
180,320475,27,0,0,0,0,891,0,66.6,0,1,90,0,0,1,0,0,1,0,0,0,320,256,470,432
181,940536,21,0,0,1,1,425,0,80.514,1,0,100,0,1,1,160,1,2,0,0,0,300,273,438,701
182,140759,46,1,0,1,1,484,3,75.9,0,1,100,0,0,1,0,0,1,0,1,0,338,308,1072,1060
183,190521,38,0,0,1,0,678,3,70.7616,0,1,100,0,1,1,1673,1,3,0,1,1,317,285,716,516
184,50615,54,1,1,1,1,314,0,68.4936,0,0,80,0,1,1,2489,1,3,0,0,1,165,184,641,813
185,10958,29,1,0,1,0,513,1,100.2456,0,0,100,0,0,1,0,0,1,0,1,1,199,396,922,2014
186,50653,33,1,1,1,0,971,3,92.5344,0,0,100,0,0,1,0,0,1,0,1,0,617,710,935,1009
187,220467,35,1,0,1,0,1059,3,62.1432,0,0,100,0,0,1,0,0,1,0,1,0,225,547,321,651
188,310233,24,0,1,0,0,950,1,72.5,0,0,80,0,0,1,0,0,1,1,1,1,347,343,1167,1300
189,280285,32,0,1,0,0,1046,2,64.8648,0,0,100,0,1,1,95,1,2,0,1,0,567,516,3827,2801
190,251031,34,1,0,1,0,1117,0,74.3904,0,0,90,0,0,1,0,0,1,1,0,0,286,366,2444,1855
191,40484,35,1,0,1,0,1069,2,96.1632,0,0,100,0,1,1,1096,1,3,0,1,1,452,547,1269,970
192,320396,26,0,0,0,0,927,0,82.2,0,0,100,0,1,1,173,1,2,0,0,0,560,410,970,920
193,70528,32,1,0,1,0,1153,1,76.2048,0,1,100,0,1,1,1143,1,3,0,1,0,269,350,640,801
194,10907,48,1,0,1,0,1159,1,72.6,0,0,100,0,0,1,0,0,1,0,1,0,386,435,918,761
195,60151,37,1,0,1,0,1122,1,72.5,0,0,100,0,1,1,969,1,3,1,1,0,259,423,1166,559
196,530029,40,1,1,1,0,907,3,77.112,0,0,100,0,0,1,0,0,1,0,1,0,308,317,1441,1375
197,60973,25,1,1,1,1,413,2,75.2976,0,0,90,0,1,1,345,1,2,0,1,1,224,257,1256,656
198,120946,46,1,0,1,0,979,2,74.6172,0,0,90,0,0,1,0,0,1,1,1,0,604,497,982,1043
199,580015,36,1,0,1,0,1076,3,67.3596,0,0,100,0,1,1,675,1,3,0,1,0,232,402,277,425
200,140553,36,1,1,1,0,919,3,77.112,0,0,100,0,1,1,29,1,2,0,1,1,266,454,601,1073
201,180701,37,0,1,1,0,1087,1,74.3904,0,0,100,0,1,1,145,1,2,0,1,0,314,238,1313,1030
202,11674,30,1,0,1,0,974,3,77.112,0,0,100,0,0,1,0,0,1,0,1,1,320,340,850,580
203,580019,34,1,0,1,1,305,2,73.4832,0,0,100,0,1,1,1011,1,3,0,1,1,350,417,865,527
204,50639,42,1,0,1,0,977,1,91.1736,0,0,90,0,0,1,0,0,1,0,1,0,427,538,2021,2119
205,10881,36,1,0,1,0,1093,2,81.6,0,1,100,0,1,1,86,1,2,1,1,1,236,290,634,711
206,70466,28,1,0,1,1,564,0,68.9472,0,0,100,0,1,1,1444,1,3,0,0,0,264,301,1117,1084
207,90693,28,1,0,1,0,1068,0,73.71,0,0,90,0,0,1,0,0,1,0,0,0,373,467,631,779
208,81452,46,1,0,1,0,1097,2,81.0,0,0,90,0,0,1,0,0,1,0,1,0,460,364,960,468
209,190196,42,0,1,0,1,520,0,86.8644,0,0,100,0,1,1,25,1,2,1,0,1,242,219,516,465
210,230082,40,1,0,1,1,468,0,88.9056,0,0,90,0,1,1,804,1,3,0,0,1,248,371,1861,2486
211,20724,28,1,1,0,0,644,0,115.2144,0,1,100,0,0,1,91,1,2,1,0,1,194,195,721,765
212,610016,54,0,0,0,1,978,2,75.5,0,0,100,0,0,1,0,0,1,1,1,0,418,323,1426,1083
213,990019,39,0,0,1,1,1041,2,64.8648,1,0,90,0,1,1,1042,1,3,0,1,1,378,401,504,367
214,90335,26,0,1,0,0,908,0,47.4012,0,0,90,0,1,1,632,1,3,0,0,0,377,359,801,873
215,11654,27,1,0,1,0,1160,0,66.2256,0,0,100,0,0,1,0,0,1,0,0,0,420,410,990,1070
216,150453,43,1,0,1,0,1016,2,72.5,0,0,80,0,1,1,687,1,3,1,1,1,176,227,782,844
217,90297,32,0,1,0,1,310,1,75.5244,0,0,90,0,1,1,411,1,3,0,1,0,174,202,522,865
218,150129,30,1,0,1,0,1180,3,73.4832,0,0,100,0,1,1,540,1,3,0,1,0,251,421,306,385
219,630039,35,0,1,1,0,1005,3,85.7304,0,1,100,0,0,1,0,0,1,0,1,0,434,330,636,438
220,270861,36,1,0,1,0,1088,3,72.3492,0,0,100,0,1,1,238,1,2,0,1,0,353,446,1389,1678
221,150236,31,0,0,1,0,795,1,78.1,1,1,90,0,1,1,1174,1,3,0,1,0,257,361,137,515
222,120936,33,1,0,1,1,569,1,90.2664,0,0,90,0,0,1,0,0,1,0,1,1,293,310,1044,986
223,950078,21,0,1,1,0,1088,0,93.6,1,0,100,0,1,1,925,1,3,0,0,0,628,398,1167,906
224,250431,30,1,0,1,0,1038,3,73.2,0,0,100,0,0,1,0,0,1,0,1,1,270,430,560,740
225,11963,27,1,0,1,0,1014,3,66.5,0,0,90,0,0,1,0,0,1,0,1,1,148,129,289,297
226,210142,45,1,0,1,0,1058,2,68.4936,0,0,100,0,1,1,818,1,3,0,1,0,242,309,653,649
227,320398,32,1,1,1,0,1045,3,83.1,0,0,90,0,0,1,0,0,1,0,1,0,270,390,600,756
228,620045,36,1,1,1,0,1014,1,57.5,0,0,90,0,0,1,0,0,1,0,1,0,160,220,1390,980
229,150424,30,0,1,1,0,1032,2,64.4,0,0,90,0,0,1,0,0,1,0,1,1,327,370,818,1058
230,190529,41,0,1,0,0,991,0,61.236,1,0,100,0,0,1,195,1,2,0,0,0,459,414,604,457
231,150418,38,1,0,1,0,1072,2,59.5,0,0,80,0,1,1,437,1,3,1,1,1,253,147,478,371
232,180928,50,1,1,1,0,1002,3,65.0,0,0,90,0,0,1,0,0,1,0,1,0,452,465,1583,1175
233,110283,31,1,0,1,1,373,2,75.2976,0,0,100,0,1,1,1538,1,3,1,1,1,344,291,1607,1543
234,150483,38,1,0,1,0,1096,2,70.2,0,0,100,0,0,1,0,0,1,0,1,0,476,424,476,391
235,270751,27,1,0,1,0,1068,1,84.3696,0,0,100,0,0,1,0,0,1,0,1,0,365,499,1169,1072
236,10924,67,1,0,1,1,987,3,71.0,0,0,100,0,0,1,0,0,1,1,1,0,307,376,975,931
237,241005,29,0,1,0,0,899,2,52.6176,0,1,90,0,1,1,781,1,3,0,1,1,408,636,898,985
238,150306,28,1,0,1,0,1154,3,66.4,0,0,90,0,1,1,909,1,3,0,1,0,238,176,1469,1014
239,160377,65,1,0,1,0,1087,2,71.07912,0,0,100,0,0,1,0,0,1,0,1,0,425,435,788,814
240,630044,45,1,0,1,1,743,2,71.3,0,0,100,0,0,1,0,0,1,0,1,0,335,258,567,408
241,181322,62,1,1,1,0,1139,0,95.4,0,0,100,0,1,1,1798,1,3,0,0,0,287,282,620,915
242,620053,31,0,1,0,1,741,3,45.0,0,0,100,0,0,1,0,0,1,0,1,1,530,420,1210,1030
243,190210,27,0,1,1,0,569,1,59.4216,0,0,100,0,0,1,0,0,1,0,1,1,179,325,391,800
244,900029,21,0,0,1,0,1154,2,68.0,1,0,100,0,0,1,0,0,1,1,1,0,417,426,659,564
245,270888,44,1,0,1,0,857,1,87.5448,0,0,100,0,0,1,0,0,1,0,1,1,452,426,1096,912
246,231029,27,0,0,1,0,1138,2,70.7616,1,0,100,0,1,1,289,1,2,0,1,0,410,434,850,632
247,140797,65,1,0,1,1,827,0,60.5,0,0,90,0,0,1,0,0,1,0,0,1,414,459,2016,1507
248,330241,36,0,0,1,1,475,0,83.4624,0,1,100,0,1,1,655,1,3,0,0,1,240,200,540,710
249,630028,41,0,0,0,0,1042,2,60.0,0,1,100,0,1,1,343,1,2,0,1,0,324,275,588,506
250,20438,37,1,0,1,1,159,0,85.7304,0,0,100,0,0,1,0,0,1,0,0,1,415,183,1659,1282
251,211033,26,1,1,1,0,1191,1,69.4008,0,0,100,0,1,1,272,1,2,0,1,0,324,339,1044,1169
252,241280,36,1,0,1,0,898,3,78.9264,0,0,90,0,0,1,0,0,1,0,1,1,350,252,946,757
253,910033,44,1,0,1,0,1173,2,81.1944,1,0,100,0,1,1,411,1,3,0,1,0,477,454,1286,937
254,270739,27,0,0,0,0,350,2,101.0,0,0,100,0,1,1,190,1,2,0,1,1,337,378,702,643
255,11957,41,1,0,1,0,1157,2,63.4,0,0,90,0,0,1,0,0,1,0,1,0,235,251,1490,920
256,231052,38,0,1,0,1,549,0,68.4936,0,1,100,0,1,1,370,1,3,0,0,0,198,202,1334,1753
257,11201,22,0,1,0,1,813,0,69.0,0,0,100,0,0,1,0,0,1,0,0,0,530,550,1070,850
258,11451,35,0,0,1,0,1185,3,78.9264,0,0,100,0,1,1,475,1,3,0,1,0,392,327,735,624
259,310238,23,1,1,1,1,413,0,74.4,0,0,90,0,0,1,0,0,1,0,0,1,221,205,731,643
260,120933,28,1,0,1,0,1034,2,60.3288,0,0,90,0,0,1,0,0,1,0,1,0,388,528,885,740
261,170662,27,1,0,1,1,470,1,79.38,0,0,90,0,1,1,55,1,2,0,1,0,330,326,1738,1399
262,270885,37,1,0,1,0,885,0,76.2048,0,0,100,0,0,1,0,0,1,0,0,1,450,436,1387,1963
263,150467,27,1,1,1,1,995,3,67.9,0,0,80,0,1,1,455,1,3,1,1,0,257,290,831,1111
264,271001,46,1,0,1,0,1094,0,65.5452,0,0,100,0,1,1,523,1,3,0,0,0,441,435,592,583
265,60896,36,1,0,1,0,1026,1,88.3,0,0,100,0,0,1,0,0,1,0,1,0,352,428,386,491
266,970463,25,0,0,1,0,1156,3,78.5,1,0,100,0,1,1,490,1,3,0,1,0,202,327,694,1015
267,251033,43,1,0,1,0,1110,0,95.256,0,0,90,0,0,1,0,0,1,1,0,0,232,184,512,656
268,261078,35,0,1,1,0,878,0,61.2,0,0,100,0,0,1,0,0,1,0,0,1,276,273,804,893
269,240301,36,1,0,1,0,1096,2,83.6892,0,0,100,0,0,1,0,0,1,0,1,0,321,401,1354,1126
270,240880,43,1,0,1,1,126,0,73.0296,0,0,90,1,0,1,1270,1,3,0,0,0,474,138,1523,1244
271,11656,44,1,0,1,0,1105,1,69.4008,0,0,100,0,1,1,105,1,2,0,1,1,240,200,680,600
272,150464,41,1,0,1,0,983,2,75.5,0,0,90,0,1,1,197,1,2,0,1,0,362,293,1156,738
273,110681,37,1,0,1,0,1140,2,65.5,0,0,90,0,1,1,289,1,2,1,1,1,370,600,1260,1230
274,960023,29,0,1,1,0,1096,3,79.38,1,0,100,0,1,1,635,1,3,0,1,0,348,308,1501,1044
275,81454,33,1,0,0,0,956,2,61.2,0,1,90,0,1,1,383,1,3,0,1,0,506,540,1408,1206
276,230822,26,1,0,1,0,1154,1,92.0808,0,0,90,0,0,1,0,0,1,0,1,0,375,708,1971,3407
277,180926,45,1,1,1,0,1044,3,69.8544,0,0,90,0,1,1,4,0,1,0,1,0,470,374,986,698
278,250235,40,0,1,0,0,314,1,62.1432,0,0,100,0,1,1,139,1,2,0,1,1,200,290,760,680
279,270748,43,1,0,1,0,938,0,88.452,0,0,100,0,1,1,843,1,3,1,0,1,225,238,649,570
280,320534,46,1,1,1,1,583,0,84.8232,0,0,100,0,0,1,0,0,1,0,0,0,494,147,950,407
281,610019,60,1,0,1,0,1041,3,65.8,0,0,90,0,0,1,0,0,1,0,1,0,326,283,405,557
282,50614,43,1,0,1,0,1089,3,85.7304,0,0,100,0,1,1,630,1,3,1,1,0,434,387,1688,1257
283,170631,30,1,0,1,0,1123,3,98.4312,0,1,90,0,0,1,0,0,1,0,1,0,417,772,702,749
284,182017,36,1,0,1,0,1077,1,84.3696,0,0,100,0,0,1,0,0,1,0,1,0,400,373,2185,1913
285,241259,26,1,0,1,0,1093,3,82.1016,0,0,90,0,0,1,0,0,1,0,1,0,325,553,1009,1149
286,181990,25,1,0,1,1,318,1,67.5864,0,0,100,0,1,1,365,1,2,1,1,1,298,307,1428,1557
287,240752,23,0,0,0,0,998,1,73.71,0,0,90,0,1,1,82,1,2,0,1,1,511,502,752,656
288,320418,23,1,0,1,0,980,0,67.8132,0,0,100,0,0,1,0,0,1,0,0,1,360,234,1134,780
289,50612,38,1,0,1,1,908,0,88.5,0,0,90,1,1,1,94,1,2,0,0,1,392,423,961,920
290,50654,38,1,0,1,0,958,1,85.7304,0,0,100,0,0,1,0,0,1,0,1,0,407,529,952,1101
291,11182,27,1,0,1,0,1072,2,79.2,0,0,90,0,0,1,0,0,1,1,1,0,320,270,1020,700
292,240655,41,1,0,1,0,1089,3,63.9576,0,0,90,0,1,1,432,1,3,1,1,0,201,262,1186,1289
293,960013,50,0,0,1,1,696,2,97.9776,1,0,100,0,1,1,214,1,2,1,1,1,281,282,1176,873
294,190542,45,0,1,0,1,561,3,64.4112,0,0,100,0,1,1,1583,1,3,0,1,0,273,273,1190,1209
295,110679,38,0,0,0,0,1154,2,67.5,0,0,100,0,1,1,420,1,3,0,1,0,460,420,840,660
296,160164,32,1,0,1,0,1071,3,89.22312,0,0,100,0,1,1,986,1,3,0,1,0,445,512,1356,1471
297,150487,37,0,0,0,1,626,3,45.6,0,0,90,0,1,1,432,1,3,1,1,0,340,267,794,764
298,150495,33,1,0,1,0,1083,0,78.8,0,0,100,0,0,1,0,0,1,0,0,0,307,549,998,705
299,42069,40,0,1,0,0,1013,3,79.8336,0,0,100,0,1,1,615,1,3,0,1,0,638,706,654,772
300,181306,49,1,1,1,0,1081,3,76.5,0,0,100,0,0,1,0,0,1,0,1,1,335,234,2312,955
301,540018,27,1,1,1,0,989,3,52.70832,0,0,100,0,0,1,0,0,1,0,1,0,420,280,1800,1370
302,230831,44,1,0,1,0,1102,2,66.2256,0,0,90,0,0,1,0,0,1,1,1,0,197,232,552,381
303,950051,28,0,0,1,1,506,0,68.2,1,0,100,0,1,1,832,1,3,0,0,0,278,176,324,218
304,20719,33,1,0,1,0,958,2,70.7616,0,0,100,0,0,1,0,0,1,0,1,0,203,243,851,972
305,320453,23,0,1,0,0,986,3,82.1,0,0,90,0,1,1,616,1,3,0,1,1,380,570,1080,1150
306,330264,45,0,0,0,1,628,0,60.7824,0,0,80,0,1,1,743,1,3,0,0,1,310,150,880,510
307,71380,26,1,0,1,1,394,0,67.8132,0,0,100,0,0,1,0,0,1,0,0,1,372,370,1294,1179
308,181296,28,1,0,1,0,1120,2,62.5,0,0,100,0,1,1,68,1,2,0,1,1,226,313,950,816
309,261052,23,1,0,1,0,1035,0,70.308,0,0,100,0,0,1,0,0,1,0,0,0,540,562,1920,1145
310,980023,24,0,0,1,0,1097,0,71.0,1,0,100,0,1,1,334,1,2,0,0,1,364,475,770,802
311,170905,41,1,1,1,0,1000,3,63.0504,0,0,100,0,1,1,245,1,2,0,1,1,174,276,296,328
312,211351,27,1,1,1,1,636,3,86.184,0,0,90,0,0,1,0,0,1,0,1,0,123,157,780,941
313,320352,40,1,0,1,0,1112,2,91.0,0,0,90,0,1,1,961,1,3,0,1,0,250,320,900,1010
314,270887,50,1,0,1,0,1000,3,70.67088,0,0,90,0,0,1,0,0,1,0,1,0,452,600,796,733
315,81111,28,1,0,1,0,1040,2,68.0,0,0,100,0,0,1,0,0,1,0,1,0,336,528,976,1254
316,71077,38,1,1,1,1,643,2,82.5552,0,0,100,1,0,1,768,1,3,1,1,0,265,276,1678,1223
317,170633,25,0,0,1,0,1112,3,66.5,0,0,90,0,0,1,0,0,1,0,1,0,420,477,819,584
318,190614,31,0,1,0,0,1003,3,57.6072,0,0,100,0,1,1,1356,1,3,0,1,1,368,403,352,393
319,181961,27,1,0,1,0,1080,1,57.6072,0,0,90,0,1,1,945,1,3,1,1,1,453,367,1550,1154
320,240826,44,1,0,1,1,476,2,67.1328,0,0,90,0,1,1,690,1,3,1,1,1,477,386,1074,1025
321,310219,29,1,0,1,1,537,3,70.9884,0,0,90,0,1,1,139,1,2,0,1,1,404,254,866,871
322,81451,32,1,1,1,0,982,0,86.9,0,0,100,0,1,1,710,1,3,0,0,1,600,418,1575,1197
323,140783,44,1,0,1,1,308,0,76.4,0,0,90,0,1,1,974,1,3,0,0,0,345,235,1157,890
324,11653,30,1,0,1,0,1066,2,88.452,0,0,100,0,1,1,265,1,2,0,1,0,370,300,1500,1020
325,60922,25,1,0,1,1,549,3,50.3496,0,0,90,0,1,1,746,1,3,0,1,1,348,297,355,446
326,340748,29,0,1,0,1,477,0,72.2,0,0,90,0,1,1,517,1,3,1,0,0,297,232,1246,1196
327,120924,29,1,1,1,0,350,3,64.4112,0,0,90,0,0,1,0,0,1,0,1,1,265,548,437,579
328,180391,34,1,1,1,0,869,3,72.7,0,0,100,0,1,1,225,1,2,0,1,0,279,357,993,1015
329,310232,30,1,0,1,1,385,2,68.0,0,0,90,0,1,1,981,1,3,1,1,1,184,246,563,834
330,10165,31,1,0,1,1,794,0,73.0296,0,0,100,0,1,1,930,1,3,0,0,0,244,225,708,699
331,211057,32,1,1,1,1,147,0,83.2,0,1,90,0,1,1,7,0,1,0,0,1,234,108,1250,461
332,11164,20,0,1,0,0,1195,0,67.0,0,0,100,0,0,1,0,0,1,0,0,0,300,300,1310,1220
333,190197,29,0,1,0,0,1087,3,58.2876,0,0,100,0,1,1,959,1,3,0,1,0,324,280,713,714
334,580010,36,1,0,1,0,1084,3,70.7616,0,0,100,0,1,1,94,1,2,0,1,0,364,433,977,1066
335,181982,36,1,0,1,0,1132,0,84.3696,0,0,90,0,0,1,0,0,1,0,0,0,370,376,1287,1241
336,190408,39,0,1,1,0,999,2,127.7,0,0,100,0,0,1,0,0,1,0,1,0,508,557,853,783
337,610020,32,1,0,1,1,806,2,64.1844,0,0,90,0,0,1,0,0,1,0,1,0,573,466,764,583
338,320415,32,1,0,1,1,477,1,84.8232,0,0,100,0,0,1,45,1,2,1,1,0,169,132,741,594
339,251053,48,0,0,0,1,169,3,83.4624,0,0,90,0,0,1,0,0,1,0,1,1,291,328,617,686
340,30343,29,1,0,1,0,1098,3,83.0,0,0,100,0,0,1,0,0,1,0,1,0,304,436,801,678
341,140237,34,1,0,1,0,1078,1,56.4,0,0,100,0,1,1,1237,1,3,1,1,1,202,189,1336,1273
342,160375,31,0,0,0,0,1015,1,57.3804,0,0,100,0,1,1,39,1,2,0,1,1,559,546,1097,1131
343,170640,30,1,0,1,1,493,1,60.102,0,0,100,0,1,1,430,1,3,0,1,0,162,165,1294,900
344,150454,33,0,1,0,1,331,0,67.4,0,0,90,0,1,1,56,1,2,0,0,0,447,357,1080,946
345,270743,29,1,0,1,0,1091,1,65.772,0,0,100,0,1,1,817,1,3,0,1,0,403,266,854,447
346,620412,51,0,0,0,0,134,3,55.3,0,0,80,0,1,1,129,1,2,1,1,1,277,381,768,1224
347,630036,30,0,0,0,0,1014,1,71.3,0,0,100,0,0,1,0,0,1,0,1,0,520,673,772,1061
348,120916,38,1,1,1,0,1097,2,75.0,0,0,90,0,0,1,31,1,2,0,1,0,310,314,601,813
349,60451,40,1,0,1,0,1072,1,76.2048,0,0,90,0,1,1,1066,1,3,0,1,0,347,497,1092,1585
350,160380,32,0,1,1,0,316,3,72.576,0,0,100,0,0,1,0,0,1,0,1,1,203,366,572,620
351,210229,32,1,0,1,1,1013,2,73.9,0,0,100,0,1,1,902,1,3,1,1,1,296,362,1706,1120
352,11664,50,1,0,1,0,1146,2,77.5656,0,0,100,0,0,1,0,0,1,0,1,0,380,510,1040,1020
353,270851,34,1,0,1,0,979,1,70.308,0,0,100,0,1,1,960,1,3,0,1,1,218,559,519,888
354,240675,35,1,0,1,0,1097,1,81.648,0,0,100,0,1,1,111,1,2,0,1,0,505,431,847,1076
355,170380,55,0,1,1,1,254,3,77.7924,0,0,90,0,1,1,1146,1,3,0,1,1,160,129,1076,631
356,580021,39,1,0,1,0,1083,0,80.9676,0,0,100,0,1,1,327,1,2,0,0,0,424,409,524,460
357,270056,36,1,0,1,0,1137,0,77.112,0,0,100,0,1,1,925,1,3,0,0,0,373,309,745,606
358,340713,35,1,0,1,0,1056,1,72.576,0,0,100,0,1,1,28,1,2,1,1,0,211,341,586,1056
359,181333,32,0,0,1,1,713,2,92.7,0,0,90,0,1,1,304,1,2,0,1,0,289,336,714,687
360,320296,47,0,1,0,0,1132,0,74.844,0,0,100,0,0,1,0,0,1,0,0,0,504,210,1176,980
361,150508,27,1,0,1,1,392,3,81.2,0,0,90,0,0,1,0,0,1,1,1,1,355,411,1026,772
362,90670,27,1,1,1,0,1175,2,71.2152,0,0,100,0,0,1,0,0,1,0,1,0,299,443,1029,1202
363,990026,17,0,1,1,0,395,0,102.9672,1,0,100,0,1,1,417,1,3,0,0,1,373,218,1759,1030
364,81127,68,1,0,1,1,202,1,70.7616,0,0,90,0,1,1,1770,1,3,0,1,1,196,190,952,570
365,211070,30,1,0,1,1,898,1,64.5,0,0,100,0,1,1,45,1,2,1,1,0,350,292,833,794
366,12008,38,1,1,1,0,1074,0,70.6,0,0,100,0,0,1,0,0,1,0,0,0,383,421,1627,1909
367,340769,27,0,1,0,0,1007,3,53.9784,0,0,100,0,1,1,816,1,3,0,1,0,237,312,1120,920
368,270758,37,0,0,0,0,1019,1,57.0,0,0,90,0,1,1,227,1,2,0,1,0,464,521,546,706
369,80748,37,1,0,1,0,1085,1,74.3904,0,1,100,0,1,1,739,1,3,0,1,0,325,396,728,495
370,160204,48,1,0,1,1,595,1,77.7,0,0,100,0,1,1,1201,1,3,0,1,0,270,240,1220,980
371,150810,40,1,0,1,0,903,2,72.2,0,0,100,0,0,1,0,0,1,1,1,1,281,309,941,785
372,81103,38,0,0,0,0,1186,1,78.9264,0,0,90,0,1,1,2342,1,3,0,1,0,392,848,272,560
373,71385,42,1,1,1,0,975,3,63.0504,0,0,100,0,0,1,0,0,1,1,1,0,370,336,570,485
374,70470,63,1,0,1,1,393,2,56.4732,0,0,100,0,1,1,170,1,2,0,1,0,151,157,1315,1254
375,240797,36,1,0,1,0,1021,0,56.2464,0,1,90,0,1,1,1938,1,3,1,0,1,593,653,1754,1609
376,71374,31,1,1,1,0,1049,2,86.4108,0,0,100,0,0,1,0,0,1,0,1,0,436,433,958,798
377,320410,46,1,0,1,0,1008,0,72.4,0,0,100,0,1,1,477,1,3,1,0,0,280,270,1590,1300
378,960028,20,0,0,1,0,658,1,55.3392,1,0,100,0,1,1,629,1,3,0,1,1,386,406,593,725
379,11971,36,1,0,1,0,1146,0,64.4,0,0,100,0,0,1,0,0,1,0,0,0,423,597,1000,1125
380,210833,24,1,0,1,0,939,2,71.6688,0,0,90,0,0,1,0,0,1,1,1,1,372,321,1066,1232
381,630035,31,0,0,0,0,889,2,81.1944,0,1,100,0,1,1,516,1,3,0,1,0,403,670,689,882
382,241099,51,1,0,1,0,975,1,68.9472,0,0,90,0,0,1,0,0,1,1,1,0,458,598,244,364
383,11947,39,1,0,1,0,1023,2,75.7,0,0,100,0,1,1,159,1,2,0,1,1,431,283,647,407
384,50623,35,1,0,1,0,1068,3,77.0,0,1,100,0,0,1,0,0,1,0,1,0,293,396,338,580
385,80762,41,1,0,1,0,995,3,75.3,0,0,100,0,1,1,1260,1,3,0,1,1,576,440,2176,1386
386,960024,41,0,0,1,1,1021,3,56.2464,1,0,90,0,1,1,1775,1,3,0,1,0,470,377,1716,1115
387,270828,41,1,1,1,0,1164,0,85.05,0,0,100,0,0,1,0,0,1,0,0,0,396,450,1034,1207
388,30090,33,1,0,1,0,1090,2,71.4,0,0,100,0,1,1,1645,1,3,0,1,0,352,417,983,1157
389,270848,36,1,0,1,0,1119,2,67.5864,0,0,100,0,1,1,1132,1,3,0,1,0,489,577,887,1013
390,960012,27,0,0,1,0,596,3,94.5756,1,0,90,1,0,1,481,1,3,0,1,1,323,199,1714,1360
391,140732,34,1,0,1,1,896,1,75.0,0,0,100,0,1,1,112,1,2,1,1,0,286,447,709,972
392,330255,40,0,1,1,0,1108,1,93.6684,0,1,90,0,1,1,792,1,3,0,1,0,470,980,1510,1700
393,60649,33,0,1,1,0,770,0,57.1536,0,0,90,0,0,1,0,0,1,0,0,1,275,362,798,740
394,310235,47,0,0,0,0,970,2,59.0,0,1,90,0,0,1,0,0,1,0,1,1,186,260,462,357
395,231070,26,0,1,0,0,959,0,95.256,0,0,90,0,0,1,0,0,1,0,0,0,628,706,1984,1782
396,140091,34,1,0,1,1,252,3,83.5,0,1,90,1,1,1,811,1,3,1,1,1,252,144,1143,708
397,200080,35,1,0,1,0,445,1,63.5,0,0,90,0,1,1,1272,1,3,0,1,1,278,285,520,230
398,940543,44,0,1,1,0,1069,2,80.0604,1,0,90,0,1,1,723,1,3,0,1,0,324,238,1617,1146
399,211377,36,0,0,1,0,330,1,77.112,1,1,90,0,0,1,0,0,1,0,1,1,346,360,1018,719
400,160089,30,1,0,1,0,1071,2,74.57184,0,0,100,0,1,1,957,1,3,0,1,0,469,437,1430,1289
401,170541,43,1,0,1,0,1019,0,77.112,0,0,90,1,0,1,433,1,3,1,0,1,296,312,1013,832
402,71331,46,1,0,1,0,1188,1,92.0808,0,0,100,0,0,1,0,0,1,0,1,0,230,421,1171,1683
403,320365,34,0,1,0,0,1024,0,86.00256,0,1,100,0,0,1,0,0,1,0,0,0,348,372,492,432
404,250087,26,0,1,0,1,351,0,112.4928,0,0,80,0,1,1,931,1,3,0,0,1,190,150,690,610
405,330156,32,1,0,1,0,993,1,65.3184,0,0,90,0,1,1,471,1,3,0,1,0,360,340,590,540
406,250289,28,0,1,0,0,1078,3,87.0912,0,1,100,0,1,1,97,1,2,0,1,0,250,320,1260,830
407,270875,27,0,1,1,1,497,3,83.0088,0,0,100,0,0,1,0,0,1,0,1,1,213,211,526,632
408,120896,26,1,0,1,1,730,0,58.2,0,0,90,0,0,1,445,1,3,0,0,0,302,283,544,787
409,960011,40,0,0,1,0,601,0,85.7304,1,0,100,0,0,1,0,0,1,0,0,1,428,473,643,663
410,250453,48,1,0,1,0,1096,3,69.6276,0,0,100,0,0,1,0,0,1,0,1,0,260,430,910,1400
411,211333,29,1,0,1,0,989,0,69.8544,0,0,90,0,1,1,5,0,1,0,0,1,414,447,920,801
412,110758,30,1,1,1,0,973,2,97.2972,0,0,90,0,1,1,302,1,2,0,1,1,480,877,1320,2807
413,210919,37,1,0,1,1,637,0,76.4316,0,0,100,0,1,1,298,1,2,0,0,0,548,636,979,1181
414,920047,48,0,1,1,1,567,3,81.1944,1,0,100,0,0,1,0,0,1,0,1,1,461,294,177,220
415,11976,28,1,0,1,0,563,1,75.0,0,0,90,0,0,1,1034,1,3,0,1,1,545,366,1279,549
416,570013,27,0,0,1,0,990,0,70.7616,0,0,100,0,0,1,0,0,1,0,0,0,396,465,849,1008
417,280275,36,0,1,0,1,839,3,57.6072,0,0,100,0,1,1,927,1,3,0,1,0,239,306,868,899
418,330283,40,0,1,0,0,1038,1,76.2048,0,1,90,0,1,1,803,1,3,0,1,0,520,560,1210,1160
419,90712,45,0,1,0,0,931,1,66.6792,0,0,90,0,1,1,327,1,2,0,1,0,124,411,705,1027
420,271737,26,1,1,1,0,1178,3,79.8336,0,0,100,0,0,1,0,0,1,0,1,0,375,473,1000,945
421,240097,44,0,0,0,0,1104,1,100.2456,0,1,90,0,1,1,245,1,2,0,1,0,353,403,794,1063
422,41673,40,1,0,1,0,1032,1,75.7512,0,0,90,0,0,1,0,0,1,0,1,0,308,487,868,1104
423,11161,39,0,0,0,0,1134,2,54.5,0,1,100,0,1,1,1057,1,3,1,1,1,350,310,1270,1140
424,990077,45,0,0,1,0,1045,3,77.3,1,0,100,0,0,1,0,0,1,0,1,0,911,930,885,526
425,310231,41,0,0,1,0,966,3,73.0296,1,1,90,0,0,1,0,0,1,0,1,0,480,403,700,864
426,640010,29,0,1,0,0,552,2,68.9,0,1,80,0,0,1,0,0,1,0,1,1,321,330,1606,830
427,110753,39,0,0,1,1,822,1,81.648,0,1,100,0,1,1,243,1,2,0,1,1,407,325,1201,1264
428,10947,40,1,0,1,0,995,1,74.48112,0,0,100,0,0,1,0,0,1,1,1,0,256,307,658,667
429,50624,33,0,1,0,0,1056,1,55.0,0,0,90,0,1,1,236,1,2,0,1,0,457,406,759,634
430,270735,30,1,0,1,0,1181,2,84.3696,0,0,100,0,0,1,0,0,1,0,1,0,270,428,1132,1856
431,270985,28,1,0,1,1,898,2,83.2356,0,0,100,0,1,1,1104,1,3,0,1,0,313,205,1111,1435
432,310224,35,1,0,1,0,1078,2,68.0,0,0,90,0,1,1,205,1,2,0,1,0,213,198,568,563
433,170902,57,0,1,0,1,833,2,57.1536,0,0,90,0,1,1,193,1,2,0,1,0,498,263,659,323
434,170690,35,1,1,1,0,138,1,88.6788,0,0,90,0,0,1,0,0,1,1,1,1,345,372,927,1039
435,10190,41,1,0,1,0,957,0,66.2256,0,1,100,0,1,1,1329,1,3,0,0,0,401,366,889,720
436,90608,55,1,0,1,0,959,3,82.1016,0,0,90,1,0,1,587,1,3,0,1,0,229,145,1078,1100
437,181979,36,0,1,0,0,1076,3,58.0608,0,1,90,0,1,1,855,1,3,0,1,1,342,158,1229,713
438,80406,43,1,0,1,0,1060,2,78.6,0,0,90,0,1,1,1289,1,3,0,1,1,460,378,1472,1170
439,320463,30,1,1,1,0,911,2,60.8,0,0,90,0,0,1,0,0,1,0,1,1,390,360,640,480
440,140804,33,1,0,1,0,896,2,82.7,0,0,90,0,0,1,0,0,1,0,1,1,399,248,723,363
441,71391,39,1,0,1,0,949,0,69.8544,0,0,100,0,0,1,0,0,1,1,0,0,196,338,631,938
442,211338,29,1,0,1,1,252,2,100.6992,0,0,90,0,0,1,0,0,1,1,1,1,562,444,978,586
443,81448,39,1,0,1,0,1153,3,80.5,0,0,80,0,0,1,0,0,1,0,1,0,168,230,864,1633
444,60932,37,1,0,1,0,583,3,89.3592,0,0,90,0,0,1,0,0,1,0,1,1,225,351,225,304
445,220463,38,0,0,0,0,1049,3,55.7928,0,0,100,0,1,1,770,1,3,0,1,0,482,237,684,441
446,150108,38,1,0,1,0,1039,0,90.4,0,0,100,0,1,1,917,1,3,1,0,1,310,328,818,573
447,940528,37,0,0,1,1,484,0,92.0,1,0,100,0,0,1,0,0,1,0,0,0,214,308,1000,1026
448,70508,38,1,0,1,0,730,3,77.112,0,0,100,0,1,1,872,1,3,1,1,0,238,294,756,789
449,300238,38,1,0,1,0,1188,2,66.2256,0,0,100,0,1,1,1017,1,3,0,1,0,368,292,1279,1290
450,320369,31,0,1,0,1,929,1,85.14072,0,0,100,0,0,1,0,0,1,0,1,0,481,480,520,660
451,180375,31,1,0,1,0,540,2,68.04,0,0,100,0,1,1,1147,1,3,0,1,1,660,842,1822,2028
452,251060,29,1,0,1,1,691,1,68.4936,0,0,100,0,0,1,0,0,1,0,1,1,706,853,980,1195
453,182039,42,0,0,1,0,1010,3,103.4208,0,1,90,0,0,1,0,0,1,0,1,0,318,485,438,523
454,251059,45,1,0,1,0,1011,1,127.008,0,0,100,0,0,1,0,0,1,0,1,0,207,597,633,1248
455,270984,39,1,0,1,1,550,1,78.0192,0,0,80,0,1,1,1151,1,3,0,1,0,232,383,946,1150
456,250299,39,0,1,1,1,111,0,96.1632,0,0,100,0,1,1,166,1,2,0,0,1,230,50,650,150
457,310222,25,0,1,0,1,555,3,79.7,0,0,90,0,1,1,161,1,2,0,1,0,501,365,812,805
458,150911,49,1,0,1,1,847,3,94.6,0,1,100,0,0,1,0,0,1,0,1,1,627,401,1302,816
459,190419,31,0,1,0,0,890,0,58.0608,0,0,100,0,0,1,0,0,1,0,0,1,419,310,679,480
460,150444,27,1,0,1,0,1151,0,78.5,0,1,90,0,1,1,476,1,3,0,0,0,436,430,817,584
461,50632,45,1,1,1,0,883,0,72.1224,0,1,70,0,0,1,0,0,1,1,0,1,219,276,1454,1437
462,250421,56,1,0,1,1,610,2,75.0708,0,0,90,0,1,1,582,1,3,0,1,1,200,360,590,860
463,330256,41,0,0,1,0,1005,1,87.0912,0,1,90,0,1,1,310,1,2,1,1,0,300,360,560,590
464,160370,31,1,0,1,0,1065,2,79.9,0,0,100,0,1,1,152,1,2,0,1,0,468,406,1357,797
465,270873,23,0,1,0,0,329,1,52.164,0,0,100,0,1,1,145,1,2,0,1,1,300,235,622,415
466,260693,39,1,0,1,0,1138,1,99.0,0,0,100,0,1,1,402,1,3,1,1,0,321,167,1076,1066
467,320401,38,1,1,1,0,1012,2,69.8,0,0,90,0,1,1,41,1,2,0,1,0,230,220,1690,1260
468,250194,28,1,0,1,0,1131,1,76.6584,0,0,100,0,0,1,0,0,1,0,1,0,440,570,1210,730
469,60335,47,1,0,1,0,1151,0,73.0,0,0,100,0,1,1,1081,1,3,0,0,0,289,259,927,950
470,241339,35,1,0,1,0,1014,1,70.7616,0,0,90,0,0,1,0,0,1,1,1,0,433,445,849,1124
471,10923,24,1,0,1,1,232,1,67.7,0,0,90,0,0,1,0,0,1,0,1,0,253,114,729,559
472,81021,43,1,0,1,0,1021,0,76.4,0,0,90,0,1,1,724,1,3,0,0,1,210,150,430,440
473,910030,24,0,1,0,0,1106,3,80.7408,1,0,100,0,1,1,872,1,3,0,1,1,271,222,829,838
474,251049,37,1,0,1,1,222,0,65.3184,0,1,100,0,0,1,0,0,1,1,0,1,142,81,786,601
475,170642,43,0,0,0,0,1109,2,65.772,0,1,90,0,1,1,320,1,2,1,1,0,375,570,806,967
476,320466,32,0,1,1,1,720,2,97.9,0,0,90,0,0,1,0,0,1,1,1,0,250,320,1170,1040
477,170896,29,1,0,1,1,834,0,81.4212,0,0,100,0,0,1,0,0,1,0,0,0,356,433,828,684
478,251052,28,1,1,1,0,1055,2,65.3184,0,0,100,0,0,1,0,0,1,0,1,0,265,311,3101,2627
479,270836,57,1,1,1,1,476,2,71.2152,0,0,90,0,1,1,326,1,2,0,1,1,301,232,689,445
480,261107,25,1,0,1,0,963,1,79.5,0,0,100,0,0,1,0,0,1,0,1,0,420,508,873,979
481,960017,36,0,0,1,0,717,3,76.6584,1,0,100,0,1,1,905,1,3,0,1,1,265,248,967,1080
482,140387,49,1,0,1,1,854,2,84.1,0,0,100,0,1,1,1008,1,3,0,1,1,195,258,351,280
483,320537,36,0,1,1,0,888,2,61.6896,0,0,90,0,0,1,0,0,1,0,1,1,416,270,1326,690
484,170342,50,1,0,1,1,284,0,97.0704,0,0,90,0,1,1,957,1,3,1,0,1,163,138,408,286
485,150499,44,1,1,1,1,487,2,102.1,0,0,80,0,0,1,0,0,1,0,1,1,225,261,729,550
486,11478,50,0,0,1,0,1032,2,78.9264,0,1,100,0,0,1,0,0,1,0,1,1,251,166,2326,1146
487,150093,42,1,0,1,1,237,0,74.6,0,0,90,0,1,1,1303,1,3,1,0,0,188,111,1025,473
488,610038,32,1,0,1,0,886,0,78.0192,0,0,90,0,0,1,0,0,1,0,0,1,274,279,712,750
489,11436,47,1,0,1,0,1195,3,79.38,0,1,100,0,1,1,585,1,3,0,1,0,444,383,1806,1778
490,70330,26,1,0,1,0,1091,0,74.844,0,0,100,0,1,1,1529,1,3,0,0,0,429,386,974,828
491,580040,30,1,0,1,0,1014,1,70.9884,0,1,100,0,0,1,0,0,1,0,1,0,300,484,1307,829
492,150430,29,1,0,1,0,1050,3,79.9,0,0,90,0,0,1,0,0,1,0,1,1,265,451,1061,1037
493,110222,28,1,0,1,0,1185,2,68.81112,0,0,80,0,1,1,1586,1,3,0,1,0,333,390,564,569
494,211065,29,1,1,1,0,1070,1,65.5,0,0,100,0,1,1,367,1,3,0,1,0,431,420,843,745
495,231042,26,1,0,1,0,389,3,68.04,0,0,90,0,1,1,930,1,3,0,1,1,282,422,894,1290
496,70269,36,1,0,1,1,729,3,85.7304,1,0,100,0,1,1,537,1,3,1,1,0,191,306,1836,1837
497,240367,28,1,0,1,1,804,3,59.8752,0,0,100,0,0,1,0,0,1,0,1,0,481,480,873,924
498,230024,42,1,0,1,0,1089,0,61.236,0,0,90,0,1,1,1253,1,3,1,0,0,643,515,1285,1148
499,160223,24,1,0,1,0,413,1,79.92432,0,0,100,0,1,1,988,1,3,0,1,1,469,411,1572,1693
500,80349,33,1,0,1,0,1087,2,78.0,0,0,100,0,1,1,1774,1,3,0,1,0,437,378,969,954
501,190396,38,0,1,1,0,1147,3,95.5,0,1,100,0,1,1,909,1,3,0,1,0,411,358,1276,1173
502,211283,23,1,0,1,0,319,1,78.4728,0,0,100,0,1,1,238,1,2,0,1,1,168,246,512,1214
503,10956,29,0,0,0,0,958,3,72.8028,0,0,100,0,1,1,744,1,3,0,1,0,251,212,382,388
504,190407,33,0,0,0,0,968,1,43.8,0,1,100,0,0,1,0,0,1,0,1,1,263,315,305,247
505,211235,37,1,0,1,0,1203,1,92.5344,0,0,90,0,0,1,0,0,1,0,1,0,295,500,868,920
506,50572,28,1,0,1,0,1187,3,84.3696,0,1,90,0,0,1,15,1,2,1,1,0,387,597,1168,960
507,960009,27,0,1,1,0,1143,3,58.0608,1,0,90,0,0,1,41,1,2,0,1,0,353,434,680,1086
508,150509,35,1,0,1,0,1024,2,85.7,0,0,100,0,0,1,0,0,1,0,1,0,350,433,1255,1084
509,300940,33,1,0,1,0,1000,2,71.2152,0,0,100,0,0,1,0,0,1,0,1,0,221,260,598,866
510,241325,44,1,0,1,0,917,2,95.256,0,0,90,0,0,1,0,0,1,0,1,1,332,366,881,375
511,520019,52,1,0,1,0,1028,1,61.236,0,0,90,0,1,1,933,1,3,1,1,0,319,410,1596,1382
512,230103,33,1,0,1,0,1064,1,89.3592,0,0,100,0,1,1,925,1,3,1,1,0,194,321,1162,1478
513,60903,48,1,0,1,0,1042,2,68.1,0,0,100,0,0,1,0,0,1,1,1,0,374,327,1240,515
514,60974,27,1,1,1,0,888,2,70.308,0,0,100,0,0,1,0,0,1,0,1,1,535,463,470,532
515,170888,26,1,0,1,0,470,1,63.6,0,0,90,0,0,1,0,0,1,0,1,1,307,411,443,523
516,150272,33,0,0,1,1,651,1,89.9,0,0,90,0,1,1,945,1,3,0,1,1,688,457,1255,1371
517,150422,53,1,1,1,1,1064,0,98.5,0,1,80,0,1,1,248,1,2,0,0,0,255,304,615,781
518,260713,31,1,0,1,1,1026,2,90.3,0,0,100,1,1,1,422,1,3,0,1,0,277,326,705,828
519,190386,31,0,1,0,0,1088,1,69.0,0,0,100,0,1,1,402,1,3,0,1,0,363,277,596,388
520,230578,42,1,0,1,1,799,0,71.6688,0,0,100,0,0,1,0,0,1,1,0,0,180,246,623,738
521,140742,38,1,0,1,1,1027,1,79.6068,0,0,90,0,1,1,116,1,2,0,1,1,151,130,691,819
522,180394,22,0,0,1,0,482,0,77.112,1,0,100,0,1,1,1051,1,3,0,0,1,364,224,1295,694
523,211086,27,0,1,1,0,963,1,75.8,0,0,90,0,0,1,0,0,1,0,1,0,689,439,919,787
524,150479,41,1,0,1,0,1110,3,76.0,0,0,90,0,1,1,517,1,3,0,1,0,367,410,1183,969
525,340768,27,1,1,0,0,1023,3,60.4,0,0,100,0,0,1,0,0,1,0,1,0,511,329,1171,846
526,11981,32,0,0,1,1,628,1,90.5,0,0,90,0,0,1,0,0,1,0,1,1,166,272,624,935
527,980026,23,0,0,1,0,1146,3,70.9,1,0,90,0,1,1,1181,1,3,0,1,0,434,211,1018,806
528,300924,31,1,0,1,0,1088,3,61.6896,0,0,90,0,1,1,751,1,3,0,1,0,296,328,560,725
529,210708,49,1,0,1,0,1006,0,91.1736,0,0,90,0,0,1,0,0,1,1,0,0,331,363,1426,877
530,140779,44,1,0,1,1,738,2,72.5,0,1,80,0,1,1,135,1,2,1,1,1,421,387,2106,1903
531,10462,39,0,0,0,0,1231,2,67.1328,0,1,100,0,1,1,1057,1,3,0,1,0,470,590,950,930
532,11961,29,1,0,1,0,1077,0,79.8,0,0,90,0,0,1,0,0,1,0,0,0,456,388,1718,1143
533,320536,22,1,0,1,0,957,1,57.1536,0,0,100,0,0,1,0,0,1,0,1,0,308,290,583,540
534,70501,34,0,0,1,0,1145,3,77.5656,0,0,100,0,1,1,372,1,3,1,1,0,296,338,850,756
535,10714,35,1,0,1,0,1066,2,81.3,0,0,100,0,1,1,882,1,3,0,1,1,227,288,1115,605
536,71340,31,1,0,1,0,725,2,85.2768,0,1,100,0,1,1,95,1,2,1,1,1,326,459,1710,1596
537,11671,49,1,0,1,0,812,1,88.452,0,0,90,0,1,1,203,1,2,1,1,1,220,280,520,730
538,181980,39,1,0,1,0,1103,2,98.4312,0,0,100,0,0,1,0,0,1,0,1,0,410,530,1426,1304
539,241359,45,1,0,1,0,921,1,78.0192,0,0,90,0,0,1,0,0,1,1,1,1,490,591,1592,1801
540,270031,33,1,0,1,1,815,0,78.7,0,0,100,0,1,1,703,1,3,0,0,0,622,357,941,757
541,140787,30,1,0,1,0,1058,1,64.5,0,0,90,1,1,1,1665,1,3,0,1,1,295,440,1065,782
542,250511,32,0,1,0,0,882,3,91.1736,0,0,90,0,0,1,0,0,1,0,1,0,380,330,430,530
543,940531,21,0,0,1,0,1115,1,62.86896,1,0,100,0,1,1,181,1,2,0,1,0,229,139,1041,662
544,20508,37,0,1,1,1,137,0,69.8544,0,1,90,0,1,1,383,1,3,1,0,0,209,117,1111,749
545,211229,27,1,0,1,0,1161,2,87.318,0,0,100,0,0,1,0,0,1,0,1,0,560,470,980,635
546,10950,26,0,0,0,1,727,1,92.62512,0,0,100,0,0,1,0,0,1,0,1,1,421,546,337,341
547,270734,26,1,0,1,1,558,3,80.7408,0,0,100,0,0,1,0,0,1,0,1,0,343,296,873,888
548,250305,28,1,0,1,0,1110,3,74.75328,0,0,90,0,0,1,0,0,1,0,1,1,360,540,670,960
549,41342,48,1,0,1,0,975,2,72.1224,0,0,80,0,0,1,0,0,1,0,1,1,305,294,828,656
550,140176,39,1,0,1,0,1094,3,69.5,0,0,90,0,1,1,1394,1,3,0,1,0,490,646,850,901
551,910034,13,0,0,1,0,1121,2,32.6592,1,0,100,0,1,1,553,1,3,1,1,1,265,434,434,993
552,180336,46,0,0,1,0,1095,3,62.23392,1,0,100,0,1,1,1218,1,3,0,1,1,282,184,747,512
553,211346,48,0,0,1,0,1039,2,69.8544,0,0,90,0,0,1,0,0,1,0,1,0,389,321,931,864
554,180919,36,1,0,1,1,482,0,75.4,0,0,80,0,1,1,127,1,2,0,0,0,395,471,1059,807
555,240101,33,1,0,1,0,1096,2,77.8,1,0,100,0,1,1,928,1,3,0,1,0,275,297,605,459
556,620026,33,1,0,1,0,1045,2,67.4,0,0,100,0,0,1,0,0,1,0,1,0,422,320,1040,690
557,190618,52,0,1,0,0,955,2,55.3392,0,0,100,0,1,1,1439,1,3,0,1,0,493,430,1114,925
558,270883,28,0,1,1,0,1028,3,125.6472,0,0,100,0,0,1,0,0,1,0,1,0,257,395,570,893
559,81141,41,1,0,1,1,906,1,73.9368,0,0,90,0,1,1,1039,1,3,0,1,1,209,285,1216,1083
560,320290,18,0,1,0,0,1140,2,86.4,0,0,100,0,0,1,0,0,1,0,1,0,320,384,880,944
561,250403,45,1,1,1,0,1117,3,95.7096,0,0,100,0,1,1,155,1,2,0,1,0,630,490,1290,930
562,210998,54,1,0,1,1,478,2,60.7824,0,0,90,0,1,1,178,1,2,0,1,0,246,157,1230,879
563,340012,37,1,0,1,0,1087,3,73.0296,0,0,100,0,1,1,1737,1,3,0,1,1,266,308,892,1016
564,50590,38,1,0,1,1,994,3,86.2,0,0,90,1,0,1,286,1,2,0,1,0,250,198,480,466
565,250302,41,1,0,1,1,236,2,98.4312,0,0,90,0,1,1,2283,1,3,1,1,1,250,270,1380,1750
566,320419,24,1,0,1,1,813,1,68.4936,0,0,100,0,0,1,0,0,1,1,1,1,406,384,672,612
567,200325,38,1,0,1,0,1155,3,88.2,0,0,90,0,0,1,355,1,2,0,1,0,342,301,1095,1234
568,12003,34,1,0,1,0,1109,0,65.5,0,0,100,0,0,1,0,0,1,0,0,0,501,158,1276,967
569,170653,43,1,0,1,0,1022,1,69.4008,0,0,90,0,0,1,0,0,1,0,1,0,293,313,890,613
570,190204,30,0,0,0,0,948,0,70.7616,0,0,100,0,1,1,230,1,2,0,0,1,346,300,337,318
571,320412,34,0,0,1,0,1062,1,63.2,1,0,90,0,1,1,662,1,3,0,1,0,260,450,480,560
572,330279,37,0,0,1,0,984,3,87.0912,0,0,100,0,1,1,6,0,1,0,1,1,450,460,970,690
573,640016,39,0,0,0,0,913,2,62.5968,0,0,90,0,1,1,269,1,2,0,1,1,280,180,440,200
574,250505,21,0,0,0,0,835,2,58.968,0,0,100,0,0,1,0,0,1,0,1,1,300,520,570,740
575,241284,39,1,0,1,1,140,0,89.3592,0,0,90,0,1,1,28,1,2,0,0,1,429,217,1528,549
576,250197,49,1,0,1,0,1110,2,86.184,0,1,90,0,0,1,0,0,1,0,1,0,300,510,660,570
577,11468,29,1,0,1,0,241,0,82.5552,0,0,100,0,1,1,621,1,3,0,0,1,374,314,796,847
578,231043,28,1,0,1,0,370,2,78.4728,0,0,100,0,0,1,0,0,1,0,1,1,425,498,979,789
579,71333,29,1,0,1,0,772,0,73.9368,0,1,100,0,0,1,0,0,1,0,0,1,280,458,1440,1686
580,10889,40,0,0,0,0,1119,2,70.0,0,0,100,0,0,1,0,0,1,1,1,1,407,348,1048,1039
581,280276,32,0,0,0,0,987,2,50.8032,0,1,80,0,0,1,0,0,1,0,1,0,253,444,933,806
582,182010,47,1,0,1,0,1077,1,85.2768,0,1,90,0,0,1,0,0,1,0,1,0,286,468,571,646
583,900017,39,1,0,1,0,310,0,72.3,1,0,90,0,1,1,986,1,3,0,0,1,319,323,839,857
584,320403,36,1,0,1,0,314,2,91.9,0,0,100,0,0,1,0,0,1,0,1,1,280,404,1305,1010
585,41655,41,1,0,1,0,1001,0,73.4832,0,0,100,0,1,1,578,1,3,0,0,1,236,244,1523,1780
586,270741,35,0,1,0,0,1133,3,64.8648,0,0,100,0,1,1,234,1,2,0,1,0,434,378,768,403
587,50190,47,1,0,1,0,1202,3,64.4112,0,0,90,0,1,1,881,1,3,0,1,0,244,343,1629,1809
588,110711,31,1,1,1,0,1195,3,65.772,0,0,100,0,0,1,0,0,1,0,1,0,303,493,880,898
589,580041,47,1,0,1,0,1013,2,84.8,0,0,100,0,0,1,0,0,1,0,1,0,468,470,716,438
590,231069,23,0,0,1,0,1069,3,66.906,0,0,100,0,0,1,0,0,1,0,1,0,275,328,1248,984
591,640011,37,0,1,1,0,916,2,86.184,0,1,90,0,0,1,0,0,1,0,1,0,560,290,1780,910
592,211040,31,0,0,1,1,347,0,81.8748,0,0,90,0,0,1,0,0,1,0,0,1,354,297,680,659
593,250204,30,1,0,1,0,1126,3,76.2048,0,0,90,0,0,1,0,0,1,0,1,0,680,590,850,490
594,310242,33,1,0,1,0,992,2,72.576,0,0,90,0,0,1,0,0,1,0,1,0,383,492,1627,984
595,140270,32,1,0,1,0,1055,2,79.5,0,0,100,0,0,1,199,1,2,0,1,1,395,477,526,702
596,140758,29,1,0,1,0,1140,0,70.308,0,0,90,0,1,1,135,1,2,0,0,0,237,300,494,636
597,110728,37,1,1,1,0,1042,3,73.4832,0,0,100,0,0,1,0,0,1,0,1,0,193,280,469,636
598,210293,35,1,0,1,0,1224,0,66.6792,0,0,100,0,1,1,1232,1,3,0,0,0,530,568,1267,1277
599,270970,36,1,0,1,0,1137,2,69.4008,0,0,100,0,1,1,1155,1,3,0,1,0,186,348,1135,2713
600,320351,24,0,0,0,1,171,1,65.2,0,0,90,0,0,1,0,0,1,1,1,0,140,80,1380,790
601,210601,62,1,0,1,1,627,0,76.4316,0,0,90,0,0,1,0,0,1,0,0,1,408,257,1392,1244
602,50618,34,1,1,1,0,1075,1,87.5448,0,0,90,0,0,1,0,0,1,1,1,0,305,330,608,563
603,120142,28,1,1,1,0,1087,1,90.5,0,0,100,0,1,1,1508,1,3,0,1,0,428,416,1832,1314
604,140786,27,1,0,1,0,991,3,63.6,0,0,90,0,1,1,600,1,3,0,1,0,303,454,771,751
605,40756,36,0,1,1,0,1027,2,75.2976,0,0,100,0,1,1,910,1,3,1,1,1,375,426,795,638
606,270834,31,0,1,1,0,565,0,80.2872,0,0,100,0,0,1,0,0,1,0,0,1,542,561,845,742
607,310244,27,1,0,1,0,914,1,70.5,0,0,90,0,0,1,0,0,1,0,1,1,227,208,1058,879
608,980045,25,0,0,1,0,1087,2,78.0,1,0,100,0,1,1,905,1,3,0,1,0,468,594,636,554
609,230217,48,1,0,1,0,1154,2,71.8956,0,0,100,0,1,1,370,1,3,0,1,0,282,353,780,761
610,220438,41,0,1,0,0,1091,1,58.0,0,0,100,0,0,1,0,0,1,0,1,0,413,623,1106,1102
611,20716,43,0,1,0,1,778,2,73.9368,0,1,100,0,1,1,830,1,3,0,1,0,319,208,1101,564
612,220458,42,1,0,1,1,727,0,72.576,0,0,100,0,0,1,0,0,1,0,0,1,316,221,841,731
613,160250,39,1,1,1,0,1039,2,80.7,0,0,100,0,1,1,986,1,3,0,1,0,400,484,889,1094
614,540017,33,0,1,1,0,1011,2,68.4936,0,1,80,0,0,1,0,0,1,1,1,0,170,250,1140,1120
615,231050,43,1,0,1,0,1084,2,91.6272,0,0,90,0,0,1,0,0,1,1,1,0,249,259,1305,1254
616,271739,25,1,1,1,0,618,2,70.21728,0,0,100,0,1,1,739,1,3,0,1,1,312,303,1679,1085
617,50663,53,0,0,1,1,306,0,91.0,0,0,100,0,0,1,0,0,1,0,0,1,378,393,875,776
618,610034,32,1,0,1,0,855,1,84.1,0,0,90,0,0,1,0,0,1,0,1,1,553,515,2029,1803
619,11968,37,1,0,1,0,1153,3,77.5,0,0,100,0,1,1,953,1,3,0,1,0,422,469,991,847
620,11369,33,1,0,1,1,877,1,83.4624,0,0,100,0,1,1,306,1,2,0,1,0,272,257,842,758
621,120890,58,1,1,1,0,309,3,63.504,0,0,90,0,1,1,141,1,2,0,1,1,275,297,550,673
622,10929,43,0,0,0,0,962,1,61.6,0,0,90,0,1,1,90,1,2,1,1,1,340,430,500,522
623,20505,35,0,1,1,0,982,0,74.3904,0,1,90,0,1,1,175,1,2,0,0,1,446,336,1711,1131
624,71328,38,1,0,1,0,1189,0,86.8644,0,0,100,0,0,1,0,0,1,0,0,0,400,336,871,566
625,90668,32,1,0,1,0,1147,0,70.308,0,0,90,0,0,1,0,0,1,0,0,1,413,497,516,708
626,140196,27,0,0,1,0,252,1,88.6,1,0,100,0,1,1,1005,1,3,1,1,1,234,265,228,224
627,140748,29,1,0,1,1,406,0,71.2152,0,0,90,0,1,1,420,1,3,1,0,1,320,199,1359,1300
628,180712,25,0,1,0,0,1000,0,48.3084,0,0,100,0,0,1,0,0,1,0,0,0,410,217,760,549
629,10059,61,0,0,0,1,1002,3,49.4424,0,0,90,0,1,1,895,1,3,0,1,0,162,218,392,564
630,261040,36,1,0,1,0,1054,2,75.2,0,0,100,0,0,1,0,0,1,0,1,1,297,142,606,524
631,50664,31,1,0,1,0,874,3,87.9984,0,0,100,0,0,1,0,0,1,1,1,0,538,521,1166,776
632,120295,37,1,0,1,0,1160,2,81.648,0,0,90,0,1,1,585,1,3,0,1,0,211,247,1289,1073
633,110764,22,0,0,0,0,968,0,78.0,0,0,100,0,0,1,0,0,1,0,0,0,360,420,610,620
634,150503,35,1,0,1,1,825,0,87.2,0,0,100,0,0,1,0,0,1,0,0,0,529,459,696,705
635,330275,30,1,0,1,0,392,0,52.6176,0,0,90,0,1,1,2,0,1,1,0,1,320,400,2460,1840
636,181318,59,0,1,0,0,1146,1,58.6,0,0,100,0,1,1,763,1,3,0,1,0,339,368,1113,1103
637,50646,29,1,1,1,0,357,2,111.5856,0,0,100,0,0,1,0,0,1,0,1,1,277,280,409,337
638,181324,33,1,1,1,0,783,3,73.2,0,0,90,0,0,1,0,0,1,0,1,1,464,491,524,672
639,960022,22,0,1,1,0,1007,1,60.23808,1,0,90,0,1,1,796,1,3,0,1,0,225,382,2387,1444
640,300941,30,0,1,0,0,984,3,61.0092,1,0,100,0,0,1,0,0,1,0,1,0,424,495,878,794
641,50585,33,1,0,1,0,1062,3,66.0,0,0,100,0,0,1,0,0,1,0,1,0,232,355,828,804
642,910053,33,0,0,0,0,196,2,84.7,0,0,100,0,1,1,177,1,2,0,1,1,294,120,2418,1406
643,620054,45,1,0,1,0,229,0,84.3,0,0,100,0,0,1,0,0,1,0,0,1,420,400,1110,1070
644,150451,29,1,0,1,0,1140,3,119.7,0,0,90,0,1,1,275,1,2,0,1,0,599,566,1176,962
645,50252,63,1,0,1,0,1115,2,73.4832,0,0,100,0,0,1,0,0,1,0,1,0,498,408,1365,1287
646,71329,41,1,0,1,0,1188,0,87.9984,0,0,100,0,0,1,0,0,1,0,0,0,331,313,1242,954
647,610043,30,1,0,1,0,225,2,36.78696,0,0,90,0,0,1,0,0,1,0,1,1,222,189,666,544
648,630013,39,0,1,1,1,224,3,63.1,0,0,100,0,0,1,0,0,1,1,1,1,247,169,364,266
649,580036,35,1,0,1,0,1046,3,89.3592,0,0,100,0,0,1,0,0,1,0,1,0,527,538,1156,1180
650,50655,44,1,0,1,1,532,0,82.5552,0,0,90,0,0,1,0,0,1,0,0,1,280,223,719,678
651,120897,44,1,0,1,0,1154,1,104.5,0,0,90,0,1,1,42,1,2,0,1,0,468,305,605,352
652,11059,41,0,0,1,0,1073,0,81.6,0,1,90,0,1,1,784,1,3,0,0,1,210,210,810,710
653,71356,30,1,0,1,0,385,2,78.0192,0,0,100,0,0,1,0,0,1,0,1,1,470,300,995,732
654,231065,35,1,0,1,0,1073,1,78.0192,0,0,100,0,0,1,0,0,1,1,1,0,236,385,769,936
655,220430,35,1,0,1,0,981,2,73.71,0,0,100,0,0,1,0,0,1,0,1,1,236,281,593,634
656,10941,32,1,0,1,0,996,2,74.1636,0,0,100,0,0,1,0,0,1,0,1,0,470,416,940,818
657,71383,30,1,1,1,0,999,3,73.9368,0,0,100,0,0,1,0,0,1,1,1,0,275,303,598,678
658,10368,40,1,0,1,1,308,0,83.0088,0,0,100,0,1,1,974,1,3,1,0,0,150,90,1730,1160
659,250448,20,1,0,1,0,763,3,63.6,0,0,100,0,1,1,85,1,2,1,1,1,220,350,470,530
660,520028,28,1,1,1,0,1054,3,98.8848,0,0,90,0,1,1,219,1,2,0,1,0,459,504,1355,774
661,71348,22,1,0,1,0,517,3,64.638,0,0,100,0,0,1,0,0,1,0,1,1,263,403,956,1023
662,540024,28,0,1,0,0,986,0,52.164,0,0,100,0,0,1,0,0,1,0,0,0,410,440,890,820
663,70265,39,1,0,1,1,978,2,99.9,0,0,100,0,1,1,748,1,3,0,1,0,490,380,1519,887
664,340042,28,1,1,1,0,894,3,58.5144,0,0,100,0,0,1,1016,1,3,0,1,0,549,475,875,591
665,120917,32,1,0,1,0,414,3,57.2,0,0,90,0,0,1,0,0,1,1,1,1,490,381,1078,1574
666,250447,31,1,1,1,0,477,0,114.534,0,0,100,0,1,1,685,1,3,0,0,1,160,220,620,970
667,270864,30,1,0,1,0,386,3,55.7928,0,0,100,0,0,1,0,0,1,0,1,1,147,242,698,1089
668,50629,46,0,1,1,0,923,1,123.3792,0,1,100,0,0,1,0,0,1,0,1,1,380,417,677,777
669,220437,29,1,1,1,0,1095,0,61.5,0,0,100,0,1,1,382,1,3,0,0,0,321,342,650,912
670,230845,46,1,0,1,0,1095,2,54.8856,0,0,90,0,0,1,304,1,2,1,1,0,193,292,370,547
671,520022,32,1,1,1,1,962,0,66.6792,0,0,90,0,1,1,267,1,2,0,0,1,214,325,816,1146
672,70477,47,1,1,1,1,483,1,68.9472,0,0,100,0,1,1,853,1,3,1,1,1,216,213,1189,773
673,171040,17,0,1,0,0,942,0,51.2568,0,0,90,0,0,1,0,0,1,0,0,1,549,415,1222,711
674,50586,34,1,0,1,0,1138,3,66.6792,0,0,100,0,0,1,0,0,1,0,1,0,199,395,772,1148
675,211285,46,1,0,1,0,973,2,76.7,0,0,100,0,0,1,0,0,1,0,1,0,454,422,1115,784
676,250516,53,1,0,1,0,948,0,71.442,0,0,100,0,0,1,0,0,1,0,0,0,350,320,460,740
677,230833,37,1,0,1,0,1157,2,82.782,0,0,100,0,0,1,0,0,1,1,1,0,440,554,752,1036
678,320538,39,0,1,0,0,927,3,77.5656,0,1,100,0,1,1,162,1,2,0,1,0,221,336,1055,1348
679,330291,37,0,0,1,0,899,2,66.6792,0,1,100,0,0,1,0,0,1,0,1,0,530,720,450,820
680,150447,31,1,0,1,1,174,0,84.3,0,0,90,0,1,1,1112,1,3,0,0,1,230,108,726,745
681,60902,28,1,0,1,1,395,0,65.1,0,0,100,0,0,1,0,0,1,0,0,0,384,241,1415,858
682,211043,30,1,1,1,0,1182,3,82.3,0,0,90,0,1,1,85,1,2,0,1,0,357,357,821,1032
683,320474,30,0,0,1,0,932,2,77.7924,0,1,100,0,0,1,0,0,1,0,1,1,391,315,640,825
684,60618,48,1,0,1,0,952,1,83.0088,0,1,90,0,0,1,0,0,1,0,1,1,308,376,956,706
685,250012,27,1,0,1,1,987,3,86.6376,0,0,100,0,1,1,937,1,3,0,1,0,300,250,1620,1180
686,140781,39,1,0,1,0,1043,2,73.6,0,0,100,0,1,1,836,1,3,0,1,1,187,293,899,879
687,150437,25,1,0,1,0,477,2,80.4,0,1,90,0,1,1,238,1,2,0,1,1,526,343,1304,1028
688,300937,26,0,0,0,0,507,3,56.2464,0,0,90,0,0,1,0,0,1,0,1,1,442,427,1211,839
689,270074,39,1,0,1,1,462,1,69.6276,0,0,100,0,1,1,917,1,3,1,1,1,262,267,1208,1334
690,580029,51,1,1,1,0,1032,2,68.04,0,0,100,0,1,1,389,1,3,0,1,1,202,274,529,392
691,50625,33,0,0,0,0,1052,3,68.6,0,0,90,0,1,1,906,1,3,0,1,0,260,191,1430,1389
692,920046,54,0,0,1,0,1119,0,93.2148,1,0,100,0,0,1,0,0,1,0,0,0,400,340,333,305
693,11996,45,1,1,1,0,981,3,72.7,0,0,80,0,1,1,76,1,2,1,1,1,251,247,1070,1129
694,150159,42,1,0,1,0,1132,0,78.5,0,0,90,0,1,1,434,1,3,0,0,0,316,425,778,1236
695,11200,37,0,1,0,0,1039,0,67.5,0,1,90,0,0,1,0,0,1,1,0,0,360,400,780,690
696,150214,38,0,0,1,0,1153,0,70.0,1,0,90,0,1,1,1287,1,3,0,0,0,463,294,686,589
697,250295,27,1,0,1,0,1123,3,75.2976,0,0,90,0,1,1,336,1,2,0,1,0,760,630,1480,980
698,620420,29,1,0,1,1,775,1,67.7,0,0,100,0,0,1,0,0,1,0,1,0,489,207,1050,519
699,260759,34,1,0,1,1,510,2,57.5,0,0,90,0,1,1,355,1,2,0,1,0,217,379,1123,1209
700,180091,47,0,0,1,0,1173,1,72.3,0,0,100,0,1,1,447,1,3,0,1,0,210,464,481,1347
701,980009,33,0,1,1,0,1081,0,73.0,1,0,100,0,1,1,868,1,3,1,0,1,190,344,713,1312
702,11154,36,0,1,1,0,1230,3,99.792,0,0,90,0,1,1,477,1,3,0,1,0,510,450,1800,1100
703,90675,44,1,0,1,1,393,0,60.3288,0,0,90,0,1,1,817,1,3,0,0,0,381,227,604,369
704,50566,44,1,0,1,0,1176,0,70.5,0,0,100,0,0,1,0,0,1,0,0,1,247,192,1018,786
705,231011,26,0,1,0,0,1159,3,90.72,0,0,90,0,1,1,741,1,3,1,1,0,419,581,789,769
706,300931,44,0,0,0,0,959,2,91.6272,0,0,100,0,1,1,1609,1,3,0,1,0,339,232,828,440
707,950041,27,0,0,1,0,1144,3,60.6,1,0,100,0,1,1,800,1,3,0,1,0,230,265,755,530
708,120940,40,1,0,1,0,994,1,72.3492,0,0,90,0,0,1,0,0,1,0,1,1,234,360,2076,1314
709,120328,33,1,1,1,1,1065,1,67.5864,0,0,90,0,1,1,868,1,3,0,1,0,394,292,323,512
710,181964,32,1,0,1,0,1165,0,100.6992,0,0,90,0,1,1,213,1,2,1,0,0,375,343,1028,920
711,970472,18,0,0,1,1,150,2,77.0,1,0,100,0,1,1,488,1,3,0,1,1,294,467,910,918
712,220423,32,1,0,1,0,977,1,72.2,0,0,100,0,1,1,113,1,2,0,1,0,225,234,503,629
713,110716,38,1,0,1,0,1123,2,64.8648,0,0,100,0,0,1,0,0,1,0,1,0,400,552,1060,1003
714,10341,38,1,0,1,0,1175,3,76.4316,0,0,100,0,1,1,461,1,3,0,1,0,340,230,660,510
715,71390,31,1,0,1,1,643,3,95.256,0,0,100,0,0,1,0,0,1,1,1,0,319,268,1226,1433
716,271736,34,1,1,0,0,1040,2,62.8236,0,1,100,0,0,1,0,0,1,0,1,0,223,381,839,1000
717,210612,33,1,1,1,0,1160,0,60.7824,0,0,90,1,0,1,497,1,3,1,0,0,348,221,1326,698
718,310225,32,0,1,1,0,1075,1,58.0,0,0,80,0,1,1,199,1,2,0,1,0,265,318,1132,1149
719,60892,33,1,0,1,1,69,0,97.0,0,0,100,0,1,1,358,1,3,0,0,1,350,127,1213,500
720,300923,40,1,0,1,1,428,3,67.1328,0,0,90,0,1,1,424,1,3,0,1,0,423,306,1843,1576
721,260926,23,1,0,1,0,1088,3,87.6,0,0,100,0,1,1,136,1,2,1,1,0,493,655,927,1283
722,71358,31,1,0,1,0,998,2,73.2564,0,0,100,0,1,1,260,1,2,0,1,1,402,382,1707,1147
723,81449,31,1,0,1,0,1057,3,60.5,0,0,90,0,1,1,634,1,3,0,1,1,480,675,720,1200
724,330232,44,0,1,0,0,282,3,55.5,0,1,90,0,1,1,181,1,2,0,1,1,410,510,480,590
725,580013,36,1,0,1,0,397,1,75.7512,0,0,100,0,1,1,691,1,3,0,1,1,349,755,925,1223
726,220036,42,1,0,1,1,875,1,73.0,0,0,100,0,1,1,1224,1,3,1,1,1,340,276,1094,689
727,230290,43,1,0,1,0,1139,2,71.8956,0,1,100,0,1,1,686,1,3,0,1,0,524,442,1373,1225
728,640027,43,0,1,0,0,158,0,59.0,0,1,90,0,0,1,0,0,1,0,0,1,290,420,870,990
729,181969,45,1,0,1,0,872,2,71.6688,0,0,100,0,1,1,875,1,3,0,1,0,397,598,1455,1403
730,71368,37,1,1,1,0,956,3,83.4624,0,0,100,0,1,1,1240,1,3,0,1,1,384,378,858,819
731,980011,41,0,0,1,0,1083,1,55.0,1,0,90,0,1,1,866,1,3,0,1,0,429,521,2508,1463
732,11163,28,1,0,1,0,1138,2,58.6,0,0,100,0,1,1,890,1,3,0,1,0,470,590,1080,1090
733,140739,45,1,0,1,1,284,3,76.0,0,1,90,0,1,1,866,1,3,1,1,1,340,406,1277,1652
734,210220,34,1,1,1,0,1139,3,61.6896,0,0,100,0,1,1,930,1,3,0,1,0,336,285,1344,887
735,71367,30,1,0,1,0,1089,1,82.5552,0,0,100,0,1,1,389,1,3,1,1,0,229,351,2140,2241
736,320353,37,1,0,1,0,1030,3,66.1,0,0,100,0,1,1,854,1,3,0,1,0,280,380,540,700
737,150489,28,1,0,1,0,960,2,75.5,0,0,90,0,0,1,0,0,1,1,1,0,468,618,1206,1177
738,30349,31,1,1,1,0,910,1,70.9,0,0,100,0,0,1,0,0,1,0,1,0,239,208,1265,1043
739,340771,48,1,0,1,1,308,3,73.2564,0,0,100,0,0,1,0,0,1,0,1,0,481,300,525,390
740,181337,32,1,0,1,1,517,2,71.4,0,0,90,0,0,1,154,1,2,0,1,1,216,346,744,1038
741,20386,37,1,1,1,1,977,1,64.8,0,0,100,0,1,1,443,1,3,0,1,0,315,312,1573,1462
742,190345,30,1,1,1,0,1002,2,79.5,0,0,100,0,1,1,1633,1,3,0,1,1,235,233,1529,1495
743,20683,51,0,1,1,0,1088,1,87.2,0,0,90,0,1,1,113,1,2,0,1,0,336,325,1167,1168
744,60613,48,1,0,1,0,1097,0,72.576,0,0,90,0,1,1,175,1,2,0,0,0,613,414,770,622
745,231032,29,1,0,1,0,1084,3,78.0192,0,1,100,0,0,1,0,0,1,1,1,0,372,500,1032,1134
746,190342,40,0,0,0,0,1091,3,72.7,0,1,100,0,1,1,668,1,3,1,1,0,313,479,708,942
747,940541,42,0,0,1,1,910,3,74.844,1,0,90,0,1,1,1983,1,3,0,1,0,224,280,548,746
748,270889,44,0,0,1,0,245,0,89.3592,0,0,100,0,0,1,0,0,1,0,0,1,308,314,484,351
749,330259,41,1,0,1,1,1008,1,73.2564,0,0,90,0,1,1,777,1,3,0,1,1,280,210,920,1070
750,60977,26,1,0,1,0,1032,0,101.8332,0,0,90,0,1,1,692,1,3,0,0,0,301,356,614,570
751,20184,32,1,0,1,0,947,3,74.3904,0,0,100,0,0,1,1160,1,3,0,1,0,548,526,379,403
752,570014,43,1,1,1,0,990,3,83.0088,0,0,100,0,0,1,0,0,1,0,1,0,282,499,1034,1082
753,110714,38,1,0,1,1,822,1,93.4416,0,0,100,0,0,1,0,0,1,0,1,0,564,510,1495,1156
754,940549,35,0,1,1,0,999,0,80.514,1,0,100,0,0,1,0,0,1,0,0,0,490,403,1151,1008
755,170858,36,1,0,1,0,1133,3,63.0504,0,0,90,0,1,1,493,1,3,0,1,0,243,276,680,629
756,110730,30,1,0,1,1,653,0,77.112,0,0,100,0,0,1,0,0,1,0,0,0,453,478,631,669
757,140745,34,1,0,1,1,576,0,79.0,0,0,90,0,1,1,335,1,2,0,0,1,403,361,910,918
758,10896,30,0,0,0,0,477,1,50.8,0,1,100,0,0,1,0,0,1,0,1,1,444,468,872,803
759,540014,28,0,1,0,0,1030,1,50.3496,0,0,100,0,1,1,672,1,3,0,1,0,310,168,997,516
760,950064,24,0,0,1,0,1089,2,83.0,1,0,100,0,1,1,625,1,3,0,1,0,452,559,733,875
761,20705,30,1,0,1,0,1014,0,87.5448,0,0,100,0,0,1,0,0,1,0,0,0,346,470,781,823
762,261070,32,1,0,1,0,1029,2,86.8,0,0,100,0,0,1,0,0,1,0,1,0,420,657,995,1272
763,340531,36,1,0,1,0,1088,2,86.184,0,0,100,1,0,1,575,1,3,0,1,0,337,278,618,482
764,260991,36,0,0,0,0,1145,1,62.2,0,0,90,0,1,1,514,1,3,0,1,0,297,312,501,478
765,110652,25,1,0,1,0,184,0,78.10992,0,1,90,0,1,1,517,1,3,1,0,1,404,350,1039,1130
766,80927,35,1,1,1,0,1130,2,74.3904,0,0,100,0,1,1,924,1,3,0,1,0,480,448,880,784
767,580028,33,1,0,1,0,1033,1,74.844,0,0,100,0,1,1,595,1,3,0,1,1,364,460,655,712
768,580024,29,1,0,1,0,1077,2,78.6996,0,0,100,0,1,1,723,1,3,0,1,0,270,228,1296,1057
769,160111,36,0,1,0,0,1034,0,69.31008,0,0,100,0,1,1,987,1,3,0,0,0,309,630,867,1259
770,10089,45,1,0,1,0,961,3,88.452,0,1,90,0,1,1,707,1,3,0,1,1,326,274,2063,1893
771,11446,37,0,0,0,0,973,1,65.772,0,1,100,0,0,1,0,0,1,0,1,1,477,512,1081,1151
772,20702,40,1,0,1,0,1028,0,89.8128,0,0,100,0,0,1,0,0,1,0,0,0,329,600,778,1488
773,260828,27,1,0,1,0,1091,0,67.7,0,0,100,0,1,1,262,1,2,0,0,0,238,202,998,699
774,940522,28,0,0,1,1,413,0,72.03168,1,0,100,1,0,1,88,1,2,0,0,1,348,279,528,450
775,70529,31,0,1,1,0,1203,3,86.6376,0,0,100,0,1,1,717,1,3,0,1,0,359,357,1026,770
776,140741,36,1,0,1,0,1172,0,88.6,0,0,100,0,0,1,0,0,1,0,0,0,370,435,1076,1263
777,270742,39,1,0,1,0,1050,2,82.5552,0,0,100,0,0,1,0,0,1,0,1,1,342,469,574,1118
778,220468,29,0,1,1,1,749,2,66.6792,0,0,100,0,0,1,0,0,1,0,1,1,286,379,784,752
779,970032,18,0,0,1,0,636,1,80.4,1,0,100,0,1,1,963,1,3,1,1,1,322,538,919,1355
780,50651,38,0,0,1,0,972,1,111.3588,0,1,100,0,0,1,0,0,1,0,1,0,384,384,1182,2068
781,260437,38,1,0,1,0,1046,3,102.5,0,0,100,0,0,1,0,0,1,0,1,1,293,183,930,730
782,320350,34,0,0,1,0,1135,2,74.0,0,0,90,0,0,1,0,0,1,1,1,0,220,310,1540,1880
783,71342,33,1,1,1,0,234,0,69.8544,0,0,100,0,1,1,277,1,2,0,0,1,365,487,1139,1375
784,230292,35,1,0,1,1,559,1,90.9468,0,0,80,0,1,1,630,1,3,1,1,0,259,343,609,884
785,11470,40,0,1,0,0,1112,0,55.3392,0,0,100,0,1,1,486,1,3,0,0,0,338,312,1664,1191
786,330251,33,0,0,0,0,1110,3,70.5348,0,0,80,0,1,1,762,1,3,0,1,0,440,500,1050,1040
787,230091,45,1,0,1,1,392,2,86.184,0,0,90,0,1,1,1594,1,3,1,1,0,174,179,392,472
788,261085,38,0,0,0,0,884,1,66.3,0,0,100,0,0,1,0,0,1,0,1,1,300,748,505,784
789,620037,39,0,1,0,0,306,0,112.5,0,1,100,0,1,1,383,1,3,1,0,1,360,320,550,590
790,60970,21,1,1,1,0,1012,3,63.9576,0,0,90,0,1,1,415,1,3,1,1,0,269,197,545,1164
791,210526,31,1,1,1,0,1109,3,69.4008,0,0,90,0,0,1,30,1,2,0,1,1,400,323,743,620
792,320295,28,1,0,1,0,1059,3,66.3,0,0,100,0,0,1,0,0,1,0,1,1,600,555,675,429
793,11452,36,1,0,1,0,1187,2,78.0192,0,0,100,0,0,1,0,0,1,0,1,0,260,364,851,762
794,181173,35,1,0,1,1,406,1,81.1,0,0,100,1,0,1,551,1,3,0,1,1,174,207,1394,1551
795,150507,39,1,0,1,0,916,1,81.7,0,1,90,0,0,1,0,0,1,0,1,1,445,484,1277,1475
796,540022,27,1,1,1,0,986,0,63.86688,0,0,100,0,0,1,0,0,1,0,0,0,490,510,990,920
797,181968,31,1,0,1,0,1016,0,102.06,0,0,90,1,0,1,307,1,2,0,0,1,262,258,622,638
798,81137,43,1,0,1,0,1112,2,62.1432,0,0,100,0,1,1,1626,1,3,0,1,0,294,352,308,336
799,580025,42,1,0,1,0,1085,2,70.5348,0,0,100,0,1,1,1057,1,3,0,1,0,289,266,1491,838
800,10915,34,1,0,1,0,1145,0,75.7,0,0,100,0,1,1,1379,1,3,0,0,0,416,426,991,1017
801,140802,43,0,0,0,0,982,0,69.4008,0,1,90,0,0,1,0,0,1,0,0,0,457,345,556,559
802,50185,45,1,0,1,1,626,1,74.5,0,0,100,0,1,1,1492,1,3,0,1,1,236,204,1080,1121
803,320286,32,0,1,0,0,1147,0,102.3,0,0,100,0,0,1,0,0,1,0,0,0,374,272,1474,864
804,70455,33,1,0,1,0,1214,1,73.4832,0,0,100,0,1,1,1357,1,3,0,1,0,426,331,935,628
805,20103,29,0,1,1,0,1091,1,97.9,0,0,100,0,1,1,475,1,3,0,1,0,415,305,968,769
806,950062,30,0,0,1,0,959,1,73.0296,1,0,100,0,1,1,264,1,2,0,1,1,718,596,491,398
807,110724,28,1,0,1,0,1048,1,85.2768,0,0,100,0,0,1,0,0,1,0,1,0,385,572,820,831
808,41658,38,1,0,1,0,1104,0,79.38,0,0,90,0,1,1,768,1,3,0,0,0,369,400,612,816
809,330257,45,0,1,1,0,1097,1,68.2668,0,1,90,1,1,1,653,1,3,0,1,0,410,390,980,760
810,630037,29,0,1,1,0,1014,2,67.5864,0,0,100,0,0,1,0,0,1,0,1,0,429,440,759,653
811,230238,42,1,0,1,1,223,0,62.5968,0,0,90,0,1,1,768,1,3,0,0,1,187,98,827,885
812,81108,41,1,0,1,0,1020,3,80.0,0,0,100,0,0,1,335,1,2,1,1,1,506,336,990,816
813,120157,44,1,0,1,0,1096,2,71.2152,0,0,90,0,1,1,952,1,3,0,1,0,360,251,691,600
814,60617,32,1,1,1,1,871,0,86.184,0,0,90,0,1,1,396,1,3,0,0,1,154,159,406,346
815,211272,37,1,0,1,0,1126,0,76.6584,0,0,90,0,0,1,0,0,1,0,0,0,416,467,1420,1454
816,90109,45,0,0,0,0,931,3,53.9784,0,0,90,0,1,1,479,1,3,0,1,0,448,671,686,777
817,50428,34,1,0,1,1,567,3,80.5,0,0,100,0,0,1,325,1,2,0,1,0,234,515,971,1438
818,320318,25,1,0,1,1,889,0,84.18816,0,0,100,0,1,1,1286,1,3,0,0,1,336,252,612,477
819,540015,34,0,1,1,0,485,0,72.576,0,1,100,0,0,1,0,0,1,0,0,1,370,380,1330,1270
820,140751,34,1,0,1,0,1154,2,91.0,0,0,100,0,1,1,70,1,2,0,1,0,396,340,1044,940
821,320323,28,1,0,1,0,1091,2,68.4936,0,0,100,0,1,1,1756,1,3,0,1,0,646,462,731,700
822,120912,41,0,0,1,0,522,3,73.2,0,1,90,0,1,1,371,1,3,0,1,1,304,367,1022,1274
823,610015,25,1,0,1,0,314,0,58.7,0,0,70,0,0,1,0,0,1,0,0,1,155,174,1041,857
824,11954,25,1,0,1,0,904,1,74.844,0,0,90,0,0,1,0,0,1,1,1,1,317,412,1074,928
825,110404,35,1,0,1,1,392,2,73.9,0,0,100,0,1,1,1898,1,3,0,1,0,431,274,1466,1248
826,250303,34,1,0,1,0,693,2,64.8648,0,0,90,0,0,1,0,0,1,0,1,1,410,460,800,700
827,100187,20,0,0,1,0,1121,2,66.6792,1,0,100,0,1,1,921,1,3,0,1,0,601,642,1294,1180
828,11434,41,1,0,1,0,1209,2,79.8336,0,0,100,0,1,1,348,1,2,0,1,0,340,296,903,874
829,170495,29,0,1,1,0,1080,3,88.9056,0,0,90,0,0,1,0,0,1,0,1,0,437,569,2753,4113
830,180156,41,1,0,1,0,1194,0,73.8,0,0,100,0,1,1,191,1,3,0,0,0,461,424,691,623
831,230644,26,1,0,1,0,1157,3,76.6584,0,0,90,0,0,1,0,0,1,0,1,0,369,360,534,559
832,250436,27,1,0,1,0,987,1,78.4728,0,0,100,0,0,1,0,0,1,0,1,1,420,460,1070,1280
833,140773,33,1,0,1,1,105,0,70.5,0,0,100,0,1,1,1119,1,3,0,0,0,181,81,1156,1013
834,90704,32,0,1,0,0,945,3,90.72,0,0,90,0,0,1,0,0,1,0,1,0,362,426,1267,1136
835,320355,42,1,0,1,1,739,3,93.5,0,0,90,0,0,1,0,0,1,0,1,0,250,220,1510,1320
836,270746,26,1,0,1,0,1087,2,73.9368,0,0,100,0,1,1,772,1,3,0,1,0,293,147,1406,1103
837,81104,49,1,0,1,0,1167,3,60.7824,0,0,100,0,1,1,777,1,3,0,1,0,352,336,912,944
838,110765,45,0,1,0,0,976,3,69.0,0,1,100,0,0,1,0,0,1,0,1,0,350,480,620,570
839,110708,32,1,0,1,0,1146,0,64.1844,0,0,90,0,1,1,388,1,3,0,0,0,269,223,1387,1018
840,180698,29,0,0,0,1,585,0,69.4008,0,1,90,0,1,1,893,1,3,1,0,1,236,153,542,419
841,230804,40,1,0,1,0,1012,2,92.5344,0,0,100,0,1,1,1169,1,3,0,1,1,264,314,594,702
842,230411,54,1,0,1,0,1032,0,73.2564,0,0,90,0,0,1,0,0,1,1,0,0,271,281,825,637
843,250414,35,1,0,1,1,321,3,89.6,0,0,100,0,0,1,181,1,2,0,1,0,320,390,690,1140
844,210623,30,1,0,1,1,559,0,89.8128,0,0,100,0,1,1,793,1,3,0,0,0,290,176,1352,934
845,190526,34,0,0,0,0,1119,0,55.3392,0,0,100,0,1,1,1635,1,3,0,0,0,337,336,622,661
846,160208,63,0,0,0,0,1066,3,65.0916,0,0,100,0,1,1,965,1,3,0,1,0,373,394,837,1024
847,620019,27,1,1,1,0,1053,3,96.1,0,0,100,0,0,1,0,0,1,0,1,0,590,840,1330,1300
848,10913,35,0,0,0,0,1020,1,61.4,0,1,100,0,0,1,0,0,1,1,1,1,266,350,462,378
849,640015,47,0,0,0,1,885,3,62.5968,0,0,90,0,1,1,385,1,3,0,1,1,110,80,230,140
850,50603,22,0,0,1,0,1004,1,71.6688,1,0,90,0,1,1,948,1,3,0,1,1,257,275,763,711
851,90671,22,1,1,1,0,1179,3,55.7928,0,0,90,0,0,1,0,0,1,0,1,0,775,865,795,640
852,160376,31,1,0,1,0,1072,1,85.77576,0,0,100,0,1,1,865,1,3,0,1,0,549,513,1526,1686
853,640013,40,0,1,0,0,1014,3,78.9264,0,0,90,0,0,1,0,0,1,0,1,0,330,380,920,1010
854,11085,33,1,0,1,0,853,2,78.6,0,0,90,1,0,1,460,1,3,0,1,0,250,340,850,570
855,110718,32,1,0,1,1,578,2,87.5448,0,0,100,0,1,1,160,1,2,0,1,1,246,240,1250,1218
856,150088,42,1,0,1,1,802,3,95.2,0,0,90,0,1,1,912,1,3,0,1,0,255,275,453,376
857,310228,21,0,1,1,0,1006,0,77.9,1,0,90,0,0,1,0,0,1,0,0,1,373,275,549,663
858,260329,32,1,0,1,0,1089,3,102.5,0,0,100,0,1,1,478,1,3,0,1,0,257,334,621,640
859,181960,32,1,0,1,0,975,0,86.184,0,0,90,0,0,1,304,1,2,0,0,0,379,358,728,944
860,980028,25,0,0,1,0,1146,3,70.5,1,0,90,0,1,1,26,1,2,0,1,0,550,710,5011,6035
861,81109,28,0,1,1,1,476,2,65.5,1,0,100,0,1,1,206,1,2,0,1,0,325,270,770,522
862,580022,28,1,0,1,0,1033,3,70.7616,0,0,100,0,1,1,600,1,3,0,1,1,464,402,1170,728
863,920049,24,0,1,1,0,1087,2,49.896,1,0,100,0,1,1,819,1,3,0,1,0,190,260,950,1010
864,270842,39,1,0,1,0,1131,3,76.6584,0,0,100,0,1,1,811,1,3,0,1,0,519,406,1189,847
865,340298,53,1,0,1,0,999,1,69.8544,0,0,100,0,1,1,1108,1,3,0,1,0,554,573,1039,1827
866,250023,33,1,0,1,0,1133,0,76.2048,0,0,100,0,1,1,626,1,3,0,0,0,350,400,2570,2020
867,190191,42,0,1,0,0,1095,3,69.8544,0,0,100,0,1,1,230,1,2,0,1,0,429,468,1267,920
868,140749,29,1,0,1,0,1158,2,69.1,0,0,90,0,0,1,0,0,1,0,1,0,359,372,612,716
869,60897,47,1,0,1,0,726,2,91.2,0,0,100,0,0,1,0,0,1,1,1,0,316,374,2087,1430
870,50643,41,1,0,1,0,905,0,84.3696,0,0,100,0,0,1,0,0,1,0,0,1,326,270,1364,1054
871,110384,37,0,0,0,1,361,0,65.772,0,1,100,0,1,1,1203,1,3,0,0,1,368,334,896,1162
872,230537,30,1,0,1,0,1102,1,85.2768,0,0,100,0,0,1,108,1,2,1,1,0,338,389,648,706
873,140792,38,0,1,0,0,967,0,77.7,0,1,90,0,1,1,817,1,3,0,0,1,356,341,499,614
874,940544,14,0,0,1,0,1082,3,41.0508,1,0,100,0,0,1,0,0,1,0,1,0,516,734,1081,1403
875,920038,19,0,0,1,0,148,2,77.88312,1,0,90,0,1,1,788,1,3,0,1,1,315,237,1241,533
876,250454,49,1,1,1,0,1089,1,95.7096,0,0,100,0,1,1,183,1,2,0,1,0,480,750,700,910
877,950031,38,0,0,1,0,1092,3,85.4,1,0,100,0,1,1,694,1,3,0,1,0,290,285,570,365
878,182037,33,0,1,0,0,1026,0,66.6792,0,0,100,0,0,1,0,0,1,0,0,0,341,593,1112,889
879,170627,32,1,0,1,0,980,3,82.1016,0,0,100,0,0,1,0,0,1,1,1,0,224,332,1078,1173
880,11179,27,1,0,1,1,217,1,60.3,0,0,90,0,1,1,872,1,3,0,1,1,260,210,1480,1310
881,260757,31,1,0,1,0,1001,0,99.0,0,0,100,0,1,1,364,1,2,0,0,1,364,353,952,1126
882,610013,27,0,0,1,0,1088,2,74.844,0,0,90,0,1,1,90,1,2,0,1,0,441,404,1415,1102
883,230606,38,1,0,1,0,733,1,82.3284,0,0,100,0,1,1,287,1,2,0,1,0,446,545,601,390
884,250426,42,1,0,1,0,987,1,67.8132,0,0,100,0,0,1,65,1,2,0,1,1,320,320,1860,1290
885,90694,32,0,1,0,0,947,2,63.504,0,0,90,0,0,1,0,0,1,0,1,0,385,298,827,507
886,340708,30,1,1,1,0,1063,1,62.5968,0,0,90,0,1,1,566,1,3,1,1,0,163,174,497,485
887,270867,39,1,1,1,1,667,3,80.2872,0,0,100,0,0,1,0,0,1,0,1,1,353,374,3780,3552
888,150431,27,1,0,1,1,770,1,87.0,0,0,90,0,1,1,892,1,3,1,1,0,317,475,903,1226
889,10140,46,1,0,1,0,1181,1,88.9056,0,1,100,0,1,1,1181,1,3,0,1,0,235,339,860,1060
890,230745,39,1,0,1,1,658,2,63.9576,0,0,100,0,0,1,0,0,1,0,1,0,342,396,699,908
891,251023,35,1,0,1,0,1003,0,64.4112,0,0,80,0,1,1,91,1,2,0,0,1,588,437,1115,889
892,240082,34,0,0,0,1,948,1,58.0608,0,0,100,0,0,1,0,0,1,0,1,0,307,519,1102,1402
893,610026,31,0,0,0,0,896,3,72.8,0,0,90,0,0,1,0,0,1,0,1,1,314,615,572,846
894,150225,45,1,0,1,0,1152,1,85.5,0,0,90,0,1,1,1314,1,3,0,1,0,211,163,918,668
895,250462,22,0,1,0,1,818,2,81.1944,0,0,90,0,1,1,394,1,3,0,1,0,490,250,1090,710
896,230278,30,0,0,0,0,980,1,69.8544,0,1,90,0,0,1,167,1,2,1,1,1,184,214,605,642
897,11156,42,1,1,1,0,1089,3,70.4,0,0,90,0,1,1,560,1,3,0,1,0,540,620,1870,1610
898,170491,48,1,0,1,0,1116,2,82.3284,0,0,90,0,1,1,829,1,3,0,1,0,332,419,618,538
899,340731,44,0,1,1,0,1088,1,66.6792,0,0,100,0,1,1,447,1,3,0,1,0,204,281,543,827
900,150446,28,1,0,1,0,1030,2,68.1,0,0,90,0,1,1,185,1,2,1,1,1,269,372,538,791
901,150493,39,1,0,1,1,672,3,65.2,0,0,100,0,1,1,1423,1,3,1,1,1,413,428,522,503
902,90682,27,1,0,1,0,1029,1,77.112,0,0,90,0,0,1,0,0,1,0,1,1,288,212,1167,989
903,10920,30,1,0,1,0,1002,1,63.3,0,0,100,0,0,1,0,0,1,1,1,0,331,360,691,547
904,290062,40,0,0,1,0,1013,1,84.0,1,0,100,0,1,1,1484,1,3,0,1,1,295,375,801,722
905,70311,33,1,0,1,0,1116,0,69.8544,0,0,100,0,1,1,603,1,3,0,0,0,321,352,1179,1140
906,110677,33,1,0,1,0,1182,2,80.0,0,0,100,0,1,1,414,1,3,0,1,0,320,390,1600,1420
907,11983,42,1,0,1,0,1068,1,76.5,0,0,100,0,0,1,0,0,1,0,1,0,453,1119,600,714
908,140744,30,1,0,1,0,1124,1,81.1944,0,1,100,0,0,1,0,0,1,0,1,1,0,566,998,1078
909,71360,39,1,0,1,0,1098,1,75.2976,0,1,100,0,1,1,847,1,3,1,1,0,333,342,589,671
910,110742,35,0,0,0,1,476,3,48.762,0,0,90,0,0,1,0,0,1,0,1,1,258,293,546,720
911,320531,39,0,1,0,0,905,0,113.4,0,1,90,0,0,1,0,0,1,0,0,0,532,290,462,558
912,251051,21,0,1,0,0,896,0,99.792,0,0,100,0,1,1,17,1,2,1,0,1,159,232,565,882
913,120346,32,1,0,1,0,1139,3,69.4008,0,0,90,0,1,1,910,1,3,0,1,0,496,601,1442,1631
914,150484,38,0,1,1,0,287,1,73.3,0,0,90,0,1,1,531,1,3,0,1,1,273,285,2096,1544
915,210970,31,1,0,1,1,895,0,86.6376,0,0,90,0,1,1,333,1,2,0,0,0,343,300,1244,1220
916,320357,28,1,1,1,0,880,1,159.93936,0,0,90,0,0,1,0,0,1,0,1,1,702,275,3348,1775
917,71366,43,1,0,1,0,1090,0,89.3592,0,0,100,0,1,1,1118,1,3,0,0,0,319,426,990,1831
918,160378,46,1,0,1,0,1012,0,79.1532,0,0,90,0,1,1,949,1,3,0,0,0,413,387,2663,2640
919,251050,36,1,1,1,0,980,3,72.1224,0,0,90,0,1,1,175,1,2,0,1,0,446,162,1338,1444
920,211299,36,0,0,0,1,961,3,65.772,0,0,100,0,1,1,155,1,2,0,1,0,378,341,697,382
921,140260,39,1,0,1,1,140,1,81.8,0,0,90,0,1,1,445,1,3,1,1,1,623,83,606,919
922,190533,45,0,1,0,0,1008,2,58.5144,0,0,100,0,1,1,1651,1,3,0,1,0,357,332,611,550
923,230087,34,1,0,1,0,1077,1,57.6072,0,0,80,0,1,1,1292,1,3,1,1,1,200,407,380,814
924,10966,28,1,0,1,0,948,3,66.6792,0,0,100,0,0,1,0,0,1,0,1,0,499,605,447,682
925,270747,47,1,0,1,0,1088,1,85.2768,0,0,100,0,1,1,840,1,3,1,1,0,355,360,880,841
926,71361,35,1,1,1,1,224,0,93.4416,0,0,100,0,1,1,1200,1,3,0,0,1,290,262,1716,1351
927,110709,27,1,0,1,0,1194,1,65.3184,0,0,100,0,0,1,0,0,1,0,1,0,336,487,1470,1257
928,10124,43,1,0,1,0,1090,0,66.6792,0,0,100,0,1,1,1352,1,3,0,0,0,504,353,870,782
929,181342,38,1,0,1,0,1103,3,82.2,0,0,100,0,0,1,0,0,1,0,1,0,316,335,1402,1094
930,150428,39,1,0,1,0,1094,2,64.5,0,1,80,0,1,1,101,1,2,0,1,1,296,310,1647,2012
931,150811,30,1,1,1,1,147,3,79.5,0,0,100,0,0,1,0,0,1,1,1,1,348,165,1060,632
932,50574,43,1,0,1,0,1121,3,72.576,0,1,100,0,0,1,0,0,1,0,1,1,488,744,1033,1550
933,110154,30,1,1,1,0,1139,1,66.8,0,0,90,0,1,1,1902,1,3,0,1,0,400,590,40,630
934,140756,48,1,0,1,0,1139,1,64.0,0,0,90,0,0,1,0,0,1,0,1,0,439,586,497,700
935,110746,46,1,0,1,1,726,0,77.112,0,0,90,0,1,1,735,1,3,1,0,0,240,189,1071,1418
936,310713,33,0,0,1,0,1098,1,75.2976,1,0,100,0,1,1,965,1,3,0,1,0,548,332,1672,1683
937,20696,39,1,1,1,0,1047,0,71.442,0,0,100,0,0,1,0,0,1,0,0,0,220,182,1672,1558
938,70788,43,1,0,1,0,1097,1,72.576,0,0,100,0,1,1,902,1,3,1,1,0,323,428,646,570
939,11180,31,0,1,1,0,1137,0,72.5,0,1,90,0,1,1,54,1,2,0,0,0,420,400,400,420
940,610042,31,1,0,1,1,844,0,71.8,0,0,90,0,0,1,0,0,1,0,0,0,461,485,1318,1617
941,270870,40,0,1,0,0,1062,2,76.0,0,1,100,0,1,1,139,1,2,0,1,0,502,349,1568,1599
942,170685,39,0,1,0,0,832,3,45.8136,0,1,90,0,1,1,723,1,3,0,1,1,207,356,1261,1236
943,181317,39,1,0,1,0,1120,1,110.7,0,0,100,0,1,1,109,1,2,0,1,1,230,285,1518,1685
944,170949,30,1,0,1,0,1119,0,78.0,0,0,90,0,0,1,0,0,1,0,0,0,422,510,1040,858
945,60891,29,1,1,1,1,305,1,89.7,0,0,100,0,1,1,1114,1,3,1,1,1,187,239,774,1752
946,211253,30,1,0,1,0,1173,1,81.8748,0,0,100,0,0,1,0,0,1,0,1,0,476,496,1315,1250
947,240385,33,1,0,1,0,1104,2,69.4008,0,0,90,0,1,1,233,1,2,0,1,0,494,441,1690,1129
948,940539,33,0,1,1,0,109,3,115.53192,1,0,100,0,0,1,0,0,1,0,1,1,424,424,2404,1013
949,270869,40,0,1,0,0,1063,2,75.978,0,0,100,0,1,1,291,1,2,0,1,0,335,339,1164,1214
950,70463,27,1,0,1,0,1038,1,75.9,0,0,100,0,1,1,676,1,3,0,1,1,442,540,1088,1008
951,182060,38,1,1,1,0,638,3,76.2048,0,0,100,0,0,1,0,0,1,0,1,1,199,295,707,900
952,211370,28,1,1,1,0,1004,1,65.772,0,0,90,0,0,1,0,0,1,0,1,0,467,423,1786,1230
953,220432,30,1,1,1,0,1112,3,129.0,0,0,100,0,0,1,0,0,1,0,1,0,299,332,1228,1250
954,11980,34,1,1,1,0,1140,3,103.2,0,0,100,0,1,1,537,1,3,0,1,0,345,414,1010,795
955,250304,32,1,1,1,0,1117,1,79.38,0,0,100,0,0,1,0,0,1,0,1,0,390,640,870,1140
956,230568,26,1,0,1,1,310,0,68.9472,0,0,90,1,0,1,561,1,3,0,0,0,297,161,1188,756
957,950071,21,0,1,1,1,414,0,75.4,1,0,100,0,1,1,192,1,2,0,0,0,190,148,1045,1252
958,11185,37,1,0,1,0,1138,2,69.0,0,1,90,0,1,1,619,1,3,0,1,0,360,450,710,840
959,250473,34,1,0,1,1,897,2,105.0084,0,0,90,0,0,1,0,0,1,0,1,0,230,330,1470,1160
960,71351,29,1,0,1,0,1009,2,78.4728,0,1,100,0,1,1,267,1,2,0,1,1,340,564,1067,1648
961,11962,31,1,0,1,0,994,3,79.2,0,0,100,0,0,1,0,0,1,1,1,0,504,721,857,1014
962,270142,35,1,0,1,0,1126,3,78.4728,0,0,100,0,1,1,967,1,3,0,1,0,365,265,1964,1546
963,81144,32,1,0,1,0,218,1,87.5448,0,0,90,0,0,1,0,0,1,0,1,1,345,342,1518,1116
964,81134,35,1,0,1,1,643,0,97.524,0,0,90,0,1,1,889,1,3,0,0,0,414,380,1495,1280
965,120900,46,1,1,1,0,1147,2,72.0,0,0,90,0,0,1,0,0,1,0,1,0,380,579,1929,882
966,900030,27,0,0,1,0,372,2,70.2,1,0,90,0,0,1,0,0,1,0,1,1,302,362,626,710
967,270934,57,1,0,1,1,146,0,81.1944,0,0,100,0,1,1,1345,1,3,1,0,0,226,118,2008,1553
968,60926,36,1,1,1,0,878,1,78.0192,0,0,90,0,0,1,0,0,1,1,1,0,389,332,703,590
969,81462,30,1,1,1,1,875,2,59.9,0,0,90,0,0,1,0,0,1,1,1,0,363,532,2442,2016
970,250290,27,0,1,0,0,896,2,67.1328,0,0,100,0,1,1,950,1,3,0,1,1,210,370,730,790
971,630019,38,1,0,1,1,301,2,84.91392,0,1,100,0,0,1,0,0,1,0,1,0,450,343,954,730
972,630020,31,1,1,1,0,1061,3,77.5656,0,0,100,0,0,1,0,0,1,0,1,0,432,432,846,882
973,120910,26,1,1,1,0,435,0,79.0,0,0,90,0,0,1,0,0,1,0,0,1,176,301,880,1227
974,320293,39,0,1,0,0,1021,3,94.3,0,0,100,0,0,1,0,0,1,0,1,1,414,464,900,624
975,970033,47,0,0,1,0,487,3,84.0,1,0,90,0,1,1,205,1,2,0,1,1,128,488,370,1343
976,11143,25,1,0,1,0,771,2,71.3,0,0,100,0,0,1,0,0,1,0,1,1,310,400,610,630
977,60979,29,0,1,0,0,1058,2,73.4832,0,0,90,0,1,1,99,1,2,0,1,0,390,373,715,616
978,20437,39,1,0,1,0,983,3,71.4,0,0,100,0,0,1,0,0,1,0,1,0,452,589,707,873
979,630038,47,0,0,0,0,868,0,53.9784,0,0,100,0,0,1,0,0,1,0,0,0,534,403,675,446
980,620009,47,1,0,1,1,613,3,69.5,0,0,90,0,1,1,492,1,3,0,1,1,350,271,1440,942
981,270022,41,1,0,1,0,935,3,75.7512,0,0,100,0,1,1,1599,1,3,0,1,0,343,565,577,941
982,300233,40,0,0,1,0,1104,1,110.4516,0,0,90,1,1,1,179,1,2,0,1,0,548,548,1117,945
983,610018,40,1,0,1,0,974,0,70.4,0,0,90,0,0,1,0,0,1,0,0,1,238,248,666,690
984,330178,41,0,1,0,0,1122,3,86.184,0,0,100,0,1,1,371,1,3,0,1,0,310,400,1230,1150
985,11672,28,0,0,0,0,959,1,71.1,0,1,100,0,1,1,387,1,3,0,1,1,220,490,330,570
986,320319,37,1,0,1,1,876,1,81.10368,0,0,90,0,1,1,898,1,3,0,1,0,375,275,690,539
987,190394,34,0,1,0,1,211,0,61.2,0,0,100,0,1,1,329,1,2,0,0,1,212,135,899,785
988,150172,48,1,0,1,0,1167,3,70.5,0,0,100,0,1,1,1474,1,3,0,1,0,232,311,603,668
989,910039,35,0,0,1,0,1143,1,85.7304,1,0,100,0,1,1,136,1,2,0,1,0,282,396,600,669
990,250143,38,1,0,1,0,1130,1,66.8,0,0,90,0,1,1,959,1,3,0,1,0,580,750,1480,1370
991,90369,32,1,0,1,0,1161,3,78.9264,0,0,90,0,1,1,917,1,3,0,1,0,359,390,1048,812
992,40317,46,0,1,0,0,941,3,77.112,0,0,100,0,0,1,760,1,3,0,1,1,324,401,356,380
993,160142,31,1,0,1,1,749,0,78.9264,0,0,90,0,1,1,1469,1,3,0,0,0,526,436,1373,839
994,250301,52,1,0,1,0,1118,1,65.3184,0,0,100,0,1,1,646,1,3,0,1,0,410,580,1400,1600
995,270849,37,0,0,1,0,1112,3,82.1016,0,0,100,0,0,1,0,0,1,0,1,0,316,329,1124,931
996,140754,43,1,0,1,0,1151,1,75.9,0,1,100,0,1,1,142,1,2,0,1,0,519,610,2412,2262
997,11652,42,1,0,1,1,882,1,57.6072,0,0,100,0,1,1,39,1,2,0,1,1,290,250,1270,1050
998,220418,43,1,0,1,1,50,2,64.4112,0,0,70,0,1,1,29,1,2,1,1,1,164,52,944,927
999,240715,33,1,1,1,0,1100,3,71.6688,0,0,90,0,1,1,293,1,2,0,1,0,507,414,1336,990
1000,310061,24,0,0,1,0,991,3,64.04832,1,0,90,0,0,1,406,1,3,0,1,1,296,172,444,664
1001,580026,30,1,0,1,1,158,3,67.1328,0,0,100,0,1,1,327,1,2,0,1,1,269,123,1613,651
1002,270129,40,1,0,1,1,649,0,82.5552,0,0,100,0,1,1,926,1,3,1,0,0,600,208,1745,1698
1003,241370,49,1,0,1,1,737,1,67.1328,0,0,80,0,0,1,0,0,1,1,1,0,390,336,1656,959
1004,10905,29,1,0,1,1,779,2,62.6,0,0,100,0,1,1,635,1,3,1,1,0,186,144,1962,818
1005,580044,26,1,0,1,0,986,2,70.0812,0,0,100,0,0,1,0,0,1,0,1,0,340,513,875,984
1006,60307,39,1,0,1,1,728,1,75.6,0,0,100,0,1,1,616,1,3,1,1,0,161,277,927,1313
1007,940533,12,0,1,1,0,1101,3,41.4,1,0,100,0,0,1,0,0,1,0,1,0,301,390,314,457
1008,12006,50,1,0,1,0,1016,3,72.576,0,0,90,0,0,1,0,0,1,1,1,1,356,504,1045,1148
1009,81138,42,0,1,0,1,944,0,48.0816,0,0,90,0,1,1,493,1,3,0,0,0,480,352,705,583
1010,230120,32,1,0,1,0,1087,3,74.844,0,0,100,0,1,1,1475,1,3,0,1,0,362,640,742,1229
1011,41171,39,1,0,1,1,736,0,80.2872,0,0,90,0,1,1,626,1,3,1,0,0,236,201,735,545
1012,190399,45,0,1,0,0,1133,0,69.5,0,0,100,0,1,1,329,1,2,0,0,0,312,333,1168,1103
1013,11142,39,1,0,1,0,812,3,72.7,0,0,90,0,0,1,61,1,2,0,1,1,420,390,1320,1310
1014,71373,36,0,0,1,0,1052,1,73.0296,0,0,100,0,0,1,0,0,1,1,1,0,277,597,1175,1174
1015,70787,38,1,0,1,0,1095,0,68.9472,0,0,100,0,1,1,993,1,3,1,0,0,435,507,1306,1290
1016,150473,29,1,0,1,0,1105,1,75.7,0,0,90,0,0,1,0,0,1,0,1,0,524,803,1254,1636
1017,11995,34,1,0,1,0,1119,3,105.6888,0,0,90,0,0,1,0,0,1,1,1,0,427,606,577,659
1018,60960,30,0,0,1,0,1195,0,73.6,0,0,100,0,0,1,0,0,1,0,0,0,412,506,807,664
1019,10893,34,1,0,1,1,434,3,69.6,0,0,80,0,1,1,281,1,2,0,1,0,257,339,1063,546
1020,50634,23,0,0,0,0,905,0,87.0,0,0,100,0,0,1,0,0,1,0,0,1,257,175,960,602
1021,250493,28,1,0,1,0,919,2,73.9368,0,0,100,0,0,1,0,0,1,0,1,1,550,750,370,840
1022,231100,24,0,1,0,0,997,1,70.7616,0,0,100,0,0,1,0,0,1,0,1,0,622,585,1010,1073
1023,50423,39,1,0,1,1,910,2,83.0,0,0,90,0,1,1,563,1,3,0,1,0,349,295,1316,967
1024,620046,42,1,0,1,0,1010,1,49.5,0,0,100,0,0,1,0,0,1,0,1,0,260,550,1340,1280
1025,330274,27,0,1,0,0,143,0,64.77408,0,0,100,0,0,1,0,0,1,0,0,1,510,620,880,1180
1026,10478,44,0,0,1,0,1182,3,75.0,0,0,100,0,1,1,729,1,3,0,1,0,400,380,990,910
1027,230109,34,1,0,1,0,1157,0,64.4112,0,0,70,0,1,1,930,1,3,0,0,0,351,371,1109,965
1028,980029,26,0,0,0,1,811,2,55.0,0,0,100,0,1,1,378,1,3,1,1,0,233,245,1209,1126
1029,250404,45,1,0,1,0,981,1,109.3176,0,0,90,0,1,1,585,1,3,1,1,0,380,500,1610,1510
1030,250071,40,1,0,1,0,386,3,75.7512,0,0,100,0,1,1,923,1,3,0,1,1,390,250,400,350
1031,11497,24,1,0,1,0,551,3,58.5144,0,0,100,0,0,1,0,0,1,1,1,1,342,435,525,390
1032,950080,35,0,0,1,0,1018,2,73.2,1,0,90,0,1,1,916,1,3,0,1,0,519,307,1016,722
1033,71349,26,1,0,1,1,295,1,78.0192,0,1,100,0,1,1,807,1,3,1,1,1,246,502,512,1340
1034,120921,26,1,1,1,0,232,0,61.8,0,0,90,0,1,1,140,1,2,1,0,1,173,256,734,1453
1035,71371,60,1,0,1,0,1073,0,72.576,0,0,100,0,0,1,0,0,1,0,0,0,300,360,441,513
1036,210208,40,1,0,1,0,1090,2,74.3904,0,0,100,0,1,1,782,1,3,0,1,0,400,470,1178,960
1037,231022,34,1,0,1,1,223,3,91.1736,0,0,90,0,1,1,46,1,2,0,1,1,232,200,1391,1872
1038,60296,34,1,0,1,0,944,3,78.3,0,0,100,0,1,1,931,1,3,0,1,1,254,541,624,830
1039,340131,41,1,0,1,0,602,1,70.308,0,0,100,0,0,1,621,1,3,0,1,1,385,587,654,991
1040,210348,35,1,1,1,0,1154,3,75.978,0,0,100,0,1,1,869,1,3,0,1,1,516,411,1243,1211
1041,270865,32,1,0,1,0,1015,0,72.576,0,0,100,0,0,1,0,0,1,1,0,0,225,186,1161,1210
1042,81136,39,1,0,1,0,1116,1,74.844,0,0,90,0,1,1,586,1,3,0,1,0,306,378,1224,840
1043,50665,40,0,0,0,1,760,3,74.52648,0,0,90,0,1,1,133,1,2,0,1,0,395,262,482,537
1044,910059,25,0,0,1,0,1012,3,62.37,1,0,100,0,0,1,0,0,1,0,1,0,454,467,1483,985
1045,90696,33,1,0,1,0,1010,2,70.5348,0,0,90,0,0,1,0,0,1,0,1,0,308,352,376,396
1046,250477,32,0,1,0,0,952,3,67.1328,0,0,100,0,0,1,0,0,1,0,1,1,310,310,640,530
1047,110736,34,1,1,1,1,904,3,74.6172,0,0,100,0,1,1,167,1,2,1,1,0,385,186,843,716
1048,330249,42,0,1,1,1,388,3,76.2048,0,1,100,0,1,1,275,1,2,1,1,1,330,270,1650,1430
1049,250205,56,0,1,0,0,226,2,46.8,0,0,80,0,1,1,137,1,2,0,1,1,290,320,860,660
1050,50610,31,1,0,1,0,1094,0,73.0296,0,0,100,0,1,1,181,1,2,1,0,0,269,513,1308,2056
1051,180696,36,0,1,0,0,927,3,66.2256,0,0,100,0,1,1,307,1,2,1,1,0,393,347,655,620
1052,570010,21,0,0,0,0,1019,2,58.968,0,0,100,0,1,1,349,1,2,0,1,0,344,365,603,730
1053,960031,14,0,0,1,0,1004,0,48.3084,1,0,100,0,0,1,0,0,1,0,0,0,481,428,1129,1240
1054,320472,32,0,1,1,0,905,0,81.5,0,0,90,0,0,1,0,0,1,0,0,1,320,310,870,762
1055,50587,29,0,0,0,0,1071,0,49.80528,0,0,100,0,1,1,144,1,2,0,0,1,374,380,649,786
1056,140811,37,1,0,1,0,990,1,90.9,0,0,90,0,0,1,0,0,1,0,1,0,639,617,979,573
1057,320349,40,1,0,1,0,1127,2,71.6,0,0,100,0,1,1,238,1,2,0,1,0,330,290,350,380
1058,320420,32,0,1,0,0,1035,0,76.8852,0,0,100,0,0,1,0,0,1,0,0,1,336,361,1632,1235
1059,140232,50,1,0,1,0,1132,0,68.2,0,0,90,0,1,1,959,1,3,0,0,0,740,713,1428,1145
1060,530009,42,1,1,1,0,913,1,68.04,0,0,100,0,0,1,0,0,1,0,1,0,426,559,1520,1083
1061,270738,39,1,0,1,0,1181,1,75.2976,0,0,100,0,0,1,0,0,1,1,1,0,434,512,997,1358
1062,81101,29,1,1,1,1,654,2,68.0,0,0,100,0,1,1,779,1,3,0,1,0,289,380,1054,1102
1063,270949,43,0,0,1,0,1132,2,86.184,0,0,100,0,1,1,953,1,3,0,1,0,390,505,1333,1273
1064,90281,34,0,1,0,0,949,3,57.1536,0,0,90,0,1,1,821,1,3,0,1,0,371,467,877,1027
1065,310182,33,0,0,1,0,994,1,72.8028,1,0,90,0,1,1,176,1,2,0,1,1,446,532,368,336
1066,50645,27,1,1,1,0,977,2,81.648,0,0,100,0,0,1,0,0,1,0,1,0,349,345,604,415
1067,330236,42,0,1,0,1,236,0,62.5,0,0,100,0,1,1,539,1,3,1,0,1,400,250,940,560
1068,300501,37,0,0,1,0,980,2,81.1944,0,1,100,0,0,1,0,0,1,0,1,1,441,368,923,604
1069,20693,33,1,0,1,0,735,2,79.1532,0,0,100,0,0,1,0,0,1,0,1,1,587,612,1264,1201
1070,170972,38,0,0,0,0,795,0,130.6368,0,0,90,0,0,1,0,0,1,0,0,1,385,394,949,659
1071,11987,65,1,0,1,1,483,0,77.2,0,0,90,0,0,1,0,0,1,0,0,0,323,412,1351,1338
1072,71343,32,0,0,0,0,620,0,60.5556,0,0,100,0,0,1,31,1,2,0,0,1,358,277,594,416
1073,81143,38,1,0,1,0,949,0,69.8544,0,0,90,0,1,1,189,1,2,0,0,1,304,286,1140,1496
1074,140761,30,1,0,1,1,379,0,71.8956,0,0,90,0,0,1,0,0,1,0,0,1,336,322,959,873
1075,230456,23,1,0,1,1,476,3,53.9784,0,0,80,0,1,1,816,1,3,0,1,0,208,171,847,539
1076,980027,21,0,0,1,1,154,0,52.3,1,0,90,0,1,1,24,1,2,0,0,0,415,181,949,666
1077,150477,36,1,0,1,0,992,0,69.3,0,1,80,0,1,1,368,1,3,0,0,1,267,272,839,842
1078,330074,36,1,1,1,0,1083,0,93.8952,0,0,100,1,1,1,862,1,3,0,0,0,270,260,1040,1020
1079,20675,31,1,0,1,1,863,3,76.0,0,0,90,0,1,1,348,1,2,0,1,0,286,464,958,1246
1080,150474,34,0,1,1,0,1042,1,74.9,0,0,100,0,0,1,0,0,1,0,1,0,249,310,635,672
1081,310211,36,1,0,1,0,1035,0,93.1,0,0,100,0,1,1,551,1,3,0,0,1,541,466,1434,1568
1082,11459,27,0,1,0,0,1164,2,75.7512,0,0,100,0,1,1,68,1,2,0,1,0,455,501,721,726
1083,230832,29,1,0,1,0,1124,1,65.3184,0,0,100,0,0,1,0,0,1,0,1,0,532,686,684,704
1084,320406,32,1,1,1,0,1087,2,69.3,0,0,100,0,0,1,0,0,1,0,1,0,390,350,540,450
1085,210233,38,1,0,1,1,826,3,89.3592,0,0,90,0,1,1,792,1,3,1,1,1,349,312,562,520
1086,80413,37,1,0,1,1,182,0,66.6,0,0,90,0,1,1,1137,1,3,1,0,1,228,143,1254,737
1087,60968,30,1,0,1,0,948,3,108.864,0,0,90,0,1,1,12,1,2,0,1,0,371,287,623,574
1088,11127,35,1,0,1,0,1223,1,64.0,0,1,90,0,1,1,28,1,2,1,1,0,410,510,990,1060
1089,71277,35,1,0,1,0,148,3,83.0088,0,0,100,0,1,1,134,1,2,1,1,1,395,243,1579,1138
1090,220416,41,1,0,1,0,727,3,72.0,0,0,90,0,0,1,0,0,1,0,1,0,213,441,906,1232
1091,20151,54,0,0,1,0,1059,3,80.7408,0,0,90,0,0,1,588,1,3,0,1,0,368,338,410,455
1092,270826,34,1,1,1,0,466,1,63.504,0,0,100,0,1,1,918,1,3,0,1,1,294,282,1292,1646
1093,10721,33,1,0,1,1,227,0,64.1,0,0,100,0,1,1,1306,1,3,0,0,0,486,287,2400,2265
1094,270740,39,0,1,0,0,966,3,63.504,0,1,100,0,1,1,54,1,2,0,1,0,202,299,327,431
1095,90678,23,1,0,1,0,1066,3,84.1428,0,0,100,0,0,1,243,1,2,0,1,0,376,684,667,1125
1096,610009,45,1,0,1,1,562,3,81.33048,0,1,90,0,1,1,629,1,3,0,1,1,205,193,1435,1256
1097,170971,26,0,0,1,1,329,3,77.112,0,1,80,0,0,1,0,0,1,0,1,1,172,149,2267,1621
1098,210943,27,0,0,1,0,646,3,65.3184,0,0,90,0,1,1,460,1,2,0,1,1,284,252,537,780
1099,80272,38,0,0,1,0,147,0,83.4624,0,0,90,0,1,1,763,1,3,0,0,1,248,95,765,846
1100,10386,46,1,0,1,0,1069,2,63.8,0,0,100,0,1,1,881,1,3,0,1,1,330,320,820,630
1101,250471,32,1,0,1,0,1087,0,115.9,0,0,100,0,1,1,456,1,3,0,0,0,280,240,960,470
1102,230073,43,1,0,1,0,1088,3,61.236,0,0,90,0,1,1,1420,1,3,0,1,0,286,325,602,568
1103,330261,29,0,1,1,0,1013,2,94.8024,0,0,90,0,0,1,0,0,1,0,1,0,280,350,980,810
1104,110725,41,1,0,1,0,1056,3,77.112,0,0,100,0,0,1,0,0,1,0,1,0,428,570,602,590
1105,580011,35,1,1,1,0,1081,0,76.4316,0,0,100,0,1,1,1495,1,3,0,0,0,538,315,706,655
1106,80392,36,1,0,1,1,920,0,75.0,0,0,90,0,1,1,446,1,3,0,0,0,230,204,620,792
1107,71344,32,1,0,1,0,1143,2,82.5552,0,0,100,0,0,1,0,0,1,1,1,0,435,341,519,358
1108,150420,58,1,0,1,0,1167,2,91.0,0,0,90,0,0,1,0,0,1,0,1,0,368,426,735,622
1109,150485,32,1,0,1,0,974,3,85.8,0,0,80,0,1,1,1116,1,3,0,1,1,270,297,740,709
1110,181996,40,1,0,1,0,1110,1,79.38,0,1,90,0,1,1,31,1,2,0,1,0,386,476,2012,2232
1111,140768,27,1,0,1,1,984,0,78.2,0,0,90,0,0,1,0,0,1,1,0,0,449,493,1768,1942
1112,580016,43,1,0,1,0,1082,1,94.8024,0,0,100,0,1,1,396,1,3,0,1,0,446,410,1868,1404
1113,10914,49,1,0,1,0,1139,1,87.2,0,0,100,0,1,1,853,1,3,0,1,0,454,284,1093,568
1114,320386,29,1,0,1,0,1046,2,65.5,0,0,90,0,1,1,90,1,2,0,1,1,530,470,1100,710
1115,170651,29,0,1,0,0,1087,0,57.1536,0,1,100,0,1,1,68,1,2,0,0,0,448,681,721,770
1116,310236,38,1,0,1,0,1015,0,79.4,0,0,100,0,0,1,0,0,1,0,0,0,332,375,1289,860
1117,70411,32,1,0,1,0,1090,2,60.7824,0,0,100,0,1,1,20,1,3,0,1,0,474,464,2104,1160
1118,11492,41,1,0,1,0,1049,3,92.988,0,0,100,0,0,1,0,0,1,0,1,0,444,483,658,693
1119,11167,27,0,1,1,0,1185,0,80.0,0,0,100,0,1,1,1477,1,3,0,0,0,490,380,2040,1590
1120,190395,33,0,0,1,0,964,0,68.0,0,1,100,0,1,1,842,1,3,0,0,1,304,264,632,549
1121,310767,14,0,0,1,0,1096,1,65.0,1,0,100,0,1,1,490,1,3,0,1,0,374,451,707,676
1122,11970,27,1,0,1,0,1073,3,91.6,0,0,100,0,0,1,153,1,2,0,1,1,229,288,866,996
1123,60894,28,1,0,1,0,1005,0,76.7,0,0,100,0,0,1,0,0,1,1,0,1,384,436,1306,1491
1124,11661,37,1,0,1,0,980,1,64.4112,0,0,100,0,1,1,394,1,3,0,1,0,310,280,840,530
1125,191614,33,0,1,0,0,1103,3,79.8336,0,0,100,0,1,1,436,1,3,0,1,0,209,239,823,567
1126,10716,28,1,0,1,0,1192,0,70.0,0,0,100,0,1,1,886,1,3,0,0,0,357,314,1994,1000
1127,640023,23,0,1,0,0,891,2,93.8952,0,0,90,0,0,1,0,0,1,0,1,1,400,510,730,860
1128,240412,35,1,0,1,0,993,3,76.4316,0,0,90,0,0,1,0,0,1,1,1,0,562,470,899,773
1129,540019,38,0,1,0,0,318,2,59.8752,0,1,100,0,0,1,0,0,1,0,1,1,610,500,1350,1250
1130,71386,34,1,0,1,0,908,0,82.782,0,0,100,0,0,1,0,0,1,0,0,1,337,328,1348,889
1131,140164,43,1,0,1,0,1098,3,81.8,0,0,100,0,1,1,1424,1,3,0,1,0,425,378,1029,826
1132,190193,37,0,1,0,0,1091,0,69.8544,0,0,100,0,1,1,650,1,3,0,0,0,279,306,354,444
1133,250482,25,1,1,1,0,1041,1,75.2976,0,0,100,0,0,1,0,0,1,0,1,0,400,480,870,500
1134,50579,28,1,0,1,0,1165,3,72.5,0,0,100,0,0,1,0,0,1,0,1,0,381,458,1028,1073
1135,150438,37,1,0,1,0,1152,0,83.9,0,0,90,0,0,1,20,1,2,0,0,0,534,450,763,738
1136,630029,43,1,0,1,0,1041,3,62.5,0,0,100,0,0,1,0,0,1,0,1,0,252,357,252,238
1137,270744,33,1,0,1,0,1088,0,84.3696,0,0,100,0,1,1,888,1,3,0,0,0,235,220,1313,1439
1138,170635,41,1,1,1,1,286,0,62.1432,0,0,90,0,1,1,103,1,2,0,0,1,299,323,494,849
1139,310239,37,1,0,1,0,993,3,71.8,0,0,90,0,0,1,0,0,1,0,1,0,338,508,675,457
1140,320447,29,1,0,1,0,981,0,73.9,0,0,90,0,0,1,0,0,1,0,0,1,520,590,1070,880
1141,210800,32,1,0,1,0,1224,1,70.7616,0,0,90,0,0,1,0,0,1,0,1,0,370,635,959,1293
1142,71375,27,1,1,1,0,656,0,74.3904,0,0,100,0,0,1,0,0,1,1,0,1,437,475,903,739
1143,320400,30,1,0,1,0,1049,3,69.1,0,0,90,0,1,1,152,1,2,0,1,0,200,250,1736,1590
1144,530032,36,0,1,1,0,537,0,82.1016,0,1,100,0,0,1,0,0,1,0,0,1,378,204,572,231
1145,261053,26,1,1,1,0,723,1,63.7,0,1,100,0,0,1,0,0,1,0,1,1,347,286,1510,1107
1146,140767,49,1,0,1,0,1124,3,63.6,0,1,90,0,1,1,397,1,3,1,1,0,321,356,574,789
1147,250231,35,1,0,1,0,499,0,61.4628,0,0,80,0,1,1,348,1,2,0,0,1,420,530,880,710
1148,960029,32,1,0,1,0,868,2,61.9164,0,0,100,0,0,1,0,0,1,0,1,0,646,613,463,546
1149,210407,26,1,0,1,0,1036,1,67.5864,0,0,100,0,1,1,792,1,3,0,1,1,257,378,368,605
1150,270759,25,1,0,1,0,897,3,67.5864,0,0,100,0,0,1,0,0,1,0,1,1,456,413,1766,843
1151,210559,41,1,0,1,1,381,3,69.4008,0,0,100,0,0,1,168,1,2,1,1,1,258,265,1548,1457
1152,580030,44,1,0,1,0,1032,0,77.5656,0,0,100,0,1,1,448,1,3,0,0,0,240,359,765,872
1153,140776,39,1,0,1,1,972,2,94.5,0,1,90,0,1,1,114,1,2,1,1,1,149,311,564,1037
1154,81447,35,1,0,1,0,1153,2,66.2256,0,0,90,1,1,1,437,1,3,1,1,0,180,234,744,676
1155,910045,20,0,0,1,1,427,0,77.112,1,0,100,0,0,1,0,0,1,0,0,0,248,334,413,484
1156,110405,36,0,0,0,0,1042,3,62.5968,0,1,100,0,1,1,853,1,3,0,1,1,197,376,998,1223
1157,310739,38,0,0,1,0,994,1,82.3,1,0,100,1,1,1,371,1,3,0,1,1,341,264,741,583
1158,270960,44,1,0,1,0,1166,3,91.6272,0,0,100,0,1,1,1157,1,3,0,1,0,295,288,988,741
1159,11991,31,1,1,1,0,1119,2,85.0,0,0,90,0,1,1,65,1,2,0,1,0,328,706,698,1129
1160,260536,35,1,0,1,0,987,3,83.0,0,0,100,0,0,1,0,0,1,0,1,0,447,568,894,913
1161,300229,38,0,1,1,0,1062,2,75.2,0,0,100,0,1,1,940,1,3,0,1,0,265,238,1349,1372
1162,70483,37,1,1,1,0,1102,3,57.1536,0,0,100,0,1,1,811,1,3,1,1,0,366,562,1323,1514
1163,640026,44,0,0,0,0,947,1,53.5248,0,1,90,0,1,1,101,1,2,0,1,0,310,340,1020,720
1164,11651,29,1,0,1,0,460,1,86.184,0,0,100,0,0,1,0,0,1,0,1,1,320,380,830,1090
1165,11665,28,1,0,1,0,1133,0,68.4936,0,0,100,0,0,1,0,0,1,0,0,0,280,350,440,490
1166,240934,39,1,0,1,1,649,1,65.0916,0,1,90,0,1,1,983,1,3,1,1,0,393,385,2910,2134
1167,950069,15,0,0,1,1,757,2,46.8,1,0,90,0,1,1,481,1,3,0,1,1,311,172,699,508
1168,60921,40,1,1,1,0,663,0,78.4728,0,0,90,1,0,1,832,1,3,0,0,1,262,325,423,585
1169,240801,32,1,0,1,1,261,0,68.9472,0,0,90,0,1,1,1308,1,3,0,0,1,626,538,828,826
1170,70308,28,1,1,1,0,1167,1,63.0504,0,0,100,0,1,1,778,1,3,0,1,0,314,426,627,1016
1171,270868,32,0,0,0,0,167,3,41.2776,0,1,100,0,0,1,6,0,1,0,1,1,328,277,482,485
1172,190277,37,0,1,0,0,1056,0,63.0,0,0,100,0,1,1,768,1,3,0,0,0,421,346,2398,2190
1173,81453,58,1,0,1,0,836,2,80.3,0,0,100,0,1,1,483,1,3,0,1,0,364,375,826,930
1174,300507,43,0,1,1,0,1066,0,97.524,0,0,100,0,0,1,0,0,1,0,0,0,240,521,410,494
1175,540020,39,0,1,1,1,492,3,67.1328,0,1,90,0,0,1,0,0,1,0,1,0,420,360,690,710
1176,50628,39,1,0,1,0,1034,3,81.5,0,0,100,0,0,1,0,0,1,0,1,0,317,390,915,895
1177,250059,27,1,0,1,0,1116,2,67.5864,0,1,100,0,1,1,770,1,3,0,1,1,300,310,540,590
1178,90698,43,1,0,1,1,831,1,77.112,0,0,90,0,0,1,0,0,1,0,1,0,441,546,1943,1661
1179,240442,42,1,1,1,0,908,2,78.0192,0,0,90,0,0,1,0,0,1,1,1,0,514,346,1146,1018
1180,90689,30,1,1,1,1,979,1,75.7512,0,0,90,0,0,1,0,0,1,1,1,0,526,391,1254,717
1181,60890,26,1,0,1,0,1144,3,77.4,0,0,100,0,0,1,0,0,1,1,1,0,352,287,1180,766
1182,251038,27,1,0,1,0,1097,1,73.2564,0,0,100,0,0,1,0,0,1,0,1,0,444,582,1159,1082
1183,10935,25,1,0,1,0,1056,1,68.2668,0,0,90,0,0,1,0,0,1,0,1,0,601,709,1099,1073
1184,190401,37,0,1,0,1,383,3,69.0,0,0,100,0,0,1,0,0,1,0,1,0,209,251,653,541
1185,520031,41,1,0,1,0,406,0,66.2256,0,0,90,0,1,1,1102,1,3,0,0,1,248,259,874,1102
1186,270755,28,1,0,1,0,1026,0,76.8852,0,0,100,0,0,1,0,0,1,0,0,0,562,491,463,590
1187,50613,54,1,0,1,0,1012,2,71.5,0,0,100,0,1,1,380,1,3,0,1,0,301,323,1607,1581
1188,241243,26,0,0,0,0,1003,1,55.566,0,1,90,0,1,1,342,1,2,0,1,0,356,473,739,740
1189,120905,34,1,0,1,0,1132,1,96.5,0,0,90,0,0,1,273,1,2,0,1,0,703,530,641,483
1190,270745,29,1,0,1,1,572,3,70.7616,0,0,100,0,1,1,966,1,3,0,1,0,321,151,1400,680
1191,11475,47,1,0,1,1,729,0,72.1224,0,0,100,0,0,1,0,0,1,0,0,0,467,399,1374,1220
1192,230273,33,1,0,1,0,1157,2,72.48528,0,0,90,0,1,1,75,1,2,0,1,0,508,600,1220,1028
1193,120920,33,1,1,1,0,1090,2,88.2252,0,0,90,0,0,1,0,0,1,0,1,0,285,285,571,598
1194,110713,39,0,1,1,0,1140,1,66.2256,0,0,100,0,1,1,154,1,2,0,1,0,365,586,1823,996
1195,940537,25,0,0,1,0,1088,3,80.2872,1,0,100,0,1,1,852,1,3,0,1,0,306,417,384,395
1196,140798,34,0,1,0,0,1047,3,70.0,0,1,80,0,0,1,0,0,1,1,1,0,404,488,2607,2753
1197,11458,37,1,0,1,0,1160,3,83.0088,0,0,100,0,0,1,0,0,1,1,1,0,339,328,559,485
1198,270893,37,0,1,0,0,892,1,76.4316,0,0,100,0,0,1,0,0,1,0,1,0,548,428,1949,1099
1199,520043,19,0,1,0,0,1019,3,54.432,0,0,100,0,0,1,0,0,1,0,1,0,374,450,590,519
1200,250203,34,1,0,1,0,977,0,76.2048,0,0,90,0,0,1,0,0,1,0,0,0,630,590,940,940
1201,210645,36,0,0,0,1,226,0,66.6792,0,0,90,0,1,1,728,1,3,1,0,1,278,224,955,964
1202,10668,39,1,0,1,1,486,1,75.0,0,0,100,0,1,1,918,1,3,0,1,0,421,461,1158,1589
1203,10361,34,1,0,1,0,1065,1,62.8236,0,0,90,0,1,1,342,1,2,0,1,1,212,190,1094,1180
1204,250443,43,1,0,1,1,899,0,74.6,0,0,100,0,1,1,816,1,3,0,0,0,300,380,970,580
1205,920040,42,0,0,1,0,133,2,60.01128,1,0,90,0,1,1,1192,1,3,0,1,1,320,324,815,756
1206,110727,44,1,0,1,1,135,3,51.2568,0,0,100,0,0,1,0,0,1,1,1,0,222,92,1366,669
1207,110754,45,0,1,1,0,1064,1,82.87272,0,0,90,0,1,1,406,1,3,0,1,0,324,349,1427,2064
1208,960020,18,0,0,1,0,1109,1,75.7512,1,0,100,0,1,1,638,1,3,0,1,0,148,173,781,571
1209,270042,29,1,1,1,0,1151,0,78.0192,0,0,100,0,1,1,906,1,3,0,0,0,374,353,671,742
1210,640028,34,1,0,1,0,948,3,96.6168,0,0,90,0,0,1,0,0,1,0,1,0,420,470,1170,1540
1211,310234,18,0,0,0,0,1041,0,57.28968,1,0,100,0,1,1,344,1,2,0,0,0,445,371,766,691
1212,90427,38,0,1,0,0,868,2,55.3392,0,0,90,0,1,1,1068,1,3,0,1,1,210,272,1111,1498
1213,191604,41,0,1,1,0,1140,1,76.2048,0,1,100,0,1,1,289,1,2,0,1,0,336,280,896,871
1214,150439,31,1,0,1,0,1158,1,69.4,0,0,90,0,1,1,210,1,2,0,1,0,449,459,1054,1261
1215,570011,34,0,1,0,0,1004,2,82.1016,0,1,100,0,0,1,0,0,1,0,1,0,539,523,1550,1212
1216,270877,30,1,1,1,0,1042,1,77.3388,0,0,100,0,0,1,0,0,1,0,1,0,209,275,452,517
1217,970466,22,0,0,1,0,263,0,85.9,1,0,100,0,1,1,530,1,3,0,0,1,242,293,465,536
1218,11499,39,1,0,1,0,999,0,84.3696,0,0,100,0,0,1,0,0,1,0,0,0,459,619,1398,1287
1219,81446,26,1,0,1,0,1098,1,81.0,0,0,80,0,1,1,103,1,2,0,1,0,260,340,550,480
1220,180241,34,1,0,1,1,230,3,68.04,0,0,100,0,1,1,883,1,3,0,1,0,385,211,816,782
1221,260867,30,1,0,1,0,1141,0,80.0,0,0,100,0,0,1,0,0,1,0,0,0,417,565,780,1021
1222,11171,37,0,1,1,0,330,0,90.5,0,1,90,0,0,1,0,0,1,0,0,1,290,250,1200,1020
1223,150441,42,1,1,1,1,154,0,74.6,0,0,90,0,1,1,742,1,3,1,0,1,293,196,746,633
1224,50605,59,1,0,1,1,959,3,59.8752,0,0,100,0,1,1,872,1,3,0,1,0,394,315,1346,1337
1225,980022,36,0,0,1,1,664,1,60.0,1,0,90,0,0,1,0,0,1,0,1,0,739,418,795,603
1226,950056,12,0,0,1,1,324,1,31.0,1,0,100,0,1,1,2500,1,3,0,1,1,187,116,176,124
1227,270892,29,0,0,1,0,847,0,100.0188,0,0,100,0,0,1,0,0,1,0,0,1,441,331,882,906
1228,90685,30,1,0,1,1,847,2,87.0912,0,0,90,0,1,1,230,1,2,0,1,1,519,400,649,915
1229,10840,40,0,1,0,1,318,3,55.566,0,0,100,0,1,1,406,1,3,0,1,0,238,193,1311,1069
1230,150440,38,1,0,1,0,613,2,75.1,0,0,90,0,1,1,118,1,2,0,1,1,239,246,620,502
1231,610014,51,1,0,1,0,1068,2,102.3,0,0,90,0,0,1,0,0,1,0,1,0,409,459,563,422
1232,181999,30,1,1,1,1,393,0,70.7616,0,0,100,0,0,1,0,0,1,0,0,0,331,191,1510,919
1233,320462,47,0,0,1,0,993,3,89.1,1,0,90,0,0,1,0,0,1,0,1,0,220,270,1020,1170
1234,190194,42,0,0,0,0,1090,2,67.1328,0,0,100,0,1,1,822,1,3,0,1,0,388,343,1040,710
1235,241210,45,0,0,0,0,1097,0,89.8128,0,0,100,0,0,1,0,0,1,0,0,0,443,350,812,686
1236,110747,41,1,1,1,0,62,3,79.8336,0,1,90,0,1,1,361,1,2,1,1,1,305,251,1023,843
1237,230835,28,1,0,1,0,446,3,81.1944,0,0,100,0,0,1,0,0,1,0,1,1,370,491,924,716
1238,90700,30,0,0,0,0,890,1,89.8128,0,0,90,0,0,1,0,0,1,0,1,0,165,547,515,884
1239,110738,34,1,0,1,0,1133,3,74.844,0,0,90,0,1,1,420,1,3,1,1,0,237,299,725,641
1240,110705,32,0,0,1,0,1164,1,80.514,0,0,100,0,1,1,237,1,2,0,1,0,343,858,1059,1901
1241,980042,16,0,0,1,1,588,0,63.0,1,0,100,0,1,1,753,1,3,0,0,0,299,214,546,471
1242,320291,42,0,1,0,0,1147,0,82.3,0,1,100,0,1,1,6,0,1,0,0,0,341,456,429,504
1243,240676,47,1,0,1,0,988,2,86.6376,0,1,90,0,1,1,195,1,2,1,1,1,440,358,1320,1111
1244,320457,48,0,0,1,0,936,2,85.4,0,0,90,0,0,1,0,0,1,0,1,0,420,430,515,360
1245,960026,30,0,0,1,0,1089,1,51.7104,1,0,90,0,1,1,858,1,3,1,1,0,226,300,519,500
1246,120368,33,1,0,1,1,224,1,76.6584,0,0,90,0,1,1,875,1,3,0,1,1,264,179,636,549
1247,20717,29,1,0,1,0,321,3,70.5,0,0,100,0,0,1,0,0,1,0,1,1,290,486,682,729
1248,240297,48,1,1,1,1,862,1,76.6584,0,1,90,0,1,1,210,1,2,0,1,1,483,362,1334,1105
1249,71335,34,1,0,1,0,1185,2,71.442,0,0,100,0,0,1,0,0,1,1,1,0,316,422,804,938
1250,630033,40,1,0,1,0,1020,3,87.0,0,0,100,0,0,1,0,0,1,0,1,0,412,707,804,1003
1251,190403,24,0,1,0,0,1001,1,60.0,0,0,100,0,1,1,359,1,2,0,1,1,324,269,624,560
1252,261035,35,1,0,1,0,1063,3,82.4,0,0,100,0,0,1,0,0,1,1,1,0,471,767,613,698
1253,320449,30,0,1,1,0,1027,3,76.3,0,0,90,0,0,1,0,0,1,1,1,0,170,270,330,460
1254,150466,32,1,0,1,1,303,3,73.5,0,0,90,0,1,1,137,1,2,0,1,0,188,207,774,883
1255,580035,39,1,1,1,0,582,0,73.0296,0,0,100,0,0,1,0,0,1,0,0,1,254,193,606,734
1256,241279,49,1,0,1,0,1034,3,80.7408,0,0,90,0,0,1,0,0,1,0,1,0,392,410,1566,2205
1257,960014,13,0,0,1,0,400,0,48.5352,1,0,100,0,0,1,0,0,1,1,0,1,283,271,457,767
1258,40375,40,1,0,1,0,1094,2,81.648,0,0,100,0,1,1,1051,1,3,0,1,0,468,541,936,902
1259,211075,30,1,0,1,0,1099,3,72.7,0,0,90,0,1,1,539,1,3,0,1,1,311,360,1408,1802
1260,150207,45,1,0,1,0,1132,3,76.1,0,0,90,0,1,1,1348,1,3,0,1,0,315,330,1332,1024
1261,260157,43,1,0,1,1,557,0,65.2,0,0,100,0,1,1,974,1,3,0,0,1,469,336,2739,2240
1262,181371,31,0,1,1,0,557,2,86.8,0,1,100,0,0,1,0,0,1,0,1,1,224,346,776,562
1263,261106,35,1,0,1,0,991,3,71.0,0,0,100,0,0,1,0,0,1,0,1,0,388,386,1086,1030
1264,181352,43,0,1,0,0,1076,1,70.5,0,0,100,0,0,1,0,0,1,0,1,0,415,443,1853,1246
1265,110717,36,1,0,1,0,954,2,120.6576,0,0,100,0,1,1,132,1,2,0,1,1,276,230,1441,1008
1266,50571,33,1,1,1,0,357,0,67.1328,0,0,100,0,1,1,608,1,3,0,0,1,275,213,1011,678
1267,170636,48,0,0,0,0,1116,2,45.4,0,0,90,0,0,1,0,0,1,0,1,0,436,509,519,510
1268,220081,55,1,1,1,0,1119,0,71.2152,0,0,90,1,0,1,89,1,2,0,0,1,448,379,752,798
1269,540012,32,0,1,0,1,257,0,48.62592,0,0,100,0,1,1,694,1,3,0,0,0,280,210,1190,760
1270,150472,35,0,0,0,0,1110,0,83.5,0,0,90,0,1,1,213,1,2,1,0,0,414,367,740,673
1271,920035,62,0,0,1,0,1095,2,81.648,1,0,100,0,0,1,0,0,1,0,1,1,334,277,1070,932
1272,181971,33,1,1,1,1,312,0,67.7,0,0,100,0,0,1,0,0,1,0,0,1,267,126,1469,1083
1273,580039,33,0,1,0,0,1039,3,66.4524,0,0,100,0,0,1,0,0,1,0,1,0,310,372,800,1032
1274,580033,41,0,0,0,1,269,2,83.4624,0,0,100,0,1,1,1174,1,3,0,1,1,232,182,901,682
1275,120948,49,1,0,1,1,561,0,66.2256,0,0,90,0,0,1,0,0,1,0,0,0,528,453,827,907
1276,250457,28,0,1,0,1,946,1,66.6792,0,0,100,0,1,1,971,1,3,0,1,0,300,180,690,410
1277,81105,27,1,0,1,0,664,0,71.2152,0,0,100,0,0,1,0,0,1,0,0,1,336,364,960,756
1278,210382,47,1,0,1,1,476,2,64.638,0,0,100,0,1,1,1360,1,3,0,1,0,496,399,992,784
1279,11650,28,1,0,1,0,1211,3,84.3696,0,0,90,0,1,1,7,0,1,0,1,0,360,290,1130,700
1280,250495,27,1,0,1,0,1011,3,93.8952,0,0,100,0,0,1,0,0,1,0,1,0,210,260,690,610
1281,310758,33,0,1,1,1,840,2,65.4,1,0,100,0,1,1,369,1,3,0,1,0,343,316,1417,1489
1282,610011,35,1,0,1,1,624,3,70.5,0,1,90,0,0,1,0,0,1,0,1,1,273,216,2263,1529
1283,320456,24,1,1,1,0,963,3,71.3,0,0,90,0,0,1,0,0,1,0,1,0,500,520,840,630
1284,191629,39,0,1,1,0,970,1,100.4724,0,0,100,0,0,1,0,0,1,0,1,0,297,393,669,682
1285,940524,18,0,0,1,0,1145,2,75.2976,1,0,100,0,0,1,0,0,1,0,1,0,439,432,760,702
1286,181325,29,0,1,0,0,1024,0,61.4,0,0,100,0,1,1,335,1,2,0,0,0,272,264,1071,1232
1287,630014,51,1,0,1,1,190,1,119.2968,0,0,100,0,0,1,0,0,1,0,1,1,231,194,492,605
1288,60245,39,1,0,1,0,1138,1,80.8,0,0,100,0,1,1,1582,1,3,0,1,0,384,339,1215,927
1289,250127,36,1,0,1,0,1147,0,66.6792,0,0,80,0,1,1,943,1,3,0,0,0,300,300,1110,990
1290,10649,38,0,0,0,1,644,3,62.9,0,0,100,0,1,1,635,1,3,0,1,0,344,210,735,690
1291,90686,64,1,0,1,0,1065,3,72.3,0,0,90,0,0,1,0,0,1,0,1,0,258,475,1623,1768
1292,320532,40,0,0,1,0,904,3,68.7204,0,1,100,0,0,1,0,0,1,0,1,1,450,300,630,540
1293,60919,22,1,1,1,0,1023,3,58.2876,0,0,90,0,1,1,380,1,3,0,1,0,211,253,515,599
1294,150144,45,1,0,1,1,163,0,62.0,0,0,80,0,1,1,933,1,3,0,0,1,203,87,1217,511
1295,71379,39,1,1,1,0,967,1,79.38,0,0,100,0,0,1,0,0,1,0,1,1,566,584,1202,1405
1296,250224,22,0,1,0,0,1111,0,67.5864,0,0,90,0,1,1,34,1,2,0,0,1,390,250,530,600
1297,250137,25,1,0,1,0,1137,3,69.8544,0,0,90,0,0,1,947,1,3,0,1,0,410,442,1368,1221
1298,71362,28,1,0,1,0,1091,2,67.5864,0,0,100,0,1,1,51,1,2,0,1,0,249,238,689,728
1299,11168,39,0,0,0,0,1085,2,61.0,0,1,80,0,1,1,166,1,2,0,1,1,210,290,940,1100
1300,250419,33,1,0,1,0,1066,0,77.112,0,0,100,0,0,1,0,0,1,0,0,0,280,240,1490,760
1301,11992,42,1,0,1,0,1117,3,82.7,0,0,90,0,1,1,827,1,3,0,1,0,380,327,926,772
1302,80466,32,1,0,1,0,1098,0,63.504,0,0,90,0,1,1,794,1,3,0,0,0,312,319,696,627
1303,71338,20,0,1,1,0,474,3,72.576,1,0,100,0,1,1,743,1,3,0,1,1,369,309,548,530
1304,190195,34,0,1,0,0,1091,1,61.6896,0,0,100,0,1,1,249,1,2,0,1,0,247,201,982,1240
1305,220489,45,0,1,0,0,852,0,70.9,0,1,100,0,0,1,0,0,1,0,0,1,422,401,673,633
1306,10934,37,1,0,1,0,1068,1,79.4,0,0,100,0,0,1,0,0,1,1,1,0,227,281,1285,827
1307,60159,44,1,0,1,1,648,2,78.5,0,0,100,0,1,1,902,1,3,1,1,0,412,179,1829,1901
1308,140762,35,1,0,1,0,805,2,82.3,0,1,100,0,1,1,496,1,3,0,1,1,323,486,860,954
1309,50577,44,1,0,1,0,1064,0,85.2768,0,0,100,0,1,1,733,1,3,0,0,1,416,531,735,1295
1310,250439,24,1,1,1,1,280,3,56.4732,0,0,80,0,1,1,206,1,2,0,1,0,270,160,1540,1280
1311,620038,45,0,1,1,0,894,1,78.0,0,1,100,0,0,1,0,0,1,0,1,1,380,326,490,535
1312,230064,34,1,0,1,0,140,0,63.59472,0,0,100,0,1,1,1356,1,3,1,0,1,293,142,895,614
1313,181966,30,0,0,1,0,736,2,80.7408,0,0,100,0,0,1,0,0,1,0,1,1,389,408,1355,941
1314,90300,36,0,0,0,1,390,0,84.8232,0,0,100,0,1,1,463,1,3,0,0,1,338,269,730,603
1315,50641,40,1,0,1,0,890,1,90.72,0,0,80,0,0,1,0,0,1,0,1,1,439,298,1468,890
1316,220425,40,0,1,1,0,992,1,66.3,0,1,100,0,1,1,382,1,3,0,1,0,197,429,531,902
1317,170639,45,1,0,1,0,1102,2,67.5864,0,0,90,0,1,1,494,1,3,1,1,0,408,354,395,398
1318,250287,28,1,0,1,0,1064,3,67.1328,0,0,90,0,1,1,141,1,2,0,1,0,440,590,780,790
1319,610033,36,1,0,1,0,1007,3,77.0,0,0,100,0,0,1,0,0,1,1,1,1,232,449,986,1853
1320,330287,45,1,0,1,0,1003,3,76.8852,0,0,100,0,0,1,0,0,1,0,1,0,150,249,400,536
1321,180692,45,1,0,1,0,1067,1,82.782,0,0,100,0,0,1,0,0,1,1,1,0,288,423,502,700
1322,150427,42,1,0,1,1,312,1,76.1,0,0,90,0,1,1,2071,1,2,0,1,1,293,233,1171,976
1323,150429,38,1,1,1,1,713,0,76.7,0,0,90,0,1,1,297,1,2,0,0,0,184,236,368,575
1324,250225,44,1,0,1,0,1143,0,72.1224,0,0,90,0,0,1,0,0,1,0,0,0,380,580,520,770
1325,211074,33,1,1,1,0,1074,1,80.1,0,0,90,0,1,1,679,1,3,0,1,0,426,460,706,609
1326,251027,45,0,0,1,1,337,2,73.9368,1,0,90,0,1,1,480,1,3,1,1,1,193,206,1652,1172
1327,190189,47,0,1,0,0,1059,3,71.2152,0,0,100,0,1,1,67,1,2,0,1,0,162,264,459,573
1328,10241,34,0,1,0,1,1073,2,95.256,0,0,100,0,1,1,897,1,3,0,1,0,471,468,770,620
1329,270840,36,1,1,1,0,382,1,78.38208,0,0,100,0,0,1,206,1,2,0,1,1,327,420,776,793
1330,50619,32,1,0,1,0,1074,3,84.0,0,0,90,0,0,1,0,0,1,0,1,0,386,397,664,703
1331,10967,27,1,0,1,0,950,2,80.15112,0,0,90,0,0,1,0,0,1,0,1,0,505,604,1964,1560
1332,10928,31,1,0,1,0,1096,2,74.5,0,0,100,0,1,1,776,1,3,0,1,0,364,353,1371,1638
1333,230286,34,0,0,0,0,1090,1,68.4936,0,0,90,0,1,1,796,1,3,1,1,0,347,342,732,550
1334,30350,32,1,0,1,0,1090,0,70.0,0,0,100,0,1,1,1598,1,3,0,0,0,375,306,565,528
1335,140728,38,0,0,1,1,415,2,78.2,0,0,100,0,1,1,105,1,2,0,1,1,176,271,832,801
1336,250465,31,1,0,1,0,1090,0,64.8648,0,0,100,0,0,1,0,0,1,0,0,0,460,440,770,700
1337,20150,35,1,0,1,0,930,2,65.7,0,0,100,0,1,1,1725,1,3,0,1,0,470,652,1970,1729
1338,11655,33,1,0,1,0,1071,2,62.8236,0,0,100,0,1,1,1700,1,3,0,1,1,240,1100,810,1440
1339,260180,31,1,0,1,0,1130,2,72.0,0,0,100,0,1,1,273,1,2,0,1,0,274,364,673,971
1340,310171,41,1,0,1,1,813,0,89.5,0,0,90,0,1,1,980,1,3,0,0,0,308,306,972,1376
1341,170251,28,0,0,1,0,1090,0,83.32632,1,0,90,0,1,1,510,1,3,0,0,0,334,266,1127,896
1342,81444,40,1,0,1,0,1083,3,73.8,0,0,90,0,0,1,0,0,1,1,1,0,360,391,1180,1020
1343,150062,37,1,0,1,1,1050,0,77.9,0,0,80,0,1,1,949,1,3,1,0,1,222,145,1093,478
1344,150047,31,1,1,1,0,1165,2,83.1,0,0,100,0,1,1,911,1,3,0,1,0,449,576,1992,2736
1345,60976,48,1,0,1,1,394,3,63.0504,0,0,90,0,1,1,839,1,3,1,1,1,200,74,622,865
1346,10900,45,1,0,1,0,1065,1,82.7,0,0,100,0,1,1,0,0,1,0,1,0,370,373,739,606
1347,41653,59,1,0,1,0,1126,2,87.9984,0,0,80,0,1,1,283,1,2,0,1,0,402,210,670,447
1348,81107,19,0,1,1,0,208,3,68.04,0,1,100,0,1,1,85,1,2,0,1,1,276,169,612,741
1349,90683,36,0,1,1,0,1116,1,118.3896,0,0,90,0,0,1,0,0,1,1,1,0,235,261,2348,3044
1350,160177,44,0,0,1,0,1057,3,86.36544,0,0,100,0,1,1,1339,1,3,0,1,0,464,236,1230,687
1351,50300,63,1,0,1,0,1152,2,74.3904,0,0,100,0,1,1,923,1,3,0,1,0,397,282,1407,911
1352,231083,32,0,1,1,1,569,0,84.8232,0,0,100,0,0,1,0,0,1,0,0,0,289,349,1245,1855
1353,251041,26,1,0,1,1,415,1,73.4832,0,0,100,0,1,1,1053,1,3,1,1,0,160,223,390,568
1354,60925,20,1,1,0,0,1059,2,47.4012,0,0,90,0,0,1,0,0,1,0,1,0,292,415,909,1010
1355,60267,29,1,0,1,0,1064,0,66.1,0,0,90,0,1,1,1509,1,3,0,0,0,469,378,775,567
1356,310237,40,1,0,1,0,991,0,65.5,0,0,80,0,0,1,0,0,1,0,0,0,274,418,1352,1353
1357,231071,34,1,1,1,0,1060,3,100.6992,0,0,100,0,0,1,0,0,1,0,1,0,503,567,1760,1157
1358,270983,30,0,0,1,1,896,0,81.648,0,0,100,0,0,1,389,1,3,0,0,0,334,404,556,550
1359,30137,60,0,1,0,0,985,1,51.6,0,0,100,0,1,1,1472,1,3,0,1,1,0,523,1087,1727
1360,60623,32,1,1,1,1,798,3,98.658,0,0,90,0,1,1,473,1,3,0,1,1,283,290,2794,2641
1361,71353,34,1,0,1,0,728,1,62.5968,0,0,100,0,0,1,0,0,1,0,1,0,337,597,699,713
1362,260986,31,1,0,1,1,455,3,82.5,0,0,100,0,0,1,0,0,1,0,1,0,178,174,978,1059
1363,220451,28,0,1,1,0,1088,0,63.6,0,0,90,0,1,1,728,1,3,0,0,0,267,274,721,929
1364,270833,31,1,1,1,0,1154,1,83.0088,0,0,90,0,0,1,0,0,1,0,1,0,548,466,1116,1067
1365,40601,59,1,0,1,1,392,3,72.576,0,0,100,0,1,1,525,1,3,0,1,1,324,221,531,490
1366,20503,30,0,1,0,0,1020,2,78.9264,0,1,100,0,0,1,0,0,1,0,1,1,481,455,1083,1661
1367,250472,21,1,0,1,0,1087,1,70.308,0,0,100,0,1,1,83,1,2,0,1,0,280,280,550,730
1368,60885,38,1,0,1,1,1065,2,95.0,0,0,100,0,0,1,0,0,1,0,1,0,409,369,620,432
1369,270850,42,1,0,1,0,1115,3,72.1224,0,0,100,0,1,1,606,1,3,0,1,0,292,314,626,549
1370,211284,69,1,0,1,0,1132,1,81.648,0,0,100,0,0,1,0,0,1,0,1,0,455,566,2216,1220
1371,140795,48,1,0,1,0,1053,1,70.5,0,0,90,0,0,1,0,0,1,0,1,0,526,490,1149,816
1372,120892,52,1,1,1,0,1161,0,68.04,0,0,90,0,1,1,270,1,2,0,0,0,319,389,465,609
1373,50236,31,1,0,1,0,817,2,83.0,0,0,100,0,0,1,0,0,1,0,1,1,663,696,1109,1242
1374,190039,29,1,1,1,0,986,3,64.4112,0,0,100,0,1,1,1668,1,3,0,1,0,392,513,771,1067
1375,950037,12,0,0,1,0,1147,1,53.1,1,0,100,0,1,1,902,1,3,0,1,0,328,826,712,1582
1376,300500,47,1,0,1,0,1124,0,67.1328,0,0,100,0,1,1,22,1,2,0,0,0,499,477,1056,1044
1377,11949,30,1,1,1,0,1160,3,61.0,0,0,100,0,1,1,53,1,2,0,1,0,297,495,1971,2474
1378,50260,37,1,0,1,1,986,1,67.5,0,0,100,0,1,1,1279,1,3,0,1,0,243,335,699,688
1379,920041,30,0,0,1,0,1140,3,92.5344,1,0,100,0,1,1,235,1,2,0,1,0,300,324,1047,730
1380,230546,40,1,1,1,1,993,1,73.0296,0,1,100,0,1,1,650,1,3,0,1,0,163,184,581,830
1381,540011,26,0,1,0,0,1077,2,56.8,0,0,100,0,1,1,225,1,2,0,1,0,330,221,700,552
1382,250485,34,1,0,1,0,1033,0,81.648,0,1,100,0,0,1,0,0,1,0,0,0,420,470,890,490
1383,182020,39,1,0,1,0,983,0,78.4728,0,0,100,0,0,1,0,0,1,0,0,1,361,379,984,1033
1384,330284,33,1,0,1,0,1004,2,68.4936,0,0,100,0,0,1,0,0,1,0,1,1,190,260,830,890
1385,530021,48,0,1,1,0,927,3,72.1224,0,0,100,0,0,1,0,0,1,0,1,0,250,560,649,1348
1386,260932,29,1,1,1,1,392,0,65.3,0,0,100,0,0,1,0,0,1,0,0,0,412,197,1115,732
1387,640012,32,0,0,0,0,1018,1,63.6,0,1,90,0,1,1,719,1,3,0,1,0,340,240,570,330
1388,300903,27,0,1,0,0,934,1,83.4624,0,0,100,0,0,1,53,1,2,0,1,0,427,460,510,870
1389,11515,41,1,0,1,0,1117,1,111.0,0,0,90,0,1,1,384,1,3,0,1,0,470,394,1528,910
1390,270737,38,1,0,1,1,910,1,70.7616,0,0,100,0,0,1,0,0,1,0,1,0,353,272,1275,1070
1391,211279,26,0,0,1,0,1138,2,65.3184,1,0,80,0,0,1,0,0,1,0,1,0,336,356,516,585
1392,80933,57,1,0,1,0,1152,1,80.0,0,0,90,0,1,1,932,1,3,0,1,0,330,396,930,1080
1393,250130,21,1,0,1,0,1131,3,65.5452,0,0,90,0,1,1,1148,1,3,0,1,0,520,750,1800,1450
1394,10476,30,1,0,1,1,588,1,64.5,0,0,90,0,1,1,837,1,3,1,1,1,230,90,1490,550
1395,11131,28,1,0,1,0,1064,2,75.5,0,0,100,0,0,1,0,0,1,0,1,1,400,480,1250,1420
1396,980039,24,0,0,1,1,1069,2,66.0,1,0,90,0,1,1,769,1,3,0,1,0,312,422,352,443
1397,300936,33,1,1,1,0,1029,3,56.9268,0,0,90,0,0,1,0,0,1,0,1,0,329,433,419,480
1398,630034,27,0,1,1,0,182,0,90.08496,0,1,100,0,0,1,0,0,1,0,0,1,462,595,1034,938
1399,270060,40,1,0,1,1,721,1,84.8232,0,0,100,0,1,1,1282,1,3,0,1,0,400,464,896,1129
1400,340596,32,1,0,1,0,1062,3,86.6376,0,0,100,0,1,1,413,1,3,0,1,1,293,270,516,468
1401,110760,41,0,1,0,0,1087,2,84.3,0,1,100,0,1,1,315,1,2,0,1,0,340,390,680,730
1402,261050,36,1,0,1,0,430,0,88.9,0,0,100,0,0,1,0,0,1,0,0,1,371,424,536,620
1403,181992,47,1,0,1,1,299,2,95.2,0,0,80,0,0,1,730,1,3,1,1,1,254,222,2792,2534
1404,270749,25,0,0,0,0,423,3,61.236,0,0,100,0,0,1,0,0,1,1,1,1,377,410,584,743
1405,50633,28,1,0,1,0,624,1,75.7512,0,0,100,0,0,1,0,0,1,0,1,1,231,204,862,726
1406,60893,29,1,0,1,0,1123,2,83.4,0,0,100,0,0,1,0,0,1,0,1,0,404,341,936,511
1407,220431,38,0,0,0,1,988,1,50.0,0,1,100,0,0,1,0,0,1,0,1,1,275,515,946,1361
1408,10364,49,1,0,1,1,357,2,79.38,0,0,90,0,1,1,402,1,3,0,1,1,120,140,800,1090
1409,310769,37,0,0,1,1,197,0,79.38,1,0,100,0,0,1,0,0,1,1,0,1,319,135,1412,563
1410,270941,45,0,0,0,1,302,2,51.7104,0,0,100,0,1,1,1466,1,3,0,1,1,288,178,835,713
1411,251026,26,1,0,1,0,1121,1,79.6068,0,0,90,0,1,1,548,1,3,0,1,0,448,339,756,644
1412,110715,40,1,0,1,0,1126,2,74.3904,0,0,100,0,1,1,655,1,3,0,1,0,321,458,1264,1186
1413,211365,28,1,1,1,0,1007,3,80.2872,0,0,90,0,0,1,0,0,1,0,1,0,558,516,1421,1247
1414,270827,45,1,0,1,1,142,0,78.246,0,0,100,0,1,1,233,1,2,0,0,0,180,49,1777,1046
1415,300113,33,0,0,1,0,1087,1,78.4,1,0,100,0,1,1,941,1,3,0,1,0,344,214,862,705
1416,620027,30,1,0,1,1,412,1,75.9,0,0,100,0,0,1,0,0,1,0,1,1,580,343,950,874
1417,10456,40,1,0,1,0,1154,3,58.0608,0,1,100,0,1,1,1053,1,3,0,1,0,320,300,830,620
1418,240092,41,1,0,1,1,398,0,83.916,0,0,100,0,1,1,94,1,2,0,0,0,359,272,1173,1191
1419,90680,29,1,0,1,0,1157,2,78.4728,0,0,100,0,0,1,0,0,1,0,1,0,358,351,699,532
1420,20707,38,0,1,1,0,1006,2,78.0192,0,1,100,0,0,1,0,0,1,0,1,0,453,250,787,213
1421,210883,55,1,0,1,1,730,0,83.4624,0,0,100,0,0,1,168,1,2,0,0,0,312,247,1000,1199
1422,260244,36,1,0,1,0,1117,1,77.6,0,0,100,0,1,1,934,1,3,1,1,0,484,686,1645,1637
1423,110682,39,0,0,1,0,1104,3,62.5968,1,0,100,0,1,1,1250,1,3,0,1,0,220,270,1070,1280
1424,330254,29,1,0,1,0,1098,2,92.5344,0,0,90,0,1,1,524,1,3,1,1,0,320,280,1360,940
1425,250433,34,1,0,1,0,987,0,67.5864,0,0,90,0,1,1,245,1,2,0,0,1,280,230,510,340
1426,10965,33,1,1,1,0,802,2,70.62552,0,1,90,0,0,1,0,0,1,1,1,1,245,386,618,907
1427,950061,14,0,1,1,1,739,3,64.3,1,0,100,0,1,1,387,1,3,0,1,1,383,281,1043,1251
1428,270859,31,1,0,1,0,859,0,64.4112,0,0,100,0,1,1,17,1,2,0,0,0,294,294,662,625
1429,80362,33,1,0,1,1,799,3,69.8544,0,0,100,0,0,1,0,0,1,0,1,0,341,532,572,616
1430,940521,32,0,0,1,0,1151,3,74.3,1,0,100,0,1,1,156,1,2,0,1,0,324,426,315,405
1431,230726,33,1,0,1,0,1094,3,78.6996,0,0,100,0,0,1,188,1,2,1,1,0,269,378,1025,978
1432,620039,37,1,0,1,0,963,2,87.0,0,0,100,0,0,1,0,0,1,0,1,1,480,550,1550,1910
1433,211258,33,1,0,1,0,641,1,76.2048,0,0,90,0,0,1,0,0,1,0,1,1,1199,565,509,348
1434,250240,33,1,0,1,0,1143,0,68.04,0,0,90,0,0,1,0,0,1,0,0,0,320,420,610,440
1435,30344,34,1,0,1,0,1034,3,70.0,0,0,100,0,0,1,488,1,3,0,1,0,230,301,334,490
1436,320287,22,0,1,0,1,394,1,53.298,0,0,100,0,0,1,0,0,1,0,1,1,306,238,1134,826
1437,80282,37,0,0,1,0,1079,0,68.2,0,0,80,1,1,1,727,1,3,1,0,1,306,403,423,728
1438,210039,30,1,0,1,1,400,0,149.0,0,0,90,0,0,1,0,0,1,0,0,1,345,152,1052,760
1439,50200,49,1,0,1,0,1167,0,100.0,0,0,90,0,1,1,1500,1,3,0,0,0,428,349,500,449
1440,540013,28,0,1,0,1,817,3,61.6896,0,0,100,0,1,1,290,1,2,0,1,0,380,440,840,1470
1441,250126,34,1,0,1,0,1153,1,92.7612,0,0,100,0,1,1,1107,1,3,0,1,0,270,400,620,420
1442,970470,27,0,0,1,0,1152,3,85.8,1,0,100,0,0,1,0,0,1,0,1,0,176,221,960,1372
1443,60962,27,0,1,1,0,1121,3,71.8,0,0,90,0,0,1,0,0,1,0,1,0,289,284,1065,945
1444,170135,26,0,0,1,0,985,3,63.504,0,0,90,0,1,1,813,1,3,0,1,1,287,238,1223,882
1445,50626,32,1,1,1,0,1053,2,81.5,0,0,100,0,0,1,0,0,1,0,1,0,420,312,1105,656
1446,11680,42,0,1,1,0,980,3,109.5,0,1,100,0,0,1,0,0,1,0,1,0,320,440,1140,1630
1447,50636,42,0,1,0,0,162,3,50.3496,0,0,90,0,0,1,0,0,1,0,1,1,562,418,796,704
1448,960025,25,0,0,1,0,597,2,73.4832,1,0,90,0,1,1,683,1,3,0,1,1,380,348,1360,1012
1449,211222,37,1,0,1,0,1224,3,78.9264,0,0,90,0,0,1,0,0,1,0,1,0,462,528,776,688
1450,320450,38,1,0,1,0,963,1,72.9,0,0,90,0,0,1,0,0,1,0,1,1,380,500,1116,1270
1451,240019,41,1,0,1,0,954,0,83.4624,0,0,90,0,0,1,0,0,1,1,0,1,198,281,1859,2190
1452,630041,27,1,1,1,0,875,2,70.7616,0,1,100,0,0,1,0,0,1,0,1,1,347,426,419,608
1453,181309,47,0,1,1,0,825,0,93.2,0,0,100,0,1,1,405,1,3,0,0,0,476,417,680,888
1454,330288,32,0,1,1,0,991,3,96.1632,0,0,100,0,0,1,0,0,1,0,1,0,270,270,430,410
1455,50606,35,1,1,1,0,988,3,73.0296,0,0,100,0,0,1,0,0,1,0,1,1,241,233,880,693
1456,231018,21,1,1,1,0,586,0,112.4928,0,0,100,0,0,1,0,0,1,0,0,1,382,387,1314,1343
1457,310706,27,0,0,1,1,1008,2,70.7616,1,0,100,0,1,1,972,1,3,0,1,0,290,495,858,1602
1458,630026,41,0,1,1,1,231,0,80.2872,0,0,100,0,0,1,0,0,1,0,0,0,300,219,795,564
1459,20703,40,1,1,1,0,1027,2,78.9264,0,1,100,0,0,1,0,0,1,0,1,0,304,436,486,515
1460,81128,33,1,0,1,0,1125,2,73.0296,0,0,100,0,1,1,609,1,3,0,1,0,228,286,708,728
1461,180876,56,0,1,1,0,919,1,71.2152,0,1,80,0,1,1,858,1,3,0,1,0,341,646,773,1053
1462,340718,28,0,1,0,0,709,0,77.112,0,0,100,0,0,1,0,0,1,0,0,0,386,521,671,597
1463,140800,44,1,0,1,0,981,1,82.7,0,0,90,0,0,1,0,0,1,1,1,0,310,485,1068,1180
1464,610023,41,1,0,1,0,939,1,63.5,0,0,90,0,0,1,0,0,1,0,1,1,375,955,1774,1910
1465,530022,26,0,1,1,1,505,3,50.3496,0,0,100,0,0,1,0,0,1,0,1,1,250,189,720,655
1466,300911,19,0,1,0,0,343,2,59.8752,0,0,100,0,1,1,158,1,2,0,1,1,401,420,774,905
1467,50659,30,1,0,1,0,581,3,88.9056,0,0,100,0,0,1,0,0,1,0,1,1,690,469,830,554
1468,71339,49,1,0,1,0,1152,1,70.0812,0,0,100,0,0,1,0,0,1,1,1,0,327,478,1125,975
1469,150227,41,1,0,1,0,1161,1,73.0,0,0,100,0,1,1,913,1,3,0,1,0,252,264,677,752
1470,50647,39,1,0,1,0,972,3,80.0604,0,0,100,0,0,1,0,0,1,0,1,0,319,357,919,771
1471,950036,27,0,0,1,0,1140,0,60.3288,1,0,100,0,1,1,928,1,3,0,0,0,448,424,3046,2798
1472,240875,34,1,0,1,1,318,1,68.2668,0,0,90,0,1,1,980,1,3,0,1,1,276,142,1299,996
1473,90707,32,0,1,0,0,911,0,75.978,0,0,90,0,1,1,312,1,2,0,0,1,223,159,535,318
1474,70255,35,1,1,1,1,561,1,69.4008,0,0,100,0,1,1,1650,1,3,0,1,0,415,490,744,918
1475,170686,35,0,1,1,0,1087,1,97.5,0,0,100,0,1,1,585,1,3,0,1,0,396,522,968,929
1476,211238,20,1,0,1,0,1189,2,67.2,0,0,90,0,1,1,86,1,2,0,1,0,537,509,736,679
1477,231056,35,0,0,0,0,527,2,100.6992,0,0,100,0,0,1,0,0,1,0,1,1,465,637,1152,1421
1478,150147,32,1,0,1,1,557,0,90.2,0,0,70,0,1,1,1696,1,3,0,0,0,248,251,626,658
1479,12001,30,1,1,1,0,880,0,75.5,0,0,90,0,0,1,0,0,1,1,0,1,280,208,1003,943
1480,251032,31,1,0,1,0,1111,3,72.1224,0,0,90,0,1,1,956,1,3,0,1,0,259,311,1238,901
1481,330039,41,1,0,1,0,1028,2,92.3076,0,0,90,1,0,1,996,1,3,0,1,1,220,200,990,730
1482,280278,40,0,1,0,1,96,2,79.38,0,1,70,0,1,1,1561,1,3,0,1,0,255,322,1190,1153
1483,241293,32,0,1,1,0,896,2,69.8544,0,1,100,0,0,1,0,0,1,0,1,1,425,265,637,759
1484,170222,46,1,1,1,0,263,0,90.72,0,0,100,0,1,1,855,1,3,0,0,1,275,277,1822,1368
1485,11975,28,1,0,1,0,1077,0,59.9,0,0,100,0,1,1,977,1,3,0,0,1,298,461,618,799
1486,50642,31,1,0,1,0,892,2,71.6688,0,0,100,0,0,1,0,0,1,0,1,1,481,454,678,548
1487,110720,15,0,0,1,0,1088,1,50.8032,1,0,100,0,1,1,1574,1,3,0,1,0,212,192,877,564
1488,270829,22,1,1,1,0,1022,2,62.5968,0,0,100,0,0,1,0,0,1,1,1,1,411,442,905,1160
1489,140125,36,1,0,1,1,895,3,74.1,0,0,80,0,1,1,1452,1,3,0,1,0,277,257,1237,899
1490,270948,54,1,0,1,0,1067,3,86.6376,0,0,100,0,1,1,1377,1,3,0,1,0,345,388,762,900
1491,250151,46,1,0,1,0,1145,2,73.0296,0,0,100,0,1,1,925,1,3,0,1,0,280,330,1500,1070
1492,20699,25,1,0,1,0,1034,3,75.2976,0,0,100,0,0,1,0,0,1,0,1,0,411,524,496,551
1493,251044,40,1,0,1,0,1054,3,71.6688,0,0,100,0,0,1,0,0,1,1,1,0,335,463,327,500
1494,190597,42,1,0,1,0,963,1,73.0296,0,0,100,0,1,1,676,1,3,0,1,1,245,384,561,753
1495,270884,29,0,1,0,0,1021,2,58.968,0,0,100,0,1,1,175,1,2,0,1,0,463,377,491,481
1496,231066,28,0,0,0,0,1054,1,59.10408,0,0,80,0,1,1,1166,1,3,0,1,0,251,285,337,338
1497,110698,58,0,0,0,0,1039,1,68.4936,0,0,90,0,1,1,1142,1,3,0,1,1,247,381,689,997
1498,71357,32,1,0,1,0,1117,3,92.0808,0,0,100,0,0,1,0,0,1,1,1,0,485,527,610,703
1499,181335,44,1,0,1,0,1055,3,77.3,0,0,90,0,0,1,0,0,1,0,1,0,559,707,805,728
1500,210404,37,1,0,1,0,1154,1,89.04168,0,0,100,0,1,1,882,1,3,0,1,0,384,472,1151,964
1501,320535,32,0,0,1,0,958,3,67.1328,0,1,100,0,0,1,0,0,1,0,1,0,200,164,2720,2266
1502,160269,29,1,0,1,0,1047,2,81.37584,0,0,100,0,1,1,876,1,3,0,1,0,440,401,1139,693
1503,260650,31,1,0,1,0,1139,2,76.5,0,0,100,0,1,1,148,1,3,0,1,0,246,194,346,497
1504,330290,27,1,0,1,0,383,3,65.3184,0,0,100,0,0,1,0,0,1,0,1,1,270,320,380,540
1505,640030,44,0,1,1,0,672,1,77.112,0,1,100,0,0,1,0,0,1,0,1,1,349,390,424,450
1506,150496,31,1,0,1,0,962,2,87.3,0,0,100,0,0,1,0,0,1,0,1,1,352,316,928,902
1507,70385,48,1,0,1,0,1095,3,83.916,0,0,100,0,1,1,997,1,3,0,1,0,454,679,1135,1409
1508,140772,36,1,1,1,0,1024,3,67.0,0,1,80,0,1,1,754,1,3,0,1,1,239,244,1280,1846
1509,340744,30,0,1,0,0,645,0,48.0816,0,0,100,0,0,1,0,0,1,0,0,1,377,389,1113,1269
1510,910036,17,0,0,1,0,624,3,83.916,1,0,90,0,1,1,501,1,3,0,1,1,388,296,1143,971
1511,241337,26,1,0,1,0,1006,3,91.6272,0,0,90,0,0,1,0,0,1,0,1,0,402,490,821,942
1512,170356,37,1,0,1,0,1123,0,94.8024,0,0,90,0,0,1,732,1,3,0,0,1,494,451,1059,1036
1513,81450,42,1,0,1,0,1131,1,79.0,0,0,90,0,1,1,677,1,3,1,1,0,378,450,1134,846
1514,20682,38,1,1,1,1,55,0,69.5,0,0,100,1,1,1,113,1,3,0,0,0,375,179,986,611
1515,580038,63,0,1,1,0,316,2,86.6376,0,0,100,0,0,1,0,0,1,0,1,1,593,440,537,647
1516,330265,34,1,0,1,0,437,0,72.576,0,0,100,0,0,1,0,0,1,0,0,1,260,410,610,740
1517,970031,23,0,1,1,0,1132,2,74.5,1,0,100,0,1,1,100,1,2,0,1,0,255,198,600,530
1518,230228,38,1,0,1,1,391,3,64.4112,0,0,90,0,1,1,917,1,3,0,1,0,175,131,460,737
1519,170945,40,1,0,1,0,1116,1,75.2976,0,1,90,0,1,1,25,1,2,0,1,0,434,617,1236,940
1520,140780,50,1,0,1,1,210,0,82.7,0,0,90,0,1,1,119,1,2,0,0,1,187,139,811,512
1521,60975,28,1,1,1,0,1012,3,70.7616,0,0,90,0,0,1,0,0,1,1,1,0,295,242,415,583
1522,50580,68,1,0,1,0,1159,1,90.5,0,1,100,0,1,1,618,1,3,0,1,0,367,537,696,713
1523,10952,47,1,0,1,0,975,2,87.9984,0,0,100,0,0,1,0,0,1,0,1,0,204,494,936,869
1524,340034,43,1,0,1,0,983,1,69.8544,0,0,100,0,0,1,1267,1,3,0,1,0,648,595,858,941
1525,150461,31,1,0,1,0,1010,3,64.0,0,0,90,0,1,1,918,1,3,0,1,1,300,323,571,493
1526,250449,43,1,0,1,0,980,3,77.112,0,1,90,0,0,1,0,0,1,0,1,1,260,340,1680,1510
1527,150481,36,0,0,1,0,1105,2,67.5,0,0,90,0,1,1,91,1,2,0,1,0,319,385,870,947
1528,71381,45,1,0,1,0,237,2,73.0296,0,0,100,0,0,1,0,0,1,0,1,1,261,192,796,516
1529,610024,33,1,0,1,1,904,3,75.5,0,0,90,0,0,1,0,0,1,0,1,1,112,348,291,541
1530,940519,18,0,1,1,1,314,0,56.8,1,0,100,0,1,1,805,1,3,0,0,0,276,150,1279,805
1531,220120,44,1,0,1,0,1146,1,69.0,0,0,100,0,1,1,933,1,3,0,1,0,580,537,2617,1896
1532,270862,25,1,1,1,0,949,1,51.4836,0,0,100,0,1,1,23,1,2,0,1,0,282,267,574,534
1533,310038,59,0,0,0,1,562,1,53.3,0,0,80,0,1,1,1143,1,3,0,1,1,236,285,354,344
1534,181997,37,0,1,1,0,1112,0,85.7304,0,1,100,0,0,1,0,0,1,0,0,0,352,343,975,1029
1535,150465,29,0,0,1,0,816,1,71.7,1,0,90,0,1,1,1138,1,3,0,1,1,353,257,657,547
1536,180686,29,0,1,0,0,730,1,68.9472,0,0,100,0,1,1,57,1,2,0,1,1,421,551,662,836
1537,210996,42,1,0,1,1,706,2,91.6272,0,0,90,0,0,1,0,0,1,1,1,0,281,353,1161,1149
1538,920031,33,0,0,1,0,1157,0,72.576,1,0,100,0,1,1,112,1,2,0,0,0,346,348,641,713
1539,940529,32,0,0,1,1,781,0,65.95344,1,0,90,0,1,1,421,1,3,0,0,0,416,325,816,598
1540,50608,48,1,0,1,0,1089,1,91.1736,0,0,100,0,1,1,1087,1,3,0,1,0,84,541,706,1516
1541,171003,49,1,0,0,0,306,2,59.1948,0,0,90,0,0,1,0,0,1,0,1,1,331,320,471,368
1542,180220,55,1,0,1,0,1195,1,76.6584,0,0,90,0,1,1,1759,1,3,0,1,0,460,453,1335,1380
1543,210331,44,1,0,1,0,1055,0,83.916,0,0,100,0,1,1,793,1,3,0,0,0,450,454,791,738
1544,570015,38,1,0,1,0,990,1,103.194,0,1,100,0,0,1,0,0,1,0,1,1,200,349,734,1175
1545,90673,31,0,1,0,1,985,3,75.2976,0,0,100,0,1,1,343,1,2,0,1,0,392,249,864,604
1546,270853,37,0,0,0,0,1102,1,70.308,0,0,100,0,0,1,0,0,1,0,1,0,356,478,523,643
1547,320298,36,1,1,0,0,1023,1,51.5,0,0,90,0,0,1,0,0,1,0,1,1,300,228,1240,1254
1548,251058,29,1,0,1,0,1021,0,94.8024,0,0,90,0,0,1,0,0,1,0,0,0,302,552,941,1742
1549,970462,38,0,0,1,1,841,1,82.7,1,0,80,0,1,1,731,1,3,0,1,1,260,365,818,963
1550,211344,34,0,1,1,0,587,0,68.4936,0,0,90,0,0,1,0,0,1,0,0,1,416,656,1567,2333
1551,270756,36,0,0,0,0,938,2,113.4,0,0,100,0,1,1,249,1,2,0,1,1,283,564,500,933
1552,530027,29,0,1,0,0,729,1,63.9576,0,0,100,0,0,1,0,0,1,0,1,0,326,399,1378,951
1553,250221,40,1,0,1,0,896,3,85.5,0,0,90,0,0,1,0,0,1,0,1,0,380,570,770,710
1554,10894,37,0,1,0,0,1206,3,73.0,0,0,100,0,0,1,0,0,1,0,1,0,342,293,1459,1646
1555,240992,28,1,0,1,0,1103,2,103.4208,0,0,90,0,1,1,949,1,3,0,1,0,522,606,1085,1150
1556,310728,39,0,0,1,1,748,2,80.7408,1,0,100,1,1,1,806,1,3,0,1,0,457,230,1306,1094
1557,530025,33,0,1,1,0,918,2,43.00128,0,0,90,0,0,1,0,0,1,0,1,0,181,180,367,494
1558,320391,31,1,0,1,1,313,3,56.3,0,1,90,0,1,1,510,1,3,0,1,0,260,200,1140,940
1559,150141,35,1,0,1,1,904,3,66.0,0,0,90,0,1,1,1729,1,3,0,1,1,387,713,1074,1505
1560,320533,32,1,1,1,0,964,2,64.4112,0,0,100,0,0,1,0,0,1,0,1,0,406,395,630,865
1561,120887,25,1,1,1,1,981,2,64.4112,0,0,90,0,1,1,659,1,3,0,1,0,157,237,288,601
1562,11449,30,1,0,1,0,1187,0,74.844,0,0,100,0,1,1,624,1,3,0,0,0,441,559,583,590
1563,260956,34,1,0,1,1,464,3,65.5,0,0,100,0,0,1,0,0,1,0,1,1,198,162,911,874
1564,320347,38,1,0,1,0,1071,3,67.1,0,0,90,0,0,1,0,0,1,0,1,0,340,410,1160,980
1565,140731,43,1,0,1,1,650,0,94.1,0,0,100,0,0,1,0,0,1,0,0,0,280,226,1706,1456
1566,580020,33,0,0,0,0,1081,0,63.504,0,0,100,0,1,1,919,1,3,0,0,0,348,437,441,379
1567,231023,27,0,0,0,1,472,0,97.9776,0,0,100,0,1,1,934,1,3,1,0,1,386,337,806,931
1568,70541,27,1,0,1,0,1136,1,61.236,0,0,100,0,1,1,939,1,3,1,1,0,420,541,1387,1769
1569,180704,56,1,1,1,0,1049,1,82.1016,0,0,100,0,0,1,0,0,1,0,1,0,460,602,519,369
1570,11986,22,1,1,1,0,1132,1,75.5,0,0,100,0,1,1,283,1,2,0,1,0,315,119,772,703
1571,120937,33,1,1,1,0,315,3,78.9264,0,0,90,0,0,1,0,0,1,1,1,1,234,292,666,1041
1572,180912,29,0,1,1,0,1085,2,71.8,0,1,90,0,1,1,161,1,2,0,1,0,479,454,959,718
1573,251025,38,1,0,1,0,988,2,79.38,0,0,100,0,1,1,928,1,3,1,1,0,239,140,1180,543
1574,620020,28,0,1,0,1,392,0,73.5,0,0,100,0,0,1,0,0,1,0,0,1,381,340,4255,2690
1575,11438,70,1,0,1,0,1101,0,73.9368,0,0,100,0,1,1,674,1,3,0,0,0,429,353,1121,1034
1576,71332,32,0,1,1,1,310,3,78.4728,1,0,100,0,1,1,1175,1,3,0,1,0,363,209,1258,604
1577,20667,50,1,0,1,0,1088,3,117.936,0,0,90,0,1,1,22,1,2,0,1,0,395,440,835,847
1578,490308,20,1,1,1,0,984,0,72.0,0,0,100,0,0,1,539,1,3,0,0,1,215,249,439,389
1579,230080,29,1,0,1,1,812,0,74.844,0,0,100,0,1,1,889,1,3,1,0,0,323,372,576,655
1580,180223,40,1,0,1,1,302,3,78.2,0,0,100,0,1,1,685,1,3,0,1,1,251,341,610,1023
1581,630012,38,0,0,1,1,224,0,94.5,0,1,100,0,0,1,0,0,1,1,0,1,242,142,418,343
1582,10343,25,1,0,1,0,1203,2,68.04,0,0,90,0,1,1,852,1,3,0,1,0,540,590,1590,1330
1583,270057,36,1,0,1,0,1160,3,86.184,0,0,100,0,1,1,925,1,3,0,1,0,384,195,1704,1926
1584,182028,35,0,1,0,1,639,0,73.9368,0,0,100,0,1,1,879,1,3,0,0,0,213,238,1132,750
1585,250441,42,1,0,1,0,1098,2,97.7,0,0,100,0,1,1,358,1,2,0,1,0,410,350,830,840
1586,150432,27,1,0,0,0,1153,1,72.0,0,0,100,0,1,1,106,1,2,0,1,0,523,615,964,1019
1587,240502,42,1,0,1,0,1087,1,81.648,0,0,90,0,1,1,722,1,3,0,1,0,232,179,1352,1072
1588,210766,33,1,0,1,0,1152,1,67.8132,0,0,100,0,0,1,0,0,1,0,1,0,404,464,558,548
1589,940535,31,0,0,1,0,1056,0,81.8,1,0,100,0,0,1,0,0,1,0,0,0,532,449,1719,657
1590,180705,39,0,0,1,0,961,2,85.2768,0,1,90,0,0,1,0,0,1,0,1,1,180,475,274,950
1591,920042,28,0,0,1,0,580,3,108.4104,1,0,100,0,0,1,0,0,1,0,1,1,550,458,1377,1194
1592,11423,64,1,0,1,0,1180,3,77.112,0,0,100,0,1,1,174,1,2,0,1,0,383,469,1430,1797
1593,10917,33,1,0,1,0,1129,1,77.8,0,0,100,0,1,1,512,1,3,0,1,0,293,294,1233,882
1594,90441,27,0,1,0,0,929,0,59.8752,0,0,90,0,0,1,0,0,1,0,0,0,500,540,617,867
1595,50607,36,1,0,1,0,994,0,75.5,0,1,100,0,1,1,70,1,2,0,0,1,269,336,1516,1654
1596,270143,42,1,0,1,1,560,2,76.2048,0,0,100,0,1,1,938,1,3,0,1,0,494,330,784,469
1597,300922,58,1,0,1,1,1017,2,78.246,0,0,90,0,1,1,682,1,3,0,1,0,409,590,520,510
1598,11013,54,1,0,1,1,367,2,71.2,0,1,70,0,1,1,685,1,3,0,1,1,260,270,1830,1360
1599,330247,31,1,0,1,0,991,0,85.7304,0,0,90,0,1,1,504,1,3,0,0,0,350,410,410,620
1600,50609,46,1,0,1,0,1101,0,87.318,0,0,100,0,1,1,940,1,3,1,0,0,488,456,1017,1109
1601,90278,30,1,0,1,1,653,1,67.3596,0,0,100,0,1,1,1316,1,3,0,1,0,489,297,1829,1203
1602,170236,29,0,0,1,0,1132,3,69.4008,0,0,90,0,1,1,1528,1,3,0,1,0,499,591,1002,1096
1603,140809,29,1,0,1,1,594,0,70.0,0,1,100,0,0,1,0,0,1,0,0,1,259,263,975,735
1604,330128,37,0,0,0,0,1081,2,47.628,0,0,100,1,1,1,561,1,3,0,1,1,350,270,930,690
1605,320294,22,1,0,1,0,993,2,60.3288,0,0,100,0,0,1,0,0,1,0,1,0,525,540,1400,1100
1606,70264,39,1,1,1,0,1104,0,71.6688,0,0,100,0,1,1,953,1,3,0,0,0,427,594,660,673
1607,90692,25,1,0,1,1,544,1,63.0504,0,0,90,0,0,1,0,0,1,1,1,1,372,529,1464,1080
1608,60627,32,1,0,1,0,1084,1,68.9472,0,0,90,0,1,1,908,1,3,1,1,0,248,244,745,722
1609,11973,23,1,0,1,1,643,0,55.566,0,0,90,0,1,1,431,1,3,0,0,0,265,549,680,784
1610,11657,48,1,0,1,0,1110,2,78.4728,0,0,100,0,1,1,975,1,3,0,1,0,460,520,1560,1520
1611,60260,38,1,0,1,0,1132,1,78.2,0,0,90,0,1,1,940,1,3,0,1,0,354,345,955,674
1612,250464,47,1,0,1,1,554,1,87.9984,0,0,80,0,1,1,322,1,2,0,1,1,320,350,1350,1050
1613,150075,35,1,0,1,0,1079,3,74.3,0,0,90,0,1,1,896,1,3,0,1,1,438,451,716,857
1614,250106,29,1,0,1,1,815,0,68.4936,0,0,100,0,1,1,1026,1,3,0,0,0,280,290,810,630
1615,41654,27,1,1,1,0,318,3,85.7304,0,0,90,0,1,1,21,1,2,0,1,1,236,162,832,810
1616,320288,31,1,1,1,0,1151,1,64.1844,0,0,100,0,1,1,588,1,3,0,1,0,168,225,1656,795
1617,71376,33,1,0,1,0,1042,1,67.1328,0,0,100,0,0,1,0,0,1,0,1,0,298,544,546,1230
1618,250476,31,1,0,1,0,1087,1,72.8028,0,0,100,0,1,1,718,1,3,0,1,0,310,360,640,600
1619,150168,40,1,0,1,0,1131,1,78.4,0,0,90,0,0,1,1306,1,3,1,1,0,507,392,1498,1255
1620,170288,26,0,0,1,0,286,2,82.1,1,0,100,0,1,1,1231,1,3,0,1,1,216,240,660,761
1621,190281,31,0,0,0,0,1089,1,41.0,0,1,100,0,1,1,1027,1,3,0,1,0,714,330,1155,585
1622,251021,33,1,0,1,0,1077,1,66.906,0,0,90,0,1,1,780,1,3,0,1,1,468,648,1011,1404
1623,110697,31,1,0,1,0,996,0,90.35712,0,0,100,0,1,1,976,1,3,0,0,0,316,432,741,1318
1624,81140,47,1,0,1,0,1104,0,64.4112,0,0,90,0,1,1,508,1,2,0,0,0,264,243,392,432
1625,300935,35,0,1,0,0,429,3,68.2668,0,1,90,0,0,1,0,0,1,0,1,1,366,481,614,703
1626,71370,37,1,0,1,0,966,1,83.4624,0,1,100,0,0,1,0,0,1,0,1,1,239,456,686,729
1627,110792,34,1,0,1,0,904,2,108.864,0,0,90,0,0,1,0,0,1,0,1,1,302,386,786,1020
1628,11450,40,1,0,1,0,1185,1,91.6272,0,0,100,0,0,1,0,0,1,1,1,0,255,486,486,729
1629,300203,32,0,0,0,0,993,3,64.8648,0,1,100,0,1,1,878,1,3,0,1,0,386,365,941,1414
1630,231021,24,0,1,1,0,1139,1,102.06,1,0,100,0,1,1,138,1,2,0,1,0,387,422,1462,1391
1631,60884,34,1,0,1,0,1022,0,79.6,0,0,100,0,0,1,0,0,1,1,0,1,103,237,1084,1313
1632,11679,37,0,0,0,0,1057,2,87.5448,0,1,100,0,0,1,0,0,1,0,1,0,330,480,1130,1050
1633,191627,37,0,1,0,0,1063,2,58.5144,0,0,100,0,0,1,0,0,1,0,1,0,223,288,404,391
1634,50649,35,1,0,1,0,799,2,87.9984,0,0,100,0,0,1,0,0,1,0,1,1,262,305,1696,1301
1635,220420,38,1,0,1,0,1144,3,78.4728,0,0,100,0,1,1,88,1,2,0,1,0,321,278,582,525
1636,270856,25,1,0,1,0,999,3,77.112,0,0,90,0,1,1,676,1,3,0,1,1,280,347,699,627
1637,11157,33,0,0,0,0,1127,0,104.0,0,1,90,0,1,1,1739,1,3,0,0,1,770,420,520,490
1638,910029,16,0,0,1,0,1140,3,58.0608,1,0,100,0,1,1,333,1,2,0,1,1,369,325,906,1044
1639,260920,24,1,0,0,0,1147,1,67.9,0,0,100,0,1,1,118,1,2,0,1,0,310,437,1032,874
1640,110307,26,1,0,1,1,662,0,77.5656,0,0,100,0,1,1,1540,1,3,1,0,0,251,208,850,1007
1641,640022,36,1,1,1,0,678,3,83.916,0,1,70,0,0,1,0,0,1,1,1,1,300,310,550,560
1642,920050,14,0,1,1,0,1087,3,54.2052,1,0,100,0,1,1,610,1,3,0,1,0,290,300,1200,960
1643,71387,38,1,0,1,0,314,1,68.04,0,0,100,0,0,1,0,0,1,1,1,1,198,294,1304,1787
1644,11959,24,0,0,0,0,1160,1,71.0,0,0,100,0,0,1,0,0,1,0,1,0,439,428,2069,1305
1645,150510,24,1,0,1,0,993,0,90.7,0,0,90,0,0,1,0,0,1,0,0,0,359,302,482,380
1646,330242,30,0,0,1,0,990,2,135.1728,0,1,90,0,1,1,30,1,2,1,1,1,220,220,1120,1250
1647,150456,48,1,0,1,0,1139,1,77.5,0,0,90,0,1,1,307,1,2,0,1,0,231,330,326,480
1648,330282,26,0,0,1,1,655,0,105.9156,0,0,90,0,0,1,0,0,1,0,0,1,270,210,3190,1730
1649,150089,46,1,0,1,1,54,0,86.1,0,1,90,0,1,1,1423,1,3,0,0,1,311,88,1867,813
1650,320088,34,1,0,1,0,1134,0,84.2,0,0,90,0,1,1,979,1,3,0,0,0,220,230,620,600
1651,230563,32,1,0,1,0,744,3,77.112,0,0,90,0,1,1,24,1,2,1,1,1,370,475,601,931
1652,241007,41,1,0,1,0,993,2,73.0296,0,0,90,0,1,1,1110,1,3,1,1,1,318,255,2139,1392
1653,20678,44,1,0,1,0,1091,1,71.0,0,0,90,0,1,1,110,1,2,0,1,0,313,457,845,855
1654,250422,37,1,0,1,1,727,0,93.8952,0,0,100,0,1,1,1384,1,3,0,0,0,470,400,870,660
1655,240892,32,1,0,1,1,729,0,75.7512,0,0,90,0,1,1,975,1,3,1,0,0,301,236,437,541
1656,50662,66,1,0,1,1,813,0,84.3696,0,0,100,0,0,1,0,0,1,0,0,1,481,418,1472,1176
1657,20506,30,0,1,1,0,230,2,85.2768,0,1,90,0,1,1,325,1,2,0,1,1,246,269,846,672
1658,150497,31,0,0,0,0,1019,1,60.1,0,1,100,0,1,1,693,1,3,0,1,1,153,235,418,513
1659,90677,26,1,0,1,0,1129,1,63.1,0,0,90,0,1,1,35,1,2,0,1,0,368,571,503,905
1660,250297,39,1,0,1,0,1124,3,76.2048,0,0,100,0,0,1,0,0,1,1,1,0,390,480,910,770
1661,81110,26,0,1,1,0,975,2,70.0812,0,0,100,0,0,1,0,0,1,0,1,0,735,496,798,656
1662,140297,34,1,0,1,0,1187,3,68.2,0,0,100,0,1,1,1104,1,3,0,1,0,292,405,1098,1156
1663,970029,27,0,0,1,0,1144,2,64.5,1,0,100,0,1,1,453,1,3,0,1,0,316,465,1517,1182
1664,150452,26,1,0,1,0,1132,0,79.4,0,0,90,0,1,1,334,1,2,0,0,0,356,286,978,601
1665,250144,54,1,0,1,1,896,0,74.5,0,0,90,0,1,1,959,1,3,1,0,0,460,300,1210,740
1666,140763,31,1,0,1,1,883,2,92.3,0,1,100,0,0,1,0,0,1,0,1,0,293,425,1658,1090
1667,20510,36,0,1,1,1,885,2,75.7512,0,1,90,0,1,1,602,1,3,0,1,1,358,326,1622,1302
1668,40488,42,1,0,1,0,766,3,74.3904,0,0,90,0,1,1,537,1,3,0,1,1,702,503,965,1181
1669,260873,28,1,0,1,0,1067,2,74.2,0,0,100,0,1,1,184,1,2,0,1,1,384,296,1444,1068
1670,150459,33,1,0,1,0,1133,1,67.7,0,0,90,0,1,1,221,1,2,0,1,0,450,518,731,588
1671,11668,26,1,0,1,1,739,1,80.514,0,0,100,0,1,1,495,1,3,0,1,0,250,300,570,660
1672,230502,35,0,1,0,0,1129,3,67.5864,0,0,100,1,1,1,755,1,3,0,1,0,259,205,549,380
1673,71389,42,1,0,1,0,757,1,85.2768,0,0,100,0,0,1,0,0,1,0,1,1,306,318,612,1003
1674,110712,36,1,0,1,1,395,2,78.9264,0,0,100,0,0,1,0,0,1,0,1,0,230,249,1274,1674
1675,300027,50,0,0,1,1,819,0,72.576,0,0,100,0,1,1,885,1,3,1,0,0,266,334,1482,1250
1676,630024,33,1,1,1,1,730,2,65.0,0,0,100,0,0,1,0,0,1,0,1,1,165,158,900,1000
1677,90681,32,1,0,1,1,896,0,78.4728,0,0,90,0,0,1,0,0,1,0,0,0,397,262,1519,886
1678,50631,26,1,1,1,0,941,2,74.844,0,0,100,0,0,1,0,0,1,1,1,1,296,305,620,588
1679,640020,34,0,0,0,0,957,1,72.1224,0,1,90,0,1,1,1035,1,3,0,1,0,350,810,720,1270
1680,81146,35,0,0,0,0,409,3,56.7,0,0,90,0,0,1,0,0,1,0,1,1,456,414,1608,1134
1681,30134,45,1,1,1,0,1027,1,67.1,0,0,100,0,1,1,1480,1,3,0,1,0,0,359,468,659
1682,80558,50,1,1,1,1,706,3,64.4112,0,0,100,0,1,1,914,1,3,0,1,0,432,480,1728,2250
1683,50593,28,1,0,1,0,1122,3,85.5036,0,1,100,0,1,1,778,1,3,0,1,0,209,291,897,1435
1684,170868,30,1,1,1,0,571,0,90.0396,0,0,100,0,1,1,106,1,2,0,0,1,329,307,1254,1233
1685,60614,54,1,0,1,1,456,2,76.2048,0,1,90,0,1,1,945,1,3,0,1,1,412,377,1154,943
1686,180688,37,1,1,1,1,368,3,70.7616,0,0,90,0,0,1,0,0,1,0,1,0,207,353,618,953
1687,320464,26,0,0,1,0,930,1,69.0,1,0,90,0,0,1,0,0,1,0,1,0,390,530,720,420
1688,580018,29,1,0,1,0,1018,0,80.5,0,0,100,0,0,1,0,0,1,0,0,0,450,413,978,826
1689,110648,37,1,0,1,0,1126,1,68.04,0,1,100,0,1,1,658,1,3,0,1,0,246,345,594,591
1690,320473,27,1,0,1,1,612,0,103.4208,0,0,90,0,0,1,0,0,1,0,0,0,143,140,858,994
1691,310761,24,0,0,1,1,561,1,59.0,1,0,100,0,1,1,195,1,2,0,1,0,172,157,847,804
1692,60629,30,1,0,1,0,189,3,84.8232,0,1,100,0,0,1,0,0,1,1,1,1,532,479,458,464
1693,10908,34,1,0,1,0,813,0,72.9,0,0,100,0,1,1,16,1,2,1,0,1,332,254,1571,1698
1694,50583,33,1,1,1,0,1152,1,66.0,0,0,100,0,1,1,1240,1,3,0,1,0,285,294,1084,976
1695,240328,29,0,0,0,0,995,0,59.8752,0,0,90,0,1,1,344,1,2,0,0,1,314,180,504,399
1696,10957,36,0,1,0,0,367,2,53.298,0,0,90,0,0,1,213,1,2,0,1,1,211,270,562,1283
1697,11465,32,1,0,1,0,1145,3,84.8232,0,0,100,0,1,1,130,1,2,0,1,0,520,571,749,605
1698,261047,31,0,0,1,1,822,1,74.7,0,0,100,0,0,1,0,0,1,0,1,0,360,525,662,778
1699,990030,53,1,1,1,0,1104,2,69.8544,1,0,90,0,1,1,753,1,3,0,1,0,419,364,1391,1041
1700,910057,23,0,0,1,0,490,2,63.9576,1,0,100,0,1,1,693,1,3,0,1,1,258,255,499,720
1701,191613,29,0,1,0,0,1109,2,45.8136,0,1,100,0,1,1,671,1,3,0,1,0,237,267,748,788
1702,11128,48,0,1,1,0,1214,0,59.0,0,1,100,0,1,1,163,1,2,0,0,0,430,390,1370,1780
1703,251043,25,1,0,1,0,980,3,48.3084,0,0,90,0,1,1,431,1,3,0,1,1,438,399,700,646
1704,920052,23,0,1,1,0,898,1,66.906,1,0,100,0,0,1,0,0,1,0,1,1,194,264,550,779
1705,190405,26,0,0,0,0,1084,0,67.6,0,0,100,0,0,1,0,0,1,0,0,0,512,566,800,711
1706,140777,46,1,0,1,1,218,1,67.7,0,0,80,0,1,1,73,1,2,1,1,1,255,190,578,535
1707,590059,27,0,1,0,0,992,2,62.5968,0,0,90,0,0,1,0,0,1,0,1,0,647,486,988,638
1708,140738,31,1,0,1,0,1141,3,88.6,0,0,100,0,0,1,0,0,1,0,1,1,343,363,581,557
1709,90667,35,1,1,1,0,1087,2,66.6792,0,0,90,0,0,1,0,0,1,0,1,0,448,470,1253,957
1710,10910,37,1,0,1,1,1014,3,69.0,0,0,100,0,0,1,0,0,1,1,1,0,393,340,923,605
1711,210141,31,1,0,1,1,566,0,72.1224,0,0,100,0,1,1,807,1,3,0,0,0,443,360,1129,823
1712,210978,39,1,0,1,0,1217,3,96.1632,0,0,90,0,0,1,0,0,1,1,1,0,411,679,1020,1334
1713,181994,44,1,0,1,0,1117,1,82.1016,0,0,90,0,1,1,602,1,3,0,1,0,423,517,1111,1193
1714,330248,40,0,0,0,0,1081,1,70.0812,0,1,80,0,0,1,0,0,1,0,1,1,400,550,1250,1020
1715,150502,27,0,0,1,0,1062,1,78.1,0,0,80,0,0,1,0,0,1,0,1,0,410,689,390,766
1716,150349,47,1,0,1,1,477,3,68.4,0,0,90,1,0,1,56,1,2,0,1,0,230,153,450,214
1717,250141,30,1,0,1,0,1147,3,59.6484,0,0,100,0,1,1,922,1,3,0,1,0,310,480,1000,1110
1718,320060,31,1,0,1,0,989,3,72.3,0,0,90,0,1,1,380,1,3,0,1,1,480,470,1000,680
1719,250460,28,1,0,1,1,652,2,79.1,0,0,100,0,1,1,237,1,2,0,1,1,440,310,1000,790
1720,211038,30,1,0,1,1,644,3,53.3,0,0,100,0,1,1,302,1,2,1,1,0,578,524,849,1149
1721,270762,39,1,1,1,1,323,3,54.8856,0,0,100,0,0,1,0,0,1,0,1,0,319,250,3192,2856
1722,11990,29,1,0,1,1,668,2,70.8,0,0,90,0,1,1,977,1,3,1,1,1,517,303,1808,550
1723,50547,36,1,0,1,0,1087,2,68.04,0,1,100,0,0,1,0,0,1,0,1,0,442,422,1021,934
1724,150445,42,1,0,1,0,1146,2,85.4,0,0,90,0,1,1,140,1,2,0,1,0,522,416,1714,994
1725,580023,33,0,1,0,0,1033,2,73.0296,0,0,100,0,1,1,814,1,3,1,1,1,473,428,2451,2606
1726,150458,31,0,1,1,0,1138,0,72.6,0,0,90,0,0,1,0,0,1,0,0,0,373,339,976,1016
1727,270753,25,1,1,1,0,1054,1,75.5244,0,0,100,0,0,1,0,0,1,0,1,0,481,668,577,647
1728,320326,37,1,0,1,0,1010,0,83.28096,0,0,100,0,0,1,0,0,1,0,0,0,420,465,700,675
1729,580027,40,1,0,1,0,1032,1,69.8544,0,0,100,0,1,1,690,1,3,0,1,1,229,293,1038,653
1730,60982,48,1,0,1,1,358,2,79.8336,0,0,90,0,1,1,311,1,2,0,1,1,249,218,932,883
1731,70645,17,0,0,1,0,1146,3,92.7,1,0,90,0,1,1,768,1,3,0,1,0,251,336,858,812
1732,150073,23,0,0,1,0,1166,0,62.0,0,0,90,0,1,1,1662,1,3,0,0,0,421,536,1243,1556
1733,340602,41,1,0,1,1,478,0,78.0192,0,0,100,0,1,1,472,1,3,0,0,0,348,245,932,649
1734,900031,29,0,0,1,0,474,0,62.5,1,0,90,0,0,1,221,1,2,1,0,1,406,314,649,487
1735,430074,28,0,1,0,0,1120,0,88.6,0,0,100,0,0,1,0,0,1,0,0,0,532,616,745,713
1736,230293,29,1,1,1,1,231,3,73.71,0,0,90,0,1,1,33,1,2,1,1,1,186,131,529,608
1737,60282,52,1,0,1,1,469,2,67.1,0,0,90,0,1,1,773,1,3,0,1,0,408,312,1497,1267
1738,300927,40,1,0,1,0,1066,3,69.6276,0,1,100,0,0,1,0,0,1,1,1,0,609,299,1430,883
1739,11358,34,0,0,1,1,561,0,86.6376,0,0,100,0,0,1,0,0,1,0,0,1,168,174,605,640
1740,50611,25,0,1,0,0,966,2,65.3184,0,0,100,0,1,1,290,1,2,0,1,1,337,355,784,770
1741,320392,61,0,0,1,1,746,0,69.8,0,0,90,0,0,1,0,0,1,0,0,0,440,550,1120,1470
1742,10938,50,1,0,1,0,998,1,88.9056,0,0,100,0,0,1,0,0,1,0,1,0,483,729,1208,1742
1743,230765,38,1,0,1,0,1089,3,77.7924,0,0,100,0,1,1,629,1,3,1,1,0,328,423,756,747
1744,230412,42,1,0,1,1,982,3,70.308,0,0,90,0,1,1,857,1,3,1,1,0,285,237,1030,920
1745,11444,27,1,0,1,0,1195,3,72.576,0,0,100,0,0,1,0,0,1,0,1,0,287,397,958,1137
1746,90669,35,1,0,1,1,410,0,94.8024,0,1,90,0,1,1,100,1,2,0,0,0,418,344,1197,1048
1747,320411,26,1,0,1,0,1008,1,67.2,0,0,90,0,1,1,540,1,3,1,1,0,330,400,1530,1230
1748,270137,41,1,0,1,0,1154,0,62.1432,0,0,100,0,1,1,917,1,3,0,0,0,477,342,1273,1235
1749,211314,19,0,1,0,0,406,0,50.8032,0,0,90,0,0,1,0,0,1,0,0,1,298,267,442,353
1750,270845,38,1,0,1,0,1124,1,76.2048,0,0,100,0,1,1,15,1,2,0,1,0,346,390,864,1318
1751,300517,31,0,0,0,0,1087,2,122.472,0,0,100,0,1,1,68,1,2,1,1,0,250,251,985,732
1752,340684,40,1,0,1,1,759,0,83.916,0,1,100,0,1,1,353,1,2,0,0,0,225,212,651,769
1753,110741,37,0,0,0,0,1050,0,56.8,0,1,90,0,1,1,920,1,3,0,0,0,281,371,675,613
1754,140785,34,1,0,1,0,1089,3,80.9,0,0,90,0,1,1,1452,1,3,0,1,0,228,298,1642,1333
1755,70493,33,1,0,1,1,664,3,78.0192,0,0,100,0,1,1,957,1,3,0,1,0,263,246,1316,881
1756,60889,31,1,0,1,0,125,1,95.0,0,0,100,0,0,1,0,0,1,0,1,1,317,348,501,393
1757,251028,32,1,0,1,0,999,3,79.8336,0,0,80,0,1,1,1073,1,3,1,1,1,248,162,1305,1081
1758,40409,38,1,0,1,0,1139,0,79.0,0,0,100,1,0,1,507,1,3,0,0,0,265,226,597,642
1759,50616,40,1,0,1,1,881,2,92.0808,0,0,90,0,1,1,669,1,3,1,1,1,279,252,895,964
1760,330267,31,1,0,1,0,1070,1,56.7,0,0,90,0,1,1,822,1,3,0,1,0,380,380,1220,1290
1761,60965,43,1,0,1,0,1113,3,81.4212,0,0,80,1,1,1,740,1,3,1,1,0,182,217,298,379
1762,140746,38,1,0,1,0,1063,3,87.0,0,0,90,0,1,1,832,1,3,0,1,0,255,285,1149,1155
1763,120252,29,1,1,1,0,1160,3,80.7408,0,0,90,0,1,1,893,1,3,0,1,0,375,264,538,545
1764,110374,50,1,0,1,1,204,3,63.7308,0,0,90,0,1,1,931,1,3,1,1,1,161,132,393,441
1765,140752,27,1,0,1,0,1101,2,75.9,0,0,100,0,0,1,0,0,1,0,1,1,252,272,1093,1190
1766,241150,67,1,0,1,1,299,0,82.1016,0,0,90,0,0,1,0,0,1,0,0,1,296,292,760,814
1767,340689,31,1,1,1,0,1066,2,78.9264,0,0,100,0,1,1,842,1,3,0,1,0,589,612,934,738
1768,170684,28,1,1,1,0,1088,2,92.7,0,0,100,0,1,1,38,1,2,0,1,0,433,402,836,642
1769,630023,26,0,0,1,1,392,0,86.184,0,1,90,0,0,1,0,0,1,0,0,1,342,179,1098,650
1770,110739,37,0,1,1,0,1059,3,70.9884,0,1,90,0,1,1,819,1,3,0,1,1,309,350,995,1010
1771,150809,30,1,0,1,0,986,2,62.7,0,0,100,0,0,1,0,0,1,0,1,0,374,405,1802,1150
1772,140087,43,1,0,1,0,1000,2,80.4,0,0,100,0,1,1,937,1,3,0,1,0,352,308,755,695
1773,300511,29,1,1,1,0,299,2,63.9576,0,0,100,0,0,1,0,0,1,0,1,1,486,596,800,612
1774,580043,27,1,0,1,0,1000,3,70.5348,0,0,100,0,0,1,0,0,1,0,1,0,252,358,1040,1348
1775,340734,26,0,1,0,0,984,2,75.7512,0,0,100,0,1,1,409,1,3,0,1,0,302,419,892,961
1776,300522,39,0,0,1,0,1052,0,98.4312,0,0,100,0,0,1,0,0,1,0,0,0,434,383,1632,1373
1777,211063,31,1,0,1,0,1148,2,75.7,0,0,100,0,0,1,0,0,1,1,1,0,540,551,660,630
1778,191620,36,0,1,0,1,491,0,80.7408,0,0,100,0,0,1,0,0,1,0,0,0,211,291,1007,1224
1779,40422,43,1,1,1,0,1145,1,73.0296,0,0,80,1,0,1,432,1,3,1,1,0,259,277,1038,980
1780,90699,34,1,1,1,0,947,0,64.638,0,0,90,0,0,1,0,0,1,0,0,1,527,340,884,1041
1781,250236,35,1,0,1,0,1136,2,79.6068,0,0,90,0,1,1,505,1,3,0,1,0,470,420,930,530
1782,60927,34,1,1,1,1,454,0,68.04,0,0,90,0,0,1,0,0,1,1,0,1,167,170,1228,1442
1783,11984,43,1,0,1,1,731,0,72.7,0,0,90,1,1,1,807,1,3,0,0,0,262,263,1348,1415
1784,330246,39,1,1,1,1,790,2,75.0708,0,0,100,0,1,1,449,1,3,0,1,1,300,230,920,740
1785,50258,43,1,0,1,0,1125,2,74.3904,0,1,100,0,1,1,631,1,3,0,1,0,303,251,488,442
1786,11195,31,0,1,0,0,1104,2,73.0,0,0,90,0,1,1,189,1,2,1,1,0,240,220,1110,1090
1787,11972,40,1,0,1,0,1081,2,78.0,0,1,90,0,1,1,511,1,3,1,1,1,228,341,520,737
1788,180920,37,0,1,1,0,1120,2,63.6,0,1,90,0,0,1,0,0,1,0,1,0,263,374,677,1106
1789,320390,24,0,1,0,0,1064,3,81.1,0,0,90,0,1,1,7,0,1,0,1,0,420,300,620,610
1790,990071,14,0,0,1,1,465,0,60.0,1,0,100,0,0,1,0,0,1,0,0,0,166,169,999,1838
1791,211082,27,1,1,1,0,1084,3,62.0,0,0,100,0,1,1,149,1,2,0,1,0,378,580,892,1136
1792,230439,34,1,0,1,0,1158,3,76.8852,0,0,90,0,0,1,0,0,1,1,1,0,376,582,2444,1965
1793,81100,62,1,0,1,0,1040,2,83.4624,0,0,100,0,0,1,0,0,1,0,1,0,234,342,845,1254
1794,20706,30,1,0,1,1,581,1,67.3596,0,0,100,0,0,1,0,0,1,1,1,0,311,536,633,768
1795,170509,36,1,0,1,1,786,2,71.8956,0,0,90,0,1,1,403,1,3,1,1,1,224,122,743,720
1796,320409,45,0,0,0,0,1009,0,75.3,0,1,90,0,1,1,391,1,3,1,0,1,240,220,520,412
1797,620409,29,0,0,0,1,813,3,54.0,0,0,100,0,1,1,1201,1,3,1,1,1,182,218,606,764
1798,330141,53,1,0,1,1,631,3,107.5032,0,0,90,0,1,1,888,1,3,0,1,0,290,200,1060,1090
1799,320297,25,1,0,1,0,139,0,66.2256,0,0,100,0,0,1,62,1,2,0,0,1,612,403,522,403
1800,70324,29,1,0,1,0,1063,3,71.71416,1,0,100,0,1,1,563,1,3,0,1,1,339,301,868,851
1801,270863,33,1,0,1,0,1087,0,74.98008,0,0,100,0,1,1,342,1,2,1,0,0,252,225,1165,811
1802,241222,33,1,0,1,1,230,3,78.0192,0,0,90,0,1,1,36,1,2,1,1,1,374,273,838,760
1803,60966,29,1,0,1,0,1113,0,76.2048,0,1,90,0,0,1,0,0,1,0,0,0,196,164,463,391
1804,250463,34,0,1,1,0,426,2,85.5036,0,0,100,0,0,1,0,0,1,0,1,1,480,450,1200,1160
1805,970025,29,0,0,0,0,795,3,57.2,0,0,100,0,1,1,108,1,2,0,1,0,230,323,546,685
1806,530020,29,1,1,1,0,408,2,61.4628,0,0,100,0,0,1,0,0,1,0,1,1,437,484,1139,974
1807,570009,31,0,0,0,0,261,1,68.9472,0,1,100,0,1,1,1033,1,3,1,1,1,266,496,740,1138
1808,140228,40,1,0,1,0,1131,0,75.9,0,0,90,0,1,1,1318,1,3,1,0,0,381,390,1332,1690
1809,50573,55,1,0,1,0,1181,2,90.0,0,0,100,0,1,1,651,1,3,0,1,0,351,345,561,470
1810,11965,30,1,0,1,1,948,2,69.1,0,0,100,0,1,1,444,1,3,0,1,0,218,272,914,1135
1811,261065,20,1,0,1,0,893,0,57.3,0,0,100,0,0,1,0,0,1,0,0,1,488,559,798,952
1812,230844,45,0,0,1,0,1158,0,63.0504,0,0,80,0,0,1,0,0,1,0,0,0,218,284,921,1229
1813,150166,37,1,1,1,1,459,0,93.5,0,0,90,0,1,1,917,1,3,0,0,0,240,249,894,1197
1814,171036,36,0,1,0,0,681,2,50.3496,0,0,100,0,0,1,0,0,1,0,1,1,332,663,1016,832
1815,90674,24,1,0,1,0,796,0,70.7616,0,1,90,0,1,1,75,1,2,0,0,1,410,88,834,396
1816,190393,32,0,1,0,0,1153,2,77.0,0,0,100,0,1,1,847,1,3,0,1,0,342,490,1108,1248
1817,120891,25,1,0,1,0,307,3,59.8752,0,0,100,0,1,1,677,1,3,0,1,1,199,187,899,1156
1818,231112,34,1,0,1,0,990,3,68.9472,0,0,100,0,0,1,0,0,1,0,1,0,459,443,1485,1269
1819,920043,19,0,0,1,0,1140,1,70.308,1,0,100,0,1,1,667,1,3,0,1,0,410,510,913,796
1820,150482,36,1,0,1,0,1105,1,71.1,0,0,90,0,1,1,280,1,2,0,1,0,267,477,840,987
1821,270760,36,1,0,1,0,1012,2,114.3072,0,0,100,0,0,1,0,0,1,0,1,0,284,481,716,962
1822,20187,45,1,0,1,1,767,0,69.0,0,0,90,0,1,1,1423,1,3,0,0,0,334,344,2079,1905
1823,220429,39,1,0,1,0,977,2,91.0,0,0,100,0,1,1,178,1,2,0,1,1,653,395,1359,756
1824,270754,28,1,1,1,0,974,3,71.6688,0,0,100,0,0,1,0,0,1,0,1,1,441,552,378,537
1825,320469,27,1,0,1,0,924,2,86.6,0,0,90,0,0,1,0,0,1,0,1,0,300,510,450,845
1826,250481,38,1,1,1,0,1049,1,65.3184,0,0,100,0,0,1,0,0,1,0,1,0,290,590,510,460
1827,280226,32,0,1,0,0,479,1,58.0608,0,1,100,0,1,1,356,1,2,0,1,1,378,258,1049,870
1828,180922,44,1,1,1,0,1085,3,84.3696,0,1,80,0,1,1,1137,1,3,0,1,1,359,431,1040,1438
1829,210599,29,1,0,1,1,653,3,53.0712,0,0,90,0,0,1,0,0,1,0,1,1,477,400,1034,1475
1830,11454,37,0,0,1,0,1164,1,86.184,0,0,100,0,0,1,0,0,1,0,1,0,559,554,1410,1156
1831,230230,45,1,0,1,1,308,2,73.0296,0,0,90,0,1,1,1113,1,3,0,1,0,309,237,988,1067
1832,110683,37,1,0,1,0,1097,0,77.0,0,0,100,0,1,1,411,1,3,0,0,0,450,410,840,560
1833,280281,44,1,1,0,1,722,3,90.4932,0,0,90,0,1,1,1248,1,3,0,1,1,250,209,2677,2117
1834,70521,33,1,0,1,0,1097,1,55.7928,0,0,100,0,1,1,964,1,3,0,1,0,834,549,3389,1019
1835,630022,39,1,1,1,0,357,1,85.7304,0,0,100,0,0,1,0,0,1,0,1,1,550,248,594,574
1836,181986,36,1,0,1,0,1126,2,86.184,0,0,90,0,1,1,1111,1,3,0,1,0,413,345,1084,642
1837,140718,43,1,0,1,0,1167,1,70.0812,0,0,100,0,0,1,0,0,1,0,1,0,273,276,737,697
1838,140784,27,1,1,1,1,586,3,80.9,0,1,100,0,1,1,842,1,3,0,1,0,390,312,1562,886
1839,640018,62,1,0,1,0,993,1,98.8848,0,0,90,0,0,1,0,0,1,0,1,0,430,380,1040,570
1840,10899,38,1,0,1,0,1074,1,87.0,0,1,90,0,1,1,67,1,2,1,1,1,496,465,2127,2753
1841,140765,34,0,0,1,0,1076,1,67.7,0,1,90,0,1,1,284,1,2,0,1,1,231,419,681,904
1842,110743,39,0,1,1,0,1009,0,66.906,0,1,90,0,1,1,577,1,3,0,0,1,256,306,1099,1296
1843,200114,38,0,0,1,1,313,3,74.3904,0,0,90,0,1,1,374,1,3,0,1,0,146,130,1774,1469
1844,230373,32,1,0,1,1,810,3,78.4728,0,1,100,0,0,1,0,0,1,0,1,0,306,267,572,576
1845,70488,42,1,0,1,0,1094,2,68.4936,0,0,100,0,1,1,840,1,3,1,1,0,333,430,713,860
1846,50652,57,0,0,0,0,972,1,63.2772,0,0,90,0,1,1,122,1,2,0,1,0,144,256,480,492
1847,110733,25,0,1,0,0,583,0,110.6784,0,0,100,0,0,1,0,0,1,0,0,1,611,431,1426,899
1848,71354,30,1,0,1,0,1125,1,70.7616,0,0,100,0,1,1,1826,1,3,1,1,0,284,328,1287,751
1849,250467,38,1,0,1,0,1090,2,91.1736,0,0,90,0,1,1,735,1,3,0,1,0,240,300,500,450
1850,60964,33,1,0,1,0,1121,3,86.184,0,0,90,0,0,1,0,0,1,0,1,0,395,434,1133,1226
1851,41193,55,1,0,1,0,1117,2,78.0192,0,0,90,1,0,1,852,1,3,0,1,0,547,369,1610,1873
1852,10949,30,1,0,1,0,977,3,78.4728,0,0,100,0,0,1,0,0,1,0,1,0,389,355,654,397
1853,970465,16,0,0,1,0,1156,2,57.8,1,0,100,0,1,1,888,1,3,0,1,0,395,529,426,572
1854,110750,51,1,0,1,0,990,3,68.4936,0,0,90,0,1,1,364,1,2,1,1,1,410,283,717,588
1855,120926,25,1,1,1,0,560,2,111.132,0,0,90,0,0,1,0,0,1,0,1,1,451,682,1214,924
1856,10961,29,0,0,1,1,575,1,85.7304,0,0,100,0,0,1,0,0,1,1,1,0,158,302,725,1104
1857,250163,35,1,0,1,0,1037,0,77.7,0,0,90,0,1,1,427,1,3,1,0,1,490,510,1130,820
1858,950077,16,0,0,1,0,1088,2,60.0,1,0,100,0,1,1,844,1,3,1,1,0,440,323,451,323
1859,50644,33,0,1,0,0,983,1,78.3,0,1,100,0,0,1,0,0,1,1,1,0,544,563,806,650
1860,620044,21,1,1,1,0,1010,3,77.0,0,0,100,0,0,1,0,0,1,1,1,0,410,420,1270,1430
1861,170648,44,1,0,1,0,823,0,82.1016,0,0,90,0,1,1,749,1,3,0,0,1,219,258,604,882
1862,50474,59,1,0,1,0,1145,1,87.5448,0,0,100,1,0,1,969,1,3,0,1,0,421,233,1671,1093
1863,220473,35,1,0,1,0,901,2,99.0,0,0,100,0,0,1,0,0,1,0,1,1,399,500,1920,1261
1864,181303,32,1,1,1,0,1163,3,73.4,0,0,90,0,0,1,0,0,1,0,1,0,441,383,1123,1072
1865,250459,29,1,0,1,0,1091,1,74.5,0,0,100,0,0,1,0,0,1,0,1,0,500,660,900,660
1866,150425,27,1,0,1,0,1166,1,56.7,0,0,90,0,0,1,0,0,1,0,1,0,464,497,1206,975
1867,320431,33,1,0,1,0,990,1,74.1636,0,0,100,0,0,1,0,0,1,0,1,0,348,495,552,705
1868,250189,35,1,0,1,0,1101,2,78.246,0,0,100,0,1,1,574,1,3,0,1,0,320,390,870,790
1869,220491,27,1,0,1,0,667,1,75.3,0,0,100,0,0,1,0,0,1,0,1,1,499,330,870,599
1870,81456,37,1,0,1,0,987,1,107.1,0,0,100,0,1,1,204,1,2,0,1,1,324,209,1890,1292
1871,250729,26,1,1,1,1,560,2,83.4624,0,0,90,0,1,1,1177,1,3,0,1,0,340,200,650,800
1872,50638,31,1,0,1,0,915,0,71.8,0,0,100,0,0,1,0,0,1,0,0,1,330,376,1190,1482
1873,10229,35,1,0,1,1,188,0,78.0192,0,0,100,0,1,1,964,1,3,0,0,1,221,132,221,759
1874,50233,36,1,0,1,0,1231,2,72.5,0,0,100,0,1,1,1418,1,3,0,1,0,486,464,986,967
1875,190276,34,0,0,1,0,1097,3,100.3,0,0,100,0,1,1,1019,1,3,0,1,0,365,370,499,392
1876,910031,22,0,0,0,0,1106,1,52.75368,0,0,100,0,1,1,565,1,3,0,1,1,214,204,844,911
1877,340710,46,1,1,1,0,1117,2,78.0192,0,1,80,1,0,1,76,1,2,0,1,1,246,376,786,1088
1878,300907,31,0,0,0,0,1057,1,63.0504,0,1,90,0,0,1,83,1,2,0,1,0,428,748,551,983
1879,250461,27,1,0,1,0,1090,0,97.524,0,0,100,0,1,1,495,1,3,0,0,0,410,570,950,1140
1880,170987,29,1,1,0,0,452,0,79.38,0,0,90,0,0,1,0,0,1,0,0,1,264,330,644,617
1881,181348,35,0,1,0,0,1081,2,62.3,0,0,90,0,1,1,493,1,3,0,1,0,401,400,836,713
1882,530023,30,0,1,0,0,1015,2,92.0808,0,0,100,0,0,1,0,0,1,0,1,0,279,250,859,811
1883,160383,28,0,1,0,0,974,3,44.18064,0,0,100,0,0,1,0,0,1,0,1,0,502,507,1363,1014
1884,140589,43,1,0,1,0,1181,3,81.0,0,0,100,0,0,1,0,0,1,0,1,0,458,614,931,979
1885,140287,35,1,0,1,1,646,1,77.5,0,0,90,0,1,1,722,1,3,1,1,0,280,265,1703,1020
1886,71341,30,1,0,1,1,310,0,84.5964,0,0,100,0,1,1,129,1,2,0,0,1,273,180,2072,1406
1887,630043,27,1,1,1,0,990,1,72.5,0,0,100,0,0,1,0,0,1,0,1,0,328,418,218,220
1888,250288,37,1,0,1,0,1132,1,76.2048,0,0,90,0,1,1,768,1,3,0,1,0,380,390,710,940
1889,211073,23,1,1,1,1,959,3,85.5,0,0,90,0,0,1,0,0,1,0,1,0,715,716,770,774
1890,320408,25,1,0,1,1,886,0,103.5,0,0,90,0,1,1,508,1,3,1,0,1,280,300,850,1190
1891,220447,32,0,0,0,0,993,3,63.6,0,0,100,0,1,1,353,1,2,0,1,1,275,473,301,715
1892,270846,49,1,0,1,0,1124,1,76.2048,0,0,100,0,0,1,0,0,1,0,1,0,455,478,1176,534
1893,280282,27,0,0,0,0,971,3,66.4524,0,1,80,0,1,1,943,1,3,0,1,0,649,784,2220,1874
1894,251068,40,1,1,1,0,824,1,68.04,0,0,100,0,0,1,0,0,1,0,1,1,477,566,542,616
1895,60625,42,1,0,1,1,476,0,70.7616,0,0,90,0,1,1,503,1,3,1,0,0,358,290,689,440
1896,81457,41,1,0,1,0,975,1,75.1,0,0,100,0,0,1,0,0,1,1,1,1,414,400,1080,976
1897,191625,20,0,0,1,0,513,2,84.8232,0,1,100,0,0,1,0,0,1,1,1,1,422,574,1356,1053
1898,220492,37,1,0,1,0,986,0,78.5,0,0,100,0,0,1,0,0,1,0,0,0,410,397,623,525
1899,231030,29,1,0,1,0,1123,1,86.72832,0,0,100,0,1,1,20,1,2,0,1,0,218,303,1142,1492
1900,300010,30,1,0,1,0,977,0,65.0,0,0,80,0,1,1,416,1,3,1,0,1,171,191,477,428
1901,320502,25,1,0,1,0,919,1,53.1,0,0,90,0,0,1,0,0,1,0,1,1,220,380,480,570
1902,80499,36,1,0,1,0,1138,3,82.5552,0,0,100,0,1,1,1379,1,3,0,1,0,380,688,270,480
1903,240513,28,0,1,0,1,324,2,69.4008,0,0,100,0,1,1,288,1,2,0,1,1,225,179,933,676
1904,320322,25,1,0,1,1,549,2,63.59472,0,0,90,0,1,1,1856,1,3,0,1,1,280,154,1180,1408
1905,50589,28,1,0,1,1,966,2,78.4,0,0,100,0,1,1,433,1,3,0,1,1,184,178,855,633
1906,50650,30,1,1,1,0,334,0,62.5968,0,0,100,0,0,1,0,0,1,1,0,1,394,338,1170,1126
1907,71337,33,1,1,1,1,866,2,70.7616,0,0,100,0,0,1,0,0,1,0,1,0,513,576,1512,1368
1908,320198,26,1,0,1,0,835,2,59.8752,0,0,90,0,0,1,0,0,1,1,1,1,170,288,348,376
1909,300921,37,0,1,0,1,612,3,63.504,0,0,90,0,1,1,1191,1,3,0,1,0,389,372,552,586
1910,250438,52,0,1,1,1,623,3,51.4,0,0,90,0,1,1,665,1,3,0,1,1,480,580,1020,880
1911,181304,30,1,0,1,0,1174,1,77.3,0,0,100,0,0,1,0,0,1,0,1,0,309,666,806,1110
1912,610040,28,1,0,1,0,989,3,88.9,0,1,90,0,0,1,0,0,1,0,1,0,322,251,1041,529
1913,140690,45,0,0,0,0,1138,2,66.4,0,1,90,0,1,1,224,1,2,0,1,0,171,202,237,367
1914,270831,47,1,0,1,0,1159,3,104.1012,0,0,100,0,0,1,0,0,1,1,1,0,272,250,2178,1921
1915,140769,50,1,0,1,0,1069,3,83.3,0,0,80,0,0,1,0,0,1,1,1,0,391,441,858,779
1916,81459,35,1,0,1,0,1020,1,76.4,0,0,90,0,0,1,0,0,1,0,1,0,504,462,1323,1239
1917,950034,40,0,0,1,0,1145,1,86.4108,1,0,100,0,1,1,715,1,3,0,1,0,296,368,395,451
1918,71330,32,1,0,1,0,1189,2,82.5552,0,0,100,0,0,1,0,0,1,0,1,0,351,526,729,1019
1919,220442,36,0,0,0,1,334,2,69.5,0,1,90,0,1,1,799,1,3,0,1,1,215,178,265,311
1920,220130,30,0,0,0,0,1119,0,57.6072,0,0,100,0,1,1,1003,1,3,0,0,0,672,642,636,686
1921,260879,32,1,0,1,0,916,1,69.8,0,1,100,0,0,1,0,0,1,0,1,1,435,459,886,855
1922,940534,13,0,0,1,0,265,2,62.86896,1,0,100,0,0,1,366,1,2,0,1,1,445,286,810,678
1923,110751,27,1,0,1,0,978,2,59.6484,0,0,100,0,0,1,0,0,1,0,1,1,447,441,729,661
1924,50321,38,0,1,0,0,720,0,65.3184,0,0,100,0,1,1,250,1,2,0,0,1,195,172,566,454
1925,220488,36,0,1,1,0,971,3,78.246,0,1,90,0,0,1,0,0,1,0,1,1,379,243,740,827
1926,261058,29,1,0,1,0,1002,2,70.8,0,0,100,0,0,1,0,0,1,0,1,1,918,576,2793,1237
1927,340763,25,1,1,1,0,984,2,56.2464,0,0,100,0,0,1,0,0,1,0,1,0,434,633,493,544
1928,170472,31,1,1,1,1,839,0,58.8,0,0,100,1,1,1,764,1,3,1,0,0,203,166,820,618
1929,110373,46,1,0,1,1,564,1,64.95552,0,0,80,0,1,1,1098,1,3,1,1,0,259,283,770,916
1930,231046,36,1,0,1,1,33,0,74.3904,0,0,80,0,1,1,381,1,3,1,0,1,173,160,724,649
1931,231049,32,1,0,1,0,1088,2,80.7408,0,0,90,0,0,1,0,0,1,0,1,0,447,490,1247,1180
1932,300932,31,0,1,0,0,897,3,62.37,0,0,90,0,0,1,0,0,1,0,1,1,243,210,648,409
1933,620058,31,1,1,1,1,423,1,80.5,0,0,100,0,0,1,0,0,1,0,1,0,170,160,570,350
1934,350247,41,0,0,1,0,976,3,104.0,0,0,100,0,1,1,1320,1,3,0,1,0,528,500,607,695
1935,150468,39,0,0,1,0,1115,1,86.0,0,1,100,0,0,1,0,0,1,1,1,0,221,309,1045,2132
1936,540009,32,0,1,0,1,432,2,65.4,0,0,100,0,1,1,588,1,3,0,1,1,250,240,570,600
1937,71378,37,1,0,1,1,419,3,79.8336,0,0,100,0,0,1,0,0,1,1,1,0,356,324,2884,2106
1938,160381,30,1,0,1,0,1021,0,83.50776,0,0,100,0,0,1,0,0,1,0,0,0,375,294,1054,645
1939,181291,38,1,0,1,0,1079,2,83.6,0,0,100,0,0,1,0,0,1,0,1,0,276,415,414,860
1940,11435,28,1,0,1,1,650,1,63.2772,0,0,90,0,0,1,0,0,1,0,1,0,319,402,1642,1230
1941,580034,28,0,0,0,1,729,3,87.9984,0,0,100,0,1,1,832,1,3,0,1,0,316,336,700,890
1942,160344,29,1,0,1,0,1116,0,71.442,0,0,100,0,1,1,175,1,2,0,0,0,421,475,644,700
1943,210865,49,1,0,1,1,169,0,82.1016,0,0,100,0,1,1,480,1,3,0,0,1,425,246,2248,1814
1944,110581,37,0,0,1,0,1182,0,47.8,1,0,100,1,0,1,391,1,3,0,0,0,170,130,420,420
1945,50207,46,1,0,1,0,1104,1,66.6792,0,0,100,0,1,1,1589,1,3,1,1,0,319,305,1475,894
1946,310764,30,1,0,1,0,993,3,63.9576,1,0,100,0,1,1,1755,1,3,0,1,0,250,347,1248,1198
1947,570012,45,1,0,1,1,569,0,90.2664,0,0,100,0,0,1,0,0,1,0,0,1,307,559,863,1046
1948,120898,42,1,0,1,0,1154,0,55.2,0,0,90,0,0,1,0,0,1,0,0,0,522,329,1066,1340
1949,150511,31,1,1,1,0,992,3,79.3,0,0,100,0,0,1,0,0,1,0,1,0,276,331,371,408
1950,220454,35,0,0,0,0,1087,3,59.1,0,0,100,0,1,1,33,1,2,0,1,0,327,560,740,613
1951,210561,39,1,0,1,0,1159,1,81.648,0,1,90,0,1,1,482,1,3,0,1,0,358,216,1574,1242
1952,190540,33,0,1,0,0,1147,2,57.1536,0,0,100,0,0,1,1420,1,3,0,1,0,463,489,594,554
1953,630042,31,1,0,1,0,997,0,76.11408,0,0,100,0,0,1,0,0,1,0,0,0,420,468,706,916
1954,50137,50,1,0,1,1,243,0,78.4728,0,0,100,0,1,1,935,1,3,0,0,1,312,309,1146,1186
1955,330276,31,0,1,0,0,637,3,63.504,0,1,90,0,0,1,0,0,1,0,1,1,230,200,960,1030
1956,260981,24,0,1,1,0,321,3,71.5,0,0,100,0,1,1,30,1,2,0,1,1,243,177,693,647
1957,320362,49,1,1,1,0,1042,1,56.42784,0,1,90,0,0,1,0,0,1,0,1,0,450,364,1152,686
1958,610027,34,1,1,1,0,1006,2,66.4,0,0,100,0,0,1,0,0,1,1,1,0,307,344,970,935
1959,182030,24,1,1,1,1,589,1,61.236,0,0,90,0,0,1,0,0,1,0,1,1,276,162,1381,1247
1960,170645,41,0,1,0,0,1104,1,74.3904,0,0,90,0,1,1,111,1,2,0,1,0,480,715,707,677
1961,251029,37,1,0,1,0,1123,0,65.772,0,0,90,0,1,1,113,1,2,1,0,0,358,391,1054,768
1962,81135,31,1,1,1,0,1117,1,66.2256,0,0,100,0,0,1,0,0,1,0,1,0,198,693,1206,1914
1963,910028,38,0,0,1,1,644,1,74.1636,1,0,100,0,1,1,448,1,3,1,1,1,267,226,956,785
1964,11479,34,1,1,1,0,1089,1,83.916,0,0,100,0,0,1,0,0,1,0,1,0,376,681,1129,1362
1965,620410,23,0,1,0,0,1052,2,60.5,0,0,100,0,1,1,994,1,3,0,1,0,311,334,246,195
1966,90684,35,1,1,1,0,1063,3,83.4624,0,1,90,0,0,1,0,0,1,0,1,0,457,341,1053,900
1967,140400,41,1,0,1,0,1121,1,85.5,0,0,100,0,1,1,1131,1,3,0,1,1,522,408,1682,1417
1968,71377,38,1,0,1,1,896,1,68.04,0,0,100,0,0,1,0,0,1,1,1,0,177,433,1242,1347
1969,270839,34,1,0,1,0,1065,3,67.5864,0,0,100,0,0,1,0,0,1,0,1,0,358,529,895,1124
1970,180702,22,0,0,0,1,250,3,105.6888,0,0,100,0,0,1,0,0,1,0,1,1,281,172,766,624
1971,50596,21,1,1,1,0,1123,3,59.0,0,0,100,0,1,1,291,1,2,0,1,0,359,423,766,974
1972,210995,53,1,0,1,0,1224,3,97.524,0,0,90,0,0,1,0,0,1,0,1,0,374,506,1342,1012
1973,270854,40,1,0,1,0,1098,0,81.8748,0,0,100,0,1,1,26,1,2,1,0,0,296,222,2048,1750
1974,340702,39,1,0,1,0,797,2,63.0504,0,1,100,0,1,1,19,1,2,0,1,0,317,315,864,666
1975,940538,28,0,1,1,0,588,3,76.8852,1,0,90,0,1,1,524,1,3,0,1,1,305,286,1119,778
1976,90703,24,0,1,0,1,575,1,61.6896,0,0,90,0,0,1,34,1,2,0,1,0,210,231,1327,1733
1977,71372,30,1,0,1,0,331,2,51.4836,0,0,100,0,0,1,0,0,1,1,1,1,357,393,727,903
1978,330240,40,0,0,1,0,1087,1,80.5,0,1,100,0,1,1,751,1,3,0,1,0,480,440,2638,1510
1979,630030,29,0,1,1,1,623,0,88.17984,0,1,100,0,0,1,0,0,1,1,0,1,378,530,864,545
1980,540023,39,0,1,0,0,986,2,73.9368,0,0,100,0,0,1,0,0,1,0,1,0,420,590,730,1050
1981,71369,52,0,1,0,1,647,0,72.576,0,0,100,0,1,1,376,1,3,0,0,0,459,248,1704,936
1982,10056,48,0,0,0,0,948,2,89.8128,0,0,100,0,0,1,0,0,1,0,1,0,422,477,566,324
1983,120945,28,0,1,1,0,985,3,88.452,0,0,90,0,0,1,0,0,1,0,1,0,478,403,1310,807
1984,120918,30,0,0,0,0,1080,1,70.7616,0,0,90,0,1,1,104,1,2,0,1,0,611,793,1363,960
1985,140735,29,1,0,1,0,1179,2,105.9,0,0,100,0,1,1,387,1,3,0,1,0,477,612,893,936
1986,230686,35,1,1,1,0,1105,0,87.0912,0,0,90,0,1,1,795,1,3,1,0,0,369,289,654,474
1987,220478,36,0,0,0,0,1020,1,62.7,0,0,100,0,0,1,0,0,1,0,1,0,670,693,1571,871
1988,81532,40,0,1,0,0,395,0,78.0192,0,1,90,0,1,1,870,1,3,1,0,1,527,378,702,812
1989,180925,49,1,1,1,0,1011,2,115.668,0,0,100,0,0,1,0,0,1,0,1,0,442,461,1794,883
1990,120927,51,1,0,1,0,680,0,60.3288,0,0,90,0,0,1,0,0,1,0,0,1,291,334,1012,1104
1991,180315,31,0,1,0,0,739,1,57.6072,0,0,100,0,0,1,0,0,1,0,1,0,468,584,576,482
1992,630021,32,0,0,0,1,383,0,64.4112,0,1,100,0,1,1,863,1,3,0,0,1,234,189,225,294
1993,970474,23,0,0,1,0,1124,3,66.2,1,0,100,0,1,1,1327,1,3,0,1,0,266,342,577,535
1994,90695,22,0,1,0,0,1054,3,72.576,0,0,100,0,0,1,0,0,1,0,1,0,373,493,1205,1010
1995,230728,27,1,0,1,0,903,2,81.78408,0,0,100,0,0,1,0,0,1,0,1,0,471,705,886,992
1996,251048,31,1,0,1,1,648,1,70.308,0,1,90,0,0,1,121,1,2,0,1,0,510,588,1557,1324
1997,120911,32,0,1,0,0,1117,1,59.4216,0,0,90,0,0,1,0,0,1,0,1,0,231,327,682,720
1998,180462,33,1,0,1,0,1160,2,75.4,0,0,100,0,1,1,915,1,3,0,1,0,439,365,1117,1003
1999,990018,27,0,0,1,0,413,3,80.2872,1,0,70,0,1,1,2078,1,3,0,1,1,321,222,910,1009
2000,980038,16,0,1,1,1,889,2,55.0,1,0,90,0,1,1,791,1,3,0,1,0,198,199,954,811
2001,250490,44,1,0,1,0,990,0,89.8128,0,0,100,0,0,1,0,0,1,0,0,0,270,370,890,850
2002,11669,27,1,0,1,0,1047,0,76.2048,0,0,100,0,0,1,0,0,1,0,0,1,440,630,460,710
2003,11197,36,0,1,1,0,1074,2,63.5,0,1,90,0,0,1,0,0,1,0,1,0,270,230,1690,1180
2004,110762,36,0,1,1,0,1068,0,80.0,0,1,100,0,0,1,0,0,1,0,0,0,600,810,2090,1700
2005,70479,36,1,0,1,1,197,0,83.916,0,0,100,0,1,1,7,0,1,0,0,1,222,285,714,1093
2006,920032,23,0,0,1,0,1157,2,80.7408,1,0,100,0,1,1,843,1,3,0,1,0,524,492,690,812
2007,10918,43,1,0,1,1,391,1,102.7,0,0,90,0,1,1,672,1,3,1,1,1,224,101,1684,988
2008,150421,38,1,0,1,0,1167,3,81.2,0,0,90,0,0,1,0,0,1,0,1,0,478,485,661,509
2009,10378,27,0,0,0,0,1062,0,67.3,0,1,90,0,1,1,875,1,3,0,0,0,350,440,750,990
2010,50622,33,1,1,1,0,1068,0,71.8956,0,0,100,0,0,1,0,0,1,0,0,0,291,325,683,945
2011,90691,33,0,1,0,0,1089,0,69.8544,0,0,90,0,1,1,105,1,2,0,0,0,362,367,785,621
2012,11662,43,1,0,1,0,1071,3,82.5552,0,0,100,0,1,1,330,1,2,0,1,1,230,200,1550,1200
2013,50582,29,1,0,1,0,1152,0,74.6172,0,0,100,0,1,1,293,1,2,0,0,0,293,310,1251,958
2014,60228,56,1,0,1,0,1125,3,83.1,0,1,90,0,1,1,951,1,3,0,1,0,367,337,649,449
2015,11187,40,0,1,1,0,820,1,78.5,0,1,90,0,1,1,688,1,3,0,1,1,280,280,1130,910
2016,960010,31,0,0,1,0,1016,2,82.3284,1,0,100,0,1,1,459,1,3,0,1,0,323,373,1394,1021
2017,211239,29,1,1,1,0,1176,3,78.4728,0,0,90,0,0,1,0,0,1,0,1,1,229,249,688,611
2018,10432,34,0,1,0,0,1119,2,60.3288,0,0,100,0,1,1,854,1,3,0,1,0,233,240,1462,1170
2019,620042,39,0,1,1,0,874,0,71.3,0,1,100,0,0,1,0,0,1,0,0,1,490,430,1030,1040
2020,260060,48,1,0,1,0,988,3,83.4,0,1,100,0,1,1,1409,1,3,1,1,1,378,373,977,987
2021,310226,31,1,0,1,0,1068,3,95.5,0,0,90,0,1,1,199,1,2,0,1,0,302,554,478,595
2022,150492,30,1,0,1,1,146,2,68.2,0,0,80,0,1,1,37,1,2,1,1,1,228,81,497,311
2023,60978,29,1,0,1,0,1118,3,84.8232,0,0,90,0,1,1,78,1,2,0,1,0,544,1040,1087,1255
2024,150167,49,0,0,1,1,402,3,99.0,0,0,100,0,1,1,931,1,3,1,1,1,297,214,1863,1322
2025,630016,49,0,0,0,0,910,1,55.7,0,0,100,0,1,1,607,1,3,0,1,0,200,352,500,649
2026,340754,37,0,0,1,0,1038,2,105.0,0,0,100,0,0,1,0,0,1,0,1,1,242,283,1560,1869
2027,920044,28,0,0,1,0,1133,0,114.7608,1,0,100,0,0,1,0,0,1,0,0,0,396,318,990,801
2028,11083,36,1,0,1,1,811,3,85.5,0,0,90,0,1,1,1182,1,3,1,1,1,360,210,680,530
2029,60923,34,0,1,1,0,1080,2,70.7616,0,0,90,0,0,1,0,0,1,0,1,0,267,282,431,235
2030,170398,34,1,0,1,0,1130,1,74.3904,0,0,100,0,1,1,985,1,3,0,1,0,449,608,1337,996
2031,960016,32,1,0,1,0,987,1,53.7516,1,0,90,0,0,1,56,1,2,0,1,0,383,520,405,560
2032,170965,39,1,0,1,0,1049,3,73.0296,0,0,100,0,0,1,0,0,1,0,1,0,226,383,761,995
2033,950075,16,0,0,1,0,1088,1,41.0,1,0,100,0,1,1,626,1,3,0,1,0,458,453,1861,1841
2034,640009,52,0,1,0,0,1033,0,91.1736,0,0,90,0,0,1,0,0,1,0,0,0,238,260,792,730
2035,610035,28,1,0,1,0,989,1,67.6,0,0,90,0,0,1,0,0,1,0,1,0,378,457,972,1054
2036,150450,26,1,1,1,0,755,1,57.5,0,0,90,0,0,1,0,0,1,0,1,1,551,497,1914,1490
2037,110680,39,1,0,1,0,301,3,104.0,0,0,100,0,1,1,245,1,2,0,1,1,300,240,1950,1580
2038,60972,35,0,1,0,0,310,0,63.0504,0,0,90,0,0,1,0,0,1,0,0,1,238,416,926,637
2039,211360,70,1,0,1,0,1018,3,63.0504,0,0,90,0,0,1,0,0,1,0,1,0,479,574,682,500
2040,920051,16,0,1,1,0,1077,1,54.8856,1,0,100,0,1,1,833,1,3,0,1,0,470,550,950,920
2041,310712,41,0,0,1,0,1001,2,65.0916,1,0,100,1,0,1,962,1,3,0,1,1,99,80,105,173
2042,140714,63,1,0,1,1,817,0,92.0808,0,0,90,0,1,1,76,1,2,0,0,0,213,254,1314,1481
2043,270879,31,0,0,0,0,1041,2,49.4424,0,0,100,0,0,1,0,0,1,0,1,0,407,464,925,815
2044,140791,20,0,0,1,0,1063,1,71.1,0,0,100,0,0,1,0,0,1,0,1,1,353,485,859,1151
2045,60616,43,1,0,1,1,488,3,57.1536,0,1,90,0,0,1,0,0,1,0,1,0,245,272,408,653
2046,940527,30,0,0,1,0,1129,2,83.82528,1,1,100,0,0,1,0,0,1,0,1,0,248,276,538,444
2047,171001,30,1,0,1,0,552,1,83.8,0,0,90,0,0,1,0,0,1,0,1,1,249,433,1341,847
2048,270752,37,1,0,1,1,507,0,79.38,0,0,100,0,0,1,0,0,1,0,0,1,385,277,819,713
2049,170632,36,1,0,1,0,1123,2,73.0296,0,0,90,0,0,1,578,1,3,1,1,0,311,359,812,815
2050,150449,31,1,0,1,1,977,2,72.2,0,0,90,0,1,1,773,1,3,0,1,0,191,211,996,782
2051,50648,21,1,0,1,0,881,2,96.6168,0,0,100,0,0,1,0,0,1,0,1,1,351,324,536,469
2052,60928,28,1,1,1,0,791,1,58.968,0,0,90,0,0,1,0,0,1,1,1,1,235,269,370,359
2053,140805,33,1,0,1,0,917,3,78.1,0,0,90,0,0,1,0,0,1,0,1,1,420,464,1457,1281
2054,310763,40,0,0,0,0,1091,0,71.3,0,0,100,0,0,1,0,0,1,0,0,0,503,432,797,734
2055,980041,25,0,0,1,0,1101,3,65.0,1,0,90,0,1,1,754,1,3,0,1,0,252,241,672,421
2056,150435,29,1,0,1,1,484,3,74.7,0,0,80,0,1,1,339,1,2,0,1,1,339,231,999,1056
2057,20208,37,1,0,1,0,1088,3,63.2,0,0,100,0,1,1,980,1,3,0,1,0,202,231,893,1107
2058,71347,35,0,0,0,0,1139,0,65.772,0,0,100,0,0,1,0,0,1,0,0,0,527,570,615,765
2059,910044,23,0,0,1,0,1002,0,63.1,1,0,100,0,1,1,344,1,2,0,0,0,309,248,540,397
2060,211255,33,1,1,1,0,1167,1,80.514,0,0,90,0,1,1,90,1,2,0,1,0,246,365,1574,1740
2061,340735,37,0,0,0,0,1050,0,58.968,0,1,100,0,0,1,0,0,1,0,0,0,485,561,908,673
2062,970475,22,0,0,1,1,826,0,99.6,1,0,100,0,0,1,0,0,1,0,0,0,478,528,632,783
2063,280286,26,0,1,0,0,424,1,47.628,0,0,100,0,1,1,202,1,2,0,1,1,391,568,681,803
2064,41650,30,0,1,0,0,1133,1,59.4216,0,0,80,0,1,1,617,1,3,0,1,0,372,559,688,1398
2065,11676,25,0,0,0,0,1028,1,63.504,0,0,90,0,0,1,44,1,2,0,1,0,650,490,1510,890
2066,10389,47,1,0,1,1,322,1,94.0,0,0,100,0,1,1,1421,1,3,0,1,1,180,200,710,830
2067,940540,32,0,0,1,0,1088,1,70.2,1,0,100,0,1,1,1417,1,3,0,1,0,313,307,2784,1794
2068,50637,42,0,0,0,0,997,3,57.8,0,0,90,0,1,1,161,1,2,0,1,0,131,137,207,436
2069,620047,35,1,0,1,0,1011,2,64.2,0,0,100,0,0,1,0,0,1,1,1,0,260,500,1010,1590
2070,90676,33,1,0,1,1,867,2,79.1532,0,0,90,0,1,1,311,1,2,1,1,0,145,191,769,840
2071,81445,42,1,0,1,0,1103,0,59.1,0,0,90,0,1,1,123,1,2,0,0,1,380,369,1020,1544
2072,11158,36,0,1,0,0,1083,2,52.0,0,0,90,0,1,1,667,1,3,0,1,0,430,300,1160,990
2073,140750,35,1,0,1,0,1154,1,86.6376,0,0,100,0,1,1,138,1,2,0,1,0,520,600,1253,1152
2074,640021,40,0,0,0,1,491,0,62.5968,0,0,90,0,1,1,514,1,3,0,0,1,410,450,1760,3130
2075,70643,15,0,0,1,0,1126,1,59.0,1,0,100,0,1,1,896,1,3,0,1,1,286,256,507,419
2076,920048,44,0,0,1,0,1105,2,82.1016,1,0,100,0,1,1,918,1,3,0,1,0,534,360,383,270
2077,330234,44,1,0,1,0,331,0,79.38,0,0,90,0,1,1,14,1,2,0,0,1,300,240,2130,1970
2078,520012,29,0,0,1,0,1001,2,86.6376,0,1,90,0,1,1,939,1,3,0,1,1,223,338,892,1206
2079,71155,31,1,0,1,1,898,3,76.6584,0,1,100,0,1,1,1313,1,3,1,1,0,166,289,1325,1253
2080,170963,37,1,0,1,0,925,0,88.6788,0,0,90,0,0,1,0,0,1,0,0,1,355,370,595,349
2081,181319,38,0,1,0,0,1070,0,49.8,0,1,90,0,0,1,354,1,2,0,0,0,357,376,796,1228
2082,970027,37,0,0,1,0,1154,1,82.7,1,0,100,0,1,1,745,1,3,0,1,0,358,481,1150,927
2083,81145,51,1,0,1,0,1034,1,96.1632,0,0,100,0,0,1,0,0,1,0,1,0,276,406,648,658
2084,340767,19,1,1,1,0,1002,0,74.844,0,0,100,0,0,1,0,0,1,0,0,0,503,452,429,480
2085,540021,43,0,1,1,0,986,1,79.8336,0,1,90,0,0,1,0,0,1,0,1,0,200,270,450,650
2086,50630,50,1,1,1,0,1014,2,65.772,0,1,100,0,0,1,0,0,1,0,1,0,515,403,1396,1132
2087,340285,38,1,0,1,0,1101,2,83.916,0,0,100,0,1,1,1089,1,3,0,1,1,363,246,1164,830
2088,230233,45,1,0,1,0,1081,1,86.6376,0,0,100,0,0,1,0,0,1,0,1,0,423,615,847,884
2089,940547,20,0,0,1,1,699,1,71.9,1,0,100,0,0,1,0,0,1,0,1,0,290,176,841,897
2090,320348,25,1,0,1,1,493,1,68.3,0,0,90,0,1,1,10,1,2,1,1,0,340,190,916,560
2091,211281,30,1,0,1,0,1069,1,81.3,0,0,90,0,0,1,0,0,1,0,1,0,418,450,1722,1043
2092,170846,27,1,0,1,0,1074,0,76.2048,0,0,90,0,0,1,0,0,1,0,0,0,456,438,757,632
2093,271735,28,1,0,1,0,1178,1,85.7304,0,0,100,0,0,1,0,0,1,0,1,0,416,410,800,738
2094,41190,37,1,0,1,1,243,1,78.0192,0,0,100,1,0,1,820,1,3,1,1,1,218,197,1070,1023
2095,231095,30,0,1,1,0,989,1,77.5656,0,0,90,0,0,1,0,0,1,0,1,0,309,318,910,477
2096,250456,29,1,1,1,0,1091,2,58.0608,0,0,100,0,1,1,314,1,2,0,1,1,240,370,820,890
2097,241224,27,1,0,1,0,750,2,64.4112,0,0,90,0,1,1,21,1,2,0,1,1,297,292,698,404
2098,70444,41,1,0,1,0,1119,2,80.7408,0,0,100,0,1,1,1076,1,3,0,1,1,303,328,1135,874
2099,250291,36,1,1,1,0,1133,1,70.7616,0,0,100,0,1,1,233,1,2,0,1,0,350,300,1180,960
2100,630032,34,1,0,1,0,1027,2,70.1,0,0,100,0,0,1,0,0,1,0,1,0,380,459,988,1201
2101,10093,47,1,0,1,0,1166,3,85.2768,0,0,100,0,1,1,1399,1,3,0,1,0,287,394,1590,966
2102,71382,49,1,1,1,1,912,3,90.0396,0,0,100,0,0,1,0,0,1,1,1,0,468,502,936,752
2103,310765,45,0,0,1,0,1103,3,72.7,1,0,100,0,1,1,661,1,3,0,1,0,288,232,1072,1292
2104,140774,55,1,0,1,0,1115,2,60.7824,0,0,100,0,0,1,0,0,1,0,1,0,362,677,739,1241
2105,150471,35,1,0,1,1,646,3,76.1,0,0,90,0,1,1,213,1,2,1,1,0,228,187,871,601
2106,140736,35,1,0,1,1,901,3,75.0,0,0,90,0,0,1,0,0,1,0,1,1,421,374,1079,1104
2107,81455,43,1,0,1,0,947,3,92.5,0,0,100,0,1,1,295,1,2,0,1,0,342,418,893,950
2108,40747,39,1,1,1,0,1087,2,86.184,0,0,90,0,1,1,542,1,3,1,1,0,453,587,1560,1506
2109,81461,32,1,0,1,0,560,0,80.0,0,0,100,0,0,1,0,0,1,0,0,1,288,273,672,741
2110,60888,34,1,0,1,1,281,1,73.8,0,0,100,0,0,1,0,0,1,0,1,0,165,241,1858,1240
2111,140778,38,1,1,1,0,1102,1,59.5,0,0,100,0,0,1,0,0,1,0,1,0,440,381,861,486
2112,50225,28,0,0,1,0,1209,1,68.9472,0,0,100,0,1,1,851,1,3,0,1,0,231,278,609,411
2113,210125,35,1,0,1,0,1165,2,60.3288,0,0,90,0,1,1,665,1,3,1,1,0,400,380,1554,1089
2114,10909,27,1,0,1,0,1087,3,87.0,0,0,100,0,0,1,0,0,1,0,1,1,422,540,1056,1193
2115,270858,34,1,1,1,0,1093,1,86.6376,0,0,100,0,1,1,27,1,2,0,1,1,277,296,878,1096
2116,41271,37,0,1,0,0,1087,1,57.6072,0,0,90,1,0,1,698,1,3,0,1,0,144,176,564,680
2117,910038,30,0,0,1,0,133,0,57.834,1,0,90,0,1,1,865,1,3,0,0,1,239,53,532,279
2118,320446,35,1,0,1,1,927,3,96.3,0,0,90,0,1,1,6,0,1,0,1,0,130,150,400,390
2119,270969,30,1,0,1,0,965,2,58.5144,0,0,100,1,0,1,112,1,2,0,1,1,387,251,775,424
2120,250428,31,1,1,1,0,1110,2,82.23768,0,0,90,0,1,1,359,1,2,0,1,0,490,480,610,810
2121,610028,33,1,0,1,0,1032,0,74.4,0,0,90,0,0,1,0,0,1,0,0,0,212,369,575,1574
2122,630025,51,0,0,0,0,1048,3,68.4936,0,0,100,0,1,1,1034,1,3,0,1,0,297,303,504,450
2123,210167,41,1,0,1,0,1087,3,71.442,0,0,100,0,1,1,802,1,3,0,1,0,216,332,1451,1190
2124,190566,40,0,1,0,0,1087,0,71.6688,0,0,100,0,0,1,0,0,1,0,0,0,440,499,493,353
2125,11462,45,0,0,1,0,1044,2,66.2256,0,1,90,0,0,1,0,0,1,0,1,1,429,592,636,698
2126,181963,33,1,0,1,1,702,1,71.6688,0,0,90,0,1,1,838,1,3,1,1,1,210,149,602,586
2127,81458,23,1,1,1,0,835,0,66.4,0,0,100,0,0,1,0,0,1,0,0,1,420,384,600,468
2128,140775,25,1,0,1,0,1111,1,83.6892,0,0,100,0,0,1,0,0,1,0,1,0,350,574,1068,888
2129,260735,39,1,0,1,0,1070,0,62.8,0,0,100,0,0,1,0,0,1,0,0,0,337,420,724,756
2130,340228,39,1,0,1,0,1034,3,74.6172,0,0,100,0,1,1,1635,1,3,0,1,0,315,275,579,602
2131,520014,33,1,1,1,1,308,1,120.6576,0,0,100,0,0,1,0,0,1,0,1,0,429,242,1180,1497
2132,11445,42,1,0,1,1,684,0,86.184,0,0,100,0,0,1,0,0,1,1,0,1,149,248,696,990
2133,150463,26,1,0,1,0,1062,0,71.3,0,0,90,0,1,1,2,0,1,1,0,0,277,315,704,538
2134,181341,39,0,1,0,0,1093,2,80.9,0,1,90,0,1,1,1265,1,3,0,1,0,408,380,952,745
2135,10931,39,1,0,1,0,1089,3,77.5,0,0,80,0,1,1,35,1,2,0,1,0,293,260,730,604
2136,150812,25,1,0,1,0,990,2,59.1,0,0,100,0,0,1,0,0,1,0,1,0,378,560,1628,1220
2137,250150,35,1,1,1,1,805,2,68.04,0,0,100,0,1,1,922,1,3,0,1,0,230,320,580,860
2138,70506,39,1,0,1,0,1150,2,59.8752,0,0,100,0,0,1,671,1,3,1,1,0,219,302,888,1116
2139,30353,33,1,0,1,0,779,1,72.0,0,0,100,0,0,1,0,0,1,0,1,1,366,473,906,822
